"_primaryKey","_firstSeenAt","_lastSeenAt","listingId","eventId","price","faceValue","section","row","seat","seatFrom","seatTo","quantity","availableQuantities","ticketClass","ticketClassName","ticketTypeId","ticketTypeName","listingTypeId","starRating","dealScore","discount","seatQualityScore","isSeatedTogether","isSpeculativeRow","listingNotes","createdAt"
"13525007557","2026-08-01 23:18:19.198","2026-08-11 23:10:57.515","13525007557","161713258","[PREMIUM]","[PREMIUM]","115","24","13_14","13","14",2,"[2]",265,"Lower Tier",10,"Mobile Transfer ticket",1,"[PREMIUM]","[PREMIUM]","[PREMIUM]","[PREMIUM]",true,false,"['Clear view']","2026-07-31 01:10:58"
"13523987067","2026-08-01 23:18:19.085","2026-08-10 23:09:49.988","13523987067","161713258","[PREMIUM]","[PREMIUM]","119","24","7_8","7","8",2,"[2]",265,"Lower Tier",10,"Mobile Transfer ticket",1,"[PREMIUM]","[PREMIUM]","[PREMIUM]","[PREMIUM]",true,false,"['Clear view']","2026-07-30 22:36:04"
"13523858841","2026-08-01 23:18:18.959","2026-08-11 23:10:52.312","13523858841","161713249","[PREMIUM]","[PREMIUM]","112","RR","7_10","7","10",4,"[2,4]",594,"Lower",10,"Mobile Transfer ticket",1,"[PREMIUM]","[PREMIUM]","[PREMIUM]","[PREMIUM]",true,false,"['Clear view']","2026-07-30 22:13:15"
"13378605187","2026-08-01 23:18:17.629","2026-08-04 23:19:51.451","13378605187","161421422","[PREMIUM]","[PREMIUM]","Club B","6","1_2","1",,2,"[2]",3418,"Terrace Club",10,"Mobile Transfer ticket",1,"[PREMIUM]","[PREMIUM]","[PREMIUM]","[PREMIUM]",true,false,"['Clear view']","2026-07-17 01:22:49"
"13540552212","2026-08-01 23:18:17.629","2026-08-01 23:18:17.629","13540552212","161421422","[PREMIUM]","[PREMIUM]","Club E","4","9001_9002","9001",,2,"[2]",3418,"Terrace Club",10,"Mobile Transfer ticket",1,"[PREMIUM]","[PREMIUM]","[PREMIUM]","[PREMIUM]",true,false,"['Clear view']","2026-08-01 20:15:19"
"13541153826","2026-08-01 23:18:17.089","2026-08-02 23:19:31.636","13541153826","161645765","[PREMIUM]","[PREMIUM]","114","34","_",,,2,"[2]",518,"Plaza",10,"Mobile Transfer ticket",14,"[PREMIUM]","[PREMIUM]","[PREMIUM]","[PREMIUM]",true,false,"['Clear view']","2026-08-01 21:38:52"
"13407692870","2026-08-01 23:18:17.030","2026-08-13 23:26:49.612","13407692870","161645765","[PREMIUM]","[PREMIUM]","120","22","_",,,4,"[2,4]",518,"Plaza",10,"Mobile Transfer ticket",1,"[PREMIUM]","[PREMIUM]","[PREMIUM]","[PREMIUM]",true,false,"['Third Row of Section','Clear view']","2026-07-20 15:36:30"
"13541154208","2026-08-01 23:18:17.030","2026-08-02 23:19:31.715","13541154208","161645765","[PREMIUM]","[PREMIUM]","128","34","_",,,2,"[2]",518,"Plaza",10,"Mobile Transfer ticket",14,"[PREMIUM]","[PREMIUM]","[PREMIUM]","[PREMIUM]",true,false,"['Clear view']","2026-08-01 21:38:57"
"13541152390","2026-08-01 23:18:17.030","2026-08-02 23:19:31.636","13541152390","161645765","[PREMIUM]","[PREMIUM]","120","34","_",,,2,"[2]",518,"Plaza",10,"Mobile Transfer ticket",14,"[PREMIUM]","[PREMIUM]","[PREMIUM]","[PREMIUM]",true,false,"['Clear view']","2026-08-01 21:37:46"
"13541151213","2026-08-01 23:18:17.030","2026-08-02 23:19:31.715","13541151213","161645765","[PREMIUM]","[PREMIUM]","115","34","_",,,2,"[2]",518,"Plaza",10,"Mobile Transfer ticket",14,"[PREMIUM]","[PREMIUM]","[PREMIUM]","[PREMIUM]",true,false,"['Clear view']","2026-08-01 21:37:13"
"13541151206","2026-08-01 23:18:17.030","2026-08-02 23:19:31.715","13541151206","161645765","[PREMIUM]","[PREMIUM]","105","34","_",,,2,"[2]",518,"Plaza",10,"Mobile Transfer ticket",14,"[PREMIUM]","[PREMIUM]","[PREMIUM]","[PREMIUM]",true,false,"['Clear view']","2026-08-01 21:37:13"
"13541151195","2026-08-01 23:18:17.030","2026-08-02 23:19:31.636","13541151195","161645765","[PREMIUM]","[PREMIUM]","101","34","_",,,2,"[2]",518,"Plaza",10,"Mobile Transfer ticket",14,"[PREMIUM]","[PREMIUM]","[PREMIUM]","[PREMIUM]",true,false,"['Clear view']","2026-08-01 21:37:13"
"13539050133","2026-08-01 23:18:17.018","2026-08-02 23:19:31.613","13539050133","161645765","[PREMIUM]","[PREMIUM]","211","10","_",,,2,"[2]",329,"Balcony",10,"Mobile Transfer ticket",1,"[PREMIUM]","[PREMIUM]","[PREMIUM]","[PREMIUM]",true,false,"['Clear view']","2026-08-01 16:50:16"
"13539049949","2026-08-01 23:18:17.018","2026-08-02 23:19:31.613","13539049949","161645765","[PREMIUM]","[PREMIUM]","212","10","_",,,6,"[1,2,3,4,5,6]",329,"Balcony",10,"Mobile Transfer ticket",1,"[PREMIUM]","[PREMIUM]","[PREMIUM]","[PREMIUM]",true,false,"['Clear view']","2026-08-01 16:50:16"
"13532123669","2026-08-01 23:18:17.000","2026-08-02 23:19:32.246","13532123669","161645765","[PREMIUM]","[PREMIUM]","201","10","15_21","15",,7,"[1,2,3,4,5,7]",329,"Balcony",10,"Mobile Transfer ticket",14,"[PREMIUM]","[PREMIUM]","[PREMIUM]","[PREMIUM]",true,false,"['Clear view']","2026-07-31 22:36:37"
"13541152091","2026-08-01 23:18:16.987","2026-08-02 23:19:31.715","13541152091","161645765","[PREMIUM]","[PREMIUM]","109","34","_",,,2,"[2]",518,"Plaza",10,"Mobile Transfer ticket",14,"[PREMIUM]","[PREMIUM]","[PREMIUM]","[PREMIUM]",true,false,"['Clear view']","2026-08-01 21:37:31"
"13541167245","2026-08-01 23:18:16.987","2026-08-01 23:18:16.987","13541167245","161645765","[PREMIUM]","[PREMIUM]","111","28","_",,,2,"[2]",518,"Plaza",10,"Mobile Transfer ticket",14,"[PREMIUM]","[PREMIUM]","[PREMIUM]","[PREMIUM]",true,false,"['Clear view']","2026-08-01 21:40:23"
"13541153429","2026-08-01 23:18:16.987","2026-08-01 23:18:16.987","13541153429","161645765","[PREMIUM]","[PREMIUM]","20","13","_",,,2,"[2]",594,"Lower",10,"Mobile Transfer ticket",14,"[PREMIUM]","[PREMIUM]","[PREMIUM]","[PREMIUM]",true,false,"['Clear view']","2026-08-01 21:38:49"
"13541154720","2026-08-01 23:18:16.987","2026-08-01 23:18:16.987","13541154720","161645765","[PREMIUM]","[PREMIUM]","6","13","_",,,2,"[2]",594,"Lower",10,"Mobile Transfer ticket",14,"[PREMIUM]","[PREMIUM]","[PREMIUM]","[PREMIUM]",true,false,"['Clear view']","2026-08-01 21:39:08"
"13541152027","2026-08-01 23:18:16.987","2026-08-02 23:19:31.715","13541152027","161645765","[PREMIUM]","[PREMIUM]","112","28","_",,,2,"[2]",518,"Plaza",10,"Mobile Transfer ticket",14,"[PREMIUM]","[PREMIUM]","[PREMIUM]","[PREMIUM]",true,false,"['Clear view']","2026-08-01 21:37:31"
"13541154496","2026-08-01 23:18:16.987","2026-08-01 23:18:16.987","13541154496","161645765","[PREMIUM]","[PREMIUM]","107","34","_",,,2,"[2]",518,"Plaza",10,"Mobile Transfer ticket",14,"[PREMIUM]","[PREMIUM]","[PREMIUM]","[PREMIUM]",true,false,"['Clear view']","2026-08-01 21:39:03"
"13492874767","2026-08-01 23:18:16.980","2026-08-01 23:18:16.980","13492874767","161645765","[PREMIUM]","[PREMIUM]","203","10","9001_9007","9001",,7,"[1,2,3,4,5,6,7]",329,"Balcony",11,"Mobile ticket",1,"[PREMIUM]","[PREMIUM]","[PREMIUM]","[PREMIUM]",true,false,"['Clear view']","2026-07-27 20:37:57"
"13528486333","2026-08-01 23:18:16.980","2026-08-12 23:11:18.875","13528486333","161645765","[PREMIUM]","[PREMIUM]","207","12","_",,,2,"[2]",329,"Balcony",10,"Mobile Transfer ticket",1,"[PREMIUM]","[PREMIUM]","[PREMIUM]","[PREMIUM]",true,false,"['Clear view']","2026-07-31 13:41:45"
"13539050131","2026-08-01 23:18:16.954","2026-08-02 23:19:31.719","13539050131","161645765","[PREMIUM]","[PREMIUM]","200","8","_",,,3,"[1,2,3]",329,"Balcony",10,"Mobile Transfer ticket",1,"[PREMIUM]","[PREMIUM]","[PREMIUM]","[PREMIUM]",true,false,"['Clear view']","2026-08-01 16:50:16"
"13539050005","2026-08-01 23:18:16.954","2026-08-02 23:19:31.719","13539050005","161645765","[PREMIUM]","[PREMIUM]","213","9","_",,,2,"[2]",329,"Balcony",10,"Mobile Transfer ticket",1,"[PREMIUM]","[PREMIUM]","[PREMIUM]","[PREMIUM]",true,false,"['Clear view']","2026-08-01 16:50:16"
"13518947400","2026-08-01 23:18:16.526","2026-08-10 23:09:47.003","13518947400","161645755","[PREMIUM]","[PREMIUM]","224","8","_",,,2,"[2]",329,"Balcony",10,"Mobile Transfer ticket",1,"[PREMIUM]","[PREMIUM]","[PREMIUM]","[PREMIUM]",true,false,"['Clear view']","2026-07-30 10:42:19"
"13532649917","2026-08-01 23:18:16.457","2026-08-02 23:19:30.967","13532649917","161645765","[PREMIUM]","[PREMIUM]","201","13","_",,,7,"[1,2,3,4,5,6,7]",329,"Balcony",10,"Mobile Transfer ticket",1,"[PREMIUM]","[PREMIUM]","[PREMIUM]","[PREMIUM]",true,false,"['Clear view']","2026-07-31 23:25:58"
"13541094937","2026-08-01 23:18:16.227","2026-08-02 23:19:30.095","13541094937","161645755","[PREMIUM]","[PREMIUM]","112","28","_",,,2,"[2]",518,"Plaza",10,"Mobile Transfer ticket",14,"[PREMIUM]","[PREMIUM]","[PREMIUM]","[PREMIUM]",true,false,"['Clear view']","2026-08-01 21:28:58"
"13540686062","2026-08-01 23:18:16.227","2026-08-14 23:36:15.962","13540686062","161645755","[PREMIUM]","[PREMIUM]","121","33","_",,,2,"[2]",518,"Plaza",10,"Mobile Transfer ticket",1,"[PREMIUM]","[PREMIUM]","[PREMIUM]","[PREMIUM]",true,false,"['Clear view']","2026-08-01 20:31:56"
"13440104663","2026-08-01 23:18:16.202","2026-08-14 23:36:16.379","13440104663","161645755","[PREMIUM]","[PREMIUM]","24","13","7_10","7","10",4,"[2]",594,"Lower",10,"Mobile Transfer ticket",1,"[PREMIUM]","[PREMIUM]","[PREMIUM]","[PREMIUM]",true,false,"['Clear view']","2026-07-23 00:31:20"
"13528486361","2026-08-01 23:18:16.021","2026-08-13 23:26:07.554","13528486361","161645755","[PREMIUM]","[PREMIUM]","207","12","_",,,4,"[1,2,4]",329,"Balcony",10,"Mobile Transfer ticket",1,"[PREMIUM]","[PREMIUM]","[PREMIUM]","[PREMIUM]",true,false,"['Clear view']","2026-07-31 13:41:45"
"13541085392","2026-08-01 23:18:15.877","2026-08-02 23:19:30.111","13541085392","161645755","[PREMIUM]","[PREMIUM]","105","34","_",,,2,"[2]",518,"Plaza",10,"Mobile Transfer ticket",14,"[PREMIUM]","[PREMIUM]","[PREMIUM]","[PREMIUM]",true,false,"['Clear view']","2026-08-01 21:28:06"
"13541090334","2026-08-01 23:18:15.877","2026-08-02 23:19:30.111","13541090334","161645755","[PREMIUM]","[PREMIUM]","115","34","_",,,2,"[2]",518,"Plaza",10,"Mobile Transfer ticket",14,"[PREMIUM]","[PREMIUM]","[PREMIUM]","[PREMIUM]",true,false,"['Clear view']","2026-08-01 21:28:27"
"13541094916","2026-08-01 23:18:15.877","2026-08-02 23:19:30.111","13541094916","161645755","[PREMIUM]","[PREMIUM]","120","34","_",,,2,"[2]",518,"Plaza",10,"Mobile Transfer ticket",14,"[PREMIUM]","[PREMIUM]","[PREMIUM]","[PREMIUM]",true,false,"['Clear view']","2026-08-01 21:28:58"
"13541094940","2026-08-01 23:18:15.877","2026-08-02 23:19:30.111","13541094940","161645755","[PREMIUM]","[PREMIUM]","128","34","_",,,2,"[2]",518,"Plaza",10,"Mobile Transfer ticket",14,"[PREMIUM]","[PREMIUM]","[PREMIUM]","[PREMIUM]",true,false,"['Clear view']","2026-08-01 21:28:58"
"13541095315","2026-08-01 23:18:15.877","2026-08-02 23:19:30.111","13541095315","161645755","[PREMIUM]","[PREMIUM]","121","34","_",,,2,"[2]",518,"Plaza",10,"Mobile Transfer ticket",14,"[PREMIUM]","[PREMIUM]","[PREMIUM]","[PREMIUM]",true,false,"['Clear view']","2026-08-01 21:29:05"
"13528946329","2026-08-01 23:18:15.802","2026-08-04 02:03:08.099","13528946329","161645755","[PREMIUM]","[PREMIUM]","210","14","_",,,2,"[2]",329,"Balcony",10,"Mobile Transfer ticket",1,"[PREMIUM]","[PREMIUM]","[PREMIUM]","[PREMIUM]",true,false,"['Clear view']","2026-07-31 14:59:29"
"13539061508","2026-08-01 23:18:15.790","2026-08-10 23:09:46.901","13539061508","161645755","[PREMIUM]","[PREMIUM]","214","6","8_12","8",,5,"[1,2,3,4,5]",329,"Balcony",10,"Mobile Transfer ticket",14,"[PREMIUM]","[PREMIUM]","[PREMIUM]","[PREMIUM]",true,false,"['Clear view']","2026-08-01 16:54:34"
"13523068936","2026-08-01 23:18:15.788","2026-08-07 08:11:14.239","13523068936","161645755","[PREMIUM]","[PREMIUM]","201","10","11_16","11",,6,"[1,2,3,4,5,6]",329,"Balcony",10,"Mobile Transfer ticket",14,"[PREMIUM]","[PREMIUM]","[PREMIUM]","[PREMIUM]",true,false,"['Clear view']","2026-07-30 20:21:16"
"13539316715","2026-08-01 23:18:15.788","2026-08-04 02:03:08.080","13539316715","161645755","[PREMIUM]","[PREMIUM]","205","9","_",,,4,"[1,2,3,4]",329,"Balcony",10,"Mobile Transfer ticket",1,"[PREMIUM]","[PREMIUM]","[PREMIUM]","[PREMIUM]",true,false,"['Clear view']","2026-08-01 17:34:44"
"13540394485","2026-08-01 23:18:15.788","2026-08-09 23:14:28.357","13540394485","161645755","[PREMIUM]","[PREMIUM]","204","13","13_14","13",,2,"[2]",329,"Balcony",10,"Mobile Transfer ticket",14,"[PREMIUM]","[PREMIUM]","[PREMIUM]","[PREMIUM]",true,false,"['Clear view']","2026-08-01 19:55:30"
"13541094899","2026-08-01 23:18:15.781","2026-08-02 23:19:30.095","13541094899","161645755","[PREMIUM]","[PREMIUM]","107","34","_",,,2,"[2]",518,"Plaza",10,"Mobile Transfer ticket",14,"[PREMIUM]","[PREMIUM]","[PREMIUM]","[PREMIUM]",true,false,"['Clear view']","2026-08-01 21:28:58"
"13445226406","2026-08-01 23:18:14.931","2026-08-14 23:32:28.620","13445226406","161097018","[PREMIUM]","[PREMIUM]","325","15","15_16","15","16",2,"[1,2]",1713,"Middle Level",10,"Mobile Transfer ticket",1,"[PREMIUM]","[PREMIUM]","[PREMIUM]","[PREMIUM]",true,false,"['Clear view']","2026-07-23 09:06:54"
"13445226398","2026-08-01 23:18:14.931","2026-08-14 23:32:28.620","13445226398","161097018","[PREMIUM]","[PREMIUM]","325","14","15_15","15","15",1,"[1]",1713,"Middle Level",10,"Mobile Transfer ticket",1,"[PREMIUM]","[PREMIUM]","[PREMIUM]","[PREMIUM]",false,false,"['Clear view']","2026-07-23 09:06:54"
"13453228425","2026-08-01 23:18:14.758","2026-08-05 23:21:56.119","13453228425","160789750","[PREMIUM]","[PREMIUM]","109","G","13_13","13",,1,"[1]",594,"Lower",10,"Mobile Transfer ticket",1,"[PREMIUM]","[PREMIUM]","[PREMIUM]","[PREMIUM]",false,false,"['Clear view']","2026-07-24 00:24:20"
"13468765324","2026-08-01 23:18:14.758","2026-08-04 23:19:53.936","13468765324","160789750","[PREMIUM]","[PREMIUM]","122","L","17_17","17",,1,"[1]",594,"Lower",10,"Mobile Transfer ticket",1,"[PREMIUM]","[PREMIUM]","[PREMIUM]","[PREMIUM]",false,false,"['Clear view']","2026-07-25 04:34:23"
"13536912130","2026-08-01 23:18:14.758","2026-08-01 23:18:14.758","13536912130","160789750","[PREMIUM]","[PREMIUM]","S14","B","1_6","1","6",6,"[1,2,3,4,6]",370,"Suites",10,"Mobile Transfer ticket",1,"[PREMIUM]","[PREMIUM]","[PREMIUM]","[PREMIUM]",true,true,"['Clear view']","2026-08-01 10:10:48"
"13453229487","2026-08-01 23:18:14.685","2026-08-09 23:14:28.576","13453229487","160789750","[PREMIUM]","[PREMIUM]","111","P","7_7","7",,1,"[1]",594,"Lower",10,"Mobile Transfer ticket",1,"[PREMIUM]","[PREMIUM]","[PREMIUM]","[PREMIUM]",false,false,"['Clear view']","2026-07-24 00:24:26"
"13439986603","2026-08-01 23:18:14.569","2026-08-09 23:14:28.576","13439986603","160789750","[PREMIUM]","[PREMIUM]","109","P","15_15","15",,1,"[1]",594,"Lower",10,"Mobile Transfer ticket",1,"[PREMIUM]","[PREMIUM]","[PREMIUM]","[PREMIUM]",false,false,"['Clear view']","2026-07-23 00:23:39"
"13444680283","2026-08-01 23:18:14.569","2026-08-09 23:14:28.576","13444680283","160789750","[PREMIUM]","[PREMIUM]","111","T","5_5","5",,1,"[1]",594,"Lower",10,"Mobile Transfer ticket",1,"[PREMIUM]","[PREMIUM]","[PREMIUM]","[PREMIUM]",false,false,"['Clear view']","2026-07-23 06:40:50"
"13439860504","2026-08-01 23:18:14.569","2026-08-04 23:19:53.853","13439860504","160789750","[PREMIUM]","[PREMIUM]","122","U","7_7","7",,1,"[1]",594,"Lower",10,"Mobile Transfer ticket",1,"[PREMIUM]","[PREMIUM]","[PREMIUM]","[PREMIUM]",false,false,"['Clear view']","2026-07-23 00:16:34"
"13439813347","2026-08-01 23:18:14.569","2026-08-07 08:11:14.133","13439813347","160789750","[PREMIUM]","[PREMIUM]","111","U","9_9","9",,1,"[1]",594,"Lower",10,"Mobile Transfer ticket",1,"[PREMIUM]","[PREMIUM]","[PREMIUM]","[PREMIUM]",false,false,"['Clear view']","2026-07-23 00:14:20"
"13453228514","2026-08-01 23:18:14.569","2026-08-09 23:14:28.576","13453228514","160789750","[PREMIUM]","[PREMIUM]","109","M","14_14","14",,1,"[1]",594,"Lower",10,"Mobile Transfer ticket",1,"[PREMIUM]","[PREMIUM]","[PREMIUM]","[PREMIUM]",false,false,"['Clear view']","2026-07-24 00:24:20"
"13534262145","2026-08-01 23:18:14.246","2026-08-02 23:19:32.879","13534262145","160789750","[PREMIUM]","[PREMIUM]","105","A","_",,,1,"[1]",594,"Lower",10,"Mobile Transfer ticket",1,"[PREMIUM]","[PREMIUM]","[PREMIUM]","[PREMIUM]",false,false,"['Front Row of Section','Clear view']","2026-08-01 03:15:30"
"13516944957","2026-08-01 23:18:13.930","2026-08-01 23:18:13.930","13516944957","160789750","[PREMIUM]","[PREMIUM]","304","D","10_14","10",,5,"[1,2,3,5]",407,"Upper",10,"Mobile Transfer ticket",14,"[PREMIUM]","[PREMIUM]","[PREMIUM]","[PREMIUM]",true,false,"['Clear view']","2026-07-30 07:38:34"
"13521884665","2026-08-01 23:18:13.600","2026-08-10 23:09:45.595","13521884665","160789750","[PREMIUM]","[PREMIUM]","304","A","_",,,1,"[1]",407,"Upper",10,"Mobile Transfer ticket",1,"[PREMIUM]","[PREMIUM]","[PREMIUM]","[PREMIUM]",false,false,"['Front Row of Section','Clear view']","2026-07-30 17:45:03"
"13532292776","2026-08-01 23:18:13.600","2026-08-01 23:18:13.600","13532292776","160789750","[PREMIUM]","[PREMIUM]","314","K","_",,,3,"[1,3]",407,"Upper",10,"Mobile Transfer ticket",1,"[PREMIUM]","[PREMIUM]","[PREMIUM]","[PREMIUM]",true,false,"['Clear view']","2026-07-31 22:55:58"
"13538064302","2026-08-01 23:18:13.566","2026-08-01 23:18:13.566","13538064302","160789750","[PREMIUM]","[PREMIUM]","312","R","_",,,8,"[1,2,3,4,6,8]",407,"Upper",10,"Mobile Transfer ticket",1,"[PREMIUM]","[PREMIUM]","[PREMIUM]","[PREMIUM]",true,false,"['Clear view']","2026-08-01 13:53:09"
"13528835845","2026-08-01 23:18:13.552","2026-08-01 23:18:13.552","13528835845","160789750","[PREMIUM]","[PREMIUM]","317","4","_",,,3,"[1,3]",407,"Upper",10,"Mobile Transfer ticket",1,"[PREMIUM]","[PREMIUM]","[PREMIUM]","[PREMIUM]",true,false,"['Clear view']","2026-07-31 14:45:39"
"13530961777","2026-08-01 23:18:13.552","2026-08-01 23:18:13.552","13530961777","160789750","[PREMIUM]","[PREMIUM]","303","G","_",,,2,"[2]",407,"Upper",10,"Mobile Transfer ticket",1,"[PREMIUM]","[PREMIUM]","[PREMIUM]","[PREMIUM]",true,false,"['Clear view']","2026-07-31 20:30:38"
"13527663316","2026-08-01 23:18:13.499","2026-08-07 08:11:12.852","13527663316","160789750","[PREMIUM]","[PREMIUM]","307","G","12_13","12",,2,"[2]",407,"Upper",10,"Mobile Transfer ticket",14,"[PREMIUM]","[PREMIUM]","[PREMIUM]","[PREMIUM]",true,false,"['Clear view']","2026-07-31 10:39:12"
"13540366930","2026-08-01 23:18:12.378","2026-08-01 23:18:12.378","13540366930","161421422","[PREMIUM]","[PREMIUM]","106","5","9001_9002","9001",,2,"[2]",519,"Terrace",10,"Mobile Transfer ticket",1,"[PREMIUM]","[PREMIUM]","[PREMIUM]","[PREMIUM]",true,false,"['Clear view']","2026-08-01 19:49:18"
"13539839269","2026-08-01 23:18:12.378","2026-08-01 23:18:12.378","13539839269","161421422","[PREMIUM]","[PREMIUM]","114","5","9001_9002","9001",,2,"[2]",519,"Terrace",10,"Mobile Transfer ticket",1,"[PREMIUM]","[PREMIUM]","[PREMIUM]","[PREMIUM]",true,false,"['Clear view']","2026-08-01 18:44:17"
"13541426094","2026-08-01 23:18:12.378","2026-08-01 23:18:12.378","13541426094","161421422","[PREMIUM]","[PREMIUM]","116","2","9001_9003","9001",,3,"[1,2,3]",519,"Terrace",10,"Mobile Transfer ticket",1,"[PREMIUM]","[PREMIUM]","[PREMIUM]","[PREMIUM]",true,false,"['Second Row of Section','Clear view']","2026-08-01 22:15:24"
"13541421845","2026-08-01 23:18:12.378","2026-08-01 23:18:12.378","13541421845","161421422","[PREMIUM]","[PREMIUM]","113","2","9001_9003","9001",,3,"[1,2,3]",519,"Terrace",10,"Mobile Transfer ticket",1,"[PREMIUM]","[PREMIUM]","[PREMIUM]","[PREMIUM]",true,false,"['Second Row of Section','Clear view']","2026-08-01 22:14:03"
"13303542663","2026-08-01 23:18:12.306","2026-08-10 23:09:44.577","13303542663","161568864","[PREMIUM]","[PREMIUM]","202","A","_",,,3,"[1,3]",407,"Upper",10,"Mobile Transfer ticket",1,"[PREMIUM]","[PREMIUM]","[PREMIUM]","[PREMIUM]",true,false,"['Front Row of Section','Clear view']","2026-07-09 15:58:16"
"13303542661","2026-08-01 23:18:12.306","2026-08-10 23:09:44.577","13303542661","161568864","[PREMIUM]","[PREMIUM]","212","A","_",,,4,"[2,4]",407,"Upper",10,"Mobile Transfer ticket",1,"[PREMIUM]","[PREMIUM]","[PREMIUM]","[PREMIUM]",true,false,"['Front Row of Section','Clear view']","2026-07-09 15:58:16"
"13303542660","2026-08-01 23:18:12.306","2026-08-10 23:09:44.577","13303542660","161568864","[PREMIUM]","[PREMIUM]","213","A","_",,,6,"[1,2,3,4,6]",407,"Upper",10,"Mobile Transfer ticket",1,"[PREMIUM]","[PREMIUM]","[PREMIUM]","[PREMIUM]",true,false,"['Front Row of Section','Clear view']","2026-07-09 15:58:16"
"13528574359","2026-08-01 23:18:12.306","2026-08-04 02:03:05.006","13528574359","161568864","[PREMIUM]","[PREMIUM]","102","EE","15_18","15","18",4,"[1,2,4]",594,"Lower",10,"Mobile Transfer ticket",1,"[PREMIUM]","[PREMIUM]","[PREMIUM]","[PREMIUM]",true,false,"['Clear view']","2026-07-31 14:03:41"
"13528574315","2026-08-01 23:18:12.306","2026-08-04 02:03:05.006","13528574315","161568864","[PREMIUM]","[PREMIUM]","225","A","1_6","1","6",6,"[1,2,3,4,6]",407,"Upper",10,"Mobile Transfer ticket",1,"[PREMIUM]","[PREMIUM]","[PREMIUM]","[PREMIUM]",true,false,"['Front Row of Section','Clear view']","2026-07-31 14:03:40"
"13528574265","2026-08-01 23:18:12.306","2026-08-10 23:09:44.577","13528574265","161568864","[PREMIUM]","[PREMIUM]","102","DD","3_8","3","8",6,"[1,2,3,4,6]",594,"Lower",10,"Mobile Transfer ticket",1,"[PREMIUM]","[PREMIUM]","[PREMIUM]","[PREMIUM]",true,false,"['Clear view']","2026-07-31 14:03:40"
"13535274319","2026-08-01 23:18:12.248","2026-08-04 02:03:03.791","13535274319","161421422","[PREMIUM]","[PREMIUM]","116","4","_",,,4,"[1,2,3,4]",519,"Terrace",10,"Mobile Transfer ticket",1,"[PREMIUM]","[PREMIUM]","[PREMIUM]","[PREMIUM]",true,false,"['Clear view']","2026-08-01 05:31:41"
"13541080531","2026-08-01 23:18:12.248","2026-08-04 23:19:51.553","13541080531","161421422","[PREMIUM]","[PREMIUM]","106","7","_",,,7,"[1,2,3,4,5,6,7]",519,"Terrace",10,"Mobile Transfer ticket",1,"[PREMIUM]","[PREMIUM]","[PREMIUM]","[PREMIUM]",true,false,"['Clear view']","2026-08-01 21:27:00"
"13525238597","2026-08-01 23:18:12.238","2026-08-12 23:10:57.219","13525238597","161421422","[PREMIUM]","[PREMIUM]","110","4","5_6","5",,2,"[2]",519,"Terrace",10,"Mobile Transfer ticket",1,"[PREMIUM]","[PREMIUM]","[PREMIUM]","[PREMIUM]",true,false,"['Clear view']","2026-07-31 01:57:44"
"13495311858","2026-08-01 23:18:12.144","2026-08-04 23:19:51.275","13495311858","161421422","[PREMIUM]","[PREMIUM]","220","3","9001_9004","9001",,4,"[1,2,3,4]",2062,"Promenade",11,"Mobile ticket",1,"[PREMIUM]","[PREMIUM]","[PREMIUM]","[PREMIUM]",true,false,"['Third Row of Section','Clear view']","2026-07-28 04:41:45"
"13538207885","2026-08-01 23:18:12.144","2026-08-11 23:10:38.043","13538207885","161421422","[PREMIUM]","[PREMIUM]","225","12","_",,,3,"[1,3]",2062,"Promenade",10,"Mobile Transfer ticket",1,"[PREMIUM]","[PREMIUM]","[PREMIUM]","[PREMIUM]",true,false,"['Clear view']","2026-08-01 14:20:30"
"13527775144","2026-08-01 23:18:12.034","2026-08-01 23:18:12.034","13527775144","161421422","[PREMIUM]","[PREMIUM]","Club F","5","12_13","12",,2,"[1,2]",3418,"Terrace Club",10,"Mobile Transfer ticket",1,"[PREMIUM]","[PREMIUM]","[PREMIUM]","[PREMIUM]",true,false,"['Clear view']","2026-07-31 11:02:34"
"13530680987","2026-08-01 23:18:12.034","2026-08-01 23:18:12.034","13530680987","161421422","[PREMIUM]","[PREMIUM]","111","9","9001_9003","9001",,3,"[1,3]",519,"Terrace",10,"Mobile Transfer ticket",1,"[PREMIUM]","[PREMIUM]","[PREMIUM]","[PREMIUM]",true,false,"['Clear view']","2026-07-31 20:00:03"
"13533018995","2026-08-01 23:18:11.989","2026-08-01 23:18:11.989","13533018995","161421422","[PREMIUM]","[PREMIUM]","109","11","_",,,4,"[1,2,3,4]",519,"Terrace",10,"Mobile Transfer ticket",1,"[PREMIUM]","[PREMIUM]","[PREMIUM]","[PREMIUM]",true,false,"['Clear view']","2026-08-01 00:23:59"
"13536572932","2026-08-01 23:18:11.989","2026-08-05 23:21:52.022","13536572932","161421422","[PREMIUM]","[PREMIUM]","101","5","_",,,2,"[2]",519,"Terrace",10,"Mobile Transfer ticket",1,"[PREMIUM]","[PREMIUM]","[PREMIUM]","[PREMIUM]",true,false,"['Clear view']","2026-08-01 08:55:18"
"13537403987","2026-08-01 23:18:11.982","2026-08-01 23:18:11.982","13537403987","161421422","[PREMIUM]","[PREMIUM]","231","3","9001_9002","9001",,2,"[2]",2062,"Promenade",10,"Mobile Transfer ticket",1,"[PREMIUM]","[PREMIUM]","[PREMIUM]","[PREMIUM]",true,false,"['Third Row of Section','Clear view']","2026-08-01 12:09:27"
"13539929082","2026-08-01 23:18:11.982","2026-08-01 23:18:11.982","13539929082","161421422","[PREMIUM]","[PREMIUM]","219","2","9001_9002","9001",,2,"[2]",2062,"Promenade",10,"Mobile Transfer ticket",1,"[PREMIUM]","[PREMIUM]","[PREMIUM]","[PREMIUM]",true,false,"['Second Row of Section','Clear view']","2026-08-01 18:54:18"
"13527707118","2026-08-01 23:18:11.965","2026-08-01 23:18:11.965","13527707118","161421422","[PREMIUM]","[PREMIUM]","215","9","9001_9005","9001",,5,"[1,2,3,4,5]",2062,"Promenade",10,"Mobile Transfer ticket",1,"[PREMIUM]","[PREMIUM]","[PREMIUM]","[PREMIUM]",true,false,"['Clear view']","2026-07-31 10:50:28"
"13534921151","2026-08-01 23:18:11.965","2026-08-01 23:18:11.965","13534921151","161421422","[PREMIUM]","[PREMIUM]","216","8","9001_9004","9001",,4,"[1,2,4]",2062,"Promenade",10,"Mobile Transfer ticket",1,"[PREMIUM]","[PREMIUM]","[PREMIUM]","[PREMIUM]",true,false,"['Clear view']","2026-08-01 04:40:37"
"13352642073","2026-08-01 23:18:11.935","2026-08-13 23:24:16.873","13352642073","161421422","[PREMIUM]","[PREMIUM]","206","3","10_11","10",,2,"[2]",2062,"Promenade",10,"Mobile Transfer ticket",1,"[PREMIUM]","[PREMIUM]","[PREMIUM]","[PREMIUM]",true,false,"['Third Row of Section','Clear view']","2026-07-14 19:44:12"
"13460015558","2026-08-01 23:18:11.935","2026-08-02 23:19:29.601","13460015558","161421422","[PREMIUM]","[PREMIUM]","230","2","9001_9004","9001",,4,"[1,2,3,4]",2062,"Promenade",10,"Mobile Transfer ticket",1,"[PREMIUM]","[PREMIUM]","[PREMIUM]","[PREMIUM]",true,false,"['Second Row of Section','Clear view']","2026-07-24 12:57:28"
"13495312158","2026-08-01 23:18:11.790","2026-08-04 23:19:51.268","13495312158","161421422","[PREMIUM]","[PREMIUM]","108","13","9001_9003","9001",,3,"[1,2,3]",519,"Terrace",11,"Mobile ticket",1,"[PREMIUM]","[PREMIUM]","[PREMIUM]","[PREMIUM]",true,false,"['Clear view']","2026-07-28 04:41:47"
"13495312146","2026-08-01 23:18:11.790","2026-08-04 23:19:51.268","13495312146","161421422","[PREMIUM]","[PREMIUM]","108","12","9001_9004","9001",,4,"[1,2,3,4]",519,"Terrace",11,"Mobile ticket",1,"[PREMIUM]","[PREMIUM]","[PREMIUM]","[PREMIUM]",true,false,"['Clear view']","2026-07-28 04:41:47"
"13539850752","2026-08-01 23:18:11.790","2026-08-01 23:18:11.790","13539850752","161421422","[PREMIUM]","[PREMIUM]","Club A","7","9001_9002","9001",,2,"[2]",3418,"Terrace Club",10,"Mobile Transfer ticket",1,"[PREMIUM]","[PREMIUM]","[PREMIUM]","[PREMIUM]",true,false,"['Clear view']","2026-08-01 18:44:51"
"13445343790","2026-08-01 23:18:11.718","2026-08-04 02:03:02.986","13445343790","161421422","[PREMIUM]","[PREMIUM]","216","4","1_6","1",,6,"[1,2,3,4,5,6]",2062,"Promenade",10,"Mobile Transfer ticket",1,"[PREMIUM]","[PREMIUM]","[PREMIUM]","[PREMIUM]",true,false,"['Clear view']","2026-07-23 09:47:37"
"13460015561","2026-08-01 23:18:11.699","2026-08-04 02:03:02.694","13460015561","161421422","[PREMIUM]","[PREMIUM]","221","2","9001_9004","9001",,4,"[1,2,3,4]",2062,"Promenade",10,"Mobile Transfer ticket",1,"[PREMIUM]","[PREMIUM]","[PREMIUM]","[PREMIUM]",true,false,"['Second Row of Section','Clear view']","2026-07-24 12:57:28"
"13526993836","2026-08-01 23:18:11.699","2026-08-04 02:03:02.694","13526993836","161421422","[PREMIUM]","[PREMIUM]","223","2","_",,,6,"[1,2,3,4,5,6]",2062,"Promenade",10,"Mobile Transfer ticket",1,"[PREMIUM]","[PREMIUM]","[PREMIUM]","[PREMIUM]",true,false,"['Second Row of Section','Clear view']","2026-07-31 07:59:26"
"13533018545","2026-08-01 23:18:11.699","2026-08-07 08:11:10.989","13533018545","161421422","[PREMIUM]","[PREMIUM]","207","3","_",,,2,"[2]",2062,"Promenade",10,"Mobile Transfer ticket",1,"[PREMIUM]","[PREMIUM]","[PREMIUM]","[PREMIUM]",true,false,"['Third Row of Section','Clear view']","2026-08-01 00:23:51"
"13526255353","2026-08-01 23:18:11.697","2026-08-04 23:19:51.212","13526255353","161421422","[PREMIUM]","[PREMIUM]","211","2","9001_9002","9001",,2,"[2]",2062,"Promenade",10,"Mobile Transfer ticket",1,"[PREMIUM]","[PREMIUM]","[PREMIUM]","[PREMIUM]",true,false,"['Second Row of Section','Clear view']","2026-07-31 04:56:43"
"13527264675","2026-08-01 23:18:11.697","2026-08-05 23:21:52.004","13527264675","161421422","[PREMIUM]","[PREMIUM]","111A","33","_",,,2,"[2]",519,"Terrace",10,"Mobile Transfer ticket",1,"[PREMIUM]","[PREMIUM]","[PREMIUM]","[PREMIUM]",true,false,"['Clear view']","2026-07-31 09:03:01"
"13528154175","2026-08-01 23:18:11.543","2026-08-01 23:18:11.543","13528154175","161097009","[PREMIUM]","[PREMIUM]","123","10","_",,,2,"[2]",1687,"Lower Level",10,"Mobile Transfer ticket",1,"[PREMIUM]","[PREMIUM]","[PREMIUM]","[PREMIUM]",true,false,"['Second Row of Section','Clear view']","2026-07-31 12:11:27"
"13530089423","2026-08-01 23:18:11.447","2026-08-10 23:09:44.709","13530089423","161097009","[PREMIUM]","[PREMIUM]","105","1","16_17","16",,2,"[2]",1687,"Lower Level",10,"Mobile Transfer ticket",1,"[PREMIUM]","[PREMIUM]","[PREMIUM]","[PREMIUM]",true,false,"['Directly beside the visitor bench','Front Row of Section','Clear view']","2026-07-31 18:20:32"
"13530103027","2026-08-01 23:18:11.447","2026-08-14 23:32:32.699","13530103027","161097009","[PREMIUM]","[PREMIUM]","108","1","3_4","3",,2,"[2]",1687,"Lower Level",10,"Mobile Transfer ticket",1,"[PREMIUM]","[PREMIUM]","[PREMIUM]","[PREMIUM]",true,false,"['Behind home bench','Front Row of Section','Clear view']","2026-07-31 18:23:46"
"13491750865","2026-08-01 23:18:11.330","2026-08-14 23:32:31.903","13491750865","161097009","[PREMIUM]","[PREMIUM]","123","9","4_4","4",,1,"[1]",1687,"Lower Level",10,"Mobile Transfer ticket",1,"[PREMIUM]","[PREMIUM]","[PREMIUM]","[PREMIUM]",false,false,"['Front Row of Section','Clear view']","2026-07-27 17:52:44"
"13534697965","2026-08-01 23:18:11.330","2026-08-05 23:21:53.146","13534697965","161097009","[PREMIUM]","[PREMIUM]","117","12","5_6","5",,2,"[2]",1687,"Lower Level",10,"Mobile Transfer ticket",1,"[PREMIUM]","[PREMIUM]","[PREMIUM]","[PREMIUM]",true,false,"['Clear view']","2026-08-01 04:06:48"
"13462166965","2026-08-01 23:18:11.018","2026-08-09 23:14:24.564","13462166965","161097018","[PREMIUM]","[PREMIUM]","120","10","_",,,6,"[1,2,3,4,6]",1687,"Lower Level",10,"Mobile Transfer ticket",1,"[PREMIUM]","[PREMIUM]","[PREMIUM]","[PREMIUM]",true,false,"['Clear view']","2026-07-24 15:48:32"
"13529108414","2026-08-01 23:18:11.018","2026-08-02 23:19:24.575","13529108414","161097018","[PREMIUM]","[PREMIUM]","117","12","_",,,1,"[1]",1687,"Lower Level",10,"Mobile Transfer ticket",1,"[PREMIUM]","[PREMIUM]","[PREMIUM]","[PREMIUM]",false,false,"['Clear view']","2026-07-31 15:32:14"
"13445226642","2026-08-01 23:18:10.760","2026-08-02 23:19:24.151","13445226642","161097018","[PREMIUM]","[PREMIUM]","101","17","5_6","5","6",2,"[1,2]",1687,"Lower Level",10,"Mobile Transfer ticket",1,"[PREMIUM]","[PREMIUM]","[PREMIUM]","[PREMIUM]",true,false,"['Clear view']","2026-07-23 09:06:58"
"13528564129","2026-08-01 23:18:10.715","2026-08-12 23:10:55.703","13528564129","161097018","[PREMIUM]","[PREMIUM]","307","1","_",,,3,"[1,3]",1713,"Middle Level",10,"Mobile Transfer ticket",1,"[PREMIUM]","[PREMIUM]","[PREMIUM]","[PREMIUM]",true,false,"['Actual 1st row of the section','Center court','Clear view']","2026-07-31 14:01:14"
"13541838909","2026-08-01 23:18:10.629","2026-08-05 23:21:52.638","13541838909","161097018","[PREMIUM]","[PREMIUM]","308","1","18_19","18","19",2,"[2]",1713,"Middle Level",10,"Mobile Transfer ticket",1,"[PREMIUM]","[PREMIUM]","[PREMIUM]","[PREMIUM]",true,false,"['Front Row of Section','Clear view']","2026-08-01 22:54:22"
"13495312221","2026-08-01 23:18:10.509","2026-08-01 23:18:10.509","13495312221","161421422","[PREMIUM]","[PREMIUM]","215","10","9001_9002","9001",,2,"[2]",2062,"Promenade",11,"Mobile ticket",1,"[PREMIUM]","[PREMIUM]","[PREMIUM]","[PREMIUM]",true,false,"['Clear view']","2026-07-28 04:41:48"
"13529153853","2026-08-01 23:18:10.509","2026-08-04 23:19:50.479","13529153853","161421422","[PREMIUM]","[PREMIUM]","203","9","15_16","15",,2,"[1,2]",2062,"Promenade",10,"Mobile Transfer ticket",1,"[PREMIUM]","[PREMIUM]","[PREMIUM]","[PREMIUM]",true,false,"['Clear view']","2026-07-31 15:42:49"
"13529349561","2026-08-01 23:18:10.509","2026-08-12 23:10:56.100","13529349561","161421422","[PREMIUM]","[PREMIUM]","201","2","9001_9001","9001","9001",1,"[1]",2062,"Promenade",10,"Mobile Transfer ticket",1,"[PREMIUM]","[PREMIUM]","[PREMIUM]","[PREMIUM]",false,false,"['Second Row of Section','Clear view']","2026-07-31 16:23:41"
"13532550617","2026-08-01 23:18:10.509","2026-08-01 23:18:10.509","13532550617","161421422","[PREMIUM]","[PREMIUM]","232","8","1_2","1",,2,"[1,2]",2062,"Promenade",10,"Mobile Transfer ticket",1,"[PREMIUM]","[PREMIUM]","[PREMIUM]","[PREMIUM]",true,false,"['Clear view']","2026-07-31 23:17:52"
"13529758018","2026-08-01 23:18:10.477","2026-08-02 23:19:21.149","13529758018","161677517","[PREMIUM]","[PREMIUM]","117","W","_",,,2,"[2]",594,"Lower",10,"Mobile Transfer ticket",14,"[PREMIUM]","[PREMIUM]","[PREMIUM]","[PREMIUM]",true,false,"['Clear view']","2026-07-31 17:28:11"
"13529754407","2026-08-01 23:18:10.477","2026-08-02 23:19:21.135","13529754407","161677517","[PREMIUM]","[PREMIUM]","113","X","_",,,2,"[2]",594,"Lower",10,"Mobile Transfer ticket",14,"[PREMIUM]","[PREMIUM]","[PREMIUM]","[PREMIUM]",true,false,"['Clear view']","2026-07-31 17:27:57"
"13529745598","2026-08-01 23:18:10.477","2026-08-02 23:19:21.253","13529745598","161677517","[PREMIUM]","[PREMIUM]","126","S","_",,,2,"[2]",594,"Lower",10,"Mobile Transfer ticket",14,"[PREMIUM]","[PREMIUM]","[PREMIUM]","[PREMIUM]",true,false,"['Clear view']","2026-07-31 17:27:21"
"13529745576","2026-08-01 23:18:10.477","2026-08-02 23:19:21.135","13529745576","161677517","[PREMIUM]","[PREMIUM]","124","U","_",,,2,"[2]",594,"Lower",10,"Mobile Transfer ticket",14,"[PREMIUM]","[PREMIUM]","[PREMIUM]","[PREMIUM]",true,false,"['Clear view']","2026-07-31 17:27:21"
"13529758162","2026-08-01 23:18:10.477","2026-08-02 23:19:21.135","13529758162","161677517","[PREMIUM]","[PREMIUM]","110","X","_",,,2,"[2]",594,"Lower",10,"Mobile Transfer ticket",14,"[PREMIUM]","[PREMIUM]","[PREMIUM]","[PREMIUM]",true,false,"['Clear view']","2026-07-31 17:28:11"
"13529745547","2026-08-01 23:18:10.477","2026-08-02 23:19:21.135","13529745547","161677517","[PREMIUM]","[PREMIUM]","116","U","_",,,2,"[2]",594,"Lower",10,"Mobile Transfer ticket",14,"[PREMIUM]","[PREMIUM]","[PREMIUM]","[PREMIUM]",true,false,"['Clear view']","2026-07-31 17:27:21"
"13529740572","2026-08-01 23:18:10.453","2026-08-02 23:19:21.330","13529740572","161677517","[PREMIUM]","[PREMIUM]","216","R","_",,,2,"[2]",407,"Upper",10,"Mobile Transfer ticket",14,"[PREMIUM]","[PREMIUM]","[PREMIUM]","[PREMIUM]",true,false,"['Clear view']","2026-07-31 17:27:02"
"13529758265","2026-08-01 23:18:10.453","2026-08-02 23:19:21.330","13529758265","161677517","[PREMIUM]","[PREMIUM]","207","R","_",,,2,"[2]",407,"Upper",10,"Mobile Transfer ticket",14,"[PREMIUM]","[PREMIUM]","[PREMIUM]","[PREMIUM]",true,false,"['Clear view']","2026-07-31 17:28:12"
"13529745559","2026-08-01 23:18:10.453","2026-08-02 23:19:21.330","13529745559","161677517","[PREMIUM]","[PREMIUM]","217","R","_",,,2,"[2]",407,"Upper",10,"Mobile Transfer ticket",14,"[PREMIUM]","[PREMIUM]","[PREMIUM]","[PREMIUM]",true,false,"['Clear view']","2026-07-31 17:27:21"
"13529758318","2026-08-01 23:18:10.453","2026-08-02 23:19:21.330","13529758318","161677517","[PREMIUM]","[PREMIUM]","206","R","_",,,2,"[2]",407,"Upper",10,"Mobile Transfer ticket",14,"[PREMIUM]","[PREMIUM]","[PREMIUM]","[PREMIUM]",true,false,"['Clear view']","2026-07-31 17:28:12"
"13529758417","2026-08-01 23:18:10.453","2026-08-02 23:19:21.330","13529758417","161677517","[PREMIUM]","[PREMIUM]","219","R","_",,,2,"[2]",407,"Upper",10,"Mobile Transfer ticket",14,"[PREMIUM]","[PREMIUM]","[PREMIUM]","[PREMIUM]",true,false,"['Clear view']","2026-07-31 17:28:12"
"13529743467","2026-08-01 23:18:10.453","2026-08-02 23:19:21.330","13529743467","161677517","[PREMIUM]","[PREMIUM]","220","R","_",,,2,"[2]",407,"Upper",10,"Mobile Transfer ticket",14,"[PREMIUM]","[PREMIUM]","[PREMIUM]","[PREMIUM]",true,false,"['Clear view']","2026-07-31 17:27:12"
"13529754224","2026-08-01 23:18:10.428","2026-08-02 23:19:21.135","13529754224","161677517","[PREMIUM]","[PREMIUM]","104","W","_",,,2,"[2]",594,"Lower",10,"Mobile Transfer ticket",14,"[PREMIUM]","[PREMIUM]","[PREMIUM]","[PREMIUM]",true,false,"['Clear view']","2026-07-31 17:27:56"
"13529745671","2026-08-01 23:18:10.428","2026-08-02 23:19:21.253","13529745671","161677517","[PREMIUM]","[PREMIUM]","205","R","_",,,2,"[2]",407,"Upper",10,"Mobile Transfer ticket",14,"[PREMIUM]","[PREMIUM]","[PREMIUM]","[PREMIUM]",true,false,"['Clear view']","2026-07-31 17:27:21"
"13529745652","2026-08-01 23:18:10.428","2026-08-02 23:19:21.253","13529745652","161677517","[PREMIUM]","[PREMIUM]","204","R","_",,,2,"[2]",407,"Upper",10,"Mobile Transfer ticket",14,"[PREMIUM]","[PREMIUM]","[PREMIUM]","[PREMIUM]",true,false,"['Clear view']","2026-07-31 17:27:21"
"13529745589","2026-08-01 23:18:10.428","2026-08-02 23:19:21.253","13529745589","161677517","[PREMIUM]","[PREMIUM]","218","R","_",,,2,"[2]",407,"Upper",10,"Mobile Transfer ticket",14,"[PREMIUM]","[PREMIUM]","[PREMIUM]","[PREMIUM]",true,false,"['Clear view']","2026-07-31 17:27:21"
"13529758087","2026-08-01 23:18:10.428","2026-08-02 23:19:21.253","13529758087","161677517","[PREMIUM]","[PREMIUM]","101","W","_",,,2,"[2]",594,"Lower",10,"Mobile Transfer ticket",14,"[PREMIUM]","[PREMIUM]","[PREMIUM]","[PREMIUM]",true,false,"['Clear view']","2026-07-31 17:28:11"
"13529745518","2026-08-01 23:18:10.428","2026-08-02 23:19:21.253","13529745518","161677517","[PREMIUM]","[PREMIUM]","114","W","_",,,2,"[2]",594,"Lower",10,"Mobile Transfer ticket",14,"[PREMIUM]","[PREMIUM]","[PREMIUM]","[PREMIUM]",true,false,"['Clear view']","2026-07-31 17:27:21"
"13529758221","2026-08-01 23:18:10.426","2026-08-02 23:19:21.135","13529758221","161677517","[PREMIUM]","[PREMIUM]","123","X","_",,,2,"[2]",594,"Lower",10,"Mobile Transfer ticket",14,"[PREMIUM]","[PREMIUM]","[PREMIUM]","[PREMIUM]",true,false,"['Clear view']","2026-07-31 17:28:11"
"13529745532","2026-08-01 23:18:10.426","2026-08-02 23:19:21.149","13529745532","161677517","[PREMIUM]","[PREMIUM]","109","T","_",,,2,"[2]",594,"Lower",10,"Mobile Transfer ticket",14,"[PREMIUM]","[PREMIUM]","[PREMIUM]","[PREMIUM]",true,false,"['Clear view']","2026-07-31 17:27:21"
"13529745520","2026-08-01 23:18:10.426","2026-08-02 23:19:21.149","13529745520","161677517","[PREMIUM]","[PREMIUM]","122","W","_",,,2,"[2]",594,"Lower",10,"Mobile Transfer ticket",14,"[PREMIUM]","[PREMIUM]","[PREMIUM]","[PREMIUM]",true,false,"['Clear view']","2026-07-31 17:27:21"
"13529758083","2026-08-01 23:18:10.426","2026-08-02 23:19:21.149","13529758083","161677517","[PREMIUM]","[PREMIUM]","118","X","_",,,2,"[2]",594,"Lower",10,"Mobile Transfer ticket",14,"[PREMIUM]","[PREMIUM]","[PREMIUM]","[PREMIUM]",true,false,"['Clear view']","2026-07-31 17:28:11"
"13532795009","2026-08-01 23:18:10.426","2026-08-13 23:22:46.420","13532795009","161677517","[PREMIUM]","[PREMIUM]","119","Q","_",,,2,"[2]",594,"Lower",10,"Mobile Transfer ticket",1,"[PREMIUM]","[PREMIUM]","[PREMIUM]","[PREMIUM]",true,false,"['Clear view']","2026-07-31 23:49:32"
"13532770827","2026-08-01 23:18:10.426","2026-08-13 23:22:46.346","13532770827","161677517","[PREMIUM]","[PREMIUM]","108","R","_",,,2,"[2]",594,"Lower",10,"Mobile Transfer ticket",1,"[PREMIUM]","[PREMIUM]","[PREMIUM]","[PREMIUM]",true,false,"['Clear view']","2026-07-31 23:47:13"
"13541799380","2026-08-01 23:18:10.032","2026-08-14 23:32:31.020","13541799380","161097009","[PREMIUM]","[PREMIUM]","308","1","18_19","18","19",2,"[2]",1713,"Middle Level",10,"Mobile Transfer ticket",1,"[PREMIUM]","[PREMIUM]","[PREMIUM]","[PREMIUM]",true,false,"['Front Row of Section','Clear view']","2026-08-01 22:52:04"
"13522401960","2026-08-01 23:18:09.731","2026-08-01 23:18:09.731","13522401960","161097018","[PREMIUM]","[PREMIUM]","407","12","_",,,6,"[1,2,3,4,5,6]",954,"Upper Level",10,"Mobile Transfer ticket",1,"[PREMIUM]","[PREMIUM]","[PREMIUM]","[PREMIUM]",true,false,"['Clear view']","2026-07-30 18:55:29"
"13541497869","2026-08-01 23:18:09.731","2026-08-01 23:18:09.731","13541497869","161097018","[PREMIUM]","[PREMIUM]","407","11","_",,,6,"[1,2,3,4,5,6]",954,"Upper Level",10,"Mobile Transfer ticket",1,"[PREMIUM]","[PREMIUM]","[PREMIUM]","[PREMIUM]",true,false,"['Clear view']","2026-08-01 22:23:43"
"13541497873","2026-08-01 23:18:09.731","2026-08-02 23:19:23.440","13541497873","161097018","[PREMIUM]","[PREMIUM]","407","10","_",,,1,"[1]",954,"Upper Level",10,"Mobile Transfer ticket",1,"[PREMIUM]","[PREMIUM]","[PREMIUM]","[PREMIUM]",false,false,"['Clear view']","2026-08-01 22:23:43"
"13532873143","2026-08-01 23:18:09.244","2026-08-14 23:32:28.620","13532873143","161097018","[PREMIUM]","[PREMIUM]","311","2","9_10","9","10",2,"[2]",1713,"Middle Level",10,"Mobile Transfer ticket",1,"[PREMIUM]","[PREMIUM]","[PREMIUM]","[PREMIUM]",true,false,"['Second Row of Section','Clear view']","2026-07-31 23:59:41"
"13529745540","2026-08-01 23:18:09.126","2026-08-02 23:19:20.468","13529745540","161677517","[PREMIUM]","[PREMIUM]","215","R","_",,,2,"[2]",407,"Upper",10,"Mobile Transfer ticket",14,"[PREMIUM]","[PREMIUM]","[PREMIUM]","[PREMIUM]",true,false,"['Clear view']","2026-07-31 17:27:21"
"13529758262","2026-08-01 23:18:09.126","2026-08-02 23:19:20.468","13529758262","161677517","[PREMIUM]","[PREMIUM]","203","R","_",,,2,"[2]",407,"Upper",10,"Mobile Transfer ticket",14,"[PREMIUM]","[PREMIUM]","[PREMIUM]","[PREMIUM]",true,false,"['Clear view']","2026-07-31 17:28:12"
"13529745622","2026-08-01 23:18:09.126","2026-08-02 23:19:20.468","13529745622","161677517","[PREMIUM]","[PREMIUM]","201","R","_",,,2,"[2]",407,"Upper",10,"Mobile Transfer ticket",14,"[PREMIUM]","[PREMIUM]","[PREMIUM]","[PREMIUM]",true,false,"['Clear view']","2026-07-31 17:27:21"
"13529758307","2026-08-01 23:18:09.126","2026-08-02 23:19:20.468","13529758307","161677517","[PREMIUM]","[PREMIUM]","209","R","_",,,2,"[2]",407,"Upper",10,"Mobile Transfer ticket",14,"[PREMIUM]","[PREMIUM]","[PREMIUM]","[PREMIUM]",true,false,"['Clear view']","2026-07-31 17:28:12"
"13529745700","2026-08-01 23:18:09.126","2026-08-02 23:19:20.468","13529745700","161677517","[PREMIUM]","[PREMIUM]","214","R","_",,,2,"[2]",407,"Upper",10,"Mobile Transfer ticket",14,"[PREMIUM]","[PREMIUM]","[PREMIUM]","[PREMIUM]",true,false,"['Clear view']","2026-07-31 17:27:22"
"13529758368","2026-08-01 23:18:09.126","2026-08-02 23:19:20.468","13529758368","161677517","[PREMIUM]","[PREMIUM]","208","R","_",,,2,"[2]",407,"Upper",10,"Mobile Transfer ticket",14,"[PREMIUM]","[PREMIUM]","[PREMIUM]","[PREMIUM]",true,false,"['Clear view']","2026-07-31 17:28:12"
"13532468933","2026-08-01 23:18:09.098","2026-08-01 23:18:09.098","13532468933","161693076","[PREMIUM]","[PREMIUM]","226","3","_",,,2,"[2]",407,"Upper",10,"Mobile Transfer ticket",1,"[PREMIUM]","[PREMIUM]","[PREMIUM]","[PREMIUM]",true,false,"['Third Row of Section','Clear view']","2026-07-31 23:12:27"
"13532406999","2026-08-01 23:18:09.098","2026-08-08 23:09:44.230","13532406999","161693076","[PREMIUM]","[PREMIUM]","226","4","_",,,8,"[1,2,3,4,5,6,7,8]",407,"Upper",10,"Mobile Transfer ticket",1,"[PREMIUM]","[PREMIUM]","[PREMIUM]","[PREMIUM]",true,false,"['Clear view']","2026-07-31 23:07:00"
"13529439358","2026-08-01 23:18:08.925","2026-08-14 23:26:34.529","13529439358","161677520","[PREMIUM]","[PREMIUM]","8","A","4_5","4","5",2,"[2]",594,"Lower",9,"Mobile Transfer ticket",1,"[PREMIUM]","[PREMIUM]","[PREMIUM]","[PREMIUM]",true,false,"['Front Row of Section','Clear view']","2026-07-31 16:38:00"
"13535324173","2026-08-01 23:18:08.735","2026-08-02 23:19:34.387","13535324173","161097009","[PREMIUM]","[PREMIUM]","406","4","9001_9004","9001",,4,"[1,2,4]",954,"Upper Level",10,"Mobile Transfer ticket",1,"[PREMIUM]","[PREMIUM]","[PREMIUM]","[PREMIUM]",true,false,"['Clear view']","2026-08-01 05:39:50"
"13527716840","2026-08-01 23:18:08.463","2026-08-01 23:18:08.463","13527716840","161097009","[PREMIUM]","[PREMIUM]","404","9","_",,,4,"[1,2,3,4]",954,"Upper Level",10,"Mobile Transfer ticket",1,"[PREMIUM]","[PREMIUM]","[PREMIUM]","[PREMIUM]",true,false,"['Clear view']","2026-07-31 10:51:26"
"13530856974","2026-08-01 23:18:08.463","2026-08-01 23:18:08.463","13530856974","161097009","[PREMIUM]","[PREMIUM]","404","11","_",,,4,"[1,2,3,4]",954,"Upper Level",10,"Mobile Transfer ticket",1,"[PREMIUM]","[PREMIUM]","[PREMIUM]","[PREMIUM]",true,false,"['Clear view']","2026-07-31 20:19:18"
"13529439357","2026-08-01 23:18:08.122","2026-08-14 23:26:34.095","13529439357","161677520","[PREMIUM]","[PREMIUM]","10","1","10_13","10","13",4,"[2,4]",594,"Lower",9,"Mobile Transfer ticket",1,"[PREMIUM]","[PREMIUM]","[PREMIUM]","[PREMIUM]",true,false,"['Front Row of Section','Clear view']","2026-07-31 16:38:00"
"13529439355","2026-08-01 23:18:08.122","2026-08-14 23:26:34.151","13529439355","161677520","[PREMIUM]","[PREMIUM]","11","1","9_10","9","10",2,"[2]",594,"Lower",9,"Mobile Transfer ticket",1,"[PREMIUM]","[PREMIUM]","[PREMIUM]","[PREMIUM]",true,false,"['Front Row of Section','Clear view']","2026-07-31 16:38:00"
"13529456881","2026-08-01 23:18:07.619","2026-08-14 23:26:32.752","13529456881","161677520","[PREMIUM]","[PREMIUM]","205","A","9_16","9","16",8,"[1,2,3,4,5,6,8]",407,"Upper",9,"Mobile Transfer ticket",1,"[PREMIUM]","[PREMIUM]","[PREMIUM]","[PREMIUM]",true,false,"['Front Row of Section','Clear view']","2026-07-31 16:44:31"
"13529457183","2026-08-01 23:18:07.150","2026-08-14 23:26:32.719","13529457183","161677520","[PREMIUM]","[PREMIUM]","222","A","3_10","3","10",8,"[1,2,3,4,5,6,8]",407,"Upper",9,"Mobile Transfer ticket",1,"[PREMIUM]","[PREMIUM]","[PREMIUM]","[PREMIUM]",true,false,"['Front Row of Section','Clear view']","2026-07-31 16:44:34"
"13529457221","2026-08-01 23:18:06.803","2026-08-14 23:26:32.663","13529457221","161677520","[PREMIUM]","[PREMIUM]","205","B","1_8","1","8",8,"[1,2,3,4,5,6,8]",407,"Upper",9,"Mobile Transfer ticket",1,"[PREMIUM]","[PREMIUM]","[PREMIUM]","[PREMIUM]",true,false,"['Second Row of Section','Clear view']","2026-07-31 16:44:34"
"13529457200","2026-08-01 23:18:06.803","2026-08-14 23:26:32.023","13529457200","161677520","[PREMIUM]","[PREMIUM]","204","A","1_7","1","7",7,"[1,2,3,4,5,7]",407,"Upper",9,"Mobile Transfer ticket",1,"[PREMIUM]","[PREMIUM]","[PREMIUM]","[PREMIUM]",true,false,"['Front Row of Section','Clear view']","2026-07-31 16:44:34"
"13529456894","2026-08-01 23:18:06.803","2026-08-14 23:26:32.719","13529456894","161677520","[PREMIUM]","[PREMIUM]","206","A","13_18","13","18",6,"[1,2,3,4,6]",407,"Upper",9,"Mobile Transfer ticket",1,"[PREMIUM]","[PREMIUM]","[PREMIUM]","[PREMIUM]",true,false,"['Front Row of Section','Clear view']","2026-07-31 16:44:31"
"13537237699","2026-08-01 23:18:06.443","2026-08-04 02:02:58.199","13537237699","161677520","[PREMIUM]","[PREMIUM]","12","D","3_7","3",,5,"[1,2,3,5]",594,"Lower",9,"Mobile Transfer ticket",1,"[PREMIUM]","[PREMIUM]","[PREMIUM]","[PREMIUM]",true,false,"['Clear view']","2026-08-01 11:41:40"
"13529457235","2026-08-01 23:18:06.317","2026-08-14 23:26:31.698","13529457235","161677520","[PREMIUM]","[PREMIUM]","201","A","1_7","1","7",7,"[1,2,3,4,5,7]",407,"Upper",9,"Mobile Transfer ticket",1,"[PREMIUM]","[PREMIUM]","[PREMIUM]","[PREMIUM]",true,false,"['Front Row of Section','Clear view']","2026-07-31 16:44:34"
"13529457219","2026-08-01 23:18:06.317","2026-08-14 23:26:31.679","13529457219","161677520","[PREMIUM]","[PREMIUM]","219","A","1_6","1","6",6,"[1,2,3,4,6]",407,"Upper",9,"Mobile Transfer ticket",1,"[PREMIUM]","[PREMIUM]","[PREMIUM]","[PREMIUM]",true,false,"['Front Row of Section','Clear view']","2026-07-31 16:44:34"
"13529456903","2026-08-01 23:18:06.317","2026-08-14 23:26:31.679","13529456903","161677520","[PREMIUM]","[PREMIUM]","209","A","7_14","7","14",8,"[1,2,3,4,5,6,8]",407,"Upper",9,"Mobile Transfer ticket",1,"[PREMIUM]","[PREMIUM]","[PREMIUM]","[PREMIUM]",true,false,"['Front Row of Section','Clear view']","2026-07-31 16:44:31"
"13529456873","2026-08-01 23:18:06.317","2026-08-14 23:26:31.791","13529456873","161677520","[PREMIUM]","[PREMIUM]","221","A","1_8","1","8",8,"[1,2,3,4,5,6,8]",407,"Upper",9,"Mobile Transfer ticket",1,"[PREMIUM]","[PREMIUM]","[PREMIUM]","[PREMIUM]",true,false,"['Front Row of Section','Clear view']","2026-07-31 16:44:30"
"13529456872","2026-08-01 23:18:06.317","2026-08-14 23:26:31.791","13529456872","161677520","[PREMIUM]","[PREMIUM]","203","A","7_14","7","14",8,"[1,2,3,4,5,6,8]",407,"Upper",9,"Mobile Transfer ticket",1,"[PREMIUM]","[PREMIUM]","[PREMIUM]","[PREMIUM]",true,false,"['Front Row of Section','Clear view']","2026-07-31 16:44:30"
"13529456882","2026-08-01 23:18:06.275","2026-08-14 23:26:31.698","13529456882","161677520","[PREMIUM]","[PREMIUM]","227","A","1_7","1","7",7,"[1,2,3,4,5,7]",407,"Upper",9,"Mobile Transfer ticket",1,"[PREMIUM]","[PREMIUM]","[PREMIUM]","[PREMIUM]",true,false,"['Front Row of Section','Clear view']","2026-07-31 16:44:31"
"13537699470","2026-08-01 23:18:05.277","2026-08-12 23:10:51.577","13537699470","161677518","[PREMIUM]","[PREMIUM]","107","2","_",,,2,"[2]",1687,"Lower Level",10,"Mobile Transfer ticket",1,"[PREMIUM]","[PREMIUM]","[PREMIUM]","[PREMIUM]",true,false,"['Aisle seat','Second Row of Section','Clear view']","2026-08-01 12:56:37"
"13542026464","2026-08-01 23:18:05.277","2026-08-05 23:21:48.509","13542026464","161677518","[PREMIUM]","[PREMIUM]","117","20","_",,,2,"[2]",1687,"Lower Level",10,"Mobile Transfer ticket",14,"[PREMIUM]","[PREMIUM]","[PREMIUM]","[PREMIUM]",true,false,"['Clear view']","2026-08-01 23:12:56"
"13542020872","2026-08-01 23:18:04.995","2026-08-05 23:21:48.286","13542020872","161677518","[PREMIUM]","[PREMIUM]","110","20","_",,,2,"[2]",1687,"Lower Level",10,"Mobile Transfer ticket",14,"[PREMIUM]","[PREMIUM]","[PREMIUM]","[PREMIUM]",true,false,"['Clear view']","2026-08-01 23:12:35"
"13542025796","2026-08-01 23:18:04.983","2026-08-02 23:19:21.691","13542025796","161677518","[PREMIUM]","[PREMIUM]","116","M","_",,,2,"[2]",682,"Floor",10,"Mobile Transfer ticket",14,"[PREMIUM]","[PREMIUM]","[PREMIUM]","[PREMIUM]",true,false,"['Clear view']","2026-08-01 23:12:55"
"13542024364","2026-08-01 23:18:04.983","2026-08-05 23:21:48.830","13542024364","161677518","[PREMIUM]","[PREMIUM]","119","17","_",,,2,"[2]",1687,"Lower Level",10,"Mobile Transfer ticket",14,"[PREMIUM]","[PREMIUM]","[PREMIUM]","[PREMIUM]",true,false,"['Clear view']","2026-08-01 23:12:51"
"13542021849","2026-08-01 23:18:04.983","2026-08-05 23:21:48.830","13542021849","161677518","[PREMIUM]","[PREMIUM]","107","M","_",,,2,"[2]",682,"Floor",10,"Mobile Transfer ticket",14,"[PREMIUM]","[PREMIUM]","[PREMIUM]","[PREMIUM]",true,false,"['Clear view']","2026-08-01 23:12:40"
"13528484641","2026-08-01 23:18:04.971","2026-08-08 23:10:00.344","13528484641","161677518","[PREMIUM]","[PREMIUM]","106","10","_",,,2,"[2]",1687,"Lower Level",10,"Mobile Transfer ticket",1,"[PREMIUM]","[PREMIUM]","[PREMIUM]","[PREMIUM]",true,false,"['Clear view']","2026-07-31 13:41:39"
"13528310059","2026-08-01 23:18:04.971","2026-08-14 23:30:06.812","13528310059","161677518","[PREMIUM]","[PREMIUM]","PR11","8","2_3","2","3",2,"[2]",5307,"Premier Level",10,"Mobile Transfer ticket",1,"[PREMIUM]","[PREMIUM]","[PREMIUM]","[PREMIUM]",true,false,"['Clear view']","2026-07-31 12:57:43"
"13542021194","2026-08-01 23:18:04.971","2026-08-05 23:21:48.336","13542021194","161677518","[PREMIUM]","[PREMIUM]","107","17","_",,,2,"[2]",1687,"Lower Level",10,"Mobile Transfer ticket",14,"[PREMIUM]","[PREMIUM]","[PREMIUM]","[PREMIUM]",true,false,"['Clear view']","2026-08-01 23:12:37"
"13542022651","2026-08-01 23:18:04.925","2026-08-05 23:21:48.259","13542022651","161677518","[PREMIUM]","[PREMIUM]","114","20","_",,,2,"[2]",1687,"Lower Level",10,"Mobile Transfer ticket",14,"[PREMIUM]","[PREMIUM]","[PREMIUM]","[PREMIUM]",true,false,"['Clear view']","2026-08-01 23:12:44"
"13534907584","2026-08-01 23:18:04.804","2026-08-14 23:30:05.519","13534907584","161677518","[PREMIUM]","[PREMIUM]","305","1","_",,,3,"[1,3]",954,"Upper Level",10,"Mobile Transfer ticket",1,"[PREMIUM]","[PREMIUM]","[PREMIUM]","[PREMIUM]",true,false,"['Front Row of Section','Clear view']","2026-08-01 04:38:26"
"13533470634","2026-08-01 23:18:04.713","2026-08-02 23:19:14.630","13533470634","161659240","[PREMIUM]","[PREMIUM]","203","20","_",,,8,"[1,2,3,4,5,6,7,8]",407,"Upper",10,"Mobile Transfer ticket",1,"[PREMIUM]","[PREMIUM]","[PREMIUM]","[PREMIUM]",true,false,"['Preferred Seating','Clear view']","2026-08-01 01:27:47"
"13531746942","2026-08-01 23:18:04.233","2026-08-04 02:02:53.600","13531746942","161659240","[PREMIUM]","[PREMIUM]","220","SRO","_",,,3,"[1,2,3]",407,"Upper",10,"Mobile Transfer ticket",1,"[PREMIUM]","[PREMIUM]","[PREMIUM]","[PREMIUM]",true,false,"['Limited or Obstructed View (printed on ticket)']","2026-07-31 21:49:59"
"13538200507","2026-08-01 23:18:04.223","2026-08-05 23:21:47.802","13538200507","161677518","[PREMIUM]","[PREMIUM]","316","12","1_6","1",,6,"[1,2,3,4,6]",954,"Upper Level",10,"Mobile Transfer ticket",1,"[PREMIUM]","[PREMIUM]","[PREMIUM]","[PREMIUM]",true,false,"['Clear view']","2026-08-01 14:20:06"
"13541853727","2026-08-01 23:18:03.676","2026-08-14 23:13:24.811","13541853727","161097029","[PREMIUM]","[PREMIUM]","308","1","18_19","18","19",2,"[2]",1713,"Middle Level",10,"Mobile Transfer ticket",1,"[PREMIUM]","[PREMIUM]","[PREMIUM]","[PREMIUM]",true,false,"['Front Row of Section','Clear view']","2026-08-01 22:56:28"
"13532590103","2026-08-01 23:18:01.788","2026-08-10 23:09:39.841","13532590103","161659239","[PREMIUM]","[PREMIUM]","104","13","_",,,2,"[2]",594,"Lower",10,"Mobile Transfer ticket",1,"[PREMIUM]","[PREMIUM]","[PREMIUM]","[PREMIUM]",true,false,"['Clear view']","2026-07-31 23:21:32"
"13532660540","2026-08-01 23:18:01.788","2026-08-10 23:09:39.810","13532660540","161659239","[PREMIUM]","[PREMIUM]","116","17","_",,,2,"[2]",594,"Lower",10,"Mobile Transfer ticket",1,"[PREMIUM]","[PREMIUM]","[PREMIUM]","[PREMIUM]",true,false,"['Clear view']","2026-07-31 23:29:28"
"13532631488","2026-08-01 23:18:01.721","2026-08-14 23:26:33.745","13532631488","161659239","[PREMIUM]","[PREMIUM]","105","16","_",,,2,"[2]",594,"Lower",10,"Mobile Transfer ticket",1,"[PREMIUM]","[PREMIUM]","[PREMIUM]","[PREMIUM]",true,false,"['Clear view']","2026-07-31 23:24:12"
"13532658243","2026-08-01 23:18:01.710","2026-08-14 23:26:33.850","13532658243","161659239","[PREMIUM]","[PREMIUM]","114","16","_",,,2,"[2]",594,"Lower",10,"Mobile Transfer ticket",1,"[PREMIUM]","[PREMIUM]","[PREMIUM]","[PREMIUM]",true,false,"['Clear view']","2026-07-31 23:28:14"
"13530295363","2026-08-01 23:18:01.570","2026-08-10 23:09:38.783","13530295363","161659239","[PREMIUM]","[PREMIUM]","121","SRO","_",,,2,"[2]",594,"Lower",10,"Mobile Transfer ticket",1,"[PREMIUM]","[PREMIUM]","[PREMIUM]","[PREMIUM]",true,false,"['Limited or Obstructed View (printed on ticket)']","2026-07-31 19:08:27"
"13520031359","2026-08-01 23:18:01.553","2026-08-05 23:21:44.239","13520031359","161659239","[PREMIUM]","[PREMIUM]","208","15","_",,,2,"[2]",407,"Upper",10,"Mobile Transfer ticket",1,"[PREMIUM]","[PREMIUM]","[PREMIUM]","[PREMIUM]",true,false,"['Clear view']","2026-07-30 13:20:39"
"13528247209","2026-08-01 23:18:01.553","2026-08-05 23:21:44.239","13528247209","161659239","[PREMIUM]","[PREMIUM]","208","14","_",,,2,"[2]",407,"Upper",10,"Mobile Transfer ticket",1,"[PREMIUM]","[PREMIUM]","[PREMIUM]","[PREMIUM]",true,false,"['Clear view']","2026-07-31 12:33:46"
"13534836890","2026-08-01 23:18:01.470","2026-08-01 23:18:01.470","13534836890","161659239","[PREMIUM]","[PREMIUM]","207","13","_",,,2,"[2]",407,"Upper",10,"Mobile Transfer ticket",1,"[PREMIUM]","[PREMIUM]","[PREMIUM]","[PREMIUM]",true,false,"['Clear view']","2026-08-01 04:28:06"
"13520031357","2026-08-01 23:18:01.241","2026-08-02 23:19:18.726","13520031357","161659239","[PREMIUM]","[PREMIUM]","213",,"_",,,6,"[1,2,3,4,5,6]",407,"Upper",10,"Mobile Transfer ticket",1,"[PREMIUM]","[PREMIUM]","[PREMIUM]","[PREMIUM]",true,true,"['Limited or Obstructed View (printed on ticket)']","2026-07-30 13:20:39"
"13520031370","2026-08-01 23:18:01.241","2026-08-10 23:09:38.774","13520031370","161659239","[PREMIUM]","[PREMIUM]","225","SRO","_",,,4,"[1,2,3,4]",407,"Upper",10,"Mobile Transfer ticket",1,"[PREMIUM]","[PREMIUM]","[PREMIUM]","[PREMIUM]",true,false,"['Limited or Obstructed View (printed on ticket)']","2026-07-30 13:20:39"
"13520031366","2026-08-01 23:18:01.241","2026-08-10 23:09:38.774","13520031366","161659239","[PREMIUM]","[PREMIUM]","220","SRO","_",,,8,"[1,2,3,4,5,6,7,8]",407,"Upper",10,"Mobile Transfer ticket",1,"[PREMIUM]","[PREMIUM]","[PREMIUM]","[PREMIUM]",true,false,"['Limited or Obstructed View (printed on ticket)']","2026-07-30 13:20:39"
"13520031363","2026-08-01 23:18:01.241","2026-08-10 23:09:38.914","13520031363","161659239","[PREMIUM]","[PREMIUM]","201",,"_",,,4,"[1,2,3,4]",407,"Upper",10,"Mobile Transfer ticket",1,"[PREMIUM]","[PREMIUM]","[PREMIUM]","[PREMIUM]",true,true,"['Limited or Obstructed View (printed on ticket)']","2026-07-30 13:20:39"
"13530475871","2026-08-01 23:18:01.241","2026-08-02 23:19:18.726","13530475871","161659239","[PREMIUM]","[PREMIUM]","214","12","_",,,8,"[1,2,3,4,5,6,7,8]",407,"Upper",10,"Mobile Transfer ticket",1,"[PREMIUM]","[PREMIUM]","[PREMIUM]","[PREMIUM]",true,false,"['Preferred Seating','Clear view']","2026-07-31 19:35:52"
"13539558882","2026-08-01 23:18:00.641","2026-08-01 23:18:00.641","13539558882","161659239","[PREMIUM]","[PREMIUM]","206","SRO","_",,,8,"[1,2,3,4,5,6,7,8]",407,"Upper",10,"Mobile Transfer ticket",1,"[PREMIUM]","[PREMIUM]","[PREMIUM]","[PREMIUM]",true,false,"['Limited or Obstructed View (printed on ticket)']","2026-08-01 18:09:37"
"13536569238","2026-08-01 23:17:59.822","2026-08-05 23:21:42.462","13536569238","161659241","[PREMIUM]","[PREMIUM]","121","27","9001_9001","9001",,1,"[1]",594,"Lower",10,"Mobile Transfer ticket",1,"[PREMIUM]","[PREMIUM]","[PREMIUM]","[PREMIUM]",false,false,"['Clear view']","2026-08-01 08:53:52"
"13540420032","2026-08-01 23:17:59.779","2026-08-09 23:14:18.073","13540420032","161659241","[PREMIUM]","[PREMIUM]","118","SRO","_",,,8,"[1,2,3,4,5,6,7,8]",594,"Lower",10,"Mobile Transfer ticket",1,"[PREMIUM]","[PREMIUM]","[PREMIUM]","[PREMIUM]",true,false,"['Limited or Obstructed View (printed on ticket)']","2026-08-01 19:57:58"
"13535477320","2026-08-01 23:17:59.772","2026-08-04 02:02:55.706","13535477320","161659241","[PREMIUM]","[PREMIUM]","214","13","_",,,8,"[1,2,3,4,5,6,7,8]",407,"Upper",10,"Mobile Transfer ticket",1,"[PREMIUM]","[PREMIUM]","[PREMIUM]","[PREMIUM]",true,false,"['Preferred Seating','Clear view']","2026-08-01 05:58:23"
"13535477388","2026-08-01 23:17:59.772","2026-08-02 23:19:15.217","13535477388","161659241","[PREMIUM]","[PREMIUM]","214","12","_",,,8,"[1,2,3,4,5,6,7,8]",407,"Upper",10,"Mobile Transfer ticket",1,"[PREMIUM]","[PREMIUM]","[PREMIUM]","[PREMIUM]",true,false,"['Preferred Seating','Clear view']","2026-08-01 05:58:23"
"13454871496","2026-08-01 23:17:59.443","2026-08-04 02:02:55.820","13454871496","161659241","[PREMIUM]","[PREMIUM]","215","8","9001_9004","9001",,4,"[1,2,4]",407,"Upper",10,"Mobile Transfer ticket",1,"[PREMIUM]","[PREMIUM]","[PREMIUM]","[PREMIUM]",true,false,"['Clear view']","2026-07-24 03:19:28"
"13527215554","2026-08-01 23:17:59.443","2026-08-09 23:14:17.384","13527215554","161659241","[PREMIUM]","[PREMIUM]","215","7","9001_9002","9001",,2,"[2]",407,"Upper",10,"Mobile Transfer ticket",1,"[PREMIUM]","[PREMIUM]","[PREMIUM]","[PREMIUM]",true,false,"['Clear view']","2026-07-31 08:47:30"
"13436694375","2026-08-01 23:17:59.379","2026-08-12 23:10:41.104","13436694375","161659241","[PREMIUM]","[PREMIUM]","211","21","10_15","10","15",6,"[1,2]",407,"Upper",10,"Mobile Transfer ticket",1,"[PREMIUM]","[PREMIUM]","[PREMIUM]","[PREMIUM]",true,false,"['Clear view']","2026-07-22 21:06:21"
"13540622654","2026-08-01 23:17:59.187","2026-08-02 23:19:14.682","13540622654","161659240","[PREMIUM]","[PREMIUM]","202","18","_",,,8,"[1,2,3,4,5,6,7,8]",407,"Upper",10,"Mobile Transfer ticket",1,"[PREMIUM]","[PREMIUM]","[PREMIUM]","[PREMIUM]",true,false,"['Clear view']","2026-08-01 20:24:09"
"13520023609","2026-08-01 23:17:58.998","2026-08-04 02:02:53.679","13520023609","161659240","[PREMIUM]","[PREMIUM]","204","14","_",,,2,"[2]",407,"Upper",10,"Mobile Transfer ticket",1,"[PREMIUM]","[PREMIUM]","[PREMIUM]","[PREMIUM]",true,false,"['Clear view']","2026-07-30 13:19:46"
"13540886785","2026-08-01 23:17:58.998","2026-08-01 23:17:58.998","13540886785","161659240","[PREMIUM]","[PREMIUM]","122","SRO","1_4","1",,4,"[1,2,4]",594,"Lower",10,"Mobile Transfer ticket",14,"[PREMIUM]","[PREMIUM]","[PREMIUM]","[PREMIUM]",true,false,"['Limited or Obstructed View (printed on ticket)']","2026-08-01 21:04:30"
"13533311885","2026-08-01 23:17:58.991","2026-08-11 23:10:23.587","13533311885","161659240","[PREMIUM]","[PREMIUM]","214","14","_",,,8,"[1,2,3,4,5,6,7,8]",407,"Upper",10,"Mobile Transfer ticket",1,"[PREMIUM]","[PREMIUM]","[PREMIUM]","[PREMIUM]",true,false,"['Preferred Seating','Clear view']","2026-08-01 00:58:48"
"13490448652","2026-08-01 23:17:58.989","2026-08-07 08:11:03.523","13490448652","161659241","[PREMIUM]","[PREMIUM]","121","SRO","1_4","1",,4,"[1,2,3,4]",594,"Lower",10,"Mobile Transfer ticket",14,"[PREMIUM]","[PREMIUM]","[PREMIUM]","[PREMIUM]",true,false,"['Limited or Obstructed View (printed on ticket)']","2026-07-27 15:06:43"
"13536326883","2026-08-01 23:17:58.926","2026-08-07 08:11:03.058","13536326883","161659240","[PREMIUM]","[PREMIUM]","128","SRO","_",,,2,"[2]",594,"Lower",10,"Mobile Transfer ticket",1,"[PREMIUM]","[PREMIUM]","[PREMIUM]","[PREMIUM]",true,false,"['Limited or Obstructed View (printed on ticket)']","2026-08-01 08:14:31"
"13534837612","2026-08-01 23:17:58.921","2026-08-02 23:19:14.955","13534837612","161659240","[PREMIUM]","[PREMIUM]","205","7","_",,,2,"[2]",407,"Upper",10,"Mobile Transfer ticket",1,"[PREMIUM]","[PREMIUM]","[PREMIUM]","[PREMIUM]",true,false,"['Limited or Obstructed View (printed on ticket)','Second Row of Section']","2026-08-01 04:28:20"
"13528404487","2026-08-01 23:17:58.315","2026-08-01 23:17:58.315","13528404487","161097029","[PREMIUM]","[PREMIUM]","407","3","_",,,8,"[1,2,3,4,5,6,7,8]",954,"Upper Level",10,"Mobile Transfer ticket",1,"[PREMIUM]","[PREMIUM]","[PREMIUM]","[PREMIUM]",true,false,"['Third Row of Section','Clear view']","2026-07-31 13:21:58"
"13538941524","2026-08-01 23:17:58.315","2026-08-02 23:19:07.996","13538941524","161097029","[PREMIUM]","[PREMIUM]","407","1","_",,,1,"[1]",954,"Upper Level",10,"Mobile Transfer ticket",1,"[PREMIUM]","[PREMIUM]","[PREMIUM]","[PREMIUM]",false,false,"['Front Row of Section','Clear view']","2026-08-01 16:31:42"
"13538942687","2026-08-01 23:17:58.315","2026-08-04 02:02:44.598","13538942687","161097029","[PREMIUM]","[PREMIUM]","407","2","_",,,4,"[1,2,3,4]",954,"Upper Level",10,"Mobile Transfer ticket",1,"[PREMIUM]","[PREMIUM]","[PREMIUM]","[PREMIUM]",true,false,"['Second Row of Section','Clear view']","2026-08-01 16:31:58"
"13535051989","2026-08-01 23:17:58.308","2026-08-01 23:17:58.308","13535051989","161659241","[PREMIUM]","[PREMIUM]","206","SRO","_",,,8,"[1,2,3,4,6,8]",407,"Upper",10,"Mobile Transfer ticket",1,"[PREMIUM]","[PREMIUM]","[PREMIUM]","[PREMIUM]",true,false,"['Limited or Obstructed View (printed on ticket)','Standing room only (SRO)']","2026-08-01 05:01:59"
"13535081751","2026-08-01 23:17:58.308","2026-08-01 23:17:58.308","13535081751","161659241","[PREMIUM]","[PREMIUM]","201",,"_",,,2,"[2]",407,"Upper",10,"Mobile Transfer ticket",1,"[PREMIUM]","[PREMIUM]","[PREMIUM]","[PREMIUM]",true,true,"['Limited or Obstructed View (printed on ticket)','Standing room only (SRO)']","2026-08-01 05:06:44"
"13535033173","2026-08-01 23:17:58.308","2026-08-01 23:17:58.308","13535033173","161659241","[PREMIUM]","[PREMIUM]","213",,"_",,,4,"[2,4]",407,"Upper",10,"Mobile Transfer ticket",1,"[PREMIUM]","[PREMIUM]","[PREMIUM]","[PREMIUM]",true,true,"['Limited or Obstructed View (printed on ticket)','Standing room only (SRO)']","2026-08-01 04:57:51"
"13535074386","2026-08-01 23:17:58.308","2026-08-01 23:17:58.308","13535074386","161659241","[PREMIUM]","[PREMIUM]","220","SRO","_",,,6,"[1,2,4,6]",407,"Upper",10,"Mobile Transfer ticket",1,"[PREMIUM]","[PREMIUM]","[PREMIUM]","[PREMIUM]",true,false,"['Limited or Obstructed View (printed on ticket)','Standing room only (SRO)']","2026-08-01 05:05:12"
"13535069716","2026-08-01 23:17:58.308","2026-08-01 23:17:58.308","13535069716","161659241","[PREMIUM]","[PREMIUM]","225","SRO","_",,,2,"[2]",407,"Upper",10,"Mobile Transfer ticket",1,"[PREMIUM]","[PREMIUM]","[PREMIUM]","[PREMIUM]",true,false,"['Limited or Obstructed View (printed on ticket)','Standing room only (SRO)']","2026-08-01 05:04:54"
"13526043603","2026-08-01 23:17:58.306","2026-08-04 02:02:52.930","13526043603","161659240","[PREMIUM]","[PREMIUM]","206","SRO","_",,,3,"[1,2,3]",407,"Upper",10,"Mobile Transfer ticket",1,"[PREMIUM]","[PREMIUM]","[PREMIUM]","[PREMIUM]",true,false,"['Limited or Obstructed View (printed on ticket)']","2026-07-31 04:24:57"
"13529357267","2026-08-01 23:17:57.548","2026-08-05 23:21:28.826","13529357267","161693076","[PREMIUM]","[PREMIUM]","214","3","_",,,6,"[1,2,4,6]",407,"Upper",10,"Mobile Transfer ticket",14,"[PREMIUM]","[PREMIUM]","[PREMIUM]","[PREMIUM]",true,false,"['Third Row of Section','Clear view']","2026-07-31 16:24:26"
"13533452239","2026-08-01 23:17:56.542","2026-08-04 02:02:51.806","13533452239","161732124","[PREMIUM]","[PREMIUM]","105","12","1_2","1","2",2,"[2]",1687,"Lower Level",10,"Mobile Transfer ticket",1,"[PREMIUM]","[PREMIUM]","[PREMIUM]","[PREMIUM]",true,false,"['Aisle seat','Clear view']","2026-08-01 01:25:04"
"13539305356","2026-08-01 23:17:56.542","2026-08-07 08:10:52.934","13539305356","161732124","[PREMIUM]","[PREMIUM]","314","1","_",,,4,"[1,2,3,4]",954,"Upper Level",10,"Mobile Transfer ticket",1,"[PREMIUM]","[PREMIUM]","[PREMIUM]","[PREMIUM]",true,false,"['Front Row of Section','Clear view']","2026-08-01 17:32:38"
"13533443751","2026-08-01 23:17:55.907","2026-08-04 02:02:51.122","13533443751","161732122","[PREMIUM]","[PREMIUM]","105","12","1_2","1","2",2,"[2]",1687,"Lower Level",10,"Mobile Transfer ticket",1,"[PREMIUM]","[PREMIUM]","[PREMIUM]","[PREMIUM]",true,false,"['Aisle seat','Clear view']","2026-08-01 01:23:12"
"13537302749","2026-08-01 23:17:55.907","2026-08-02 23:19:10.427","13537302749","161732122","[PREMIUM]","[PREMIUM]","111","18","_",,,2,"[2]",1687,"Lower Level",10,"Mobile Transfer ticket",1,"[PREMIUM]","[PREMIUM]","[PREMIUM]","[PREMIUM]",true,false,"['Clear view']","2026-08-01 11:51:26"
"13539305370","2026-08-01 23:17:55.907","2026-08-02 23:19:10.427","13539305370","161732122","[PREMIUM]","[PREMIUM]","314","1","_",,,1,"[1]",954,"Upper Level",10,"Mobile Transfer ticket",1,"[PREMIUM]","[PREMIUM]","[PREMIUM]","[PREMIUM]",false,false,"['Front Row of Section','Clear view']","2026-08-01 17:32:38"
"13514997148","2026-08-01 23:17:55.905","2026-08-07 08:10:51.821","13514997148","161732123","[PREMIUM]","[PREMIUM]","112","17","_",,,4,"[2,4]",1687,"Lower Level",10,"Mobile Transfer ticket",1,"[PREMIUM]","[PREMIUM]","[PREMIUM]","[PREMIUM]",true,false,"['Clear view']","2026-07-30 02:17:57"
"13533428496","2026-08-01 23:17:55.905","2026-08-08 23:09:49.906","13533428496","161732123","[PREMIUM]","[PREMIUM]","105","12","1_2","1","2",2,"[2]",1687,"Lower Level",10,"Mobile Transfer ticket",1,"[PREMIUM]","[PREMIUM]","[PREMIUM]","[PREMIUM]",true,false,"['Aisle seat','Clear view']","2026-08-01 01:20:24"
"13539305362","2026-08-01 23:17:55.905","2026-08-10 23:09:28.856","13539305362","161732123","[PREMIUM]","[PREMIUM]","314","1","_",,,3,"[1,2,3]",954,"Upper Level",10,"Mobile Transfer ticket",1,"[PREMIUM]","[PREMIUM]","[PREMIUM]","[PREMIUM]",true,false,"['Front Row of Section','Clear view']","2026-08-01 17:32:38"
"13540987729","2026-08-01 23:17:55.534","2026-08-01 23:17:55.534","13540987729","161421420","[PREMIUM]","[PREMIUM]","105","6","_",,,2,"[2]",519,"Terrace",10,"Mobile Transfer ticket",1,"[PREMIUM]","[PREMIUM]","[PREMIUM]","[PREMIUM]",true,false,"['Clear view']","2026-08-01 21:15:49"
"13510481655","2026-08-01 23:17:55.425","2026-08-04 23:19:40.418","13510481655","161421420","[PREMIUM]","[PREMIUM]","106","12","9001_9003","9001",,3,"[1,3]",519,"Terrace",10,"Mobile Transfer ticket",1,"[PREMIUM]","[PREMIUM]","[PREMIUM]","[PREMIUM]",true,false,"['Clear view']","2026-07-29 15:25:17"
"13530733460","2026-08-01 23:17:55.379","2026-08-01 23:17:55.379","13530733460","161421420","[PREMIUM]","[PREMIUM]","102","26","_",,,2,"[2]",519,"Terrace",10,"Mobile Transfer ticket",1,"[PREMIUM]","[PREMIUM]","[PREMIUM]","[PREMIUM]",true,false,"['Clear view']","2026-07-31 20:05:12"
"13412992972","2026-08-01 23:17:55.319","2026-08-13 23:17:26.771","13412992972","161421420","[PREMIUM]","[PREMIUM]","210","3","9001_9002","9001",,2,"[2]",2062,"Promenade",10,"Mobile Transfer ticket",1,"[PREMIUM]","[PREMIUM]","[PREMIUM]","[PREMIUM]",true,false,"['Third Row of Section','Clear view']","2026-07-20 23:20:16"
"13533587411","2026-08-01 23:17:55.319","2026-08-02 23:19:10.018","13533587411","161421420","[PREMIUM]","[PREMIUM]","110","12","_",,,4,"[1,2,4]",519,"Terrace",10,"Mobile Transfer ticket",1,"[PREMIUM]","[PREMIUM]","[PREMIUM]","[PREMIUM]",true,false,"['Clear view']","2026-08-01 01:51:55"
"13531912433","2026-08-01 23:17:55.227","2026-08-02 23:19:10.461","13531912433","161421420","[PREMIUM]","[PREMIUM]","223","2","9001_9002","9001",,2,"[2]",2062,"Promenade",10,"Mobile Transfer ticket",1,"[PREMIUM]","[PREMIUM]","[PREMIUM]","[PREMIUM]",true,false,"['Second Row of Section','Clear view']","2026-07-31 22:07:45"
"13537110176","2026-08-01 23:17:55.227","2026-08-12 23:10:18.835","13537110176","161421420","[PREMIUM]","[PREMIUM]","111A","28","33_33","33",,1,"[1]",519,"Terrace",10,"Mobile Transfer ticket",1,"[PREMIUM]","[PREMIUM]","[PREMIUM]","[PREMIUM]",false,false,"['Clear view']","2026-08-01 11:17:59"
"13526878579","2026-08-01 23:17:55.068","2026-08-02 23:19:10.932","13526878579","161421420","[PREMIUM]","[PREMIUM]","Club B","6","_",,,6,"[1,2,3,4,5,6]",3418,"Terrace Club",10,"Mobile Transfer ticket",1,"[PREMIUM]","[PREMIUM]","[PREMIUM]","[PREMIUM]",true,false,"['Clear view']","2026-07-31 07:31:14"
"13443230282","2026-08-01 23:17:55.042","2026-08-02 23:19:10.257","13443230282","161421420","[PREMIUM]","[PREMIUM]","206","11","9001_9010","9001",,10,"[1,2,3,4,5,6,7,8,10]",2062,"Promenade",10,"Mobile Transfer ticket",1,"[PREMIUM]","[PREMIUM]","[PREMIUM]","[PREMIUM]",true,false,"['Clear view']","2026-07-23 03:52:31"
"13533995655","2026-08-01 23:17:55.042","2026-08-09 23:14:08.913","13533995655","161421420","[PREMIUM]","[PREMIUM]","220","3","_",,,19,"[19]",2062,"Promenade",10,"Mobile Transfer ticket",1,"[PREMIUM]","[PREMIUM]","[PREMIUM]","[PREMIUM]",true,false,"['Third Row of Section','Clear view']","2026-08-01 02:39:30"
"13530709264","2026-08-01 23:17:55.032","2026-08-08 23:09:50.711","13530709264","161421420","[PREMIUM]","[PREMIUM]","110","6","_",,,4,"[2,4]",519,"Terrace",10,"Mobile Transfer ticket",1,"[PREMIUM]","[PREMIUM]","[PREMIUM]","[PREMIUM]",true,false,"['Clear view']","2026-07-31 20:02:48"
"13529527230","2026-08-01 23:17:55.015","2026-08-04 23:19:39.563","13529527230","161421420","[PREMIUM]","[PREMIUM]","223","3","_",,,8,"[1,2,3,4,5,6,7,8]",2062,"Promenade",10,"Mobile Transfer ticket",1,"[PREMIUM]","[PREMIUM]","[PREMIUM]","[PREMIUM]",true,false,"['Third Row of Section','Clear view']","2026-07-31 16:55:48"
"13541924978","2026-08-01 23:17:55.015","2026-08-12 23:10:18.894","13541924978","161421420","[PREMIUM]","[PREMIUM]","101","12","_",,,4,"[1,2,4]",519,"Terrace",10,"Mobile Transfer ticket",1,"[PREMIUM]","[PREMIUM]","[PREMIUM]","[PREMIUM]",true,false,"['Clear view']","2026-08-01 23:04:39"
"13443230864","2026-08-01 23:17:54.992","2026-08-02 23:19:09.932","13443230864","161421420","[PREMIUM]","[PREMIUM]","214","8","9001_9010","9001",,10,"[1,2,3,4,5,6,7,8,10]",2062,"Promenade",10,"Mobile Transfer ticket",1,"[PREMIUM]","[PREMIUM]","[PREMIUM]","[PREMIUM]",true,false,"['Clear view']","2026-07-23 03:52:34"
"13440908563","2026-08-01 23:17:54.992","2026-08-04 02:02:50.870","13440908563","161421420","[PREMIUM]","[PREMIUM]","230","16","9001_9010","9001",,10,"[1,2,3,4,5,6,7,8,10]",2062,"Promenade",10,"Mobile Transfer ticket",1,"[PREMIUM]","[PREMIUM]","[PREMIUM]","[PREMIUM]",true,false,"['Clear view']","2026-07-23 01:22:20"
"13536903396","2026-08-01 23:17:54.992","2026-08-04 02:02:50.654","13536903396","161421420","[PREMIUM]","[PREMIUM]","217","3","9001_9004","9001",,4,"[1,2,4]",2062,"Promenade",10,"Mobile Transfer ticket",1,"[PREMIUM]","[PREMIUM]","[PREMIUM]","[PREMIUM]",true,false,"['Third Row of Section','Clear view']","2026-08-01 10:06:51"
"13521196265","2026-08-01 23:17:54.850","2026-08-01 23:17:54.850","13521196265","161732318","[PREMIUM]","[PREMIUM]","107","N","_",,,2,"[2]",594,"Lower",10,"Mobile Transfer ticket",1,"[PREMIUM]","[PREMIUM]","[PREMIUM]","[PREMIUM]",true,false,"['Clear view']","2026-07-30 15:58:45"
"13521188085","2026-08-01 23:17:54.850","2026-08-01 23:17:54.850","13521188085","161732318","[PREMIUM]","[PREMIUM]","103","Z","_",,,2,"[2]",594,"Lower",10,"Mobile Transfer ticket",1,"[PREMIUM]","[PREMIUM]","[PREMIUM]","[PREMIUM]",true,false,"['Clear view']","2026-07-30 15:58:16"
"13521187895","2026-08-01 23:17:54.850","2026-08-14 23:18:30.548","13521187895","161732318","[PREMIUM]","[PREMIUM]","224","C","_",,,2,"[2]",407,"Upper",10,"Mobile Transfer ticket",1,"[PREMIUM]","[PREMIUM]","[PREMIUM]","[PREMIUM]",true,false,"['Third Row of Section','Clear view']","2026-07-30 15:58:14"
"13521196214","2026-08-01 23:17:54.850","2026-08-13 23:17:22.020","13521196214","161732318","[PREMIUM]","[PREMIUM]","102","S","_",,,3,"[3]",594,"Lower",10,"Mobile Transfer ticket",1,"[PREMIUM]","[PREMIUM]","[PREMIUM]","[PREMIUM]",true,false,"['Clear view']","2026-07-30 15:58:45"
"13521184944","2026-08-01 23:17:54.850","2026-08-13 23:17:22.020","13521184944","161732318","[PREMIUM]","[PREMIUM]","109","G","_",,,3,"[3]",594,"Lower",10,"Mobile Transfer ticket",1,"[PREMIUM]","[PREMIUM]","[PREMIUM]","[PREMIUM]",true,false,"['Clear view']","2026-07-30 15:57:50"
"13514676991","2026-08-01 23:17:54.850","2026-08-13 23:17:21.528","13514676991","161732318","[PREMIUM]","[PREMIUM]","209","W","_",,,2,"[2]",407,"Upper",10,"Mobile Transfer ticket",1,"[PREMIUM]","[PREMIUM]","[PREMIUM]","[PREMIUM]",true,false,"['Clear view']","2026-07-30 01:31:08"
"13540534935","2026-08-01 23:17:54.749","2026-08-02 23:19:09.375","13540534935","161677527","[PREMIUM]","[PREMIUM]","C121","16","_",,,2,"[2]",1724,"Club",10,"Mobile Transfer ticket",14,"[PREMIUM]","[PREMIUM]","[PREMIUM]","[PREMIUM]",true,false,"['Clear view']","2026-08-01 20:13:42"
"13540534420","2026-08-01 23:17:54.749","2026-08-02 23:19:09.375","13540534420","161677527","[PREMIUM]","[PREMIUM]","107","14","_",,,2,"[2]",594,"Lower",10,"Mobile Transfer ticket",14,"[PREMIUM]","[PREMIUM]","[PREMIUM]","[PREMIUM]",true,false,"['Clear view']","2026-08-01 20:13:39"
"13540534900","2026-08-01 23:17:54.749","2026-08-02 23:19:09.443","13540534900","161677527","[PREMIUM]","[PREMIUM]","C108","16","_",,,2,"[2]",1724,"Club",10,"Mobile Transfer ticket",14,"[PREMIUM]","[PREMIUM]","[PREMIUM]","[PREMIUM]",true,false,"['Clear view']","2026-08-01 20:13:42"
"13540534921","2026-08-01 23:17:54.749","2026-08-02 23:19:09.375","13540534921","161677527","[PREMIUM]","[PREMIUM]","C107","16","_",,,2,"[2]",1724,"Club",10,"Mobile Transfer ticket",14,"[PREMIUM]","[PREMIUM]","[PREMIUM]","[PREMIUM]",true,false,"['Clear view']","2026-08-01 20:13:42"
"13540534928","2026-08-01 23:17:54.749","2026-08-02 23:19:09.375","13540534928","161677527","[PREMIUM]","[PREMIUM]","120","14","_",,,2,"[2]",594,"Lower",10,"Mobile Transfer ticket",14,"[PREMIUM]","[PREMIUM]","[PREMIUM]","[PREMIUM]",true,false,"['Clear view']","2026-08-01 20:13:42"
"13540534161","2026-08-01 23:17:54.709","2026-08-02 23:19:08.665","13540534161","161677527","[PREMIUM]","[PREMIUM]","119","14","_",,,2,"[2]",594,"Lower",10,"Mobile Transfer ticket",14,"[PREMIUM]","[PREMIUM]","[PREMIUM]","[PREMIUM]",true,false,"['Clear view']","2026-08-01 20:13:38"
"13540534774","2026-08-01 23:17:54.709","2026-08-02 23:19:09.443","13540534774","161677527","[PREMIUM]","[PREMIUM]","C119","16","_",,,2,"[2]",1724,"Club",10,"Mobile Transfer ticket",14,"[PREMIUM]","[PREMIUM]","[PREMIUM]","[PREMIUM]",true,false,"['Clear view']","2026-08-01 20:13:42"
"13540534839","2026-08-01 23:17:54.709","2026-08-02 23:19:09.443","13540534839","161677527","[PREMIUM]","[PREMIUM]","122","14","_",,,2,"[2]",594,"Lower",10,"Mobile Transfer ticket",14,"[PREMIUM]","[PREMIUM]","[PREMIUM]","[PREMIUM]",true,false,"['Clear view']","2026-08-01 20:13:42"
"13540534348","2026-08-01 23:17:54.709","2026-08-02 23:19:09.443","13540534348","161677527","[PREMIUM]","[PREMIUM]","109","14","_",,,2,"[2]",594,"Lower",10,"Mobile Transfer ticket",14,"[PREMIUM]","[PREMIUM]","[PREMIUM]","[PREMIUM]",true,false,"['Clear view']","2026-08-01 20:13:39"
"13540534368","2026-08-01 23:17:54.709","2026-08-02 23:19:09.443","13540534368","161677527","[PREMIUM]","[PREMIUM]","C109","16","_",,,2,"[2]",1724,"Club",10,"Mobile Transfer ticket",14,"[PREMIUM]","[PREMIUM]","[PREMIUM]","[PREMIUM]",true,false,"['Clear view']","2026-08-01 20:13:39"
"13540534811","2026-08-01 23:17:54.709","2026-08-02 23:19:09.443","13540534811","161677527","[PREMIUM]","[PREMIUM]","C122","16","_",,,2,"[2]",1724,"Club",10,"Mobile Transfer ticket",14,"[PREMIUM]","[PREMIUM]","[PREMIUM]","[PREMIUM]",true,false,"['Clear view']","2026-08-01 20:13:42"
"13440911634","2026-08-01 23:17:54.442","2026-08-02 23:19:09.333","13440911634","161421420","[PREMIUM]","[PREMIUM]","217","9","9001_9004","9001",,4,"[1,2,4]",2062,"Promenade",10,"Mobile Transfer ticket",1,"[PREMIUM]","[PREMIUM]","[PREMIUM]","[PREMIUM]",true,false,"['Clear view']","2026-07-23 01:23:07"
"13536741236","2026-08-01 23:17:54.442","2026-08-02 23:19:09.333","13536741236","161421420","[PREMIUM]","[PREMIUM]","217","5","_",,,8,"[1,2,3,4,5,6,7,8]",2062,"Promenade",10,"Mobile Transfer ticket",1,"[PREMIUM]","[PREMIUM]","[PREMIUM]","[PREMIUM]",true,false,"['Clear view']","2026-08-01 09:24:22"
"13540987209","2026-08-01 23:17:54.442","2026-08-01 23:17:54.442","13540987209","161421420","[PREMIUM]","[PREMIUM]","216","7","_",,,2,"[2]",2062,"Promenade",10,"Mobile Transfer ticket",1,"[PREMIUM]","[PREMIUM]","[PREMIUM]","[PREMIUM]",true,false,"['Clear view']","2026-08-01 21:15:46"
"13528404497","2026-08-01 23:17:54.385","2026-08-10 23:09:26.611","13528404497","161097029","[PREMIUM]","[PREMIUM]","105","7","_",,,4,"[1,2,3,4]",1687,"Lower Level",10,"Mobile Transfer ticket",1,"[PREMIUM]","[PREMIUM]","[PREMIUM]","[PREMIUM]",true,false,"['Clear view']","2026-07-31 13:21:58"
"13530273272","2026-08-01 23:17:54.385","2026-08-13 23:13:52.886","13530273272","161097029","[PREMIUM]","[PREMIUM]","108","1","3_4","3",,2,"[2]",1687,"Lower Level",10,"Mobile Transfer ticket",1,"[PREMIUM]","[PREMIUM]","[PREMIUM]","[PREMIUM]",true,false,"['Behind home bench','Front Row of Section','Clear view']","2026-07-31 19:04:53"
"13530278783","2026-08-01 23:17:54.385","2026-08-13 23:13:52.886","13530278783","161097029","[PREMIUM]","[PREMIUM]","105","1","16_17","16",,2,"[2]",1687,"Lower Level",10,"Mobile Transfer ticket",1,"[PREMIUM]","[PREMIUM]","[PREMIUM]","[PREMIUM]",true,false,"['Behind visitor bench','Front Row of Section','Clear view']","2026-07-31 19:06:04"
"13528404507","2026-08-01 23:17:54.141","2026-08-04 02:02:45.413","13528404507","161097029","[PREMIUM]","[PREMIUM]","108","17","_",,,2,"[2]",1687,"Lower Level",10,"Mobile Transfer ticket",1,"[PREMIUM]","[PREMIUM]","[PREMIUM]","[PREMIUM]",true,false,"['Clear view']","2026-07-31 13:21:58"
"13528404488","2026-08-01 23:17:54.141","2026-08-01 23:17:54.141","13528404488","161097029","[PREMIUM]","[PREMIUM]","108","14","_",,,2,"[2]",1687,"Lower Level",10,"Mobile Transfer ticket",1,"[PREMIUM]","[PREMIUM]","[PREMIUM]","[PREMIUM]",true,false,"['Clear view']","2026-07-31 13:21:58"
"13528404510","2026-08-01 23:17:54.141","2026-08-10 23:09:26.565","13528404510","161097029","[PREMIUM]","[PREMIUM]","108","19","_",,,2,"[2]",1687,"Lower Level",10,"Mobile Transfer ticket",1,"[PREMIUM]","[PREMIUM]","[PREMIUM]","[PREMIUM]",true,false,"['Clear view']","2026-07-31 13:21:58"
"13528404493","2026-08-01 23:17:54.141","2026-08-10 23:09:26.565","13528404493","161097029","[PREMIUM]","[PREMIUM]","108","18","_",,,2,"[2]",1687,"Lower Level",10,"Mobile Transfer ticket",1,"[PREMIUM]","[PREMIUM]","[PREMIUM]","[PREMIUM]",true,false,"['Clear view']","2026-07-31 13:21:58"
"13540534190","2026-08-01 23:17:54.137","2026-08-02 23:19:08.665","13540534190","161677527","[PREMIUM]","[PREMIUM]","106","14","_",,,2,"[2]",594,"Lower",10,"Mobile Transfer ticket",14,"[PREMIUM]","[PREMIUM]","[PREMIUM]","[PREMIUM]",true,false,"['Clear view']","2026-08-01 20:13:38"
"13540534981","2026-08-01 23:17:54.137","2026-08-02 23:19:08.665","13540534981","161677527","[PREMIUM]","[PREMIUM]","C106","16","_",,,2,"[2]",1724,"Club",10,"Mobile Transfer ticket",14,"[PREMIUM]","[PREMIUM]","[PREMIUM]","[PREMIUM]",true,false,"['Clear view']","2026-08-01 20:13:43"
"13490919907","2026-08-01 23:17:54.125","2026-08-07 08:10:50.947","13490919907","161097029","[PREMIUM]","[PREMIUM]","118","13","_",,,4,"[2,4]",1687,"Lower Level",10,"Mobile Transfer ticket",1,"[PREMIUM]","[PREMIUM]","[PREMIUM]","[PREMIUM]",true,false,"['Center court','Clear view']","2026-07-27 16:09:19"
"13492641785","2026-08-01 23:17:53.970","2026-08-12 23:10:13.642","13492641785","161097029","[PREMIUM]","[PREMIUM]","118","22","_",,,2,"[2]",1687,"Lower Level",10,"Mobile Transfer ticket",1,"[PREMIUM]","[PREMIUM]","[PREMIUM]","[PREMIUM]",true,false,"['Clear view']","2026-07-27 20:00:56"
"13445226648","2026-08-01 23:17:53.877","2026-08-14 23:13:24.934","13445226648","161097029","[PREMIUM]","[PREMIUM]","101","17","1_1","1","1",1,"[1]",1687,"Lower Level",10,"Mobile Transfer ticket",1,"[PREMIUM]","[PREMIUM]","[PREMIUM]","[PREMIUM]",false,false,"['Clear view']","2026-07-23 09:06:58"
"13540966528","2026-08-01 23:17:53.877","2026-08-01 23:17:53.877","13540966528","161097029","[PREMIUM]","[PREMIUM]","302","6","9001_9002","9001",,2,"[2]",1713,"Middle Level",11,"Mobile ticket",1,"[PREMIUM]","[PREMIUM]","[PREMIUM]","[PREMIUM]",true,false,"['Clear view']","2026-08-01 21:12:19"
"13533008596","2026-08-01 23:17:53.761","2026-08-09 23:14:03.181","13533008596","161097029","[PREMIUM]","[PREMIUM]","301","5","_",,,2,"[2]",1713,"Middle Level",10,"Mobile Transfer ticket",1,"[PREMIUM]","[PREMIUM]","[PREMIUM]","[PREMIUM]",true,false,"['Clear view']","2026-08-01 00:22:27"
"13541226523","2026-08-01 23:17:53.761","2026-08-10 23:09:26.164","13541226523","161097029","[PREMIUM]","[PREMIUM]","316","6","_",,,6,"[1,2,3,4,5,6]",1713,"Middle Level",10,"Mobile Transfer ticket",1,"[PREMIUM]","[PREMIUM]","[PREMIUM]","[PREMIUM]",true,false,"['Clear view']","2026-08-01 21:48:31"
"13540962472","2026-08-01 23:17:53.441","2026-08-01 23:17:53.441","13540962472","161693076","[PREMIUM]","[PREMIUM]","24","11","9001_9002","9001",,2,"[2]",594,"Lower",10,"Mobile Transfer ticket",1,"[PREMIUM]","[PREMIUM]","[PREMIUM]","[PREMIUM]",true,false,"['Clear view']","2026-08-01 21:11:14"
"13540962548","2026-08-01 23:17:53.441","2026-08-01 23:17:53.441","13540962548","161693076","[PREMIUM]","[PREMIUM]","8","9","9001_9003","9001",,3,"[1,2,3]",594,"Lower",10,"Mobile Transfer ticket",1,"[PREMIUM]","[PREMIUM]","[PREMIUM]","[PREMIUM]",true,false,"['Clear view']","2026-08-01 21:11:14"
"13540971878","2026-08-01 23:17:53.413","2026-08-02 23:19:03.070","13540971878","161493119","[PREMIUM]","[PREMIUM]","107","34","_",,,2,"[2]",518,"Plaza",10,"Mobile Transfer ticket",14,"[PREMIUM]","[PREMIUM]","[PREMIUM]","[PREMIUM]",true,false,"['Clear view']","2026-08-01 21:13:18"
"13528472775","2026-08-01 23:17:53.336","2026-08-14 23:13:26.316","13528472775","161693076","[PREMIUM]","[PREMIUM]","9","A","_",,,4,"[2,4]",594,"Lower",10,"Mobile Transfer ticket",1,"[PREMIUM]","[PREMIUM]","[PREMIUM]","[PREMIUM]",true,false,"['Front Row of Section','Clear view']","2026-07-31 13:39:57"
"13540962523","2026-08-01 23:17:53.336","2026-08-01 23:17:53.336","13540962523","161693076","[PREMIUM]","[PREMIUM]","8","7","9001_9002","9001",,2,"[2]",594,"Lower",10,"Mobile Transfer ticket",1,"[PREMIUM]","[PREMIUM]","[PREMIUM]","[PREMIUM]",true,false,"['Second Row of Section','Clear view']","2026-08-01 21:11:14"
"13538881411","2026-08-01 23:17:53.255","2026-08-13 23:13:51.548","13538881411","161693076","[PREMIUM]","[PREMIUM]","8","17","_",,,2,"[2]",594,"Lower",10,"Mobile Transfer ticket",1,"[PREMIUM]","[PREMIUM]","[PREMIUM]","[PREMIUM]",true,false,"['Clear view']","2026-08-01 16:18:18"
"13538260356","2026-08-01 23:17:53.211","2026-08-01 23:17:53.211","13538260356","161693076","[PREMIUM]","[PREMIUM]","7","6","_",,,2,"[2]",594,"Lower",10,"Mobile Transfer ticket",1,"[PREMIUM]","[PREMIUM]","[PREMIUM]","[PREMIUM]",true,false,"['Front Row of Section','Clear view']","2026-08-01 14:32:15"
"13540962537","2026-08-01 23:17:53.211","2026-08-01 23:17:53.211","13540962537","161693076","[PREMIUM]","[PREMIUM]","31","E","9001_9002","9001",,2,"[2]",594,"Lower",10,"Mobile Transfer ticket",1,"[PREMIUM]","[PREMIUM]","[PREMIUM]","[PREMIUM]",true,false,"['Clear view']","2026-08-01 21:11:14"
"13541805262","2026-08-01 23:17:53.211","2026-08-01 23:17:53.211","13541805262","161693076","[PREMIUM]","[PREMIUM]","6","4","9001_9002","9001",,2,"[2]",594,"Lower",10,"Mobile Transfer ticket",1,"[PREMIUM]","[PREMIUM]","[PREMIUM]","[PREMIUM]",true,false,"['Clear view']","2026-08-01 22:52:33"
"13538876332","2026-08-01 23:17:53.141","2026-08-02 23:19:08.392","13538876332","161693076","[PREMIUM]","[PREMIUM]","24","15","_",,,2,"[2]",594,"Lower",10,"Mobile Transfer ticket",1,"[PREMIUM]","[PREMIUM]","[PREMIUM]","[PREMIUM]",true,false,"['Clear view']","2026-08-01 16:16:42"
"13541095168","2026-08-01 23:17:53.043","2026-08-01 23:17:53.043","13541095168","161693076","[PREMIUM]","[PREMIUM]","29","5","9001_9003","9001",,3,"[1,2,3]",594,"Lower",10,"Mobile Transfer ticket",1,"[PREMIUM]","[PREMIUM]","[PREMIUM]","[PREMIUM]",true,false,"['Third Row of Section','Clear view']","2026-08-01 21:29:03"
"13538884824","2026-08-01 23:17:53.040","2026-08-10 23:09:24.435","13538884824","161693076","[PREMIUM]","[PREMIUM]","7","15","_",,,2,"[2]",594,"Lower",10,"Mobile Transfer ticket",1,"[PREMIUM]","[PREMIUM]","[PREMIUM]","[PREMIUM]",true,false,"['Clear view']","2026-08-01 16:19:15"
"13541114833","2026-08-01 23:17:53.037","2026-08-04 02:02:44.598","13541114833","161097029","[PREMIUM]","[PREMIUM]","403","2","9001_9004","9001",,4,"[1,2,3,4]",954,"Upper Level",11,"Mobile ticket",1,"[PREMIUM]","[PREMIUM]","[PREMIUM]","[PREMIUM]",true,false,"['ADA Accessible','Second Row of Section','Clear view']","2026-08-01 21:31:57"
"13528471272","2026-08-01 23:17:52.755","2026-08-12 23:10:12.158","13528471272","161693076","[PREMIUM]","[PREMIUM]","107","5","_",,,4,"[1,2,4]",471,"Middle",10,"Mobile Transfer ticket",1,"[PREMIUM]","[PREMIUM]","[PREMIUM]","[PREMIUM]",true,false,"['Second Row of Section','Clear view']","2026-07-31 13:39:46"
"13541283419","2026-08-01 23:17:52.755","2026-08-01 23:17:52.755","13541283419","161693076","[PREMIUM]","[PREMIUM]","13","18","9001_9003","9001",,3,"[1,2,3]",594,"Lower",10,"Mobile Transfer ticket",1,"[PREMIUM]","[PREMIUM]","[PREMIUM]","[PREMIUM]",true,false,"['Clear view']","2026-08-01 21:57:30"
"13530520977","2026-08-01 23:17:52.647","2026-08-01 23:17:52.647","13530520977","161693076","[PREMIUM]","[PREMIUM]","225","1","_",,,6,"[1,2,3,4,5,6]",407,"Upper",10,"Mobile Transfer ticket",1,"[PREMIUM]","[PREMIUM]","[PREMIUM]","[PREMIUM]",true,false,"['Front Row of Section','Clear view']","2026-07-31 19:43:31"
"13538983905","2026-08-01 23:17:52.571","2026-08-01 23:17:52.571","13538983905","161693076","[PREMIUM]","[PREMIUM]","108","5","_",,,4,"[2,4]",471,"Middle",10,"Mobile Transfer ticket",1,"[PREMIUM]","[PREMIUM]","[PREMIUM]","[PREMIUM]",true,false,"['Second Row of Section','Clear view']","2026-08-01 16:39:27"
"13532694202","2026-08-01 23:17:52.552","2026-08-14 23:13:25.140","13532694202","161693076","[PREMIUM]","[PREMIUM]","122","1","_",,,4,"[2,4]",471,"Middle",10,"Mobile Transfer ticket",1,"[PREMIUM]","[PREMIUM]","[PREMIUM]","[PREMIUM]",true,false,"['Front Row of Section','Clear view']","2026-07-31 23:35:34"
"13536254898","2026-08-01 23:17:52.552","2026-08-01 23:17:52.552","13536254898","161693076","[PREMIUM]","[PREMIUM]","122","9","_",,,4,"[1,2,3,4]",471,"Middle",10,"Mobile Transfer ticket",1,"[PREMIUM]","[PREMIUM]","[PREMIUM]","[PREMIUM]",true,false,"['Clear view']","2026-08-01 08:00:47"
"13536368433","2026-08-01 23:17:52.552","2026-08-01 23:17:52.552","13536368433","161693076","[PREMIUM]","[PREMIUM]","122","7","_",,,2,"[2]",471,"Middle",10,"Mobile Transfer ticket",1,"[PREMIUM]","[PREMIUM]","[PREMIUM]","[PREMIUM]",true,false,"['Clear view']","2026-08-01 08:17:38"
"13541151621","2026-08-01 23:17:52.546","2026-08-01 23:17:52.546","13541151621","161693076","[PREMIUM]","[PREMIUM]","110","6","9001_9003","9001",,3,"[1,2,3]",471,"Middle",10,"Mobile Transfer ticket",1,"[PREMIUM]","[PREMIUM]","[PREMIUM]","[PREMIUM]",true,false,"['Clear view']","2026-08-01 21:37:23"
"13530772459","2026-08-01 23:17:52.526","2026-08-02 23:19:07.343","13530772459","161693076","[PREMIUM]","[PREMIUM]","129","7","_",,,2,"[2]",471,"Middle",10,"Mobile Transfer ticket",1,"[PREMIUM]","[PREMIUM]","[PREMIUM]","[PREMIUM]",true,false,"['Clear view']","2026-07-31 20:07:24"
"13529439860","2026-08-01 23:17:52.496","2026-08-10 23:09:23.965","13529439860","161693076","[PREMIUM]","[PREMIUM]","16","13","3_4","3",,2,"[2]",594,"Lower",10,"Mobile Transfer ticket",1,"[PREMIUM]","[PREMIUM]","[PREMIUM]","[PREMIUM]",true,false,"['Clear view']","2026-07-31 16:38:06"
"13540349181","2026-08-01 23:17:52.496","2026-08-01 23:17:52.496","13540349181","161693076","[PREMIUM]","[PREMIUM]","120","7","9001_9002","9001",,2,"[2]",471,"Middle",10,"Mobile Transfer ticket",1,"[PREMIUM]","[PREMIUM]","[PREMIUM]","[PREMIUM]",true,false,"['Clear view']","2026-08-01 19:47:46"
"13529636260","2026-08-01 23:17:52.323","2026-08-02 23:19:07.030","13529636260","161693076","[PREMIUM]","[PREMIUM]","212","6","_",,,4,"[2,4]",407,"Upper",10,"Mobile Transfer ticket",14,"[PREMIUM]","[PREMIUM]","[PREMIUM]","[PREMIUM]",true,false,"['Clear view']","2026-07-31 17:13:14"
"13540962251","2026-08-01 23:17:52.110","2026-08-01 23:17:52.110","13540962251","161693076","[PREMIUM]","[PREMIUM]","223","7","9001_9002","9001",,2,"[2]",407,"Upper",10,"Mobile Transfer ticket",1,"[PREMIUM]","[PREMIUM]","[PREMIUM]","[PREMIUM]",true,false,"['Clear view']","2026-08-01 21:11:13"
"13538891247","2026-08-01 23:17:52.110","2026-08-10 23:09:23.656","13538891247","161693076","[PREMIUM]","[PREMIUM]","16","15","_",,,2,"[2]",594,"Lower",10,"Mobile Transfer ticket",1,"[PREMIUM]","[PREMIUM]","[PREMIUM]","[PREMIUM]",true,false,"['Clear view']","2026-08-01 16:20:39"
"13538471843","2026-08-01 23:17:52.105","2026-08-08 23:09:44.181","13538471843","161693076","[PREMIUM]","[PREMIUM]","207","16","_",,,8,"[1,2,3,4,6,8]",407,"Upper",10,"Mobile Transfer ticket",14,"[PREMIUM]","[PREMIUM]","[PREMIUM]","[PREMIUM]",true,false,"['Clear view']","2026-08-01 15:04:34"
"13539951341","2026-08-01 23:17:52.100","2026-08-01 23:17:52.100","13539951341","161693076","[PREMIUM]","[PREMIUM]","230","5","_",,,4,"[2,4]",407,"Upper",10,"Mobile Transfer ticket",1,"[PREMIUM]","[PREMIUM]","[PREMIUM]","[PREMIUM]",true,false,"['Clear view']","2026-08-01 18:55:43"
"13529948767","2026-08-01 23:17:52.087","2026-08-01 23:17:52.087","13529948767","161693076","[PREMIUM]","[PREMIUM]","207","8","_",,,4,"[2,4]",407,"Upper",10,"Mobile Transfer ticket",14,"[PREMIUM]","[PREMIUM]","[PREMIUM]","[PREMIUM]",true,false,"['Clear view']","2026-07-31 17:51:23"
"13515742237","2026-08-01 23:17:52.086","2026-08-01 23:17:52.086","13515742237","161693076","[PREMIUM]","[PREMIUM]","202","5","9001_9003","9001",,3,"[1,3]",407,"Upper",10,"Mobile Transfer ticket",1,"[PREMIUM]","[PREMIUM]","[PREMIUM]","[PREMIUM]",true,false,"['Clear view']","2026-07-30 04:36:59"
"13528471320","2026-08-01 23:17:52.086","2026-08-13 23:13:50.322","13528471320","161693076","[PREMIUM]","[PREMIUM]","225","5","_",,,3,"[1,3]",407,"Upper",10,"Mobile Transfer ticket",1,"[PREMIUM]","[PREMIUM]","[PREMIUM]","[PREMIUM]",true,false,"['Clear view']","2026-07-31 13:39:47"
"13539355752","2026-08-01 23:17:52.086","2026-08-01 23:17:52.086","13539355752","161693076","[PREMIUM]","[PREMIUM]","222","1","_",,,4,"[1,2,3,4]",407,"Upper",10,"Mobile Transfer ticket",1,"[PREMIUM]","[PREMIUM]","[PREMIUM]","[PREMIUM]",true,false,"['Front Row of Section','Clear view']","2026-08-01 17:40:05"
"13540842968","2026-08-01 23:17:52.086","2026-08-01 23:17:52.086","13540842968","161693076","[PREMIUM]","[PREMIUM]","218","1","_",,,3,"[1,2,3]",407,"Upper",10,"Mobile Transfer ticket",1,"[PREMIUM]","[PREMIUM]","[PREMIUM]","[PREMIUM]",true,false,"['Front Row of Section','Clear view']","2026-08-01 20:56:15"
"13514149136","2026-08-01 23:17:52.073","2026-08-04 23:19:35.547","13514149136","161693076","[PREMIUM]","[PREMIUM]","209","7","_",,,4,"[1,2,3,4]",407,"Upper",10,"Mobile Transfer ticket",1,"[PREMIUM]","[PREMIUM]","[PREMIUM]","[PREMIUM]",true,false,"['Center court','Clear view']","2026-07-30 00:16:13"
"13528239298","2026-08-01 23:17:52.073","2026-08-02 23:19:07.247","13528239298","161693076","[PREMIUM]","[PREMIUM]","223","12","_",,,3,"[1,2,3]",407,"Upper",10,"Mobile Transfer ticket",1,"[PREMIUM]","[PREMIUM]","[PREMIUM]","[PREMIUM]",true,false,"['Clear view']","2026-07-31 12:31:06"
"13541704741","2026-08-01 23:17:52.068","2026-08-01 23:17:52.068","13541704741","161693076","[PREMIUM]","[PREMIUM]","214","8","_",,,2,"[2]",407,"Upper",10,"Mobile Transfer ticket",14,"[PREMIUM]","[PREMIUM]","[PREMIUM]","[PREMIUM]",true,false,"['Clear view']","2026-08-01 22:43:56"
"13515742238","2026-08-01 23:17:52.062","2026-08-01 23:17:52.062","13515742238","161693076","[PREMIUM]","[PREMIUM]","205","5","9001_9002","9001",,2,"[2]",407,"Upper",10,"Mobile Transfer ticket",1,"[PREMIUM]","[PREMIUM]","[PREMIUM]","[PREMIUM]",true,false,"['Clear view']","2026-07-30 04:36:59"
"13541283792","2026-08-01 23:17:52.062","2026-08-01 23:17:52.062","13541283792","161693076","[PREMIUM]","[PREMIUM]","222","2","9001_9002","9001",,2,"[2]",407,"Upper",10,"Mobile Transfer ticket",1,"[PREMIUM]","[PREMIUM]","[PREMIUM]","[PREMIUM]",true,false,"['Second Row of Section','Clear view']","2026-08-01 21:57:31"
"13541014849","2026-08-01 23:17:52.062","2026-08-01 23:17:52.062","13541014849","161693076","[PREMIUM]","[PREMIUM]","204","2","9001_9002","9001",,2,"[2]",407,"Upper",10,"Mobile Transfer ticket",1,"[PREMIUM]","[PREMIUM]","[PREMIUM]","[PREMIUM]",true,false,"['Second Row of Section','Clear view']","2026-08-01 21:18:35"
"13530194886","2026-08-01 23:17:51.532","2026-08-01 23:17:51.532","13530194886","161693076","[PREMIUM]","[PREMIUM]","230","7","_",,,3,"[1,3]",407,"Upper",10,"Mobile Transfer ticket",14,"[PREMIUM]","[PREMIUM]","[PREMIUM]","[PREMIUM]",true,false,"['Clear view']","2026-07-31 18:41:25"
"13533465313","2026-08-01 23:17:51.532","2026-08-01 23:17:51.532","13533465313","161693076","[PREMIUM]","[PREMIUM]","202","7","_",,,3,"[1,3]",407,"Upper",10,"Mobile Transfer ticket",14,"[PREMIUM]","[PREMIUM]","[PREMIUM]","[PREMIUM]",true,false,"['Clear view']","2026-08-01 01:27:02"
"13541704731","2026-08-01 23:17:51.532","2026-08-01 23:17:51.532","13541704731","161693076","[PREMIUM]","[PREMIUM]","214","7","_",,,4,"[2,4]",407,"Upper",10,"Mobile Transfer ticket",14,"[PREMIUM]","[PREMIUM]","[PREMIUM]","[PREMIUM]",true,false,"['Clear view']","2026-08-01 22:43:56"
"13528375696","2026-08-01 23:17:50.906","2026-08-13 23:13:56.701","13528375696","161474786","[PREMIUM]","[PREMIUM]","T24","AA","8_9","8","9",2,"[2]",1725,"Terrace Suites",10,"Mobile Transfer ticket",1,"[PREMIUM]","[PREMIUM]","[PREMIUM]","[PREMIUM]",true,false,"['Actual 1st row of the section','Aisle seat','Club Suite','Includes food, wine, beer and soft drinks (no liquor)','VIP Club Access w/ private entrance & restrooms','Extra legroom','Clear view']","2026-07-31 13:16:25"
"13535694897","2026-08-01 23:17:50.713","2026-08-11 23:10:12.730","13535694897","161474786","[PREMIUM]","[PREMIUM]","117","DD","6_7","6",,2,"[2]",594,"Lower",10,"Mobile Transfer ticket",1,"[PREMIUM]","[PREMIUM]","[PREMIUM]","[PREMIUM]",true,false,"['Clear view']","2026-08-01 06:30:13"
"13528327477","2026-08-01 23:17:50.663","2026-08-05 23:21:27.119","13528327477","161474786","[PREMIUM]","[PREMIUM]","119","QQ","_",,,2,"[2]",594,"Lower",10,"Mobile Transfer ticket",1,"[PREMIUM]","[PREMIUM]","[PREMIUM]","[PREMIUM]",true,false,"['Clear view']","2026-07-31 13:03:53"
"13537227185","2026-08-01 23:17:50.569","2026-08-02 23:19:06.293","13537227185","161474786","[PREMIUM]","[PREMIUM]","103L","C","9001_9002","9001","9002",2,"[2]",1427,"Risers",10,"Mobile Transfer ticket",13,"[PREMIUM]","[PREMIUM]","[PREMIUM]","[PREMIUM]",true,false,"['Third Row of Section','Clear view']","2026-08-01 11:38:36"
"13527666838","2026-08-01 23:17:50.513","2026-08-02 23:19:06.280","13527666838","161474786","[PREMIUM]","[PREMIUM]","102L","A","9001_9001","9001",,1,"[1]",1427,"Risers",11,"Mobile ticket",1,"[PREMIUM]","[PREMIUM]","[PREMIUM]","[PREMIUM]",false,false,"['Front Row of Section','Clear view']","2026-07-31 10:40:33"
"13537224330","2026-08-01 23:17:50.486","2026-08-02 23:19:06.293","13537224330","161474786","[PREMIUM]","[PREMIUM]","103L","A","9001_9002","9001","9002",2,"[2]",1427,"Risers",10,"Mobile Transfer ticket",13,"[PREMIUM]","[PREMIUM]","[PREMIUM]","[PREMIUM]",true,false,"['Front Row of Section','Clear view']","2026-08-01 11:36:50"
"13433784661","2026-08-01 23:17:50.370","2026-08-12 23:10:07.665","13433784661","161474786","[PREMIUM]","[PREMIUM]","111","L","_",,,4,"[1,2,3,4]",594,"Lower",10,"Mobile Transfer ticket",1,"[PREMIUM]","[PREMIUM]","[PREMIUM]","[PREMIUM]",true,false,"['Clear view']","2026-07-22 17:13:28"
"13539532428","2026-08-01 23:17:49.701","2026-08-04 02:02:47.227","13539532428","161474785","[PREMIUM]","[PREMIUM]","118","GG","_",,,2,"[2]",594,"Lower",10,"Mobile Transfer ticket",1,"[PREMIUM]","[PREMIUM]","[PREMIUM]","[PREMIUM]",true,false,"['Clear view']","2026-08-01 18:06:23"
"13528369748","2026-08-01 23:17:49.575","2026-08-14 23:13:36.963","13528369748","161474785","[PREMIUM]","[PREMIUM]","T24","AA","8_9","8","9",2,"[2]",1725,"Terrace Suites",10,"Mobile Transfer ticket",1,"[PREMIUM]","[PREMIUM]","[PREMIUM]","[PREMIUM]",true,false,"['Front Row of Section','Clear view']","2026-07-31 13:14:04"
"13529529272","2026-08-01 23:17:49.432","2026-08-10 23:09:20.894","13529529272","161474786","[PREMIUM]","[PREMIUM]","220","D","_",,,4,"[1,2,3,4]",407,"Upper",10,"Mobile Transfer ticket",1,"[PREMIUM]","[PREMIUM]","[PREMIUM]","[PREMIUM]",true,false,"['Clear view']","2026-07-31 16:56:17"
"13462292487","2026-08-01 23:17:49.293","2026-08-10 23:09:20.751","13462292487","161474786","[PREMIUM]","[PREMIUM]","225","H","_",,,6,"[1,2,3,4,5,6]",407,"Upper",10,"Mobile Transfer ticket",1,"[PREMIUM]","[PREMIUM]","[PREMIUM]","[PREMIUM]",true,false,"['Clear view']","2026-07-24 16:05:32"
"13409500623","2026-08-01 23:17:49.193","2026-08-05 23:21:26.244","13409500623","161474786","[PREMIUM]","[PREMIUM]","220","R","_",,,5,"[1,2,3,4,5]",407,"Upper",10,"Mobile Transfer ticket",1,"[PREMIUM]","[PREMIUM]","[PREMIUM]","[PREMIUM]",true,false,"['Clear view']","2026-07-20 18:58:33"
"13409500631","2026-08-01 23:17:49.193","2026-08-10 23:09:21.111","13409500631","161474786","[PREMIUM]","[PREMIUM]","226","N","_",,,5,"[1,2,3,4,5]",407,"Upper",10,"Mobile Transfer ticket",1,"[PREMIUM]","[PREMIUM]","[PREMIUM]","[PREMIUM]",true,false,"['Clear view']","2026-07-20 18:58:33"
"13525417874","2026-08-01 23:17:49.193","2026-08-10 23:09:20.772","13525417874","161474786","[PREMIUM]","[PREMIUM]","216","B","_",,,4,"[1,2,3,4]",407,"Upper",10,"Mobile Transfer ticket",1,"[PREMIUM]","[PREMIUM]","[PREMIUM]","[PREMIUM]",true,false,"['Second Row of Section','Clear view']","2026-07-31 02:32:04"
"13536540588","2026-08-01 23:17:48.390","2026-08-01 23:17:48.390","13536540588","161493119","[PREMIUM]","[PREMIUM]","201","10","16_17","16",,2,"[2]",329,"Balcony",10,"Mobile Transfer ticket",14,"[PREMIUM]","[PREMIUM]","[PREMIUM]","[PREMIUM]",true,false,"['Clear view']","2026-08-01 08:44:10"
"13525750068","2026-08-01 23:17:48.126","2026-08-04 02:02:46.709","13525750068","161493119","[PREMIUM]","[PREMIUM]","227","17","2_3","2",,2,"[2]",329,"Balcony",10,"Mobile Transfer ticket",14,"[PREMIUM]","[PREMIUM]","[PREMIUM]","[PREMIUM]",true,false,"['Clear view']","2026-07-31 03:29:16"
"13528793806","2026-08-01 23:17:48.126","2026-08-05 23:21:24.453","13528793806","161493119","[PREMIUM]","[PREMIUM]","220","13","2_12","2",,11,"[11]",329,"Balcony",10,"Mobile Transfer ticket",14,"[PREMIUM]","[PREMIUM]","[PREMIUM]","[PREMIUM]",true,false,"['Clear view']","2026-07-31 14:39:00"
"13540956074","2026-08-01 23:17:48.125","2026-08-02 23:19:03.104","13540956074","161493119","[PREMIUM]","[PREMIUM]","112","28","_",,,2,"[2]",518,"Plaza",10,"Mobile Transfer ticket",14,"[PREMIUM]","[PREMIUM]","[PREMIUM]","[PREMIUM]",true,false,"['Clear view']","2026-08-01 21:10:33"
"13518947353","2026-08-01 23:17:48.086","2026-08-02 23:19:02.776","13518947353","161493119","[PREMIUM]","[PREMIUM]","224","8","_",,,2,"[2]",329,"Balcony",10,"Mobile Transfer ticket",1,"[PREMIUM]","[PREMIUM]","[PREMIUM]","[PREMIUM]",true,false,"['Clear view']","2026-07-30 10:42:18"
"13518947358","2026-08-01 23:17:48.086","2026-08-11 23:10:09.150","13518947358","161493119","[PREMIUM]","[PREMIUM]","124","32","_",,,2,"[2]",518,"Plaza",10,"Mobile Transfer ticket",1,"[PREMIUM]","[PREMIUM]","[PREMIUM]","[PREMIUM]",true,false,"['Clear view']","2026-07-30 10:42:18"
"13487916338","2026-08-01 23:17:47.979","2026-08-02 23:19:02.775","13487916338","161493119","[PREMIUM]","[PREMIUM]","213","9","9001_9005","9001",,5,"[1,2,3,4,5]",329,"Balcony",11,"Mobile ticket",1,"[PREMIUM]","[PREMIUM]","[PREMIUM]","[PREMIUM]",true,false,"['Clear view']","2026-07-27 09:05:04"
"13528486470","2026-08-01 23:17:47.979","2026-08-05 23:21:24.475","13528486470","161493119","[PREMIUM]","[PREMIUM]","207","12","_",,,4,"[1,2,4]",329,"Balcony",10,"Mobile Transfer ticket",1,"[PREMIUM]","[PREMIUM]","[PREMIUM]","[PREMIUM]",true,false,"['Clear view']","2026-07-31 13:41:46"
"13536469017","2026-08-01 23:17:47.870","2026-08-04 02:02:45.847","13536469017","161474785","[PREMIUM]","[PREMIUM]","214","B","9001_9002","9001","9002",2,"[2]",407,"Upper",10,"Mobile Transfer ticket",13,"[PREMIUM]","[PREMIUM]","[PREMIUM]","[PREMIUM]",true,false,"['Second Row of Section','Clear view']","2026-08-01 08:33:25"
"13537842884","2026-08-01 23:17:47.834","2026-08-02 23:19:02.721","13537842884","161493119","[PREMIUM]","[PREMIUM]","200","8","_",,,2,"[2]",329,"Balcony",10,"Mobile Transfer ticket",1,"[PREMIUM]","[PREMIUM]","[PREMIUM]","[PREMIUM]",true,false,"['Clear view']","2026-08-01 13:14:18"
"13537378256","2026-08-01 23:17:47.750","2026-08-09 23:13:51.249","13537378256","161474785","[PREMIUM]","[PREMIUM]","215","A","_",,,2,"[2]",407,"Upper",10,"Mobile Transfer ticket",1,"[PREMIUM]","[PREMIUM]","[PREMIUM]","[PREMIUM]",true,false,"['Front Row of Section','Clear view']","2026-08-01 12:06:43"
"13487916355","2026-08-01 23:17:47.697","2026-08-02 23:19:02.776","13487916355","161493119","[PREMIUM]","[PREMIUM]","218","6","9001_9001","9001",,1,"[1]",329,"Balcony",11,"Mobile ticket",1,"[PREMIUM]","[PREMIUM]","[PREMIUM]","[PREMIUM]",false,false,"['Clear view']","2026-07-27 09:05:04"
"13533309807","2026-08-01 23:17:47.697","2026-08-10 23:09:19.122","13533309807","161493119","[PREMIUM]","[PREMIUM]","214","4","_",,,1,"[1]",329,"Balcony",10,"Mobile Transfer ticket",1,"[PREMIUM]","[PREMIUM]","[PREMIUM]","[PREMIUM]",false,false,"['Clear view']","2026-08-01 00:58:34"
"13528793756","2026-08-01 23:17:47.109","2026-08-02 23:19:01.828","13528793756","161493119","[PREMIUM]","[PREMIUM]","203","13","12_15","12",,4,"[1,2,4]",329,"Balcony",10,"Mobile Transfer ticket",14,"[PREMIUM]","[PREMIUM]","[PREMIUM]","[PREMIUM]",true,false,"['Clear view']","2026-07-31 14:39:00"
"13539871174","2026-08-01 23:17:47.083","2026-08-04 23:19:37.220","13539871174","161474785","[PREMIUM]","[PREMIUM]","214","G","9001_9003","9001",,3,"[1,2,3]",407,"Upper",11,"Mobile ticket",1,"[PREMIUM]","[PREMIUM]","[PREMIUM]","[PREMIUM]",true,false,"['Clear view']","2026-08-01 18:47:07"
"13530294827","2026-08-01 23:17:46.986","2026-08-11 23:10:06.469","13530294827","161658936","[PREMIUM]","[PREMIUM]","CLB113","A","1_2","1","2",2,"[2]",1724,"Club",10,"Mobile Transfer ticket",1,"[PREMIUM]","[PREMIUM]","[PREMIUM]","[PREMIUM]",true,false,"['Front Row of Section','Clear view']","2026-07-31 19:08:22"
"13530427057","2026-08-01 23:17:46.984","2026-08-10 23:09:17.384","13530427057","161658936","[PREMIUM]","[PREMIUM]","Loge  2","5","16_19","16","19",4,"[2,4]",478,"Loge",10,"Mobile Transfer ticket",1,"[PREMIUM]","[PREMIUM]","[PREMIUM]","[PREMIUM]",true,false,"['Clear view']","2026-07-31 19:27:34"
"13530426713","2026-08-01 23:17:46.960","2026-08-10 23:09:17.407","13530426713","161658936","[PREMIUM]","[PREMIUM]","Loge  3","4","5_8","5","8",4,"[2,4]",478,"Loge",10,"Mobile Transfer ticket",1,"[PREMIUM]","[PREMIUM]","[PREMIUM]","[PREMIUM]",true,false,"['Clear view']","2026-07-31 19:27:32"
"13530426754","2026-08-01 23:17:46.960","2026-08-10 23:09:17.324","13530426754","161658936","[PREMIUM]","[PREMIUM]","Loge  20","12","12_13","12","13",2,"[2]",478,"Loge",10,"Mobile Transfer ticket",1,"[PREMIUM]","[PREMIUM]","[PREMIUM]","[PREMIUM]",true,false,"['Clear view']","2026-07-31 19:27:33"
"13504887233","2026-08-01 23:17:46.914","2026-08-11 23:10:06.430","13504887233","161658936","[PREMIUM]","[PREMIUM]","CLB113","F","_",,,2,"[2]",1724,"Club",10,"Mobile Transfer ticket",1,"[PREMIUM]","[PREMIUM]","[PREMIUM]","[PREMIUM]",true,false,"['Clear view']","2026-07-29 00:06:38"
"13530293790","2026-08-01 23:17:46.914","2026-08-12 23:10:09.620","13530293790","161658936","[PREMIUM]","[PREMIUM]","CLB145","E","7_8","7","8",2,"[2]",1724,"Club",10,"Mobile Transfer ticket",1,"[PREMIUM]","[PREMIUM]","[PREMIUM]","[PREMIUM]",true,false,"['Clear view']","2026-07-31 19:08:12"
"13530294084","2026-08-01 23:17:46.914","2026-08-10 23:09:17.837","13530294084","161658936","[PREMIUM]","[PREMIUM]","CLB115","J","5_8","5","8",4,"[2,4]",1724,"Club",10,"Mobile Transfer ticket",1,"[PREMIUM]","[PREMIUM]","[PREMIUM]","[PREMIUM]",true,false,"['Clear view']","2026-07-31 19:08:15"
"13530294121","2026-08-01 23:17:46.912","2026-08-08 23:09:47.709","13530294121","161658936","[PREMIUM]","[PREMIUM]","CLB145","G","5_6","5","6",2,"[2]",1724,"Club",10,"Mobile Transfer ticket",1,"[PREMIUM]","[PREMIUM]","[PREMIUM]","[PREMIUM]",true,false,"['Clear view']","2026-07-31 19:08:16"
"13530426511","2026-08-01 23:17:46.912","2026-08-10 23:09:16.029","13530426511","161658936","[PREMIUM]","[PREMIUM]","Loge  4","14","8_9","8","9",2,"[2]",478,"Loge",10,"Mobile Transfer ticket",1,"[PREMIUM]","[PREMIUM]","[PREMIUM]","[PREMIUM]",true,false,"['Clear view']","2026-07-31 19:27:31"
"13530293807","2026-08-01 23:17:46.910","2026-08-12 23:10:09.660","13530293807","161658936","[PREMIUM]","[PREMIUM]","CLB141","E","8_11","8","11",4,"[2,4]",1724,"Club",10,"Mobile Transfer ticket",1,"[PREMIUM]","[PREMIUM]","[PREMIUM]","[PREMIUM]",true,false,"['Clear view']","2026-07-31 19:08:13"
"13506517472","2026-08-01 23:17:46.604","2026-08-01 23:17:46.604","13506517472","161658936","[PREMIUM]","[PREMIUM]","BAL322","10","9001_9002","9001",,2,"[2]",306,"Balcony",10,"Mobile Transfer ticket",1,"[PREMIUM]","[PREMIUM]","[PREMIUM]","[PREMIUM]",true,false,"['Clear view']","2026-07-29 05:25:55"
"13530426818","2026-08-01 23:17:46.600","2026-08-10 23:09:15.669","13530426818","161658936","[PREMIUM]","[PREMIUM]","BAL316","5","5_8","5","8",4,"[2,4]",306,"Balcony",10,"Mobile Transfer ticket",1,"[PREMIUM]","[PREMIUM]","[PREMIUM]","[PREMIUM]",true,false,"['Clear view']","2026-07-31 19:27:33"
"13530427138","2026-08-01 23:17:46.600","2026-08-10 23:09:15.669","13530427138","161658936","[PREMIUM]","[PREMIUM]","Loge  9","18","3_6","3","6",4,"[2,4]",478,"Loge",10,"Mobile Transfer ticket",1,"[PREMIUM]","[PREMIUM]","[PREMIUM]","[PREMIUM]",true,false,"['Clear view']","2026-07-31 19:27:34"
"13530427273","2026-08-01 23:17:46.596","2026-08-10 23:09:15.806","13530427273","161658936","[PREMIUM]","[PREMIUM]","Loge  17","11","15_21","15","21",7,"[1,2,3,4,5,7]",478,"Loge",10,"Mobile Transfer ticket",1,"[PREMIUM]","[PREMIUM]","[PREMIUM]","[PREMIUM]",true,false,"['Clear view']","2026-07-31 19:27:36"
"13530426931","2026-08-01 23:17:46.595","2026-08-10 23:09:16.040","13530426931","161658936","[PREMIUM]","[PREMIUM]","Loge  16","25","10_11","10","11",2,"[2]",478,"Loge",10,"Mobile Transfer ticket",1,"[PREMIUM]","[PREMIUM]","[PREMIUM]","[PREMIUM]",true,false,"['Clear view']","2026-07-31 19:27:34"
"13530426983","2026-08-01 23:17:46.586","2026-08-10 23:09:16.146","13530426983","161658936","[PREMIUM]","[PREMIUM]","BAL330","4","7_8","7","8",2,"[2]",306,"Balcony",10,"Mobile Transfer ticket",1,"[PREMIUM]","[PREMIUM]","[PREMIUM]","[PREMIUM]",true,false,"['Clear view']","2026-07-31 19:27:34"
"13530426601","2026-08-01 23:17:46.581","2026-08-09 23:14:03.558","13530426601","161658936","[PREMIUM]","[PREMIUM]","BAL311","8","11_15","11","15",5,"[1,2,3,5]",306,"Balcony",10,"Mobile Transfer ticket",1,"[PREMIUM]","[PREMIUM]","[PREMIUM]","[PREMIUM]",true,false,"['Clear view']","2026-07-31 19:27:32"
"13530427025","2026-08-01 23:17:46.581","2026-08-10 23:09:15.987","13530427025","161658936","[PREMIUM]","[PREMIUM]","BAL305","14","7_12","7","12",6,"[1,2,3,4,6]",306,"Balcony",10,"Mobile Transfer ticket",1,"[PREMIUM]","[PREMIUM]","[PREMIUM]","[PREMIUM]",true,false,"['Clear view']","2026-07-31 19:27:34"
"13530426486","2026-08-01 23:17:46.574","2026-08-10 23:09:15.680","13530426486","161658936","[PREMIUM]","[PREMIUM]","BAL327","4","7_10","7","10",4,"[2,4]",306,"Balcony",10,"Mobile Transfer ticket",1,"[PREMIUM]","[PREMIUM]","[PREMIUM]","[PREMIUM]",true,false,"['Clear view']","2026-07-31 19:27:31"
"13530427303","2026-08-01 23:17:46.571","2026-08-09 23:14:04.184","13530427303","161658936","[PREMIUM]","[PREMIUM]","BAL314","6","1_2","1","2",2,"[2]",306,"Balcony",10,"Mobile Transfer ticket",1,"[PREMIUM]","[PREMIUM]","[PREMIUM]","[PREMIUM]",true,false,"['Clear view']","2026-07-31 19:27:36"
"13530427005","2026-08-01 23:17:46.571","2026-08-10 23:09:15.808","13530427005","161658936","[PREMIUM]","[PREMIUM]","BAL315","12","10_13","10","13",4,"[2,4]",306,"Balcony",10,"Mobile Transfer ticket",1,"[PREMIUM]","[PREMIUM]","[PREMIUM]","[PREMIUM]",true,false,"['Clear view']","2026-07-31 19:27:34"
"13530426892","2026-08-01 23:17:46.569","2026-08-09 23:14:03.558","13530426892","161658936","[PREMIUM]","[PREMIUM]","BAL306","10","19_20","19","20",2,"[2]",306,"Balcony",10,"Mobile Transfer ticket",1,"[PREMIUM]","[PREMIUM]","[PREMIUM]","[PREMIUM]",true,false,"['Clear view']","2026-07-31 19:27:33"
"13530426668","2026-08-01 23:17:46.559","2026-08-09 23:14:04.179","13530426668","161658936","[PREMIUM]","[PREMIUM]","BAL314","11","14_18","14","18",5,"[1,2,3,5]",306,"Balcony",10,"Mobile Transfer ticket",1,"[PREMIUM]","[PREMIUM]","[PREMIUM]","[PREMIUM]",true,false,"['Clear view']","2026-07-31 19:27:32"
"13530426479","2026-08-01 23:17:46.559","2026-08-10 23:09:15.944","13530426479","161658936","[PREMIUM]","[PREMIUM]","BAL327","5","3_4","3","4",2,"[2]",306,"Balcony",10,"Mobile Transfer ticket",1,"[PREMIUM]","[PREMIUM]","[PREMIUM]","[PREMIUM]",true,false,"['Clear view']","2026-07-31 19:27:31"
"13530426992","2026-08-01 23:17:46.559","2026-08-10 23:09:16.002","13530426992","161658936","[PREMIUM]","[PREMIUM]","BAL316","12","1_2","1","2",2,"[2]",306,"Balcony",10,"Mobile Transfer ticket",1,"[PREMIUM]","[PREMIUM]","[PREMIUM]","[PREMIUM]",true,false,"['Clear view']","2026-07-31 19:27:34"
"13530426878","2026-08-01 23:17:46.548","2026-08-10 23:09:15.680","13530426878","161658936","[PREMIUM]","[PREMIUM]","Loge  6","24","33_34","33","34",2,"[2]",478,"Loge",10,"Mobile Transfer ticket",1,"[PREMIUM]","[PREMIUM]","[PREMIUM]","[PREMIUM]",true,false,"['Clear view']","2026-07-31 19:27:33"
"13540238121","2026-08-01 23:17:46.084","2026-08-05 23:21:21.841","13540238121","161658961","[PREMIUM]","[PREMIUM]","C106","16","_",,,2,"[2]",1724,"Club",10,"Mobile Transfer ticket",14,"[PREMIUM]","[PREMIUM]","[PREMIUM]","[PREMIUM]",true,false,"['Clear view']","2026-08-01 19:34:47"
"13540395754","2026-08-01 23:17:46.084","2026-08-05 23:21:21.823","13540395754","161658961","[PREMIUM]","[PREMIUM]","C121","16","_",,,2,"[2]",1724,"Club",10,"Mobile Transfer ticket",14,"[PREMIUM]","[PREMIUM]","[PREMIUM]","[PREMIUM]",true,false,"['Clear view']","2026-08-01 19:55:34"
"13540395793","2026-08-01 23:17:46.084","2026-08-05 23:21:21.841","13540395793","161658961","[PREMIUM]","[PREMIUM]","120","14","_",,,2,"[2]",594,"Lower",10,"Mobile Transfer ticket",14,"[PREMIUM]","[PREMIUM]","[PREMIUM]","[PREMIUM]",true,false,"['Clear view']","2026-08-01 19:55:34"
"13540395886","2026-08-01 23:17:46.084","2026-08-05 23:21:21.841","13540395886","161658961","[PREMIUM]","[PREMIUM]","121","14","_",,,2,"[2]",594,"Lower",10,"Mobile Transfer ticket",14,"[PREMIUM]","[PREMIUM]","[PREMIUM]","[PREMIUM]",true,false,"['Clear view']","2026-08-01 19:55:34"
"13540395947","2026-08-01 23:17:46.084","2026-08-05 23:21:21.841","13540395947","161658961","[PREMIUM]","[PREMIUM]","C122","16","_",,,2,"[2]",1724,"Club",10,"Mobile Transfer ticket",14,"[PREMIUM]","[PREMIUM]","[PREMIUM]","[PREMIUM]",true,false,"['Clear view']","2026-08-01 19:55:34"
"13540395593","2026-08-01 23:17:46.084","2026-08-05 23:21:21.841","13540395593","161658961","[PREMIUM]","[PREMIUM]","107","14","_",,,2,"[2]",594,"Lower",10,"Mobile Transfer ticket",14,"[PREMIUM]","[PREMIUM]","[PREMIUM]","[PREMIUM]",true,false,"['Clear view']","2026-08-01 19:55:33"
"13498874459","2026-08-01 23:17:46.028","2026-08-10 23:09:18.609","13498874459","161658961","[PREMIUM]","[PREMIUM]","122","10","_",,,2,"[2]",594,"Lower",10,"Mobile Transfer ticket",1,"[PREMIUM]","[PREMIUM]","[PREMIUM]","[PREMIUM]",true,false,"['Clear view']","2026-07-28 11:52:57"
"13540395723","2026-08-01 23:17:46.028","2026-08-05 23:21:21.801","13540395723","161658961","[PREMIUM]","[PREMIUM]","109","14","_",,,2,"[2]",594,"Lower",10,"Mobile Transfer ticket",14,"[PREMIUM]","[PREMIUM]","[PREMIUM]","[PREMIUM]",true,false,"['Clear view']","2026-08-01 19:55:33"
"13540395721","2026-08-01 23:17:46.028","2026-08-05 23:21:21.801","13540395721","161658961","[PREMIUM]","[PREMIUM]","119","14","_",,,2,"[2]",594,"Lower",10,"Mobile Transfer ticket",14,"[PREMIUM]","[PREMIUM]","[PREMIUM]","[PREMIUM]",true,false,"['Clear view']","2026-08-01 19:55:33"
"13540395626","2026-08-01 23:17:46.028","2026-08-05 23:21:21.841","13540395626","161658961","[PREMIUM]","[PREMIUM]","108","14","_",,,2,"[2]",594,"Lower",10,"Mobile Transfer ticket",14,"[PREMIUM]","[PREMIUM]","[PREMIUM]","[PREMIUM]",true,false,"['Clear view']","2026-08-01 19:55:33"
"13540395594","2026-08-01 23:17:46.028","2026-08-05 23:21:21.801","13540395594","161658961","[PREMIUM]","[PREMIUM]","106","14","_",,,2,"[2]",594,"Lower",10,"Mobile Transfer ticket",14,"[PREMIUM]","[PREMIUM]","[PREMIUM]","[PREMIUM]",true,false,"['Clear view']","2026-08-01 19:55:33"
"13528791250","2026-08-01 23:17:45.995","2026-08-10 23:09:14.755","13528791250","161400558","[PREMIUM]","[PREMIUM]","21","11","_",,,2,"[2]",265,"Lower Tier",10,"Mobile Transfer ticket",1,"[PREMIUM]","[PREMIUM]","[PREMIUM]","[PREMIUM]",true,false,"['Front Row of Section','Clear view']","2026-07-31 14:38:50"
"13532237816","2026-08-01 23:17:45.995","2026-08-10 23:09:14.742","13532237816","161400558","[PREMIUM]","[PREMIUM]","11","10","_",,,4,"[2,4]",265,"Lower Tier",10,"Mobile Transfer ticket",1,"[PREMIUM]","[PREMIUM]","[PREMIUM]","[PREMIUM]",true,false,"['Clear view']","2026-07-31 22:49:55"
"13530427065","2026-08-01 23:17:45.963","2026-08-02 23:18:59.431","13530427065","161658936","[PREMIUM]","[PREMIUM]","BAL321","15","11_15","11","15",5,"[1,2,3,5]",306,"Balcony",10,"Mobile Transfer ticket",1,"[PREMIUM]","[PREMIUM]","[PREMIUM]","[PREMIUM]",true,false,"['Clear view']","2026-07-31 19:27:34"
"13530427115","2026-08-01 23:17:45.963","2026-08-08 23:09:47.217","13530427115","161658936","[PREMIUM]","[PREMIUM]","BAL323","9","17_18","17","18",2,"[2]",306,"Balcony",10,"Mobile Transfer ticket",1,"[PREMIUM]","[PREMIUM]","[PREMIUM]","[PREMIUM]",true,false,"['Clear view']","2026-07-31 19:27:34"
"13530427201","2026-08-01 23:17:45.963","2026-08-02 23:18:59.431","13530427201","161658936","[PREMIUM]","[PREMIUM]","BAL322","15","9_10","9","10",2,"[2]",306,"Balcony",10,"Mobile Transfer ticket",1,"[PREMIUM]","[PREMIUM]","[PREMIUM]","[PREMIUM]",true,false,"['Clear view']","2026-07-31 19:27:35"
"13528788234","2026-08-01 23:17:45.649","2026-08-04 02:02:38.249","13528788234","161400558","[PREMIUM]","[PREMIUM]","11","8","_",,,12,"[1,2,3,4,5,6,7,8,10,12]",265,"Lower Tier",10,"Mobile Transfer ticket",1,"[PREMIUM]","[PREMIUM]","[PREMIUM]","[PREMIUM]",true,false,"['Clear view']","2026-07-31 14:38:33"
"13528791507","2026-08-01 23:17:45.649","2026-08-02 23:18:59.066","13528791507","161400558","[PREMIUM]","[PREMIUM]","2","8","_",,,7,"[1,2,3,5,7]",265,"Lower Tier",10,"Mobile Transfer ticket",1,"[PREMIUM]","[PREMIUM]","[PREMIUM]","[PREMIUM]",true,false,"['Clear view']","2026-07-31 14:38:51"
"13529905721","2026-08-01 23:17:45.649","2026-08-04 02:02:38.249","13529905721","161400558","[PREMIUM]","[PREMIUM]","15","11","_",,,5,"[1,3,5]",265,"Lower Tier",10,"Mobile Transfer ticket",1,"[PREMIUM]","[PREMIUM]","[PREMIUM]","[PREMIUM]",true,false,"['Front Row of Section','Clear view']","2026-07-31 17:45:51"
"13498868003","2026-08-01 23:17:45.513","2026-08-13 23:13:46.323","13498868003","161658961","[PREMIUM]","[PREMIUM]","110","9","_",,,2,"[2]",594,"Lower",10,"Mobile Transfer ticket",1,"[PREMIUM]","[PREMIUM]","[PREMIUM]","[PREMIUM]",true,false,"['Clear view']","2026-07-28 11:52:05"
"13532331242","2026-08-01 23:17:45.246","2026-08-14 23:13:20.720","13532331242","161400558","[PREMIUM]","[PREMIUM]","137","17","_",,,2,"[2]",267,"Upper Tier",10,"Mobile Transfer ticket",1,"[PREMIUM]","[PREMIUM]","[PREMIUM]","[PREMIUM]",true,false,"['Clear view']","2026-07-31 22:59:24"
"13532362681","2026-08-01 23:17:45.159","2026-08-14 23:13:20.726","13532362681","161400558","[PREMIUM]","[PREMIUM]","119","21","_",,,2,"[2]",267,"Upper Tier",10,"Mobile Transfer ticket",1,"[PREMIUM]","[PREMIUM]","[PREMIUM]","[PREMIUM]",true,false,"['Clear view']","2026-07-31 23:03:13"
"13532362614","2026-08-01 23:17:45.159","2026-08-14 23:13:20.726","13532362614","161400558","[PREMIUM]","[PREMIUM]","125","21","_",,,2,"[2]",267,"Upper Tier",10,"Mobile Transfer ticket",1,"[PREMIUM]","[PREMIUM]","[PREMIUM]","[PREMIUM]",true,false,"['Clear view']","2026-07-31 23:03:13"
"13377157744","2026-08-01 23:17:45.152","2026-08-13 23:13:45.731","13377157744","161400558","[PREMIUM]","[PREMIUM]","128","12","_",,,2,"[2]",267,"Upper Tier",10,"Mobile Transfer ticket",1,"[PREMIUM]","[PREMIUM]","[PREMIUM]","[PREMIUM]",true,false,"['Clear view']","2026-07-16 22:42:28"
"13533318210","2026-08-01 23:17:45.152","2026-08-12 23:10:04.429","13533318210","161400558","[PREMIUM]","[PREMIUM]","128","9","_",,,2,"[2]",267,"Upper Tier",10,"Mobile Transfer ticket",1,"[PREMIUM]","[PREMIUM]","[PREMIUM]","[PREMIUM]",true,false,"['Second Row of Section','Clear view']","2026-08-01 00:59:07"
"13532388502","2026-08-01 23:17:44.127","2026-08-04 02:02:36.764","13532388502","161400543","[PREMIUM]","[PREMIUM]","137","17","_",,,2,"[2]",267,"Upper Tier",10,"Mobile Transfer ticket",1,"[PREMIUM]","[PREMIUM]","[PREMIUM]","[PREMIUM]",true,false,"['Clear view']","2026-07-31 23:05:01"
"13532320961","2026-08-01 23:17:44.066","2026-08-14 23:13:19.030","13532320961","161400543","[PREMIUM]","[PREMIUM]","125","21","_",,,2,"[2]",267,"Upper Tier",10,"Mobile Transfer ticket",1,"[PREMIUM]","[PREMIUM]","[PREMIUM]","[PREMIUM]",true,false,"['Clear view']","2026-07-31 22:58:18"
"13532311711","2026-08-01 23:17:44.066","2026-08-14 23:13:19.030","13532311711","161400543","[PREMIUM]","[PREMIUM]","119","21","_",,,2,"[2]",267,"Upper Tier",10,"Mobile Transfer ticket",1,"[PREMIUM]","[PREMIUM]","[PREMIUM]","[PREMIUM]",true,false,"['Clear view']","2026-07-31 22:57:10"
"13523653396","2026-08-01 23:17:44.049","2026-08-14 23:13:18.863","13523653396","161400543","[PREMIUM]","[PREMIUM]","109","19","_",,,10,"[1,2,3,4,5,6,8,10]",267,"Upper Tier",10,"Mobile Transfer ticket",14,"[PREMIUM]","[PREMIUM]","[PREMIUM]","[PREMIUM]",true,false,"['Clear view']","2026-07-30 21:39:42"
"13393713470","2026-08-01 23:17:43.646","2026-08-14 23:13:18.684","13393713470","161470418","[PREMIUM]","[PREMIUM]","15","H","11_12","11","12",2,"[2]",594,"Lower",9,"Mobile Transfer ticket",1,"[PREMIUM]","[PREMIUM]","[PREMIUM]","[PREMIUM]",true,false,"['Access to Premium Lounge','Access to VIP Lounge','Alcoholic beverages available for purchase','Private entrance & restrooms','Tickets give you access to a private VIP bar','VIP Club Access w/ private entrance & restrooms','Food and Beverages Available for Purchase','Paperless Tickets','Clear view']","2026-07-18 23:57:08"
"13533265091","2026-08-01 23:17:43.646","2026-08-05 23:21:19.829","13533265091","161470418","[PREMIUM]","[PREMIUM]","9","Z","_",,,2,"[2]",594,"Lower",10,"Mobile Transfer ticket",1,"[PREMIUM]","[PREMIUM]","[PREMIUM]","[PREMIUM]",true,false,"['Clear view']","2026-08-01 00:52:02"
"13528833719","2026-08-01 23:17:43.644","2026-08-14 23:13:18.378","13528833719","161470418","[PREMIUM]","[PREMIUM]","208","Q","_",,,4,"[2,4]",407,"Upper",9,"Mobile Transfer ticket",1,"[PREMIUM]","[PREMIUM]","[PREMIUM]","[PREMIUM]",true,false,"['Clear view']","2026-07-31 14:45:31"
"13533262835","2026-08-01 23:17:43.639","2026-08-14 23:13:18.684","13533262835","161470418","[PREMIUM]","[PREMIUM]","102","P","_",,,2,"[2]",471,"Middle",10,"Mobile Transfer ticket",1,"[PREMIUM]","[PREMIUM]","[PREMIUM]","[PREMIUM]",true,false,"['Clear view']","2026-08-01 00:50:36"
"13528837111","2026-08-01 23:17:43.636","2026-08-14 23:13:18.380","13528837111","161470418","[PREMIUM]","[PREMIUM]","202","J","_",,,4,"[2,4]",407,"Upper",9,"Mobile Transfer ticket",1,"[PREMIUM]","[PREMIUM]","[PREMIUM]","[PREMIUM]",true,false,"['Clear view']","2026-07-31 14:45:43"
"13447960826","2026-08-01 23:17:43.623","2026-08-02 23:18:56.406","13447960826","161470418","[PREMIUM]","[PREMIUM]","215","N","_",,,3,"[1,3]",407,"Upper",9,"Mobile Transfer ticket",1,"[PREMIUM]","[PREMIUM]","[PREMIUM]","[PREMIUM]",true,false,"['Clear view']","2026-07-23 16:31:45"
"13529170276","2026-08-01 23:17:42.605","2026-08-14 23:13:06.583","13529170276","161311331","[PREMIUM]","[PREMIUM]","122","F","_",,,2,"[2]",7220,"Plaza Endzone",10,"Mobile Transfer ticket",1,"[PREMIUM]","[PREMIUM]","[PREMIUM]","[PREMIUM]",true,false,"['Clear view']","2026-07-31 15:47:52"
"13533243759","2026-08-01 23:17:42.547","2026-08-08 23:09:31.664","13533243759","161470434","[PREMIUM]","[PREMIUM]","9","Z","_",,,2,"[2]",594,"Lower",10,"Mobile Transfer ticket",1,"[PREMIUM]","[PREMIUM]","[PREMIUM]","[PREMIUM]",true,false,"['Clear view']","2026-08-01 00:47:57"
"13515398089","2026-08-01 23:17:42.448","2026-08-08 23:09:34.046","13515398089","161400550","[PREMIUM]","[PREMIUM]","2","5","_",,,4,"[2,4]",265,"Lower Tier",10,"Mobile Transfer ticket",1,"[PREMIUM]","[PREMIUM]","[PREMIUM]","[PREMIUM]",true,false,"['Third Row of Section','Clear view']","2026-07-30 03:32:56"
"13533223140","2026-08-01 23:17:42.037","2026-08-14 23:13:15.704","13533223140","161470434","[PREMIUM]","[PREMIUM]","102","P","_",,,2,"[2]",471,"Middle",10,"Mobile Transfer ticket",1,"[PREMIUM]","[PREMIUM]","[PREMIUM]","[PREMIUM]",true,false,"['Clear view']","2026-08-01 00:46:54"
"13377622855","2026-08-01 23:17:41.971","2026-08-10 23:09:07.067","13377622855","161470434","[PREMIUM]","[PREMIUM]","3",,"_",,,2,"[1,2]",594,"Lower",10,"Mobile Transfer ticket",1,"[PREMIUM]","[PREMIUM]","[PREMIUM]","[PREMIUM]",true,true,"['Clear view']","2026-07-16 23:27:22"
"13377623090","2026-08-01 23:17:41.971","2026-08-02 23:18:55.249","13377623090","161470434","[PREMIUM]","[PREMIUM]","8","Z","_",,,2,"[1,2]",594,"Lower",10,"Mobile Transfer ticket",1,"[PREMIUM]","[PREMIUM]","[PREMIUM]","[PREMIUM]",true,false,"['Clear view']","2026-07-16 23:27:23"
"13388081002","2026-08-01 23:17:41.926","2026-08-07 08:10:35.678","13388081002","161470434","[PREMIUM]","[PREMIUM]","104",,"_",,,4,"[1,2,3,4]",471,"Middle",10,"Mobile Transfer ticket",1,"[PREMIUM]","[PREMIUM]","[PREMIUM]","[PREMIUM]",true,true,"['Clear view']","2026-07-18 01:57:46"
"13530723822","2026-08-01 23:17:41.926","2026-08-14 23:13:15.333","13530723822","161470434","[PREMIUM]","[PREMIUM]","201","K","_",,,7,"[1,2,3,4,5,6,7]",407,"Upper",9,"Mobile Transfer ticket",1,"[PREMIUM]","[PREMIUM]","[PREMIUM]","[PREMIUM]",true,false,"['Clear view']","2026-07-31 20:04:33"
"13530729951","2026-08-01 23:17:41.926","2026-08-14 23:13:15.333","13530729951","161470434","[PREMIUM]","[PREMIUM]","201","L","_",,,7,"[1,2,3,4,5,6,7]",407,"Upper",9,"Mobile Transfer ticket",1,"[PREMIUM]","[PREMIUM]","[PREMIUM]","[PREMIUM]",true,false,"['Clear view']","2026-07-31 20:05:01"
"13530725457","2026-08-01 23:17:41.890","2026-08-14 23:13:15.623","13530725457","161470434","[PREMIUM]","[PREMIUM]","201","Q","_",,,4,"[1,2,3,4]",407,"Upper",9,"Mobile Transfer ticket",1,"[PREMIUM]","[PREMIUM]","[PREMIUM]","[PREMIUM]",true,false,"['Clear view']","2026-07-31 20:04:44"
"13530724904","2026-08-01 23:17:41.890","2026-08-14 23:13:21.052","13530724904","161470434","[PREMIUM]","[PREMIUM]","201","P","_",,,4,"[1,2,3,4]",407,"Upper",9,"Mobile Transfer ticket",1,"[PREMIUM]","[PREMIUM]","[PREMIUM]","[PREMIUM]",true,false,"['Clear view']","2026-07-31 20:04:40"
"13528835206","2026-08-01 23:17:41.880","2026-08-04 23:19:29.748","13528835206","161470434","[PREMIUM]","[PREMIUM]","217",,"_",,,3,"[1,3]",407,"Upper",9,"Mobile Transfer ticket",1,"[PREMIUM]","[PREMIUM]","[PREMIUM]","[PREMIUM]",true,true,"['Clear view']","2026-07-31 14:45:38"
"13530712173","2026-08-01 23:17:41.880","2026-08-14 23:13:15.367","13530712173","161470434","[PREMIUM]","[PREMIUM]","105","K","_",,,6,"[1,2,3,4,5,6]",471,"Middle",9,"Mobile Transfer ticket",1,"[PREMIUM]","[PREMIUM]","[PREMIUM]","[PREMIUM]",true,false,"['Clear view']","2026-07-31 20:03:37"
"13530712205","2026-08-01 23:17:41.879","2026-08-14 23:13:15.325","13530712205","161470434","[PREMIUM]","[PREMIUM]","227","L","_",,,2,"[2]",407,"Upper",9,"Mobile Transfer ticket",1,"[PREMIUM]","[PREMIUM]","[PREMIUM]","[PREMIUM]",true,false,"['Clear view']","2026-07-31 20:03:37"
"13530728862","2026-08-01 23:17:41.879","2026-08-14 23:13:15.673","13530728862","161470434","[PREMIUM]","[PREMIUM]","212","M","_",,,4,"[1,2,3,4]",407,"Upper",9,"Mobile Transfer ticket",1,"[PREMIUM]","[PREMIUM]","[PREMIUM]","[PREMIUM]",true,false,"['Clear view']","2026-07-31 20:04:58"
"13530729592","2026-08-01 23:17:41.879","2026-08-14 23:13:15.623","13530729592","161470434","[PREMIUM]","[PREMIUM]","202","H","_",,,2,"[2]",407,"Upper",9,"Mobile Transfer ticket",1,"[PREMIUM]","[PREMIUM]","[PREMIUM]","[PREMIUM]",true,false,"['Clear view']","2026-07-31 20:05:00"
"13530712215","2026-08-01 23:17:41.807","2026-08-07 08:10:35.817","13530712215","161470434","[PREMIUM]","[PREMIUM]","202","F","_",,,2,"[2]",407,"Upper",9,"Mobile Transfer ticket",1,"[PREMIUM]","[PREMIUM]","[PREMIUM]","[PREMIUM]",true,false,"['Clear view']","2026-07-31 20:03:37"
"13530712204","2026-08-01 23:17:41.807","2026-08-05 23:21:17.560","13530712204","161470434","[PREMIUM]","[PREMIUM]","213","K","_",,,4,"[1,2,3,4]",407,"Upper",9,"Mobile Transfer ticket",1,"[PREMIUM]","[PREMIUM]","[PREMIUM]","[PREMIUM]",true,false,"['Clear view']","2026-07-31 20:03:37"
"13530724226","2026-08-01 23:17:41.807","2026-08-14 23:13:15.623","13530724226","161470434","[PREMIUM]","[PREMIUM]","211","M","_",,,4,"[1,2,3,4]",407,"Upper",9,"Mobile Transfer ticket",1,"[PREMIUM]","[PREMIUM]","[PREMIUM]","[PREMIUM]",true,false,"['Clear view']","2026-07-31 20:04:36"
"13530712057","2026-08-01 23:17:41.807","2026-08-14 23:13:15.325","13530712057","161470434","[PREMIUM]","[PREMIUM]","211","N","_",,,3,"[1,3]",407,"Upper",9,"Mobile Transfer ticket",1,"[PREMIUM]","[PREMIUM]","[PREMIUM]","[PREMIUM]",true,false,"['Clear view']","2026-07-31 20:03:37"
"13530229034","2026-08-01 23:17:41.655","2026-08-13 23:13:42.529","13530229034","161400550","[PREMIUM]","[PREMIUM]","110","8","_",,,4,"[2,4]",267,"Upper Tier",10,"Mobile Transfer ticket",1,"[PREMIUM]","[PREMIUM]","[PREMIUM]","[PREMIUM]",true,false,"['Front Row of Section','Clear view']","2026-07-31 18:49:18"
"13476628454","2026-08-01 23:17:41.654","2026-08-13 23:13:42.463","13476628454","161400550","[PREMIUM]","[PREMIUM]","117","15","_",,,4,"[2,4]",267,"Upper Tier",10,"Mobile Transfer ticket",1,"[PREMIUM]","[PREMIUM]","[PREMIUM]","[PREMIUM]",true,false,"['Clear view']","2026-07-26 01:24:40"
"13532386477","2026-08-01 23:17:41.654","2026-08-14 23:13:15.673","13532386477","161400550","[PREMIUM]","[PREMIUM]","125","21","_",,,2,"[2]",267,"Upper Tier",10,"Mobile Transfer ticket",1,"[PREMIUM]","[PREMIUM]","[PREMIUM]","[PREMIUM]",true,false,"['Clear view']","2026-07-31 23:04:57"
"13532331160","2026-08-01 23:17:41.654","2026-08-14 23:13:15.346","13532331160","161400550","[PREMIUM]","[PREMIUM]","137","17","_",,,2,"[2]",267,"Upper Tier",10,"Mobile Transfer ticket",1,"[PREMIUM]","[PREMIUM]","[PREMIUM]","[PREMIUM]",true,false,"['Clear view']","2026-07-31 22:59:23"
"13532362488","2026-08-01 23:17:41.654","2026-08-14 23:13:15.673","13532362488","161400550","[PREMIUM]","[PREMIUM]","119","21","_",,,2,"[2]",267,"Upper Tier",10,"Mobile Transfer ticket",1,"[PREMIUM]","[PREMIUM]","[PREMIUM]","[PREMIUM]",true,false,"['Clear view']","2026-07-31 23:03:12"
"13530229479","2026-08-01 23:17:41.575","2026-08-13 23:13:42.529","13530229479","161400550","[PREMIUM]","[PREMIUM]","550","1","_",,,1,"[1]",5363,"500 Level",10,"Mobile Transfer ticket",1,"[PREMIUM]","[PREMIUM]","[PREMIUM]","[PREMIUM]",false,true,"['Clear view']","2026-07-31 18:49:22"
"13540966412","2026-08-01 23:17:41.552","2026-08-13 23:13:42.264","13540966412","161400550","[PREMIUM]","[PREMIUM]","136","14","_",,,6,"[1,2,4,6]",267,"Upper Tier",10,"Mobile Transfer ticket",1,"[PREMIUM]","[PREMIUM]","[PREMIUM]","[PREMIUM]",true,false,"['Clear view']","2026-08-01 21:12:18"
"13530724453","2026-08-01 23:17:41.247","2026-08-05 23:21:16.817","13530724453","161470434","[PREMIUM]","[PREMIUM]","213","R","_",,,2,"[2]",407,"Upper",9,"Mobile Transfer ticket",1,"[PREMIUM]","[PREMIUM]","[PREMIUM]","[PREMIUM]",true,false,"['Clear view']","2026-07-31 20:04:37"
"13530712066","2026-08-01 23:17:41.247","2026-08-01 23:17:41.247","13530712066","161470434","[PREMIUM]","[PREMIUM]","215","R","_",,,2,"[2]",407,"Upper",9,"Mobile Transfer ticket",1,"[PREMIUM]","[PREMIUM]","[PREMIUM]","[PREMIUM]",true,false,"['Clear view']","2026-07-31 20:03:37"
"13528833861","2026-08-01 23:17:40.636","2026-08-14 23:13:13.391","13528833861","161470401","[PREMIUM]","[PREMIUM]","208","Q","_",,,4,"[2,4]",407,"Upper",9,"Mobile Transfer ticket",1,"[PREMIUM]","[PREMIUM]","[PREMIUM]","[PREMIUM]",true,false,"['Clear view']","2026-07-31 14:45:32"
"13533270313","2026-08-01 23:17:40.590","2026-08-11 23:09:58.594","13533270313","161470401","[PREMIUM]","[PREMIUM]","9","Z","_",,,2,"[2]",594,"Lower",10,"Mobile Transfer ticket",1,"[PREMIUM]","[PREMIUM]","[PREMIUM]","[PREMIUM]",true,false,"['Clear view']","2026-08-01 00:53:10"
"13528835312","2026-08-01 23:17:40.584","2026-08-04 23:19:29.368","13528835312","161470401","[PREMIUM]","[PREMIUM]","217",,"_",,,3,"[1,3]",407,"Upper",9,"Mobile Transfer ticket",1,"[PREMIUM]","[PREMIUM]","[PREMIUM]","[PREMIUM]",true,true,"['Clear view']","2026-07-31 14:45:38"
"13528837150","2026-08-01 23:17:40.560","2026-08-14 23:13:13.570","13528837150","161470401","[PREMIUM]","[PREMIUM]","202","J","_",,,4,"[2,4]",407,"Upper",9,"Mobile Transfer ticket",1,"[PREMIUM]","[PREMIUM]","[PREMIUM]","[PREMIUM]",true,false,"['Clear view']","2026-07-31 14:45:43"
"13528834360","2026-08-01 23:17:40.529","2026-08-02 23:18:54.264","13528834360","161470401","[PREMIUM]","[PREMIUM]","213",,"_",,,3,"[1,3]",407,"Upper",9,"Mobile Transfer ticket",1,"[PREMIUM]","[PREMIUM]","[PREMIUM]","[PREMIUM]",true,true,"['Clear view']","2026-07-31 14:45:34"
"13533270314","2026-08-01 23:17:40.528","2026-08-14 23:13:13.480","13533270314","161470401","[PREMIUM]","[PREMIUM]","102","P","_",,,2,"[2]",471,"Middle",10,"Mobile Transfer ticket",1,"[PREMIUM]","[PREMIUM]","[PREMIUM]","[PREMIUM]",true,false,"['Clear view']","2026-08-01 00:53:10"
"13530505153","2026-08-01 23:17:39.941","2026-08-02 23:18:52.307","13530505153","161470398","[PREMIUM]","[PREMIUM]","211","N","_",,,3,"[1,3]",407,"Upper",9,"Mobile Transfer ticket",1,"[PREMIUM]","[PREMIUM]","[PREMIUM]","[PREMIUM]",true,false,"['Clear view']","2026-07-31 19:40:58"
"13530505122","2026-08-01 23:17:39.941","2026-08-07 08:10:33.554","13530505122","161470398","[PREMIUM]","[PREMIUM]","216","M","_",,,2,"[2]",407,"Upper",9,"Mobile Transfer ticket",1,"[PREMIUM]","[PREMIUM]","[PREMIUM]","[PREMIUM]",true,false,"['Clear view']","2026-07-31 19:40:58"
"13530505121","2026-08-01 23:17:39.941","2026-08-07 08:10:32.322","13530505121","161470398","[PREMIUM]","[PREMIUM]","214","Q","_",,,2,"[2]",407,"Upper",9,"Mobile Transfer ticket",1,"[PREMIUM]","[PREMIUM]","[PREMIUM]","[PREMIUM]",true,false,"['Clear view']","2026-07-31 19:40:58"
"13530505259","2026-08-01 23:17:39.941","2026-08-14 23:13:12.949","13530505259","161470398","[PREMIUM]","[PREMIUM]","216","H","_",,,4,"[1,2,3,4]",407,"Upper",9,"Mobile Transfer ticket",1,"[PREMIUM]","[PREMIUM]","[PREMIUM]","[PREMIUM]",true,false,"['Clear view']","2026-07-31 19:40:59"
"13533222900","2026-08-01 23:17:39.937","2026-08-08 23:09:27.744","13533222900","161470398","[PREMIUM]","[PREMIUM]","9","Z","_",,,2,"[2]",594,"Lower",10,"Mobile Transfer ticket",1,"[PREMIUM]","[PREMIUM]","[PREMIUM]","[PREMIUM]",true,false,"['Clear view']","2026-08-01 00:46:53"
"13528835510","2026-08-01 23:17:39.913","2026-08-14 23:13:12.949","13528835510","161470398","[PREMIUM]","[PREMIUM]","216","E","_",,,4,"[2,4]",407,"Upper",9,"Mobile Transfer ticket",1,"[PREMIUM]","[PREMIUM]","[PREMIUM]","[PREMIUM]",true,false,"['Clear view']","2026-07-31 14:45:39"
"13374729757","2026-08-01 23:17:39.887","2026-08-14 23:13:13.109","13374729757","161470398","[PREMIUM]","[PREMIUM]","14","E","_",,,2,"[2]",594,"Lower",9,"Mobile Transfer ticket",1,"[PREMIUM]","[PREMIUM]","[PREMIUM]","[PREMIUM]",true,false,"['Clear view']","2026-07-16 17:49:48"
"13533113878","2026-08-01 23:17:39.887","2026-08-10 23:09:05.481","13533113878","161470398","[PREMIUM]","[PREMIUM]","2","Z","_",,,2,"[2]",594,"Lower",10,"Mobile Transfer ticket",1,"[PREMIUM]","[PREMIUM]","[PREMIUM]","[PREMIUM]",true,false,"['Clear view']","2026-08-01 00:34:41"
"13533208371","2026-08-01 23:17:39.871","2026-08-14 23:13:13.215","13533208371","161470398","[PREMIUM]","[PREMIUM]","102","P","_",,,2,"[2]",471,"Middle",10,"Mobile Transfer ticket",1,"[PREMIUM]","[PREMIUM]","[PREMIUM]","[PREMIUM]",true,false,"['Clear view']","2026-08-01 00:45:30"
"13530505278","2026-08-01 23:17:39.853","2026-08-10 23:09:05.169","13530505278","161470398","[PREMIUM]","[PREMIUM]","201","P","_",,,4,"[1,2,3,4]",407,"Upper",9,"Mobile Transfer ticket",1,"[PREMIUM]","[PREMIUM]","[PREMIUM]","[PREMIUM]",true,false,"['Clear view']","2026-07-31 19:40:59"
"13530505238","2026-08-01 23:17:39.849","2026-08-05 23:21:15.405","13530505238","161470398","[PREMIUM]","[PREMIUM]","213","K","_",,,4,"[1,2,3,4]",407,"Upper",9,"Mobile Transfer ticket",1,"[PREMIUM]","[PREMIUM]","[PREMIUM]","[PREMIUM]",true,false,"['Clear view']","2026-07-31 19:40:59"
"13530505057","2026-08-01 23:17:39.849","2026-08-02 23:18:58.359","13530505057","161470398","[PREMIUM]","[PREMIUM]","211","M","_",,,4,"[1,2,3,4]",407,"Upper",9,"Mobile Transfer ticket",1,"[PREMIUM]","[PREMIUM]","[PREMIUM]","[PREMIUM]",true,false,"['Clear view']","2026-07-31 19:40:58"
"13530505232","2026-08-01 23:17:39.829","2026-08-10 23:09:05.344","13530505232","161470398","[PREMIUM]","[PREMIUM]","201","Q","_",,,4,"[1,2,3,4]",407,"Upper",9,"Mobile Transfer ticket",1,"[PREMIUM]","[PREMIUM]","[PREMIUM]","[PREMIUM]",true,false,"['Clear view']","2026-07-31 19:40:59"
"13530505332","2026-08-01 23:17:39.829","2026-08-14 23:13:13.148","13530505332","161470398","[PREMIUM]","[PREMIUM]","105","K","_",,,6,"[1,2,3,4,5,6]",471,"Middle",9,"Mobile Transfer ticket",1,"[PREMIUM]","[PREMIUM]","[PREMIUM]","[PREMIUM]",true,false,"['Clear view']","2026-07-31 19:40:59"
"13530505136","2026-08-01 23:17:39.379","2026-08-05 23:21:14.585","13530505136","161470398","[PREMIUM]","[PREMIUM]","213","R","_",,,2,"[2]",407,"Upper",9,"Mobile Transfer ticket",1,"[PREMIUM]","[PREMIUM]","[PREMIUM]","[PREMIUM]",true,false,"['Clear view']","2026-07-31 19:40:58"
"13530505083","2026-08-01 23:17:39.379","2026-08-04 23:19:26.168","13530505083","161470398","[PREMIUM]","[PREMIUM]","202","H","_",,,2,"[2]",407,"Upper",9,"Mobile Transfer ticket",1,"[PREMIUM]","[PREMIUM]","[PREMIUM]","[PREMIUM]",true,false,"['Clear view']","2026-07-31 19:40:58"
"13530505081","2026-08-01 23:17:39.379","2026-08-07 08:10:32.322","13530505081","161470398","[PREMIUM]","[PREMIUM]","215","R","_",,,2,"[2]",407,"Upper",9,"Mobile Transfer ticket",1,"[PREMIUM]","[PREMIUM]","[PREMIUM]","[PREMIUM]",true,false,"['Clear view']","2026-07-31 19:40:58"
"13530505160","2026-08-01 23:17:39.379","2026-08-14 23:13:12.918","13530505160","161470398","[PREMIUM]","[PREMIUM]","227","L","_",,,2,"[2]",407,"Upper",9,"Mobile Transfer ticket",1,"[PREMIUM]","[PREMIUM]","[PREMIUM]","[PREMIUM]",true,false,"['Clear view']","2026-07-31 19:40:58"
"13533257032","2026-08-01 23:17:39.361","2026-08-14 23:13:11.605","13533257032","161470416","[PREMIUM]","[PREMIUM]","9","Z","_",,,2,"[2]",594,"Lower",10,"Mobile Transfer ticket",1,"[PREMIUM]","[PREMIUM]","[PREMIUM]","[PREMIUM]",true,false,"['Clear view']","2026-08-01 00:49:29"
"13528766442","2026-08-01 23:17:39.321","2026-08-01 23:17:39.321","13528766442","161400525","[PREMIUM]","[PREMIUM]","2","5","_",,,4,"[2,4]",265,"Lower Tier",10,"Mobile Transfer ticket",1,"[PREMIUM]","[PREMIUM]","[PREMIUM]","[PREMIUM]",true,false,"['Third Row of Section','Clear view']","2026-07-31 14:36:51"
"13528765412","2026-08-01 23:17:39.224","2026-08-01 23:17:39.224","13528765412","161400525","[PREMIUM]","[PREMIUM]","110","9","_",,,4,"[2,4]",267,"Upper Tier",10,"Mobile Transfer ticket",1,"[PREMIUM]","[PREMIUM]","[PREMIUM]","[PREMIUM]",true,false,"['Second Row of Section','Clear view']","2026-07-31 14:36:48"
"13528762505","2026-08-01 23:17:39.135","2026-08-01 23:17:39.135","13528762505","161400525","[PREMIUM]","[PREMIUM]","110","8","_",,,2,"[2]",267,"Upper Tier",10,"Mobile Transfer ticket",1,"[PREMIUM]","[PREMIUM]","[PREMIUM]","[PREMIUM]",true,false,"['Front Row of Section','Clear view']","2026-07-31 14:36:40"
"13530742370","2026-08-01 23:17:39.018","2026-08-14 23:13:10.750","13530742370","161470416","[PREMIUM]","[PREMIUM]","201","Q","_",,,4,"[1,2,3,4]",407,"Upper",9,"Mobile Transfer ticket",1,"[PREMIUM]","[PREMIUM]","[PREMIUM]","[PREMIUM]",true,false,"['Clear view']","2026-07-31 20:05:51"
"13492232543","2026-08-01 23:17:38.990","2026-08-14 23:13:10.952","13492232543","161470416","[PREMIUM]","[PREMIUM]","1","Q","_",,,4,"[2,4]",594,"Lower",9,"Mobile Transfer ticket",1,"[PREMIUM]","[PREMIUM]","[PREMIUM]","[PREMIUM]",true,false,"['Clear view']","2026-07-27 18:58:26"
"13377623087","2026-08-01 23:17:38.955","2026-08-02 23:18:51.593","13377623087","161470416","[PREMIUM]","[PREMIUM]","8","Z","_",,,2,"[1,2]",594,"Lower",10,"Mobile Transfer ticket",1,"[PREMIUM]","[PREMIUM]","[PREMIUM]","[PREMIUM]",true,false,"['Clear view']","2026-07-16 23:27:23"
"13530742198","2026-08-01 23:17:38.948","2026-08-11 23:09:54.656","13530742198","161470416","[PREMIUM]","[PREMIUM]","201","K","_",,,7,"[1,2,3,4,5,6,7]",407,"Upper",9,"Mobile Transfer ticket",1,"[PREMIUM]","[PREMIUM]","[PREMIUM]","[PREMIUM]",true,false,"['Clear view']","2026-07-31 20:05:51"
"13528835229","2026-08-01 23:17:38.938","2026-08-04 23:19:26.198","13528835229","161470416","[PREMIUM]","[PREMIUM]","217",,"_",,,3,"[1,3]",407,"Upper",9,"Mobile Transfer ticket",1,"[PREMIUM]","[PREMIUM]","[PREMIUM]","[PREMIUM]",true,true,"['Clear view']","2026-07-31 14:45:38"
"13530742385","2026-08-01 23:17:38.935","2026-08-14 23:13:10.750","13530742385","161470416","[PREMIUM]","[PREMIUM]","201","P","_",,,4,"[1,2,3,4]",407,"Upper",9,"Mobile Transfer ticket",1,"[PREMIUM]","[PREMIUM]","[PREMIUM]","[PREMIUM]",true,false,"['Clear view']","2026-07-31 20:05:52"
"13528833381","2026-08-01 23:17:38.935","2026-08-14 23:13:10.782","13528833381","161470416","[PREMIUM]","[PREMIUM]","208","Q","_",,,4,"[2,4]",407,"Upper",9,"Mobile Transfer ticket",1,"[PREMIUM]","[PREMIUM]","[PREMIUM]","[PREMIUM]",true,false,"['Clear view']","2026-07-31 14:45:29"
"13388080975","2026-08-01 23:17:38.904","2026-08-02 23:18:51.865","13388080975","161470416","[PREMIUM]","[PREMIUM]","104",,"_",,,4,"[1,2,3,4]",471,"Middle",10,"Mobile Transfer ticket",1,"[PREMIUM]","[PREMIUM]","[PREMIUM]","[PREMIUM]",true,true,"['Clear view']","2026-07-18 01:57:46"
"13530742500","2026-08-01 23:17:38.904","2026-08-02 23:18:51.865","13530742500","161470416","[PREMIUM]","[PREMIUM]","105","K","_",,,6,"[1,2,3,4,5,6]",471,"Middle",9,"Mobile Transfer ticket",1,"[PREMIUM]","[PREMIUM]","[PREMIUM]","[PREMIUM]",true,false,"['Clear view']","2026-07-31 20:05:52"
"13530772186","2026-08-01 23:17:38.900","2026-08-02 23:18:51.593","13530772186","161470416","[PREMIUM]","[PREMIUM]","211","M","_",,,4,"[1,2,3,4]",407,"Upper",9,"Mobile Transfer ticket",1,"[PREMIUM]","[PREMIUM]","[PREMIUM]","[PREMIUM]",true,false,"['Clear view']","2026-07-31 20:07:22"
"13530742358","2026-08-01 23:17:38.900","2026-08-04 02:02:30.037","13530742358","161470416","[PREMIUM]","[PREMIUM]","216","H","_",,,4,"[1,2,3,4]",407,"Upper",9,"Mobile Transfer ticket",1,"[PREMIUM]","[PREMIUM]","[PREMIUM]","[PREMIUM]",true,false,"['Clear view']","2026-07-31 20:05:51"
"13530742341","2026-08-01 23:17:38.900","2026-08-05 23:21:14.691","13530742341","161470416","[PREMIUM]","[PREMIUM]","211","N","_",,,3,"[1,3]",407,"Upper",9,"Mobile Transfer ticket",1,"[PREMIUM]","[PREMIUM]","[PREMIUM]","[PREMIUM]",true,false,"['Clear view']","2026-07-31 20:05:51"
"13530742199","2026-08-01 23:17:38.889","2026-08-11 23:09:54.598","13530742199","161470416","[PREMIUM]","[PREMIUM]","201","L","_",,,7,"[1,2,3,4,5,6,7]",407,"Upper",9,"Mobile Transfer ticket",1,"[PREMIUM]","[PREMIUM]","[PREMIUM]","[PREMIUM]",true,false,"['Clear view']","2026-07-31 20:05:51"
"13533223057","2026-08-01 23:17:38.889","2026-08-14 23:13:10.800","13533223057","161470416","[PREMIUM]","[PREMIUM]","119","P","_",,,2,"[2]",471,"Middle",10,"Mobile Transfer ticket",1,"[PREMIUM]","[PREMIUM]","[PREMIUM]","[PREMIUM]",true,false,"['Clear view']","2026-08-01 00:46:54"
"13533222905","2026-08-01 23:17:38.889","2026-08-14 23:13:10.800","13533222905","161470416","[PREMIUM]","[PREMIUM]","102","P","_",,,2,"[2]",471,"Middle",10,"Mobile Transfer ticket",1,"[PREMIUM]","[PREMIUM]","[PREMIUM]","[PREMIUM]",true,false,"['Clear view']","2026-08-01 00:46:53"
"13530742359","2026-08-01 23:17:38.882","2026-08-02 23:18:51.635","13530742359","161470416","[PREMIUM]","[PREMIUM]","216","M","_",,,2,"[2]",407,"Upper",9,"Mobile Transfer ticket",1,"[PREMIUM]","[PREMIUM]","[PREMIUM]","[PREMIUM]",true,false,"['Clear view']","2026-07-31 20:05:51"
"13530742360","2026-08-01 23:17:38.882","2026-08-05 23:21:14.691","13530742360","161470416","[PREMIUM]","[PREMIUM]","214","Q","_",,,2,"[2]",407,"Upper",9,"Mobile Transfer ticket",1,"[PREMIUM]","[PREMIUM]","[PREMIUM]","[PREMIUM]",true,false,"['Clear view']","2026-07-31 20:05:51"
"13530742367","2026-08-01 23:17:38.882","2026-08-05 23:21:14.641","13530742367","161470416","[PREMIUM]","[PREMIUM]","215","R","_",,,2,"[2]",407,"Upper",9,"Mobile Transfer ticket",1,"[PREMIUM]","[PREMIUM]","[PREMIUM]","[PREMIUM]",true,false,"['Clear view']","2026-07-31 20:05:51"
"13530742357","2026-08-01 23:17:38.882","2026-08-05 23:21:14.641","13530742357","161470416","[PREMIUM]","[PREMIUM]","213","R","_",,,2,"[2]",407,"Upper",9,"Mobile Transfer ticket",1,"[PREMIUM]","[PREMIUM]","[PREMIUM]","[PREMIUM]",true,false,"['Clear view']","2026-07-31 20:05:51"
"13532257452","2026-08-01 23:17:38.706","2026-08-14 23:13:16.975","13532257452","161400525","[PREMIUM]","[PREMIUM]","125","21","_",,,2,"[2]",267,"Upper Tier",10,"Mobile Transfer ticket",1,"[PREMIUM]","[PREMIUM]","[PREMIUM]","[PREMIUM]",true,false,"['Clear view']","2026-07-31 22:52:14"
"13532245534","2026-08-01 23:17:38.706","2026-08-14 23:13:16.975","13532245534","161400525","[PREMIUM]","[PREMIUM]","119","21","_",,,2,"[2]",267,"Upper Tier",10,"Mobile Transfer ticket",1,"[PREMIUM]","[PREMIUM]","[PREMIUM]","[PREMIUM]",true,false,"['Clear view']","2026-07-31 22:51:29"
"13535244920","2026-08-01 23:17:38.687","2026-08-14 23:13:10.562","13535244920","161400525","[PREMIUM]","[PREMIUM]","129","15","_",,,6,"[1,2,4,6]",267,"Upper Tier",10,"Mobile Transfer ticket",14,"[PREMIUM]","[PREMIUM]","[PREMIUM]","[PREMIUM]",true,false,"['Clear view']","2026-08-01 05:28:21"
"13476994722","2026-08-01 23:17:38.676","2026-08-01 23:17:38.676","13476994722","161400525","[PREMIUM]","[PREMIUM]","127","9","_",,,2,"[2]",267,"Upper Tier",10,"Mobile Transfer ticket",1,"[PREMIUM]","[PREMIUM]","[PREMIUM]","[PREMIUM]",true,false,"['Clear view']","2026-07-26 02:16:17"
"13535244937","2026-08-01 23:17:38.666","2026-08-14 23:13:10.879","13535244937","161400525","[PREMIUM]","[PREMIUM]","136","18","_",,,1,"[1]",267,"Upper Tier",10,"Mobile Transfer ticket",14,"[PREMIUM]","[PREMIUM]","[PREMIUM]","[PREMIUM]",false,false,"['Clear view']","2026-08-01 05:28:21"
"13530742342","2026-08-01 23:17:38.371","2026-08-11 23:09:54.556","13530742342","161470416","[PREMIUM]","[PREMIUM]","202","F","_",,,2,"[2]",407,"Upper",9,"Mobile Transfer ticket",1,"[PREMIUM]","[PREMIUM]","[PREMIUM]","[PREMIUM]",true,false,"['Clear view']","2026-07-31 20:05:51"
"13530742229","2026-08-01 23:17:38.371","2026-08-14 23:13:10.780","13530742229","161470416","[PREMIUM]","[PREMIUM]","202","H","_",,,2,"[2]",407,"Upper",9,"Mobile Transfer ticket",1,"[PREMIUM]","[PREMIUM]","[PREMIUM]","[PREMIUM]",true,false,"['Clear view']","2026-07-31 20:05:51"
"13530772137","2026-08-01 23:17:38.371","2026-08-14 23:13:10.780","13530772137","161470416","[PREMIUM]","[PREMIUM]","227","L","_",,,2,"[2]",407,"Upper",9,"Mobile Transfer ticket",1,"[PREMIUM]","[PREMIUM]","[PREMIUM]","[PREMIUM]",true,false,"['Clear view']","2026-07-31 20:07:22"
"13535647865","2026-08-01 23:17:37.894","2026-08-14 23:12:59.761","13535647865","161311377","[PREMIUM]","[PREMIUM]","123","J","_",,,7,"[1,2,3,4,5,7]",7220,"Plaza Endzone",10,"Mobile Transfer ticket",1,"[PREMIUM]","[PREMIUM]","[PREMIUM]","[PREMIUM]",true,false,"['Clear view']","2026-08-01 06:24:21"
"13529475123","2026-08-01 23:17:37.806","2026-08-14 23:13:09.047","13529475123","161436389","[PREMIUM]","[PREMIUM]","7","D","_",,,2,"[2]",594,"Lower",10,"Mobile Transfer ticket",1,"[PREMIUM]","[PREMIUM]","[PREMIUM]","[PREMIUM]",true,false,"['Clear view']","2026-07-31 16:48:07"
"13528835407","2026-08-01 23:17:37.682","2026-08-09 23:13:38.247","13528835407","161436389","[PREMIUM]","[PREMIUM]","216","E","_",,,4,"[2,4]",407,"Upper",9,"Mobile Transfer ticket",1,"[PREMIUM]","[PREMIUM]","[PREMIUM]","[PREMIUM]",true,false,"['Clear view']","2026-07-31 14:45:38"
"13530527168","2026-08-01 23:17:37.675","2026-08-11 23:09:52.499","13530527168","161436389","[PREMIUM]","[PREMIUM]","209","M","13_16","13",,4,"[1,2,4]",407,"Upper",10,"Mobile Transfer ticket",1,"[PREMIUM]","[PREMIUM]","[PREMIUM]","[PREMIUM]",true,false,"['Clear view']","2026-07-31 19:44:28"
"13528466263","2026-08-01 23:17:37.580","2026-08-01 23:17:37.580","13528466263","161436389","[PREMIUM]","[PREMIUM]","215","L","_",,,2,"[2]",407,"Upper",9,"Mobile Transfer ticket",1,"[PREMIUM]","[PREMIUM]","[PREMIUM]","[PREMIUM]",true,false,"['Clear view']","2026-07-31 13:38:32"
"13382343915","2026-08-01 23:17:37.576","2026-08-04 23:19:25.322","13382343915","161436389","[PREMIUM]","[PREMIUM]","225","M","_",,,2,"[1,2]",407,"Upper",10,"Mobile Transfer ticket",1,"[PREMIUM]","[PREMIUM]","[PREMIUM]","[PREMIUM]",true,false,"['Clear view']","2026-07-17 11:19:18"
"13528837927","2026-08-01 23:17:37.561","2026-08-04 02:02:28.309","13528837927","161436389","[PREMIUM]","[PREMIUM]","217","Q","_",,,4,"[2,4]",407,"Upper",9,"Mobile Transfer ticket",1,"[PREMIUM]","[PREMIUM]","[PREMIUM]","[PREMIUM]",true,false,"['Clear view']","2026-07-31 14:45:45"
"13529171059","2026-08-01 23:17:37.243","2026-08-04 23:19:24.327","13529171059","161311331","[PREMIUM]","[PREMIUM]","117","F","_",,,4,"[1,2,3,4]",4861,"Plaza Center",10,"Mobile Transfer ticket",1,"[PREMIUM]","[PREMIUM]","[PREMIUM]","[PREMIUM]",true,false,"['Clear view']","2026-07-31 15:48:09"
"13529170351","2026-08-01 23:17:37.240","2026-08-05 23:21:11.717","13529170351","161311331","[PREMIUM]","[PREMIUM]","124","L","_",,,4,"[1,2,3,4]",7220,"Plaza Endzone",10,"Mobile Transfer ticket",1,"[PREMIUM]","[PREMIUM]","[PREMIUM]","[PREMIUM]",true,false,"['Clear view']","2026-07-31 15:47:55"
"13535769643","2026-08-01 23:17:37.240","2026-08-04 23:19:23.761","13535769643","161311331","[PREMIUM]","[PREMIUM]","122","K","_",,,4,"[1,2,4]",7220,"Plaza Endzone",10,"Mobile Transfer ticket",14,"[PREMIUM]","[PREMIUM]","[PREMIUM]","[PREMIUM]",true,false,"['Clear view']","2026-08-01 06:45:08"
"13523724040","2026-08-01 23:17:36.911","2026-08-10 23:09:03.388","13523724040","161436389","[PREMIUM]","[PREMIUM]","216","M","_",,,2,"[2]",407,"Upper",9,"Mobile Transfer ticket",1,"[PREMIUM]","[PREMIUM]","[PREMIUM]","[PREMIUM]",true,false,"['Clear view']","2026-07-30 21:53:02"
"13528479918","2026-08-01 23:17:36.859","2026-08-01 23:17:36.859","13528479918","161311390","[PREMIUM]","[PREMIUM]","122","E","_",,,2,"[2]",7220,"Plaza Endzone",10,"Mobile Transfer ticket",1,"[PREMIUM]","[PREMIUM]","[PREMIUM]","[PREMIUM]",true,false,"['Clear view']","2026-07-31 13:41:27"
"13528740528","2026-08-01 23:17:36.848","2026-08-07 08:10:28.175","13528740528","161311390","[PREMIUM]","[PREMIUM]","112","G","_",,,2,"[2]",7764,"Plaza Middle",10,"Mobile Transfer ticket",1,"[PREMIUM]","[PREMIUM]","[PREMIUM]","[PREMIUM]",true,false,"['Clear view']","2026-07-31 14:33:53"
"13528740523","2026-08-01 23:17:36.834","2026-08-07 08:10:28.398","13528740523","161311390","[PREMIUM]","[PREMIUM]","115","C","_",,,2,"[2]",4861,"Plaza Center",10,"Mobile Transfer ticket",1,"[PREMIUM]","[PREMIUM]","[PREMIUM]","[PREMIUM]",true,false,"['Third Row of Section','Clear view']","2026-07-31 14:33:53"
"13529170313","2026-08-01 23:17:36.591","2026-08-04 02:02:27.146","13529170313","161311331","[PREMIUM]","[PREMIUM]","122","U","_",,,4,"[1,2,3,4]",7220,"Plaza Endzone",10,"Mobile Transfer ticket",1,"[PREMIUM]","[PREMIUM]","[PREMIUM]","[PREMIUM]",true,false,"['Clear view']","2026-07-31 15:47:53"
"13529170512","2026-08-01 23:17:36.568","2026-08-14 23:13:05.295","13529170512","161311331","[PREMIUM]","[PREMIUM]","311","J","_",,,2,"[2]",3831,"Terrace Corner",10,"Mobile Transfer ticket",1,"[PREMIUM]","[PREMIUM]","[PREMIUM]","[PREMIUM]",true,false,"['Clear view']","2026-07-31 15:48:02"
"13528633154","2026-08-01 23:17:36.557","2026-08-09 23:13:34.304","13528633154","161311331","[PREMIUM]","[PREMIUM]","317","G","_",,,5,"[1,2,3,5]",4813,"Terrace Center",10,"Mobile Transfer ticket",1,"[PREMIUM]","[PREMIUM]","[PREMIUM]","[PREMIUM]",true,false,"['Clear view']","2026-07-31 14:17:37"
"13528634106","2026-08-01 23:17:36.538","2026-08-14 23:13:05.442","13528634106","161311331","[PREMIUM]","[PREMIUM]","326","J","_",,,3,"[1,3]",3831,"Terrace Corner",10,"Mobile Transfer ticket",1,"[PREMIUM]","[PREMIUM]","[PREMIUM]","[PREMIUM]",true,false,"['Clear view']","2026-07-31 14:17:43"
"13528596158","2026-08-01 23:17:36.538","2026-08-14 23:13:05.576","13528596158","161311331","[PREMIUM]","[PREMIUM]","306","H","_",,,4,"[2,4]",3831,"Terrace Corner",10,"Mobile Transfer ticket",1,"[PREMIUM]","[PREMIUM]","[PREMIUM]","[PREMIUM]",true,false,"['Clear view']","2026-07-31 14:09:29"
"13474906347","2026-08-01 23:17:36.527","2026-08-14 23:13:05.372","13474906347","161311331","[PREMIUM]","[PREMIUM]","308","L","22_23","22","23",2,"[2]",17158,"Terrace Endzone",10,"Mobile Transfer ticket",1,"[PREMIUM]","[PREMIUM]","[PREMIUM]","[PREMIUM]",true,false,"['Aisle seat','Clear view']","2026-07-25 21:09:15"
"13528597026","2026-08-01 23:17:36.527","2026-08-05 23:21:11.143","13528597026","161311331","[PREMIUM]","[PREMIUM]","310","L","_",,,4,"[2,4]",17158,"Terrace Endzone",10,"Mobile Transfer ticket",1,"[PREMIUM]","[PREMIUM]","[PREMIUM]","[PREMIUM]",true,false,"['Clear view']","2026-07-31 14:09:33"
"13529173330","2026-08-01 23:17:36.527","2026-08-14 23:13:05.372","13529173330","161311331","[PREMIUM]","[PREMIUM]","311","M","_",,,2,"[2]",3831,"Terrace Corner",10,"Mobile Transfer ticket",1,"[PREMIUM]","[PREMIUM]","[PREMIUM]","[PREMIUM]",true,false,"['Clear view']","2026-07-31 15:48:30"
"13528595997","2026-08-01 23:17:36.519","2026-08-05 23:21:11.143","13528595997","161311331","[PREMIUM]","[PREMIUM]","310","J","_",,,3,"[1,3]",17158,"Terrace Endzone",10,"Mobile Transfer ticket",1,"[PREMIUM]","[PREMIUM]","[PREMIUM]","[PREMIUM]",true,false,"['Clear view']","2026-07-31 14:09:28"
"13528596770","2026-08-01 23:17:36.519","2026-08-14 23:13:05.435","13528596770","161311331","[PREMIUM]","[PREMIUM]","304","K","_",,,3,"[1,3]",3831,"Terrace Corner",10,"Mobile Transfer ticket",1,"[PREMIUM]","[PREMIUM]","[PREMIUM]","[PREMIUM]",true,false,"['Clear view']","2026-07-31 14:09:32"
"13528631509","2026-08-01 23:17:36.518","2026-08-14 23:13:05.442","13528631509","161311331","[PREMIUM]","[PREMIUM]","321","H","_",,,3,"[1,3]",3831,"Terrace Corner",10,"Mobile Transfer ticket",1,"[PREMIUM]","[PREMIUM]","[PREMIUM]","[PREMIUM]",true,false,"['Clear view']","2026-07-31 14:17:25"
"13529170099","2026-08-01 23:17:36.516","2026-08-05 23:21:10.690","13529170099","161311390","[PREMIUM]","[PREMIUM]","122","U","_",,,4,"[1,2,3,4]",7220,"Plaza Endzone",10,"Mobile Transfer ticket",1,"[PREMIUM]","[PREMIUM]","[PREMIUM]","[PREMIUM]",true,false,"['Clear view']","2026-07-31 15:47:44"
"13529170085","2026-08-01 23:17:36.516","2026-08-14 23:13:05.240","13529170085","161311390","[PREMIUM]","[PREMIUM]","122","F","_",,,2,"[2]",7220,"Plaza Endzone",10,"Mobile Transfer ticket",1,"[PREMIUM]","[PREMIUM]","[PREMIUM]","[PREMIUM]",true,false,"['Clear view']","2026-07-31 15:47:44"
"13529170082","2026-08-01 23:17:36.451","2026-08-05 23:21:11.646","13529170082","161311390","[PREMIUM]","[PREMIUM]","117","F","_",,,4,"[1,2,3,4]",4861,"Plaza Center",10,"Mobile Transfer ticket",1,"[PREMIUM]","[PREMIUM]","[PREMIUM]","[PREMIUM]",true,false,"['Clear view']","2026-07-31 15:47:44"
"13528633077","2026-08-01 23:17:36.242","2026-08-09 23:13:33.785","13528633077","161311390","[PREMIUM]","[PREMIUM]","317","G","_",,,5,"[1,2,3,5]",4813,"Terrace Center",10,"Mobile Transfer ticket",1,"[PREMIUM]","[PREMIUM]","[PREMIUM]","[PREMIUM]",true,false,"['Clear view']","2026-07-31 14:17:36"
"13528633890","2026-08-01 23:17:36.208","2026-08-14 23:13:10.047","13528633890","161311390","[PREMIUM]","[PREMIUM]","326","J","_",,,3,"[1,3]",3831,"Terrace Corner",10,"Mobile Transfer ticket",1,"[PREMIUM]","[PREMIUM]","[PREMIUM]","[PREMIUM]",true,false,"['Clear view']","2026-07-31 14:17:41"
"13529170162","2026-08-01 23:17:36.208","2026-08-14 23:13:04.540","13529170162","161311390","[PREMIUM]","[PREMIUM]","311","J","_",,,2,"[2]",3831,"Terrace Corner",10,"Mobile Transfer ticket",1,"[PREMIUM]","[PREMIUM]","[PREMIUM]","[PREMIUM]",true,false,"['Clear view']","2026-07-31 15:47:46"
"13528596137","2026-08-01 23:17:36.197","2026-08-14 23:13:04.577","13528596137","161311390","[PREMIUM]","[PREMIUM]","306","H","_",,,4,"[2,4]",3831,"Terrace Corner",10,"Mobile Transfer ticket",1,"[PREMIUM]","[PREMIUM]","[PREMIUM]","[PREMIUM]",true,false,"['Clear view']","2026-07-31 14:09:29"
"13376766082","2026-08-01 23:17:36.149","2026-08-14 23:13:04.443","13376766082","161311390","[PREMIUM]","[PREMIUM]","315","M","_",,,4,"[2,4]",4813,"Terrace Center",10,"Mobile Transfer ticket",1,"[PREMIUM]","[PREMIUM]","[PREMIUM]","[PREMIUM]",true,false,"['Clear view']","2026-07-16 21:43:35"
"13528597009","2026-08-01 23:17:36.075","2026-08-11 23:09:49.650","13528597009","161311390","[PREMIUM]","[PREMIUM]","310","L","_",,,4,"[2,4]",17158,"Terrace Endzone",10,"Mobile Transfer ticket",1,"[PREMIUM]","[PREMIUM]","[PREMIUM]","[PREMIUM]",true,false,"['Clear view']","2026-07-31 14:09:33"
"13529170105","2026-08-01 23:17:36.072","2026-08-05 23:21:10.717","13529170105","161311390","[PREMIUM]","[PREMIUM]","124","L","_",,,4,"[1,2,3,4]",7220,"Plaza Endzone",10,"Mobile Transfer ticket",1,"[PREMIUM]","[PREMIUM]","[PREMIUM]","[PREMIUM]",true,false,"['Clear view']","2026-07-31 15:47:44"
"13529170113","2026-08-01 23:17:36.072","2026-08-14 23:13:05.898","13529170113","161311390","[PREMIUM]","[PREMIUM]","128","K","_",,,4,"[1,2,3,4]",7764,"Plaza Middle",10,"Mobile Transfer ticket",1,"[PREMIUM]","[PREMIUM]","[PREMIUM]","[PREMIUM]",true,false,"['Clear view']","2026-07-31 15:47:44"
"13528596362","2026-08-01 23:17:35.994","2026-08-14 23:13:04.580","13528596362","161311390","[PREMIUM]","[PREMIUM]","304","K","_",,,3,"[1,3]",3831,"Terrace Corner",10,"Mobile Transfer ticket",1,"[PREMIUM]","[PREMIUM]","[PREMIUM]","[PREMIUM]",true,false,"['Clear view']","2026-07-31 14:09:30"
"13528631596","2026-08-01 23:17:35.994","2026-08-14 23:13:04.394","13528631596","161311390","[PREMIUM]","[PREMIUM]","321","H","_",,,3,"[1,3]",3831,"Terrace Corner",10,"Mobile Transfer ticket",1,"[PREMIUM]","[PREMIUM]","[PREMIUM]","[PREMIUM]",true,false,"['Clear view']","2026-07-31 14:17:25"
"13529191925","2026-08-01 23:17:35.957","2026-08-14 23:13:04.462","13529191925","161311331","[PREMIUM]","[PREMIUM]","321","P","_",,,2,"[2]",3831,"Terrace Corner",10,"Mobile Transfer ticket",1,"[PREMIUM]","[PREMIUM]","[PREMIUM]","[PREMIUM]",true,false,"['Clear view']","2026-07-31 15:49:28"
"13528477119","2026-08-01 23:17:35.787","2026-08-04 23:19:22.174","13528477119","161311384","[PREMIUM]","[PREMIUM]","122","E","_",,,2,"[2]",7220,"Plaza Endzone",10,"Mobile Transfer ticket",1,"[PREMIUM]","[PREMIUM]","[PREMIUM]","[PREMIUM]",true,false,"['Clear view']","2026-07-31 13:41:20"
"13529169680","2026-08-01 23:17:35.750","2026-08-12 23:09:52.201","13529169680","161311384","[PREMIUM]","[PREMIUM]","122","J","_",,,3,"[1,3]",7220,"Plaza Endzone",10,"Mobile Transfer ticket",1,"[PREMIUM]","[PREMIUM]","[PREMIUM]","[PREMIUM]",true,false,"['Clear view']","2026-07-31 15:47:42"
"13377920670","2026-08-01 23:17:35.745","2026-08-11 23:09:49.200","13377920670","161311384","[PREMIUM]","[PREMIUM]","114","H","_",,,4,"[1,2,4]",7764,"Plaza Middle",10,"Mobile Transfer ticket",1,"[PREMIUM]","[PREMIUM]","[PREMIUM]","[PREMIUM]",true,false,"['Clear view']","2026-07-17 00:08:13"
"13529169819","2026-08-01 23:17:35.682","2026-08-12 23:09:52.227","13529169819","161311384","[PREMIUM]","[PREMIUM]","128","K","_",,,4,"[1,2,3,4]",7764,"Plaza Middle",10,"Mobile Transfer ticket",1,"[PREMIUM]","[PREMIUM]","[PREMIUM]","[PREMIUM]",true,false,"['Clear view']","2026-07-31 15:47:42"
"13529169679","2026-08-01 23:17:35.660","2026-08-04 23:19:22.075","13529169679","161311384","[PREMIUM]","[PREMIUM]","126","H","_",,,7,"[1,2,3,4,5,6,7]",7220,"Plaza Endzone",10,"Mobile Transfer ticket",1,"[PREMIUM]","[PREMIUM]","[PREMIUM]","[PREMIUM]",true,false,"['Clear view']","2026-07-31 15:47:42"
"13529169432","2026-08-01 23:17:35.660","2026-08-08 23:09:18.597","13529169432","161311384","[PREMIUM]","[PREMIUM]","122","F","_",,,2,"[2]",7220,"Plaza Endzone",10,"Mobile Transfer ticket",1,"[PREMIUM]","[PREMIUM]","[PREMIUM]","[PREMIUM]",true,false,"['Clear view']","2026-07-31 15:47:41"
"13529169491","2026-08-01 23:17:35.581","2026-08-05 23:21:11.248","13529169491","161311384","[PREMIUM]","[PREMIUM]","124","L","_",,,4,"[1,2,3,4]",7220,"Plaza Endzone",10,"Mobile Transfer ticket",1,"[PREMIUM]","[PREMIUM]","[PREMIUM]","[PREMIUM]",true,false,"['Clear view']","2026-07-31 15:47:41"
"13529170883","2026-08-01 23:17:35.451","2026-08-13 23:13:25.636","13529170883","161311346","[PREMIUM]","[PREMIUM]","128","K","_",,,4,"[1,2,3,4]",7764,"Plaza Middle",10,"Mobile Transfer ticket",1,"[PREMIUM]","[PREMIUM]","[PREMIUM]","[PREMIUM]",true,false,"['Clear view']","2026-07-31 15:48:07"
"13528481623","2026-08-01 23:17:35.361","2026-08-02 23:18:46.337","13528481623","161311346","[PREMIUM]","[PREMIUM]","122","E","_",,,2,"[2]",7220,"Plaza Endzone",10,"Mobile Transfer ticket",1,"[PREMIUM]","[PREMIUM]","[PREMIUM]","[PREMIUM]",true,false,"['Clear view']","2026-07-31 13:41:31"
"13529170729","2026-08-01 23:17:35.361","2026-08-02 23:18:46.367","13529170729","161311346","[PREMIUM]","[PREMIUM]","117","F","_",,,4,"[1,2,3,4]",4861,"Plaza Center",10,"Mobile Transfer ticket",1,"[PREMIUM]","[PREMIUM]","[PREMIUM]","[PREMIUM]",true,false,"['Clear view']","2026-07-31 15:48:05"
"13529173365","2026-08-01 23:17:35.336","2026-08-14 23:13:03.870","13529173365","161311390","[PREMIUM]","[PREMIUM]","321","P","_",,,2,"[2]",3831,"Terrace Corner",10,"Mobile Transfer ticket",1,"[PREMIUM]","[PREMIUM]","[PREMIUM]","[PREMIUM]",true,false,"['Clear view']","2026-07-31 15:48:30"
"13529170829","2026-08-01 23:17:35.242","2026-08-04 23:19:18.742","13529170829","161311346","[PREMIUM]","[PREMIUM]","124","L","_",,,4,"[1,2,3,4]",7220,"Plaza Endzone",10,"Mobile Transfer ticket",1,"[PREMIUM]","[PREMIUM]","[PREMIUM]","[PREMIUM]",true,false,"['Clear view']","2026-07-31 15:48:06"
"13528631703","2026-08-01 23:17:35.191","2026-08-09 23:13:37.903","13528631703","161311384","[PREMIUM]","[PREMIUM]","317","G","_",,,5,"[1,2,3,5]",4813,"Terrace Center",10,"Mobile Transfer ticket",1,"[PREMIUM]","[PREMIUM]","[PREMIUM]","[PREMIUM]",true,false,"['Clear view']","2026-07-31 14:17:26"
"13529169469","2026-08-01 23:17:35.144","2026-08-05 23:21:11.285","13529169469","161311384","[PREMIUM]","[PREMIUM]","122","U","_",,,4,"[1,2,3,4]",7220,"Plaza Endzone",10,"Mobile Transfer ticket",1,"[PREMIUM]","[PREMIUM]","[PREMIUM]","[PREMIUM]",true,false,"['Clear view']","2026-07-31 15:47:41"
"13528631409","2026-08-01 23:17:35.081","2026-08-14 23:13:03.314","13528631409","161311384","[PREMIUM]","[PREMIUM]","321","H","_",,,3,"[1,3]",3831,"Terrace Corner",10,"Mobile Transfer ticket",1,"[PREMIUM]","[PREMIUM]","[PREMIUM]","[PREMIUM]",true,false,"['Clear view']","2026-07-31 14:17:24"
"13529173366","2026-08-01 23:17:35.081","2026-08-14 23:13:03.449","13529173366","161311384","[PREMIUM]","[PREMIUM]","311","J","_",,,2,"[2]",3831,"Terrace Corner",10,"Mobile Transfer ticket",1,"[PREMIUM]","[PREMIUM]","[PREMIUM]","[PREMIUM]",true,false,"['Clear view']","2026-07-31 15:48:30"
"13529173354","2026-08-01 23:17:35.011","2026-08-07 08:10:25.870","13529173354","161311384","[PREMIUM]","[PREMIUM]","311","M","_",,,2,"[2]",3831,"Terrace Corner",10,"Mobile Transfer ticket",1,"[PREMIUM]","[PREMIUM]","[PREMIUM]","[PREMIUM]",true,false,"['Clear view']","2026-07-31 15:48:30"
"13529169877","2026-08-01 23:17:34.979","2026-08-14 23:13:03.405","13529169877","161311384","[PREMIUM]","[PREMIUM]","321","P","_",,,2,"[2]",3831,"Terrace Corner",10,"Mobile Transfer ticket",1,"[PREMIUM]","[PREMIUM]","[PREMIUM]","[PREMIUM]",true,false,"['Clear view']","2026-07-31 15:47:42"
"13528633316","2026-08-01 23:17:34.979","2026-08-14 23:13:03.512","13528633316","161311384","[PREMIUM]","[PREMIUM]","326","J","_",,,3,"[1,3]",3831,"Terrace Corner",10,"Mobile Transfer ticket",1,"[PREMIUM]","[PREMIUM]","[PREMIUM]","[PREMIUM]",true,false,"['Clear view']","2026-07-31 14:17:38"
"13528596343","2026-08-01 23:17:34.971","2026-08-14 23:13:03.835","13528596343","161311384","[PREMIUM]","[PREMIUM]","304","K","_",,,3,"[1,3]",3831,"Terrace Corner",10,"Mobile Transfer ticket",1,"[PREMIUM]","[PREMIUM]","[PREMIUM]","[PREMIUM]",true,false,"['Clear view']","2026-07-31 14:09:30"
"13528596797","2026-08-01 23:17:34.911","2026-08-14 23:13:00.251","13528596797","161311346","[PREMIUM]","[PREMIUM]","304","K","_",,,3,"[1,3]",3831,"Terrace Corner",10,"Mobile Transfer ticket",1,"[PREMIUM]","[PREMIUM]","[PREMIUM]","[PREMIUM]",true,false,"['Clear view']","2026-07-31 14:09:33"
"13528596174","2026-08-01 23:17:34.911","2026-08-14 23:13:00.251","13528596174","161311346","[PREMIUM]","[PREMIUM]","306","H","_",,,4,"[2,4]",3831,"Terrace Corner",10,"Mobile Transfer ticket",1,"[PREMIUM]","[PREMIUM]","[PREMIUM]","[PREMIUM]",true,false,"['Clear view']","2026-07-31 14:09:29"
"13529170760","2026-08-01 23:17:34.905","2026-08-14 23:13:01.214","13529170760","161311346","[PREMIUM]","[PREMIUM]","122","F","_",,,2,"[2]",7220,"Plaza Endzone",10,"Mobile Transfer ticket",1,"[PREMIUM]","[PREMIUM]","[PREMIUM]","[PREMIUM]",true,false,"['Clear view']","2026-07-31 15:48:05"
"13528633946","2026-08-01 23:17:34.831","2026-08-14 23:13:00.284","13528633946","161311346","[PREMIUM]","[PREMIUM]","326","J","_",,,3,"[1,3]",3831,"Terrace Corner",10,"Mobile Transfer ticket",1,"[PREMIUM]","[PREMIUM]","[PREMIUM]","[PREMIUM]",true,false,"['Clear view']","2026-07-31 14:17:42"
"13529170886","2026-08-01 23:17:34.825","2026-08-14 23:13:00.345","13529170886","161311346","[PREMIUM]","[PREMIUM]","311","M","_",,,2,"[2]",3831,"Terrace Corner",10,"Mobile Transfer ticket",1,"[PREMIUM]","[PREMIUM]","[PREMIUM]","[PREMIUM]",true,false,"['Clear view']","2026-07-31 15:48:07"
"13529191945","2026-08-01 23:17:34.789","2026-08-14 23:13:00.314","13529191945","161311346","[PREMIUM]","[PREMIUM]","311","J","_",,,2,"[2]",3831,"Terrace Corner",10,"Mobile Transfer ticket",1,"[PREMIUM]","[PREMIUM]","[PREMIUM]","[PREMIUM]",true,false,"['Clear view']","2026-07-31 15:49:29"
"13528631533","2026-08-01 23:17:34.689","2026-08-14 23:13:00.302","13528631533","161311346","[PREMIUM]","[PREMIUM]","321","H","_",,,3,"[1,3]",3831,"Terrace Corner",10,"Mobile Transfer ticket",1,"[PREMIUM]","[PREMIUM]","[PREMIUM]","[PREMIUM]",true,false,"['Clear view']","2026-07-31 14:17:25"
"13528838190","2026-08-01 23:17:34.669","2026-08-04 23:19:15.728","13528838190","161470403","[PREMIUM]","[PREMIUM]","217","Q","_",,,4,"[2,4]",407,"Upper",9,"Mobile Transfer ticket",1,"[PREMIUM]","[PREMIUM]","[PREMIUM]","[PREMIUM]",true,false,"['Clear view']","2026-07-31 14:45:45"
"13528837163","2026-08-01 23:17:34.669","2026-08-14 23:13:03.100","13528837163","161470403","[PREMIUM]","[PREMIUM]","202","J","_",,,4,"[2,4]",407,"Upper",9,"Mobile Transfer ticket",1,"[PREMIUM]","[PREMIUM]","[PREMIUM]","[PREMIUM]",true,false,"['Clear view']","2026-07-31 14:45:43"
"13528834044","2026-08-01 23:17:34.630","2026-08-14 23:13:03.087","13528834044","161470403","[PREMIUM]","[PREMIUM]","208","Q","_",,,4,"[2,4]",407,"Upper",9,"Mobile Transfer ticket",1,"[PREMIUM]","[PREMIUM]","[PREMIUM]","[PREMIUM]",true,false,"['Clear view']","2026-07-31 14:45:32"
"13528633514","2026-08-01 23:17:34.537","2026-08-09 23:13:32.841","13528633514","161311346","[PREMIUM]","[PREMIUM]","317","G","_",,,5,"[1,2,3,5]",4813,"Terrace Center",10,"Mobile Transfer ticket",1,"[PREMIUM]","[PREMIUM]","[PREMIUM]","[PREMIUM]",true,false,"['Clear view']","2026-07-31 14:17:39"
"13528835353","2026-08-01 23:17:34.527","2026-08-12 23:09:50.378","13528835353","161470403","[PREMIUM]","[PREMIUM]","217",,"_",,,3,"[1,3]",407,"Upper",9,"Mobile Transfer ticket",1,"[PREMIUM]","[PREMIUM]","[PREMIUM]","[PREMIUM]",true,true,"['Clear view']","2026-07-31 14:45:38"
"13520484107","2026-08-01 23:17:34.207","2026-08-04 02:02:25.124","13520484107","161400577","[PREMIUM]","[PREMIUM]","18","20","13_16","13","16",4,"[2,4]",265,"Lower Tier",10,"Mobile Transfer ticket",1,"[PREMIUM]","[PREMIUM]","[PREMIUM]","[PREMIUM]",true,false,"['Clear view']","2026-07-30 14:25:48"
"13520476887","2026-08-01 23:17:34.207","2026-08-04 02:02:24.955","13520476887","161400577","[PREMIUM]","[PREMIUM]","8","20","13_16","13","16",4,"[2,4]",265,"Lower Tier",10,"Mobile Transfer ticket",1,"[PREMIUM]","[PREMIUM]","[PREMIUM]","[PREMIUM]",true,false,"['Clear view']","2026-07-30 14:24:56"
"13528596271","2026-08-01 23:17:33.845","2026-08-14 23:13:02.721","13528596271","161311384","[PREMIUM]","[PREMIUM]","309","M","_",,,2,"[2]",17158,"Terrace Endzone",10,"Mobile Transfer ticket",1,"[PREMIUM]","[PREMIUM]","[PREMIUM]","[PREMIUM]",true,false,"['Clear view']","2026-07-31 14:09:29"
"13528596957","2026-08-01 23:17:33.845","2026-08-14 23:13:02.721","13528596957","161311384","[PREMIUM]","[PREMIUM]","310","L","_",,,4,"[2,4]",17158,"Terrace Endzone",10,"Mobile Transfer ticket",1,"[PREMIUM]","[PREMIUM]","[PREMIUM]","[PREMIUM]",true,false,"['Clear view']","2026-07-31 14:09:33"
"13526972134","2026-08-01 23:17:33.793","2026-08-14 23:12:59.552","13526972134","161311346","[PREMIUM]","[PREMIUM]","321","K","_",,,2,"[2]",3831,"Terrace Corner",10,"Mobile Transfer ticket",1,"[PREMIUM]","[PREMIUM]","[PREMIUM]","[PREMIUM]",true,false,"['Clear view']","2026-07-31 07:53:24"
"13529170938","2026-08-01 23:17:33.793","2026-08-14 23:12:59.552","13529170938","161311346","[PREMIUM]","[PREMIUM]","321","P","_",,,2,"[2]",3831,"Terrace Corner",10,"Mobile Transfer ticket",1,"[PREMIUM]","[PREMIUM]","[PREMIUM]","[PREMIUM]",true,false,"['Clear view']","2026-07-31 15:48:08"
"13528834420","2026-08-01 23:17:33.785","2026-08-05 23:21:06.081","13528834420","161470403","[PREMIUM]","[PREMIUM]","213",,"_",,,3,"[1,3]",407,"Upper",9,"Mobile Transfer ticket",1,"[PREMIUM]","[PREMIUM]","[PREMIUM]","[PREMIUM]",true,true,"['Clear view']","2026-07-31 14:45:35"
"13529171123","2026-08-01 23:17:33.037","2026-08-14 23:12:53.944","13529171123","161311386","[PREMIUM]","[PREMIUM]","128","K","_",,,4,"[1,2,3,4]",7764,"Plaza Middle",10,"Mobile Transfer ticket",1,"[PREMIUM]","[PREMIUM]","[PREMIUM]","[PREMIUM]",true,false,"['Clear view']","2026-07-31 15:48:10"
"13529171091","2026-08-01 23:17:33.035","2026-08-05 23:21:05.652","13529171091","161311386","[PREMIUM]","[PREMIUM]","124","L","_",,,4,"[1,2,3,4]",7220,"Plaza Endzone",10,"Mobile Transfer ticket",1,"[PREMIUM]","[PREMIUM]","[PREMIUM]","[PREMIUM]",true,false,"['Clear view']","2026-07-31 15:48:10"
"13528480550","2026-08-01 23:17:33.035","2026-08-14 23:12:53.944","13528480550","161311386","[PREMIUM]","[PREMIUM]","122","E","4_5","4","5",2,"[2]",7220,"Plaza Endzone",10,"Mobile Transfer ticket",1,"[PREMIUM]","[PREMIUM]","[PREMIUM]","[PREMIUM]",true,false,"['Clear view']","2026-07-31 13:41:28"
"13528633140","2026-08-01 23:17:32.694","2026-08-09 23:13:28.570","13528633140","161311386","[PREMIUM]","[PREMIUM]","317","G","_",,,5,"[1,2,3,5]",4813,"Terrace Center",10,"Mobile Transfer ticket",1,"[PREMIUM]","[PREMIUM]","[PREMIUM]","[PREMIUM]",true,false,"['Clear view']","2026-07-31 14:17:37"
"13528596778","2026-08-01 23:17:32.614","2026-08-14 23:12:52.281","13528596778","161311386","[PREMIUM]","[PREMIUM]","304","K","_",,,3,"[1,3]",3831,"Terrace Corner",10,"Mobile Transfer ticket",1,"[PREMIUM]","[PREMIUM]","[PREMIUM]","[PREMIUM]",true,false,"['Clear view']","2026-07-31 14:09:33"
"13529171128","2026-08-01 23:17:32.614","2026-08-14 23:12:52.281","13529171128","161311386","[PREMIUM]","[PREMIUM]","311","J","_",,,2,"[2]",3831,"Terrace Corner",10,"Mobile Transfer ticket",1,"[PREMIUM]","[PREMIUM]","[PREMIUM]","[PREMIUM]",true,false,"['Clear view']","2026-07-31 15:48:10"
"13528631503","2026-08-01 23:17:32.597","2026-08-14 23:12:52.281","13528631503","161311386","[PREMIUM]","[PREMIUM]","321","H","_",,,3,"[1,3]",3831,"Terrace Corner",10,"Mobile Transfer ticket",1,"[PREMIUM]","[PREMIUM]","[PREMIUM]","[PREMIUM]",true,false,"['Clear view']","2026-07-31 14:17:25"
"13528597028","2026-08-01 23:17:32.597","2026-08-14 23:12:52.249","13528597028","161311386","[PREMIUM]","[PREMIUM]","310","L","_",,,4,"[2,4]",17158,"Terrace Endzone",10,"Mobile Transfer ticket",1,"[PREMIUM]","[PREMIUM]","[PREMIUM]","[PREMIUM]",true,false,"['Clear view']","2026-07-31 14:09:34"
"13528633739","2026-08-01 23:17:32.495","2026-08-14 23:12:52.249","13528633739","161311386","[PREMIUM]","[PREMIUM]","326","J","_",,,3,"[1,3]",3831,"Terrace Corner",10,"Mobile Transfer ticket",1,"[PREMIUM]","[PREMIUM]","[PREMIUM]","[PREMIUM]",true,false,"['Clear view']","2026-07-31 14:17:40"
"13538198013","2026-08-01 23:17:32.377","2026-08-01 23:17:32.377","13538198013","161400560","[PREMIUM]","[PREMIUM]","133","1","9001_9002","9001","9002",2,"[2]",267,"Upper Tier",9,"Mobile Transfer ticket",13,"[PREMIUM]","[PREMIUM]","[PREMIUM]","[PREMIUM]",true,false,"['Front Row of Section','Clear view']","2026-08-01 14:19:44"
"13538382230","2026-08-01 23:17:32.242","2026-08-14 23:12:59.355","13538382230","161400560","[PREMIUM]","[PREMIUM]","3","6","_",,,4,"[2,4]",265,"Lower Tier",10,"Mobile Transfer ticket",1,"[PREMIUM]","[PREMIUM]","[PREMIUM]","[PREMIUM]",true,false,"['Third Row of Section','Clear view']","2026-08-01 14:49:22"
"13532180149","2026-08-01 23:17:32.195","2026-08-14 23:12:59.090","13532180149","161400560","[PREMIUM]","[PREMIUM]","22","25","_",,,2,"[2]",265,"Lower Tier",10,"Mobile Transfer ticket",1,"[PREMIUM]","[PREMIUM]","[PREMIUM]","[PREMIUM]",true,false,"['Clear view']","2026-07-31 22:42:19"
"13538584501","2026-08-01 23:17:32.193","2026-08-01 23:17:32.193","13538584501","161400560","[PREMIUM]","[PREMIUM]","109","1","9001_9002","9001","9002",2,"[2]",267,"Upper Tier",9,"Mobile Transfer ticket",13,"[PREMIUM]","[PREMIUM]","[PREMIUM]","[PREMIUM]",true,false,"['Front Row of Section','Clear view']","2026-08-01 15:22:20"
"13528740344","2026-08-01 23:17:32.161","2026-08-07 08:10:23.466","13528740344","161311377","[PREMIUM]","[PREMIUM]","115","C","7_8","7","8",2,"[2]",4861,"Plaza Center",10,"Mobile Transfer ticket",1,"[PREMIUM]","[PREMIUM]","[PREMIUM]","[PREMIUM]",true,false,"['Third Row of Section','Clear view']","2026-07-31 14:33:52"
"13529169111","2026-08-01 23:17:32.153","2026-08-05 23:21:08.940","13529169111","161311377","[PREMIUM]","[PREMIUM]","117","F","_",,,4,"[1,2,3,4]",4861,"Plaza Center",10,"Mobile Transfer ticket",1,"[PREMIUM]","[PREMIUM]","[PREMIUM]","[PREMIUM]",true,false,"['Clear view']","2026-07-31 15:47:34"
"13528740357","2026-08-01 23:17:32.137","2026-08-07 08:10:23.295","13528740357","161311377","[PREMIUM]","[PREMIUM]","112","G","7_8","7","8",2,"[2]",7764,"Plaza Middle",10,"Mobile Transfer ticket",1,"[PREMIUM]","[PREMIUM]","[PREMIUM]","[PREMIUM]",true,false,"['Clear view']","2026-07-31 14:33:52"
"13535647495","2026-08-01 23:17:32.104","2026-08-14 23:13:00.643","13535647495","161311377","[PREMIUM]","[PREMIUM]","129","D","_",,,4,"[1,2,4]",7764,"Plaza Middle",10,"Mobile Transfer ticket",1,"[PREMIUM]","[PREMIUM]","[PREMIUM]","[PREMIUM]",true,false,"['Clear view']","2026-08-01 06:24:18"
"13529169184","2026-08-01 23:17:31.979","2026-08-14 23:12:59.883","13529169184","161311377","[PREMIUM]","[PREMIUM]","122","F","_",,,2,"[2]",7220,"Plaza Endzone",10,"Mobile Transfer ticket",1,"[PREMIUM]","[PREMIUM]","[PREMIUM]","[PREMIUM]",true,false,"['Clear view']","2026-07-31 15:47:39"
"13535647502","2026-08-01 23:17:31.979","2026-08-14 23:12:59.680","13535647502","161311377","[PREMIUM]","[PREMIUM]","126","G","_",,,4,"[1,2,4]",7220,"Plaza Endzone",10,"Mobile Transfer ticket",1,"[PREMIUM]","[PREMIUM]","[PREMIUM]","[PREMIUM]",true,false,"['Clear view']","2026-08-01 06:24:18"
"13527291003","2026-08-01 23:17:31.927","2026-08-14 23:12:51.323","13527291003","161311386","[PREMIUM]","[PREMIUM]","321","K","_",,,2,"[2]",3831,"Terrace Corner",10,"Mobile Transfer ticket",1,"[PREMIUM]","[PREMIUM]","[PREMIUM]","[PREMIUM]",true,false,"['Clear view']","2026-07-31 09:08:45"
"13531367547","2026-08-01 23:17:31.877","2026-08-14 23:12:58.121","13531367547","161400560","[PREMIUM]","[PREMIUM]","134","17","9001_9002","9001",,2,"[2]",267,"Upper Tier",10,"Mobile Transfer ticket",1,"[PREMIUM]","[PREMIUM]","[PREMIUM]","[PREMIUM]",true,false,"['Clear view']","2026-07-31 21:11:39"
"13535715403","2026-08-01 23:17:31.867","2026-08-13 23:13:10.427","13535715403","161400560","[PREMIUM]","[PREMIUM]","104",,"_",,,2,"[2]",267,"Upper Tier",10,"Mobile Transfer ticket",1,"[PREMIUM]","[PREMIUM]","[PREMIUM]","[PREMIUM]",true,true,"['Clear view']","2026-08-01 06:33:36"
"13529169672","2026-08-01 23:17:31.863","2026-08-14 23:12:59.883","13529169672","161311377","[PREMIUM]","[PREMIUM]","122","J","_",,,3,"[1,3]",7220,"Plaza Endzone",10,"Mobile Transfer ticket",1,"[PREMIUM]","[PREMIUM]","[PREMIUM]","[PREMIUM]",true,false,"['Clear view']","2026-07-31 15:47:42"
"13529173370","2026-08-01 23:17:31.857","2026-08-12 23:09:47.969","13529173370","161311377","[PREMIUM]","[PREMIUM]","126","H","_",,,7,"[1,2,3,4,5,6,7]",7220,"Plaza Endzone",10,"Mobile Transfer ticket",1,"[PREMIUM]","[PREMIUM]","[PREMIUM]","[PREMIUM]",true,false,"['Clear view']","2026-07-31 15:48:30"
"13529445496","2026-08-01 23:17:31.857","2026-08-14 23:13:06.158","13529445496","161311377","[PREMIUM]","[PREMIUM]","129","P","_",,,4,"[2,4]",7764,"Plaza Middle",10,"Mobile Transfer ticket",1,"[PREMIUM]","[PREMIUM]","[PREMIUM]","[PREMIUM]",true,false,"['Clear view']","2026-07-31 16:38:49"
"13529169183","2026-08-01 23:17:31.847","2026-08-05 23:21:08.568","13529169183","161311377","[PREMIUM]","[PREMIUM]","124","L","_",,,4,"[1,2,3,4]",7220,"Plaza Endzone",10,"Mobile Transfer ticket",1,"[PREMIUM]","[PREMIUM]","[PREMIUM]","[PREMIUM]",true,false,"['Clear view']","2026-07-31 15:47:39"
"13531611256","2026-08-01 23:17:31.824","2026-08-10 23:08:55.812","13531611256","161400560","[PREMIUM]","[PREMIUM]","111","4","9001_9003","9001",,3,"[1,3]",267,"Upper Tier",10,"Mobile Transfer ticket",1,"[PREMIUM]","[PREMIUM]","[PREMIUM]","[PREMIUM]",true,false,"['Clear view']","2026-07-31 21:36:51"
"13529169158","2026-08-01 23:17:31.788","2026-08-05 23:21:07.543","13529169158","161311377","[PREMIUM]","[PREMIUM]","122","U","_",,,4,"[1,2,3,4]",7220,"Plaza Endzone",10,"Mobile Transfer ticket",1,"[PREMIUM]","[PREMIUM]","[PREMIUM]","[PREMIUM]",true,false,"['Clear view']","2026-07-31 15:47:39"
"13532210243","2026-08-01 23:17:31.743","2026-08-14 23:12:57.656","13532210243","161400560","[PREMIUM]","[PREMIUM]","119","21","_",,,2,"[2]",267,"Upper Tier",10,"Mobile Transfer ticket",1,"[PREMIUM]","[PREMIUM]","[PREMIUM]","[PREMIUM]",true,false,"['Clear view']","2026-07-31 22:46:56"
"13532210273","2026-08-01 23:17:31.743","2026-08-14 23:12:58.065","13532210273","161400560","[PREMIUM]","[PREMIUM]","125","21","_",,,2,"[2]",267,"Upper Tier",10,"Mobile Transfer ticket",1,"[PREMIUM]","[PREMIUM]","[PREMIUM]","[PREMIUM]",true,false,"['Clear view']","2026-07-31 22:46:56"
"13529169218","2026-08-01 23:17:31.475","2026-08-14 23:12:58.764","13529169218","161311377","[PREMIUM]","[PREMIUM]","311","M","_",,,2,"[2]",3831,"Terrace Corner",10,"Mobile Transfer ticket",1,"[PREMIUM]","[PREMIUM]","[PREMIUM]","[PREMIUM]",true,false,"['Clear view']","2026-07-31 15:47:40"
"13529169222","2026-08-01 23:17:31.468","2026-08-14 23:12:58.818","13529169222","161311377","[PREMIUM]","[PREMIUM]","311","J","_",,,2,"[2]",3831,"Terrace Corner",10,"Mobile Transfer ticket",1,"[PREMIUM]","[PREMIUM]","[PREMIUM]","[PREMIUM]",true,false,"['Clear view']","2026-07-31 15:47:40"
"13528596988","2026-08-01 23:17:31.439","2026-08-11 23:09:44.736","13528596988","161311377","[PREMIUM]","[PREMIUM]","310","L","_",,,4,"[2,4]",17158,"Terrace Endzone",10,"Mobile Transfer ticket",1,"[PREMIUM]","[PREMIUM]","[PREMIUM]","[PREMIUM]",true,false,"['Clear view']","2026-07-31 14:09:33"
"13529169682","2026-08-01 23:17:31.439","2026-08-14 23:12:58.720","13529169682","161311377","[PREMIUM]","[PREMIUM]","321","P","_",,,2,"[2]",3831,"Terrace Corner",10,"Mobile Transfer ticket",1,"[PREMIUM]","[PREMIUM]","[PREMIUM]","[PREMIUM]",true,false,"['Clear view']","2026-07-31 15:47:42"
"13528631402","2026-08-01 23:17:31.386","2026-08-14 23:12:58.544","13528631402","161311377","[PREMIUM]","[PREMIUM]","321","H","_",,,3,"[1,3]",3831,"Terrace Corner",10,"Mobile Transfer ticket",1,"[PREMIUM]","[PREMIUM]","[PREMIUM]","[PREMIUM]",true,false,"['Clear view']","2026-07-31 14:17:24"
"13528596068","2026-08-01 23:17:31.386","2026-08-14 23:12:58.544","13528596068","161311377","[PREMIUM]","[PREMIUM]","306","H","_",,,4,"[2,4]",3831,"Terrace Corner",10,"Mobile Transfer ticket",1,"[PREMIUM]","[PREMIUM]","[PREMIUM]","[PREMIUM]",true,false,"['Clear view']","2026-07-31 14:09:28"
"13528596341","2026-08-01 23:17:31.380","2026-08-14 23:12:59.318","13528596341","161311377","[PREMIUM]","[PREMIUM]","304","K","_",,,3,"[1,3]",3831,"Terrace Corner",10,"Mobile Transfer ticket",1,"[PREMIUM]","[PREMIUM]","[PREMIUM]","[PREMIUM]",true,false,"['Clear view']","2026-07-31 14:09:30"
"13410064634","2026-08-01 23:17:31.216","2026-08-14 23:12:59.285","13410064634","161311377","[PREMIUM]","[PREMIUM]","316",,"_",,,3,"[1,3]",4813,"Terrace Center",10,"Mobile Transfer ticket",1,"[PREMIUM]","[PREMIUM]","[PREMIUM]","[PREMIUM]",true,true,"['Clear view']","2026-07-20 19:40:33"
"13528633653","2026-08-01 23:17:31.203","2026-08-14 23:12:58.764","13528633653","161311377","[PREMIUM]","[PREMIUM]","326","J","_",,,3,"[1,3]",3831,"Terrace Corner",10,"Mobile Transfer ticket",1,"[PREMIUM]","[PREMIUM]","[PREMIUM]","[PREMIUM]",true,false,"['Clear view']","2026-07-31 14:17:40"
"13534527660","2026-08-01 23:17:30.750","2026-08-14 23:12:57.236","13534527660","161470435","[PREMIUM]","[PREMIUM]","120","N","_",,,2,"[2]",471,"Middle",10,"Mobile Transfer ticket",1,"[PREMIUM]","[PREMIUM]","[PREMIUM]","[PREMIUM]",true,false,"['Clear view']","2026-08-01 03:46:44"
"13533185091","2026-08-01 23:17:30.750","2026-08-14 23:12:56.943","13533185091","161470435","[PREMIUM]","[PREMIUM]","102","P","_",,,2,"[2]",471,"Middle",10,"Mobile Transfer ticket",1,"[PREMIUM]","[PREMIUM]","[PREMIUM]","[PREMIUM]",true,false,"['Clear view']","2026-08-01 00:43:14"
"13533185011","2026-08-01 23:17:30.750","2026-08-14 23:12:56.943","13533185011","161470435","[PREMIUM]","[PREMIUM]","119","P","_",,,2,"[2]",471,"Middle",10,"Mobile Transfer ticket",1,"[PREMIUM]","[PREMIUM]","[PREMIUM]","[PREMIUM]",true,false,"['Clear view']","2026-08-01 00:43:14"
"13530424804","2026-08-01 23:17:30.731","2026-08-02 23:18:41.746","13530424804","161470435","[PREMIUM]","[PREMIUM]","105","K","_",,,6,"[1,2,3,4,5,6]",471,"Middle",9,"Mobile Transfer ticket",1,"[PREMIUM]","[PREMIUM]","[PREMIUM]","[PREMIUM]",true,false,"['Clear view']","2026-07-31 19:27:20"
"13530424728","2026-08-01 23:17:30.731","2026-08-14 23:12:56.916","13530424728","161470435","[PREMIUM]","[PREMIUM]","201","L","_",,,7,"[1,2,3,4,5,6,7]",407,"Upper",9,"Mobile Transfer ticket",1,"[PREMIUM]","[PREMIUM]","[PREMIUM]","[PREMIUM]",true,false,"['Clear view']","2026-07-31 19:27:19"
"13533222896","2026-08-01 23:17:30.720","2026-08-05 23:21:05.568","13533222896","161470435","[PREMIUM]","[PREMIUM]","9","Z","_",,,2,"[2]",594,"Lower",10,"Mobile Transfer ticket",1,"[PREMIUM]","[PREMIUM]","[PREMIUM]","[PREMIUM]",true,false,"['Clear view']","2026-08-01 00:46:53"
"13530424755","2026-08-01 23:17:30.536","2026-08-02 23:18:41.825","13530424755","161470435","[PREMIUM]","[PREMIUM]","211","M","_",,,4,"[1,2,3,4]",407,"Upper",9,"Mobile Transfer ticket",1,"[PREMIUM]","[PREMIUM]","[PREMIUM]","[PREMIUM]",true,false,"['Clear view']","2026-07-31 19:27:20"
"13530424814","2026-08-01 23:17:30.519","2026-08-02 23:18:41.711","13530424814","161470435","[PREMIUM]","[PREMIUM]","214","Q","_",,,2,"[2]",407,"Upper",9,"Mobile Transfer ticket",1,"[PREMIUM]","[PREMIUM]","[PREMIUM]","[PREMIUM]",true,false,"['Clear view']","2026-07-31 19:27:20"
"13530424800","2026-08-01 23:17:30.519","2026-08-14 23:12:56.846","13530424800","161470435","[PREMIUM]","[PREMIUM]","211","N","_",,,3,"[1,3]",407,"Upper",9,"Mobile Transfer ticket",1,"[PREMIUM]","[PREMIUM]","[PREMIUM]","[PREMIUM]",true,false,"['Clear view']","2026-07-31 19:27:20"
"13530424742","2026-08-01 23:17:30.519","2026-08-14 23:12:57.212","13530424742","161470435","[PREMIUM]","[PREMIUM]","212","M","_",,,4,"[1,2,3,4]",407,"Upper",9,"Mobile Transfer ticket",1,"[PREMIUM]","[PREMIUM]","[PREMIUM]","[PREMIUM]",true,false,"['Clear view']","2026-07-31 19:27:20"
"13530953935","2026-08-01 23:17:30.518","2026-08-04 02:02:20.265","13530953935","161470435","[PREMIUM]","[PREMIUM]","15","DD","_",,,1,"[1]",594,"Lower",10,"Mobile Transfer ticket",1,"[PREMIUM]","[PREMIUM]","[PREMIUM]","[PREMIUM]",false,false,"['Aisle seat','Padded Seats','Actual 4th row of section','Clear view']","2026-07-31 20:29:27"
"13530424729","2026-08-01 23:17:30.493","2026-08-14 23:12:57.268","13530424729","161470435","[PREMIUM]","[PREMIUM]","201","K","_",,,7,"[1,2,3,4,5,6,7]",407,"Upper",9,"Mobile Transfer ticket",1,"[PREMIUM]","[PREMIUM]","[PREMIUM]","[PREMIUM]",true,false,"['Clear view']","2026-07-31 19:27:19"
"13530424769","2026-08-01 23:17:30.470","2026-08-10 23:08:53.130","13530424769","161470435","[PREMIUM]","[PREMIUM]","201","Q","_",,,4,"[1,2,3,4]",407,"Upper",9,"Mobile Transfer ticket",1,"[PREMIUM]","[PREMIUM]","[PREMIUM]","[PREMIUM]",true,false,"['Clear view']","2026-07-31 19:27:20"
"13530424811","2026-08-01 23:17:30.470","2026-08-10 23:08:52.854","13530424811","161470435","[PREMIUM]","[PREMIUM]","201","P","_",,,4,"[1,2,3,4]",407,"Upper",9,"Mobile Transfer ticket",1,"[PREMIUM]","[PREMIUM]","[PREMIUM]","[PREMIUM]",true,false,"['Clear view']","2026-07-31 19:27:20"
"13530424803","2026-08-01 23:17:29.959","2026-08-13 23:13:04.145","13530424803","161470435","[PREMIUM]","[PREMIUM]","215","R","_",,,2,"[2]",407,"Upper",9,"Mobile Transfer ticket",1,"[PREMIUM]","[PREMIUM]","[PREMIUM]","[PREMIUM]",true,false,"['Clear view']","2026-07-31 19:27:20"
"13530424738","2026-08-01 23:17:29.959","2026-08-14 23:12:56.846","13530424738","161470435","[PREMIUM]","[PREMIUM]","227","L","_",,,2,"[2]",407,"Upper",9,"Mobile Transfer ticket",1,"[PREMIUM]","[PREMIUM]","[PREMIUM]","[PREMIUM]",true,false,"['Clear view']","2026-07-31 19:27:20"
"13375344782","2026-08-01 23:17:29.912","2026-08-14 23:12:54.784","13375344782","161461306","[PREMIUM]","[PREMIUM]","114","E","_",,,10,"[1,2,3,4,5,6,8,10]",5002,"Main Concourse",10,"Mobile Transfer ticket",1,"[PREMIUM]","[PREMIUM]","[PREMIUM]","[PREMIUM]",true,false,"['Clear view']","2026-07-16 18:57:13"
"13533667336","2026-08-01 23:17:29.912","2026-08-14 23:12:53.538","13533667336","161461292","[PREMIUM]","[PREMIUM]","214","C","_",,,2,"[2]",7490,"Club Concourse",10,"Mobile Transfer ticket",14,"[PREMIUM]","[PREMIUM]","[PREMIUM]","[PREMIUM]",true,false,"['Third Row of Section','Clear view']","2026-08-01 02:04:51"
"13529118502","2026-08-01 23:17:29.902","2026-08-14 23:12:54.949","13529118502","161461306","[PREMIUM]","[PREMIUM]","121","K","_",,,4,"[2,4]",5002,"Main Concourse",10,"Mobile Transfer ticket",14,"[PREMIUM]","[PREMIUM]","[PREMIUM]","[PREMIUM]",true,false,"['Clear view']","2026-07-31 15:35:56"
"13533667217","2026-08-01 23:17:29.884","2026-08-14 23:12:53.710","13533667217","161461292","[PREMIUM]","[PREMIUM]","121","J","_",,,2,"[2]",5002,"Main Concourse",10,"Mobile Transfer ticket",14,"[PREMIUM]","[PREMIUM]","[PREMIUM]","[PREMIUM]",true,false,"['Clear view']","2026-08-01 02:04:51"
"13532792587","2026-08-01 23:17:29.747","2026-08-07 08:10:20.208","13532792587","161461292","[PREMIUM]","[PREMIUM]","111","Q","9001_9002","9001","9002",2,"[2]",5002,"Main Concourse",10,"Mobile Transfer ticket",13,"[PREMIUM]","[PREMIUM]","[PREMIUM]","[PREMIUM]",true,false,"['Clear view']","2026-07-31 23:49:13"
"13533667218","2026-08-01 23:17:29.733","2026-08-14 23:12:53.540","13533667218","161461292","[PREMIUM]","[PREMIUM]","109","J","_",,,3,"[1,3]",5002,"Main Concourse",10,"Mobile Transfer ticket",14,"[PREMIUM]","[PREMIUM]","[PREMIUM]","[PREMIUM]",true,false,"['Clear view']","2026-08-01 02:04:51"
"13529118598","2026-08-01 23:17:29.524","2026-08-14 23:12:53.098","13529118598","161461306","[PREMIUM]","[PREMIUM]","408","B","_",,,2,"[2]",1706,"Upper Concourse",10,"Mobile Transfer ticket",14,"[PREMIUM]","[PREMIUM]","[PREMIUM]","[PREMIUM]",true,false,"['Second Row of Section','Clear view']","2026-07-31 15:35:56"
"13528740285","2026-08-01 23:17:29.390","2026-08-07 08:10:18.014","13528740285","161311373","[PREMIUM]","[PREMIUM]","115","C","7_8","7","8",2,"[2]",4861,"Plaza Center",10,"Mobile Transfer ticket",1,"[PREMIUM]","[PREMIUM]","[PREMIUM]","[PREMIUM]",true,false,"['Third Row of Section','Clear view']","2026-07-31 14:33:52"
"13529169372","2026-08-01 23:17:29.341","2026-08-05 23:21:03.424","13529169372","161311373","[PREMIUM]","[PREMIUM]","117","F","_",,,4,"[1,2,3,4]",4861,"Plaza Center",10,"Mobile Transfer ticket",1,"[PREMIUM]","[PREMIUM]","[PREMIUM]","[PREMIUM]",true,false,"['Clear view']","2026-07-31 15:47:41"
"13528740222","2026-08-01 23:17:29.323","2026-08-07 08:10:17.909","13528740222","161311373","[PREMIUM]","[PREMIUM]","112","G","7_8","7","8",2,"[2]",7764,"Plaza Middle",10,"Mobile Transfer ticket",1,"[PREMIUM]","[PREMIUM]","[PREMIUM]","[PREMIUM]",true,false,"['Clear view']","2026-07-31 14:33:51"
"13529370152","2026-08-01 23:17:29.323","2026-08-14 23:12:50.853","13529370152","161311373","[PREMIUM]","[PREMIUM]","129","P","_",,,4,"[2,4]",7764,"Plaza Middle",10,"Mobile Transfer ticket",1,"[PREMIUM]","[PREMIUM]","[PREMIUM]","[PREMIUM]",true,false,"['Clear view']","2026-07-31 16:26:13"
"13532044448","2026-08-01 23:17:29.323","2026-08-14 23:12:50.853","13532044448","161311373","[PREMIUM]","[PREMIUM]","128","D","_",,,4,"[2,4]",7764,"Plaza Middle",10,"Mobile Transfer ticket",1,"[PREMIUM]","[PREMIUM]","[PREMIUM]","[PREMIUM]",true,false,"['Clear view']","2026-07-31 22:24:33"
"13536813173","2026-08-01 23:17:29.323","2026-08-01 23:17:29.323","13536813173","161311373","[PREMIUM]","[PREMIUM]","114","F","_",,,4,"[2,4]",7764,"Plaza Middle",10,"Mobile Transfer ticket",14,"[PREMIUM]","[PREMIUM]","[PREMIUM]","[PREMIUM]",true,false,"['Clear view']","2026-08-01 09:45:11"
"13528480424","2026-08-01 23:17:29.126","2026-08-14 23:12:50.692","13528480424","161311373","[PREMIUM]","[PREMIUM]","124","E","3_6","3","6",4,"[1,2,4]",7220,"Plaza Endzone",10,"Mobile Transfer ticket",1,"[PREMIUM]","[PREMIUM]","[PREMIUM]","[PREMIUM]",true,false,"['Clear view']","2026-07-31 13:41:28"
"13529169264","2026-08-01 23:17:29.089","2026-08-14 23:12:50.495","13529169264","161311373","[PREMIUM]","[PREMIUM]","122","F","_",,,2,"[2]",7220,"Plaza Endzone",10,"Mobile Transfer ticket",1,"[PREMIUM]","[PREMIUM]","[PREMIUM]","[PREMIUM]",true,false,"['Clear view']","2026-07-31 15:47:40"
"13529169300","2026-08-01 23:17:29.046","2026-08-05 23:21:03.269","13529169300","161311373","[PREMIUM]","[PREMIUM]","124","L","_",,,4,"[1,2,3,4]",7220,"Plaza Endzone",10,"Mobile Transfer ticket",1,"[PREMIUM]","[PREMIUM]","[PREMIUM]","[PREMIUM]",true,false,"['Clear view']","2026-07-31 15:47:41"
"13528631563","2026-08-01 23:17:28.832","2026-08-04 23:19:16.308","13528631563","161311373","[PREMIUM]","[PREMIUM]","317","G","_",,,5,"[1,2,3,5]",4813,"Terrace Center",10,"Mobile Transfer ticket",1,"[PREMIUM]","[PREMIUM]","[PREMIUM]","[PREMIUM]",true,false,"['Clear view']","2026-07-31 14:17:25"
"13529169715","2026-08-01 23:17:28.832","2026-08-05 23:21:02.531","13529169715","161311373","[PREMIUM]","[PREMIUM]","122","U","_",,,4,"[1,2,3,4]",7220,"Plaza Endzone",10,"Mobile Transfer ticket",1,"[PREMIUM]","[PREMIUM]","[PREMIUM]","[PREMIUM]",true,false,"['Clear view']","2026-07-31 15:47:42"
"13529169678","2026-08-01 23:17:28.673","2026-08-14 23:12:49.536","13529169678","161311373","[PREMIUM]","[PREMIUM]","311","M","_",,,2,"[2]",3831,"Terrace Corner",10,"Mobile Transfer ticket",1,"[PREMIUM]","[PREMIUM]","[PREMIUM]","[PREMIUM]",true,false,"['Clear view']","2026-07-31 15:47:42"
"13528596046","2026-08-01 23:17:28.665","2026-08-14 23:12:49.532","13528596046","161311373","[PREMIUM]","[PREMIUM]","306","H","_",,,4,"[2,4]",3831,"Terrace Corner",10,"Mobile Transfer ticket",1,"[PREMIUM]","[PREMIUM]","[PREMIUM]","[PREMIUM]",true,false,"['Clear view']","2026-07-31 14:09:28"
"13529169250","2026-08-01 23:17:28.635","2026-08-09 23:13:22.376","13529169250","161311373","[PREMIUM]","[PREMIUM]","311","J","_",,,2,"[2]",3831,"Terrace Corner",10,"Mobile Transfer ticket",1,"[PREMIUM]","[PREMIUM]","[PREMIUM]","[PREMIUM]",true,false,"['Clear view']","2026-07-31 15:47:40"
"13528596330","2026-08-01 23:17:28.599","2026-08-13 23:12:56.511","13528596330","161311373","[PREMIUM]","[PREMIUM]","304","K","_",,,3,"[1,3]",3831,"Terrace Corner",10,"Mobile Transfer ticket",1,"[PREMIUM]","[PREMIUM]","[PREMIUM]","[PREMIUM]",true,false,"['Clear view']","2026-07-31 14:09:30"
"13528631386","2026-08-01 23:17:28.599","2026-08-14 23:12:49.741","13528631386","161311373","[PREMIUM]","[PREMIUM]","321","H","_",,,3,"[1,3]",3831,"Terrace Corner",10,"Mobile Transfer ticket",1,"[PREMIUM]","[PREMIUM]","[PREMIUM]","[PREMIUM]",true,false,"['Clear view']","2026-07-31 14:17:24"
"13528635125","2026-08-01 23:17:28.539","2026-08-14 23:12:49.852","13528635125","161311373","[PREMIUM]","[PREMIUM]","329","J","_",,,2,"[2]",4813,"Terrace Center",10,"Mobile Transfer ticket",1,"[PREMIUM]","[PREMIUM]","[PREMIUM]","[PREMIUM]",true,false,"['Clear view']","2026-07-31 14:17:48"
"13533654436","2026-08-01 23:17:28.537","2026-08-14 23:12:50.124","13533654436","161400546","[PREMIUM]","[PREMIUM]","9","19","_",,,3,"[1,3]",265,"Lower Tier",10,"Mobile Transfer ticket",14,"[PREMIUM]","[PREMIUM]","[PREMIUM]","[PREMIUM]",true,false,"['Clear view']","2026-08-01 02:03:29"
"13529036686","2026-08-01 23:17:28.510","2026-08-04 02:02:16.503","13529036686","161400546","[PREMIUM]","[PREMIUM]","8","20","13_16","13","16",4,"[2,4]",265,"Lower Tier",10,"Mobile Transfer ticket",1,"[PREMIUM]","[PREMIUM]","[PREMIUM]","[PREMIUM]",true,false,"['Clear view']","2026-07-31 15:16:13"
"13533654406","2026-08-01 23:17:28.435","2026-08-14 23:12:50.261","13533654406","161400546","[PREMIUM]","[PREMIUM]","3","5","_",,,4,"[2,4]",265,"Lower Tier",10,"Mobile Transfer ticket",14,"[PREMIUM]","[PREMIUM]","[PREMIUM]","[PREMIUM]",true,false,"['Second Row of Section','Clear view']","2026-08-01 02:03:29"
"13533649285","2026-08-01 23:17:28.262","2026-08-14 23:12:50.178","13533649285","161400546","[PREMIUM]","[PREMIUM]","14","13","_",,,2,"[2]",265,"Lower Tier",10,"Mobile Transfer ticket",14,"[PREMIUM]","[PREMIUM]","[PREMIUM]","[PREMIUM]",true,false,"['Clear view']","2026-08-01 02:02:21"
"13533649287","2026-08-01 23:17:28.116","2026-08-14 23:12:56.111","13533649287","161400546","[PREMIUM]","[PREMIUM]","22","13","_",,,6,"[1,2,4,6]",265,"Lower Tier",10,"Mobile Transfer ticket",14,"[PREMIUM]","[PREMIUM]","[PREMIUM]","[PREMIUM]",true,false,"['Clear view']","2026-08-01 02:02:21"
"13528596247","2026-08-01 23:17:28.015","2026-08-04 23:19:14.670","13528596247","161311373","[PREMIUM]","[PREMIUM]","309","M","_",,,2,"[2]",17158,"Terrace Endzone",10,"Mobile Transfer ticket",1,"[PREMIUM]","[PREMIUM]","[PREMIUM]","[PREMIUM]",true,false,"['Clear view']","2026-07-31 14:09:29"
"13529169667","2026-08-01 23:17:28.015","2026-08-04 23:19:14.670","13529169667","161311373","[PREMIUM]","[PREMIUM]","321","P","_",,,2,"[2]",3831,"Terrace Corner",10,"Mobile Transfer ticket",1,"[PREMIUM]","[PREMIUM]","[PREMIUM]","[PREMIUM]",true,false,"['Clear view']","2026-07-31 15:47:42"
"13528740348","2026-08-01 23:17:27.953","2026-08-07 08:10:17.019","13528740348","161311374","[PREMIUM]","[PREMIUM]","115","C","7_8","7","8",2,"[2]",4861,"Plaza Center",10,"Mobile Transfer ticket",1,"[PREMIUM]","[PREMIUM]","[PREMIUM]","[PREMIUM]",true,false,"['Third Row of Section','Clear view']","2026-07-31 14:33:52"
"13536554148","2026-08-01 23:17:27.858","2026-08-13 23:12:40.018","13536554148","161381048","[PREMIUM]","[PREMIUM]","118R","B","_",,,4,"[1,2,4]",17397,"Rinkside Club - Premium Glass B",10,"Mobile Transfer ticket",14,"[PREMIUM]","[PREMIUM]","[PREMIUM]","[PREMIUM]",true,false,"['Access to Scott Credit Union Rinkside Club','Second Row of Section','Clear view']","2026-08-01 08:46:29"
"13533649284","2026-08-01 23:17:27.823","2026-08-13 23:13:23.079","13533649284","161400546","[PREMIUM]","[PREMIUM]","135","20","_",,,10,"[1,2,3,4,5,6,8,10]",267,"Upper Tier",10,"Mobile Transfer ticket",14,"[PREMIUM]","[PREMIUM]","[PREMIUM]","[PREMIUM]",true,false,"['Clear view']","2026-08-01 02:02:21"
"13529169388","2026-08-01 23:17:27.623","2026-08-05 23:20:58.302","13529169388","161311374","[PREMIUM]","[PREMIUM]","117","F","_",,,1,"[1]",4861,"Plaza Center",10,"Mobile Transfer ticket",1,"[PREMIUM]","[PREMIUM]","[PREMIUM]","[PREMIUM]",false,false,"['Clear view']","2026-07-31 15:47:41"
"13529169630","2026-08-01 23:17:27.450","2026-08-04 23:19:06.571","13529169630","161311374","[PREMIUM]","[PREMIUM]","124","L","_",,,4,"[1,2,3,4]",7220,"Plaza Endzone",10,"Mobile Transfer ticket",1,"[PREMIUM]","[PREMIUM]","[PREMIUM]","[PREMIUM]",true,false,"['Clear view']","2026-07-31 15:47:42"
"13528477581","2026-08-01 23:17:27.428","2026-08-05 23:20:58.301","13528477581","161311374","[PREMIUM]","[PREMIUM]","122","E","4_5","4","5",2,"[2]",7220,"Plaza Endzone",10,"Mobile Transfer ticket",1,"[PREMIUM]","[PREMIUM]","[PREMIUM]","[PREMIUM]",true,false,"['Clear view']","2026-07-31 13:41:21"
"13529169458","2026-08-01 23:17:27.276","2026-08-05 23:20:58.199","13529169458","161311374","[PREMIUM]","[PREMIUM]","122","U","_",,,4,"[1,2,3,4]",7220,"Plaza Endzone",10,"Mobile Transfer ticket",1,"[PREMIUM]","[PREMIUM]","[PREMIUM]","[PREMIUM]",true,false,"['Clear view']","2026-07-31 15:47:41"
"13529169729","2026-08-01 23:17:27.209","2026-08-13 23:13:03.583","13529169729","161311374","[PREMIUM]","[PREMIUM]","122","J","_",,,3,"[1,3]",7220,"Plaza Endzone",10,"Mobile Transfer ticket",1,"[PREMIUM]","[PREMIUM]","[PREMIUM]","[PREMIUM]",true,false,"['Clear view']","2026-07-31 15:47:42"
"13385689735","2026-08-01 23:17:27.203","2026-08-14 23:12:46.800","13385689735","161470395","[PREMIUM]","[PREMIUM]","14","U","5_6","5","6",2,"[2]",594,"Lower",9,"Mobile Transfer ticket",1,"[PREMIUM]","[PREMIUM]","[PREMIUM]","[PREMIUM]",true,false,"['Clear view']","2026-07-17 19:48:24"
"13530623959","2026-08-01 23:17:27.182","2026-08-14 23:12:47.167","13530623959","161470395","[PREMIUM]","[PREMIUM]","105","K","_",,,6,"[1,2,3,4,5,6]",471,"Middle",9,"Mobile Transfer ticket",1,"[PREMIUM]","[PREMIUM]","[PREMIUM]","[PREMIUM]",true,false,"['Clear view']","2026-07-31 19:55:47"
"13530623955","2026-08-01 23:17:27.139","2026-08-11 23:09:38.517","13530623955","161470395","[PREMIUM]","[PREMIUM]","201","Q","_",,,4,"[1,2,3,4]",407,"Upper",9,"Mobile Transfer ticket",1,"[PREMIUM]","[PREMIUM]","[PREMIUM]","[PREMIUM]",true,false,"['Clear view']","2026-07-31 19:55:47"
"13530624051","2026-08-01 23:17:27.123","2026-08-02 23:18:36.454","13530624051","161470395","[PREMIUM]","[PREMIUM]","211","N","_",,,3,"[1,3]",407,"Upper",9,"Mobile Transfer ticket",1,"[PREMIUM]","[PREMIUM]","[PREMIUM]","[PREMIUM]",true,false,"['Clear view']","2026-07-31 19:55:47"
"13530623916","2026-08-01 23:17:27.123","2026-08-05 23:20:57.257","13530623916","161470395","[PREMIUM]","[PREMIUM]","213","K","_",,,4,"[1,2,3,4]",407,"Upper",9,"Mobile Transfer ticket",1,"[PREMIUM]","[PREMIUM]","[PREMIUM]","[PREMIUM]",true,false,"['Clear view']","2026-07-31 19:55:43"
"13530623912","2026-08-01 23:17:27.123","2026-08-02 23:18:36.454","13530623912","161470395","[PREMIUM]","[PREMIUM]","211","M","_",,,4,"[1,2,3,4]",407,"Upper",9,"Mobile Transfer ticket",1,"[PREMIUM]","[PREMIUM]","[PREMIUM]","[PREMIUM]",true,false,"['Clear view']","2026-07-31 19:55:42"
"13530641013","2026-08-01 23:17:27.118","2026-08-11 23:09:38.481","13530641013","161470395","[PREMIUM]","[PREMIUM]","201","P","_",,,4,"[1,2,3,4]",407,"Upper",9,"Mobile Transfer ticket",1,"[PREMIUM]","[PREMIUM]","[PREMIUM]","[PREMIUM]",true,false,"['Clear view']","2026-07-31 19:57:08"
"13530623962","2026-08-01 23:17:27.103","2026-08-11 23:09:38.978","13530623962","161470395","[PREMIUM]","[PREMIUM]","201","L","_",,,7,"[1,2,3,4,5,6,7]",407,"Upper",9,"Mobile Transfer ticket",1,"[PREMIUM]","[PREMIUM]","[PREMIUM]","[PREMIUM]",true,false,"['Clear view']","2026-07-31 19:55:47"
"13530623913","2026-08-01 23:17:27.103","2026-08-11 23:09:38.978","13530623913","161470395","[PREMIUM]","[PREMIUM]","201","K","_",,,7,"[1,2,3,4,5,6,7]",407,"Upper",9,"Mobile Transfer ticket",1,"[PREMIUM]","[PREMIUM]","[PREMIUM]","[PREMIUM]",true,false,"['Clear view']","2026-07-31 19:55:42"
"13530624179","2026-08-01 23:17:27.064","2026-08-14 23:12:47.000","13530624179","161470395","[PREMIUM]","[PREMIUM]","212","M","_",,,4,"[1,2,3,4]",407,"Upper",9,"Mobile Transfer ticket",1,"[PREMIUM]","[PREMIUM]","[PREMIUM]","[PREMIUM]",true,false,"['Clear view']","2026-07-31 19:55:47"
"13530621583","2026-08-01 23:17:27.064","2026-08-14 23:12:47.000","13530621583","161470395","[PREMIUM]","[PREMIUM]","202","H","_",,,2,"[2]",407,"Upper",9,"Mobile Transfer ticket",1,"[PREMIUM]","[PREMIUM]","[PREMIUM]","[PREMIUM]",true,false,"['Clear view']","2026-07-31 19:55:19"
"13530621592","2026-08-01 23:17:27.064","2026-08-14 23:12:47.000","13530621592","161470395","[PREMIUM]","[PREMIUM]","227","L","_",,,2,"[2]",407,"Upper",9,"Mobile Transfer ticket",1,"[PREMIUM]","[PREMIUM]","[PREMIUM]","[PREMIUM]",true,false,"['Clear view']","2026-07-31 19:55:19"
"13530621677","2026-08-01 23:17:27.064","2026-08-14 23:12:47.000","13530621677","161470395","[PREMIUM]","[PREMIUM]","202","F","_",,,2,"[2]",407,"Upper",9,"Mobile Transfer ticket",1,"[PREMIUM]","[PREMIUM]","[PREMIUM]","[PREMIUM]",true,false,"['Clear view']","2026-07-31 19:55:19"
"13529169810","2026-08-01 23:17:26.835","2026-08-14 23:12:46.130","13529169810","161311374","[PREMIUM]","[PREMIUM]","311","M","_",,,2,"[2]",3831,"Terrace Corner",10,"Mobile Transfer ticket",1,"[PREMIUM]","[PREMIUM]","[PREMIUM]","[PREMIUM]",true,false,"['Clear view']","2026-07-31 15:47:42"
"13528633267","2026-08-01 23:17:26.827","2026-08-14 23:12:46.276","13528633267","161311374","[PREMIUM]","[PREMIUM]","326","J","_",,,3,"[1,3]",3831,"Terrace Corner",10,"Mobile Transfer ticket",1,"[PREMIUM]","[PREMIUM]","[PREMIUM]","[PREMIUM]",true,false,"['Clear view']","2026-07-31 14:17:37"
"13528631576","2026-08-01 23:17:26.816","2026-08-09 23:13:15.045","13528631576","161311374","[PREMIUM]","[PREMIUM]","317","G","_",,,5,"[1,2,3,5]",4813,"Terrace Center",10,"Mobile Transfer ticket",1,"[PREMIUM]","[PREMIUM]","[PREMIUM]","[PREMIUM]",true,false,"['Clear view']","2026-07-31 14:17:25"
"13529169831","2026-08-01 23:17:26.816","2026-08-14 23:12:46.031","13529169831","161311374","[PREMIUM]","[PREMIUM]","311","J","_",,,2,"[2]",3831,"Terrace Corner",10,"Mobile Transfer ticket",1,"[PREMIUM]","[PREMIUM]","[PREMIUM]","[PREMIUM]",true,false,"['Clear view']","2026-07-31 15:47:42"
"13528596101","2026-08-01 23:17:26.808","2026-08-14 23:12:46.229","13528596101","161311374","[PREMIUM]","[PREMIUM]","306","H","_",,,4,"[2,4]",3831,"Terrace Corner",10,"Mobile Transfer ticket",1,"[PREMIUM]","[PREMIUM]","[PREMIUM]","[PREMIUM]",true,false,"['Clear view']","2026-07-31 14:09:28"
"13530641144","2026-08-01 23:17:26.340","2026-08-05 23:20:56.376","13530641144","161470395","[PREMIUM]","[PREMIUM]","215","R","_",,,2,"[2]",407,"Upper",9,"Mobile Transfer ticket",1,"[PREMIUM]","[PREMIUM]","[PREMIUM]","[PREMIUM]",true,false,"['Clear view']","2026-07-31 19:57:08"
"13530624101","2026-08-01 23:17:26.340","2026-08-05 23:20:56.376","13530624101","161470395","[PREMIUM]","[PREMIUM]","213","R","_",,,2,"[2]",407,"Upper",9,"Mobile Transfer ticket",1,"[PREMIUM]","[PREMIUM]","[PREMIUM]","[PREMIUM]",true,false,"['Clear view']","2026-07-31 19:55:47"
"13530624127","2026-08-01 23:17:26.340","2026-08-05 23:20:56.376","13530624127","161470395","[PREMIUM]","[PREMIUM]","214","Q","_",,,2,"[2]",407,"Upper",9,"Mobile Transfer ticket",1,"[PREMIUM]","[PREMIUM]","[PREMIUM]","[PREMIUM]",true,false,"['Clear view']","2026-07-31 19:55:47"
"13529169163","2026-08-01 23:17:26.285","2026-08-13 23:13:00.022","13529169163","161311374","[PREMIUM]","[PREMIUM]","321","P","_",,,2,"[2]",3831,"Terrace Corner",10,"Mobile Transfer ticket",1,"[PREMIUM]","[PREMIUM]","[PREMIUM]","[PREMIUM]",true,false,"['Clear view']","2026-07-31 15:47:39"
"13533470054","2026-08-01 23:17:26.285","2026-08-09 23:13:13.558","13533470054","161311374","[PREMIUM]","[PREMIUM]","309",,"_",,,2,"[1,2]",17158,"Terrace Endzone",10,"Mobile Transfer ticket",1,"[PREMIUM]","[PREMIUM]","[PREMIUM]","[PREMIUM]",true,true,"['Clear view']","2026-08-01 01:27:33"
"13538430839","2026-08-01 23:17:26.265","2026-08-01 23:17:26.265","13538430839","161400539","[PREMIUM]","[PREMIUM]","113","2","9001_9002","9001","9002",2,"[2]",267,"Upper Tier",9,"Mobile Transfer ticket",13,"[PREMIUM]","[PREMIUM]","[PREMIUM]","[PREMIUM]",true,false,"['Second Row of Section','Clear view']","2026-08-01 14:57:32"
"13538469476","2026-08-01 23:17:26.085","2026-08-01 23:17:26.085","13538469476","161400539","[PREMIUM]","[PREMIUM]","131","1","9001_9002","9001","9002",2,"[2]",267,"Upper Tier",9,"Mobile Transfer ticket",13,"[PREMIUM]","[PREMIUM]","[PREMIUM]","[PREMIUM]",true,false,"['Front Row of Section','Clear view']","2026-08-01 15:03:47"
"13538378730","2026-08-01 23:17:26.085","2026-08-14 23:12:45.688","13538378730","161400539","[PREMIUM]","[PREMIUM]","3","6","_",,,4,"[2,4]",265,"Lower Tier",10,"Mobile Transfer ticket",1,"[PREMIUM]","[PREMIUM]","[PREMIUM]","[PREMIUM]",true,false,"['Third Row of Section','Clear view']","2026-08-01 14:48:33"
"13538511959","2026-08-01 23:17:26.030","2026-08-01 23:17:26.030","13538511959","161400539","[PREMIUM]","[PREMIUM]","131","3","9001_9002","9001","9002",2,"[2]",267,"Upper Tier",9,"Mobile Transfer ticket",13,"[PREMIUM]","[PREMIUM]","[PREMIUM]","[PREMIUM]",true,false,"['Third Row of Section','Clear view']","2026-08-01 15:11:24"
"13538700100","2026-08-01 23:17:25.898","2026-08-01 23:17:25.898","13538700100","161400539","[PREMIUM]","[PREMIUM]","109","1","9001_9002","9001","9002",2,"[2]",267,"Upper Tier",9,"Mobile Transfer ticket",13,"[PREMIUM]","[PREMIUM]","[PREMIUM]","[PREMIUM]",true,false,"['Front Row of Section','Clear view']","2026-08-01 15:40:22"
"13538432555","2026-08-01 23:17:25.898","2026-08-01 23:17:25.898","13538432555","161400539","[PREMIUM]","[PREMIUM]","115","1","9001_9001","9001","9001",1,"[1]",267,"Upper Tier",9,"Mobile Transfer ticket",13,"[PREMIUM]","[PREMIUM]","[PREMIUM]","[PREMIUM]",false,false,"['Front Row of Section','Clear view']","2026-08-01 14:57:55"
"13538667451","2026-08-01 23:17:25.820","2026-08-01 23:17:25.820","13538667451","161400539","[PREMIUM]","[PREMIUM]","111","4","9001_9004","9001","9004",4,"[4]",267,"Upper Tier",9,"Mobile Transfer ticket",13,"[PREMIUM]","[PREMIUM]","[PREMIUM]","[PREMIUM]",true,false,"['Clear view']","2026-08-01 15:33:35"
"13520484343","2026-08-01 23:17:25.657","2026-08-02 23:18:29.466","13520484343","161400527","[PREMIUM]","[PREMIUM]","18","20","13_16","13","16",4,"[2,4]",265,"Lower Tier",10,"Mobile Transfer ticket",1,"[PREMIUM]","[PREMIUM]","[PREMIUM]","[PREMIUM]",true,false,"['Clear view']","2026-07-30 14:25:49"
"13375839034","2026-08-01 23:17:25.506","2026-08-14 23:12:44.688","13375839034","161400539","[PREMIUM]","[PREMIUM]","112","14","_",,,4,"[2,4]",267,"Upper Tier",10,"Mobile Transfer ticket",1,"[PREMIUM]","[PREMIUM]","[PREMIUM]","[PREMIUM]",true,false,"['Clear view']","2026-07-16 19:55:55"
"13465079440","2026-08-01 23:17:24.917","2026-08-05 23:20:54.407","13465079440","161470409","[PREMIUM]","[PREMIUM]","212","Q","_",,,2,"[2]",407,"Upper",10,"Mobile Transfer ticket",1,"[PREMIUM]","[PREMIUM]","[PREMIUM]","[PREMIUM]",true,false,"['Clear view']","2026-07-24 20:44:54"
"13523866984","2026-08-01 23:17:24.917","2026-08-14 23:12:44.152","13523866984","161470409","[PREMIUM]","[PREMIUM]","212","M","_",,,1,"[1]",407,"Upper",9,"Mobile Transfer ticket",1,"[PREMIUM]","[PREMIUM]","[PREMIUM]","[PREMIUM]",false,false,"['Clear view']","2026-07-30 22:14:55"
"13530214239","2026-08-01 23:17:24.917","2026-08-14 23:12:44.152","13530214239","161470409","[PREMIUM]","[PREMIUM]","211","N","_",,,3,"[1,2,3]",407,"Upper",9,"Mobile Transfer ticket",1,"[PREMIUM]","[PREMIUM]","[PREMIUM]","[PREMIUM]",true,false,"['Clear view']","2026-07-31 18:45:22"
"13528839004","2026-08-01 23:17:24.841","2026-08-10 23:08:39.762","13528839004","161470409","[PREMIUM]","[PREMIUM]","212","L","_",,,4,"[2,4]",407,"Upper",9,"Mobile Transfer ticket",1,"[PREMIUM]","[PREMIUM]","[PREMIUM]","[PREMIUM]",true,false,"['Clear view']","2026-07-31 14:45:48"
"13465079927","2026-08-01 23:17:24.834","2026-08-14 23:12:43.768","13465079927","161470409","[PREMIUM]","[PREMIUM]","212","F","_",,,3,"[1,3]",407,"Upper",10,"Mobile Transfer ticket",1,"[PREMIUM]","[PREMIUM]","[PREMIUM]","[PREMIUM]",true,false,"['Clear view']","2026-07-24 20:44:56"
"13532341184","2026-08-01 23:17:24.656","2026-08-14 23:12:40.661","13532341184","161400527","[PREMIUM]","[PREMIUM]","137","17","_",,,2,"[2]",267,"Upper Tier",10,"Mobile Transfer ticket",1,"[PREMIUM]","[PREMIUM]","[PREMIUM]","[PREMIUM]",true,false,"['Clear view']","2026-07-31 23:00:35"
"13532363326","2026-08-01 23:17:24.586","2026-08-14 23:12:40.661","13532363326","161400527","[PREMIUM]","[PREMIUM]","125","21","_",,,2,"[2]",267,"Upper Tier",10,"Mobile Transfer ticket",1,"[PREMIUM]","[PREMIUM]","[PREMIUM]","[PREMIUM]",true,false,"['Clear view']","2026-07-31 23:03:17"
"13532362980","2026-08-01 23:17:24.586","2026-08-14 23:12:40.661","13532362980","161400527","[PREMIUM]","[PREMIUM]","119","21","_",,,2,"[2]",267,"Upper Tier",10,"Mobile Transfer ticket",1,"[PREMIUM]","[PREMIUM]","[PREMIUM]","[PREMIUM]",true,false,"['Clear view']","2026-07-31 23:03:15"
"13462035935","2026-08-01 23:17:24.579","2026-08-13 23:12:48.440","13462035935","161400527","[PREMIUM]","[PREMIUM]","128","12","_",,,1,"[1]",267,"Upper Tier",10,"Mobile Transfer ticket",14,"[PREMIUM]","[PREMIUM]","[PREMIUM]","[PREMIUM]",false,false,"['Clear view']","2026-07-24 15:31:04"
"13539586856","2026-08-01 23:17:23.893","2026-08-01 23:17:23.893","13539586856","161495894","[PREMIUM]","[PREMIUM]","117","4","5_6","5",,2,"[2]",594,"Lower",10,"Mobile Transfer ticket",1,"[PREMIUM]","[PREMIUM]","[PREMIUM]","[PREMIUM]",true,false,"['Clear view']","2026-08-01 18:11:32"
"13536554112","2026-08-01 23:17:23.777","2026-08-04 02:02:06.514","13536554112","161381089","[PREMIUM]","[PREMIUM]","105R","B","_",,,3,"[1,3]",17397,"Rinkside Club - Premium Glass B",10,"Mobile Transfer ticket",14,"[PREMIUM]","[PREMIUM]","[PREMIUM]","[PREMIUM]",true,false,"['Access to Scott Credit Union Rinkside Club','Second Row of Section','Clear view']","2026-08-01 08:46:25"
"13524791575","2026-08-01 23:17:23.736","2026-08-02 23:18:30.334","13524791575","161495894","[PREMIUM]","[PREMIUM]","128","5","9001_9003","9001","9003",3,"[1,3]",594,"Lower",10,"Mobile Transfer ticket",13,"[PREMIUM]","[PREMIUM]","[PREMIUM]","[PREMIUM]",true,false,"['Clear view']","2026-07-31 00:27:10"
"13513239560","2026-08-01 23:17:23.506","2026-08-14 23:12:37.349","13513239560","161381089","[PREMIUM]","[PREMIUM]","118","G","10_15","10",,6,"[1,2,3,4,6]",4325,"Plaza Level",10,"Mobile Transfer ticket",1,"[PREMIUM]","[PREMIUM]","[PREMIUM]","[PREMIUM]",true,false,"['Third Row of Section','Clear view']","2026-07-29 22:02:37"
"13526134611","2026-08-01 23:17:23.443","2026-08-02 23:18:30.334","13526134611","161495894","[PREMIUM]","[PREMIUM]","102","8","9001_9005","9001","9005",5,"[1,2,3,5]",594,"Lower",10,"Mobile Transfer ticket",13,"[PREMIUM]","[PREMIUM]","[PREMIUM]","[PREMIUM]",true,false,"['Clear view']","2026-07-31 04:38:00"
"13530335295","2026-08-01 23:17:23.443","2026-08-02 23:18:29.371","13530335295","161495894","[PREMIUM]","[PREMIUM]","124","3","4_7","4","7",4,"[2,4]",594,"Lower",10,"Mobile Transfer ticket",1,"[PREMIUM]","[PREMIUM]","[PREMIUM]","[PREMIUM]",true,false,"['Third Row of Section','Clear view']","2026-07-31 19:12:14"
"13524822422","2026-08-01 23:17:23.422","2026-08-01 23:17:23.422","13524822422","161495894","[PREMIUM]","[PREMIUM]","109","13","9001_9003","9001","9003",3,"[1,3]",594,"Lower",10,"Mobile Transfer ticket",13,"[PREMIUM]","[PREMIUM]","[PREMIUM]","[PREMIUM]",true,false,"['Clear view']","2026-07-31 00:32:13"
"13538730835","2026-08-01 23:17:23.317","2026-08-12 23:09:30.166","13538730835","161495894","[PREMIUM]","[PREMIUM]","128","1","_",,,2,"[2]",594,"Lower",10,"Mobile Transfer ticket",1,"[PREMIUM]","[PREMIUM]","[PREMIUM]","[PREMIUM]",true,false,"['Front Row of Section','Clear view']","2026-08-01 15:45:51"
"13522469199","2026-08-01 23:17:23.289","2026-08-11 23:09:30.483","13522469199","161495894","[PREMIUM]","[PREMIUM]","102","3","_",,,8,"[1,2,3,4,5,6,7,8]",594,"Lower",10,"Mobile Transfer ticket",1,"[PREMIUM]","[PREMIUM]","[PREMIUM]","[PREMIUM]",true,false,"['Third Row of Section','Clear view']","2026-07-30 19:08:18"
"13522469530","2026-08-01 23:17:23.289","2026-08-14 23:12:30.869","13522469530","161495894","[PREMIUM]","[PREMIUM]","117","3","_",,,5,"[1,2,3,4,5]",594,"Lower",10,"Mobile Transfer ticket",1,"[PREMIUM]","[PREMIUM]","[PREMIUM]","[PREMIUM]",true,false,"['Third Row of Section','Clear view']","2026-07-30 19:08:18"
"13522469470","2026-08-01 23:17:23.289","2026-08-14 23:12:30.869","13522469470","161495894","[PREMIUM]","[PREMIUM]","124","1","_",,,3,"[1,2,3]",594,"Lower",10,"Mobile Transfer ticket",1,"[PREMIUM]","[PREMIUM]","[PREMIUM]","[PREMIUM]",true,false,"['Front Row of Section','Clear view']","2026-07-30 19:08:18"
"13528800602","2026-08-01 23:17:23.284","2026-08-14 23:12:30.792","13528800602","161495894","[PREMIUM]","[PREMIUM]","115","17","1_2","1",,2,"[2]",594,"Lower",10,"Mobile Transfer ticket",1,"[PREMIUM]","[PREMIUM]","[PREMIUM]","[PREMIUM]",true,false,"['Clear view']","2026-07-31 14:39:53"
"13538807211","2026-08-01 23:17:23.279","2026-08-14 23:12:30.869","13538807211","161495894","[PREMIUM]","[PREMIUM]","109","3","_",,,2,"[2]",594,"Lower",10,"Mobile Transfer ticket",1,"[PREMIUM]","[PREMIUM]","[PREMIUM]","[PREMIUM]",true,false,"['Third Row of Section','Clear view']","2026-08-01 16:00:40"
"13533501964","2026-08-01 23:17:23.152","2026-08-07 08:10:07.784","13533501964","161495894","[PREMIUM]","[PREMIUM]","202","1","9001_9002","9001","9002",2,"[2]",407,"Upper",10,"Mobile Transfer ticket",13,"[PREMIUM]","[PREMIUM]","[PREMIUM]","[PREMIUM]",true,false,"['Front Row of Section','Clear view']","2026-08-01 01:36:18"
"13529048548","2026-08-01 23:17:23.073","2026-08-14 23:12:35.938","13529048548","161381089","[PREMIUM]","[PREMIUM]","315","L","_",,,8,"[1,2,3,4,5,6,7,8]",507,"Mezzanine",10,"Mobile Transfer ticket",1,"[PREMIUM]","[PREMIUM]","[PREMIUM]","[PREMIUM]",true,false,"['Clear view']","2026-07-31 15:19:15"
"13529048551","2026-08-01 23:17:22.968","2026-08-14 23:12:35.906","13529048551","161381089","[PREMIUM]","[PREMIUM]","303","P","_",,,2,"[2]",507,"Mezzanine",10,"Mobile Transfer ticket",1,"[PREMIUM]","[PREMIUM]","[PREMIUM]","[PREMIUM]",true,false,"['Clear view']","2026-07-31 15:19:15"
"13529048594","2026-08-01 23:17:22.960","2026-08-14 23:12:35.675","13529048594","161381089","[PREMIUM]","[PREMIUM]","309","A","_",,,3,"[1,3]",507,"Mezzanine",10,"Mobile Transfer ticket",1,"[PREMIUM]","[PREMIUM]","[PREMIUM]","[PREMIUM]",true,false,"['Front Row of Section','Clear view']","2026-07-31 15:19:16"
"13529048547","2026-08-01 23:17:22.913","2026-08-14 23:12:36.083","13529048547","161381089","[PREMIUM]","[PREMIUM]","301","M","_",,,4,"[1,2,3,4]",507,"Mezzanine",10,"Mobile Transfer ticket",1,"[PREMIUM]","[PREMIUM]","[PREMIUM]","[PREMIUM]",true,false,"['Clear view']","2026-07-31 15:19:15"
"13524794671","2026-08-01 23:17:22.829","2026-08-07 08:10:08.392","13524794671","161495894","[PREMIUM]","[PREMIUM]","109","5","9001_9002","9001","9002",2,"[2]",594,"Lower",10,"Mobile Transfer ticket",13,"[PREMIUM]","[PREMIUM]","[PREMIUM]","[PREMIUM]",true,false,"['Clear view']","2026-07-31 00:27:30"
"13524796718","2026-08-01 23:17:22.829","2026-08-07 08:10:08.392","13524796718","161495894","[PREMIUM]","[PREMIUM]","107","6","9001_9002","9001","9002",2,"[2]",594,"Lower",10,"Mobile Transfer ticket",13,"[PREMIUM]","[PREMIUM]","[PREMIUM]","[PREMIUM]",true,false,"['Clear view']","2026-07-31 00:27:47"
"13529046549","2026-08-01 23:17:22.827","2026-08-14 23:12:35.656","13529046549","161381089","[PREMIUM]","[PREMIUM]","315","Q","_",,,4,"[1,2,3,4]",507,"Mezzanine",10,"Mobile Transfer ticket",1,"[PREMIUM]","[PREMIUM]","[PREMIUM]","[PREMIUM]",true,false,"['Clear view']","2026-07-31 15:19:05"
"13531198453","2026-08-01 23:17:22.805","2026-08-08 23:08:44.447","13531198453","161381089","[PREMIUM]","[PREMIUM]","334","L","9996_9999","9996","9999",4,"[2,4]",507,"Mezzanine",10,"Mobile Transfer ticket",1,"[PREMIUM]","[PREMIUM]","[PREMIUM]","[PREMIUM]",true,false,"['Clear view']","2026-07-31 20:52:31"
"13531198372","2026-08-01 23:17:22.805","2026-08-14 23:12:35.785","13531198372","161381089","[PREMIUM]","[PREMIUM]","307","N","9998_9999","9998","9999",2,"[2]",507,"Mezzanine",10,"Mobile Transfer ticket",1,"[PREMIUM]","[PREMIUM]","[PREMIUM]","[PREMIUM]",true,false,"['Clear view']","2026-07-31 20:52:30"
"13529046375","2026-08-01 23:17:22.769","2026-08-14 23:12:36.050","13529046375","161381089","[PREMIUM]","[PREMIUM]","316","F","_",,,4,"[1,2,3,4]",507,"Mezzanine",10,"Mobile Transfer ticket",1,"[PREMIUM]","[PREMIUM]","[PREMIUM]","[PREMIUM]",true,false,"['Clear view']","2026-07-31 15:19:03"
"13529046305","2026-08-01 23:17:22.769","2026-08-14 23:12:35.656","13529046305","161381089","[PREMIUM]","[PREMIUM]","316","H","_",,,4,"[1,2,3,4]",507,"Mezzanine",10,"Mobile Transfer ticket",1,"[PREMIUM]","[PREMIUM]","[PREMIUM]","[PREMIUM]",true,false,"['Clear view']","2026-07-31 15:19:00"
"13529046291","2026-08-01 23:17:22.769","2026-08-14 23:12:35.656","13529046291","161381089","[PREMIUM]","[PREMIUM]","316","P","_",,,4,"[1,2,3,4]",507,"Mezzanine",10,"Mobile Transfer ticket",1,"[PREMIUM]","[PREMIUM]","[PREMIUM]","[PREMIUM]",true,false,"['Clear view']","2026-07-31 15:19:00"
"13529046431","2026-08-01 23:17:22.769","2026-08-14 23:12:35.656","13529046431","161381089","[PREMIUM]","[PREMIUM]","308","L","_",,,4,"[1,2,3,4]",507,"Mezzanine",10,"Mobile Transfer ticket",1,"[PREMIUM]","[PREMIUM]","[PREMIUM]","[PREMIUM]",true,false,"['Clear view']","2026-07-31 15:19:04"
"13533626799","2026-08-01 23:17:22.658","2026-08-07 08:10:12.007","13533626799","161482396","[PREMIUM]","[PREMIUM]","3","V","9001_9002","9001","9002",2,"[2]",594,"Lower",10,"Mobile Transfer ticket",13,"[PREMIUM]","[PREMIUM]","[PREMIUM]","[PREMIUM]",true,false,"['Clear view']","2026-08-01 01:58:16"
"13533500602","2026-08-01 23:17:22.461","2026-08-05 23:20:49.002","13533500602","161495894","[PREMIUM]","[PREMIUM]","212","1","9001_9002","9001","9002",2,"[2]",407,"Upper",10,"Mobile Transfer ticket",13,"[PREMIUM]","[PREMIUM]","[PREMIUM]","[PREMIUM]",true,false,"['Front Row of Section','Clear view']","2026-08-01 01:35:37"
"13530209520","2026-08-01 23:17:22.424","2026-08-13 23:12:34.012","13530209520","161495894","[PREMIUM]","[PREMIUM]","121","9","_",,,2,"[2]",594,"Lower",10,"Mobile Transfer ticket",1,"[PREMIUM]","[PREMIUM]","[PREMIUM]","[PREMIUM]",true,false,"['Clear view']","2026-07-31 18:44:19"
"13531619001","2026-08-01 23:17:22.374","2026-08-05 23:20:48.939","13531619001","161495894","[PREMIUM]","[PREMIUM]","103","20","9001_9002","9001","9002",2,"[2]",594,"Lower",10,"Mobile Transfer ticket",13,"[PREMIUM]","[PREMIUM]","[PREMIUM]","[PREMIUM]",true,false,"['Clear view']","2026-07-31 21:37:18"
"13533501218","2026-08-01 23:17:22.374","2026-08-04 23:19:00.782","13533501218","161495894","[PREMIUM]","[PREMIUM]","104","20","9001_9004","9001","9004",4,"[1,2,4]",594,"Lower",10,"Mobile Transfer ticket",13,"[PREMIUM]","[PREMIUM]","[PREMIUM]","[PREMIUM]",true,false,"['Clear view']","2026-08-01 01:35:56"
"13533502074","2026-08-01 23:17:22.374","2026-08-05 23:20:48.939","13533502074","161495894","[PREMIUM]","[PREMIUM]","103","19","9001_9002","9001","9002",2,"[2]",594,"Lower",10,"Mobile Transfer ticket",13,"[PREMIUM]","[PREMIUM]","[PREMIUM]","[PREMIUM]",true,false,"['Clear view']","2026-08-01 01:36:21"
"13531614064","2026-08-01 23:17:22.332","2026-08-07 08:10:07.169","13531614064","161495894","[PREMIUM]","[PREMIUM]","117","22","9001_9002","9001","9002",2,"[2]",594,"Lower",10,"Mobile Transfer ticket",13,"[PREMIUM]","[PREMIUM]","[PREMIUM]","[PREMIUM]",true,false,"['Clear view']","2026-07-31 21:37:03"
"13530209812","2026-08-01 23:17:22.327","2026-08-13 23:12:34.012","13530209812","161495894","[PREMIUM]","[PREMIUM]","117","21","_",,,2,"[2]",594,"Lower",10,"Mobile Transfer ticket",1,"[PREMIUM]","[PREMIUM]","[PREMIUM]","[PREMIUM]",true,false,"['Clear view']","2026-07-31 18:44:21"
"13533172178","2026-08-01 23:17:22.305","2026-08-14 23:12:30.562","13533172178","161495894","[PREMIUM]","[PREMIUM]","116","11","1_2","1","2",2,"[2]",594,"Lower",10,"Mobile Transfer ticket",1,"[PREMIUM]","[PREMIUM]","[PREMIUM]","[PREMIUM]",true,false,"['Aisle seat','Clear view']","2026-08-01 00:42:08"
"13522469556","2026-08-01 23:17:22.204","2026-08-14 23:12:34.492","13522469556","161495916","[PREMIUM]","[PREMIUM]","114","5","_",,,8,"[1,2,3,4,5,6,7,8]",594,"Lower",10,"Mobile Transfer ticket",1,"[PREMIUM]","[PREMIUM]","[PREMIUM]","[PREMIUM]",true,false,"['Clear view']","2026-07-30 19:08:18"
"13522469508","2026-08-01 23:17:22.204","2026-08-14 23:12:34.492","13522469508","161495916","[PREMIUM]","[PREMIUM]","114","4","_",,,6,"[1,2,3,4,5,6]",594,"Lower",10,"Mobile Transfer ticket",1,"[PREMIUM]","[PREMIUM]","[PREMIUM]","[PREMIUM]",true,false,"['Clear view']","2026-07-30 19:08:18"
"13530810496","2026-08-01 23:17:22.161","2026-08-07 08:09:57.917","13530810496","161495916","[PREMIUM]","[PREMIUM]","117","4","5_6","5",,2,"[2]",594,"Lower",10,"Mobile Transfer ticket",1,"[PREMIUM]","[PREMIUM]","[PREMIUM]","[PREMIUM]",true,false,"['Clear view']","2026-07-31 20:12:09"
"13523866529","2026-08-01 23:17:22.095","2026-08-14 23:12:34.553","13523866529","161495916","[PREMIUM]","[PREMIUM]","116","4","9001_9004","9001","9004",4,"[1,2,4]",594,"Lower",10,"Mobile Transfer ticket",13,"[PREMIUM]","[PREMIUM]","[PREMIUM]","[PREMIUM]",true,false,"['Clear view']","2026-07-30 22:14:44"
"13529044359","2026-08-01 23:17:21.919","2026-08-14 23:12:35.785","13529044359","161381089","[PREMIUM]","[PREMIUM]","326","K","_",,,4,"[1,2,3,4]",507,"Mezzanine",10,"Mobile Transfer ticket",1,"[PREMIUM]","[PREMIUM]","[PREMIUM]","[PREMIUM]",true,false,"['Clear view']","2026-07-31 15:18:27"
"13513236053","2026-08-01 23:17:21.908","2026-08-14 23:12:36.510","13513236053","161381048","[PREMIUM]","[PREMIUM]","118","G","10_15","10",,6,"[1,2,3,4,6]",4325,"Plaza Level",10,"Mobile Transfer ticket",1,"[PREMIUM]","[PREMIUM]","[PREMIUM]","[PREMIUM]",true,false,"['Third Row of Section','Clear view']","2026-07-29 22:02:03"
"13513265545","2026-08-01 23:17:21.902","2026-08-14 23:12:36.512","13513265545","161381048","[PREMIUM]","[PREMIUM]","125","G","3_7","3",,5,"[1,2,3,5]",4325,"Plaza Level",10,"Mobile Transfer ticket",1,"[PREMIUM]","[PREMIUM]","[PREMIUM]","[PREMIUM]",true,false,"['Third Row of Section','Clear view']","2026-07-29 22:05:58"
"13529048246","2026-08-01 23:17:21.902","2026-08-14 23:12:36.512","13529048246","161381048","[PREMIUM]","[PREMIUM]","118","J","_",,,6,"[1,2,3,4,5,6]",4325,"Plaza Level",10,"Mobile Transfer ticket",1,"[PREMIUM]","[PREMIUM]","[PREMIUM]","[PREMIUM]",true,false,"['Clear view']","2026-07-31 15:19:13"
"13529048588","2026-08-01 23:17:21.856","2026-08-14 23:12:36.252","13529048588","161381048","[PREMIUM]","[PREMIUM]","309","A","_",,,3,"[1,3]",507,"Mezzanine",10,"Mobile Transfer ticket",1,"[PREMIUM]","[PREMIUM]","[PREMIUM]","[PREMIUM]",true,false,"['Front Row of Section','Clear view']","2026-07-31 15:19:16"
"13531167396","2026-08-01 23:17:21.782","2026-08-13 23:12:44.770","13531167396","161482396","[PREMIUM]","[PREMIUM]","11","E","9997_9999","9997","9999",3,"[1,3]",594,"Lower",10,"Mobile Transfer ticket",1,"[PREMIUM]","[PREMIUM]","[PREMIUM]","[PREMIUM]",true,false,"['Third Row of Section','Clear view']","2026-07-31 20:47:41"
"13531167197","2026-08-01 23:17:21.614","2026-08-10 23:08:30.331","13531167197","161482396","[PREMIUM]","[PREMIUM]","11","R","9994_9999","9994","9999",6,"[1,2,3,4,6]",594,"Lower",10,"Mobile Transfer ticket",1,"[PREMIUM]","[PREMIUM]","[PREMIUM]","[PREMIUM]",true,false,"['Clear view']","2026-07-31 20:47:39"
"13531167233","2026-08-01 23:17:21.580","2026-08-14 23:12:41.236","13531167233","161482396","[PREMIUM]","[PREMIUM]","17","D","9996_9999","9996","9999",4,"[1,2,4]",594,"Lower",10,"Mobile Transfer ticket",1,"[PREMIUM]","[PREMIUM]","[PREMIUM]","[PREMIUM]",true,false,"['Second Row of Section','Clear view']","2026-07-31 20:47:40"
"13524796861","2026-08-01 23:17:21.455","2026-08-01 23:17:21.455","13524796861","161495894","[PREMIUM]","[PREMIUM]","123","11","9001_9002","9001","9002",2,"[2]",594,"Lower",10,"Mobile Transfer ticket",13,"[PREMIUM]","[PREMIUM]","[PREMIUM]","[PREMIUM]",true,false,"['Clear view']","2026-07-31 00:27:49"
"13531599219","2026-08-01 23:17:21.455","2026-08-07 08:10:07.169","13531599219","161495894","[PREMIUM]","[PREMIUM]","118","16","9001_9003","9001","9003",3,"[1,3]",594,"Lower",10,"Mobile Transfer ticket",13,"[PREMIUM]","[PREMIUM]","[PREMIUM]","[PREMIUM]",true,false,"['Clear view']","2026-07-31 21:36:04"
"13531617417","2026-08-01 23:17:21.455","2026-08-07 08:10:07.085","13531617417","161495894","[PREMIUM]","[PREMIUM]","118","15","9001_9002","9001","9002",2,"[2]",594,"Lower",10,"Mobile Transfer ticket",13,"[PREMIUM]","[PREMIUM]","[PREMIUM]","[PREMIUM]",true,false,"['Clear view']","2026-07-31 21:37:15"
"13533500895","2026-08-01 23:17:21.455","2026-08-07 08:10:07.085","13533500895","161495894","[PREMIUM]","[PREMIUM]","118","14","9001_9003","9001","9003",3,"[1,3]",594,"Lower",10,"Mobile Transfer ticket",13,"[PREMIUM]","[PREMIUM]","[PREMIUM]","[PREMIUM]",true,false,"['Clear view']","2026-08-01 01:35:46"
"13533501739","2026-08-01 23:17:21.455","2026-08-02 23:18:28.341","13533501739","161495894","[PREMIUM]","[PREMIUM]","123","15","9001_9004","9001","9004",4,"[1,2,4]",594,"Lower",10,"Mobile Transfer ticket",13,"[PREMIUM]","[PREMIUM]","[PREMIUM]","[PREMIUM]",true,false,"['Clear view']","2026-08-01 01:36:12"
"13523866707","2026-08-01 23:17:21.441","2026-08-04 23:18:57.184","13523866707","161495916","[PREMIUM]","[PREMIUM]","128","3","9001_9003","9001","9003",3,"[1]",594,"Lower",10,"Mobile Transfer ticket",13,"[PREMIUM]","[PREMIUM]","[PREMIUM]","[PREMIUM]",true,false,"['Third Row of Section','Clear view']","2026-07-30 22:14:46"
"13530334435","2026-08-01 23:17:21.441","2026-08-01 23:17:21.441","13530334435","161495916","[PREMIUM]","[PREMIUM]","124","3","4_7","4","7",4,"[2,4]",594,"Lower",10,"Mobile Transfer ticket",1,"[PREMIUM]","[PREMIUM]","[PREMIUM]","[PREMIUM]",true,false,"['Third Row of Section','Clear view']","2026-07-31 19:12:09"
"13525402318","2026-08-01 23:17:21.305","2026-08-01 23:17:21.305","13525402318","161495916","[PREMIUM]","[PREMIUM]","109","11","9001_9003","9001","9003",3,"[1,3]",594,"Lower",10,"Mobile Transfer ticket",13,"[PREMIUM]","[PREMIUM]","[PREMIUM]","[PREMIUM]",true,false,"['Clear view']","2026-07-31 02:29:20"
"13523867080","2026-08-01 23:17:21.305","2026-08-04 02:01:56.979","13523867080","161495916","[PREMIUM]","[PREMIUM]","109","10","9001_9003","9001","9003",3,"[1,3]",594,"Lower",10,"Mobile Transfer ticket",13,"[PREMIUM]","[PREMIUM]","[PREMIUM]","[PREMIUM]",true,false,"['Clear view']","2026-07-30 22:15:01"
"13523866195","2026-08-01 23:17:21.305","2026-08-04 02:01:56.979","13523866195","161495916","[PREMIUM]","[PREMIUM]","109","9","9001_9003","9001","9003",3,"[1,3]",594,"Lower",10,"Mobile Transfer ticket",13,"[PREMIUM]","[PREMIUM]","[PREMIUM]","[PREMIUM]",true,false,"['Clear view']","2026-07-30 22:14:38"
"13407562493","2026-08-01 23:17:21.251","2026-08-13 23:12:49.836","13407562493","161495916","[PREMIUM]","[PREMIUM]","118",,"_",,,4,"[1,2,3,4]",594,"Lower",10,"Mobile Transfer ticket",1,"[PREMIUM]","[PREMIUM]","[PREMIUM]","[PREMIUM]",true,true,"['Clear view']","2026-07-20 15:26:39"
"13407560234","2026-08-01 23:17:21.251","2026-08-13 23:12:49.836","13407560234","161495916","[PREMIUM]","[PREMIUM]","104",,"_",,,4,"[1,2,3,4]",594,"Lower",10,"Mobile Transfer ticket",1,"[PREMIUM]","[PREMIUM]","[PREMIUM]","[PREMIUM]",true,true,"['Clear view']","2026-07-20 15:26:30"
"13529810667","2026-08-01 23:17:21.229","2026-08-14 23:12:28.422","13529810667","161495894","[PREMIUM]","[PREMIUM]","214","5","_",,,2,"[2]",407,"Upper",10,"Mobile Transfer ticket",1,"[PREMIUM]","[PREMIUM]","[PREMIUM]","[PREMIUM]",true,false,"['Clear view']","2026-07-31 17:36:19"
"13433781260","2026-08-01 23:17:21.181","2026-08-14 23:12:28.422","13433781260","161495894","[PREMIUM]","[PREMIUM]","216","6","_",,,8,"[1,2,3,4,5,6,7,8]",407,"Upper",10,"Mobile Transfer ticket",1,"[PREMIUM]","[PREMIUM]","[PREMIUM]","[PREMIUM]",true,false,"['Clear view']","2026-07-22 17:13:15"
"13530209689","2026-08-01 23:17:21.181","2026-08-14 23:12:28.346","13530209689","161495894","[PREMIUM]","[PREMIUM]","210","3","_",,,4,"[1,2,3,4]",407,"Upper",10,"Mobile Transfer ticket",1,"[PREMIUM]","[PREMIUM]","[PREMIUM]","[PREMIUM]",true,false,"['Third Row of Section','Clear view']","2026-07-31 18:44:20"
"13529300875","2026-08-01 23:17:21.181","2026-08-14 23:12:28.430","13529300875","161495894","[PREMIUM]","[PREMIUM]","201","9","_",,,5,"[1,2,3,5]",407,"Upper",10,"Mobile Transfer ticket",1,"[PREMIUM]","[PREMIUM]","[PREMIUM]","[PREMIUM]",true,false,"['Clear view']","2026-07-31 16:12:40"
"13535400170","2026-08-01 23:17:21.181","2026-08-02 23:18:27.573","13535400170","161495894","[PREMIUM]","[PREMIUM]","202","6","9001_9004","9001","9004",4,"[1,2,4]",407,"Upper",10,"Mobile Transfer ticket",13,"[PREMIUM]","[PREMIUM]","[PREMIUM]","[PREMIUM]",true,false,"['Clear view']","2026-08-01 05:48:08"
"13530209475","2026-08-01 23:17:21.133","2026-08-14 23:12:28.360","13530209475","161495894","[PREMIUM]","[PREMIUM]","203","2","_",,,2,"[2]",407,"Upper",10,"Mobile Transfer ticket",1,"[PREMIUM]","[PREMIUM]","[PREMIUM]","[PREMIUM]",true,false,"['Second Row of Section','Clear view']","2026-07-31 18:44:19"
"13530209713","2026-08-01 23:17:21.084","2026-08-14 23:12:28.025","13530209713","161495894","[PREMIUM]","[PREMIUM]","222","4","_",,,3,"[1,2,3]",407,"Upper",10,"Mobile Transfer ticket",1,"[PREMIUM]","[PREMIUM]","[PREMIUM]","[PREMIUM]",true,false,"['Clear view']","2026-07-31 18:44:20"
"13522469700","2026-08-01 23:17:21.067","2026-08-01 23:17:21.067","13522469700","161495916","[PREMIUM]","[PREMIUM]","104","6","_",,,3,"[1,2,3]",594,"Lower",10,"Mobile Transfer ticket",1,"[PREMIUM]","[PREMIUM]","[PREMIUM]","[PREMIUM]",true,false,"['Clear view']","2026-07-30 19:08:19"
"13523866555","2026-08-01 23:17:21.067","2026-08-01 23:17:21.067","13523866555","161495916","[PREMIUM]","[PREMIUM]","109","13","9001_9003","9001","9003",3,"[1,3]",594,"Lower",10,"Mobile Transfer ticket",13,"[PREMIUM]","[PREMIUM]","[PREMIUM]","[PREMIUM]",true,false,"['Clear view']","2026-07-30 22:14:44"
"13522469491","2026-08-01 23:17:21.064","2026-08-01 23:17:21.064","13522469491","161495916","[PREMIUM]","[PREMIUM]","114","2","_",,,2,"[2]",594,"Lower",10,"Mobile Transfer ticket",1,"[PREMIUM]","[PREMIUM]","[PREMIUM]","[PREMIUM]",true,false,"['Second Row of Section','Clear view']","2026-07-30 19:08:18"
"13522469706","2026-08-01 23:17:21.064","2026-08-01 23:17:21.064","13522469706","161495916","[PREMIUM]","[PREMIUM]","116","1","_",,,3,"[1,2,3]",594,"Lower",10,"Mobile Transfer ticket",1,"[PREMIUM]","[PREMIUM]","[PREMIUM]","[PREMIUM]",true,false,"['Front Row of Section','Clear view']","2026-07-30 19:08:19"
"13522469915","2026-08-01 23:17:21.064","2026-08-14 23:12:34.535","13522469915","161495916","[PREMIUM]","[PREMIUM]","114","3","_",,,2,"[2]",594,"Lower",10,"Mobile Transfer ticket",1,"[PREMIUM]","[PREMIUM]","[PREMIUM]","[PREMIUM]",true,false,"['Third Row of Section','Clear view']","2026-07-30 19:08:19"
"13522469642","2026-08-01 23:17:21.064","2026-08-14 23:12:34.535","13522469642","161495916","[PREMIUM]","[PREMIUM]","106","3","_",,,2,"[2]",594,"Lower",10,"Mobile Transfer ticket",1,"[PREMIUM]","[PREMIUM]","[PREMIUM]","[PREMIUM]",true,false,"['Third Row of Section','Clear view']","2026-07-30 19:08:19"
"13522469438","2026-08-01 23:17:21.064","2026-08-13 23:12:49.710","13522469438","161495916","[PREMIUM]","[PREMIUM]","128","1","_",,,4,"[1,2,3,4]",594,"Lower",10,"Mobile Transfer ticket",1,"[PREMIUM]","[PREMIUM]","[PREMIUM]","[PREMIUM]",true,false,"['Front Row of Section','Clear view']","2026-07-30 19:08:18"
"13531612466","2026-08-01 23:17:21.055","2026-08-07 08:10:06.536","13531612466","161495894","[PREMIUM]","[PREMIUM]","203","3","9001_9002","9001","9002",2,"[2]",407,"Upper",10,"Mobile Transfer ticket",13,"[PREMIUM]","[PREMIUM]","[PREMIUM]","[PREMIUM]",true,false,"['Third Row of Section','Clear view']","2026-07-31 21:36:55"
"13531600241","2026-08-01 23:17:21.055","2026-08-07 08:10:06.536","13531600241","161495894","[PREMIUM]","[PREMIUM]","210","4","9001_9002","9001","9002",2,"[2]",407,"Upper",10,"Mobile Transfer ticket",13,"[PREMIUM]","[PREMIUM]","[PREMIUM]","[PREMIUM]",true,false,"['Clear view']","2026-07-31 21:36:08"
"13531598592","2026-08-01 23:17:21.055","2026-08-07 08:10:06.594","13531598592","161495894","[PREMIUM]","[PREMIUM]","203","4","9001_9002","9001","9002",2,"[2]",407,"Upper",10,"Mobile Transfer ticket",13,"[PREMIUM]","[PREMIUM]","[PREMIUM]","[PREMIUM]",true,false,"['Clear view']","2026-07-31 21:36:01"
"13530682950","2026-08-01 23:17:20.925","2026-08-14 23:12:34.466","13530682950","161495916","[PREMIUM]","[PREMIUM]","124","1","_",,,3,"[1,2,3]",594,"Lower",10,"Mobile Transfer ticket",1,"[PREMIUM]","[PREMIUM]","[PREMIUM]","[PREMIUM]",true,false,"['Front Row of Section','Clear view']","2026-07-31 20:00:31"
"13529048332","2026-08-01 23:17:20.856","2026-08-14 23:12:35.324","13529048332","161381048","[PREMIUM]","[PREMIUM]","319","L","_",,,4,"[1,2,3,4]",507,"Mezzanine",10,"Mobile Transfer ticket",1,"[PREMIUM]","[PREMIUM]","[PREMIUM]","[PREMIUM]",true,false,"['Clear view']","2026-07-31 15:19:14"
"13531197821","2026-08-01 23:17:20.811","2026-08-13 23:12:39.367","13531197821","161381048","[PREMIUM]","[PREMIUM]","334","L","9996_9999","9996","9999",4,"[2,4]",507,"Mezzanine",10,"Mobile Transfer ticket",1,"[PREMIUM]","[PREMIUM]","[PREMIUM]","[PREMIUM]",true,false,"['Clear view']","2026-07-31 20:52:28"
"13529048326","2026-08-01 23:17:20.750","2026-08-14 23:12:35.293","13529048326","161381048","[PREMIUM]","[PREMIUM]","301","M","_",,,4,"[1,2,3,4]",507,"Mezzanine",10,"Mobile Transfer ticket",1,"[PREMIUM]","[PREMIUM]","[PREMIUM]","[PREMIUM]",true,false,"['Clear view']","2026-07-31 15:19:13"
"13529048321","2026-08-01 23:17:20.747","2026-08-14 23:12:35.263","13529048321","161381048","[PREMIUM]","[PREMIUM]","301","L","_",,,6,"[1,2,3,4,5,6]",507,"Mezzanine",10,"Mobile Transfer ticket",1,"[PREMIUM]","[PREMIUM]","[PREMIUM]","[PREMIUM]",true,false,"['Clear view']","2026-07-31 15:19:13"
"13529048217","2026-08-01 23:17:20.708","2026-08-14 23:12:35.321","13529048217","161381048","[PREMIUM]","[PREMIUM]","308","L","_",,,4,"[1,2,3,4]",507,"Mezzanine",10,"Mobile Transfer ticket",1,"[PREMIUM]","[PREMIUM]","[PREMIUM]","[PREMIUM]",true,false,"['Clear view']","2026-07-31 15:19:13"
"13529048258","2026-08-01 23:17:20.708","2026-08-14 23:12:35.321","13529048258","161381048","[PREMIUM]","[PREMIUM]","316","F","_",,,4,"[1,2,3,4]",507,"Mezzanine",10,"Mobile Transfer ticket",1,"[PREMIUM]","[PREMIUM]","[PREMIUM]","[PREMIUM]",true,false,"['Clear view']","2026-07-31 15:19:13"
"13529048269","2026-08-01 23:17:20.708","2026-08-14 23:12:35.321","13529048269","161381048","[PREMIUM]","[PREMIUM]","303","P","_",,,2,"[2]",507,"Mezzanine",10,"Mobile Transfer ticket",1,"[PREMIUM]","[PREMIUM]","[PREMIUM]","[PREMIUM]",true,false,"['Clear view']","2026-07-31 15:19:13"
"13529048319","2026-08-01 23:17:20.708","2026-08-14 23:12:35.321","13529048319","161381048","[PREMIUM]","[PREMIUM]","316","H","_",,,4,"[1,2,3,4]",507,"Mezzanine",10,"Mobile Transfer ticket",1,"[PREMIUM]","[PREMIUM]","[PREMIUM]","[PREMIUM]",true,false,"['Clear view']","2026-07-31 15:19:13"
"13532108698","2026-08-01 23:17:20.698","2026-08-02 23:18:29.664","13532108698","161381048","[PREMIUM]","[PREMIUM]","310","Q","_",,,2,"[2]",507,"Mezzanine",10,"Mobile Transfer ticket",1,"[PREMIUM]","[PREMIUM]","[PREMIUM]","[PREMIUM]",true,false,"['Clear view']","2026-07-31 22:34:20"
"13532102463","2026-08-01 23:17:20.698","2026-08-02 23:18:29.664","13532102463","161381048","[PREMIUM]","[PREMIUM]","330","Q","_",,,2,"[2]",507,"Mezzanine",10,"Mobile Transfer ticket",1,"[PREMIUM]","[PREMIUM]","[PREMIUM]","[PREMIUM]",true,false,"['Clear view']","2026-07-31 22:33:18"
"13532108664","2026-08-01 23:17:20.698","2026-08-14 23:12:35.340","13532108664","161381048","[PREMIUM]","[PREMIUM]","313","Q","_",,,2,"[2]",507,"Mezzanine",10,"Mobile Transfer ticket",1,"[PREMIUM]","[PREMIUM]","[PREMIUM]","[PREMIUM]",true,false,"['Clear view']","2026-07-31 22:34:20"
"13529048317","2026-08-01 23:17:20.690","2026-08-14 23:12:41.712","13529048317","161381048","[PREMIUM]","[PREMIUM]","315","L","_",,,8,"[1,2,3,4,5,6,7,8]",507,"Mezzanine",10,"Mobile Transfer ticket",1,"[PREMIUM]","[PREMIUM]","[PREMIUM]","[PREMIUM]",true,false,"['Clear view']","2026-07-31 15:19:13"
"13529048213","2026-08-01 23:17:20.653","2026-08-14 23:12:35.586","13529048213","161381048","[PREMIUM]","[PREMIUM]","316","P","_",,,4,"[1,2,3,4]",507,"Mezzanine",10,"Mobile Transfer ticket",1,"[PREMIUM]","[PREMIUM]","[PREMIUM]","[PREMIUM]",true,false,"['Clear view']","2026-07-31 15:19:13"
"13529048207","2026-08-01 23:17:20.653","2026-08-14 23:12:35.586","13529048207","161381048","[PREMIUM]","[PREMIUM]","315","Q","_",,,4,"[1,2,3,4]",507,"Mezzanine",10,"Mobile Transfer ticket",1,"[PREMIUM]","[PREMIUM]","[PREMIUM]","[PREMIUM]",true,false,"['Clear view']","2026-07-31 15:19:13"
"13528800784","2026-08-01 23:17:20.617","2026-08-14 23:12:34.386","13528800784","161495916","[PREMIUM]","[PREMIUM]","115","17","1_2","1",,2,"[2]",594,"Lower",10,"Mobile Transfer ticket",1,"[PREMIUM]","[PREMIUM]","[PREMIUM]","[PREMIUM]",true,false,"['Clear view']","2026-07-31 14:39:55"
"13528663167","2026-08-01 23:17:20.617","2026-08-14 23:12:34.386","13528663167","161495916","[PREMIUM]","[PREMIUM]","102","13","1_4","1","4",4,"[1,2,3,4]",594,"Lower",10,"Mobile Transfer ticket",1,"[PREMIUM]","[PREMIUM]","[PREMIUM]","[PREMIUM]",true,false,"['Aisle seat','Clear view']","2026-07-31 14:21:49"
"13530157966","2026-08-01 23:17:20.433","2026-08-09 23:13:12.791","13530157966","161482396","[PREMIUM]","[PREMIUM]","105","G","_",,,1,"[1]",471,"Middle",10,"Mobile Transfer ticket",1,"[PREMIUM]","[PREMIUM]","[PREMIUM]","[PREMIUM]",false,false,"['Clear view']","2026-07-31 18:32:29"
"13531167215","2026-08-01 23:17:20.382","2026-08-14 23:12:39.061","13531167215","161482396","[PREMIUM]","[PREMIUM]","120","G","9994_9999","9994","9999",6,"[1,2,3,4,6]",471,"Middle",10,"Mobile Transfer ticket",1,"[PREMIUM]","[PREMIUM]","[PREMIUM]","[PREMIUM]",true,false,"['Clear view']","2026-07-31 20:47:39"
"13533106291","2026-08-01 23:17:20.382","2026-08-14 23:12:38.990","13533106291","161482396","[PREMIUM]","[PREMIUM]","119","U","_",,,2,"[2]",471,"Middle",10,"Mobile Transfer ticket",1,"[PREMIUM]","[PREMIUM]","[PREMIUM]","[PREMIUM]",true,false,"['Clear view']","2026-08-01 00:33:31"
"13531167208","2026-08-01 23:17:20.362","2026-08-14 23:12:39.331","13531167208","161482396","[PREMIUM]","[PREMIUM]","120","B","9998_9999","9998","9999",2,"[2]",471,"Middle",10,"Mobile Transfer ticket",1,"[PREMIUM]","[PREMIUM]","[PREMIUM]","[PREMIUM]",true,false,"['Second Row of Section','Clear view']","2026-07-31 20:47:39"
"13533059801","2026-08-01 23:17:20.362","2026-08-14 23:12:39.227","13533059801","161482396","[PREMIUM]","[PREMIUM]","109","P","_",,,2,"[2]",471,"Middle",10,"Mobile Transfer ticket",1,"[PREMIUM]","[PREMIUM]","[PREMIUM]","[PREMIUM]",true,false,"['Clear view']","2026-08-01 00:29:12"
"13536931832","2026-08-01 23:17:20.334","2026-08-07 08:10:09.422","13536931832","161482396","[PREMIUM]","[PREMIUM]","108","D","9001_9002","9001","9002",2,"[2]",471,"Middle",10,"Mobile Transfer ticket",13,"[PREMIUM]","[PREMIUM]","[PREMIUM]","[PREMIUM]",true,false,"['Clear view']","2026-08-01 10:21:28"
"13522024778","2026-08-01 23:17:20.305","2026-08-12 23:09:21.840","13522024778","161482396","[PREMIUM]","[PREMIUM]","213","G","_",,,4,"[1,2,3,4]",407,"Upper",10,"Mobile Transfer ticket",1,"[PREMIUM]","[PREMIUM]","[PREMIUM]","[PREMIUM]",true,false,"['Clear view']","2026-07-30 18:04:42"
"13531167218","2026-08-01 23:17:20.305","2026-08-02 23:18:30.149","13531167218","161482396","[PREMIUM]","[PREMIUM]","120","D","9996_9999","9996","9999",4,"[1,2,4]",471,"Middle",10,"Mobile Transfer ticket",1,"[PREMIUM]","[PREMIUM]","[PREMIUM]","[PREMIUM]",true,false,"['Clear view']","2026-07-31 20:47:39"
"13523894751","2026-08-01 23:17:20.264","2026-08-14 23:12:34.294","13523894751","161495916","[PREMIUM]","[PREMIUM]","115","23","9001_9006","9001","9006",6,"[1,2,3,4,6]",594,"Lower",10,"Mobile Transfer ticket",13,"[PREMIUM]","[PREMIUM]","[PREMIUM]","[PREMIUM]",true,false,"['Clear view']","2026-07-30 22:20:53"
"13532751982","2026-08-01 23:17:20.040","2026-08-14 23:12:26.454","13532751982","161495894","[PREMIUM]","[PREMIUM]","220","21","_",,,2,"[2]",407,"Upper",10,"Mobile Transfer ticket",1,"[PREMIUM]","[PREMIUM]","[PREMIUM]","[PREMIUM]",true,false,"['Clear view']","2026-07-31 23:43:13"
"13523867101","2026-08-01 23:17:20.038","2026-08-02 23:18:24.063","13523867101","161495916","[PREMIUM]","[PREMIUM]","115","22","9001_9005","9001","9005",5,"[1,2,3,5]",594,"Lower",10,"Mobile Transfer ticket",13,"[PREMIUM]","[PREMIUM]","[PREMIUM]","[PREMIUM]",true,false,"['Clear view']","2026-07-30 22:15:03"
"13529209986","2026-08-01 23:17:20.036","2026-08-12 23:09:24.781","13529209986","161495894","[PREMIUM]","[PREMIUM]","209","12","_",,,8,"[1,2,3,4,5,6,7,8]",407,"Upper",10,"Mobile Transfer ticket",1,"[PREMIUM]","[PREMIUM]","[PREMIUM]","[PREMIUM]",true,false,"['Clear view']","2026-07-31 15:52:46"
"13530209678","2026-08-01 23:17:20.036","2026-08-14 23:12:26.600","13530209678","161495894","[PREMIUM]","[PREMIUM]","221","6","_",,,2,"[2]",407,"Upper",10,"Mobile Transfer ticket",1,"[PREMIUM]","[PREMIUM]","[PREMIUM]","[PREMIUM]",true,false,"['Clear view']","2026-07-31 18:44:20"
"13531549952","2026-08-01 23:17:20.035","2026-08-14 23:12:27.763","13531549952","161495894","[PREMIUM]","[PREMIUM]","217","4","_",,,6,"[1,2,3,4,5,6]",407,"Upper",10,"Mobile Transfer ticket",1,"[PREMIUM]","[PREMIUM]","[PREMIUM]","[PREMIUM]",true,false,"['Clear view']","2026-07-31 21:29:34"
"13491509616","2026-08-01 23:17:19.972","2026-08-13 23:12:31.750","13491509616","161495894","[PREMIUM]","[PREMIUM]","220","8","_",,,4,"[2,4]",407,"Upper",10,"Mobile Transfer ticket",1,"[PREMIUM]","[PREMIUM]","[PREMIUM]","[PREMIUM]",true,false,"['Clear view']","2026-07-27 17:25:47"
"13530209629","2026-08-01 23:17:19.972","2026-08-14 23:12:26.556","13530209629","161495894","[PREMIUM]","[PREMIUM]","224","5","_",,,2,"[2]",407,"Upper",10,"Mobile Transfer ticket",1,"[PREMIUM]","[PREMIUM]","[PREMIUM]","[PREMIUM]",true,false,"['Limited or Obstructed View (printed on ticket)']","2026-07-31 18:44:20"
"13530209773","2026-08-01 23:17:19.972","2026-08-14 23:12:26.556","13530209773","161495894","[PREMIUM]","[PREMIUM]","217","5","_",,,2,"[2]",407,"Upper",10,"Mobile Transfer ticket",1,"[PREMIUM]","[PREMIUM]","[PREMIUM]","[PREMIUM]",true,false,"['Clear view']","2026-07-31 18:44:21"
"13530209891","2026-08-01 23:17:19.972","2026-08-14 23:12:26.556","13530209891","161495894","[PREMIUM]","[PREMIUM]","227","5","_",,,2,"[2]",407,"Upper",10,"Mobile Transfer ticket",1,"[PREMIUM]","[PREMIUM]","[PREMIUM]","[PREMIUM]",true,false,"['Clear view']","2026-07-31 18:44:22"
"13530209916","2026-08-01 23:17:19.972","2026-08-14 23:12:26.556","13530209916","161495894","[PREMIUM]","[PREMIUM]","218","7","_",,,2,"[2]",407,"Upper",10,"Mobile Transfer ticket",1,"[PREMIUM]","[PREMIUM]","[PREMIUM]","[PREMIUM]",true,false,"['Clear view']","2026-07-31 18:44:22"
"13529209994","2026-08-01 23:17:19.969","2026-08-12 23:09:24.781","13529209994","161495894","[PREMIUM]","[PREMIUM]","206","13","_",,,6,"[1,2,3,4,5,6]",407,"Upper",10,"Mobile Transfer ticket",1,"[PREMIUM]","[PREMIUM]","[PREMIUM]","[PREMIUM]",true,false,"['Clear view']","2026-07-31 15:52:46"
"13529210000","2026-08-01 23:17:19.969","2026-08-12 23:09:24.781","13529210000","161495894","[PREMIUM]","[PREMIUM]","207","9","_",,,2,"[2]",407,"Upper",10,"Mobile Transfer ticket",1,"[PREMIUM]","[PREMIUM]","[PREMIUM]","[PREMIUM]",true,false,"['Clear view']","2026-07-31 15:52:46"
"13532741690","2026-08-01 23:17:19.954","2026-08-14 23:12:26.563","13532741690","161495894","[PREMIUM]","[PREMIUM]","210","17","_",,,2,"[2]",407,"Upper",10,"Mobile Transfer ticket",1,"[PREMIUM]","[PREMIUM]","[PREMIUM]","[PREMIUM]",true,false,"['Clear view']","2026-07-31 23:42:08"
"13530209830","2026-08-01 23:17:19.947","2026-08-14 23:12:26.700","13530209830","161495894","[PREMIUM]","[PREMIUM]","202","12","_",,,8,"[1,2,3,4,5,6,7,8]",407,"Upper",10,"Mobile Transfer ticket",1,"[PREMIUM]","[PREMIUM]","[PREMIUM]","[PREMIUM]",true,false,"['Clear view']","2026-07-31 18:44:21"
"13533501420","2026-08-01 23:17:19.947","2026-08-07 08:10:05.276","13533501420","161495894","[PREMIUM]","[PREMIUM]","228","11","9001_9002","9001","9002",2,"[2]",407,"Upper",10,"Mobile Transfer ticket",13,"[PREMIUM]","[PREMIUM]","[PREMIUM]","[PREMIUM]",true,false,"['Clear view']","2026-08-01 01:36:02"
"13536176989","2026-08-01 23:17:19.553","2026-08-07 08:09:55.071","13536176989","161495916","[PREMIUM]","[PREMIUM]","103","19","9001_9002","9001","9002",2,"[2]",594,"Lower",10,"Mobile Transfer ticket",13,"[PREMIUM]","[PREMIUM]","[PREMIUM]","[PREMIUM]",true,false,"['Clear view']","2026-08-01 07:51:01"
"13528833917","2026-08-01 23:17:19.374","2026-08-14 23:12:26.964","13528833917","161470393","[PREMIUM]","[PREMIUM]","208","Q","_",,,4,"[2,4]",407,"Upper",9,"Mobile Transfer ticket",1,"[PREMIUM]","[PREMIUM]","[PREMIUM]","[PREMIUM]",true,false,"['Clear view']","2026-07-31 14:45:32"
"13533276184","2026-08-01 23:17:19.324","2026-08-14 23:12:28.807","13533276184","161470393","[PREMIUM]","[PREMIUM]","9","Z","_",,,2,"[2]",594,"Lower",10,"Mobile Transfer ticket",1,"[PREMIUM]","[PREMIUM]","[PREMIUM]","[PREMIUM]",true,false,"['Clear view']","2026-08-01 00:54:08"
"13528839106","2026-08-01 23:17:19.259","2026-08-07 08:10:12.294","13528839106","161470393","[PREMIUM]","[PREMIUM]","212","L","_",,,4,"[2,4]",407,"Upper",9,"Mobile Transfer ticket",1,"[PREMIUM]","[PREMIUM]","[PREMIUM]","[PREMIUM]",true,false,"['Clear view']","2026-07-31 14:45:48"
"13528835380","2026-08-01 23:17:19.259","2026-08-12 23:09:16.465","13528835380","161470393","[PREMIUM]","[PREMIUM]","217",,"_",,,3,"[1,3]",407,"Upper",9,"Mobile Transfer ticket",1,"[PREMIUM]","[PREMIUM]","[PREMIUM]","[PREMIUM]",true,true,"['Clear view']","2026-07-31 14:45:38"
"13529048312","2026-08-01 23:17:19.239","2026-08-14 23:12:34.743","13529048312","161381048","[PREMIUM]","[PREMIUM]","326","K","_",,,4,"[1,2,3,4]",507,"Mezzanine",10,"Mobile Transfer ticket",1,"[PREMIUM]","[PREMIUM]","[PREMIUM]","[PREMIUM]",true,false,"['Clear view']","2026-07-31 15:19:13"
"13531197805","2026-08-01 23:17:19.239","2026-08-14 23:12:34.743","13531197805","161381048","[PREMIUM]","[PREMIUM]","307","N","9998_9999","9998","9999",2,"[2]",507,"Mezzanine",10,"Mobile Transfer ticket",1,"[PREMIUM]","[PREMIUM]","[PREMIUM]","[PREMIUM]",true,false,"['Clear view']","2026-07-31 20:52:28"
"13528838209","2026-08-01 23:17:19.236","2026-08-04 23:18:55.277","13528838209","161470393","[PREMIUM]","[PREMIUM]","217","Q","_",,,4,"[2,4]",407,"Upper",9,"Mobile Transfer ticket",1,"[PREMIUM]","[PREMIUM]","[PREMIUM]","[PREMIUM]",true,false,"['Clear view']","2026-07-31 14:45:45"
"13533276322","2026-08-01 23:17:19.236","2026-08-14 23:12:27.405","13533276322","161470393","[PREMIUM]","[PREMIUM]","102","P","_",,,2,"[2]",471,"Middle",10,"Mobile Transfer ticket",1,"[PREMIUM]","[PREMIUM]","[PREMIUM]","[PREMIUM]",true,false,"['Clear view']","2026-08-01 00:54:09"
"13533184454","2026-08-01 23:17:19.222","2026-08-11 23:09:24.995","13533184454","161470393","[PREMIUM]","[PREMIUM]","2","Z","_",,,2,"[2]",594,"Lower",10,"Mobile Transfer ticket",1,"[PREMIUM]","[PREMIUM]","[PREMIUM]","[PREMIUM]",true,false,"['Clear view']","2026-08-01 00:43:12"
"13529241119","2026-08-01 23:17:19.036","2026-08-13 23:12:48.075","13529241119","161495916","[PREMIUM]","[PREMIUM]","116","11","1_2","1","2",2,"[2]",594,"Lower",10,"Mobile Transfer ticket",1,"[PREMIUM]","[PREMIUM]","[PREMIUM]","[PREMIUM]",true,false,"['Aisle seat','Clear view']","2026-07-31 15:57:06"
"13536177139","2026-08-01 23:17:19.036","2026-08-07 08:09:54.813","13536177139","161495916","[PREMIUM]","[PREMIUM]","202","1","9001_9002","9001","9002",2,"[2]",407,"Upper",10,"Mobile Transfer ticket",13,"[PREMIUM]","[PREMIUM]","[PREMIUM]","[PREMIUM]",true,false,"['Front Row of Section','Clear view']","2026-08-01 07:51:04"
"13530174445","2026-08-01 23:17:18.990","2026-08-14 23:12:32.399","13530174445","161495916","[PREMIUM]","[PREMIUM]","121","9","_",,,2,"[2]",594,"Lower",10,"Mobile Transfer ticket",1,"[PREMIUM]","[PREMIUM]","[PREMIUM]","[PREMIUM]",true,false,"['Clear view']","2026-07-31 18:36:20"
"13536181948","2026-08-01 23:17:18.922","2026-08-07 08:09:55.071","13536181948","161495916","[PREMIUM]","[PREMIUM]","212","1","9001_9002","9001","9002",2,"[2]",407,"Upper",10,"Mobile Transfer ticket",13,"[PREMIUM]","[PREMIUM]","[PREMIUM]","[PREMIUM]",true,false,"['Front Row of Section','Clear view']","2026-08-01 07:51:53"
"13536175811","2026-08-01 23:17:18.922","2026-08-07 08:09:55.071","13536175811","161495916","[PREMIUM]","[PREMIUM]","104","20","9001_9004","9001","9004",4,"[1,2,4]",594,"Lower",10,"Mobile Transfer ticket",13,"[PREMIUM]","[PREMIUM]","[PREMIUM]","[PREMIUM]",true,false,"['Clear view']","2026-08-01 07:50:40"
"13531343818","2026-08-01 23:17:18.899","2026-08-14 23:12:33.204","13531343818","161495916","[PREMIUM]","[PREMIUM]","214","2","9001_9001","9001",,1,"[1]",407,"Upper",10,"Mobile Transfer ticket",1,"[PREMIUM]","[PREMIUM]","[PREMIUM]","[PREMIUM]",false,false,"['Second Row of Section','Clear view']","2026-07-31 21:09:38"
"13530534397","2026-08-01 23:17:18.869","2026-08-04 02:01:55.406","13530534397","161495916","[PREMIUM]","[PREMIUM]","118","16","9001_9003","9001","9003",3,"[1,3]",594,"Lower",10,"Mobile Transfer ticket",13,"[PREMIUM]","[PREMIUM]","[PREMIUM]","[PREMIUM]",true,false,"['Clear view']","2026-07-31 19:45:12"
"13536182168","2026-08-01 23:17:18.869","2026-08-04 02:01:55.406","13536182168","161495916","[PREMIUM]","[PREMIUM]","123","15","9001_9004","9001","9004",4,"[1,2,4]",594,"Lower",10,"Mobile Transfer ticket",13,"[PREMIUM]","[PREMIUM]","[PREMIUM]","[PREMIUM]",true,false,"['Clear view']","2026-08-01 07:51:54"
"13523867089","2026-08-01 23:17:18.814","2026-08-04 02:01:55.478","13523867089","161495916","[PREMIUM]","[PREMIUM]","123","11","9001_9002","9001","9002",2,"[2]",594,"Lower",10,"Mobile Transfer ticket",13,"[PREMIUM]","[PREMIUM]","[PREMIUM]","[PREMIUM]",true,false,"['Clear view']","2026-07-30 22:15:01"
"13523866757","2026-08-01 23:17:18.814","2026-08-04 02:01:55.406","13523866757","161495916","[PREMIUM]","[PREMIUM]","123","16","9001_9003","9001","9003",3,"[1,3]",594,"Lower",10,"Mobile Transfer ticket",13,"[PREMIUM]","[PREMIUM]","[PREMIUM]","[PREMIUM]",true,false,"['Clear view']","2026-07-30 22:14:47"
"13530534416","2026-08-01 23:17:18.814","2026-08-07 08:09:54.656","13530534416","161495916","[PREMIUM]","[PREMIUM]","118","15","9001_9002","9001","9002",2,"[2]",594,"Lower",10,"Mobile Transfer ticket",13,"[PREMIUM]","[PREMIUM]","[PREMIUM]","[PREMIUM]",true,false,"['Clear view']","2026-07-31 19:45:12"
"13536181912","2026-08-01 23:17:18.814","2026-08-07 08:09:54.199","13536181912","161495916","[PREMIUM]","[PREMIUM]","118","14","9001_9003","9001","9003",3,"[1,3]",594,"Lower",10,"Mobile Transfer ticket",13,"[PREMIUM]","[PREMIUM]","[PREMIUM]","[PREMIUM]",true,false,"['Clear view']","2026-08-01 07:51:53"
"13530551364","2026-08-01 23:17:18.565","2026-08-04 02:01:54.094","13530551364","161495916","[PREMIUM]","[PREMIUM]","203","4","9001_9002","9001","9002",2,"[2]",407,"Upper",10,"Mobile Transfer ticket",13,"[PREMIUM]","[PREMIUM]","[PREMIUM]","[PREMIUM]",true,false,"['Clear view']","2026-07-31 19:46:43"
"13433759087","2026-08-01 23:17:18.505","2026-08-10 23:08:19.305","13433759087","161495916","[PREMIUM]","[PREMIUM]","202","7","_",,,3,"[1,2,3]",407,"Upper",10,"Mobile Transfer ticket",1,"[PREMIUM]","[PREMIUM]","[PREMIUM]","[PREMIUM]",true,false,"['Clear view']","2026-07-22 17:11:54"
"13530174436","2026-08-01 23:17:18.505","2026-08-02 23:18:21.967","13530174436","161495916","[PREMIUM]","[PREMIUM]","202","6","_",,,3,"[1,2,3]",407,"Upper",10,"Mobile Transfer ticket",1,"[PREMIUM]","[PREMIUM]","[PREMIUM]","[PREMIUM]",true,false,"['Clear view']","2026-07-31 18:36:20"
"13530174448","2026-08-01 23:17:18.494","2026-08-12 23:09:09.895","13530174448","161495916","[PREMIUM]","[PREMIUM]","222","4","_",,,3,"[1,2,3]",407,"Upper",10,"Mobile Transfer ticket",1,"[PREMIUM]","[PREMIUM]","[PREMIUM]","[PREMIUM]",true,false,"['Clear view']","2026-07-31 18:36:20"
"13530534950","2026-08-01 23:17:18.418","2026-08-04 02:01:54.094","13530534950","161495916","[PREMIUM]","[PREMIUM]","203","3","9001_9002","9001","9002",2,"[2]",407,"Upper",10,"Mobile Transfer ticket",13,"[PREMIUM]","[PREMIUM]","[PREMIUM]","[PREMIUM]",true,false,"['Third Row of Section','Clear view']","2026-07-31 19:45:15"
"13530639250","2026-08-01 23:17:18.418","2026-08-07 08:09:53.694","13530639250","161495916","[PREMIUM]","[PREMIUM]","210","4","9001_9002","9001","9002",2,"[2]",407,"Upper",10,"Mobile Transfer ticket",13,"[PREMIUM]","[PREMIUM]","[PREMIUM]","[PREMIUM]",true,false,"['Clear view']","2026-07-31 19:57:01"
"13533265074","2026-08-01 23:17:18.220","2026-08-14 23:12:33.458","13533265074","161470388","[PREMIUM]","[PREMIUM]","102","P","_",,,2,"[2]",471,"Middle",10,"Mobile Transfer ticket",1,"[PREMIUM]","[PREMIUM]","[PREMIUM]","[PREMIUM]",true,false,"['Clear view']","2026-08-01 00:52:02"
"13528837132","2026-08-01 23:17:18.167","2026-08-10 23:08:18.455","13528837132","161470388","[PREMIUM]","[PREMIUM]","202","J","_",,,4,"[2,4]",407,"Upper",9,"Mobile Transfer ticket",1,"[PREMIUM]","[PREMIUM]","[PREMIUM]","[PREMIUM]",true,false,"['Clear view']","2026-07-31 14:45:43"
"13376156547","2026-08-01 23:17:18.131","2026-08-07 08:09:55.437","13376156547","161470388","[PREMIUM]","[PREMIUM]","4","Q","_",,,4,"[2,4]",594,"Lower",10,"Mobile Transfer ticket",1,"[PREMIUM]","[PREMIUM]","[PREMIUM]","[PREMIUM]",true,false,"['Clear view']","2026-07-16 20:33:08"
"13447882964","2026-08-01 23:17:18.131","2026-08-07 08:09:55.581","13447882964","161470388","[PREMIUM]","[PREMIUM]","4","U","_",,,4,"[1,2,4]",594,"Lower",9,"Mobile Transfer ticket",1,"[PREMIUM]","[PREMIUM]","[PREMIUM]","[PREMIUM]",true,false,"['Clear view']","2026-07-23 16:20:47"
"13528835289","2026-08-01 23:17:18.056","2026-08-10 23:08:18.412","13528835289","161470388","[PREMIUM]","[PREMIUM]","217",,"_",,,3,"[1,3]",407,"Upper",9,"Mobile Transfer ticket",1,"[PREMIUM]","[PREMIUM]","[PREMIUM]","[PREMIUM]",true,true,"['Clear view']","2026-07-31 14:45:38"
"13533275205","2026-08-01 23:17:18.033","2026-08-11 23:09:21.074","13533275205","161470388","[PREMIUM]","[PREMIUM]","9","Z","_",,,2,"[2]",594,"Lower",10,"Mobile Transfer ticket",1,"[PREMIUM]","[PREMIUM]","[PREMIUM]","[PREMIUM]",true,false,"['Clear view']","2026-08-01 00:53:59"
"13528838025","2026-08-01 23:17:18.013","2026-08-10 23:08:18.580","13528838025","161470388","[PREMIUM]","[PREMIUM]","217","Q","_",,,4,"[2,4]",407,"Upper",9,"Mobile Transfer ticket",1,"[PREMIUM]","[PREMIUM]","[PREMIUM]","[PREMIUM]",true,false,"['Clear view']","2026-07-31 14:45:45"
"13530174472","2026-08-01 23:17:18.000","2026-08-13 23:12:46.992","13530174472","161495916","[PREMIUM]","[PREMIUM]","217","5","_",,,2,"[2]",407,"Upper",10,"Mobile Transfer ticket",1,"[PREMIUM]","[PREMIUM]","[PREMIUM]","[PREMIUM]",true,false,"['Clear view']","2026-07-31 18:36:20"
"13530174501","2026-08-01 23:17:18.000","2026-08-14 23:12:31.210","13530174501","161495916","[PREMIUM]","[PREMIUM]","224","5","_",,,2,"[2]",407,"Upper",10,"Mobile Transfer ticket",1,"[PREMIUM]","[PREMIUM]","[PREMIUM]","[PREMIUM]",true,false,"['Limited or Obstructed View (printed on ticket)']","2026-07-31 18:36:20"
"13523142774","2026-08-01 23:17:17.986","2026-08-01 23:17:17.986","13523142774","161470388","[PREMIUM]","[PREMIUM]","224","M","5_6","5",,2,"[2]",407,"Upper",10,"Mobile Transfer ticket",1,"[PREMIUM]","[PREMIUM]","[PREMIUM]","[PREMIUM]",true,false,"['Clear view']","2026-07-30 20:32:36"
"13523141948","2026-08-01 23:17:17.986","2026-08-01 23:17:17.986","13523141948","161470388","[PREMIUM]","[PREMIUM]","223","M","5_6","5",,2,"[2]",407,"Upper",10,"Mobile Transfer ticket",1,"[PREMIUM]","[PREMIUM]","[PREMIUM]","[PREMIUM]",true,false,"['Clear view']","2026-07-30 20:32:32"
"13533500699","2026-08-01 23:17:17.977","2026-08-07 08:10:06.923","13533500699","161482416","[PREMIUM]","[PREMIUM]","4","H","9001_9002","9001","9002",2,"[2]",594,"Lower",10,"Mobile Transfer ticket",13,"[PREMIUM]","[PREMIUM]","[PREMIUM]","[PREMIUM]",true,false,"['Clear view']","2026-08-01 01:35:41"
"13527348816","2026-08-01 23:17:17.973","2026-08-05 23:20:34.543","13527348816","161495913","[PREMIUM]","[PREMIUM]","102","4","9001_9003","9001","9003",3,"[1,3]",594,"Lower",10,"Mobile Transfer ticket",13,"[PREMIUM]","[PREMIUM]","[PREMIUM]","[PREMIUM]",true,false,"['Clear view']","2026-07-31 09:20:53"
"13527283550","2026-08-01 23:17:17.973","2026-08-05 23:20:34.543","13527283550","161495913","[PREMIUM]","[PREMIUM]","115","6","9001_9005","9001","9005",5,"[1,2,3,5]",594,"Lower",10,"Mobile Transfer ticket",13,"[PREMIUM]","[PREMIUM]","[PREMIUM]","[PREMIUM]",true,false,"['Clear view']","2026-07-31 09:07:58"
"13504192496","2026-08-01 23:17:17.901","2026-08-08 23:08:35.342","13504192496","161495913","[PREMIUM]","[PREMIUM]","115","4","_",,,10,"[1,2,3,4,5,6,7,8,9,10]",594,"Lower",10,"Mobile Transfer ticket",1,"[PREMIUM]","[PREMIUM]","[PREMIUM]","[PREMIUM]",true,false,"['Clear view']","2026-07-28 22:44:34"
"13522469516","2026-08-01 23:17:17.901","2026-08-04 02:01:51.500","13522469516","161495913","[PREMIUM]","[PREMIUM]","114","4","_",,,6,"[1,2,3,4,5,6]",594,"Lower",10,"Mobile Transfer ticket",1,"[PREMIUM]","[PREMIUM]","[PREMIUM]","[PREMIUM]",true,false,"['Clear view']","2026-07-30 19:08:18"
"13522469716","2026-08-01 23:17:17.901","2026-08-10 23:08:16.120","13522469716","161495913","[PREMIUM]","[PREMIUM]","114","5","_",,,8,"[1,2,3,4,5,6,7,8]",594,"Lower",10,"Mobile Transfer ticket",1,"[PREMIUM]","[PREMIUM]","[PREMIUM]","[PREMIUM]",true,false,"['Clear view']","2026-07-30 19:08:19"
"13527355400","2026-08-01 23:17:17.901","2026-08-07 08:09:47.699","13527355400","161495913","[PREMIUM]","[PREMIUM]","115","7","9001_9006","9001","9006",6,"[1,2,3,4,6]",594,"Lower",10,"Mobile Transfer ticket",13,"[PREMIUM]","[PREMIUM]","[PREMIUM]","[PREMIUM]",true,false,"['Clear view']","2026-07-31 09:23:09"
"13530169372","2026-08-01 23:17:17.758","2026-08-04 02:02:10.897","13530169372","161482416","[PREMIUM]","[PREMIUM]","224","M","_",,,3,"[1,3]",407,"Upper",10,"Mobile Transfer ticket",1,"[PREMIUM]","[PREMIUM]","[PREMIUM]","[PREMIUM]",true,false,"['Clear view']","2026-07-31 18:35:23"
"13535401824","2026-08-01 23:17:17.706","2026-08-07 08:10:06.923","13535401824","161482416","[PREMIUM]","[PREMIUM]","4","J","9001_9002","9001","9002",2,"[2]",594,"Lower",10,"Mobile Transfer ticket",13,"[PREMIUM]","[PREMIUM]","[PREMIUM]","[PREMIUM]",true,false,"['Clear view']","2026-08-01 05:48:31"
"13527250788","2026-08-01 23:17:17.499","2026-08-07 08:09:47.626","13527250788","161495913","[PREMIUM]","[PREMIUM]","109","5","9001_9002","9001","9002",2,"[2]",594,"Lower",10,"Mobile Transfer ticket",13,"[PREMIUM]","[PREMIUM]","[PREMIUM]","[PREMIUM]",true,false,"['Clear view']","2026-07-31 08:57:04"
"13527207983","2026-08-01 23:17:17.499","2026-08-07 08:09:46.895","13527207983","161495913","[PREMIUM]","[PREMIUM]","107","6","9001_9002","9001","9002",2,"[2]",594,"Lower",10,"Mobile Transfer ticket",13,"[PREMIUM]","[PREMIUM]","[PREMIUM]","[PREMIUM]",true,false,"['Clear view']","2026-07-31 08:45:14"
"13537629461","2026-08-01 23:17:17.443","2026-08-14 23:12:41.608","13537629461","161482381","[PREMIUM]","[PREMIUM]","COVE17","BB","12_19","12",,8,"[1,2,3,4,5,6,8]",3708,"Cove",10,"Mobile Transfer ticket",1,"[PREMIUM]","[PREMIUM]","[PREMIUM]","[PREMIUM]",true,false,"['Second Row of Section','Clear view']","2026-08-01 12:44:40"
"13537954614","2026-08-01 23:17:17.443","2026-08-14 23:12:40.287","13537954614","161482381","[PREMIUM]","[PREMIUM]","COVE04","BB","7_8","7",,2,"[2]",3708,"Cove",10,"Mobile Transfer ticket",1,"[PREMIUM]","[PREMIUM]","[PREMIUM]","[PREMIUM]",true,false,"['Second Row of Section','Clear view']","2026-08-01 13:35:40"
"13529300869","2026-08-01 23:17:17.317","2026-08-13 23:12:46.685","13529300869","161495916","[PREMIUM]","[PREMIUM]","201","9","_",,,5,"[1,2,3,5]",407,"Upper",10,"Mobile Transfer ticket",1,"[PREMIUM]","[PREMIUM]","[PREMIUM]","[PREMIUM]",true,false,"['Clear view']","2026-07-31 16:12:40"
"13536175353","2026-08-01 23:17:17.317","2026-08-04 23:18:48.532","13536175353","161495916","[PREMIUM]","[PREMIUM]","202","12","9001_9004","9001","9004",4,"[1,2,4]",407,"Upper",10,"Mobile Transfer ticket",13,"[PREMIUM]","[PREMIUM]","[PREMIUM]","[PREMIUM]",true,false,"['Clear view']","2026-08-01 07:50:32"
"13536176764","2026-08-01 23:17:17.307","2026-08-07 08:09:52.542","13536176764","161495916","[PREMIUM]","[PREMIUM]","204","11","9001_9004","9001","9004",4,"[1,2,4]",407,"Upper",10,"Mobile Transfer ticket",13,"[PREMIUM]","[PREMIUM]","[PREMIUM]","[PREMIUM]",true,false,"['Clear view']","2026-08-01 07:50:58"
"13530174457","2026-08-01 23:17:17.213","2026-08-13 23:12:46.655","13530174457","161495916","[PREMIUM]","[PREMIUM]","204","10","_",,,2,"[2]",407,"Upper",10,"Mobile Transfer ticket",1,"[PREMIUM]","[PREMIUM]","[PREMIUM]","[PREMIUM]",true,false,"['Clear view']","2026-07-31 18:36:20"
"13529022574","2026-08-01 23:17:17.213","2026-08-14 23:12:31.784","13529022574","161495916","[PREMIUM]","[PREMIUM]","207","9","_",,,2,"[2]",407,"Upper",10,"Mobile Transfer ticket",1,"[PREMIUM]","[PREMIUM]","[PREMIUM]","[PREMIUM]",true,false,"['Clear view']","2026-07-31 15:12:16"
"13532725445","2026-08-01 23:17:17.165","2026-08-14 23:12:31.347","13532725445","161495916","[PREMIUM]","[PREMIUM]","220","21","_",,,2,"[2]",407,"Upper",10,"Mobile Transfer ticket",1,"[PREMIUM]","[PREMIUM]","[PREMIUM]","[PREMIUM]",true,false,"['Clear view']","2026-07-31 23:39:50"
"13532725439","2026-08-01 23:17:17.165","2026-08-14 23:12:31.347","13532725439","161495916","[PREMIUM]","[PREMIUM]","210","17","_",,,2,"[2]",407,"Upper",10,"Mobile Transfer ticket",1,"[PREMIUM]","[PREMIUM]","[PREMIUM]","[PREMIUM]",true,false,"['Clear view']","2026-07-31 23:39:50"
"13531167464","2026-08-01 23:17:17.145","2026-08-12 23:09:24.138","13531167464","161482416","[PREMIUM]","[PREMIUM]","11","E","9997_9999","9997","9999",3,"[1,3]",594,"Lower",10,"Mobile Transfer ticket",1,"[PREMIUM]","[PREMIUM]","[PREMIUM]","[PREMIUM]",true,false,"['Third Row of Section','Clear view']","2026-07-31 20:47:41"
"13530169337","2026-08-01 23:17:17.087","2026-08-04 23:18:27.679","13530169337","161482381","[PREMIUM]","[PREMIUM]","224","M","_",,,3,"[1,3]",407,"Upper",10,"Mobile Transfer ticket",1,"[PREMIUM]","[PREMIUM]","[PREMIUM]","[PREMIUM]",true,false,"['Clear view']","2026-07-31 18:35:23"
"13529549363","2026-08-01 23:17:16.948","2026-08-04 02:01:49.899","13529549363","161495913","[PREMIUM]","[PREMIUM]","109","11","9001_9003","9001","9003",3,"[1,3]",594,"Lower",10,"Mobile Transfer ticket",13,"[PREMIUM]","[PREMIUM]","[PREMIUM]","[PREMIUM]",true,false,"['Clear view']","2026-07-31 17:00:42"
"13522469671","2026-08-01 23:17:16.944","2026-08-02 23:18:17.646","13522469671","161495913","[PREMIUM]","[PREMIUM]","116","3","_",,,4,"[1,2,3,4]",594,"Lower",10,"Mobile Transfer ticket",1,"[PREMIUM]","[PREMIUM]","[PREMIUM]","[PREMIUM]",true,false,"['Third Row of Section','Clear view']","2026-07-30 19:08:19"
"13522469958","2026-08-01 23:17:16.944","2026-08-14 23:12:19.626","13522469958","161495913","[PREMIUM]","[PREMIUM]","102","3","_",,,8,"[1,2,3,4,5,6,7,8]",594,"Lower",10,"Mobile Transfer ticket",1,"[PREMIUM]","[PREMIUM]","[PREMIUM]","[PREMIUM]",true,false,"['Third Row of Section','Clear view']","2026-07-30 19:08:19"
"13522469511","2026-08-01 23:17:16.944","2026-08-13 23:12:37.756","13522469511","161495913","[PREMIUM]","[PREMIUM]","109","3","_",,,2,"[2]",594,"Lower",10,"Mobile Transfer ticket",1,"[PREMIUM]","[PREMIUM]","[PREMIUM]","[PREMIUM]",true,false,"['Third Row of Section','Clear view']","2026-07-30 19:08:18"
"13522469985","2026-08-01 23:17:16.923","2026-08-14 23:12:19.667","13522469985","161495913","[PREMIUM]","[PREMIUM]","128","1","_",,,4,"[1,2,3,4]",594,"Lower",10,"Mobile Transfer ticket",1,"[PREMIUM]","[PREMIUM]","[PREMIUM]","[PREMIUM]",true,false,"['Front Row of Section','Clear view']","2026-07-30 19:08:19"
"13527261084","2026-08-01 23:17:16.864","2026-08-07 08:09:53.048","13527261084","161495913","[PREMIUM]","[PREMIUM]","106","8","9001_9005","9001","9005",5,"[1,2,3,5]",594,"Lower",10,"Mobile Transfer ticket",13,"[PREMIUM]","[PREMIUM]","[PREMIUM]","[PREMIUM]",true,false,"['Clear view']","2026-07-31 09:01:56"
"13527244570","2026-08-01 23:17:16.839","2026-08-07 08:09:46.988","13527244570","161495913","[PREMIUM]","[PREMIUM]","115","23","9001_9006","9001","9006",6,"[1,2,3,4,6]",594,"Lower",10,"Mobile Transfer ticket",13,"[PREMIUM]","[PREMIUM]","[PREMIUM]","[PREMIUM]",true,false,"['Clear view']","2026-07-31 08:56:31"
"13535255133","2026-08-01 23:17:16.839","2026-08-01 23:17:16.839","13535255133","161495913","[PREMIUM]","[PREMIUM]","104","9","9001_9002","9001","9002",2,"[2]",594,"Lower",10,"Mobile Transfer ticket",13,"[PREMIUM]","[PREMIUM]","[PREMIUM]","[PREMIUM]",true,false,"['Clear view']","2026-08-01 05:29:33"
"13527227329","2026-08-01 23:17:16.794","2026-08-05 23:20:40.281","13527227329","161495913","[PREMIUM]","[PREMIUM]","116","4","9001_9005","9001","9005",5,"[1,2,3,5]",594,"Lower",10,"Mobile Transfer ticket",13,"[PREMIUM]","[PREMIUM]","[PREMIUM]","[PREMIUM]",true,false,"['Clear view']","2026-07-31 08:51:42"
"13518039398","2026-08-01 23:17:16.776","2026-08-13 23:12:36.936","13518039398","161495913","[PREMIUM]","[PREMIUM]","102","17","9001_9002","9001","9002",2,"[2]",594,"Lower",10,"Mobile Transfer ticket",13,"[PREMIUM]","[PREMIUM]","[PREMIUM]","[PREMIUM]",true,false,"['Clear view']","2026-07-30 09:06:18"
"13527355361","2026-08-01 23:17:16.776","2026-08-04 23:18:46.926","13527355361","161495913","[PREMIUM]","[PREMIUM]","128","4","9001_9005","9001","9005",5,"[1,2,3,5]",594,"Lower",10,"Mobile Transfer ticket",13,"[PREMIUM]","[PREMIUM]","[PREMIUM]","[PREMIUM]",true,false,"['Clear view']","2026-07-31 09:23:08"
"13527355372","2026-08-01 23:17:16.776","2026-08-04 23:18:46.926","13527355372","161495913","[PREMIUM]","[PREMIUM]","128","3","9001_9005","9001","9005",5,"[1,2,3,5]",594,"Lower",10,"Mobile Transfer ticket",13,"[PREMIUM]","[PREMIUM]","[PREMIUM]","[PREMIUM]",true,false,"['Third Row of Section','Clear view']","2026-07-31 09:23:09"
"13527276702","2026-08-01 23:17:16.776","2026-08-04 02:01:51.053","13527276702","161495913","[PREMIUM]","[PREMIUM]","128","2","9001_9002","9001","9002",2,"[2]",594,"Lower",10,"Mobile Transfer ticket",13,"[PREMIUM]","[PREMIUM]","[PREMIUM]","[PREMIUM]",true,false,"['Second Row of Section','Clear view']","2026-07-31 09:05:45"
"13529549369","2026-08-01 23:17:16.776","2026-08-04 02:01:51.053","13529549369","161495913","[PREMIUM]","[PREMIUM]","102","8","9001_9005","9001","9005",5,"[1,2,3]",594,"Lower",10,"Mobile Transfer ticket",13,"[PREMIUM]","[PREMIUM]","[PREMIUM]","[PREMIUM]",true,false,"['Clear view']","2026-07-31 17:00:43"
"13531214630","2026-08-01 23:17:16.641","2026-08-07 08:10:05.777","13531214630","161482416","[PREMIUM]","[PREMIUM]","4","L","_",,,2,"[2]",594,"Lower",10,"Mobile Transfer ticket",1,"[PREMIUM]","[PREMIUM]","[PREMIUM]","[PREMIUM]",true,false,"['Clear view']","2026-07-31 20:53:38"
"13531167470","2026-08-01 23:17:16.524","2026-08-14 23:12:39.589","13531167470","161482416","[PREMIUM]","[PREMIUM]","11","R","9994_9999","9994","9999",6,"[1,2,3,4,6]",594,"Lower",10,"Mobile Transfer ticket",1,"[PREMIUM]","[PREMIUM]","[PREMIUM]","[PREMIUM]",true,false,"['Clear view']","2026-07-31 20:47:41"
"13531167478","2026-08-01 23:17:16.524","2026-08-14 23:12:39.604","13531167478","161482416","[PREMIUM]","[PREMIUM]","17","D","9998_9999","9998","9999",2,"[2]",594,"Lower",10,"Mobile Transfer ticket",1,"[PREMIUM]","[PREMIUM]","[PREMIUM]","[PREMIUM]",true,false,"['Second Row of Section','Clear view']","2026-07-31 20:47:41"
"13533113948","2026-08-01 23:17:16.524","2026-08-04 23:18:28.361","13533113948","161482416","[PREMIUM]","[PREMIUM]","19","Z","_",,,2,"[2]",594,"Lower",10,"Mobile Transfer ticket",1,"[PREMIUM]","[PREMIUM]","[PREMIUM]","[PREMIUM]",true,false,"['Clear view']","2026-08-01 00:34:42"
"13528800760","2026-08-01 23:17:16.472","2026-08-13 23:12:37.010","13528800760","161495913","[PREMIUM]","[PREMIUM]","115","17","1_2","1",,2,"[2]",594,"Lower",10,"Mobile Transfer ticket",1,"[PREMIUM]","[PREMIUM]","[PREMIUM]","[PREMIUM]",true,false,"['Clear view']","2026-07-31 14:39:55"
"13522024780","2026-08-01 23:17:16.447","2026-08-14 23:12:39.425","13522024780","161482416","[PREMIUM]","[PREMIUM]","7","R","_",,,4,"[1,2,3,4]",594,"Lower",10,"Mobile Transfer ticket",1,"[PREMIUM]","[PREMIUM]","[PREMIUM]","[PREMIUM]",true,false,"['Clear view']","2026-07-30 18:04:42"
"13532739801","2026-08-01 23:17:16.426","2026-08-01 23:17:16.426","13532739801","161482381","[PREMIUM]","[PREMIUM]","4","H","9001_9002","9001","9002",2,"[2]",594,"Lower",10,"Mobile Transfer ticket",13,"[PREMIUM]","[PREMIUM]","[PREMIUM]","[PREMIUM]",true,false,"['Clear view']","2026-07-31 23:41:47"
"13534181289","2026-08-01 23:17:16.426","2026-08-07 08:10:04.934","13534181289","161482381","[PREMIUM]","[PREMIUM]","4","J","9001_9002","9001","9002",2,"[2]",594,"Lower",10,"Mobile Transfer ticket",13,"[PREMIUM]","[PREMIUM]","[PREMIUM]","[PREMIUM]",true,false,"['Clear view']","2026-08-01 03:06:25"
"13522231019","2026-08-01 23:17:16.412","2026-08-14 23:12:38.664","13522231019","161482381","[PREMIUM]","[PREMIUM]","7","F","_",,,2,"[2]",594,"Lower",10,"Mobile Transfer ticket",1,"[PREMIUM]","[PREMIUM]","[PREMIUM]","[PREMIUM]",true,false,"['Clear view']","2026-07-30 18:32:30"
"13532886437","2026-08-01 23:17:16.367","2026-08-07 08:10:04.837","13532886437","161482381","[PREMIUM]","[PREMIUM]","3","U","9001_9002","9001","9002",2,"[2]",594,"Lower",10,"Mobile Transfer ticket",13,"[PREMIUM]","[PREMIUM]","[PREMIUM]","[PREMIUM]",true,false,"['Clear view']","2026-08-01 00:00:31"
"13534181532","2026-08-01 23:17:16.367","2026-08-07 08:10:04.837","13534181532","161482381","[PREMIUM]","[PREMIUM]","3","Y","9001_9002","9001","9002",2,"[2]",594,"Lower",10,"Mobile Transfer ticket",13,"[PREMIUM]","[PREMIUM]","[PREMIUM]","[PREMIUM]",true,false,"['Clear view']","2026-08-01 03:06:31"
"13527366022","2026-08-01 23:17:16.346","2026-08-02 23:18:16.866","13527366022","161495913","[PREMIUM]","[PREMIUM]","109","7","9001_9002","9001","9002",2,"[2]",594,"Lower",10,"Mobile Transfer ticket",13,"[PREMIUM]","[PREMIUM]","[PREMIUM]","[PREMIUM]",true,false,"['Clear view']","2026-07-31 09:27:27"
"13527282389","2026-08-01 23:17:16.346","2026-08-07 08:09:53.048","13527282389","161495913","[PREMIUM]","[PREMIUM]","106","6","9001_9003","9001","9003",3,"[1,3]",594,"Lower",10,"Mobile Transfer ticket",13,"[PREMIUM]","[PREMIUM]","[PREMIUM]","[PREMIUM]",true,false,"['Clear view']","2026-07-31 09:07:13"
"13527227318","2026-08-01 23:17:16.317","2026-08-07 08:09:53.048","13527227318","161495913","[PREMIUM]","[PREMIUM]","107","8","9001_9003","9001","9003",3,"[1,3]",594,"Lower",10,"Mobile Transfer ticket",13,"[PREMIUM]","[PREMIUM]","[PREMIUM]","[PREMIUM]",true,false,"['Clear view']","2026-07-31 08:51:41"
"13527366333","2026-08-01 23:17:16.317","2026-08-04 02:01:49.981","13527366333","161495913","[PREMIUM]","[PREMIUM]","109","9","9001_9003","9001","9003",3,"[1,3]",594,"Lower",10,"Mobile Transfer ticket",13,"[PREMIUM]","[PREMIUM]","[PREMIUM]","[PREMIUM]",true,false,"['Clear view']","2026-07-31 09:27:31"
"13527287609","2026-08-01 23:17:16.317","2026-08-07 08:09:47.016","13527287609","161495913","[PREMIUM]","[PREMIUM]","107","4","9001_9002","9001","9002",2,"[2]",594,"Lower",10,"Mobile Transfer ticket",13,"[PREMIUM]","[PREMIUM]","[PREMIUM]","[PREMIUM]",true,false,"['Clear view']","2026-07-31 09:08:30"
"13538184154","2026-08-01 23:17:16.317","2026-08-01 23:17:16.317","13538184154","161495913","[PREMIUM]","[PREMIUM]","103","16","9001_9004","9001","9004",4,"[1,2,4]",594,"Lower",10,"Mobile Transfer ticket",13,"[PREMIUM]","[PREMIUM]","[PREMIUM]","[PREMIUM]",true,false,"['Clear view']","2026-08-01 14:14:47"
"13527263742","2026-08-01 23:17:16.257","2026-08-04 02:01:49.981","13527263742","161495913","[PREMIUM]","[PREMIUM]","109","10","9001_9003","9001","9003",3,"[1,3]",594,"Lower",10,"Mobile Transfer ticket",13,"[PREMIUM]","[PREMIUM]","[PREMIUM]","[PREMIUM]",true,false,"['Clear view']","2026-07-31 09:02:34"
"13527282401","2026-08-01 23:17:16.240","2026-08-04 02:01:50.244","13527282401","161495913","[PREMIUM]","[PREMIUM]","103","5","9001_9002","9001","9002",2,"[2]",594,"Lower",10,"Mobile Transfer ticket",13,"[PREMIUM]","[PREMIUM]","[PREMIUM]","[PREMIUM]",true,false,"['Clear view']","2026-07-31 09:07:13"
"13529548966","2026-08-01 23:17:16.240","2026-08-07 08:09:53.051","13529548966","161495913","[PREMIUM]","[PREMIUM]","109","8","9001_9004","9001","9004",4,"[1,2,4]",594,"Lower",10,"Mobile Transfer ticket",13,"[PREMIUM]","[PREMIUM]","[PREMIUM]","[PREMIUM]",true,false,"['Clear view']","2026-07-31 17:00:30"
"13531661904","2026-08-01 23:17:16.186","2026-08-08 23:08:48.292","13531661904","161482381","[PREMIUM]","[PREMIUM]","4","L","_",,,2,"[2]",594,"Lower",10,"Mobile Transfer ticket",1,"[PREMIUM]","[PREMIUM]","[PREMIUM]","[PREMIUM]",true,false,"['Clear view']","2026-07-31 21:41:56"
"13531166912","2026-08-01 23:17:16.186","2026-08-14 23:12:38.486","13531166912","161482381","[PREMIUM]","[PREMIUM]","11","E","9997_9999","9997","9999",3,"[1,3]",594,"Lower",10,"Mobile Transfer ticket",1,"[PREMIUM]","[PREMIUM]","[PREMIUM]","[PREMIUM]",true,false,"['Third Row of Section','Clear view']","2026-07-31 20:47:38"
"13527263635","2026-08-01 23:17:16.102","2026-08-01 23:17:16.102","13527263635","161495913","[PREMIUM]","[PREMIUM]","110","5","9001_9002","9001","9002",2,"[2]",594,"Lower",10,"Mobile Transfer ticket",13,"[PREMIUM]","[PREMIUM]","[PREMIUM]","[PREMIUM]",true,false,"['Second Row of Section','Clear view']","2026-07-31 09:02:31"
"13531166939","2026-08-01 23:17:16.100","2026-08-14 23:12:38.402","13531166939","161482381","[PREMIUM]","[PREMIUM]","17","D","9996_9999","9996","9999",4,"[1,2,4]",594,"Lower",10,"Mobile Transfer ticket",1,"[PREMIUM]","[PREMIUM]","[PREMIUM]","[PREMIUM]",true,false,"['Second Row of Section','Clear view']","2026-07-31 20:47:38"
"13533303821","2026-08-01 23:17:15.990","2026-08-07 08:09:53.135","13533303821","161495913","[PREMIUM]","[PREMIUM]","202","1","9001_9002","9001","9002",2,"[2]",407,"Upper",10,"Mobile Transfer ticket",13,"[PREMIUM]","[PREMIUM]","[PREMIUM]","[PREMIUM]",true,false,"['Front Row of Section','Clear view']","2026-08-01 00:57:54"
"13530210270","2026-08-01 23:17:15.977","2026-08-07 08:09:46.339","13530210270","161495913","[PREMIUM]","[PREMIUM]","212","1","_",,,2,"[2]",407,"Upper",10,"Mobile Transfer ticket",1,"[PREMIUM]","[PREMIUM]","[PREMIUM]","[PREMIUM]",true,false,"['Front Row of Section','Clear view']","2026-07-31 18:44:25"
"13528652861","2026-08-01 23:17:15.933","2026-08-07 08:09:46.576","13528652861","161495913","[PREMIUM]","[PREMIUM]","102","13","1_4","1","4",4,"[1,2,3,4]",594,"Lower",10,"Mobile Transfer ticket",1,"[PREMIUM]","[PREMIUM]","[PREMIUM]","[PREMIUM]",true,false,"['Aisle seat','Clear view']","2026-07-31 14:20:08"
"13528739453","2026-08-01 23:17:15.933","2026-08-12 23:08:59.939","13528739453","161495913","[PREMIUM]","[PREMIUM]","114","18","_",,,2,"[2]",594,"Lower",10,"Mobile Transfer ticket",1,"[PREMIUM]","[PREMIUM]","[PREMIUM]","[PREMIUM]",true,false,"['Clear view']","2026-07-31 14:33:48"
"13530129805","2026-08-01 23:17:15.924","2026-08-14 23:12:18.844","13530129805","161495913","[PREMIUM]","[PREMIUM]","214","2","9001_9001","9001",,1,"[1]",407,"Upper",10,"Mobile Transfer ticket",1,"[PREMIUM]","[PREMIUM]","[PREMIUM]","[PREMIUM]",false,false,"['Second Row of Section','Clear view']","2026-07-31 18:27:32"
"13522469417","2026-08-01 23:17:15.889","2026-08-02 23:18:16.329","13522469417","161495913","[PREMIUM]","[PREMIUM]","123","9","_",,,2,"[2]",594,"Lower",10,"Mobile Transfer ticket",1,"[PREMIUM]","[PREMIUM]","[PREMIUM]","[PREMIUM]",true,false,"['Clear view']","2026-07-30 19:08:18"
"13530210182","2026-08-01 23:17:15.889","2026-08-13 23:12:36.044","13530210182","161495913","[PREMIUM]","[PREMIUM]","121","9","_",,,2,"[2]",594,"Lower",10,"Mobile Transfer ticket",1,"[PREMIUM]","[PREMIUM]","[PREMIUM]","[PREMIUM]",true,false,"['Clear view']","2026-07-31 18:44:24"
"13529170978","2026-08-01 23:17:15.765","2026-08-14 23:12:21.855","13529170978","161311365","[PREMIUM]","[PREMIUM]","128","K","_",,,4,"[1,2,3,4]",7764,"Plaza Middle",10,"Mobile Transfer ticket",1,"[PREMIUM]","[PREMIUM]","[PREMIUM]","[PREMIUM]",true,false,"['Clear view']","2026-07-31 15:48:08"
"13540926669","2026-08-01 23:17:15.645","2026-08-13 23:12:41.791","13540926669","161482416","[PREMIUM]","[PREMIUM]","108","D","9001_9003","9001","9003",3,"[3]",471,"Middle",10,"Mobile Transfer ticket",13,"[PREMIUM]","[PREMIUM]","[PREMIUM]","[PREMIUM]",true,false,"['Clear view']","2026-08-01 21:08:29"
"13531167471","2026-08-01 23:17:15.457","2026-08-02 23:18:25.831","13531167471","161482416","[PREMIUM]","[PREMIUM]","120","D","9996_9999","9996","9999",4,"[1,2,4]",471,"Middle",10,"Mobile Transfer ticket",1,"[PREMIUM]","[PREMIUM]","[PREMIUM]","[PREMIUM]",true,false,"['Clear view']","2026-07-31 20:47:41"
"13531167462","2026-08-01 23:17:15.422","2026-08-14 23:12:38.236","13531167462","161482416","[PREMIUM]","[PREMIUM]","120","B","9998_9999","9998","9999",2,"[2]",471,"Middle",10,"Mobile Transfer ticket",1,"[PREMIUM]","[PREMIUM]","[PREMIUM]","[PREMIUM]",true,false,"['Second Row of Section','Clear view']","2026-07-31 20:47:41"
"13533106125","2026-08-01 23:17:15.422","2026-08-04 02:02:08.547","13533106125","161482416","[PREMIUM]","[PREMIUM]","122","U","_",,,2,"[2]",471,"Middle",10,"Mobile Transfer ticket",1,"[PREMIUM]","[PREMIUM]","[PREMIUM]","[PREMIUM]",true,false,"['Clear view']","2026-08-01 00:33:30"
"13533078590","2026-08-01 23:17:15.422","2026-08-14 23:12:38.236","13533078590","161482416","[PREMIUM]","[PREMIUM]","119","U","_",,,2,"[2]",471,"Middle",10,"Mobile Transfer ticket",1,"[PREMIUM]","[PREMIUM]","[PREMIUM]","[PREMIUM]",true,false,"['Clear view']","2026-08-01 00:31:12"
"13531166911","2026-08-01 23:17:15.283","2026-08-14 23:12:36.617","13531166911","161482381","[PREMIUM]","[PREMIUM]","108","F","9998_9999","9998","9999",2,"[2]",471,"Middle",10,"Mobile Transfer ticket",1,"[PREMIUM]","[PREMIUM]","[PREMIUM]","[PREMIUM]",true,false,"['Clear view']","2026-07-31 20:47:38"
"13531166928","2026-08-01 23:17:15.283","2026-08-14 23:12:36.617","13531166928","161482381","[PREMIUM]","[PREMIUM]","120","B","9998_9999","9998","9999",2,"[2]",471,"Middle",10,"Mobile Transfer ticket",1,"[PREMIUM]","[PREMIUM]","[PREMIUM]","[PREMIUM]",true,false,"['Second Row of Section','Clear view']","2026-07-31 20:47:38"
"13533078633","2026-08-01 23:17:15.283","2026-08-14 23:12:36.978","13533078633","161482381","[PREMIUM]","[PREMIUM]","119","U","_",,,2,"[2]",471,"Middle",10,"Mobile Transfer ticket",1,"[PREMIUM]","[PREMIUM]","[PREMIUM]","[PREMIUM]",true,false,"['Clear view']","2026-08-01 00:31:12"
"13533303705","2026-08-01 23:17:15.245","2026-08-07 08:09:46.398","13533303705","161495913","[PREMIUM]","[PREMIUM]","103","19","9001_9002","9001","9002",2,"[2]",594,"Lower",10,"Mobile Transfer ticket",13,"[PREMIUM]","[PREMIUM]","[PREMIUM]","[PREMIUM]",true,false,"['Clear view']","2026-08-01 00:57:50"
"13531166916","2026-08-01 23:17:15.194","2026-08-14 23:12:36.904","13531166916","161482381","[PREMIUM]","[PREMIUM]","11","R","9994_9999","9994","9999",6,"[1,2,3,4,6]",594,"Lower",10,"Mobile Transfer ticket",1,"[PREMIUM]","[PREMIUM]","[PREMIUM]","[PREMIUM]",true,false,"['Clear view']","2026-07-31 20:47:38"
"13533303774","2026-08-01 23:17:15.194","2026-08-07 08:09:46.398","13533303774","161495913","[PREMIUM]","[PREMIUM]","104","20","9001_9004","9001","9004",4,"[1,2,4]",594,"Lower",10,"Mobile Transfer ticket",13,"[PREMIUM]","[PREMIUM]","[PREMIUM]","[PREMIUM]",true,false,"['Clear view']","2026-08-01 00:57:52"
"13540834561","2026-08-01 23:17:15.194","2026-08-13 23:12:51.048","13540834561","161482381","[PREMIUM]","[PREMIUM]","108","D","9001_9003","9001","9003",3,"[3]",471,"Middle",10,"Mobile Transfer ticket",13,"[PREMIUM]","[PREMIUM]","[PREMIUM]","[PREMIUM]",true,false,"['Clear view']","2026-08-01 20:55:45"
"13527264304","2026-08-01 23:17:15.180","2026-08-01 23:17:15.180","13527264304","161495913","[PREMIUM]","[PREMIUM]","123","16","9001_9003","9001","9003",3,"[1,3]",594,"Lower",10,"Mobile Transfer ticket",13,"[PREMIUM]","[PREMIUM]","[PREMIUM]","[PREMIUM]",true,false,"['Clear view']","2026-07-31 09:02:52"
"13531235453","2026-08-01 23:17:15.180","2026-08-07 08:09:46.234","13531235453","161495913","[PREMIUM]","[PREMIUM]","118","16","9001_9003","9001","9003",3,"[1,3]",594,"Lower",10,"Mobile Transfer ticket",13,"[PREMIUM]","[PREMIUM]","[PREMIUM]","[PREMIUM]",true,false,"['Clear view']","2026-07-31 20:57:24"
"13531242992","2026-08-01 23:17:15.180","2026-08-07 08:09:46.234","13531242992","161495913","[PREMIUM]","[PREMIUM]","118","15","9001_9002","9001","9002",2,"[2]",594,"Lower",10,"Mobile Transfer ticket",13,"[PREMIUM]","[PREMIUM]","[PREMIUM]","[PREMIUM]",true,false,"['Clear view']","2026-07-31 20:57:49"
"13533304000","2026-08-01 23:17:15.180","2026-08-07 08:09:46.115","13533304000","161495913","[PREMIUM]","[PREMIUM]","118","14","9001_9003","9001","9003",3,"[1,3]",594,"Lower",10,"Mobile Transfer ticket",13,"[PREMIUM]","[PREMIUM]","[PREMIUM]","[PREMIUM]",true,false,"['Clear view']","2026-08-01 00:58:01"
"13533303779","2026-08-01 23:17:15.180","2026-08-04 02:01:49.014","13533303779","161495913","[PREMIUM]","[PREMIUM]","123","15","9001_9004","9001","9004",4,"[1,2,4]",594,"Lower",10,"Mobile Transfer ticket",13,"[PREMIUM]","[PREMIUM]","[PREMIUM]","[PREMIUM]",true,false,"['Clear view']","2026-08-01 00:57:52"
"13531166934","2026-08-01 23:17:15.041","2026-08-08 23:08:47.824","13531166934","161482381","[PREMIUM]","[PREMIUM]","120","G","9995_9999","9995","9999",5,"[1,2,3,5]",471,"Middle",10,"Mobile Transfer ticket",1,"[PREMIUM]","[PREMIUM]","[PREMIUM]","[PREMIUM]",true,false,"['Clear view']","2026-07-31 20:47:38"
"13531166929","2026-08-01 23:17:15.041","2026-08-02 23:18:24.384","13531166929","161482381","[PREMIUM]","[PREMIUM]","120","D","9996_9999","9996","9999",4,"[1,2,4]",471,"Middle",10,"Mobile Transfer ticket",1,"[PREMIUM]","[PREMIUM]","[PREMIUM]","[PREMIUM]",true,false,"['Clear view']","2026-07-31 20:47:38"
"13530210339","2026-08-01 23:17:14.853","2026-08-13 23:12:35.641","13530210339","161495913","[PREMIUM]","[PREMIUM]","203","2","_",,,2,"[2]",407,"Upper",10,"Mobile Transfer ticket",1,"[PREMIUM]","[PREMIUM]","[PREMIUM]","[PREMIUM]",true,false,"['Second Row of Section','Clear view']","2026-07-31 18:44:25"
"13530210190","2026-08-01 23:17:14.853","2026-08-14 23:12:18.094","13530210190","161495913","[PREMIUM]","[PREMIUM]","210","3","_",,,4,"[1,2,3,4]",407,"Upper",10,"Mobile Transfer ticket",1,"[PREMIUM]","[PREMIUM]","[PREMIUM]","[PREMIUM]",true,false,"['Third Row of Section','Clear view']","2026-07-31 18:44:24"
"13530368926","2026-08-01 23:17:14.834","2026-08-01 23:17:14.834","13530368926","161495913","[PREMIUM]","[PREMIUM]","207","7","_",,,6,"[1,2,3,4,5,6]",407,"Upper",10,"Mobile Transfer ticket",1,"[PREMIUM]","[PREMIUM]","[PREMIUM]","[PREMIUM]",true,false,"['Clear view']","2026-07-31 19:16:23"
"13537984688","2026-08-01 23:17:14.787","2026-08-04 02:01:49.081","13537984688","161495913","[PREMIUM]","[PREMIUM]","202","6","9001_9004","9001","9004",4,"[1,2,4]",407,"Upper",10,"Mobile Transfer ticket",13,"[PREMIUM]","[PREMIUM]","[PREMIUM]","[PREMIUM]",true,false,"['Clear view']","2026-08-01 13:40:47"
"13489650207","2026-08-01 23:17:14.688","2026-08-05 23:20:32.556","13489650207","161495913","[PREMIUM]","[PREMIUM]","207","2","12_13","12",,2,"[2]",407,"Upper",10,"Mobile Transfer ticket",14,"[PREMIUM]","[PREMIUM]","[PREMIUM]","[PREMIUM]",true,false,"['Limited or Obstructed View (printed on ticket)','Second Row of Section']","2026-07-27 13:20:04"
"13531238754","2026-08-01 23:17:14.674","2026-08-07 08:09:45.295","13531238754","161495913","[PREMIUM]","[PREMIUM]","203","3","9001_9002","9001","9002",2,"[2]",407,"Upper",10,"Mobile Transfer ticket",13,"[PREMIUM]","[PREMIUM]","[PREMIUM]","[PREMIUM]",true,false,"['Third Row of Section','Clear view']","2026-07-31 20:57:34"
"13531340642","2026-08-01 23:17:14.674","2026-08-07 08:09:45.133","13531340642","161495913","[PREMIUM]","[PREMIUM]","203","4","9001_9002","9001","9002",2,"[2]",407,"Upper",10,"Mobile Transfer ticket",13,"[PREMIUM]","[PREMIUM]","[PREMIUM]","[PREMIUM]",true,false,"['Clear view']","2026-07-31 21:08:22"
"13528633474","2026-08-01 23:17:14.598","2026-08-09 23:12:50.107","13528633474","161311365","[PREMIUM]","[PREMIUM]","317","G","_",,,5,"[1,2,3,5]",4813,"Terrace Center",10,"Mobile Transfer ticket",1,"[PREMIUM]","[PREMIUM]","[PREMIUM]","[PREMIUM]",true,false,"['Clear view']","2026-07-31 14:17:39"
"13528595995","2026-08-01 23:17:14.549","2026-08-14 23:12:21.389","13528595995","161311365","[PREMIUM]","[PREMIUM]","310","J","_",,,3,"[1,3]",17158,"Terrace Endzone",10,"Mobile Transfer ticket",1,"[PREMIUM]","[PREMIUM]","[PREMIUM]","[PREMIUM]",true,false,"['Clear view']","2026-07-31 14:09:28"
"13529207926","2026-08-01 23:17:14.549","2026-08-14 23:12:21.389","13529207926","161311365","[PREMIUM]","[PREMIUM]","311","J","_",,,2,"[2]",3831,"Terrace Corner",10,"Mobile Transfer ticket",1,"[PREMIUM]","[PREMIUM]","[PREMIUM]","[PREMIUM]",true,false,"['Clear view']","2026-07-31 15:52:29"
"13528597023","2026-08-01 23:17:14.549","2026-08-14 23:12:21.490","13528597023","161311365","[PREMIUM]","[PREMIUM]","310","L","_",,,4,"[2,4]",17158,"Terrace Endzone",10,"Mobile Transfer ticket",1,"[PREMIUM]","[PREMIUM]","[PREMIUM]","[PREMIUM]",true,false,"['Clear view']","2026-07-31 14:09:33"
"13528631506","2026-08-01 23:17:14.546","2026-08-14 23:12:21.345","13528631506","161311365","[PREMIUM]","[PREMIUM]","321","H","_",,,3,"[1,3]",3831,"Terrace Corner",10,"Mobile Transfer ticket",1,"[PREMIUM]","[PREMIUM]","[PREMIUM]","[PREMIUM]",true,false,"['Clear view']","2026-07-31 14:17:25"
"13528633794","2026-08-01 23:17:14.546","2026-08-14 23:12:21.345","13528633794","161311365","[PREMIUM]","[PREMIUM]","326","J","_",,,3,"[1,3]",3831,"Terrace Corner",10,"Mobile Transfer ticket",1,"[PREMIUM]","[PREMIUM]","[PREMIUM]","[PREMIUM]",true,false,"['Clear view']","2026-07-31 14:17:41"
"13527009893","2026-08-01 23:17:14.529","2026-08-14 23:12:21.328","13527009893","161311365","[PREMIUM]","[PREMIUM]","326","K","_",,,4,"[1,2,4]",3831,"Terrace Corner",10,"Mobile Transfer ticket",1,"[PREMIUM]","[PREMIUM]","[PREMIUM]","[PREMIUM]",true,false,"['Clear view']","2026-07-31 08:02:11"
"13528596166","2026-08-01 23:17:14.529","2026-08-14 23:12:21.331","13528596166","161311365","[PREMIUM]","[PREMIUM]","306","H","_",,,4,"[2,4]",3831,"Terrace Corner",10,"Mobile Transfer ticket",1,"[PREMIUM]","[PREMIUM]","[PREMIUM]","[PREMIUM]",true,false,"['Clear view']","2026-07-31 14:09:29"
"13528480642","2026-08-01 23:17:14.528","2026-08-08 23:08:34.422","13528480642","161311365","[PREMIUM]","[PREMIUM]","122","E","4_5","4","5",2,"[2]",7220,"Plaza Endzone",10,"Mobile Transfer ticket",1,"[PREMIUM]","[PREMIUM]","[PREMIUM]","[PREMIUM]",true,false,"['Clear view']","2026-07-31 13:41:28"
"13434202624","2026-08-01 23:17:14.521","2026-08-01 23:17:14.521","13434202624","161495913","[PREMIUM]","[PREMIUM]","208","7","_",,,6,"[1,2,3,4,5,6]",407,"Upper",10,"Mobile Transfer ticket",1,"[PREMIUM]","[PREMIUM]","[PREMIUM]","[PREMIUM]",true,false,"['Clear view']","2026-07-22 17:46:52"
"13433554660","2026-08-01 23:17:14.521","2026-08-10 23:08:15.194","13433554660","161495913","[PREMIUM]","[PREMIUM]","213","4","_",,,9,"[1,2,3,4,5,6,7,8,9]",407,"Upper",10,"Mobile Transfer ticket",1,"[PREMIUM]","[PREMIUM]","[PREMIUM]","[PREMIUM]",true,false,"['Clear view']","2026-07-22 17:01:42"
"13528596769","2026-08-01 23:17:14.505","2026-08-14 23:12:21.345","13528596769","161311365","[PREMIUM]","[PREMIUM]","304","K","_",,,3,"[1,3]",3831,"Terrace Corner",10,"Mobile Transfer ticket",1,"[PREMIUM]","[PREMIUM]","[PREMIUM]","[PREMIUM]",true,false,"['Clear view']","2026-07-31 14:09:32"
"13529191943","2026-08-01 23:17:14.499","2026-08-04 02:01:55.798","13529191943","161311365","[PREMIUM]","[PREMIUM]","122","U","_",,,4,"[1,2,3,4]",7220,"Plaza Endzone",10,"Mobile Transfer ticket",1,"[PREMIUM]","[PREMIUM]","[PREMIUM]","[PREMIUM]",true,false,"['Clear view']","2026-07-31 15:49:29"
"13529170867","2026-08-01 23:17:14.481","2026-08-13 23:12:37.228","13529170867","161311365","[PREMIUM]","[PREMIUM]","122","F","_",,,2,"[2]",7220,"Plaza Endzone",10,"Mobile Transfer ticket",1,"[PREMIUM]","[PREMIUM]","[PREMIUM]","[PREMIUM]",true,false,"['Clear view']","2026-07-31 15:48:07"
"13376766079","2026-08-01 23:17:14.452","2026-08-14 23:12:21.284","13376766079","161311365","[PREMIUM]","[PREMIUM]","315","M","_",,,4,"[2,4]",4813,"Terrace Center",10,"Mobile Transfer ticket",1,"[PREMIUM]","[PREMIUM]","[PREMIUM]","[PREMIUM]",true,false,"['Clear view']","2026-07-16 21:43:35"
"13531167472","2026-08-01 23:17:14.164","2026-08-14 23:12:37.965","13531167472","161482416","[PREMIUM]","[PREMIUM]","120","G","9994_9999","9994","9999",6,"[1,2,3,4,6]",471,"Middle",10,"Mobile Transfer ticket",1,"[PREMIUM]","[PREMIUM]","[PREMIUM]","[PREMIUM]",true,false,"['Clear view']","2026-07-31 20:47:41"
"13530210344","2026-08-01 23:17:14.144","2026-08-14 23:12:17.140","13530210344","161495913","[PREMIUM]","[PREMIUM]","202","12","_",,,8,"[1,2,3,4,5,6,7,8]",407,"Upper",10,"Mobile Transfer ticket",1,"[PREMIUM]","[PREMIUM]","[PREMIUM]","[PREMIUM]",true,false,"['Clear view']","2026-07-31 18:44:25"
"13533303644","2026-08-01 23:17:14.144","2026-08-07 08:09:44.306","13533303644","161495913","[PREMIUM]","[PREMIUM]","228","11","9001_9005","9001","9005",5,"[1,2,3,5]",407,"Upper",10,"Mobile Transfer ticket",13,"[PREMIUM]","[PREMIUM]","[PREMIUM]","[PREMIUM]",true,false,"['Clear view']","2026-08-01 00:57:49"
"13386602042","2026-08-01 23:17:14.143","2026-08-14 23:12:17.137","13386602042","161495913","[PREMIUM]","[PREMIUM]","213","10","15_18","15","18",4,"[2,4]",407,"Upper",10,"Mobile Transfer ticket",1,"[PREMIUM]","[PREMIUM]","[PREMIUM]","[PREMIUM]",true,false,"['Clear view']","2026-07-17 22:15:11"
"13504192753","2026-08-01 23:17:13.915","2026-08-14 23:12:17.061","13504192753","161495913","[PREMIUM]","[PREMIUM]","218","10","_",,,4,"[1,2,3,4]",407,"Upper",10,"Mobile Transfer ticket",1,"[PREMIUM]","[PREMIUM]","[PREMIUM]","[PREMIUM]",true,false,"['Clear view']","2026-07-28 22:44:34"
"13529300857","2026-08-01 23:17:13.838","2026-08-14 23:12:17.192","13529300857","161495913","[PREMIUM]","[PREMIUM]","201","9","_",,,5,"[1,2,3,5]",407,"Upper",10,"Mobile Transfer ticket",1,"[PREMIUM]","[PREMIUM]","[PREMIUM]","[PREMIUM]",true,false,"['Clear view']","2026-07-31 16:12:40"
"13504193108","2026-08-01 23:17:13.809","2026-08-10 23:08:14.356","13504193108","161495913","[PREMIUM]","[PREMIUM]","206","11","_",,,10,"[1,2,3,4,5,6,7,8,9,10]",407,"Upper",10,"Mobile Transfer ticket",1,"[PREMIUM]","[PREMIUM]","[PREMIUM]","[PREMIUM]",true,false,"['Clear view']","2026-07-28 22:44:35"
"13504193105","2026-08-01 23:17:13.809","2026-08-10 23:08:14.719","13504193105","161495913","[PREMIUM]","[PREMIUM]","206","10","_",,,7,"[1,2,3,4,5,6,7]",407,"Upper",10,"Mobile Transfer ticket",1,"[PREMIUM]","[PREMIUM]","[PREMIUM]","[PREMIUM]",true,false,"['Clear view']","2026-07-28 22:44:35"
"13504193095","2026-08-01 23:17:13.809","2026-08-14 23:12:17.287","13504193095","161495913","[PREMIUM]","[PREMIUM]","209","9","_",,,4,"[1,2,3,4]",407,"Upper",10,"Mobile Transfer ticket",1,"[PREMIUM]","[PREMIUM]","[PREMIUM]","[PREMIUM]",true,false,"['Clear view']","2026-07-28 22:44:35"
"13504192661","2026-08-01 23:17:13.809","2026-08-14 23:12:16.999","13504192661","161495913","[PREMIUM]","[PREMIUM]","210","14","_",,,5,"[1,2,3,4,5]",407,"Upper",10,"Mobile Transfer ticket",1,"[PREMIUM]","[PREMIUM]","[PREMIUM]","[PREMIUM]",true,false,"['Clear view']","2026-07-28 22:44:34"
"13532715832","2026-08-01 23:17:13.804","2026-08-14 23:12:17.000","13532715832","161495913","[PREMIUM]","[PREMIUM]","210","17","_",,,2,"[2]",407,"Upper",10,"Mobile Transfer ticket",1,"[PREMIUM]","[PREMIUM]","[PREMIUM]","[PREMIUM]",true,false,"['Clear view']","2026-07-31 23:38:25"
"13532715834","2026-08-01 23:17:13.804","2026-08-10 23:08:14.256","13532715834","161495913","[PREMIUM]","[PREMIUM]","206","17","_",,,2,"[2]",407,"Upper",10,"Mobile Transfer ticket",1,"[PREMIUM]","[PREMIUM]","[PREMIUM]","[PREMIUM]",true,false,"['Clear view']","2026-07-31 23:38:25"
"13532741686","2026-08-01 23:17:13.798","2026-08-14 23:12:16.221","13532741686","161495913","[PREMIUM]","[PREMIUM]","220","21","_",,,2,"[2]",407,"Upper",10,"Mobile Transfer ticket",1,"[PREMIUM]","[PREMIUM]","[PREMIUM]","[PREMIUM]",true,false,"['Clear view']","2026-07-31 23:42:08"
"13530210304","2026-08-01 23:17:13.793","2026-08-14 23:12:18.101","13530210304","161495913","[PREMIUM]","[PREMIUM]","222","4","_",,,3,"[1,2,3]",407,"Upper",10,"Mobile Transfer ticket",1,"[PREMIUM]","[PREMIUM]","[PREMIUM]","[PREMIUM]",true,false,"['Clear view']","2026-07-31 18:44:25"
"13504193135","2026-08-01 23:17:13.778","2026-08-14 23:12:17.061","13504193135","161495913","[PREMIUM]","[PREMIUM]","220","8","_",,,8,"[1,2,3,4,5,6,7,8]",407,"Upper",10,"Mobile Transfer ticket",1,"[PREMIUM]","[PREMIUM]","[PREMIUM]","[PREMIUM]",true,false,"['Clear view']","2026-07-28 22:44:35"
"13530210466","2026-08-01 23:17:13.778","2026-08-14 23:12:17.061","13530210466","161495913","[PREMIUM]","[PREMIUM]","224","5","_",,,2,"[2]",407,"Upper",10,"Mobile Transfer ticket",1,"[PREMIUM]","[PREMIUM]","[PREMIUM]","[PREMIUM]",true,false,"['Limited or Obstructed View (printed on ticket)']","2026-07-31 18:44:26"
"13386602043","2026-08-01 23:17:13.720","2026-08-14 23:12:17.278","13386602043","161495913","[PREMIUM]","[PREMIUM]","213","9","3_10","3","10",8,"[1,2,3,4,5,6,8]",407,"Upper",10,"Mobile Transfer ticket",1,"[PREMIUM]","[PREMIUM]","[PREMIUM]","[PREMIUM]",true,false,"['Clear view']","2026-07-17 22:15:11"
"13530210516","2026-08-01 23:17:13.720","2026-08-12 23:08:55.776","13530210516","161495913","[PREMIUM]","[PREMIUM]","218","7","_",,,2,"[2]",407,"Upper",10,"Mobile Transfer ticket",1,"[PREMIUM]","[PREMIUM]","[PREMIUM]","[PREMIUM]",true,false,"['Clear view']","2026-07-31 18:44:26"
"13530210283","2026-08-01 23:17:13.720","2026-08-14 23:12:17.061","13530210283","161495913","[PREMIUM]","[PREMIUM]","221","6","_",,,2,"[2]",407,"Upper",10,"Mobile Transfer ticket",1,"[PREMIUM]","[PREMIUM]","[PREMIUM]","[PREMIUM]",true,false,"['Clear view']","2026-07-31 18:44:25"
"13529171041","2026-08-01 23:17:13.615","2026-08-14 23:12:20.776","13529171041","161311365","[PREMIUM]","[PREMIUM]","321","P","_",,,2,"[2]",3831,"Terrace Corner",10,"Mobile Transfer ticket",1,"[PREMIUM]","[PREMIUM]","[PREMIUM]","[PREMIUM]",true,false,"['Clear view']","2026-07-31 15:48:09"
"13513263232","2026-08-01 23:17:13.020","2026-08-14 23:12:29.488","13513263232","161381044","[PREMIUM]","[PREMIUM]","125","G","3_7","3",,5,"[1,2,3,5]",4325,"Plaza Level",10,"Mobile Transfer ticket",1,"[PREMIUM]","[PREMIUM]","[PREMIUM]","[PREMIUM]",true,false,"['Third Row of Section','Clear view']","2026-07-29 22:05:06"
"13513239972","2026-08-01 23:17:13.020","2026-08-14 23:12:29.409","13513239972","161381044","[PREMIUM]","[PREMIUM]","125","F","5_8","5",,4,"[1,2,4]",4325,"Plaza Level",10,"Mobile Transfer ticket",1,"[PREMIUM]","[PREMIUM]","[PREMIUM]","[PREMIUM]",true,false,"['Second Row of Section','Clear view']","2026-07-29 22:02:40"
"13536554140","2026-08-01 23:17:13.012","2026-08-14 23:12:29.779","13536554140","161381044","[PREMIUM]","[PREMIUM]","118R","B","_",,,4,"[1,2,4]",17397,"Rinkside Club - Premium Glass B",10,"Mobile Transfer ticket",14,"[PREMIUM]","[PREMIUM]","[PREMIUM]","[PREMIUM]",true,false,"['Access to Scott Credit Union Rinkside Club','Second Row of Section','Clear view']","2026-08-01 08:46:28"
"13529046372","2026-08-01 23:17:12.959","2026-08-14 23:12:29.488","13529046372","161381044","[PREMIUM]","[PREMIUM]","118","J","_",,,6,"[1,2,3,4,5,6]",4325,"Plaza Level",10,"Mobile Transfer ticket",1,"[PREMIUM]","[PREMIUM]","[PREMIUM]","[PREMIUM]",true,false,"['Clear view']","2026-07-31 15:19:03"
"13513235176","2026-08-01 23:17:12.898","2026-08-14 23:12:29.409","13513235176","161381044","[PREMIUM]","[PREMIUM]","118","G","10_15","10",,6,"[1,2,3,4,6]",4325,"Plaza Level",10,"Mobile Transfer ticket",1,"[PREMIUM]","[PREMIUM]","[PREMIUM]","[PREMIUM]",true,false,"['Third Row of Section','Clear view']","2026-07-29 22:01:57"
"13522470784","2026-08-01 23:17:12.768","2026-08-02 23:18:15.243","13522470784","161495882","[PREMIUM]","[PREMIUM]","116","3","_",,,4,"[1,2,3,4]",594,"Lower",10,"Mobile Transfer ticket",1,"[PREMIUM]","[PREMIUM]","[PREMIUM]","[PREMIUM]",true,false,"['Third Row of Section','Clear view']","2026-07-30 19:08:21"
"13522470805","2026-08-01 23:17:12.768","2026-08-02 23:18:15.243","13522470805","161495882","[PREMIUM]","[PREMIUM]","114","2","_",,,2,"[2]",594,"Lower",10,"Mobile Transfer ticket",1,"[PREMIUM]","[PREMIUM]","[PREMIUM]","[PREMIUM]",true,false,"['Second Row of Section','Clear view']","2026-07-30 19:08:21"
"13522470803","2026-08-01 23:17:12.768","2026-08-14 23:12:15.832","13522470803","161495882","[PREMIUM]","[PREMIUM]","114","3","_",,,2,"[2]",594,"Lower",10,"Mobile Transfer ticket",1,"[PREMIUM]","[PREMIUM]","[PREMIUM]","[PREMIUM]",true,false,"['Third Row of Section','Clear view']","2026-07-30 19:08:21"
