"_primaryKey","_firstSeenAt","_lastSeenAt","listingId","eventId","price","faceValue","section","row","seat","seatFrom","seatTo","quantity","availableQuantities","ticketClass","ticketClassName","ticketTypeId","ticketTypeName","listingTypeId","starRating","dealScore","discount","seatQualityScore","isSeatedTogether","isSpeculativeRow","listingNotes","createdAt"
"13323188818","2026-07-11 23:16:54.853","2026-07-11 23:16:54.853","13323188818","160789750","[PREMIUM]","[PREMIUM]","111","L","9001_9001","9001",,1,"[1]",594,"Lower",10,"Mobile Transfer ticket",1,"[PREMIUM]","[PREMIUM]","[PREMIUM]","[PREMIUM]",false,false,"['Clear view']","2026-07-11 04:33:12"
"13328566516","2026-07-11 23:16:54.825","2026-07-11 23:16:54.825","13328566516","160789750","[PREMIUM]","[PREMIUM]","111","T","5_5","5",,1,"[1]",594,"Lower",10,"Mobile Transfer ticket",1,"[PREMIUM]","[PREMIUM]","[PREMIUM]","[PREMIUM]",false,false,"['Clear view']","2026-07-11 16:33:36"
"13322748547","2026-07-11 23:16:54.751","2026-07-12 23:48:30.702","13322748547","160789750","[PREMIUM]","[PREMIUM]","107","J","_",,,1,"[1]",594,"Lower",10,"Mobile Transfer ticket",1,"[PREMIUM]","[PREMIUM]","[PREMIUM]","[PREMIUM]",false,false,"['Clear view']","2026-07-11 03:39:28"
"13320466383","2026-07-11 23:16:54.721","2026-07-11 23:16:54.721","13320466383","160789750","[PREMIUM]","[PREMIUM]","104","A","_",,,1,"[1]",594,"Lower",10,"Mobile Transfer ticket",1,"[PREMIUM]","[PREMIUM]","[PREMIUM]","[PREMIUM]",false,false,"['Front Row of Section','Clear view']","2026-07-10 23:44:53"
"13322200491","2026-07-11 23:16:54.721","2026-07-11 23:16:54.721","13322200491","160789750","[PREMIUM]","[PREMIUM]","105","A","_",,,1,"[1]",594,"Lower",10,"Mobile Transfer ticket",1,"[PREMIUM]","[PREMIUM]","[PREMIUM]","[PREMIUM]",false,false,"['Front Row of Section','Clear view']","2026-07-11 02:37:11"
"13321494224","2026-07-11 23:16:54.502","2026-07-11 23:16:54.502","13321494224","160789750","[PREMIUM]","[PREMIUM]","312","M","_",,,8,"[1,2,3,4,5,6,7,8]",407,"Upper",10,"Mobile Transfer ticket",1,"[PREMIUM]","[PREMIUM]","[PREMIUM]","[PREMIUM]",true,false,"['Clear view']","2026-07-11 01:21:10"
"13324286809","2026-07-11 23:16:54.502","2026-07-12 23:48:29.620","13324286809","160789750","[PREMIUM]","[PREMIUM]","313","P","7_8","7",,2,"[2]",407,"Upper",10,"Mobile Transfer ticket",14,"[PREMIUM]","[PREMIUM]","[PREMIUM]","[PREMIUM]",true,false,"['Clear view']","2026-07-11 06:39:08"
"13324164221","2026-07-11 23:16:54.502","2026-07-11 23:16:54.502","13324164221","160789750","[PREMIUM]","[PREMIUM]","328","K","5_8","5",,4,"[1,2,4]",407,"Upper",10,"Mobile Transfer ticket",14,"[PREMIUM]","[PREMIUM]","[PREMIUM]","[PREMIUM]",true,false,"['Clear view']","2026-07-11 06:21:14"
"13328292659","2026-07-11 23:16:54.502","2026-07-11 23:16:54.502","13328292659","160789750","[PREMIUM]","[PREMIUM]","326","M","_",,,8,"[1,2,3,4,5,6,7,8]",407,"Upper",10,"Mobile Transfer ticket",1,"[PREMIUM]","[PREMIUM]","[PREMIUM]","[PREMIUM]",true,false,"['Clear view']","2026-07-11 15:53:22"
"13327677437","2026-07-11 23:16:54.457","2026-07-22 04:07:03.976","13327677437","160789750","[PREMIUM]","[PREMIUM]","301","L","_",,,8,"[1,2,3,4,5,6,7,8]",407,"Upper",10,"Mobile Transfer ticket",1,"[PREMIUM]","[PREMIUM]","[PREMIUM]","[PREMIUM]",true,false,"['Clear view']","2026-07-11 14:25:12"
"13321228665","2026-07-11 23:16:54.447","2026-08-02 23:19:26.914","13321228665","160789750","[PREMIUM]","[PREMIUM]","308","H","3_14","3",,12,"[1,2,3,4,5,6,7,8,9,10,12]",407,"Upper",10,"Mobile Transfer ticket",14,"[PREMIUM]","[PREMIUM]","[PREMIUM]","[PREMIUM]",true,false,"['Clear view']","2026-07-11 00:51:05"
"13324164282","2026-07-11 23:16:54.437","2026-07-11 23:16:54.437","13324164282","160789750","[PREMIUM]","[PREMIUM]","326","L","20_23","20",,4,"[1,2,4]",407,"Upper",10,"Mobile Transfer ticket",14,"[PREMIUM]","[PREMIUM]","[PREMIUM]","[PREMIUM]",true,false,"['Clear view']","2026-07-11 06:21:16"
"13288157853","2026-07-11 23:16:54.404","2026-07-11 23:16:54.404","13288157853","160789750","[PREMIUM]","[PREMIUM]","301","G","3_13","3",,11,"[1,2,3,4,5,6,7,8,9,11]",407,"Upper",10,"Mobile Transfer ticket",14,"[PREMIUM]","[PREMIUM]","[PREMIUM]","[PREMIUM]",true,false,"['Clear view']","2026-07-08 18:20:00"
"13321566951","2026-07-11 23:16:54.404","2026-07-11 23:16:54.404","13321566951","160789750","[PREMIUM]","[PREMIUM]","325","F","7_12","7",,6,"[1,2,3,4,6]",407,"Upper",10,"Mobile Transfer ticket",14,"[PREMIUM]","[PREMIUM]","[PREMIUM]","[PREMIUM]",true,false,"['Clear view']","2026-07-11 01:29:18"
"13322638118","2026-07-11 23:16:54.404","2026-07-12 23:48:29.620","13322638118","160789750","[PREMIUM]","[PREMIUM]","311","K","1_12","1",,12,"[1,2,3,4,5,6,7,8,9,10,12]",407,"Upper",10,"Mobile Transfer ticket",14,"[PREMIUM]","[PREMIUM]","[PREMIUM]","[PREMIUM]",true,false,"['Clear view']","2026-07-11 03:25:17"
"13324164283","2026-07-11 23:16:54.404","2026-07-11 23:16:54.404","13324164283","160789750","[PREMIUM]","[PREMIUM]","315","D","6_7","6",,2,"[2]",407,"Upper",10,"Mobile Transfer ticket",14,"[PREMIUM]","[PREMIUM]","[PREMIUM]","[PREMIUM]",true,false,"['Clear view']","2026-07-11 06:21:16"
"13329646528","2026-07-11 23:16:54.404","2026-07-11 23:16:54.404","13329646528","160789750","[PREMIUM]","[PREMIUM]","312","L","22_23","22",,2,"[2]",407,"Upper",10,"Mobile Transfer ticket",14,"[PREMIUM]","[PREMIUM]","[PREMIUM]","[PREMIUM]",true,false,"['Clear view']","2026-07-11 18:48:36"
"13331311633","2026-07-11 23:16:54.404","2026-07-11 23:16:54.404","13331311633","160789750","[PREMIUM]","[PREMIUM]","314","L","10_12","10",,3,"[1,3]",407,"Upper",10,"Mobile Transfer ticket",14,"[PREMIUM]","[PREMIUM]","[PREMIUM]","[PREMIUM]",true,false,"['Clear view']","2026-07-11 22:57:09"
"13324381855","2026-07-11 23:16:54.371","2026-07-11 23:16:54.371","13324381855","160789750","[PREMIUM]","[PREMIUM]","308","B","9_16","9",,8,"[1,2,3,4,5,6,8]",407,"Upper",10,"Mobile Transfer ticket",14,"[PREMIUM]","[PREMIUM]","[PREMIUM]","[PREMIUM]",true,false,"['Second Row of Section','Clear view']","2026-07-11 06:57:06"
"13330336704","2026-07-11 23:16:54.329","2026-07-11 23:16:54.329","13330336704","160789750","[PREMIUM]","[PREMIUM]","328","L","_",,,8,"[1,2,3,4,5,6,7,8]",407,"Upper",10,"Mobile Transfer ticket",1,"[PREMIUM]","[PREMIUM]","[PREMIUM]","[PREMIUM]",true,false,"['Clear view']","2026-07-11 20:21:06"
"13323490482","2026-07-11 23:16:54.202","2026-07-12 23:48:29.096","13323490482","160789750","[PREMIUM]","[PREMIUM]","304","C","7_12","7",,6,"[1,2,3,4,6]",407,"Upper",10,"Mobile Transfer ticket",14,"[PREMIUM]","[PREMIUM]","[PREMIUM]","[PREMIUM]",true,false,"['Third Row of Section','Clear view']","2026-07-11 05:07:08"
"13330173775","2026-07-11 23:16:53.842","2026-07-12 23:48:28.667","13330173775","160789750","[PREMIUM]","[PREMIUM]","305","K","3_4","3",,2,"[2]",407,"Upper",10,"Mobile Transfer ticket",14,"[PREMIUM]","[PREMIUM]","[PREMIUM]","[PREMIUM]",true,false,"['Clear view']","2026-07-11 19:56:17"
"13330947809","2026-07-11 23:16:53.825","2026-07-11 23:16:53.825","13330947809","160789750","[PREMIUM]","[PREMIUM]","322","C","1_12","1",,12,"[1,2,3,4,5,6,7,8,9,10,12]",407,"Upper",10,"Mobile Transfer ticket",14,"[PREMIUM]","[PREMIUM]","[PREMIUM]","[PREMIUM]",true,false,"['Clear view']","2026-07-11 22:04:55"
"13330173444","2026-07-11 23:16:53.817","2026-07-25 23:11:56.099","13330173444","160789750","[PREMIUM]","[PREMIUM]","309","N","1_12","1",,12,"[1,2,3,4,5,6,7,8,9,10,12]",407,"Upper",10,"Mobile Transfer ticket",14,"[PREMIUM]","[PREMIUM]","[PREMIUM]","[PREMIUM]",true,false,"['Clear view']","2026-07-11 19:56:16"
"13330173776","2026-07-11 23:16:53.731","2026-07-12 23:48:28.832","13330173776","160789750","[PREMIUM]","[PREMIUM]","302","J","1_12","1",,12,"[1,2,3,4,5,6,7,8,9,10,12]",407,"Upper",10,"Mobile Transfer ticket",14,"[PREMIUM]","[PREMIUM]","[PREMIUM]","[PREMIUM]",true,false,"['Clear view']","2026-07-11 19:56:17"
"13322019863","2026-07-11 23:16:53.727","2026-07-11 23:16:53.727","13322019863","160789750","[PREMIUM]","[PREMIUM]","317","4","1_12","1",,12,"[1,2,3,4,5,6,7,8,9,10,12]",407,"Upper",10,"Mobile Transfer ticket",14,"[PREMIUM]","[PREMIUM]","[PREMIUM]","[PREMIUM]",true,false,"['Clear view']","2026-07-11 02:15:20"
"13329646556","2026-07-11 23:16:53.727","2026-07-13 23:18:06.484","13329646556","160789750","[PREMIUM]","[PREMIUM]","318","B","1_12","1",,12,"[1,2,3,4,5,6,7,8,9,10,12]",407,"Upper",10,"Mobile Transfer ticket",14,"[PREMIUM]","[PREMIUM]","[PREMIUM]","[PREMIUM]",true,false,"['Clear view']","2026-07-11 18:48:36"
"13323490478","2026-07-11 23:16:53.726","2026-07-23 01:50:50.529","13323490478","160789750","[PREMIUM]","[PREMIUM]","306","K","14_19","14",,6,"[1,2,3,4,6]",407,"Upper",10,"Mobile Transfer ticket",14,"[PREMIUM]","[PREMIUM]","[PREMIUM]","[PREMIUM]",true,false,"['Clear view']","2026-07-11 05:07:08"
"13324164296","2026-07-11 23:16:53.693","2026-07-25 23:11:56.210","13324164296","160789750","[PREMIUM]","[PREMIUM]","303","H","5_16","5",,12,"[1,2,3,4,5,6,7,8,9,10,12]",407,"Upper",10,"Mobile Transfer ticket",14,"[PREMIUM]","[PREMIUM]","[PREMIUM]","[PREMIUM]",true,false,"['Clear view']","2026-07-11 06:21:16"
"13329646652","2026-07-11 23:16:53.591","2026-07-11 23:16:53.591","13329646652","160789750","[PREMIUM]","[PREMIUM]","320","F","6_8","6",,3,"[1,3]",407,"Upper",10,"Mobile Transfer ticket",14,"[PREMIUM]","[PREMIUM]","[PREMIUM]","[PREMIUM]",true,false,"['Clear view']","2026-07-11 18:48:37"
"13329646737","2026-07-11 23:16:53.591","2026-07-18 02:41:25.514","13329646737","160789750","[PREMIUM]","[PREMIUM]","320","G","7_13","7",,7,"[1,2,3,4,5,7]",407,"Upper",10,"Mobile Transfer ticket",14,"[PREMIUM]","[PREMIUM]","[PREMIUM]","[PREMIUM]",true,false,"['Clear view']","2026-07-11 18:48:38"
"13330290793","2026-07-11 23:16:53.431","2026-07-11 23:16:53.431","13330290793","160789750","[PREMIUM]","[PREMIUM]","318","4","3_9","3",,7,"[1,2,3,4,5,7]",407,"Upper",10,"Mobile Transfer ticket",14,"[PREMIUM]","[PREMIUM]","[PREMIUM]","[PREMIUM]",true,false,"['Clear view']","2026-07-11 20:13:16"
"12684132106","2026-07-11 23:16:53.263","2026-07-28 23:22:31.522","12684132106","161097018","[PREMIUM]","[PREMIUM]","S239",,"1_24","1",,24,"[1,2,3,4,5,6,7,8,9,10,11,12,13,14,15,16,17,18,19,20,21,22,23,24]",370,"Suites",10,"Mobile Transfer ticket",1,"[PREMIUM]","[PREMIUM]","[PREMIUM]","[PREMIUM]",true,true,"['Clear view']","2026-05-14 14:30:26"
"13320189004","2026-07-11 23:16:53.263","2026-07-11 23:16:53.263","13320189004","161097018","[PREMIUM]","[PREMIUM]","106","14","11_12","11",,2,"[2]",1687,"Lower Level",10,"Mobile Transfer ticket",1,"[PREMIUM]","[PREMIUM]","[PREMIUM]","[PREMIUM]",true,false,"['Clear view']","2026-07-10 23:10:06"
"13294533231","2026-07-11 23:16:53.220","2026-07-11 23:16:53.220","13294533231","161097009","[PREMIUM]","[PREMIUM]","318","5","9001_9008","9001",,8,"[1,2,3,4,5,6,8]",1713,"Middle Level",10,"Mobile Transfer ticket",1,"[PREMIUM]","[PREMIUM]","[PREMIUM]","[PREMIUM]",true,false,"['Clear view']","2026-07-09 02:36:08"
"13331067337","2026-07-11 23:16:53.220","2026-07-11 23:16:53.220","13331067337","161097009","[PREMIUM]","[PREMIUM]","301","6","9001_9010","9001",,10,"[1,2,3,4,5,6,7,8,10]",1713,"Middle Level",10,"Mobile Transfer ticket",1,"[PREMIUM]","[PREMIUM]","[PREMIUM]","[PREMIUM]",true,false,"['Clear view']","2026-07-11 22:26:02"
"13331067150","2026-07-11 23:16:53.220","2026-07-11 23:16:53.220","13331067150","161097009","[PREMIUM]","[PREMIUM]","301","5","9001_9010","9001",,10,"[1,2,3,4,5,6,7,8,10]",1713,"Middle Level",10,"Mobile Transfer ticket",1,"[PREMIUM]","[PREMIUM]","[PREMIUM]","[PREMIUM]",true,false,"['Clear view']","2026-07-11 22:26:01"
"13298163849","2026-07-11 23:16:53.007","2026-07-13 23:18:05.216","13298163849","161421422","[PREMIUM]","[PREMIUM]","111A","25","9001_9001","9001",,1,"[1]",519,"Terrace",10,"Mobile Transfer ticket",1,"[PREMIUM]","[PREMIUM]","[PREMIUM]","[PREMIUM]",false,false,"['Third Row of Section','Clear view']","2026-07-09 06:55:12"
"13329592388","2026-07-11 23:16:53.007","2026-07-12 23:48:27.532","13329592388","161421422","[PREMIUM]","[PREMIUM]","111A","29","_",,,4,"[1,2,4]",519,"Terrace",10,"Mobile Transfer ticket",1,"[PREMIUM]","[PREMIUM]","[PREMIUM]","[PREMIUM]",true,false,"['Clear view']","2026-07-11 18:41:31"
"13331180535","2026-07-11 23:16:53.007","2026-07-12 23:48:27.124","13331180535","161421422","[PREMIUM]","[PREMIUM]","110A","30","9001_9002","9001",,2,"[2]",519,"Terrace",10,"Mobile Transfer ticket",1,"[PREMIUM]","[PREMIUM]","[PREMIUM]","[PREMIUM]",true,false,"['Clear view']","2026-07-11 22:39:30"
"13331179490","2026-07-11 23:16:53.007","2026-07-11 23:16:53.007","13331179490","161421422","[PREMIUM]","[PREMIUM]","109A","28","9001_9002","9001",,2,"[2]",519,"Terrace",10,"Mobile Transfer ticket",1,"[PREMIUM]","[PREMIUM]","[PREMIUM]","[PREMIUM]",true,false,"['Clear view']","2026-07-11 22:39:24"
"13328602841","2026-07-11 23:16:52.945","2026-07-19 23:46:21.416","13328602841","161097009","[PREMIUM]","[PREMIUM]","307","2","_",,,6,"[1,2,3,4,6]",1713,"Middle Level",10,"Mobile Transfer ticket",1,"[PREMIUM]","[PREMIUM]","[PREMIUM]","[PREMIUM]",true,false,"['Second Row of Section','Clear view']","2026-07-11 16:37:24"
"13317910423","2026-07-11 23:16:52.917","2026-07-13 23:18:05.364","13317910423","161421422","[PREMIUM]","[PREMIUM]","Club E","4","9001_9002","9001",,2,"[2]",3418,"Terrace Club",10,"Mobile Transfer ticket",1,"[PREMIUM]","[PREMIUM]","[PREMIUM]","[PREMIUM]",true,false,"['Clear view']","2026-07-10 18:39:11"
"13322874356","2026-07-11 23:16:52.917","2026-07-11 23:16:52.917","13322874356","161421422","[PREMIUM]","[PREMIUM]","Club D","5","9001_9002","9001",,2,"[2]",3418,"Terrace Club",10,"Mobile Transfer ticket",1,"[PREMIUM]","[PREMIUM]","[PREMIUM]","[PREMIUM]",true,false,"['Clear view']","2026-07-11 03:55:59"
"13329004524","2026-07-11 23:16:52.917","2026-07-11 23:16:52.917","13329004524","161421422","[PREMIUM]","[PREMIUM]","106","13","9001_9002","9001",,2,"[2]",519,"Terrace",10,"Mobile Transfer ticket",1,"[PREMIUM]","[PREMIUM]","[PREMIUM]","[PREMIUM]",true,false,"['Clear view']","2026-07-11 17:25:24"
"13331179065","2026-07-11 23:16:52.917","2026-07-11 23:16:52.917","13331179065","161421422","[PREMIUM]","[PREMIUM]","114","15","9001_9002","9001",,2,"[2]",519,"Terrace",10,"Mobile Transfer ticket",1,"[PREMIUM]","[PREMIUM]","[PREMIUM]","[PREMIUM]",true,false,"['Clear view']","2026-07-11 22:39:22"
"13331177818","2026-07-11 23:16:52.917","2026-07-11 23:16:52.917","13331177818","161421422","[PREMIUM]","[PREMIUM]","Club C","7","9001_9002","9001",,2,"[2]",3418,"Terrace Club",10,"Mobile Transfer ticket",1,"[PREMIUM]","[PREMIUM]","[PREMIUM]","[PREMIUM]",true,false,"['Clear view']","2026-07-11 22:39:14"
"13331177805","2026-07-11 23:16:52.917","2026-07-11 23:16:52.917","13331177805","161421422","[PREMIUM]","[PREMIUM]","108","6","9001_9002","9001",,2,"[2]",519,"Terrace",10,"Mobile Transfer ticket",1,"[PREMIUM]","[PREMIUM]","[PREMIUM]","[PREMIUM]",true,false,"['Clear view']","2026-07-11 22:39:14"
"13327339754","2026-07-11 23:16:52.897","2026-07-11 23:16:52.897","13327339754","161421422","[PREMIUM]","[PREMIUM]","113","10","9001_9004","9001",,4,"[1,2,3,4]",519,"Terrace",10,"Mobile Transfer ticket",1,"[PREMIUM]","[PREMIUM]","[PREMIUM]","[PREMIUM]",true,false,"['Clear view']","2026-07-11 13:56:21"
"13329004525","2026-07-11 23:16:52.897","2026-07-11 23:16:52.897","13329004525","161421422","[PREMIUM]","[PREMIUM]","104","14","9001_9003","9001",,3,"[1,2,3]",519,"Terrace",10,"Mobile Transfer ticket",1,"[PREMIUM]","[PREMIUM]","[PREMIUM]","[PREMIUM]",true,false,"['Clear view']","2026-07-11 17:25:24"
"13331178871","2026-07-11 23:16:52.870","2026-07-11 23:16:52.870","13331178871","161421422","[PREMIUM]","[PREMIUM]","Club A","3","9001_9002","9001",,2,"[2]",3418,"Terrace Club",10,"Mobile Transfer ticket",1,"[PREMIUM]","[PREMIUM]","[PREMIUM]","[PREMIUM]",true,false,"['Third Row of Section','Clear view']","2026-07-11 22:39:21"
"13331179495","2026-07-11 23:16:52.868","2026-07-11 23:16:52.868","13331179495","161421422","[PREMIUM]","[PREMIUM]","209","13","9001_9003","9001",,3,"[1,2,3]",2062,"Promenade",10,"Mobile Transfer ticket",1,"[PREMIUM]","[PREMIUM]","[PREMIUM]","[PREMIUM]",true,false,"['Clear view']","2026-07-11 22:39:24"
"13331117727","2026-07-11 23:16:52.868","2026-07-11 23:16:52.868","13331117727","161421422","[PREMIUM]","[PREMIUM]","218","1","9001_9002","9001",,2,"[2]",2062,"Promenade",10,"Mobile Transfer ticket",1,"[PREMIUM]","[PREMIUM]","[PREMIUM]","[PREMIUM]",true,false,"['Front Row of Section','Clear view']","2026-07-11 22:33:12"
"13292878699","2026-07-11 23:16:52.856","2026-07-12 23:48:27.372","13292878699","161421422","[PREMIUM]","[PREMIUM]","216","1","_",,,3,"[1,3]",2062,"Promenade",10,"Mobile Transfer ticket",1,"[PREMIUM]","[PREMIUM]","[PREMIUM]","[PREMIUM]",true,false,"['Front Row of Section','Clear view']","2026-07-09 00:56:56"
"13308049242","2026-07-11 23:16:52.856","2026-07-13 23:18:05.216","13308049242","161421422","[PREMIUM]","[PREMIUM]","111A","28","9001_9002","9001",,2,"[2]",519,"Terrace",10,"Mobile Transfer ticket",1,"[PREMIUM]","[PREMIUM]","[PREMIUM]","[PREMIUM]",true,false,"['Clear view']","2026-07-09 22:33:26"
"13329004522","2026-07-11 23:16:52.856","2026-07-11 23:16:52.856","13329004522","161421422","[PREMIUM]","[PREMIUM]","102","24","9001_9002","9001",,2,"[2]",519,"Terrace",10,"Mobile Transfer ticket",1,"[PREMIUM]","[PREMIUM]","[PREMIUM]","[PREMIUM]",true,false,"['Clear view']","2026-07-11 17:25:24"
"13331179366","2026-07-11 23:16:52.856","2026-07-11 23:16:52.856","13331179366","161421422","[PREMIUM]","[PREMIUM]","101","24","9001_9002","9001",,2,"[2]",519,"Terrace",10,"Mobile Transfer ticket",1,"[PREMIUM]","[PREMIUM]","[PREMIUM]","[PREMIUM]",true,false,"['Clear view']","2026-07-11 22:39:23"
"13331177780","2026-07-11 23:16:52.856","2026-07-11 23:16:52.856","13331177780","161421422","[PREMIUM]","[PREMIUM]","102","20","9001_9002","9001",,2,"[2]",519,"Terrace",10,"Mobile Transfer ticket",1,"[PREMIUM]","[PREMIUM]","[PREMIUM]","[PREMIUM]",true,false,"['Clear view']","2026-07-11 22:39:14"
"13291957034","2026-07-11 23:16:52.815","2026-07-27 02:13:44.151","13291957034","161421422","[PREMIUM]","[PREMIUM]","102","15","16_16","16","16",1,"[1]",519,"Terrace",10,"Mobile Transfer ticket",1,"[PREMIUM]","[PREMIUM]","[PREMIUM]","[PREMIUM]",false,false,"['Clear view']","2026-07-08 23:45:14"
"13321258642","2026-07-11 23:16:52.815","2026-07-12 23:48:27.468","13321258642","161421422","[PREMIUM]","[PREMIUM]","Club E","6","_",,,6,"[1,2,3,4,5,6]",3418,"Terrace Club",10,"Mobile Transfer ticket",1,"[PREMIUM]","[PREMIUM]","[PREMIUM]","[PREMIUM]",true,false,"['Clear view']","2026-07-11 00:53:31"
"13287060425","2026-07-11 23:16:52.791","2026-07-11 23:16:52.791","13287060425","161421422","[PREMIUM]","[PREMIUM]","223","10","9001_9004","9001",,4,"[1,2,4]",2062,"Promenade",10,"Mobile Transfer ticket",1,"[PREMIUM]","[PREMIUM]","[PREMIUM]","[PREMIUM]",true,false,"['Clear view']","2026-07-08 16:32:00"
"13320756921","2026-07-11 23:16:52.791","2026-07-11 23:16:52.791","13320756921","161421422","[PREMIUM]","[PREMIUM]","203","2","9001_9008","9001",,8,"[1,2,3,4,5,6,7,8]",2062,"Promenade",10,"Mobile Transfer ticket",1,"[PREMIUM]","[PREMIUM]","[PREMIUM]","[PREMIUM]",true,false,"['Second Row of Section','Clear view']","2026-07-11 00:09:33"
"13323198333","2026-07-11 23:16:52.791","2026-07-13 23:18:05.098","13323198333","161421422","[PREMIUM]","[PREMIUM]","215","2","9001_9003","9001",,3,"[1,3]",2062,"Promenade",10,"Mobile Transfer ticket",1,"[PREMIUM]","[PREMIUM]","[PREMIUM]","[PREMIUM]",true,false,"['Second Row of Section','Clear view']","2026-07-11 04:34:30"
"13329004531","2026-07-11 23:16:52.739","2026-07-11 23:16:52.739","13329004531","161421422","[PREMIUM]","[PREMIUM]","206","3","9001_9002","9001",,2,"[2]",2062,"Promenade",10,"Mobile Transfer ticket",1,"[PREMIUM]","[PREMIUM]","[PREMIUM]","[PREMIUM]",true,false,"['Third Row of Section','Clear view']","2026-07-11 17:25:24"
"13329592389","2026-07-11 23:16:52.739","2026-07-12 23:48:27.532","13329592389","161421422","[PREMIUM]","[PREMIUM]","109A","30","_",,,2,"[2]",519,"Terrace",10,"Mobile Transfer ticket",1,"[PREMIUM]","[PREMIUM]","[PREMIUM]","[PREMIUM]",true,false,"['Clear view']","2026-07-11 18:41:31"
"13331426787","2026-07-11 23:16:52.739","2026-07-11 23:16:52.739","13331426787","161421422","[PREMIUM]","[PREMIUM]","222","2","9001_9003","9001",,3,"[1,2,3]",2062,"Promenade",10,"Mobile Transfer ticket",1,"[PREMIUM]","[PREMIUM]","[PREMIUM]","[PREMIUM]",true,false,"['Second Row of Section','Clear view']","2026-07-11 23:06:43"
"13322874253","2026-07-11 23:16:52.715","2026-07-11 23:16:52.715","13322874253","161421422","[PREMIUM]","[PREMIUM]","113","2","9001_9003","9001",,3,"[1,2,3]",519,"Terrace",10,"Mobile Transfer ticket",1,"[PREMIUM]","[PREMIUM]","[PREMIUM]","[PREMIUM]",true,false,"['Second Row of Section','Clear view']","2026-07-11 03:55:57"
"13323578768","2026-07-11 23:16:52.715","2026-07-11 23:16:52.715","13323578768","161421422","[PREMIUM]","[PREMIUM]","107","3","9001_9002","9001",,2,"[2]",519,"Terrace",10,"Mobile Transfer ticket",1,"[PREMIUM]","[PREMIUM]","[PREMIUM]","[PREMIUM]",true,false,"['Third Row of Section','Clear view']","2026-07-11 05:14:07"
"13331178980","2026-07-11 23:16:52.715","2026-07-12 23:48:27.456","13331178980","161421422","[PREMIUM]","[PREMIUM]","106","12","9001_9002","9001",,2,"[2]",519,"Terrace",10,"Mobile Transfer ticket",1,"[PREMIUM]","[PREMIUM]","[PREMIUM]","[PREMIUM]",true,false,"['Clear view']","2026-07-11 22:39:22"
"13331067324","2026-07-11 23:16:52.454","2026-07-13 23:18:03.402","13331067324","161097009","[PREMIUM]","[PREMIUM]","402","10","9001_9002","9001",,2,"[2]",954,"Upper Level",10,"Mobile Transfer ticket",1,"[PREMIUM]","[PREMIUM]","[PREMIUM]","[PREMIUM]",true,false,"['Clear view']","2026-07-11 22:26:02"
"13316474016","2026-07-11 23:16:52.377","2026-07-13 23:18:03.402","13316474016","161097009","[PREMIUM]","[PREMIUM]","410","8","9001_9002","9001",,2,"[2]",954,"Upper Level",10,"Mobile Transfer ticket",1,"[PREMIUM]","[PREMIUM]","[PREMIUM]","[PREMIUM]",true,false,"['Clear view']","2026-07-10 16:30:00"
"13322108456","2026-07-11 23:16:52.377","2026-07-13 23:18:03.402","13322108456","161097009","[PREMIUM]","[PREMIUM]","411","7","9001_9001","9001",,1,"[1]",954,"Upper Level",10,"Mobile Transfer ticket",1,"[PREMIUM]","[PREMIUM]","[PREMIUM]","[PREMIUM]",false,false,"['Clear view']","2026-07-11 02:25:46"
"13331067377","2026-07-11 23:16:52.377","2026-07-11 23:16:52.377","13331067377","161097009","[PREMIUM]","[PREMIUM]","403","12","9001_9009","9001",,9,"[1,2,3,4,5,6,7,9]",954,"Upper Level",10,"Mobile Transfer ticket",1,"[PREMIUM]","[PREMIUM]","[PREMIUM]","[PREMIUM]",true,false,"['Clear view']","2026-07-11 22:26:02"
"13331067378","2026-07-11 23:16:52.377","2026-07-11 23:16:52.377","13331067378","161097009","[PREMIUM]","[PREMIUM]","403","4","9001_9007","9001",,7,"[1,2,3,4,5,7]",954,"Upper Level",10,"Mobile Transfer ticket",1,"[PREMIUM]","[PREMIUM]","[PREMIUM]","[PREMIUM]",true,false,"['Clear view']","2026-07-11 22:26:02"
"13331402840","2026-07-11 23:16:52.377","2026-07-11 23:16:52.377","13331402840","161097009","[PREMIUM]","[PREMIUM]","403","5","9001_9008","9001",,8,"[1,2,3,4,5,6,8]",954,"Upper Level",10,"Mobile Transfer ticket",1,"[PREMIUM]","[PREMIUM]","[PREMIUM]","[PREMIUM]",true,false,"['Clear view']","2026-07-11 23:05:11"
"13331067352","2026-07-11 23:16:52.311","2026-07-11 23:16:52.311","13331067352","161097009","[PREMIUM]","[PREMIUM]","403","1","9001_9010","9001",,10,"[1,2,3,4,5,6,7,8,10]",954,"Upper Level",10,"Mobile Transfer ticket",1,"[PREMIUM]","[PREMIUM]","[PREMIUM]","[PREMIUM]",true,false,"['Front Row of Section','Clear view']","2026-07-11 22:26:02"
"13331067381","2026-07-11 23:16:52.311","2026-07-11 23:16:52.311","13331067381","161097009","[PREMIUM]","[PREMIUM]","403","2","9001_9008","9001",,8,"[1,2,3,4,5,6,8]",954,"Upper Level",10,"Mobile Transfer ticket",1,"[PREMIUM]","[PREMIUM]","[PREMIUM]","[PREMIUM]",true,false,"['Second Row of Section','Clear view']","2026-07-11 22:26:02"
"13328602777","2026-07-11 23:16:51.890","2026-07-19 23:46:21.077","13328602777","161097018","[PREMIUM]","[PREMIUM]","307","2","_",,,6,"[1,2,3,4,6]",1713,"Middle Level",10,"Mobile Transfer ticket",1,"[PREMIUM]","[PREMIUM]","[PREMIUM]","[PREMIUM]",true,false,"['Second Row of Section','Clear view']","2026-07-11 16:37:24"
"13328984724","2026-07-11 23:16:51.396","2026-07-11 23:16:51.396","13328984724","161097018","[PREMIUM]","[PREMIUM]","414","12","_",,,5,"[1,2,3,4,5]",954,"Upper Level",10,"Mobile Transfer ticket",1,"[PREMIUM]","[PREMIUM]","[PREMIUM]","[PREMIUM]",true,false,"['Clear view']","2026-07-11 17:23:03"
"13328984725","2026-07-11 23:16:51.396","2026-07-11 23:16:51.396","13328984725","161097018","[PREMIUM]","[PREMIUM]","415","11","_",,,8,"[1,2,3,4,5,6,7,8]",954,"Upper Level",10,"Mobile Transfer ticket",1,"[PREMIUM]","[PREMIUM]","[PREMIUM]","[PREMIUM]",true,false,"['Clear view']","2026-07-11 17:23:03"
"13330304661","2026-07-11 23:16:51.396","2026-07-11 23:16:51.396","13330304661","161097018","[PREMIUM]","[PREMIUM]","415","10","_",,,6,"[1,2,3,4,5,6]",954,"Upper Level",10,"Mobile Transfer ticket",1,"[PREMIUM]","[PREMIUM]","[PREMIUM]","[PREMIUM]",true,false,"['Clear view']","2026-07-11 20:15:03"
"13329761283","2026-07-11 23:16:50.536","2026-07-12 23:48:23.541","13329761283","161421420","[PREMIUM]","[PREMIUM]","104","9","_",,,2,"[2]",519,"Terrace",10,"Mobile Transfer ticket",1,"[PREMIUM]","[PREMIUM]","[PREMIUM]","[PREMIUM]",true,false,"['Clear view']","2026-07-11 19:04:30"
"13319273601","2026-07-11 23:16:50.252","2026-07-11 23:16:50.252","13319273601","161421420","[PREMIUM]","[PREMIUM]","208","10","_",,,6,"[1,2,3,4,5,6]",2062,"Promenade",10,"Mobile Transfer ticket",1,"[PREMIUM]","[PREMIUM]","[PREMIUM]","[PREMIUM]",true,false,"['Clear view']","2026-07-10 21:17:03"
"13329761307","2026-07-11 23:16:50.252","2026-07-11 23:16:50.252","13329761307","161421420","[PREMIUM]","[PREMIUM]","210","8","_",,,2,"[2]",2062,"Promenade",10,"Mobile Transfer ticket",1,"[PREMIUM]","[PREMIUM]","[PREMIUM]","[PREMIUM]",true,false,"['Clear view']","2026-07-11 19:04:30"
"13292348498","2026-07-11 23:16:50.163","2026-07-13 23:18:01.581","13292348498","161474786","[PREMIUM]","[PREMIUM]","120","BB","9001_9001","9001",,1,"[1]",594,"Lower",10,"Mobile Transfer ticket",1,"[PREMIUM]","[PREMIUM]","[PREMIUM]","[PREMIUM]",false,false,"['Second Row of Section','Clear view']","2026-07-09 00:22:01"
"13321384578","2026-07-11 23:16:50.163","2026-07-11 23:16:50.163","13321384578","161474786","[PREMIUM]","[PREMIUM]","107","CC","9001_9004","9001",,4,"[1,2,3,4]",594,"Lower",11,"Mobile ticket",1,"[PREMIUM]","[PREMIUM]","[PREMIUM]","[PREMIUM]",true,false,"['Third Row of Section','Clear view']","2026-07-11 01:08:31"
"13321367349","2026-07-11 23:16:50.163","2026-07-11 23:16:50.163","13321367349","161474786","[PREMIUM]","[PREMIUM]","110","BB","9001_9002","9001",,2,"[2]",594,"Lower",11,"Mobile ticket",1,"[PREMIUM]","[PREMIUM]","[PREMIUM]","[PREMIUM]",true,false,"['Second Row of Section','Clear view']","2026-07-11 01:06:53"
"13321384669","2026-07-11 23:16:50.163","2026-07-11 23:16:50.163","13321384669","161474786","[PREMIUM]","[PREMIUM]","107","DD","9001_9002","9001",,2,"[2]",594,"Lower",11,"Mobile ticket",1,"[PREMIUM]","[PREMIUM]","[PREMIUM]","[PREMIUM]",true,false,"['Clear view']","2026-07-11 01:08:32"
"13321366529","2026-07-11 23:16:50.103","2026-07-11 23:16:50.103","13321366529","161474786","[PREMIUM]","[PREMIUM]","119","JJ","9001_9002","9001",,2,"[2]",594,"Lower",11,"Mobile ticket",1,"[PREMIUM]","[PREMIUM]","[PREMIUM]","[PREMIUM]",true,false,"['Clear view']","2026-07-11 01:06:51"
"13321366752","2026-07-11 23:16:50.103","2026-07-11 23:16:50.103","13321366752","161474786","[PREMIUM]","[PREMIUM]","118","AA","9001_9001","9001",,1,"[1]",594,"Lower",11,"Mobile ticket",1,"[PREMIUM]","[PREMIUM]","[PREMIUM]","[PREMIUM]",false,false,"['Front Row of Section','Clear view']","2026-07-11 01:06:51"
"13321365015","2026-07-11 23:16:50.084","2026-07-11 23:16:50.084","13321365015","161474786","[PREMIUM]","[PREMIUM]","106","EE","9001_9002","9001",,2,"[2]",594,"Lower",11,"Mobile ticket",1,"[PREMIUM]","[PREMIUM]","[PREMIUM]","[PREMIUM]",true,false,"['Clear view']","2026-07-11 01:06:47"
"13321365103","2026-07-11 23:16:50.084","2026-07-11 23:16:50.084","13321365103","161474786","[PREMIUM]","[PREMIUM]","106","FF","9001_9003","9001",,3,"[1,2,3]",594,"Lower",11,"Mobile ticket",1,"[PREMIUM]","[PREMIUM]","[PREMIUM]","[PREMIUM]",true,false,"['Clear view']","2026-07-11 01:06:48"
"13321384628","2026-07-11 23:16:50.084","2026-07-11 23:16:50.084","13321384628","161474786","[PREMIUM]","[PREMIUM]","109","LL","9001_9004","9001",,4,"[1,2,3,4]",594,"Lower",11,"Mobile ticket",1,"[PREMIUM]","[PREMIUM]","[PREMIUM]","[PREMIUM]",true,false,"['Clear view']","2026-07-11 01:08:31"
"13321365165","2026-07-11 23:16:50.084","2026-07-11 23:16:50.084","13321365165","161474786","[PREMIUM]","[PREMIUM]","107","MM","9001_9006","9001",,6,"[1,2,3,4,5,6]",594,"Lower",11,"Mobile ticket",1,"[PREMIUM]","[PREMIUM]","[PREMIUM]","[PREMIUM]",true,false,"['Clear view']","2026-07-11 01:06:48"
"13321365202","2026-07-11 23:16:50.084","2026-07-11 23:16:50.084","13321365202","161474786","[PREMIUM]","[PREMIUM]","107","LL","9001_9005","9001",,5,"[1,2,3,4,5]",594,"Lower",11,"Mobile ticket",1,"[PREMIUM]","[PREMIUM]","[PREMIUM]","[PREMIUM]",true,false,"['Clear view']","2026-07-11 01:06:48"
"13321365533","2026-07-11 23:16:50.084","2026-07-11 23:16:50.084","13321365533","161474786","[PREMIUM]","[PREMIUM]","107","HH","9001_9004","9001",,4,"[1,2,3,4]",594,"Lower",11,"Mobile ticket",1,"[PREMIUM]","[PREMIUM]","[PREMIUM]","[PREMIUM]",true,false,"['Clear view']","2026-07-11 01:06:48"
"13290303874","2026-07-11 23:16:50.078","2026-07-13 23:18:00.966","13290303874","161421420","[PREMIUM]","[PREMIUM]","110","14","9001_9001","9001",,1,"[1]",519,"Terrace",10,"Mobile Transfer ticket",1,"[PREMIUM]","[PREMIUM]","[PREMIUM]","[PREMIUM]",false,false,"['Clear view']","2026-07-08 21:33:17"
"13293898103","2026-07-11 23:16:50.078","2026-07-13 23:18:00.966","13293898103","161421420","[PREMIUM]","[PREMIUM]","110","20","9001_9002","9001",,2,"[2]",519,"Terrace",10,"Mobile Transfer ticket",1,"[PREMIUM]","[PREMIUM]","[PREMIUM]","[PREMIUM]",true,false,"['Clear view']","2026-07-09 01:54:36"
"13320578213","2026-07-11 23:16:50.078","2026-07-13 23:18:00.966","13320578213","161421420","[PREMIUM]","[PREMIUM]","Club A","5","_",,,3,"[1,2,3]",3418,"Terrace Club",10,"Mobile Transfer ticket",1,"[PREMIUM]","[PREMIUM]","[PREMIUM]","[PREMIUM]",true,false,"['Clear view']","2026-07-10 23:55:17"
"13308434774","2026-07-11 23:16:50.064","2026-07-13 23:18:00.836","13308434774","161421420","[PREMIUM]","[PREMIUM]","110","21","_",,,3,"[3]",519,"Terrace",10,"Mobile Transfer ticket",1,"[PREMIUM]","[PREMIUM]","[PREMIUM]","[PREMIUM]",true,false,"['Clear view']","2026-07-09 23:06:59"
"13309563595","2026-07-11 23:16:49.952","2026-07-19 23:46:18.644","13309563595","161421420","[PREMIUM]","[PREMIUM]","110","22","_",,,2,"[2]",519,"Terrace",10,"Mobile Transfer ticket",1,"[PREMIUM]","[PREMIUM]","[PREMIUM]","[PREMIUM]",true,false,"['Clear view']","2026-07-10 00:59:31"
"13320912610","2026-07-11 23:16:49.952","2026-07-13 23:18:00.697","13320912610","161421420","[PREMIUM]","[PREMIUM]","208","4","9001_9002","9001",,2,"[2]",2062,"Promenade",10,"Mobile Transfer ticket",1,"[PREMIUM]","[PREMIUM]","[PREMIUM]","[PREMIUM]",true,false,"['Clear view']","2026-07-11 00:21:31"
"13320578007","2026-07-11 23:16:49.817","2026-07-21 02:36:49.447","13320578007","161421420","[PREMIUM]","[PREMIUM]","109A","26","_",,,4,"[1,2,3,4]",519,"Terrace",10,"Mobile Transfer ticket",1,"[PREMIUM]","[PREMIUM]","[PREMIUM]","[PREMIUM]",true,false,"['Clear view']","2026-07-10 23:55:17"
"13321366551","2026-07-11 23:16:49.769","2026-07-11 23:16:49.769","13321366551","161474786","[PREMIUM]","[PREMIUM]","117","CC","9001_9004","9001",,4,"[1,2,3,4]",594,"Lower",11,"Mobile ticket",1,"[PREMIUM]","[PREMIUM]","[PREMIUM]","[PREMIUM]",true,false,"['Third Row of Section','Clear view']","2026-07-11 01:06:51"
"13321366699","2026-07-11 23:16:49.769","2026-07-11 23:16:49.769","13321366699","161474786","[PREMIUM]","[PREMIUM]","117","BB","9001_9002","9001",,2,"[2]",594,"Lower",11,"Mobile ticket",1,"[PREMIUM]","[PREMIUM]","[PREMIUM]","[PREMIUM]",true,false,"['Second Row of Section','Clear view']","2026-07-11 01:06:51"
"13328421191","2026-07-11 23:16:49.769","2026-07-31 06:41:31.295","13328421191","161474786","[PREMIUM]","[PREMIUM]","T24","EE","9001_9002","9001","9002",2,"[2]",1725,"Terrace Suites",10,"Mobile Transfer ticket",13,"[PREMIUM]","[PREMIUM]","[PREMIUM]","[PREMIUM]",true,false,"['Clear view']","2026-07-11 16:09:18"
"13331065932","2026-07-11 23:16:49.769","2026-08-04 02:02:50.268","13331065932","161474786","[PREMIUM]","[PREMIUM]","T21","EE","9001_9002","9001","9002",2,"[2]",1725,"Terrace Suites",10,"Mobile Transfer ticket",13,"[PREMIUM]","[PREMIUM]","[PREMIUM]","[PREMIUM]",true,false,"['Clear view']","2026-07-11 22:25:53"
"13321366739","2026-07-11 23:16:49.706","2026-07-11 23:16:49.706","13321366739","161474786","[PREMIUM]","[PREMIUM]","118","FF","9001_9006","9001",,6,"[1,2,3,4,5,6]",594,"Lower",11,"Mobile ticket",1,"[PREMIUM]","[PREMIUM]","[PREMIUM]","[PREMIUM]",true,false,"['Clear view']","2026-07-11 01:06:51"
"13321774851","2026-07-11 23:16:49.706","2026-07-11 23:16:49.706","13321774851","161474786","[PREMIUM]","[PREMIUM]","106","AA","9001_9002","9001",,2,"[2]",594,"Lower",11,"Mobile ticket",1,"[PREMIUM]","[PREMIUM]","[PREMIUM]","[PREMIUM]",true,false,"['Front Row of Section','Clear view']","2026-07-11 01:48:50"
"13321367333","2026-07-11 23:16:49.706","2026-07-11 23:16:49.706","13321367333","161474786","[PREMIUM]","[PREMIUM]","106","DD","9001_9004","9001",,4,"[1,2,3,4]",594,"Lower",11,"Mobile ticket",1,"[PREMIUM]","[PREMIUM]","[PREMIUM]","[PREMIUM]",true,false,"['Clear view']","2026-07-11 01:06:53"
"13321385746","2026-07-11 23:16:49.706","2026-07-11 23:16:49.706","13321385746","161474786","[PREMIUM]","[PREMIUM]","T18","EE","9001_9003","9001",,3,"[1,2,3]",1725,"Terrace Suites",11,"Mobile ticket",1,"[PREMIUM]","[PREMIUM]","[PREMIUM]","[PREMIUM]",true,false,"['Clear view']","2026-07-11 01:08:36"
"13321368722","2026-07-11 23:16:49.706","2026-07-11 23:16:49.706","13321368722","161474786","[PREMIUM]","[PREMIUM]","T24","AA","9001_9001","9001",,1,"[1]",1725,"Terrace Suites",11,"Mobile ticket",1,"[PREMIUM]","[PREMIUM]","[PREMIUM]","[PREMIUM]",false,false,"['Front Row of Section','Clear view']","2026-07-11 01:06:56"
"13321387728","2026-07-11 23:16:49.706","2026-07-11 23:16:49.706","13321387728","161474786","[PREMIUM]","[PREMIUM]","120","DD","9001_9002","9001",,2,"[2]",594,"Lower",11,"Mobile ticket",1,"[PREMIUM]","[PREMIUM]","[PREMIUM]","[PREMIUM]",true,false,"['Clear view']","2026-07-11 01:08:42"
"13321368885","2026-07-11 23:16:49.675","2026-07-11 23:16:49.675","13321368885","161474786","[PREMIUM]","[PREMIUM]","107","P","9001_9004","9001",,4,"[1,2,3,4]",594,"Lower",11,"Mobile ticket",1,"[PREMIUM]","[PREMIUM]","[PREMIUM]","[PREMIUM]",true,false,"['Clear view']","2026-07-11 01:06:56"
"13321368071","2026-07-11 23:16:49.675","2026-07-11 23:16:49.675","13321368071","161474786","[PREMIUM]","[PREMIUM]","115L","D","9001_9006","9001",,6,"[1,2,3,4,5,6]",1427,"Risers",11,"Mobile ticket",1,"[PREMIUM]","[PREMIUM]","[PREMIUM]","[PREMIUM]",true,false,"['Clear view']","2026-07-11 01:06:55"
"13329291157","2026-07-11 23:16:49.675","2026-07-19 23:46:18.404","13329291157","161474786","[PREMIUM]","[PREMIUM]","120","R","_",,,2,"[2]",594,"Lower",10,"Mobile Transfer ticket",1,"[PREMIUM]","[PREMIUM]","[PREMIUM]","[PREMIUM]",true,false,"['Clear view']","2026-07-11 18:00:37"
"13267234104","2026-07-11 23:16:49.665","2026-07-13 23:18:01.354","13267234104","161474786","[PREMIUM]","[PREMIUM]","102L","A","_",,,2,"[2]",1427,"Risers",10,"Mobile Transfer ticket",1,"[PREMIUM]","[PREMIUM]","[PREMIUM]","[PREMIUM]",true,false,"['Front Row of Section','Clear view']","2026-07-06 23:12:25"
"13321366532","2026-07-11 23:16:49.665","2026-07-11 23:16:49.665","13321366532","161474786","[PREMIUM]","[PREMIUM]","120","GG","9001_9006","9001",,6,"[1,2,3,4,5,6]",594,"Lower",11,"Mobile ticket",1,"[PREMIUM]","[PREMIUM]","[PREMIUM]","[PREMIUM]",true,false,"['Clear view']","2026-07-11 01:06:51"
"13321385762","2026-07-11 23:16:49.644","2026-07-11 23:16:49.644","13321385762","161474786","[PREMIUM]","[PREMIUM]","118","JJ","9001_9004","9001",,4,"[1,2,3,4]",594,"Lower",11,"Mobile ticket",1,"[PREMIUM]","[PREMIUM]","[PREMIUM]","[PREMIUM]",true,false,"['Clear view']","2026-07-11 01:08:36"
"13321385737","2026-07-11 23:16:49.644","2026-07-11 23:16:49.644","13321385737","161474786","[PREMIUM]","[PREMIUM]","120","JJ","9001_9002","9001",,2,"[2]",594,"Lower",11,"Mobile ticket",1,"[PREMIUM]","[PREMIUM]","[PREMIUM]","[PREMIUM]",true,false,"['Clear view']","2026-07-11 01:08:36"
"13321385722","2026-07-11 23:16:49.644","2026-07-11 23:16:49.644","13321385722","161474786","[PREMIUM]","[PREMIUM]","118","LL","9001_9002","9001",,2,"[2]",594,"Lower",11,"Mobile ticket",1,"[PREMIUM]","[PREMIUM]","[PREMIUM]","[PREMIUM]",true,false,"['Clear view']","2026-07-11 01:08:36"
"13321366559","2026-07-11 23:16:49.644","2026-07-11 23:16:49.644","13321366559","161474786","[PREMIUM]","[PREMIUM]","118","GG","9001_9001","9001",,1,"[1]",594,"Lower",11,"Mobile ticket",1,"[PREMIUM]","[PREMIUM]","[PREMIUM]","[PREMIUM]",false,false,"['Clear view']","2026-07-11 01:06:51"
"13321368679","2026-07-11 23:16:49.644","2026-07-11 23:16:49.644","13321368679","161474786","[PREMIUM]","[PREMIUM]","118","NN","9001_9005","9001",,5,"[1,2,3,4,5]",594,"Lower",11,"Mobile ticket",1,"[PREMIUM]","[PREMIUM]","[PREMIUM]","[PREMIUM]",true,false,"['Clear view']","2026-07-11 01:06:56"
"13321368671","2026-07-11 23:16:49.644","2026-07-11 23:16:49.644","13321368671","161474786","[PREMIUM]","[PREMIUM]","120","HH","9001_9002","9001",,2,"[2]",594,"Lower",11,"Mobile ticket",1,"[PREMIUM]","[PREMIUM]","[PREMIUM]","[PREMIUM]",true,false,"['Clear view']","2026-07-11 01:06:56"
"13292682662","2026-07-11 23:16:49.610","2026-07-13 23:18:01.116","13292682662","161474786","[PREMIUM]","[PREMIUM]","118","Q","9001_9002","9001",,2,"[2]",594,"Lower",10,"Mobile Transfer ticket",1,"[PREMIUM]","[PREMIUM]","[PREMIUM]","[PREMIUM]",true,false,"['Clear view']","2026-07-09 00:45:24"
"13292571450","2026-07-11 23:16:49.610","2026-07-13 23:18:01.116","13292571450","161474786","[PREMIUM]","[PREMIUM]","118","S","9001_9002","9001",,2,"[2]",594,"Lower",10,"Mobile Transfer ticket",1,"[PREMIUM]","[PREMIUM]","[PREMIUM]","[PREMIUM]",true,false,"['Clear view']","2026-07-09 00:38:10"
"13321366678","2026-07-11 23:16:49.610","2026-07-11 23:16:49.610","13321366678","161474786","[PREMIUM]","[PREMIUM]","109","Q","9001_9002","9001",,2,"[2]",594,"Lower",11,"Mobile ticket",1,"[PREMIUM]","[PREMIUM]","[PREMIUM]","[PREMIUM]",true,false,"['Clear view']","2026-07-11 01:06:51"
"13321774998","2026-07-11 23:16:49.556","2026-07-11 23:16:49.556","13321774998","161474786","[PREMIUM]","[PREMIUM]","111","D","9001_9004","9001",,4,"[1,2,3,4]",594,"Lower",11,"Mobile ticket",1,"[PREMIUM]","[PREMIUM]","[PREMIUM]","[PREMIUM]",true,false,"['Third Row of Section','Clear view']","2026-07-11 01:48:50"
"13321387740","2026-07-11 23:16:49.556","2026-07-11 23:16:49.556","13321387740","161474786","[PREMIUM]","[PREMIUM]","106","G","9001_9002","9001",,2,"[2]",594,"Lower",11,"Mobile ticket",1,"[PREMIUM]","[PREMIUM]","[PREMIUM]","[PREMIUM]",true,false,"['Clear view']","2026-07-11 01:08:42"
"13321365365","2026-07-11 23:16:49.556","2026-07-11 23:16:49.556","13321365365","161474786","[PREMIUM]","[PREMIUM]","122","D","9001_9002","9001",,2,"[2]",594,"Lower",11,"Mobile ticket",1,"[PREMIUM]","[PREMIUM]","[PREMIUM]","[PREMIUM]",true,false,"['Third Row of Section','Clear view']","2026-07-11 01:06:48"
"13321384742","2026-07-11 23:16:49.556","2026-07-11 23:16:49.556","13321384742","161474786","[PREMIUM]","[PREMIUM]","112L","E","9001_9002","9001",,2,"[2]",1427,"Risers",11,"Mobile ticket",1,"[PREMIUM]","[PREMIUM]","[PREMIUM]","[PREMIUM]",true,false,"['Clear view']","2026-07-11 01:08:32"
"13321368152","2026-07-11 23:16:49.556","2026-07-11 23:16:49.556","13321368152","161474786","[PREMIUM]","[PREMIUM]","105","D","9001_9004","9001",,4,"[1,2,3,4]",594,"Lower",11,"Mobile ticket",1,"[PREMIUM]","[PREMIUM]","[PREMIUM]","[PREMIUM]",true,false,"['Third Row of Section','Clear view']","2026-07-11 01:06:55"
"13321369204","2026-07-11 23:16:49.556","2026-07-11 23:16:49.556","13321369204","161474786","[PREMIUM]","[PREMIUM]","101L","C","9001_9001","9001",,1,"[1]",1427,"Risers",11,"Mobile ticket",1,"[PREMIUM]","[PREMIUM]","[PREMIUM]","[PREMIUM]",false,false,"['Third Row of Section','Clear view']","2026-07-11 01:06:57"
"13321368853","2026-07-11 23:16:49.539","2026-07-11 23:16:49.539","13321368853","161474786","[PREMIUM]","[PREMIUM]","121","U","9001_9006","9001",,6,"[1,2,3,4,5,6]",594,"Lower",11,"Mobile ticket",1,"[PREMIUM]","[PREMIUM]","[PREMIUM]","[PREMIUM]",true,false,"['Clear view']","2026-07-11 01:06:56"
"13321367125","2026-07-11 23:16:49.539","2026-07-11 23:16:49.539","13321367125","161474786","[PREMIUM]","[PREMIUM]","102L","B","9001_9002","9001",,2,"[2]",1427,"Risers",11,"Mobile ticket",1,"[PREMIUM]","[PREMIUM]","[PREMIUM]","[PREMIUM]",true,false,"['Second Row of Section','Clear view']","2026-07-11 01:06:53"
"13321368924","2026-07-11 23:16:49.539","2026-07-11 23:16:49.539","13321368924","161474786","[PREMIUM]","[PREMIUM]","112","E","9001_9004","9001",,4,"[1,2,3,4]",594,"Lower",11,"Mobile ticket",1,"[PREMIUM]","[PREMIUM]","[PREMIUM]","[PREMIUM]",true,false,"['Clear view']","2026-07-11 01:06:56"
"13321775017","2026-07-11 23:16:49.532","2026-07-11 23:16:49.532","13321775017","161474786","[PREMIUM]","[PREMIUM]","103L","A","9001_9003","9001",,3,"[1,2,3]",1427,"Risers",11,"Mobile ticket",1,"[PREMIUM]","[PREMIUM]","[PREMIUM]","[PREMIUM]",true,false,"['Front Row of Section','Clear view']","2026-07-11 01:48:50"
"13321368082","2026-07-11 23:16:49.532","2026-07-11 23:16:49.532","13321368082","161474786","[PREMIUM]","[PREMIUM]","114L","B","9001_9003","9001",,3,"[1,2,3]",1427,"Risers",11,"Mobile ticket",1,"[PREMIUM]","[PREMIUM]","[PREMIUM]","[PREMIUM]",true,false,"['Second Row of Section','Clear view']","2026-07-11 01:06:55"
"13321385466","2026-07-11 23:16:49.532","2026-07-11 23:16:49.532","13321385466","161474786","[PREMIUM]","[PREMIUM]","112L","G","9001_9002","9001",,2,"[2]",1427,"Risers",11,"Mobile ticket",1,"[PREMIUM]","[PREMIUM]","[PREMIUM]","[PREMIUM]",true,false,"['Clear view']","2026-07-11 01:08:35"
"13321365370","2026-07-11 23:16:49.532","2026-07-11 23:16:49.532","13321365370","161474786","[PREMIUM]","[PREMIUM]","115L","F","9001_9001","9001",,1,"[1]",1427,"Risers",11,"Mobile ticket",1,"[PREMIUM]","[PREMIUM]","[PREMIUM]","[PREMIUM]",false,false,"['Clear view']","2026-07-11 01:06:48"
"13321364893","2026-07-11 23:16:49.532","2026-07-11 23:16:49.532","13321364893","161474786","[PREMIUM]","[PREMIUM]","113L","B","9001_9001","9001",,1,"[1]",1427,"Risers",11,"Mobile ticket",1,"[PREMIUM]","[PREMIUM]","[PREMIUM]","[PREMIUM]",false,false,"['Second Row of Section','Clear view']","2026-07-11 01:06:47"
"13321387770","2026-07-11 23:16:49.532","2026-07-11 23:16:49.532","13321387770","161474786","[PREMIUM]","[PREMIUM]","102L","C","9001_9001","9001",,1,"[1]",1427,"Risers",11,"Mobile ticket",1,"[PREMIUM]","[PREMIUM]","[PREMIUM]","[PREMIUM]",false,false,"['Third Row of Section','Clear view']","2026-07-11 01:08:42"
"13322549018","2026-07-11 23:16:49.532","2026-07-11 23:16:49.532","13322549018","161474786","[PREMIUM]","[PREMIUM]","104L","F","9001_9002","9001",,2,"[2]",1427,"Risers",10,"Mobile Transfer ticket",1,"[PREMIUM]","[PREMIUM]","[PREMIUM]","[PREMIUM]",true,false,"['Clear view']","2026-07-11 03:13:25"
"13321368964","2026-07-11 23:16:49.524","2026-07-11 23:16:49.524","13321368964","161474786","[PREMIUM]","[PREMIUM]","110","T","9001_9002","9001",,2,"[2]",594,"Lower",11,"Mobile ticket",1,"[PREMIUM]","[PREMIUM]","[PREMIUM]","[PREMIUM]",true,false,"['Clear view']","2026-07-11 01:06:56"
"13321365155","2026-07-11 23:16:49.524","2026-07-11 23:16:49.524","13321365155","161474786","[PREMIUM]","[PREMIUM]","122","L","9001_9003","9001",,3,"[1,2,3]",594,"Lower",11,"Mobile ticket",1,"[PREMIUM]","[PREMIUM]","[PREMIUM]","[PREMIUM]",true,false,"['Clear view']","2026-07-11 01:06:48"
"13321367494","2026-07-11 23:16:49.524","2026-07-11 23:16:49.524","13321367494","161474786","[PREMIUM]","[PREMIUM]","104","A","9001_9002","9001",,2,"[2]",594,"Lower",11,"Mobile ticket",1,"[PREMIUM]","[PREMIUM]","[PREMIUM]","[PREMIUM]",true,false,"['Front Row of Section','Clear view']","2026-07-11 01:06:53"
"13321366676","2026-07-11 23:16:49.524","2026-07-11 23:16:49.524","13321366676","161474786","[PREMIUM]","[PREMIUM]","121","T","9001_9005","9001",,5,"[1,2,3,4,5]",594,"Lower",11,"Mobile ticket",1,"[PREMIUM]","[PREMIUM]","[PREMIUM]","[PREMIUM]",true,false,"['Clear view']","2026-07-11 01:06:51"
"13321775009","2026-07-11 23:16:49.524","2026-07-11 23:16:49.524","13321775009","161474786","[PREMIUM]","[PREMIUM]","102L","K","9001_9002","9001",,2,"[2]",1427,"Risers",11,"Mobile ticket",1,"[PREMIUM]","[PREMIUM]","[PREMIUM]","[PREMIUM]",true,false,"['Clear view']","2026-07-11 01:48:50"
"13321387756","2026-07-11 23:16:49.524","2026-07-11 23:16:49.524","13321387756","161474786","[PREMIUM]","[PREMIUM]","110","W","9001_9004","9001",,4,"[1,2,3,4]",594,"Lower",11,"Mobile ticket",1,"[PREMIUM]","[PREMIUM]","[PREMIUM]","[PREMIUM]",true,false,"['Clear view']","2026-07-11 01:08:42"
"13292348467","2026-07-11 23:16:49.430","2026-07-13 23:18:00.518","13292348467","161474786","[PREMIUM]","[PREMIUM]","114","A","9001_9002","9001",,2,"[2]",594,"Lower",10,"Mobile Transfer ticket",1,"[PREMIUM]","[PREMIUM]","[PREMIUM]","[PREMIUM]",true,false,"['Front Row of Section','Clear view']","2026-07-09 00:22:01"
"13321366761","2026-07-11 23:16:49.430","2026-07-11 23:16:49.430","13321366761","161474786","[PREMIUM]","[PREMIUM]","106","U","9001_9004","9001",,4,"[1,2,3,4]",594,"Lower",11,"Mobile ticket",1,"[PREMIUM]","[PREMIUM]","[PREMIUM]","[PREMIUM]",true,false,"['Clear view']","2026-07-11 01:06:51"
"13321368848","2026-07-11 23:16:49.430","2026-07-11 23:16:49.430","13321368848","161474786","[PREMIUM]","[PREMIUM]","121","P","9001_9002","9001",,2,"[2]",594,"Lower",11,"Mobile ticket",1,"[PREMIUM]","[PREMIUM]","[PREMIUM]","[PREMIUM]",true,false,"['Clear view']","2026-07-11 01:06:56"
"13321385789","2026-07-11 23:16:49.430","2026-07-11 23:16:49.430","13321385789","161474786","[PREMIUM]","[PREMIUM]","110","R","9001_9001","9001",,1,"[1]",594,"Lower",11,"Mobile ticket",1,"[PREMIUM]","[PREMIUM]","[PREMIUM]","[PREMIUM]",false,false,"['Clear view']","2026-07-11 01:08:37"
"13321385557","2026-07-11 23:16:49.430","2026-07-11 23:16:49.430","13321385557","161474786","[PREMIUM]","[PREMIUM]","101","A","9001_9002","9001",,2,"[2]",594,"Lower",11,"Mobile ticket",1,"[PREMIUM]","[PREMIUM]","[PREMIUM]","[PREMIUM]",true,false,"['Front Row of Section','Clear view']","2026-07-11 01:08:36"
"13321005535","2026-07-11 23:16:49.361","2026-07-11 23:16:49.361","13321005535","161474786","[PREMIUM]","[PREMIUM]","T8","C","9001_9002","9001",,2,"[2]",1725,"Terrace Suites",10,"Mobile Transfer ticket",1,"[PREMIUM]","[PREMIUM]","[PREMIUM]","[PREMIUM]",true,false,"['Second Row of Section','Clear view']","2026-07-11 00:29:48"
"13312511669","2026-07-11 23:16:49.297","2026-07-13 23:17:59.336","13312511669","161474785","[PREMIUM]","[PREMIUM]","120","PP","_",,,6,"[6]",594,"Lower",10,"Mobile Transfer ticket",1,"[PREMIUM]","[PREMIUM]","[PREMIUM]","[PREMIUM]",true,false,"['Clear view']","2026-07-10 09:11:42"
"13312511718","2026-07-11 23:16:49.297","2026-07-13 23:17:58.535","13312511718","161474785","[PREMIUM]","[PREMIUM]","120","KK","_",,,6,"[6]",594,"Lower",10,"Mobile Transfer ticket",1,"[PREMIUM]","[PREMIUM]","[PREMIUM]","[PREMIUM]",true,false,"['Clear view']","2026-07-10 09:11:42"
"13321368146","2026-07-11 23:16:49.292","2026-07-11 23:16:49.292","13321368146","161474786","[PREMIUM]","[PREMIUM]","103","C","9001_9002","9001",,2,"[2]",594,"Lower",11,"Mobile ticket",1,"[PREMIUM]","[PREMIUM]","[PREMIUM]","[PREMIUM]",true,false,"['Third Row of Section','Clear view']","2026-07-11 01:06:55"
"13321387654","2026-07-11 23:16:49.292","2026-07-11 23:16:49.292","13321387654","161474786","[PREMIUM]","[PREMIUM]","114","C","9001_9002","9001",,2,"[2]",594,"Lower",11,"Mobile ticket",1,"[PREMIUM]","[PREMIUM]","[PREMIUM]","[PREMIUM]",true,false,"['Third Row of Section','Clear view']","2026-07-11 01:08:41"
"13321385593","2026-07-11 23:16:49.292","2026-07-11 23:16:49.292","13321385593","161474786","[PREMIUM]","[PREMIUM]","102","B","9001_9002","9001",,2,"[2]",594,"Lower",11,"Mobile ticket",1,"[PREMIUM]","[PREMIUM]","[PREMIUM]","[PREMIUM]",true,false,"['Second Row of Section','Clear view']","2026-07-11 01:08:36"
"13331191348","2026-07-11 23:16:49.292","2026-08-02 23:19:06.029","13331191348","161474786","[PREMIUM]","[PREMIUM]","105","S","9001_9003","9001","9003",3,"[1,3]",594,"Lower",10,"Mobile Transfer ticket",13,"[PREMIUM]","[PREMIUM]","[PREMIUM]","[PREMIUM]",true,false,"['Clear view']","2026-07-11 22:40:12"
"13292571382","2026-07-11 23:16:49.221","2026-07-13 23:18:00.509","13292571382","161474786","[PREMIUM]","[PREMIUM]","115","S","9001_9002","9001",,2,"[2]",594,"Lower",10,"Mobile Transfer ticket",1,"[PREMIUM]","[PREMIUM]","[PREMIUM]","[PREMIUM]",true,false,"['Clear view']","2026-07-09 00:38:10"
"13321368144","2026-07-11 23:16:49.221","2026-07-11 23:16:49.221","13321368144","161474786","[PREMIUM]","[PREMIUM]","101","M","9001_9002","9001",,2,"[2]",594,"Lower",11,"Mobile ticket",1,"[PREMIUM]","[PREMIUM]","[PREMIUM]","[PREMIUM]",true,false,"['Clear view']","2026-07-11 01:06:55"
"13321385598","2026-07-11 23:16:49.221","2026-07-11 23:16:49.221","13321385598","161474786","[PREMIUM]","[PREMIUM]","101","H","9001_9002","9001",,2,"[2]",594,"Lower",11,"Mobile ticket",1,"[PREMIUM]","[PREMIUM]","[PREMIUM]","[PREMIUM]",true,false,"['Clear view']","2026-07-11 01:08:36"
"13321367481","2026-07-11 23:16:49.221","2026-07-11 23:16:49.221","13321367481","161474786","[PREMIUM]","[PREMIUM]","104","G","9001_9005","9001",,5,"[1,2,3,4,5]",594,"Lower",11,"Mobile ticket",1,"[PREMIUM]","[PREMIUM]","[PREMIUM]","[PREMIUM]",true,false,"['Clear view']","2026-07-11 01:06:53"
"13328410458","2026-07-11 23:16:49.200","2026-07-19 23:46:17.664","13328410458","161474786","[PREMIUM]","[PREMIUM]","114","F","9001_9002","9001","9002",2,"[2]",594,"Lower",10,"Mobile Transfer ticket",13,"[PREMIUM]","[PREMIUM]","[PREMIUM]","[PREMIUM]",true,false,"['Clear view']","2026-07-11 16:08:37"
"13320454106","2026-07-11 23:16:49.175","2026-07-13 23:17:58.430","13320454106","161474785","[PREMIUM]","[PREMIUM]","120","R","_",,,2,"[2]",594,"Lower",10,"Mobile Transfer ticket",1,"[PREMIUM]","[PREMIUM]","[PREMIUM]","[PREMIUM]",true,false,"['Clear view']","2026-07-10 23:43:25"
"13329938901","2026-07-11 23:16:49.175","2026-07-11 23:16:49.175","13329938901","161474785","[PREMIUM]","[PREMIUM]","101L","C","9001_9002","9001",,2,"[2]",1427,"Risers",10,"Mobile Transfer ticket",1,"[PREMIUM]","[PREMIUM]","[PREMIUM]","[PREMIUM]",true,false,"['Third Row of Section','Clear view']","2026-07-11 19:28:00"
"13330270632","2026-07-11 23:16:49.175","2026-07-11 23:16:49.175","13330270632","161474785","[PREMIUM]","[PREMIUM]","107","R","9001_9002","9001",,2,"[2]",594,"Lower",10,"Mobile Transfer ticket",1,"[PREMIUM]","[PREMIUM]","[PREMIUM]","[PREMIUM]",true,false,"['Clear view']","2026-07-11 20:08:47"
"13330270729","2026-07-11 23:16:49.175","2026-07-11 23:16:49.175","13330270729","161474785","[PREMIUM]","[PREMIUM]","112L","E","9001_9002","9001",,2,"[2]",1427,"Risers",10,"Mobile Transfer ticket",1,"[PREMIUM]","[PREMIUM]","[PREMIUM]","[PREMIUM]",true,false,"['Clear view']","2026-07-11 20:08:48"
"13320800510","2026-07-11 23:16:49.172","2026-07-11 23:16:49.172","13320800510","161474786","[PREMIUM]","[PREMIUM]","226","A","9001_9002","9001",,2,"[2]",407,"Upper",10,"Mobile Transfer ticket",1,"[PREMIUM]","[PREMIUM]","[PREMIUM]","[PREMIUM]",true,false,"['Front Row of Section','Clear view']","2026-07-11 00:13:17"
"13323900608","2026-07-11 23:16:49.172","2026-07-12 23:48:23.104","13323900608","161474786","[PREMIUM]","[PREMIUM]","223","B","9001_9004","9001",,4,"[1,2,3,4]",407,"Upper",10,"Mobile Transfer ticket",1,"[PREMIUM]","[PREMIUM]","[PREMIUM]","[PREMIUM]",true,false,"['Second Row of Section','Clear view']","2026-07-11 05:45:10"
"13320577984","2026-07-11 23:16:49.158","2026-07-12 23:48:22.775","13320577984","161421420","[PREMIUM]","[PREMIUM]","217","3","_",,,8,"[1,2,3,4,5,6,7,8]",2062,"Promenade",10,"Mobile Transfer ticket",1,"[PREMIUM]","[PREMIUM]","[PREMIUM]","[PREMIUM]",true,false,"['Third Row of Section','Clear view']","2026-07-10 23:55:17"
"13293907245","2026-07-11 23:16:49.114","2026-07-13 23:17:58.430","13293907245","161474785","[PREMIUM]","[PREMIUM]","117","J","9001_9002","9001",,2,"[2]",594,"Lower",10,"Mobile Transfer ticket",1,"[PREMIUM]","[PREMIUM]","[PREMIUM]","[PREMIUM]",true,false,"['Clear view']","2026-07-09 01:54:51"
"13293666930","2026-07-11 23:16:49.114","2026-07-13 23:17:58.251","13293666930","161474785","[PREMIUM]","[PREMIUM]","117","M","9001_9003","9001",,3,"[1,3]",594,"Lower",10,"Mobile Transfer ticket",1,"[PREMIUM]","[PREMIUM]","[PREMIUM]","[PREMIUM]",true,false,"['Clear view']","2026-07-09 01:43:47"
"13331031343","2026-07-11 23:16:49.114","2026-07-12 23:48:21.973","13331031343","161474785","[PREMIUM]","[PREMIUM]","112","C","9001_9002","9001",,2,"[2]",594,"Lower",10,"Mobile Transfer ticket",1,"[PREMIUM]","[PREMIUM]","[PREMIUM]","[PREMIUM]",true,false,"['Third Row of Section','Clear view']","2026-07-11 22:20:40"
"13330270633","2026-07-11 23:16:49.114","2026-07-11 23:16:49.114","13330270633","161474785","[PREMIUM]","[PREMIUM]","107","T","9001_9002","9001",,2,"[2]",594,"Lower",10,"Mobile Transfer ticket",1,"[PREMIUM]","[PREMIUM]","[PREMIUM]","[PREMIUM]",true,false,"['Clear view']","2026-07-11 20:08:47"
"13330270696","2026-07-11 23:16:49.114","2026-07-11 23:16:49.114","13330270696","161474785","[PREMIUM]","[PREMIUM]","118","Q","9001_9002","9001",,2,"[2]",594,"Lower",10,"Mobile Transfer ticket",1,"[PREMIUM]","[PREMIUM]","[PREMIUM]","[PREMIUM]",true,false,"['Clear view']","2026-07-11 20:08:47"
"13328435563","2026-07-11 23:16:49.107","2026-07-18 23:28:28.456","13328435563","161474786","[PREMIUM]","[PREMIUM]","103L","G","9001_9002","9001","9002",2,"[2]",1427,"Risers",10,"Mobile Transfer ticket",13,"[PREMIUM]","[PREMIUM]","[PREMIUM]","[PREMIUM]",true,false,"['Clear view']","2026-07-11 16:11:18"
"13321368135","2026-07-11 23:16:49.103","2026-07-11 23:16:49.103","13321368135","161474786","[PREMIUM]","[PREMIUM]","102","K","9001_9004","9001",,4,"[1,2,3,4]",594,"Lower",11,"Mobile ticket",1,"[PREMIUM]","[PREMIUM]","[PREMIUM]","[PREMIUM]",true,false,"['Clear view']","2026-07-11 01:06:55"
"13321385562","2026-07-11 23:16:49.103","2026-07-11 23:16:49.103","13321385562","161474786","[PREMIUM]","[PREMIUM]","103","K","9001_9002","9001",,2,"[2]",594,"Lower",11,"Mobile ticket",1,"[PREMIUM]","[PREMIUM]","[PREMIUM]","[PREMIUM]",true,false,"['Clear view']","2026-07-11 01:08:36"
"13328303012","2026-07-11 23:16:49.103","2026-07-19 23:46:17.633","13328303012","161474786","[PREMIUM]","[PREMIUM]","113","D","9001_9002","9001","9002",2,"[2]",594,"Lower",10,"Mobile Transfer ticket",13,"[PREMIUM]","[PREMIUM]","[PREMIUM]","[PREMIUM]",true,false,"['Clear view']","2026-07-11 15:55:49"
"13321479010","2026-07-11 23:16:49.085","2026-08-04 02:02:49.774","13321479010","161474786","[PREMIUM]","[PREMIUM]","116","R","9001_9002","9001","9002",2,"[2]",594,"Lower",10,"Mobile Transfer ticket",13,"[PREMIUM]","[PREMIUM]","[PREMIUM]","[PREMIUM]",true,false,"['Clear view']","2026-07-11 01:19:09"
"13331066717","2026-07-11 23:16:49.085","2026-08-04 02:02:49.774","13331066717","161474786","[PREMIUM]","[PREMIUM]","122","P","9001_9002","9001","9002",2,"[2]",594,"Lower",10,"Mobile Transfer ticket",13,"[PREMIUM]","[PREMIUM]","[PREMIUM]","[PREMIUM]",true,false,"['Clear view']","2026-07-11 22:25:58"
"13321366223","2026-07-11 23:16:49.045","2026-07-11 23:16:49.045","13321366223","161474786","[PREMIUM]","[PREMIUM]","113","U","9001_9002","9001",,2,"[2]",594,"Lower",11,"Mobile ticket",1,"[PREMIUM]","[PREMIUM]","[PREMIUM]","[PREMIUM]",true,false,"['ADA Accessible','Clear view']","2026-07-11 01:06:50"
"13321366214","2026-07-11 23:16:49.045","2026-07-11 23:16:49.045","13321366214","161474786","[PREMIUM]","[PREMIUM]","113","Q","9001_9002","9001",,2,"[2]",594,"Lower",11,"Mobile ticket",1,"[PREMIUM]","[PREMIUM]","[PREMIUM]","[PREMIUM]",true,false,"['Clear view']","2026-07-11 01:06:50"
"13321366128","2026-07-11 23:16:49.045","2026-07-11 23:16:49.045","13321366128","161474786","[PREMIUM]","[PREMIUM]","113","H","9001_9004","9001",,4,"[1,2,3,4]",594,"Lower",11,"Mobile ticket",1,"[PREMIUM]","[PREMIUM]","[PREMIUM]","[PREMIUM]",true,false,"['Clear view']","2026-07-11 01:06:50"
"13329785849","2026-07-11 23:16:49.045","2026-07-13 23:18:00.255","13329785849","161474786","[PREMIUM]","[PREMIUM]","207","A","_",,,2,"[2]",407,"Upper",10,"Mobile Transfer ticket",1,"[PREMIUM]","[PREMIUM]","[PREMIUM]","[PREMIUM]",true,false,"['Front Row of Section','Clear view']","2026-07-11 19:07:53"
"13307557106","2026-07-11 23:16:49.036","2026-07-11 23:16:49.036","13307557106","161474785","[PREMIUM]","[PREMIUM]","103","A","_",,,2,"[2]",594,"Lower",10,"Mobile Transfer ticket",1,"[PREMIUM]","[PREMIUM]","[PREMIUM]","[PREMIUM]",true,false,"['Front Row of Section','Clear view']","2026-07-09 21:50:43"
"13324263285","2026-07-11 23:16:49.036","2026-07-11 23:16:49.036","13324263285","161474785","[PREMIUM]","[PREMIUM]","112","B","9001_9002","9001",,2,"[2]",594,"Lower",10,"Mobile Transfer ticket",1,"[PREMIUM]","[PREMIUM]","[PREMIUM]","[PREMIUM]",true,false,"['Second Row of Section','Clear view']","2026-07-11 06:34:47"
"13321368535","2026-07-11 23:16:49.006","2026-07-11 23:16:49.006","13321368535","161474786","[PREMIUM]","[PREMIUM]","209","C","9001_9002","9001",,2,"[2]",407,"Upper",11,"Mobile ticket",1,"[PREMIUM]","[PREMIUM]","[PREMIUM]","[PREMIUM]",true,false,"['Third Row of Section','Clear view']","2026-07-11 01:06:56"
"13321368422","2026-07-11 23:16:49.006","2026-07-11 23:16:49.006","13321368422","161474786","[PREMIUM]","[PREMIUM]","208","A","9001_9002","9001",,2,"[2]",407,"Upper",11,"Mobile ticket",1,"[PREMIUM]","[PREMIUM]","[PREMIUM]","[PREMIUM]",true,false,"['Front Row of Section','Clear view']","2026-07-11 01:06:56"
"13321366174","2026-07-11 23:16:49.006","2026-07-11 23:16:49.006","13321366174","161474786","[PREMIUM]","[PREMIUM]","209","B","9001_9002","9001",,2,"[2]",407,"Upper",11,"Mobile ticket",1,"[PREMIUM]","[PREMIUM]","[PREMIUM]","[PREMIUM]",true,false,"['Second Row of Section','Clear view']","2026-07-11 01:06:50"
"13323137352","2026-07-11 23:16:49.006","2026-07-12 23:48:23.135","13323137352","161474786","[PREMIUM]","[PREMIUM]","226","B","9001_9002","9001",,2,"[2]",407,"Upper",10,"Mobile Transfer ticket",1,"[PREMIUM]","[PREMIUM]","[PREMIUM]","[PREMIUM]",true,false,"['Second Row of Section','Clear view']","2026-07-11 04:26:55"
"13321387696","2026-07-11 23:16:48.996","2026-07-11 23:16:48.996","13321387696","161474786","[PREMIUM]","[PREMIUM]","T2","E","9001_9002","9001",,2,"[2]",1725,"Terrace Suites",11,"Mobile ticket",1,"[PREMIUM]","[PREMIUM]","[PREMIUM]","[PREMIUM]",true,false,"['Clear view']","2026-07-11 01:08:42"
"13321385580","2026-07-11 23:16:48.996","2026-07-11 23:16:48.996","13321385580","161474786","[PREMIUM]","[PREMIUM]","T2","J","9001_9002","9001",,2,"[2]",1725,"Terrace Suites",11,"Mobile ticket",1,"[PREMIUM]","[PREMIUM]","[PREMIUM]","[PREMIUM]",true,false,"['Clear view']","2026-07-11 01:08:36"
"13321368318","2026-07-11 23:16:48.996","2026-07-11 23:16:48.996","13321368318","161474786","[PREMIUM]","[PREMIUM]","T7","B","9001_9004","9001",,4,"[1,2,3,4]",1725,"Terrace Suites",11,"Mobile ticket",1,"[PREMIUM]","[PREMIUM]","[PREMIUM]","[PREMIUM]",true,false,"['Second Row of Section','Clear view']","2026-07-11 01:06:55"
"13328216682","2026-07-11 23:16:48.996","2026-07-11 23:16:48.996","13328216682","161474786","[PREMIUM]","[PREMIUM]","217","A","9001_9002","9001",,2,"[2]",407,"Upper",10,"Mobile Transfer ticket",1,"[PREMIUM]","[PREMIUM]","[PREMIUM]","[PREMIUM]",true,false,"['Front Row of Section','Clear view']","2026-07-11 15:37:02"
"13326643224","2026-07-11 23:16:48.983","2026-07-13 23:18:00.095","13326643224","161474786","[PREMIUM]","[PREMIUM]","102","T","9001_9002","9001","9002",2,"[2]",594,"Lower",10,"Mobile Transfer ticket",13,"[PREMIUM]","[PREMIUM]","[PREMIUM]","[PREMIUM]",true,false,"['Clear view']","2026-07-11 12:22:31"
"13328289134","2026-07-11 23:16:48.983","2026-07-19 23:46:17.624","13328289134","161474786","[PREMIUM]","[PREMIUM]","115","T","9001_9002","9001","9002",2,"[2]",594,"Lower",10,"Mobile Transfer ticket",13,"[PREMIUM]","[PREMIUM]","[PREMIUM]","[PREMIUM]",true,false,"['Clear view']","2026-07-11 15:52:21"
"13321365736","2026-07-11 23:16:48.789","2026-07-11 23:16:48.789","13321365736","161474786","[PREMIUM]","[PREMIUM]","T6","H","9001_9001","9001",,1,"[1]",1725,"Terrace Suites",11,"Mobile ticket",1,"[PREMIUM]","[PREMIUM]","[PREMIUM]","[PREMIUM]",false,false,"['Clear view']","2026-07-11 01:06:49"
"13321365707","2026-07-11 23:16:48.789","2026-07-11 23:16:48.789","13321365707","161474786","[PREMIUM]","[PREMIUM]","T5","F","9001_9003","9001",,3,"[1,2,3]",1725,"Terrace Suites",11,"Mobile ticket",1,"[PREMIUM]","[PREMIUM]","[PREMIUM]","[PREMIUM]",true,false,"['Clear view']","2026-07-11 01:06:49"
"13321385743","2026-07-11 23:16:48.789","2026-07-11 23:16:48.789","13321385743","161474786","[PREMIUM]","[PREMIUM]","221","B","9001_9004","9001",,4,"[1,2,3,4]",407,"Upper",11,"Mobile ticket",1,"[PREMIUM]","[PREMIUM]","[PREMIUM]","[PREMIUM]",true,false,"['Second Row of Section','Clear view']","2026-07-11 01:08:36"
"13321385572","2026-07-11 23:16:48.789","2026-07-11 23:16:48.789","13321385572","161474786","[PREMIUM]","[PREMIUM]","T4","E","9001_9002","9001",,2,"[2]",1725,"Terrace Suites",11,"Mobile ticket",1,"[PREMIUM]","[PREMIUM]","[PREMIUM]","[PREMIUM]",true,false,"['Clear view']","2026-07-11 01:08:36"
"13321368527","2026-07-11 23:16:48.789","2026-07-11 23:16:48.789","13321368527","161474786","[PREMIUM]","[PREMIUM]","222","A","9001_9002","9001",,2,"[2]",407,"Upper",11,"Mobile ticket",1,"[PREMIUM]","[PREMIUM]","[PREMIUM]","[PREMIUM]",true,false,"['Front Row of Section','Clear view']","2026-07-11 01:06:56"
"13328289707","2026-07-11 23:16:48.757","2026-07-19 23:46:17.207","13328289707","161474785","[PREMIUM]","[PREMIUM]","104","L","9001_9002","9001","9002",2,"[2]",594,"Lower",10,"Mobile Transfer ticket",13,"[PREMIUM]","[PREMIUM]","[PREMIUM]","[PREMIUM]",true,false,"['Clear view']","2026-07-11 15:52:25"
"13330867147","2026-07-11 23:16:48.743","2026-07-11 23:16:48.743","13330867147","161474785","[PREMIUM]","[PREMIUM]","101L","H","9001_9002","9001",,2,"[2]",1427,"Risers",10,"Mobile Transfer ticket",1,"[PREMIUM]","[PREMIUM]","[PREMIUM]","[PREMIUM]",true,false,"['Clear view']","2026-07-11 21:47:34"
"13321835655","2026-07-11 23:16:48.740","2026-07-19 23:46:17.501","13321835655","161474786","[PREMIUM]","[PREMIUM]","T4","F","9001_9002","9001","9002",2,"[2]",1725,"Terrace Suites",10,"Mobile Transfer ticket",13,"[PREMIUM]","[PREMIUM]","[PREMIUM]","[PREMIUM]",true,false,"['Clear view']","2026-07-11 01:54:35"
"13322243440","2026-07-11 23:16:48.739","2026-07-11 23:16:48.739","13322243440","161474785","[PREMIUM]","[PREMIUM]","105","B","9001_9002","9001",,2,"[2]",594,"Lower",10,"Mobile Transfer ticket",1,"[PREMIUM]","[PREMIUM]","[PREMIUM]","[PREMIUM]",true,false,"['Front Row of Section','Clear view']","2026-07-11 02:42:47"
"13330270719","2026-07-11 23:16:48.739","2026-07-11 23:16:48.739","13330270719","161474785","[PREMIUM]","[PREMIUM]","114","C","9001_9002","9001",,2,"[2]",594,"Lower",10,"Mobile Transfer ticket",1,"[PREMIUM]","[PREMIUM]","[PREMIUM]","[PREMIUM]",true,false,"['Third Row of Section','Clear view']","2026-07-11 20:08:48"
"13330270743","2026-07-11 23:16:48.739","2026-07-11 23:16:48.739","13330270743","161474785","[PREMIUM]","[PREMIUM]","113","D","9001_9002","9001",,2,"[2]",594,"Lower",10,"Mobile Transfer ticket",1,"[PREMIUM]","[PREMIUM]","[PREMIUM]","[PREMIUM]",true,false,"['Clear view']","2026-07-11 20:08:48"
"13331274308","2026-07-11 23:16:48.739","2026-07-11 23:16:48.739","13331274308","161474785","[PREMIUM]","[PREMIUM]","106","G","9001_9003","9001",,3,"[1,2,3]",594,"Lower",10,"Mobile Transfer ticket",1,"[PREMIUM]","[PREMIUM]","[PREMIUM]","[PREMIUM]",true,false,"['Clear view']","2026-07-11 22:52:47"
"13331188469","2026-07-11 23:16:48.739","2026-07-11 23:16:48.739","13331188469","161474785","[PREMIUM]","[PREMIUM]","114","A","9001_9002","9001",,2,"[2]",594,"Lower",10,"Mobile Transfer ticket",1,"[PREMIUM]","[PREMIUM]","[PREMIUM]","[PREMIUM]",true,false,"['Front Row of Section','Clear view']","2026-07-11 22:40:04"
"13331030691","2026-07-11 23:16:48.730","2026-07-11 23:16:48.730","13331030691","161474785","[PREMIUM]","[PREMIUM]","102L","G","9001_9002","9001",,2,"[2]",1427,"Risers",10,"Mobile Transfer ticket",1,"[PREMIUM]","[PREMIUM]","[PREMIUM]","[PREMIUM]",true,false,"['Clear view']","2026-07-11 22:20:37"
"13322243447","2026-07-11 23:16:48.721","2026-07-11 23:16:48.721","13322243447","161474785","[PREMIUM]","[PREMIUM]","210","B","9001_9002","9001",,2,"[2]",407,"Upper",10,"Mobile Transfer ticket",1,"[PREMIUM]","[PREMIUM]","[PREMIUM]","[PREMIUM]",true,false,"['Second Row of Section','Clear view']","2026-07-11 02:42:48"
"13322243449","2026-07-11 23:16:48.671","2026-07-11 23:16:48.671","13322243449","161474785","[PREMIUM]","[PREMIUM]","104L","F","9001_9002","9001",,2,"[2]",1427,"Risers",10,"Mobile Transfer ticket",1,"[PREMIUM]","[PREMIUM]","[PREMIUM]","[PREMIUM]",true,false,"['Clear view']","2026-07-11 02:42:48"
"13331274350","2026-07-11 23:16:48.671","2026-07-11 23:16:48.671","13331274350","161474785","[PREMIUM]","[PREMIUM]","102L","D","9001_9002","9001",,2,"[2]",1427,"Risers",10,"Mobile Transfer ticket",1,"[PREMIUM]","[PREMIUM]","[PREMIUM]","[PREMIUM]",true,false,"['Clear view']","2026-07-11 22:52:48"
"13331274347","2026-07-11 23:16:48.671","2026-07-11 23:16:48.671","13331274347","161474785","[PREMIUM]","[PREMIUM]","103L","E","9001_9002","9001",,2,"[2]",1427,"Risers",10,"Mobile Transfer ticket",1,"[PREMIUM]","[PREMIUM]","[PREMIUM]","[PREMIUM]",true,false,"['Clear view']","2026-07-11 22:52:47"
"13331188637","2026-07-11 23:16:48.671","2026-07-11 23:16:48.671","13331188637","161474785","[PREMIUM]","[PREMIUM]","103L","D","9001_9002","9001",,2,"[2]",1427,"Risers",10,"Mobile Transfer ticket",1,"[PREMIUM]","[PREMIUM]","[PREMIUM]","[PREMIUM]",true,false,"['Clear view']","2026-07-11 22:40:05"
"13322042974","2026-07-11 23:16:48.598","2026-07-19 23:46:17.633","13322042974","161474785","[PREMIUM]","[PREMIUM]","112","E","_",,,4,"[1,2,4]",594,"Lower",10,"Mobile Transfer ticket",1,"[PREMIUM]","[PREMIUM]","[PREMIUM]","[PREMIUM]",true,false,"['Clear view']","2026-07-11 02:17:00"
"13287498687","2026-07-11 23:16:48.547","2026-07-11 23:16:48.547","13287498687","161474785","[PREMIUM]","[PREMIUM]","T6","E","9001_9004","9001",,4,"[1,2,3,4]",1725,"Terrace Suites",10,"Mobile Transfer ticket",1,"[PREMIUM]","[PREMIUM]","[PREMIUM]","[PREMIUM]",true,false,"['Clear view']","2026-07-08 17:19:56"
"13322243455","2026-07-11 23:16:48.547","2026-07-11 23:16:48.547","13322243455","161474785","[PREMIUM]","[PREMIUM]","225","D","9001_9002","9001",,2,"[2]",407,"Upper",10,"Mobile Transfer ticket",1,"[PREMIUM]","[PREMIUM]","[PREMIUM]","[PREMIUM]",true,false,"['Clear view']","2026-07-11 02:42:48"
"13322243457","2026-07-11 23:16:48.547","2026-07-11 23:16:48.547","13322243457","161474785","[PREMIUM]","[PREMIUM]","225","B","9001_9002","9001",,2,"[2]",407,"Upper",10,"Mobile Transfer ticket",1,"[PREMIUM]","[PREMIUM]","[PREMIUM]","[PREMIUM]",true,false,"['Second Row of Section','Clear view']","2026-07-11 02:42:48"
"13322959397","2026-07-11 23:16:48.486","2026-07-19 23:46:17.265","13322959397","161474785","[PREMIUM]","[PREMIUM]","112","J","9001_9002","9001","9002",2,"[2]",594,"Lower",10,"Mobile Transfer ticket",13,"[PREMIUM]","[PREMIUM]","[PREMIUM]","[PREMIUM]",true,false,"['Clear view']","2026-07-11 04:06:16"
"13321531544","2026-07-11 23:16:48.432","2026-07-19 23:46:16.883","13321531544","161474786","[PREMIUM]","[PREMIUM]","203","E","9001_9002","9001","9002",2,"[2]",407,"Upper",10,"Mobile Transfer ticket",13,"[PREMIUM]","[PREMIUM]","[PREMIUM]","[PREMIUM]",true,false,"['Clear view']","2026-07-11 01:25:36"
"13322243459","2026-07-11 23:16:48.432","2026-07-11 23:16:48.432","13322243459","161474785","[PREMIUM]","[PREMIUM]","215","A","9001_9002","9001",,2,"[2]",407,"Upper",10,"Mobile Transfer ticket",1,"[PREMIUM]","[PREMIUM]","[PREMIUM]","[PREMIUM]",true,false,"['Front Row of Section','Clear view']","2026-07-11 02:42:48"
"13322449526","2026-07-11 23:16:48.432","2026-07-11 23:16:48.432","13322449526","161474785","[PREMIUM]","[PREMIUM]","215","B","9001_9002","9001",,2,"[2]",407,"Upper",10,"Mobile Transfer ticket",1,"[PREMIUM]","[PREMIUM]","[PREMIUM]","[PREMIUM]",true,false,"['Second Row of Section','Clear view']","2026-07-11 03:06:11"
"13324027872","2026-07-11 23:16:48.432","2026-07-11 23:16:48.432","13324027872","161474785","[PREMIUM]","[PREMIUM]","214","B","9001_9002","9001",,2,"[2]",407,"Upper",10,"Mobile Transfer ticket",1,"[PREMIUM]","[PREMIUM]","[PREMIUM]","[PREMIUM]",true,false,"['Second Row of Section','Clear view']","2026-07-11 06:02:18"
"13324027874","2026-07-11 23:16:48.432","2026-07-11 23:16:48.432","13324027874","161474785","[PREMIUM]","[PREMIUM]","214","A","9001_9003","9001",,3,"[1,2,3]",407,"Upper",10,"Mobile Transfer ticket",1,"[PREMIUM]","[PREMIUM]","[PREMIUM]","[PREMIUM]",true,false,"['Front Row of Section','Clear view']","2026-07-11 06:02:18"
"13323023798","2026-07-11 23:16:48.390","2026-07-19 23:46:17.276","13323023798","161474785","[PREMIUM]","[PREMIUM]","104","S","9001_9002","9001","9002",2,"[2]",594,"Lower",10,"Mobile Transfer ticket",13,"[PREMIUM]","[PREMIUM]","[PREMIUM]","[PREMIUM]",true,false,"['Clear view']","2026-07-11 04:14:21"
"13327328744","2026-07-11 23:16:48.306","2026-07-19 23:46:16.663","13327328744","161474786","[PREMIUM]","[PREMIUM]","202","E","9001_9002","9001","9002",2,"[2]",407,"Upper",10,"Mobile Transfer ticket",13,"[PREMIUM]","[PREMIUM]","[PREMIUM]","[PREMIUM]",true,false,"['Clear view']","2026-07-11 13:55:42"
"13322449539","2026-07-11 23:16:48.291","2026-07-11 23:16:48.291","13322449539","161474785","[PREMIUM]","[PREMIUM]","224","B","9001_9002","9001",,2,"[2]",407,"Upper",10,"Mobile Transfer ticket",1,"[PREMIUM]","[PREMIUM]","[PREMIUM]","[PREMIUM]",true,false,"['Second Row of Section','Clear view']","2026-07-11 03:06:11"
"13322962390","2026-07-11 23:16:48.291","2026-07-24 00:24:19.627","13322962390","161474785","[PREMIUM]","[PREMIUM]","114","R","9001_9002","9001","9002",2,"[2]",594,"Lower",10,"Mobile Transfer ticket",13,"[PREMIUM]","[PREMIUM]","[PREMIUM]","[PREMIUM]",true,false,"['Clear view']","2026-07-11 04:07:13"
"13321387587","2026-07-11 23:16:48.241","2026-07-11 23:16:48.241","13321387587","161474786","[PREMIUM]","[PREMIUM]","217","G","9001_9004","9001",,4,"[1,2,3,4]",407,"Upper",11,"Mobile ticket",1,"[PREMIUM]","[PREMIUM]","[PREMIUM]","[PREMIUM]",true,false,"['Clear view']","2026-07-11 01:08:41"
"13326645117","2026-07-11 23:16:48.219","2026-07-13 23:17:59.434","13326645117","161474786","[PREMIUM]","[PREMIUM]","210","H","9001_9003","9001","9003",3,"[1,3]",407,"Upper",10,"Mobile Transfer ticket",13,"[PREMIUM]","[PREMIUM]","[PREMIUM]","[PREMIUM]",true,false,"['Clear view']","2026-07-11 12:22:43"
"13322962381","2026-07-11 23:16:48.215","2026-07-19 23:46:17.234","13322962381","161474785","[PREMIUM]","[PREMIUM]","T3","D","9001_9002","9001","9002",2,"[2]",1725,"Terrace Suites",10,"Mobile Transfer ticket",13,"[PREMIUM]","[PREMIUM]","[PREMIUM]","[PREMIUM]",true,false,"['Clear view']","2026-07-11 04:07:13"
"13322962045","2026-07-11 23:16:48.215","2026-08-04 02:02:46.158","13322962045","161474785","[PREMIUM]","[PREMIUM]","T3","C","9001_9002","9001","9002",2,"[2]",1725,"Terrace Suites",10,"Mobile Transfer ticket",13,"[PREMIUM]","[PREMIUM]","[PREMIUM]","[PREMIUM]",true,false,"['Third Row of Section','Clear view']","2026-07-11 04:07:12"
"13331065980","2026-07-11 23:16:48.213","2026-08-04 02:02:48.499","13331065980","161474786","[PREMIUM]","[PREMIUM]","225","N","9001_9002","9001","9002",2,"[2]",407,"Upper",10,"Mobile Transfer ticket",13,"[PREMIUM]","[PREMIUM]","[PREMIUM]","[PREMIUM]",true,false,"['Clear view']","2026-07-11 22:25:53"
"13321366855","2026-07-11 23:16:48.206","2026-07-11 23:16:48.206","13321366855","161474786","[PREMIUM]","[PREMIUM]","213","D","9001_9002","9001",,2,"[2]",407,"Upper",11,"Mobile ticket",1,"[PREMIUM]","[PREMIUM]","[PREMIUM]","[PREMIUM]",true,false,"['Clear view']","2026-07-11 01:06:52"
"13321387777","2026-07-11 23:16:48.206","2026-07-11 23:16:48.206","13321387777","161474786","[PREMIUM]","[PREMIUM]","213","C","9001_9002","9001",,2,"[2]",407,"Upper",11,"Mobile ticket",1,"[PREMIUM]","[PREMIUM]","[PREMIUM]","[PREMIUM]",true,false,"['Third Row of Section','Clear view']","2026-07-11 01:08:42"
"13326644892","2026-07-11 23:16:48.206","2026-07-13 23:17:59.642","13326644892","161474786","[PREMIUM]","[PREMIUM]","225","D","9001_9002","9001","9002",2,"[2]",407,"Upper",10,"Mobile Transfer ticket",13,"[PREMIUM]","[PREMIUM]","[PREMIUM]","[PREMIUM]",true,false,"['Clear view']","2026-07-11 12:22:42"
"13321365787","2026-07-11 23:16:48.179","2026-07-11 23:16:48.179","13321365787","161474786","[PREMIUM]","[PREMIUM]","214","B","9001_9002","9001",,2,"[2]",407,"Upper",11,"Mobile ticket",1,"[PREMIUM]","[PREMIUM]","[PREMIUM]","[PREMIUM]",true,false,"['Second Row of Section','Clear view']","2026-07-11 01:06:49"
"13321368919","2026-07-11 23:16:48.179","2026-07-11 23:16:48.179","13321368919","161474786","[PREMIUM]","[PREMIUM]","215","B","9001_9002","9001",,2,"[2]",407,"Upper",11,"Mobile ticket",1,"[PREMIUM]","[PREMIUM]","[PREMIUM]","[PREMIUM]",true,false,"['Second Row of Section','Clear view']","2026-07-11 01:06:56"
"13321368549","2026-07-11 23:16:48.179","2026-07-11 23:16:48.179","13321368549","161474786","[PREMIUM]","[PREMIUM]","219","N","9001_9003","9001",,3,"[1,2,3]",407,"Upper",11,"Mobile ticket",1,"[PREMIUM]","[PREMIUM]","[PREMIUM]","[PREMIUM]",true,false,"['Clear view']","2026-07-11 01:06:56"
"13321365215","2026-07-11 23:16:48.139","2026-07-11 23:16:48.139","13321365215","161474786","[PREMIUM]","[PREMIUM]","220","A","9001_9004","9001",,4,"[1,2,3,4]",407,"Upper",11,"Mobile ticket",1,"[PREMIUM]","[PREMIUM]","[PREMIUM]","[PREMIUM]",true,false,"['Front Row of Section','Clear view']","2026-07-11 01:06:48"
"13321774970","2026-07-11 23:16:48.139","2026-07-11 23:16:48.139","13321774970","161474786","[PREMIUM]","[PREMIUM]","207","D","9001_9002","9001",,2,"[2]",407,"Upper",11,"Mobile ticket",1,"[PREMIUM]","[PREMIUM]","[PREMIUM]","[PREMIUM]",true,false,"['Clear view']","2026-07-11 01:48:50"
"13321366302","2026-07-11 23:16:48.139","2026-07-11 23:16:48.139","13321366302","161474786","[PREMIUM]","[PREMIUM]","219","C","9001_9001","9001",,1,"[1]",407,"Upper",11,"Mobile ticket",1,"[PREMIUM]","[PREMIUM]","[PREMIUM]","[PREMIUM]",false,false,"['Third Row of Section','Clear view']","2026-07-11 01:06:50"
"13321368525","2026-07-11 23:16:48.139","2026-07-11 23:16:48.139","13321368525","161474786","[PREMIUM]","[PREMIUM]","219","A","9001_9004","9001",,4,"[1,2,3,4]",407,"Upper",11,"Mobile ticket",1,"[PREMIUM]","[PREMIUM]","[PREMIUM]","[PREMIUM]",true,false,"['Front Row of Section','Clear view']","2026-07-11 01:06:56"
"13321658484","2026-07-11 23:16:48.125","2026-07-27 23:24:26.237","13321658484","161474786","[PREMIUM]","[PREMIUM]","205","C","9001_9002","9001","9002",2,"[2]",407,"Upper",10,"Mobile Transfer ticket",13,"[PREMIUM]","[PREMIUM]","[PREMIUM]","[PREMIUM]",true,false,"['Third Row of Section','Clear view']","2026-07-11 01:38:48"
"13321369222","2026-07-11 23:16:48.125","2026-07-11 23:16:48.125","13321369222","161474786","[PREMIUM]","[PREMIUM]","213","A","9001_9001","9001",,1,"[1]",407,"Upper",11,"Mobile ticket",1,"[PREMIUM]","[PREMIUM]","[PREMIUM]","[PREMIUM]",false,false,"['Front Row of Section','Clear view']","2026-07-11 01:06:57"
"13328433164","2026-07-11 23:16:48.125","2026-07-19 23:46:16.924","13328433164","161474786","[PREMIUM]","[PREMIUM]","201","F","9001_9002","9001","9002",2,"[2]",407,"Upper",10,"Mobile Transfer ticket",13,"[PREMIUM]","[PREMIUM]","[PREMIUM]","[PREMIUM]",true,false,"['Clear view']","2026-07-11 16:10:58"
"13321588289","2026-07-11 23:16:48.111","2026-08-04 02:02:49.015","13321588289","161474786","[PREMIUM]","[PREMIUM]","208","G","9001_9004","9001","9004",4,"[1,2,4]",407,"Upper",10,"Mobile Transfer ticket",13,"[PREMIUM]","[PREMIUM]","[PREMIUM]","[PREMIUM]",true,false,"['Clear view']","2026-07-11 01:31:54"
"13321368561","2026-07-11 23:16:47.936","2026-07-11 23:16:47.936","13321368561","161474786","[PREMIUM]","[PREMIUM]","219","R","9001_9003","9001",,3,"[1,2,3]",407,"Upper",11,"Mobile ticket",1,"[PREMIUM]","[PREMIUM]","[PREMIUM]","[PREMIUM]",true,false,"['Clear view']","2026-07-11 01:06:56"
"13322124348","2026-07-11 23:16:47.877","2026-07-13 23:17:59.980","13322124348","161097029","[PREMIUM]","[PREMIUM]","302","6","_",,,4,"[1,2,3,4]",1713,"Middle Level",10,"Mobile Transfer ticket",1,"[PREMIUM]","[PREMIUM]","[PREMIUM]","[PREMIUM]",true,false,"['Clear view']","2026-07-11 02:28:05"
"13321365762","2026-07-11 23:16:47.865","2026-07-11 23:16:47.865","13321365762","161474786","[PREMIUM]","[PREMIUM]","214","G","9001_9005","9001",,5,"[1,2,3,4,5]",407,"Upper",11,"Mobile ticket",1,"[PREMIUM]","[PREMIUM]","[PREMIUM]","[PREMIUM]",true,false,"['Clear view']","2026-07-11 01:06:49"
"13325176826","2026-07-11 23:16:47.806","2026-07-13 23:17:59.980","13325176826","161097029","[PREMIUM]","[PREMIUM]","315","6","_",,,4,"[1,2,3,4]",1713,"Middle Level",10,"Mobile Transfer ticket",1,"[PREMIUM]","[PREMIUM]","[PREMIUM]","[PREMIUM]",true,false,"['Clear view']","2026-07-11 09:07:06"
"13328624792","2026-07-11 23:16:47.806","2026-07-18 23:28:30.939","13328624792","161097029","[PREMIUM]","[PREMIUM]","301","6","_",,,8,"[1,2,3,4,5,6,7,8]",1713,"Middle Level",10,"Mobile Transfer ticket",1,"[PREMIUM]","[PREMIUM]","[PREMIUM]","[PREMIUM]",true,false,"['Clear view']","2026-07-11 16:39:00"
"13328624755","2026-07-11 23:16:47.806","2026-07-22 04:06:26.024","13328624755","161097029","[PREMIUM]","[PREMIUM]","301","5","_",,,8,"[1,2,3,4,5,6,7,8]",1713,"Middle Level",10,"Mobile Transfer ticket",1,"[PREMIUM]","[PREMIUM]","[PREMIUM]","[PREMIUM]",true,false,"['Clear view']","2026-07-11 16:39:00"
"13322841695","2026-07-11 23:16:47.680","2026-07-12 23:48:20.950","13322841695","161474785","[PREMIUM]","[PREMIUM]","213","D","9001_9002","9001",,2,"[2]",407,"Upper",10,"Mobile Transfer ticket",1,"[PREMIUM]","[PREMIUM]","[PREMIUM]","[PREMIUM]",true,false,"['Clear view']","2026-07-11 03:50:57"
"13323342699","2026-07-11 23:16:47.680","2026-08-04 02:02:45.832","13323342699","161474785","[PREMIUM]","[PREMIUM]","209","J","9001_9002","9001","9002",2,"[2]",407,"Upper",10,"Mobile Transfer ticket",13,"[PREMIUM]","[PREMIUM]","[PREMIUM]","[PREMIUM]",true,false,"['Clear view']","2026-07-11 04:50:53"
"13326414620","2026-07-11 23:16:47.678","2026-07-19 23:46:16.031","13326414620","161474785","[PREMIUM]","[PREMIUM]","214","D","9001_9002","9001","9002",2,"[2]",407,"Upper",10,"Mobile Transfer ticket",13,"[PREMIUM]","[PREMIUM]","[PREMIUM]","[PREMIUM]",true,false,"['Clear view']","2026-07-11 11:51:31"
"13322950398","2026-07-11 23:16:47.537","2026-07-19 23:46:16.031","13322950398","161474785","[PREMIUM]","[PREMIUM]","202","F","9001_9002","9001","9002",2,"[2]",407,"Upper",10,"Mobile Transfer ticket",13,"[PREMIUM]","[PREMIUM]","[PREMIUM]","[PREMIUM]",true,false,"['Clear view']","2026-07-11 04:05:18"
"13327674593","2026-07-11 23:16:47.537","2026-07-19 23:46:16.260","13327674593","161474785","[PREMIUM]","[PREMIUM]","215","C","9001_9002","9001","9002",2,"[2]",407,"Upper",10,"Mobile Transfer ticket",13,"[PREMIUM]","[PREMIUM]","[PREMIUM]","[PREMIUM]",true,false,"['Third Row of Section','Clear view']","2026-07-11 14:25:00"
"13323024319","2026-07-11 23:16:47.537","2026-08-04 02:02:45.719","13323024319","161474785","[PREMIUM]","[PREMIUM]","203","D","9001_9002","9001","9002",2,"[2]",407,"Upper",10,"Mobile Transfer ticket",13,"[PREMIUM]","[PREMIUM]","[PREMIUM]","[PREMIUM]",true,false,"['Clear view']","2026-07-11 04:14:27"
"13328443837","2026-07-11 23:16:47.431","2026-08-02 23:19:02.393","13328443837","161474785","[PREMIUM]","[PREMIUM]","205","F","9001_9002","9001","9002",2,"[2]",407,"Upper",10,"Mobile Transfer ticket",13,"[PREMIUM]","[PREMIUM]","[PREMIUM]","[PREMIUM]",true,false,"['Clear view']","2026-07-11 16:13:03"
"13322841719","2026-07-11 23:16:47.329","2026-07-12 23:48:21.019","13322841719","161474785","[PREMIUM]","[PREMIUM]","226","B","9001_9002","9001",,2,"[2]",407,"Upper",10,"Mobile Transfer ticket",1,"[PREMIUM]","[PREMIUM]","[PREMIUM]","[PREMIUM]",true,false,"['Second Row of Section','Clear view']","2026-07-11 03:50:57"
"13322939061","2026-07-11 23:16:47.329","2026-07-16 22:16:53.117","13322939061","161474785","[PREMIUM]","[PREMIUM]","223","E","9001_9002","9001","9002",2,"[2]",407,"Upper",10,"Mobile Transfer ticket",13,"[PREMIUM]","[PREMIUM]","[PREMIUM]","[PREMIUM]",true,false,"['Clear view']","2026-07-11 04:03:49"
"13323342163","2026-07-11 23:16:47.283","2026-07-19 23:46:17.131","13323342163","161474785","[PREMIUM]","[PREMIUM]","T4","J","9001_9002","9001","9002",2,"[2]",1725,"Terrace Suites",10,"Mobile Transfer ticket",13,"[PREMIUM]","[PREMIUM]","[PREMIUM]","[PREMIUM]",true,false,"['Clear view']","2026-07-11 04:50:49"
"13322966934","2026-07-11 23:16:47.263","2026-07-22 04:06:21.921","13322966934","161474785","[PREMIUM]","[PREMIUM]","201","C","9001_9002","9001","9002",2,"[2]",407,"Upper",10,"Mobile Transfer ticket",13,"[PREMIUM]","[PREMIUM]","[PREMIUM]","[PREMIUM]",true,false,"['Third Row of Section','Clear view']","2026-07-11 04:07:46"
"13328299758","2026-07-11 23:16:47.263","2026-08-04 02:02:45.728","13328299758","161474785","[PREMIUM]","[PREMIUM]","219","H","9001_9003","9001","9003",3,"[1,3]",407,"Upper",10,"Mobile Transfer ticket",13,"[PREMIUM]","[PREMIUM]","[PREMIUM]","[PREMIUM]",true,false,"['Clear view']","2026-07-11 15:54:38"
"13322090294","2026-07-11 23:16:47.017","2026-07-12 23:48:20.356","13322090294","161097029","[PREMIUM]","[PREMIUM]","409","4","_",,,1,"[1]",954,"Upper Level",10,"Mobile Transfer ticket",1,"[PREMIUM]","[PREMIUM]","[PREMIUM]","[PREMIUM]",false,false,"['Clear view']","2026-07-11 02:23:05"
"13328624793","2026-07-11 23:16:47.017","2026-07-11 23:16:47.017","13328624793","161097029","[PREMIUM]","[PREMIUM]","404","12","_",,,8,"[1,2,3,4,5,6,7,8]",954,"Upper Level",10,"Mobile Transfer ticket",1,"[PREMIUM]","[PREMIUM]","[PREMIUM]","[PREMIUM]",true,false,"['Clear view']","2026-07-11 16:39:00"
"13328624754","2026-07-11 23:16:47.017","2026-07-11 23:16:47.017","13328624754","161097029","[PREMIUM]","[PREMIUM]","405","6","_",,,8,"[1,2,3,4,5,6,7,8]",954,"Upper Level",10,"Mobile Transfer ticket",1,"[PREMIUM]","[PREMIUM]","[PREMIUM]","[PREMIUM]",true,false,"['Clear view']","2026-07-11 16:39:00"
"13328624753","2026-07-11 23:16:47.017","2026-07-12 23:48:20.356","13328624753","161097029","[PREMIUM]","[PREMIUM]","405","5","_",,,8,"[1,2,3,4,5,6,7,8]",954,"Upper Level",10,"Mobile Transfer ticket",1,"[PREMIUM]","[PREMIUM]","[PREMIUM]","[PREMIUM]",true,false,"['Clear view']","2026-07-11 16:39:00"
"13320654796","2026-07-11 23:16:47.017","2026-08-04 02:02:44.735","13320654796","161097029","[PREMIUM]","[PREMIUM]","408","4","_",,,1,"[1]",954,"Upper Level",10,"Mobile Transfer ticket",1,"[PREMIUM]","[PREMIUM]","[PREMIUM]","[PREMIUM]",false,false,"['Clear view']","2026-07-11 00:02:57"
"13117547774","2026-07-11 23:16:46.886","2026-07-18 23:28:24.893","13117547774","161097029","[PREMIUM]","[PREMIUM]","122","34","_",,,5,"[1,2,3,4,5]",1687,"Lower Level",10,"Mobile Transfer ticket",1,"[PREMIUM]","[PREMIUM]","[PREMIUM]","[PREMIUM]",true,false,"['Clear view']","2026-06-23 11:50:20"
"13153967582","2026-07-11 23:16:46.881","2026-08-04 02:02:45.001","13153967582","161097029","[PREMIUM]","[PREMIUM]","113","26","1_1","1","1",1,"[1]",1687,"Lower Level",10,"Mobile Transfer ticket",1,"[PREMIUM]","[PREMIUM]","[PREMIUM]","[PREMIUM]",false,false,"['Clear view']","2026-06-26 12:02:24"
"13321644690","2026-07-11 23:16:46.878","2026-08-04 02:02:48.566","13321644690","161474786","[PREMIUM]","[PREMIUM]","216","H","9001_9002","9001","9002",2,"[2]",407,"Upper",10,"Mobile Transfer ticket",13,"[PREMIUM]","[PREMIUM]","[PREMIUM]","[PREMIUM]",true,false,"['Clear view']","2026-07-11 01:37:48"
"13117547781","2026-07-11 23:16:46.867","2026-07-19 23:46:15.630","13117547781","161097029","[PREMIUM]","[PREMIUM]","122","32","_",,,3,"[3]",1687,"Lower Level",10,"Mobile Transfer ticket",1,"[PREMIUM]","[PREMIUM]","[PREMIUM]","[PREMIUM]",true,false,"['Clear view']","2026-06-23 11:50:20"
"13328602779","2026-07-11 23:16:46.820","2026-08-04 02:02:44.982","13328602779","161097029","[PREMIUM]","[PREMIUM]","307","2","_",,,6,"[1,2,3,4,6]",1713,"Middle Level",10,"Mobile Transfer ticket",1,"[PREMIUM]","[PREMIUM]","[PREMIUM]","[PREMIUM]",true,false,"['Second Row of Section','Clear view']","2026-07-11 16:37:24"
"13319555912","2026-07-11 23:16:46.485","2026-07-11 23:16:46.485","13319555912","160483123","[PREMIUM]","[PREMIUM]","107","CC","_",,,4,"[1,2,3,4]",611,"Lower Reserved",10,"Mobile Transfer ticket",13,"[PREMIUM]","[PREMIUM]","[PREMIUM]","[PREMIUM]",true,false,"['Limited or Obstructed View (printed on ticket)','Third Row of Section']","2026-07-10 21:58:49"
"13321371168","2026-07-11 23:16:46.485","2026-07-12 23:48:19.944","13321371168","160483123","[PREMIUM]","[PREMIUM]","106","CC","_",,,4,"[2,4]",611,"Lower Reserved",10,"Mobile Transfer ticket",1,"[PREMIUM]","[PREMIUM]","[PREMIUM]","[PREMIUM]",true,false,"['Third Row of Section','Clear view']","2026-07-11 01:07:03"
"13328624745","2026-07-11 23:16:46.331","2026-07-13 23:17:59.039","13328624745","161097029","[PREMIUM]","[PREMIUM]","404","11","_",,,8,"[1,2,3,4,5,6,7,8]",954,"Upper Level",10,"Mobile Transfer ticket",1,"[PREMIUM]","[PREMIUM]","[PREMIUM]","[PREMIUM]",true,false,"['Clear view']","2026-07-11 16:39:00"
"13328540574","2026-07-11 23:16:45.968","2026-07-13 23:17:57.822","13328540574","160483128","[PREMIUM]","[PREMIUM]","105","CC","_",,,4,"[2,4]",611,"Lower Reserved",10,"Mobile Transfer ticket",1,"[PREMIUM]","[PREMIUM]","[PREMIUM]","[PREMIUM]",true,false,"['Third Row of Section','Clear view']","2026-07-11 16:27:13"
"13330880339","2026-07-11 23:16:45.968","2026-07-11 23:16:45.968","13330880339","160483128","[PREMIUM]","[PREMIUM]","SECTION 108","DD","_",,,4,"[1,2,3,4]",0,,10,"Mobile Transfer ticket",13,"[PREMIUM]","[PREMIUM]","[PREMIUM]","[PREMIUM]",false,false,"['Clear view']","2026-07-11 21:51:25"
"13330882016","2026-07-11 23:16:45.968","2026-07-11 23:16:45.968","13330882016","160483128","[PREMIUM]","[PREMIUM]","SECTION 108",,"_",,,3,"[1,2,3]",0,,10,"Mobile Transfer ticket",13,"[PREMIUM]","[PREMIUM]","[PREMIUM]","[PREMIUM]",false,false,"['Clear view']","2026-07-11 21:51:43"
"13329697618","2026-07-11 23:16:45.532","2026-07-11 23:16:45.532","13329697618","160483118","[PREMIUM]","[PREMIUM]","107","DD","_",,,4,"[2,4]",611,"Lower Reserved",10,"Mobile Transfer ticket",1,"[PREMIUM]","[PREMIUM]","[PREMIUM]","[PREMIUM]",true,false,"['Clear view']","2026-07-11 18:56:35"
"13329944420","2026-07-11 23:16:45.532","2026-07-11 23:16:45.532","13329944420","160483118","[PREMIUM]","[PREMIUM]","105","CC","_",,,6,"[1,2,3,4,6]",611,"Lower Reserved",10,"Mobile Transfer ticket",1,"[PREMIUM]","[PREMIUM]","[PREMIUM]","[PREMIUM]",true,false,"['Third Row of Section','Clear view']","2026-07-11 19:28:43"
"13329696950","2026-07-11 23:16:45.532","2026-07-11 23:16:45.532","13329696950","160483118","[PREMIUM]","[PREMIUM]","105","EE","2_3","2",,2,"[2]",611,"Lower Reserved",10,"Mobile Transfer ticket",1,"[PREMIUM]","[PREMIUM]","[PREMIUM]","[PREMIUM]",true,false,"['Clear view']","2026-07-11 18:56:32"
"13330656378","2026-07-11 23:16:45.532","2026-07-11 23:16:45.532","13330656378","160483118","[PREMIUM]","[PREMIUM]","106","DD","_",,,2,"[2]",611,"Lower Reserved",10,"Mobile Transfer ticket",1,"[PREMIUM]","[PREMIUM]","[PREMIUM]","[PREMIUM]",true,false,"['Clear view']","2026-07-11 20:58:33"
"13331530928","2026-07-11 23:16:45.532","2026-07-11 23:16:45.532","13331530928","160483118","[PREMIUM]","[PREMIUM]","General Admission","14","_",,,2,"[2]",233,"General Admission",10,"Mobile Transfer ticket",1,"[PREMIUM]","[PREMIUM]","[PREMIUM]","[PREMIUM]",false,true,"['Clear view']","2026-07-11 23:15:28"
"13303054773","2026-07-11 23:16:45.249","2026-07-12 23:48:18.835","13303054773","160483128","[PREMIUM]","[PREMIUM]","106","GG","10_16","10","16",7,"[1,2,3,4,5,7]",611,"Lower Reserved",10,"Mobile Transfer ticket",1,"[PREMIUM]","[PREMIUM]","[PREMIUM]","[PREMIUM]",true,false,"['Clear view']","2026-07-09 15:10:20"
"13323638111","2026-07-11 23:16:45.249","2026-07-11 23:16:45.249","13323638111","160483128","[PREMIUM]","[PREMIUM]","General Admission",,"_",,,1,"[1]",233,"General Admission",13,"Mobile ticket",1,"[PREMIUM]","[PREMIUM]","[PREMIUM]","[PREMIUM]",false,true,"['Standing room only (SRO)','Clear view']","2026-07-11 05:19:22"
"13330031561","2026-07-11 23:16:45.249","2026-07-11 23:16:45.249","13330031561","160483128","[PREMIUM]","[PREMIUM]","General Admission",,"114_142","114",,20,"[1,2,3,4,5,6,7,8,9,10,11,12,13,14,15,16,17,18,19,20]",233,"General Admission",10,"Mobile Transfer ticket",1,"[PREMIUM]","[PREMIUM]","[PREMIUM]","[PREMIUM]",false,true,"['Clear view']","2026-07-11 19:38:33"
"13327324686","2026-07-11 23:16:45.111","2026-07-12 23:48:19.060","13327324686","160483126","[PREMIUM]","[PREMIUM]","105","AA","_",,,4,"[2,4]",611,"Lower Reserved",10,"Mobile Transfer ticket",13,"[PREMIUM]","[PREMIUM]","[PREMIUM]","[PREMIUM]",true,false,"['Limited or Obstructed View (printed on ticket)','Front Row of Section']","2026-07-11 13:55:27"
"13327325833","2026-07-11 23:16:45.111","2026-07-12 23:48:19.060","13327325833","160483126","[PREMIUM]","[PREMIUM]","105","BB","_",,,4,"[2,4]",611,"Lower Reserved",10,"Mobile Transfer ticket",13,"[PREMIUM]","[PREMIUM]","[PREMIUM]","[PREMIUM]",true,false,"['Limited or Obstructed View (printed on ticket)','Second Row of Section']","2026-07-11 13:55:30"
"13321896818","2026-07-11 23:16:45.033","2026-07-11 23:16:45.033","13321896818","160483119","[PREMIUM]","[PREMIUM]","107","CC","5_6","5","6",2,"[2]",611,"Lower Reserved",11,"Mobile ticket",1,"[PREMIUM]","[PREMIUM]","[PREMIUM]","[PREMIUM]",true,false,"['Third Row of Section','Clear view']","2026-07-11 01:58:57"
"13329696766","2026-07-11 23:16:45.033","2026-07-11 23:16:45.033","13329696766","160483119","[PREMIUM]","[PREMIUM]","105","CC","_",,,4,"[2,4]",611,"Lower Reserved",10,"Mobile Transfer ticket",1,"[PREMIUM]","[PREMIUM]","[PREMIUM]","[PREMIUM]",true,false,"['Third Row of Section','Clear view']","2026-07-11 18:56:31"
"13330577720","2026-07-11 23:16:45.033","2026-07-11 23:16:45.033","13330577720","160483119","[PREMIUM]","[PREMIUM]","105","BB","_",,,2,"[2]",611,"Lower Reserved",10,"Mobile Transfer ticket",13,"[PREMIUM]","[PREMIUM]","[PREMIUM]","[PREMIUM]",true,false,"['Limited or Obstructed View (printed on ticket)','Second Row of Section']","2026-07-11 20:47:23"
"13330953424","2026-07-11 23:16:45.033","2026-07-11 23:16:45.033","13330953424","160483119","[PREMIUM]","[PREMIUM]","106","DD","_",,,2,"[2]",611,"Lower Reserved",10,"Mobile Transfer ticket",1,"[PREMIUM]","[PREMIUM]","[PREMIUM]","[PREMIUM]",true,false,"['Clear view']","2026-07-11 22:06:57"
"12655710568","2026-07-11 23:16:44.108","2026-07-11 23:16:44.108","12655710568","160483126","[PREMIUM]","[PREMIUM]","107","DD","_",,,6,"[1,2,3,4,6]",611,"Lower Reserved",10,"Mobile Transfer ticket",1,"[PREMIUM]","[PREMIUM]","[PREMIUM]","[PREMIUM]",true,false,"['Clear view']","2026-05-11 19:07:52"
"13310436649","2026-07-11 23:16:44.108","2026-07-11 23:16:44.108","13310436649","160483126","[PREMIUM]","[PREMIUM]","General Admission","5","_",,,4,"[2,4]",233,"General Admission",10,"Mobile Transfer ticket",1,"[PREMIUM]","[PREMIUM]","[PREMIUM]","[PREMIUM]",false,true,"['Clear view']","2026-07-10 03:09:34"
"13322653393","2026-07-11 23:16:43.802","2026-07-11 23:16:43.802","13322653393","160483125","[PREMIUM]","[PREMIUM]","105","DD","_",,,4,"[2,4]",611,"Lower Reserved",10,"Mobile Transfer ticket",1,"[PREMIUM]","[PREMIUM]","[PREMIUM]","[PREMIUM]",true,false,"['Clear view']","2026-07-11 03:27:27"
"13328170721","2026-07-11 23:16:43.802","2026-07-11 23:16:43.802","13328170721","160483125","[PREMIUM]","[PREMIUM]","General Admission",,"201_250","201",,50,"[1,2,3,4,5,6,7,8,9,10,11,12,13,14,15,16,17,18,19,20,21,22,23,24,25,26,27,28,29,30,31,32,33,34,35,36,37,38,39,40,41,42,43,44,45,46,47,48,49,50]",233,"General Admission",10,"Mobile Transfer ticket",1,"[PREMIUM]","[PREMIUM]","[PREMIUM]","[PREMIUM]",false,true,"['Clear view']","2026-07-11 15:29:50"
"13327778397","2026-07-11 23:16:43.802","2026-07-11 23:16:43.802","13327778397","160483125","[PREMIUM]","[PREMIUM]","107","DD","_",,,4,"[2,4]",611,"Lower Reserved",10,"Mobile Transfer ticket",1,"[PREMIUM]","[PREMIUM]","[PREMIUM]","[PREMIUM]",true,false,"['Clear view']","2026-07-11 14:35:56"
"13327750516","2026-07-11 23:16:43.802","2026-07-11 23:16:43.802","13327750516","160483125","[PREMIUM]","[PREMIUM]","106","GG","2_5","2","5",4,"[1,2,4]",611,"Lower Reserved",10,"Mobile Transfer ticket",1,"[PREMIUM]","[PREMIUM]","[PREMIUM]","[PREMIUM]",true,false,"['Clear view']","2026-07-11 14:33:09"
"13330767517","2026-07-11 23:16:43.802","2026-07-11 23:16:43.802","13330767517","160483125","[PREMIUM]","[PREMIUM]","General Admission","13","_",,,6,"[1,2,4,6]",233,"General Admission",10,"Mobile Transfer ticket",14,"[PREMIUM]","[PREMIUM]","[PREMIUM]","[PREMIUM]",false,true,"['Clear view']","2026-07-11 21:26:39"
"13329059482","2026-07-11 23:16:43.767","2026-07-11 23:16:43.767","13329059482","160483119","[PREMIUM]","[PREMIUM]","General Admission",,"153_188","153",,20,"[1,2,3,4,5,6,7,8,9,10,11,12,13,14,15,16,17,18,19,20]",233,"General Admission",10,"Mobile Transfer ticket",1,"[PREMIUM]","[PREMIUM]","[PREMIUM]","[PREMIUM]",false,true,"['Clear view']","2026-07-11 17:33:31"
"13329698293","2026-07-11 23:16:43.767","2026-07-11 23:16:43.767","13329698293","160483119","[PREMIUM]","[PREMIUM]","107","EE","5_8","5",,4,"[2,4]",611,"Lower Reserved",10,"Mobile Transfer ticket",1,"[PREMIUM]","[PREMIUM]","[PREMIUM]","[PREMIUM]",true,false,"['Clear view']","2026-07-11 18:56:40"
"13330860671","2026-07-11 23:16:43.767","2026-07-11 23:16:43.767","13330860671","160483119","[PREMIUM]","[PREMIUM]","105","DD","_",,,2,"[2]",611,"Lower Reserved",10,"Mobile Transfer ticket",1,"[PREMIUM]","[PREMIUM]","[PREMIUM]","[PREMIUM]",true,false,"['Clear view']","2026-07-11 21:45:46"
"13331199644","2026-07-11 23:16:43.767","2026-07-11 23:16:43.767","13331199644","160483119","[PREMIUM]","[PREMIUM]","General Admission","14","_",,,1,"[1]",233,"General Admission",10,"Mobile Transfer ticket",14,"[PREMIUM]","[PREMIUM]","[PREMIUM]","[PREMIUM]",false,true,"['Clear view']","2026-07-11 22:40:34"
"13269942797","2026-07-11 23:16:43.066","2026-07-12 23:48:17.417","13269942797","161436366","[PREMIUM]","[PREMIUM]","210","19","_",,,2,"[2]",407,"Upper",10,"Mobile Transfer ticket",1,"[PREMIUM]","[PREMIUM]","[PREMIUM]","[PREMIUM]",true,true,"['Clear view']","2026-07-07 04:56:54"
"13321471207","2026-07-11 23:16:42.219","2026-07-13 23:17:54.117","13321471207","161436366","[PREMIUM]","[PREMIUM]","218","9","_",,,2,"[2]",407,"Upper",10,"Mobile Transfer ticket",1,"[PREMIUM]","[PREMIUM]","[PREMIUM]","[PREMIUM]",true,false,"['Clear view']","2026-07-11 01:18:26"
"13315539268","2026-07-11 23:16:41.835","2026-07-24 00:21:07.683","13315539268","161434637","[PREMIUM]","[PREMIUM]","112","B","_",,,2,"[2]",594,"Lower",10,"Mobile Transfer ticket",1,"[PREMIUM]","[PREMIUM]","[PREMIUM]","[PREMIUM]",true,false,"['Second Row of Section','Clear view']","2026-07-10 14:57:15"
"13328574574","2026-07-11 23:16:41.835","2026-07-11 23:16:41.835","13328574574","161434637","[PREMIUM]","[PREMIUM]","119","D","_",,,3,"[1,2,3]",594,"Lower",10,"Mobile Transfer ticket",1,"[PREMIUM]","[PREMIUM]","[PREMIUM]","[PREMIUM]",true,false,"['Clear view']","2026-07-11 16:34:29"
"13328430100","2026-07-11 23:16:41.835","2026-07-24 00:21:07.686","13328430100","161434637","[PREMIUM]","[PREMIUM]","125","B","_",,,2,"[2]",594,"Lower",10,"Mobile Transfer ticket",1,"[PREMIUM]","[PREMIUM]","[PREMIUM]","[PREMIUM]",true,false,"['Second Row of Section','Clear view']","2026-07-11 16:10:32"
"13145569439","2026-07-11 23:16:41.752","2026-07-11 23:16:41.752","13145569439","161468327","[PREMIUM]","[PREMIUM]","104","Q","1_2","1",,2,"[2]",594,"Lower",10,"Mobile Transfer ticket",1,"[PREMIUM]","[PREMIUM]","[PREMIUM]","[PREMIUM]",true,false,"['Clear view']","2026-06-25 19:58:22"
"13330138980","2026-07-11 23:16:41.752","2026-07-11 23:16:41.752","13330138980","161468327","[PREMIUM]","[PREMIUM]","120","C","5_9","5",,5,"[1,3,5]",594,"Lower",10,"Mobile Transfer ticket",1,"[PREMIUM]","[PREMIUM]","[PREMIUM]","[PREMIUM]",true,false,"['Third Row of Section','Clear view']","2026-07-11 19:52:08"
"13330147299","2026-07-11 23:16:41.752","2026-07-13 23:17:53.569","13330147299","161468327","[PREMIUM]","[PREMIUM]","210","A","11_14","11",,4,"[2,4]",471,"Middle",10,"Mobile Transfer ticket",1,"[PREMIUM]","[PREMIUM]","[PREMIUM]","[PREMIUM]",true,false,"['Front Row of Section','Clear view']","2026-07-11 19:52:54"
"13330147398","2026-07-11 23:16:41.752","2026-07-13 23:17:53.569","13330147398","161468327","[PREMIUM]","[PREMIUM]","224","A","9_10","9",,2,"[2]",471,"Middle",10,"Mobile Transfer ticket",1,"[PREMIUM]","[PREMIUM]","[PREMIUM]","[PREMIUM]",true,false,"['Front Row of Section','Clear view']","2026-07-11 19:52:55"
"13330138998","2026-07-11 23:16:41.752","2026-07-13 23:17:53.569","13330138998","161468327","[PREMIUM]","[PREMIUM]","120","D","7_8","7",,2,"[2]",594,"Lower",10,"Mobile Transfer ticket",1,"[PREMIUM]","[PREMIUM]","[PREMIUM]","[PREMIUM]",true,false,"['Clear view']","2026-07-11 19:52:08"
"13330147489","2026-07-11 23:16:41.740","2026-07-13 23:17:53.513","13330147489","161468327","[PREMIUM]","[PREMIUM]","306","B","3_10","3",,8,"[2,4,6,8]",407,"Upper",10,"Mobile Transfer ticket",1,"[PREMIUM]","[PREMIUM]","[PREMIUM]","[PREMIUM]",true,false,"['Second Row of Section','Clear view']","2026-07-11 19:52:55"
"13330153606","2026-07-11 23:16:41.740","2026-07-13 23:17:53.513","13330153606","161468327","[PREMIUM]","[PREMIUM]","308","G","1_12","1",,12,"[1,2,3,4,5,6,7,8,9,10,12]",407,"Upper",10,"Mobile Transfer ticket",1,"[PREMIUM]","[PREMIUM]","[PREMIUM]","[PREMIUM]",true,false,"['Clear view']","2026-07-11 19:53:39"
"13330153566","2026-07-11 23:16:41.740","2026-07-13 23:17:53.513","13330153566","161468327","[PREMIUM]","[PREMIUM]","306","C","8_15","8",,8,"[2,4,6,8]",407,"Upper",10,"Mobile Transfer ticket",1,"[PREMIUM]","[PREMIUM]","[PREMIUM]","[PREMIUM]",true,false,"['Third Row of Section','Clear view']","2026-07-11 19:53:38"
"13322329965","2026-07-11 23:16:41.732","2026-07-12 23:48:16.164","13322329965","161434637","[PREMIUM]","[PREMIUM]","108","C","_",,,4,"[1,2,3,4]",594,"Lower",10,"Mobile Transfer ticket",1,"[PREMIUM]","[PREMIUM]","[PREMIUM]","[PREMIUM]",true,false,"['Third Row of Section','Clear view']","2026-07-11 02:52:11"
"13331484461","2026-07-11 23:16:41.732","2026-07-11 23:16:41.732","13331484461","161434637","[PREMIUM]","[PREMIUM]","107C","J","_",,,4,"[1,2,3,4]",1724,"Club",10,"Mobile Transfer ticket",1,"[PREMIUM]","[PREMIUM]","[PREMIUM]","[PREMIUM]",true,false,"['Clear view']","2026-07-11 23:11:23"
"13315903862","2026-07-11 23:16:41.616","2026-07-13 23:17:53.759","13315903862","161434637","[PREMIUM]","[PREMIUM]","119","L","_",,,4,"[2,4]",594,"Lower",10,"Mobile Transfer ticket",1,"[PREMIUM]","[PREMIUM]","[PREMIUM]","[PREMIUM]",true,false,"['Clear view']","2026-07-10 15:41:16"
"13314984733","2026-07-11 23:16:41.616","2026-08-04 01:59:37.963","13314984733","161434637","[PREMIUM]","[PREMIUM]","112","D","_",,,6,"[1,2,3,4,6]",594,"Lower",10,"Mobile Transfer ticket",1,"[PREMIUM]","[PREMIUM]","[PREMIUM]","[PREMIUM]",true,false,"['Clear view']","2026-07-10 14:00:07"
"13315881117","2026-07-11 23:16:41.616","2026-08-04 01:59:37.532","13315881117","161434637","[PREMIUM]","[PREMIUM]","103","D","_",,,7,"[1,2,3,4,5,7]",594,"Lower",10,"Mobile Transfer ticket",1,"[PREMIUM]","[PREMIUM]","[PREMIUM]","[PREMIUM]",true,false,"['Clear view']","2026-07-10 15:38:45"
"13315789486","2026-07-11 23:16:41.616","2026-08-04 01:59:38.273","13315789486","161434637","[PREMIUM]","[PREMIUM]","114","E","_",,,4,"[2,4]",594,"Lower",10,"Mobile Transfer ticket",1,"[PREMIUM]","[PREMIUM]","[PREMIUM]","[PREMIUM]",true,false,"['Clear view']","2026-07-10 15:28:19"
"13330147366","2026-07-11 23:16:41.556","2026-07-13 23:17:53.569","13330147366","161468327","[PREMIUM]","[PREMIUM]","226","A","3_8","3",,6,"[2,4,6]",471,"Middle",10,"Mobile Transfer ticket",1,"[PREMIUM]","[PREMIUM]","[PREMIUM]","[PREMIUM]",true,false,"['Front Row of Section','Clear view']","2026-07-11 19:52:54"
"13330147469","2026-07-11 23:16:41.556","2026-07-13 23:17:53.321","13330147469","161468327","[PREMIUM]","[PREMIUM]","206","B","12_13","12",,2,"[2]",471,"Middle",10,"Mobile Transfer ticket",1,"[PREMIUM]","[PREMIUM]","[PREMIUM]","[PREMIUM]",true,false,"['Second Row of Section','Clear view']","2026-07-11 19:52:55"
"13330139022","2026-07-11 23:16:41.556","2026-07-13 23:17:53.569","13330139022","161468327","[PREMIUM]","[PREMIUM]","205","A","3_6","3",,4,"[2,4]",471,"Middle",10,"Mobile Transfer ticket",1,"[PREMIUM]","[PREMIUM]","[PREMIUM]","[PREMIUM]",true,false,"['Front Row of Section','Clear view']","2026-07-11 19:52:08"
"13330157435","2026-07-11 23:16:41.533","2026-07-13 23:17:53.446","13330157435","161468327","[PREMIUM]","[PREMIUM]","313","D","7_12","7",,6,"[2,4,6]",24794,"Milk Zone",10,"Mobile Transfer ticket",1,"[PREMIUM]","[PREMIUM]","[PREMIUM]","[PREMIUM]",true,false,"['Clear view']","2026-07-11 19:54:24"
"13330153581","2026-07-11 23:16:41.533","2026-07-13 23:17:53.446","13330153581","161468327","[PREMIUM]","[PREMIUM]","308","E","1_4","1",,4,"[2,4]",407,"Upper",10,"Mobile Transfer ticket",1,"[PREMIUM]","[PREMIUM]","[PREMIUM]","[PREMIUM]",true,false,"['Clear view']","2026-07-11 19:53:39"
"13330147566","2026-07-11 23:16:41.533","2026-07-13 23:17:53.411","13330147566","161468327","[PREMIUM]","[PREMIUM]","302","G","19_20","19",,2,"[2]",407,"Upper",10,"Mobile Transfer ticket",1,"[PREMIUM]","[PREMIUM]","[PREMIUM]","[PREMIUM]",true,false,"['Clear view']","2026-07-11 19:52:55"
"13330153593","2026-07-11 23:16:41.533","2026-07-13 23:17:53.446","13330153593","161468327","[PREMIUM]","[PREMIUM]","308","F","7_14","7",,8,"[2,4,6,8]",407,"Upper",10,"Mobile Transfer ticket",1,"[PREMIUM]","[PREMIUM]","[PREMIUM]","[PREMIUM]",true,false,"['Clear view']","2026-07-11 19:53:39"
"13330157417","2026-07-11 23:16:41.533","2026-07-13 23:17:53.411","13330157417","161468327","[PREMIUM]","[PREMIUM]","313","C","9_12","9",,4,"[2,4]",24794,"Milk Zone",10,"Mobile Transfer ticket",1,"[PREMIUM]","[PREMIUM]","[PREMIUM]","[PREMIUM]",true,false,"['Third Row of Section','Clear view']","2026-07-11 19:54:24"
"13330157446","2026-07-11 23:16:41.533","2026-07-13 23:17:53.446","13330157446","161468327","[PREMIUM]","[PREMIUM]","314","D","5_10","5",,6,"[2,4,6]",24794,"Milk Zone",10,"Mobile Transfer ticket",1,"[PREMIUM]","[PREMIUM]","[PREMIUM]","[PREMIUM]",true,false,"['Clear view']","2026-07-11 19:54:25"
"13330161563","2026-07-11 23:16:41.533","2026-07-13 23:17:53.446","13330161563","161468327","[PREMIUM]","[PREMIUM]","322","J","13_20","13",,8,"[2,4,6,8]",407,"Upper",10,"Mobile Transfer ticket",1,"[PREMIUM]","[PREMIUM]","[PREMIUM]","[PREMIUM]",true,false,"['Clear view']","2026-07-11 19:55:10"
"13330161601","2026-07-11 23:16:41.533","2026-07-13 23:17:53.411","13330161601","161468327","[PREMIUM]","[PREMIUM]","314","F","15_17","15",,3,"[1,3]",24794,"Milk Zone",10,"Mobile Transfer ticket",1,"[PREMIUM]","[PREMIUM]","[PREMIUM]","[PREMIUM]",true,false,"['Clear view']","2026-07-11 19:55:10"
"13330161617","2026-07-11 23:16:41.533","2026-07-13 23:17:53.411","13330161617","161468327","[PREMIUM]","[PREMIUM]","328","F","9_13","9",,5,"[1,3,5]",407,"Upper",10,"Mobile Transfer ticket",1,"[PREMIUM]","[PREMIUM]","[PREMIUM]","[PREMIUM]",true,false,"['Clear view']","2026-07-11 19:55:10"
"13330161676","2026-07-11 23:16:41.533","2026-07-13 23:17:53.411","13330161676","161468327","[PREMIUM]","[PREMIUM]","316","C","9_11","9",,3,"[1,3]",24794,"Milk Zone",10,"Mobile Transfer ticket",1,"[PREMIUM]","[PREMIUM]","[PREMIUM]","[PREMIUM]",true,false,"['Clear view']","2026-07-11 19:55:11"
"13330909023","2026-07-11 23:16:41.484","2026-07-11 23:16:41.484","13330909023","161434637","[PREMIUM]","[PREMIUM]","108C","P","_",,,4,"[1,2,3,4]",1724,"Club",10,"Mobile Transfer ticket",1,"[PREMIUM]","[PREMIUM]","[PREMIUM]","[PREMIUM]",true,false,"['Clear view']","2026-07-11 21:57:32"
"13329868977","2026-07-11 23:16:41.482","2026-07-18 23:26:34.942","13329868977","161434637","[PREMIUM]","[PREMIUM]","113","W","_",,,2,"[2]",594,"Lower",10,"Mobile Transfer ticket",1,"[PREMIUM]","[PREMIUM]","[PREMIUM]","[PREMIUM]",true,false,"['Clear view']","2026-07-11 19:18:46"
"13331012911","2026-07-11 23:16:41.482","2026-07-16 22:09:46.532","13331012911","161434637","[PREMIUM]","[PREMIUM]","115","N","_",,,2,"[2]",594,"Lower",10,"Mobile Transfer ticket",1,"[PREMIUM]","[PREMIUM]","[PREMIUM]","[PREMIUM]",true,false,"['Clear view']","2026-07-11 22:18:30"
"13330602180","2026-07-11 23:16:41.482","2026-07-16 22:09:46.532","13330602180","161434637","[PREMIUM]","[PREMIUM]","117","N","_",,,2,"[2]",594,"Lower",10,"Mobile Transfer ticket",1,"[PREMIUM]","[PREMIUM]","[PREMIUM]","[PREMIUM]",true,false,"['Clear view']","2026-07-11 20:50:30"
"13322125025","2026-07-11 23:16:41.473","2026-07-21 02:25:20.530","13322125025","161434637","[PREMIUM]","[PREMIUM]","103","F","_",,,2,"[2]",594,"Lower",10,"Mobile Transfer ticket",1,"[PREMIUM]","[PREMIUM]","[PREMIUM]","[PREMIUM]",true,false,"['Clear view']","2026-07-11 02:28:11"
"13329868946","2026-07-11 23:16:41.311","2026-07-12 23:48:15.932","13329868946","161434637","[PREMIUM]","[PREMIUM]","121","M","_",,,5,"[1,2,3,4,5]",594,"Lower",10,"Mobile Transfer ticket",1,"[PREMIUM]","[PREMIUM]","[PREMIUM]","[PREMIUM]",true,false,"['Clear view']","2026-07-11 19:18:46"
"13315880934","2026-07-11 23:16:41.154","2026-08-04 01:59:38.687","13315880934","161434637","[PREMIUM]","[PREMIUM]","106","R","_",,,2,"[2]",594,"Lower",10,"Mobile Transfer ticket",1,"[PREMIUM]","[PREMIUM]","[PREMIUM]","[PREMIUM]",true,false,"['Clear view']","2026-07-10 15:38:44"
"13315750457","2026-07-11 23:16:41.055","2026-07-12 23:48:15.499","13315750457","161434637","[PREMIUM]","[PREMIUM]","220","A","_",,,2,"[2]",407,"Upper",10,"Mobile Transfer ticket",1,"[PREMIUM]","[PREMIUM]","[PREMIUM]","[PREMIUM]",true,false,"['Front Row of Section','Clear view']","2026-07-10 15:23:14"
"13315880638","2026-07-11 23:16:41.055","2026-07-11 23:16:41.055","13315880638","161434637","[PREMIUM]","[PREMIUM]","111","D","_",,,4,"[2,4]",594,"Lower",10,"Mobile Transfer ticket",1,"[PREMIUM]","[PREMIUM]","[PREMIUM]","[PREMIUM]",true,false,"['Third Row of Section','Clear view']","2026-07-10 15:38:42"
"13315880998","2026-07-11 23:16:41.055","2026-08-04 01:59:38.503","13315880998","161434637","[PREMIUM]","[PREMIUM]","119","V","_",,,3,"[1,3]",594,"Lower",10,"Mobile Transfer ticket",1,"[PREMIUM]","[PREMIUM]","[PREMIUM]","[PREMIUM]",true,false,"['Clear view']","2026-07-10 15:38:44"
"13329868947","2026-07-11 23:16:41.055","2026-07-11 23:16:41.055","13329868947","161434637","[PREMIUM]","[PREMIUM]","207","A","_",,,3,"[1,2,3]",407,"Upper",10,"Mobile Transfer ticket",1,"[PREMIUM]","[PREMIUM]","[PREMIUM]","[PREMIUM]",true,false,"['Front Row of Section','Clear view']","2026-07-11 19:18:46"
"13315880677","2026-07-11 23:16:41.034","2026-07-11 23:16:41.034","13315880677","161434637","[PREMIUM]","[PREMIUM]","121","V","_",,,2,"[2]",594,"Lower",10,"Mobile Transfer ticket",1,"[PREMIUM]","[PREMIUM]","[PREMIUM]","[PREMIUM]",true,false,"['Clear view']","2026-07-10 15:38:42"
"13315539595","2026-07-11 23:16:40.994","2026-07-23 01:47:43.302","13315539595","161434637","[PREMIUM]","[PREMIUM]","211","A","_",,,8,"[1,2,3,4,5,6,7,8]",407,"Upper",10,"Mobile Transfer ticket",1,"[PREMIUM]","[PREMIUM]","[PREMIUM]","[PREMIUM]",true,false,"['Front Row of Section','Clear view']","2026-07-10 14:57:17"
"13322119340","2026-07-11 23:16:40.688","2026-07-24 00:21:06.671","13322119340","161434637","[PREMIUM]","[PREMIUM]","125","H","_",,,5,"[1,2,3,4,5]",594,"Lower",10,"Mobile Transfer ticket",1,"[PREMIUM]","[PREMIUM]","[PREMIUM]","[PREMIUM]",true,false,"['Clear view']","2026-07-11 02:27:11"
"13330765831","2026-07-11 23:16:40.688","2026-07-18 23:26:36.532","13330765831","161434637","[PREMIUM]","[PREMIUM]","103","J","_",,,5,"[1,2,3,4,5]",594,"Lower",10,"Mobile Transfer ticket",1,"[PREMIUM]","[PREMIUM]","[PREMIUM]","[PREMIUM]",true,false,"['Clear view']","2026-07-11 21:26:31"
"13330246792","2026-07-11 23:16:40.668","2026-07-13 23:17:52.777","13330246792","161434637","[PREMIUM]","[PREMIUM]","123","Q","_",,,7,"[1,2,3,4,5,6,7]",594,"Lower",10,"Mobile Transfer ticket",1,"[PREMIUM]","[PREMIUM]","[PREMIUM]","[PREMIUM]",true,false,"['Clear view']","2026-07-11 20:05:54"
"13330147628","2026-07-11 23:16:40.655","2026-07-13 23:17:52.739","13330147628","161468327","[PREMIUM]","[PREMIUM]","302","F","16_17","16",,2,"[2]",407,"Upper",10,"Mobile Transfer ticket",1,"[PREMIUM]","[PREMIUM]","[PREMIUM]","[PREMIUM]",true,false,"['Clear view']","2026-07-11 19:52:56"
"13330153625","2026-07-11 23:16:40.655","2026-07-13 23:17:52.739","13330153625","161468327","[PREMIUM]","[PREMIUM]","312","E","1_3","1",,3,"[1,3]",407,"Upper",10,"Mobile Transfer ticket",1,"[PREMIUM]","[PREMIUM]","[PREMIUM]","[PREMIUM]",true,false,"['Clear view']","2026-07-11 19:53:39"
"13330147529","2026-07-11 23:16:40.655","2026-07-13 23:17:52.739","13330147529","161468327","[PREMIUM]","[PREMIUM]","303","E","5_7","5",,3,"[1,3]",407,"Upper",10,"Mobile Transfer ticket",1,"[PREMIUM]","[PREMIUM]","[PREMIUM]","[PREMIUM]",true,false,"['Clear view']","2026-07-11 19:52:55"
"13331127448","2026-07-11 23:16:40.630","2026-07-11 23:16:40.630","13331127448","161434637","[PREMIUM]","[PREMIUM]","123","H","_",,,2,"[2]",594,"Lower",10,"Mobile Transfer ticket",1,"[PREMIUM]","[PREMIUM]","[PREMIUM]","[PREMIUM]",true,false,"['Clear view']","2026-07-11 22:34:30"
"13315539408","2026-07-11 23:16:40.576","2026-07-21 02:25:20.443","13315539408","161434637","[PREMIUM]","[PREMIUM]","116","J","_",,,8,"[1,2,3,4,5,6,7,8]",594,"Lower",10,"Mobile Transfer ticket",1,"[PREMIUM]","[PREMIUM]","[PREMIUM]","[PREMIUM]",true,false,"['Clear view']","2026-07-10 14:57:16"
"13315361717","2026-07-11 23:16:40.544","2026-08-04 01:59:37.731","13315361717","161434637","[PREMIUM]","[PREMIUM]","216","C","_",,,18,"[1,2,3,4,5,6,7,8,9,10,11,12,13,14,15,16,18]",407,"Upper",10,"Mobile Transfer ticket",1,"[PREMIUM]","[PREMIUM]","[PREMIUM]","[PREMIUM]",true,false,"['Third Row of Section','Clear view']","2026-07-10 14:39:19"
"13315361727","2026-07-11 23:16:40.493","2026-08-04 01:59:37.599","13315361727","161434637","[PREMIUM]","[PREMIUM]","216","D","_",,,18,"[1,2,3,4,5,6,7,8,9,10,11,12,13,14,15,16,18]",407,"Upper",10,"Mobile Transfer ticket",1,"[PREMIUM]","[PREMIUM]","[PREMIUM]","[PREMIUM]",true,false,"['Clear view']","2026-07-10 14:39:19"
"13321194173","2026-07-11 23:16:40.493","2026-07-12 23:48:14.173","13321194173","161434637","[PREMIUM]","[PREMIUM]","105","R","_",,,5,"[1,2,3,4,5]",594,"Lower",10,"Mobile Transfer ticket",1,"[PREMIUM]","[PREMIUM]","[PREMIUM]","[PREMIUM]",true,false,"['Clear view']","2026-07-11 00:46:27"
"13329993273","2026-07-11 23:16:40.493","2026-07-12 23:48:14.323","13329993273","161434637","[PREMIUM]","[PREMIUM]","113","H","_",,,8,"[1,2,3,4,5,6,7,8]",594,"Lower",10,"Mobile Transfer ticket",1,"[PREMIUM]","[PREMIUM]","[PREMIUM]","[PREMIUM]",true,false,"['Clear view']","2026-07-11 19:34:29"
"13327260343","2026-07-11 23:16:40.471","2026-07-16 22:09:47.063","13327260343","161434637","[PREMIUM]","[PREMIUM]","116","H","_",,,7,"[1,2,3,4,5,6,7]",594,"Lower",10,"Mobile Transfer ticket",1,"[PREMIUM]","[PREMIUM]","[PREMIUM]","[PREMIUM]",true,false,"['Clear view']","2026-07-11 13:50:30"
"13328943490","2026-07-11 23:16:40.471","2026-07-27 02:10:11.697","13328943490","161434637","[PREMIUM]","[PREMIUM]","113","G","_",,,5,"[1,2,3,4,5]",594,"Lower",10,"Mobile Transfer ticket",1,"[PREMIUM]","[PREMIUM]","[PREMIUM]","[PREMIUM]",true,false,"['Clear view']","2026-07-11 17:18:30"
"13328311683","2026-07-11 23:16:40.454","2026-07-12 23:48:14.839","13328311683","161434637","[PREMIUM]","[PREMIUM]","103","Q","_",,,7,"[1,2,3,4,5,6,7]",594,"Lower",10,"Mobile Transfer ticket",1,"[PREMIUM]","[PREMIUM]","[PREMIUM]","[PREMIUM]",true,false,"['Clear view']","2026-07-11 15:58:33"
"13319294879","2026-07-11 23:16:40.453","2026-07-18 23:26:36.628","13319294879","161434637","[PREMIUM]","[PREMIUM]","109","M","1_4","1",,4,"[1,2,4]",594,"Lower",10,"Mobile Transfer ticket",1,"[PREMIUM]","[PREMIUM]","[PREMIUM]","[PREMIUM]",true,false,"['Clear view']","2026-07-10 21:19:36"
"13323283978","2026-07-11 23:16:40.316","2026-07-11 23:16:40.316","13323283978","161434693","[PREMIUM]","[PREMIUM]","223","9","_",,,2,"[2]",4957,"Mezzanine Corner",10,"Mobile Transfer ticket",1,"[PREMIUM]","[PREMIUM]","[PREMIUM]","[PREMIUM]",true,false,"['Clear view']","2026-07-11 04:42:44"
"13315539392","2026-07-11 23:16:40.027","2026-07-22 03:58:43.960","13315539392","161434637","[PREMIUM]","[PREMIUM]","124","T","_",,,2,"[2]",594,"Lower",10,"Mobile Transfer ticket",1,"[PREMIUM]","[PREMIUM]","[PREMIUM]","[PREMIUM]",true,false,"['Clear view']","2026-07-10 14:57:16"
"13315361723","2026-07-11 23:16:39.972","2026-08-04 01:59:42.975","13315361723","161434637","[PREMIUM]","[PREMIUM]","216","E","_",,,24,"[1,2,3,4,5,6,7,8,9,10,11,12,13,14,15,16,17,18,19,20,21,22,24]",407,"Upper",10,"Mobile Transfer ticket",1,"[PREMIUM]","[PREMIUM]","[PREMIUM]","[PREMIUM]",true,false,"['Clear view']","2026-07-10 14:39:19"
"13328311676","2026-07-11 23:16:39.972","2026-07-18 02:33:06.193","13328311676","161434637","[PREMIUM]","[PREMIUM]","112","P","_",,,2,"[2]",594,"Lower",10,"Mobile Transfer ticket",1,"[PREMIUM]","[PREMIUM]","[PREMIUM]","[PREMIUM]",true,false,"['Clear view']","2026-07-11 15:58:33"
"13328395762","2026-07-11 23:16:39.972","2026-07-13 23:17:51.956","13328395762","161434637","[PREMIUM]","[PREMIUM]","226","D","_",,,2,"[2]",407,"Upper",10,"Mobile Transfer ticket",1,"[PREMIUM]","[PREMIUM]","[PREMIUM]","[PREMIUM]",true,false,"['Clear view']","2026-07-11 16:07:10"
"13321210827","2026-07-11 23:16:39.955","2026-07-13 23:17:51.956","13321210827","161434637","[PREMIUM]","[PREMIUM]","226","B","_",,,8,"[1,2,3,4,5,6,7,8]",407,"Upper",10,"Mobile Transfer ticket",1,"[PREMIUM]","[PREMIUM]","[PREMIUM]","[PREMIUM]",true,false,"['Second Row of Section','Clear view']","2026-07-11 00:48:49"
"13315361720","2026-07-11 23:16:39.905","2026-08-04 01:59:37.838","13315361720","161434637","[PREMIUM]","[PREMIUM]","210","E","_",,,20,"[1,2,3,4,5,6,7,8,9,10,11,12,13,14,15,16,17,18,20]",407,"Upper",10,"Mobile Transfer ticket",1,"[PREMIUM]","[PREMIUM]","[PREMIUM]","[PREMIUM]",true,false,"['Clear view']","2026-07-10 14:39:19"
"13328311675","2026-07-11 23:16:39.885","2026-07-19 23:44:08.109","13328311675","161434637","[PREMIUM]","[PREMIUM]","116","S","_",,,5,"[1,2,3,4,5]",594,"Lower",10,"Mobile Transfer ticket",1,"[PREMIUM]","[PREMIUM]","[PREMIUM]","[PREMIUM]",true,false,"['Clear view']","2026-07-11 15:58:33"
"13328311682","2026-07-11 23:16:39.885","2026-07-11 23:16:39.885","13328311682","161434637","[PREMIUM]","[PREMIUM]","111","R","_",,,6,"[1,2,3,4,5,6]",594,"Lower",10,"Mobile Transfer ticket",1,"[PREMIUM]","[PREMIUM]","[PREMIUM]","[PREMIUM]",true,false,"['Clear view']","2026-07-11 15:58:33"
"13328878227","2026-07-11 23:16:39.885","2026-07-11 23:16:39.885","13328878227","161434637","[PREMIUM]","[PREMIUM]","117","M","_",,,2,"[2]",594,"Lower",10,"Mobile Transfer ticket",1,"[PREMIUM]","[PREMIUM]","[PREMIUM]","[PREMIUM]",true,false,"['Clear view']","2026-07-11 17:10:33"
"13321114120","2026-07-11 23:16:39.885","2026-07-28 23:19:00.329","13321114120","161434637","[PREMIUM]","[PREMIUM]","113","P","_",,,3,"[1,2,3]",594,"Lower",10,"Mobile Transfer ticket",1,"[PREMIUM]","[PREMIUM]","[PREMIUM]","[PREMIUM]",true,false,"['Clear view']","2026-07-11 00:38:15"
"13315539738","2026-07-11 23:16:39.875","2026-07-23 01:47:41.726","13315539738","161434637","[PREMIUM]","[PREMIUM]","217","D","_",,,8,"[1,2,3,4,5,6,7,8]",407,"Upper",10,"Mobile Transfer ticket",1,"[PREMIUM]","[PREMIUM]","[PREMIUM]","[PREMIUM]",true,false,"['Clear view']","2026-07-10 14:57:17"
"13319157520","2026-07-11 23:16:39.875","2026-07-22 03:58:43.193","13319157520","161434637","[PREMIUM]","[PREMIUM]","217","C","_",,,5,"[1,2,3,4,5]",407,"Upper",10,"Mobile Transfer ticket",1,"[PREMIUM]","[PREMIUM]","[PREMIUM]","[PREMIUM]",true,false,"['Third Row of Section','Clear view']","2026-07-10 20:56:15"
"13326561140","2026-07-11 23:16:39.875","2026-07-11 23:16:39.875","13326561140","161434637","[PREMIUM]","[PREMIUM]","210","G","_",,,8,"[1,2,3,4,5,6,7,8]",407,"Upper",10,"Mobile Transfer ticket",1,"[PREMIUM]","[PREMIUM]","[PREMIUM]","[PREMIUM]",true,false,"['Clear view']","2026-07-11 12:10:36"
"13330801865","2026-07-11 23:16:39.875","2026-07-27 02:10:08.240","13330801865","161434637","[PREMIUM]","[PREMIUM]","216","G","_",,,8,"[1,2,3,4,5,6,7,8]",407,"Upper",10,"Mobile Transfer ticket",1,"[PREMIUM]","[PREMIUM]","[PREMIUM]","[PREMIUM]",true,false,"['Clear view']","2026-07-11 21:34:31"
"13315361736","2026-07-11 23:16:39.820","2026-08-02 23:16:01.250","13315361736","161434637","[PREMIUM]","[PREMIUM]","210","D","_",,,16,"[1,2,3,4,5,6,7,8,9,10,11,12,13,14,16]",407,"Upper",10,"Mobile Transfer ticket",1,"[PREMIUM]","[PREMIUM]","[PREMIUM]","[PREMIUM]",true,false,"['Clear view']","2026-07-10 14:39:19"
"13322033434","2026-07-11 23:16:39.536","2026-07-13 23:17:51.811","13322033434","161434637","[PREMIUM]","[PREMIUM]","210","F","_",,,8,"[1,2,3,4,5,6,7,8]",407,"Upper",10,"Mobile Transfer ticket",1,"[PREMIUM]","[PREMIUM]","[PREMIUM]","[PREMIUM]",true,false,"['Clear view']","2026-07-11 02:16:12"
"13322174700","2026-07-11 23:16:39.521","2026-07-11 23:16:39.521","13322174700","161434637","[PREMIUM]","[PREMIUM]","204","B","_",,,15,"[1,2,3,4,5,6,7,8,9,10,11,12,13,14,15]",407,"Upper",10,"Mobile Transfer ticket",1,"[PREMIUM]","[PREMIUM]","[PREMIUM]","[PREMIUM]",true,false,"['Second Row of Section','Clear view']","2026-07-11 02:34:39"
"13315539678","2026-07-11 23:16:39.402","2026-07-23 01:47:41.643","13315539678","161434637","[PREMIUM]","[PREMIUM]","201","C","_",,,8,"[1,2,3,4,5,6,7,8]",407,"Upper",10,"Mobile Transfer ticket",1,"[PREMIUM]","[PREMIUM]","[PREMIUM]","[PREMIUM]",true,false,"['Third Row of Section','Clear view']","2026-07-10 14:57:17"
"13329868978","2026-07-11 23:16:39.402","2026-07-23 01:47:41.554","13329868978","161434637","[PREMIUM]","[PREMIUM]","203","C","_",,,8,"[1,2,3,4,5,6,7,8]",407,"Upper",10,"Mobile Transfer ticket",1,"[PREMIUM]","[PREMIUM]","[PREMIUM]","[PREMIUM]",true,false,"['Third Row of Section','Clear view']","2026-07-11 19:18:46"
"13326779137","2026-07-11 23:16:39.218","2026-07-12 23:48:13.465","13326779137","161434693","[PREMIUM]","[PREMIUM]","204","2","1_2","1",,2,"[2]",4957,"Mezzanine Corner",10,"Mobile Transfer ticket",1,"[PREMIUM]","[PREMIUM]","[PREMIUM]","[PREMIUM]",true,false,"['Aisle seat','Second Row of Section','Clear view']","2026-07-11 12:44:39"
"13326770629","2026-07-11 23:16:39.218","2026-07-31 06:30:01.184","13326770629","161434693","[PREMIUM]","[PREMIUM]","211","2","_",,,2,"[2]",4957,"Mezzanine Corner",10,"Mobile Transfer ticket",1,"[PREMIUM]","[PREMIUM]","[PREMIUM]","[PREMIUM]",true,false,"['Second Row of Section','Clear view']","2026-07-11 12:43:24"
"13321601011","2026-07-11 23:16:38.866","2026-07-23 01:47:41.063","13321601011","161434637","[PREMIUM]","[PREMIUM]","217","E","_",,,4,"[1,2,3,4]",407,"Upper",10,"Mobile Transfer ticket",1,"[PREMIUM]","[PREMIUM]","[PREMIUM]","[PREMIUM]",true,false,"['Clear view']","2026-07-11 01:33:09"
"13314639482","2026-07-11 23:16:37.875","2026-07-11 23:16:37.875","13314639482","161459856","[PREMIUM]","[PREMIUM]","223","20","_",,,2,"[2]",3803,"200 Level",10,"Mobile Transfer ticket",1,"[PREMIUM]","[PREMIUM]","[PREMIUM]","[PREMIUM]",true,false,"['Clear view']","2026-07-10 13:23:41"
"13301009624","2026-07-11 23:16:36.556","2026-07-12 23:48:14.320","13301009624","161502007","[PREMIUM]","[PREMIUM]","210","1","9001_9001","9001",,1,"[1]",407,"Upper",10,"Mobile Transfer ticket",13,"[PREMIUM]","[PREMIUM]","[PREMIUM]","[PREMIUM]",false,false,"['Front Row of Section','Clear view']","2026-07-09 11:30:42"
"13301004038","2026-07-11 23:16:36.556","2026-07-18 23:24:49.597","13301004038","161502007","[PREMIUM]","[PREMIUM]","109","2","9001_9004","9001",,4,"[2,4]",594,"Lower",10,"Mobile Transfer ticket",13,"[PREMIUM]","[PREMIUM]","[PREMIUM]","[PREMIUM]",true,false,"['Limited or Obstructed View (printed on ticket)','Second Row of Section']","2026-07-09 11:29:48"
"13301000630","2026-07-11 23:16:36.556","2026-07-12 23:48:14.320","13301000630","161502007","[PREMIUM]","[PREMIUM]","203","1","9001_9002","9001",,2,"[2]",407,"Upper",10,"Mobile Transfer ticket",13,"[PREMIUM]","[PREMIUM]","[PREMIUM]","[PREMIUM]",true,false,"['Limited or Obstructed View (printed on ticket)','Front Row of Section']","2026-07-09 11:29:25"
"13301000125","2026-07-11 23:16:36.556","2026-07-12 23:48:14.320","13301000125","161502007","[PREMIUM]","[PREMIUM]","210","2","9001_9003","9001",,3,"[1,3]",407,"Upper",10,"Mobile Transfer ticket",13,"[PREMIUM]","[PREMIUM]","[PREMIUM]","[PREMIUM]",true,false,"['Limited or Obstructed View (printed on ticket)','Second Row of Section']","2026-07-09 11:29:22"
"13323058120","2026-07-11 23:16:36.556","2026-07-11 23:16:36.556","13323058120","161502007","[PREMIUM]","[PREMIUM]","116C","3","9001_9001","9001",,1,"[1]",27866,"The Morning Call Club",10,"Mobile Transfer ticket",13,"[PREMIUM]","[PREMIUM]","[PREMIUM]","[PREMIUM]",false,false,"['Limited or Obstructed View (printed on ticket)','Third Row of Section']","2026-07-11 04:18:36"
"13324730147","2026-07-11 23:16:36.556","2026-07-13 23:17:52.368","13324730147","161502007","[PREMIUM]","[PREMIUM]","103","1","9001_9008","9001",,8,"[1,2,3,4,5,6,8]",594,"Lower",10,"Mobile Transfer ticket",13,"[PREMIUM]","[PREMIUM]","[PREMIUM]","[PREMIUM]",true,false,"['Limited or Obstructed View (printed on ticket)','Front Row of Section']","2026-07-11 07:59:35"
"13306853163","2026-07-11 23:16:35.947","2026-07-12 23:48:13.471","13306853163","161502006","[PREMIUM]","[PREMIUM]","115C","15","9001_9002","9001",,2,"[2]",27866,"The Morning Call Club",10,"Mobile Transfer ticket",1,"[PREMIUM]","[PREMIUM]","[PREMIUM]","[PREMIUM]",true,false,"['Clear view']","2026-07-09 20:50:16"
"13308937541","2026-07-11 23:16:35.947","2026-07-12 23:48:13.471","13308937541","161502006","[PREMIUM]","[PREMIUM]","116C","12","9001_9002","9001",,2,"[2]",27866,"The Morning Call Club",10,"Mobile Transfer ticket",1,"[PREMIUM]","[PREMIUM]","[PREMIUM]","[PREMIUM]",true,false,"['Clear view']","2026-07-09 23:45:37"
"13329967539","2026-07-11 23:16:35.947","2026-07-11 23:16:35.947","13329967539","161502006","[PREMIUM]","[PREMIUM]","116C","11","9001_9002","9001",,2,"[2]",27866,"The Morning Call Club",10,"Mobile Transfer ticket",1,"[PREMIUM]","[PREMIUM]","[PREMIUM]","[PREMIUM]",true,false,"['Clear view']","2026-07-11 19:30:29"
"13329299658","2026-07-11 23:16:35.947","2026-07-11 23:16:35.947","13329299658","161502006","[PREMIUM]","[PREMIUM]","114C","9","9001_9002","9001",,2,"[2]",27866,"The Morning Call Club",10,"Mobile Transfer ticket",1,"[PREMIUM]","[PREMIUM]","[PREMIUM]","[PREMIUM]",true,false,"['Clear view']","2026-07-11 18:01:32"
"13329965615","2026-07-11 23:16:35.947","2026-07-11 23:16:35.947","13329965615","161502006","[PREMIUM]","[PREMIUM]","114C","5","9001_9003","9001",,3,"[1,2,3]",27866,"The Morning Call Club",10,"Mobile Transfer ticket",1,"[PREMIUM]","[PREMIUM]","[PREMIUM]","[PREMIUM]",true,false,"['Clear view']","2026-07-11 19:30:22"
"13330178525","2026-07-11 23:16:35.917","2026-08-04 05:31:07.888","13330178525","161468338","[PREMIUM]","[PREMIUM]","206","B","12_13","12",,2,"[2]",471,"Middle",10,"Mobile Transfer ticket",1,"[PREMIUM]","[PREMIUM]","[PREMIUM]","[PREMIUM]",true,false,"['Second Row of Section','Clear view']","2026-07-11 19:56:42"
"13315788152","2026-07-11 23:16:35.825","2026-07-13 23:17:44.699","13315788152","160212671","[PREMIUM]","[PREMIUM]","114","2","9001_9001","9001",,1,"[1]",2432,"Lower Corner",10,"Mobile Transfer ticket",13,"[PREMIUM]","[PREMIUM]","[PREMIUM]","[PREMIUM]",false,true,"['Limited or Obstructed View (printed on ticket)']","2026-07-10 15:28:12"
"13322818800","2026-07-11 23:16:35.825","2026-07-13 23:17:44.699","13322818800","160212671","[PREMIUM]","[PREMIUM]","128","2","_",,,8,"[2,4,6,8]",2430,"Lower Sideline",10,"Mobile Transfer ticket",13,"[PREMIUM]","[PREMIUM]","[PREMIUM]","[PREMIUM]",true,true,"['Limited or Obstructed View (printed on ticket)']","2026-07-11 03:47:57"
"13322816407","2026-07-11 23:16:35.825","2026-07-13 23:17:44.613","13322816407","160212671","[PREMIUM]","[PREMIUM]","224","1","_",,,1,"[1]",2443,"Upper Corner",10,"Mobile Transfer ticket",13,"[PREMIUM]","[PREMIUM]","[PREMIUM]","[PREMIUM]",false,true,"['Limited or Obstructed View (printed on ticket)']","2026-07-11 03:47:51"
"13322817310","2026-07-11 23:16:35.825","2026-07-12 23:48:05.906","13322817310","160212671","[PREMIUM]","[PREMIUM]","233","1","_",,,4,"[2,4]",2422,"Upper Sideline",10,"Mobile Transfer ticket",13,"[PREMIUM]","[PREMIUM]","[PREMIUM]","[PREMIUM]",true,true,"['Limited or Obstructed View (printed on ticket)']","2026-07-11 03:47:53"
"13322818120","2026-07-11 23:16:35.825","2026-07-13 23:17:44.699","13322818120","160212671","[PREMIUM]","[PREMIUM]","133","1","_",,,1,"[1]",2430,"Lower Sideline",10,"Mobile Transfer ticket",13,"[PREMIUM]","[PREMIUM]","[PREMIUM]","[PREMIUM]",false,true,"['Limited or Obstructed View (printed on ticket)']","2026-07-11 03:47:55"
"13296452298","2026-07-11 23:16:35.778","2026-07-12 23:48:13.400","13296452298","161502006","[PREMIUM]","[PREMIUM]","115C","6","9001_9002","9001",,2,"[2]",27866,"The Morning Call Club",10,"Mobile Transfer ticket",1,"[PREMIUM]","[PREMIUM]","[PREMIUM]","[PREMIUM]",true,false,"['Clear view']","2026-07-09 04:45:02"
"13322853854","2026-07-11 23:16:35.772","2026-07-13 23:17:51.517","13322853854","161502006","[PREMIUM]","[PREMIUM]","115C","3","9001_9003","9001",,3,"[1,2,3]",27866,"The Morning Call Club",10,"Mobile Transfer ticket",13,"[PREMIUM]","[PREMIUM]","[PREMIUM]","[PREMIUM]",true,false,"['Limited or Obstructed View (printed on ticket)','Third Row of Section']","2026-07-11 03:52:45"
"13322849620","2026-07-11 23:16:35.772","2026-07-12 23:48:13.381","13322849620","161502006","[PREMIUM]","[PREMIUM]","210","2","9001_9003","9001",,3,"[1,2,3]",407,"Upper",10,"Mobile Transfer ticket",13,"[PREMIUM]","[PREMIUM]","[PREMIUM]","[PREMIUM]",true,false,"['Limited or Obstructed View (printed on ticket)','Second Row of Section']","2026-07-11 03:52:19"
"13322850027","2026-07-11 23:16:35.772","2026-07-23 01:44:55.217","13322850027","161502006","[PREMIUM]","[PREMIUM]","106","2","9001_9002","9001",,2,"[1,2]",594,"Lower",10,"Mobile Transfer ticket",13,"[PREMIUM]","[PREMIUM]","[PREMIUM]","[PREMIUM]",true,false,"['Limited or Obstructed View (printed on ticket)','Second Row of Section']","2026-07-11 03:52:23"
"13322852502","2026-07-11 23:16:35.772","2026-07-11 23:16:35.772","13322852502","161502006","[PREMIUM]","[PREMIUM]","105","2","9001_9008","9001",,8,"[1,2,3,4,5,6,8]",594,"Lower",10,"Mobile Transfer ticket",13,"[PREMIUM]","[PREMIUM]","[PREMIUM]","[PREMIUM]",true,true,"['Limited or Obstructed View (printed on ticket)']","2026-07-11 03:52:34"
"13322852790","2026-07-11 23:16:35.772","2026-07-31 05:55:37.400","13322852790","161502006","[PREMIUM]","[PREMIUM]","117","3","_",,,3,"[1,3]",594,"Lower",10,"Mobile Transfer ticket",13,"[PREMIUM]","[PREMIUM]","[PREMIUM]","[PREMIUM]",true,false,"['Limited or Obstructed View (printed on ticket)','Third Row of Section']","2026-07-11 03:52:35"
"13322819594","2026-07-11 23:16:35.770","2026-07-13 23:17:44.699","13322819594","160212671","[PREMIUM]","[PREMIUM]","141","2","_",,,4,"[2,4]",2431,"Lower Endzone",10,"Mobile Transfer ticket",13,"[PREMIUM]","[PREMIUM]","[PREMIUM]","[PREMIUM]",true,true,"['Limited or Obstructed View (printed on ticket)']","2026-07-11 03:47:59"
"13304980880","2026-07-11 23:16:35.625","2026-07-18 23:24:48.915","13304980880","161502007","[PREMIUM]","[PREMIUM]","104","5","6_7","6",,2,"[2]",594,"Lower",10,"Mobile Transfer ticket",1,"[PREMIUM]","[PREMIUM]","[PREMIUM]","[PREMIUM]",true,false,"['Clear view']","2026-07-09 18:05:57"
"13315780444","2026-07-11 23:16:35.621","2026-07-13 23:17:43.952","13315780444","160212671","[PREMIUM]","[PREMIUM]","102","3","9001_9003","9001",,3,"[1,3]",2432,"Lower Corner",10,"Mobile Transfer ticket",13,"[PREMIUM]","[PREMIUM]","[PREMIUM]","[PREMIUM]",true,true,"['Limited or Obstructed View (printed on ticket)']","2026-07-10 15:27:31"
"13316389465","2026-07-11 23:16:35.621","2026-07-13 23:17:43.952","13316389465","160212671","[PREMIUM]","[PREMIUM]","136","2","9001_9004","9001",,4,"[1,2,4]",2432,"Lower Corner",10,"Mobile Transfer ticket",13,"[PREMIUM]","[PREMIUM]","[PREMIUM]","[PREMIUM]",true,true,"['Limited or Obstructed View (printed on ticket)']","2026-07-10 16:23:12"
"13316574680","2026-07-11 23:16:35.621","2026-07-13 23:17:43.952","13316574680","160212671","[PREMIUM]","[PREMIUM]","136","3","9001_9004","9001",,4,"[1,2,4]",2432,"Lower Corner",10,"Mobile Transfer ticket",13,"[PREMIUM]","[PREMIUM]","[PREMIUM]","[PREMIUM]",true,true,"['Limited or Obstructed View (printed on ticket)']","2026-07-10 16:36:56"
"13322818188","2026-07-11 23:16:35.621","2026-07-13 23:17:43.952","13322818188","160212671","[PREMIUM]","[PREMIUM]","123","3","_",,,1,"[1]",2432,"Lower Corner",10,"Mobile Transfer ticket",13,"[PREMIUM]","[PREMIUM]","[PREMIUM]","[PREMIUM]",false,true,"['Limited or Obstructed View (printed on ticket)']","2026-07-11 03:47:55"
"13322830378","2026-07-11 23:16:35.621","2026-07-13 23:17:43.831","13322830378","160212671","[PREMIUM]","[PREMIUM]","102","2","_",,,8,"[2,4,6,8]",2432,"Lower Corner",10,"Mobile Transfer ticket",13,"[PREMIUM]","[PREMIUM]","[PREMIUM]","[PREMIUM]",true,true,"['Limited or Obstructed View (printed on ticket)']","2026-07-11 03:50:01"
"13322818461","2026-07-11 23:16:35.621","2026-07-11 23:16:35.621","13322818461","160212671","[PREMIUM]","[PREMIUM]","126","2","_",,,2,"[2]",2430,"Lower Sideline",10,"Mobile Transfer ticket",13,"[PREMIUM]","[PREMIUM]","[PREMIUM]","[PREMIUM]",true,true,"['Limited or Obstructed View (printed on ticket)']","2026-07-11 03:47:56"
"13297942775","2026-07-11 23:16:35.523","2026-07-12 23:48:14.222","13297942775","161502007","[PREMIUM]","[PREMIUM]","113C","5","9001_9002","9001",,2,"[2]",27866,"The Morning Call Club",10,"Mobile Transfer ticket",1,"[PREMIUM]","[PREMIUM]","[PREMIUM]","[PREMIUM]",true,false,"['Clear view']","2026-07-09 06:42:59"
"13299312593","2026-07-11 23:16:35.523","2026-07-12 23:48:14.142","13299312593","161502007","[PREMIUM]","[PREMIUM]","115C","14","9001_9002","9001",,2,"[2]",27866,"The Morning Call Club",10,"Mobile Transfer ticket",1,"[PREMIUM]","[PREMIUM]","[PREMIUM]","[PREMIUM]",true,false,"['Clear view']","2026-07-09 08:50:01"
"13321579665","2026-07-11 23:16:35.523","2026-07-11 23:16:35.523","13321579665","161502007","[PREMIUM]","[PREMIUM]","116C","7","9001_9002","9001",,2,"[2]",27866,"The Morning Call Club",10,"Mobile Transfer ticket",1,"[PREMIUM]","[PREMIUM]","[PREMIUM]","[PREMIUM]",true,false,"['Clear view']","2026-07-11 01:30:24"
"13322817367","2026-07-11 23:16:35.523","2026-07-13 23:17:43.831","13322817367","160212671","[PREMIUM]","[PREMIUM]","130","1","_",,,8,"[1,2,3,4,5,6,7,8]",2430,"Lower Sideline",10,"Mobile Transfer ticket",13,"[PREMIUM]","[PREMIUM]","[PREMIUM]","[PREMIUM]",true,true,"['Limited or Obstructed View (printed on ticket)']","2026-07-11 03:47:53"
"13322816370","2026-07-11 23:16:35.523","2026-07-11 23:16:35.523","13322816370","160212671","[PREMIUM]","[PREMIUM]","141","3","_",,,4,"[2,4]",2431,"Lower Endzone",10,"Mobile Transfer ticket",13,"[PREMIUM]","[PREMIUM]","[PREMIUM]","[PREMIUM]",true,true,"['Limited or Obstructed View (printed on ticket)']","2026-07-11 03:47:51"
"13322818547","2026-07-11 23:16:35.523","2026-07-13 23:17:43.831","13322818547","160212671","[PREMIUM]","[PREMIUM]","110","1","_",,,4,"[2,4]",2430,"Lower Sideline",10,"Mobile Transfer ticket",13,"[PREMIUM]","[PREMIUM]","[PREMIUM]","[PREMIUM]",true,true,"['Limited or Obstructed View (printed on ticket)']","2026-07-11 03:47:57"
"13323908692","2026-07-11 23:16:35.523","2026-07-11 23:16:35.523","13323908692","161502007","[PREMIUM]","[PREMIUM]","116C","5","9001_9003","9001",,3,"[1,2,3]",27866,"The Morning Call Club",10,"Mobile Transfer ticket",1,"[PREMIUM]","[PREMIUM]","[PREMIUM]","[PREMIUM]",true,false,"['Clear view']","2026-07-11 05:46:25"
"13329294597","2026-07-11 23:16:35.523","2026-07-11 23:16:35.523","13329294597","161502007","[PREMIUM]","[PREMIUM]","113","5","_",,,4,"[1,2,3,4]",594,"Lower",10,"Mobile Transfer ticket",13,"[PREMIUM]","[PREMIUM]","[PREMIUM]","[PREMIUM]",true,false,"['Limited or Obstructed View (printed on ticket)']","2026-07-11 18:01:01"
"13307380484","2026-07-11 23:16:35.421","2026-07-13 23:17:44.677","13307380484","160212671","[PREMIUM]","[PREMIUM]","211","2","_",,,2,"[2]",2422,"Upper Sideline",10,"Mobile Transfer ticket",1,"[PREMIUM]","[PREMIUM]","[PREMIUM]","[PREMIUM]",true,true,"['Clear view']","2026-07-09 21:37:49"
"13319726345","2026-07-11 23:16:35.421","2026-07-12 23:48:05.906","13319726345","160212671","[PREMIUM]","[PREMIUM]","205","12","_",,,2,"[2]",2422,"Upper Sideline",10,"Mobile Transfer ticket",1,"[PREMIUM]","[PREMIUM]","[PREMIUM]","[PREMIUM]",true,true,"['Clear view']","2026-07-10 22:20:24"
"13322817671","2026-07-11 23:16:35.421","2026-07-13 23:17:44.677","13322817671","160212671","[PREMIUM]","[PREMIUM]","233","4","_",,,4,"[2,4]",2422,"Upper Sideline",10,"Mobile Transfer ticket",13,"[PREMIUM]","[PREMIUM]","[PREMIUM]","[PREMIUM]",true,true,"['Clear view']","2026-07-11 03:47:54"
"13308783623","2026-07-11 23:16:35.335","2026-07-12 23:48:13.350","13308783623","161502007","[PREMIUM]","[PREMIUM]","116C","14","_",,,4,"[2,4]",27866,"The Morning Call Club",10,"Mobile Transfer ticket",1,"[PREMIUM]","[PREMIUM]","[PREMIUM]","[PREMIUM]",true,false,"['Clear view']","2026-07-09 23:30:16"
"13304980994","2026-07-11 23:16:35.335","2026-08-02 23:13:37.846","13304980994","161502007","[PREMIUM]","[PREMIUM]","105","4","5_12","5",,8,"[1,2,3,4,5,6,8]",594,"Lower",10,"Mobile Transfer ticket",1,"[PREMIUM]","[PREMIUM]","[PREMIUM]","[PREMIUM]",true,false,"['Second Row of Section','Clear view']","2026-07-09 18:05:57"
"13321579661","2026-07-11 23:16:35.335","2026-07-11 23:16:35.335","13321579661","161502007","[PREMIUM]","[PREMIUM]","209","1","9001_9003","9001",,3,"[1,2,3]",407,"Upper",10,"Mobile Transfer ticket",1,"[PREMIUM]","[PREMIUM]","[PREMIUM]","[PREMIUM]",true,false,"['Front Row of Section','Clear view']","2026-07-11 01:30:24"
"13321819912","2026-07-11 23:16:35.335","2026-07-11 23:16:35.335","13321819912","161502007","[PREMIUM]","[PREMIUM]","207","1","9001_9003","9001",,3,"[1,2,3]",407,"Upper",10,"Mobile Transfer ticket",1,"[PREMIUM]","[PREMIUM]","[PREMIUM]","[PREMIUM]",true,false,"['Front Row of Section','Clear view']","2026-07-11 01:53:07"
"13321579688","2026-07-11 23:16:35.335","2026-07-11 23:16:35.335","13321579688","161502007","[PREMIUM]","[PREMIUM]","206","1","9001_9002","9001",,2,"[2]",407,"Upper",10,"Mobile Transfer ticket",1,"[PREMIUM]","[PREMIUM]","[PREMIUM]","[PREMIUM]",true,false,"['Front Row of Section','Clear view']","2026-07-11 01:30:24"
"13295884437","2026-07-11 23:16:35.317","2026-07-12 23:48:14.142","13295884437","161502007","[PREMIUM]","[PREMIUM]","115C","13","9001_9002","9001",,2,"[2]",27866,"The Morning Call Club",10,"Mobile Transfer ticket",1,"[PREMIUM]","[PREMIUM]","[PREMIUM]","[PREMIUM]",true,false,"['Clear view']","2026-07-09 04:07:35"
"13295877987","2026-07-11 23:16:35.317","2026-07-12 23:48:14.142","13295877987","161502007","[PREMIUM]","[PREMIUM]","116C","11","9001_9002","9001",,2,"[2]",27866,"The Morning Call Club",10,"Mobile Transfer ticket",1,"[PREMIUM]","[PREMIUM]","[PREMIUM]","[PREMIUM]",true,false,"['Clear view']","2026-07-09 04:07:12"
"13307040839","2026-07-11 23:16:35.317","2026-07-12 23:48:14.142","13307040839","161502007","[PREMIUM]","[PREMIUM]","116C","8","9001_9002","9001",,2,"[2]",27866,"The Morning Call Club",10,"Mobile Transfer ticket",1,"[PREMIUM]","[PREMIUM]","[PREMIUM]","[PREMIUM]",true,false,"['Clear view']","2026-07-09 21:11:42"
"13308783616","2026-07-11 23:16:35.317","2026-07-12 23:48:13.350","13308783616","161502007","[PREMIUM]","[PREMIUM]","114C","14","_",,,6,"[6]",27866,"The Morning Call Club",10,"Mobile Transfer ticket",1,"[PREMIUM]","[PREMIUM]","[PREMIUM]","[PREMIUM]",true,false,"['Clear view']","2026-07-09 23:30:16"
"13323908689","2026-07-11 23:16:35.287","2026-07-12 23:48:13.102","13323908689","161502007","[PREMIUM]","[PREMIUM]","119","14","9001_9004","9001",,4,"[1,2,3,4]",594,"Lower",10,"Mobile Transfer ticket",1,"[PREMIUM]","[PREMIUM]","[PREMIUM]","[PREMIUM]",true,false,"['Clear view']","2026-07-11 05:46:25"
"13326024667","2026-07-11 23:16:35.178","2026-07-12 23:48:12.949","13326024667","161502007","[PREMIUM]","[PREMIUM]","106","4","9001_9002","9001",,2,"[2]",594,"Lower",10,"Mobile Transfer ticket",1,"[PREMIUM]","[PREMIUM]","[PREMIUM]","[PREMIUM]",true,false,"['Clear view']","2026-07-11 11:06:25"
"13321579685","2026-07-11 23:16:35.022","2026-07-11 23:16:35.022","13321579685","161502007","[PREMIUM]","[PREMIUM]","208","2","9001_9002","9001",,2,"[2]",407,"Upper",10,"Mobile Transfer ticket",1,"[PREMIUM]","[PREMIUM]","[PREMIUM]","[PREMIUM]",true,false,"['Second Row of Section','Clear view']","2026-07-11 01:30:24"
"13304949765","2026-07-11 23:16:34.672","2026-08-04 01:57:00.228","13304949765","161502006","[PREMIUM]","[PREMIUM]","121","3","13_16","13",,4,"[1,2,4]",594,"Lower",10,"Mobile Transfer ticket",1,"[PREMIUM]","[PREMIUM]","[PREMIUM]","[PREMIUM]",true,false,"['Third Row of Section','Clear view']","2026-07-09 18:04:08"
"13309903867","2026-07-11 23:16:34.093","2026-07-11 23:16:34.093","13309903867","160212671","[PREMIUM]","[PREMIUM]","212","2","9001_9001","9001",,1,"[1]",2422,"Upper Sideline",11,"Mobile ticket",1,"[PREMIUM]","[PREMIUM]","[PREMIUM]","[PREMIUM]",false,true,"['Clear view']","2026-07-10 01:49:04"
"13309903806","2026-07-11 23:16:34.093","2026-07-11 23:16:34.093","13309903806","160212671","[PREMIUM]","[PREMIUM]","211","9","9001_9001","9001",,1,"[1]",2422,"Upper Sideline",11,"Mobile ticket",1,"[PREMIUM]","[PREMIUM]","[PREMIUM]","[PREMIUM]",false,true,"['Clear view']","2026-07-10 01:49:04"
"13309588248","2026-07-11 23:16:34.093","2026-07-11 23:16:34.093","13309588248","160212671","[PREMIUM]","[PREMIUM]","135","13","9001_9002","9001",,2,"[2]",2430,"Lower Sideline",11,"Mobile ticket",1,"[PREMIUM]","[PREMIUM]","[PREMIUM]","[PREMIUM]",true,true,"['Clear view']","2026-07-10 01:04:37"
"13309586539","2026-07-11 23:16:34.093","2026-07-11 23:16:34.093","13309586539","160212671","[PREMIUM]","[PREMIUM]","214","9","9001_9002","9001",,2,"[2]",2443,"Upper Corner",11,"Mobile ticket",1,"[PREMIUM]","[PREMIUM]","[PREMIUM]","[PREMIUM]",true,true,"['Clear view']","2026-07-10 01:04:00"
"13309903917","2026-07-11 23:16:34.074","2026-07-11 23:16:34.074","13309903917","160212671","[PREMIUM]","[PREMIUM]","223","8","9001_9001","9001",,1,"[1]",2443,"Upper Corner",11,"Mobile ticket",1,"[PREMIUM]","[PREMIUM]","[PREMIUM]","[PREMIUM]",false,true,"['Clear view']","2026-07-10 01:49:04"
"13309903904","2026-07-11 23:16:34.074","2026-07-11 23:16:34.074","13309903904","160212671","[PREMIUM]","[PREMIUM]","213","7","9001_9001","9001",,1,"[1]",2422,"Upper Sideline",11,"Mobile ticket",1,"[PREMIUM]","[PREMIUM]","[PREMIUM]","[PREMIUM]",false,true,"['Clear view']","2026-07-10 01:49:04"
"13309900005","2026-07-11 23:16:34.074","2026-07-11 23:16:34.074","13309900005","160212671","[PREMIUM]","[PREMIUM]","215","8","9001_9001","9001",,1,"[1]",2443,"Upper Corner",11,"Mobile ticket",1,"[PREMIUM]","[PREMIUM]","[PREMIUM]","[PREMIUM]",false,true,"['Clear view']","2026-07-10 01:48:31"
"13309900003","2026-07-11 23:16:34.074","2026-07-11 23:16:34.074","13309900003","160212671","[PREMIUM]","[PREMIUM]","215","9","9001_9003","9001",,3,"[1,2,3]",2443,"Upper Corner",11,"Mobile ticket",1,"[PREMIUM]","[PREMIUM]","[PREMIUM]","[PREMIUM]",true,true,"['Clear view']","2026-07-10 01:48:31"
"13170482626","2026-07-11 23:16:33.085","2026-07-13 23:17:43.198","13170482626","161468420","[PREMIUM]","[PREMIUM]","330","K","7_10","7","10",4,"[1,2,4]",10730,"Middle 300",10,"Mobile Transfer ticket",1,"[PREMIUM]","[PREMIUM]","[PREMIUM]","[PREMIUM]",true,false,"['Clear view']","2026-06-28 05:02:49"
"13170482609","2026-07-11 23:16:33.085","2026-07-13 23:17:43.198","13170482609","161468420","[PREMIUM]","[PREMIUM]","330","J","19_21","19","21",3,"[1,3]",10730,"Middle 300",10,"Mobile Transfer ticket",1,"[PREMIUM]","[PREMIUM]","[PREMIUM]","[PREMIUM]",true,false,"['Clear view']","2026-06-28 05:02:49"
"13170482633","2026-07-11 23:16:33.005","2026-07-13 23:17:43.088","13170482633","161468420","[PREMIUM]","[PREMIUM]","336","J","11_12","11","12",2,"[2]",10730,"Middle 300",10,"Mobile Transfer ticket",1,"[PREMIUM]","[PREMIUM]","[PREMIUM]","[PREMIUM]",true,false,"['Clear view']","2026-06-28 05:02:49"
"13330178300","2026-07-11 23:16:32.856","2026-08-04 05:31:07.794","13330178300","161468338","[PREMIUM]","[PREMIUM]","224","A","9_10","9",,2,"[2]",471,"Middle",10,"Mobile Transfer ticket",1,"[PREMIUM]","[PREMIUM]","[PREMIUM]","[PREMIUM]",true,false,"['Front Row of Section','Clear view']","2026-07-11 19:56:41"
"13330178129","2026-07-11 23:16:32.856","2026-08-04 05:31:07.811","13330178129","161468338","[PREMIUM]","[PREMIUM]","226","A","3_8","3",,6,"[2,4,6]",471,"Middle",10,"Mobile Transfer ticket",1,"[PREMIUM]","[PREMIUM]","[PREMIUM]","[PREMIUM]",true,false,"['Front Row of Section','Clear view']","2026-07-11 19:56:41"
"13330177796","2026-07-11 23:16:32.856","2026-08-04 05:31:07.794","13330177796","161468338","[PREMIUM]","[PREMIUM]","210","A","11_14","11",,4,"[2,4]",471,"Middle",10,"Mobile Transfer ticket",1,"[PREMIUM]","[PREMIUM]","[PREMIUM]","[PREMIUM]",true,false,"['Front Row of Section','Clear view']","2026-07-11 19:56:40"
"13330170345","2026-07-11 23:16:32.856","2026-08-04 05:31:07.888","13330170345","161468338","[PREMIUM]","[PREMIUM]","205","A","3_6","3",,4,"[2,4]",471,"Middle",10,"Mobile Transfer ticket",1,"[PREMIUM]","[PREMIUM]","[PREMIUM]","[PREMIUM]",true,false,"['Front Row of Section','Clear view']","2026-07-11 19:55:56"
"13330170305","2026-07-11 23:16:32.856","2026-08-04 05:31:07.906","13330170305","161468338","[PREMIUM]","[PREMIUM]","120","D","7_8","7",,2,"[2]",594,"Lower",10,"Mobile Transfer ticket",1,"[PREMIUM]","[PREMIUM]","[PREMIUM]","[PREMIUM]",true,false,"['Clear view']","2026-07-11 19:55:56"
"13330178854","2026-07-11 23:16:32.756","2026-07-13 23:17:41.803","13330178854","161468338","[PREMIUM]","[PREMIUM]","302","G","19_20","19",,2,"[2]",407,"Upper",10,"Mobile Transfer ticket",1,"[PREMIUM]","[PREMIUM]","[PREMIUM]","[PREMIUM]",true,false,"['Clear view']","2026-07-11 19:56:43"
"13330187007","2026-07-11 23:16:32.756","2026-07-20 05:24:04.879","13330187007","161468338","[PREMIUM]","[PREMIUM]","316","C","9_11","9",,3,"[1,3]",24794,"Milk Zone",10,"Mobile Transfer ticket",1,"[PREMIUM]","[PREMIUM]","[PREMIUM]","[PREMIUM]",true,false,"['Clear view']","2026-07-11 19:57:27"
"13330186954","2026-07-11 23:16:32.756","2026-07-13 23:17:41.803","13330186954","161468338","[PREMIUM]","[PREMIUM]","313","C","9_12","9",,4,"[2,4]",24794,"Milk Zone",10,"Mobile Transfer ticket",1,"[PREMIUM]","[PREMIUM]","[PREMIUM]","[PREMIUM]",true,false,"['Third Row of Section','Clear view']","2026-07-11 19:57:27"
"13330186930","2026-07-11 23:16:32.756","2026-07-20 05:23:59.686","13330186930","161468338","[PREMIUM]","[PREMIUM]","314","F","15_17","15",,3,"[1,3]",24794,"Milk Zone",10,"Mobile Transfer ticket",1,"[PREMIUM]","[PREMIUM]","[PREMIUM]","[PREMIUM]",true,false,"['Clear view']","2026-07-11 19:57:27"
"13330186914","2026-07-11 23:16:32.756","2026-07-20 05:23:59.686","13330186914","161468338","[PREMIUM]","[PREMIUM]","312","E","1_3","1",,3,"[1,3]",407,"Upper",10,"Mobile Transfer ticket",1,"[PREMIUM]","[PREMIUM]","[PREMIUM]","[PREMIUM]",true,false,"['Clear view']","2026-07-11 19:57:27"
"13330178897","2026-07-11 23:16:32.756","2026-07-13 23:17:41.803","13330178897","161468338","[PREMIUM]","[PREMIUM]","302","F","16_17","16",,2,"[2]",407,"Upper",10,"Mobile Transfer ticket",1,"[PREMIUM]","[PREMIUM]","[PREMIUM]","[PREMIUM]",true,false,"['Clear view']","2026-07-11 19:56:43"
"13330186863","2026-07-11 23:16:32.485","2026-07-20 05:24:04.939","13330186863","161468338","[PREMIUM]","[PREMIUM]","308","E","1_4","1",,4,"[2,4]",407,"Upper",10,"Mobile Transfer ticket",1,"[PREMIUM]","[PREMIUM]","[PREMIUM]","[PREMIUM]",true,false,"['Clear view']","2026-07-11 19:57:26"
"13330190826","2026-07-11 23:16:32.485","2026-08-04 05:31:07.739","13330190826","161468338","[PREMIUM]","[PREMIUM]","322","J","15_20","15",,6,"[2,4,6]",407,"Upper",10,"Mobile Transfer ticket",1,"[PREMIUM]","[PREMIUM]","[PREMIUM]","[PREMIUM]",true,false,"['Clear view']","2026-07-11 19:58:11"
"13330186902","2026-07-11 23:16:32.485","2026-08-04 05:31:07.679","13330186902","161468338","[PREMIUM]","[PREMIUM]","308","G","2_12","2",,11,"[1,2,3,4,5,6,7,8,9,11]",407,"Upper",10,"Mobile Transfer ticket",1,"[PREMIUM]","[PREMIUM]","[PREMIUM]","[PREMIUM]",true,false,"['Clear view']","2026-07-11 19:57:27"
"13330186886","2026-07-11 23:16:32.485","2026-08-04 05:31:07.679","13330186886","161468338","[PREMIUM]","[PREMIUM]","308","F","11_14","11",,4,"[2,4]",407,"Upper",10,"Mobile Transfer ticket",1,"[PREMIUM]","[PREMIUM]","[PREMIUM]","[PREMIUM]",true,false,"['Clear view']","2026-07-11 19:57:26"
"13330186991","2026-07-11 23:16:32.465","2026-07-20 05:24:04.879","13330186991","161468338","[PREMIUM]","[PREMIUM]","314","D","5_10","5",,6,"[2,4,6]",24794,"Milk Zone",10,"Mobile Transfer ticket",1,"[PREMIUM]","[PREMIUM]","[PREMIUM]","[PREMIUM]",true,false,"['Clear view']","2026-07-11 19:57:27"
"13330186847","2026-07-11 23:16:32.465","2026-07-20 05:24:04.708","13330186847","161468338","[PREMIUM]","[PREMIUM]","306","C","8_15","8",,8,"[2,4,6,8]",407,"Upper",10,"Mobile Transfer ticket",1,"[PREMIUM]","[PREMIUM]","[PREMIUM]","[PREMIUM]",true,false,"['Third Row of Section','Clear view']","2026-07-11 19:57:26"
"13330186817","2026-07-11 23:16:32.465","2026-07-20 05:24:04.708","13330186817","161468338","[PREMIUM]","[PREMIUM]","306","B","6_9","6",,4,"[2,4]",407,"Upper",10,"Mobile Transfer ticket",1,"[PREMIUM]","[PREMIUM]","[PREMIUM]","[PREMIUM]",true,false,"['Second Row of Section','Clear view']","2026-07-11 19:57:26"
"13330190873","2026-07-11 23:16:32.465","2026-07-20 05:24:04.708","13330190873","161468338","[PREMIUM]","[PREMIUM]","328","F","9_13","9",,5,"[1,3,5]",407,"Upper",10,"Mobile Transfer ticket",1,"[PREMIUM]","[PREMIUM]","[PREMIUM]","[PREMIUM]",true,false,"['Clear view']","2026-07-11 19:58:11"
"13330178805","2026-07-11 23:16:31.896","2026-07-20 05:23:59.686","13330178805","161468338","[PREMIUM]","[PREMIUM]","303","E","5_7","5",,3,"[1,3]",407,"Upper",10,"Mobile Transfer ticket",1,"[PREMIUM]","[PREMIUM]","[PREMIUM]","[PREMIUM]",true,false,"['Clear view']","2026-07-11 19:56:43"
"13325421185","2026-07-11 23:16:31.631","2026-07-13 23:17:39.778","13325421185","161492614","[PREMIUM]","[PREMIUM]","329","J","19_21","19","21",3,"[1,3]",10730,"Middle 300",10,"Mobile Transfer ticket",1,"[PREMIUM]","[PREMIUM]","[PREMIUM]","[PREMIUM]",true,false,"['Clear view']","2026-07-11 09:40:53"
"13329561011","2026-07-11 23:16:31.517","2026-07-13 23:17:40.503","13329561011","161492614","[PREMIUM]","[PREMIUM]","322","K","1_3","1","3",3,"[1,3]",10730,"Middle 300",10,"Mobile Transfer ticket",1,"[PREMIUM]","[PREMIUM]","[PREMIUM]","[PREMIUM]",true,false,"['Clear view']","2026-07-11 18:36:55"
"13288009945","2026-07-11 23:16:30.815","2026-07-13 23:17:38.968","13288009945","161492614","[PREMIUM]","[PREMIUM]","322","M","9_10","9","10",2,"[2]",10730,"Middle 300",10,"Mobile Transfer ticket",1,"[PREMIUM]","[PREMIUM]","[PREMIUM]","[PREMIUM]",true,false,"['Clear view']","2026-07-08 18:07:54"
"13326396889","2026-07-11 23:16:30.521","2026-07-13 23:17:33.137","13326396889","161390848","[PREMIUM]","[PREMIUM]","114","L","9001_9006","9001",,6,"[1,2,3,4,6]",594,"Lower",10,"Mobile Transfer ticket",1,"[PREMIUM]","[PREMIUM]","[PREMIUM]","[PREMIUM]",true,false,"['Clear view']","2026-07-11 11:49:13"
"13326389405","2026-07-11 23:16:30.521","2026-07-13 23:17:33.137","13326389405","161390848","[PREMIUM]","[PREMIUM]","108","J","9001_9003","9001",,3,"[1,3]",594,"Lower",10,"Mobile Transfer ticket",1,"[PREMIUM]","[PREMIUM]","[PREMIUM]","[PREMIUM]",true,false,"['Clear view']","2026-07-11 11:48:53"
"13326376751","2026-07-11 23:16:30.521","2026-07-13 23:17:33.330","13326376751","161390848","[PREMIUM]","[PREMIUM]","106","M","9001_9006","9001",,6,"[1,2,3,4,6]",594,"Lower",10,"Mobile Transfer ticket",1,"[PREMIUM]","[PREMIUM]","[PREMIUM]","[PREMIUM]",true,false,"['Clear view']","2026-07-11 11:47:30"
"13326377346","2026-07-11 23:16:30.521","2026-07-13 23:17:33.137","13326377346","161390848","[PREMIUM]","[PREMIUM]","114","K","9001_9001","9001",,1,"[1]",594,"Lower",10,"Mobile Transfer ticket",1,"[PREMIUM]","[PREMIUM]","[PREMIUM]","[PREMIUM]",false,false,"['Clear view']","2026-07-11 11:47:35"
"13326376877","2026-07-11 23:16:30.521","2026-07-13 23:17:33.137","13326376877","161390848","[PREMIUM]","[PREMIUM]","108","I","9001_9003","9001",,3,"[1,3]",594,"Lower",10,"Mobile Transfer ticket",1,"[PREMIUM]","[PREMIUM]","[PREMIUM]","[PREMIUM]",true,false,"['Clear view']","2026-07-11 11:47:31"
"13326396875","2026-07-11 23:16:30.521","2026-07-13 23:17:33.330","13326396875","161390848","[PREMIUM]","[PREMIUM]","111","F","9001_9003","9001",,3,"[1,3]",594,"Lower",10,"Mobile Transfer ticket",1,"[PREMIUM]","[PREMIUM]","[PREMIUM]","[PREMIUM]",true,false,"['Clear view']","2026-07-11 11:49:13"
"13326376958","2026-07-11 23:16:30.330","2026-07-13 23:17:33.401","13326376958","161390848","[PREMIUM]","[PREMIUM]","108","M","9001_9001","9001",,1,"[1]",594,"Lower",10,"Mobile Transfer ticket",1,"[PREMIUM]","[PREMIUM]","[PREMIUM]","[PREMIUM]",false,false,"['Clear view']","2026-07-11 11:47:31"
"13326377166","2026-07-11 23:16:30.330","2026-07-13 23:17:33.401","13326377166","161390848","[PREMIUM]","[PREMIUM]","111","M","9001_9002","9001",,2,"[2]",594,"Lower",10,"Mobile Transfer ticket",1,"[PREMIUM]","[PREMIUM]","[PREMIUM]","[PREMIUM]",true,false,"['Clear view']","2026-07-11 11:47:33"
"13326377167","2026-07-11 23:16:30.330","2026-07-13 23:17:33.401","13326377167","161390848","[PREMIUM]","[PREMIUM]","111","L","9001_9006","9001",,6,"[1,2,3,4,6]",594,"Lower",10,"Mobile Transfer ticket",1,"[PREMIUM]","[PREMIUM]","[PREMIUM]","[PREMIUM]",true,false,"['Clear view']","2026-07-11 11:47:33"
"13326377558","2026-07-11 23:16:30.330","2026-07-13 23:17:33.375","13326377558","161390848","[PREMIUM]","[PREMIUM]","116","E","9001_9001","9001",,1,"[1]",594,"Lower",10,"Mobile Transfer ticket",1,"[PREMIUM]","[PREMIUM]","[PREMIUM]","[PREMIUM]",false,false,"['Clear view']","2026-07-11 11:47:37"
"13325773140","2026-07-11 23:16:30.330","2026-07-13 23:17:33.401","13325773140","161390848","[PREMIUM]","[PREMIUM]","115","D","16_17","16",,2,"[2]",594,"Lower",10,"Mobile Transfer ticket",1,"[PREMIUM]","[PREMIUM]","[PREMIUM]","[PREMIUM]",true,false,"['Clear view']","2026-07-11 10:34:09"
"13326415710","2026-07-11 23:16:30.301","2026-07-13 23:17:33.330","13326415710","161390848","[PREMIUM]","[PREMIUM]","112","M","9001_9006","9001",,6,"[1,2,3,4,6]",594,"Lower",10,"Mobile Transfer ticket",1,"[PREMIUM]","[PREMIUM]","[PREMIUM]","[PREMIUM]",true,false,"['Clear view']","2026-07-11 11:51:37"
"13326376761","2026-07-11 23:16:30.301","2026-07-13 23:17:33.401","13326376761","161390848","[PREMIUM]","[PREMIUM]","106","N","9001_9004","9001",,4,"[1,2,4]",594,"Lower",10,"Mobile Transfer ticket",1,"[PREMIUM]","[PREMIUM]","[PREMIUM]","[PREMIUM]",true,false,"['Clear view']","2026-07-11 11:47:30"
"13326415634","2026-07-11 23:16:30.301","2026-07-13 23:17:33.401","13326415634","161390848","[PREMIUM]","[PREMIUM]","111","I","9001_9003","9001",,3,"[1,3]",594,"Lower",10,"Mobile Transfer ticket",1,"[PREMIUM]","[PREMIUM]","[PREMIUM]","[PREMIUM]",true,false,"['Clear view']","2026-07-11 11:51:37"
"13326377133","2026-07-11 23:16:30.301","2026-07-13 23:17:33.330","13326377133","161390848","[PREMIUM]","[PREMIUM]","111","G","9001_9003","9001",,3,"[1,3]",594,"Lower",10,"Mobile Transfer ticket",1,"[PREMIUM]","[PREMIUM]","[PREMIUM]","[PREMIUM]",true,false,"['Clear view']","2026-07-11 11:47:33"
"13326377242","2026-07-11 23:16:30.301","2026-07-13 23:17:33.330","13326377242","161390848","[PREMIUM]","[PREMIUM]","112","N","9001_9006","9001",,6,"[1,2,3,4,6]",594,"Lower",10,"Mobile Transfer ticket",1,"[PREMIUM]","[PREMIUM]","[PREMIUM]","[PREMIUM]",true,false,"['Clear view']","2026-07-11 11:47:34"
"13326376881","2026-07-11 23:16:30.301","2026-07-13 23:17:33.330","13326376881","161390848","[PREMIUM]","[PREMIUM]","108","K","9001_9001","9001",,1,"[1]",594,"Lower",10,"Mobile Transfer ticket",1,"[PREMIUM]","[PREMIUM]","[PREMIUM]","[PREMIUM]",false,false,"['Clear view']","2026-07-11 11:47:31"
"13326376604","2026-07-11 23:16:30.294","2026-07-13 23:17:33.375","13326376604","161390848","[PREMIUM]","[PREMIUM]","105","E","9001_9005","9001",,5,"[1,2,3,5]",1724,"Club",10,"Mobile Transfer ticket",1,"[PREMIUM]","[PREMIUM]","[PREMIUM]","[PREMIUM]",true,false,"['Clear view']","2026-07-11 11:47:29"
"13326392986","2026-07-11 23:16:30.294","2026-07-13 23:17:33.375","13326392986","161390848","[PREMIUM]","[PREMIUM]","105","D","9001_9003","9001",,3,"[1,3]",1724,"Club",10,"Mobile Transfer ticket",1,"[PREMIUM]","[PREMIUM]","[PREMIUM]","[PREMIUM]",true,false,"['Clear view']","2026-07-11 11:49:03"
"13326377875","2026-07-11 23:16:30.294","2026-07-13 23:17:33.375","13326377875","161390848","[PREMIUM]","[PREMIUM]","117","H","9001_9001","9001",,1,"[1]",594,"Lower",10,"Mobile Transfer ticket",1,"[PREMIUM]","[PREMIUM]","[PREMIUM]","[PREMIUM]",false,false,"['Clear view']","2026-07-11 11:47:41"
"13326377146","2026-07-11 23:16:30.294","2026-07-11 23:16:30.294","13326377146","161390848","[PREMIUM]","[PREMIUM]","105","I","9001_9003","9001",,3,"[1,3]",1724,"Club",10,"Mobile Transfer ticket",1,"[PREMIUM]","[PREMIUM]","[PREMIUM]","[PREMIUM]",true,false,"['Clear view']","2026-07-11 11:47:33"
"13326376579","2026-07-11 23:16:30.294","2026-07-11 23:16:30.294","13326376579","161390848","[PREMIUM]","[PREMIUM]","103","J","9001_9003","9001",,3,"[1,3]",1724,"Club",10,"Mobile Transfer ticket",1,"[PREMIUM]","[PREMIUM]","[PREMIUM]","[PREMIUM]",true,false,"['Clear view']","2026-07-11 11:47:29"
"13326377761","2026-07-11 23:16:30.194","2026-07-13 23:17:32.368","13326377761","161390848","[PREMIUM]","[PREMIUM]","119","K","9001_9006","9001",,6,"[1,2,3,4,6]",594,"Lower",10,"Mobile Transfer ticket",1,"[PREMIUM]","[PREMIUM]","[PREMIUM]","[PREMIUM]",true,false,"['Clear view']","2026-07-11 11:47:38"
"13326377760","2026-07-11 23:16:30.194","2026-07-11 23:16:30.194","13326377760","161390848","[PREMIUM]","[PREMIUM]","118","K","9001_9002","9001",,2,"[2]",594,"Lower",10,"Mobile Transfer ticket",1,"[PREMIUM]","[PREMIUM]","[PREMIUM]","[PREMIUM]",true,false,"['Clear view']","2026-07-11 11:47:38"
"13326377786","2026-07-11 23:16:30.194","2026-07-11 23:16:30.194","13326377786","161390848","[PREMIUM]","[PREMIUM]","122","N","9001_9004","9001",,4,"[1,2,4]",594,"Lower",10,"Mobile Transfer ticket",1,"[PREMIUM]","[PREMIUM]","[PREMIUM]","[PREMIUM]",true,false,"['Clear view']","2026-07-11 11:47:39"
"13326377784","2026-07-11 23:16:30.194","2026-07-13 23:17:32.368","13326377784","161390848","[PREMIUM]","[PREMIUM]","122","J","9001_9006","9001",,6,"[1,2,3,4,6]",594,"Lower",10,"Mobile Transfer ticket",1,"[PREMIUM]","[PREMIUM]","[PREMIUM]","[PREMIUM]",true,false,"['Clear view']","2026-07-11 11:47:39"
"13326376571","2026-07-11 23:16:30.194","2026-07-13 23:17:32.985","13326376571","161390848","[PREMIUM]","[PREMIUM]","102","N","9001_9002","9001",,2,"[2]",594,"Lower",10,"Mobile Transfer ticket",1,"[PREMIUM]","[PREMIUM]","[PREMIUM]","[PREMIUM]",true,false,"['Clear view']","2026-07-11 11:47:28"
"13326397913","2026-07-11 23:16:30.070","2026-07-13 23:17:34.464","13326397913","161390848","[PREMIUM]","[PREMIUM]","112","J","9001_9006","9001",,6,"[1,2,3,4,6]",594,"Lower",10,"Mobile Transfer ticket",1,"[PREMIUM]","[PREMIUM]","[PREMIUM]","[PREMIUM]",true,false,"['Clear view']","2026-07-11 11:49:16"
"13326377235","2026-07-11 23:16:30.070","2026-07-13 23:17:34.464","13326377235","161390848","[PREMIUM]","[PREMIUM]","112","I","9001_9003","9001",,3,"[1,3]",594,"Lower",10,"Mobile Transfer ticket",1,"[PREMIUM]","[PREMIUM]","[PREMIUM]","[PREMIUM]",true,false,"['Clear view']","2026-07-11 11:47:34"
"13326377234","2026-07-11 23:16:30.070","2026-07-13 23:17:33.137","13326377234","161390848","[PREMIUM]","[PREMIUM]","112","K","9001_9002","9001",,2,"[2]",594,"Lower",10,"Mobile Transfer ticket",1,"[PREMIUM]","[PREMIUM]","[PREMIUM]","[PREMIUM]",true,false,"['Clear view']","2026-07-11 11:47:34"
"13326376758","2026-07-11 23:16:30.070","2026-07-13 23:17:33.137","13326376758","161390848","[PREMIUM]","[PREMIUM]","106","L","9001_9006","9001",,6,"[1,2,3,4,6]",594,"Lower",10,"Mobile Transfer ticket",1,"[PREMIUM]","[PREMIUM]","[PREMIUM]","[PREMIUM]",true,false,"['Clear view']","2026-07-11 11:47:30"
"13326377345","2026-07-11 23:16:30.070","2026-07-13 23:17:34.464","13326377345","161390848","[PREMIUM]","[PREMIUM]","114","J","9001_9002","9001",,2,"[2]",594,"Lower",10,"Mobile Transfer ticket",1,"[PREMIUM]","[PREMIUM]","[PREMIUM]","[PREMIUM]",true,false,"['Clear view']","2026-07-11 11:47:35"
"13326376755","2026-07-11 23:16:30.070","2026-07-13 23:17:34.464","13326376755","161390848","[PREMIUM]","[PREMIUM]","108","G","9001_9003","9001",,3,"[1,3]",594,"Lower",10,"Mobile Transfer ticket",1,"[PREMIUM]","[PREMIUM]","[PREMIUM]","[PREMIUM]",true,false,"['Clear view']","2026-07-11 11:47:30"
"13326389398","2026-07-11 23:16:29.996","2026-07-13 23:17:32.985","13326389398","161390848","[PREMIUM]","[PREMIUM]","106","F","9001_9003","9001",,3,"[1,3]",594,"Lower",10,"Mobile Transfer ticket",1,"[PREMIUM]","[PREMIUM]","[PREMIUM]","[PREMIUM]",true,false,"['Clear view']","2026-07-11 11:48:53"
"13326376672","2026-07-11 23:16:29.996","2026-07-13 23:17:34.464","13326376672","161390848","[PREMIUM]","[PREMIUM]","106","J","9001_9003","9001",,3,"[1,3]",594,"Lower",10,"Mobile Transfer ticket",1,"[PREMIUM]","[PREMIUM]","[PREMIUM]","[PREMIUM]",true,false,"['Clear view']","2026-07-11 11:47:30"
"13326377273","2026-07-11 23:16:29.996","2026-07-13 23:17:34.464","13326377273","161390848","[PREMIUM]","[PREMIUM]","114","H","9001_9003","9001",,3,"[1,3]",594,"Lower",10,"Mobile Transfer ticket",1,"[PREMIUM]","[PREMIUM]","[PREMIUM]","[PREMIUM]",true,false,"['Clear view']","2026-07-11 11:47:35"
"13326377281","2026-07-11 23:16:29.996","2026-07-13 23:17:32.985","13326377281","161390848","[PREMIUM]","[PREMIUM]","114","G","9001_9003","9001",,3,"[1,3]",594,"Lower",10,"Mobile Transfer ticket",1,"[PREMIUM]","[PREMIUM]","[PREMIUM]","[PREMIUM]",true,false,"['Clear view']","2026-07-11 11:47:35"
"13326396890","2026-07-11 23:16:29.996","2026-07-13 23:17:32.985","13326396890","161390848","[PREMIUM]","[PREMIUM]","112","G","9001_9002","9001",,2,"[2]",594,"Lower",10,"Mobile Transfer ticket",1,"[PREMIUM]","[PREMIUM]","[PREMIUM]","[PREMIUM]",true,false,"['Clear view']","2026-07-11 11:49:13"
"13326377272","2026-07-11 23:16:29.996","2026-07-13 23:17:32.985","13326377272","161390848","[PREMIUM]","[PREMIUM]","114","F","9001_9003","9001",,3,"[1,3]",594,"Lower",10,"Mobile Transfer ticket",1,"[PREMIUM]","[PREMIUM]","[PREMIUM]","[PREMIUM]",true,false,"['Clear view']","2026-07-11 11:47:35"
"13326377795","2026-07-11 23:16:29.895","2026-07-13 23:17:32.143","13326377795","161390848","[PREMIUM]","[PREMIUM]","203","F","9001_9002","9001",,2,"[2]",407,"Upper",10,"Mobile Transfer ticket",1,"[PREMIUM]","[PREMIUM]","[PREMIUM]","[PREMIUM]",true,false,"['Clear view']","2026-07-11 11:47:40"
"13326396927","2026-07-11 23:16:29.895","2026-07-13 23:17:32.143","13326396927","161390848","[PREMIUM]","[PREMIUM]","215","E","9001_9005","9001",,5,"[1,2,3,5]",407,"Upper",10,"Mobile Transfer ticket",1,"[PREMIUM]","[PREMIUM]","[PREMIUM]","[PREMIUM]",true,false,"['Clear view']","2026-07-11 11:49:13"
"13326396897","2026-07-11 23:16:29.895","2026-07-13 23:17:32.143","13326396897","161390848","[PREMIUM]","[PREMIUM]","203","G","9001_9006","9001",,6,"[1,2,3,4,6]",407,"Upper",10,"Mobile Transfer ticket",1,"[PREMIUM]","[PREMIUM]","[PREMIUM]","[PREMIUM]",true,false,"['Clear view']","2026-07-11 11:49:13"
"13326397983","2026-07-11 23:16:29.895","2026-07-13 23:17:32.143","13326397983","161390848","[PREMIUM]","[PREMIUM]","203","E","9001_9003","9001",,3,"[1,3]",407,"Upper",10,"Mobile Transfer ticket",1,"[PREMIUM]","[PREMIUM]","[PREMIUM]","[PREMIUM]",true,false,"['Clear view']","2026-07-11 11:49:16"
"13326377796","2026-07-11 23:16:29.895","2026-07-13 23:17:32.143","13326377796","161390848","[PREMIUM]","[PREMIUM]","203","H","9001_9006","9001",,6,"[1,2,3,4,6]",407,"Upper",10,"Mobile Transfer ticket",1,"[PREMIUM]","[PREMIUM]","[PREMIUM]","[PREMIUM]",true,false,"['Clear view']","2026-07-11 11:47:40"
"13326379055","2026-07-11 23:16:29.895","2026-07-13 23:17:32.143","13326379055","161390848","[PREMIUM]","[PREMIUM]","215","F","9001_9003","9001",,3,"[1,3]",407,"Upper",10,"Mobile Transfer ticket",1,"[PREMIUM]","[PREMIUM]","[PREMIUM]","[PREMIUM]",true,false,"['Clear view']","2026-07-11 11:47:50"
"13326377624","2026-07-11 23:16:29.613","2026-07-11 23:16:29.613","13326377624","161390848","[PREMIUM]","[PREMIUM]","118","F","9001_9002","9001",,2,"[2]",594,"Lower",10,"Mobile Transfer ticket",1,"[PREMIUM]","[PREMIUM]","[PREMIUM]","[PREMIUM]",true,false,"['Clear view']","2026-07-11 11:47:37"
"13326397876","2026-07-11 23:16:29.613","2026-07-13 23:17:33.043","13326397876","161390848","[PREMIUM]","[PREMIUM]","101","B","9001_9001","9001",,1,"[1]",594,"Lower",10,"Mobile Transfer ticket",1,"[PREMIUM]","[PREMIUM]","[PREMIUM]","[PREMIUM]",false,false,"['Second Row of Section','Clear view']","2026-07-11 11:49:16"
"13326378371","2026-07-11 23:16:29.613","2026-07-13 23:17:33.043","13326378371","161390848","[PREMIUM]","[PREMIUM]","215","J","9001_9006","9001",,6,"[1,2,3,4,6]",407,"Upper",10,"Mobile Transfer ticket",1,"[PREMIUM]","[PREMIUM]","[PREMIUM]","[PREMIUM]",true,false,"['Clear view']","2026-07-11 11:47:47"
"13326389638","2026-07-11 23:16:29.613","2026-07-13 23:17:32.446","13326389638","161390848","[PREMIUM]","[PREMIUM]","217","E","9001_9003","9001",,3,"[1,3]",407,"Upper",10,"Mobile Transfer ticket",1,"[PREMIUM]","[PREMIUM]","[PREMIUM]","[PREMIUM]",true,false,"['Clear view']","2026-07-11 11:48:54"
"13326389632","2026-07-11 23:16:29.613","2026-07-13 23:17:32.446","13326389632","161390848","[PREMIUM]","[PREMIUM]","217","B","9001_9001","9001",,1,"[1]",407,"Upper",10,"Mobile Transfer ticket",1,"[PREMIUM]","[PREMIUM]","[PREMIUM]","[PREMIUM]",false,false,"['Second Row of Section','Clear view']","2026-07-11 11:48:54"
"13326415837","2026-07-11 23:16:29.613","2026-07-13 23:17:33.043","13326415837","161390848","[PREMIUM]","[PREMIUM]","215","I","9001_9006","9001",,6,"[1,2,3,4,6]",407,"Upper",10,"Mobile Transfer ticket",1,"[PREMIUM]","[PREMIUM]","[PREMIUM]","[PREMIUM]",true,false,"['Clear view']","2026-07-11 11:51:40"
"13326415840","2026-07-11 23:16:29.538","2026-07-13 23:17:32.239","13326415840","161390848","[PREMIUM]","[PREMIUM]","217","G","9001_9006","9001",,6,"[1,2,3,4,6]",407,"Upper",10,"Mobile Transfer ticket",1,"[PREMIUM]","[PREMIUM]","[PREMIUM]","[PREMIUM]",true,false,"['Clear view']","2026-07-11 11:51:40"
"13326415797","2026-07-11 23:16:29.538","2026-07-13 23:17:32.239","13326415797","161390848","[PREMIUM]","[PREMIUM]","205","G","9001_9006","9001",,6,"[1,2,3,4,6]",407,"Upper",10,"Mobile Transfer ticket",1,"[PREMIUM]","[PREMIUM]","[PREMIUM]","[PREMIUM]",true,false,"['Clear view']","2026-07-11 11:51:39"
"13326398362","2026-07-11 23:16:29.538","2026-07-13 23:17:32.239","13326398362","161390848","[PREMIUM]","[PREMIUM]","217","I","9001_9006","9001",,6,"[1,2,3,4,6]",407,"Upper",10,"Mobile Transfer ticket",1,"[PREMIUM]","[PREMIUM]","[PREMIUM]","[PREMIUM]",true,false,"['Clear view']","2026-07-11 11:49:17"
"13326377865","2026-07-11 23:16:29.538","2026-07-13 23:17:32.239","13326377865","161390848","[PREMIUM]","[PREMIUM]","205","H","9001_9006","9001",,6,"[1,2,3,4,6]",407,"Upper",10,"Mobile Transfer ticket",1,"[PREMIUM]","[PREMIUM]","[PREMIUM]","[PREMIUM]",true,false,"['Clear view']","2026-07-11 11:47:41"
"13326378498","2026-07-11 23:16:29.538","2026-07-13 23:17:32.239","13326378498","161390848","[PREMIUM]","[PREMIUM]","216","J","9001_9006","9001",,6,"[1,2,3,4,6]",407,"Upper",10,"Mobile Transfer ticket",1,"[PREMIUM]","[PREMIUM]","[PREMIUM]","[PREMIUM]",true,false,"['Clear view']","2026-07-11 11:47:48"
"13326378476","2026-07-11 23:16:29.538","2026-07-13 23:17:32.239","13326378476","161390848","[PREMIUM]","[PREMIUM]","216","I","9001_9002","9001",,2,"[2]",407,"Upper",10,"Mobile Transfer ticket",1,"[PREMIUM]","[PREMIUM]","[PREMIUM]","[PREMIUM]",true,false,"['Clear view']","2026-07-11 11:47:47"
"13326389576","2026-07-11 23:16:29.511","2026-07-13 23:17:32.106","13326389576","161390848","[PREMIUM]","[PREMIUM]","205","I","9001_9006","9001",,6,"[1,2,3,4,6]",407,"Upper",10,"Mobile Transfer ticket",1,"[PREMIUM]","[PREMIUM]","[PREMIUM]","[PREMIUM]",true,false,"['Clear view']","2026-07-11 11:48:54"
"13326389540","2026-07-11 23:16:29.511","2026-07-13 23:17:32.106","13326389540","161390848","[PREMIUM]","[PREMIUM]","205","J","9001_9006","9001",,6,"[1,2,3,4,6]",407,"Upper",10,"Mobile Transfer ticket",1,"[PREMIUM]","[PREMIUM]","[PREMIUM]","[PREMIUM]",true,false,"['Clear view']","2026-07-11 11:48:54"
"13326378963","2026-07-11 23:16:29.511","2026-07-13 23:17:32.106","13326378963","161390848","[PREMIUM]","[PREMIUM]","217","L","9001_9006","9001",,6,"[1,2,3,4,6]",407,"Upper",10,"Mobile Transfer ticket",1,"[PREMIUM]","[PREMIUM]","[PREMIUM]","[PREMIUM]",true,false,"['Clear view']","2026-07-11 11:47:49"
"13326378651","2026-07-11 23:16:29.511","2026-07-13 23:17:32.106","13326378651","161390848","[PREMIUM]","[PREMIUM]","216","L","9001_9006","9001",,6,"[1,2,3,4,6]",407,"Upper",10,"Mobile Transfer ticket",1,"[PREMIUM]","[PREMIUM]","[PREMIUM]","[PREMIUM]",true,false,"['Clear view']","2026-07-11 11:47:48"
"13326378646","2026-07-11 23:16:29.511","2026-07-13 23:17:32.106","13326378646","161390848","[PREMIUM]","[PREMIUM]","216","K","9001_9002","9001",,2,"[2]",407,"Upper",10,"Mobile Transfer ticket",1,"[PREMIUM]","[PREMIUM]","[PREMIUM]","[PREMIUM]",true,false,"['Clear view']","2026-07-11 11:47:48"
"13326415838","2026-07-11 23:16:29.511","2026-07-13 23:17:32.106","13326415838","161390848","[PREMIUM]","[PREMIUM]","217","K","9001_9006","9001",,6,"[1,2,3,4,6]",407,"Upper",10,"Mobile Transfer ticket",1,"[PREMIUM]","[PREMIUM]","[PREMIUM]","[PREMIUM]",true,false,"['Clear view']","2026-07-11 11:51:40"
"13326377832","2026-07-11 23:16:29.455","2026-07-13 23:17:32.423","13326377832","161390848","[PREMIUM]","[PREMIUM]","204","K","9001_9003","9001",,3,"[1,3]",407,"Upper",10,"Mobile Transfer ticket",1,"[PREMIUM]","[PREMIUM]","[PREMIUM]","[PREMIUM]",true,false,"['Clear view']","2026-07-11 11:47:41"
"13326396896","2026-07-11 23:16:29.455","2026-07-13 23:17:32.423","13326396896","161390848","[PREMIUM]","[PREMIUM]","203","J","9001_9006","9001",,6,"[1,2,3,4,6]",407,"Upper",10,"Mobile Transfer ticket",1,"[PREMIUM]","[PREMIUM]","[PREMIUM]","[PREMIUM]",true,false,"['Clear view']","2026-07-11 11:49:13"
"13326377817","2026-07-11 23:16:29.455","2026-07-13 23:17:32.423","13326377817","161390848","[PREMIUM]","[PREMIUM]","203","K","9001_9006","9001",,6,"[1,2,3,4,6]",407,"Upper",10,"Mobile Transfer ticket",1,"[PREMIUM]","[PREMIUM]","[PREMIUM]","[PREMIUM]",true,false,"['Clear view']","2026-07-11 11:47:40"
"13326377815","2026-07-11 23:16:29.455","2026-07-13 23:17:32.423","13326377815","161390848","[PREMIUM]","[PREMIUM]","203","I","9001_9006","9001",,6,"[1,2,3,4,6]",407,"Upper",10,"Mobile Transfer ticket",1,"[PREMIUM]","[PREMIUM]","[PREMIUM]","[PREMIUM]",true,false,"['Clear view']","2026-07-11 11:47:40"
"13326378373","2026-07-11 23:16:29.455","2026-07-13 23:17:32.423","13326378373","161390848","[PREMIUM]","[PREMIUM]","215","H","9001_9006","9001",,6,"[1,2,3,4,6]",407,"Upper",10,"Mobile Transfer ticket",1,"[PREMIUM]","[PREMIUM]","[PREMIUM]","[PREMIUM]",true,false,"['Clear view']","2026-07-11 11:47:47"
"13326415839","2026-07-11 23:16:29.455","2026-07-13 23:17:32.423","13326415839","161390848","[PREMIUM]","[PREMIUM]","215","G","9001_9002","9001",,2,"[2]",407,"Upper",10,"Mobile Transfer ticket",1,"[PREMIUM]","[PREMIUM]","[PREMIUM]","[PREMIUM]",true,false,"['Clear view']","2026-07-11 11:51:40"
"13326376570","2026-07-11 23:16:29.423","2026-07-13 23:17:32.368","13326376570","161390848","[PREMIUM]","[PREMIUM]","102","K","9001_9002","9001",,2,"[2]",594,"Lower",10,"Mobile Transfer ticket",1,"[PREMIUM]","[PREMIUM]","[PREMIUM]","[PREMIUM]",true,false,"['Clear view']","2026-07-11 11:47:28"
"13326377706","2026-07-11 23:16:29.423","2026-07-11 23:16:29.423","13326377706","161390848","[PREMIUM]","[PREMIUM]","118","J","9001_9004","9001",,4,"[1,2,4]",594,"Lower",10,"Mobile Transfer ticket",1,"[PREMIUM]","[PREMIUM]","[PREMIUM]","[PREMIUM]",true,false,"['Clear view']","2026-07-11 11:47:38"
"13326377702","2026-07-11 23:16:29.423","2026-07-11 23:16:29.423","13326377702","161390848","[PREMIUM]","[PREMIUM]","118","I","9001_9004","9001",,4,"[1,2,4]",594,"Lower",10,"Mobile Transfer ticket",1,"[PREMIUM]","[PREMIUM]","[PREMIUM]","[PREMIUM]",true,false,"['Clear view']","2026-07-11 11:47:38"
"13326377695","2026-07-11 23:16:29.423","2026-07-11 23:16:29.423","13326377695","161390848","[PREMIUM]","[PREMIUM]","118","G","9001_9002","9001",,2,"[2]",594,"Lower",10,"Mobile Transfer ticket",1,"[PREMIUM]","[PREMIUM]","[PREMIUM]","[PREMIUM]",true,false,"['Clear view']","2026-07-11 11:47:38"
"13326376568","2026-07-11 23:16:29.423","2026-07-13 23:17:32.368","13326376568","161390848","[PREMIUM]","[PREMIUM]","102","J","9001_9004","9001",,4,"[1,2,4]",594,"Lower",10,"Mobile Transfer ticket",1,"[PREMIUM]","[PREMIUM]","[PREMIUM]","[PREMIUM]",true,false,"['Clear view']","2026-07-11 11:47:28"
"13326376569","2026-07-11 23:16:29.423","2026-07-13 23:17:32.368","13326376569","161390848","[PREMIUM]","[PREMIUM]","101","F","9001_9004","9001",,4,"[1,2,4]",594,"Lower",10,"Mobile Transfer ticket",1,"[PREMIUM]","[PREMIUM]","[PREMIUM]","[PREMIUM]",true,false,"['Clear view']","2026-07-11 11:47:28"
"13326415845","2026-07-11 23:16:29.334","2026-07-13 23:17:35.604","13326415845","161390848","[PREMIUM]","[PREMIUM]","208","E","9001_9006","9001",,6,"[1,2,3,4,6]",407,"Upper",10,"Mobile Transfer ticket",1,"[PREMIUM]","[PREMIUM]","[PREMIUM]","[PREMIUM]",true,false,"['Clear view']","2026-07-11 11:51:40"
"13326378082","2026-07-11 23:16:29.334","2026-07-13 23:17:35.604","13326378082","161390848","[PREMIUM]","[PREMIUM]","208","D","9001_9006","9001",,6,"[1,2,3,4,6]",407,"Upper",10,"Mobile Transfer ticket",1,"[PREMIUM]","[PREMIUM]","[PREMIUM]","[PREMIUM]",true,false,"['Clear view']","2026-07-11 11:47:43"
"13326378083","2026-07-11 23:16:29.334","2026-07-13 23:17:35.604","13326378083","161390848","[PREMIUM]","[PREMIUM]","209","B","9001_9001","9001",,1,"[1]",407,"Upper",10,"Mobile Transfer ticket",1,"[PREMIUM]","[PREMIUM]","[PREMIUM]","[PREMIUM]",false,false,"['Second Row of Section','Clear view']","2026-07-11 11:47:43"
"13326396881","2026-07-11 23:16:29.334","2026-07-13 23:17:35.604","13326396881","161390848","[PREMIUM]","[PREMIUM]","208","F","9001_9006","9001",,6,"[1,2,3,4,6]",407,"Upper",10,"Mobile Transfer ticket",1,"[PREMIUM]","[PREMIUM]","[PREMIUM]","[PREMIUM]",true,false,"['Clear view']","2026-07-11 11:49:13"
"13326389588","2026-07-11 23:16:29.334","2026-07-13 23:17:35.604","13326389588","161390848","[PREMIUM]","[PREMIUM]","211","G","9001_9006","9001",,6,"[1,2,3,4,6]",407,"Upper",10,"Mobile Transfer ticket",1,"[PREMIUM]","[PREMIUM]","[PREMIUM]","[PREMIUM]",true,false,"['Clear view']","2026-07-11 11:48:54"
"13326378312","2026-07-11 23:16:29.334","2026-07-13 23:17:35.604","13326378312","161390848","[PREMIUM]","[PREMIUM]","214","H","9001_9006","9001",,6,"[1,2,3,4,6]",407,"Upper",10,"Mobile Transfer ticket",1,"[PREMIUM]","[PREMIUM]","[PREMIUM]","[PREMIUM]",true,false,"['Clear view']","2026-07-11 11:47:46"
"13326396914","2026-07-11 23:16:29.288","2026-07-13 23:17:32.613","13326396914","161390848","[PREMIUM]","[PREMIUM]","211","D","9001_9006","9001",,6,"[1,2,3,4,6]",407,"Upper",10,"Mobile Transfer ticket",1,"[PREMIUM]","[PREMIUM]","[PREMIUM]","[PREMIUM]",true,false,"['Clear view']","2026-07-11 11:49:13"
"13326378033","2026-07-11 23:16:29.288","2026-07-13 23:17:32.613","13326378033","161390848","[PREMIUM]","[PREMIUM]","206","H","9001_9006","9001",,6,"[1,2,3,4,6]",407,"Upper",10,"Mobile Transfer ticket",1,"[PREMIUM]","[PREMIUM]","[PREMIUM]","[PREMIUM]",true,false,"['Clear view']","2026-07-11 11:47:43"
"13326396878","2026-07-11 23:16:29.288","2026-07-13 23:17:32.613","13326396878","161390848","[PREMIUM]","[PREMIUM]","210","H","9001_9006","9001",,6,"[1,2,3,4,6]",407,"Upper",10,"Mobile Transfer ticket",1,"[PREMIUM]","[PREMIUM]","[PREMIUM]","[PREMIUM]",true,false,"['Clear view']","2026-07-11 11:49:13"
"13326378278","2026-07-11 23:16:29.288","2026-07-13 23:17:32.613","13326378278","161390848","[PREMIUM]","[PREMIUM]","214","E","9001_9005","9001",,5,"[1,2,3,5]",407,"Upper",10,"Mobile Transfer ticket",1,"[PREMIUM]","[PREMIUM]","[PREMIUM]","[PREMIUM]",true,false,"['Clear view']","2026-07-11 11:47:46"
"13326378192","2026-07-11 23:16:29.288","2026-07-13 23:17:32.613","13326378192","161390848","[PREMIUM]","[PREMIUM]","210","I","9001_9006","9001",,6,"[1,2,3,4,6]",407,"Upper",10,"Mobile Transfer ticket",1,"[PREMIUM]","[PREMIUM]","[PREMIUM]","[PREMIUM]",true,false,"['Clear view']","2026-07-11 11:47:44"
"13326378154","2026-07-11 23:16:29.288","2026-07-13 23:17:32.613","13326378154","161390848","[PREMIUM]","[PREMIUM]","210","G","9001_9006","9001",,6,"[1,2,3,4,6]",407,"Upper",10,"Mobile Transfer ticket",1,"[PREMIUM]","[PREMIUM]","[PREMIUM]","[PREMIUM]",true,false,"['Clear view']","2026-07-11 11:47:44"
"13326396916","2026-07-11 23:16:29.284","2026-07-13 23:17:32.413","13326396916","161390848","[PREMIUM]","[PREMIUM]","216","E","9001_9003","9001",,3,"[1,3]",407,"Upper",10,"Mobile Transfer ticket",1,"[PREMIUM]","[PREMIUM]","[PREMIUM]","[PREMIUM]",true,false,"['Clear view']","2026-07-11 11:49:13"
"13326396894","2026-07-11 23:16:29.284","2026-07-13 23:17:32.413","13326396894","161390848","[PREMIUM]","[PREMIUM]","216","H","9001_9002","9001",,2,"[2]",407,"Upper",10,"Mobile Transfer ticket",1,"[PREMIUM]","[PREMIUM]","[PREMIUM]","[PREMIUM]",true,false,"['Clear view']","2026-07-11 11:49:13"
"13326377838","2026-07-11 23:16:29.284","2026-07-13 23:17:32.413","13326377838","161390848","[PREMIUM]","[PREMIUM]","205","E","9001_9006","9001",,6,"[1,2,3,4,6]",407,"Upper",10,"Mobile Transfer ticket",1,"[PREMIUM]","[PREMIUM]","[PREMIUM]","[PREMIUM]",true,false,"['Clear view']","2026-07-11 11:47:41"
"13326378891","2026-07-11 23:16:29.284","2026-07-13 23:17:32.413","13326378891","161390848","[PREMIUM]","[PREMIUM]","217","H","9001_9006","9001",,6,"[1,2,3,4,6]",407,"Upper",10,"Mobile Transfer ticket",1,"[PREMIUM]","[PREMIUM]","[PREMIUM]","[PREMIUM]",true,false,"['Clear view']","2026-07-11 11:47:49"
"13326378751","2026-07-11 23:16:29.284","2026-07-13 23:17:32.413","13326378751","161390848","[PREMIUM]","[PREMIUM]","217","F","9001_9004","9001",,4,"[1,2,4]",407,"Upper",10,"Mobile Transfer ticket",1,"[PREMIUM]","[PREMIUM]","[PREMIUM]","[PREMIUM]",true,false,"['Clear view']","2026-07-11 11:47:49"
"13326378454","2026-07-11 23:16:29.284","2026-07-13 23:17:32.413","13326378454","161390848","[PREMIUM]","[PREMIUM]","216","G","9001_9003","9001",,3,"[1,3]",407,"Upper",10,"Mobile Transfer ticket",1,"[PREMIUM]","[PREMIUM]","[PREMIUM]","[PREMIUM]",true,false,"['Clear view']","2026-07-11 11:47:47"
"13326378234","2026-07-11 23:16:29.266","2026-07-13 23:17:32.124","13326378234","161390848","[PREMIUM]","[PREMIUM]","211","F","9001_9004","9001",,4,"[1,2,4]",407,"Upper",10,"Mobile Transfer ticket",1,"[PREMIUM]","[PREMIUM]","[PREMIUM]","[PREMIUM]",true,false,"['Clear view']","2026-07-11 11:47:45"
"13326415826","2026-07-11 23:16:29.266","2026-07-13 23:17:32.124","13326415826","161390848","[PREMIUM]","[PREMIUM]","206","I","9001_9006","9001",,6,"[1,2,3,4,6]",407,"Upper",10,"Mobile Transfer ticket",1,"[PREMIUM]","[PREMIUM]","[PREMIUM]","[PREMIUM]",true,false,"['Clear view']","2026-07-11 11:51:39"
"13326396919","2026-07-11 23:16:29.266","2026-07-13 23:17:32.124","13326396919","161390848","[PREMIUM]","[PREMIUM]","214","G","9001_9006","9001",,6,"[1,2,3,4,6]",407,"Upper",10,"Mobile Transfer ticket",1,"[PREMIUM]","[PREMIUM]","[PREMIUM]","[PREMIUM]",true,false,"['Clear view']","2026-07-11 11:49:13"
"13326378188","2026-07-11 23:16:29.266","2026-07-13 23:17:32.124","13326378188","161390848","[PREMIUM]","[PREMIUM]","211","E","9001_9004","9001",,4,"[1,2,4]",407,"Upper",10,"Mobile Transfer ticket",1,"[PREMIUM]","[PREMIUM]","[PREMIUM]","[PREMIUM]",true,false,"['Clear view']","2026-07-11 11:47:44"
"13326378283","2026-07-11 23:16:29.266","2026-07-13 23:17:32.124","13326378283","161390848","[PREMIUM]","[PREMIUM]","214","F","9001_9004","9001",,4,"[1,2,4]",407,"Upper",10,"Mobile Transfer ticket",1,"[PREMIUM]","[PREMIUM]","[PREMIUM]","[PREMIUM]",true,false,"['Clear view']","2026-07-11 11:47:46"
"13326378190","2026-07-11 23:16:29.266","2026-07-13 23:17:32.124","13326378190","161390848","[PREMIUM]","[PREMIUM]","210","J","9001_9002","9001",,2,"[2]",407,"Upper",10,"Mobile Transfer ticket",1,"[PREMIUM]","[PREMIUM]","[PREMIUM]","[PREMIUM]",true,false,"['Clear view']","2026-07-11 11:47:44"
"13326377783","2026-07-11 23:16:29.258","2026-07-13 23:17:32.291","13326377783","161390848","[PREMIUM]","[PREMIUM]","203","C","9001_9005","9001",,5,"[1,2,3,5]",407,"Upper",10,"Mobile Transfer ticket",1,"[PREMIUM]","[PREMIUM]","[PREMIUM]","[PREMIUM]",true,false,"['Third Row of Section','Clear view']","2026-07-11 11:47:39"
"13326377839","2026-07-11 23:16:29.258","2026-07-13 23:17:32.291","13326377839","161390848","[PREMIUM]","[PREMIUM]","204","F","9001_9003","9001",,3,"[1,3]",407,"Upper",10,"Mobile Transfer ticket",1,"[PREMIUM]","[PREMIUM]","[PREMIUM]","[PREMIUM]",true,false,"['Clear view']","2026-07-11 11:47:41"
"13326415804","2026-07-11 23:16:29.258","2026-07-13 23:17:32.291","13326415804","161390848","[PREMIUM]","[PREMIUM]","205","K","9001_9006","9001",,6,"[1,2,3,4,6]",407,"Upper",10,"Mobile Transfer ticket",1,"[PREMIUM]","[PREMIUM]","[PREMIUM]","[PREMIUM]",true,false,"['Clear view']","2026-07-11 11:51:39"
"13326378636","2026-07-11 23:16:29.258","2026-07-13 23:17:32.291","13326378636","161390848","[PREMIUM]","[PREMIUM]","216","N","9001_9005","9001",,5,"[1,2,3,5]",407,"Upper",10,"Mobile Transfer ticket",1,"[PREMIUM]","[PREMIUM]","[PREMIUM]","[PREMIUM]",true,false,"['Clear view']","2026-07-11 11:47:48"
"13326378632","2026-07-11 23:16:29.258","2026-07-13 23:17:32.291","13326378632","161390848","[PREMIUM]","[PREMIUM]","216","M","9001_9006","9001",,6,"[1,2,3,4,6]",407,"Upper",10,"Mobile Transfer ticket",1,"[PREMIUM]","[PREMIUM]","[PREMIUM]","[PREMIUM]",true,false,"['Clear view']","2026-07-11 11:47:48"
"13326397594","2026-07-11 23:16:29.258","2026-07-13 23:17:32.291","13326397594","161390848","[PREMIUM]","[PREMIUM]","217","M","9001_9006","9001",,6,"[1,2,3,4,6]",407,"Upper",10,"Mobile Transfer ticket",1,"[PREMIUM]","[PREMIUM]","[PREMIUM]","[PREMIUM]",true,false,"['Clear view']","2026-07-11 11:49:15"
"13326377949","2026-07-11 23:16:29.192","2026-07-13 23:17:34.170","13326377949","161390848","[PREMIUM]","[PREMIUM]","206","F","9001_9006","9001",,6,"[1,2,3,4,6]",407,"Upper",10,"Mobile Transfer ticket",1,"[PREMIUM]","[PREMIUM]","[PREMIUM]","[PREMIUM]",true,false,"['Clear view']","2026-07-11 11:47:42"
"13326377950","2026-07-11 23:16:29.192","2026-07-13 23:17:34.170","13326377950","161390848","[PREMIUM]","[PREMIUM]","206","E","9001_9005","9001",,5,"[1,2,3,5]",407,"Upper",10,"Mobile Transfer ticket",1,"[PREMIUM]","[PREMIUM]","[PREMIUM]","[PREMIUM]",true,false,"['Clear view']","2026-07-11 11:47:42"
"13326378011","2026-07-11 23:16:29.192","2026-07-13 23:17:34.170","13326378011","161390848","[PREMIUM]","[PREMIUM]","206","G","9001_9006","9001",,6,"[1,2,3,4,6]",407,"Upper",10,"Mobile Transfer ticket",1,"[PREMIUM]","[PREMIUM]","[PREMIUM]","[PREMIUM]",true,false,"['Clear view']","2026-07-11 11:47:42"
"13326378230","2026-07-11 23:16:29.192","2026-07-13 23:17:34.170","13326378230","161390848","[PREMIUM]","[PREMIUM]","212","G","9001_9006","9001",,6,"[1,2,3,4,6]",407,"Upper",10,"Mobile Transfer ticket",1,"[PREMIUM]","[PREMIUM]","[PREMIUM]","[PREMIUM]",true,false,"['Clear view']","2026-07-11 11:47:45"
"13326378269","2026-07-11 23:16:29.192","2026-07-13 23:17:34.170","13326378269","161390848","[PREMIUM]","[PREMIUM]","214","D","9001_9006","9001",,6,"[1,2,3,4,6]",407,"Upper",10,"Mobile Transfer ticket",1,"[PREMIUM]","[PREMIUM]","[PREMIUM]","[PREMIUM]",true,false,"['Clear view']","2026-07-11 11:47:45"
"13326378157","2026-07-11 23:16:29.192","2026-07-13 23:17:34.170","13326378157","161390848","[PREMIUM]","[PREMIUM]","210","F","9001_9002","9001",,2,"[2]",407,"Upper",10,"Mobile Transfer ticket",1,"[PREMIUM]","[PREMIUM]","[PREMIUM]","[PREMIUM]",true,false,"['Clear view']","2026-07-11 11:47:44"
"13326378270","2026-07-11 23:16:29.183","2026-07-13 23:17:32.495","13326378270","161390848","[PREMIUM]","[PREMIUM]","213","J","9001_9004","9001",,4,"[1,2,4]",407,"Upper",10,"Mobile Transfer ticket",1,"[PREMIUM]","[PREMIUM]","[PREMIUM]","[PREMIUM]",true,false,"['Clear view']","2026-07-11 11:47:45"
"13326378078","2026-07-11 23:16:29.183","2026-07-13 23:17:32.495","13326378078","161390848","[PREMIUM]","[PREMIUM]","207","J","9001_9006","9001",,6,"[1,2,3,4,6]",407,"Upper",10,"Mobile Transfer ticket",1,"[PREMIUM]","[PREMIUM]","[PREMIUM]","[PREMIUM]",true,false,"['Clear view']","2026-07-11 11:47:43"
"13326396918","2026-07-11 23:16:29.183","2026-07-13 23:17:32.495","13326396918","161390848","[PREMIUM]","[PREMIUM]","213","I","9001_9006","9001",,6,"[1,2,3,4,6]",407,"Upper",10,"Mobile Transfer ticket",1,"[PREMIUM]","[PREMIUM]","[PREMIUM]","[PREMIUM]",true,false,"['Clear view']","2026-07-11 11:49:13"
"13326378138","2026-07-11 23:16:29.183","2026-07-13 23:17:32.495","13326378138","161390848","[PREMIUM]","[PREMIUM]","209","F","9001_9006","9001",,6,"[1,2,3,4,6]",407,"Upper",10,"Mobile Transfer ticket",1,"[PREMIUM]","[PREMIUM]","[PREMIUM]","[PREMIUM]",true,false,"['Clear view']","2026-07-11 11:47:44"
"13326378159","2026-07-11 23:16:29.183","2026-07-13 23:17:32.495","13326378159","161390848","[PREMIUM]","[PREMIUM]","209","D","9001_9003","9001",,3,"[1,3]",407,"Upper",10,"Mobile Transfer ticket",1,"[PREMIUM]","[PREMIUM]","[PREMIUM]","[PREMIUM]",true,false,"['Clear view']","2026-07-11 11:47:44"
"13326377951","2026-07-11 23:16:29.156","2026-07-13 23:17:32.450","13326377951","161390848","[PREMIUM]","[PREMIUM]","206","D","9001_9003","9001",,3,"[1,3]",407,"Upper",10,"Mobile Transfer ticket",1,"[PREMIUM]","[PREMIUM]","[PREMIUM]","[PREMIUM]",true,false,"['Clear view']","2026-07-11 11:47:42"
"13326378231","2026-07-11 23:16:29.156","2026-07-13 23:17:32.450","13326378231","161390848","[PREMIUM]","[PREMIUM]","212","E","9001_9006","9001",,6,"[1,2,3,4,6]",407,"Upper",10,"Mobile Transfer ticket",1,"[PREMIUM]","[PREMIUM]","[PREMIUM]","[PREMIUM]",true,false,"['Clear view']","2026-07-11 11:47:45"
"13326378224","2026-07-11 23:16:29.156","2026-07-13 23:17:32.450","13326378224","161390848","[PREMIUM]","[PREMIUM]","212","F","9001_9006","9001",,6,"[1,2,3,4,6]",407,"Upper",10,"Mobile Transfer ticket",1,"[PREMIUM]","[PREMIUM]","[PREMIUM]","[PREMIUM]",true,false,"['Clear view']","2026-07-11 11:47:45"
"13288539004","2026-07-11 23:16:28.648","2026-07-16 22:03:48.577","13288539004","161469993","[PREMIUM]","[PREMIUM]","116","6","_",,,4,"[1,2,4]",594,"Lower",10,"Mobile Transfer ticket",1,"[PREMIUM]","[PREMIUM]","[PREMIUM]","[PREMIUM]",true,false,"['Clear view']","2026-07-08 19:01:44"
"13330905718","2026-07-11 23:16:28.578","2026-07-11 23:16:28.578","13330905718","159792310","[PREMIUM]","[PREMIUM]","242","6","_",,,6,"[1,2,3,4,6]",4107,"Main",10,"Mobile Transfer ticket",1,"[PREMIUM]","[PREMIUM]","[PREMIUM]","[PREMIUM]",true,false,"['Clear view']","2026-07-11 21:57:10"
"13330011756","2026-07-11 23:16:28.578","2026-07-13 23:17:37.857","13330011756","159792310","[PREMIUM]","[PREMIUM]","250","6","_",,,6,"[1,2,3,4,6]",4107,"Main",10,"Mobile Transfer ticket",1,"[PREMIUM]","[PREMIUM]","[PREMIUM]","[PREMIUM]",true,false,"['Clear view']","2026-07-11 19:36:28"
"13267305942","2026-07-11 23:16:28.561","2026-07-13 23:17:37.837","13267305942","159792310","[PREMIUM]","[PREMIUM]","246","6","_",,,6,"[1,2,3,4,6]",4107,"Main",10,"Mobile Transfer ticket",1,"[PREMIUM]","[PREMIUM]","[PREMIUM]","[PREMIUM]",true,false,"['Clear view']","2026-07-06 23:17:41"
"13330860155","2026-07-11 23:16:28.561","2026-07-11 23:16:28.561","13330860155","159792310","[PREMIUM]","[PREMIUM]","202","7","_",,,7,"[1,2,3,4,5,7]",4107,"Main",10,"Mobile Transfer ticket",1,"[PREMIUM]","[PREMIUM]","[PREMIUM]","[PREMIUM]",true,false,"['Clear view']","2026-07-11 21:45:40"
"13177886971","2026-07-11 23:16:28.419","2026-07-13 23:17:36.548","13177886971","161469999","[PREMIUM]","[PREMIUM]","301","T","_",,,4,"[2,4]",4813,"Terrace Center",10,"Mobile Transfer ticket",1,"[PREMIUM]","[PREMIUM]","[PREMIUM]","[PREMIUM]",true,false,"['Clear view']","2026-06-29 02:45:31"
"13320703354","2026-07-11 23:16:28.388","2026-07-12 23:47:54.023","13320703354","161403453","[PREMIUM]","[PREMIUM]","101","3","3_6","3",,4,"[1,2,4]",594,"Lower",10,"Mobile Transfer ticket",1,"[PREMIUM]","[PREMIUM]","[PREMIUM]","[PREMIUM]",true,false,"['Third Row of Section','Clear view']","2026-07-11 00:06:24"
"13246148073","2026-07-11 23:16:28.104","2026-07-16 22:01:38.505","13246148073","159792310","[PREMIUM]","[PREMIUM]","146","21","_",,,2,"[2]",835,"Hall of Fame",10,"Mobile Transfer ticket",1,"[PREMIUM]","[PREMIUM]","[PREMIUM]","[PREMIUM]",true,false,"['Clear view']","2026-07-04 22:43:45"
"13131306454","2026-07-11 23:16:28.103","2026-07-29 05:35:08.720","13131306454","161403453","[PREMIUM]","[PREMIUM]","105","4","_",,,2,"[2]",594,"Lower",10,"Mobile Transfer ticket",1,"[PREMIUM]","[PREMIUM]","[PREMIUM]","[PREMIUM]",true,false,"['Clear view']","2026-06-24 15:21:18"
"13320703352","2026-07-11 23:16:28.103","2026-07-29 05:35:08.741","13320703352","161403453","[PREMIUM]","[PREMIUM]","119","2","7_12","7",,6,"[1,2,3,4,6]",594,"Lower",10,"Mobile Transfer ticket",1,"[PREMIUM]","[PREMIUM]","[PREMIUM]","[PREMIUM]",true,false,"['Second Row of Section','Clear view']","2026-07-11 00:06:24"
"13330011836","2026-07-11 23:16:28.045","2026-07-13 23:17:37.445","13330011836","159792310","[PREMIUM]","[PREMIUM]","142","19","_",,,2,"[2]",835,"Hall of Fame",10,"Mobile Transfer ticket",1,"[PREMIUM]","[PREMIUM]","[PREMIUM]","[PREMIUM]",true,false,"['Clear view']","2026-07-11 19:36:29"
"13330080438","2026-07-11 23:16:28.022","2026-07-13 23:17:36.955","13330080438","159792310","[PREMIUM]","[PREMIUM]","247","6","_",,,6,"[1,2,3,4,6]",4107,"Main",10,"Mobile Transfer ticket",1,"[PREMIUM]","[PREMIUM]","[PREMIUM]","[PREMIUM]",true,false,"['Clear view']","2026-07-11 19:45:26"
"13326779500","2026-07-11 23:16:27.909","2026-07-11 23:16:27.909","13326779500","159792310","[PREMIUM]","[PREMIUM]","216","8","9001_9004","9001",,4,"[1,2,4]",4107,"Main",10,"Mobile Transfer ticket",1,"[PREMIUM]","[PREMIUM]","[PREMIUM]","[PREMIUM]",true,false,"['Clear view']","2026-07-11 12:44:44"
"13246141908","2026-07-11 23:16:27.829","2026-07-11 23:16:27.829","13246141908","159792310","[PREMIUM]","[PREMIUM]","202","9","_",,,2,"[2]",4107,"Main",10,"Mobile Transfer ticket",1,"[PREMIUM]","[PREMIUM]","[PREMIUM]","[PREMIUM]",true,false,"['Clear view']","2026-07-04 22:42:53"
"13141988550","2026-07-11 23:16:27.621","2026-07-13 23:17:39.213","13141988550","161403453","[PREMIUM]","[PREMIUM]","212","12","5_8","5","8",4,"[2]",407,"Upper",10,"Mobile Transfer ticket",1,"[PREMIUM]","[PREMIUM]","[PREMIUM]","[PREMIUM]",true,false,"['Clear view']","2026-06-25 12:51:50"
"13320703348","2026-07-11 23:16:27.621","2026-07-13 23:17:39.213","13320703348","161403453","[PREMIUM]","[PREMIUM]","212","5","7_12","7",,6,"[1,2,3,4,6]",407,"Upper",10,"Mobile Transfer ticket",1,"[PREMIUM]","[PREMIUM]","[PREMIUM]","[PREMIUM]",true,false,"['Clear view']","2026-07-11 00:06:24"
"13329795714","2026-07-11 23:16:27.558","2026-07-13 23:17:36.839","13329795714","159792310","[PREMIUM]","[PREMIUM]","243","8","_",,,6,"[1,2,3,4,6]",4107,"Main",10,"Mobile Transfer ticket",1,"[PREMIUM]","[PREMIUM]","[PREMIUM]","[PREMIUM]",true,false,"['Clear view']","2026-07-11 19:08:59"
"13329858199","2026-07-11 23:16:27.345","2026-07-11 23:16:27.345","13329858199","159792310","[PREMIUM]","[PREMIUM]","147","19","_",,,8,"[1,2,3,4,5,6,8]",835,"Hall of Fame",10,"Mobile Transfer ticket",1,"[PREMIUM]","[PREMIUM]","[PREMIUM]","[PREMIUM]",true,false,"['Clear view']","2026-07-11 19:15:49"
"13284543879","2026-07-11 23:16:27.245","2026-07-13 23:17:37.319","13284543879","159792310","[PREMIUM]","[PREMIUM]","C337","12","_",,,5,"[1,2,3,4,5]",8380,"Club Mezzanine",10,"Mobile Transfer ticket",14,"[PREMIUM]","[PREMIUM]","[PREMIUM]","[PREMIUM]",true,false,"['Clear view']","2026-07-08 12:06:04"
"13284411116","2026-07-11 23:16:27.226","2026-07-11 23:16:27.226","13284411116","159792310","[PREMIUM]","[PREMIUM]","316","15","9001_9006","9001",,6,"[1,2,3,4,6]",507,"Mezzanine",10,"Mobile Transfer ticket",1,"[PREMIUM]","[PREMIUM]","[PREMIUM]","[PREMIUM]",true,false,"['Clear view']","2026-07-08 11:48:41"
"13321168770","2026-07-11 23:16:27.226","2026-07-13 23:17:36.505","13321168770","159792310","[PREMIUM]","[PREMIUM]","316","14","9001_9005","9001",,5,"[1,2,3,5]",507,"Mezzanine",10,"Mobile Transfer ticket",1,"[PREMIUM]","[PREMIUM]","[PREMIUM]","[PREMIUM]",true,false,"['Clear view']","2026-07-11 00:42:46"
"13330011686","2026-07-11 23:16:26.986","2026-07-13 23:17:36.472","13330011686","159792310","[PREMIUM]","[PREMIUM]","202","10","_",,,5,"[1,2,3,5]",4107,"Main",10,"Mobile Transfer ticket",1,"[PREMIUM]","[PREMIUM]","[PREMIUM]","[PREMIUM]",true,false,"['Clear view']","2026-07-11 19:36:28"
"13289515625","2026-07-11 23:16:26.951","2026-07-11 23:16:26.951","13289515625","161403393","[PREMIUM]","[PREMIUM]","119","6","_",,,2,"[2]",594,"Lower",10,"Mobile Transfer ticket",1,"[PREMIUM]","[PREMIUM]","[PREMIUM]","[PREMIUM]",true,false,"['Clear view']","2026-07-08 20:40:11"
"13289523579","2026-07-11 23:16:26.928","2026-07-13 23:17:38.744","13289523579","161403393","[PREMIUM]","[PREMIUM]","311","5","_",,,2,"[2]",407,"Upper",10,"Mobile Transfer ticket",1,"[PREMIUM]","[PREMIUM]","[PREMIUM]","[PREMIUM]",true,false,"['Clear view']","2026-07-08 20:40:48"
"13289503556","2026-07-11 23:16:26.928","2026-07-13 23:17:38.744","13289503556","161403393","[PREMIUM]","[PREMIUM]","315","6","_",,,4,"[1,2,4]",407,"Upper",10,"Mobile Transfer ticket",1,"[PREMIUM]","[PREMIUM]","[PREMIUM]","[PREMIUM]",true,false,"['Clear view']","2026-07-08 20:39:19"
"13289502999","2026-07-11 23:16:26.923","2026-07-11 23:16:26.923","13289502999","161403393","[PREMIUM]","[PREMIUM]","202","4","_",,,4,"[1,2,4]",471,"Middle",10,"Mobile Transfer ticket",1,"[PREMIUM]","[PREMIUM]","[PREMIUM]","[PREMIUM]",true,false,"['Clear view']","2026-07-08 20:39:17"
"13287184888","2026-07-11 23:16:26.897","2026-07-12 23:47:50.857","13287184888","161403393","[PREMIUM]","[PREMIUM]","121","4","_",,,4,"[1,2,4]",594,"Lower",10,"Mobile Transfer ticket",1,"[PREMIUM]","[PREMIUM]","[PREMIUM]","[PREMIUM]",true,false,"['Clear view']","2026-07-08 16:44:54"
"13328131821","2026-07-11 23:16:26.889","2026-07-11 23:16:26.889","13328131821","159792310","[PREMIUM]","[PREMIUM]","350","1","_",,,7,"[1,2,3,4,5,7]",507,"Mezzanine",10,"Mobile Transfer ticket",1,"[PREMIUM]","[PREMIUM]","[PREMIUM]","[PREMIUM]",true,false,"['Front Row of Section','Clear view']","2026-07-11 15:24:05"
"13330080583","2026-07-11 23:16:26.889","2026-07-22 03:28:17.229","13330080583","159792310","[PREMIUM]","[PREMIUM]","345","2","_",,,5,"[1,2,3,5]",507,"Mezzanine",10,"Mobile Transfer ticket",1,"[PREMIUM]","[PREMIUM]","[PREMIUM]","[PREMIUM]",true,false,"['Second Row of Section','Clear view']","2026-07-11 19:45:27"
"13137298079","2026-07-11 23:16:26.824","2026-07-12 23:47:51.738","13137298079","161403477","[PREMIUM]","[PREMIUM]","108","24","5_8","5","8",4,"[2]",265,"Lower Tier",10,"Mobile Transfer ticket",1,"[PREMIUM]","[PREMIUM]","[PREMIUM]","[PREMIUM]",true,false,"['Clear view']","2026-06-25 01:54:48"
"13274720212","2026-07-11 23:16:26.799","2026-07-11 23:16:26.799","13274720212","159792310","[PREMIUM]","[PREMIUM]","247","9","9001_9002","9001",,2,"[2]",4107,"Main",10,"Mobile Transfer ticket",1,"[PREMIUM]","[PREMIUM]","[PREMIUM]","[PREMIUM]",true,false,"['Clear view']","2026-07-07 17:39:08"
"13330080472","2026-07-11 23:16:26.637","2026-07-16 22:01:37.084","13330080472","159792310","[PREMIUM]","[PREMIUM]","305","15","_",,,2,"[2]",507,"Mezzanine",10,"Mobile Transfer ticket",1,"[PREMIUM]","[PREMIUM]","[PREMIUM]","[PREMIUM]",true,false,"['Clear view']","2026-07-11 19:45:26"
"13287198585","2026-07-11 23:16:26.594","2026-07-13 23:17:38.604","13287198585","161403393","[PREMIUM]","[PREMIUM]","203","4","_",,,4,"[1,2,4]",471,"Middle",10,"Mobile Transfer ticket",1,"[PREMIUM]","[PREMIUM]","[PREMIUM]","[PREMIUM]",true,false,"['Clear view']","2026-07-08 16:47:32"
"13246135133","2026-07-11 23:16:26.487","2026-07-11 23:16:26.487","13246135133","159792310","[PREMIUM]","[PREMIUM]","427","3","_",,,6,"[1,2,3,4,6]",1706,"Upper Concourse",10,"Mobile Transfer ticket",1,"[PREMIUM]","[PREMIUM]","[PREMIUM]","[PREMIUM]",true,false,"['Third Row of Section','Clear view']","2026-07-04 22:41:36"
"13267305979","2026-07-11 23:16:26.487","2026-07-21 01:43:57.804","13267305979","159792310","[PREMIUM]","[PREMIUM]","457","2","_",,,8,"[1,2,3,4,5,6,8]",1706,"Upper Concourse",10,"Mobile Transfer ticket",1,"[PREMIUM]","[PREMIUM]","[PREMIUM]","[PREMIUM]",true,false,"['Second Row of Section','Clear view']","2026-07-06 23:17:42"
"13289508577","2026-07-11 23:16:26.419","2026-07-13 23:17:39.762","13289508577","161403393","[PREMIUM]","[PREMIUM]","204","3","_",,,2,"[2]",471,"Middle",10,"Mobile Transfer ticket",1,"[PREMIUM]","[PREMIUM]","[PREMIUM]","[PREMIUM]",true,false,"['Third Row of Section','Clear view']","2026-07-08 20:39:40"
"13292534256","2026-07-11 23:16:26.417","2026-07-12 23:47:53.476","13292534256","159792310","[PREMIUM]","[PREMIUM]","402","1","9001_9006","9001",,6,"[1,2,3,4,6]",1706,"Upper Concourse",10,"Mobile Transfer ticket",1,"[PREMIUM]","[PREMIUM]","[PREMIUM]","[PREMIUM]",true,false,"['Front Row of Section','Clear view']","2026-07-09 00:35:36"
"13251663717","2026-07-11 23:16:26.415","2026-07-13 23:17:36.082","13251663717","159792310","[PREMIUM]","[PREMIUM]","454","1","_",,,4,"[1,2,4]",1706,"Upper Concourse",10,"Mobile Transfer ticket",1,"[PREMIUM]","[PREMIUM]","[PREMIUM]","[PREMIUM]",true,false,"['Front Row of Section','Clear view']","2026-07-05 14:22:34"
"13308362576","2026-07-11 23:16:26.415","2026-07-11 23:16:26.415","13308362576","159792310","[PREMIUM]","[PREMIUM]","402","3","_",,,8,"[1,2,3,4,5,6,8]",1706,"Upper Concourse",10,"Mobile Transfer ticket",1,"[PREMIUM]","[PREMIUM]","[PREMIUM]","[PREMIUM]",true,false,"['Third Row of Section','Clear view']","2026-07-09 23:01:24"
"13287917775","2026-07-11 23:16:26.406","2026-07-12 23:47:53.392","13287917775","159792310","[PREMIUM]","[PREMIUM]","402","2","9001_9006","9001",,6,"[1,2,3,4,6]",1706,"Upper Concourse",10,"Mobile Transfer ticket",1,"[PREMIUM]","[PREMIUM]","[PREMIUM]","[PREMIUM]",true,false,"['Second Row of Section','Clear view']","2026-07-08 18:03:02"
"13328131806","2026-07-11 23:16:26.364","2026-07-11 23:16:26.364","13328131806","159792310","[PREMIUM]","[PREMIUM]","412","2","_",,,1,"[1]",1706,"Upper Concourse",10,"Mobile Transfer ticket",1,"[PREMIUM]","[PREMIUM]","[PREMIUM]","[PREMIUM]",false,false,"['Second Row of Section','Clear view']","2026-07-11 15:24:05"
"13330948649","2026-07-11 23:16:25.919","2026-07-11 23:16:25.919","13330948649","159792310","[PREMIUM]","[PREMIUM]","347","5","_",,,6,"[1,2,3,4,6]",507,"Mezzanine",10,"Mobile Transfer ticket",1,"[PREMIUM]","[PREMIUM]","[PREMIUM]","[PREMIUM]",true,false,"['Clear view']","2026-07-11 22:05:22"
"13141988501","2026-07-11 23:16:25.731","2026-07-13 23:17:37.316","13141988501","161403430","[PREMIUM]","[PREMIUM]","212","12","5_8","5","8",4,"[2]",407,"Upper",10,"Mobile Transfer ticket",1,"[PREMIUM]","[PREMIUM]","[PREMIUM]","[PREMIUM]",true,false,"['Clear view']","2026-06-25 12:51:50"
"13320703345","2026-07-11 23:16:25.575","2026-08-02 05:31:52.319","13320703345","161403430","[PREMIUM]","[PREMIUM]","101","3","3_6","3",,4,"[1,2,4]",594,"Lower",10,"Mobile Transfer ticket",1,"[PREMIUM]","[PREMIUM]","[PREMIUM]","[PREMIUM]",true,false,"['Third Row of Section','Clear view']","2026-07-11 00:06:24"
"13324318332","2026-07-11 23:16:25.566","2026-07-13 23:17:35.542","13324318332","159792310","[PREMIUM]","[PREMIUM]","450","1","9001_9006","9001",,6,"[1,2,3,4,6]",1706,"Upper Concourse",10,"Mobile Transfer ticket",1,"[PREMIUM]","[PREMIUM]","[PREMIUM]","[PREMIUM]",true,false,"['Front Row of Section','Clear view']","2026-07-11 06:43:03"
"13324318286","2026-07-11 23:16:25.566","2026-07-13 23:17:35.600","13324318286","159792310","[PREMIUM]","[PREMIUM]","444","9","9001_9002","9001",,2,"[2]",1706,"Upper Concourse",10,"Mobile Transfer ticket",1,"[PREMIUM]","[PREMIUM]","[PREMIUM]","[PREMIUM]",true,false,"['Clear view']","2026-07-11 06:43:02"
"13320703355","2026-07-11 23:16:25.432","2026-08-02 05:31:52.319","13320703355","161403430","[PREMIUM]","[PREMIUM]","119","2","7_12","7",,6,"[1,2,3,4,6]",594,"Lower",10,"Mobile Transfer ticket",1,"[PREMIUM]","[PREMIUM]","[PREMIUM]","[PREMIUM]",true,false,"['Second Row of Section','Clear view']","2026-07-11 00:06:24"
"13131286412","2026-07-11 23:16:25.399","2026-07-13 23:17:37.463","13131286412","161403430","[PREMIUM]","[PREMIUM]","121","5","3_14","3",,12,"[1,2,3,4,5,6,7,8,9,10,12]",594,"Lower",10,"Mobile Transfer ticket",1,"[PREMIUM]","[PREMIUM]","[PREMIUM]","[PREMIUM]",true,false,"['Actual 5th row of section','Clear view']","2026-06-24 15:19:15"
"13131294161","2026-07-11 23:16:25.399","2026-07-13 23:17:37.463","13131294161","161403430","[PREMIUM]","[PREMIUM]","105","4","_",,,2,"[2]",594,"Lower",10,"Mobile Transfer ticket",1,"[PREMIUM]","[PREMIUM]","[PREMIUM]","[PREMIUM]",true,false,"['Clear view']","2026-06-24 15:19:47"
"13320703351","2026-07-11 23:16:25.206","2026-07-13 23:17:37.806","13320703351","161403430","[PREMIUM]","[PREMIUM]","212","5","7_12","7",,6,"[1,2,3,4,6]",407,"Upper",10,"Mobile Transfer ticket",1,"[PREMIUM]","[PREMIUM]","[PREMIUM]","[PREMIUM]",true,false,"['Clear view']","2026-07-11 00:06:24"
"13274725140","2026-07-11 23:16:25.047","2026-07-13 23:17:35.584","13274725140","159792310","[PREMIUM]","[PREMIUM]","427","4","9001_9006","9001",,6,"[1,2,3,4,6]",1706,"Upper Concourse",10,"Mobile Transfer ticket",1,"[PREMIUM]","[PREMIUM]","[PREMIUM]","[PREMIUM]",true,false,"['Clear view']","2026-07-07 17:39:43"
"13330860137","2026-07-11 23:16:24.981","2026-07-11 23:16:24.981","13330860137","159792310","[PREMIUM]","[PREMIUM]","342","15","_",,,8,"[1,2,3,4,5,6,8]",507,"Mezzanine",10,"Mobile Transfer ticket",1,"[PREMIUM]","[PREMIUM]","[PREMIUM]","[PREMIUM]",true,false,"['Clear view']","2026-07-11 21:45:39"
"13330485457","2026-07-11 23:16:24.947","2026-07-11 23:16:24.947","13330485457","159792310","[PREMIUM]","[PREMIUM]","449","1","_",,,6,"[1,2,3,4,6]",1706,"Upper Concourse",10,"Mobile Transfer ticket",1,"[PREMIUM]","[PREMIUM]","[PREMIUM]","[PREMIUM]",true,false,"['Front Row of Section','Clear view']","2026-07-11 20:37:20"
"13326779559","2026-07-11 23:16:24.944","2026-07-11 23:16:24.944","13326779559","159792310","[PREMIUM]","[PREMIUM]","330","14","9001_9003","9001",,3,"[1,3]",507,"Mezzanine",10,"Mobile Transfer ticket",1,"[PREMIUM]","[PREMIUM]","[PREMIUM]","[PREMIUM]",true,false,"['Clear view']","2026-07-11 12:44:45"
"13329638489","2026-07-11 23:16:24.901","2026-07-11 23:16:24.901","13329638489","159792310","[PREMIUM]","[PREMIUM]","454","2","9001_9006","9001",,6,"[1,2,3,4,6]",1706,"Upper Concourse",10,"Mobile Transfer ticket",1,"[PREMIUM]","[PREMIUM]","[PREMIUM]","[PREMIUM]",true,false,"['Second Row of Section','Clear view']","2026-07-11 18:46:39"
"13330804461","2026-07-11 23:16:24.844","2026-07-11 23:16:24.844","13330804461","159792310","[PREMIUM]","[PREMIUM]","423","1","_",,,6,"[1,2,3,4,6]",1706,"Upper Concourse",10,"Mobile Transfer ticket",1,"[PREMIUM]","[PREMIUM]","[PREMIUM]","[PREMIUM]",true,false,"['Front Row of Section','Clear view']","2026-07-11 21:35:08"
"13330011857","2026-07-11 23:16:24.825","2026-07-13 23:17:35.488","13330011857","159792310","[PREMIUM]","[PREMIUM]","329","15","_",,,6,"[1,2,3,4,6]",507,"Mezzanine",10,"Mobile Transfer ticket",1,"[PREMIUM]","[PREMIUM]","[PREMIUM]","[PREMIUM]",true,false,"['Clear view']","2026-07-11 19:36:29"
"13329858215","2026-07-11 23:16:24.791","2026-07-13 23:17:34.901","13329858215","159792310","[PREMIUM]","[PREMIUM]","429","1","_",,,4,"[1,2,4]",1706,"Upper Concourse",10,"Mobile Transfer ticket",1,"[PREMIUM]","[PREMIUM]","[PREMIUM]","[PREMIUM]",true,false,"['Front Row of Section','Clear view']","2026-07-11 19:15:49"
"13330080440","2026-07-11 23:16:24.791","2026-07-23 01:40:05.373","13330080440","159792310","[PREMIUM]","[PREMIUM]","442","12","_",,,4,"[1,2,4]",1706,"Upper Concourse",10,"Mobile Transfer ticket",1,"[PREMIUM]","[PREMIUM]","[PREMIUM]","[PREMIUM]",true,false,"['Clear view']","2026-07-11 19:45:26"
"13308362383","2026-07-11 23:16:24.637","2026-07-13 23:17:34.901","13308362383","159792310","[PREMIUM]","[PREMIUM]","303","15","_",,,5,"[1,2,3,5]",507,"Mezzanine",10,"Mobile Transfer ticket",1,"[PREMIUM]","[PREMIUM]","[PREMIUM]","[PREMIUM]",true,false,"['Clear view']","2026-07-09 23:01:23"
"13330080466","2026-07-11 23:16:24.637","2026-07-13 23:17:34.901","13330080466","159792310","[PREMIUM]","[PREMIUM]","434","3","_",,,8,"[1,2,3,4,5,6,8]",1706,"Upper Concourse",10,"Mobile Transfer ticket",1,"[PREMIUM]","[PREMIUM]","[PREMIUM]","[PREMIUM]",true,false,"['Third Row of Section','Clear view']","2026-07-11 19:45:26"
"13329795717","2026-07-11 23:16:24.614","2026-07-13 23:17:34.692","13329795717","159792310","[PREMIUM]","[PREMIUM]","418","2","_",,,4,"[1,2,4]",1706,"Upper Concourse",10,"Mobile Transfer ticket",1,"[PREMIUM]","[PREMIUM]","[PREMIUM]","[PREMIUM]",true,false,"['Second Row of Section','Clear view']","2026-07-11 19:08:59"
"13331304739","2026-07-11 23:16:24.614","2026-07-11 23:16:24.614","13331304739","159792310","[PREMIUM]","[PREMIUM]","452","1","_",,,3,"[1,3]",1706,"Upper Concourse",10,"Mobile Transfer ticket",1,"[PREMIUM]","[PREMIUM]","[PREMIUM]","[PREMIUM]",true,false,"['Front Row of Section','Clear view']","2026-07-11 22:56:17"
"13284416832","2026-07-11 23:16:24.612","2026-07-12 23:47:51.799","13284416832","159792310","[PREMIUM]","[PREMIUM]","328","14","9001_9006","9001",,6,"[1,2,3,4,6]",507,"Mezzanine",10,"Mobile Transfer ticket",1,"[PREMIUM]","[PREMIUM]","[PREMIUM]","[PREMIUM]",true,false,"['Clear view']","2026-07-08 11:49:42"
"13311580619","2026-07-11 23:16:24.612","2026-07-13 23:17:34.711","13311580619","159792310","[PREMIUM]","[PREMIUM]","417","5","9001_9003","9001",,3,"[1,3]",1706,"Upper Concourse",10,"Mobile Transfer ticket",1,"[PREMIUM]","[PREMIUM]","[PREMIUM]","[PREMIUM]",true,false,"['Clear view']","2026-07-10 06:37:40"
"13321164490","2026-07-11 23:16:24.466","2026-07-11 23:16:24.466","13321164490","159792310","[PREMIUM]","[PREMIUM]","317","15","9001_9006","9001",,6,"[1,2,3,4,6]",507,"Mezzanine",10,"Mobile Transfer ticket",1,"[PREMIUM]","[PREMIUM]","[PREMIUM]","[PREMIUM]",true,false,"['Clear view']","2026-07-11 00:41:48"
"13329858202","2026-07-11 23:16:24.455","2026-07-11 23:16:24.455","13329858202","159792310","[PREMIUM]","[PREMIUM]","318","15","_",,,7,"[1,2,3,4,5,7]",507,"Mezzanine",10,"Mobile Transfer ticket",1,"[PREMIUM]","[PREMIUM]","[PREMIUM]","[PREMIUM]",true,false,"['Clear view']","2026-07-11 19:15:49"
"13331000630","2026-07-11 23:16:24.455","2026-07-11 23:16:24.455","13331000630","159792310","[PREMIUM]","[PREMIUM]","453","1","_",,,6,"[1,2,3,4,6]",1706,"Upper Concourse",10,"Mobile Transfer ticket",1,"[PREMIUM]","[PREMIUM]","[PREMIUM]","[PREMIUM]",true,false,"['Front Row of Section','Clear view']","2026-07-11 22:16:18"
"13330905733","2026-07-11 23:16:24.455","2026-07-11 23:16:24.455","13330905733","159792310","[PREMIUM]","[PREMIUM]","418","3","_",,,4,"[1,2,4]",1706,"Upper Concourse",10,"Mobile Transfer ticket",1,"[PREMIUM]","[PREMIUM]","[PREMIUM]","[PREMIUM]",true,false,"['Third Row of Section','Clear view']","2026-07-11 21:57:10"
"13330011747","2026-07-11 23:16:24.455","2026-07-13 23:17:36.045","13330011747","159792310","[PREMIUM]","[PREMIUM]","444","13","_",,,6,"[1,2,3,4,6]",1706,"Upper Concourse",10,"Mobile Transfer ticket",1,"[PREMIUM]","[PREMIUM]","[PREMIUM]","[PREMIUM]",true,false,"['Clear view']","2026-07-11 19:36:28"
"13324318180","2026-07-11 23:16:24.396","2026-07-13 23:17:34.717","13324318180","159792310","[PREMIUM]","[PREMIUM]","448","12","9001_9004","9001",,4,"[1,2,4]",1706,"Upper Concourse",10,"Mobile Transfer ticket",1,"[PREMIUM]","[PREMIUM]","[PREMIUM]","[PREMIUM]",true,false,"['Clear view']","2026-07-11 06:43:02"
"13330011734","2026-07-11 23:16:24.389","2026-07-16 22:01:36.681","13330011734","159792310","[PREMIUM]","[PREMIUM]","433","1","_",,,8,"[1,2,3,4,5,6,8]",1706,"Upper Concourse",10,"Mobile Transfer ticket",1,"[PREMIUM]","[PREMIUM]","[PREMIUM]","[PREMIUM]",true,false,"['Front Row of Section','Clear view']","2026-07-11 19:36:28"
"13267305282","2026-07-11 23:16:24.377","2026-07-18 02:23:29.664","13267305282","159792310","[PREMIUM]","[PREMIUM]","452","3","_",,,8,"[1,2,3,4,5,6,8]",1706,"Upper Concourse",10,"Mobile Transfer ticket",1,"[PREMIUM]","[PREMIUM]","[PREMIUM]","[PREMIUM]",true,false,"['Third Row of Section','Clear view']","2026-07-06 23:17:39"
"13328131812","2026-07-11 23:16:24.377","2026-07-11 23:16:24.377","13328131812","159792310","[PREMIUM]","[PREMIUM]","413","18","_",,,2,"[2]",1706,"Upper Concourse",10,"Mobile Transfer ticket",1,"[PREMIUM]","[PREMIUM]","[PREMIUM]","[PREMIUM]",true,false,"['Clear view']","2026-07-11 15:24:05"
"13330905773","2026-07-11 23:16:24.377","2026-07-11 23:16:24.377","13330905773","159792310","[PREMIUM]","[PREMIUM]","302","14","_",,,3,"[1,3]",507,"Mezzanine",10,"Mobile Transfer ticket",1,"[PREMIUM]","[PREMIUM]","[PREMIUM]","[PREMIUM]",true,false,"['Clear view']","2026-07-11 21:57:11"
"13326804898","2026-07-11 23:16:24.187","2026-07-11 23:16:24.187","13326804898","159792310","[PREMIUM]","[PREMIUM]","403","5","_",,,3,"[1,3]",1706,"Upper Concourse",10,"Mobile Transfer ticket",1,"[PREMIUM]","[PREMIUM]","[PREMIUM]","[PREMIUM]",true,false,"['Clear view']","2026-07-11 12:50:17"
"13329795692","2026-07-11 23:16:24.187","2026-07-13 23:17:34.334","13329795692","159792310","[PREMIUM]","[PREMIUM]","319","14","_",,,6,"[1,2,3,4,6]",507,"Mezzanine",10,"Mobile Transfer ticket",1,"[PREMIUM]","[PREMIUM]","[PREMIUM]","[PREMIUM]",true,false,"['Clear view']","2026-07-11 19:08:59"
"13329858171","2026-07-11 23:16:24.187","2026-07-13 23:17:34.334","13329858171","159792310","[PREMIUM]","[PREMIUM]","423","2","_",,,4,"[1,2,4]",1706,"Upper Concourse",10,"Mobile Transfer ticket",1,"[PREMIUM]","[PREMIUM]","[PREMIUM]","[PREMIUM]",true,false,"['Second Row of Section','Clear view']","2026-07-11 19:15:49"
"13330485452","2026-07-11 23:16:24.187","2026-07-11 23:16:24.187","13330485452","159792310","[PREMIUM]","[PREMIUM]","435","2","_",,,4,"[1,2,4]",1706,"Upper Concourse",10,"Mobile Transfer ticket",1,"[PREMIUM]","[PREMIUM]","[PREMIUM]","[PREMIUM]",true,false,"['Second Row of Section','Clear view']","2026-07-11 20:37:20"
"13330011736","2026-07-11 23:16:24.143","2026-07-13 23:17:34.332","13330011736","159792310","[PREMIUM]","[PREMIUM]","450","2","_",,,6,"[1,2,3,4,6]",1706,"Upper Concourse",10,"Mobile Transfer ticket",1,"[PREMIUM]","[PREMIUM]","[PREMIUM]","[PREMIUM]",true,false,"['Second Row of Section','Clear view']","2026-07-11 19:36:28"
"13331304721","2026-07-11 23:16:24.143","2026-07-11 23:16:24.143","13331304721","159792310","[PREMIUM]","[PREMIUM]","443","23","_",,,4,"[1,2,4]",1706,"Upper Concourse",10,"Mobile Transfer ticket",1,"[PREMIUM]","[PREMIUM]","[PREMIUM]","[PREMIUM]",true,false,"['Clear view']","2026-07-11 22:56:17"
"13330080351","2026-07-11 23:16:23.986","2026-07-16 22:01:35.790","13330080351","159792310","[PREMIUM]","[PREMIUM]","327","14","_",,,2,"[2]",507,"Mezzanine",10,"Mobile Transfer ticket",1,"[PREMIUM]","[PREMIUM]","[PREMIUM]","[PREMIUM]",true,false,"['Clear view']","2026-07-11 19:45:26"
"13267304651","2026-07-11 23:16:23.859","2026-07-13 23:17:34.309","13267304651","159792310","[PREMIUM]","[PREMIUM]","401","2","_",,,3,"[1,3]",1706,"Upper Concourse",10,"Mobile Transfer ticket",1,"[PREMIUM]","[PREMIUM]","[PREMIUM]","[PREMIUM]",true,false,"['Second Row of Section','Clear view']","2026-07-06 23:17:38"
"13330905720","2026-07-11 23:16:23.859","2026-07-11 23:16:23.859","13330905720","159792310","[PREMIUM]","[PREMIUM]","453","2","_",,,4,"[1,2,4]",1706,"Upper Concourse",10,"Mobile Transfer ticket",1,"[PREMIUM]","[PREMIUM]","[PREMIUM]","[PREMIUM]",true,false,"['Second Row of Section','Clear view']","2026-07-11 21:57:10"
"13267305016","2026-07-11 23:16:23.838","2026-07-13 23:17:33.899","13267305016","159792310","[PREMIUM]","[PREMIUM]","415","15","_",,,4,"[1,2,4]",1706,"Upper Concourse",10,"Mobile Transfer ticket",1,"[PREMIUM]","[PREMIUM]","[PREMIUM]","[PREMIUM]",true,false,"['Clear view']","2026-07-06 23:17:39"
"13329795698","2026-07-11 23:16:23.838","2026-07-25 22:59:03.776","13329795698","159792310","[PREMIUM]","[PREMIUM]","445","13","_",,,3,"[1,3]",1706,"Upper Concourse",10,"Mobile Transfer ticket",1,"[PREMIUM]","[PREMIUM]","[PREMIUM]","[PREMIUM]",true,false,"['Clear view']","2026-07-11 19:08:59"
"13309886675","2026-07-11 23:16:23.717","2026-07-11 23:16:23.717","13309886675","161545247","[PREMIUM]","[PREMIUM]","112","10","9001_9009","9001",,9,"[1,2,3,4,5,6,7,8,9]",1687,"Lower Level",11,"Mobile ticket",1,"[PREMIUM]","[PREMIUM]","[PREMIUM]","[PREMIUM]",true,false,"['Clear view']","2026-07-10 01:46:36"
"13330804522","2026-07-11 23:16:23.634","2026-07-11 23:16:29.121","13330804522","159792310","[PREMIUM]","[PREMIUM]","440","20","_",,,8,"[1,2,3,4,5,6,8]",1706,"Upper Concourse",10,"Mobile Transfer ticket",1,"[PREMIUM]","[PREMIUM]","[PREMIUM]","[PREMIUM]",true,false,"['Clear view']","2026-07-11 21:35:09"
"13330011665","2026-07-11 23:16:23.634","2026-07-13 23:17:33.797","13330011665","159792310","[PREMIUM]","[PREMIUM]","423","4","_",,,6,"[1,2,3,4,6]",1706,"Upper Concourse",10,"Mobile Transfer ticket",1,"[PREMIUM]","[PREMIUM]","[PREMIUM]","[PREMIUM]",true,false,"['Clear view']","2026-07-11 19:36:28"
"13274721130","2026-07-11 23:16:23.279","2026-07-11 23:16:23.279","13274721130","159792310","[PREMIUM]","[PREMIUM]","401","4","9001_9006","9001",,6,"[1,2,3,4,6]",1706,"Upper Concourse",10,"Mobile Transfer ticket",1,"[PREMIUM]","[PREMIUM]","[PREMIUM]","[PREMIUM]",true,false,"['Clear view']","2026-07-07 17:39:18"
"13330804511","2026-07-11 23:16:23.172","2026-07-11 23:16:23.172","13330804511","159792310","[PREMIUM]","[PREMIUM]","406","10","_",,,8,"[1,2,3,4,5,6,8]",1706,"Upper Concourse",10,"Mobile Transfer ticket",1,"[PREMIUM]","[PREMIUM]","[PREMIUM]","[PREMIUM]",true,false,"['Clear view']","2026-07-11 21:35:09"
"13329795707","2026-07-11 23:16:22.929","2026-07-13 23:17:33.078","13329795707","159792310","[PREMIUM]","[PREMIUM]","420","13","_",,,3,"[1,3]",1706,"Upper Concourse",10,"Mobile Transfer ticket",1,"[PREMIUM]","[PREMIUM]","[PREMIUM]","[PREMIUM]",true,false,"['Clear view']","2026-07-11 19:08:59"
"13330804479","2026-07-11 23:16:22.929","2026-07-11 23:16:22.929","13330804479","159792310","[PREMIUM]","[PREMIUM]","448","16","_",,,2,"[2]",1706,"Upper Concourse",10,"Mobile Transfer ticket",1,"[PREMIUM]","[PREMIUM]","[PREMIUM]","[PREMIUM]",true,false,"['Clear view']","2026-07-11 21:35:09"
"13330080539","2026-07-11 23:16:22.876","2026-07-13 23:17:33.078","13330080539","159792310","[PREMIUM]","[PREMIUM]","438","22","_",,,8,"[1,2,3,4,5,6,8]",1706,"Upper Concourse",10,"Mobile Transfer ticket",1,"[PREMIUM]","[PREMIUM]","[PREMIUM]","[PREMIUM]",true,false,"['Clear view']","2026-07-11 19:45:26"
"13330011664","2026-07-11 23:16:22.876","2026-07-13 23:17:32.825","13330011664","159792310","[PREMIUM]","[PREMIUM]","419","19","_",,,2,"[2]",1706,"Upper Concourse",10,"Mobile Transfer ticket",1,"[PREMIUM]","[PREMIUM]","[PREMIUM]","[PREMIUM]",true,false,"['Clear view']","2026-07-11 19:36:28"
"13246147935","2026-07-11 23:16:22.867","2026-07-11 23:16:22.867","13246147935","159792310","[PREMIUM]","[PREMIUM]","416","22","_",,,3,"[1,3]",1706,"Upper Concourse",10,"Mobile Transfer ticket",1,"[PREMIUM]","[PREMIUM]","[PREMIUM]","[PREMIUM]",true,false,"['Clear view']","2026-07-04 22:43:44"
"13329795700","2026-07-11 23:16:22.867","2026-07-13 23:17:32.825","13329795700","159792310","[PREMIUM]","[PREMIUM]","417","16","_",,,3,"[1,3]",1706,"Upper Concourse",10,"Mobile Transfer ticket",1,"[PREMIUM]","[PREMIUM]","[PREMIUM]","[PREMIUM]",true,false,"['Clear view']","2026-07-11 19:08:59"
"13331237092","2026-07-11 23:16:22.867","2026-07-11 23:16:22.867","13331237092","159792310","[PREMIUM]","[PREMIUM]","404","6","_",,,4,"[1,2,4]",1706,"Upper Concourse",10,"Mobile Transfer ticket",1,"[PREMIUM]","[PREMIUM]","[PREMIUM]","[PREMIUM]",true,false,"['Clear view']","2026-07-11 22:46:09"
"13324735432","2026-07-11 23:16:22.734","2026-07-11 23:16:22.734","13324735432","159792310","[PREMIUM]","[PREMIUM]","404","22","_",,,5,"[1,2,3,4,5]",1706,"Upper Concourse",10,"Mobile Transfer ticket",14,"[PREMIUM]","[PREMIUM]","[PREMIUM]","[PREMIUM]",true,false,"['Clear view']","2026-07-11 08:00:57"
"13330905731","2026-07-11 23:16:22.734","2026-07-11 23:16:22.734","13330905731","159792310","[PREMIUM]","[PREMIUM]","429","4","_",,,6,"[1,2,3,4,6]",1706,"Upper Concourse",10,"Mobile Transfer ticket",1,"[PREMIUM]","[PREMIUM]","[PREMIUM]","[PREMIUM]",true,false,"['Clear view']","2026-07-11 21:57:10"
"13331150100","2026-07-11 23:16:22.734","2026-07-11 23:16:22.734","13331150100","159792310","[PREMIUM]","[PREMIUM]","431","10","_",,,7,"[1,2,3,4,5,7]",1706,"Upper Concourse",10,"Mobile Transfer ticket",1,"[PREMIUM]","[PREMIUM]","[PREMIUM]","[PREMIUM]",true,false,"['Second Row of Section','Clear view']","2026-07-11 22:36:50"
"13328711125","2026-07-11 23:16:22.660","2026-07-11 23:16:22.660","13328711125","159792310","[PREMIUM]","[PREMIUM]","416","24","_",,,4,"[1,2,3,4]",1706,"Upper Concourse",10,"Mobile Transfer ticket",14,"[PREMIUM]","[PREMIUM]","[PREMIUM]","[PREMIUM]",true,false,"['Clear view']","2026-07-11 16:53:05"
"13330905726","2026-07-11 23:16:22.660","2026-07-11 23:16:22.660","13330905726","159792310","[PREMIUM]","[PREMIUM]","451","11","_",,,7,"[1,2,3,4,5,7]",1706,"Upper Concourse",10,"Mobile Transfer ticket",1,"[PREMIUM]","[PREMIUM]","[PREMIUM]","[PREMIUM]",true,false,"['Clear view']","2026-07-11 21:57:10"
"13305351074","2026-07-11 23:16:22.623","2026-07-11 23:16:22.623","13305351074","159792310","[PREMIUM]","[PREMIUM]","423","12","9001_9004","9001",,4,"[1,2,4]",1706,"Upper Concourse",10,"Mobile Transfer ticket",1,"[PREMIUM]","[PREMIUM]","[PREMIUM]","[PREMIUM]",true,false,"['Clear view']","2026-07-09 18:34:36"
"13329795718","2026-07-11 23:16:22.587","2026-07-11 23:16:22.587","13329795718","159792310","[PREMIUM]","[PREMIUM]","418","16","_",,,1,"[1]",1706,"Upper Concourse",10,"Mobile Transfer ticket",1,"[PREMIUM]","[PREMIUM]","[PREMIUM]","[PREMIUM]",false,false,"['Clear view']","2026-07-11 19:08:59"
"13329795694","2026-07-11 23:16:22.587","2026-07-16 22:01:35.079","13329795694","159792310","[PREMIUM]","[PREMIUM]","450","20","_",,,8,"[1,2,3,4,5,6,8]",1706,"Upper Concourse",10,"Mobile Transfer ticket",1,"[PREMIUM]","[PREMIUM]","[PREMIUM]","[PREMIUM]",true,false,"['Clear view']","2026-07-11 19:08:59"
"13328397779","2026-07-11 23:16:22.298","2026-07-13 23:17:31.912","13328397779","161545264","[PREMIUM]","[PREMIUM]","125","24","7_14","7","14",8,"[1,2]",7859,"Lower Level Corner",10,"Mobile Transfer ticket",1,"[PREMIUM]","[PREMIUM]","[PREMIUM]","[PREMIUM]",true,false,"['Clear view']","2026-07-11 16:07:18"
"13328396793","2026-07-11 23:16:22.298","2026-07-13 23:17:31.912","13328396793","161545264","[PREMIUM]","[PREMIUM]","120","26","7_14","7","14",8,"[1,2]",7859,"Lower Level Corner",10,"Mobile Transfer ticket",1,"[PREMIUM]","[PREMIUM]","[PREMIUM]","[PREMIUM]",true,false,"['Clear view']","2026-07-11 16:07:15"
"13328396809","2026-07-11 23:16:22.298","2026-07-13 23:17:31.635","13328396809","161545264","[PREMIUM]","[PREMIUM]","107","26","7_14","7","14",8,"[1,2]",7859,"Lower Level Corner",10,"Mobile Transfer ticket",1,"[PREMIUM]","[PREMIUM]","[PREMIUM]","[PREMIUM]",true,false,"['Clear view']","2026-07-11 16:07:15"
"13328397165","2026-07-11 23:16:22.298","2026-07-13 23:17:31.738","13328397165","161545264","[PREMIUM]","[PREMIUM]","110","26","7_14","7","14",8,"[1,2]",5327,"Lower Level End",10,"Mobile Transfer ticket",1,"[PREMIUM]","[PREMIUM]","[PREMIUM]","[PREMIUM]",true,false,"['Clear view']","2026-07-11 16:07:17"
"13328397144","2026-07-11 23:16:22.298","2026-07-13 23:17:31.912","13328397144","161545264","[PREMIUM]","[PREMIUM]","114","23","7_14","7","14",8,"[1,2]",7859,"Lower Level Corner",10,"Mobile Transfer ticket",1,"[PREMIUM]","[PREMIUM]","[PREMIUM]","[PREMIUM]",true,false,"['Clear view']","2026-07-11 16:07:17"
"13328397173","2026-07-11 23:16:22.298","2026-07-13 23:17:31.912","13328397173","161545264","[PREMIUM]","[PREMIUM]","121","26","7_14","7","14",8,"[1,2]",7859,"Lower Level Corner",10,"Mobile Transfer ticket",1,"[PREMIUM]","[PREMIUM]","[PREMIUM]","[PREMIUM]",true,false,"['Clear view']","2026-07-11 16:07:17"
"13328397279","2026-07-11 23:16:22.165","2026-07-13 23:17:31.738","13328397279","161545264","[PREMIUM]","[PREMIUM]","116","26","7_14","7","14",8,"[1,2]",8044,"Lower Level Side",10,"Mobile Transfer ticket",1,"[PREMIUM]","[PREMIUM]","[PREMIUM]","[PREMIUM]",true,false,"['Clear view']","2026-07-11 16:07:17"
"13328396970","2026-07-11 23:16:22.165","2026-07-13 23:17:31.738","13328396970","161545264","[PREMIUM]","[PREMIUM]","103","26","7_14","7","14",8,"[1,2]",8044,"Lower Level Side",10,"Mobile Transfer ticket",1,"[PREMIUM]","[PREMIUM]","[PREMIUM]","[PREMIUM]",true,false,"['Clear view']","2026-07-11 16:07:16"
"13328397056","2026-07-11 23:16:22.165","2026-07-13 23:17:31.653","13328397056","161545264","[PREMIUM]","[PREMIUM]","117","26","7_14","7","14",8,"[1,2]",8044,"Lower Level Side",10,"Mobile Transfer ticket",1,"[PREMIUM]","[PREMIUM]","[PREMIUM]","[PREMIUM]",true,false,"['Clear view']","2026-07-11 16:07:16"
"13328397757","2026-07-11 23:16:21.986","2026-07-13 23:17:31.635","13328397757","161545264","[PREMIUM]","[PREMIUM]","203","11","7_14","7","14",8,"[1,2]",8049,"Upper Level Side",10,"Mobile Transfer ticket",1,"[PREMIUM]","[PREMIUM]","[PREMIUM]","[PREMIUM]",true,false,"['Clear view']","2026-07-11 16:07:18"
"13328397759","2026-07-11 23:16:21.986","2026-07-12 23:47:43.378","13328397759","161545264","[PREMIUM]","[PREMIUM]","206","11","7_14","7","14",8,"[1,2]",8049,"Upper Level Side",10,"Mobile Transfer ticket",1,"[PREMIUM]","[PREMIUM]","[PREMIUM]","[PREMIUM]",true,false,"['Clear view']","2026-07-11 16:07:18"
"13328397090","2026-07-11 23:16:21.986","2026-07-13 23:17:31.635","13328397090","161545264","[PREMIUM]","[PREMIUM]","205","11","7_14","7","14",8,"[1,2]",8049,"Upper Level Side",10,"Mobile Transfer ticket",1,"[PREMIUM]","[PREMIUM]","[PREMIUM]","[PREMIUM]",true,false,"['Clear view']","2026-07-11 16:07:16"
"13328396857","2026-07-11 23:16:21.986","2026-07-13 23:17:31.635","13328396857","161545264","[PREMIUM]","[PREMIUM]","228","8","7_10","7","10",4,"[2]",8048,"Upper Level End",10,"Mobile Transfer ticket",1,"[PREMIUM]","[PREMIUM]","[PREMIUM]","[PREMIUM]",true,false,"['Clear view']","2026-07-11 16:07:15"
"13328397800","2026-07-11 23:16:21.986","2026-07-13 23:17:31.635","13328397800","161545264","[PREMIUM]","[PREMIUM]","207","10","7_14","7","14",8,"[1,2]",8049,"Upper Level Side",10,"Mobile Transfer ticket",1,"[PREMIUM]","[PREMIUM]","[PREMIUM]","[PREMIUM]",true,false,"['Clear view']","2026-07-11 16:07:18"
"13328396933","2026-07-11 23:16:21.986","2026-07-13 23:17:31.635","13328396933","161545264","[PREMIUM]","[PREMIUM]","202","11","7_14","7","14",8,"[1,2]",8049,"Upper Level Side",10,"Mobile Transfer ticket",1,"[PREMIUM]","[PREMIUM]","[PREMIUM]","[PREMIUM]",true,false,"['Clear view']","2026-07-11 16:07:16"
"13266774421","2026-07-11 23:16:21.961","2026-07-19 23:36:55.450","13266774421","161545264","[PREMIUM]","[PREMIUM]","217","10","_",,,4,"[1,2,3,4]",8049,"Upper Level Side",10,"Mobile Transfer ticket",1,"[PREMIUM]","[PREMIUM]","[PREMIUM]","[PREMIUM]",true,false,"['Clear view']","2026-07-06 22:21:18"
"13274329130","2026-07-11 23:16:21.961","2026-08-04 01:48:47.686","13274329130","161545264","[PREMIUM]","[PREMIUM]","116","3","_",,,2,"[2]",8044,"Lower Level Side",10,"Mobile Transfer ticket",1,"[PREMIUM]","[PREMIUM]","[PREMIUM]","[PREMIUM]",true,false,"['Third Row of Section','Clear view']","2026-07-07 16:43:28"
"13328397025","2026-07-11 23:16:21.961","2026-07-13 23:17:31.951","13328397025","161545264","[PREMIUM]","[PREMIUM]","217","11","7_14","7","14",8,"[1,2]",8049,"Upper Level Side",10,"Mobile Transfer ticket",1,"[PREMIUM]","[PREMIUM]","[PREMIUM]","[PREMIUM]",true,false,"['Clear view']","2026-07-11 16:07:16"
"13328396852","2026-07-11 23:16:21.961","2026-07-13 23:17:32.405","13328396852","161545264","[PREMIUM]","[PREMIUM]","118","26","7_14","7","14",8,"[1,2]",8044,"Lower Level Side",10,"Mobile Transfer ticket",1,"[PREMIUM]","[PREMIUM]","[PREMIUM]","[PREMIUM]",true,false,"['Clear view']","2026-07-11 16:07:15"
"13328263968","2026-07-11 23:16:21.920","2026-07-16 21:50:36.577","13328263968","161545316","[PREMIUM]","[PREMIUM]","122","Y","7_14","7","14",8,"[1,2]",594,"Lower",10,"Mobile Transfer ticket",1,"[PREMIUM]","[PREMIUM]","[PREMIUM]","[PREMIUM]",true,false,"['Clear view']","2026-07-11 15:46:35"
"13328396897","2026-07-11 23:16:21.920","2026-07-13 23:17:31.923","13328396897","161545264","[PREMIUM]","[PREMIUM]","216","11","7_14","7","14",8,"[1,2]",8049,"Upper Level Side",10,"Mobile Transfer ticket",1,"[PREMIUM]","[PREMIUM]","[PREMIUM]","[PREMIUM]",true,false,"['Clear view']","2026-07-11 16:07:16"
"13328263979","2026-07-11 23:16:21.920","2026-07-16 21:50:41.690","13328263979","161545316","[PREMIUM]","[PREMIUM]","121","Y","7_14","7","14",8,"[1,2]",594,"Lower",10,"Mobile Transfer ticket",1,"[PREMIUM]","[PREMIUM]","[PREMIUM]","[PREMIUM]",true,false,"['Clear view']","2026-07-11 15:46:35"
"13328396920","2026-07-11 23:16:21.920","2026-07-13 23:17:31.653","13328396920","161545264","[PREMIUM]","[PREMIUM]","122","26","7_14","7","14",8,"[1,2]",5327,"Lower Level End",10,"Mobile Transfer ticket",1,"[PREMIUM]","[PREMIUM]","[PREMIUM]","[PREMIUM]",true,false,"['Clear view']","2026-07-11 16:07:16"
"13328396858","2026-07-11 23:16:21.920","2026-07-13 23:17:31.923","13328396858","161545264","[PREMIUM]","[PREMIUM]","225","8","7_10","7","10",4,"[2]",8048,"Upper Level End",10,"Mobile Transfer ticket",1,"[PREMIUM]","[PREMIUM]","[PREMIUM]","[PREMIUM]",true,false,"['Clear view']","2026-07-11 16:07:15"
"13328263755","2026-07-11 23:16:21.920","2026-07-13 23:17:31.797","13328263755","161545316","[PREMIUM]","[PREMIUM]","114","Y","7_14","7","14",8,"[1,2]",594,"Lower",10,"Mobile Transfer ticket",1,"[PREMIUM]","[PREMIUM]","[PREMIUM]","[PREMIUM]",true,false,"['Clear view']","2026-07-11 15:46:34"
"13328263686","2026-07-11 23:16:21.920","2026-07-13 23:17:31.797","13328263686","161545316","[PREMIUM]","[PREMIUM]","113","T","7_14","7","14",8,"[1,2]",594,"Lower",10,"Mobile Transfer ticket",1,"[PREMIUM]","[PREMIUM]","[PREMIUM]","[PREMIUM]",true,false,"['Clear view']","2026-07-11 15:46:33"
"13328397818","2026-07-11 23:16:21.920","2026-07-13 23:17:31.738","13328397818","161545264","[PREMIUM]","[PREMIUM]","109","26","7_14","7","14",8,"[1,2]",5327,"Lower Level End",10,"Mobile Transfer ticket",1,"[PREMIUM]","[PREMIUM]","[PREMIUM]","[PREMIUM]",true,false,"['Clear view']","2026-07-11 16:07:18"
"13328263710","2026-07-11 23:16:21.920","2026-07-16 21:50:39.613","13328263710","161545316","[PREMIUM]","[PREMIUM]","323","L","7_14","7","14",8,"[1,2]",34203,"Upper Level 300",10,"Mobile Transfer ticket",1,"[PREMIUM]","[PREMIUM]","[PREMIUM]","[PREMIUM]",true,false,"['Clear view']","2026-07-11 15:46:33"
"13328263803","2026-07-11 23:16:21.920","2026-07-16 21:50:41.464","13328263803","161545316","[PREMIUM]","[PREMIUM]","103","X","7_14","7","14",8,"[1,2]",594,"Lower",10,"Mobile Transfer ticket",1,"[PREMIUM]","[PREMIUM]","[PREMIUM]","[PREMIUM]",true,false,"['Clear view']","2026-07-11 15:46:35"
"13328397096","2026-07-11 23:16:21.920","2026-07-13 23:17:31.653","13328397096","161545264","[PREMIUM]","[PREMIUM]","221","11","7_14","7","14",8,"[1,2]",8049,"Upper Level Side",10,"Mobile Transfer ticket",1,"[PREMIUM]","[PREMIUM]","[PREMIUM]","[PREMIUM]",true,false,"['Clear view']","2026-07-11 16:07:16"
"13328396914","2026-07-11 23:16:21.873","2026-07-13 23:17:31.923","13328396914","161545264","[PREMIUM]","[PREMIUM]","214","8","7_10","7","10",4,"[2]",8048,"Upper Level End",10,"Mobile Transfer ticket",1,"[PREMIUM]","[PREMIUM]","[PREMIUM]","[PREMIUM]",true,false,"['Clear view']","2026-07-11 16:07:16"
"13328397612","2026-07-11 23:16:21.873","2026-07-13 23:17:31.052","13328397612","161545264","[PREMIUM]","[PREMIUM]","220","11","7_14","7","14",8,"[1,2]",8049,"Upper Level Side",10,"Mobile Transfer ticket",1,"[PREMIUM]","[PREMIUM]","[PREMIUM]","[PREMIUM]",true,false,"['Clear view']","2026-07-11 16:07:18"
"13328397629","2026-07-11 23:16:21.873","2026-07-13 23:17:31.923","13328397629","161545264","[PREMIUM]","[PREMIUM]","209","8","7_10","7","10",4,"[2]",8048,"Upper Level End",10,"Mobile Transfer ticket",1,"[PREMIUM]","[PREMIUM]","[PREMIUM]","[PREMIUM]",true,false,"['Clear view']","2026-07-11 16:07:18"
"13328397672","2026-07-11 23:16:21.873","2026-07-13 23:17:31.653","13328397672","161545264","[PREMIUM]","[PREMIUM]","216","10","7_14","7","14",8,"[1,2]",8049,"Upper Level Side",10,"Mobile Transfer ticket",1,"[PREMIUM]","[PREMIUM]","[PREMIUM]","[PREMIUM]",true,false,"['Clear view']","2026-07-11 16:07:18"
"13328397073","2026-07-11 23:16:21.873","2026-07-13 23:17:31.923","13328397073","161545264","[PREMIUM]","[PREMIUM]","201","10","9_12","9","12",4,"[2]",8049,"Upper Level Side",10,"Mobile Transfer ticket",1,"[PREMIUM]","[PREMIUM]","[PREMIUM]","[PREMIUM]",true,false,"['Clear view']","2026-07-11 16:07:16"
"13328396923","2026-07-11 23:16:21.873","2026-07-13 23:17:31.923","13328396923","161545264","[PREMIUM]","[PREMIUM]","213","7","7_10","7","10",4,"[2]",8048,"Upper Level End",10,"Mobile Transfer ticket",1,"[PREMIUM]","[PREMIUM]","[PREMIUM]","[PREMIUM]",true,false,"['Clear view']","2026-07-11 16:07:16"
"13328397199","2026-07-11 23:16:21.859","2026-07-13 23:17:32.405","13328397199","161545264","[PREMIUM]","[PREMIUM]","115","26","7_14","7","14",8,"[1,2]",8044,"Lower Level Side",10,"Mobile Transfer ticket",1,"[PREMIUM]","[PREMIUM]","[PREMIUM]","[PREMIUM]",true,false,"['Clear view']","2026-07-11 16:07:17"
"13328396880","2026-07-11 23:16:21.859","2026-07-13 23:17:31.912","13328396880","161545264","[PREMIUM]","[PREMIUM]","108","23","7_14","7","14",8,"[1,2]",7859,"Lower Level Corner",10,"Mobile Transfer ticket",1,"[PREMIUM]","[PREMIUM]","[PREMIUM]","[PREMIUM]",true,false,"['Clear view']","2026-07-11 16:07:15"
"13328397006","2026-07-11 23:16:21.859","2026-07-13 23:17:32.405","13328397006","161545264","[PREMIUM]","[PREMIUM]","119","26","7_14","7","14",8,"[1,2]",7859,"Lower Level Corner",10,"Mobile Transfer ticket",1,"[PREMIUM]","[PREMIUM]","[PREMIUM]","[PREMIUM]",true,false,"['Clear view']","2026-07-11 16:07:16"
"13328396849","2026-07-11 23:16:21.859","2026-07-13 23:17:32.405","13328396849","161545264","[PREMIUM]","[PREMIUM]","106","23","7_14","7","14",8,"[1,2]",7859,"Lower Level Corner",10,"Mobile Transfer ticket",1,"[PREMIUM]","[PREMIUM]","[PREMIUM]","[PREMIUM]",true,false,"['Clear view']","2026-07-11 16:07:15"
"13328397103","2026-07-11 23:16:21.859","2026-07-13 23:17:31.912","13328397103","161545264","[PREMIUM]","[PREMIUM]","124","25","7_14","7","14",8,"[1,2]",5327,"Lower Level End",10,"Mobile Transfer ticket",1,"[PREMIUM]","[PREMIUM]","[PREMIUM]","[PREMIUM]",true,false,"['Clear view']","2026-07-11 16:07:16"
"13328397220","2026-07-11 23:16:21.859","2026-07-13 23:17:32.405","13328397220","161545264","[PREMIUM]","[PREMIUM]","105","26","7_14","7","14",8,"[1,2]",8044,"Lower Level Side",10,"Mobile Transfer ticket",1,"[PREMIUM]","[PREMIUM]","[PREMIUM]","[PREMIUM]",true,false,"['Clear view']","2026-07-11 16:07:17"
"13286544477","2026-07-11 23:16:21.850","2026-07-11 23:16:21.850","13286544477","159792310","[PREMIUM]","[PREMIUM]","423","19","3_8","3",,6,"[1,2,3,4,6]",1706,"Upper Concourse",10,"Mobile Transfer ticket",1,"[PREMIUM]","[PREMIUM]","[PREMIUM]","[PREMIUM]",true,false,"['Clear view']","2026-07-08 15:34:45"
"13328263713","2026-07-11 23:16:21.829","2026-07-13 23:17:33.401","13328263713","161545316","[PREMIUM]","[PREMIUM]","120","Z","7_14","7","14",8,"[1,2]",594,"Lower",10,"Mobile Transfer ticket",1,"[PREMIUM]","[PREMIUM]","[PREMIUM]","[PREMIUM]",true,false,"['Clear view']","2026-07-11 15:46:33"
"13328263774","2026-07-11 23:16:21.829","2026-07-13 23:17:33.401","13328263774","161545316","[PREMIUM]","[PREMIUM]","118","Z","8_14","8","14",7,"[1,2]",594,"Lower",10,"Mobile Transfer ticket",1,"[PREMIUM]","[PREMIUM]","[PREMIUM]","[PREMIUM]",true,false,"['Clear view']","2026-07-11 15:46:34"
"13328263735","2026-07-11 23:16:21.829","2026-07-16 21:50:41.464","13328263735","161545316","[PREMIUM]","[PREMIUM]","103","Y","6_7","6","7",2,"[2]",594,"Lower",10,"Mobile Transfer ticket",1,"[PREMIUM]","[PREMIUM]","[PREMIUM]","[PREMIUM]",true,false,"['Clear view']","2026-07-11 15:46:34"
"13328263684","2026-07-11 23:16:21.829","2026-07-16 21:50:41.482","13328263684","161545316","[PREMIUM]","[PREMIUM]","108","Z","7_14","7","14",8,"[1,2]",594,"Lower",10,"Mobile Transfer ticket",1,"[PREMIUM]","[PREMIUM]","[PREMIUM]","[PREMIUM]",true,false,"['Clear view']","2026-07-11 15:46:33"
"13328263702","2026-07-11 23:16:21.829","2026-07-16 21:50:39.587","13328263702","161545316","[PREMIUM]","[PREMIUM]","124","W","7_14","7","14",8,"[1,2]",594,"Lower",10,"Mobile Transfer ticket",1,"[PREMIUM]","[PREMIUM]","[PREMIUM]","[PREMIUM]",true,false,"['Clear view']","2026-07-11 15:46:33"
"13328263760","2026-07-11 23:16:21.827","2026-07-13 23:17:31.780","13328263760","161545316","[PREMIUM]","[PREMIUM]","105","Z","7_14","7","14",8,"[1,2]",594,"Lower",10,"Mobile Transfer ticket",1,"[PREMIUM]","[PREMIUM]","[PREMIUM]","[PREMIUM]",true,false,"['Clear view']","2026-07-11 15:46:34"
"13328263746","2026-07-11 23:16:21.827","2026-07-16 21:50:40.237","13328263746","161545316","[PREMIUM]","[PREMIUM]","116","Y","7_14","7","14",8,"[1,2]",594,"Lower",10,"Mobile Transfer ticket",1,"[PREMIUM]","[PREMIUM]","[PREMIUM]","[PREMIUM]",true,false,"['Clear view']","2026-07-11 15:46:34"
"13328263764","2026-07-11 23:16:21.827","2026-07-16 21:50:39.587","13328263764","161545316","[PREMIUM]","[PREMIUM]","117","Y","7_14","7","14",8,"[1,2]",594,"Lower",10,"Mobile Transfer ticket",1,"[PREMIUM]","[PREMIUM]","[PREMIUM]","[PREMIUM]",true,false,"['Clear view']","2026-07-11 15:46:34"
"13328263975","2026-07-11 23:16:21.827","2026-07-16 21:50:41.690","13328263975","161545316","[PREMIUM]","[PREMIUM]","109","Z","7_14","7","14",8,"[1,2]",594,"Lower",10,"Mobile Transfer ticket",1,"[PREMIUM]","[PREMIUM]","[PREMIUM]","[PREMIUM]",true,false,"['Clear view']","2026-07-11 15:46:35"
"13328263729","2026-07-11 23:16:21.827","2026-07-13 23:17:31.780","13328263729","161545316","[PREMIUM]","[PREMIUM]","102","Y","7_14","7","14",8,"[1,2]",594,"Lower",10,"Mobile Transfer ticket",1,"[PREMIUM]","[PREMIUM]","[PREMIUM]","[PREMIUM]",true,false,"['Clear view']","2026-07-11 15:46:34"
"13328263964","2026-07-11 23:16:21.827","2026-07-16 21:50:41.690","13328263964","161545316","[PREMIUM]","[PREMIUM]","104","Z","7_14","7","14",8,"[1,2]",594,"Lower",10,"Mobile Transfer ticket",1,"[PREMIUM]","[PREMIUM]","[PREMIUM]","[PREMIUM]",true,false,"['Clear view']","2026-07-11 15:46:35"
"13328263752","2026-07-11 23:16:21.799","2026-07-16 21:50:40.325","13328263752","161545316","[PREMIUM]","[PREMIUM]","330","N","7_14","7","14",8,"[1,2]",34203,"Upper Level 300",10,"Mobile Transfer ticket",1,"[PREMIUM]","[PREMIUM]","[PREMIUM]","[PREMIUM]",true,false,"['Clear view']","2026-07-11 15:46:34"
"13328263683","2026-07-11 23:16:21.799","2026-07-16 21:50:36.577","13328263683","161545316","[PREMIUM]","[PREMIUM]","312","N","7_14","7","14",8,"[1,2]",34203,"Upper Level 300",10,"Mobile Transfer ticket",1,"[PREMIUM]","[PREMIUM]","[PREMIUM]","[PREMIUM]",true,false,"['Clear view']","2026-07-11 15:46:33"
"13328263969","2026-07-11 23:16:21.799","2026-07-16 21:50:39.540","13328263969","161545316","[PREMIUM]","[PREMIUM]","315","N","7_14","7","14",8,"[1,2]",34203,"Upper Level 300",10,"Mobile Transfer ticket",1,"[PREMIUM]","[PREMIUM]","[PREMIUM]","[PREMIUM]",true,false,"['Clear view']","2026-07-11 15:46:35"
"13328263714","2026-07-11 23:16:21.799","2026-07-16 21:50:39.460","13328263714","161545316","[PREMIUM]","[PREMIUM]","328","T","7_14","7","14",8,"[1,2]",34203,"Upper Level 300",10,"Mobile Transfer ticket",1,"[PREMIUM]","[PREMIUM]","[PREMIUM]","[PREMIUM]",true,false,"['Clear view']","2026-07-11 15:46:33"
"13328263787","2026-07-11 23:16:21.799","2026-07-16 21:50:40.325","13328263787","161545316","[PREMIUM]","[PREMIUM]","306","N","7_14","7","14",8,"[1,2]",34203,"Upper Level 300",10,"Mobile Transfer ticket",1,"[PREMIUM]","[PREMIUM]","[PREMIUM]","[PREMIUM]",true,false,"['Clear view']","2026-07-11 15:46:34"
"13328263728","2026-07-11 23:16:21.799","2026-07-16 21:50:41.482","13328263728","161545316","[PREMIUM]","[PREMIUM]","303","K","7_14","7","14",8,"[1,2]",34203,"Upper Level 300",10,"Mobile Transfer ticket",1,"[PREMIUM]","[PREMIUM]","[PREMIUM]","[PREMIUM]",true,false,"['Clear view']","2026-07-11 15:46:34"
"13328263832","2026-07-11 23:16:21.767","2026-07-16 21:50:40.325","13328263832","161545316","[PREMIUM]","[PREMIUM]","324","T","7_14","7","14",8,"[1,2]",34203,"Upper Level 300",10,"Mobile Transfer ticket",1,"[PREMIUM]","[PREMIUM]","[PREMIUM]","[PREMIUM]",true,false,"['Clear view']","2026-07-11 15:46:35"
"13328263689","2026-07-11 23:16:21.767","2026-07-16 21:50:41.262","13328263689","161545316","[PREMIUM]","[PREMIUM]","333","K","7_14","7","14",8,"[1,2]",34203,"Upper Level 300",10,"Mobile Transfer ticket",1,"[PREMIUM]","[PREMIUM]","[PREMIUM]","[PREMIUM]",true,false,"['Clear view']","2026-07-11 15:46:33"
"13328263704","2026-07-11 23:16:21.767","2026-07-16 21:50:41.262","13328263704","161545316","[PREMIUM]","[PREMIUM]","316","N","7_14","7","14",8,"[1,2]",34203,"Upper Level 300",10,"Mobile Transfer ticket",1,"[PREMIUM]","[PREMIUM]","[PREMIUM]","[PREMIUM]",true,false,"['Clear view']","2026-07-11 15:46:33"
"13328263719","2026-07-11 23:16:21.458","2026-07-13 23:17:30.391","13328263719","161545317","[PREMIUM]","[PREMIUM]","118","Z","7_14","7","14",8,"[1,2]",594,"Lower",10,"Mobile Transfer ticket",1,"[PREMIUM]","[PREMIUM]","[PREMIUM]","[PREMIUM]",true,false,"['Clear view']","2026-07-11 15:46:34"
"13328263734","2026-07-11 23:16:21.458","2026-07-16 21:50:38.575","13328263734","161545317","[PREMIUM]","[PREMIUM]","108","Z","7_14","7","14",8,"[1,2]",594,"Lower",10,"Mobile Transfer ticket",1,"[PREMIUM]","[PREMIUM]","[PREMIUM]","[PREMIUM]",true,false,"['Clear view']","2026-07-11 15:46:34"
"13328265592","2026-07-11 23:16:21.458","2026-07-16 21:50:40.047","13328265592","161545317","[PREMIUM]","[PREMIUM]","124","W","7_14","7","14",8,"[1,2]",594,"Lower",10,"Mobile Transfer ticket",1,"[PREMIUM]","[PREMIUM]","[PREMIUM]","[PREMIUM]",true,false,"['Clear view']","2026-07-11 15:47:28"
"13328263976","2026-07-11 23:16:21.458","2026-07-16 21:50:38.680","13328263976","161545317","[PREMIUM]","[PREMIUM]","103","Y","6_7","6","7",2,"[2]",594,"Lower",10,"Mobile Transfer ticket",1,"[PREMIUM]","[PREMIUM]","[PREMIUM]","[PREMIUM]",true,false,"['Clear view']","2026-07-11 15:46:35"
"13328263718","2026-07-11 23:16:21.458","2026-07-16 21:50:38.756","13328263718","161545317","[PREMIUM]","[PREMIUM]","120","Z","7_14","7","14",8,"[1,2]",594,"Lower",10,"Mobile Transfer ticket",1,"[PREMIUM]","[PREMIUM]","[PREMIUM]","[PREMIUM]",true,false,"['Clear view']","2026-07-11 15:46:33"
"13328397667","2026-07-11 23:16:21.364","2026-07-13 23:17:31.738","13328397667","161545264","[PREMIUM]","[PREMIUM]","111","23","7_14","7","14",8,"[1,2]",5327,"Lower Level End",10,"Mobile Transfer ticket",1,"[PREMIUM]","[PREMIUM]","[PREMIUM]","[PREMIUM]",true,false,"['Clear view']","2026-07-11 16:07:18"
"13328397668","2026-07-11 23:16:21.364","2026-07-13 23:17:31.052","13328397668","161545264","[PREMIUM]","[PREMIUM]","210","7","7_10","7","10",4,"[2]",8048,"Upper Level End",10,"Mobile Transfer ticket",1,"[PREMIUM]","[PREMIUM]","[PREMIUM]","[PREMIUM]",true,false,"['Clear view']","2026-07-11 16:07:18"
"13328397776","2026-07-11 23:16:21.364","2026-07-13 23:17:31.052","13328397776","161545264","[PREMIUM]","[PREMIUM]","101","27","9_14","9","14",6,"[1,2]",7859,"Lower Level Corner",10,"Mobile Transfer ticket",1,"[PREMIUM]","[PREMIUM]","[PREMIUM]","[PREMIUM]",true,false,"['Clear view']","2026-07-11 16:07:18"
"13328397671","2026-07-11 23:16:21.364","2026-07-13 23:17:31.052","13328397671","161545264","[PREMIUM]","[PREMIUM]","219","11","7_14","7","14",8,"[1,2]",8049,"Upper Level Side",10,"Mobile Transfer ticket",1,"[PREMIUM]","[PREMIUM]","[PREMIUM]","[PREMIUM]",true,false,"['Clear view']","2026-07-11 16:07:18"
"13328263759","2026-07-11 23:16:21.269","2026-07-16 21:50:40.047","13328263759","161545317","[PREMIUM]","[PREMIUM]","316","N","7_14","7","14",8,"[1,2]",34203,"Upper Level 300",10,"Mobile Transfer ticket",1,"[PREMIUM]","[PREMIUM]","[PREMIUM]","[PREMIUM]",true,false,"['Clear view']","2026-07-11 15:46:34"
"13328263753","2026-07-11 23:16:21.269","2026-07-16 21:50:38.559","13328263753","161545317","[PREMIUM]","[PREMIUM]","324","T","7_14","7","14",8,"[1,2]",34203,"Upper Level 300",10,"Mobile Transfer ticket",1,"[PREMIUM]","[PREMIUM]","[PREMIUM]","[PREMIUM]",true,false,"['Clear view']","2026-07-11 15:46:34"
"13328263763","2026-07-11 23:16:21.269","2026-07-16 21:50:38.575","13328263763","161545317","[PREMIUM]","[PREMIUM]","333","K","7_14","7","14",8,"[1,2]",34203,"Upper Level 300",10,"Mobile Transfer ticket",1,"[PREMIUM]","[PREMIUM]","[PREMIUM]","[PREMIUM]",true,false,"['Clear view']","2026-07-11 15:46:34"
"13328263731","2026-07-11 23:16:21.208","2026-07-16 21:50:36.579","13328263731","161545317","[PREMIUM]","[PREMIUM]","312","N","7_14","7","14",8,"[1,2]",34203,"Upper Level 300",10,"Mobile Transfer ticket",1,"[PREMIUM]","[PREMIUM]","[PREMIUM]","[PREMIUM]",true,false,"['Clear view']","2026-07-11 15:46:34"
"13328263700","2026-07-11 23:16:21.208","2026-07-16 21:50:38.559","13328263700","161545317","[PREMIUM]","[PREMIUM]","306","N","7_14","7","14",8,"[1,2]",34203,"Upper Level 300",10,"Mobile Transfer ticket",1,"[PREMIUM]","[PREMIUM]","[PREMIUM]","[PREMIUM]",true,false,"['Clear view']","2026-07-11 15:46:33"
"13328263980","2026-07-11 23:16:21.208","2026-07-13 23:17:30.422","13328263980","161545317","[PREMIUM]","[PREMIUM]","328","T","7_14","7","14",8,"[1,2]",34203,"Upper Level 300",10,"Mobile Transfer ticket",1,"[PREMIUM]","[PREMIUM]","[PREMIUM]","[PREMIUM]",true,false,"['Clear view']","2026-07-11 15:46:35"
"13328263971","2026-07-11 23:16:21.208","2026-07-16 21:50:40.047","13328263971","161545317","[PREMIUM]","[PREMIUM]","334","H","7_14","7","14",8,"[1,2]",34203,"Upper Level 300",10,"Mobile Transfer ticket",1,"[PREMIUM]","[PREMIUM]","[PREMIUM]","[PREMIUM]",true,false,"['Clear view']","2026-07-11 15:46:35"
"13328263665","2026-07-11 23:16:21.208","2026-07-13 23:17:30.422","13328263665","161545317","[PREMIUM]","[PREMIUM]","303","K","7_14","7","14",8,"[1,2]",34203,"Upper Level 300",10,"Mobile Transfer ticket",1,"[PREMIUM]","[PREMIUM]","[PREMIUM]","[PREMIUM]",true,false,"['Clear view']","2026-07-11 15:46:33"
"13328263777","2026-07-11 23:16:21.208","2026-07-16 21:50:38.559","13328263777","161545317","[PREMIUM]","[PREMIUM]","330","N","7_14","7","14",8,"[1,2]",34203,"Upper Level 300",10,"Mobile Transfer ticket",1,"[PREMIUM]","[PREMIUM]","[PREMIUM]","[PREMIUM]",true,false,"['Clear view']","2026-07-11 15:46:34"
"13328263754","2026-07-11 23:16:21.152","2026-07-16 21:50:36.579","13328263754","161545317","[PREMIUM]","[PREMIUM]","122","Y","7_14","7","14",8,"[1,2]",594,"Lower",10,"Mobile Transfer ticket",1,"[PREMIUM]","[PREMIUM]","[PREMIUM]","[PREMIUM]",true,false,"['Clear view']","2026-07-11 15:46:34"
"13328265588","2026-07-11 23:16:21.152","2026-07-16 21:50:38.690","13328265588","161545317","[PREMIUM]","[PREMIUM]","323","L","7_14","7","14",8,"[1,2]",34203,"Upper Level 300",10,"Mobile Transfer ticket",1,"[PREMIUM]","[PREMIUM]","[PREMIUM]","[PREMIUM]",true,false,"['Clear view']","2026-07-11 15:47:28"
"13328265593","2026-07-11 23:16:21.152","2026-07-16 21:50:38.679","13328265593","161545317","[PREMIUM]","[PREMIUM]","114","Y","7_14","7","14",8,"[1,2]",594,"Lower",10,"Mobile Transfer ticket",1,"[PREMIUM]","[PREMIUM]","[PREMIUM]","[PREMIUM]",true,false,"['Clear view']","2026-07-11 15:47:28"
"13328263730","2026-07-11 23:16:21.152","2026-07-16 21:50:38.756","13328263730","161545317","[PREMIUM]","[PREMIUM]","109","Z","7_14","7","14",8,"[1,2]",594,"Lower",10,"Mobile Transfer ticket",1,"[PREMIUM]","[PREMIUM]","[PREMIUM]","[PREMIUM]",true,false,"['Clear view']","2026-07-11 15:46:34"
"13328263809","2026-07-11 23:16:21.152","2026-07-16 21:50:38.680","13328263809","161545317","[PREMIUM]","[PREMIUM]","103","X","7_14","7","14",8,"[1,2]",594,"Lower",10,"Mobile Transfer ticket",1,"[PREMIUM]","[PREMIUM]","[PREMIUM]","[PREMIUM]",true,false,"['Clear view']","2026-07-11 15:46:35"
"13328263680","2026-07-11 23:16:21.152","2026-07-16 21:50:38.697","13328263680","161545317","[PREMIUM]","[PREMIUM]","113","T","7_14","7","14",8,"[1,2]",594,"Lower",10,"Mobile Transfer ticket",1,"[PREMIUM]","[PREMIUM]","[PREMIUM]","[PREMIUM]",true,false,"['Clear view']","2026-07-11 15:46:33"
"13328263647","2026-07-11 23:16:21.142","2026-07-16 21:50:39.587","13328263647","161545316","[PREMIUM]","[PREMIUM]","302","J","7_14","7","14",8,"[1,2]",34203,"Upper Level 300",10,"Mobile Transfer ticket",1,"[PREMIUM]","[PREMIUM]","[PREMIUM]","[PREMIUM]",true,false,"['Clear view']","2026-07-11 15:46:33"
"13328263733","2026-07-11 23:16:21.142","2026-07-16 21:50:41.540","13328263733","161545316","[PREMIUM]","[PREMIUM]","320","N","7_14","7","14",8,"[1,2]",34203,"Upper Level 300",10,"Mobile Transfer ticket",1,"[PREMIUM]","[PREMIUM]","[PREMIUM]","[PREMIUM]",true,false,"['Clear view']","2026-07-11 15:46:34"
"13328263701","2026-07-11 23:16:21.142","2026-07-16 21:50:41.262","13328263701","161545316","[PREMIUM]","[PREMIUM]","334","H","7_14","7","14",8,"[1,2]",34203,"Upper Level 300",10,"Mobile Transfer ticket",1,"[PREMIUM]","[PREMIUM]","[PREMIUM]","[PREMIUM]",true,false,"['Clear view']","2026-07-11 15:46:33"
"13328263725","2026-07-11 23:16:21.108","2026-07-16 21:50:38.690","13328263725","161545317","[PREMIUM]","[PREMIUM]","116","Y","7_14","7","14",8,"[1,2]",594,"Lower",10,"Mobile Transfer ticket",1,"[PREMIUM]","[PREMIUM]","[PREMIUM]","[PREMIUM]",true,false,"['Clear view']","2026-07-11 15:46:34"
"13328263738","2026-07-11 23:16:21.108","2026-07-13 23:17:30.539","13328263738","161545317","[PREMIUM]","[PREMIUM]","105","Z","7_14","7","14",8,"[1,2]",594,"Lower",10,"Mobile Transfer ticket",1,"[PREMIUM]","[PREMIUM]","[PREMIUM]","[PREMIUM]",true,false,"['Clear view']","2026-07-11 15:46:34"
"13328263711","2026-07-11 23:16:21.108","2026-07-16 21:50:38.679","13328263711","161545317","[PREMIUM]","[PREMIUM]","102","Y","7_14","7","14",8,"[1,2]",594,"Lower",10,"Mobile Transfer ticket",1,"[PREMIUM]","[PREMIUM]","[PREMIUM]","[PREMIUM]",true,false,"['Clear view']","2026-07-11 15:46:33"
"13328263654","2026-07-11 23:16:21.108","2026-07-16 21:50:38.756","13328263654","161545317","[PREMIUM]","[PREMIUM]","121","Y","7_14","7","14",8,"[1,2]",594,"Lower",10,"Mobile Transfer ticket",1,"[PREMIUM]","[PREMIUM]","[PREMIUM]","[PREMIUM]",true,false,"['Clear view']","2026-07-11 15:46:33"
"13328263692","2026-07-11 23:16:21.108","2026-07-16 21:50:38.756","13328263692","161545317","[PREMIUM]","[PREMIUM]","104","Z","7_14","7","14",8,"[1,2]",594,"Lower",10,"Mobile Transfer ticket",1,"[PREMIUM]","[PREMIUM]","[PREMIUM]","[PREMIUM]",true,false,"['Clear view']","2026-07-11 15:46:33"
"13328263961","2026-07-11 23:16:21.108","2026-07-16 21:50:38.492","13328263961","161545317","[PREMIUM]","[PREMIUM]","117","Y","7_14","7","14",8,"[1,2]",594,"Lower",10,"Mobile Transfer ticket",1,"[PREMIUM]","[PREMIUM]","[PREMIUM]","[PREMIUM]",true,false,"['Clear view']","2026-07-11 15:46:35"
"13330222932","2026-07-11 23:16:20.620","2026-07-16 21:48:58.698","13330222932","160294243","[PREMIUM]","[PREMIUM]","E35","5","7_12","7","12",6,"[1,2,3,4,6]",594,"Lower",10,"Mobile Transfer ticket",1,"[PREMIUM]","[PREMIUM]","[PREMIUM]","[PREMIUM]",true,false,"['Clear view']","2026-07-11 20:03:30"
"13321762913","2026-07-11 23:16:20.608","2026-07-11 23:16:20.608","13321762913","161545240","[PREMIUM]","[PREMIUM]","122","17","9001_9010","9001",,10,"[1,2,3,4,5,6,7,8,10]",1687,"Lower Level",10,"Mobile Transfer ticket",1,"[PREMIUM]","[PREMIUM]","[PREMIUM]","[PREMIUM]",true,false,"['Clear view']","2026-07-11 01:48:09"
"13321866669","2026-07-11 23:16:20.608","2026-07-11 23:16:20.608","13321866669","161545240","[PREMIUM]","[PREMIUM]","122","16","9001_9008","9001",,8,"[1,2,3,4,5,6,8]",1687,"Lower Level",10,"Mobile Transfer ticket",1,"[PREMIUM]","[PREMIUM]","[PREMIUM]","[PREMIUM]",true,false,"['Clear view']","2026-07-11 01:55:51"
"13321762409","2026-07-11 23:16:20.608","2026-07-13 23:17:24.128","13321762409","161545240","[PREMIUM]","[PREMIUM]","122","14","9001_9007","9001",,7,"[1,2,3,4,5,7]",1687,"Lower Level",10,"Mobile Transfer ticket",1,"[PREMIUM]","[PREMIUM]","[PREMIUM]","[PREMIUM]",true,false,"['Clear view']","2026-07-11 01:48:07"
"13330876999","2026-07-11 23:16:20.608","2026-07-12 23:47:31.696","13330876999","161545240","[PREMIUM]","[PREMIUM]","122","12","9001_9004","9001",,4,"[1,2,4]",1687,"Lower Level",10,"Mobile Transfer ticket",1,"[PREMIUM]","[PREMIUM]","[PREMIUM]","[PREMIUM]",true,false,"['Clear view']","2026-07-11 21:50:56"
"13330876989","2026-07-11 23:16:20.608","2026-07-13 23:17:24.199","13330876989","161545240","[PREMIUM]","[PREMIUM]","122","15","9001_9003","9001",,3,"[1,3]",1687,"Lower Level",10,"Mobile Transfer ticket",1,"[PREMIUM]","[PREMIUM]","[PREMIUM]","[PREMIUM]",true,false,"['Clear view']","2026-07-11 21:50:56"
"13330877105","2026-07-11 23:16:20.608","2026-07-13 23:17:24.199","13330877105","161545240","[PREMIUM]","[PREMIUM]","122","13","9001_9003","9001",,3,"[1,3]",1687,"Lower Level",10,"Mobile Transfer ticket",1,"[PREMIUM]","[PREMIUM]","[PREMIUM]","[PREMIUM]",true,false,"['Clear view']","2026-07-11 21:50:57"
"13328263780","2026-07-11 23:16:20.495","2026-07-16 21:50:38.533","13328263780","161545317","[PREMIUM]","[PREMIUM]","315","N","7_14","7","14",8,"[1,2]",34203,"Upper Level 300",10,"Mobile Transfer ticket",1,"[PREMIUM]","[PREMIUM]","[PREMIUM]","[PREMIUM]",true,false,"['Clear view']","2026-07-11 15:46:34"
"13328263757","2026-07-11 23:16:20.495","2026-07-16 21:50:36.579","13328263757","161545317","[PREMIUM]","[PREMIUM]","302","J","7_14","7","14",8,"[1,2]",34203,"Upper Level 300",10,"Mobile Transfer ticket",1,"[PREMIUM]","[PREMIUM]","[PREMIUM]","[PREMIUM]",true,false,"['Clear view']","2026-07-11 15:46:34"
"13328263698","2026-07-11 23:16:20.495","2026-07-13 23:17:29.623","13328263698","161545317","[PREMIUM]","[PREMIUM]","320","N","7_14","7","14",8,"[1,2]",34203,"Upper Level 300",10,"Mobile Transfer ticket",1,"[PREMIUM]","[PREMIUM]","[PREMIUM]","[PREMIUM]",true,false,"['Clear view']","2026-07-11 15:46:33"
"13287528917","2026-07-11 23:16:20.388","2026-07-12 23:48:12.435","13287528917","160437046","[PREMIUM]","[PREMIUM]","140","9","7_8","7",,2,"[2]",17186,"100-Level Club",10,"Mobile Transfer ticket",14,"[PREMIUM]","[PREMIUM]","[PREMIUM]","[PREMIUM]",true,false,"['Clear view']","2026-07-08 17:24:21"
"13316903170","2026-07-11 23:16:20.388","2026-08-04 01:37:21.056","13316903170","160437046","[PREMIUM]","[PREMIUM]","133","1","1_20","1","20",20,"[1,2,3,4,5,6,7,8,9,10,11,12,13,14,15,16,17,18,20]",11357,"100-Level",10,"Mobile Transfer ticket",1,"[PREMIUM]","[PREMIUM]","[PREMIUM]","[PREMIUM]",true,false,"['Front Row of Section','Clear view']","2026-07-10 17:05:58"
"13303350062","2026-07-11 23:16:20.301","2026-07-11 23:16:20.301","13303350062","160294243","[PREMIUM]","[PREMIUM]","W13","11","9001_9002","9001","9002",2,"[2]",594,"Lower",10,"Mobile Transfer ticket",13,"[PREMIUM]","[PREMIUM]","[PREMIUM]","[PREMIUM]",true,false,"['Clear view']","2026-07-09 15:42:33"
"13318216057","2026-07-11 23:16:20.147","2026-07-13 23:17:30.436","13318216057","160294243","[PREMIUM]","[PREMIUM]","E35","9","13_17","13","17",5,"[1,2,3,5]",594,"Lower",10,"Mobile Transfer ticket",1,"[PREMIUM]","[PREMIUM]","[PREMIUM]","[PREMIUM]",true,false,"['Clear view']","2026-07-10 19:12:29"
"13318216120","2026-07-11 23:16:20.147","2026-07-13 23:17:30.436","13318216120","160294243","[PREMIUM]","[PREMIUM]","W11","8","18_20","18","20",3,"[1,3]",594,"Lower",10,"Mobile Transfer ticket",1,"[PREMIUM]","[PREMIUM]","[PREMIUM]","[PREMIUM]",true,false,"['Clear view']","2026-07-10 19:12:30"
"12976667619","2026-07-11 23:16:20.107","2026-07-21 01:23:51.285","12976667619","160437046","[PREMIUM]","[PREMIUM]","212","12","4_5","4",,2,"[2]",17187,"200-Level Club",10,"Mobile Transfer ticket",14,"[PREMIUM]","[PREMIUM]","[PREMIUM]","[PREMIUM]",true,false,"['Clear view']","2026-06-09 04:39:53"
"13331315547","2026-07-11 23:16:20.065","2026-07-25 22:45:05.706","13331315547","160437046","[PREMIUM]","[PREMIUM]","139","16","9001_9002","9001",,2,"[2]",17186,"100-Level Club",10,"Mobile Transfer ticket",1,"[PREMIUM]","[PREMIUM]","[PREMIUM]","[PREMIUM]",true,false,"['Clear view']","2026-07-11 22:57:30"
"13316918294","2026-07-11 23:16:20.038","2026-08-04 01:37:20.445","13316918294","160437046","[PREMIUM]","[PREMIUM]","140","2","7_10","7","10",4,"[1,2,4]",17186,"100-Level Club",10,"Mobile Transfer ticket",1,"[PREMIUM]","[PREMIUM]","[PREMIUM]","[PREMIUM]",true,false,"['Second Row of Section','Clear view']","2026-07-10 17:06:46"
"13316902280","2026-07-11 23:16:19.984","2026-08-04 01:37:21.056","13316902280","160437046","[PREMIUM]","[PREMIUM]","142","4","9_20","9","20",12,"[1,2,3,4,5,6,7,8,9,10,12]",11357,"100-Level",10,"Mobile Transfer ticket",1,"[PREMIUM]","[PREMIUM]","[PREMIUM]","[PREMIUM]",true,false,"['Front Row of Section','Clear view']","2026-07-10 17:05:55"
"13294273599","2026-07-11 23:16:19.881","2026-07-18 23:12:14.111","13294273599","160437046","[PREMIUM]","[PREMIUM]","212","9","9_10","9",,2,"[2]",17187,"200-Level Club",10,"Mobile Transfer ticket",1,"[PREMIUM]","[PREMIUM]","[PREMIUM]","[PREMIUM]",true,false,"['Includes club access','Clear view']","2026-07-09 02:17:05"
"13294240973","2026-07-11 23:16:19.881","2026-07-12 23:48:11.111","13294240973","160437046","[PREMIUM]","[PREMIUM]","218","9","3_3","3",,1,"[1]",17187,"200-Level Club",10,"Mobile Transfer ticket",1,"[PREMIUM]","[PREMIUM]","[PREMIUM]","[PREMIUM]",false,false,"['Includes club access','Second Row of Section','Clear view']","2026-07-09 02:15:19"
"13293969902","2026-07-11 23:16:19.881","2026-07-12 23:48:11.111","13293969902","160437046","[PREMIUM]","[PREMIUM]","220","12","3_5","3",,3,"[1,3]",17187,"200-Level Club",10,"Mobile Transfer ticket",1,"[PREMIUM]","[PREMIUM]","[PREMIUM]","[PREMIUM]",true,false,"['Includes club access','Clear view']","2026-07-09 01:57:36"
"13295302902","2026-07-11 23:16:19.881","2026-07-12 23:48:11.439","13295302902","160437046","[PREMIUM]","[PREMIUM]","212","10","5_6","5",,2,"[2]",17187,"200-Level Club",10,"Mobile Transfer ticket",1,"[PREMIUM]","[PREMIUM]","[PREMIUM]","[PREMIUM]",true,false,"['Includes club access','Clear view']","2026-07-09 03:25:58"
"13294968449","2026-07-11 23:16:19.881","2026-07-12 23:48:11.111","13294968449","160437046","[PREMIUM]","[PREMIUM]","220","13","5_7","5",,3,"[1,3]",17187,"200-Level Club",10,"Mobile Transfer ticket",1,"[PREMIUM]","[PREMIUM]","[PREMIUM]","[PREMIUM]",true,false,"['Includes club access','Clear view']","2026-07-09 03:08:25"
"13316908786","2026-07-11 23:16:19.768","2026-08-04 01:37:20.246","13316908786","160437046","[PREMIUM]","[PREMIUM]","143","4","1_5","1","5",5,"[1,2,3,5]",11357,"100-Level",10,"Mobile Transfer ticket",1,"[PREMIUM]","[PREMIUM]","[PREMIUM]","[PREMIUM]",true,false,"['Front Row of Section','Clear view']","2026-07-10 17:06:17"
"13276312804","2026-07-11 23:16:19.682","2026-07-11 23:16:19.682","13276312804","160437046","[PREMIUM]","[PREMIUM]","137","24","1_2","1",,2,"[2]",17186,"100-Level Club",10,"Mobile Transfer ticket",14,"[PREMIUM]","[PREMIUM]","[PREMIUM]","[PREMIUM]",true,false,"['Clear view']","2026-07-07 20:50:45"
"13293529130","2026-07-11 23:16:19.667","2026-07-19 23:29:52.099","13293529130","160437046","[PREMIUM]","[PREMIUM]","104","1W","_",,,2,"[2]",11357,"100-Level",10,"Mobile Transfer ticket",1,"[PREMIUM]","[PREMIUM]","[PREMIUM]","[PREMIUM]",true,false,"['Front Row of Section','Clear view']","2026-07-09 01:36:58"
"13325489084","2026-07-11 23:16:19.591","2026-07-13 23:17:29.850","13325489084","161545270","[PREMIUM]","[PREMIUM]","331","R","_",,,2,"[2]",507,"Mezzanine",10,"Mobile Transfer ticket",1,"[PREMIUM]","[PREMIUM]","[PREMIUM]","[PREMIUM]",true,false,"['Clear view']","2026-07-11 09:55:23"
"13325489081","2026-07-11 23:16:19.591","2026-07-13 23:17:29.850","13325489081","161545270","[PREMIUM]","[PREMIUM]","308","R","_",,,2,"[2]",507,"Mezzanine",10,"Mobile Transfer ticket",1,"[PREMIUM]","[PREMIUM]","[PREMIUM]","[PREMIUM]",true,false,"['Clear view']","2026-07-11 09:55:23"
"13327716595","2026-07-11 23:16:19.591","2026-07-11 23:16:19.591","13327716595","160294243","[PREMIUM]","[PREMIUM]","S51","1","_",,,8,"[1,2,3,4,6,8]",594,"Lower",10,"Mobile Transfer ticket",1,"[PREMIUM]","[PREMIUM]","[PREMIUM]","[PREMIUM]",true,false,"['Front Row of Section','Clear view']","2026-07-11 14:29:04"
"13328309252","2026-07-11 23:16:19.378","2026-07-16 19:07:07.048","13328309252","161545270","[PREMIUM]","[PREMIUM]","125","KK","7_10","7","10",4,"[2]",4325,"Plaza Level",10,"Mobile Transfer ticket",1,"[PREMIUM]","[PREMIUM]","[PREMIUM]","[PREMIUM]",true,false,"['Clear view']","2026-07-11 15:57:49"
"13328307782","2026-07-11 23:16:19.378","2026-07-16 19:07:07.144","13328307782","161545270","[PREMIUM]","[PREMIUM]","112","KK","7_14","7","14",8,"[1,2]",4325,"Plaza Level",10,"Mobile Transfer ticket",1,"[PREMIUM]","[PREMIUM]","[PREMIUM]","[PREMIUM]",true,false,"['Clear view']","2026-07-11 15:57:26"
"13328307799","2026-07-11 23:16:19.378","2026-07-16 19:07:07.048","13328307799","161545270","[PREMIUM]","[PREMIUM]","120","KK","7_14","7","14",8,"[1,2]",4325,"Plaza Level",10,"Mobile Transfer ticket",1,"[PREMIUM]","[PREMIUM]","[PREMIUM]","[PREMIUM]",true,false,"['Clear view']","2026-07-11 15:57:27"
"13328307756","2026-07-11 23:16:19.378","2026-07-16 19:07:07.311","13328307756","161545270","[PREMIUM]","[PREMIUM]","105","W","7_14","7","14",8,"[1,2]",4325,"Plaza Level",10,"Mobile Transfer ticket",1,"[PREMIUM]","[PREMIUM]","[PREMIUM]","[PREMIUM]",true,false,"['Clear view']","2026-07-11 15:57:26"
"13328309268","2026-07-11 23:16:19.378","2026-07-16 19:07:07.144","13328309268","161545270","[PREMIUM]","[PREMIUM]","119","KK","7_14","7","14",8,"[1,2]",4325,"Plaza Level",10,"Mobile Transfer ticket",1,"[PREMIUM]","[PREMIUM]","[PREMIUM]","[PREMIUM]",true,false,"['Clear view']","2026-07-11 15:57:49"
"13328309284","2026-07-11 23:16:19.378","2026-07-16 19:07:07.048","13328309284","161545270","[PREMIUM]","[PREMIUM]","118","W","7_14","7","14",8,"[1,2]",4325,"Plaza Level",10,"Mobile Transfer ticket",1,"[PREMIUM]","[PREMIUM]","[PREMIUM]","[PREMIUM]",true,false,"['Clear view']","2026-07-11 15:57:49"
"13328307755","2026-07-11 23:16:19.322","2026-07-13 23:17:30.050","13328307755","161545270","[PREMIUM]","[PREMIUM]","301","Q","7_14","7","14",8,"[1,2]",507,"Mezzanine",10,"Mobile Transfer ticket",1,"[PREMIUM]","[PREMIUM]","[PREMIUM]","[PREMIUM]",true,false,"['Clear view']","2026-07-11 15:57:26"
"13328307754","2026-07-11 23:16:19.322","2026-07-13 23:17:30.050","13328307754","161545270","[PREMIUM]","[PREMIUM]","311","Q","7_14","7","14",8,"[1,2]",507,"Mezzanine",10,"Mobile Transfer ticket",1,"[PREMIUM]","[PREMIUM]","[PREMIUM]","[PREMIUM]",true,false,"['Clear view']","2026-07-11 15:57:26"
"13328307796","2026-07-11 23:16:19.322","2026-07-13 23:17:30.050","13328307796","161545270","[PREMIUM]","[PREMIUM]","124","KK","7_14","7","14",8,"[1,2]",4325,"Plaza Level",10,"Mobile Transfer ticket",1,"[PREMIUM]","[PREMIUM]","[PREMIUM]","[PREMIUM]",true,false,"['Clear view']","2026-07-11 15:57:27"
"13328307784","2026-07-11 23:16:19.322","2026-07-13 23:17:30.050","13328307784","161545270","[PREMIUM]","[PREMIUM]","316","R","7_14","7","14",8,"[1,2]",507,"Mezzanine",10,"Mobile Transfer ticket",1,"[PREMIUM]","[PREMIUM]","[PREMIUM]","[PREMIUM]",true,false,"['Clear view']","2026-07-11 15:57:26"
"13328307779","2026-07-11 23:16:19.322","2026-07-16 19:07:09.875","13328307779","161545270","[PREMIUM]","[PREMIUM]","102","W","7_14","7","14",8,"[1,2]",4325,"Plaza Level",10,"Mobile Transfer ticket",1,"[PREMIUM]","[PREMIUM]","[PREMIUM]","[PREMIUM]",true,false,"['Clear view']","2026-07-11 15:57:26"
"13328309283","2026-07-11 23:16:19.309","2026-07-13 23:17:29.830","13328309283","161545270","[PREMIUM]","[PREMIUM]","307","R","7_14","7","14",8,"[1,2]",507,"Mezzanine",10,"Mobile Transfer ticket",1,"[PREMIUM]","[PREMIUM]","[PREMIUM]","[PREMIUM]",true,false,"['Clear view']","2026-07-11 15:57:49"
"13328307780","2026-07-11 23:16:19.309","2026-07-16 19:07:09.724","13328307780","161545270","[PREMIUM]","[PREMIUM]","332","R","7_14","7","14",8,"[1,2]",507,"Mezzanine",10,"Mobile Transfer ticket",1,"[PREMIUM]","[PREMIUM]","[PREMIUM]","[PREMIUM]",true,false,"['Clear view']","2026-07-11 15:57:26"
"13328307801","2026-07-11 23:16:19.309","2026-07-13 23:17:29.830","13328307801","161545270","[PREMIUM]","[PREMIUM]","323","Q","7_14","7","14",8,"[1,2]",507,"Mezzanine",10,"Mobile Transfer ticket",1,"[PREMIUM]","[PREMIUM]","[PREMIUM]","[PREMIUM]",true,false,"['Clear view']","2026-07-11 15:57:27"
"13328307793","2026-07-11 23:16:19.309","2026-07-13 23:17:29.830","13328307793","161545270","[PREMIUM]","[PREMIUM]","325","R","7_14","7","14",8,"[1,2]",507,"Mezzanine",10,"Mobile Transfer ticket",1,"[PREMIUM]","[PREMIUM]","[PREMIUM]","[PREMIUM]",true,false,"['Clear view']","2026-07-11 15:57:27"
"13328307751","2026-07-11 23:16:19.309","2026-07-13 23:17:29.830","13328307751","161545270","[PREMIUM]","[PREMIUM]","309","R","7_14","7","14",8,"[1,2]",507,"Mezzanine",10,"Mobile Transfer ticket",1,"[PREMIUM]","[PREMIUM]","[PREMIUM]","[PREMIUM]",true,false,"['Clear view']","2026-07-11 15:57:26"
"13328307775","2026-07-11 23:16:19.309","2026-07-13 23:17:29.830","13328307775","161545270","[PREMIUM]","[PREMIUM]","306","Q","7_14","7","14",8,"[1,2]",507,"Mezzanine",10,"Mobile Transfer ticket",1,"[PREMIUM]","[PREMIUM]","[PREMIUM]","[PREMIUM]",true,false,"['Clear view']","2026-07-11 15:57:26"
"13288885446","2026-07-11 23:16:19.253","2026-07-11 23:16:19.253","13288885446","161545270","[PREMIUM]","[PREMIUM]","103G","C","_",,,4,"[1,2,4]",17391,"Value Glass",10,"Mobile Transfer ticket",1,"[PREMIUM]","[PREMIUM]","[PREMIUM]","[PREMIUM]",true,false,"['Front Row of Section','Clear view']","2026-07-08 19:39:47"
"13288452902","2026-07-11 23:16:19.253","2026-07-13 23:17:30.414","13288452902","161545270","[PREMIUM]","[PREMIUM]","104G","C","_",,,2,"[2]",17391,"Value Glass",10,"Mobile Transfer ticket",1,"[PREMIUM]","[PREMIUM]","[PREMIUM]","[PREMIUM]",true,false,"['Front Row of Section','Clear view']","2026-07-08 18:49:52"
"13328307808","2026-07-11 23:16:19.253","2026-07-16 19:07:09.676","13328307808","161545270","[PREMIUM]","[PREMIUM]","114","W","7_14","7","14",8,"[1,2]",4325,"Plaza Level",10,"Mobile Transfer ticket",1,"[PREMIUM]","[PREMIUM]","[PREMIUM]","[PREMIUM]",true,false,"['Clear view']","2026-07-11 15:57:27"
"13328307757","2026-07-11 23:16:19.216","2026-07-16 19:07:09.741","13328307757","161545270","[PREMIUM]","[PREMIUM]","104","W","7_14","7","14",8,"[1,2]",4325,"Plaza Level",10,"Mobile Transfer ticket",1,"[PREMIUM]","[PREMIUM]","[PREMIUM]","[PREMIUM]",true,false,"['Clear view']","2026-07-11 15:57:26"
"13328307765","2026-07-11 23:16:19.216","2026-07-16 19:07:09.875","13328307765","161545270","[PREMIUM]","[PREMIUM]","117","KK","7_14","7","14",8,"[1,2]",4325,"Plaza Level",10,"Mobile Transfer ticket",1,"[PREMIUM]","[PREMIUM]","[PREMIUM]","[PREMIUM]",true,false,"['Clear view']","2026-07-11 15:57:26"
"13328309193","2026-07-11 23:16:19.216","2026-07-16 19:07:09.875","13328309193","161545270","[PREMIUM]","[PREMIUM]","101","W","7_14","7","14",8,"[1,2]",4325,"Plaza Level",10,"Mobile Transfer ticket",1,"[PREMIUM]","[PREMIUM]","[PREMIUM]","[PREMIUM]",true,false,"['Clear view']","2026-07-11 15:57:48"
"13328307811","2026-07-11 23:16:19.216","2026-07-16 19:07:09.741","13328307811","161545270","[PREMIUM]","[PREMIUM]","115","W","7_14","7","14",8,"[1,2]",4325,"Plaza Level",10,"Mobile Transfer ticket",1,"[PREMIUM]","[PREMIUM]","[PREMIUM]","[PREMIUM]",true,false,"['Clear view']","2026-07-11 15:57:27"
"13328307803","2026-07-11 23:16:19.213","2026-07-13 23:17:29.959","13328307803","161545270","[PREMIUM]","[PREMIUM]","126","KK","7_14","7","14",8,"[1,2]",4325,"Plaza Level",10,"Mobile Transfer ticket",1,"[PREMIUM]","[PREMIUM]","[PREMIUM]","[PREMIUM]",true,false,"['Clear view']","2026-07-11 15:57:27"
"13328307791","2026-07-11 23:16:19.213","2026-07-16 19:07:07.048","13328307791","161545270","[PREMIUM]","[PREMIUM]","322","Q","7_14","7","14",8,"[1,2]",507,"Mezzanine",10,"Mobile Transfer ticket",1,"[PREMIUM]","[PREMIUM]","[PREMIUM]","[PREMIUM]",true,false,"['Clear view']","2026-07-11 15:57:27"
"13328307764","2026-07-11 23:16:19.213","2026-07-13 23:17:29.959","13328307764","161545270","[PREMIUM]","[PREMIUM]","318","Q","7_14","7","14",8,"[1,2]",507,"Mezzanine",10,"Mobile Transfer ticket",1,"[PREMIUM]","[PREMIUM]","[PREMIUM]","[PREMIUM]",true,false,"['Clear view']","2026-07-11 15:57:26"
"13328307753","2026-07-11 23:16:19.213","2026-07-13 23:17:29.959","13328307753","161545270","[PREMIUM]","[PREMIUM]","111","KK","7_14","7","14",8,"[1,2]",4325,"Plaza Level",10,"Mobile Transfer ticket",1,"[PREMIUM]","[PREMIUM]","[PREMIUM]","[PREMIUM]",true,false,"['Clear view']","2026-07-11 15:57:26"
"13325215604","2026-07-11 23:16:19.203","2026-07-22 03:07:39.396","13325215604","160294243","[PREMIUM]","[PREMIUM]","N19","36","_",,,2,"[2]",594,"Lower",10,"Mobile Transfer ticket",1,"[PREMIUM]","[PREMIUM]","[PREMIUM]","[PREMIUM]",true,false,"['Clear view']","2026-07-11 09:12:56"
"13316894436","2026-07-11 23:16:19.184","2026-08-04 01:37:19.375","13316894436","160437046","[PREMIUM]","[PREMIUM]","108","4","25_26","25","26",2,"[2]",11357,"100-Level",10,"Mobile Transfer ticket",1,"[PREMIUM]","[PREMIUM]","[PREMIUM]","[PREMIUM]",true,false,"['Front Row of Section','Clear view']","2026-07-10 17:05:36"
"13316901477","2026-07-11 23:16:19.184","2026-08-04 01:37:19.703","13316901477","160437046","[PREMIUM]","[PREMIUM]","132","2","17_18","17","18",2,"[2]",11357,"100-Level",10,"Mobile Transfer ticket",1,"[PREMIUM]","[PREMIUM]","[PREMIUM]","[PREMIUM]",true,false,"['Second Row of Section','Clear view']","2026-07-10 17:05:53"
"13316900007","2026-07-11 23:16:19.184","2026-07-31 22:55:17.348","13316900007","160437046","[PREMIUM]","[PREMIUM]","211","1","20_21","20","21",2,"[2]",11358,"200-Level",10,"Mobile Transfer ticket",1,"[PREMIUM]","[PREMIUM]","[PREMIUM]","[PREMIUM]",true,false,"['Front Row of Section','Clear view']","2026-07-10 17:05:50"
"13328309317","2026-07-11 23:16:19.007","2026-07-16 19:07:09.724","13328309317","161545270","[PREMIUM]","[PREMIUM]","305","Q","7_14","7","14",8,"[1,2]",507,"Mezzanine",10,"Mobile Transfer ticket",1,"[PREMIUM]","[PREMIUM]","[PREMIUM]","[PREMIUM]",true,false,"['Clear view']","2026-07-11 15:57:49"
"13328307771","2026-07-11 23:16:19.007","2026-07-13 23:17:29.818","13328307771","161545270","[PREMIUM]","[PREMIUM]","304","R","7_14","7","14",8,"[1,2]",507,"Mezzanine",10,"Mobile Transfer ticket",1,"[PREMIUM]","[PREMIUM]","[PREMIUM]","[PREMIUM]",true,false,"['Clear view']","2026-07-11 15:57:26"
"13328309184","2026-07-11 23:16:19.007","2026-07-16 19:07:07.144","13328309184","161545270","[PREMIUM]","[PREMIUM]","302","R","7_14","7","14",8,"[1,2]",507,"Mezzanine",10,"Mobile Transfer ticket",1,"[PREMIUM]","[PREMIUM]","[PREMIUM]","[PREMIUM]",true,false,"['Clear view']","2026-07-11 15:57:48"
"13328307766","2026-07-11 23:16:19.007","2026-07-16 19:07:09.724","13328307766","161545270","[PREMIUM]","[PREMIUM]","333","R","7_14","7","14",8,"[1,2]",507,"Mezzanine",10,"Mobile Transfer ticket",1,"[PREMIUM]","[PREMIUM]","[PREMIUM]","[PREMIUM]",true,false,"['Clear view']","2026-07-11 15:57:26"
"13328307792","2026-07-11 23:16:19.007","2026-07-13 23:17:29.818","13328307792","161545270","[PREMIUM]","[PREMIUM]","321","Q","7_14","7","14",8,"[1,2]",507,"Mezzanine",10,"Mobile Transfer ticket",1,"[PREMIUM]","[PREMIUM]","[PREMIUM]","[PREMIUM]",true,false,"['Clear view']","2026-07-11 15:57:27"
"13328307805","2026-07-11 23:16:19.007","2026-07-16 19:07:07.048","13328307805","161545270","[PREMIUM]","[PREMIUM]","302","Q","7_14","7","14",8,"[1,2]",507,"Mezzanine",10,"Mobile Transfer ticket",1,"[PREMIUM]","[PREMIUM]","[PREMIUM]","[PREMIUM]",true,false,"['Clear view']","2026-07-11 15:57:27"
"13316899329","2026-07-11 23:16:18.931","2026-08-04 01:37:20.120","13316899329","160437046","[PREMIUM]","[PREMIUM]","120","3","9_21","9","21",13,"[1,2,3,4,5,6,7,8,9,10,11,13]",11357,"100-Level",10,"Mobile Transfer ticket",1,"[PREMIUM]","[PREMIUM]","[PREMIUM]","[PREMIUM]",true,false,"['Third Row of Section','Clear view']","2026-07-10 17:05:48"
"13316894566","2026-07-11 23:16:18.931","2026-08-04 01:37:20.120","13316894566","160437046","[PREMIUM]","[PREMIUM]","110","4","1_14","1","14",14,"[1,2,3,4,5,6,7,8,9,10,11,12,14]",11357,"100-Level",10,"Mobile Transfer ticket",1,"[PREMIUM]","[PREMIUM]","[PREMIUM]","[PREMIUM]",true,false,"['Front Row of Section','Clear view']","2026-07-10 17:05:37"
"13316901659","2026-07-11 23:16:18.877","2026-08-04 01:37:19.375","13316901659","160437046","[PREMIUM]","[PREMIUM]","125","1A","22_23","22","23",2,"[2]",11357,"100-Level",10,"Mobile Transfer ticket",1,"[PREMIUM]","[PREMIUM]","[PREMIUM]","[PREMIUM]",true,false,"['Second Row of Section','Clear view']","2026-07-10 17:05:53"
"13316891862","2026-07-11 23:16:18.877","2026-07-12 23:48:11.300","13316891862","160437046","[PREMIUM]","[PREMIUM]","103","1AA","6_7","6","7",2,"[2]",11357,"100-Level",10,"Mobile Transfer ticket",1,"[PREMIUM]","[PREMIUM]","[PREMIUM]","[PREMIUM]",true,false,"['Front Row of Section','Clear view']","2026-07-10 17:05:29"
"13294297036","2026-07-11 23:16:18.818","2026-07-12 23:48:11.397","13294297036","160437046","[PREMIUM]","[PREMIUM]","217","10","3_4","3",,2,"[2]",17187,"200-Level Club",10,"Mobile Transfer ticket",1,"[PREMIUM]","[PREMIUM]","[PREMIUM]","[PREMIUM]",true,false,"['Includes club access','Clear view']","2026-07-09 02:18:38"
"13294280059","2026-07-11 23:16:18.818","2026-07-12 23:48:11.397","13294280059","160437046","[PREMIUM]","[PREMIUM]","217","9","9_10","9",,2,"[2]",17187,"200-Level Club",10,"Mobile Transfer ticket",1,"[PREMIUM]","[PREMIUM]","[PREMIUM]","[PREMIUM]",true,false,"['Includes club access','Clear view']","2026-07-09 02:17:27"
"13294087165","2026-07-11 23:16:18.818","2026-07-12 23:48:11.397","13294087165","160437046","[PREMIUM]","[PREMIUM]","217","11","13_14","13",,2,"[2]",17187,"200-Level Club",10,"Mobile Transfer ticket",1,"[PREMIUM]","[PREMIUM]","[PREMIUM]","[PREMIUM]",true,false,"['Includes club access','Clear view']","2026-07-09 02:05:49"
"13316909308","2026-07-11 23:16:18.818","2026-08-04 01:37:20.185","13316909308","160437046","[PREMIUM]","[PREMIUM]","142","5","9_16","9","16",8,"[1,2,3,4,5,6,8]",11357,"100-Level",10,"Mobile Transfer ticket",1,"[PREMIUM]","[PREMIUM]","[PREMIUM]","[PREMIUM]",true,false,"['Second Row of Section','Clear view']","2026-07-10 17:06:19"
"13316896957","2026-07-11 23:16:18.746","2026-08-04 01:37:19.603","13316896957","160437046","[PREMIUM]","[PREMIUM]","111","4","17_20","17","20",4,"[1,2,4]",11357,"100-Level",10,"Mobile Transfer ticket",1,"[PREMIUM]","[PREMIUM]","[PREMIUM]","[PREMIUM]",true,false,"['Front Row of Section','Clear view']","2026-07-10 17:05:43"
"13316890318","2026-07-11 23:16:18.746","2026-08-04 01:37:19.388","13316890318","160437046","[PREMIUM]","[PREMIUM]","102","3","1_18","1","18",18,"[1,2,3,4,5,6,7,8,9,10,11,12,13,14,15,16,18]",11357,"100-Level",10,"Mobile Transfer ticket",1,"[PREMIUM]","[PREMIUM]","[PREMIUM]","[PREMIUM]",true,false,"['Second Row of Section','Clear view']","2026-07-10 17:05:24"
"13290160575","2026-07-11 23:16:18.714","2026-08-02 22:55:48.622","13290160575","160437046","[PREMIUM]","[PREMIUM]","212","10","5_6","5",,2,"[2]",17187,"200-Level Club",10,"Mobile Transfer ticket",14,"[PREMIUM]","[PREMIUM]","[PREMIUM]","[PREMIUM]",true,false,"['Clear view']","2026-07-08 21:22:56"
"13294239277","2026-07-11 23:16:18.634","2026-07-12 23:48:11.111","13294239277","160437046","[PREMIUM]","[PREMIUM]","220","10","4_6","4",,3,"[1,3]",17187,"200-Level Club",10,"Mobile Transfer ticket",1,"[PREMIUM]","[PREMIUM]","[PREMIUM]","[PREMIUM]",true,false,"['Includes club access','Clear view']","2026-07-09 02:15:14"
"13294198900","2026-07-11 23:16:18.634","2026-07-19 23:29:51.563","13294198900","160437046","[PREMIUM]","[PREMIUM]","219","10","13_14","13",,2,"[2]",17187,"200-Level Club",10,"Mobile Transfer ticket",1,"[PREMIUM]","[PREMIUM]","[PREMIUM]","[PREMIUM]",true,false,"['Includes club access','Third Row of Section','Clear view']","2026-07-09 02:12:58"
"13294079017","2026-07-11 23:16:18.634","2026-07-18 23:12:14.111","13294079017","160437046","[PREMIUM]","[PREMIUM]","212","6","6_8","6",,3,"[1,3]",17187,"200-Level Club",10,"Mobile Transfer ticket",1,"[PREMIUM]","[PREMIUM]","[PREMIUM]","[PREMIUM]",true,false,"['Includes club access','Clear view']","2026-07-09 02:05:21"
"13299506353","2026-07-11 23:16:18.634","2026-07-12 23:48:11.236","13299506353","160437046","[PREMIUM]","[PREMIUM]","218","14","9001_9002","9001","9002",2,"[2]",17187,"200-Level Club",10,"Mobile Transfer ticket",13,"[PREMIUM]","[PREMIUM]","[PREMIUM]","[PREMIUM]",true,false,"['Clear view']","2026-07-09 09:10:11"
"13316907388","2026-07-11 23:16:18.634","2026-08-04 01:37:20.326","13316907388","160437046","[PREMIUM]","[PREMIUM]","134","2","1_5","1","5",5,"[1,2,3,5]",11357,"100-Level",10,"Mobile Transfer ticket",1,"[PREMIUM]","[PREMIUM]","[PREMIUM]","[PREMIUM]",true,false,"['Second Row of Section','Clear view']","2026-07-10 17:06:11"
"13328491825","2026-07-11 23:16:18.580","2026-07-18 02:19:24.586","13328491825","160294243","[PREMIUM]","[PREMIUM]","E33","49","_",,,5,"[1,2,3,5]",594,"Lower",10,"Mobile Transfer ticket",1,"[PREMIUM]","[PREMIUM]","[PREMIUM]","[PREMIUM]",true,false,"['Clear view']","2026-07-11 16:20:10"
"13316902922","2026-07-11 23:16:18.491","2026-08-04 01:37:19.770","13316902922","160437046","[PREMIUM]","[PREMIUM]","125","1AA","24_27","24","27",4,"[1,2,4]",11357,"100-Level",10,"Mobile Transfer ticket",1,"[PREMIUM]","[PREMIUM]","[PREMIUM]","[PREMIUM]",true,false,"['Front Row of Section','Clear view']","2026-07-10 17:05:57"
"13316897343","2026-07-11 23:16:18.491","2026-07-25 22:45:04.558","13316897343","160437046","[PREMIUM]","[PREMIUM]","120","2","9_18","9","18",10,"[1,2,3,4,5,6,7,8,10]",11357,"100-Level",10,"Mobile Transfer ticket",1,"[PREMIUM]","[PREMIUM]","[PREMIUM]","[PREMIUM]",true,false,"['Second Row of Section','Clear view']","2026-07-10 17:05:44"
"13331292908","2026-07-11 23:16:18.468","2026-07-11 23:16:18.468","13331292908","160294243","[PREMIUM]","[PREMIUM]","E42","48","13_17","13","17",5,"[1,2,3,5]",594,"Lower",10,"Mobile Transfer ticket",1,"[PREMIUM]","[PREMIUM]","[PREMIUM]","[PREMIUM]",true,false,"['Clear view']","2026-07-11 22:54:55"
"13328852192","2026-07-11 23:16:18.421","2026-07-22 03:07:39.338","13328852192","160294243","[PREMIUM]","[PREMIUM]","E30","45","9001_9002","9001","9002",2,"[2]",594,"Lower",10,"Mobile Transfer ticket",13,"[PREMIUM]","[PREMIUM]","[PREMIUM]","[PREMIUM]",true,false,"['Clear view']","2026-07-11 17:08:22"
"13316894232","2026-07-11 23:16:18.366","2026-08-04 01:37:19.703","13316894232","160437046","[PREMIUM]","[PREMIUM]","107","4","13_14","13","14",2,"[2]",11357,"100-Level",10,"Mobile Transfer ticket",1,"[PREMIUM]","[PREMIUM]","[PREMIUM]","[PREMIUM]",true,false,"['Front Row of Section','Clear view']","2026-07-10 17:05:36"
"13327609507","2026-07-11 23:16:18.340","2026-07-11 23:16:18.340","13327609507","160294243","[PREMIUM]","[PREMIUM]","E38","58","_",,,3,"[1,3]",594,"Lower",10,"Mobile Transfer ticket",1,"[PREMIUM]","[PREMIUM]","[PREMIUM]","[PREMIUM]",true,false,"['Clear view']","2026-07-11 14:17:32"
"13320766395","2026-07-11 23:16:17.993","2026-07-16 21:48:57.861","13320766395","160294243","[PREMIUM]","[PREMIUM]","E40","38","9001_9003","9001","9003",3,"[1]",594,"Lower",10,"Mobile Transfer ticket",13,"[PREMIUM]","[PREMIUM]","[PREMIUM]","[PREMIUM]",true,false,"['Clear view']","2026-07-11 00:10:38"
"13325489085","2026-07-11 23:16:17.749","2026-07-16 19:07:06.994","13325489085","161545270","[PREMIUM]","[PREMIUM]","328",,"_",,,2,"[2]",507,"Mezzanine",10,"Mobile Transfer ticket",1,"[PREMIUM]","[PREMIUM]","[PREMIUM]","[PREMIUM]",true,true,"['Clear view']","2026-07-11 09:55:23"
"13328307809","2026-07-11 23:16:17.749","2026-07-13 23:17:29.092","13328307809","161545270","[PREMIUM]","[PREMIUM]","326","R","7_14","7","14",8,"[1,2]",507,"Mezzanine",10,"Mobile Transfer ticket",1,"[PREMIUM]","[PREMIUM]","[PREMIUM]","[PREMIUM]",true,false,"['Clear view']","2026-07-11 15:57:27"
"13328307781","2026-07-11 23:16:17.749","2026-07-13 23:17:29.092","13328307781","161545270","[PREMIUM]","[PREMIUM]","314","R","7_14","7","14",8,"[1,2]",507,"Mezzanine",10,"Mobile Transfer ticket",1,"[PREMIUM]","[PREMIUM]","[PREMIUM]","[PREMIUM]",true,false,"['Clear view']","2026-07-11 15:57:26"
"13316901394","2026-07-11 23:16:17.729","2026-08-04 01:37:19.603","13316901394","160437046","[PREMIUM]","[PREMIUM]","221","1","3_4","3","4",2,"[2]",11358,"200-Level",10,"Mobile Transfer ticket",1,"[PREMIUM]","[PREMIUM]","[PREMIUM]","[PREMIUM]",true,false,"['Front Row of Section','Clear view']","2026-07-10 17:05:53"
"13331293029","2026-07-11 23:16:17.608","2026-07-11 23:16:17.608","13331293029","160294243","[PREMIUM]","[PREMIUM]","S44","49","7_12","7","12",6,"[1,2,3,4,6]",594,"Lower",10,"Mobile Transfer ticket",1,"[PREMIUM]","[PREMIUM]","[PREMIUM]","[PREMIUM]",true,false,"['Clear view']","2026-07-11 22:54:56"
"13331276545","2026-07-11 23:16:17.608","2026-07-12 23:47:32.366","13331276545","160294243","[PREMIUM]","[PREMIUM]","E41","49","5_8","5","8",4,"[1,2,4]",594,"Lower",10,"Mobile Transfer ticket",1,"[PREMIUM]","[PREMIUM]","[PREMIUM]","[PREMIUM]",true,false,"['Clear view']","2026-07-11 22:52:56"
"13325215623","2026-07-11 23:16:17.565","2026-07-16 21:48:57.898","13325215623","160294243","[PREMIUM]","[PREMIUM]","W18","40","_",,,3,"[1,2,3]",594,"Lower",10,"Mobile Transfer ticket",1,"[PREMIUM]","[PREMIUM]","[PREMIUM]","[PREMIUM]",true,false,"['Clear view']","2026-07-11 09:12:56"
"13331292849","2026-07-11 23:16:16.997","2026-07-11 23:16:16.997","13331292849","160294243","[PREMIUM]","[PREMIUM]","E31","49","5_6","5","6",2,"[2]",594,"Lower",10,"Mobile Transfer ticket",1,"[PREMIUM]","[PREMIUM]","[PREMIUM]","[PREMIUM]",true,false,"['Clear view']","2026-07-11 22:54:55"
"13331276491","2026-07-11 23:16:16.997","2026-07-12 23:47:32.366","13331276491","160294243","[PREMIUM]","[PREMIUM]","S4","49","23_25","23","25",3,"[1,3]",594,"Lower",10,"Mobile Transfer ticket",1,"[PREMIUM]","[PREMIUM]","[PREMIUM]","[PREMIUM]",true,false,"['Clear view']","2026-07-11 22:52:56"
"13331271932","2026-07-11 23:16:16.997","2026-07-11 23:16:16.997","13331271932","160294243","[PREMIUM]","[PREMIUM]","N19","49","10_11","10","11",2,"[2]",594,"Lower",10,"Mobile Transfer ticket",1,"[PREMIUM]","[PREMIUM]","[PREMIUM]","[PREMIUM]",true,false,"['Clear view']","2026-07-11 22:52:31"
"13312742714","2026-07-11 23:16:15.915","2026-07-23 01:32:53.858","13312742714","161545240","[PREMIUM]","[PREMIUM]","118","3","5_6","5",,2,"[2]",1687,"Lower Level",10,"Mobile Transfer ticket",1,"[PREMIUM]","[PREMIUM]","[PREMIUM]","[PREMIUM]",true,false,"['Clear view']","2026-07-10 09:35:00"
"13325489495","2026-07-11 23:16:15.915","2026-07-16 21:43:05.283","13325489495","161545240","[PREMIUM]","[PREMIUM]","311","17","_",,,2,"[2]",954,"Upper Level",10,"Mobile Transfer ticket",1,"[PREMIUM]","[PREMIUM]","[PREMIUM]","[PREMIUM]",true,false,"['Clear view']","2026-07-11 09:55:28"
"13316901668","2026-07-11 23:16:15.802","2026-07-29 23:49:00.646","13316901668","160437046","[PREMIUM]","[PREMIUM]","131","13","5_7","5","7",3,"[1,3]",11357,"100-Level",10,"Mobile Transfer ticket",1,"[PREMIUM]","[PREMIUM]","[PREMIUM]","[PREMIUM]",true,false,"['Clear view']","2026-07-10 17:05:53"
"13269432858","2026-07-11 23:16:15.690","2026-07-16 21:43:07.811","13269432858","161403467","[PREMIUM]","[PREMIUM]","324","15","_",,,2,"[2]",375,"Upper Balcony",10,"Mobile Transfer ticket",1,"[PREMIUM]","[PREMIUM]","[PREMIUM]","[PREMIUM]",true,false,"['Clear view']","2026-07-07 03:46:07"
"13325489141","2026-07-11 23:16:15.652","2026-07-16 21:43:05.283","13325489141","161545240","[PREMIUM]","[PREMIUM]","325","17","_",,,2,"[2]",954,"Upper Level",10,"Mobile Transfer ticket",1,"[PREMIUM]","[PREMIUM]","[PREMIUM]","[PREMIUM]",true,false,"['Clear view']","2026-07-11 09:55:24"
"13325489496","2026-07-11 23:16:15.652","2026-07-16 21:43:05.278","13325489496","161545240","[PREMIUM]","[PREMIUM]","306","17","_",,,2,"[2]",954,"Upper Level",10,"Mobile Transfer ticket",1,"[PREMIUM]","[PREMIUM]","[PREMIUM]","[PREMIUM]",true,false,"['Clear view']","2026-07-11 09:55:28"
"13325489494","2026-07-11 23:16:15.652","2026-07-16 21:43:05.283","13325489494","161545240","[PREMIUM]","[PREMIUM]","308","17","_",,,2,"[2]",954,"Upper Level",10,"Mobile Transfer ticket",1,"[PREMIUM]","[PREMIUM]","[PREMIUM]","[PREMIUM]",true,false,"['Clear view']","2026-07-11 09:55:28"
"13321748900","2026-07-11 23:16:15.569","2026-07-11 23:16:15.569","13321748900","161545240","[PREMIUM]","[PREMIUM]","105","17","9001_9010","9001",,10,"[1,2,3,4,5,6,7,8,10]",1687,"Lower Level",10,"Mobile Transfer ticket",1,"[PREMIUM]","[PREMIUM]","[PREMIUM]","[PREMIUM]",true,false,"['Clear view']","2026-07-11 01:46:45"
"13321748964","2026-07-11 23:16:15.569","2026-07-11 23:16:15.569","13321748964","161545240","[PREMIUM]","[PREMIUM]","105","18","9001_9010","9001",,10,"[1,2,3,4,5,6,7,8,10]",1687,"Lower Level",10,"Mobile Transfer ticket",1,"[PREMIUM]","[PREMIUM]","[PREMIUM]","[PREMIUM]",true,false,"['Clear view']","2026-07-11 01:46:45"
"13321748850","2026-07-11 23:16:15.569","2026-07-11 23:16:15.569","13321748850","161545240","[PREMIUM]","[PREMIUM]","105","15","9001_9010","9001",,10,"[1,2,3,4,5,6,7,8,10]",1687,"Lower Level",10,"Mobile Transfer ticket",1,"[PREMIUM]","[PREMIUM]","[PREMIUM]","[PREMIUM]",true,false,"['Clear view']","2026-07-11 01:46:44"
"13321863218","2026-07-11 23:16:15.569","2026-07-11 23:16:15.569","13321863218","161545240","[PREMIUM]","[PREMIUM]","105","16","9001_9003","9001",,3,"[1,3]",1687,"Lower Level",10,"Mobile Transfer ticket",1,"[PREMIUM]","[PREMIUM]","[PREMIUM]","[PREMIUM]",true,false,"['Clear view']","2026-07-11 01:55:42"
"13321763051","2026-07-11 23:16:15.546","2026-07-11 23:16:15.546","13321763051","161545240","[PREMIUM]","[PREMIUM]","122","18","9001_9002","9001",,2,"[2]",1687,"Lower Level",10,"Mobile Transfer ticket",1,"[PREMIUM]","[PREMIUM]","[PREMIUM]","[PREMIUM]",true,false,"['Clear view']","2026-07-11 01:48:10"
"13321763340","2026-07-11 23:16:15.546","2026-07-11 23:16:15.546","13321763340","161545240","[PREMIUM]","[PREMIUM]","122","19","9001_9006","9001",,6,"[1,2,3,4,6]",1687,"Lower Level",10,"Mobile Transfer ticket",1,"[PREMIUM]","[PREMIUM]","[PREMIUM]","[PREMIUM]",true,false,"['Clear view']","2026-07-11 01:48:11"
"13321862306","2026-07-11 23:16:15.546","2026-07-13 23:17:24.128","13321862306","161545240","[PREMIUM]","[PREMIUM]","101","18","9001_9002","9001",,2,"[2]",1687,"Lower Level",10,"Mobile Transfer ticket",1,"[PREMIUM]","[PREMIUM]","[PREMIUM]","[PREMIUM]",true,false,"['Clear view']","2026-07-11 01:55:41"
"13321746099","2026-07-11 23:16:15.546","2026-07-13 23:17:24.128","13321746099","161545240","[PREMIUM]","[PREMIUM]","101","19","9001_9003","9001",,3,"[1,3]",1687,"Lower Level",10,"Mobile Transfer ticket",1,"[PREMIUM]","[PREMIUM]","[PREMIUM]","[PREMIUM]",true,false,"['Clear view']","2026-07-11 01:46:29"
"13322423479","2026-07-11 23:16:15.488","2026-07-12 23:47:31.745","13322423479","161545240","[PREMIUM]","[PREMIUM]","101","5","_",,,5,"[1,2,3,5]",1687,"Lower Level",10,"Mobile Transfer ticket",1,"[PREMIUM]","[PREMIUM]","[PREMIUM]","[PREMIUM]",true,false,"['Clear view']","2026-07-11 03:03:31"
"13321749099","2026-07-11 23:16:15.451","2026-07-11 23:16:15.451","13321749099","161545240","[PREMIUM]","[PREMIUM]","105","6","9001_9010","9001",,10,"[1,2,3,4,5,6,7,8,10]",1687,"Lower Level",10,"Mobile Transfer ticket",1,"[PREMIUM]","[PREMIUM]","[PREMIUM]","[PREMIUM]",true,false,"['Clear view']","2026-07-11 01:46:48"
"13321749054","2026-07-11 23:16:15.451","2026-07-11 23:16:15.451","13321749054","161545240","[PREMIUM]","[PREMIUM]","105","5","9001_9004","9001",,4,"[1,2,4]",1687,"Lower Level",10,"Mobile Transfer ticket",1,"[PREMIUM]","[PREMIUM]","[PREMIUM]","[PREMIUM]",true,false,"['Clear view']","2026-07-11 01:46:47"
"13321748622","2026-07-11 23:16:15.451","2026-07-11 23:16:15.451","13321748622","161545240","[PREMIUM]","[PREMIUM]","104","8","9001_9010","9001",,10,"[1,2,3,4,5,6,7,8,10]",1687,"Lower Level",10,"Mobile Transfer ticket",1,"[PREMIUM]","[PREMIUM]","[PREMIUM]","[PREMIUM]",true,false,"['Clear view']","2026-07-11 01:46:41"
"13321749103","2026-07-11 23:16:15.451","2026-07-11 23:16:15.451","13321749103","161545240","[PREMIUM]","[PREMIUM]","105","7","9001_9010","9001",,10,"[1,2,3,4,5,6,7,8,10]",1687,"Lower Level",10,"Mobile Transfer ticket",1,"[PREMIUM]","[PREMIUM]","[PREMIUM]","[PREMIUM]",true,false,"['Clear view']","2026-07-11 01:46:48"
"13321765013","2026-07-11 23:16:15.451","2026-07-11 23:16:15.451","13321765013","161545240","[PREMIUM]","[PREMIUM]","105","8","9001_9002","9001",,2,"[2]",1687,"Lower Level",10,"Mobile Transfer ticket",1,"[PREMIUM]","[PREMIUM]","[PREMIUM]","[PREMIUM]",true,false,"['Clear view']","2026-07-11 01:48:16"
"13330876334","2026-07-11 23:16:15.451","2026-07-11 23:16:15.451","13330876334","161545240","[PREMIUM]","[PREMIUM]","105","4","9001_9008","9001",,8,"[1,2,3,4,5,6,8]",1687,"Lower Level",10,"Mobile Transfer ticket",1,"[PREMIUM]","[PREMIUM]","[PREMIUM]","[PREMIUM]",true,false,"['Clear view']","2026-07-11 21:50:52"
"13321757331","2026-07-11 23:16:15.395","2026-07-11 23:16:15.395","13321757331","161545240","[PREMIUM]","[PREMIUM]","118","6","9001_9006","9001",,6,"[1,2,3,4,6]",1687,"Lower Level",10,"Mobile Transfer ticket",1,"[PREMIUM]","[PREMIUM]","[PREMIUM]","[PREMIUM]",true,false,"['Clear view']","2026-07-11 01:47:48"
"13321760263","2026-07-11 23:16:15.395","2026-07-13 23:17:24.199","13321760263","161545240","[PREMIUM]","[PREMIUM]","120","5","9001_9004","9001",,4,"[1,2,4]",1687,"Lower Level",10,"Mobile Transfer ticket",1,"[PREMIUM]","[PREMIUM]","[PREMIUM]","[PREMIUM]",true,false,"['Clear view']","2026-07-11 01:48:01"
"13321756094","2026-07-11 23:16:15.395","2026-07-13 23:17:24.399","13321756094","161545240","[PREMIUM]","[PREMIUM]","118","4","9001_9003","9001",,3,"[1,3]",1687,"Lower Level",10,"Mobile Transfer ticket",1,"[PREMIUM]","[PREMIUM]","[PREMIUM]","[PREMIUM]",true,false,"['Clear view']","2026-07-11 01:47:45"
"13321751021","2026-07-11 23:16:15.395","2026-07-13 23:17:24.399","13321751021","161545240","[PREMIUM]","[PREMIUM]","104","4","9001_9003","9001",,3,"[1,3]",1687,"Lower Level",10,"Mobile Transfer ticket",1,"[PREMIUM]","[PREMIUM]","[PREMIUM]","[PREMIUM]",true,false,"['Clear view']","2026-07-11 01:47:31"
"13321750282","2026-07-11 23:16:15.395","2026-07-13 23:17:24.399","13321750282","161545240","[PREMIUM]","[PREMIUM]","109","4","9001_9003","9001",,3,"[1,3]",1687,"Lower Level",10,"Mobile Transfer ticket",1,"[PREMIUM]","[PREMIUM]","[PREMIUM]","[PREMIUM]",true,false,"['Clear view']","2026-07-11 01:47:29"
"13321757765","2026-07-11 23:16:15.395","2026-07-13 23:17:24.399","13321757765","161545240","[PREMIUM]","[PREMIUM]","119","3","9001_9003","9001",,3,"[1,3]",1687,"Lower Level",10,"Mobile Transfer ticket",1,"[PREMIUM]","[PREMIUM]","[PREMIUM]","[PREMIUM]",true,false,"['Third Row of Section','Clear view']","2026-07-11 01:47:50"
"13321748683","2026-07-11 23:16:15.365","2026-07-11 23:16:15.365","13321748683","161545240","[PREMIUM]","[PREMIUM]","105","10","9001_9010","9001",,10,"[1,2,3,4,5,6,7,8,10]",1687,"Lower Level",10,"Mobile Transfer ticket",1,"[PREMIUM]","[PREMIUM]","[PREMIUM]","[PREMIUM]",true,false,"['Clear view']","2026-07-11 01:46:42"
"13321767543","2026-07-11 23:16:15.365","2026-07-11 23:16:15.365","13321767543","161545240","[PREMIUM]","[PREMIUM]","105","12","9001_9010","9001",,10,"[1,2,3,4,5,6,7,8,10]",1687,"Lower Level",10,"Mobile Transfer ticket",1,"[PREMIUM]","[PREMIUM]","[PREMIUM]","[PREMIUM]",true,false,"['Clear view']","2026-07-11 01:48:25"
"13321862958","2026-07-11 23:16:15.365","2026-07-11 23:16:15.365","13321862958","161545240","[PREMIUM]","[PREMIUM]","105","14","9001_9010","9001",,10,"[1,2,3,4,5,6,7,8,10]",1687,"Lower Level",10,"Mobile Transfer ticket",1,"[PREMIUM]","[PREMIUM]","[PREMIUM]","[PREMIUM]",true,false,"['Clear view']","2026-07-11 01:55:42"
"13321748818","2026-07-11 23:16:15.365","2026-07-11 23:16:15.365","13321748818","161545240","[PREMIUM]","[PREMIUM]","105","13","9001_9010","9001",,10,"[1,2,3,4,5,6,7,8,10]",1687,"Lower Level",10,"Mobile Transfer ticket",1,"[PREMIUM]","[PREMIUM]","[PREMIUM]","[PREMIUM]",true,false,"['Clear view']","2026-07-11 01:46:43"
"13321751064","2026-07-11 23:16:15.365","2026-07-11 23:16:15.365","13321751064","161545240","[PREMIUM]","[PREMIUM]","105","11","9001_9010","9001",,10,"[1,2,3,4,5,6,7,8,10]",1687,"Lower Level",10,"Mobile Transfer ticket",1,"[PREMIUM]","[PREMIUM]","[PREMIUM]","[PREMIUM]",true,false,"['Clear view']","2026-07-11 01:47:31"
"13331535625","2026-07-11 23:16:15.365","2026-07-13 23:17:24.328","13331535625","161545240","[PREMIUM]","[PREMIUM]","107","4","9001_9003","9001",,3,"[1,3]",1687,"Lower Level",10,"Mobile Transfer ticket",1,"[PREMIUM]","[PREMIUM]","[PREMIUM]","[PREMIUM]",true,false,"['Clear view']","2026-07-11 23:15:56"
"13321750180","2026-07-11 23:16:15.328","2026-07-13 23:17:24.328","13321750180","161545240","[PREMIUM]","[PREMIUM]","106","4","9001_9003","9001",,3,"[1,3]",1687,"Lower Level",10,"Mobile Transfer ticket",1,"[PREMIUM]","[PREMIUM]","[PREMIUM]","[PREMIUM]",true,false,"['Clear view']","2026-07-11 01:47:28"
"13321756538","2026-07-11 23:16:15.328","2026-07-13 23:17:24.328","13321756538","161545240","[PREMIUM]","[PREMIUM]","117","7","9001_9004","9001",,4,"[1,2,4]",1687,"Lower Level",10,"Mobile Transfer ticket",1,"[PREMIUM]","[PREMIUM]","[PREMIUM]","[PREMIUM]",true,false,"['Clear view']","2026-07-11 01:47:46"
"13321748568","2026-07-11 23:16:15.328","2026-07-11 23:16:15.328","13321748568","161545240","[PREMIUM]","[PREMIUM]","104","5","9001_9007","9001",,7,"[1,2,3,4,5,7]",1687,"Lower Level",10,"Mobile Transfer ticket",1,"[PREMIUM]","[PREMIUM]","[PREMIUM]","[PREMIUM]",true,false,"['Clear view']","2026-07-11 01:46:40"
"13321748556","2026-07-11 23:16:15.328","2026-07-11 23:16:15.328","13321748556","161545240","[PREMIUM]","[PREMIUM]","104","6","9001_9008","9001",,8,"[1,2,3,4,5,6,8]",1687,"Lower Level",10,"Mobile Transfer ticket",1,"[PREMIUM]","[PREMIUM]","[PREMIUM]","[PREMIUM]",true,false,"['Clear view']","2026-07-11 01:46:40"
"13321751339","2026-07-11 23:16:15.328","2026-07-11 23:16:15.328","13321751339","161545240","[PREMIUM]","[PREMIUM]","106","6","9001_9006","9001",,6,"[1,2,3,4,6]",1687,"Lower Level",10,"Mobile Transfer ticket",1,"[PREMIUM]","[PREMIUM]","[PREMIUM]","[PREMIUM]",true,false,"['Clear view']","2026-07-11 01:47:32"
"13321751036","2026-07-11 23:16:15.328","2026-07-11 23:16:15.328","13321751036","161545240","[PREMIUM]","[PREMIUM]","104","7","9001_9010","9001",,10,"[1,2,3,4,5,6,7,8,10]",1687,"Lower Level",10,"Mobile Transfer ticket",1,"[PREMIUM]","[PREMIUM]","[PREMIUM]","[PREMIUM]",true,false,"['Clear view']","2026-07-11 01:47:31"
"13321751427","2026-07-11 23:16:15.286","2026-07-13 23:17:24.199","13321751427","161545240","[PREMIUM]","[PREMIUM]","113","9","9001_9002","9001",,2,"[2]",1687,"Lower Level",10,"Mobile Transfer ticket",1,"[PREMIUM]","[PREMIUM]","[PREMIUM]","[PREMIUM]",true,false,"['Clear view']","2026-07-11 01:47:32"
"13321760759","2026-07-11 23:16:15.286","2026-07-11 23:16:15.286","13321760759","161545240","[PREMIUM]","[PREMIUM]","121","10","9001_9002","9001",,2,"[2]",1687,"Lower Level",10,"Mobile Transfer ticket",1,"[PREMIUM]","[PREMIUM]","[PREMIUM]","[PREMIUM]",true,false,"['Clear view']","2026-07-11 01:48:02"
"13321752660","2026-07-11 23:16:15.286","2026-07-13 23:17:24.199","13321752660","161545240","[PREMIUM]","[PREMIUM]","112","15","9001_9003","9001",,3,"[1,3]",1687,"Lower Level",10,"Mobile Transfer ticket",1,"[PREMIUM]","[PREMIUM]","[PREMIUM]","[PREMIUM]",true,false,"['Clear view']","2026-07-11 01:47:36"
"13321751388","2026-07-11 23:16:15.286","2026-07-13 23:17:24.199","13321751388","161545240","[PREMIUM]","[PREMIUM]","113","7","9001_9002","9001",,2,"[2]",1687,"Lower Level",10,"Mobile Transfer ticket",1,"[PREMIUM]","[PREMIUM]","[PREMIUM]","[PREMIUM]",true,false,"['Clear view']","2026-07-11 01:47:32"
"13321767921","2026-07-11 23:16:15.286","2026-07-11 23:16:15.286","13321767921","161545240","[PREMIUM]","[PREMIUM]","113","10","9001_9005","9001",,5,"[1,2,3,5]",1687,"Lower Level",10,"Mobile Transfer ticket",1,"[PREMIUM]","[PREMIUM]","[PREMIUM]","[PREMIUM]",true,false,"['Clear view']","2026-07-11 01:48:26"
"13326404437","2026-07-11 23:16:15.286","2026-07-11 23:16:15.286","13326404437","161545240","[PREMIUM]","[PREMIUM]","121","9","9001_9003","9001",,3,"[1,3]",1687,"Lower Level",10,"Mobile Transfer ticket",1,"[PREMIUM]","[PREMIUM]","[PREMIUM]","[PREMIUM]",true,false,"['Clear view']","2026-07-11 11:49:52"
"13309428053","2026-07-11 23:16:15.172","2026-07-11 23:16:15.172","13309428053","161545240","[PREMIUM]","[PREMIUM]","118","7","_",,,6,"[1,2,3,4,5,6]",1687,"Lower Level",10,"Mobile Transfer ticket",1,"[PREMIUM]","[PREMIUM]","[PREMIUM]","[PREMIUM]",true,false,"['Clear view']","2026-07-10 00:39:28"
"13309428012","2026-07-11 23:16:15.172","2026-07-11 23:16:15.172","13309428012","161545240","[PREMIUM]","[PREMIUM]","117","8","_",,,8,"[1,2,3,4,5,6,7,8]",1687,"Lower Level",10,"Mobile Transfer ticket",1,"[PREMIUM]","[PREMIUM]","[PREMIUM]","[PREMIUM]",true,false,"['Clear view']","2026-07-10 00:39:28"
"13320595822","2026-07-11 23:16:15.172","2026-07-11 23:16:15.172","13320595822","161545240","[PREMIUM]","[PREMIUM]","106","7","_",,,6,"[1,2,3,4,5,6]",1687,"Lower Level",10,"Mobile Transfer ticket",1,"[PREMIUM]","[PREMIUM]","[PREMIUM]","[PREMIUM]",true,false,"['Clear view']","2026-07-10 23:57:05"
"13309428000","2026-07-11 23:16:15.121","2026-07-11 23:16:15.121","13309428000","161545240","[PREMIUM]","[PREMIUM]","120","6","_",,,6,"[1,2,3,4,5,6]",1687,"Lower Level",10,"Mobile Transfer ticket",1,"[PREMIUM]","[PREMIUM]","[PREMIUM]","[PREMIUM]",true,false,"['Clear view']","2026-07-10 00:39:28"
"13316042974","2026-07-11 23:16:15.121","2026-07-13 23:17:24.194","13316042974","161545240","[PREMIUM]","[PREMIUM]","115","4","_",,,2,"[2]",1687,"Lower Level",10,"Mobile Transfer ticket",1,"[PREMIUM]","[PREMIUM]","[PREMIUM]","[PREMIUM]",true,false,"['Clear view']","2026-07-10 15:55:01"
"13328654028","2026-07-11 23:16:15.121","2026-07-11 23:16:15.121","13328654028","161545240","[PREMIUM]","[PREMIUM]","108","3","_",,,2,"[2]",1687,"Lower Level",10,"Mobile Transfer ticket",1,"[PREMIUM]","[PREMIUM]","[PREMIUM]","[PREMIUM]",true,false,"['Third Row of Section','Clear view']","2026-07-11 16:43:07"
"13329600824","2026-07-11 23:16:15.121","2026-07-12 23:47:32.183","13329600824","161545240","[PREMIUM]","[PREMIUM]","111","16","_",,,2,"[2]",1687,"Lower Level",10,"Mobile Transfer ticket",1,"[PREMIUM]","[PREMIUM]","[PREMIUM]","[PREMIUM]",true,false,"['Clear view']","2026-07-11 18:42:20"
"13329994177","2026-07-11 23:16:15.121","2026-07-11 23:16:15.121","13329994177","161545240","[PREMIUM]","[PREMIUM]","114","4","_",,,6,"[1,2,3,4,5,6]",1687,"Lower Level",10,"Mobile Transfer ticket",1,"[PREMIUM]","[PREMIUM]","[PREMIUM]","[PREMIUM]",true,false,"['Clear view']","2026-07-11 19:34:36"
"13309427992","2026-07-11 23:16:15.106","2026-07-11 23:16:15.106","13309427992","161545240","[PREMIUM]","[PREMIUM]","121","11","_",,,8,"[1,2,3,4,5,6,7,8]",1687,"Lower Level",10,"Mobile Transfer ticket",1,"[PREMIUM]","[PREMIUM]","[PREMIUM]","[PREMIUM]",true,false,"['Clear view']","2026-07-10 00:39:28"
"13329216817","2026-07-11 23:16:15.106","2026-07-11 23:16:15.106","13329216817","161545240","[PREMIUM]","[PREMIUM]","113","11","_",,,6,"[1,2,3,4,5,6]",1687,"Lower Level",10,"Mobile Transfer ticket",1,"[PREMIUM]","[PREMIUM]","[PREMIUM]","[PREMIUM]",true,false,"['Clear view']","2026-07-11 17:53:18"
"13310078469","2026-07-11 23:16:15.008","2026-07-11 23:16:15.008","13310078469","161545247","[PREMIUM]","[PREMIUM]","112","5","9001_9002","9001",,2,"[2]",1687,"Lower Level",11,"Mobile ticket",1,"[PREMIUM]","[PREMIUM]","[PREMIUM]","[PREMIUM]",true,false,"['Clear view']","2026-07-10 02:08:11"
"13321748751","2026-07-11 23:16:15.008","2026-07-13 23:17:23.744","13321748751","161545247","[PREMIUM]","[PREMIUM]","105","3","9001_9002","9001",,2,"[2]",1687,"Lower Level",10,"Mobile Transfer ticket",1,"[PREMIUM]","[PREMIUM]","[PREMIUM]","[PREMIUM]",true,false,"['Clear view']","2026-07-11 01:46:43"
"13321757710","2026-07-11 23:16:15.008","2026-07-13 23:17:23.744","13321757710","161545247","[PREMIUM]","[PREMIUM]","117","6","9001_9004","9001",,4,"[1,2,4]",1687,"Lower Level",10,"Mobile Transfer ticket",1,"[PREMIUM]","[PREMIUM]","[PREMIUM]","[PREMIUM]",true,false,"['Clear view']","2026-07-11 01:47:50"
"13321749708","2026-07-11 23:16:15.008","2026-07-11 23:16:15.008","13321749708","161545247","[PREMIUM]","[PREMIUM]","107","3","9001_9008","9001",,8,"[1,2,3,4,5,6,8]",1687,"Lower Level",10,"Mobile Transfer ticket",1,"[PREMIUM]","[PREMIUM]","[PREMIUM]","[PREMIUM]",true,false,"['Clear view']","2026-07-11 01:47:24"
"13321757865","2026-07-11 23:16:15.008","2026-07-11 23:16:15.008","13321757865","161545247","[PREMIUM]","[PREMIUM]","117","7","9001_9004","9001",,4,"[1,2,4]",1687,"Lower Level",10,"Mobile Transfer ticket",1,"[PREMIUM]","[PREMIUM]","[PREMIUM]","[PREMIUM]",true,false,"['Clear view']","2026-07-11 01:47:50"
"13321769411","2026-07-11 23:16:15.008","2026-07-11 23:16:15.008","13321769411","161545247","[PREMIUM]","[PREMIUM]","115","3","9001_9006","9001",,6,"[1,2,3,4,6]",1687,"Lower Level",10,"Mobile Transfer ticket",1,"[PREMIUM]","[PREMIUM]","[PREMIUM]","[PREMIUM]",true,false,"['Third Row of Section','Clear view']","2026-07-11 01:48:31"
"13325489144","2026-07-11 23:16:14.923","2026-07-16 21:43:05.966","13325489144","161545247","[PREMIUM]","[PREMIUM]","325","17","_",,,2,"[2]",954,"Upper Level",10,"Mobile Transfer ticket",1,"[PREMIUM]","[PREMIUM]","[PREMIUM]","[PREMIUM]",true,false,"['Clear view']","2026-07-11 09:55:24"
"13325489203","2026-07-11 23:16:14.923","2026-07-16 21:43:05.917","13325489203","161545247","[PREMIUM]","[PREMIUM]","306","17","_",,,2,"[2]",954,"Upper Level",10,"Mobile Transfer ticket",1,"[PREMIUM]","[PREMIUM]","[PREMIUM]","[PREMIUM]",true,false,"['Clear view']","2026-07-11 09:55:24"
"13325489502","2026-07-11 23:16:14.923","2026-07-16 21:43:05.966","13325489502","161545247","[PREMIUM]","[PREMIUM]","311","17","_",,,2,"[2]",954,"Upper Level",10,"Mobile Transfer ticket",1,"[PREMIUM]","[PREMIUM]","[PREMIUM]","[PREMIUM]",true,false,"['Clear view']","2026-07-11 09:55:28"
"13325489504","2026-07-11 23:16:14.923","2026-07-16 21:43:05.917","13325489504","161545247","[PREMIUM]","[PREMIUM]","308","17","_",,,2,"[2]",954,"Upper Level",10,"Mobile Transfer ticket",1,"[PREMIUM]","[PREMIUM]","[PREMIUM]","[PREMIUM]",true,false,"['Clear view']","2026-07-11 09:55:28"
"13316901851","2026-07-11 23:16:14.723","2026-07-29 23:49:00.633","13316901851","160437046","[PREMIUM]","[PREMIUM]","131","10","7_8","7","8",2,"[2]",11357,"100-Level",10,"Mobile Transfer ticket",1,"[PREMIUM]","[PREMIUM]","[PREMIUM]","[PREMIUM]",true,false,"['Clear view']","2026-07-10 17:05:54"
"13309427889","2026-07-11 23:16:14.544","2026-07-11 23:16:14.544","13309427889","161545240","[PREMIUM]","[PREMIUM]","203","2","_",,,8,"[1,2,3,4,5,6,7,8]",300,"Club Level",10,"Mobile Transfer ticket",1,"[PREMIUM]","[PREMIUM]","[PREMIUM]","[PREMIUM]",true,false,"['Second Row of Section','Clear view']","2026-07-10 00:39:27"
"13309427853","2026-07-11 23:16:14.544","2026-07-11 23:16:14.544","13309427853","161545240","[PREMIUM]","[PREMIUM]","216","3","_",,,8,"[1,2,3,4,5,6,7,8]",300,"Club Level",10,"Mobile Transfer ticket",1,"[PREMIUM]","[PREMIUM]","[PREMIUM]","[PREMIUM]",true,false,"['Third Row of Section','Clear view']","2026-07-10 00:39:27"
"13329216693","2026-07-11 23:16:14.544","2026-07-11 23:16:14.544","13329216693","161545240","[PREMIUM]","[PREMIUM]","219","4","_",,,2,"[2]",300,"Club Level",10,"Mobile Transfer ticket",1,"[PREMIUM]","[PREMIUM]","[PREMIUM]","[PREMIUM]",true,false,"['Clear view']","2026-07-11 17:53:17"
"13309427976","2026-07-11 23:16:14.510","2026-07-11 23:16:14.510","13309427976","161545240","[PREMIUM]","[PREMIUM]","206","2","_",,,8,"[1,2,3,4,5,6,7,8]",300,"Club Level",10,"Mobile Transfer ticket",1,"[PREMIUM]","[PREMIUM]","[PREMIUM]","[PREMIUM]",true,false,"['Second Row of Section','Clear view']","2026-07-10 00:39:28"
"13309427925","2026-07-11 23:16:14.510","2026-07-11 23:16:14.510","13309427925","161545240","[PREMIUM]","[PREMIUM]","207","1","_",,,8,"[1,2,3,4,5,6,7,8]",300,"Club Level",10,"Mobile Transfer ticket",1,"[PREMIUM]","[PREMIUM]","[PREMIUM]","[PREMIUM]",true,false,"['Front Row of Section','Clear view']","2026-07-10 00:39:27"
"13322402868","2026-07-11 23:16:14.510","2026-07-11 23:16:14.510","13322402868","161545240","[PREMIUM]","[PREMIUM]","229","2","_",,,8,"[1,2,3,4,5,6,7,8]",300,"Club Level",10,"Mobile Transfer ticket",1,"[PREMIUM]","[PREMIUM]","[PREMIUM]","[PREMIUM]",true,false,"['Second Row of Section','Clear view']","2026-07-11 03:00:14"
"13309430823","2026-07-11 23:16:14.384","2026-07-11 23:16:14.384","13309430823","161545247","[PREMIUM]","[PREMIUM]","117","8","_",,,8,"[1,2,3,4,5,6,7,8]",1687,"Lower Level",10,"Mobile Transfer ticket",1,"[PREMIUM]","[PREMIUM]","[PREMIUM]","[PREMIUM]",true,false,"['Clear view']","2026-07-10 00:39:47"
"13309430817","2026-07-11 23:16:14.384","2026-07-11 23:16:14.384","13309430817","161545247","[PREMIUM]","[PREMIUM]","115","4","_",,,4,"[1,2,3,4]",1687,"Lower Level",10,"Mobile Transfer ticket",1,"[PREMIUM]","[PREMIUM]","[PREMIUM]","[PREMIUM]",true,false,"['Clear view']","2026-07-10 00:39:47"
"13321752175","2026-07-11 23:16:14.384","2026-07-12 23:47:29.377","13321752175","161545247","[PREMIUM]","[PREMIUM]","113","4","9001_9004","9001",,4,"[1,2,4]",1687,"Lower Level",10,"Mobile Transfer ticket",1,"[PREMIUM]","[PREMIUM]","[PREMIUM]","[PREMIUM]",true,false,"['Clear view']","2026-07-11 01:47:34"
"13321782777","2026-07-11 23:16:14.384","2026-07-13 23:17:23.630","13321782777","161545247","[PREMIUM]","[PREMIUM]","122","7","9001_9001","9001",,1,"[1]",1687,"Lower Level",10,"Mobile Transfer ticket",1,"[PREMIUM]","[PREMIUM]","[PREMIUM]","[PREMIUM]",false,false,"['Clear view']","2026-07-11 01:49:56"
"13321816615","2026-07-11 23:16:14.211","2026-07-11 23:16:14.211","13321816615","161545240","[PREMIUM]","[PREMIUM]","223","1","9001_9006","9001",,6,"[1,2,3,4,6]",300,"Club Level",10,"Mobile Transfer ticket",1,"[PREMIUM]","[PREMIUM]","[PREMIUM]","[PREMIUM]",true,false,"['Front Row of Section','Clear view']","2026-07-11 01:52:57"
"13321774514","2026-07-11 23:16:14.211","2026-07-12 23:47:29.261","13321774514","161545240","[PREMIUM]","[PREMIUM]","213","1","9001_9004","9001",,4,"[1,2,4]",300,"Club Level",10,"Mobile Transfer ticket",1,"[PREMIUM]","[PREMIUM]","[PREMIUM]","[PREMIUM]",true,false,"['Front Row of Section','Clear view']","2026-07-11 01:48:49"
"13321867998","2026-07-11 23:16:14.211","2026-07-13 23:17:23.274","13321867998","161545240","[PREMIUM]","[PREMIUM]","206","1","9001_9004","9001",,4,"[1,2,4]",300,"Club Level",10,"Mobile Transfer ticket",1,"[PREMIUM]","[PREMIUM]","[PREMIUM]","[PREMIUM]",true,false,"['Front Row of Section','Clear view']","2026-07-11 01:55:57"
"13321811929","2026-07-11 23:16:14.211","2026-07-13 23:17:23.559","13321811929","161545240","[PREMIUM]","[PREMIUM]","222","1","9001_9002","9001",,2,"[2]",300,"Club Level",10,"Mobile Transfer ticket",1,"[PREMIUM]","[PREMIUM]","[PREMIUM]","[PREMIUM]",true,false,"['Front Row of Section','Clear view']","2026-07-11 01:52:38"
"13321779758","2026-07-11 23:16:14.211","2026-07-13 23:17:23.274","13321779758","161545240","[PREMIUM]","[PREMIUM]","225","1","9001_9002","9001",,2,"[2]",300,"Club Level",10,"Mobile Transfer ticket",1,"[PREMIUM]","[PREMIUM]","[PREMIUM]","[PREMIUM]",true,false,"['Front Row of Section','Clear view']","2026-07-11 01:49:18"
"13330877116","2026-07-11 23:16:14.211","2026-07-13 23:17:23.559","13330877116","161545240","[PREMIUM]","[PREMIUM]","221","1","9001_9002","9001",,2,"[2]",300,"Club Level",10,"Mobile Transfer ticket",1,"[PREMIUM]","[PREMIUM]","[PREMIUM]","[PREMIUM]",true,false,"['Front Row of Section','Clear view']","2026-07-11 21:50:57"
"13330115233","2026-07-11 23:16:14.042","2026-07-23 01:32:52.902","13330115233","161545240","[PREMIUM]","[PREMIUM]","112","17","13_14","13","14",2,"[2]",1687,"Lower Level",10,"Mobile Transfer ticket",1,"[PREMIUM]","[PREMIUM]","[PREMIUM]","[PREMIUM]",true,false,"['Clear view']","2026-07-11 19:49:27"
"13321782640","2026-07-11 23:16:14.017","2026-07-11 23:16:14.017","13321782640","161545240","[PREMIUM]","[PREMIUM]","232","2","9001_9007","9001",,7,"[1,2,3,4,5,7]",300,"Club Level",10,"Mobile Transfer ticket",1,"[PREMIUM]","[PREMIUM]","[PREMIUM]","[PREMIUM]",true,false,"['Second Row of Section','Clear view']","2026-07-11 01:49:55"
"13321776967","2026-07-11 23:16:14.017","2026-07-11 23:16:14.017","13321776967","161545240","[PREMIUM]","[PREMIUM]","216","2","9001_9002","9001",,2,"[2]",300,"Club Level",10,"Mobile Transfer ticket",1,"[PREMIUM]","[PREMIUM]","[PREMIUM]","[PREMIUM]",true,false,"['Second Row of Section','Clear view']","2026-07-11 01:48:57"
"13321811967","2026-07-11 23:16:14.017","2026-07-13 23:17:23.559","13321811967","161545240","[PREMIUM]","[PREMIUM]","234","4","9001_9004","9001",,4,"[1,2,4]",300,"Club Level",10,"Mobile Transfer ticket",1,"[PREMIUM]","[PREMIUM]","[PREMIUM]","[PREMIUM]",true,false,"['Clear view']","2026-07-11 01:52:38"
"13321782328","2026-07-11 23:16:14.017","2026-07-13 23:17:23.559","13321782328","161545240","[PREMIUM]","[PREMIUM]","232","1","9001_9001","9001",,1,"[1]",300,"Club Level",10,"Mobile Transfer ticket",1,"[PREMIUM]","[PREMIUM]","[PREMIUM]","[PREMIUM]",false,false,"['Front Row of Section','Clear view']","2026-07-11 01:49:53"
"13321777594","2026-07-11 23:16:14.017","2026-07-13 23:17:23.559","13321777594","161545240","[PREMIUM]","[PREMIUM]","217","3","9001_9001","9001",,1,"[1]",300,"Club Level",10,"Mobile Transfer ticket",1,"[PREMIUM]","[PREMIUM]","[PREMIUM]","[PREMIUM]",false,false,"['Third Row of Section','Clear view']","2026-07-11 01:48:59"
"13326404425","2026-07-11 23:16:14.017","2026-07-12 23:47:30.045","13326404425","161545240","[PREMIUM]","[PREMIUM]","201","4","9001_9003","9001",,3,"[1,3]",300,"Club Level",10,"Mobile Transfer ticket",1,"[PREMIUM]","[PREMIUM]","[PREMIUM]","[PREMIUM]",true,false,"['Clear view']","2026-07-11 11:49:52"
"13323364253","2026-07-11 23:16:13.987","2026-07-23 23:28:01.970","13323364253","161545240","[PREMIUM]","[PREMIUM]","104","9","1_2","1","2",2,"[2]",1687,"Lower Level",10,"Mobile Transfer ticket",1,"[PREMIUM]","[PREMIUM]","[PREMIUM]","[PREMIUM]",true,false,"['Clear view']","2026-07-11 04:53:30"
"13321769925","2026-07-11 23:16:13.761","2026-07-11 23:16:13.761","13321769925","161545240","[PREMIUM]","[PREMIUM]","208","1","9001_9006","9001",,6,"[1,2,3,4,6]",300,"Club Level",10,"Mobile Transfer ticket",1,"[PREMIUM]","[PREMIUM]","[PREMIUM]","[PREMIUM]",true,false,"['Front Row of Section','Clear view']","2026-07-11 01:48:33"
