"_primaryKey","_firstSeenAt","_lastSeenAt","listingId","eventId","price","faceValue","section","row","seat","seatFrom","seatTo","quantity","availableQuantities","ticketClass","ticketClassName","ticketTypeId","ticketTypeName","listingTypeId","starRating","dealScore","discount","seatQualityScore","isSeatedTogether","isSpeculativeRow","listingNotes","createdAt"
"14041994839","2026-09-14 23:59:57.594","2026-09-14 23:59:57.594","14041994839","160425245","[PREMIUM]","[PREMIUM]","234","2","_",,,3,"[3]",4325,"Plaza Level",10,"Mobile Transfer ticket",1,"[PREMIUM]","[PREMIUM]","[PREMIUM]","[PREMIUM]",true,false,"['Second Row of Section','Clear view']","2026-09-14 19:34:10"
"14042275056","2026-09-14 23:59:57.594","2026-09-14 23:59:57.594","14042275056","160425245","[PREMIUM]","[PREMIUM]","121","8","_",,,2,"[2]",1687,"Lower Level",10,"Mobile Transfer ticket",1,"[PREMIUM]","[PREMIUM]","[PREMIUM]","[PREMIUM]",true,false,"['Clear view']","2026-09-14 20:04:54"
"13983425468","2026-09-14 23:59:57.256","2026-09-20 02:03:26.712","13983425468","160425612","[PREMIUM]","[PREMIUM]","304","25","_",,,2,"[2]",407,"Upper",10,"Mobile Transfer ticket",1,"[PREMIUM]","[PREMIUM]","[PREMIUM]","[PREMIUM]",true,false,"['Clear view']","2026-09-09 21:39:31"
"14041530211","2026-09-14 23:59:57.256","2026-09-14 23:59:57.256","14041530211","160425612","[PREMIUM]","[PREMIUM]","337","18","9001_9004","9001",,4,"[4]",407,"Upper",10,"Mobile Transfer ticket",13,"[PREMIUM]","[PREMIUM]","[PREMIUM]","[PREMIUM]",true,false,"['Clear view']","2026-09-14 18:44:29"
"14020445772","2026-09-14 23:59:56.534","2026-09-22 01:41:23.925","14020445772","160425612","[PREMIUM]","[PREMIUM]","324","26","_",,,3,"[3]",407,"Upper",10,"Mobile Transfer ticket",1,"[PREMIUM]","[PREMIUM]","[PREMIUM]","[PREMIUM]",true,false,"['Clear view']","2026-09-12 16:12:58"
"14020444893","2026-09-14 23:59:55.209","2026-09-26 23:01:01.465","14020444893","160425612","[PREMIUM]","[PREMIUM]","304","20","_",,,1,"[1]",407,"Upper",10,"Mobile Transfer ticket",1,"[PREMIUM]","[PREMIUM]","[PREMIUM]","[PREMIUM]",false,false,"['Clear view']","2026-09-12 16:12:54"
"14042372876","2026-09-14 23:59:54.891","2026-09-23 01:44:26.446","14042372876","160425612","[PREMIUM]","[PREMIUM]","333","16","3_4","3",,2,"[2]",407,"Upper",10,"Mobile Transfer ticket",1,"[PREMIUM]","[PREMIUM]","[PREMIUM]","[PREMIUM]",true,false,"['Clear view']","2026-09-14 20:16:29"
"12692059176","2026-09-14 23:59:53.795","2026-09-14 23:59:53.795","12692059176","160425245","[PREMIUM]","[PREMIUM]","328","1","9_14","9",,6,"[1,2,3,4,6]",1713,"Middle Level",10,"Mobile Transfer ticket",1,"[PREMIUM]","[PREMIUM]","[PREMIUM]","[PREMIUM]",true,false,"['Front Row of Section','Clear view']","2026-05-15 01:50:53"
"14043589499","2026-09-14 23:59:53.795","2026-09-14 23:59:53.795","14043589499","160425245","[PREMIUM]","[PREMIUM]","203","1","_",,,6,"[1,2,4,6]",4325,"Plaza Level",10,"Mobile Transfer ticket",1,"[PREMIUM]","[PREMIUM]","[PREMIUM]","[PREMIUM]",true,false,"['Front Row of Section','Clear view']","2026-09-14 22:42:21"
"14041438409","2026-09-14 23:59:53.458","2026-09-14 23:59:53.458","14041438409","160425245","[PREMIUM]","[PREMIUM]","121","10","11_12","11","12",2,"[1,2]",1687,"Lower Level",11,"Mobile ticket",1,"[PREMIUM]","[PREMIUM]","[PREMIUM]","[PREMIUM]",true,false,"['Alcoholic beverages available for purchase','Premium Entrance','Priority Entry','Within 10 Rows of Field','Clear view']","2026-09-14 18:33:55"
"14042534034","2026-09-14 23:59:53.458","2026-09-14 23:59:53.458","14042534034","160425245","[PREMIUM]","[PREMIUM]","119","12","1_4","1","4",4,"[2,4]",1687,"Lower Level",10,"Mobile Transfer ticket",1,"[PREMIUM]","[PREMIUM]","[PREMIUM]","[PREMIUM]",true,false,"['Clear view']","2026-09-14 20:33:36"
"14039429729","2026-09-14 23:59:52.133","2026-09-16 01:53:09.324","14039429729","160425245","[PREMIUM]","[PREMIUM]","101","3","8_11","8","11",4,"[2,4]",1687,"Lower Level",10,"Mobile Transfer ticket",1,"[PREMIUM]","[PREMIUM]","[PREMIUM]","[PREMIUM]",true,false,"['Third Row of Section','Clear view']","2026-09-14 14:39:33"
"14041186407","2026-09-14 23:59:52.133","2026-09-14 23:59:52.133","14041186407","160425245","[PREMIUM]","[PREMIUM]","121","17","_",,,4,"[4]",1687,"Lower Level",10,"Mobile Transfer ticket",1,"[PREMIUM]","[PREMIUM]","[PREMIUM]","[PREMIUM]",true,false,"['Clear view']","2026-09-14 18:04:09"
"14043259590","2026-09-14 23:59:51.492","2026-09-14 23:59:51.492","14043259590","160435931","[PREMIUM]","[PREMIUM]","614","11","_",,,2,"[2]",2124,"Upper Terrace",10,"Mobile Transfer ticket",1,"[PREMIUM]","[PREMIUM]","[PREMIUM]","[PREMIUM]",true,false,"['Clear view']","2026-09-14 22:07:41"
"14042366079","2026-09-14 23:59:50.774","2026-09-14 23:59:50.774","14042366079","160435931","[PREMIUM]","[PREMIUM]","529","3","_",,,2,"[2]",1742,"Lower Terrace",10,"Mobile Transfer ticket",1,"[PREMIUM]","[PREMIUM]","[PREMIUM]","[PREMIUM]",true,false,"['Third Row of Section','Clear view']","2026-09-14 20:15:50"
"14042255572","2026-09-14 23:59:50.378","2026-09-14 23:59:50.378","14042255572","160435931","[PREMIUM]","[PREMIUM]","643","9","_",,,2,"[2]",2124,"Upper Terrace",10,"Mobile Transfer ticket",1,"[PREMIUM]","[PREMIUM]","[PREMIUM]","[PREMIUM]",true,false,"['Third Row of Section','Clear view']","2026-09-14 20:02:03"
"14036107208","2026-09-14 23:59:50.098","2026-09-14 23:59:50.098","14036107208","160425245","[PREMIUM]","[PREMIUM]","234","3","_",,,4,"[4]",4325,"Plaza Level",10,"Mobile Transfer ticket",1,"[PREMIUM]","[PREMIUM]","[PREMIUM]","[PREMIUM]",true,false,"['Third Row of Section','Clear view']","2026-09-14 05:33:47"
"14041251149","2026-09-14 23:59:50.098","2026-09-16 01:53:46.228","14041251149","160425245","[PREMIUM]","[PREMIUM]","542","1","5_10","5",,6,"[1,2,3,4,6]",954,"Upper Level",10,"Mobile Transfer ticket",1,"[PREMIUM]","[PREMIUM]","[PREMIUM]","[PREMIUM]",true,false,"['Front Row of Section','Clear view']","2026-09-14 18:13:47"
"14043599335","2026-09-14 23:59:50.098","2026-09-14 23:59:50.098","14043599335","160425245","[PREMIUM]","[PREMIUM]","204","2","_",,,4,"[1,2,4]",4325,"Plaza Level",10,"Mobile Transfer ticket",1,"[PREMIUM]","[PREMIUM]","[PREMIUM]","[PREMIUM]",true,false,"['Second Row of Section','Clear view']","2026-09-14 22:43:14"
"14043599309","2026-09-14 23:59:50.098","2026-09-14 23:59:50.098","14043599309","160425245","[PREMIUM]","[PREMIUM]","230","1","_",,,4,"[1,2,4]",4325,"Plaza Level",10,"Mobile Transfer ticket",1,"[PREMIUM]","[PREMIUM]","[PREMIUM]","[PREMIUM]",true,false,"['Front Row of Section','Clear view']","2026-09-14 22:43:14"
"14040829985","2026-09-14 23:59:50.038","2026-09-14 23:59:50.038","14040829985","160425245","[PREMIUM]","[PREMIUM]","302","2","_",,,4,"[4]",1713,"Middle Level",10,"Mobile Transfer ticket",1,"[PREMIUM]","[PREMIUM]","[PREMIUM]","[PREMIUM]",true,false,"['Second Row of Section','Clear view']","2026-09-14 17:22:26"
"14041251138","2026-09-14 23:59:49.763","2026-09-16 01:53:26.552","14041251138","160425245","[PREMIUM]","[PREMIUM]","446","1","7_13","7",,7,"[1,2,3,4,5,7]",478,"Loge",10,"Mobile Transfer ticket",1,"[PREMIUM]","[PREMIUM]","[PREMIUM]","[PREMIUM]",true,false,"['Front Row of Section','Clear view']","2026-09-14 18:13:47"
"14043589528","2026-09-14 23:59:49.763","2026-09-14 23:59:49.763","14043589528","160425245","[PREMIUM]","[PREMIUM]","341","1","_",,,2,"[2]",1713,"Middle Level",10,"Mobile Transfer ticket",1,"[PREMIUM]","[PREMIUM]","[PREMIUM]","[PREMIUM]",true,false,"['Front Row of Section','Clear view']","2026-09-14 22:42:21"
"14043589510","2026-09-14 23:59:49.763","2026-09-14 23:59:49.763","14043589510","160425245","[PREMIUM]","[PREMIUM]","303","1","_",,,2,"[2]",1713,"Middle Level",10,"Mobile Transfer ticket",1,"[PREMIUM]","[PREMIUM]","[PREMIUM]","[PREMIUM]",true,false,"['Front Row of Section','Clear view']","2026-09-14 22:42:21"
"12825298648","2026-09-14 23:59:49.405","2026-09-18 02:11:44.567","12825298648","160425245","[PREMIUM]","[PREMIUM]","226","13","9_10","9",,2,"[2]",4325,"Plaza Level",10,"Mobile Transfer ticket",1,"[PREMIUM]","[PREMIUM]","[PREMIUM]","[PREMIUM]",true,false,"['Clear view']","2026-05-26 19:32:14"
"14043589468","2026-09-14 23:59:49.405","2026-09-14 23:59:49.405","14043589468","160425245","[PREMIUM]","[PREMIUM]","208","1","_",,,2,"[2]",4325,"Plaza Level",10,"Mobile Transfer ticket",1,"[PREMIUM]","[PREMIUM]","[PREMIUM]","[PREMIUM]",true,false,"['Front Row of Section','Clear view']","2026-09-14 22:42:21"
"14043589454","2026-09-14 23:59:49.405","2026-09-14 23:59:49.405","14043589454","160425245","[PREMIUM]","[PREMIUM]","327","1","_",,,2,"[2]",1713,"Middle Level",10,"Mobile Transfer ticket",1,"[PREMIUM]","[PREMIUM]","[PREMIUM]","[PREMIUM]",true,false,"['Front Row of Section','Clear view']","2026-09-14 22:42:21"
"14043589447","2026-09-14 23:59:49.405","2026-09-14 23:59:49.405","14043589447","160425245","[PREMIUM]","[PREMIUM]","301","1","_",,,2,"[2]",1713,"Middle Level",10,"Mobile Transfer ticket",1,"[PREMIUM]","[PREMIUM]","[PREMIUM]","[PREMIUM]",true,false,"['Front Row of Section','Clear view']","2026-09-14 22:42:21"
"14036107206","2026-09-14 23:59:49.067","2026-09-14 23:59:49.067","14036107206","160425245","[PREMIUM]","[PREMIUM]","234","5","_",,,4,"[4]",4325,"Plaza Level",10,"Mobile Transfer ticket",1,"[PREMIUM]","[PREMIUM]","[PREMIUM]","[PREMIUM]",true,false,"['Clear view']","2026-09-14 05:33:47"
"14039948355","2026-09-14 23:59:49.067","2026-09-14 23:59:49.067","14039948355","160425245","[PREMIUM]","[PREMIUM]","341","3","_",,,4,"[4]",1713,"Middle Level",10,"Mobile Transfer ticket",1,"[PREMIUM]","[PREMIUM]","[PREMIUM]","[PREMIUM]",true,false,"['Third Row of Section','Clear view']","2026-09-14 15:40:57"
"14041186400","2026-09-14 23:59:49.067","2026-09-14 23:59:49.067","14041186400","160425245","[PREMIUM]","[PREMIUM]","314","3","_",,,8,"[8]",1713,"Middle Level",10,"Mobile Transfer ticket",1,"[PREMIUM]","[PREMIUM]","[PREMIUM]","[PREMIUM]",true,false,"['Third Row of Section','Clear view']","2026-09-14 18:04:09"
"14043041732","2026-09-14 23:59:49.067","2026-09-14 23:59:49.067","14043041732","160425245","[PREMIUM]","[PREMIUM]","225","9","_",,,2,"[2]",4325,"Plaza Level",10,"Mobile Transfer ticket",1,"[PREMIUM]","[PREMIUM]","[PREMIUM]","[PREMIUM]",true,false,"['Clear view']","2026-09-14 21:41:29"
"12693106788","2026-09-14 23:59:49.050","2026-09-20 02:03:04.060","12693106788","160425245","[PREMIUM]","[PREMIUM]","537","1","1_6","1",,6,"[1,2,3,4,6]",954,"Upper Level",10,"Mobile Transfer ticket",1,"[PREMIUM]","[PREMIUM]","[PREMIUM]","[PREMIUM]",true,false,"['Front Row of Section','Clear view']","2026-05-15 03:17:04"
"14018306587","2026-09-14 23:59:49.050","2026-09-14 23:59:49.050","14018306587","160425245","[PREMIUM]","[PREMIUM]","101","7","4_5","4",,2,"[2]",1687,"Lower Level",10,"Mobile Transfer ticket",1,"[PREMIUM]","[PREMIUM]","[PREMIUM]","[PREMIUM]",true,false,"['Clear view']","2026-09-12 12:03:01"
"14043618327","2026-09-14 23:59:49.050","2026-09-14 23:59:49.050","14043618327","160425245","[PREMIUM]","[PREMIUM]","225","11","_",,,2,"[2]",4325,"Plaza Level",10,"Mobile Transfer ticket",1,"[PREMIUM]","[PREMIUM]","[PREMIUM]","[PREMIUM]",true,false,"['Clear view']","2026-09-14 22:44:41"
"13598058331","2026-09-14 23:59:48.544","2026-09-14 23:59:48.544","13598058331","160425245","[PREMIUM]","[PREMIUM]","234","8","_",,,4,"[2,4]",4325,"Plaza Level",10,"Mobile Transfer ticket",1,"[PREMIUM]","[PREMIUM]","[PREMIUM]","[PREMIUM]",true,false,"['Clear view']","2026-08-06 22:10:31"
"14041807056","2026-09-14 23:59:48.395","2026-09-14 23:59:48.395","14041807056","160435931","[PREMIUM]","[PREMIUM]","346","10","_",,,4,"[2,4]",2153,"Upper Loge",10,"Mobile Transfer ticket",14,"[PREMIUM]","[PREMIUM]","[PREMIUM]","[PREMIUM]",true,false,"['Clear view']","2026-09-14 19:15:57"
"14044165467","2026-09-14 23:59:48.112","2026-09-14 23:59:48.112","14044165467","160435931","[PREMIUM]","[PREMIUM]","610","13","_",,,3,"[1,3]",2124,"Upper Terrace",10,"Mobile Transfer ticket",1,"[PREMIUM]","[PREMIUM]","[PREMIUM]","[PREMIUM]",true,false,"['Clear view']","2026-09-14 23:57:17"
"14043949436","2026-09-14 23:59:48.112","2026-09-14 23:59:48.112","14043949436","160435931","[PREMIUM]","[PREMIUM]","326","16","_",,,4,"[2,4]",2153,"Upper Loge",10,"Mobile Transfer ticket",14,"[PREMIUM]","[PREMIUM]","[PREMIUM]","[PREMIUM]",true,false,"['Clear view']","2026-09-14 23:28:30"
"14036280687","2026-09-14 23:59:48.077","2026-09-14 23:59:48.077","14036280687","160425245","[PREMIUM]","[PREMIUM]","303","4","_",,,4,"[4]",1713,"Middle Level",10,"Mobile Transfer ticket",1,"[PREMIUM]","[PREMIUM]","[PREMIUM]","[PREMIUM]",true,false,"['Clear view']","2026-09-14 05:59:07"
"14036107186","2026-09-14 23:59:48.077","2026-09-14 23:59:48.077","14036107186","160425245","[PREMIUM]","[PREMIUM]","235","21","_",,,4,"[4]",4325,"Plaza Level",10,"Mobile Transfer ticket",1,"[PREMIUM]","[PREMIUM]","[PREMIUM]","[PREMIUM]",true,false,"['Clear view']","2026-09-14 05:33:47"
"14041609816","2026-09-14 23:59:47.877","2026-09-17 01:33:36.165","14041609816","160435931","[PREMIUM]","[PREMIUM]","323","14","_",,,4,"[2,4]",2153,"Upper Loge",10,"Mobile Transfer ticket",14,"[PREMIUM]","[PREMIUM]","[PREMIUM]","[PREMIUM]",true,false,"['Clear view']","2026-09-14 18:53:38"
"14043231262","2026-09-14 23:59:47.877","2026-09-14 23:59:47.877","14043231262","160435931","[PREMIUM]","[PREMIUM]","302","14","_",,,4,"[2,4]",2153,"Upper Loge",10,"Mobile Transfer ticket",14,"[PREMIUM]","[PREMIUM]","[PREMIUM]","[PREMIUM]",true,false,"['Clear view']","2026-09-14 22:04:54"
"14026498246","2026-09-14 23:59:47.452","2026-09-14 23:59:47.452","14026498246","160435931","[PREMIUM]","[PREMIUM]","614","22","_",,,2,"[2]",2124,"Upper Terrace",10,"Mobile Transfer ticket",1,"[PREMIUM]","[PREMIUM]","[PREMIUM]","[PREMIUM]",true,false,"['Clear view']","2026-09-13 06:16:27"
"14043243269","2026-09-14 23:59:47.350","2026-09-14 23:59:47.350","14043243269","160435931","[PREMIUM]","[PREMIUM]","636","13","_",,,2,"[2]",2124,"Upper Terrace",10,"Mobile Transfer ticket",1,"[PREMIUM]","[PREMIUM]","[PREMIUM]","[PREMIUM]",true,false,"['Clear view']","2026-09-14 22:05:58"
"14041251134","2026-09-14 23:59:47.118","2026-09-16 01:53:12.370","14041251134","160425245","[PREMIUM]","[PREMIUM]","515","1","5_20","5",,16,"[1,2,3,4,5,6,7,8,9,10,11,12,13,14,16]",954,"Upper Level",10,"Mobile Transfer ticket",1,"[PREMIUM]","[PREMIUM]","[PREMIUM]","[PREMIUM]",true,false,"['Front Row of Section','Clear view']","2026-09-14 18:13:47"
"14043677881","2026-09-14 23:59:47.118","2026-09-14 23:59:47.118","14043677881","160425245","[PREMIUM]","[PREMIUM]","224","9","1_2","1",,2,"[2]",4325,"Plaza Level",10,"Mobile Transfer ticket",1,"[PREMIUM]","[PREMIUM]","[PREMIUM]","[PREMIUM]",true,false,"['Clear view']","2026-09-14 22:51:46"
"14044150142","2026-09-14 23:59:47.118","2026-09-14 23:59:47.118","14044150142","160425245","[PREMIUM]","[PREMIUM]","330","1","_",,,4,"[4]",1713,"Middle Level",10,"Mobile Transfer ticket",1,"[PREMIUM]","[PREMIUM]","[PREMIUM]","[PREMIUM]",true,false,"['Front Row of Section','Clear view']","2026-09-14 23:55:08"
"14043437713","2026-09-14 23:59:46.766","2026-09-14 23:59:46.766","14043437713","160425245","[PREMIUM]","[PREMIUM]","207","4","_",,,4,"[4]",4325,"Plaza Level",10,"Mobile Transfer ticket",1,"[PREMIUM]","[PREMIUM]","[PREMIUM]","[PREMIUM]",true,false,"['Clear view']","2026-09-14 22:25:35"
"14043319495","2026-09-14 23:59:46.566","2026-09-16 01:53:07.921","14043319495","160425245","[PREMIUM]","[PREMIUM]","404","5","_",,,2,"[2]",478,"Loge",10,"Mobile Transfer ticket",1,"[PREMIUM]","[PREMIUM]","[PREMIUM]","[PREMIUM]",true,false,"['Clear view']","2026-09-14 22:14:30"
"14041500842","2026-09-14 23:59:46.397","2026-09-14 23:59:46.397","14041500842","160425245","[PREMIUM]","[PREMIUM]","305","3","_",,,2,"[2]",1713,"Middle Level",10,"Mobile Transfer ticket",1,"[PREMIUM]","[PREMIUM]","[PREMIUM]","[PREMIUM]",true,false,"['Third Row of Section','Clear view']","2026-09-14 18:41:46"
"14043327180","2026-09-14 23:59:46.397","2026-09-14 23:59:46.397","14043327180","160425245","[PREMIUM]","[PREMIUM]","313","12","_",,,3,"[3]",1713,"Middle Level",10,"Mobile Transfer ticket",1,"[PREMIUM]","[PREMIUM]","[PREMIUM]","[PREMIUM]",true,false,"['Clear view']","2026-09-14 22:15:07"
"14041455549","2026-09-14 23:59:46.228","2026-09-14 23:59:46.228","14041455549","160425245","[PREMIUM]","[PREMIUM]","225","12","_",,,4,"[2,4]",4325,"Plaza Level",10,"Mobile Transfer ticket",1,"[PREMIUM]","[PREMIUM]","[PREMIUM]","[PREMIUM]",true,false,"['Clear view']","2026-09-14 18:36:30"
"14041364425","2026-09-14 23:59:46.228","2026-09-14 23:59:46.228","14041364425","160425245","[PREMIUM]","[PREMIUM]","203","7","_",,,4,"[4]",4325,"Plaza Level",10,"Mobile Transfer ticket",1,"[PREMIUM]","[PREMIUM]","[PREMIUM]","[PREMIUM]",true,false,"['Clear view']","2026-09-14 18:26:43"
"14041364404","2026-09-14 23:59:46.037","2026-09-14 23:59:46.037","14041364404","160425245","[PREMIUM]","[PREMIUM]","209","3","_",,,2,"[2]",4325,"Plaza Level",10,"Mobile Transfer ticket",1,"[PREMIUM]","[PREMIUM]","[PREMIUM]","[PREMIUM]",true,false,"['Third Row of Section','Clear view']","2026-09-14 18:26:43"
"14041364419","2026-09-14 23:59:46.037","2026-09-14 23:59:46.037","14041364419","160425245","[PREMIUM]","[PREMIUM]","209","2","_",,,2,"[2]",4325,"Plaza Level",10,"Mobile Transfer ticket",1,"[PREMIUM]","[PREMIUM]","[PREMIUM]","[PREMIUM]",true,false,"['Second Row of Section','Clear view']","2026-09-14 18:26:43"
"14041140242","2026-09-14 23:59:45.905","2026-09-14 23:59:45.905","14041140242","160425245","[PREMIUM]","[PREMIUM]","342","3","_",,,2,"[2]",1713,"Middle Level",10,"Mobile Transfer ticket",1,"[PREMIUM]","[PREMIUM]","[PREMIUM]","[PREMIUM]",true,false,"['Third Row of Section','Clear view']","2026-09-14 17:59:02"
"14043308250","2026-09-14 23:59:45.905","2026-09-14 23:59:45.905","14043308250","160425245","[PREMIUM]","[PREMIUM]","224","11","9_10","9",,2,"[2]",4325,"Plaza Level",10,"Mobile Transfer ticket",1,"[PREMIUM]","[PREMIUM]","[PREMIUM]","[PREMIUM]",true,false,"['Clear view']","2026-09-14 22:13:16"
"13921721620","2026-09-14 23:59:45.570","2026-09-27 05:12:36.120","13921721620","160436501","[PREMIUM]","[PREMIUM]","CHR133","B","_",,,2,"[2]",17747,"Lower Charter",10,"Mobile Transfer ticket",1,"[PREMIUM]","[PREMIUM]","[PREMIUM]","[PREMIUM]",true,false,"['Second Row of Section','Clear view']","2026-09-04 01:29:08"
"14043219895","2026-09-14 23:59:45.570","2026-09-27 22:55:44.152","14043219895","160436501","[PREMIUM]","[PREMIUM]","235","U","_",,,4,"[4]",17344,"Middle 200-Level",10,"Mobile Transfer ticket",1,"[PREMIUM]","[PREMIUM]","[PREMIUM]","[PREMIUM]",true,false,"['Clear view']","2026-09-14 22:03:07"
"13833975811","2026-09-14 23:59:44.844","2026-09-26 05:11:35.621","13833975811","160436501","[PREMIUM]","[PREMIUM]","CLB210","L","_",,,2,"[2]",17344,"Middle 200-Level",10,"Mobile Transfer ticket",1,"[PREMIUM]","[PREMIUM]","[PREMIUM]","[PREMIUM]",true,false,"['Clear view']","2026-08-27 20:11:16"
"13833948668","2026-09-14 23:59:44.844","2026-09-27 22:55:30.148","13833948668","160436501","[PREMIUM]","[PREMIUM]","CLB210","Z","_",,,2,"[2]",17344,"Middle 200-Level",10,"Mobile Transfer ticket",1,"[PREMIUM]","[PREMIUM]","[PREMIUM]","[PREMIUM]",true,false,"['Clear view']","2026-08-27 20:06:52"
"14033078638","2026-09-14 23:59:43.951","2026-09-14 23:59:43.951","14033078638","160435931","[PREMIUM]","[PREMIUM]","614","40","_",,,7,"[1,2,3,5,7]",2124,"Upper Terrace",10,"Mobile Transfer ticket",14,"[PREMIUM]","[PREMIUM]","[PREMIUM]","[PREMIUM]",true,false,"['Clear view']","2026-09-13 22:13:38"
"14043610448","2026-09-14 23:59:43.951","2026-09-18 02:11:45.562","14043610448","160435931","[PREMIUM]","[PREMIUM]","615","22","_",,,2,"[2]",2124,"Upper Terrace",10,"Mobile Transfer ticket",1,"[PREMIUM]","[PREMIUM]","[PREMIUM]","[PREMIUM]",true,false,"['Clear view']","2026-09-14 22:44:09"
"14035364698","2026-09-14 23:59:43.816","2026-09-16 01:53:14.407","14035364698","160435931","[PREMIUM]","[PREMIUM]","613","26","_",,,3,"[1,3]",2124,"Upper Terrace",10,"Mobile Transfer ticket",14,"[PREMIUM]","[PREMIUM]","[PREMIUM]","[PREMIUM]",true,false,"['Clear view']","2026-09-14 03:52:54"
"14043116009","2026-09-14 23:59:43.816","2026-09-14 23:59:43.816","14043116009","160435931","[PREMIUM]","[PREMIUM]","614","43","_",,,2,"[2]",2124,"Upper Terrace",10,"Mobile Transfer ticket",1,"[PREMIUM]","[PREMIUM]","[PREMIUM]","[PREMIUM]",true,false,"['Clear view']","2026-09-14 21:52:57"
"14040866678","2026-09-14 23:59:43.435","2026-09-16 01:53:14.008","14040866678","160435931","[PREMIUM]","[PREMIUM]","620","14","_",,,2,"[2]",2124,"Upper Terrace",10,"Mobile Transfer ticket",1,"[PREMIUM]","[PREMIUM]","[PREMIUM]","[PREMIUM]",true,false,"['Clear view']","2026-09-14 17:25:53"
"14043139489","2026-09-14 23:59:42.684","2026-09-17 01:37:58.344","14043139489","160436501","[PREMIUM]","[PREMIUM]","237","C","_",,,4,"[4]",17344,"Middle 200-Level",10,"Mobile Transfer ticket",1,"[PREMIUM]","[PREMIUM]","[PREMIUM]","[PREMIUM]",true,false,"['Third Row of Section','Clear view']","2026-09-14 21:55:22"
"14042760921","2026-09-14 23:59:42.496","2026-09-14 23:59:42.496","14042760921","160435931","[PREMIUM]","[PREMIUM]","642","23","_",,,2,"[2]",2124,"Upper Terrace",10,"Mobile Transfer ticket",1,"[PREMIUM]","[PREMIUM]","[PREMIUM]","[PREMIUM]",true,false,"['Clear view']","2026-09-14 21:02:10"
"14041064044","2026-09-14 23:59:42.335","2026-09-16 01:53:11.564","14041064044","160435931","[PREMIUM]","[PREMIUM]","627","6","_",,,2,"[2]",2124,"Upper Terrace",10,"Mobile Transfer ticket",1,"[PREMIUM]","[PREMIUM]","[PREMIUM]","[PREMIUM]",true,false,"['Clear view']","2026-09-14 17:49:02"
"14041186408","2026-09-14 23:59:41.619","2026-09-14 23:59:41.619","14041186408","160425245","[PREMIUM]","[PREMIUM]","238","6","_",,,2,"[2]",4325,"Plaza Level",10,"Mobile Transfer ticket",1,"[PREMIUM]","[PREMIUM]","[PREMIUM]","[PREMIUM]",true,false,"['Clear view']","2026-09-14 18:04:09"
"14044065482","2026-09-14 23:59:41.470","2026-09-17 01:34:21.923","14044065482","160425245","[PREMIUM]","[PREMIUM]","240","9","9_10","9","10",2,"[2]",4325,"Plaza Level",10,"Mobile Transfer ticket",1,"[PREMIUM]","[PREMIUM]","[PREMIUM]","[PREMIUM]",true,false,"['Clear view']","2026-09-14 23:46:21"
"12692061204","2026-09-14 23:59:40.798","2026-09-18 02:11:48.701","12692061204","160425245","[PREMIUM]","[PREMIUM]","444","1","9_12","9",,4,"[2,4]",478,"Loge",10,"Mobile Transfer ticket",1,"[PREMIUM]","[PREMIUM]","[PREMIUM]","[PREMIUM]",true,false,"['Front Row of Section','Clear view']","2026-05-15 01:51:02"
"14040891386","2026-09-14 23:59:40.798","2026-09-14 23:59:40.798","14040891386","160425245","[PREMIUM]","[PREMIUM]","213","14","_",,,2,"[2]",4325,"Plaza Level",10,"Mobile Transfer ticket",1,"[PREMIUM]","[PREMIUM]","[PREMIUM]","[PREMIUM]",true,false,"['Clear view']","2026-09-14 17:28:52"
"14042653069","2026-09-14 23:59:40.733","2026-09-14 23:59:40.733","14042653069","160436501","[PREMIUM]","[PREMIUM]","309W","A","99_100","99",,2,"[2]",8724,"Upper Charter",10,"Mobile Transfer ticket",1,"[PREMIUM]","[PREMIUM]","[PREMIUM]","[PREMIUM]",true,false,"['Front Row of Section','Clear view']","2026-09-14 20:50:07"
"13950511765","2026-09-14 23:59:40.455","2026-09-24 02:25:24.490","13950511765","160436501","[PREMIUM]","[PREMIUM]","CHR135","Q","_",,,2,"[2]",17747,"Lower Charter",10,"Mobile Transfer ticket",1,"[PREMIUM]","[PREMIUM]","[PREMIUM]","[PREMIUM]",true,false,"['Clear view']","2026-09-06 19:33:12"
"14043466413","2026-09-14 23:59:40.357","2026-09-19 01:41:05.442","14043466413","160425245","[PREMIUM]","[PREMIUM]","320","5","7_8","7","8",2,"[2]",1713,"Middle Level",10,"Mobile Transfer ticket",1,"[PREMIUM]","[PREMIUM]","[PREMIUM]","[PREMIUM]",true,false,"['Clear view']","2026-09-14 22:28:14"
"14036108336","2026-09-14 23:59:39.963","2026-09-14 23:59:39.963","14036108336","160425245","[PREMIUM]","[PREMIUM]","428","3","_",,,6,"[2,4,6]",478,"Loge",10,"Mobile Transfer ticket",1,"[PREMIUM]","[PREMIUM]","[PREMIUM]","[PREMIUM]",true,false,"['Third Row of Section','Clear view']","2026-09-14 05:34:14"
"14042472148","2026-09-14 23:59:39.963","2026-09-16 01:52:53.206","14042472148","160425245","[PREMIUM]","[PREMIUM]","235","15","10_12","10","12",3,"[1,2,3]",4325,"Plaza Level",10,"Mobile Transfer ticket",1,"[PREMIUM]","[PREMIUM]","[PREMIUM]","[PREMIUM]",true,false,"['Clear view']","2026-09-14 20:27:21"
"14043591830","2026-09-14 23:59:39.963","2026-09-14 23:59:39.963","14043591830","160425245","[PREMIUM]","[PREMIUM]","C137","11","5_6","5","6",2,"[2]",5049,"Club Lower Level",10,"Mobile Transfer ticket",1,"[PREMIUM]","[PREMIUM]","[PREMIUM]","[PREMIUM]",true,false,"['Clear view']","2026-09-14 22:42:33"
"13995881790","2026-09-14 23:59:39.948","2026-09-14 23:59:39.948","13995881790","160425245","[PREMIUM]","[PREMIUM]","235","19","660_661","660",,2,"[2]",4325,"Plaza Level",10,"Mobile Transfer ticket",1,"[PREMIUM]","[PREMIUM]","[PREMIUM]","[PREMIUM]",true,false,"['Clear view']","2026-09-10 19:22:02"
"14036197078","2026-09-14 23:59:39.948","2026-09-14 23:59:39.948","14036197078","160425245","[PREMIUM]","[PREMIUM]","206","3","_",,,2,"[2]",4325,"Plaza Level",10,"Mobile Transfer ticket",1,"[PREMIUM]","[PREMIUM]","[PREMIUM]","[PREMIUM]",true,false,"['Third Row of Section','Clear view']","2026-09-14 05:47:33"
"14001437655","2026-09-14 23:59:35.368","2026-09-14 23:59:35.368","14001437655","160436501","[PREMIUM]","[PREMIUM]","333W","D","99_100","99",,2,"[2]",8724,"Upper Charter",10,"Mobile Transfer ticket",1,"[PREMIUM]","[PREMIUM]","[PREMIUM]","[PREMIUM]",true,false,"['Clear view']","2026-09-11 05:49:17"
"14036149202","2026-09-14 23:59:35.368","2026-09-18 02:10:59.217","14036149202","160436501","[PREMIUM]","[PREMIUM]","CHR135","Y","_",,,4,"[4]",17747,"Lower Charter",10,"Mobile Transfer ticket",1,"[PREMIUM]","[PREMIUM]","[PREMIUM]","[PREMIUM]",true,false,"['Clear view']","2026-09-14 05:41:26"
"14043564708","2026-09-14 23:59:34.974","2026-09-14 23:59:34.974","14043564708","160425245","[PREMIUM]","[PREMIUM]","452","3","_",,,2,"[2]",478,"Loge",10,"Mobile Transfer ticket",1,"[PREMIUM]","[PREMIUM]","[PREMIUM]","[PREMIUM]",true,false,"['Third Row of Section','Clear view']","2026-09-14 22:38:16"
"14036670172","2026-09-14 23:59:33.434","2026-09-14 23:59:33.434","14036670172","160436501","[PREMIUM]","[PREMIUM]","CHR108","M","_",,,2,"[2]",17747,"Lower Charter",10,"Mobile Transfer ticket",1,"[PREMIUM]","[PREMIUM]","[PREMIUM]","[PREMIUM]",true,false,"['Clear view']","2026-09-14 07:11:27"
"14042701083","2026-09-14 23:59:30.043","2026-09-20 02:04:07.403","14042701083","160435931","[PREMIUM]","[PREMIUM]","615","43","_",,,2,"[2]",2124,"Upper Terrace",10,"Mobile Transfer ticket",1,"[PREMIUM]","[PREMIUM]","[PREMIUM]","[PREMIUM]",true,false,"['Clear view']","2026-09-14 20:55:53"
"14042162150","2026-09-14 23:59:29.429","2026-09-16 01:53:04.702","14042162150","160435931","[PREMIUM]","[PREMIUM]","608","13","_",,,3,"[1,3]",2124,"Upper Terrace",10,"Mobile Transfer ticket",14,"[PREMIUM]","[PREMIUM]","[PREMIUM]","[PREMIUM]",true,false,"['Third Row of Section','Clear view']","2026-09-14 19:51:01"
"14043098898","2026-09-14 23:59:29.107","2026-09-21 01:38:04.893","14043098898","160435931","[PREMIUM]","[PREMIUM]","648","18","_",,,10,"[1,2,3,4,5,6,8,10]",2124,"Upper Terrace",10,"Mobile Transfer ticket",14,"[PREMIUM]","[PREMIUM]","[PREMIUM]","[PREMIUM]",true,false,"['Clear view']","2026-09-14 21:50:11"
"14032251388","2026-09-14 23:59:29.040","2026-09-17 01:33:12.783","14032251388","160435931","[PREMIUM]","[PREMIUM]","649","8","_",,,6,"[1,2,4,6]",2124,"Upper Terrace",10,"Mobile Transfer ticket",14,"[PREMIUM]","[PREMIUM]","[PREMIUM]","[PREMIUM]",true,false,"['Clear view']","2026-09-13 20:16:37"
"14043339753","2026-09-14 23:59:28.864","2026-09-20 02:03:13.950","14043339753","160435931","[PREMIUM]","[PREMIUM]","636","19","3_7","3",,5,"[1,3,5]",2124,"Upper Terrace",10,"Mobile Transfer ticket",1,"[PREMIUM]","[PREMIUM]","[PREMIUM]","[PREMIUM]",true,false,"['Clear view']","2026-09-14 22:16:24"
"14033893136","2026-09-14 23:59:28.797","2026-09-14 23:59:28.797","14033893136","160435931","[PREMIUM]","[PREMIUM]","618","34","_",,,3,"[1,3]",2124,"Upper Terrace",10,"Mobile Transfer ticket",14,"[PREMIUM]","[PREMIUM]","[PREMIUM]","[PREMIUM]",true,false,"['Clear view']","2026-09-13 23:49:09"
"14042096724","2026-09-14 23:59:28.574","2026-09-17 01:34:01.685","14042096724","160425245","[PREMIUM]","[PREMIUM]","540","2","4_15","4",,12,"[1,2,3,4,5,6,7,8,9,10,12]",954,"Upper Level",10,"Mobile Transfer ticket",1,"[PREMIUM]","[PREMIUM]","[PREMIUM]","[PREMIUM]",true,false,"['Second Row of Section','Clear view']","2026-09-14 19:43:35"
"14043162927","2026-09-14 23:59:28.574","2026-09-19 01:40:53.701","14043162927","160425245","[PREMIUM]","[PREMIUM]","347","9","5_6","5","6",2,"[2]",1713,"Middle Level",11,"Mobile ticket",1,"[PREMIUM]","[PREMIUM]","[PREMIUM]","[PREMIUM]",true,false,"['Clear view','Instant download']","2026-09-14 21:58:25"
"13996206210","2026-09-14 23:59:28.530","2026-09-16 01:52:52.923","13996206210","160425245","[PREMIUM]","[PREMIUM]","235","22","660_661","660",,2,"[2]",4325,"Plaza Level",10,"Mobile Transfer ticket",1,"[PREMIUM]","[PREMIUM]","[PREMIUM]","[PREMIUM]",true,false,"['Clear view']","2026-09-10 19:50:02"
"14024720312","2026-09-14 23:59:28.530","2026-09-16 01:52:52.923","14024720312","160425245","[PREMIUM]","[PREMIUM]","303","9","660_661","660",,2,"[2]",1713,"Middle Level",10,"Mobile Transfer ticket",1,"[PREMIUM]","[PREMIUM]","[PREMIUM]","[PREMIUM]",true,false,"['Clear view']","2026-09-13 01:22:38"
"14041251135","2026-09-14 23:59:28.530","2026-09-16 01:52:52.625","14041251135","160425245","[PREMIUM]","[PREMIUM]","513","2","11_16","11",,6,"[1,2,3,4,6]",954,"Upper Level",10,"Mobile Transfer ticket",1,"[PREMIUM]","[PREMIUM]","[PREMIUM]","[PREMIUM]",true,false,"['Second Row of Section','Clear view']","2026-09-14 18:13:47"
"13763353442","2026-09-14 23:59:28.491","2026-09-16 01:59:28.168","13763353442","160436501","[PREMIUM]","[PREMIUM]","CHR132","M","8_8","8",,1,"[1]",17747,"Lower Charter",10,"Mobile Transfer ticket",1,"[PREMIUM]","[PREMIUM]","[PREMIUM]","[PREMIUM]",false,false,"['Clear view']","2026-08-22 00:37:02"
"14041251137","2026-09-14 23:59:28.403","2026-09-16 01:52:52.554","14041251137","160425245","[PREMIUM]","[PREMIUM]","515","2","9_14","9",,6,"[1,2,3,4,6]",954,"Upper Level",10,"Mobile Transfer ticket",1,"[PREMIUM]","[PREMIUM]","[PREMIUM]","[PREMIUM]",true,false,"['Second Row of Section','Clear view']","2026-09-14 18:13:47"
"14043589475","2026-09-14 23:59:28.403","2026-09-14 23:59:28.403","14043589475","160425245","[PREMIUM]","[PREMIUM]","339","1","_",,,2,"[2]",1713,"Middle Level",10,"Mobile Transfer ticket",1,"[PREMIUM]","[PREMIUM]","[PREMIUM]","[PREMIUM]",true,false,"['Front Row of Section','Clear view']","2026-09-14 22:42:21"
"14043546736","2026-09-14 23:59:28.253","2026-09-14 23:59:28.253","14043546736","160425245","[PREMIUM]","[PREMIUM]","339","3","9001_9002","9001","9002",2,"[2]",1713,"Middle Level",10,"Mobile Transfer ticket",13,"[PREMIUM]","[PREMIUM]","[PREMIUM]","[PREMIUM]",true,false,"['Third Row of Section','Clear view']","2026-09-14 22:35:23"
"13871378347","2026-09-14 23:59:28.199","2026-09-19 01:40:14.004","13871378347","160436501","[PREMIUM]","[PREMIUM]","126","T","_",,,3,"[3]",17337,"Lower 100-Level",10,"Mobile Transfer ticket",1,"[PREMIUM]","[PREMIUM]","[PREMIUM]","[PREMIUM]",true,false,"['Clear view']","2026-08-31 05:44:09"
"14042529791","2026-09-14 23:59:27.909","2026-09-14 23:59:27.909","14042529791","160425245","[PREMIUM]","[PREMIUM]","237","7","10_13","10","13",4,"[2,4]",4325,"Plaza Level",10,"Mobile Transfer ticket",1,"[PREMIUM]","[PREMIUM]","[PREMIUM]","[PREMIUM]",true,false,"['Clear view']","2026-09-14 20:33:14"
"14043268201","2026-09-14 23:59:27.896","2026-09-14 23:59:27.896","14043268201","160425245","[PREMIUM]","[PREMIUM]","234","9","_",,,2,"[2]",4325,"Plaza Level",10,"Mobile Transfer ticket",1,"[PREMIUM]","[PREMIUM]","[PREMIUM]","[PREMIUM]",true,false,"['Clear view']","2026-09-14 22:08:44"
"14043717344","2026-09-14 23:59:27.732","2026-09-14 23:59:27.732","14043717344","160425245","[PREMIUM]","[PREMIUM]","330","7","_",,,4,"[2,4]",1713,"Middle Level",10,"Mobile Transfer ticket",1,"[PREMIUM]","[PREMIUM]","[PREMIUM]","[PREMIUM]",true,false,"['Clear view']","2026-09-14 22:58:10"
"14044138697","2026-09-14 23:59:27.732","2026-09-14 23:59:27.732","14044138697","160425245","[PREMIUM]","[PREMIUM]","229","28","_",,,2,"[2]",4325,"Plaza Level",10,"Mobile Transfer ticket",1,"[PREMIUM]","[PREMIUM]","[PREMIUM]","[PREMIUM]",true,false,"['Clear view']","2026-09-14 23:53:34"
"14041320863","2026-09-14 23:59:27.553","2026-09-14 23:59:27.553","14041320863","160425245","[PREMIUM]","[PREMIUM]","454","2","_",,,2,"[2]",478,"Loge",10,"Mobile Transfer ticket",1,"[PREMIUM]","[PREMIUM]","[PREMIUM]","[PREMIUM]",true,false,"['Second Row of Section','Clear view']","2026-09-14 18:21:28"
"14043069716","2026-09-14 23:59:27.553","2026-09-20 02:02:20.676","14043069716","160425245","[PREMIUM]","[PREMIUM]","304","3","1_2","1","2",2,"[2]",1713,"Middle Level",10,"Mobile Transfer ticket",1,"[PREMIUM]","[PREMIUM]","[PREMIUM]","[PREMIUM]",true,false,"['Third Row of Section','Clear view']","2026-09-14 21:44:48"
"13928474471","2026-09-14 23:59:27.391","2026-09-27 22:55:16.504","13928474471","160436501","[PREMIUM]","[PREMIUM]","303","F","_",,,2,"[2]",17345,"Upper 300-Level",10,"Mobile Transfer ticket",1,"[PREMIUM]","[PREMIUM]","[PREMIUM]","[PREMIUM]",true,false,"['Clear view']","2026-09-04 15:37:24"
"13632132087","2026-09-14 23:59:27.242","2026-09-24 02:24:19.566","13632132087","160436501","[PREMIUM]","[PREMIUM]","CHR132","T","13_14","13","14",2,"[2]",17747,"Lower Charter",10,"Mobile Transfer ticket",1,"[PREMIUM]","[PREMIUM]","[PREMIUM]","[PREMIUM]",true,false,"['Clear view']","2026-08-11 01:21:25"
"14043197179","2026-09-14 23:59:27.218","2026-09-14 23:59:27.218","14043197179","160425245","[PREMIUM]","[PREMIUM]","431","2","_",,,4,"[2,4]",478,"Loge",10,"Mobile Transfer ticket",1,"[PREMIUM]","[PREMIUM]","[PREMIUM]","[PREMIUM]",true,false,"['Second Row of Section','Clear view']","2026-09-14 22:00:55"
"14033536728","2026-09-14 23:59:27.035","2026-09-14 23:59:27.035","14033536728","160436501","[PREMIUM]","[PREMIUM]","309","I","_",,,2,"[2]",17345,"Upper 300-Level",10,"Mobile Transfer ticket",1,"[PREMIUM]","[PREMIUM]","[PREMIUM]","[PREMIUM]",true,false,"['Clear view']","2026-09-13 23:01:43"
"14042653284","2026-09-14 23:59:26.899","2026-09-27 22:55:12.711","14042653284","160436501","[PREMIUM]","[PREMIUM]","149","C","99_99","99",,1,"[1]",17337,"Lower 100-Level",10,"Mobile Transfer ticket",1,"[PREMIUM]","[PREMIUM]","[PREMIUM]","[PREMIUM]",false,false,"['Third Row of Section','Clear view']","2026-09-14 20:50:09"
"14042965684","2026-09-14 23:59:26.661","2026-09-16 01:59:01.557","14042965684","160436501","[PREMIUM]","[PREMIUM]","301","H","_",,,2,"[2]",17345,"Upper 300-Level",10,"Mobile Transfer ticket",1,"[PREMIUM]","[PREMIUM]","[PREMIUM]","[PREMIUM]",true,false,"['Clear view']","2026-09-14 21:32:34"
"13966206926","2026-09-14 23:59:26.616","2026-09-14 23:59:26.616","13966206926","160425245","[PREMIUM]","[PREMIUM]","517","16","9001_9002","9001","9002",2,"[2]",954,"Upper Level",10,"Mobile Transfer ticket",13,"[PREMIUM]","[PREMIUM]","[PREMIUM]","[PREMIUM]",true,false,"['Clear view']","2026-09-08 11:19:00"
"14007454976","2026-09-14 23:59:26.570","2026-09-16 02:00:29.718","14007454976","160436501","[PREMIUM]","[PREMIUM]","215","B","_",,,2,"[2]",17344,"Middle 200-Level",10,"Mobile Transfer ticket",1,"[PREMIUM]","[PREMIUM]","[PREMIUM]","[PREMIUM]",true,false,"['Second Row of Section','Clear view']","2026-09-11 16:37:56"
"14043098901","2026-09-14 23:59:26.298","2026-09-18 02:11:38.244","14043098901","160435931","[PREMIUM]","[PREMIUM]","632","20","_",,,10,"[1,2,3,4,5,6,8,10]",2124,"Upper Terrace",10,"Mobile Transfer ticket",14,"[PREMIUM]","[PREMIUM]","[PREMIUM]","[PREMIUM]",true,false,"['Clear view']","2026-09-14 21:50:11"
"14043098897","2026-09-14 23:59:25.698","2026-09-14 23:59:25.698","14043098897","160435931","[PREMIUM]","[PREMIUM]","648","23","_",,,5,"[1,3,5]",2124,"Upper Terrace",10,"Mobile Transfer ticket",14,"[PREMIUM]","[PREMIUM]","[PREMIUM]","[PREMIUM]",true,false,"['Clear view']","2026-09-14 21:50:11"
"13413533524","2026-09-14 23:59:25.243","2026-09-14 23:59:25.243","13413533524","160435931","[PREMIUM]","[PREMIUM]","638","36","5_6","5","6",2,"[2]",2124,"Upper Terrace",10,"Mobile Transfer ticket",1,"[PREMIUM]","[PREMIUM]","[PREMIUM]","[PREMIUM]",true,false,"['Clear view']","2026-07-21 00:46:55"
"14043214537","2026-09-14 23:59:25.243","2026-09-14 23:59:25.243","14043214537","160435931","[PREMIUM]","[PREMIUM]","616","41","10_15","10",,6,"[1,2,4,6]",2124,"Upper Terrace",10,"Mobile Transfer ticket",1,"[PREMIUM]","[PREMIUM]","[PREMIUM]","[PREMIUM]",true,false,"['Clear view']","2026-09-14 22:02:31"
"14034483345","2026-09-14 23:59:24.901","2026-09-16 01:52:52.335","14034483345","160425245","[PREMIUM]","[PREMIUM]","343","1","3_4","3","4",2,"[2]",1713,"Middle Level",10,"Mobile Transfer ticket",1,"[PREMIUM]","[PREMIUM]","[PREMIUM]","[PREMIUM]",true,false,"['Actual 1st row of the section','Clear view']","2026-09-14 01:18:54"
"14043596895","2026-09-14 23:59:24.901","2026-09-14 23:59:24.901","14043596895","160425245","[PREMIUM]","[PREMIUM]","204","5","5_7","5",,3,"[1,3]",4325,"Plaza Level",10,"Mobile Transfer ticket",1,"[PREMIUM]","[PREMIUM]","[PREMIUM]","[PREMIUM]",true,false,"['Clear view']","2026-09-14 22:43:02"
"14043756018","2026-09-14 23:59:24.901","2026-09-14 23:59:24.901","14043756018","160425245","[PREMIUM]","[PREMIUM]","432","3","9001_9002","9001",,2,"[2]",478,"Loge",10,"Mobile Transfer ticket",1,"[PREMIUM]","[PREMIUM]","[PREMIUM]","[PREMIUM]",true,false,"['Third Row of Section','Clear view']","2026-09-14 23:03:22"
"14036108034","2026-09-14 23:59:24.635","2026-09-14 23:59:24.635","14036108034","160425245","[PREMIUM]","[PREMIUM]","337","9","_",,,2,"[2]",1713,"Middle Level",10,"Mobile Transfer ticket",1,"[PREMIUM]","[PREMIUM]","[PREMIUM]","[PREMIUM]",true,false,"['Clear view']","2026-09-14 05:34:07"
"14043356641","2026-09-14 23:59:24.538","2026-09-14 23:59:24.538","14043356641","160425245","[PREMIUM]","[PREMIUM]","447","1","_",,,2,"[2]",478,"Loge",10,"Mobile Transfer ticket",1,"[PREMIUM]","[PREMIUM]","[PREMIUM]","[PREMIUM]",true,false,"['Front Row of Section','Clear view']","2026-09-14 22:17:45"
"14042282257","2026-09-14 23:59:24.189","2026-09-14 23:59:24.189","14042282257","160425245","[PREMIUM]","[PREMIUM]","309","2","_",,,2,"[2]",1713,"Middle Level",10,"Mobile Transfer ticket",1,"[PREMIUM]","[PREMIUM]","[PREMIUM]","[PREMIUM]",true,false,"['Second Row of Section','Clear view']","2026-09-14 20:05:30"
"14043958127","2026-09-14 23:59:24.189","2026-09-14 23:59:24.189","14043958127","160425245","[PREMIUM]","[PREMIUM]","305","5","_",,,2,"[2]",1713,"Middle Level",10,"Mobile Transfer ticket",1,"[PREMIUM]","[PREMIUM]","[PREMIUM]","[PREMIUM]",true,false,"['Clear view']","2026-09-14 23:30:12"
"13647914917","2026-09-14 23:59:23.856","2026-09-17 01:33:50.601","13647914917","160425245","[PREMIUM]","[PREMIUM]","230","25","5_6","5",,2,"[2]",4325,"Plaza Level",10,"Mobile Transfer ticket",1,"[PREMIUM]","[PREMIUM]","[PREMIUM]","[PREMIUM]",true,false,"['Clear view']","2026-08-12 14:25:35"
"14024305198","2026-09-14 23:59:23.856","2026-09-14 23:59:23.856","14024305198","160425245","[PREMIUM]","[PREMIUM]","418","5","660_661","660",,2,"[2]",478,"Loge",10,"Mobile Transfer ticket",1,"[PREMIUM]","[PREMIUM]","[PREMIUM]","[PREMIUM]",true,false,"['Clear view']","2026-09-13 00:22:49"
"14036108329","2026-09-14 23:59:23.188","2026-09-14 23:59:23.188","14036108329","160425245","[PREMIUM]","[PREMIUM]","436","3","_",,,2,"[2]",478,"Loge",10,"Mobile Transfer ticket",1,"[PREMIUM]","[PREMIUM]","[PREMIUM]","[PREMIUM]",true,false,"['Third Row of Section','Clear view']","2026-09-14 05:34:14"
"14036107752","2026-09-14 23:59:23.188","2026-09-14 23:59:23.188","14036107752","160425245","[PREMIUM]","[PREMIUM]","407","4","_",,,2,"[2]",478,"Loge",10,"Mobile Transfer ticket",1,"[PREMIUM]","[PREMIUM]","[PREMIUM]","[PREMIUM]",true,false,"['Clear view']","2026-09-14 05:33:59"
"14041252080","2026-09-14 23:59:23.188","2026-09-16 01:52:51.139","14041252080","160425245","[PREMIUM]","[PREMIUM]","513","6","17_24","17",,8,"[1,2,3,4,5,6,8]",954,"Upper Level",10,"Mobile Transfer ticket",1,"[PREMIUM]","[PREMIUM]","[PREMIUM]","[PREMIUM]",true,false,"['Clear view']","2026-09-14 18:13:53"
"14042872466","2026-09-14 23:59:22.423","2026-09-14 23:59:22.423","14042872466","160425245","[PREMIUM]","[PREMIUM]","329","7","18_21","18","21",4,"[2,4]",1713,"Middle Level",10,"Mobile Transfer ticket",1,"[PREMIUM]","[PREMIUM]","[PREMIUM]","[PREMIUM]",true,false,"['Clear view']","2026-09-14 21:18:13"
"14039841069","2026-09-14 23:59:22.058","2026-09-16 01:52:50.953","14039841069","160425245","[PREMIUM]","[PREMIUM]","327","4","7_8","7","8",2,"[2]",1713,"Middle Level",10,"Mobile Transfer ticket",1,"[PREMIUM]","[PREMIUM]","[PREMIUM]","[PREMIUM]",true,false,"['Clear view']","2026-09-14 15:27:17"
"14044038094","2026-09-14 23:59:22.058","2026-09-14 23:59:22.058","14044038094","160425245","[PREMIUM]","[PREMIUM]","424","1","_",,,2,"[2]",478,"Loge",10,"Mobile Transfer ticket",1,"[PREMIUM]","[PREMIUM]","[PREMIUM]","[PREMIUM]",true,false,"['Front Row of Section','Clear view']","2026-09-14 23:43:00"
"14044040474","2026-09-14 23:59:21.630","2026-09-18 02:11:43.094","14044040474","160425245","[PREMIUM]","[PREMIUM]","522","1","7_15","7",,9,"[1,2,3,4,5,6,7,9]",954,"Upper Level",10,"Mobile Transfer ticket",1,"[PREMIUM]","[PREMIUM]","[PREMIUM]","[PREMIUM]",true,false,"['Front Row of Section','Clear view']","2026-09-14 23:43:19"
"13791202724","2026-09-14 23:59:21.170","2026-09-14 23:59:21.170","13791202724","160425132","[PREMIUM]","[PREMIUM]","105","15","7_13","7","13",7,"[1,2,3,4,5,7]",594,"Lower",10,"Mobile Transfer ticket",1,"[PREMIUM]","[PREMIUM]","[PREMIUM]","[PREMIUM]",true,false,"['Clear view']","2026-08-24 14:40:08"
"13791202980","2026-09-14 23:59:21.170","2026-09-27 22:54:37.116","13791202980","160425132","[PREMIUM]","[PREMIUM]","105","16","8_13","8","13",6,"[1,2,3,4,6]",594,"Lower",10,"Mobile Transfer ticket",1,"[PREMIUM]","[PREMIUM]","[PREMIUM]","[PREMIUM]",true,false,"['Clear view']","2026-08-24 14:40:08"
"14040942993","2026-09-14 23:59:09.660","2026-09-15 00:00:22.643","14040942993","160435931","[PREMIUM]","[PREMIUM]","553","1","9001_9001","9001",,1,"[1]",1742,"Lower Terrace",10,"Mobile Transfer ticket",13,"[PREMIUM]","[PREMIUM]","[PREMIUM]","[PREMIUM]",false,false,"['Front Row of Section','Clear view']","2026-09-14 17:34:12"
"14041205158","2026-09-14 23:59:09.660","2026-09-15 00:00:07.684","14041205158","160435931","[PREMIUM]","[PREMIUM]","644","10","9001_9001","9001",,1,"[1]",2124,"Upper Terrace",10,"Mobile Transfer ticket",13,"[PREMIUM]","[PREMIUM]","[PREMIUM]","[PREMIUM]",false,false,"['Clear view']","2026-09-14 18:07:01"
"14043703952","2026-09-14 23:59:09.660","2026-09-15 00:00:21.165","14043703952","160435931","[PREMIUM]","[PREMIUM]","156","23","9001_9001","9001",,1,"[1]",518,"Plaza",10,"Mobile Transfer ticket",13,"[PREMIUM]","[PREMIUM]","[PREMIUM]","[PREMIUM]",false,false,"['Clear view']","2026-09-14 22:56:53"
"14043039218","2026-09-14 23:59:09.660","2026-09-14 23:59:09.660","14043039218","160435931","[PREMIUM]","[PREMIUM]","649","23","_",,,2,"[2]",2124,"Upper Terrace",10,"Mobile Transfer ticket",1,"[PREMIUM]","[PREMIUM]","[PREMIUM]","[PREMIUM]",true,false,"['Clear view']","2026-09-14 21:41:06"
"14034519777","2026-09-14 23:59:08.994","2026-09-14 23:59:08.994","14034519777","160425245","[PREMIUM]","[PREMIUM]","448","1","8_10","8",,3,"[1,3]",478,"Loge",10,"Mobile Transfer ticket",1,"[PREMIUM]","[PREMIUM]","[PREMIUM]","[PREMIUM]",true,false,"['Front Row of Section','Clear view']","2026-09-14 01:24:18"
"14034863002","2026-09-14 23:59:08.994","2026-09-14 23:59:08.994","14034863002","160425245","[PREMIUM]","[PREMIUM]","204","8","9_10","9",,2,"[2]",4325,"Plaza Level",10,"Mobile Transfer ticket",1,"[PREMIUM]","[PREMIUM]","[PREMIUM]","[PREMIUM]",true,false,"['Clear view']","2026-09-14 02:20:41"
"14041470407","2026-09-14 23:59:08.994","2026-09-16 01:52:50.608","14041470407","160425245","[PREMIUM]","[PREMIUM]","232","23","9_10","9",,2,"[2]",4325,"Plaza Level",10,"Mobile Transfer ticket",1,"[PREMIUM]","[PREMIUM]","[PREMIUM]","[PREMIUM]",true,false,"['Clear view']","2026-09-14 18:38:33"
"14042278290","2026-09-14 23:59:07.248","2026-09-14 23:59:07.248","14042278290","160425245","[PREMIUM]","[PREMIUM]","424","2","_",,,2,"[2]",478,"Loge",10,"Mobile Transfer ticket",1,"[PREMIUM]","[PREMIUM]","[PREMIUM]","[PREMIUM]",true,false,"['Second Row of Section','Clear view']","2026-09-14 20:05:10"
"14043578642","2026-09-14 23:59:07.248","2026-09-14 23:59:07.248","14043578642","160425245","[PREMIUM]","[PREMIUM]","448","4","21_24","21","24",4,"[4]",478,"Loge",11,"Mobile ticket",1,"[PREMIUM]","[PREMIUM]","[PREMIUM]","[PREMIUM]",true,false,"['Aisle seat','Clear view']","2026-09-14 22:40:08"
"14036108202","2026-09-14 23:59:06.917","2026-09-14 23:59:06.917","14036108202","160425245","[PREMIUM]","[PREMIUM]","507","3","_",,,4,"[4]",954,"Upper Level",10,"Mobile Transfer ticket",1,"[PREMIUM]","[PREMIUM]","[PREMIUM]","[PREMIUM]",true,false,"['Third Row of Section','Clear view']","2026-09-14 05:34:13"
"13988987853","2026-09-14 23:59:06.535","2026-09-16 01:52:49.933","13988987853","160425245","[PREMIUM]","[PREMIUM]","540","7","7_10","7","10",4,"[1,2,4]",954,"Upper Level",10,"Mobile Transfer ticket",1,"[PREMIUM]","[PREMIUM]","[PREMIUM]","[PREMIUM]",true,false,"['Clear view']","2026-09-10 07:50:21"
"13988987794","2026-09-14 23:59:06.535","2026-09-14 23:59:06.535","13988987794","160425245","[PREMIUM]","[PREMIUM]","409","4","13_14","13","14",2,"[2]",478,"Loge",10,"Mobile Transfer ticket",1,"[PREMIUM]","[PREMIUM]","[PREMIUM]","[PREMIUM]",true,false,"['Clear view']","2026-09-10 07:50:20"
"14043673472","2026-09-14 23:59:06.193","2026-09-17 01:32:58.178","14043673472","160425245","[PREMIUM]","[PREMIUM]","511","9","_",,,2,"[2]",954,"Upper Level",10,"Mobile Transfer ticket",1,"[PREMIUM]","[PREMIUM]","[PREMIUM]","[PREMIUM]",true,false,"['Clear view']","2026-09-14 22:51:08"
"14041341706","2026-09-14 23:59:05.822","2026-09-14 23:59:05.822","14041341706","160425245","[PREMIUM]","[PREMIUM]","454","3","_",,,2,"[2]",478,"Loge",10,"Mobile Transfer ticket",1,"[PREMIUM]","[PREMIUM]","[PREMIUM]","[PREMIUM]",true,false,"['Third Row of Section','Clear view']","2026-09-14 18:23:38"
"14042721161","2026-09-14 23:59:05.822","2026-09-14 23:59:05.822","14042721161","160425245","[PREMIUM]","[PREMIUM]","312","9","_",,,4,"[4]",1713,"Middle Level",10,"Mobile Transfer ticket",1,"[PREMIUM]","[PREMIUM]","[PREMIUM]","[PREMIUM]",true,false,"['Second Row of Section','Clear view']","2026-09-14 20:57:23"
"13966206774","2026-09-14 23:59:05.446","2026-09-14 23:59:05.446","13966206774","160425245","[PREMIUM]","[PREMIUM]","517","15","9001_9002","9001","9002",2,"[2]",954,"Upper Level",10,"Mobile Transfer ticket",13,"[PREMIUM]","[PREMIUM]","[PREMIUM]","[PREMIUM]",true,false,"['Clear view']","2026-09-08 11:18:59"
"14016674710","2026-09-14 23:59:05.446","2026-09-14 23:59:05.446","14016674710","160425245","[PREMIUM]","[PREMIUM]","517","13","9001_9004","9001","9004",4,"[1,2]",954,"Upper Level",10,"Mobile Transfer ticket",13,"[PREMIUM]","[PREMIUM]","[PREMIUM]","[PREMIUM]",true,false,"['Clear view']","2026-09-12 08:47:10"
"14041980531","2026-09-14 23:59:03.516","2026-09-14 23:59:03.516","14041980531","160436501","[PREMIUM]","[PREMIUM]","CHR137","H","_",,,1,"[1]",17747,"Lower Charter",10,"Mobile Transfer ticket",1,"[PREMIUM]","[PREMIUM]","[PREMIUM]","[PREMIUM]",false,false,"['Clear view']","2026-09-14 19:32:46"
"14043932576","2026-09-14 23:59:02.854","2026-09-14 23:59:02.854","14043932576","160436501","[PREMIUM]","[PREMIUM]","101","U","9001_9002","9001",,2,"[2]",17337,"Lower 100-Level",10,"Mobile Transfer ticket",13,"[PREMIUM]","[PREMIUM]","[PREMIUM]","[PREMIUM]",true,false,"['Clear view']","2026-09-14 23:24:48"
"14040910829","2026-09-14 23:59:01.211","2026-09-14 23:59:01.211","14040910829","160436501","[PREMIUM]","[PREMIUM]","121","P","_",,,2,"[2]",17337,"Lower 100-Level",10,"Mobile Transfer ticket",1,"[PREMIUM]","[PREMIUM]","[PREMIUM]","[PREMIUM]",true,false,"['Clear view']","2026-09-14 17:31:33"
"14042417882","2026-09-14 23:58:56.018","2026-09-14 23:58:56.018","14042417882","160425245","[PREMIUM]","[PREMIUM]","530","2","4_7","4",,4,"[2,4]",954,"Upper Level",10,"Mobile Transfer ticket",1,"[PREMIUM]","[PREMIUM]","[PREMIUM]","[PREMIUM]",true,false,"['Second Row of Section','Clear view']","2026-09-14 20:22:15"
"14043803365","2026-09-14 23:58:56.018","2026-09-14 23:58:56.018","14043803365","160425245","[PREMIUM]","[PREMIUM]","546","5","5587_5590","5587","5590",4,"[1,2,4]",954,"Upper Level",10,"Mobile Transfer ticket",1,"[PREMIUM]","[PREMIUM]","[PREMIUM]","[PREMIUM]",true,false,"['Clear view']","2026-09-14 23:10:16"
"14044081924","2026-09-14 23:58:56.018","2026-09-14 23:58:56.018","14044081924","160425245","[PREMIUM]","[PREMIUM]","313","14","1_2","1","2",2,"[2]",1713,"Middle Level",10,"Mobile Transfer ticket",1,"[PREMIUM]","[PREMIUM]","[PREMIUM]","[PREMIUM]",true,false,"['Clear view']","2026-09-14 23:47:57"
"14043804776","2026-09-14 23:58:56.018","2026-09-14 23:58:56.018","14043804776","160425245","[PREMIUM]","[PREMIUM]","531","7","5573_5576","5573","5576",4,"[1,2,4]",954,"Upper Level",10,"Mobile Transfer ticket",1,"[PREMIUM]","[PREMIUM]","[PREMIUM]","[PREMIUM]",true,false,"['Clear view']","2026-09-14 23:10:24"
"14043803339","2026-09-14 23:58:56.018","2026-09-14 23:58:56.018","14043803339","160425245","[PREMIUM]","[PREMIUM]","532","10","5577_5578","5577","5578",2,"[2]",954,"Upper Level",10,"Mobile Transfer ticket",1,"[PREMIUM]","[PREMIUM]","[PREMIUM]","[PREMIUM]",true,false,"['Clear view']","2026-09-14 23:10:16"
"14034386857","2026-09-14 23:58:55.883","2026-09-16 01:52:48.920","14034386857","160425245","[PREMIUM]","[PREMIUM]","526","8","8_13","8","13",6,"[1,2,3,4,6]",954,"Upper Level",10,"Mobile Transfer ticket",1,"[PREMIUM]","[PREMIUM]","[PREMIUM]","[PREMIUM]",true,false,"['Clear view']","2026-09-14 01:06:32"
"14043828663","2026-09-14 23:58:55.883","2026-09-14 23:58:55.883","14043828663","160425245","[PREMIUM]","[PREMIUM]","548","21","13_15","13","15",3,"[1,3]",954,"Upper Level",10,"Mobile Transfer ticket",1,"[PREMIUM]","[PREMIUM]","[PREMIUM]","[PREMIUM]",true,false,"['Clear view']","2026-09-14 23:12:41"
"14043750341","2026-09-14 23:58:55.883","2026-09-14 23:58:55.883","14043750341","160425245","[PREMIUM]","[PREMIUM]","506","15","_",,,3,"[1,3]",954,"Upper Level",10,"Mobile Transfer ticket",1,"[PREMIUM]","[PREMIUM]","[PREMIUM]","[PREMIUM]",true,false,"['Clear view']","2026-09-14 23:02:30"
"14033976502","2026-09-14 23:58:55.538","2026-09-14 23:58:55.538","14033976502","160425245","[PREMIUM]","[PREMIUM]","507","5","_",,,2,"[2]",954,"Upper Level",10,"Mobile Transfer ticket",1,"[PREMIUM]","[PREMIUM]","[PREMIUM]","[PREMIUM]",true,false,"['Clear view']","2026-09-14 00:02:19"
"14036108171","2026-09-14 23:58:55.196","2026-09-14 23:58:55.196","14036108171","160425245","[PREMIUM]","[PREMIUM]","511","16","_",,,4,"[2,4]",954,"Upper Level",10,"Mobile Transfer ticket",1,"[PREMIUM]","[PREMIUM]","[PREMIUM]","[PREMIUM]",true,false,"['Clear view']","2026-09-14 05:34:13"
"14043615704","2026-09-14 23:58:55.196","2026-09-14 23:58:55.196","14043615704","160425245","[PREMIUM]","[PREMIUM]","511","12","_",,,2,"[2]",954,"Upper Level",10,"Mobile Transfer ticket",1,"[PREMIUM]","[PREMIUM]","[PREMIUM]","[PREMIUM]",true,false,"['Clear view']","2026-09-14 22:44:30"
"12930915265","2026-09-14 23:58:55.162","2026-09-17 01:32:56.193","12930915265","160425245","[PREMIUM]","[PREMIUM]","525","17","6_13","6","13",8,"[1,2,3,4,5,6,8]",954,"Upper Level",10,"Mobile Transfer ticket",14,"[PREMIUM]","[PREMIUM]","[PREMIUM]","[PREMIUM]",true,false,"['Clear view']","2026-06-04 16:53:15"
"14041452243","2026-09-14 23:58:55.162","2026-09-19 01:40:12.822","14041452243","160425245","[PREMIUM]","[PREMIUM]","524","10","11_13","11","13",3,"[3]",954,"Upper Level",11,"Mobile ticket",1,"[PREMIUM]","[PREMIUM]","[PREMIUM]","[PREMIUM]",true,false,"['Clear view','Instant download']","2026-09-14 18:35:56"
"14043550714","2026-09-14 23:58:54.829","2026-09-14 23:58:54.829","14043550714","160425245","[PREMIUM]","[PREMIUM]","304","5","17_18","17","18",2,"[2]",1713,"Middle Level",10,"Mobile Transfer ticket",1,"[PREMIUM]","[PREMIUM]","[PREMIUM]","[PREMIUM]",true,false,"['Clear view']","2026-09-14 22:36:28"
"14042248550","2026-09-14 23:58:54.733","2026-09-14 23:58:54.733","14042248550","160425245","[PREMIUM]","[PREMIUM]","518","18","9001_9005","9001","9005",5,"[1,2,3,5]",954,"Upper Level",10,"Mobile Transfer ticket",13,"[PREMIUM]","[PREMIUM]","[PREMIUM]","[PREMIUM]",true,false,"['Clear view']","2026-09-14 20:00:59"
"14044171986","2026-09-14 23:58:54.733","2026-09-14 23:58:54.733","14044171986","160425245","[PREMIUM]","[PREMIUM]","517","20","9001_9002","9001","9002",2,"[2]",954,"Upper Level",10,"Mobile Transfer ticket",13,"[PREMIUM]","[PREMIUM]","[PREMIUM]","[PREMIUM]",true,false,"['Clear view']","2026-09-14 23:57:59"
"14036106393","2026-09-14 23:58:54.350","2026-09-14 23:58:54.350","14036106393","160425245","[PREMIUM]","[PREMIUM]","522","12","_",,,2,"[2]",954,"Upper Level",10,"Mobile Transfer ticket",1,"[PREMIUM]","[PREMIUM]","[PREMIUM]","[PREMIUM]",true,false,"['Clear view']","2026-09-14 05:33:34"
"13763401126","2026-09-14 23:58:53.920","2026-09-16 01:59:12.837","13763401126","160436501","[PREMIUM]","[PREMIUM]","146","Q","11_11","11",,1,"[1]",17337,"Lower 100-Level",10,"Mobile Transfer ticket",1,"[PREMIUM]","[PREMIUM]","[PREMIUM]","[PREMIUM]",false,false,"['Clear view']","2026-08-22 00:39:30"
"14011317909","2026-09-14 23:58:53.707","2026-09-16 01:59:14.394","14011317909","160436501","[PREMIUM]","[PREMIUM]","335","Y","_",,,2,"[2]",17345,"Upper 300-Level",10,"Mobile Transfer ticket",1,"[PREMIUM]","[PREMIUM]","[PREMIUM]","[PREMIUM]",true,false,"['Clear view']","2026-09-11 22:38:51"
"14042752111","2026-09-14 23:58:52.972","2026-09-14 23:58:52.972","14042752111","160436501","[PREMIUM]","[PREMIUM]","336","N","9001_9002","9001",,2,"[2]",17345,"Upper 300-Level",10,"Mobile Transfer ticket",13,"[PREMIUM]","[PREMIUM]","[PREMIUM]","[PREMIUM]",true,false,"['Clear view']","2026-09-14 21:00:19"
"13990540063","2026-09-14 23:58:52.854","2026-09-16 01:59:04.559","13990540063","160436501","[PREMIUM]","[PREMIUM]","303","H","9001_9003","9001",,3,"[3]",17345,"Upper 300-Level",10,"Mobile Transfer ticket",13,"[PREMIUM]","[PREMIUM]","[PREMIUM]","[PREMIUM]",true,false,"['Clear view']","2026-09-10 11:55:11"
"14041497748","2026-09-14 23:58:52.854","2026-09-18 02:10:42.022","14041497748","160436501","[PREMIUM]","[PREMIUM]","124","S","_",,,2,"[2]",17337,"Lower 100-Level",10,"Mobile Transfer ticket",1,"[PREMIUM]","[PREMIUM]","[PREMIUM]","[PREMIUM]",true,false,"['Clear view']","2026-09-14 18:41:31"
"14012075843","2026-09-14 23:58:52.279","2026-09-14 23:58:52.279","14012075843","160436501","[PREMIUM]","[PREMIUM]","303","M","9001_9002","9001",,2,"[2]",17345,"Upper 300-Level",10,"Mobile Transfer ticket",13,"[PREMIUM]","[PREMIUM]","[PREMIUM]","[PREMIUM]",true,false,"['Clear view']","2026-09-11 23:31:48"
"13734508577","2026-09-14 23:58:42.769","2026-09-19 01:40:11.620","13734508577","160425245","[PREMIUM]","[PREMIUM]","515","13","1_2","1",,2,"[2]",954,"Upper Level",10,"Mobile Transfer ticket",1,"[PREMIUM]","[PREMIUM]","[PREMIUM]","[PREMIUM]",true,false,"['Clear view']","2026-08-20 09:10:36"
"13880739751","2026-09-14 23:58:42.769","2026-09-16 01:52:48.157","13880739751","160425245","[PREMIUM]","[PREMIUM]","515","12","1_4","1",,4,"[1,2,4]",954,"Upper Level",10,"Mobile Transfer ticket",1,"[PREMIUM]","[PREMIUM]","[PREMIUM]","[PREMIUM]",true,false,"['Clear view']","2026-08-31 21:32:18"
"12691299114","2026-09-14 23:58:42.447","2026-09-14 23:58:42.447","12691299114","160425245","[PREMIUM]","[PREMIUM]","520","5","_",,,2,"[2]",954,"Upper Level",10,"Mobile Transfer ticket",1,"[PREMIUM]","[PREMIUM]","[PREMIUM]","[PREMIUM]",true,false,"['Clear view']","2026-05-15 00:35:51"
"13994458926","2026-09-14 23:58:42.447","2026-09-18 02:10:58.889","13994458926","160425245","[PREMIUM]","[PREMIUM]","526","3","4_7","4","7",4,"[1,2,4]",954,"Upper Level",10,"Mobile Transfer ticket",14,"[PREMIUM]","[PREMIUM]","[PREMIUM]","[PREMIUM]",true,false,"['Third Row of Section','Clear view']","2026-09-10 17:40:28"
"13724545668","2026-09-14 23:58:42.113","2026-09-14 23:58:42.113","13724545668","160425245","[PREMIUM]","[PREMIUM]","430","2","_",,,2,"[2]",478,"Loge",10,"Mobile Transfer ticket",1,"[PREMIUM]","[PREMIUM]","[PREMIUM]","[PREMIUM]",true,false,"['Second Row of Section','Clear view']","2026-08-19 12:50:16"
"14041251991","2026-09-14 23:58:41.782","2026-09-16 01:52:48.311","14041251991","160425245","[PREMIUM]","[PREMIUM]","529","1","11_12","11",,2,"[2]",954,"Upper Level",10,"Mobile Transfer ticket",1,"[PREMIUM]","[PREMIUM]","[PREMIUM]","[PREMIUM]",true,false,"['Front Row of Section','Clear view']","2026-09-14 18:13:52"
"12692062282","2026-09-14 23:58:41.442","2026-09-17 01:33:05.634","12692062282","160425245","[PREMIUM]","[PREMIUM]","529","12","_",,,8,"[1,2,3,4,5,6,8]",954,"Upper Level",10,"Mobile Transfer ticket",1,"[PREMIUM]","[PREMIUM]","[PREMIUM]","[PREMIUM]",true,false,"['Clear view']","2026-05-15 01:51:07"
"14043051007","2026-09-14 23:58:41.442","2026-09-14 23:58:41.442","14043051007","160425245","[PREMIUM]","[PREMIUM]","528","2","12_17","12",,6,"[1,2,3,4,6]",954,"Upper Level",10,"Mobile Transfer ticket",1,"[PREMIUM]","[PREMIUM]","[PREMIUM]","[PREMIUM]",true,false,"['Second Row of Section','Clear view']","2026-09-14 21:42:15"
"14043750342","2026-09-14 23:58:41.442","2026-09-14 23:58:41.442","14043750342","160425245","[PREMIUM]","[PREMIUM]","547","1","2_3","2",,2,"[2]",954,"Upper Level",10,"Mobile Transfer ticket",1,"[PREMIUM]","[PREMIUM]","[PREMIUM]","[PREMIUM]",true,false,"['Front Row of Section','Clear view']","2026-09-14 23:02:30"
"13922090352","2026-09-14 23:58:41.110","2026-09-16 01:53:16.533","13922090352","160425245","[PREMIUM]","[PREMIUM]","511","17","_",,,2,"[2]",954,"Upper Level",10,"Mobile Transfer ticket",1,"[PREMIUM]","[PREMIUM]","[PREMIUM]","[PREMIUM]",true,false,"['Clear view']","2026-09-04 02:36:42"
"14042817437","2026-09-14 23:58:41.110","2026-09-14 23:58:41.110","14042817437","160425245","[PREMIUM]","[PREMIUM]","512","19","5_6","5","6",2,"[2]",954,"Upper Level",10,"Mobile Transfer ticket",1,"[PREMIUM]","[PREMIUM]","[PREMIUM]","[PREMIUM]",true,false,"['Clear view']","2026-09-14 21:10:35"
"12692059538","2026-09-14 23:58:40.383","2026-09-14 23:58:40.383","12692059538","160425245","[PREMIUM]","[PREMIUM]","516","8","_",,,4,"[2,4]",954,"Upper Level",10,"Mobile Transfer ticket",1,"[PREMIUM]","[PREMIUM]","[PREMIUM]","[PREMIUM]",true,false,"['Clear view']","2026-05-15 01:50:55"
"14044040476","2026-09-14 23:58:40.383","2026-09-14 23:58:40.383","14044040476","160425245","[PREMIUM]","[PREMIUM]","553","2","6_10","6",,5,"[1,2,3,5]",954,"Upper Level",10,"Mobile Transfer ticket",1,"[PREMIUM]","[PREMIUM]","[PREMIUM]","[PREMIUM]",true,false,"['Second Row of Section','Clear view']","2026-09-14 23:43:19"
"14043803418","2026-09-14 23:58:40.031","2026-09-14 23:58:40.031","14043803418","160425245","[PREMIUM]","[PREMIUM]","505","12","5591_5594","5591","5594",4,"[1,2,4]",954,"Upper Level",10,"Mobile Transfer ticket",1,"[PREMIUM]","[PREMIUM]","[PREMIUM]","[PREMIUM]",true,false,"['Clear view']","2026-09-14 23:10:16"
"14043826043","2026-09-14 23:58:40.031","2026-09-14 23:58:40.031","14043826043","160425245","[PREMIUM]","[PREMIUM]","528","9","8_10","8","10",3,"[1,3]",954,"Upper Level",10,"Mobile Transfer ticket",1,"[PREMIUM]","[PREMIUM]","[PREMIUM]","[PREMIUM]",true,false,"['Clear view']","2026-09-14 23:12:24"
"14043828734","2026-09-14 23:58:40.031","2026-09-14 23:58:40.031","14043828734","160425245","[PREMIUM]","[PREMIUM]","550","18","10_11","10","11",2,"[2]",954,"Upper Level",10,"Mobile Transfer ticket",1,"[PREMIUM]","[PREMIUM]","[PREMIUM]","[PREMIUM]",true,false,"['Clear view']","2026-09-14 23:12:42"
"14043828714","2026-09-14 23:58:40.031","2026-09-14 23:58:40.031","14043828714","160425245","[PREMIUM]","[PREMIUM]","506","22","5_6","5","6",2,"[2]",954,"Upper Level",10,"Mobile Transfer ticket",1,"[PREMIUM]","[PREMIUM]","[PREMIUM]","[PREMIUM]",true,false,"['Clear view']","2026-09-14 23:12:42"
"14043828701","2026-09-14 23:58:40.031","2026-09-14 23:58:40.031","14043828701","160425245","[PREMIUM]","[PREMIUM]","553","13","10_13","10","13",4,"[1,2,4]",954,"Upper Level",10,"Mobile Transfer ticket",1,"[PREMIUM]","[PREMIUM]","[PREMIUM]","[PREMIUM]",true,false,"['Clear view']","2026-09-14 23:12:41"
"13998883136","2026-09-14 23:58:39.689","2026-09-16 01:52:48.506","13998883136","160425245","[PREMIUM]","[PREMIUM]","530","11","5_8","5","8",4,"[2,4]",954,"Upper Level",10,"Mobile Transfer ticket",1,"[PREMIUM]","[PREMIUM]","[PREMIUM]","[PREMIUM]",true,false,"['Clear view']","2026-09-11 00:06:11"
"14042749216","2026-09-14 23:58:39.180","2026-09-14 23:58:39.180","14042749216","160425245","[PREMIUM]","[PREMIUM]","538","10","_",,,2,"[2]",954,"Upper Level",10,"Mobile Transfer ticket",1,"[PREMIUM]","[PREMIUM]","[PREMIUM]","[PREMIUM]",true,false,"['Clear view']","2026-09-14 21:00:00"
"14043391537","2026-09-14 23:58:39.180","2026-09-14 23:58:39.180","14043391537","160425245","[PREMIUM]","[PREMIUM]","520","16","_",,,2,"[2]",954,"Upper Level",10,"Mobile Transfer ticket",1,"[PREMIUM]","[PREMIUM]","[PREMIUM]","[PREMIUM]",true,false,"['Clear view']","2026-09-14 22:21:08"
"13734526350","2026-09-14 23:58:38.104","2026-09-27 22:55:06.202","13734526350","160436501","[PREMIUM]","[PREMIUM]","335","FF","_",,,4,"[1,2,4]",17345,"Upper 300-Level",10,"Mobile Transfer ticket",1,"[PREMIUM]","[PREMIUM]","[PREMIUM]","[PREMIUM]",true,false,"['Clear view']","2026-08-20 09:14:00"
"14043742527","2026-09-14 23:58:38.044","2026-09-14 23:58:38.044","14043742527","160436501","[PREMIUM]","[PREMIUM]","204","N","13_14","13","14",2,"[2]",17344,"Middle 200-Level",11,"Mobile ticket",1,"[PREMIUM]","[PREMIUM]","[PREMIUM]","[PREMIUM]",true,false,"['Clear view']","2026-09-14 23:01:21"
"14030540720","2026-09-14 23:58:37.028","2026-09-14 23:58:37.028","14030540720","160436501","[PREMIUM]","[PREMIUM]","307","R","_",,,2,"[2]",17345,"Upper 300-Level",10,"Mobile Transfer ticket",1,"[PREMIUM]","[PREMIUM]","[PREMIUM]","[PREMIUM]",true,false,"['Clear view']","2026-09-13 16:47:38"
"14004712049","2026-09-14 23:58:36.157","2026-09-20 02:01:31.688","14004712049","160436501","[PREMIUM]","[PREMIUM]","320","CC","_",,,4,"[4]",17345,"Upper 300-Level",10,"Mobile Transfer ticket",1,"[PREMIUM]","[PREMIUM]","[PREMIUM]","[PREMIUM]",true,false,"['Clear view']","2026-09-11 11:55:22"
"13914614093","2026-09-14 23:58:35.441","2026-09-21 01:41:45.891","13914614093","160425132","[PREMIUM]","[PREMIUM]","216","7","11_12","11","12",2,"[2]",1724,"Club",11,"Mobile ticket",1,"[PREMIUM]","[PREMIUM]","[PREMIUM]","[PREMIUM]",true,false,"['Clear view','Instant download']","2026-09-03 12:55:27"
"14033790220","2026-09-14 23:58:35.063","2026-09-27 22:56:22.424","14033790220","160427052","[PREMIUM]","[PREMIUM]","DS40","2","15_18","15","18",4,"[2,4]",2973,"Dream Seats",10,"Mobile Transfer ticket",1,"[PREMIUM]","[PREMIUM]","[PREMIUM]","[PREMIUM]",true,false,"['Second Row of Section','Clear view']","2026-09-13 23:32:46"
"12688655713","2026-09-14 23:58:34.944","2026-09-14 23:58:34.944","12688655713","160425245","[PREMIUM]","[PREMIUM]","524","22","3_3","3",,1,"[1]",954,"Upper Level",10,"Mobile Transfer ticket",1,"[PREMIUM]","[PREMIUM]","[PREMIUM]","[PREMIUM]",false,false,"['Clear view']","2026-05-14 20:59:45"
"14043990300","2026-09-14 23:58:34.944","2026-09-14 23:58:34.944","14043990300","160425245","[PREMIUM]","[PREMIUM]","545","8","_",,,2,"[2]",954,"Upper Level",10,"Mobile Transfer ticket",1,"[PREMIUM]","[PREMIUM]","[PREMIUM]","[PREMIUM]",true,false,"['Clear view']","2026-09-14 23:35:52"
"14043804266","2026-09-14 23:58:34.944","2026-09-14 23:58:34.944","14043804266","160425245","[PREMIUM]","[PREMIUM]","523","15","1_2","1","2",2,"[2]",954,"Upper Level",10,"Mobile Transfer ticket",1,"[PREMIUM]","[PREMIUM]","[PREMIUM]","[PREMIUM]",true,false,"['Clear view']","2026-09-14 23:10:19"
"14043811236","2026-09-14 23:58:34.944","2026-09-14 23:58:34.944","14043811236","160425245","[PREMIUM]","[PREMIUM]","528","20","5550_5551","5550","5551",2,"[2]",954,"Upper Level",10,"Mobile Transfer ticket",1,"[PREMIUM]","[PREMIUM]","[PREMIUM]","[PREMIUM]",true,false,"['Clear view']","2026-09-14 23:11:05"
"14043826074","2026-09-14 23:58:34.944","2026-09-14 23:58:34.944","14043826074","160425245","[PREMIUM]","[PREMIUM]","553","15","11_13","11","13",3,"[1,3]",954,"Upper Level",10,"Mobile Transfer ticket",1,"[PREMIUM]","[PREMIUM]","[PREMIUM]","[PREMIUM]",true,false,"['Clear view']","2026-09-14 23:12:24"
"14043828821","2026-09-14 23:58:34.944","2026-09-14 23:58:34.944","14043828821","160425245","[PREMIUM]","[PREMIUM]","552","11","13_14","13","14",2,"[2]",954,"Upper Level",10,"Mobile Transfer ticket",1,"[PREMIUM]","[PREMIUM]","[PREMIUM]","[PREMIUM]",true,false,"['Clear view']","2026-09-14 23:12:43"
"13594402848","2026-09-14 23:58:34.608","2026-09-27 22:54:46.594","13594402848","160425132","[PREMIUM]","[PREMIUM]","123","11","7_12","7","12",6,"[1,2,3,4,6]",594,"Lower",10,"Mobile Transfer ticket",1,"[PREMIUM]","[PREMIUM]","[PREMIUM]","[PREMIUM]",true,false,"['Clear view']","2026-08-06 12:49:49"
"14043974538","2026-09-14 23:58:34.003","2026-09-14 23:58:34.003","14043974538","160436501","[PREMIUM]","[PREMIUM]","307","KK","_",,,2,"[2]",17345,"Upper 300-Level",10,"Mobile Transfer ticket",1,"[PREMIUM]","[PREMIUM]","[PREMIUM]","[PREMIUM]",true,false,"['Clear view']","2026-09-14 23:32:06"
"14040019090","2026-09-14 23:58:32.494","2026-09-14 23:58:32.494","14040019090","160436501","[PREMIUM]","[PREMIUM]","326","EE","4_5","4",,2,"[2]",17345,"Upper 300-Level",10,"Mobile Transfer ticket",1,"[PREMIUM]","[PREMIUM]","[PREMIUM]","[PREMIUM]",true,false,"['Clear view']","2026-09-14 15:49:30"
"14041441822","2026-09-14 23:58:32.492","2026-09-17 01:37:08.797","14041441822","160436501","[PREMIUM]","[PREMIUM]","319","Q","4_5","4",,2,"[2]",17345,"Upper 300-Level",10,"Mobile Transfer ticket",1,"[PREMIUM]","[PREMIUM]","[PREMIUM]","[PREMIUM]",true,false,"['Clear view']","2026-09-14 18:34:23"
"14041462758","2026-09-14 23:58:32.224","2026-09-19 01:39:30.768","14041462758","160436501","[PREMIUM]","[PREMIUM]","340","HH","16_19","16",,4,"[1,2,4]",17345,"Upper 300-Level",10,"Mobile Transfer ticket",1,"[PREMIUM]","[PREMIUM]","[PREMIUM]","[PREMIUM]",true,false,"['Clear view']","2026-09-14 18:37:25"
"14042284476","2026-09-14 23:58:32.224","2026-09-18 02:09:28.301","14042284476","160436501","[PREMIUM]","[PREMIUM]","315","DD","7_8","7",,2,"[2]",17345,"Upper 300-Level",10,"Mobile Transfer ticket",1,"[PREMIUM]","[PREMIUM]","[PREMIUM]","[PREMIUM]",true,false,"['Clear view']","2026-09-14 20:05:44"
"14031665340","2026-09-14 23:58:31.601","2026-09-14 23:58:31.601","14031665340","160425132","[PREMIUM]","[PREMIUM]","102","27","_",,,2,"[2]",594,"Lower",10,"Mobile Transfer ticket",14,"[PREMIUM]","[PREMIUM]","[PREMIUM]","[PREMIUM]",true,false,"['Clear view']","2026-09-13 19:04:24"
"14011174382","2026-09-14 23:58:31.487","2026-09-20 02:02:49.659","14011174382","160425132","[PREMIUM]","[PREMIUM]","102",,"998866767_998866770","998866767",,2,"[2]",594,"Lower",10,"Mobile Transfer ticket",1,"[PREMIUM]","[PREMIUM]","[PREMIUM]","[PREMIUM]",true,true,"['Clear view']","2026-09-11 22:26:43"
"14011175379","2026-09-14 23:58:29.749","2026-09-20 02:02:17.568","14011175379","160425132","[PREMIUM]","[PREMIUM]","128",,"998866887_998866890","998866887",,2,"[2]",594,"Lower",10,"Mobile Transfer ticket",1,"[PREMIUM]","[PREMIUM]","[PREMIUM]","[PREMIUM]",true,true,"['Clear view']","2026-09-11 22:26:47"
"14042228340","2026-09-14 23:58:29.231","2026-09-14 23:58:29.231","14042228340","160425132","[PREMIUM]","[PREMIUM]","108","24","7_8","7",,2,"[2]",594,"Lower",10,"Mobile Transfer ticket",14,"[PREMIUM]","[PREMIUM]","[PREMIUM]","[PREMIUM]",true,false,"['Side view (printed on ticket)']","2026-09-14 19:59:19"
"14042245421","2026-09-14 23:58:29.231","2026-09-20 02:02:56.487","14042245421","160425132","[PREMIUM]","[PREMIUM]","343","24","9001_9002","9001","9002",2,"[2]",407,"Upper",10,"Mobile Transfer ticket",13,"[PREMIUM]","[PREMIUM]","[PREMIUM]","[PREMIUM]",true,false,"['Clear view']","2026-09-14 20:00:42"
"14040019050","2026-09-14 23:58:27.767","2026-09-14 23:58:27.767","14040019050","160436501","[PREMIUM]","[PREMIUM]","320","EE","23_24","23",,2,"[2]",17345,"Upper 300-Level",10,"Mobile Transfer ticket",1,"[PREMIUM]","[PREMIUM]","[PREMIUM]","[PREMIUM]",true,false,"['Clear view']","2026-09-14 15:49:30"
"14042470183","2026-09-14 23:58:27.473","2026-09-14 23:58:27.473","14042470183","160425132","[PREMIUM]","[PREMIUM]","310","1","_",,,2,"[2]",407,"Upper",10,"Mobile Transfer ticket",1,"[PREMIUM]","[PREMIUM]","[PREMIUM]","[PREMIUM]",true,false,"['Front Row of Section','Clear view']","2026-09-14 20:27:05"
"14043937212","2026-09-14 23:58:12.082","2026-09-14 23:58:12.082","14043937212","160425132","[PREMIUM]","[PREMIUM]","105","19","_",,,2,"[2]",594,"Lower",10,"Mobile Transfer ticket",1,"[PREMIUM]","[PREMIUM]","[PREMIUM]","[PREMIUM]",true,false,"['Clear view']","2026-09-14 23:25:35"
"14032702946","2026-09-14 23:58:02.473","2026-09-27 22:56:15.126","14032702946","160427052","[PREMIUM]","[PREMIUM]","201","2","_",,,2,"[2]",7046,"Terrace Sideline",10,"Mobile Transfer ticket",1,"[PREMIUM]","[PREMIUM]","[PREMIUM]","[PREMIUM]",true,false,"['Second Row of Section','Clear view']","2026-09-13 21:21:42"
"14036608197","2026-09-14 23:58:02.473","2026-09-14 23:58:02.473","14036608197","160427052","[PREMIUM]","[PREMIUM]","319","2","9001_9001","9001","9001",1,"[1]",1724,"Club",10,"Mobile Transfer ticket",1,"[PREMIUM]","[PREMIUM]","[PREMIUM]","[PREMIUM]",false,false,"['Second Row of Section','Clear view']","2026-09-14 06:58:41"
"14033790089","2026-09-14 23:58:02.227","2026-09-22 01:40:08.112","14033790089","160427052","[PREMIUM]","[PREMIUM]","118","2","_",,,3,"[1,3]",594,"Lower",10,"Mobile Transfer ticket",1,"[PREMIUM]","[PREMIUM]","[PREMIUM]","[PREMIUM]",true,false,"['Second Row of Section','Clear view']","2026-09-13 23:32:45"
"14033790099","2026-09-14 23:58:02.227","2026-09-22 01:40:08.112","14033790099","160427052","[PREMIUM]","[PREMIUM]","118","3","_",,,4,"[2,4]",594,"Lower",10,"Mobile Transfer ticket",1,"[PREMIUM]","[PREMIUM]","[PREMIUM]","[PREMIUM]",true,false,"['Third Row of Section','Clear view']","2026-09-13 23:32:45"
"14036632462","2026-09-14 23:58:01.900","2026-09-14 23:58:01.900","14036632462","160427052","[PREMIUM]","[PREMIUM]","320","1","9001_9001","9001","9001",1,"[1]",1724,"Club",10,"Mobile Transfer ticket",1,"[PREMIUM]","[PREMIUM]","[PREMIUM]","[PREMIUM]",false,false,"['Front Row of Section','Clear view']","2026-09-14 07:03:50"
"14032732606","2026-09-14 23:58:01.479","2026-09-17 01:27:17.967","14032732606","160427052","[PREMIUM]","[PREMIUM]","307","1","_",,,2,"[2]",1724,"Club",10,"Mobile Transfer ticket",1,"[PREMIUM]","[PREMIUM]","[PREMIUM]","[PREMIUM]",true,false,"['Front Row of Section','Clear view']","2026-09-13 21:26:25"
"14036632490","2026-09-14 23:58:01.479","2026-09-16 01:44:55.550","14036632490","160427052","[PREMIUM]","[PREMIUM]","139","1","9001_9002","9001","9002",2,"[2]",594,"Lower",10,"Mobile Transfer ticket",1,"[PREMIUM]","[PREMIUM]","[PREMIUM]","[PREMIUM]",true,false,"['Front Row of Section','Clear view']","2026-09-14 07:03:50"
"14038509701","2026-09-14 23:58:01.056","2026-09-14 23:58:01.056","14038509701","160427052","[PREMIUM]","[PREMIUM]","313","4","9001_9001","9001","9001",1,"[1]",1724,"Club",10,"Mobile Transfer ticket",1,"[PREMIUM]","[PREMIUM]","[PREMIUM]","[PREMIUM]",false,false,"['Clear view']","2026-09-14 12:42:21"
"14041024464","2026-09-14 23:58:01.056","2026-09-17 01:27:17.967","14041024464","160427052","[PREMIUM]","[PREMIUM]","313","6","9001_9001","9001","9001",1,"[1]",1724,"Club",10,"Mobile Transfer ticket",1,"[PREMIUM]","[PREMIUM]","[PREMIUM]","[PREMIUM]",false,false,"['Clear view']","2026-09-14 17:44:48"
"14038836820","2026-09-14 23:58:00.620","2026-09-14 23:58:34.371","14038836820","160427052","[PREMIUM]","[PREMIUM]","201","4","_",,,2,"[2]",7046,"Terrace Sideline",10,"Mobile Transfer ticket",1,"[PREMIUM]","[PREMIUM]","[PREMIUM]","[PREMIUM]",true,false,"['Clear view']","2026-09-14 13:22:38"
"14042185805","2026-09-14 23:57:58.568","2026-09-27 22:54:29.227","14042185805","160425132","[PREMIUM]","[PREMIUM]","109","7","99_99","99",,1,"[1]",594,"Lower",10,"Mobile Transfer ticket",1,"[PREMIUM]","[PREMIUM]","[PREMIUM]","[PREMIUM]",false,false,"['Clear view']","2026-09-14 19:54:09"
"14032732410","2026-09-14 23:57:58.322","2026-09-25 23:29:23.882","14032732410","160427052","[PREMIUM]","[PREMIUM]","336","4","_",,,2,"[2]",1724,"Club",10,"Mobile Transfer ticket",1,"[PREMIUM]","[PREMIUM]","[PREMIUM]","[PREMIUM]",true,false,"['Clear view']","2026-09-13 21:26:24"
"14021426831","2026-09-14 23:57:57.594","2026-09-14 23:57:57.594","14021426831","160427052","[PREMIUM]","[PREMIUM]","137","16","9001_9002","9001","9002",2,"[2]",594,"Lower",10,"Mobile Transfer ticket",1,"[PREMIUM]","[PREMIUM]","[PREMIUM]","[PREMIUM]",true,false,"['Front Row of Section','Clear view']","2026-09-12 18:24:45"
"14032732398","2026-09-14 23:57:57.594","2026-09-16 01:45:07.115","14032732398","160427052","[PREMIUM]","[PREMIUM]","340","3","_",,,2,"[2]",1724,"Club",10,"Mobile Transfer ticket",1,"[PREMIUM]","[PREMIUM]","[PREMIUM]","[PREMIUM]",true,false,"['Third Row of Section','Clear view']","2026-09-13 21:26:24"
"14032732472","2026-09-14 23:57:55.883","2026-09-16 01:44:53.909","14032732472","160427052","[PREMIUM]","[PREMIUM]","326","8","_",,,4,"[2,4]",1724,"Club",10,"Mobile Transfer ticket",1,"[PREMIUM]","[PREMIUM]","[PREMIUM]","[PREMIUM]",true,false,"['Clear view']","2026-09-13 21:26:24"
"14036685802","2026-09-14 23:57:53.798","2026-09-14 23:57:53.798","14036685802","160427052","[PREMIUM]","[PREMIUM]","303","6","_",,,2,"[2]",1724,"Club",10,"Mobile Transfer ticket",1,"[PREMIUM]","[PREMIUM]","[PREMIUM]","[PREMIUM]",true,false,"['Clear view']","2026-09-14 07:13:37"
"14043946648","2026-09-14 23:57:44.541","2026-09-14 23:57:44.541","14043946648","160425132","[PREMIUM]","[PREMIUM]","334","4","_",,,2,"[2]",407,"Upper",10,"Mobile Transfer ticket",1,"[PREMIUM]","[PREMIUM]","[PREMIUM]","[PREMIUM]",true,false,"['Clear view']","2026-09-14 23:27:57"
"14041738290","2026-09-14 23:57:42.824","2026-09-16 01:57:19.996","14041738290","160425132","[PREMIUM]","[PREMIUM]","312","6","_",,,2,"[2]",407,"Upper",10,"Mobile Transfer ticket",1,"[PREMIUM]","[PREMIUM]","[PREMIUM]","[PREMIUM]",true,false,"['Clear view']","2026-09-14 19:08:14"
"13880052266","2026-09-14 23:57:41.781","2026-09-22 01:43:52.626","13880052266","160425132","[PREMIUM]","[PREMIUM]","307","7","7_10","7","10",4,"[4]",407,"Upper",11,"Mobile ticket",1,"[PREMIUM]","[PREMIUM]","[PREMIUM]","[PREMIUM]",true,false,"['Clear view','Instant download']","2026-08-31 20:33:24"
"13802120765","2026-09-14 23:57:41.401","2026-09-16 01:57:08.825","13802120765","160425132","[PREMIUM]","[PREMIUM]","307","25","_",,,8,"[1,2,3,4,5,6,7,8]",407,"Upper",10,"Mobile Transfer ticket",1,"[PREMIUM]","[PREMIUM]","[PREMIUM]","[PREMIUM]",true,false,"['Clear view']","2026-08-25 06:47:47"
"13948662539","2026-09-14 23:57:41.365","2026-09-27 22:54:06.425","13948662539","160425132","[PREMIUM]","[PREMIUM]","307","12","18_19","18","19",2,"[2]",407,"Upper",10,"Mobile Transfer ticket",1,"[PREMIUM]","[PREMIUM]","[PREMIUM]","[PREMIUM]",true,false,"['Clear view']","2026-09-06 14:12:43"
"13959610147","2026-09-14 23:57:41.365","2026-09-14 23:57:41.365","13959610147","160425132","[PREMIUM]","[PREMIUM]","307","17","1_13","1","13",13,"[1,2,3,4,5,6,7,8,9,10,11,13]",407,"Upper",10,"Mobile Transfer ticket",1,"[PREMIUM]","[PREMIUM]","[PREMIUM]","[PREMIUM]",true,false,"['Clear view']","2026-09-07 20:22:27"
"14043739877","2026-09-14 23:57:40.704","2026-09-24 23:01:45.884","14043739877","160425132","[PREMIUM]","[PREMIUM]","333","13","1_4","1","4",4,"[2,4]",407,"Upper",10,"Mobile Transfer ticket",1,"[PREMIUM]","[PREMIUM]","[PREMIUM]","[PREMIUM]",true,false,"['Clear view']","2026-09-14 23:00:52"
"14042137506","2026-09-14 23:57:39.709","2026-09-14 23:57:39.709","14042137506","160425132","[PREMIUM]","[PREMIUM]","346","36","1_3","1","3",3,"[1,2,3]",407,"Upper",10,"Mobile Transfer ticket",1,"[PREMIUM]","[PREMIUM]","[PREMIUM]","[PREMIUM]",true,false,"['Clear view']","2026-09-14 19:47:50"
"13999509298","2026-09-14 23:57:38.732","2026-09-14 23:57:38.732","13999509298","160425132","[PREMIUM]","[PREMIUM]","330","40","_",,,12,"[1,2,3,4,5,6,7,8,9,10,12]",407,"Upper",10,"Mobile Transfer ticket",1,"[PREMIUM]","[PREMIUM]","[PREMIUM]","[PREMIUM]",true,false,"['Clear view']","2026-09-11 01:04:59"
"14011172821","2026-09-14 23:57:38.416","2026-09-14 23:57:38.416","14011172821","160425132","[PREMIUM]","[PREMIUM]","308",,"998866960_998866963","998866960",,2,"[2]",407,"Upper",10,"Mobile Transfer ticket",1,"[PREMIUM]","[PREMIUM]","[PREMIUM]","[PREMIUM]",true,true,"['Clear view']","2026-09-11 22:26:37"
"14041764107","2026-09-14 23:57:38.389","2026-09-14 23:57:38.389","14041764107","160425132","[PREMIUM]","[PREMIUM]","320","18","7_8","7",,2,"[2]",407,"Upper",10,"Mobile Transfer ticket",1,"[PREMIUM]","[PREMIUM]","[PREMIUM]","[PREMIUM]",true,false,"['Clear view']","2026-09-14 19:11:04"
"14032955217","2026-09-14 23:57:15.431","2026-09-25 23:29:08.912","14032955217","160418923","[PREMIUM]","[PREMIUM]","318","R","99_99","99",,1,"[1]",1724,"Club",10,"Mobile Transfer ticket",1,"[PREMIUM]","[PREMIUM]","[PREMIUM]","[PREMIUM]",false,false,"['Clear view']","2026-09-13 21:59:04"
"14044046990","2026-09-14 23:57:15.040","2026-09-14 23:57:15.040","14044046990","160418923","[PREMIUM]","[PREMIUM]","314","Q","_",,,2,"[2]",1724,"Club",10,"Mobile Transfer ticket",1,"[PREMIUM]","[PREMIUM]","[PREMIUM]","[PREMIUM]",true,false,"['Clear view']","2026-09-14 23:44:00"
"14041697656","2026-09-14 23:57:03.627","2026-09-18 02:09:38.822","14041697656","160417239","[PREMIUM]","[PREMIUM]","118","39","6_7","6",,2,"[2]",594,"Lower",10,"Mobile Transfer ticket",1,"[PREMIUM]","[PREMIUM]","[PREMIUM]","[PREMIUM]",true,false,"['Clear view']","2026-09-14 19:03:36"
"13759540608","2026-09-14 23:57:02.882","2026-09-25 23:28:35.706","13759540608","160418923","[PREMIUM]","[PREMIUM]","126","Z","1_4","1","4",4,"[1,2,4]",594,"Lower",10,"Mobile Transfer ticket",1,"[PREMIUM]","[PREMIUM]","[PREMIUM]","[PREMIUM]",true,false,"['Clear view']","2026-08-21 20:24:39"
"14042213594","2026-09-14 23:57:02.497","2026-09-23 01:43:53.988","14042213594","160425456","[PREMIUM]","[PREMIUM]","107","19","8_8","8","8",1,"[1]",13912,"Lower Sideline",10,"Mobile Transfer ticket",1,"[PREMIUM]","[PREMIUM]","[PREMIUM]","[PREMIUM]",false,false,"['Clear view']","2026-09-14 19:57:45"
"14043749449","2026-09-14 23:57:02.497","2026-09-14 23:57:02.497","14043749449","160425456","[PREMIUM]","[PREMIUM]","102","15","_",,,4,"[4]",2431,"Lower Endzone",10,"Mobile Transfer ticket",1,"[PREMIUM]","[PREMIUM]","[PREMIUM]","[PREMIUM]",true,false,"['Clear view']","2026-09-14 23:02:23"
"14037898550","2026-09-14 23:57:02.240","2026-09-14 23:57:02.240","14037898550","160418923","[PREMIUM]","[PREMIUM]","103","K","1014_1015","1014","1015",2,"[2]",594,"Lower",10,"Mobile Transfer ticket",1,"[PREMIUM]","[PREMIUM]","[PREMIUM]","[PREMIUM]",true,false,"['Clear view']","2026-09-14 11:05:35"
"14041311972","2026-09-14 23:57:00.783","2026-09-17 01:33:00.976","14041311972","160418923","[PREMIUM]","[PREMIUM]","127","A","20_21","20","21",2,"[1,2]",594,"Lower",11,"Mobile ticket",1,"[PREMIUM]","[PREMIUM]","[PREMIUM]","[PREMIUM]",true,false,"['Actual 1st row of the section','Clear view']","2026-09-14 18:20:33"
"14011044881","2026-09-14 23:57:00.236","2026-09-19 01:40:56.321","14011044881","160425456","[PREMIUM]","[PREMIUM]","130",,"998941020_998941023","998941020",,2,"[2]",13912,"Lower Sideline",10,"Mobile Transfer ticket",1,"[PREMIUM]","[PREMIUM]","[PREMIUM]","[PREMIUM]",true,true,"['Clear view']","2026-09-11 22:15:24"
"14039864274","2026-09-14 23:57:00.236","2026-09-27 05:06:10.302","14039864274","160425456","[PREMIUM]","[PREMIUM]","130","7","3_3","3",,1,"[1]",13912,"Lower Sideline",10,"Mobile Transfer ticket",1,"[PREMIUM]","[PREMIUM]","[PREMIUM]","[PREMIUM]",false,false,"['Clear view']","2026-09-14 15:29:37"
"13933951845","2026-09-14 23:56:59.881","2026-09-21 01:39:57.891","13933951845","160425456","[PREMIUM]","[PREMIUM]","104","12","_",,,2,"[2]",2432,"Lower Corner",10,"Mobile Transfer ticket",1,"[PREMIUM]","[PREMIUM]","[PREMIUM]","[PREMIUM]",true,false,"['Second Row of Section','Clear view']","2026-09-05 01:51:41"
"13982468918","2026-09-14 23:56:59.881","2026-09-16 01:54:40.230","13982468918","160425456","[PREMIUM]","[PREMIUM]","104","13","_",,,2,"[2]",2432,"Lower Corner",10,"Mobile Transfer ticket",1,"[PREMIUM]","[PREMIUM]","[PREMIUM]","[PREMIUM]",true,false,"['Third Row of Section','Clear view']","2026-09-09 19:55:37"
"13988905757","2026-09-14 23:56:59.881","2026-09-14 23:56:59.881","13988905757","160425456","[PREMIUM]","[PREMIUM]","123","7","_",,,2,"[2]",2431,"Lower Endzone",10,"Mobile Transfer ticket",1,"[PREMIUM]","[PREMIUM]","[PREMIUM]","[PREMIUM]",true,false,"['Clear view']","2026-09-10 07:35:29"
"13229461390","2026-09-14 23:56:59.071","2026-09-25 23:28:35.744","13229461390","160418923","[PREMIUM]","[PREMIUM]","108","Y","5_8","5","8",4,"[2,4]",594,"Lower",10,"Mobile Transfer ticket",1,"[PREMIUM]","[PREMIUM]","[PREMIUM]","[PREMIUM]",true,false,"['Clear view']","2026-07-03 14:03:53"
"13816608131","2026-09-14 23:56:57.746","2026-09-20 02:00:20.174","13816608131","160418923","[PREMIUM]","[PREMIUM]","350","A","9001_9002","9001",,2,"[2]",507,"Mezzanine",10,"Mobile Transfer ticket",13,"[PREMIUM]","[PREMIUM]","[PREMIUM]","[PREMIUM]",true,false,"['Front Row of Section','Clear view']","2026-08-26 10:20:03"
"14042479444","2026-09-14 23:56:55.551","2026-09-14 23:56:55.551","14042479444","160417239","[PREMIUM]","[PREMIUM]","303","7","9001_9004","9001","9004",4,"[1,2,3,4]",407,"Upper",10,"Mobile Transfer ticket",13,"[PREMIUM]","[PREMIUM]","[PREMIUM]","[PREMIUM]",true,false,"['Clear view']","2026-09-14 20:28:01"
"13145548630","2026-09-14 23:56:50.158","2026-09-27 22:55:31.576","13145548630","160425456","[PREMIUM]","[PREMIUM]","316","1","17_18","17","18",2,"[2]",7266,"Mezzanine Sideline",10,"Mobile Transfer ticket",14,"[PREMIUM]","[PREMIUM]","[PREMIUM]","[PREMIUM]",true,false,"['Front Row of Section','Clear view']","2026-06-25 19:57:27"
"13790816613","2026-09-14 23:56:50.158","2026-09-27 05:06:09.962","13790816613","160425456","[PREMIUM]","[PREMIUM]","438","1","21_22","21","22",2,"[2]",2422,"Upper Sideline",10,"Mobile Transfer ticket",14,"[PREMIUM]","[PREMIUM]","[PREMIUM]","[PREMIUM]",true,false,"['Front Row of Section','Clear view']","2026-08-24 14:02:59"
"14011044889","2026-09-14 23:56:50.158","2026-09-16 01:54:40.230","14011044889","160425456","[PREMIUM]","[PREMIUM]","242",,"998941190_998941193","998941190",,2,"[2]",15979,"Mid-Level Corner",10,"Mobile Transfer ticket",1,"[PREMIUM]","[PREMIUM]","[PREMIUM]","[PREMIUM]",true,true,"['Clear view']","2026-09-11 22:15:24"
"14035900487","2026-09-14 23:56:50.158","2026-09-23 01:44:43.690","14035900487","160425456","[PREMIUM]","[PREMIUM]","127","4","_",,,2,"[2]",2432,"Lower Corner",10,"Mobile Transfer ticket",1,"[PREMIUM]","[PREMIUM]","[PREMIUM]","[PREMIUM]",true,false,"['Third Row of Section','Clear view']","2026-09-14 04:59:34"
"14041674706","2026-09-14 23:56:50.158","2026-09-14 23:56:50.158","14041674706","160425456","[PREMIUM]","[PREMIUM]","312","2","_",,,2,"[2]",7266,"Mezzanine Sideline",10,"Mobile Transfer ticket",1,"[PREMIUM]","[PREMIUM]","[PREMIUM]","[PREMIUM]",true,false,"['Second Row of Section','Clear view']","2026-09-14 19:00:55"
"14042042439","2026-09-14 23:56:50.158","2026-09-24 02:16:55.340","14042042439","160425456","[PREMIUM]","[PREMIUM]","242","2","_",,,2,"[2]",15979,"Mid-Level Corner",10,"Mobile Transfer ticket",1,"[PREMIUM]","[PREMIUM]","[PREMIUM]","[PREMIUM]",true,false,"['Second Row of Section','Clear view']","2026-09-14 19:37:53"
"13928822490","2026-09-14 23:56:49.815","2026-09-16 01:54:40.049","13928822490","160425456","[PREMIUM]","[PREMIUM]","413","2","_",,,2,"[2]",2422,"Upper Sideline",10,"Mobile Transfer ticket",1,"[PREMIUM]","[PREMIUM]","[PREMIUM]","[PREMIUM]",true,false,"['Front Row of Section','Clear view']","2026-09-04 16:14:21"
"14041671968","2026-09-14 23:56:49.815","2026-09-16 01:54:39.733","14041671968","160425456","[PREMIUM]","[PREMIUM]","203","1","_",,,2,"[2]",15980,"Mid-Level End Zone",10,"Mobile Transfer ticket",1,"[PREMIUM]","[PREMIUM]","[PREMIUM]","[PREMIUM]",true,false,"['Front Row of Section','Clear view']","2026-09-14 19:00:40"
"14011045978","2026-09-14 23:56:49.587","2026-09-14 23:56:49.587","14011045978","160425456","[PREMIUM]","[PREMIUM]","116",,"998940965_998940968","998940965",,2,"[2]",13912,"Lower Sideline",10,"Mobile Transfer ticket",1,"[PREMIUM]","[PREMIUM]","[PREMIUM]","[PREMIUM]",true,true,"['Clear view']","2026-09-11 22:15:27"
"14036650498","2026-09-14 23:56:49.587","2026-09-22 01:40:51.331","14036650498","160425456","[PREMIUM]","[PREMIUM]","119","8","_",,,2,"[2]",2432,"Lower Corner",10,"Mobile Transfer ticket",1,"[PREMIUM]","[PREMIUM]","[PREMIUM]","[PREMIUM]",true,false,"['Clear view']","2026-09-14 07:08:05"
"14043486908","2026-09-14 23:56:49.587","2026-09-16 01:54:39.732","14043486908","160425456","[PREMIUM]","[PREMIUM]","106","7","_",,,2,"[2]",13912,"Lower Sideline",10,"Mobile Transfer ticket",1,"[PREMIUM]","[PREMIUM]","[PREMIUM]","[PREMIUM]",true,false,"['Clear view']","2026-09-14 22:30:07"
"14043937211","2026-09-14 23:56:49.587","2026-09-14 23:56:49.587","14043937211","160425456","[PREMIUM]","[PREMIUM]","116","19","_",,,2,"[2]",13912,"Lower Sideline",10,"Mobile Transfer ticket",1,"[PREMIUM]","[PREMIUM]","[PREMIUM]","[PREMIUM]",true,false,"['Clear view']","2026-09-14 23:25:35"
"13833049103","2026-09-14 23:56:49.450","2026-09-16 01:54:39.732","13833049103","160425456","[PREMIUM]","[PREMIUM]","107","18","_",,,2,"[2]",13912,"Lower Sideline",10,"Mobile Transfer ticket",1,"[PREMIUM]","[PREMIUM]","[PREMIUM]","[PREMIUM]",true,false,"['Clear view']","2026-08-27 18:31:47"
"14022347918","2026-09-14 23:56:48.886","2026-09-24 02:16:44.434","14022347918","160425456","[PREMIUM]","[PREMIUM]","314","3","_",,,2,"[2]",7266,"Mezzanine Sideline",10,"Mobile Transfer ticket",1,"[PREMIUM]","[PREMIUM]","[PREMIUM]","[PREMIUM]",true,false,"['Third Row of Section','Clear view']","2026-09-12 20:23:58"
"14041674761","2026-09-14 23:56:48.886","2026-09-16 01:54:39.321","14041674761","160425456","[PREMIUM]","[PREMIUM]","314","4","_",,,2,"[2]",7266,"Mezzanine Sideline",10,"Mobile Transfer ticket",1,"[PREMIUM]","[PREMIUM]","[PREMIUM]","[PREMIUM]",true,false,"['Clear view']","2026-09-14 19:00:55"
"14036741862","2026-09-14 23:56:48.781","2026-09-23 01:44:29.384","14036741862","160425456","[PREMIUM]","[PREMIUM]","143","15","_",,,2,"[2]",2431,"Lower Endzone",10,"Mobile Transfer ticket",1,"[PREMIUM]","[PREMIUM]","[PREMIUM]","[PREMIUM]",true,false,"['Clear view']","2026-09-14 07:23:52"
"13980089752","2026-09-14 23:56:45.901","2026-09-14 23:56:45.901","13980089752","160425456","[PREMIUM]","[PREMIUM]","338","8","4_4","4",,1,"[1]",7266,"Mezzanine Sideline",10,"Mobile Transfer ticket",1,"[PREMIUM]","[PREMIUM]","[PREMIUM]","[PREMIUM]",false,false,"['Clear view']","2026-09-09 15:55:40"
"13897246347","2026-09-14 23:56:45.897","2026-09-23 01:44:25.591","13897246347","160425456","[PREMIUM]","[PREMIUM]","434","1","9001_9006","9001",,6,"[6]",2422,"Upper Sideline",10,"Mobile Transfer ticket",13,"[PREMIUM]","[PREMIUM]","[PREMIUM]","[PREMIUM]",true,false,"['Front Row of Section','Clear view']","2026-09-02 01:04:00"
"13980123291","2026-09-14 23:56:45.544","2026-09-16 01:57:32.911","13980123291","160417239","[PREMIUM]","[PREMIUM]","323","15","3_6","3",,4,"[1,2,3,4]",407,"Upper",10,"Mobile Transfer ticket",1,"[PREMIUM]","[PREMIUM]","[PREMIUM]","[PREMIUM]",true,false,"['Clear view']","2026-09-09 15:59:16"
"14041671769","2026-09-14 23:56:44.430","2026-09-17 01:35:52.020","14041671769","160425456","[PREMIUM]","[PREMIUM]","205","2","_",,,4,"[4]",15979,"Mid-Level Corner",10,"Mobile Transfer ticket",1,"[PREMIUM]","[PREMIUM]","[PREMIUM]","[PREMIUM]",true,false,"['Second Row of Section','Clear view']","2026-09-14 19:00:39"
"14041903978","2026-09-14 23:56:43.357","2026-09-18 02:10:38.750","14041903978","160425456","[PREMIUM]","[PREMIUM]","243","13","_",,,2,"[2]",15979,"Mid-Level Corner",10,"Mobile Transfer ticket",1,"[PREMIUM]","[PREMIUM]","[PREMIUM]","[PREMIUM]",true,false,"['Clear view']","2026-09-14 19:27:42"
"14041674674","2026-09-14 23:56:43.230","2026-09-16 01:54:36.811","14041674674","160425456","[PREMIUM]","[PREMIUM]","343","1","_",,,2,"[2]",4957,"Mezzanine Corner",10,"Mobile Transfer ticket",1,"[PREMIUM]","[PREMIUM]","[PREMIUM]","[PREMIUM]",true,false,"['Front Row of Section','Clear view']","2026-09-14 19:00:54"
"14044105884","2026-09-14 23:56:42.654","2026-09-16 01:59:02.918","14044105884","160417239","[PREMIUM]","[PREMIUM]","235","5","_",,,8,"[2,4,6,8]",1724,"Club",10,"Mobile Transfer ticket",1,"[PREMIUM]","[PREMIUM]","[PREMIUM]","[PREMIUM]",true,false,"['Clear view']","2026-09-14 23:50:17"
"13960463492","2026-09-14 23:56:26.331","2026-09-23 01:44:12.405","13960463492","160425456","[PREMIUM]","[PREMIUM]","312","6","17_18","17","18",2,"[2]",7266,"Mezzanine Sideline",10,"Mobile Transfer ticket",1,"[PREMIUM]","[PREMIUM]","[PREMIUM]","[PREMIUM]",true,false,"['Clear view']","2026-09-07 21:54:47"
"13988256292","2026-09-14 23:56:26.331","2026-09-14 23:56:26.331","13988256292","160425456","[PREMIUM]","[PREMIUM]","248","4","9001_9002","9001",,2,"[2]",15980,"Mid-Level End Zone",11,"Mobile ticket",1,"[PREMIUM]","[PREMIUM]","[PREMIUM]","[PREMIUM]",true,false,"['Clear view']","2026-09-10 06:10:49"
"14041285944","2026-09-14 23:56:25.467","2026-09-14 23:56:25.467","14041285944","160425456","[PREMIUM]","[PREMIUM]","128","25","_",,,2,"[2]",13912,"Lower Sideline",10,"Mobile Transfer ticket",1,"[PREMIUM]","[PREMIUM]","[PREMIUM]","[PREMIUM]",true,false,"['Clear view']","2026-09-14 18:17:08"
"14042797252","2026-09-14 23:56:25.467","2026-09-14 23:56:25.467","14042797252","160425456","[PREMIUM]","[PREMIUM]","336","11","_",,,2,"[2]",7266,"Mezzanine Sideline",10,"Mobile Transfer ticket",1,"[PREMIUM]","[PREMIUM]","[PREMIUM]","[PREMIUM]",true,false,"['Clear view']","2026-09-14 21:06:56"
"14042744330","2026-09-14 23:56:24.742","2026-09-14 23:56:24.742","14042744330","160425456","[PREMIUM]","[PREMIUM]","333","8","_",,,2,"[2]",4957,"Mezzanine Corner",10,"Mobile Transfer ticket",1,"[PREMIUM]","[PREMIUM]","[PREMIUM]","[PREMIUM]",true,false,"['Clear view']","2026-09-14 20:59:34"
"14043366993","2026-09-14 23:56:24.742","2026-09-14 23:56:24.742","14043366993","160425456","[PREMIUM]","[PREMIUM]","333","7","_",,,14,"[1,2,3,4,5,6,7,8,9,10,11,12,13,14]",4957,"Mezzanine Corner",10,"Mobile Transfer ticket",1,"[PREMIUM]","[PREMIUM]","[PREMIUM]","[PREMIUM]",true,false,"['Clear view']","2026-09-14 22:18:41"
"14022167325","2026-09-14 23:56:23.998","2026-09-16 01:54:24.142","14022167325","160425456","[PREMIUM]","[PREMIUM]","141","24","18_19","18",,2,"[2]",2432,"Lower Corner",10,"Mobile Transfer ticket",1,"[PREMIUM]","[PREMIUM]","[PREMIUM]","[PREMIUM]",true,false,"['Aisle seat','Clear view']","2026-09-12 20:03:47"
"14042352814","2026-09-14 23:56:23.998","2026-09-16 01:54:24.142","14042352814","160425456","[PREMIUM]","[PREMIUM]","224","4","_",,,4,"[4]",15980,"Mid-Level End Zone",10,"Mobile Transfer ticket",1,"[PREMIUM]","[PREMIUM]","[PREMIUM]","[PREMIUM]",true,false,"['Clear view']","2026-09-14 20:14:13"
"14037893961","2026-09-14 23:56:22.548","2026-09-14 23:56:22.548","14037893961","160425456","[PREMIUM]","[PREMIUM]","139","34","1009_1010","1009","1010",2,"[2]",13912,"Lower Sideline",10,"Mobile Transfer ticket",1,"[PREMIUM]","[PREMIUM]","[PREMIUM]","[PREMIUM]",true,false,"['Clear view']","2026-09-14 11:04:50"
"14043833136","2026-09-14 23:56:20.795","2026-09-16 01:54:23.241","14043833136","160425456","[PREMIUM]","[PREMIUM]","335","6","_",,,2,"[2]",7266,"Mezzanine Sideline",10,"Mobile Transfer ticket",1,"[PREMIUM]","[PREMIUM]","[PREMIUM]","[PREMIUM]",true,false,"['Clear view']","2026-09-14 23:13:15"
"14033478748","2026-09-14 23:56:19.523","2026-09-17 01:35:51.554","14033478748","160417239","[PREMIUM]","[PREMIUM]","134","14","7_8","7","8",2,"[2]",594,"Lower",11,"Mobile ticket",1,"[PREMIUM]","[PREMIUM]","[PREMIUM]","[PREMIUM]",true,false,"['Clear view']","2026-09-13 22:55:02"
"14044099725","2026-09-14 23:56:19.523","2026-09-14 23:56:19.523","14044099725","160417239","[PREMIUM]","[PREMIUM]","344","13","_",,,4,"[4]",407,"Upper",10,"Mobile Transfer ticket",1,"[PREMIUM]","[PREMIUM]","[PREMIUM]","[PREMIUM]",true,false,"['Clear view']","2026-09-14 23:49:45"
"13998539121","2026-09-14 23:56:18.670","2026-09-18 02:06:23.508","13998539121","160418923","[PREMIUM]","[PREMIUM]","104","GG","_",,,1,"[1]",594,"Lower",10,"Mobile Transfer ticket",1,"[PREMIUM]","[PREMIUM]","[PREMIUM]","[PREMIUM]",false,false,"['Clear view']","2026-09-10 23:22:03"
"14043529662","2026-09-14 23:56:14.358","2026-09-22 01:45:55.659","14043529662","160417239","[PREMIUM]","[PREMIUM]","320","1","_",,,2,"[2]",407,"Upper",10,"Mobile Transfer ticket",1,"[PREMIUM]","[PREMIUM]","[PREMIUM]","[PREMIUM]",true,false,"['Front Row of Section','Clear view']","2026-09-14 22:33:30"
"14043484932","2026-09-14 23:56:14.358","2026-09-14 23:56:14.358","14043484932","160417239","[PREMIUM]","[PREMIUM]","318","1","9_10","9",,2,"[2]",407,"Upper",10,"Mobile Transfer ticket",14,"[PREMIUM]","[PREMIUM]","[PREMIUM]","[PREMIUM]",true,false,"['Front Row of Section','Clear view']","2026-09-14 22:29:55"
"13980073329","2026-09-14 23:56:12.774","2026-09-14 23:56:12.774","13980073329","160425456","[PREMIUM]","[PREMIUM]","107","33","14_14","14",,1,"[1]",13912,"Lower Sideline",10,"Mobile Transfer ticket",1,"[PREMIUM]","[PREMIUM]","[PREMIUM]","[PREMIUM]",false,false,"['Clear view']","2026-09-09 15:54:31"
"14042829346","2026-09-14 23:56:12.434","2026-09-22 01:45:07.809","14042829346","160417239","[PREMIUM]","[PREMIUM]","142","8","20_21","20",,2,"[2]",594,"Lower",10,"Mobile Transfer ticket",1,"[PREMIUM]","[PREMIUM]","[PREMIUM]","[PREMIUM]",true,false,"['Clear view']","2026-09-14 21:13:21"
"14042467921","2026-09-14 23:56:12.203","2026-09-21 01:43:39.589","14042467921","160417239","[PREMIUM]","[PREMIUM]","346","4","_",,,2,"[2]",407,"Upper",10,"Mobile Transfer ticket",1,"[PREMIUM]","[PREMIUM]","[PREMIUM]","[PREMIUM]",true,false,"['Clear view']","2026-09-14 20:26:45"
"14042066538","2026-09-14 23:56:10.960","2026-09-16 01:58:36.002","14042066538","160417239","[PREMIUM]","[PREMIUM]","129","3","19_20","19",,2,"[2]",594,"Lower",10,"Mobile Transfer ticket",14,"[PREMIUM]","[PREMIUM]","[PREMIUM]","[PREMIUM]",true,false,"['Third Row of Section','Clear view']","2026-09-14 19:40:31"
"13980081715","2026-09-14 23:56:10.119","2026-09-17 01:35:04.028","13980081715","160425456","[PREMIUM]","[PREMIUM]","144","25","15_15","15",,1,"[1]",2431,"Lower Endzone",10,"Mobile Transfer ticket",1,"[PREMIUM]","[PREMIUM]","[PREMIUM]","[PREMIUM]",false,false,"['Clear view']","2026-09-09 15:55:04"
"14041546719","2026-09-14 23:56:10.119","2026-09-20 02:01:23.276","14041546719","160425456","[PREMIUM]","[PREMIUM]","342","4","13_14","13",,2,"[1,2]",7266,"Mezzanine Sideline",10,"Mobile Transfer ticket",14,"[PREMIUM]","[PREMIUM]","[PREMIUM]","[PREMIUM]",true,false,"['Clear view']","2026-09-14 18:45:57"
"14043963548","2026-09-14 23:56:09.796","2026-09-16 01:53:49.143","14043963548","160425456","[PREMIUM]","[PREMIUM]","431","4","_",,,2,"[2]",2443,"Upper Corner",10,"Mobile Transfer ticket",1,"[PREMIUM]","[PREMIUM]","[PREMIUM]","[PREMIUM]",true,false,"['Third Row of Section','Clear view']","2026-09-14 23:30:48"
"14041294589","2026-09-14 23:56:09.378","2026-09-24 23:01:10.247","14041294589","160425456","[PREMIUM]","[PREMIUM]","127","36","7_8","7",,2,"[2]",2432,"Lower Corner",10,"Mobile Transfer ticket",1,"[PREMIUM]","[PREMIUM]","[PREMIUM]","[PREMIUM]",true,false,"['Clear view']","2026-09-14 18:18:26"
"14006738315","2026-09-14 23:56:09.072","2026-09-14 23:56:09.072","14006738315","160417239","[PREMIUM]","[PREMIUM]","153","21","_",,,2,"[2]",594,"Lower",10,"Mobile Transfer ticket",1,"[PREMIUM]","[PREMIUM]","[PREMIUM]","[PREMIUM]",true,false,"['Clear view']","2026-09-11 15:22:28"
"12691110347","2026-09-14 23:56:08.677","2026-09-14 23:56:08.677","12691110347","160417239","[PREMIUM]","[PREMIUM]","116","14","9996_9999","9996","9999",4,"[2,4]",594,"Lower",10,"Mobile Transfer ticket",1,"[PREMIUM]","[PREMIUM]","[PREMIUM]","[PREMIUM]",true,false,"['Clear view']","2026-05-15 00:12:37"
"13363268261","2026-09-14 23:56:08.677","2026-09-18 02:09:46.450","13363268261","160417239","[PREMIUM]","[PREMIUM]","232","5","13_14","13","14",2,"[2]",1724,"Club",10,"Mobile Transfer ticket",1,"[PREMIUM]","[PREMIUM]","[PREMIUM]","[PREMIUM]",true,false,"['Clear view']","2026-07-15 18:47:49"
"14041936538","2026-09-14 23:56:08.594","2026-09-16 01:58:25.349","14041936538","160417239","[PREMIUM]","[PREMIUM]","351","2","_",,,2,"[2]",407,"Upper",10,"Mobile Transfer ticket",1,"[PREMIUM]","[PREMIUM]","[PREMIUM]","[PREMIUM]",true,false,"['Second Row of Section','Clear view']","2026-09-14 19:29:32"
"14041527786","2026-09-14 23:56:08.390","2026-09-17 01:34:01.822","14041527786","160425456","[PREMIUM]","[PREMIUM]","316","4","3_4","3",,2,"[1,2]",7266,"Mezzanine Sideline",10,"Mobile Transfer ticket",14,"[PREMIUM]","[PREMIUM]","[PREMIUM]","[PREMIUM]",true,false,"['Clear view']","2026-09-14 18:44:20"
"14041390072","2026-09-14 23:56:08.306","2026-09-14 23:56:08.306","14041390072","160417239","[PREMIUM]","[PREMIUM]","232","3","_",,,3,"[1,3]",1724,"Club",10,"Mobile Transfer ticket",1,"[PREMIUM]","[PREMIUM]","[PREMIUM]","[PREMIUM]",true,false,"['Third Row of Section','Clear view']","2026-09-14 18:29:35"
"14043041345","2026-09-14 23:56:08.245","2026-09-14 23:56:08.245","14043041345","160425456","[PREMIUM]","[PREMIUM]","304","4","1_3","1",,3,"[1,3]",4957,"Mezzanine Corner",10,"Mobile Transfer ticket",14,"[PREMIUM]","[PREMIUM]","[PREMIUM]","[PREMIUM]",true,false,"['Clear view']","2026-09-14 21:41:28"
"14039532936","2026-09-14 23:56:06.877","2026-09-14 23:56:06.877","14039532936","160417239","[PREMIUM]","[PREMIUM]","344","18","_",,,2,"[2]",407,"Upper",10,"Mobile Transfer ticket",1,"[PREMIUM]","[PREMIUM]","[PREMIUM]","[PREMIUM]",true,false,"['Clear view']","2026-09-14 14:50:08"
"14032056059","2026-09-14 23:56:04.916","2026-09-14 23:56:04.916","14032056059","160417239","[PREMIUM]","[PREMIUM]","344","27","_",,,3,"[1,2,3]",407,"Upper",10,"Mobile Transfer ticket",1,"[PREMIUM]","[PREMIUM]","[PREMIUM]","[PREMIUM]",true,false,"['Clear view']","2026-09-13 19:52:15"
"14043883762","2026-09-14 23:55:59.868","2026-09-18 02:08:58.542","14043883762","160425456","[PREMIUM]","[PREMIUM]","441","2","_",,,2,"[2]",2422,"Upper Sideline",10,"Mobile Transfer ticket",1,"[PREMIUM]","[PREMIUM]","[PREMIUM]","[PREMIUM]",true,false,"['Front Row of Section','Clear view']","2026-09-14 23:20:37"
"13597528888","2026-09-14 23:55:59.536","2026-09-14 23:55:59.536","13597528888","160417239","[PREMIUM]","[PREMIUM]","116","20","9994_9999","9994","9999",6,"[2,4,6]",594,"Lower",10,"Mobile Transfer ticket",1,"[PREMIUM]","[PREMIUM]","[PREMIUM]","[PREMIUM]",true,false,"['Clear view']","2026-08-06 20:27:14"
"14043778558","2026-09-14 23:55:56.820","2026-09-14 23:55:56.820","14043778558","160417239","[PREMIUM]","[PREMIUM]","142","27","2_33","2","33",2,"[2]",594,"Lower",11,"Mobile ticket",1,"[PREMIUM]","[PREMIUM]","[PREMIUM]","[PREMIUM]",true,false,"['Clear view']","2026-09-14 23:07:16"
"13734506454","2026-09-14 23:55:55.842","2026-09-14 23:55:55.842","13734506454","160417239","[PREMIUM]","[PREMIUM]","316","30","_",,,4,"[1,2,4]",407,"Upper",10,"Mobile Transfer ticket",1,"[PREMIUM]","[PREMIUM]","[PREMIUM]","[PREMIUM]",true,false,"['Clear view']","2026-08-20 09:10:25"
"14043602727","2026-09-14 23:55:52.764","2026-09-21 01:42:49.197","14043602727","160417239","[PREMIUM]","[PREMIUM]","347","15","_",,,2,"[2]",407,"Upper",10,"Mobile Transfer ticket",1,"[PREMIUM]","[PREMIUM]","[PREMIUM]","[PREMIUM]",true,false,"['Clear view']","2026-09-14 22:43:32"
"14044153213","2026-09-14 23:55:52.764","2026-09-14 23:55:52.764","14044153213","160417239","[PREMIUM]","[PREMIUM]","106","12","19_20","19","20",2,"[2]",594,"Lower",10,"Mobile Transfer ticket",1,"[PREMIUM]","[PREMIUM]","[PREMIUM]","[PREMIUM]",true,false,"['Clear view']","2026-09-14 23:55:31"
"14043239883","2026-09-14 23:55:52.412","2026-09-17 01:35:19.510","14043239883","160417239","[PREMIUM]","[PREMIUM]","339","1","_",,,2,"[2]",407,"Upper",10,"Mobile Transfer ticket",1,"[PREMIUM]","[PREMIUM]","[PREMIUM]","[PREMIUM]",true,false,"['Front Row of Section','Clear view']","2026-09-14 22:05:38"
"14041596374","2026-09-14 23:55:51.972","2026-09-14 23:55:51.972","14041596374","160417239","[PREMIUM]","[PREMIUM]","331","1","_",,,2,"[2]",407,"Upper",10,"Mobile Transfer ticket",1,"[PREMIUM]","[PREMIUM]","[PREMIUM]","[PREMIUM]",true,false,"['Front Row of Section','Clear view']","2026-09-14 18:52:13"
"14041952960","2026-09-14 23:55:51.972","2026-09-17 01:35:18.991","14041952960","160417239","[PREMIUM]","[PREMIUM]","356","3","_",,,2,"[2]",407,"Upper",10,"Mobile Transfer ticket",1,"[PREMIUM]","[PREMIUM]","[PREMIUM]","[PREMIUM]",true,false,"['Third Row of Section','Clear view']","2026-09-14 19:30:28"
"14041056138","2026-09-14 23:55:50.467","2026-09-27 22:54:48.918","14041056138","160425456","[PREMIUM]","[PREMIUM]","435","2","21_24","21",,4,"[2,4]",2422,"Upper Sideline",10,"Mobile Transfer ticket",1,"[PREMIUM]","[PREMIUM]","[PREMIUM]","[PREMIUM]",true,false,"['Front Row of Section','Clear view']","2026-09-14 17:48:25"
"14042973732","2026-09-14 23:55:50.140","2026-09-22 01:38:56.572","14042973732","160425456","[PREMIUM]","[PREMIUM]","319","5","9_10","9","10",2,"[2]",4957,"Mezzanine Corner",10,"Mobile Transfer ticket",1,"[PREMIUM]","[PREMIUM]","[PREMIUM]","[PREMIUM]",true,false,"['Clear view']","2026-09-14 21:33:51"
"14043135391","2026-09-14 23:55:50.082","2026-09-14 23:55:50.082","14043135391","160417239","[PREMIUM]","[PREMIUM]","345","26","_",,,3,"[1,3]",407,"Upper",10,"Mobile Transfer ticket",1,"[PREMIUM]","[PREMIUM]","[PREMIUM]","[PREMIUM]",true,false,"['Clear view']","2026-09-14 21:54:58"
"13980080931","2026-09-14 23:55:49.773","2026-09-19 01:39:32.741","13980080931","160425456","[PREMIUM]","[PREMIUM]","438","10","5_6","5",,2,"[2]",2422,"Upper Sideline",10,"Mobile Transfer ticket",1,"[PREMIUM]","[PREMIUM]","[PREMIUM]","[PREMIUM]",true,false,"['Clear view']","2026-09-09 15:55:00"
"13599311053","2026-09-14 23:55:49.410","2026-09-20 02:01:07.364","13599311053","160425456","[PREMIUM]","[PREMIUM]","227","4","14_17","14","17",4,"[2,4]",15980,"Mid-Level End Zone",10,"Mobile Transfer ticket",1,"[PREMIUM]","[PREMIUM]","[PREMIUM]","[PREMIUM]",true,false,"['Clear view']","2026-08-07 01:29:17"
"14040970271","2026-09-14 23:55:48.649","2026-09-14 23:55:48.649","14040970271","160425456","[PREMIUM]","[PREMIUM]","121","19","14_15","14","15",2,"[2]",2431,"Lower Endzone",10,"Mobile Transfer ticket",1,"[PREMIUM]","[PREMIUM]","[PREMIUM]","[PREMIUM]",true,false,"['Clear view']","2026-09-14 17:37:39"
"14040997199","2026-09-14 23:55:48.182","2026-09-16 01:58:02.105","14040997199","160417239","[PREMIUM]","[PREMIUM]","336","2","_",,,8,"[2,4,6,8]",407,"Upper",10,"Mobile Transfer ticket",1,"[PREMIUM]","[PREMIUM]","[PREMIUM]","[PREMIUM]",true,false,"['Second Row of Section','Clear view']","2026-09-14 17:41:43"
"14041407234","2026-09-14 23:55:48.182","2026-09-16 01:58:19.162","14041407234","160417239","[PREMIUM]","[PREMIUM]","309","1","_",,,4,"[4]",407,"Upper",10,"Mobile Transfer ticket",1,"[PREMIUM]","[PREMIUM]","[PREMIUM]","[PREMIUM]",true,false,"['Front Row of Section','Clear view']","2026-09-14 18:31:35"
"12691110290","2026-09-14 23:55:28.620","2026-09-22 01:44:44.037","12691110290","160417239","[PREMIUM]","[PREMIUM]","110","11","9996_9999","9996","9999",4,"[1,2,4]",594,"Lower",10,"Mobile Transfer ticket",1,"[PREMIUM]","[PREMIUM]","[PREMIUM]","[PREMIUM]",true,false,"['Clear view']","2026-05-15 00:12:36"
"14033693264","2026-09-14 23:55:27.983","2026-09-14 23:55:27.983","14033693264","160417239","[PREMIUM]","[PREMIUM]","102","28","16_17","16","17",2,"[2]",594,"Lower",10,"Mobile Transfer ticket",1,"[PREMIUM]","[PREMIUM]","[PREMIUM]","[PREMIUM]",true,false,"['Clear view']","2026-09-13 23:19:57"
"14042951578","2026-09-14 23:55:27.983","2026-09-16 01:58:00.435","14042951578","160417239","[PREMIUM]","[PREMIUM]","305","3","_",,,2,"[2]",407,"Upper",10,"Mobile Transfer ticket",1,"[PREMIUM]","[PREMIUM]","[PREMIUM]","[PREMIUM]",true,false,"['Third Row of Section','Clear view']","2026-09-14 21:31:01"
"14043689387","2026-09-14 23:55:27.001","2026-09-14 23:55:27.001","14043689387","160417239","[PREMIUM]","[PREMIUM]","321","9","9001_9002","9001","9002",2,"[2]",407,"Upper",10,"Mobile Transfer ticket",13,"[PREMIUM]","[PREMIUM]","[PREMIUM]","[PREMIUM]",true,false,"['Clear view']","2026-09-14 22:55:02"
"14041163439","2026-09-14 23:55:25.822","2026-09-14 23:55:25.822","14041163439","160425456","[PREMIUM]","[PREMIUM]","430","1","_",,,2,"[2]",2443,"Upper Corner",10,"Mobile Transfer ticket",1,"[PREMIUM]","[PREMIUM]","[PREMIUM]","[PREMIUM]",true,false,"['Front Row of Section','Clear view']","2026-09-14 18:01:14"
"14043135395","2026-09-14 23:55:25.465","2026-09-14 23:55:25.465","14043135395","160417239","[PREMIUM]","[PREMIUM]","347","23","_",,,5,"[1,2,3,5]",407,"Upper",10,"Mobile Transfer ticket",1,"[PREMIUM]","[PREMIUM]","[PREMIUM]","[PREMIUM]",true,false,"['Clear view']","2026-09-14 21:54:58"
"13898924741","2026-09-14 23:55:23.546","2026-09-23 01:46:17.968","13898924741","160417239","[PREMIUM]","[PREMIUM]","335","30","_",,,4,"[2,4]",407,"Upper",10,"Mobile Transfer ticket",1,"[PREMIUM]","[PREMIUM]","[PREMIUM]","[PREMIUM]",true,false,"['Clear view']","2026-09-02 03:25:10"
"13474906944","2026-09-14 23:55:21.408","2026-09-23 01:47:17.942","13474906944","160417239","[PREMIUM]","[PREMIUM]","110","12","9998_9999","9998","9999",2,"[2]",594,"Lower",10,"Mobile Transfer ticket",1,"[PREMIUM]","[PREMIUM]","[PREMIUM]","[PREMIUM]",true,false,"['Clear view']","2026-07-25 21:09:25"
"13927811585","2026-09-14 23:55:18.082","2026-09-18 02:08:53.141","13927811585","160417239","[PREMIUM]","[PREMIUM]","303","9","_",,,2,"[2]",407,"Upper",10,"Mobile Transfer ticket",1,"[PREMIUM]","[PREMIUM]","[PREMIUM]","[PREMIUM]",true,false,"['Clear view']","2026-09-04 14:23:52"
"14043135396","2026-09-14 23:55:17.742","2026-09-14 23:55:17.742","14043135396","160417239","[PREMIUM]","[PREMIUM]","345","29","_",,,7,"[1,2,3,4,5,7]",407,"Upper",10,"Mobile Transfer ticket",1,"[PREMIUM]","[PREMIUM]","[PREMIUM]","[PREMIUM]",true,false,"['Clear view']","2026-09-14 21:54:58"
"14043135393","2026-09-14 23:55:17.742","2026-09-14 23:55:17.742","14043135393","160417239","[PREMIUM]","[PREMIUM]","345","28","_",,,9,"[1,2,3,4,5,6,7,9]",407,"Upper",10,"Mobile Transfer ticket",1,"[PREMIUM]","[PREMIUM]","[PREMIUM]","[PREMIUM]",true,false,"['Clear view']","2026-09-14 21:54:58"
"14043135397","2026-09-14 23:55:17.343","2026-09-14 23:55:17.343","14043135397","160417239","[PREMIUM]","[PREMIUM]","347","25","_",,,3,"[1,3]",407,"Upper",10,"Mobile Transfer ticket",1,"[PREMIUM]","[PREMIUM]","[PREMIUM]","[PREMIUM]",true,false,"['Clear view']","2026-09-14 21:54:58"
"14043135390","2026-09-14 23:55:17.343","2026-09-14 23:55:17.343","14043135390","160417239","[PREMIUM]","[PREMIUM]","347","30","_",,,7,"[1,2,3,4,5,7]",407,"Upper",10,"Mobile Transfer ticket",1,"[PREMIUM]","[PREMIUM]","[PREMIUM]","[PREMIUM]",true,false,"['Clear view']","2026-09-14 21:54:58"
"13659504928","2026-09-14 23:55:16.441","2026-09-21 01:37:59.913","13659504928","160425456","[PREMIUM]","[PREMIUM]","328","6","16_17","16",,2,"[2]",4957,"Mezzanine Corner",10,"Mobile Transfer ticket",1,"[PREMIUM]","[PREMIUM]","[PREMIUM]","[PREMIUM]",true,false,"['Clear view']","2026-08-13 13:04:36"
"13980109261","2026-09-14 23:55:16.317","2026-09-14 23:55:16.317","13980109261","160425456","[PREMIUM]","[PREMIUM]","437","14","13_16","13",,4,"[1,2,3,4]",2422,"Upper Sideline",10,"Mobile Transfer ticket",1,"[PREMIUM]","[PREMIUM]","[PREMIUM]","[PREMIUM]",true,false,"['Clear view']","2026-09-09 15:57:50"
"14043151961","2026-09-14 23:55:16.254","2026-09-20 02:01:06.562","14043151961","160425456","[PREMIUM]","[PREMIUM]","413","13","_",,,2,"[2]",2422,"Upper Sideline",10,"Mobile Transfer ticket",1,"[PREMIUM]","[PREMIUM]","[PREMIUM]","[PREMIUM]",true,false,"['Clear view']","2026-09-14 21:56:54"
"12984618965","2026-09-14 23:55:16.041","2026-09-14 23:55:16.041","12984618965","160425456","[PREMIUM]","[PREMIUM]","409","4","21_22","21",,2,"[2]",2422,"Upper Sideline",10,"Mobile Transfer ticket",1,"[PREMIUM]","[PREMIUM]","[PREMIUM]","[PREMIUM]",true,false,"['Third Row of Section','Clear view']","2026-06-10 00:01:45"
"14039373452","2026-09-14 23:55:15.914","2026-09-17 01:33:15.108","14039373452","160425456","[PREMIUM]","[PREMIUM]","434","11","11_12","11","12",2,"[2]",2422,"Upper Sideline",10,"Mobile Transfer ticket",1,"[PREMIUM]","[PREMIUM]","[PREMIUM]","[PREMIUM]",true,false,"['Clear view']","2026-09-14 14:33:05"
"14041596037","2026-09-14 23:55:15.870","2026-09-20 02:00:51.298","14041596037","160417239","[PREMIUM]","[PREMIUM]","317","13","1_2","1",,2,"[2]",407,"Upper",10,"Mobile Transfer ticket",1,"[PREMIUM]","[PREMIUM]","[PREMIUM]","[PREMIUM]",true,false,"['Clear view']","2026-09-14 18:52:11"
"14042094856","2026-09-14 23:55:15.870","2026-09-14 23:55:15.870","14042094856","160417239","[PREMIUM]","[PREMIUM]","301","4","_",,,8,"[1,2,3,4,6,8]",407,"Upper",10,"Mobile Transfer ticket",1,"[PREMIUM]","[PREMIUM]","[PREMIUM]","[PREMIUM]",true,false,"['Clear view']","2026-09-14 19:43:27"
"14042094834","2026-09-14 23:55:15.870","2026-09-17 01:34:38.597","14042094834","160417239","[PREMIUM]","[PREMIUM]","305","4","_",,,4,"[2,4]",407,"Upper",10,"Mobile Transfer ticket",1,"[PREMIUM]","[PREMIUM]","[PREMIUM]","[PREMIUM]",true,false,"['Clear view']","2026-09-14 19:43:27"
"14042103081","2026-09-14 23:55:15.631","2026-09-24 02:20:18.414","14042103081","160417239","[PREMIUM]","[PREMIUM]","334","4","9001_9005","9001","9005",5,"[1,2,3,5]",407,"Upper",10,"Mobile Transfer ticket",13,"[PREMIUM]","[PREMIUM]","[PREMIUM]","[PREMIUM]",true,false,"['Clear view']","2026-09-14 19:44:12"
"14042483845","2026-09-14 23:55:15.631","2026-09-18 02:08:41.685","14042483845","160417239","[PREMIUM]","[PREMIUM]","304","4","9001_9002","9001","9002",2,"[2]",407,"Upper",10,"Mobile Transfer ticket",13,"[PREMIUM]","[PREMIUM]","[PREMIUM]","[PREMIUM]",true,false,"['Clear view']","2026-09-14 20:28:23"
"13969452614","2026-09-14 23:55:15.544","2026-09-27 05:02:09.682","13969452614","160417239","[PREMIUM]","[PREMIUM]","356","23","9001_9003","9001","9003",3,"[1,3]",407,"Upper",10,"Mobile Transfer ticket",13,"[PREMIUM]","[PREMIUM]","[PREMIUM]","[PREMIUM]",true,false,"['Clear view']","2026-09-08 18:36:01"
"13837343009","2026-09-14 23:55:14.663","2026-09-20 02:01:08.210","13837343009","160417239","[PREMIUM]","[PREMIUM]","356","30","_",,,4,"[2,4]",407,"Upper",10,"Mobile Transfer ticket",1,"[PREMIUM]","[PREMIUM]","[PREMIUM]","[PREMIUM]",true,false,"['Clear view']","2026-08-28 01:43:01"
"14039935598","2026-09-14 23:55:14.316","2026-09-16 01:54:51.646","14039935598","160418919","[PREMIUM]","[PREMIUM]","607","B","11_12","11",,2,"[2]",407,"Upper",10,"Mobile Transfer ticket",1,"[PREMIUM]","[PREMIUM]","[PREMIUM]","[PREMIUM]",true,false,"['Second Row of Section','Clear view']","2026-09-14 15:38:59"
"14043843659","2026-09-14 23:55:14.174","2026-09-14 23:55:14.174","14043843659","160417239","[PREMIUM]","[PREMIUM]","314","8","10_11","10","11",2,"[2]",407,"Upper",11,"Mobile ticket",1,"[PREMIUM]","[PREMIUM]","[PREMIUM]","[PREMIUM]",true,false,"['Clear view']","2026-09-14 23:15:32"
"14041276429","2026-09-14 23:55:14.066","2026-09-14 23:55:14.066","14041276429","160417239","[PREMIUM]","[PREMIUM]","341","8","19_21","19",,3,"[1,3]",407,"Upper",10,"Mobile Transfer ticket",14,"[PREMIUM]","[PREMIUM]","[PREMIUM]","[PREMIUM]",true,false,"['Clear view']","2026-09-14 18:16:09"
"14042759365","2026-09-14 23:55:13.723","2026-09-27 22:54:19.525","14042759365","160418919","[PREMIUM]","[PREMIUM]","320","D","5_6","5","6",2,"[2]",507,"Mezzanine",11,"Mobile ticket",1,"[PREMIUM]","[PREMIUM]","[PREMIUM]","[PREMIUM]",true,false,"['Clear view','Instant download']","2026-09-14 21:01:45"
"14041837354","2026-09-14 23:55:11.412","2026-09-20 02:00:41.788","14041837354","160417239","[PREMIUM]","[PREMIUM]","350","22","_",,,2,"[1,2]",407,"Upper",10,"Mobile Transfer ticket",1,"[PREMIUM]","[PREMIUM]","[PREMIUM]","[PREMIUM]",true,false,"['Clear view']","2026-09-14 19:19:20"
"14044015607","2026-09-14 23:55:11.403","2026-09-16 01:57:31.969","14044015607","160417239","[PREMIUM]","[PREMIUM]","330","24","_",,,7,"[1,2,3,4,5,7]",407,"Upper",10,"Mobile Transfer ticket",1,"[PREMIUM]","[PREMIUM]","[PREMIUM]","[PREMIUM]",true,false,"['Clear view']","2026-09-14 23:40:13"
"14041175409","2026-09-14 23:55:07.201","2026-09-14 23:55:07.201","14041175409","160417239","[PREMIUM]","[PREMIUM]","323","6","4_6","4","6",3,"[3]",407,"Upper",11,"Mobile ticket",1,"[PREMIUM]","[PREMIUM]","[PREMIUM]","[PREMIUM]",true,false,"['Clear view']","2026-09-14 18:02:18"
"14043935351","2026-09-14 23:55:05.569","2026-09-14 23:55:05.569","14043935351","160417239","[PREMIUM]","[PREMIUM]","302","24","_",,,10,"[1,2,3,4,5,6,7,8,9,10]",407,"Upper",10,"Mobile Transfer ticket",1,"[PREMIUM]","[PREMIUM]","[PREMIUM]","[PREMIUM]",true,false,"['Clear view']","2026-09-14 23:25:15"
"13595018807","2026-09-14 23:55:03.372","2026-09-16 01:54:52.177","13595018807","160418919","[PREMIUM]","[PREMIUM]","607","D","_",,,3,"[1,3]",407,"Upper",10,"Mobile Transfer ticket",14,"[PREMIUM]","[PREMIUM]","[PREMIUM]","[PREMIUM]",true,false,"['Clear view']","2026-08-06 14:20:55"
"14041932388","2026-09-14 23:55:03.024","2026-09-27 22:53:51.036","14041932388","160418919","[PREMIUM]","[PREMIUM]","513","G","5_6","5",,2,"[2]",1289,"Loge",10,"Mobile Transfer ticket",14,"[PREMIUM]","[PREMIUM]","[PREMIUM]","[PREMIUM]",true,false,"['Front Row of Section','Clear view']","2026-09-14 19:29:21"
"14041622528","2026-09-14 23:55:02.573","2026-09-16 01:52:15.639","14041622528","160427239","[PREMIUM]","[PREMIUM]","114","1","_",,,2,"[2]",594,"Lower",10,"Mobile Transfer ticket",1,"[PREMIUM]","[PREMIUM]","[PREMIUM]","[PREMIUM]",true,false,"['Front Row of Section','Clear view']","2026-09-14 18:54:31"
"13595018847","2026-09-14 23:55:02.110","2026-09-16 01:49:46.171","13595018847","160418919","[PREMIUM]","[PREMIUM]","607","F","_",,,6,"[1,2,4,6]",407,"Upper",10,"Mobile Transfer ticket",14,"[PREMIUM]","[PREMIUM]","[PREMIUM]","[PREMIUM]",true,false,"['Clear view']","2026-08-06 14:20:56"
"13595018845","2026-09-14 23:55:01.397","2026-09-16 01:54:51.243","13595018845","160418919","[PREMIUM]","[PREMIUM]","607","M","_",,,2,"[2]",407,"Upper",10,"Mobile Transfer ticket",14,"[PREMIUM]","[PREMIUM]","[PREMIUM]","[PREMIUM]",true,false,"['Clear view']","2026-08-06 14:20:56"
"14011426513","2026-09-14 23:55:00.323","2026-09-19 01:37:46.875","14011426513","160418919","[PREMIUM]","[PREMIUM]","607",,"998976550_998976553","998976550",,2,"[2]",407,"Upper",10,"Mobile Transfer ticket",1,"[PREMIUM]","[PREMIUM]","[PREMIUM]","[PREMIUM]",true,true,"['Clear view']","2026-09-11 22:47:51"
"14043804524","2026-09-14 23:54:52.008","2026-09-27 22:53:57.255","14043804524","160426302","[PREMIUM]","[PREMIUM]","M14","16","1_9","1","9",9,"[1,2,3,4,5,6,7,9]",1774,"Mezzanine Level",10,"Mobile Transfer ticket",1,"[PREMIUM]","[PREMIUM]","[PREMIUM]","[PREMIUM]",true,false,"['Clear view']","2026-09-14 23:10:22"
"14042915322","2026-09-14 23:54:38.355","2026-09-27 22:53:38.428","14042915322","160418919","[PREMIUM]","[PREMIUM]","634","C","16_19","16","19",4,"[1,2,4]",407,"Upper",10,"Mobile Transfer ticket",1,"[PREMIUM]","[PREMIUM]","[PREMIUM]","[PREMIUM]",true,false,"['Third Row of Section','Clear view']","2026-09-14 21:26:54"
"14011427471","2026-09-14 23:54:38.040","2026-09-19 01:37:10.624","14011427471","160418919","[PREMIUM]","[PREMIUM]","633",,"998976665_998976668","998976665",,2,"[2]",407,"Upper",10,"Mobile Transfer ticket",1,"[PREMIUM]","[PREMIUM]","[PREMIUM]","[PREMIUM]",true,true,"['Clear view']","2026-09-11 22:47:55"
"14011429048","2026-09-14 23:54:36.458","2026-09-19 01:37:03.467","14011429048","160418919","[PREMIUM]","[PREMIUM]","637",,"998976677_998976680","998976677",,2,"[2]",407,"Upper",10,"Mobile Transfer ticket",1,"[PREMIUM]","[PREMIUM]","[PREMIUM]","[PREMIUM]",true,true,"['Clear view']","2026-09-11 22:48:02"
"14011427194","2026-09-14 23:54:35.803","2026-09-19 01:37:04.368","14011427194","160418919","[PREMIUM]","[PREMIUM]","630",,"998976649_998976652","998976649",,2,"[2]",407,"Upper",10,"Mobile Transfer ticket",1,"[PREMIUM]","[PREMIUM]","[PREMIUM]","[PREMIUM]",true,true,"['Clear view']","2026-09-11 22:47:54"
"14021487118","2026-09-14 23:54:25.895","2026-09-14 23:54:25.895","14021487118","160426302","[PREMIUM]","[PREMIUM]","206","1","9001_9001","9001",,1,"[1]",407,"Upper",10,"Mobile Transfer ticket",13,"[PREMIUM]","[PREMIUM]","[PREMIUM]","[PREMIUM]",false,false,"['Front Row of Section','Clear view']","2026-09-12 18:34:05"
"14038006444","2026-09-14 23:54:25.084","2026-09-14 23:54:25.084","14038006444","160426302","[PREMIUM]","[PREMIUM]","C6","2","_",,,2,"[2]",300,"Club Level",10,"Mobile Transfer ticket",1,"[PREMIUM]","[PREMIUM]","[PREMIUM]","[PREMIUM]",true,false,"['Second Row of Section','Clear view']","2026-09-14 11:15:17"
"14007628623","2026-09-14 23:54:24.689","2026-09-19 01:38:27.386","14007628623","160426302","[PREMIUM]","[PREMIUM]","C6","6","10_14","10","14",5,"[1,2,3,5]",300,"Club Level",10,"Mobile Transfer ticket",1,"[PREMIUM]","[PREMIUM]","[PREMIUM]","[PREMIUM]",true,false,"['Clear view']","2026-09-11 16:57:31"
"13969614906","2026-09-14 23:54:24.285","2026-09-24 02:11:23.181","13969614906","160426302","[PREMIUM]","[PREMIUM]","110","2","9001_9002","9001",,2,"[2]",594,"Lower",10,"Mobile Transfer ticket",13,"[PREMIUM]","[PREMIUM]","[PREMIUM]","[PREMIUM]",true,false,"['Second Row of Section','Clear view']","2026-09-08 18:57:10"
"14043751281","2026-09-14 23:54:24.285","2026-09-24 02:11:23.181","14043751281","160426302","[PREMIUM]","[PREMIUM]","110","3","9001_9003","9001",,3,"[3]",594,"Lower",10,"Mobile Transfer ticket",13,"[PREMIUM]","[PREMIUM]","[PREMIUM]","[PREMIUM]",true,false,"['Third Row of Section','Clear view']","2026-09-14 23:02:37"
"13795601543","2026-09-14 23:54:20.419","2026-09-19 01:38:55.131","13795601543","160427239","[PREMIUM]","[PREMIUM]","113","16","_",,,2,"[2]",594,"Lower",10,"Mobile Transfer ticket",1,"[PREMIUM]","[PREMIUM]","[PREMIUM]","[PREMIUM]",true,false,"['Clear view']","2026-08-24 21:20:10"
"13264712700","2026-09-14 23:54:19.745","2026-09-27 05:14:37.452","13264712700","160426302","[PREMIUM]","[PREMIUM]","113","6","5_8","5",,4,"[2,4]",594,"Lower",10,"Mobile Transfer ticket",1,"[PREMIUM]","[PREMIUM]","[PREMIUM]","[PREMIUM]",true,false,"['Clear view']","2026-07-06 19:02:40"
"14039586085","2026-09-14 23:54:11.800","2026-09-27 22:53:11.215","14039586085","160427239","[PREMIUM]","[PREMIUM]","239","1","25_26","25","26",2,"[2]",471,"Middle",10,"Mobile Transfer ticket",1,"[PREMIUM]","[PREMIUM]","[PREMIUM]","[PREMIUM]",true,false,"['Front Row of Section','Clear view']","2026-09-14 14:56:41"
"14041662943","2026-09-14 23:54:10.431","2026-09-21 01:37:07.966","14041662943","160426302","[PREMIUM]","[PREMIUM]","C6","9","9001_9002","9001",,2,"[2]",300,"Club Level",10,"Mobile Transfer ticket",13,"[PREMIUM]","[PREMIUM]","[PREMIUM]","[PREMIUM]",true,false,"['Clear view']","2026-09-14 18:59:26"
"14040796238","2026-09-14 23:54:07.158","2026-09-17 01:32:06.431","14040796238","160426302","[PREMIUM]","[PREMIUM]","105","18","5_6","5","6",2,"[2]",594,"Lower",11,"Mobile ticket",1,"[PREMIUM]","[PREMIUM]","[PREMIUM]","[PREMIUM]",true,false,"['Clear view']","2026-09-14 17:17:11"
"14043668616","2026-09-14 23:54:02.543","2026-09-14 23:54:02.543","14043668616","160427052","[PREMIUM]","[PREMIUM]","217","22","23_24","23","24",2,"[2]",3831,"Terrace Corner",10,"Mobile Transfer ticket",1,"[PREMIUM]","[PREMIUM]","[PREMIUM]","[PREMIUM]",true,false,"['Limited or Obstructed View (printed on ticket)']","2026-09-14 22:50:38"
"14034532520","2026-09-14 23:54:02.418","2026-09-14 23:54:02.418","14034532520","160427052","[PREMIUM]","[PREMIUM]","217","20","17_18","17","18",2,"[2]",3831,"Terrace Corner",10,"Mobile Transfer ticket",1,"[PREMIUM]","[PREMIUM]","[PREMIUM]","[PREMIUM]",true,false,"['Limited or Obstructed View (printed on ticket)']","2026-09-14 01:26:32"
"14042467544","2026-09-14 23:54:01.819","2026-09-16 01:39:32.610","14042467544","160427052","[PREMIUM]","[PREMIUM]","218","21","5_12","5","12",8,"[1,2,3,4,5,6,8]",7046,"Terrace Sideline",10,"Mobile Transfer ticket",1,"[PREMIUM]","[PREMIUM]","[PREMIUM]","[PREMIUM]",true,false,"['Limited or Obstructed View (printed on ticket)']","2026-09-14 20:26:42"
"12771624073","2026-09-14 23:54:00.198","2026-09-18 02:05:29.784","12771624073","160426302","[PREMIUM]","[PREMIUM]","108","39","15_18","15",,4,"[2,4]",594,"Lower",10,"Mobile Transfer ticket",1,"[PREMIUM]","[PREMIUM]","[PREMIUM]","[PREMIUM]",true,false,"['Clear view']","2026-05-21 15:34:16"
"14040815031","2026-09-14 23:54:00.127","2026-09-21 01:36:29.807","14040815031","160426302","[PREMIUM]","[PREMIUM]","243","14","3_4","3","4",2,"[2]",407,"Upper",11,"Mobile ticket",1,"[PREMIUM]","[PREMIUM]","[PREMIUM]","[PREMIUM]",true,false,"['Clear view','Instant download']","2026-09-14 17:19:36"
"13845086943","2026-09-14 23:53:59.407","2026-09-16 01:48:48.719","13845086943","160426302","[PREMIUM]","[PREMIUM]","108","46","29_29","29","29",1,"[1]",594,"Lower",10,"Mobile Transfer ticket",1,"[PREMIUM]","[PREMIUM]","[PREMIUM]","[PREMIUM]",false,false,"['Clear view']","2026-08-28 17:46:45"
"14041093168","2026-09-14 23:53:59.407","2026-09-16 01:48:48.719","14041093168","160426302","[PREMIUM]","[PREMIUM]","132","33","3_4","3","4",2,"[2]",594,"Lower",10,"Mobile Transfer ticket",1,"[PREMIUM]","[PREMIUM]","[PREMIUM]","[PREMIUM]",true,false,"['Aisle seat','Clear view']","2026-09-14 17:52:25"
"13795332653","2026-09-14 23:53:56.055","2026-09-17 01:30:36.617","13795332653","160426302","[PREMIUM]","[PREMIUM]","138",,"_",,,4,"[1,2,3,4]",594,"Lower",10,"Mobile Transfer ticket",1,"[PREMIUM]","[PREMIUM]","[PREMIUM]","[PREMIUM]",true,true,"['Clear view']","2026-08-24 20:59:51"
"13795573664","2026-09-14 23:53:56.055","2026-09-26 22:58:42.510","13795573664","160426302","[PREMIUM]","[PREMIUM]","102","34","_",,,2,"[1,2]",594,"Lower",10,"Mobile Transfer ticket",1,"[PREMIUM]","[PREMIUM]","[PREMIUM]","[PREMIUM]",true,false,"['Clear view']","2026-08-24 21:18:56"
"13795578468","2026-09-14 23:53:56.055","2026-09-26 22:58:42.510","13795578468","160426302","[PREMIUM]","[PREMIUM]","138","34","_",,,2,"[1,2]",594,"Lower",10,"Mobile Transfer ticket",1,"[PREMIUM]","[PREMIUM]","[PREMIUM]","[PREMIUM]",true,false,"['Clear view']","2026-08-24 21:19:08"
"12691690446","2026-09-14 23:53:30.659","2026-09-18 02:07:54.010","12691690446","160427239","[PREMIUM]","[PREMIUM]","137","22","28_29","28","29",2,"[2]",594,"Lower",10,"Mobile Transfer ticket",1,"[PREMIUM]","[PREMIUM]","[PREMIUM]","[PREMIUM]",true,false,"['Clear view']","2026-05-15 01:16:11"
"14042014342","2026-09-14 23:53:25.781","2026-09-17 01:29:04.137","14042014342","160427239","[PREMIUM]","[PREMIUM]","123","7","_",,,2,"[2]",594,"Lower",10,"Mobile Transfer ticket",1,"[PREMIUM]","[PREMIUM]","[PREMIUM]","[PREMIUM]",true,false,"['Clear view']","2026-09-14 19:35:27"
"14037898126","2026-09-14 23:53:24.649","2026-09-14 23:53:24.649","14037898126","160427239","[PREMIUM]","[PREMIUM]","135","16","1001_1002","1001","1002",2,"[2]",594,"Lower",10,"Mobile Transfer ticket",1,"[PREMIUM]","[PREMIUM]","[PREMIUM]","[PREMIUM]",true,false,"['Clear view']","2026-09-14 11:05:31"
"13604746077","2026-09-14 23:53:23.398","2026-09-27 22:53:07.508","13604746077","160427239","[PREMIUM]","[PREMIUM]","137","16","27_28","27","28",2,"[2]",594,"Lower",10,"Mobile Transfer ticket",1,"[PREMIUM]","[PREMIUM]","[PREMIUM]","[PREMIUM]",true,false,"['Clear view']","2026-08-07 16:59:29"
"14040953422","2026-09-14 23:53:22.405","2026-09-14 23:53:22.405","14040953422","160427239","[PREMIUM]","[PREMIUM]","108","8","9001_9002","9001",,2,"[2]",594,"Lower",10,"Mobile Transfer ticket",13,"[PREMIUM]","[PREMIUM]","[PREMIUM]","[PREMIUM]",true,false,"['Clear view']","2026-09-14 17:35:26"
"13450507834","2026-09-14 23:53:22.034","2026-09-27 22:53:19.261","13450507834","160427239","[PREMIUM]","[PREMIUM]","116","11","16_17","16","17",2,"[2]",594,"Lower",10,"Mobile Transfer ticket",1,"[PREMIUM]","[PREMIUM]","[PREMIUM]","[PREMIUM]",true,false,"['Clear view']","2026-07-23 20:23:11"
"14041897667","2026-09-14 23:53:20.804","2026-09-18 02:08:40.398","14041897667","160418789","[PREMIUM]","[PREMIUM]","237","M","9001_9004","9001","9004",4,"[1,2,3,4]",8306,"Club East",10,"Mobile Transfer ticket",13,"[PREMIUM]","[PREMIUM]","[PREMIUM]","[PREMIUM]",true,false,"['Clear view']","2026-09-14 19:27:01"
"14041897704","2026-09-14 23:53:20.804","2026-09-27 05:28:09.770","14041897704","160418789","[PREMIUM]","[PREMIUM]","201","KK","9001_9004","9001","9004",4,"[1,2,3,4]",471,"Middle",10,"Mobile Transfer ticket",13,"[PREMIUM]","[PREMIUM]","[PREMIUM]","[PREMIUM]",true,false,"['Clear view']","2026-09-14 19:27:02"
"14042244801","2026-09-14 23:53:20.804","2026-09-18 02:08:40.398","14042244801","160418789","[PREMIUM]","[PREMIUM]","209","M","9001_9004","9001","9004",4,"[1,2,3,4]",9003,"West Club",10,"Mobile Transfer ticket",13,"[PREMIUM]","[PREMIUM]","[PREMIUM]","[PREMIUM]",true,false,"['Clear view']","2026-09-14 20:00:38"
"14042752647","2026-09-14 23:53:20.795","2026-09-19 01:38:37.381","14042752647","160427239","[PREMIUM]","[PREMIUM]","225A","3","9001_9002","9001",,2,"[2]",471,"Middle",10,"Mobile Transfer ticket",13,"[PREMIUM]","[PREMIUM]","[PREMIUM]","[PREMIUM]",true,false,"['Third Row of Section','Clear view']","2026-09-14 21:00:24"
"14037898219","2026-09-14 23:53:20.426","2026-09-14 23:54:07.519","14037898219","160427239","[PREMIUM]","[PREMIUM]","111A","24","1010_1012","1010","1012",3,"[1,3]",594,"Lower",10,"Mobile Transfer ticket",1,"[PREMIUM]","[PREMIUM]","[PREMIUM]","[PREMIUM]",true,false,"['Clear view']","2026-09-14 11:05:32"
"14041897640","2026-09-14 23:53:19.009","2026-09-18 02:11:27.746","14041897640","160418789","[PREMIUM]","[PREMIUM]","234","M","9001_9004","9001","9004",4,"[1,2,3,4]",8306,"Club East",10,"Mobile Transfer ticket",13,"[PREMIUM]","[PREMIUM]","[PREMIUM]","[PREMIUM]",true,false,"['Clear view']","2026-09-14 19:27:01"
"14042096552","2026-09-14 23:53:19.009","2026-09-18 02:11:27.746","14042096552","160418789","[PREMIUM]","[PREMIUM]","211","M","9001_9004","9001","9004",4,"[1,2,3,4]",9003,"West Club",10,"Mobile Transfer ticket",13,"[PREMIUM]","[PREMIUM]","[PREMIUM]","[PREMIUM]",true,false,"['Clear view']","2026-09-14 19:43:34"
"14042096478","2026-09-14 23:53:19.009","2026-09-18 02:11:27.746","14042096478","160418789","[PREMIUM]","[PREMIUM]","212","M","9001_9004","9001","9004",4,"[1,2,3,4]",9003,"West Club",10,"Mobile Transfer ticket",13,"[PREMIUM]","[PREMIUM]","[PREMIUM]","[PREMIUM]",true,false,"['Clear view']","2026-09-14 19:43:34"
"14042096471","2026-09-14 23:53:19.009","2026-09-18 02:11:27.746","14042096471","160418789","[PREMIUM]","[PREMIUM]","239","M","9001_9004","9001","9004",4,"[1,2,3,4]",8306,"Club East",10,"Mobile Transfer ticket",13,"[PREMIUM]","[PREMIUM]","[PREMIUM]","[PREMIUM]",true,false,"['Clear view']","2026-09-14 19:43:34"
"14042535720","2026-09-14 23:53:19.009","2026-09-18 02:11:27.746","14042535720","160418789","[PREMIUM]","[PREMIUM]","207","M","9001_9004","9001","9004",4,"[1,2,3,4]",9003,"West Club",10,"Mobile Transfer ticket",13,"[PREMIUM]","[PREMIUM]","[PREMIUM]","[PREMIUM]",true,false,"['Clear view']","2026-09-14 20:33:46"
"14043698408","2026-09-14 23:53:19.009","2026-09-18 02:11:27.746","14043698408","160418789","[PREMIUM]","[PREMIUM]","208","M","9001_9004","9001","9004",4,"[1,2,3,4]",9003,"West Club",10,"Mobile Transfer ticket",13,"[PREMIUM]","[PREMIUM]","[PREMIUM]","[PREMIUM]",true,false,"['Clear view']","2026-09-14 22:56:20"
"13533539696","2026-09-14 23:53:18.370","2026-09-27 22:53:04.643","13533539696","160427239","[PREMIUM]","[PREMIUM]","118","7","9_10","9",,2,"[2]",594,"Lower",10,"Mobile Transfer ticket",1,"[PREMIUM]","[PREMIUM]","[PREMIUM]","[PREMIUM]",true,false,"['Clear view']","2026-08-01 01:43:51"
"13958846812","2026-09-14 23:53:18.370","2026-09-24 22:59:33.174","13958846812","160427239","[PREMIUM]","[PREMIUM]","221A","8","9001_9002","9001",,2,"[2]",471,"Middle",10,"Mobile Transfer ticket",13,"[PREMIUM]","[PREMIUM]","[PREMIUM]","[PREMIUM]",true,false,"['Clear view']","2026-09-07 18:27:23"
"13994541045","2026-09-14 23:53:18.370","2026-09-19 01:28:59.184","13994541045","160427239","[PREMIUM]","[PREMIUM]","133","6","9001_9002","9001",,2,"[2]",594,"Lower",10,"Mobile Transfer ticket",13,"[PREMIUM]","[PREMIUM]","[PREMIUM]","[PREMIUM]",true,false,"['Clear view']","2026-09-10 17:48:13"
"14003796648","2026-09-14 23:53:15.267","2026-09-27 22:53:04.378","14003796648","160427239","[PREMIUM]","[PREMIUM]","135","31","6_7","6",,2,"[2]",594,"Lower",10,"Mobile Transfer ticket",1,"[PREMIUM]","[PREMIUM]","[PREMIUM]","[PREMIUM]",true,false,"['Clear view']","2026-09-11 10:08:29"
"14017813810","2026-09-14 23:53:13.998","2026-09-20 02:00:19.314","14017813810","160418789","[PREMIUM]","[PREMIUM]","12",,"998905925_998905928","998905925",,2,"[2]",9003,"West Club",10,"Mobile Transfer ticket",1,"[PREMIUM]","[PREMIUM]","[PREMIUM]","[PREMIUM]",true,true,"['Clear view']","2026-09-12 11:04:39"
"14043122338","2026-09-14 23:53:13.998","2026-09-27 22:52:27.697","14043122338","160418789","[PREMIUM]","[PREMIUM]","245","KK","9001_9004","9001","9004",4,"[1,2,3,4]",471,"Middle",10,"Mobile Transfer ticket",13,"[PREMIUM]","[PREMIUM]","[PREMIUM]","[PREMIUM]",true,false,"['Clear view']","2026-09-14 21:53:27"
"14042244734","2026-09-14 23:53:13.649","2026-09-27 22:52:26.851","14042244734","160418789","[PREMIUM]","[PREMIUM]","229","V","9001_9004","9001","9004",4,"[1,2,3,4]",471,"Middle",10,"Mobile Transfer ticket",13,"[PREMIUM]","[PREMIUM]","[PREMIUM]","[PREMIUM]",true,false,"['Clear view']","2026-09-14 20:00:38"
"14043284724","2026-09-14 23:53:12.690","2026-09-14 23:53:12.690","14043284724","160427052","[PREMIUM]","[PREMIUM]","216","23","23_28","23","28",6,"[1,2,3,4,6]",3831,"Terrace Corner",10,"Mobile Transfer ticket",1,"[PREMIUM]","[PREMIUM]","[PREMIUM]","[PREMIUM]",true,false,"['Limited or Obstructed View (printed on ticket)']","2026-09-14 22:10:50"
"14011426429","2026-09-14 23:53:06.567","2026-09-20 01:53:09.328","14011426429","160418923","[PREMIUM]","[PREMIUM]","629",,"998975789_998975792","998975789",,2,"[2]",407,"Upper",10,"Mobile Transfer ticket",1,"[PREMIUM]","[PREMIUM]","[PREMIUM]","[PREMIUM]",true,true,"['Clear view']","2026-09-11 22:47:50"
"14043431727","2026-09-14 23:53:06.217","2026-09-27 22:52:26.851","14043431727","160418789","[PREMIUM]","[PREMIUM]","119","J","9001_9004","9001","9004",4,"[1,2,3,4]",594,"Lower",10,"Mobile Transfer ticket",13,"[PREMIUM]","[PREMIUM]","[PREMIUM]","[PREMIUM]",true,false,"['Clear view']","2026-09-14 22:25:03"
"14042543422","2026-09-14 23:52:57.905","2026-09-14 23:52:57.905","14042543422","160418789","[PREMIUM]","[PREMIUM]","214","N","_",,,2,"[2]",471,"Middle",10,"Mobile Transfer ticket",1,"[PREMIUM]","[PREMIUM]","[PREMIUM]","[PREMIUM]",true,false,"['Clear view']","2026-09-14 20:34:40"
"14042971854","2026-09-14 23:52:57.580","2026-09-27 22:52:17.912","14042971854","160418789","[PREMIUM]","[PREMIUM]","141","D","_",,,5,"[1,2,3,4,5]",594,"Lower",10,"Mobile Transfer ticket",1,"[PREMIUM]","[PREMIUM]","[PREMIUM]","[PREMIUM]",true,false,"['Clear view']","2026-09-14 21:33:32"
"14042702158","2026-09-14 23:52:57.256","2026-09-27 22:52:16.053","14042702158","160418789","[PREMIUM]","[PREMIUM]","140","Z","5_6","5",,2,"[2]",594,"Lower",10,"Mobile Transfer ticket",14,"[PREMIUM]","[PREMIUM]","[PREMIUM]","[PREMIUM]",true,false,"['Clear view']","2026-09-14 20:55:58"
"14042702422","2026-09-14 23:52:56.948","2026-09-14 23:52:56.948","14042702422","160418789","[PREMIUM]","[PREMIUM]","140","CC","14_17","14",,4,"[1,2,4]",594,"Lower",10,"Mobile Transfer ticket",14,"[PREMIUM]","[PREMIUM]","[PREMIUM]","[PREMIUM]",true,false,"['Clear view']","2026-09-14 20:55:59"
"14042702642","2026-09-14 23:52:56.948","2026-09-14 23:52:56.948","14042702642","160418789","[PREMIUM]","[PREMIUM]","140","BB","6_9","6",,4,"[1,2,4]",594,"Lower",10,"Mobile Transfer ticket",14,"[PREMIUM]","[PREMIUM]","[PREMIUM]","[PREMIUM]",true,false,"['Clear view']","2026-09-14 20:56:00"
"14042706702","2026-09-14 23:52:54.101","2026-09-27 22:52:12.475","14042706702","160418789","[PREMIUM]","[PREMIUM]","144","R","7_10","7",,4,"[1,2,4]",594,"Lower",10,"Mobile Transfer ticket",14,"[PREMIUM]","[PREMIUM]","[PREMIUM]","[PREMIUM]",true,false,"['Clear view']","2026-09-14 20:56:19"
"14042619330","2026-09-14 23:52:43.422","2026-09-24 02:21:36.864","14042619330","160424907","[PREMIUM]","[PREMIUM]","325","1","9001_9002","9001",,2,"[2]",17202,"Loge 300-Level",10,"Mobile Transfer ticket",13,"[PREMIUM]","[PREMIUM]","[PREMIUM]","[PREMIUM]",true,false,"['Front Row of Section','Clear view']","2026-09-14 20:44:20"
"13794932792","2026-09-14 23:52:32.949","2026-09-27 05:11:41.689","13794932792","160425251","[PREMIUM]","[PREMIUM]","C116","17","_",,,2,"[1,2]",5049,"Club Lower Level",10,"Mobile Transfer ticket",1,"[PREMIUM]","[PREMIUM]","[PREMIUM]","[PREMIUM]",true,false,"['Clear view']","2026-08-24 20:37:08"
"14043162738","2026-09-14 23:52:32.144","2026-09-22 01:47:31.340","14043162738","160424907","[PREMIUM]","[PREMIUM]","406","1","9001_9002","9001",,2,"[2]",17203,"Loge 400-Level",10,"Mobile Transfer ticket",13,"[PREMIUM]","[PREMIUM]","[PREMIUM]","[PREMIUM]",true,false,"['Front Row of Section','Clear view']","2026-09-14 21:58:22"
"14042619398","2026-09-14 23:52:31.831","2026-09-24 02:21:36.037","14042619398","160424907","[PREMIUM]","[PREMIUM]","431","1","9001_9004","9001",,4,"[4]",17203,"Loge 400-Level",10,"Mobile Transfer ticket",13,"[PREMIUM]","[PREMIUM]","[PREMIUM]","[PREMIUM]",true,false,"['Front Row of Section','Clear view']","2026-09-14 20:44:21"
"14011180239","2026-09-14 23:52:23.543","2026-09-20 01:57:39.218","14011180239","160424907","[PREMIUM]","[PREMIUM]","420",,"998959484_998959487","998959484",,2,"[2]",17203,"Loge 400-Level",10,"Mobile Transfer ticket",1,"[PREMIUM]","[PREMIUM]","[PREMIUM]","[PREMIUM]",true,true,"['Clear view']","2026-09-11 22:27:14"
"14043088851","2026-09-14 23:52:21.589","2026-09-14 23:52:21.589","14043088851","160427052","[PREMIUM]","[PREMIUM]","134","26","_",,,6,"[1,2,3,4,6]",594,"Lower",10,"Mobile Transfer ticket",1,"[PREMIUM]","[PREMIUM]","[PREMIUM]","[PREMIUM]",true,false,"['Clear view']","2026-09-14 21:48:30"
"14042984467","2026-09-14 23:52:12.639","2026-09-14 23:52:12.639","14042984467","160427052","[PREMIUM]","[PREMIUM]","222","8","20_21","20","21",2,"[2]",7046,"Terrace Sideline",10,"Mobile Transfer ticket",1,"[PREMIUM]","[PREMIUM]","[PREMIUM]","[PREMIUM]",true,false,"['Clear view']","2026-09-14 21:35:43"
"14044027431","2026-09-14 23:52:12.639","2026-09-14 23:52:12.639","14044027431","160427052","[PREMIUM]","[PREMIUM]","134","5","_",,,2,"[2]",594,"Lower",10,"Mobile Transfer ticket",1,"[PREMIUM]","[PREMIUM]","[PREMIUM]","[PREMIUM]",true,false,"['Clear view']","2026-09-14 23:41:47"
"13987652140","2026-09-14 23:52:09.024","2026-09-27 22:55:24.208","13987652140","160427052","[PREMIUM]","[PREMIUM]","121","21","11_12","11","12",2,"[2]",594,"Lower",10,"Mobile Transfer ticket",1,"[PREMIUM]","[PREMIUM]","[PREMIUM]","[PREMIUM]",true,false,"['Clear view']","2026-09-10 04:53:25"
"14043050769","2026-09-14 23:52:00.748","2026-09-16 01:39:44.218","14043050769","160427052","[PREMIUM]","[PREMIUM]","123",,"5_6","5","6",2,"[2]",594,"Lower",11,"Mobile ticket",14,"[PREMIUM]","[PREMIUM]","[PREMIUM]","[PREMIUM]",true,true,"['Clear view']","2026-09-14 21:42:14"
"14043000939","2026-09-14 23:52:00.093","2026-09-14 23:52:00.093","14043000939","160427052","[PREMIUM]","[PREMIUM]","419","1","_",,,6,"[1,2,4,6]",2443,"Upper Corner",10,"Mobile Transfer ticket",1,"[PREMIUM]","[PREMIUM]","[PREMIUM]","[PREMIUM]",true,false,"['Front Row of Section','Clear view']","2026-09-14 21:37:04"
"14043076311","2026-09-14 23:51:59.455","2026-09-16 01:42:40.678","14043076311","160427052","[PREMIUM]","[PREMIUM]","221","15","14_16","14","16",3,"[1,3]",7046,"Terrace Sideline",10,"Mobile Transfer ticket",1,"[PREMIUM]","[PREMIUM]","[PREMIUM]","[PREMIUM]",true,false,"['Limited or Obstructed View (printed on ticket)']","2026-09-14 21:47:14"
"14040533315","2026-09-14 23:51:59.382","2026-09-14 23:56:09.730","14040533315","160427052","[PREMIUM]","[PREMIUM]","223","15","19_24","19","24",6,"[1,2,3,4,6]",7046,"Terrace Sideline",10,"Mobile Transfer ticket",1,"[PREMIUM]","[PREMIUM]","[PREMIUM]","[PREMIUM]",true,false,"['Limited or Obstructed View (printed on ticket)']","2026-09-14 16:48:35"
"14033084224","2026-09-14 23:51:59.115","2026-09-14 23:51:59.115","14033084224","160427052","[PREMIUM]","[PREMIUM]","221","17","15_16","15","16",2,"[2]",7046,"Terrace Sideline",10,"Mobile Transfer ticket",1,"[PREMIUM]","[PREMIUM]","[PREMIUM]","[PREMIUM]",true,false,"['Limited or Obstructed View (printed on ticket)']","2026-09-13 22:14:12"
"14043076197","2026-09-14 23:51:59.068","2026-09-14 23:55:58.784","14043076197","160427052","[PREMIUM]","[PREMIUM]","222","15","5_6","5","6",2,"[2]",7046,"Terrace Sideline",10,"Mobile Transfer ticket",1,"[PREMIUM]","[PREMIUM]","[PREMIUM]","[PREMIUM]",true,false,"['Limited or Obstructed View (printed on ticket)']","2026-09-14 21:47:13"
"14042984428","2026-09-14 23:51:59.068","2026-09-14 23:55:58.784","14042984428","160427052","[PREMIUM]","[PREMIUM]","221","23","17_18","17","18",2,"[2]",7046,"Terrace Sideline",10,"Mobile Transfer ticket",1,"[PREMIUM]","[PREMIUM]","[PREMIUM]","[PREMIUM]",true,false,"['Limited or Obstructed View (printed on ticket)']","2026-09-14 21:35:43"
"14041625463","2026-09-14 23:51:59.017","2026-09-14 23:55:56.503","14041625463","160427052","[PREMIUM]","[PREMIUM]","221","20","15_22","15","22",8,"[1,2,3,4,5,6,8]",7046,"Terrace Sideline",10,"Mobile Transfer ticket",1,"[PREMIUM]","[PREMIUM]","[PREMIUM]","[PREMIUM]",true,false,"['Limited or Obstructed View (printed on ticket)']","2026-09-14 18:54:50"
"14035894371","2026-09-14 23:51:58.358","2026-09-14 23:52:32.949","14035894371","160425251","[PREMIUM]","[PREMIUM]","VIP247","2","_",,,2,"[2]",5057,"VIP Plaza Level",10,"Mobile Transfer ticket",1,"[PREMIUM]","[PREMIUM]","[PREMIUM]","[PREMIUM]",true,false,"['Second Row of Section','Clear view']","2026-09-14 04:58:17"
"14035894859","2026-09-14 23:51:58.358","2026-09-14 23:51:58.358","14035894859","160425251","[PREMIUM]","[PREMIUM]","OWN131","16","_",,,2,"[2]",5052,"Owner",10,"Mobile Transfer ticket",1,"[PREMIUM]","[PREMIUM]","[PREMIUM]","[PREMIUM]",true,false,"['Front Row of Section','Clear view']","2026-09-14 04:58:23"
"14035892207","2026-09-14 23:51:58.358","2026-09-14 23:52:32.949","14035892207","160425251","[PREMIUM]","[PREMIUM]","C107","1","_",,,4,"[2,4]",5049,"Club Lower Level",10,"Mobile Transfer ticket",1,"[PREMIUM]","[PREMIUM]","[PREMIUM]","[PREMIUM]",true,false,"['Front Row of Section','Clear view']","2026-09-14 04:57:54"
"14035894427","2026-09-14 23:51:58.358","2026-09-14 23:52:32.949","14035894427","160425251","[PREMIUM]","[PREMIUM]","VIP218","1","_",,,2,"[2]",5057,"VIP Plaza Level",10,"Mobile Transfer ticket",1,"[PREMIUM]","[PREMIUM]","[PREMIUM]","[PREMIUM]",true,false,"['Front Row of Section','Clear view']","2026-09-14 04:58:18"
"14035893804","2026-09-14 23:51:56.664","2026-09-16 01:43:21.724","14035893804","160425251","[PREMIUM]","[PREMIUM]","C129","1","_",,,2,"[2]",5049,"Club Lower Level",10,"Mobile Transfer ticket",1,"[PREMIUM]","[PREMIUM]","[PREMIUM]","[PREMIUM]",true,false,"['Front Row of Section','Clear view']","2026-09-14 04:58:11"
"14035892190","2026-09-14 23:51:56.664","2026-09-14 23:51:56.664","14035892190","160425251","[PREMIUM]","[PREMIUM]","C108","1","_",,,4,"[2,4]",5049,"Club Lower Level",10,"Mobile Transfer ticket",1,"[PREMIUM]","[PREMIUM]","[PREMIUM]","[PREMIUM]",true,false,"['Front Row of Section','Clear view']","2026-09-14 04:57:54"
"14035894418","2026-09-14 23:51:56.664","2026-09-14 23:51:56.664","14035894418","160425251","[PREMIUM]","[PREMIUM]","VIP218","7","_",,,2,"[2]",5057,"VIP Plaza Level",10,"Mobile Transfer ticket",1,"[PREMIUM]","[PREMIUM]","[PREMIUM]","[PREMIUM]",true,false,"['Clear view']","2026-09-14 04:58:18"
"13795400903","2026-09-14 23:51:56.337","2026-09-26 05:10:31.282","13795400903","160425251","[PREMIUM]","[PREMIUM]","C114","17","_",,,2,"[1,2]",5049,"Club Lower Level",10,"Mobile Transfer ticket",1,"[PREMIUM]","[PREMIUM]","[PREMIUM]","[PREMIUM]",true,false,"['Clear view']","2026-08-24 21:05:01"
"13996619953","2026-09-14 23:51:56.337","2026-09-18 02:02:19.433","13996619953","160425251","[PREMIUM]","[PREMIUM]","VIP245","1","_",,,2,"[2]",5057,"VIP Plaza Level",10,"Mobile Transfer ticket",1,"[PREMIUM]","[PREMIUM]","[PREMIUM]","[PREMIUM]",true,false,"['Front Row of Section','Clear view']","2026-09-10 20:28:01"
"13796002876","2026-09-14 23:51:55.433","2026-09-27 05:11:41.689","13796002876","160425251","[PREMIUM]","[PREMIUM]","C135","19","_",,,2,"[1,2]",5049,"Club Lower Level",10,"Mobile Transfer ticket",1,"[PREMIUM]","[PREMIUM]","[PREMIUM]","[PREMIUM]",true,false,"['Clear view']","2026-08-24 21:40:52"
"13795951866","2026-09-14 23:51:55.433","2026-09-27 05:11:41.689","13795951866","160425251","[PREMIUM]","[PREMIUM]","C128","19","_",,,2,"[1,2]",5049,"Club Lower Level",10,"Mobile Transfer ticket",1,"[PREMIUM]","[PREMIUM]","[PREMIUM]","[PREMIUM]",true,false,"['Clear view']","2026-08-24 21:38:43"
"13795736172","2026-09-14 23:51:55.433","2026-09-27 05:11:41.689","13795736172","160425251","[PREMIUM]","[PREMIUM]","C108","19","_",,,2,"[1,2]",5049,"Club Lower Level",10,"Mobile Transfer ticket",1,"[PREMIUM]","[PREMIUM]","[PREMIUM]","[PREMIUM]",true,false,"['Clear view']","2026-08-24 21:26:38"
"14035894851","2026-09-14 23:51:55.433","2026-09-18 02:02:15.197","14035894851","160425251","[PREMIUM]","[PREMIUM]","OWN132","16","_",,,4,"[2,4]",5052,"Owner",10,"Mobile Transfer ticket",1,"[PREMIUM]","[PREMIUM]","[PREMIUM]","[PREMIUM]",true,false,"['Front Row of Section','Clear view']","2026-09-14 04:58:23"
"14035894671","2026-09-14 23:51:55.433","2026-09-18 02:02:15.197","14035894671","160425251","[PREMIUM]","[PREMIUM]","VIP132","3","_",,,2,"[2]",5056,"VIP Lower Level",10,"Mobile Transfer ticket",1,"[PREMIUM]","[PREMIUM]","[PREMIUM]","[PREMIUM]",true,false,"['Third Row of Section','Clear view']","2026-09-14 04:58:22"
"14035894403","2026-09-14 23:51:50.622","2026-09-18 02:02:19.433","14035894403","160425251","[PREMIUM]","[PREMIUM]","VIP246","1","_",,,2,"[2]",5057,"VIP Plaza Level",10,"Mobile Transfer ticket",1,"[PREMIUM]","[PREMIUM]","[PREMIUM]","[PREMIUM]",true,false,"['Front Row of Section','Clear view']","2026-09-14 04:58:18"
"14035894730","2026-09-14 23:51:50.266","2026-09-18 02:01:56.328","14035894730","160425251","[PREMIUM]","[PREMIUM]","VIP131","1","_",,,2,"[2]",5056,"VIP Lower Level",10,"Mobile Transfer ticket",1,"[PREMIUM]","[PREMIUM]","[PREMIUM]","[PREMIUM]",true,false,"['Front Row of Section','Clear view']","2026-09-14 04:58:23"
"14035894668","2026-09-14 23:51:50.266","2026-09-14 23:51:50.266","14035894668","160425251","[PREMIUM]","[PREMIUM]","VIP132","2","_",,,2,"[2]",5056,"VIP Lower Level",10,"Mobile Transfer ticket",1,"[PREMIUM]","[PREMIUM]","[PREMIUM]","[PREMIUM]",true,false,"['Second Row of Section','Clear view']","2026-09-14 04:58:22"
"14033439598","2026-09-14 23:51:45.363","2026-09-27 22:54:29.639","14033439598","160425251","[PREMIUM]","[PREMIUM]","C113","7","_",,,2,"[2]",5049,"Club Lower Level",10,"Mobile Transfer ticket",1,"[PREMIUM]","[PREMIUM]","[PREMIUM]","[PREMIUM]",true,false,"['Clear view']","2026-09-13 22:51:11"
"14035894385","2026-09-14 23:51:44.900","2026-09-14 23:51:44.900","14035894385","160425251","[PREMIUM]","[PREMIUM]","VIP246","3","_",,,2,"[2]",5057,"VIP Plaza Level",10,"Mobile Transfer ticket",1,"[PREMIUM]","[PREMIUM]","[PREMIUM]","[PREMIUM]",true,false,"['Third Row of Section','Clear view']","2026-09-14 04:58:17"
"14035893449","2026-09-14 23:51:44.900","2026-09-14 23:51:44.900","14035893449","160425251","[PREMIUM]","[PREMIUM]","C216","1","_",,,2,"[2]",5050,"Club Plaza Level",10,"Mobile Transfer ticket",1,"[PREMIUM]","[PREMIUM]","[PREMIUM]","[PREMIUM]",true,false,"['Front Row of Section','Clear view']","2026-09-14 04:58:06"
"14040652658","2026-09-14 23:51:44.900","2026-09-18 02:01:51.763","14040652658","160425251","[PREMIUM]","[PREMIUM]","103","1","_",,,2,"[2]",1687,"Lower Level",10,"Mobile Transfer ticket",1,"[PREMIUM]","[PREMIUM]","[PREMIUM]","[PREMIUM]",true,false,"['Padded Seats','Front Row of Section','Clear view']","2026-09-14 17:02:30"
"14035894407","2026-09-14 23:51:44.524","2026-09-16 01:43:21.305","14035894407","160425251","[PREMIUM]","[PREMIUM]","VIP219","3","_",,,2,"[2]",5057,"VIP Plaza Level",10,"Mobile Transfer ticket",1,"[PREMIUM]","[PREMIUM]","[PREMIUM]","[PREMIUM]",true,false,"['Third Row of Section','Clear view']","2026-09-14 04:58:18"
"14035893611","2026-09-14 23:51:44.524","2026-09-18 02:01:51.763","14035893611","160425251","[PREMIUM]","[PREMIUM]","C130","4","_",,,2,"[2]",5049,"Club Lower Level",10,"Mobile Transfer ticket",1,"[PREMIUM]","[PREMIUM]","[PREMIUM]","[PREMIUM]",true,false,"['Front Row of Section','Clear view']","2026-09-14 04:58:07"
"14035892183","2026-09-14 23:51:44.524","2026-09-18 02:01:51.763","14035892183","160425251","[PREMIUM]","[PREMIUM]","C108","2","_",,,2,"[2]",5049,"Club Lower Level",10,"Mobile Transfer ticket",1,"[PREMIUM]","[PREMIUM]","[PREMIUM]","[PREMIUM]",true,false,"['Second Row of Section','Clear view']","2026-09-14 04:57:54"
"14035893677","2026-09-14 23:51:44.179","2026-09-14 23:51:44.179","14035893677","160425251","[PREMIUM]","[PREMIUM]","C129","2","_",,,2,"[2]",5049,"Club Lower Level",10,"Mobile Transfer ticket",1,"[PREMIUM]","[PREMIUM]","[PREMIUM]","[PREMIUM]",true,false,"['Second Row of Section','Clear view']","2026-09-14 04:58:07"
"14041081495","2026-09-14 23:51:42.790","2026-09-20 01:58:18.824","14041081495","160427052","[PREMIUM]","[PREMIUM]","214","10","1_2","1","2",2,"[2]",3831,"Terrace Corner",10,"Mobile Transfer ticket",1,"[PREMIUM]","[PREMIUM]","[PREMIUM]","[PREMIUM]",true,false,"['Clear view']","2026-09-14 17:50:56"
"14043668463","2026-09-14 23:51:42.562","2026-09-14 23:55:05.223","14043668463","160427052","[PREMIUM]","[PREMIUM]","225","14","14_18","14","18",5,"[1,2,3,5]",7046,"Terrace Sideline",10,"Mobile Transfer ticket",1,"[PREMIUM]","[PREMIUM]","[PREMIUM]","[PREMIUM]",true,false,"['Limited or Obstructed View (printed on ticket)']","2026-09-14 22:50:37"
"14034415579","2026-09-14 23:51:42.229","2026-09-14 23:54:02.948","14034415579","160427052","[PREMIUM]","[PREMIUM]","217","15","21_24","21","24",4,"[1,2,4]",3831,"Terrace Corner",10,"Mobile Transfer ticket",1,"[PREMIUM]","[PREMIUM]","[PREMIUM]","[PREMIUM]",true,false,"['Limited or Obstructed View (printed on ticket)']","2026-09-14 01:09:56"
"14035893502","2026-09-14 23:51:41.906","2026-09-18 02:01:51.419","14035893502","160425251","[PREMIUM]","[PREMIUM]","C135","4","_",,,2,"[2]",5049,"Club Lower Level",10,"Mobile Transfer ticket",1,"[PREMIUM]","[PREMIUM]","[PREMIUM]","[PREMIUM]",true,false,"['Clear view']","2026-09-14 04:58:06"
"14040652645","2026-09-14 23:51:41.906","2026-09-16 01:43:20.522","14040652645","160425251","[PREMIUM]","[PREMIUM]","C215","1","_",,,2,"[2]",5050,"Club Plaza Level",10,"Mobile Transfer ticket",1,"[PREMIUM]","[PREMIUM]","[PREMIUM]","[PREMIUM]",true,false,"['Padded Seats','Front Row of Section','Clear view']","2026-09-14 17:02:30"
"14043668474","2026-09-14 23:51:41.820","2026-09-14 23:54:02.948","14043668474","160427052","[PREMIUM]","[PREMIUM]","217","16","1_7","1","7",7,"[1,2,3,4,5,7]",3831,"Terrace Corner",10,"Mobile Transfer ticket",1,"[PREMIUM]","[PREMIUM]","[PREMIUM]","[PREMIUM]",true,false,"['Limited or Obstructed View (printed on ticket)']","2026-09-14 22:50:37"
"14043668465","2026-09-14 23:51:41.820","2026-09-14 23:54:11.334","14043668465","160427052","[PREMIUM]","[PREMIUM]","225","15","5_12","5","12",8,"[1,2,3,4,5,6,8]",7046,"Terrace Sideline",10,"Mobile Transfer ticket",1,"[PREMIUM]","[PREMIUM]","[PREMIUM]","[PREMIUM]",true,false,"['Limited or Obstructed View (printed on ticket)']","2026-09-14 22:50:37"
"14034629847","2026-09-14 23:51:41.520","2026-09-14 23:54:11.334","14034629847","160427052","[PREMIUM]","[PREMIUM]","217","17","23_24","23","24",2,"[2]",3831,"Terrace Corner",10,"Mobile Transfer ticket",1,"[PREMIUM]","[PREMIUM]","[PREMIUM]","[PREMIUM]",true,false,"['Limited or Obstructed View (printed on ticket)']","2026-09-14 01:41:09"
"14042693850","2026-09-14 23:51:41.520","2026-09-14 23:51:41.520","14042693850","160427052","[PREMIUM]","[PREMIUM]","219","18","1_6","1","6",6,"[1,2,3,4,6]",7046,"Terrace Sideline",10,"Mobile Transfer ticket",1,"[PREMIUM]","[PREMIUM]","[PREMIUM]","[PREMIUM]",true,false,"['Limited or Obstructed View (printed on ticket)']","2026-09-14 20:54:49"
"14042848188","2026-09-14 23:51:41.520","2026-09-14 23:54:02.543","14042848188","160427052","[PREMIUM]","[PREMIUM]","226","19","17_18","17","18",2,"[2]",3831,"Terrace Corner",10,"Mobile Transfer ticket",1,"[PREMIUM]","[PREMIUM]","[PREMIUM]","[PREMIUM]",true,false,"['Limited or Obstructed View (printed on ticket)']","2026-09-14 21:15:06"
"14040903275","2026-09-14 23:51:41.232","2026-09-14 23:54:02.543","14040903275","160427052","[PREMIUM]","[PREMIUM]","227","15","1_7","1","7",7,"[1,2,3,4,5,7]",3831,"Terrace Corner",10,"Mobile Transfer ticket",1,"[PREMIUM]","[PREMIUM]","[PREMIUM]","[PREMIUM]",true,false,"['Limited or Obstructed View (printed on ticket)']","2026-09-14 17:30:44"
"14042194069","2026-09-14 23:51:41.232","2026-09-14 23:51:41.232","14042194069","160427052","[PREMIUM]","[PREMIUM]","217","22","5_8","5","8",4,"[1,2,4]",3831,"Terrace Corner",10,"Mobile Transfer ticket",1,"[PREMIUM]","[PREMIUM]","[PREMIUM]","[PREMIUM]",true,false,"['Limited or Obstructed View (printed on ticket)']","2026-09-14 19:55:19"
"14033609198","2026-09-14 23:51:41.053","2026-09-14 23:54:02.067","14033609198","160427052","[PREMIUM]","[PREMIUM]","217","18","23_24","23","24",2,"[2]",3831,"Terrace Corner",10,"Mobile Transfer ticket",1,"[PREMIUM]","[PREMIUM]","[PREMIUM]","[PREMIUM]",true,false,"['Limited or Obstructed View (printed on ticket)']","2026-09-13 23:10:08"
"14041249139","2026-09-14 23:51:40.918","2026-09-14 23:51:40.918","14041249139","160427052","[PREMIUM]","[PREMIUM]","225","19","1_2","1","2",2,"[2]",7046,"Terrace Sideline",10,"Mobile Transfer ticket",1,"[PREMIUM]","[PREMIUM]","[PREMIUM]","[PREMIUM]",true,false,"['Limited or Obstructed View (printed on ticket)']","2026-09-14 18:13:32"
"14041438557","2026-09-14 23:51:40.918","2026-09-14 23:54:02.067","14041438557","160427052","[PREMIUM]","[PREMIUM]","216","14","5_6","5","6",2,"[2]",3831,"Terrace Corner",10,"Mobile Transfer ticket",1,"[PREMIUM]","[PREMIUM]","[PREMIUM]","[PREMIUM]",true,false,"['Limited or Obstructed View (printed on ticket)']","2026-09-14 18:33:56"
"14043075943","2026-09-14 23:51:40.918","2026-09-16 01:39:32.610","14043075943","160427052","[PREMIUM]","[PREMIUM]","224","20","23_24","23","24",2,"[2]",7046,"Terrace Sideline",10,"Mobile Transfer ticket",1,"[PREMIUM]","[PREMIUM]","[PREMIUM]","[PREMIUM]",true,false,"['Limited or Obstructed View (printed on ticket)']","2026-09-14 21:46:52"
"14040782753","2026-09-14 23:51:40.724","2026-09-14 23:54:53.361","14040782753","160427052","[PREMIUM]","[PREMIUM]","419","2","_",,,2,"[2]",2443,"Upper Corner",10,"Mobile Transfer ticket",1,"[PREMIUM]","[PREMIUM]","[PREMIUM]","[PREMIUM]",true,false,"['Second Row of Section','Clear view']","2026-09-14 17:15:14"
"14043270621","2026-09-14 23:51:38.605","2026-09-16 01:43:22.334","14043270621","160418150","[PREMIUM]","[PREMIUM]","117","N","_",,,2,"[2]",594,"Lower",10,"Mobile Transfer ticket",1,"[PREMIUM]","[PREMIUM]","[PREMIUM]","[PREMIUM]",true,false,"['Second Row of Section','Clear view']","2026-09-14 22:08:59"
"14038419639","2026-09-14 23:51:35.915","2026-09-14 23:53:59.843","14038419639","160427052","[PREMIUM]","[PREMIUM]","213","21","17_23","17","23",7,"[1,2,3,4,5,7]",3831,"Terrace Corner",10,"Mobile Transfer ticket",1,"[PREMIUM]","[PREMIUM]","[PREMIUM]","[PREMIUM]",true,false,"['Limited or Obstructed View (printed on ticket)']","2026-09-14 12:27:09"
"14043108264","2026-09-14 23:51:35.915","2026-09-14 23:53:59.843","14043108264","160427052","[PREMIUM]","[PREMIUM]","213","19","13_20","13","20",8,"[1,2,3,4,5,6,8]",3831,"Terrace Corner",10,"Mobile Transfer ticket",1,"[PREMIUM]","[PREMIUM]","[PREMIUM]","[PREMIUM]",true,false,"['Limited or Obstructed View (printed on ticket)']","2026-09-14 21:51:22"
"14043668618","2026-09-14 23:51:35.589","2026-09-17 01:23:23.881","14043668618","160427052","[PREMIUM]","[PREMIUM]","230","17","3_6","3","6",4,"[1,2,4]",3831,"Terrace Corner",10,"Mobile Transfer ticket",1,"[PREMIUM]","[PREMIUM]","[PREMIUM]","[PREMIUM]",true,false,"['Limited or Obstructed View (printed on ticket)']","2026-09-14 22:50:38"
"14043949769","2026-09-14 23:51:35.589","2026-09-14 23:53:50.055","14043949769","160427052","[PREMIUM]","[PREMIUM]","228","17","23_30","23","30",8,"[1,2,3,4,5,6,8]",3831,"Terrace Corner",10,"Mobile Transfer ticket",1,"[PREMIUM]","[PREMIUM]","[PREMIUM]","[PREMIUM]",true,false,"['Limited or Obstructed View (printed on ticket)']","2026-09-14 23:28:33"
"14042848081","2026-09-14 23:51:35.232","2026-09-14 23:53:16.987","14042848081","160427052","[PREMIUM]","[PREMIUM]","230","18","8_11","8","11",4,"[1,2,4]",3831,"Terrace Corner",10,"Mobile Transfer ticket",1,"[PREMIUM]","[PREMIUM]","[PREMIUM]","[PREMIUM]",true,false,"['Limited or Obstructed View (printed on ticket)']","2026-09-14 21:15:05"
"14043108269","2026-09-14 23:51:34.814","2026-09-14 23:51:34.814","14043108269","160427052","[PREMIUM]","[PREMIUM]","215","17","13_18","13","18",6,"[1,2,3,4,6]",3831,"Terrace Corner",10,"Mobile Transfer ticket",1,"[PREMIUM]","[PREMIUM]","[PREMIUM]","[PREMIUM]",true,false,"['Limited or Obstructed View (printed on ticket)']","2026-09-14 21:51:22"
"14043108263","2026-09-14 23:51:34.814","2026-09-14 23:51:34.814","14043108263","160427052","[PREMIUM]","[PREMIUM]","230","21","16_21","16","21",6,"[1,2,3,4,6]",3831,"Terrace Corner",10,"Mobile Transfer ticket",1,"[PREMIUM]","[PREMIUM]","[PREMIUM]","[PREMIUM]",true,false,"['Limited or Obstructed View (printed on ticket)']","2026-09-14 21:51:22"
"14041249153","2026-09-14 23:51:34.485","2026-09-16 01:39:25.787","14041249153","160427052","[PREMIUM]","[PREMIUM]","214","20","25_26","25","26",2,"[2]",3831,"Terrace Corner",10,"Mobile Transfer ticket",1,"[PREMIUM]","[PREMIUM]","[PREMIUM]","[PREMIUM]",true,false,"['Limited or Obstructed View (printed on ticket)']","2026-09-14 18:13:32"
"14042467361","2026-09-14 23:51:34.485","2026-09-14 23:51:34.485","14042467361","160427052","[PREMIUM]","[PREMIUM]","214","19","15_20","15","20",6,"[1,2,3,4,6]",3831,"Terrace Corner",10,"Mobile Transfer ticket",1,"[PREMIUM]","[PREMIUM]","[PREMIUM]","[PREMIUM]",true,false,"['Limited or Obstructed View (printed on ticket)']","2026-09-14 20:26:41"
"14043284836","2026-09-14 23:51:34.485","2026-09-14 23:51:34.485","14043284836","160427052","[PREMIUM]","[PREMIUM]","214","18","25_30","25","30",6,"[1,2,3,4,6]",3831,"Terrace Corner",10,"Mobile Transfer ticket",1,"[PREMIUM]","[PREMIUM]","[PREMIUM]","[PREMIUM]",true,false,"['Limited or Obstructed View (printed on ticket)']","2026-09-14 22:10:51"
"14043108272","2026-09-14 23:51:34.485","2026-09-14 23:51:34.485","14043108272","160427052","[PREMIUM]","[PREMIUM]","214","21","11_16","11","16",6,"[1,2,3,4,6]",3831,"Terrace Corner",10,"Mobile Transfer ticket",1,"[PREMIUM]","[PREMIUM]","[PREMIUM]","[PREMIUM]",true,false,"['Limited or Obstructed View (printed on ticket)']","2026-09-14 21:51:22"
"14043108262","2026-09-14 23:51:34.485","2026-09-16 01:39:25.787","14043108262","160427052","[PREMIUM]","[PREMIUM]","227","18","9_16","9","16",8,"[1,2,3,4,5,6,8]",3831,"Terrace Corner",10,"Mobile Transfer ticket",1,"[PREMIUM]","[PREMIUM]","[PREMIUM]","[PREMIUM]",true,false,"['Limited or Obstructed View (printed on ticket)']","2026-09-14 21:51:22"
"14043075945","2026-09-14 23:51:34.485","2026-09-14 23:51:34.485","14043075945","160427052","[PREMIUM]","[PREMIUM]","214","23","24_31","24","31",8,"[1,2,3,4,5,6,8]",3831,"Terrace Corner",10,"Mobile Transfer ticket",1,"[PREMIUM]","[PREMIUM]","[PREMIUM]","[PREMIUM]",true,false,"['Limited or Obstructed View (printed on ticket)']","2026-09-14 21:46:53"
"14042549803","2026-09-14 23:51:34.148","2026-09-14 23:53:06.135","14042549803","160427052","[PREMIUM]","[PREMIUM]","215","18","31_32","31","32",2,"[2]",3831,"Terrace Corner",10,"Mobile Transfer ticket",1,"[PREMIUM]","[PREMIUM]","[PREMIUM]","[PREMIUM]",true,false,"['Limited or Obstructed View (printed on ticket)']","2026-09-14 20:35:19"
"14043108274","2026-09-14 23:51:34.148","2026-09-14 23:53:06.135","14043108274","160427052","[PREMIUM]","[PREMIUM]","215","21","3_10","3","10",8,"[1,2,3,4,5,6,8]",3831,"Terrace Corner",10,"Mobile Transfer ticket",1,"[PREMIUM]","[PREMIUM]","[PREMIUM]","[PREMIUM]",true,false,"['Limited or Obstructed View (printed on ticket)']","2026-09-14 21:51:22"
"14043108266","2026-09-14 23:51:34.148","2026-09-14 23:53:06.135","14043108266","160427052","[PREMIUM]","[PREMIUM]","215","23","47_50","47","50",4,"[1,2,4]",3831,"Terrace Corner",10,"Mobile Transfer ticket",1,"[PREMIUM]","[PREMIUM]","[PREMIUM]","[PREMIUM]",true,false,"['Limited or Obstructed View (printed on ticket)']","2026-09-14 21:51:22"
"14043075722","2026-09-14 23:51:32.789","2026-09-14 23:51:32.789","14043075722","160427052","[PREMIUM]","[PREMIUM]","216","18","25_30","25","30",6,"[1,2,3,4,6]",3831,"Terrace Corner",10,"Mobile Transfer ticket",1,"[PREMIUM]","[PREMIUM]","[PREMIUM]","[PREMIUM]",true,false,"['Limited or Obstructed View (printed on ticket)']","2026-09-14 21:46:32"
"14043075710","2026-09-14 23:51:32.789","2026-09-16 01:39:29.710","14043075710","160427052","[PREMIUM]","[PREMIUM]","216","21","21_26","21","26",6,"[1,2,3,4,6]",3831,"Terrace Corner",10,"Mobile Transfer ticket",1,"[PREMIUM]","[PREMIUM]","[PREMIUM]","[PREMIUM]",true,false,"['Limited or Obstructed View (printed on ticket)']","2026-09-14 21:46:31"
"14041087560","2026-09-14 23:51:32.089","2026-09-16 01:39:28.421","14041087560","160427052","[PREMIUM]","[PREMIUM]","213","23","36_37","36","37",2,"[2]",3831,"Terrace Corner",10,"Mobile Transfer ticket",1,"[PREMIUM]","[PREMIUM]","[PREMIUM]","[PREMIUM]",true,false,"['Limited or Obstructed View (printed on ticket)']","2026-09-14 17:51:47"
"14042848148","2026-09-14 23:51:32.089","2026-09-16 01:39:33.229","14042848148","160427052","[PREMIUM]","[PREMIUM]","228","21","17_20","17","20",4,"[1,2,4]",3831,"Terrace Corner",10,"Mobile Transfer ticket",1,"[PREMIUM]","[PREMIUM]","[PREMIUM]","[PREMIUM]",true,false,"['Limited or Obstructed View (printed on ticket)']","2026-09-14 21:15:06"
"14043285475","2026-09-14 23:51:32.089","2026-09-14 23:51:32.089","14043285475","160427052","[PREMIUM]","[PREMIUM]","216","23","15_22","15","22",8,"[1,2,3,4,5,6,8]",3831,"Terrace Corner",10,"Mobile Transfer ticket",1,"[PREMIUM]","[PREMIUM]","[PREMIUM]","[PREMIUM]",true,false,"['Limited or Obstructed View (printed on ticket)']","2026-09-14 22:10:55"
"14009294709","2026-09-14 23:51:28.638","2026-09-16 01:39:36.417","14009294709","160418150","[PREMIUM]","[PREMIUM]","124","C","9001_9002","9001",,2,"[2]",594,"Lower",10,"Mobile Transfer ticket",13,"[PREMIUM]","[PREMIUM]","[PREMIUM]","[PREMIUM]",true,false,"['Third Row of Section','Clear view']","2026-09-11 19:33:53"
"14035751443","2026-09-14 23:51:28.584","2026-09-21 01:41:14.197","14035751443","160418921","[PREMIUM]","[PREMIUM]","137","A","_",,,2,"[2]",594,"Lower",10,"Mobile Transfer ticket",1,"[PREMIUM]","[PREMIUM]","[PREMIUM]","[PREMIUM]",true,false,"['Front Row of Section','Clear view']","2026-09-14 04:40:12"
"14043767739","2026-09-14 23:51:28.584","2026-09-21 01:41:14.198","14043767739","160418921","[PREMIUM]","[PREMIUM]","310","J","_",,,2,"[2]",1724,"Club",10,"Mobile Transfer ticket",1,"[PREMIUM]","[PREMIUM]","[PREMIUM]","[PREMIUM]",true,false,"['Third Row of Section','Clear view']","2026-09-14 23:05:05"
"14043767779","2026-09-14 23:51:28.584","2026-09-21 01:41:14.198","14043767779","160418921","[PREMIUM]","[PREMIUM]","338","H","_",,,2,"[2]",1724,"Club",10,"Mobile Transfer ticket",1,"[PREMIUM]","[PREMIUM]","[PREMIUM]","[PREMIUM]",true,false,"['Second Row of Section','Clear view']","2026-09-14 23:05:05"
"13927886930","2026-09-14 23:51:28.221","2026-09-17 01:28:24.549","13927886930","160418150","[PREMIUM]","[PREMIUM]","132","AA","7_9","7","9",3,"[1,3]",594,"Lower",10,"Mobile Transfer ticket",1,"[PREMIUM]","[PREMIUM]","[PREMIUM]","[PREMIUM]",true,false,"['Clear view']","2026-09-04 14:33:21"
"14040870317","2026-09-14 23:51:28.170","2026-09-14 23:51:28.170","14040870317","160418150","[PREMIUM]","[PREMIUM]","505","B","_",,,4,"[4]",407,"Upper",10,"Mobile Transfer ticket",1,"[PREMIUM]","[PREMIUM]","[PREMIUM]","[PREMIUM]",true,false,"['Second Row of Section','Clear view']","2026-09-14 17:26:17"
"14042291004","2026-09-14 23:51:27.911","2026-09-14 23:51:30.131","14042291004","160418921","[PREMIUM]","[PREMIUM]","312","G","_",,,2,"[2]",1724,"Club",10,"Mobile Transfer ticket",1,"[PREMIUM]","[PREMIUM]","[PREMIUM]","[PREMIUM]",true,false,"['Front Row of Section','Clear view']","2026-09-14 20:06:12"
"14036204938","2026-09-14 23:51:27.862","2026-09-14 23:51:27.862","14036204938","160418921","[PREMIUM]","[PREMIUM]","118","A","9001_9002","9001",,2,"[2]",594,"Lower",10,"Mobile Transfer ticket",13,"[PREMIUM]","[PREMIUM]","[PREMIUM]","[PREMIUM]",true,false,"['Front Row of Section','Clear view']","2026-09-14 05:48:17"
"14039925608","2026-09-14 23:51:27.862","2026-09-19 01:44:53.542","14039925608","160418921","[PREMIUM]","[PREMIUM]","126","B","10_12","10",,3,"[3]",594,"Lower",10,"Mobile Transfer ticket",1,"[PREMIUM]","[PREMIUM]","[PREMIUM]","[PREMIUM]",true,false,"['Second Row of Section','Clear view']","2026-09-14 15:37:43"
"14011426292","2026-09-14 23:51:27.267","2026-09-17 01:30:41.574","14011426292","160418921","[PREMIUM]","[PREMIUM]","346",,"998974544_998974547","998974544",,2,"[2]",1724,"Club",10,"Mobile Transfer ticket",1,"[PREMIUM]","[PREMIUM]","[PREMIUM]","[PREMIUM]",true,true,"['Clear view']","2026-09-11 22:47:49"
"14031212727","2026-09-14 23:51:27.267","2026-09-26 05:11:01.705","14031212727","160418921","[PREMIUM]","[PREMIUM]","346","J","_",,,2,"[2]",1724,"Club",10,"Mobile Transfer ticket",1,"[PREMIUM]","[PREMIUM]","[PREMIUM]","[PREMIUM]",true,false,"['Clear view']","2026-09-13 18:16:13"
"14040799065","2026-09-14 23:51:27.165","2026-09-14 23:51:27.165","14040799065","160418150","[PREMIUM]","[PREMIUM]","117","R","9001_9002","9001",,2,"[2]",594,"Lower",10,"Mobile Transfer ticket",13,"[PREMIUM]","[PREMIUM]","[PREMIUM]","[PREMIUM]",true,false,"['Clear view']","2026-09-14 17:17:34"
"14037900460","2026-09-14 23:51:27.106","2026-09-14 23:51:27.106","14037900460","160418150","[PREMIUM]","[PREMIUM]","137","CC","1016_1017","1016","1017",2,"[2]",594,"Lower",10,"Mobile Transfer ticket",1,"[PREMIUM]","[PREMIUM]","[PREMIUM]","[PREMIUM]",true,false,"['Clear view']","2026-09-14 11:05:55"
"14037900855","2026-09-14 23:51:27.089","2026-09-14 23:51:27.089","14037900855","160418150","[PREMIUM]","[PREMIUM]","137","AA","1009_1010","1009","1010",2,"[2]",594,"Lower",10,"Mobile Transfer ticket",1,"[PREMIUM]","[PREMIUM]","[PREMIUM]","[PREMIUM]",true,false,"['Clear view']","2026-09-14 11:05:56"
"12887837666","2026-09-14 23:51:26.898","2026-09-27 22:53:30.682","12887837666","160418150","[PREMIUM]","[PREMIUM]","116","H","1_4","1","4",4,"[2,4]",594,"Lower",10,"Mobile Transfer ticket",1,"[PREMIUM]","[PREMIUM]","[PREMIUM]","[PREMIUM]",true,false,"['Clear view']","2026-06-01 04:08:10"
"14041803444","2026-09-14 23:51:26.898","2026-09-14 23:51:26.898","14041803444","160418150","[PREMIUM]","[PREMIUM]","508","A","_",,,2,"[2]",407,"Upper",10,"Mobile Transfer ticket",1,"[PREMIUM]","[PREMIUM]","[PREMIUM]","[PREMIUM]",true,false,"['Front Row of Section','Clear view']","2026-09-14 19:15:26"
"14031687797","2026-09-14 23:51:26.853","2026-09-18 02:04:23.051","14031687797","160418150","[PREMIUM]","[PREMIUM]","534","G","_",,,2,"[2]",407,"Upper",10,"Mobile Transfer ticket",1,"[PREMIUM]","[PREMIUM]","[PREMIUM]","[PREMIUM]",true,false,"['Clear view']","2026-09-13 19:07:28"
"14040038299","2026-09-14 23:51:26.853","2026-09-16 01:41:53.108","14040038299","160418150","[PREMIUM]","[PREMIUM]","106","F","_",,,2,"[2]",594,"Lower",10,"Mobile Transfer ticket",1,"[PREMIUM]","[PREMIUM]","[PREMIUM]","[PREMIUM]",true,false,"['Clear view']","2026-09-14 15:51:02"
"14043705184","2026-09-14 23:51:26.705","2026-09-14 23:51:26.705","14043705184","160418150","[PREMIUM]","[PREMIUM]","123","L","9001_9002","9001",,2,"[2]",594,"Lower",10,"Mobile Transfer ticket",13,"[PREMIUM]","[PREMIUM]","[PREMIUM]","[PREMIUM]",true,false,"['Clear view']","2026-09-14 22:57:00"
"14035752768","2026-09-14 23:51:26.373","2026-09-20 02:00:12.268","14035752768","160418921","[PREMIUM]","[PREMIUM]","355","C","_",,,2,"[2]",507,"Mezzanine",10,"Mobile Transfer ticket",1,"[PREMIUM]","[PREMIUM]","[PREMIUM]","[PREMIUM]",true,false,"['Third Row of Section','Clear view']","2026-09-14 04:40:22"
"14039926039","2026-09-14 23:51:26.224","2026-09-27 22:54:09.476","14039926039","160418921","[PREMIUM]","[PREMIUM]","126","S","17_18","17",,2,"[2]",594,"Lower",10,"Mobile Transfer ticket",1,"[PREMIUM]","[PREMIUM]","[PREMIUM]","[PREMIUM]",true,false,"['Clear view']","2026-09-14 15:37:46"
"13979543048","2026-09-14 23:51:26.151","2026-09-14 23:51:26.151","13979543048","160418921","[PREMIUM]","[PREMIUM]","333","U","3_4","3","4",2,"[2]",1724,"Club",10,"Mobile Transfer ticket",1,"[PREMIUM]","[PREMIUM]","[PREMIUM]","[PREMIUM]",true,false,"['Alcoholic beverages available for purchase','Food and drink delivered to seats','Clear view']","2026-09-09 14:47:03"
"14039928324","2026-09-14 23:51:24.476","2026-09-27 22:54:09.341","14039928324","160418921","[PREMIUM]","[PREMIUM]","105","R","5_8","5",,4,"[2,4]",594,"Lower",10,"Mobile Transfer ticket",1,"[PREMIUM]","[PREMIUM]","[PREMIUM]","[PREMIUM]",true,false,"['Clear view']","2026-09-14 15:37:54"
"14041623492","2026-09-14 23:51:24.241","2026-09-14 23:51:24.241","14041623492","160427239","[PREMIUM]","[PREMIUM]","330","9","_",,,4,"[4]",407,"Upper",10,"Mobile Transfer ticket",1,"[PREMIUM]","[PREMIUM]","[PREMIUM]","[PREMIUM]",true,false,"['Second Row of Section','Clear view']","2026-09-14 18:54:36"
"14041622764","2026-09-14 23:51:24.241","2026-09-14 23:51:24.241","14041622764","160427239","[PREMIUM]","[PREMIUM]","330","8","_",,,2,"[2]",407,"Upper",10,"Mobile Transfer ticket",1,"[PREMIUM]","[PREMIUM]","[PREMIUM]","[PREMIUM]",true,false,"['Front Row of Section','Clear view']","2026-09-14 18:54:32"
"14039082504","2026-09-14 23:51:18.209","2026-09-16 01:39:28.555","14039082504","160418150","[PREMIUM]","[PREMIUM]","523","G","13_13","13",,1,"[1]",407,"Upper",10,"Mobile Transfer ticket",1,"[PREMIUM]","[PREMIUM]","[PREMIUM]","[PREMIUM]",false,false,"['Clear view']","2026-09-14 13:56:14"
"14044068736","2026-09-14 23:51:09.169","2026-09-14 23:51:09.169","14044068736","160418150","[PREMIUM]","[PREMIUM]","524","F","_",,,2,"[2]",407,"Upper",10,"Mobile Transfer ticket",1,"[PREMIUM]","[PREMIUM]","[PREMIUM]","[PREMIUM]",true,false,"['Clear view']","2026-09-14 23:46:38"
"12983870093","2026-09-14 23:51:06.748","2026-09-27 22:52:21.564","12983870093","160418923","[PREMIUM]","[PREMIUM]","118","R","19_20","19","20",2,"[2]",594,"Lower",10,"Mobile Transfer ticket",1,"[PREMIUM]","[PREMIUM]","[PREMIUM]","[PREMIUM]",true,false,"['Clear view']","2026-06-09 22:26:03"
"12900458536","2026-09-14 23:51:04.437","2026-09-27 22:53:05.530","12900458536","160418150","[PREMIUM]","[PREMIUM]","532","Y","_",,,2,"[1,2]",407,"Upper",10,"Mobile Transfer ticket",1,"[PREMIUM]","[PREMIUM]","[PREMIUM]","[PREMIUM]",true,false,"['Clear view']","2026-06-02 04:56:25"
"13734472058","2026-09-14 23:50:54.102","2026-09-20 01:50:22.283","13734472058","160418150","[PREMIUM]","[PREMIUM]","530","KK","_",,,2,"[2]",407,"Upper",10,"Mobile Transfer ticket",1,"[PREMIUM]","[PREMIUM]","[PREMIUM]","[PREMIUM]",true,false,"['Clear view']","2026-08-20 09:04:40"
"13980108669","2026-09-14 23:50:51.530","2026-09-27 22:53:05.322","13980108669","160418150","[PREMIUM]","[PREMIUM]","525","H","15_16","15",,2,"[2]",407,"Upper",10,"Mobile Transfer ticket",1,"[PREMIUM]","[PREMIUM]","[PREMIUM]","[PREMIUM]",true,false,"['Clear view']","2026-09-09 15:57:47"
"14041586055","2026-09-14 23:50:43.422","2026-09-14 23:50:43.422","14041586055","160425251","[PREMIUM]","[PREMIUM]","351","2","_",,,4,"[2,4]",1713,"Middle Level",10,"Mobile Transfer ticket",1,"[PREMIUM]","[PREMIUM]","[PREMIUM]","[PREMIUM]",true,false,"['Second Row of Section','Clear view']","2026-09-14 18:50:33"
"14039926695","2026-09-14 23:50:43.052","2026-09-27 05:11:47.162","14039926695","160418921","[PREMIUM]","[PREMIUM]","125","V","5_6","5",,2,"[2]",594,"Lower",10,"Mobile Transfer ticket",1,"[PREMIUM]","[PREMIUM]","[PREMIUM]","[PREMIUM]",true,false,"['Clear view']","2026-09-14 15:37:48"
"14035887697","2026-09-14 23:50:42.945","2026-09-17 01:24:00.810","14035887697","160425251","[PREMIUM]","[PREMIUM]","341","2","_",,,2,"[2]",1713,"Middle Level",10,"Mobile Transfer ticket",1,"[PREMIUM]","[PREMIUM]","[PREMIUM]","[PREMIUM]",true,false,"['Second Row of Section','Clear view']","2026-09-14 04:57:10"
"14039926605","2026-09-14 23:50:42.584","2026-09-21 01:40:39.212","14039926605","160418921","[PREMIUM]","[PREMIUM]","125","R","1_4","1",,4,"[2,4]",594,"Lower",10,"Mobile Transfer ticket",1,"[PREMIUM]","[PREMIUM]","[PREMIUM]","[PREMIUM]",true,false,"['Clear view']","2026-09-14 15:37:48"
"13265053350","2026-09-14 23:50:41.669","2026-09-21 01:40:40.666","13265053350","160418921","[PREMIUM]","[PREMIUM]","127","JJ","_",,,4,"[2,4]",594,"Lower",10,"Mobile Transfer ticket",1,"[PREMIUM]","[PREMIUM]","[PREMIUM]","[PREMIUM]",true,false,"['Clear view']","2026-07-06 19:36:02"
"14035886420","2026-09-14 23:50:41.294","2026-09-16 01:43:24.561","14035886420","160425251","[PREMIUM]","[PREMIUM]","325","6","_",,,4,"[4]",1713,"Middle Level",10,"Mobile Transfer ticket",1,"[PREMIUM]","[PREMIUM]","[PREMIUM]","[PREMIUM]",true,false,"['Clear view']","2026-09-14 04:56:58"
"14037945637","2026-09-14 23:50:41.003","2026-09-14 23:51:10.984","14037945637","160418921","[PREMIUM]","[PREMIUM]","104","Y","_",,,4,"[2,4]",594,"Lower",10,"Mobile Transfer ticket",1,"[PREMIUM]","[PREMIUM]","[PREMIUM]","[PREMIUM]",true,false,"['Clear view']","2026-09-14 11:10:17"
"14041249974","2026-09-14 23:50:39.278","2026-09-24 02:15:32.431","14041249974","160418150","[PREMIUM]","[PREMIUM]","103","P","2_2","2",,1,"[1]",594,"Lower",10,"Mobile Transfer ticket",1,"[PREMIUM]","[PREMIUM]","[PREMIUM]","[PREMIUM]",false,false,"['Clear view']","2026-09-14 18:13:39"
"14039925875","2026-09-14 23:50:38.013","2026-09-27 22:54:01.224","14039925875","160418921","[PREMIUM]","[PREMIUM]","124","T","9_10","9",,2,"[2]",594,"Lower",10,"Mobile Transfer ticket",1,"[PREMIUM]","[PREMIUM]","[PREMIUM]","[PREMIUM]",true,false,"['Clear view']","2026-09-14 15:37:45"
"14041322271","2026-09-14 23:50:37.098","2026-09-18 02:01:51.646","14041322271","160425251","[PREMIUM]","[PREMIUM]","C242","4","_",,,2,"[2]",5050,"Club Plaza Level",10,"Mobile Transfer ticket",1,"[PREMIUM]","[PREMIUM]","[PREMIUM]","[PREMIUM]",true,false,"['Clear view']","2026-09-14 18:21:38"
"13815268385","2026-09-14 23:50:29.331","2026-09-24 02:19:47.173","13815268385","160418921","[PREMIUM]","[PREMIUM]","322","B","9001_9004","9001",,4,"[4]",507,"Mezzanine",10,"Mobile Transfer ticket",13,"[PREMIUM]","[PREMIUM]","[PREMIUM]","[PREMIUM]",true,false,"['Second Row of Section','Clear view']","2026-08-26 07:09:54"
"14039929428","2026-09-14 23:50:29.326","2026-09-27 22:53:32.752","14039929428","160418921","[PREMIUM]","[PREMIUM]","137","H","5_6","5",,2,"[2]",594,"Lower",10,"Mobile Transfer ticket",1,"[PREMIUM]","[PREMIUM]","[PREMIUM]","[PREMIUM]",true,false,"['Clear view']","2026-09-14 15:38:00"
"14039927559","2026-09-14 23:50:28.008","2026-09-20 01:59:06.115","14039927559","160418921","[PREMIUM]","[PREMIUM]","139","F","13_14","13",,2,"[2]",594,"Lower",10,"Mobile Transfer ticket",1,"[PREMIUM]","[PREMIUM]","[PREMIUM]","[PREMIUM]",true,false,"['Clear view']","2026-09-14 15:37:50"
"14040655079","2026-09-14 23:50:27.305","2026-09-14 23:50:27.305","14040655079","160425251","[PREMIUM]","[PREMIUM]","C128","1","_",,,2,"[2]",5049,"Club Lower Level",10,"Mobile Transfer ticket",1,"[PREMIUM]","[PREMIUM]","[PREMIUM]","[PREMIUM]",true,false,"['Padded Seats','Front Row of Section','Clear view']","2026-09-14 17:02:45"
"14035894112","2026-09-14 23:50:27.090","2026-09-16 01:43:19.593","14035894112","160425251","[PREMIUM]","[PREMIUM]","C114","8","_",,,2,"[2]",5049,"Club Lower Level",10,"Mobile Transfer ticket",1,"[PREMIUM]","[PREMIUM]","[PREMIUM]","[PREMIUM]",true,false,"['Clear view']","2026-09-14 04:58:16"
"14041108106","2026-09-14 23:50:26.727","2026-09-17 01:23:36.550","14041108106","160425251","[PREMIUM]","[PREMIUM]","C222","15","_",,,2,"[2]",5050,"Club Plaza Level",10,"Mobile Transfer ticket",1,"[PREMIUM]","[PREMIUM]","[PREMIUM]","[PREMIUM]",true,false,"['Clear view']","2026-09-14 17:53:48"
"14035893436","2026-09-14 23:50:26.586","2026-09-14 23:50:26.586","14035893436","160425251","[PREMIUM]","[PREMIUM]","C217","2","_",,,2,"[2]",5050,"Club Plaza Level",10,"Mobile Transfer ticket",1,"[PREMIUM]","[PREMIUM]","[PREMIUM]","[PREMIUM]",true,false,"['Second Row of Section','Clear view']","2026-09-14 04:58:06"
"14039930906","2026-09-14 23:50:26.372","2026-09-26 22:58:06.186","14039930906","160418923","[PREMIUM]","[PREMIUM]","607","B","11_12","11",,2,"[2]",407,"Upper",10,"Mobile Transfer ticket",1,"[PREMIUM]","[PREMIUM]","[PREMIUM]","[PREMIUM]",true,false,"['Second Row of Section','Clear view']","2026-09-14 15:38:20"
"14042541412","2026-09-14 23:50:25.351","2026-09-14 23:50:25.351","14042541412","160427239","[PREMIUM]","[PREMIUM]","342","24","31660199_31660200","31660199",,2,"[2]",407,"Upper",10,"Mobile Transfer ticket",1,"[PREMIUM]","[PREMIUM]","[PREMIUM]","[PREMIUM]",true,false,"['Clear view']","2026-09-14 20:34:26"
"12698216523","2026-09-14 23:50:25.018","2026-09-21 01:40:39.602","12698216523","160418921","[PREMIUM]","[PREMIUM]","111","Q","5_6","5",,2,"[2]",594,"Lower",10,"Mobile Transfer ticket",1,"[PREMIUM]","[PREMIUM]","[PREMIUM]","[PREMIUM]",true,false,"['Clear view']","2026-05-15 13:43:10"
"13970845090","2026-09-14 23:50:25.018","2026-09-14 23:50:29.695","13970845090","160418921","[PREMIUM]","[PREMIUM]","120","M","7_8","7","8",2,"[2]",594,"Lower",10,"Mobile Transfer ticket",1,"[PREMIUM]","[PREMIUM]","[PREMIUM]","[PREMIUM]",true,false,"['Clear view']","2026-09-08 21:34:17"
"13759968559","2026-09-14 23:50:24.332","2026-09-22 01:30:06.404","13759968559","160418921","[PREMIUM]","[PREMIUM]","123","AA","22_23","22","23",2,"[2]",594,"Lower",10,"Mobile Transfer ticket",1,"[PREMIUM]","[PREMIUM]","[PREMIUM]","[PREMIUM]",true,false,"['Clear view']","2026-08-21 20:58:34"
"14011101162","2026-09-14 23:50:23.179","2026-09-20 01:55:01.350","14011101162","160425251","[PREMIUM]","[PREMIUM]","C133",,"998929746_998929749","998929746",,2,"[2]",5049,"Club Lower Level",10,"Mobile Transfer ticket",1,"[PREMIUM]","[PREMIUM]","[PREMIUM]","[PREMIUM]",true,true,"['Clear view']","2026-09-11 22:21:02"
"14035882442","2026-09-14 23:50:22.498","2026-09-18 02:02:15.000","14035882442","160425251","[PREMIUM]","[PREMIUM]","123","8","_",,,2,"[2]",1687,"Lower Level",10,"Mobile Transfer ticket",1,"[PREMIUM]","[PREMIUM]","[PREMIUM]","[PREMIUM]",true,false,"['Clear view']","2026-09-14 04:56:19"
"14040661190","2026-09-14 23:50:14.410","2026-09-18 02:01:52.120","14040661190","160425251","[PREMIUM]","[PREMIUM]","213","4","_",,,2,"[2]",4325,"Plaza Level",10,"Mobile Transfer ticket",1,"[PREMIUM]","[PREMIUM]","[PREMIUM]","[PREMIUM]",true,false,"['Clear view']","2026-09-14 17:03:51"
"14042716164","2026-09-14 23:50:14.245","2026-09-27 22:52:16.105","14042716164","160418923","[PREMIUM]","[PREMIUM]","320","D","5_6","5","6",2,"[2]",507,"Mezzanine",10,"Mobile Transfer ticket",1,"[PREMIUM]","[PREMIUM]","[PREMIUM]","[PREMIUM]",true,false,"['Clear view']","2026-09-14 20:57:03"
"14035885199","2026-09-14 23:50:13.608","2026-09-18 02:01:41.364","14035885199","160425251","[PREMIUM]","[PREMIUM]","226","3","_",,,2,"[2]",4325,"Plaza Level",10,"Mobile Transfer ticket",1,"[PREMIUM]","[PREMIUM]","[PREMIUM]","[PREMIUM]",true,false,"['Third Row of Section','Clear view']","2026-09-14 04:56:44"
"12863195575","2026-09-14 23:50:07.662","2026-09-27 22:54:05.397","12863195575","160425251","[PREMIUM]","[PREMIUM]","238","2","13_14","13",,2,"[2]",4325,"Plaza Level",10,"Mobile Transfer ticket",1,"[PREMIUM]","[PREMIUM]","[PREMIUM]","[PREMIUM]",true,false,"['Second Row of Section','Clear view']","2026-05-29 19:31:35"
"14040661789","2026-09-14 23:50:07.662","2026-09-17 01:23:32.615","14040661789","160425251","[PREMIUM]","[PREMIUM]","327","2","_",,,2,"[2]",1713,"Middle Level",10,"Mobile Transfer ticket",1,"[PREMIUM]","[PREMIUM]","[PREMIUM]","[PREMIUM]",true,false,"['Second Row of Section','Clear view']","2026-09-14 17:03:56"
"14000075926","2026-09-14 23:50:06.123","2026-09-27 05:11:36.736","14000075926","160425251","[PREMIUM]","[PREMIUM]","C137","11","660_661","660",,2,"[2]",5049,"Club Lower Level",10,"Mobile Transfer ticket",1,"[PREMIUM]","[PREMIUM]","[PREMIUM]","[PREMIUM]",true,false,"['Clear view']","2026-09-11 01:51:58"
"14042694657","2026-09-14 23:50:02.417","2026-09-27 05:11:30.307","14042694657","160425251","[PREMIUM]","[PREMIUM]","230","3","_",,,1,"[1]",4325,"Plaza Level",10,"Mobile Transfer ticket",1,"[PREMIUM]","[PREMIUM]","[PREMIUM]","[PREMIUM]",false,false,"['Third Row of Section','Clear view']","2026-09-14 20:54:55"
"14011426234","2026-09-14 23:49:58.626","2026-09-18 02:03:10.681","14011426234","160418923","[PREMIUM]","[PREMIUM]","603",,"998975677_998975680","998975677",,2,"[2]",407,"Upper",10,"Mobile Transfer ticket",1,"[PREMIUM]","[PREMIUM]","[PREMIUM]","[PREMIUM]",true,true,"['Clear view']","2026-09-11 22:47:49"
"14044054707","2026-09-14 23:49:57.178","2026-09-18 02:01:41.958","14044054707","160425251","[PREMIUM]","[PREMIUM]","330","2","_",,,2,"[2]",1713,"Middle Level",10,"Mobile Transfer ticket",1,"[PREMIUM]","[PREMIUM]","[PREMIUM]","[PREMIUM]",true,false,"['Second Row of Section','Clear view']","2026-09-14 23:45:10"
"14035888811","2026-09-14 23:49:45.533","2026-09-14 23:49:45.533","14035888811","160425251","[PREMIUM]","[PREMIUM]","412","2","_",,,4,"[4]",478,"Loge",10,"Mobile Transfer ticket",1,"[PREMIUM]","[PREMIUM]","[PREMIUM]","[PREMIUM]",true,false,"['Second Row of Section','Clear view']","2026-09-14 04:57:23"
"14042831616","2026-09-14 23:49:44.671","2026-09-27 22:51:52.238","14042831616","160418790","[PREMIUM]","[PREMIUM]","140","AA","18_19","18",,2,"[2]",594,"Lower",10,"Mobile Transfer ticket",14,"[PREMIUM]","[PREMIUM]","[PREMIUM]","[PREMIUM]",true,false,"['Clear view']","2026-09-14 21:13:37"
"14011100554","2026-09-14 23:49:44.574","2026-09-20 01:54:21.406","14011100554","160425251","[PREMIUM]","[PREMIUM]","102",,"998929616_998929619","998929616",,2,"[2]",1687,"Lower Level",10,"Mobile Transfer ticket",1,"[PREMIUM]","[PREMIUM]","[PREMIUM]","[PREMIUM]",true,true,"['Clear view']","2026-09-11 22:21:01"
"14043320044","2026-09-14 23:49:37.544","2026-09-25 23:25:27.122","14043320044","160418793","[PREMIUM]","[PREMIUM]","134","H","_",,,8,"[2,4,6,8]",8306,"Club East",10,"Mobile Transfer ticket",1,"[PREMIUM]","[PREMIUM]","[PREMIUM]","[PREMIUM]",true,false,"['Clear view']","2026-09-14 22:14:32"
"14043320043","2026-09-14 23:49:37.544","2026-09-25 23:25:27.122","14043320043","160418793","[PREMIUM]","[PREMIUM]","135","J","_",,,11,"[1,2,3,4,5,6,7,8,9,10,11]",8306,"Club East",10,"Mobile Transfer ticket",1,"[PREMIUM]","[PREMIUM]","[PREMIUM]","[PREMIUM]",true,false,"['Clear view']","2026-09-14 22:14:32"
"14043319918","2026-09-14 23:49:37.544","2026-09-25 23:25:27.122","14043319918","160418793","[PREMIUM]","[PREMIUM]","139","E","_",,,6,"[2,4,6]",8306,"Club East",10,"Mobile Transfer ticket",1,"[PREMIUM]","[PREMIUM]","[PREMIUM]","[PREMIUM]",true,false,"['Clear view']","2026-09-14 22:14:31"
"14043319933","2026-09-14 23:49:37.544","2026-09-14 23:49:37.544","14043319933","160418793","[PREMIUM]","[PREMIUM]","138",,"_",,,8,"[2,4,6,8]",8306,"Club East",10,"Mobile Transfer ticket",1,"[PREMIUM]","[PREMIUM]","[PREMIUM]","[PREMIUM]",true,true,"['Clear view']","2026-09-14 22:14:31"
"13816994546","2026-09-14 23:49:30.631","2026-09-17 01:29:13.669","13816994546","160427239","[PREMIUM]","[PREMIUM]","117","6","9001_9004","9001",,4,"[4]",594,"Lower",10,"Mobile Transfer ticket",13,"[PREMIUM]","[PREMIUM]","[PREMIUM]","[PREMIUM]",true,false,"['Clear view']","2026-08-26 11:23:12"
"14040981905","2026-09-14 23:49:27.768","2026-09-27 22:50:03.110","14040981905","160418793","[PREMIUM]","[PREMIUM]","130","C","_",,,1,"[1]",594,"Lower",10,"Mobile Transfer ticket",1,"[PREMIUM]","[PREMIUM]","[PREMIUM]","[PREMIUM]",false,false,"['Third Row of Section','Clear view']","2026-09-14 17:39:25"
"14043653181","2026-09-14 23:49:15.174","2026-09-14 23:49:15.174","14043653181","160418790","[PREMIUM]","[PREMIUM]","237","C","_",,,6,"[2,4,6]",8306,"Club East",10,"Mobile Transfer ticket",1,"[PREMIUM]","[PREMIUM]","[PREMIUM]","[PREMIUM]",true,false,"['Third Row of Section','Clear view']","2026-09-14 22:48:15"
"14043653120","2026-09-14 23:49:15.174","2026-09-14 23:49:15.174","14043653120","160418790","[PREMIUM]","[PREMIUM]","209","E","_",,,10,"[1,2,3,4,5,6,7,8,9,10]",9003,"West Club",10,"Mobile Transfer ticket",1,"[PREMIUM]","[PREMIUM]","[PREMIUM]","[PREMIUM]",true,false,"['Clear view']","2026-09-14 22:48:15"
"14043629245","2026-09-14 23:49:15.174","2026-09-14 23:49:15.174","14043629245","160418790","[PREMIUM]","[PREMIUM]","234","G","_",,,11,"[1,2,3,4,5,6,7,8,9,10,11]",8306,"Club East",10,"Mobile Transfer ticket",1,"[PREMIUM]","[PREMIUM]","[PREMIUM]","[PREMIUM]",true,false,"['Clear view']","2026-09-14 22:45:43"
"14020259297","2026-09-14 23:49:13.424","2026-09-17 01:27:17.242","14020259297","160418790","[PREMIUM]","[PREMIUM]","133","R","_",,,4,"[2,4]",594,"Lower",10,"Mobile Transfer ticket",1,"[PREMIUM]","[PREMIUM]","[PREMIUM]","[PREMIUM]",true,false,"['Clear view']","2026-09-12 15:57:29"
"14042543350","2026-09-14 23:49:12.933","2026-09-14 23:49:12.933","14042543350","160418790","[PREMIUM]","[PREMIUM]","121","L","_",,,2,"[2]",594,"Lower",10,"Mobile Transfer ticket",1,"[PREMIUM]","[PREMIUM]","[PREMIUM]","[PREMIUM]",true,false,"['Clear view']","2026-09-14 20:34:40"
"14042535694","2026-09-14 23:49:12.613","2026-09-27 22:51:59.569","14042535694","160418790","[PREMIUM]","[PREMIUM]","217","V","9001_9004","9001","9004",4,"[1,2,3,4]",471,"Middle",10,"Mobile Transfer ticket",13,"[PREMIUM]","[PREMIUM]","[PREMIUM]","[PREMIUM]",true,false,"['Clear view']","2026-09-14 20:33:46"
"14042244888","2026-09-14 23:49:12.613","2026-09-27 22:51:59.569","14042244888","160418790","[PREMIUM]","[PREMIUM]","229","V","9001_9004","9001","9004",4,"[1,2,3,4]",471,"Middle",10,"Mobile Transfer ticket",13,"[PREMIUM]","[PREMIUM]","[PREMIUM]","[PREMIUM]",true,false,"['Clear view']","2026-09-14 20:00:39"
"14043008468","2026-09-14 23:49:12.290","2026-09-27 22:51:59.568","14043008468","160418790","[PREMIUM]","[PREMIUM]","119","J","9001_9004","9001","9004",4,"[1,2,3,4]",594,"Lower",10,"Mobile Transfer ticket",13,"[PREMIUM]","[PREMIUM]","[PREMIUM]","[PREMIUM]",true,false,"['Clear view']","2026-09-14 21:37:41"
"14043629346","2026-09-14 23:49:12.237","2026-09-16 01:48:34.030","14043629346","160418790","[PREMIUM]","[PREMIUM]","136","H","_",,,9,"[1,2,3,4,5,6,7,8,9]",8306,"Club East",10,"Mobile Transfer ticket",1,"[PREMIUM]","[PREMIUM]","[PREMIUM]","[PREMIUM]",true,false,"['Clear view']","2026-09-14 22:45:44"
"14043661514","2026-09-14 23:49:11.974","2026-09-14 23:49:11.974","14043661514","160418790","[PREMIUM]","[PREMIUM]","109",,"_",,,5,"[1,2,3,5]",9003,"West Club",10,"Mobile Transfer ticket",1,"[PREMIUM]","[PREMIUM]","[PREMIUM]","[PREMIUM]",true,true,"['Clear view']","2026-09-14 22:49:19"
"14043661434","2026-09-14 23:49:11.974","2026-09-14 23:49:11.974","14043661434","160418790","[PREMIUM]","[PREMIUM]","110",,"_",,,8,"[2,4,6,8]",9003,"West Club",10,"Mobile Transfer ticket",1,"[PREMIUM]","[PREMIUM]","[PREMIUM]","[PREMIUM]",true,true,"['Clear view']","2026-09-14 22:49:19"
"14043653202","2026-09-14 23:49:11.974","2026-09-14 23:49:11.974","14043653202","160418790","[PREMIUM]","[PREMIUM]","209","B","_",,,8,"[2,4,6,8]",9003,"West Club",10,"Mobile Transfer ticket",1,"[PREMIUM]","[PREMIUM]","[PREMIUM]","[PREMIUM]",true,false,"['Second Row of Section','Clear view']","2026-09-14 22:48:16"
"14043653118","2026-09-14 23:49:11.974","2026-09-14 23:49:11.974","14043653118","160418790","[PREMIUM]","[PREMIUM]","107","F","_",,,6,"[2,4,6]",9003,"West Club",10,"Mobile Transfer ticket",1,"[PREMIUM]","[PREMIUM]","[PREMIUM]","[PREMIUM]",true,false,"['Clear view']","2026-09-14 22:48:15"
"14043629345","2026-09-14 23:49:11.974","2026-09-14 23:49:11.974","14043629345","160418790","[PREMIUM]","[PREMIUM]","136","K","_",,,8,"[2,4,6,8]",8306,"Club East",10,"Mobile Transfer ticket",1,"[PREMIUM]","[PREMIUM]","[PREMIUM]","[PREMIUM]",true,false,"['Clear view']","2026-09-14 22:45:44"
"14043629344","2026-09-14 23:49:11.974","2026-09-14 23:49:11.974","14043629344","160418790","[PREMIUM]","[PREMIUM]","136","L","_",,,7,"[1,2,3,4,5,7]",8306,"Club East",10,"Mobile Transfer ticket",1,"[PREMIUM]","[PREMIUM]","[PREMIUM]","[PREMIUM]",true,false,"['Clear view']","2026-09-14 22:45:44"
"14043653204","2026-09-14 23:49:11.606","2026-09-14 23:49:11.606","14043653204","160418790","[PREMIUM]","[PREMIUM]","137","F","_",,,3,"[1,3]",8306,"Club East",10,"Mobile Transfer ticket",1,"[PREMIUM]","[PREMIUM]","[PREMIUM]","[PREMIUM]",true,false,"['Clear view']","2026-09-14 22:48:16"
"14043629318","2026-09-14 23:49:11.606","2026-09-14 23:49:11.606","14043629318","160418790","[PREMIUM]","[PREMIUM]","139","E","_",,,6,"[2,4,6]",8306,"Club East",10,"Mobile Transfer ticket",1,"[PREMIUM]","[PREMIUM]","[PREMIUM]","[PREMIUM]",true,false,"['Clear view']","2026-09-14 22:45:44"
"14043661403","2026-09-14 23:49:11.282","2026-09-14 23:49:11.282","14043661403","160418790","[PREMIUM]","[PREMIUM]","108",,"_",,,6,"[2,4,6]",9003,"West Club",10,"Mobile Transfer ticket",1,"[PREMIUM]","[PREMIUM]","[PREMIUM]","[PREMIUM]",true,true,"['Clear view']","2026-09-14 22:49:19"
"14043629393","2026-09-14 23:49:11.282","2026-09-14 23:49:11.282","14043629393","160418790","[PREMIUM]","[PREMIUM]","134","J","_",,,6,"[2,4,6]",8306,"Club East",10,"Mobile Transfer ticket",1,"[PREMIUM]","[PREMIUM]","[PREMIUM]","[PREMIUM]",true,false,"['Clear view']","2026-09-14 22:45:44"
"14043629391","2026-09-14 23:49:11.282","2026-09-14 23:49:11.282","14043629391","160418790","[PREMIUM]","[PREMIUM]","134",,"_",,,8,"[2,4,6,8]",8306,"Club East",10,"Mobile Transfer ticket",1,"[PREMIUM]","[PREMIUM]","[PREMIUM]","[PREMIUM]",true,true,"['Clear view']","2026-09-14 22:45:44"
"14043653191","2026-09-14 23:49:08.678","2026-09-14 23:49:08.678","14043653191","160418790","[PREMIUM]","[PREMIUM]","212","C","_",,,11,"[1,2,3,4,5,6,7,8,9,10,11]",9003,"West Club",10,"Mobile Transfer ticket",1,"[PREMIUM]","[PREMIUM]","[PREMIUM]","[PREMIUM]",true,false,"['Third Row of Section','Clear view']","2026-09-14 22:48:15"
"14043653187","2026-09-14 23:49:08.678","2026-09-14 23:49:08.678","14043653187","160418790","[PREMIUM]","[PREMIUM]","211","C","_",,,8,"[2,4,6,8]",9003,"West Club",10,"Mobile Transfer ticket",1,"[PREMIUM]","[PREMIUM]","[PREMIUM]","[PREMIUM]",true,false,"['Third Row of Section','Clear view']","2026-09-14 22:48:15"
"14043629227","2026-09-14 23:49:08.678","2026-09-14 23:49:08.678","14043629227","160418790","[PREMIUM]","[PREMIUM]","237","J","_",,,7,"[1,2,3,4,5,7]",8306,"Club East",10,"Mobile Transfer ticket",1,"[PREMIUM]","[PREMIUM]","[PREMIUM]","[PREMIUM]",true,false,"['Clear view']","2026-09-14 22:45:43"
"14043629218","2026-09-14 23:49:08.678","2026-09-16 01:48:19.981","14043629218","160418790","[PREMIUM]","[PREMIUM]","238","L","_",,,6,"[2,4,6]",8306,"Club East",10,"Mobile Transfer ticket",1,"[PREMIUM]","[PREMIUM]","[PREMIUM]","[PREMIUM]",true,false,"['Clear view']","2026-09-14 22:45:43"
"13924761240","2026-09-14 23:49:08.379","2026-09-21 01:31:02.289","13924761240","160418790","[PREMIUM]","[PREMIUM]","114","D","_",,,2,"[2]",594,"Lower",10,"Mobile Transfer ticket",1,"[PREMIUM]","[PREMIUM]","[PREMIUM]","[PREMIUM]",true,false,"['Clear view']","2026-09-04 09:12:36"
"14040537629","2026-09-14 23:49:08.379","2026-09-14 23:49:08.379","14040537629","160418790","[PREMIUM]","[PREMIUM]","140","R","_",,,4,"[2,4]",594,"Lower",10,"Mobile Transfer ticket",1,"[PREMIUM]","[PREMIUM]","[PREMIUM]","[PREMIUM]",true,false,"['Clear view']","2026-09-14 16:49:04"
"14043653211","2026-09-14 23:49:08.379","2026-09-14 23:49:08.379","14043653211","160418790","[PREMIUM]","[PREMIUM]","138","H","_",,,6,"[2,4,6]",8306,"Club East",10,"Mobile Transfer ticket",1,"[PREMIUM]","[PREMIUM]","[PREMIUM]","[PREMIUM]",true,false,"['Clear view']","2026-09-14 22:48:16"
"14043653117","2026-09-14 23:49:08.379","2026-09-14 23:49:08.379","14043653117","160418790","[PREMIUM]","[PREMIUM]","235","E","_",,,8,"[2,4,6,8]",8306,"Club East",10,"Mobile Transfer ticket",1,"[PREMIUM]","[PREMIUM]","[PREMIUM]","[PREMIUM]",true,false,"['Clear view']","2026-09-14 22:48:15"
"14043653116","2026-09-14 23:49:08.379","2026-09-14 23:49:08.379","14043653116","160418790","[PREMIUM]","[PREMIUM]","207","E","_",,,9,"[1,2,3,4,5,6,7,8,9]",9003,"West Club",10,"Mobile Transfer ticket",1,"[PREMIUM]","[PREMIUM]","[PREMIUM]","[PREMIUM]",true,false,"['Clear view']","2026-09-14 22:48:15"
"14043661525","2026-09-14 23:49:08.067","2026-09-14 23:49:08.067","14043661525","160418790","[PREMIUM]","[PREMIUM]","209","H","_",,,7,"[1,2,3,4,5,7]",9003,"West Club",10,"Mobile Transfer ticket",1,"[PREMIUM]","[PREMIUM]","[PREMIUM]","[PREMIUM]",true,false,"['Clear view']","2026-09-14 22:49:19"
"14043661522","2026-09-14 23:49:08.067","2026-09-14 23:49:08.067","14043661522","160418790","[PREMIUM]","[PREMIUM]","210","L","_",,,9,"[1,2,3,4,5,6,7,8,9]",9003,"West Club",10,"Mobile Transfer ticket",1,"[PREMIUM]","[PREMIUM]","[PREMIUM]","[PREMIUM]",true,false,"['Clear view']","2026-09-14 22:49:19"
"14043653107","2026-09-14 23:49:08.067","2026-09-14 23:49:08.067","14043653107","160418790","[PREMIUM]","[PREMIUM]","234","L","_",,,8,"[2,4,6,8]",8306,"Club East",10,"Mobile Transfer ticket",1,"[PREMIUM]","[PREMIUM]","[PREMIUM]","[PREMIUM]",true,false,"['Clear view']","2026-09-14 22:48:15"
"14043629260","2026-09-14 23:49:08.067","2026-09-14 23:49:08.067","14043629260","160418790","[PREMIUM]","[PREMIUM]","212","H","_",,,6,"[2,4,6]",9003,"West Club",10,"Mobile Transfer ticket",1,"[PREMIUM]","[PREMIUM]","[PREMIUM]","[PREMIUM]",true,false,"['Clear view']","2026-09-14 22:45:43"
"14043661426","2026-09-14 23:49:07.436","2026-09-14 23:49:07.436","14043661426","160418790","[PREMIUM]","[PREMIUM]","208","L","_",,,8,"[2,4,6,8]",9003,"West Club",10,"Mobile Transfer ticket",1,"[PREMIUM]","[PREMIUM]","[PREMIUM]","[PREMIUM]",true,false,"['Clear view']","2026-09-14 22:49:19"
"14043116672","2026-09-14 23:49:06.805","2026-09-20 01:56:45.777","14043116672","160418790","[PREMIUM]","[PREMIUM]","212","J","2_3","2",,2,"[2]",9003,"West Club",10,"Mobile Transfer ticket",1,"[PREMIUM]","[PREMIUM]","[PREMIUM]","[PREMIUM]",true,false,"['Padded Seats','Includes club access','Clear view']","2026-09-14 21:53:00"
"14042693627","2026-09-14 23:49:05.874","2026-09-14 23:49:05.874","14042693627","160418790","[PREMIUM]","[PREMIUM]","140","BB","8_9","8",,2,"[2]",594,"Lower",10,"Mobile Transfer ticket",14,"[PREMIUM]","[PREMIUM]","[PREMIUM]","[PREMIUM]",true,false,"['Clear view']","2026-09-14 20:54:46"
"14042693517","2026-09-14 23:49:05.874","2026-09-27 22:51:52.145","14042693517","160418790","[PREMIUM]","[PREMIUM]","140","CC","14_15","14",,2,"[2]",594,"Lower",10,"Mobile Transfer ticket",14,"[PREMIUM]","[PREMIUM]","[PREMIUM]","[PREMIUM]",true,false,"['Clear view']","2026-09-14 20:54:46"
"14042543416","2026-09-14 23:49:04.752","2026-09-14 23:49:04.752","14042543416","160418790","[PREMIUM]","[PREMIUM]","214","N","_",,,2,"[2]",471,"Middle",10,"Mobile Transfer ticket",1,"[PREMIUM]","[PREMIUM]","[PREMIUM]","[PREMIUM]",true,false,"['Clear view']","2026-09-14 20:34:40"
"14042543408","2026-09-14 23:49:04.752","2026-09-14 23:49:04.752","14042543408","160418790","[PREMIUM]","[PREMIUM]","241","L","_",,,2,"[2]",471,"Middle",10,"Mobile Transfer ticket",1,"[PREMIUM]","[PREMIUM]","[PREMIUM]","[PREMIUM]",true,false,"['Clear view']","2026-09-14 20:34:40"
"14042697793","2026-09-14 23:49:04.461","2026-09-19 01:29:02.991","14042697793","160418790","[PREMIUM]","[PREMIUM]","144","R","7_10","7",,4,"[1,2,4]",594,"Lower",10,"Mobile Transfer ticket",14,"[PREMIUM]","[PREMIUM]","[PREMIUM]","[PREMIUM]",true,false,"['Clear view']","2026-09-14 20:55:24"
"14042679414","2026-09-14 23:49:04.048","2026-09-17 01:26:11.689","14042679414","160418793","[PREMIUM]","[PREMIUM]","144","R","7_8","7",,2,"[2]",594,"Lower",10,"Mobile Transfer ticket",14,"[PREMIUM]","[PREMIUM]","[PREMIUM]","[PREMIUM]",true,false,"['Clear view']","2026-09-14 20:53:45"
"14040308274","2026-09-14 23:49:03.856","2026-09-20 01:56:08.081","14040308274","160418790","[PREMIUM]","[PREMIUM]","222","M","_",,,2,"[2]",471,"Middle",10,"Mobile Transfer ticket",1,"[PREMIUM]","[PREMIUM]","[PREMIUM]","[PREMIUM]",true,false,"['Clear view']","2026-09-14 16:23:39"
"14041885355","2026-09-14 23:49:03.593","2026-09-27 22:50:15.020","14041885355","160418793","[PREMIUM]","[PREMIUM]","229","V","9001_9004","9001","9004",4,"[1,2,3,4]",471,"Middle",10,"Mobile Transfer ticket",13,"[PREMIUM]","[PREMIUM]","[PREMIUM]","[PREMIUM]",true,false,"['Clear view']","2026-09-14 19:25:33"
"14041885330","2026-09-14 23:49:03.593","2026-09-27 22:50:15.020","14041885330","160418793","[PREMIUM]","[PREMIUM]","217","V","9001_9004","9001","9004",4,"[1,2,3,4]",471,"Middle",10,"Mobile Transfer ticket",13,"[PREMIUM]","[PREMIUM]","[PREMIUM]","[PREMIUM]",true,false,"['Clear view']","2026-09-14 19:25:33"
"14041885309","2026-09-14 23:49:03.593","2026-09-27 05:27:30.037","14041885309","160418793","[PREMIUM]","[PREMIUM]","245","KK","9001_9004","9001","9004",4,"[1,2,3,4]",471,"Middle",10,"Mobile Transfer ticket",13,"[PREMIUM]","[PREMIUM]","[PREMIUM]","[PREMIUM]",true,false,"['Clear view']","2026-09-14 19:25:32"
"14042096550","2026-09-14 23:49:03.593","2026-09-16 01:48:15.818","14042096550","160418793","[PREMIUM]","[PREMIUM]","204","FF","9001_9004","9001","9004",4,"[1,2,3,4]",471,"Middle",10,"Mobile Transfer ticket",13,"[PREMIUM]","[PREMIUM]","[PREMIUM]","[PREMIUM]",true,false,"['Clear view']","2026-09-14 19:43:34"
"14042651331","2026-09-14 23:49:03.388","2026-09-27 22:50:23.537","14042651331","160418793","[PREMIUM]","[PREMIUM]","119","J","9001_9004","9001","9004",4,"[1,2,3,4]",594,"Lower",10,"Mobile Transfer ticket",13,"[PREMIUM]","[PREMIUM]","[PREMIUM]","[PREMIUM]",true,false,"['Clear view']","2026-09-14 20:49:48"
"14043372704","2026-09-14 23:49:03.217","2026-09-27 05:27:22.400","14043372704","160418793","[PREMIUM]","[PREMIUM]","207","J","1_2","1",,2,"[2]",9003,"West Club",10,"Mobile Transfer ticket",14,"[PREMIUM]","[PREMIUM]","[PREMIUM]","[PREMIUM]",true,false,"['Clear view']","2026-09-14 22:19:09"
"14042028498","2026-09-14 23:49:03.058","2026-09-27 22:50:14.712","14042028498","160418793","[PREMIUM]","[PREMIUM]","6","D","_",,,2,"[2]",1725,"Terrace Suites",10,"Mobile Transfer ticket",1,"[PREMIUM]","[PREMIUM]","[PREMIUM]","[PREMIUM]",true,false,"['Clear view']","2026-09-14 19:36:45"
"14042078457","2026-09-14 23:49:02.549","2026-09-14 23:49:02.549","14042078457","160418793","[PREMIUM]","[PREMIUM]","136","D","_",,,2,"[2]",8306,"Club East",10,"Mobile Transfer ticket",1,"[PREMIUM]","[PREMIUM]","[PREMIUM]","[PREMIUM]",true,false,"['Clear view']","2026-09-14 19:41:43"
"14043319978","2026-09-14 23:49:02.549","2026-09-22 01:34:59.808","14043319978","160418793","[PREMIUM]","[PREMIUM]","108",,"_",,,12,"[1,2,3,4,5,6,7,8,9,10,11,12]",9003,"West Club",10,"Mobile Transfer ticket",1,"[PREMIUM]","[PREMIUM]","[PREMIUM]","[PREMIUM]",true,true,"['Clear view']","2026-09-14 22:14:32"
"14043320003","2026-09-14 23:49:02.218","2026-09-18 02:01:03.595","14043320003","160418793","[PREMIUM]","[PREMIUM]","211","J","_",,,5,"[1,2,3,5]",9003,"West Club",10,"Mobile Transfer ticket",1,"[PREMIUM]","[PREMIUM]","[PREMIUM]","[PREMIUM]",true,false,"['Clear view']","2026-09-14 22:14:32"
"14043320053","2026-09-14 23:49:02.193","2026-09-24 22:59:11.869","14043320053","160418793","[PREMIUM]","[PREMIUM]","108","E","_",,,9,"[1,2,3,4,5,6,7,8,9]",9003,"West Club",10,"Mobile Transfer ticket",1,"[PREMIUM]","[PREMIUM]","[PREMIUM]","[PREMIUM]",true,false,"['Clear view']","2026-09-14 22:14:32"
"14043320046","2026-09-14 23:49:02.193","2026-09-24 22:59:11.869","14043320046","160418793","[PREMIUM]","[PREMIUM]","108","D","_",,,5,"[1,2,3,5]",9003,"West Club",10,"Mobile Transfer ticket",1,"[PREMIUM]","[PREMIUM]","[PREMIUM]","[PREMIUM]",true,false,"['Clear view']","2026-09-14 22:14:32"
"14043320045","2026-09-14 23:49:02.193","2026-09-24 22:59:11.869","14043320045","160418793","[PREMIUM]","[PREMIUM]","108","J","_",,,6,"[2,4,6]",9003,"West Club",10,"Mobile Transfer ticket",1,"[PREMIUM]","[PREMIUM]","[PREMIUM]","[PREMIUM]",true,false,"['Clear view']","2026-09-14 22:14:32"
"14043320042","2026-09-14 23:49:02.193","2026-09-24 22:59:11.841","14043320042","160418793","[PREMIUM]","[PREMIUM]","108","M","_",,,12,"[1,2,3,4,5,6,7,8,9,10,11,12]",9003,"West Club",10,"Mobile Transfer ticket",1,"[PREMIUM]","[PREMIUM]","[PREMIUM]","[PREMIUM]",true,false,"['Clear view']","2026-09-14 22:14:32"
"14043319972","2026-09-14 23:49:02.193","2026-09-14 23:49:02.193","14043319972","160418793","[PREMIUM]","[PREMIUM]","110",,"_",,,6,"[2,4,6]",9003,"West Club",10,"Mobile Transfer ticket",1,"[PREMIUM]","[PREMIUM]","[PREMIUM]","[PREMIUM]",true,true,"['Clear view']","2026-09-14 22:14:32"
"14043320025","2026-09-14 23:49:01.873","2026-09-25 23:25:29.846","14043320025","160418793","[PREMIUM]","[PREMIUM]","209","B","_",,,8,"[2,4,6,8]",9003,"West Club",10,"Mobile Transfer ticket",1,"[PREMIUM]","[PREMIUM]","[PREMIUM]","[PREMIUM]",true,false,"['Second Row of Section','Clear view']","2026-09-14 22:14:32"
"14043320012","2026-09-14 23:49:01.873","2026-09-25 23:25:29.846","14043320012","160418793","[PREMIUM]","[PREMIUM]","211","C","_",,,8,"[2,4,6,8]",9003,"West Club",10,"Mobile Transfer ticket",1,"[PREMIUM]","[PREMIUM]","[PREMIUM]","[PREMIUM]",true,false,"['Third Row of Section','Clear view']","2026-09-14 22:14:32"
"14043319999","2026-09-14 23:49:01.873","2026-09-25 23:25:29.846","14043319999","160418793","[PREMIUM]","[PREMIUM]","210","L","_",,,11,"[1,2,3,4,5,6,7,8,9,10,11]",9003,"West Club",10,"Mobile Transfer ticket",1,"[PREMIUM]","[PREMIUM]","[PREMIUM]","[PREMIUM]",true,false,"['Clear view']","2026-09-14 22:14:32"
"14043319997","2026-09-14 23:49:01.873","2026-09-18 02:01:03.595","14043319997","160418793","[PREMIUM]","[PREMIUM]","211","K","_",,,9,"[1,2,3,4,5,6,7,8,9]",9003,"West Club",10,"Mobile Transfer ticket",1,"[PREMIUM]","[PREMIUM]","[PREMIUM]","[PREMIUM]",true,false,"['Clear view']","2026-09-14 22:14:32"
"14043319960","2026-09-14 23:49:01.226","2026-09-20 01:56:45.485","14043319960","160418793","[PREMIUM]","[PREMIUM]","112",,"_",,,8,"[2,4,6,8]",9003,"West Club",10,"Mobile Transfer ticket",1,"[PREMIUM]","[PREMIUM]","[PREMIUM]","[PREMIUM]",true,true,"['Clear view']","2026-09-14 22:14:32"
"14029132400","2026-09-14 23:49:01.192","2026-09-22 01:34:39.587","14029132400","160418793","[PREMIUM]","[PREMIUM]","111",,"13_16","13",,4,"[4]",9003,"West Club",10,"Mobile Transfer ticket",1,"[PREMIUM]","[PREMIUM]","[PREMIUM]","[PREMIUM]",true,true,"['Clear view']","2026-09-13 13:49:14"
"14043320034","2026-09-14 23:49:01.192","2026-09-25 23:25:29.559","14043320034","160418793","[PREMIUM]","[PREMIUM]","207","E","_",,,11,"[1,2,3,4,5,6,7,8,9,10,11]",9003,"West Club",10,"Mobile Transfer ticket",1,"[PREMIUM]","[PREMIUM]","[PREMIUM]","[PREMIUM]",true,false,"['Clear view']","2026-09-14 22:14:32"
"14043320014","2026-09-14 23:49:01.192","2026-09-25 23:25:29.559","14043320014","160418793","[PREMIUM]","[PREMIUM]","212","J","_",,,8,"[2,4,6,8]",9003,"West Club",10,"Mobile Transfer ticket",1,"[PREMIUM]","[PREMIUM]","[PREMIUM]","[PREMIUM]",true,false,"['Clear view']","2026-09-14 22:14:32"
"14043320001","2026-09-14 23:49:01.192","2026-09-25 23:25:29.542","14043320001","160418793","[PREMIUM]","[PREMIUM]","212","C","_",,,11,"[1,2,3,4,5,6,7,8,9,10,11]",9003,"West Club",10,"Mobile Transfer ticket",1,"[PREMIUM]","[PREMIUM]","[PREMIUM]","[PREMIUM]",true,false,"['Third Row of Section','Clear view']","2026-09-14 22:14:32"
"14042161885","2026-09-14 23:48:59.665","2026-09-18 02:01:01.753","14042161885","160418793","[PREMIUM]","[PREMIUM]","107","J","2_3","2",,2,"[2]",9003,"West Club",10,"Mobile Transfer ticket",1,"[PREMIUM]","[PREMIUM]","[PREMIUM]","[PREMIUM]",true,false,"['Padded Seats','Includes club access','Clear view']","2026-09-14 19:51:00"
"14043320041","2026-09-14 23:48:59.665","2026-09-25 23:25:29.495","14043320041","160418793","[PREMIUM]","[PREMIUM]","136","H","_",,,13,"[1,2,3,4,5,6,7,8,9,10,11,12,13]",8306,"Club East",10,"Mobile Transfer ticket",1,"[PREMIUM]","[PREMIUM]","[PREMIUM]","[PREMIUM]",true,false,"['Clear view']","2026-09-14 22:14:32"
"14043319943","2026-09-14 23:48:59.665","2026-09-21 01:30:10.941","14043319943","160418793","[PREMIUM]","[PREMIUM]","136",,"_",,,12,"[1,2,3,4,5,6,7,8,9,10,11,12]",8306,"Club East",10,"Mobile Transfer ticket",1,"[PREMIUM]","[PREMIUM]","[PREMIUM]","[PREMIUM]",true,true,"['Clear view']","2026-09-14 22:14:31"
"14043320000","2026-09-14 23:48:55.922","2026-09-25 23:25:29.255","14043320000","160418793","[PREMIUM]","[PREMIUM]","236","C","_",,,12,"[1,2,3,4,5,6,7,8,9,10,11,12]",8306,"Club East",10,"Mobile Transfer ticket",1,"[PREMIUM]","[PREMIUM]","[PREMIUM]","[PREMIUM]",true,false,"['Third Row of Section','Clear view']","2026-09-14 22:14:32"
"14043319981","2026-09-14 23:48:55.922","2026-09-23 01:36:30.063","14043319981","160418793","[PREMIUM]","[PREMIUM]","237","J","_",,,7,"[1,2,3,4,5,7]",8306,"Club East",10,"Mobile Transfer ticket",1,"[PREMIUM]","[PREMIUM]","[PREMIUM]","[PREMIUM]",true,false,"['Clear view']","2026-09-14 22:14:32"
"14043320013","2026-09-14 23:48:55.922","2026-09-16 01:47:51.757","14043320013","160418793","[PREMIUM]","[PREMIUM]","237","B","_",,,12,"[1,2,3,4,5,6,7,8,9,10,11,12]",8306,"Club East",10,"Mobile Transfer ticket",1,"[PREMIUM]","[PREMIUM]","[PREMIUM]","[PREMIUM]",true,false,"['Second Row of Section','Clear view']","2026-09-14 22:14:32"
"14043320039","2026-09-14 23:48:55.289","2026-09-18 02:01:01.092","14043320039","160418793","[PREMIUM]","[PREMIUM]","134","C","_",,,6,"[2,4,6]",8306,"Club East",10,"Mobile Transfer ticket",1,"[PREMIUM]","[PREMIUM]","[PREMIUM]","[PREMIUM]",true,false,"['Third Row of Section','Clear view']","2026-09-14 22:14:32"
"12701574404","2026-09-14 23:48:54.964","2026-09-27 22:55:07.376","12701574404","160424983","[PREMIUM]","[PREMIUM]","116","D","_",,,2,"[2]",594,"Lower",10,"Mobile Transfer ticket",1,"[PREMIUM]","[PREMIUM]","[PREMIUM]","[PREMIUM]",true,false,"['Clear view']","2026-05-15 19:38:23"
"14043320032","2026-09-14 23:48:54.618","2026-09-25 23:25:27.122","14043320032","160418793","[PREMIUM]","[PREMIUM]","139","M","_",,,8,"[2,4,6,8]",8306,"Club East",10,"Mobile Transfer ticket",1,"[PREMIUM]","[PREMIUM]","[PREMIUM]","[PREMIUM]",true,false,"['Clear view']","2026-09-14 22:14:32"
"14043319955","2026-09-14 23:48:54.618","2026-09-14 23:48:54.618","14043319955","160418793","[PREMIUM]","[PREMIUM]","134",,"_",,,8,"[2,4,6,8]",8306,"Club East",10,"Mobile Transfer ticket",1,"[PREMIUM]","[PREMIUM]","[PREMIUM]","[PREMIUM]",true,true,"['Clear view']","2026-09-14 22:14:31"
"14043319937","2026-09-14 23:48:54.618","2026-09-14 23:48:54.618","14043319937","160418793","[PREMIUM]","[PREMIUM]","139",,"_",,,9,"[1,2,3,4,5,6,7,8,9]",8306,"Club East",10,"Mobile Transfer ticket",1,"[PREMIUM]","[PREMIUM]","[PREMIUM]","[PREMIUM]",true,true,"['Clear view']","2026-09-14 22:14:31"
"14043319931","2026-09-14 23:48:54.618","2026-09-17 01:25:58.065","14043319931","160418793","[PREMIUM]","[PREMIUM]","135",,"_",,,3,"[1,3]",8306,"Club East",10,"Mobile Transfer ticket",1,"[PREMIUM]","[PREMIUM]","[PREMIUM]","[PREMIUM]",true,true,"['Clear view']","2026-09-14 22:14:31"
"14042222446","2026-09-14 23:48:53.393","2026-09-17 01:28:47.112","14042222446","160427239","[PREMIUM]","[PREMIUM]","128","3","9001_9002","9001",,2,"[2]",594,"Lower",10,"Mobile Transfer ticket",13,"[PREMIUM]","[PREMIUM]","[PREMIUM]","[PREMIUM]",true,false,"['Third Row of Section','Clear view']","2026-09-14 19:58:39"
"13118620031","2026-09-14 23:48:53.018","2026-09-27 05:11:10.672","13118620031","160427239","[PREMIUM]","[PREMIUM]","118","10","5_8","5","8",4,"[1,2,4]",594,"Lower",10,"Mobile Transfer ticket",1,"[PREMIUM]","[PREMIUM]","[PREMIUM]","[PREMIUM]",true,false,"['Clear view']","2026-06-23 14:18:39"
"14041087335","2026-09-14 23:48:51.537","2026-09-24 01:58:30.148","14041087335","160418793","[PREMIUM]","[PREMIUM]","228","K","9001_9002","9001",,2,"[2]",471,"Middle",10,"Mobile Transfer ticket",13,"[PREMIUM]","[PREMIUM]","[PREMIUM]","[PREMIUM]",true,false,"['Clear view']","2026-09-14 17:51:43"
"14042543369","2026-09-14 23:48:50.659","2026-09-14 23:48:50.659","14042543369","160418793","[PREMIUM]","[PREMIUM]","203","C","_",,,2,"[2]",471,"Middle",10,"Mobile Transfer ticket",1,"[PREMIUM]","[PREMIUM]","[PREMIUM]","[PREMIUM]",true,false,"['Third Row of Section','Clear view']","2026-09-14 20:34:40"
"13533560047","2026-09-14 23:48:50.639","2026-09-27 22:53:04.378","13533560047","160427239","[PREMIUM]","[PREMIUM]","229","1","16_17","16",,2,"[2]",471,"Middle",10,"Mobile Transfer ticket",1,"[PREMIUM]","[PREMIUM]","[PREMIUM]","[PREMIUM]",true,false,"['Front Row of Section','Clear view']","2026-08-01 01:47:25"
"14037898095","2026-09-14 23:48:49.365","2026-09-14 23:48:49.365","14037898095","160427239","[PREMIUM]","[PREMIUM]","116","33","1017_1018","1017","1018",2,"[2]",594,"Lower",10,"Mobile Transfer ticket",1,"[PREMIUM]","[PREMIUM]","[PREMIUM]","[PREMIUM]",true,false,"['Clear view']","2026-09-14 11:05:31"
"14042040305","2026-09-14 23:48:48.893","2026-09-14 23:48:48.893","14042040305","160427239","[PREMIUM]","[PREMIUM]","315","1","_",,,4,"[4]",478,"Loge",10,"Mobile Transfer ticket",1,"[PREMIUM]","[PREMIUM]","[PREMIUM]","[PREMIUM]",true,false,"['Front Row of Section','Clear view']","2026-09-14 19:37:41"
"14033280467","2026-09-14 23:48:48.549","2026-09-14 23:53:23.854","14033280467","160427239","[PREMIUM]","[PREMIUM]","146","6","_",,,2,"[2]",594,"Lower",10,"Mobile Transfer ticket",1,"[PREMIUM]","[PREMIUM]","[PREMIUM]","[PREMIUM]",true,false,"['Clear view']","2026-09-13 22:34:59"
"14042665753","2026-09-14 23:48:48.210","2026-09-27 22:49:59.268","14042665753","160418793","[PREMIUM]","[PREMIUM]","133","Y","3_4","3",,2,"[2]",594,"Lower",10,"Mobile Transfer ticket",14,"[PREMIUM]","[PREMIUM]","[PREMIUM]","[PREMIUM]",true,false,"['Clear view']","2026-09-14 20:52:11"
"13563486859","2026-09-14 23:48:47.897","2026-09-24 22:59:28.747","13563486859","160427239","[PREMIUM]","[PREMIUM]","129","13","13_16","13","16",4,"[1,2,4]",594,"Lower",11,"Mobile ticket",1,"[PREMIUM]","[PREMIUM]","[PREMIUM]","[PREMIUM]",true,false,"['Clear view','Instant download']","2026-08-03 17:22:56"
"14037279757","2026-09-14 23:48:46.812","2026-09-23 01:31:52.741","14037279757","160427239","[PREMIUM]","[PREMIUM]","335","1","9001_9004","9001",,4,"[4]",478,"Loge",10,"Mobile Transfer ticket",13,"[PREMIUM]","[PREMIUM]","[PREMIUM]","[PREMIUM]",true,false,"['Front Row of Section','Clear view']","2026-09-14 09:08:44"
"14041298787","2026-09-14 23:48:46.499","2026-09-27 22:53:01.666","14041298787","160427239","[PREMIUM]","[PREMIUM]","339","8","_",,,2,"[2]",407,"Upper",10,"Mobile Transfer ticket",1,"[PREMIUM]","[PREMIUM]","[PREMIUM]","[PREMIUM]",true,false,"['Clear view']","2026-09-14 18:19:06"
"14041164178","2026-09-14 23:48:45.353","2026-09-27 22:49:57.286","14041164178","160418793","[PREMIUM]","[PREMIUM]","148","X","12_12","12","12",1,"[1]",594,"Lower",10,"Mobile Transfer ticket",1,"[PREMIUM]","[PREMIUM]","[PREMIUM]","[PREMIUM]",false,false,"['Clear view']","2026-09-14 18:01:18"
"14042668016","2026-09-14 23:48:45.353","2026-09-24 22:59:04.729","14042668016","160418793","[PREMIUM]","[PREMIUM]","240","K","2_4","2",,3,"[1,3]",471,"Middle",10,"Mobile Transfer ticket",14,"[PREMIUM]","[PREMIUM]","[PREMIUM]","[PREMIUM]",true,false,"['Clear view']","2026-09-14 20:52:41"
"12701028336","2026-09-14 23:48:45.030","2026-09-26 05:09:47.035","12701028336","160427239","[PREMIUM]","[PREMIUM]","329","25","28_29","28",,2,"[2]",407,"Upper",10,"Mobile Transfer ticket",14,"[PREMIUM]","[PREMIUM]","[PREMIUM]","[PREMIUM]",true,false,"['Clear view']","2026-05-15 18:44:12"
"13980076714","2026-09-14 23:48:39.683","2026-09-14 23:52:52.760","13980076714","160427239","[PREMIUM]","[PREMIUM]","131","13","11_14","11",,4,"[1,2,3,4]",594,"Lower",10,"Mobile Transfer ticket",1,"[PREMIUM]","[PREMIUM]","[PREMIUM]","[PREMIUM]",true,false,"['Clear view']","2026-09-09 15:54:43"
"13009195868","2026-09-14 23:48:39.225","2026-09-16 01:51:07.237","13009195868","160427239","[PREMIUM]","[PREMIUM]","131","20","19_22","19",,4,"[4]",594,"Lower",10,"Mobile Transfer ticket",1,"[PREMIUM]","[PREMIUM]","[PREMIUM]","[PREMIUM]",true,false,"['Aisle seat','Clear view']","2026-06-12 16:07:20"
"13970923576","2026-09-14 23:48:38.370","2026-09-22 01:28:07.013","13970923576","160427239","[PREMIUM]","[PREMIUM]","334","1","9001_9002","9001",,2,"[2]",478,"Loge",10,"Mobile Transfer ticket",13,"[PREMIUM]","[PREMIUM]","[PREMIUM]","[PREMIUM]",true,false,"['Front Row of Section','Clear view']","2026-09-08 21:44:48"
"14043125005","2026-09-14 23:48:26.889","2026-09-27 22:49:57.495","14043125005","160418793","[PREMIUM]","[PREMIUM]","124","G","3_6","3","6",4,"[1,2,4]",594,"Lower",10,"Mobile Transfer ticket",1,"[PREMIUM]","[PREMIUM]","[PREMIUM]","[PREMIUM]",true,false,"['Clear view']","2026-09-14 21:53:47"
"13533526709","2026-09-14 23:48:22.408","2026-09-18 02:05:13.352","13533526709","160427239","[PREMIUM]","[PREMIUM]","149","31","19_20","19",,2,"[2]",594,"Lower",10,"Mobile Transfer ticket",1,"[PREMIUM]","[PREMIUM]","[PREMIUM]","[PREMIUM]",true,false,"['Clear view']","2026-08-01 01:42:04"
"14021151523","2026-09-14 23:48:22.408","2026-09-18 02:00:01.190","14021151523","160427239","[PREMIUM]","[PREMIUM]","340","12","9001_9002","9001",,2,"[2]",407,"Upper",10,"Mobile Transfer ticket",13,"[PREMIUM]","[PREMIUM]","[PREMIUM]","[PREMIUM]",true,false,"['Clear view']","2026-09-12 17:47:26"
"14041668658","2026-09-14 23:48:22.047","2026-09-19 01:28:41.514","14041668658","160418793","[PREMIUM]","[PREMIUM]","231",,"998904004_998904005","998904004",,2,"[2]",471,"Middle",10,"Mobile Transfer ticket",1,"[PREMIUM]","[PREMIUM]","[PREMIUM]","[PREMIUM]",true,true,"['Clear view']","2026-09-14 19:00:15"
"13980553936","2026-09-14 23:48:19.455","2026-09-27 22:52:06.545","13980553936","160427239","[PREMIUM]","[PREMIUM]","225B","12","18_21","18",,4,"[1,2,4]",471,"Middle",10,"Mobile Transfer ticket",14,"[PREMIUM]","[PREMIUM]","[PREMIUM]","[PREMIUM]",true,false,"['Clear view']","2026-09-09 16:46:13"
"14043908853","2026-09-14 23:48:12.868","2026-09-19 01:47:03.180","14043908853","160424983","[PREMIUM]","[PREMIUM]","227","H","9001_9003","9001",,3,"[1,3]",471,"Middle",10,"Mobile Transfer ticket",1,"[PREMIUM]","[PREMIUM]","[PREMIUM]","[PREMIUM]",true,false,"['Clear view']","2026-09-14 23:22:50"
"13715187038","2026-09-14 23:48:12.163","2026-09-17 01:25:08.953","13715187038","160427239","[PREMIUM]","[PREMIUM]","309","13","18_19","18",,2,"[2]",407,"Upper",10,"Mobile Transfer ticket",14,"[PREMIUM]","[PREMIUM]","[PREMIUM]","[PREMIUM]",true,false,"['Side view (printed on ticket)']","2026-08-18 15:51:24"
"14041457938","2026-09-14 23:48:10.844","2026-09-14 23:51:25.151","14041457938","160427239","[PREMIUM]","[PREMIUM]","103","41","9_10","9","10",2,"[2]",594,"Lower",10,"Mobile Transfer ticket",1,"[PREMIUM]","[PREMIUM]","[PREMIUM]","[PREMIUM]",true,false,"['Clear view']","2026-09-14 18:36:50"
"14042751007","2026-09-14 23:48:02.468","2026-09-14 23:48:02.468","14042751007","160424983","[PREMIUM]","[PREMIUM]","336","A","9001_9003","9001",,3,"[3]",478,"Loge",10,"Mobile Transfer ticket",13,"[PREMIUM]","[PREMIUM]","[PREMIUM]","[PREMIUM]",true,false,"['Front Row of Section','Clear view']","2026-09-14 21:00:10"
"13921729343","2026-09-14 23:48:02.201","2026-09-22 01:38:15.504","13921729343","160424983","[PREMIUM]","[PREMIUM]","137","W","_",,,2,"[2]",594,"Lower",10,"Mobile Transfer ticket",1,"[PREMIUM]","[PREMIUM]","[PREMIUM]","[PREMIUM]",true,false,"['Clear view']","2026-09-04 01:29:23"
"14043397557","2026-09-14 23:48:02.201","2026-09-24 02:06:07.577","14043397557","160424983","[PREMIUM]","[PREMIUM]","137","U","_",,,4,"[4]",594,"Lower",10,"Mobile Transfer ticket",1,"[PREMIUM]","[PREMIUM]","[PREMIUM]","[PREMIUM]",true,false,"['Clear view']","2026-09-14 22:21:45"
"12691930646","2026-09-14 23:48:01.494","2026-09-24 22:58:43.194","12691930646","160427239","[PREMIUM]","[PREMIUM]","337","21","_",,,4,"[2,4]",407,"Upper",10,"Mobile Transfer ticket",1,"[PREMIUM]","[PREMIUM]","[PREMIUM]","[PREMIUM]",true,false,"['Clear view']","2026-05-15 01:38:01"
"12691178998","2026-09-14 23:48:00.539","2026-09-22 01:27:13.975","12691178998","160427239","[PREMIUM]","[PREMIUM]","318","16","_",,,4,"[2,4]",407,"Upper",10,"Mobile Transfer ticket",1,"[PREMIUM]","[PREMIUM]","[PREMIUM]","[PREMIUM]",true,false,"['Clear view']","2026-05-15 00:22:07"
"14003796646","2026-09-14 23:48:00.445","2026-09-27 22:51:58.445","14003796646","160427239","[PREMIUM]","[PREMIUM]","335","14","5_8","5",,4,"[2,4]",407,"Upper",10,"Mobile Transfer ticket",1,"[PREMIUM]","[PREMIUM]","[PREMIUM]","[PREMIUM]",true,false,"['Clear view']","2026-09-11 10:08:29"
"14042299001","2026-09-14 23:48:00.085","2026-09-14 23:48:46.782","14042299001","160424983","[PREMIUM]","[PREMIUM]","312","F","9001_9002","9001",,2,"[2]",478,"Loge",10,"Mobile Transfer ticket",1,"[PREMIUM]","[PREMIUM]","[PREMIUM]","[PREMIUM]",true,false,"['Clear view']","2026-09-14 20:07:43"
"14043723193","2026-09-14 23:47:59.146","2026-09-14 23:47:59.146","14043723193","160424983","[PREMIUM]","[PREMIUM]","306","F","_",,,4,"[1,2,3,4]",478,"Loge",10,"Mobile Transfer ticket",1,"[PREMIUM]","[PREMIUM]","[PREMIUM]","[PREMIUM]",true,false,"['Clear view']","2026-09-14 22:58:45"
"13974315483","2026-09-14 23:47:59.110","2026-09-14 23:47:59.110","13974315483","160424983","[PREMIUM]","[PREMIUM]","306","E","9001_9006","9001",,6,"[1,2,3,4,6]",478,"Loge",10,"Mobile Transfer ticket",1,"[PREMIUM]","[PREMIUM]","[PREMIUM]","[PREMIUM]",true,false,"['Clear view']","2026-09-09 03:14:09"
"12691354562","2026-09-14 23:47:58.788","2026-09-17 01:24:05.565","12691354562","160427239","[PREMIUM]","[PREMIUM]","325","15","_",,,4,"[1,2,3,4]",407,"Upper",10,"Mobile Transfer ticket",1,"[PREMIUM]","[PREMIUM]","[PREMIUM]","[PREMIUM]",true,false,"['Clear view']","2026-05-15 00:40:45"
"14042854292","2026-09-14 23:47:58.370","2026-09-27 22:50:20.075","14042854292","160427239","[PREMIUM]","[PREMIUM]","326","10","_",,,2,"[2]",407,"Upper",10,"Mobile Transfer ticket",1,"[PREMIUM]","[PREMIUM]","[PREMIUM]","[PREMIUM]",true,false,"['Clear view']","2026-09-14 21:16:04"
"14042541341","2026-09-14 23:47:58.058","2026-09-14 23:51:03.962","14042541341","160427239","[PREMIUM]","[PREMIUM]","303","26","17_18","17",,2,"[2]",407,"Upper",10,"Mobile Transfer ticket",1,"[PREMIUM]","[PREMIUM]","[PREMIUM]","[PREMIUM]",true,false,"['Clear view']","2026-09-14 20:34:25"
"14042541238","2026-09-14 23:47:58.058","2026-09-14 23:51:03.962","14042541238","160427239","[PREMIUM]","[PREMIUM]","350","22","21_22","21",,2,"[2]",407,"Upper",10,"Mobile Transfer ticket",1,"[PREMIUM]","[PREMIUM]","[PREMIUM]","[PREMIUM]",true,false,"['Clear view']","2026-09-14 20:34:25"
"14042541217","2026-09-14 23:47:58.058","2026-09-14 23:51:03.962","14042541217","160427239","[PREMIUM]","[PREMIUM]","350","25","23198976_23198977","23198976",,2,"[2]",407,"Upper",10,"Mobile Transfer ticket",1,"[PREMIUM]","[PREMIUM]","[PREMIUM]","[PREMIUM]",true,false,"['Clear view']","2026-09-14 20:34:25"
"14042541915","2026-09-14 23:47:58.058","2026-09-14 23:51:03.962","14042541915","160427239","[PREMIUM]","[PREMIUM]","349","19","11_12","11",,2,"[2]",407,"Upper",10,"Mobile Transfer ticket",1,"[PREMIUM]","[PREMIUM]","[PREMIUM]","[PREMIUM]",true,false,"['Clear view']","2026-09-14 20:34:29"
"12701028295","2026-09-14 23:47:57.703","2026-09-24 22:57:46.466","12701028295","160427239","[PREMIUM]","[PREMIUM]","320","25","5_9","5",,5,"[1,2,3,5]",407,"Upper",10,"Mobile Transfer ticket",14,"[PREMIUM]","[PREMIUM]","[PREMIUM]","[PREMIUM]",true,false,"['Clear view']","2026-05-15 18:44:12"
"12476857235","2026-09-14 23:47:57.338","2026-09-14 23:50:31.165","12476857235","160427239","[PREMIUM]","[PREMIUM]","329","20","19_22","19","22",4,"[1,2,4]",407,"Upper",10,"Mobile Transfer ticket",1,"[PREMIUM]","[PREMIUM]","[PREMIUM]","[PREMIUM]",true,false,"['Clear view']","2026-04-25 13:10:52"
"14032636928","2026-09-14 23:47:57.338","2026-09-14 23:50:31.165","14032636928","160427239","[PREMIUM]","[PREMIUM]","342","20","_",,,1,"[1]",407,"Upper",10,"Mobile Transfer ticket",1,"[PREMIUM]","[PREMIUM]","[PREMIUM]","[PREMIUM]",false,false,"['Clear view']","2026-09-13 21:11:10"
"14042282729","2026-09-14 23:47:57.338","2026-09-14 23:50:31.165","14042282729","160427239","[PREMIUM]","[PREMIUM]","337","25","12_13","12",,2,"[2]",407,"Upper",10,"Mobile Transfer ticket",1,"[PREMIUM]","[PREMIUM]","[PREMIUM]","[PREMIUM]",true,false,"['Clear view']","2026-09-14 20:05:32"
"14042282736","2026-09-14 23:47:57.338","2026-09-14 23:50:31.165","14042282736","160427239","[PREMIUM]","[PREMIUM]","315","23","15_16","15",,2,"[2]",407,"Upper",10,"Mobile Transfer ticket",1,"[PREMIUM]","[PREMIUM]","[PREMIUM]","[PREMIUM]",true,false,"['Clear view']","2026-09-14 20:05:32"
"14042541251","2026-09-14 23:47:57.293","2026-09-14 23:50:30.447","14042541251","160427239","[PREMIUM]","[PREMIUM]","347","21","15_16","15",,2,"[2]",407,"Upper",10,"Mobile Transfer ticket",1,"[PREMIUM]","[PREMIUM]","[PREMIUM]","[PREMIUM]",true,false,"['Clear view']","2026-09-14 20:34:25"
"14042541220","2026-09-14 23:47:57.293","2026-09-14 23:50:30.447","14042541220","160427239","[PREMIUM]","[PREMIUM]","329","26","28_29","28",,2,"[2]",407,"Upper",10,"Mobile Transfer ticket",1,"[PREMIUM]","[PREMIUM]","[PREMIUM]","[PREMIUM]",true,false,"['Clear view']","2026-09-14 20:34:25"
"14042541254","2026-09-14 23:47:57.293","2026-09-14 23:50:30.447","14042541254","160427239","[PREMIUM]","[PREMIUM]","306","26","20_21","20",,2,"[2]",407,"Upper",10,"Mobile Transfer ticket",1,"[PREMIUM]","[PREMIUM]","[PREMIUM]","[PREMIUM]",true,false,"['Clear view']","2026-09-14 20:34:25"
"14042541192","2026-09-14 23:47:57.293","2026-09-14 23:50:30.447","14042541192","160427239","[PREMIUM]","[PREMIUM]","322","21","98303076_98303077","98303076",,2,"[2]",407,"Upper",10,"Mobile Transfer ticket",1,"[PREMIUM]","[PREMIUM]","[PREMIUM]","[PREMIUM]",true,false,"['Clear view']","2026-09-14 20:34:25"
"14042541420","2026-09-14 23:47:57.293","2026-09-14 23:50:30.447","14042541420","160427239","[PREMIUM]","[PREMIUM]","327","21","21_22","21",,2,"[2]",407,"Upper",10,"Mobile Transfer ticket",1,"[PREMIUM]","[PREMIUM]","[PREMIUM]","[PREMIUM]",true,false,"['Clear view']","2026-09-14 20:34:26"
"14042541201","2026-09-14 23:47:57.293","2026-09-14 23:50:30.447","14042541201","160427239","[PREMIUM]","[PREMIUM]","345","26","11971620_11971621","11971620",,2,"[2]",407,"Upper",10,"Mobile Transfer ticket",1,"[PREMIUM]","[PREMIUM]","[PREMIUM]","[PREMIUM]",true,false,"['Clear view']","2026-09-14 20:34:25"
"14044025836","2026-09-14 23:47:56.464","2026-09-14 23:47:56.464","14044025836","160424983","[PREMIUM]","[PREMIUM]","317","A","_",,,2,"[2]",478,"Loge",10,"Mobile Transfer ticket",1,"[PREMIUM]","[PREMIUM]","[PREMIUM]","[PREMIUM]",true,false,"['Front Row of Section','Clear view']","2026-09-14 23:41:37"
"14039982011","2026-09-14 23:47:56.273","2026-09-14 23:47:56.273","14039982011","160424983","[PREMIUM]","[PREMIUM]","130","F","_",,,2,"[2]",594,"Lower",10,"Mobile Transfer ticket",1,"[PREMIUM]","[PREMIUM]","[PREMIUM]","[PREMIUM]",true,false,"['Clear view']","2026-09-14 15:44:17"
"14043448441","2026-09-14 23:47:55.945","2026-09-14 23:47:55.945","14043448441","160424983","[PREMIUM]","[PREMIUM]","103","H","9001_9001","9001",,1,"[1]",594,"Lower",10,"Mobile Transfer ticket",13,"[PREMIUM]","[PREMIUM]","[PREMIUM]","[PREMIUM]",false,false,"['Clear view']","2026-09-14 22:26:34"
"14043734538","2026-09-14 23:47:55.529","2026-09-14 23:47:55.529","14043734538","160424983","[PREMIUM]","[PREMIUM]","338","C","_",,,2,"[2]",478,"Loge",10,"Mobile Transfer ticket",1,"[PREMIUM]","[PREMIUM]","[PREMIUM]","[PREMIUM]",true,false,"['Third Row of Section','Clear view']","2026-09-14 23:00:07"
"14044065683","2026-09-14 23:47:54.849","2026-09-14 23:47:54.849","14044065683","160418921","[PREMIUM]","[PREMIUM]","620","A","_",,,1,"[1]",407,"Upper",10,"Mobile Transfer ticket",1,"[PREMIUM]","[PREMIUM]","[PREMIUM]","[PREMIUM]",false,false,"['Front Row of Section','Clear view']","2026-09-14 23:46:22"
"14042891535","2026-09-14 23:47:53.547","2026-09-18 02:12:29.441","14042891535","160424983","[PREMIUM]","[PREMIUM]","133","U","15_16","15","16",2,"[2]",594,"Lower",10,"Mobile Transfer ticket",1,"[PREMIUM]","[PREMIUM]","[PREMIUM]","[PREMIUM]",true,false,"['Clear view']","2026-09-14 21:22:09"
"14042294305","2026-09-14 23:47:40.835","2026-09-16 01:46:48.115","14042294305","160424983","[PREMIUM]","[PREMIUM]","334","G","_",,,1,"[1]",407,"Upper",10,"Mobile Transfer ticket",1,"[PREMIUM]","[PREMIUM]","[PREMIUM]","[PREMIUM]",false,false,"['Clear view']","2026-09-14 20:06:30"
"14043734469","2026-09-14 23:47:31.146","2026-09-14 23:47:31.146","14043734469","160424983","[PREMIUM]","[PREMIUM]","338","H","_",,,2,"[2]",407,"Upper",10,"Mobile Transfer ticket",1,"[PREMIUM]","[PREMIUM]","[PREMIUM]","[PREMIUM]",true,false,"['Clear view']","2026-09-14 23:00:07"
"14034765659","2026-09-14 23:47:30.421","2026-09-18 02:08:54.861","14034765659","160424983","[PREMIUM]","[PREMIUM]","312","T","_",,,4,"[1,2,3,4]",407,"Upper",10,"Mobile Transfer ticket",1,"[PREMIUM]","[PREMIUM]","[PREMIUM]","[PREMIUM]",true,false,"['Clear view']","2026-09-14 02:06:53"
"14034765663","2026-09-14 23:47:30.421","2026-09-18 02:08:54.861","14034765663","160424983","[PREMIUM]","[PREMIUM]","312","S","_",,,4,"[1,2,3,4]",407,"Upper",10,"Mobile Transfer ticket",1,"[PREMIUM]","[PREMIUM]","[PREMIUM]","[PREMIUM]",true,false,"['Clear view']","2026-09-14 02:06:53"
"14034765664","2026-09-14 23:47:29.650","2026-09-18 02:08:54.861","14034765664","160424983","[PREMIUM]","[PREMIUM]","312","V","_",,,4,"[1,2,3,4]",407,"Upper",10,"Mobile Transfer ticket",1,"[PREMIUM]","[PREMIUM]","[PREMIUM]","[PREMIUM]",true,false,"['Clear view']","2026-09-14 02:06:54"
"14041476466","2026-09-14 23:47:21.467","2026-09-14 23:47:21.467","14041476466","160435674","[PREMIUM]","[PREMIUM]","C4","2","_",,,4,"[2,4]",1724,"Club",10,"Mobile Transfer ticket",1,"[PREMIUM]","[PREMIUM]","[PREMIUM]","[PREMIUM]",true,false,"['Second Row of Section','Clear view']","2026-09-14 18:39:08"
"14041475668","2026-09-14 23:47:21.307","2026-09-14 23:47:21.307","14041475668","160435674","[PREMIUM]","[PREMIUM]","F4","2","_",,,2,"[2]",1724,"Club",10,"Mobile Transfer ticket",1,"[PREMIUM]","[PREMIUM]","[PREMIUM]","[PREMIUM]",true,false,"['Second Row of Section','Clear view']","2026-09-14 18:39:03"
"14041475657","2026-09-14 23:47:21.307","2026-09-14 23:47:21.307","14041475657","160435674","[PREMIUM]","[PREMIUM]","F3","4","_",,,4,"[4]",1724,"Club",10,"Mobile Transfer ticket",1,"[PREMIUM]","[PREMIUM]","[PREMIUM]","[PREMIUM]",true,false,"['Clear view']","2026-09-14 18:39:03"
"14041165041","2026-09-14 23:47:21.100","2026-09-18 02:05:16.387","14041165041","160435674","[PREMIUM]","[PREMIUM]","F5","13","9_10","9","10",2,"[2]",1724,"Club",10,"Mobile Transfer ticket",1,"[PREMIUM]","[PREMIUM]","[PREMIUM]","[PREMIUM]",true,false,"['Clear view']","2026-09-14 18:01:25"
"14041475485","2026-09-14 23:47:20.955","2026-09-14 23:47:20.955","14041475485","160435674","[PREMIUM]","[PREMIUM]","V3","1","_",,,4,"[2,4]",1724,"Club",10,"Mobile Transfer ticket",1,"[PREMIUM]","[PREMIUM]","[PREMIUM]","[PREMIUM]",true,false,"['Front Row of Section','Clear view']","2026-09-14 18:39:02"
"14041220021","2026-09-14 23:47:20.955","2026-09-17 01:28:09.550","14041220021","160435674","[PREMIUM]","[PREMIUM]","C1","2","_",,,2,"[2]",1724,"Club",10,"Mobile Transfer ticket",1,"[PREMIUM]","[PREMIUM]","[PREMIUM]","[PREMIUM]",true,false,"['Second Row of Section','Clear view']","2026-09-14 18:09:21"
"14041476712","2026-09-14 23:47:20.204","2026-09-14 23:47:20.204","14041476712","160435674","[PREMIUM]","[PREMIUM]","V4","1","_",,,4,"[2,4]",1724,"Club",10,"Mobile Transfer ticket",1,"[PREMIUM]","[PREMIUM]","[PREMIUM]","[PREMIUM]",true,false,"['Front Row of Section','Clear view']","2026-09-14 18:39:09"
"14041476641","2026-09-14 23:47:20.204","2026-09-14 23:47:20.204","14041476641","160435674","[PREMIUM]","[PREMIUM]","204","9","_",,,2,"[2]",2438,"Club Purple",10,"Mobile Transfer ticket",1,"[PREMIUM]","[PREMIUM]","[PREMIUM]","[PREMIUM]",true,false,"['Clear view']","2026-09-14 18:39:09"
"14041475581","2026-09-14 23:47:20.204","2026-09-14 23:47:20.204","14041475581","160435674","[PREMIUM]","[PREMIUM]","140","1","_",,,2,"[2]",594,"Lower",10,"Mobile Transfer ticket",1,"[PREMIUM]","[PREMIUM]","[PREMIUM]","[PREMIUM]",true,false,"['Front Row of Section','Clear view']","2026-09-14 18:39:03"
"14041476603","2026-09-14 23:47:18.886","2026-09-14 23:47:18.886","14041476603","160435674","[PREMIUM]","[PREMIUM]","129","1","_",,,2,"[2]",594,"Lower",10,"Mobile Transfer ticket",1,"[PREMIUM]","[PREMIUM]","[PREMIUM]","[PREMIUM]",true,false,"['Front Row of Section','Clear view']","2026-09-14 18:39:09"
"14041476396","2026-09-14 23:47:18.488","2026-09-14 23:47:18.488","14041476396","160435674","[PREMIUM]","[PREMIUM]","132","1","_",,,2,"[2]",594,"Lower",10,"Mobile Transfer ticket",1,"[PREMIUM]","[PREMIUM]","[PREMIUM]","[PREMIUM]",true,false,"['Front Row of Section','Clear view']","2026-09-14 18:39:08"
"14041476527","2026-09-14 23:47:18.488","2026-09-14 23:47:18.488","14041476527","160435674","[PREMIUM]","[PREMIUM]","111","1","_",,,4,"[4]",594,"Lower",10,"Mobile Transfer ticket",1,"[PREMIUM]","[PREMIUM]","[PREMIUM]","[PREMIUM]",true,false,"['Front Row of Section','Clear view']","2026-09-14 18:39:09"
"14041476405","2026-09-14 23:47:18.127","2026-09-14 23:47:18.127","14041476405","160435674","[PREMIUM]","[PREMIUM]","C5","1","_",,,2,"[2]",1724,"Club",10,"Mobile Transfer ticket",1,"[PREMIUM]","[PREMIUM]","[PREMIUM]","[PREMIUM]",true,false,"['Front Row of Section','Clear view']","2026-09-14 18:39:08"
"14041219076","2026-09-14 23:47:17.768","2026-09-20 01:52:19.699","14041219076","160435674","[PREMIUM]","[PREMIUM]","342","A","_",,,2,"[2]",306,"Balcony",10,"Mobile Transfer ticket",1,"[PREMIUM]","[PREMIUM]","[PREMIUM]","[PREMIUM]",true,false,"['Front Row of Section','Clear view']","2026-09-14 18:09:12"
"14041476482","2026-09-14 23:47:17.768","2026-09-14 23:47:17.768","14041476482","160435674","[PREMIUM]","[PREMIUM]","101","1","_",,,2,"[2]",594,"Lower",10,"Mobile Transfer ticket",1,"[PREMIUM]","[PREMIUM]","[PREMIUM]","[PREMIUM]",true,false,"['Front Row of Section','Clear view']","2026-09-14 18:39:08"
"14041217069","2026-09-14 23:47:17.060","2026-09-20 01:52:58.926","14041217069","160435674","[PREMIUM]","[PREMIUM]","119","4","_",,,4,"[2,4]",594,"Lower",10,"Mobile Transfer ticket",1,"[PREMIUM]","[PREMIUM]","[PREMIUM]","[PREMIUM]",true,false,"['Front Row of Section','Clear view']","2026-09-14 18:08:55"
"14041475671","2026-09-14 23:47:17.060","2026-09-14 23:47:17.060","14041475671","160435674","[PREMIUM]","[PREMIUM]","C6","1","_",,,4,"[2,4]",1724,"Club",10,"Mobile Transfer ticket",1,"[PREMIUM]","[PREMIUM]","[PREMIUM]","[PREMIUM]",true,false,"['Front Row of Section','Clear view']","2026-09-14 18:39:03"
"14041476422","2026-09-14 23:47:17.060","2026-09-14 23:47:17.060","14041476422","160435674","[PREMIUM]","[PREMIUM]","C3","2","_",,,2,"[2]",1724,"Club",10,"Mobile Transfer ticket",1,"[PREMIUM]","[PREMIUM]","[PREMIUM]","[PREMIUM]",true,false,"['Second Row of Section','Clear view']","2026-09-14 18:39:08"
"14041475523","2026-09-14 23:47:17.060","2026-09-14 23:47:17.060","14041475523","160435674","[PREMIUM]","[PREMIUM]","C10","1","_",,,2,"[2]",1724,"Club",10,"Mobile Transfer ticket",1,"[PREMIUM]","[PREMIUM]","[PREMIUM]","[PREMIUM]",true,false,"['Front Row of Section','Clear view']","2026-09-14 18:39:03"
"14043379820","2026-09-14 23:47:17.060","2026-09-14 23:47:17.060","14043379820","160435674","[PREMIUM]","[PREMIUM]","V3","11","_",,,4,"[4]",1724,"Club",10,"Mobile Transfer ticket",1,"[PREMIUM]","[PREMIUM]","[PREMIUM]","[PREMIUM]",true,false,"['Clear view']","2026-09-14 22:19:53"
"14041218776","2026-09-14 23:47:16.542","2026-09-20 01:52:16.777","14041218776","160435674","[PREMIUM]","[PREMIUM]","128","2","_",,,4,"[2,4]",594,"Lower",10,"Mobile Transfer ticket",1,"[PREMIUM]","[PREMIUM]","[PREMIUM]","[PREMIUM]",true,false,"['Second Row of Section','Clear view']","2026-09-14 18:09:11"
"14032165149","2026-09-14 23:47:11.376","2026-09-20 01:52:27.591","14032165149","160435674","[PREMIUM]","[PREMIUM]","132","2","5_6","5","6",2,"[2]",594,"Lower",10,"Mobile Transfer ticket",1,"[PREMIUM]","[PREMIUM]","[PREMIUM]","[PREMIUM]",true,false,"['Second Row of Section','Clear view']","2026-09-13 20:06:54"
"14041216626","2026-09-14 23:47:11.376","2026-09-17 01:27:33.439","14041216626","160435674","[PREMIUM]","[PREMIUM]","140","2","_",,,2,"[2]",594,"Lower",10,"Mobile Transfer ticket",1,"[PREMIUM]","[PREMIUM]","[PREMIUM]","[PREMIUM]",true,false,"['Second Row of Section','Clear view']","2026-09-14 18:08:51"
"14041475746","2026-09-14 23:47:10.640","2026-09-14 23:47:10.640","14041475746","160435674","[PREMIUM]","[PREMIUM]","341","A","_",,,2,"[2]",306,"Balcony",10,"Mobile Transfer ticket",1,"[PREMIUM]","[PREMIUM]","[PREMIUM]","[PREMIUM]",true,false,"['Front Row of Section','Clear view']","2026-09-14 18:39:04"
"14041476363","2026-09-14 23:47:08.460","2026-09-14 23:47:08.460","14041476363","160435674","[PREMIUM]","[PREMIUM]","343","A","_",,,2,"[2]",306,"Balcony",10,"Mobile Transfer ticket",1,"[PREMIUM]","[PREMIUM]","[PREMIUM]","[PREMIUM]",true,false,"['Front Row of Section','Clear view']","2026-09-14 18:39:08"
"14039876619","2026-09-14 23:47:08.337","2026-09-27 22:50:55.505","14039876619","160435674","[PREMIUM]","[PREMIUM]","128","9","11_12","11","12",2,"[2]",594,"Lower",10,"Mobile Transfer ticket",1,"[PREMIUM]","[PREMIUM]","[PREMIUM]","[PREMIUM]",true,false,"['Clear view']","2026-09-14 15:31:50"
"14041218248","2026-09-14 23:47:08.337","2026-09-17 01:28:08.542","14041218248","160435674","[PREMIUM]","[PREMIUM]","121","5","_",,,2,"[2]",594,"Lower",10,"Mobile Transfer ticket",1,"[PREMIUM]","[PREMIUM]","[PREMIUM]","[PREMIUM]",true,false,"['Second Row of Section','Clear view']","2026-09-14 18:09:06"
"13177496695","2026-09-14 23:47:07.987","2026-09-18 02:04:27.016","13177496695","160435674","[PREMIUM]","[PREMIUM]","107","33","7_12","7","12",6,"[1,2,3,4,6]",594,"Lower",10,"Mobile Transfer ticket",1,"[PREMIUM]","[PREMIUM]","[PREMIUM]","[PREMIUM]",true,false,"['Clear view']","2026-06-29 01:19:18"
"14041476381","2026-09-14 23:47:04.561","2026-09-14 23:47:04.561","14041476381","160435674","[PREMIUM]","[PREMIUM]","314","A","_",,,2,"[2]",306,"Balcony",10,"Mobile Transfer ticket",1,"[PREMIUM]","[PREMIUM]","[PREMIUM]","[PREMIUM]",true,false,"['Front Row of Section','Clear view']","2026-09-14 18:39:08"
"14035230753","2026-09-14 23:47:04.458","2026-09-27 22:50:54.534","14035230753","160435674","[PREMIUM]","[PREMIUM]","238","1","15_16","15","16",2,"[2]",471,"Middle",10,"Mobile Transfer ticket",14,"[PREMIUM]","[PREMIUM]","[PREMIUM]","[PREMIUM]",true,false,"['Front Row of Section','Clear view']","2026-09-14 03:28:25"
"14041475495","2026-09-14 23:47:03.520","2026-09-14 23:47:03.520","14041475495","160435674","[PREMIUM]","[PREMIUM]","215","7","_",,,4,"[4]",471,"Middle",10,"Mobile Transfer ticket",1,"[PREMIUM]","[PREMIUM]","[PREMIUM]","[PREMIUM]",true,false,"['Clear view']","2026-09-14 18:39:02"
"14039881612","2026-09-14 23:47:03.328","2026-09-20 01:51:17.022","14039881612","160435674","[PREMIUM]","[PREMIUM]","106","14","15_16","15","16",2,"[2]",594,"Lower",10,"Mobile Transfer ticket",1,"[PREMIUM]","[PREMIUM]","[PREMIUM]","[PREMIUM]",true,false,"['Clear view']","2026-09-14 15:32:18"
"14041475723","2026-09-14 23:47:02.989","2026-09-14 23:47:02.989","14041475723","160435674","[PREMIUM]","[PREMIUM]","218","3","_",,,2,"[2]",471,"Middle",10,"Mobile Transfer ticket",1,"[PREMIUM]","[PREMIUM]","[PREMIUM]","[PREMIUM]",true,false,"['Third Row of Section','Clear view']","2026-09-14 18:39:04"
"14041476617","2026-09-14 23:47:02.741","2026-09-14 23:47:02.741","14041476617","160435674","[PREMIUM]","[PREMIUM]","216","2","_",,,2,"[2]",471,"Middle",10,"Mobile Transfer ticket",1,"[PREMIUM]","[PREMIUM]","[PREMIUM]","[PREMIUM]",true,false,"['Second Row of Section','Clear view']","2026-09-14 18:39:09"
"14044065625","2026-09-14 23:47:01.495","2026-09-14 23:47:01.495","14044065625","160418921","[PREMIUM]","[PREMIUM]","629","P","_",,,4,"[1,2,4]",407,"Upper",10,"Mobile Transfer ticket",1,"[PREMIUM]","[PREMIUM]","[PREMIUM]","[PREMIUM]",true,false,"['Clear view']","2026-09-14 23:46:22"
"14041476509","2026-09-14 23:47:01.186","2026-09-14 23:47:01.186","14041476509","160435674","[PREMIUM]","[PREMIUM]","312","C","_",,,2,"[2]",306,"Balcony",10,"Mobile Transfer ticket",1,"[PREMIUM]","[PREMIUM]","[PREMIUM]","[PREMIUM]",true,false,"['Third Row of Section','Clear view']","2026-09-14 18:39:09"
"14041647290","2026-09-14 23:46:57.424","2026-09-21 01:34:22.137","14041647290","160426301","[PREMIUM]","[PREMIUM]","244","1","_",,,2,"[2]",407,"Upper",10,"Mobile Transfer ticket",1,"[PREMIUM]","[PREMIUM]","[PREMIUM]","[PREMIUM]",true,false,"['Front Row of Section','Clear view']","2026-09-14 18:57:25"
"14043582464","2026-09-14 23:46:48.303","2026-09-19 01:34:20.217","14043582464","160426301","[PREMIUM]","[PREMIUM]","111","33","13_16","13","16",4,"[2,4]",594,"Lower",10,"Mobile Transfer ticket",1,"[PREMIUM]","[PREMIUM]","[PREMIUM]","[PREMIUM]",true,false,"['Clear view']","2026-09-14 22:41:18"
"14043982934","2026-09-14 23:46:45.685","2026-09-24 02:06:35.893","14043982934","160426301","[PREMIUM]","[PREMIUM]","115","18","8_10","8","10",3,"[1,3]",594,"Lower",10,"Mobile Transfer ticket",1,"[PREMIUM]","[PREMIUM]","[PREMIUM]","[PREMIUM]",true,false,"['Clear view']","2026-09-14 23:34:24"
"14040724440","2026-09-14 23:46:45.351","2026-09-23 01:35:47.082","14040724440","160426301","[PREMIUM]","[PREMIUM]","105","18","5_6","5","6",2,"[2]",594,"Lower",11,"Mobile ticket",1,"[PREMIUM]","[PREMIUM]","[PREMIUM]","[PREMIUM]",true,false,"['Clear view','Instant download']","2026-09-14 17:08:52"
"14039903408","2026-09-14 23:46:42.717","2026-09-27 22:52:57.836","14039903408","160426301","[PREMIUM]","[PREMIUM]","112","12","15_16","15","16",2,"[2]",594,"Lower",10,"Mobile Transfer ticket",1,"[PREMIUM]","[PREMIUM]","[PREMIUM]","[PREMIUM]",true,false,"['Clear view']","2026-09-14 15:35:18"
"13969850466","2026-09-14 23:46:42.583","2026-09-14 23:46:42.583","13969850466","160424910","[PREMIUM]","[PREMIUM]","618","1","9001_9002","9001",,2,"[2]",17205,"Terrace 600-Level",10,"Mobile Transfer ticket",13,"[PREMIUM]","[PREMIUM]","[PREMIUM]","[PREMIUM]",true,false,"['Front Row of Section','Clear view']","2026-09-08 19:30:16"
"14043207458","2026-09-14 23:46:41.358","2026-09-27 22:52:43.523","14043207458","160426301","[PREMIUM]","[PREMIUM]","215","12","_",,,1,"[1]",407,"Upper",10,"Mobile Transfer ticket",1,"[PREMIUM]","[PREMIUM]","[PREMIUM]","[PREMIUM]",false,false,"['Clear view']","2026-09-14 22:01:48"
"14041311465","2026-09-14 23:46:40.726","2026-09-20 01:50:07.021","14041311465","160426301","[PREMIUM]","[PREMIUM]","220","5","_",,,2,"[2]",407,"Upper",10,"Mobile Transfer ticket",1,"[PREMIUM]","[PREMIUM]","[PREMIUM]","[PREMIUM]",true,false,"['Clear view']","2026-09-14 18:20:25"
"14040758228","2026-09-14 23:46:37.427","2026-09-18 02:04:23.788","14040758228","160426301","[PREMIUM]","[PREMIUM]","243","14","3_4","3","4",2,"[1,2]",407,"Upper",10,"Mobile Transfer ticket",1,"[PREMIUM]","[PREMIUM]","[PREMIUM]","[PREMIUM]",true,false,"['Clear view']","2026-09-14 17:11:12"
"13916923682","2026-09-14 23:46:36.042","2026-09-17 01:29:31.803","13916923682","160426301","[PREMIUM]","[PREMIUM]","228","7","9001_9002","9001",,2,"[2]",407,"Upper",10,"Mobile Transfer ticket",13,"[PREMIUM]","[PREMIUM]","[PREMIUM]","[PREMIUM]",true,false,"['Clear view']","2026-09-03 17:16:40"
"14042261849","2026-09-14 23:46:35.017","2026-09-21 01:32:29.513","14042261849","160426301","[PREMIUM]","[PREMIUM]","242","29","3_4","3","4",2,"[2]",407,"Upper",10,"Mobile Transfer ticket",1,"[PREMIUM]","[PREMIUM]","[PREMIUM]","[PREMIUM]",true,false,"['Clear view']","2026-09-14 20:03:02"
"13678656772","2026-09-14 23:46:32.750","2026-09-25 23:27:01.839","13678656772","160426301","[PREMIUM]","[PREMIUM]","216","21","10_12","10",,3,"[1,3]",407,"Upper",10,"Mobile Transfer ticket",1,"[PREMIUM]","[PREMIUM]","[PREMIUM]","[PREMIUM]",true,false,"['Clear view']","2026-08-14 23:44:08"
"14010282731","2026-09-14 23:46:32.737","2026-09-14 23:46:32.737","14010282731","160426301","[PREMIUM]","[PREMIUM]","209","16","9001_9002","9001","9002",2,"[2]",407,"Upper",10,"Mobile Transfer ticket",13,"[PREMIUM]","[PREMIUM]","[PREMIUM]","[PREMIUM]",true,false,"['Clear view']","2026-09-11 20:58:00"
"13795892059","2026-09-14 23:46:32.070","2026-09-26 05:12:47.654","13795892059","160426301","[PREMIUM]","[PREMIUM]","101","34","_",,,2,"[1,2]",594,"Lower",10,"Mobile Transfer ticket",1,"[PREMIUM]","[PREMIUM]","[PREMIUM]","[PREMIUM]",true,false,"['Clear view']","2026-08-24 21:32:58"
"13794910643","2026-09-14 23:46:32.070","2026-09-26 05:12:47.419","13794910643","160426301","[PREMIUM]","[PREMIUM]","102","34","_",,,2,"[1,2]",594,"Lower",10,"Mobile Transfer ticket",1,"[PREMIUM]","[PREMIUM]","[PREMIUM]","[PREMIUM]",true,false,"['Clear view']","2026-08-24 20:36:04"
"13796203290","2026-09-14 23:46:32.070","2026-09-26 05:12:47.654","13796203290","160426301","[PREMIUM]","[PREMIUM]","101",,"_",,,4,"[1,2,3,4]",594,"Lower",10,"Mobile Transfer ticket",1,"[PREMIUM]","[PREMIUM]","[PREMIUM]","[PREMIUM]",true,true,"['Clear view']","2026-08-24 21:57:00"
"13627379495","2026-09-14 23:46:13.237","2026-09-17 01:29:27.617","13627379495","160424910","[PREMIUM]","[PREMIUM]","151","18","5_8","5","8",4,"[2,4]",17200,"Street 100-Level",10,"Mobile Transfer ticket",1,"[PREMIUM]","[PREMIUM]","[PREMIUM]","[PREMIUM]",true,false,"['Clear view']","2026-08-10 13:07:34"
"14041443762","2026-09-14 23:46:11.240","2026-09-24 02:05:16.608","14041443762","160424910","[PREMIUM]","[PREMIUM]","431","1","_",,,4,"[4]",17203,"Loge 400-Level",10,"Mobile Transfer ticket",1,"[PREMIUM]","[PREMIUM]","[PREMIUM]","[PREMIUM]",true,false,"['Front Row of Section','Clear view']","2026-09-14 18:34:42"
"12690673329","2026-09-14 23:46:10.566","2026-09-27 05:16:37.810","12690673329","160424910","[PREMIUM]","[PREMIUM]","151","23","10_13","10",,4,"[2,4]",17200,"Street 100-Level",10,"Mobile Transfer ticket",1,"[PREMIUM]","[PREMIUM]","[PREMIUM]","[PREMIUM]",true,false,"['Clear view']","2026-05-14 23:26:40"
"14011178341","2026-09-14 23:46:09.653","2026-09-19 01:34:49.201","14011178341","160424910","[PREMIUM]","[PREMIUM]","230",,"998963779_998963782","998963779",,2,"[2]",17201,"Street 200-Level",10,"Mobile Transfer ticket",1,"[PREMIUM]","[PREMIUM]","[PREMIUM]","[PREMIUM]",true,true,"['Clear view']","2026-09-11 22:27:03"
"14041475661","2026-09-14 23:46:09.294","2026-09-14 23:46:09.294","14041475661","160435674","[PREMIUM]","[PREMIUM]","222","1","_",,,2,"[2]",471,"Middle",10,"Mobile Transfer ticket",1,"[PREMIUM]","[PREMIUM]","[PREMIUM]","[PREMIUM]",true,false,"['Front Row of Section','Clear view']","2026-09-14 18:39:03"
"14041475678","2026-09-14 23:46:09.294","2026-09-14 23:46:09.294","14041475678","160435674","[PREMIUM]","[PREMIUM]","216","3","_",,,3,"[3]",471,"Middle",10,"Mobile Transfer ticket",1,"[PREMIUM]","[PREMIUM]","[PREMIUM]","[PREMIUM]",true,false,"['Third Row of Section','Clear view']","2026-09-14 18:39:03"
"14041207990","2026-09-14 23:46:07.533","2026-09-24 02:03:56.800","14041207990","160424910","[PREMIUM]","[PREMIUM]","520","2","9001_9002","9001",,2,"[2]",17204,"Terrace 500-Level",10,"Mobile Transfer ticket",13,"[PREMIUM]","[PREMIUM]","[PREMIUM]","[PREMIUM]",true,false,"['Second Row of Section','Clear view']","2026-09-14 18:07:40"
"14042212396","2026-09-14 23:46:07.533","2026-09-19 01:34:48.138","14042212396","160424910","[PREMIUM]","[PREMIUM]","403","16","_",,,6,"[1,2,4,6]",17203,"Loge 400-Level",10,"Mobile Transfer ticket",14,"[PREMIUM]","[PREMIUM]","[PREMIUM]","[PREMIUM]",true,false,"['Clear view']","2026-09-14 19:57:39"
"14011180576","2026-09-14 23:46:03.655","2026-09-18 02:02:38.971","14011180576","160424910","[PREMIUM]","[PREMIUM]","422",,"998963975_998963978","998963975",,2,"[2]",17203,"Loge 400-Level",10,"Mobile Transfer ticket",1,"[PREMIUM]","[PREMIUM]","[PREMIUM]","[PREMIUM]",true,true,"['Clear view']","2026-09-11 22:27:15"
"14042212432","2026-09-14 23:45:59.555","2026-09-14 23:45:59.555","14042212432","160424910","[PREMIUM]","[PREMIUM]","610","17","_",,,10,"[1,2,3,4,5,6,8,10]",17205,"Terrace 600-Level",10,"Mobile Transfer ticket",14,"[PREMIUM]","[PREMIUM]","[PREMIUM]","[PREMIUM]",true,false,"['Clear view']","2026-09-14 19:57:39"
"14042212422","2026-09-14 23:45:57.092","2026-09-17 01:28:16.866","14042212422","160424910","[PREMIUM]","[PREMIUM]","629","12","_",,,4,"[2,4]",17205,"Terrace 600-Level",10,"Mobile Transfer ticket",14,"[PREMIUM]","[PREMIUM]","[PREMIUM]","[PREMIUM]",true,false,"['Clear view']","2026-09-14 19:57:39"
"14042109947","2026-09-14 23:45:48.710","2026-09-14 23:47:06.610","14042109947","160418921","[PREMIUM]","[PREMIUM]","601","G","_",,,2,"[2]",407,"Upper",10,"Mobile Transfer ticket",14,"[PREMIUM]","[PREMIUM]","[PREMIUM]","[PREMIUM]",true,false,"['Clear view']","2026-09-14 19:45:00"
"14042109959","2026-09-14 23:45:48.710","2026-09-14 23:47:06.610","14042109959","160418921","[PREMIUM]","[PREMIUM]","623","E","_",,,4,"[2,4]",407,"Upper",10,"Mobile Transfer ticket",14,"[PREMIUM]","[PREMIUM]","[PREMIUM]","[PREMIUM]",true,false,"['Clear view']","2026-09-14 19:45:00"
"12692035340","2026-09-14 23:45:48.378","2026-09-20 01:57:16.903","12692035340","160418921","[PREMIUM]","[PREMIUM]","117","Q","17_18","17",,2,"[1,2]",594,"Lower",10,"Mobile Transfer ticket",1,"[PREMIUM]","[PREMIUM]","[PREMIUM]","[PREMIUM]",true,false,"['Clear view']","2026-05-15 01:48:24"
"13971142392","2026-09-14 23:45:48.245","2026-09-26 05:19:27.334","13971142392","160424978","[PREMIUM]","[PREMIUM]","114","F","15_16","15",,2,"[2]",594,"Lower",10,"Mobile Transfer ticket",1,"[PREMIUM]","[PREMIUM]","[PREMIUM]","[PREMIUM]",true,false,"['Clear view']","2026-09-08 22:25:49"
"14043478796","2026-09-14 23:45:48.245","2026-09-14 23:45:48.245","14043478796","160424978","[PREMIUM]","[PREMIUM]","334","G","9001_9001","9001",,1,"[1]",407,"Upper",10,"Mobile Transfer ticket",1,"[PREMIUM]","[PREMIUM]","[PREMIUM]","[PREMIUM]",false,false,"['Clear view']","2026-09-14 22:29:28"
"14042077122","2026-09-14 23:45:47.571","2026-09-27 22:51:51.269","14042077122","160418921","[PREMIUM]","[PREMIUM]","134","CC","_",,,4,"[1,2,4]",594,"Lower",10,"Mobile Transfer ticket",1,"[PREMIUM]","[PREMIUM]","[PREMIUM]","[PREMIUM]",true,false,"['Clear view']","2026-09-14 19:41:37"
"14043161856","2026-09-14 23:45:47.231","2026-09-16 01:43:59.475","14043161856","160418921","[PREMIUM]","[PREMIUM]","608","A","9001_9002","9001",,2,"[2]",407,"Upper",10,"Mobile Transfer ticket",13,"[PREMIUM]","[PREMIUM]","[PREMIUM]","[PREMIUM]",true,false,"['Front Row of Section','Clear view']","2026-09-14 21:58:05"
"13925298178","2026-09-14 23:45:42.777","2026-09-16 01:38:38.544","13925298178","160418921","[PREMIUM]","[PREMIUM]","607","A","_",,,4,"[2,4]",407,"Upper",10,"Mobile Transfer ticket",14,"[PREMIUM]","[PREMIUM]","[PREMIUM]","[PREMIUM]",true,false,"['Front Row of Section','Clear view']","2026-09-04 10:30:36"
"14042648147","2026-09-14 23:45:34.644","2026-09-18 02:02:30.582","14042648147","160418921","[PREMIUM]","[PREMIUM]","320","D","5_6","5","6",2,"[2]",507,"Mezzanine",11,"Mobile ticket",1,"[PREMIUM]","[PREMIUM]","[PREMIUM]","[PREMIUM]",true,false,"['Clear view']","2026-09-14 20:48:27"
"14042077312","2026-09-14 23:45:29.683","2026-09-27 22:51:41.216","14042077312","160418921","[PREMIUM]","[PREMIUM]","544","E","_",,,3,"[1,3]",1289,"Loge",10,"Mobile Transfer ticket",1,"[PREMIUM]","[PREMIUM]","[PREMIUM]","[PREMIUM]",true,false,"['Clear view']","2026-09-14 19:41:38"
"14042109957","2026-09-14 23:45:27.838","2026-09-14 23:48:52.322","14042109957","160418921","[PREMIUM]","[PREMIUM]","520","C","_",,,2,"[2]",1289,"Loge",10,"Mobile Transfer ticket",14,"[PREMIUM]","[PREMIUM]","[PREMIUM]","[PREMIUM]",true,false,"['Third Row of Section','Clear view']","2026-09-14 19:45:00"
"14042109934","2026-09-14 23:45:17.446","2026-09-16 01:37:47.248","14042109934","160418921","[PREMIUM]","[PREMIUM]","607","F","_",,,6,"[1,2,4,6]",407,"Upper",10,"Mobile Transfer ticket",14,"[PREMIUM]","[PREMIUM]","[PREMIUM]","[PREMIUM]",true,false,"['Clear view']","2026-09-14 19:45:00"
"14042077181","2026-09-14 23:45:16.782","2026-09-14 23:47:54.849","14042077181","160418921","[PREMIUM]","[PREMIUM]","603","F","_",,,5,"[1,2,3,5]",407,"Upper",10,"Mobile Transfer ticket",1,"[PREMIUM]","[PREMIUM]","[PREMIUM]","[PREMIUM]",true,false,"['Clear view']","2026-09-14 19:41:37"
"14042077190","2026-09-14 23:45:16.307","2026-09-27 22:52:43.053","14042077190","160418921","[PREMIUM]","[PREMIUM]","630","D","_",,,4,"[1,2,4]",407,"Upper",10,"Mobile Transfer ticket",1,"[PREMIUM]","[PREMIUM]","[PREMIUM]","[PREMIUM]",true,false,"['Clear view']","2026-09-14 19:41:37"
"14042077166","2026-09-14 23:45:16.098","2026-09-27 22:52:35.886","14042077166","160418921","[PREMIUM]","[PREMIUM]","630","E","_",,,4,"[1,2,4]",407,"Upper",10,"Mobile Transfer ticket",1,"[PREMIUM]","[PREMIUM]","[PREMIUM]","[PREMIUM]",true,false,"['Clear view']","2026-09-14 19:41:37"
"14040805310","2026-09-14 23:45:13.770","2026-09-24 02:04:14.271","14040805310","160424914","[PREMIUM]","[PREMIUM]","325","1","9001_9002","9001",,2,"[2]",17202,"Loge 300-Level",10,"Mobile Transfer ticket",13,"[PREMIUM]","[PREMIUM]","[PREMIUM]","[PREMIUM]",true,false,"['Front Row of Section','Clear view']","2026-09-14 17:18:22"
"13971817437","2026-09-14 23:45:13.624","2026-09-27 22:53:03.250","13971817437","160424914","[PREMIUM]","[PREMIUM]","109","22","9001_9002","9001",,2,"[2]",17200,"Street 100-Level",10,"Mobile Transfer ticket",1,"[PREMIUM]","[PREMIUM]","[PREMIUM]","[PREMIUM]",true,false,"['Clear view']","2026-09-08 23:36:47"
"14011180279","2026-09-14 23:45:13.483","2026-09-14 23:45:13.483","14011180279","160424914","[PREMIUM]","[PREMIUM]","410",,"998962290_998962293","998962290",,2,"[2]",17203,"Loge 400-Level",10,"Mobile Transfer ticket",1,"[PREMIUM]","[PREMIUM]","[PREMIUM]","[PREMIUM]",true,true,"['Clear view']","2026-09-11 22:27:14"
"14042077240","2026-09-14 23:45:13.458","2026-09-27 22:52:35.886","14042077240","160418921","[PREMIUM]","[PREMIUM]","605","G","_",,,4,"[2,4]",407,"Upper",10,"Mobile Transfer ticket",1,"[PREMIUM]","[PREMIUM]","[PREMIUM]","[PREMIUM]",true,false,"['Clear view']","2026-09-14 19:41:38"
"14042077167","2026-09-14 23:45:13.287","2026-09-27 22:52:35.273","14042077167","160418921","[PREMIUM]","[PREMIUM]","604","F","_",,,4,"[2,4]",407,"Upper",10,"Mobile Transfer ticket",1,"[PREMIUM]","[PREMIUM]","[PREMIUM]","[PREMIUM]",true,false,"['Clear view']","2026-09-14 19:41:37"
"14042077182","2026-09-14 23:45:13.078","2026-09-27 22:51:28.232","14042077182","160418921","[PREMIUM]","[PREMIUM]","645","C","_",,,5,"[1,2,3,5]",407,"Upper",10,"Mobile Transfer ticket",1,"[PREMIUM]","[PREMIUM]","[PREMIUM]","[PREMIUM]",true,false,"['Third Row of Section','Clear view']","2026-09-14 19:41:37"
"14042109927","2026-09-14 23:45:13.078","2026-09-17 01:24:40.556","14042109927","160418921","[PREMIUM]","[PREMIUM]","613","G","_",,,2,"[2]",407,"Upper",10,"Mobile Transfer ticket",14,"[PREMIUM]","[PREMIUM]","[PREMIUM]","[PREMIUM]",true,false,"['Clear view']","2026-09-14 19:44:59"
"14042077223","2026-09-14 23:45:12.968","2026-09-27 22:51:28.955","14042077223","160418921","[PREMIUM]","[PREMIUM]","630","J","_",,,4,"[2,4]",407,"Upper",10,"Mobile Transfer ticket",1,"[PREMIUM]","[PREMIUM]","[PREMIUM]","[PREMIUM]",true,false,"['Clear view']","2026-09-14 19:41:37"
"13528428002","2026-09-14 23:45:12.790","2026-09-14 23:47:53.213","13528428002","160418921","[PREMIUM]","[PREMIUM]","640","L","_",,,4,"[2,4]",407,"Upper",10,"Mobile Transfer ticket",1,"[PREMIUM]","[PREMIUM]","[PREMIUM]","[PREMIUM]",true,false,"['Clear view']","2026-07-31 13:27:36"
"14011428482","2026-09-14 23:45:12.790","2026-09-14 23:47:53.213","14011428482","160418921","[PREMIUM]","[PREMIUM]","630",,"998974939_998974942","998974939",,2,"[2]",407,"Upper",10,"Mobile Transfer ticket",1,"[PREMIUM]","[PREMIUM]","[PREMIUM]","[PREMIUM]",true,true,"['Clear view']","2026-09-11 22:47:59"
"14042077113","2026-09-14 23:45:12.426","2026-09-27 22:51:28.094","14042077113","160418921","[PREMIUM]","[PREMIUM]","612","M","_",,,4,"[2,4]",407,"Upper",10,"Mobile Transfer ticket",1,"[PREMIUM]","[PREMIUM]","[PREMIUM]","[PREMIUM]",true,false,"['Clear view']","2026-09-14 19:41:37"
"14042109913","2026-09-14 23:45:12.426","2026-09-14 23:47:52.372","14042109913","160418921","[PREMIUM]","[PREMIUM]","627","G","_",,,6,"[1,2,4,6]",407,"Upper",10,"Mobile Transfer ticket",14,"[PREMIUM]","[PREMIUM]","[PREMIUM]","[PREMIUM]",true,false,"['Clear view']","2026-09-14 19:44:59"
"13970936761","2026-09-14 23:45:11.485","2026-09-14 23:47:07.211","13970936761","160418921","[PREMIUM]","[PREMIUM]","645","G","15_16","15",,2,"[2]",407,"Upper",10,"Mobile Transfer ticket",14,"[PREMIUM]","[PREMIUM]","[PREMIUM]","[PREMIUM]",true,false,"['Clear view']","2026-09-08 21:45:27"
"14042109938","2026-09-14 23:45:11.485","2026-09-14 23:47:07.211","14042109938","160418921","[PREMIUM]","[PREMIUM]","618","E","_",,,4,"[2,4]",407,"Upper",10,"Mobile Transfer ticket",14,"[PREMIUM]","[PREMIUM]","[PREMIUM]","[PREMIUM]",true,false,"['Clear view']","2026-09-14 19:45:00"
"14042109950","2026-09-14 23:45:11.291","2026-09-14 23:47:06.808","14042109950","160418921","[PREMIUM]","[PREMIUM]","623","C","_",,,2,"[2]",407,"Upper",10,"Mobile Transfer ticket",14,"[PREMIUM]","[PREMIUM]","[PREMIUM]","[PREMIUM]",true,false,"['Third Row of Section','Clear view']","2026-09-14 19:45:00"
"12691259569","2026-09-14 23:45:09.744","2026-09-27 22:52:16.304","12691259569","160418921","[PREMIUM]","[PREMIUM]","648","N","_",,,4,"[2,4]",407,"Upper",10,"Mobile Transfer ticket",1,"[PREMIUM]","[PREMIUM]","[PREMIUM]","[PREMIUM]",true,false,"['Clear view']","2026-05-15 00:30:51"
"14011427313","2026-09-14 23:45:09.744","2026-09-18 02:00:29.265","14011427313","160418921","[PREMIUM]","[PREMIUM]","652",,"998975037_998975040","998975037",,2,"[2]",407,"Upper",10,"Mobile Transfer ticket",1,"[PREMIUM]","[PREMIUM]","[PREMIUM]","[PREMIUM]",true,true,"['Clear view']","2026-09-11 22:47:55"
"14042077282","2026-09-14 23:45:09.641","2026-09-27 22:52:20.336","14042077282","160418921","[PREMIUM]","[PREMIUM]","618","G","_",,,3,"[1,3]",407,"Upper",10,"Mobile Transfer ticket",1,"[PREMIUM]","[PREMIUM]","[PREMIUM]","[PREMIUM]",true,false,"['Clear view']","2026-09-14 19:41:38"
"14042077055","2026-09-14 23:45:09.402","2026-09-27 22:51:21.887","14042077055","160418921","[PREMIUM]","[PREMIUM]","652","F","_",,,4,"[1,2,4]",407,"Upper",10,"Mobile Transfer ticket",1,"[PREMIUM]","[PREMIUM]","[PREMIUM]","[PREMIUM]",true,false,"['Clear view']","2026-09-14 19:41:37"
"14042077265","2026-09-14 23:45:09.308","2026-09-27 22:52:28.723","14042077265","160418921","[PREMIUM]","[PREMIUM]","627","H","_",,,5,"[1,2,3,5]",407,"Upper",10,"Mobile Transfer ticket",1,"[PREMIUM]","[PREMIUM]","[PREMIUM]","[PREMIUM]",true,false,"['Clear view']","2026-09-14 19:41:38"
"14042077119","2026-09-14 23:45:09.009","2026-09-27 22:52:20.336","14042077119","160418921","[PREMIUM]","[PREMIUM]","615","L","_",,,4,"[1,2,4]",407,"Upper",10,"Mobile Transfer ticket",1,"[PREMIUM]","[PREMIUM]","[PREMIUM]","[PREMIUM]",true,false,"['Clear view']","2026-09-14 19:41:37"
"14042109943","2026-09-14 23:45:09.002","2026-09-14 23:47:02.239","14042109943","160418921","[PREMIUM]","[PREMIUM]","617","K","_",,,6,"[1,2,4,6]",407,"Upper",10,"Mobile Transfer ticket",1,"[PREMIUM]","[PREMIUM]","[PREMIUM]","[PREMIUM]",true,false,"['Clear view']","2026-09-14 19:45:00"
"14042109956","2026-09-14 23:45:09.002","2026-09-14 23:47:02.239","14042109956","160418921","[PREMIUM]","[PREMIUM]","623","G","_",,,3,"[1,3]",407,"Upper",10,"Mobile Transfer ticket",14,"[PREMIUM]","[PREMIUM]","[PREMIUM]","[PREMIUM]",true,false,"['Clear view']","2026-09-14 19:45:00"
"13265053166","2026-09-14 23:45:08.295","2026-09-27 22:52:16.304","13265053166","160418921","[PREMIUM]","[PREMIUM]","615","P","_",,,4,"[2,4]",407,"Upper",10,"Mobile Transfer ticket",1,"[PREMIUM]","[PREMIUM]","[PREMIUM]","[PREMIUM]",true,false,"['Clear view']","2026-07-06 19:36:01"
"14042085168","2026-09-14 23:45:07.672","2026-09-27 22:50:56.835","14042085168","160424978","[PREMIUM]","[PREMIUM]","320","A","4_5","4","5",2,"[2]",478,"Loge",10,"Mobile Transfer ticket",1,"[PREMIUM]","[PREMIUM]","[PREMIUM]","[PREMIUM]",true,false,"['Front Row of Section','Clear view']","2026-09-14 19:42:28"
"14041207015","2026-09-14 23:45:07.039","2026-09-18 01:53:59.717","14041207015","160424978","[PREMIUM]","[PREMIUM]","307","C","9001_9006","9001",,6,"[1,2,3,4,6]",478,"Loge",10,"Mobile Transfer ticket",1,"[PREMIUM]","[PREMIUM]","[PREMIUM]","[PREMIUM]",true,false,"['Third Row of Section','Clear view']","2026-09-14 18:07:28"
"12699261001","2026-09-14 23:45:01.552","2026-09-23 01:31:05.176","12699261001","160424914","[PREMIUM]","[PREMIUM]","644","4","_",,,5,"[1,2,3,5]",17205,"Terrace 600-Level",10,"Mobile Transfer ticket",1,"[PREMIUM]","[PREMIUM]","[PREMIUM]","[PREMIUM]",true,false,"['Clear view']","2026-05-15 15:47:41"
"14030884903","2026-09-14 23:45:00.367","2026-09-14 23:45:00.367","14030884903","160418786","[PREMIUM]","[PREMIUM]","124","Z","_",,,6,"[6]",594,"Lower",10,"Mobile Transfer ticket",1,"[PREMIUM]","[PREMIUM]","[PREMIUM]","[PREMIUM]",true,false,"['Clear view']","2026-09-13 17:35:02"
"14036708672","2026-09-14 23:45:00.367","2026-09-14 23:45:00.367","14036708672","160418786","[PREMIUM]","[PREMIUM]","122","W","_",,,2,"[2]",594,"Lower",10,"Mobile Transfer ticket",1,"[PREMIUM]","[PREMIUM]","[PREMIUM]","[PREMIUM]",true,false,"['Clear view']","2026-09-14 07:19:40"
"14043136652","2026-09-14 23:45:00.367","2026-09-14 23:45:00.367","14043136652","160418786","[PREMIUM]","[PREMIUM]","121","Z","_",,,4,"[4]",594,"Lower",10,"Mobile Transfer ticket",1,"[PREMIUM]","[PREMIUM]","[PREMIUM]","[PREMIUM]",true,false,"['Clear view']","2026-09-14 21:55:05"
"13184510981","2026-09-14 23:45:00.220","2026-09-16 01:37:51.785","13184510981","160424978","[PREMIUM]","[PREMIUM]","132","C","7_8","7","8",2,"[2]",594,"Lower",10,"Mobile Transfer ticket",1,"[PREMIUM]","[PREMIUM]","[PREMIUM]","[PREMIUM]",true,false,"['Third Row of Section','Clear view']","2026-06-29 17:24:41"
"14044025905","2026-09-14 23:45:00.220","2026-09-14 23:45:00.220","14044025905","160424978","[PREMIUM]","[PREMIUM]","142","AA","_",,,2,"[2]",594,"Lower",10,"Mobile Transfer ticket",1,"[PREMIUM]","[PREMIUM]","[PREMIUM]","[PREMIUM]",true,false,"['Clear view']","2026-09-14 23:41:38"
"13184526492","2026-09-14 23:44:43.803","2026-09-14 23:44:43.803","13184526492","160424978","[PREMIUM]","[PREMIUM]","111","J","23_24","23","24",2,"[2]",594,"Lower",10,"Mobile Transfer ticket",1,"[PREMIUM]","[PREMIUM]","[PREMIUM]","[PREMIUM]",true,false,"['Clear view']","2026-06-29 17:26:41"
"14043306063","2026-09-14 23:44:42.638","2026-09-14 23:44:42.638","14043306063","160424978","[PREMIUM]","[PREMIUM]","123","B","_",,,1,"[1]",594,"Lower",10,"Mobile Transfer ticket",1,"[PREMIUM]","[PREMIUM]","[PREMIUM]","[PREMIUM]",false,false,"['Second Row of Section','Clear view']","2026-09-14 22:13:09"
"14041207034","2026-09-14 23:44:42.295","2026-09-14 23:44:42.295","14041207034","160424978","[PREMIUM]","[PREMIUM]","319","C","9001_9006","9001",,6,"[1,2,3,4,6]",478,"Loge",10,"Mobile Transfer ticket",1,"[PREMIUM]","[PREMIUM]","[PREMIUM]","[PREMIUM]",true,false,"['Third Row of Section','Clear view']","2026-09-14 18:07:28"
"14043017027","2026-09-14 23:44:42.295","2026-09-14 23:44:42.295","14043017027","160424978","[PREMIUM]","[PREMIUM]","317","A","9001_9004","9001",,4,"[1,2,4]",478,"Loge",10,"Mobile Transfer ticket",1,"[PREMIUM]","[PREMIUM]","[PREMIUM]","[PREMIUM]",true,false,"['Front Row of Section','Clear view']","2026-09-14 21:38:35"
"14043006154","2026-09-14 23:44:39.787","2026-09-14 23:44:39.787","14043006154","160418786","[PREMIUM]","[PREMIUM]","240","Z","_",,,2,"[2]",471,"Middle",10,"Mobile Transfer ticket",1,"[PREMIUM]","[PREMIUM]","[PREMIUM]","[PREMIUM]",true,false,"['Clear view']","2026-09-14 21:37:28"
"14043944255","2026-09-14 23:44:39.787","2026-09-14 23:44:39.787","14043944255","160418786","[PREMIUM]","[PREMIUM]","122","E","_",,,2,"[2]",594,"Lower",10,"Mobile Transfer ticket",1,"[PREMIUM]","[PREMIUM]","[PREMIUM]","[PREMIUM]",true,false,"['Clear view']","2026-09-14 23:27:28"
"14043944245","2026-09-14 23:44:39.787","2026-09-14 23:44:39.787","14043944245","160418786","[PREMIUM]","[PREMIUM]","124","F","_",,,2,"[2]",594,"Lower",10,"Mobile Transfer ticket",1,"[PREMIUM]","[PREMIUM]","[PREMIUM]","[PREMIUM]",true,false,"['Clear view']","2026-09-14 23:27:28"
"14043119822","2026-09-14 23:44:35.059","2026-09-14 23:44:35.059","14043119822","160424978","[PREMIUM]","[PREMIUM]","309","C","_",,,2,"[2]",478,"Loge",10,"Mobile Transfer ticket",1,"[PREMIUM]","[PREMIUM]","[PREMIUM]","[PREMIUM]",true,false,"['Third Row of Section','Clear view']","2026-09-14 21:53:15"
"14036928275","2026-09-14 23:44:34.734","2026-09-14 23:44:34.734","14036928275","160424978","[PREMIUM]","[PREMIUM]","343","D","9001_9004","9001",,4,"[1,2,4]",478,"Loge",10,"Mobile Transfer ticket",1,"[PREMIUM]","[PREMIUM]","[PREMIUM]","[PREMIUM]",true,false,"['Clear view']","2026-09-14 07:49:34"
"14041705894","2026-09-14 23:44:34.029","2026-09-14 23:44:34.029","14041705894","160424978","[PREMIUM]","[PREMIUM]","303","C","9001_9002","9001",,2,"[2]",478,"Loge",10,"Mobile Transfer ticket",1,"[PREMIUM]","[PREMIUM]","[PREMIUM]","[PREMIUM]",true,false,"['Third Row of Section','Clear view']","2026-09-14 19:04:55"
"14043725114","2026-09-14 23:44:34.029","2026-09-14 23:44:34.029","14043725114","160424978","[PREMIUM]","[PREMIUM]","306","E","_",,,6,"[1,2,3,4,5,6]",478,"Loge",10,"Mobile Transfer ticket",1,"[PREMIUM]","[PREMIUM]","[PREMIUM]","[PREMIUM]",true,false,"['Clear view']","2026-09-14 22:58:57"
"14043723228","2026-09-14 23:44:33.704","2026-09-14 23:44:33.704","14043723228","160424978","[PREMIUM]","[PREMIUM]","343","F","_",,,4,"[1,2,3,4]",478,"Loge",10,"Mobile Transfer ticket",1,"[PREMIUM]","[PREMIUM]","[PREMIUM]","[PREMIUM]",true,false,"['Clear view']","2026-09-14 22:58:45"
"14041777969","2026-09-14 23:44:33.374","2026-09-14 23:44:33.374","14041777969","160424978","[PREMIUM]","[PREMIUM]","332","C","_",,,4,"[2,4]",478,"Loge",10,"Mobile Transfer ticket",1,"[PREMIUM]","[PREMIUM]","[PREMIUM]","[PREMIUM]",true,false,"['Third Row of Section','Clear view']","2026-09-14 19:12:45"
"14043722850","2026-09-14 23:44:33.039","2026-09-14 23:44:33.039","14043722850","160424978","[PREMIUM]","[PREMIUM]","339","C","_",,,2,"[2]",478,"Loge",10,"Mobile Transfer ticket",1,"[PREMIUM]","[PREMIUM]","[PREMIUM]","[PREMIUM]",true,false,"['Third Row of Section','Clear view']","2026-09-14 22:58:44"
"14042734283","2026-09-14 23:44:23.055","2026-09-14 23:44:23.055","14042734283","160424978","[PREMIUM]","[PREMIUM]","315","E","_",,,2,"[2]",478,"Loge",10,"Mobile Transfer ticket",1,"[PREMIUM]","[PREMIUM]","[PREMIUM]","[PREMIUM]",true,false,"['Clear view']","2026-09-14 20:58:16"
"13215340758","2026-09-14 23:44:22.864","2026-09-22 01:27:46.888","13215340758","160424978","[PREMIUM]","[PREMIUM]","115","J","3_4","3","4",2,"[2]",594,"Lower",10,"Mobile Transfer ticket",1,"[PREMIUM]","[PREMIUM]","[PREMIUM]","[PREMIUM]",true,false,"['Clear view']","2026-07-02 05:53:16"
"13184529570","2026-09-14 23:44:22.499","2026-09-27 22:51:32.026","13184529570","160424978","[PREMIUM]","[PREMIUM]","115","L","19_20","19","20",2,"[2]",594,"Lower",10,"Mobile Transfer ticket",1,"[PREMIUM]","[PREMIUM]","[PREMIUM]","[PREMIUM]",true,false,"['Clear view']","2026-06-29 17:27:00"
"14043120885","2026-09-14 23:44:22.499","2026-09-14 23:44:22.499","14043120885","160424978","[PREMIUM]","[PREMIUM]","329","E","_",,,3,"[1,2,3]",478,"Loge",10,"Mobile Transfer ticket",1,"[PREMIUM]","[PREMIUM]","[PREMIUM]","[PREMIUM]",true,false,"['Clear view']","2026-09-14 21:53:20"
"13184495564","2026-09-14 23:44:22.410","2026-09-27 05:20:33.618","13184495564","160424978","[PREMIUM]","[PREMIUM]","115","M","17_18","17","18",2,"[2]",594,"Lower",10,"Mobile Transfer ticket",1,"[PREMIUM]","[PREMIUM]","[PREMIUM]","[PREMIUM]",true,false,"['Clear view']","2026-06-29 17:22:32"
"14043723025","2026-09-14 23:44:22.410","2026-09-14 23:44:22.410","14043723025","160424978","[PREMIUM]","[PREMIUM]","318","F","_",,,6,"[1,2,3,4,5,6]",478,"Loge",10,"Mobile Transfer ticket",1,"[PREMIUM]","[PREMIUM]","[PREMIUM]","[PREMIUM]",true,false,"['Clear view']","2026-09-14 22:58:44"
"13184495907","2026-09-14 23:44:22.084","2026-09-14 23:44:22.084","13184495907","160424978","[PREMIUM]","[PREMIUM]","115","Q","14_15","14","15",2,"[2]",594,"Lower",10,"Mobile Transfer ticket",1,"[PREMIUM]","[PREMIUM]","[PREMIUM]","[PREMIUM]",true,false,"['Clear view']","2026-06-29 17:22:34"
"14043566968","2026-09-14 23:44:18.255","2026-09-22 01:27:45.142","14043566968","160424914","[PREMIUM]","[PREMIUM]","617","8","_",,,7,"[1,2,3,5,7]",17205,"Terrace 600-Level",10,"Mobile Transfer ticket",14,"[PREMIUM]","[PREMIUM]","[PREMIUM]","[PREMIUM]",true,false,"['Clear view']","2026-09-14 22:38:34"
"13184495302","2026-09-14 23:44:17.898","2026-09-27 22:51:14.313","13184495302","160424978","[PREMIUM]","[PREMIUM]","115","U","3_4","3","4",2,"[2]",594,"Lower",10,"Mobile Transfer ticket",1,"[PREMIUM]","[PREMIUM]","[PREMIUM]","[PREMIUM]",true,false,"['Clear view']","2026-06-29 17:22:31"
"13184531731","2026-09-14 23:44:17.898","2026-09-16 01:37:31.545","13184531731","160424978","[PREMIUM]","[PREMIUM]","125","F","11_12","11","12",2,"[2]",594,"Lower",10,"Mobile Transfer ticket",1,"[PREMIUM]","[PREMIUM]","[PREMIUM]","[PREMIUM]",true,false,"['Clear view']","2026-06-29 17:27:17"
"13353009306","2026-09-14 23:44:17.797","2026-09-27 22:51:14.302","13353009306","160424978","[PREMIUM]","[PREMIUM]","115","T","19_20","19","20",2,"[2]",594,"Lower",10,"Mobile Transfer ticket",1,"[PREMIUM]","[PREMIUM]","[PREMIUM]","[PREMIUM]",true,false,"['Clear view']","2026-07-14 20:57:46"
"13184497305","2026-09-14 23:44:17.458","2026-09-27 22:51:14.272","13184497305","160424978","[PREMIUM]","[PREMIUM]","121","H","5_9","5","9",5,"[1,2,3,5]",594,"Lower",10,"Mobile Transfer ticket",1,"[PREMIUM]","[PREMIUM]","[PREMIUM]","[PREMIUM]",true,false,"['Clear view']","2026-06-29 17:22:44"
"14042983858","2026-09-14 23:44:16.959","2026-09-20 01:51:20.458","14042983858","160424914","[PREMIUM]","[PREMIUM]","644",,"998962662_998962663","998962662",,2,"[2]",17205,"Terrace 600-Level",10,"Mobile Transfer ticket",1,"[PREMIUM]","[PREMIUM]","[PREMIUM]","[PREMIUM]",true,true,"['Clear view']","2026-09-14 21:35:41"
"13980036746","2026-09-14 23:44:16.851","2026-09-22 01:27:48.022","13980036746","160424914","[PREMIUM]","[PREMIUM]","628","13","_",,,7,"[1,2,3,5,7]",17205,"Terrace 600-Level",10,"Mobile Transfer ticket",14,"[PREMIUM]","[PREMIUM]","[PREMIUM]","[PREMIUM]",true,false,"['Clear view']","2026-09-09 15:51:18"
"13948464358","2026-09-14 23:44:16.700","2026-09-27 22:51:49.308","13948464358","160424914","[PREMIUM]","[PREMIUM]","628","12","_",,,2,"[2]",17205,"Terrace 600-Level",10,"Mobile Transfer ticket",1,"[PREMIUM]","[PREMIUM]","[PREMIUM]","[PREMIUM]",true,false,"['Clear view']","2026-09-06 13:39:07"
"13550665080","2026-09-14 23:44:16.614","2026-09-27 22:51:49.245","13550665080","160424914","[PREMIUM]","[PREMIUM]","629","14","_",,,2,"[2]",17205,"Terrace 600-Level",10,"Mobile Transfer ticket",1,"[PREMIUM]","[PREMIUM]","[PREMIUM]","[PREMIUM]",true,false,"['Clear view']","2026-08-02 15:32:08"
"12689236838","2026-09-14 23:44:16.405","2026-09-20 01:51:18.737","12689236838","160424914","[PREMIUM]","[PREMIUM]","628","17","_",,,3,"[1,3]",17205,"Terrace 600-Level",10,"Mobile Transfer ticket",1,"[PREMIUM]","[PREMIUM]","[PREMIUM]","[PREMIUM]",true,false,"['Clear view']","2026-05-14 21:41:13"
"14011491313","2026-09-14 23:44:16.109","2026-09-19 01:29:34.297","14011491313","160424978","[PREMIUM]","[PREMIUM]","115",,"998851428_998851431","998851428",,2,"[2]",594,"Lower",10,"Mobile Transfer ticket",1,"[PREMIUM]","[PREMIUM]","[PREMIUM]","[PREMIUM]",true,true,"['Clear view']","2026-09-11 22:51:56"
"14041207011","2026-09-14 23:44:15.910","2026-09-18 01:53:15.981","14041207011","160424978","[PREMIUM]","[PREMIUM]","339","N","9001_9002","9001",,2,"[2]",407,"Upper",10,"Mobile Transfer ticket",1,"[PREMIUM]","[PREMIUM]","[PREMIUM]","[PREMIUM]",true,false,"['Clear view']","2026-09-14 18:07:28"
"13184492216","2026-09-14 23:44:15.799","2026-09-27 22:49:53.468","13184492216","160424978","[PREMIUM]","[PREMIUM]","116","R","9_12","9","12",4,"[2,4]",594,"Lower",10,"Mobile Transfer ticket",1,"[PREMIUM]","[PREMIUM]","[PREMIUM]","[PREMIUM]",true,false,"['Clear view']","2026-06-29 17:22:14"
"14041885409","2026-09-14 23:44:15.489","2026-09-27 05:05:42.450","14041885409","160418786","[PREMIUM]","[PREMIUM]","217","V","9001_9004","9001","9004",4,"[1,2,3,4]",471,"Middle",10,"Mobile Transfer ticket",13,"[PREMIUM]","[PREMIUM]","[PREMIUM]","[PREMIUM]",true,false,"['Clear view']","2026-09-14 19:25:34"
"14042651299","2026-09-14 23:44:15.489","2026-09-27 05:05:42.450","14042651299","160418786","[PREMIUM]","[PREMIUM]","229","V","9001_9004","9001","9004",4,"[1,2,3,4]",471,"Middle",10,"Mobile Transfer ticket",13,"[PREMIUM]","[PREMIUM]","[PREMIUM]","[PREMIUM]",true,false,"['Clear view']","2026-09-14 20:49:48"
"14042651278","2026-09-14 23:44:15.489","2026-09-27 05:05:42.450","14042651278","160418786","[PREMIUM]","[PREMIUM]","245","KK","9001_9004","9001","9004",4,"[1,2,3,4]",471,"Middle",10,"Mobile Transfer ticket",13,"[PREMIUM]","[PREMIUM]","[PREMIUM]","[PREMIUM]",true,false,"['Clear view']","2026-09-14 20:49:48"
"14043603212","2026-09-14 23:44:15.391","2026-09-14 23:44:15.391","14043603212","160418786","[PREMIUM]","[PREMIUM]","08","D","_",,,2,"[2]",9003,"West Club",10,"Mobile Transfer ticket",1,"[PREMIUM]","[PREMIUM]","[PREMIUM]","[PREMIUM]",true,false,"['Clear view']","2026-09-14 22:43:35"
"14041826357","2026-09-14 23:44:15.289","2026-09-20 01:47:36.586","14041826357","160418786","[PREMIUM]","[PREMIUM]","10",,"9_10","9","10",2,"[2]",9003,"West Club",10,"Mobile Transfer ticket",1,"[PREMIUM]","[PREMIUM]","[PREMIUM]","[PREMIUM]",true,true,"['Clear view']","2026-09-14 19:18:11"
"14041885401","2026-09-14 23:44:15.289","2026-09-27 05:05:50.594","14041885401","160418786","[PREMIUM]","[PREMIUM]","119","J","9001_9004","9001","9004",4,"[1,2,3,4]",594,"Lower",10,"Mobile Transfer ticket",13,"[PREMIUM]","[PREMIUM]","[PREMIUM]","[PREMIUM]",true,false,"['Clear view']","2026-09-14 19:25:34"
"14042277708","2026-09-14 23:44:15.289","2026-09-17 01:15:39.480","14042277708","160418786","[PREMIUM]","[PREMIUM]","237","B","_",,,4,"[4]",8306,"Club East",10,"Mobile Transfer ticket",1,"[PREMIUM]","[PREMIUM]","[PREMIUM]","[PREMIUM]",true,false,"['Second Row of Section','Clear view']","2026-09-14 20:05:07"
"14043935821","2026-09-14 23:44:14.916","2026-09-14 23:44:14.916","14043935821","160418786","[PREMIUM]","[PREMIUM]","35","E","9001_9002","9001",,2,"[2]",8306,"Club East",10,"Mobile Transfer ticket",13,"[PREMIUM]","[PREMIUM]","[PREMIUM]","[PREMIUM]",true,false,"['Clear view']","2026-09-14 23:25:21"
"14024880759","2026-09-14 23:44:14.864","2026-09-20 01:46:52.157","14024880759","160418786","[PREMIUM]","[PREMIUM]","212","H","3_4","3",,2,"[2]",9003,"West Club",10,"Mobile Transfer ticket",1,"[PREMIUM]","[PREMIUM]","[PREMIUM]","[PREMIUM]",true,false,"['Padded Seats','Includes club access','Clear view']","2026-09-13 01:47:22"
"14044032456","2026-09-14 23:44:14.864","2026-09-14 23:44:14.864","14044032456","160418786","[PREMIUM]","[PREMIUM]","140","Q","_",,,4,"[2,4]",594,"Lower",10,"Mobile Transfer ticket",1,"[PREMIUM]","[PREMIUM]","[PREMIUM]","[PREMIUM]",true,false,"['Clear view']","2026-09-14 23:42:21"
"14043944232","2026-09-14 23:44:14.864","2026-09-14 23:44:14.864","14043944232","160418786","[PREMIUM]","[PREMIUM]","131","B","_",,,2,"[2]",594,"Lower",10,"Mobile Transfer ticket",1,"[PREMIUM]","[PREMIUM]","[PREMIUM]","[PREMIUM]",true,false,"['Second Row of Section','Clear view']","2026-09-14 23:27:28"
"14036707591","2026-09-14 23:44:14.289","2026-09-14 23:44:14.289","14036707591","160418786","[PREMIUM]","[PREMIUM]","113","M","_",,,2,"[2]",594,"Lower",10,"Mobile Transfer ticket",1,"[PREMIUM]","[PREMIUM]","[PREMIUM]","[PREMIUM]",true,false,"['Clear view']","2026-09-14 07:19:30"
"14041120478","2026-09-14 23:44:14.282","2026-09-14 23:44:14.282","14041120478","160424978","[PREMIUM]","[PREMIUM]","314","J","_",,,2,"[2]",407,"Upper",10,"Mobile Transfer ticket",1,"[PREMIUM]","[PREMIUM]","[PREMIUM]","[PREMIUM]",true,false,"['Clear view']","2026-09-14 17:55:41"
"13948238080","2026-09-14 23:44:13.951","2026-09-27 22:50:59.787","13948238080","160424978","[PREMIUM]","[PREMIUM]","108","EE","9_10","9","10",2,"[2]",594,"Lower",10,"Mobile Transfer ticket",1,"[PREMIUM]","[PREMIUM]","[PREMIUM]","[PREMIUM]",true,false,"['Clear view']","2026-09-06 13:06:21"
"14043066131","2026-09-14 23:44:13.730","2026-09-14 23:44:13.730","14043066131","160418786","[PREMIUM]","[PREMIUM]","35",,"_",,,2,"[2]",8306,"Club East",10,"Mobile Transfer ticket",1,"[PREMIUM]","[PREMIUM]","[PREMIUM]","[PREMIUM]",true,true,"['Clear view']","2026-09-14 21:44:10"
"14043944227","2026-09-14 23:44:13.730","2026-09-14 23:44:13.730","14043944227","160418786","[PREMIUM]","[PREMIUM]","134","A","_",,,2,"[2]",8306,"Club East",10,"Mobile Transfer ticket",1,"[PREMIUM]","[PREMIUM]","[PREMIUM]","[PREMIUM]",true,false,"['Front Row of Section','Clear view']","2026-09-14 23:27:28"
"14043944221","2026-09-14 23:44:13.658","2026-09-14 23:44:13.658","14043944221","160418786","[PREMIUM]","[PREMIUM]","134","B","_",,,2,"[2]",8306,"Club East",10,"Mobile Transfer ticket",1,"[PREMIUM]","[PREMIUM]","[PREMIUM]","[PREMIUM]",true,false,"['Second Row of Section','Clear view']","2026-09-14 23:27:27"
"14043694806","2026-09-14 23:44:13.651","2026-09-16 01:37:08.547","14043694806","160424978","[PREMIUM]","[PREMIUM]","308","R","_",,,4,"[2,4]",407,"Upper",10,"Mobile Transfer ticket",1,"[PREMIUM]","[PREMIUM]","[PREMIUM]","[PREMIUM]",true,false,"['Clear view']","2026-09-14 22:55:55"
"14043140989","2026-09-14 23:44:13.648","2026-09-19 01:22:11.096","14043140989","160418786","[PREMIUM]","[PREMIUM]","210","L","_",,,8,"[2,4,6,8]",9003,"West Club",10,"Mobile Transfer ticket",1,"[PREMIUM]","[PREMIUM]","[PREMIUM]","[PREMIUM]",true,false,"['Clear view']","2026-09-14 21:55:33"
"14043140644","2026-09-14 23:44:13.623","2026-09-14 23:44:13.623","14043140644","160418786","[PREMIUM]","[PREMIUM]","209","B","_",,,8,"[2,4,6,8]",9003,"West Club",10,"Mobile Transfer ticket",1,"[PREMIUM]","[PREMIUM]","[PREMIUM]","[PREMIUM]",true,false,"['Second Row of Section','Clear view']","2026-09-14 21:55:29"
"14043008209","2026-09-14 23:44:13.623","2026-09-14 23:44:13.623","14043008209","160418786","[PREMIUM]","[PREMIUM]","137","G","_",,,4,"[2,4]",8306,"Club East",10,"Mobile Transfer ticket",1,"[PREMIUM]","[PREMIUM]","[PREMIUM]","[PREMIUM]",true,false,"['Clear view']","2026-09-14 21:37:40"
"14043205235","2026-09-14 23:44:13.402","2026-09-16 01:37:10.574","14043205235","160418786","[PREMIUM]","[PREMIUM]","209","E","_",,,8,"[2,4,6,8]",9003,"West Club",10,"Mobile Transfer ticket",1,"[PREMIUM]","[PREMIUM]","[PREMIUM]","[PREMIUM]",true,false,"['Clear view']","2026-09-14 22:01:35"
"14043140994","2026-09-14 23:44:13.402","2026-09-14 23:44:13.402","14043140994","160418786","[PREMIUM]","[PREMIUM]","208","E","_",,,12,"[1,2,3,4,5,6,7,8,9,10,11,12]",9003,"West Club",10,"Mobile Transfer ticket",1,"[PREMIUM]","[PREMIUM]","[PREMIUM]","[PREMIUM]",true,false,"['Clear view']","2026-09-14 21:55:33"
"14043140993","2026-09-14 23:44:13.402","2026-09-16 01:37:10.574","14043140993","160418786","[PREMIUM]","[PREMIUM]","209","H","_",,,5,"[1,2,3,5]",9003,"West Club",10,"Mobile Transfer ticket",1,"[PREMIUM]","[PREMIUM]","[PREMIUM]","[PREMIUM]",true,false,"['Clear view']","2026-09-14 21:55:33"
"14043140984","2026-09-14 23:44:13.402","2026-09-14 23:44:13.402","14043140984","160418786","[PREMIUM]","[PREMIUM]","211","C","_",,,8,"[2,4,6,8]",9003,"West Club",10,"Mobile Transfer ticket",1,"[PREMIUM]","[PREMIUM]","[PREMIUM]","[PREMIUM]",true,false,"['Third Row of Section','Clear view']","2026-09-14 21:55:33"
"14043006248","2026-09-14 23:44:13.402","2026-09-14 23:44:13.402","14043006248","160418786","[PREMIUM]","[PREMIUM]","136","H","_",,,10,"[1,2,3,4,5,6,7,8,9,10]",8306,"Club East",10,"Mobile Transfer ticket",1,"[PREMIUM]","[PREMIUM]","[PREMIUM]","[PREMIUM]",true,false,"['Clear view']","2026-09-14 21:37:29"
"13834148419","2026-09-14 23:44:13.360","2026-09-14 23:44:13.360","13834148419","160418786","[PREMIUM]","[PREMIUM]","118","N","_",,,2,"[2]",594,"Lower",10,"Mobile Transfer ticket",1,"[PREMIUM]","[PREMIUM]","[PREMIUM]","[PREMIUM]",true,false,"['Clear view']","2026-08-27 20:27:47"
"13983436962","2026-09-14 23:44:13.360","2026-09-14 23:44:13.360","13983436962","160418786","[PREMIUM]","[PREMIUM]","113","Q","9001_9002","9001",,2,"[2]",594,"Lower",10,"Mobile Transfer ticket",13,"[PREMIUM]","[PREMIUM]","[PREMIUM]","[PREMIUM]",true,false,"['Clear view']","2026-09-09 21:40:52"
"14043006253","2026-09-14 23:44:13.333","2026-09-14 23:44:13.333","14043006253","160418786","[PREMIUM]","[PREMIUM]","134","E","_",,,4,"[2,4]",8306,"Club East",10,"Mobile Transfer ticket",1,"[PREMIUM]","[PREMIUM]","[PREMIUM]","[PREMIUM]",true,false,"['Clear view']","2026-09-14 21:37:29"
"14043944217","2026-09-14 23:44:13.333","2026-09-14 23:44:13.333","14043944217","160418786","[PREMIUM]","[PREMIUM]","138","C","_",,,2,"[2]",8306,"Club East",10,"Mobile Transfer ticket",1,"[PREMIUM]","[PREMIUM]","[PREMIUM]","[PREMIUM]",true,false,"['Third Row of Section','Clear view']","2026-09-14 23:27:27"
"14043140961","2026-09-14 23:44:13.065","2026-09-14 23:44:13.065","14043140961","160418786","[PREMIUM]","[PREMIUM]","137",,"_",,,7,"[1,2,3,4,5,7]",8306,"Club East",10,"Mobile Transfer ticket",1,"[PREMIUM]","[PREMIUM]","[PREMIUM]","[PREMIUM]",true,true,"['Clear view']","2026-09-14 21:55:33"
"14043115366","2026-09-14 23:44:13.065","2026-09-18 01:51:27.293","14043115366","160418786","[PREMIUM]","[PREMIUM]","107","K","3_4","3",,2,"[2]",9003,"West Club",10,"Mobile Transfer ticket",14,"[PREMIUM]","[PREMIUM]","[PREMIUM]","[PREMIUM]",true,false,"['Padded Seats','Includes club access','Clear view']","2026-09-14 21:52:51"
"14043006233","2026-09-14 23:44:13.065","2026-09-14 23:44:13.065","14043006233","160418786","[PREMIUM]","[PREMIUM]","134","J","_",,,2,"[2]",8306,"Club East",10,"Mobile Transfer ticket",1,"[PREMIUM]","[PREMIUM]","[PREMIUM]","[PREMIUM]",true,false,"['Clear view']","2026-09-14 21:37:29"
"14043640443","2026-09-14 23:44:13.056","2026-09-20 01:47:15.249","14043640443","160418786","[PREMIUM]","[PREMIUM]","110",,"13_14","13",,2,"[2]",9003,"West Club",10,"Mobile Transfer ticket",1,"[PREMIUM]","[PREMIUM]","[PREMIUM]","[PREMIUM]",true,true,"['Clear view']","2026-09-14 22:46:56"
"14043640426","2026-09-14 23:44:13.056","2026-09-19 01:22:10.808","14043640426","160418786","[PREMIUM]","[PREMIUM]","108","E","11_13","11",,3,"[3]",9003,"West Club",10,"Mobile Transfer ticket",1,"[PREMIUM]","[PREMIUM]","[PREMIUM]","[PREMIUM]",true,false,"['Clear view']","2026-09-14 22:46:56"
"14043944072","2026-09-14 23:44:13.056","2026-09-14 23:44:13.056","14043944072","160418786","[PREMIUM]","[PREMIUM]","239","B","_",,,4,"[2,4]",8306,"Club East",10,"Mobile Transfer ticket",1,"[PREMIUM]","[PREMIUM]","[PREMIUM]","[PREMIUM]",true,false,"['Second Row of Section','Clear view']","2026-09-14 23:27:24"
"14043944220","2026-09-14 23:44:13.031","2026-09-14 23:44:13.031","14043944220","160418786","[PREMIUM]","[PREMIUM]","135","D","_",,,3,"[1,3]",8306,"Club East",10,"Mobile Transfer ticket",1,"[PREMIUM]","[PREMIUM]","[PREMIUM]","[PREMIUM]",true,false,"['Clear view']","2026-09-14 23:27:27"
"14043944208","2026-09-14 23:44:13.031","2026-09-14 23:44:13.031","14043944208","160418786","[PREMIUM]","[PREMIUM]","139","D","_",,,4,"[2,4]",8306,"Club East",10,"Mobile Transfer ticket",1,"[PREMIUM]","[PREMIUM]","[PREMIUM]","[PREMIUM]",true,false,"['Clear view']","2026-09-14 23:27:27"
"14043006251","2026-09-14 23:44:12.752","2026-09-14 23:44:12.752","14043006251","160418786","[PREMIUM]","[PREMIUM]","135","J","_",,,6,"[2,4,6]",8306,"Club East",10,"Mobile Transfer ticket",1,"[PREMIUM]","[PREMIUM]","[PREMIUM]","[PREMIUM]",true,false,"['Clear view']","2026-09-14 21:37:29"
"14043944213","2026-09-14 23:44:12.752","2026-09-14 23:44:12.752","14043944213","160418786","[PREMIUM]","[PREMIUM]","138","E","_",,,6,"[2,4,6]",8306,"Club East",10,"Mobile Transfer ticket",1,"[PREMIUM]","[PREMIUM]","[PREMIUM]","[PREMIUM]",true,false,"['Clear view']","2026-09-14 23:27:27"
"14041004290","2026-09-14 23:44:09.410","2026-09-27 22:53:24.339","14041004290","160425251","[PREMIUM]","[PREMIUM]","329","5","19_21","19",,3,"[1,3]",1713,"Middle Level",10,"Mobile Transfer ticket",1,"[PREMIUM]","[PREMIUM]","[PREMIUM]","[PREMIUM]",true,false,"['Clear view']","2026-09-14 17:42:39"
"14034483412","2026-09-14 23:44:09.066","2026-09-18 02:00:07.223","14034483412","160425251","[PREMIUM]","[PREMIUM]","232","2","14_16","14",,3,"[1,3]",4325,"Plaza Level",10,"Mobile Transfer ticket",1,"[PREMIUM]","[PREMIUM]","[PREMIUM]","[PREMIUM]",true,false,"['Second Row of Section','Clear view']","2026-09-14 01:18:55"
"14041522424","2026-09-14 23:44:08.499","2026-09-14 23:44:08.499","14041522424","160418786","[PREMIUM]","[PREMIUM]","241","A","_",,,2,"[2]",471,"Middle",10,"Mobile Transfer ticket",1,"[PREMIUM]","[PREMIUM]","[PREMIUM]","[PREMIUM]",true,false,"['Front Row of Section','Clear view']","2026-09-14 18:43:57"
"14043640509","2026-09-14 23:44:08.499","2026-09-18 01:51:27.293","14043640509","160418786","[PREMIUM]","[PREMIUM]","211","D","99_101","99",,3,"[3]",9003,"West Club",10,"Mobile Transfer ticket",1,"[PREMIUM]","[PREMIUM]","[PREMIUM]","[PREMIUM]",true,false,"['Padded Seats','Includes club access','Clear view']","2026-09-14 22:46:57"
"14043205236","2026-09-14 23:44:08.499","2026-09-14 23:44:08.499","14043205236","160418786","[PREMIUM]","[PREMIUM]","136",,"_",,,4,"[2,4]",8306,"Club East",10,"Mobile Transfer ticket",1,"[PREMIUM]","[PREMIUM]","[PREMIUM]","[PREMIUM]",true,true,"['Clear view']","2026-09-14 22:01:35"
"14043006314","2026-09-14 23:44:08.499","2026-09-14 23:44:08.499","14043006314","160418786","[PREMIUM]","[PREMIUM]","135","N","_",,,6,"[2,4,6]",8306,"Club East",10,"Mobile Transfer ticket",1,"[PREMIUM]","[PREMIUM]","[PREMIUM]","[PREMIUM]",true,false,"['Clear view']","2026-09-14 21:37:29"
"14043944206","2026-09-14 23:44:08.499","2026-09-14 23:44:08.499","14043944206","160418786","[PREMIUM]","[PREMIUM]","138","M","_",,,3,"[1,3]",8306,"Club East",10,"Mobile Transfer ticket",1,"[PREMIUM]","[PREMIUM]","[PREMIUM]","[PREMIUM]",true,false,"['Clear view']","2026-09-14 23:27:27"
"14043007470","2026-09-14 23:44:06.787","2026-09-14 23:44:06.787","14043007470","160418786","[PREMIUM]","[PREMIUM]","235","E","_",,,5,"[1,2,3,5]",8306,"Club East",10,"Mobile Transfer ticket",1,"[PREMIUM]","[PREMIUM]","[PREMIUM]","[PREMIUM]",true,false,"['Clear view']","2026-09-14 21:37:35"
"14043006235","2026-09-14 23:44:06.787","2026-09-14 23:44:06.787","14043006235","160418786","[PREMIUM]","[PREMIUM]","238","D","_",,,4,"[2,4]",8306,"Club East",10,"Mobile Transfer ticket",1,"[PREMIUM]","[PREMIUM]","[PREMIUM]","[PREMIUM]",true,false,"['Clear view']","2026-09-14 21:37:29"
"14043944211","2026-09-14 23:44:06.787","2026-09-14 23:44:06.787","14043944211","160418786","[PREMIUM]","[PREMIUM]","139","P","_",,,2,"[2]",8306,"Club East",10,"Mobile Transfer ticket",1,"[PREMIUM]","[PREMIUM]","[PREMIUM]","[PREMIUM]",true,false,"['Clear view']","2026-09-14 23:27:27"
"14043944207","2026-09-14 23:44:06.787","2026-09-14 23:44:06.787","14043944207","160418786","[PREMIUM]","[PREMIUM]","138","N","_",,,2,"[2]",8306,"Club East",10,"Mobile Transfer ticket",1,"[PREMIUM]","[PREMIUM]","[PREMIUM]","[PREMIUM]",true,false,"['Clear view']","2026-09-14 23:27:27"
"14043006316","2026-09-14 23:44:06.457","2026-09-14 23:44:06.457","14043006316","160418786","[PREMIUM]","[PREMIUM]","134",,"_",,,4,"[2,4]",8306,"Club East",10,"Mobile Transfer ticket",1,"[PREMIUM]","[PREMIUM]","[PREMIUM]","[PREMIUM]",true,true,"['Clear view']","2026-09-14 21:37:29"
"14043944218","2026-09-14 23:44:06.457","2026-09-14 23:44:06.457","14043944218","160418786","[PREMIUM]","[PREMIUM]","134","N","_",,,3,"[1,3]",8306,"Club East",10,"Mobile Transfer ticket",1,"[PREMIUM]","[PREMIUM]","[PREMIUM]","[PREMIUM]",true,false,"['Clear view']","2026-09-14 23:27:27"
"14043006305","2026-09-14 23:44:06.440","2026-09-14 23:44:06.440","14043006305","160418786","[PREMIUM]","[PREMIUM]","234","H","_",,,6,"[2,4,6]",8306,"Club East",10,"Mobile Transfer ticket",1,"[PREMIUM]","[PREMIUM]","[PREMIUM]","[PREMIUM]",true,false,"['Clear view']","2026-09-14 21:37:29"
"14043944085","2026-09-14 23:44:06.440","2026-09-14 23:44:06.440","14043944085","160418786","[PREMIUM]","[PREMIUM]","239","D","_",,,5,"[1,2,3,5]",8306,"Club East",10,"Mobile Transfer ticket",1,"[PREMIUM]","[PREMIUM]","[PREMIUM]","[PREMIUM]",true,false,"['Clear view']","2026-09-14 23:27:24"
"14043944219","2026-09-14 23:44:06.440","2026-09-14 23:44:06.440","14043944219","160418786","[PREMIUM]","[PREMIUM]","135",,"_",,,5,"[1,2,3,5]",8306,"Club East",10,"Mobile Transfer ticket",1,"[PREMIUM]","[PREMIUM]","[PREMIUM]","[PREMIUM]",true,true,"['Clear view']","2026-09-14 23:27:27"
"14043143081","2026-09-14 23:44:06.278","2026-09-14 23:44:06.278","14043143081","160418786","[PREMIUM]","[PREMIUM]","112",,"1_4","1","4",4,"[1,2,3,4]",9003,"West Club",10,"Mobile Transfer ticket",1,"[PREMIUM]","[PREMIUM]","[PREMIUM]","[PREMIUM]",true,true,"['Clear view']","2026-09-14 21:55:47"
"14043879825","2026-09-14 23:44:05.950","2026-09-14 23:44:05.950","14043879825","160418786","[PREMIUM]","[PREMIUM]","140","S","_",,,7,"[1,2,3,4,5,7]",594,"Lower",10,"Mobile Transfer ticket",1,"[PREMIUM]","[PREMIUM]","[PREMIUM]","[PREMIUM]",true,false,"['Clear view']","2026-09-14 23:20:14"
"14043144564","2026-09-14 23:44:05.809","2026-09-17 01:15:04.353","14043144564","160418786","[PREMIUM]","[PREMIUM]","107",,"1_2","1","2",2,"[2]",9003,"West Club",10,"Mobile Transfer ticket",1,"[PREMIUM]","[PREMIUM]","[PREMIUM]","[PREMIUM]",true,true,"['Clear view']","2026-09-14 21:55:58"
"14043006133","2026-09-14 23:44:05.809","2026-09-14 23:44:05.809","14043006133","160418786","[PREMIUM]","[PREMIUM]","140","V","_",,,6,"[2,4,6]",594,"Lower",10,"Mobile Transfer ticket",1,"[PREMIUM]","[PREMIUM]","[PREMIUM]","[PREMIUM]",true,false,"['Clear view']","2026-09-14 21:37:28"
"14043944277","2026-09-14 23:44:05.751","2026-09-14 23:44:05.751","14043944277","160418786","[PREMIUM]","[PREMIUM]","115","D","_",,,2,"[2]",594,"Lower",10,"Mobile Transfer ticket",1,"[PREMIUM]","[PREMIUM]","[PREMIUM]","[PREMIUM]",true,false,"['Clear view']","2026-09-14 23:27:28"
"14043006122","2026-09-14 23:44:05.618","2026-09-14 23:44:05.618","14043006122","160418786","[PREMIUM]","[PREMIUM]","240","C","_",,,2,"[2]",471,"Middle",10,"Mobile Transfer ticket",1,"[PREMIUM]","[PREMIUM]","[PREMIUM]","[PREMIUM]",true,false,"['Second Row of Section','Clear view']","2026-09-14 21:37:28"
"14044047064","2026-09-14 23:44:05.618","2026-09-14 23:44:05.618","14044047064","160418786","[PREMIUM]","[PREMIUM]","145","CC","_",,,2,"[2]",594,"Lower",10,"Mobile Transfer ticket",1,"[PREMIUM]","[PREMIUM]","[PREMIUM]","[PREMIUM]",true,false,"['Clear view']","2026-09-14 23:44:00"
"14043006128","2026-09-14 23:44:05.433","2026-09-14 23:44:05.433","14043006128","160418786","[PREMIUM]","[PREMIUM]","140","Z","_",,,3,"[1,3]",594,"Lower",10,"Mobile Transfer ticket",1,"[PREMIUM]","[PREMIUM]","[PREMIUM]","[PREMIUM]",true,false,"['Clear view']","2026-09-14 21:37:28"
"14043006189","2026-09-14 23:44:05.097","2026-09-14 23:44:05.097","14043006189","160418786","[PREMIUM]","[PREMIUM]","240","G","_",,,5,"[1,2,3,5]",471,"Middle",10,"Mobile Transfer ticket",1,"[PREMIUM]","[PREMIUM]","[PREMIUM]","[PREMIUM]",true,false,"['Clear view']","2026-09-14 21:37:29"
"14043006126","2026-09-14 23:44:05.097","2026-09-14 23:44:05.097","14043006126","160418786","[PREMIUM]","[PREMIUM]","233","D","_",,,6,"[2,4,6]",471,"Middle",10,"Mobile Transfer ticket",1,"[PREMIUM]","[PREMIUM]","[PREMIUM]","[PREMIUM]",true,false,"['Third Row of Section','Clear view']","2026-09-14 21:37:28"
"14043006117","2026-09-14 23:44:05.097","2026-09-14 23:44:05.097","14043006117","160418786","[PREMIUM]","[PREMIUM]","240","F","_",,,3,"[1,3]",471,"Middle",10,"Mobile Transfer ticket",1,"[PREMIUM]","[PREMIUM]","[PREMIUM]","[PREMIUM]",true,false,"['Clear view']","2026-09-14 21:37:28"
"14043944269","2026-09-14 23:44:05.097","2026-09-14 23:44:05.097","14043944269","160418786","[PREMIUM]","[PREMIUM]","115","Q","_",,,2,"[2]",594,"Lower",10,"Mobile Transfer ticket",1,"[PREMIUM]","[PREMIUM]","[PREMIUM]","[PREMIUM]",true,false,"['Clear view']","2026-09-14 23:27:28"
"14011097654","2026-09-14 23:44:03.607","2026-09-20 01:46:23.119","14011097654","160425251","[PREMIUM]","[PREMIUM]","303",,"998929997_998930000","998929997",,2,"[2]",1713,"Middle Level",10,"Mobile Transfer ticket",1,"[PREMIUM]","[PREMIUM]","[PREMIUM]","[PREMIUM]",true,true,"['Clear view']","2026-09-11 22:20:50"
"13758469590","2026-09-14 23:44:02.432","2026-09-21 01:33:59.560","13758469590","160425251","[PREMIUM]","[PREMIUM]","212","18","13_14","13","14",2,"[2]",4325,"Plaza Level",10,"Mobile Transfer ticket",1,"[PREMIUM]","[PREMIUM]","[PREMIUM]","[PREMIUM]",true,false,"['Clear view']","2026-08-21 18:52:39"
"14040974908","2026-09-14 23:43:55.726","2026-09-24 01:49:06.962","14040974908","160418786","[PREMIUM]","[PREMIUM]","130","C","_",,,1,"[1]",594,"Lower",10,"Mobile Transfer ticket",1,"[PREMIUM]","[PREMIUM]","[PREMIUM]","[PREMIUM]",false,false,"['Third Row of Section','Clear view']","2026-09-14 17:38:36"
"14043705647","2026-09-14 23:43:55.726","2026-09-14 23:43:55.726","14043705647","160418786","[PREMIUM]","[PREMIUM]","225","B","9001_9004","9001",,4,"[4]",471,"Middle",10,"Mobile Transfer ticket",13,"[PREMIUM]","[PREMIUM]","[PREMIUM]","[PREMIUM]",true,false,"['Front Row of Section','Clear view']","2026-09-14 22:57:04"
"14043944280","2026-09-14 23:43:55.726","2026-09-14 23:43:55.726","14043944280","160418786","[PREMIUM]","[PREMIUM]","104","R","_",,,2,"[2]",594,"Lower",10,"Mobile Transfer ticket",1,"[PREMIUM]","[PREMIUM]","[PREMIUM]","[PREMIUM]",true,false,"['Clear view']","2026-09-14 23:27:28"
"14043006129","2026-09-14 23:43:55.355","2026-09-14 23:43:55.355","14043006129","160418786","[PREMIUM]","[PREMIUM]","214","D","_",,,2,"[2]",471,"Middle",10,"Mobile Transfer ticket",1,"[PREMIUM]","[PREMIUM]","[PREMIUM]","[PREMIUM]",true,false,"['Clear view']","2026-09-14 21:37:28"
"14043006120","2026-09-14 23:43:55.355","2026-09-14 23:43:55.355","14043006120","160418786","[PREMIUM]","[PREMIUM]","233","M","_",,,7,"[1,2,3,4,5,7]",471,"Middle",10,"Mobile Transfer ticket",1,"[PREMIUM]","[PREMIUM]","[PREMIUM]","[PREMIUM]",true,false,"['Clear view']","2026-09-14 21:37:28"
"14043005925","2026-09-14 23:43:55.355","2026-09-14 23:43:55.355","14043005925","160418786","[PREMIUM]","[PREMIUM]","130","G","_",,,6,"[2,4,6]",594,"Lower",10,"Mobile Transfer ticket",1,"[PREMIUM]","[PREMIUM]","[PREMIUM]","[PREMIUM]",true,false,"['Clear view']","2026-09-14 21:37:27"
"14043006196","2026-09-14 23:43:55.035","2026-09-14 23:43:55.035","14043006196","160418786","[PREMIUM]","[PREMIUM]","240","M","_",,,8,"[2,4,6,8]",471,"Middle",10,"Mobile Transfer ticket",1,"[PREMIUM]","[PREMIUM]","[PREMIUM]","[PREMIUM]",true,false,"['Clear view']","2026-09-14 21:37:29"
"14043944198","2026-09-14 23:43:55.035","2026-09-14 23:43:55.035","14043944198","160418786","[PREMIUM]","[PREMIUM]","142","K","_",,,3,"[1,3]",594,"Lower",10,"Mobile Transfer ticket",1,"[PREMIUM]","[PREMIUM]","[PREMIUM]","[PREMIUM]",true,false,"['Clear view']","2026-09-14 23:27:27"
"14043006223","2026-09-14 23:43:55.010","2026-09-18 01:51:05.188","14043006223","160418786","[PREMIUM]","[PREMIUM]","205","F","_",,,3,"[1,3]",471,"Middle",10,"Mobile Transfer ticket",1,"[PREMIUM]","[PREMIUM]","[PREMIUM]","[PREMIUM]",true,false,"['Clear view']","2026-09-14 21:37:29"
"14043006193","2026-09-14 23:43:55.010","2026-09-14 23:43:55.010","14043006193","160418786","[PREMIUM]","[PREMIUM]","240","Q","_",,,6,"[2,4,6]",471,"Middle",10,"Mobile Transfer ticket",1,"[PREMIUM]","[PREMIUM]","[PREMIUM]","[PREMIUM]",true,false,"['Clear view']","2026-09-14 21:37:29"
"14043006191","2026-09-14 23:43:55.010","2026-09-18 01:51:05.188","14043006191","160418786","[PREMIUM]","[PREMIUM]","232","C","_",,,5,"[1,2,3,5]",471,"Middle",10,"Mobile Transfer ticket",1,"[PREMIUM]","[PREMIUM]","[PREMIUM]","[PREMIUM]",true,false,"['Third Row of Section','Clear view']","2026-09-14 21:37:29"
"14043006150","2026-09-14 23:43:55.010","2026-09-14 23:43:55.010","14043006150","160418786","[PREMIUM]","[PREMIUM]","241","C","_",,,2,"[2]",471,"Middle",10,"Mobile Transfer ticket",1,"[PREMIUM]","[PREMIUM]","[PREMIUM]","[PREMIUM]",true,false,"['Third Row of Section','Clear view']","2026-09-14 21:37:28"
"14043005924","2026-09-14 23:43:55.010","2026-09-14 23:43:55.010","14043005924","160418786","[PREMIUM]","[PREMIUM]","241","D","_",,,5,"[1,2,3,5]",471,"Middle",10,"Mobile Transfer ticket",1,"[PREMIUM]","[PREMIUM]","[PREMIUM]","[PREMIUM]",true,false,"['Clear view']","2026-09-14 21:37:27"
"13991718721","2026-09-14 23:43:54.718","2026-09-16 01:36:51.782","13991718721","160418786","[PREMIUM]","[PREMIUM]","141","W","_",,,3,"[3]",594,"Lower",10,"Mobile Transfer ticket",1,"[PREMIUM]","[PREMIUM]","[PREMIUM]","[PREMIUM]",true,false,"['Clear view']","2026-09-10 13:52:08"
"14043005954","2026-09-14 23:43:54.718","2026-09-14 23:43:54.718","14043005954","160418786","[PREMIUM]","[PREMIUM]","232","Q","_",,,12,"[1,2,3,4,5,6,7,8,9,10,11,12]",471,"Middle",10,"Mobile Transfer ticket",1,"[PREMIUM]","[PREMIUM]","[PREMIUM]","[PREMIUM]",true,false,"['Clear view']","2026-09-14 21:37:28"
"14043944268","2026-09-14 23:43:54.718","2026-09-17 01:14:49.243","14043944268","160418786","[PREMIUM]","[PREMIUM]","115","X","_",,,3,"[1,3]",594,"Lower",10,"Mobile Transfer ticket",1,"[PREMIUM]","[PREMIUM]","[PREMIUM]","[PREMIUM]",true,false,"['Clear view']","2026-09-14 23:27:28"
"14043944229","2026-09-14 23:43:54.718","2026-09-16 01:36:51.782","14043944229","160418786","[PREMIUM]","[PREMIUM]","125","C","_",,,3,"[1,3]",594,"Lower",10,"Mobile Transfer ticket",1,"[PREMIUM]","[PREMIUM]","[PREMIUM]","[PREMIUM]",true,false,"['Third Row of Section','Clear view']","2026-09-14 23:27:28"
"14043944275","2026-09-14 23:43:54.718","2026-09-14 23:43:54.718","14043944275","160418786","[PREMIUM]","[PREMIUM]","104","W","_",,,2,"[2]",594,"Lower",10,"Mobile Transfer ticket",1,"[PREMIUM]","[PREMIUM]","[PREMIUM]","[PREMIUM]",true,false,"['Clear view']","2026-09-14 23:27:28"
"14041204641","2026-09-14 23:43:54.368","2026-09-20 01:46:37.645","14041204641","160418786","[PREMIUM]","[PREMIUM]","206","P","12_13","12",,2,"[2]",471,"Middle",10,"Mobile Transfer ticket",14,"[PREMIUM]","[PREMIUM]","[PREMIUM]","[PREMIUM]",true,false,"['Clear view']","2026-09-14 18:06:50"
"14043006183","2026-09-14 23:43:54.368","2026-09-14 23:43:54.368","14043006183","160418786","[PREMIUM]","[PREMIUM]","240","DD","_",,,3,"[1,3]",471,"Middle",10,"Mobile Transfer ticket",1,"[PREMIUM]","[PREMIUM]","[PREMIUM]","[PREMIUM]",true,false,"['Clear view']","2026-09-14 21:37:29"
"14043944281","2026-09-14 23:43:54.368","2026-09-14 23:43:54.368","14043944281","160418786","[PREMIUM]","[PREMIUM]","104","AA","_",,,2,"[2]",594,"Lower",10,"Mobile Transfer ticket",1,"[PREMIUM]","[PREMIUM]","[PREMIUM]","[PREMIUM]",true,false,"['Clear view']","2026-09-14 23:27:28"
"14043944282","2026-09-14 23:43:54.368","2026-09-16 01:37:07.448","14043944282","160418786","[PREMIUM]","[PREMIUM]","103","V","_",,,2,"[2]",594,"Lower",10,"Mobile Transfer ticket",1,"[PREMIUM]","[PREMIUM]","[PREMIUM]","[PREMIUM]",true,false,"['Clear view']","2026-09-14 23:27:28"
"14033399046","2026-09-14 23:43:54.222","2026-09-16 01:37:07.448","14033399046","160418786","[PREMIUM]","[PREMIUM]","105","Y","7_8","7",,2,"[2]",594,"Lower",10,"Mobile Transfer ticket",1,"[PREMIUM]","[PREMIUM]","[PREMIUM]","[PREMIUM]",true,false,"['Clear view']","2026-09-13 22:46:57"
"14043944278","2026-09-14 23:43:54.222","2026-09-14 23:43:54.222","14043944278","160418786","[PREMIUM]","[PREMIUM]","115","BB","_",,,4,"[2,4]",594,"Lower",10,"Mobile Transfer ticket",1,"[PREMIUM]","[PREMIUM]","[PREMIUM]","[PREMIUM]",true,false,"['Clear view']","2026-09-14 23:27:28"
"14043944089","2026-09-14 23:43:54.222","2026-09-14 23:43:54.222","14043944089","160418786","[PREMIUM]","[PREMIUM]","147","R","_",,,2,"[2]",594,"Lower",10,"Mobile Transfer ticket",1,"[PREMIUM]","[PREMIUM]","[PREMIUM]","[PREMIUM]",true,false,"['Clear view']","2026-09-14 23:27:24"
"14043944251","2026-09-14 23:43:54.222","2026-09-14 23:43:54.222","14043944251","160418786","[PREMIUM]","[PREMIUM]","123","H","_",,,2,"[2]",594,"Lower",10,"Mobile Transfer ticket",1,"[PREMIUM]","[PREMIUM]","[PREMIUM]","[PREMIUM]",true,false,"['Clear view']","2026-09-14 23:27:28"
"14042129342","2026-09-14 23:43:54.049","2026-09-14 23:43:54.049","14042129342","160418786","[PREMIUM]","[PREMIUM]","114","DD","3_4","3",,2,"[2]",594,"Lower",10,"Mobile Transfer ticket",1,"[PREMIUM]","[PREMIUM]","[PREMIUM]","[PREMIUM]",true,false,"['Clear view']","2026-09-14 19:46:56"
"14043944080","2026-09-14 23:43:54.049","2026-09-14 23:43:54.049","14043944080","160418786","[PREMIUM]","[PREMIUM]","149","S","_",,,3,"[1,3]",594,"Lower",10,"Mobile Transfer ticket",1,"[PREMIUM]","[PREMIUM]","[PREMIUM]","[PREMIUM]",true,false,"['Clear view']","2026-09-14 23:27:24"
"14043944234","2026-09-14 23:43:54.049","2026-09-17 01:14:49.224","14043944234","160418786","[PREMIUM]","[PREMIUM]","128","N","_",,,4,"[2,4]",594,"Lower",10,"Mobile Transfer ticket",1,"[PREMIUM]","[PREMIUM]","[PREMIUM]","[PREMIUM]",true,false,"['Clear view']","2026-09-14 23:27:28"
"14030938060","2026-09-14 23:43:53.906","2026-09-20 01:46:33.432","14030938060","160418786","[PREMIUM]","[PREMIUM]","213","G","6_6","6","6",1,"[1]",471,"Middle",10,"Mobile Transfer ticket",1,"[PREMIUM]","[PREMIUM]","[PREMIUM]","[PREMIUM]",false,false,"['Clear view']","2026-09-13 17:42:25"
"14043944283","2026-09-14 23:43:53.906","2026-09-14 23:43:53.906","14043944283","160418786","[PREMIUM]","[PREMIUM]","104","EE","_",,,2,"[2]",594,"Lower",10,"Mobile Transfer ticket",1,"[PREMIUM]","[PREMIUM]","[PREMIUM]","[PREMIUM]",true,false,"['Clear view']","2026-09-14 23:27:28"
"14043944272","2026-09-14 23:43:53.906","2026-09-14 23:43:53.906","14043944272","160418786","[PREMIUM]","[PREMIUM]","115","EE","_",,,2,"[2]",594,"Lower",10,"Mobile Transfer ticket",1,"[PREMIUM]","[PREMIUM]","[PREMIUM]","[PREMIUM]",true,false,"['Clear view']","2026-09-14 23:27:28"
"14043944270","2026-09-14 23:43:53.906","2026-09-14 23:43:53.906","14043944270","160418786","[PREMIUM]","[PREMIUM]","115","FF","_",,,3,"[1,3]",594,"Lower",10,"Mobile Transfer ticket",1,"[PREMIUM]","[PREMIUM]","[PREMIUM]","[PREMIUM]",true,false,"['Clear view']","2026-09-14 23:27:28"
"14043944199","2026-09-14 23:43:53.721","2026-09-14 23:43:53.721","14043944199","160418786","[PREMIUM]","[PREMIUM]","146","Q","_",,,2,"[2]",594,"Lower",10,"Mobile Transfer ticket",1,"[PREMIUM]","[PREMIUM]","[PREMIUM]","[PREMIUM]",true,false,"['Clear view']","2026-09-14 23:27:27"
"14041863797","2026-09-14 23:43:53.601","2026-09-17 01:14:48.911","14041863797","160418786","[PREMIUM]","[PREMIUM]","232","U","_",,,5,"[5]",471,"Middle",10,"Mobile Transfer ticket",1,"[PREMIUM]","[PREMIUM]","[PREMIUM]","[PREMIUM]",true,false,"['Clear view']","2026-09-14 19:22:09"
"14043944073","2026-09-14 23:43:53.601","2026-09-18 01:51:04.806","14043944073","160418786","[PREMIUM]","[PREMIUM]","215","H","_",,,3,"[1,3]",471,"Middle",10,"Mobile Transfer ticket",1,"[PREMIUM]","[PREMIUM]","[PREMIUM]","[PREMIUM]",true,false,"['Clear view']","2026-09-14 23:27:24"
"14043965381","2026-09-14 23:43:53.601","2026-09-16 01:36:50.064","14043965381","160418786","[PREMIUM]","[PREMIUM]","124","J","_",,,4,"[4]",594,"Lower",10,"Mobile Transfer ticket",1,"[PREMIUM]","[PREMIUM]","[PREMIUM]","[PREMIUM]",true,false,"['Clear view']","2026-09-14 23:30:59"
"14042543144","2026-09-14 23:43:53.290","2026-09-14 23:43:53.290","14042543144","160418786","[PREMIUM]","[PREMIUM]","224","B","7_8","7",,2,"[2]",471,"Middle",10,"Mobile Transfer ticket",1,"[PREMIUM]","[PREMIUM]","[PREMIUM]","[PREMIUM]",true,false,"['Second Row of Section','Clear view']","2026-09-14 20:34:38"
"14043944084","2026-09-14 23:43:53.290","2026-09-17 01:14:46.947","14043944084","160418786","[PREMIUM]","[PREMIUM]","204","H","_",,,2,"[2]",471,"Middle",10,"Mobile Transfer ticket",1,"[PREMIUM]","[PREMIUM]","[PREMIUM]","[PREMIUM]",true,false,"['Clear view']","2026-09-14 23:27:24"
"14043944260","2026-09-14 23:43:53.290","2026-09-14 23:43:53.290","14043944260","160418786","[PREMIUM]","[PREMIUM]","116","L","_",,,2,"[2]",594,"Lower",10,"Mobile Transfer ticket",1,"[PREMIUM]","[PREMIUM]","[PREMIUM]","[PREMIUM]",true,false,"['Clear view']","2026-09-14 23:27:28"
"14043944244","2026-09-14 23:43:53.290","2026-09-14 23:43:53.290","14043944244","160418786","[PREMIUM]","[PREMIUM]","124","Q","_",,,5,"[1,2,3,5]",594,"Lower",10,"Mobile Transfer ticket",1,"[PREMIUM]","[PREMIUM]","[PREMIUM]","[PREMIUM]",true,false,"['Clear view']","2026-09-14 23:27:28"
"12691031745","2026-09-14 23:43:46.740","2026-09-16 01:36:35.541","12691031745","160424978","[PREMIUM]","[PREMIUM]","319","KK","_",,,2,"[2]",407,"Upper",10,"Mobile Transfer ticket",1,"[PREMIUM]","[PREMIUM]","[PREMIUM]","[PREMIUM]",true,false,"['Clear view']","2026-05-15 00:03:30"
"14043944246","2026-09-14 23:43:46.002","2026-09-14 23:43:46.002","14043944246","160418786","[PREMIUM]","[PREMIUM]","124","FF","_",,,3,"[1,3]",594,"Lower",10,"Mobile Transfer ticket",1,"[PREMIUM]","[PREMIUM]","[PREMIUM]","[PREMIUM]",true,false,"['Clear view']","2026-09-14 23:27:28"
"14043944253","2026-09-14 23:43:46.002","2026-09-14 23:43:46.002","14043944253","160418786","[PREMIUM]","[PREMIUM]","123","DD","_",,,2,"[2]",594,"Lower",10,"Mobile Transfer ticket",1,"[PREMIUM]","[PREMIUM]","[PREMIUM]","[PREMIUM]",true,false,"['Clear view']","2026-09-14 23:27:28"
"14043965442","2026-09-14 23:43:45.766","2026-09-16 01:36:37.381","14043965442","160418786","[PREMIUM]","[PREMIUM]","123","S","_",,,4,"[4]",594,"Lower",10,"Mobile Transfer ticket",1,"[PREMIUM]","[PREMIUM]","[PREMIUM]","[PREMIUM]",true,false,"['Clear view']","2026-09-14 23:31:00"
"14043944233","2026-09-14 23:43:45.766","2026-09-14 23:43:45.766","14043944233","160418786","[PREMIUM]","[PREMIUM]","124","W","_",,,3,"[1,3]",594,"Lower",10,"Mobile Transfer ticket",1,"[PREMIUM]","[PREMIUM]","[PREMIUM]","[PREMIUM]",true,false,"['Clear view']","2026-09-14 23:27:28"
"14042167357","2026-09-14 23:43:45.456","2026-09-26 05:05:40.990","14042167357","160418786","[PREMIUM]","[PREMIUM]","127","EE","_",,,2,"[2]",594,"Lower",10,"Mobile Transfer ticket",1,"[PREMIUM]","[PREMIUM]","[PREMIUM]","[PREMIUM]",true,false,"['Clear view']","2026-09-14 19:51:41"
"14043944289","2026-09-14 23:43:45.456","2026-09-14 23:43:45.456","14043944289","160418786","[PREMIUM]","[PREMIUM]","101","S","_",,,2,"[2]",594,"Lower",10,"Mobile Transfer ticket",1,"[PREMIUM]","[PREMIUM]","[PREMIUM]","[PREMIUM]",true,false,"['Clear view']","2026-09-14 23:27:28"
"13999049116","2026-09-14 23:43:45.377","2026-09-14 23:43:45.377","13999049116","160418786","[PREMIUM]","[PREMIUM]","123","V","649_650","649",,2,"[2]",594,"Lower",10,"Mobile Transfer ticket",1,"[PREMIUM]","[PREMIUM]","[PREMIUM]","[PREMIUM]",true,false,"['Clear view']","2026-09-11 00:22:18"
"14041130083","2026-09-14 23:43:45.377","2026-09-18 01:50:59.259","14041130083","160418786","[PREMIUM]","[PREMIUM]","148","X","12_12","12","12",1,"[1]",594,"Lower",10,"Mobile Transfer ticket",1,"[PREMIUM]","[PREMIUM]","[PREMIUM]","[PREMIUM]",false,false,"['Clear view']","2026-09-14 17:58:02"
"14043154327","2026-09-14 23:43:45.377","2026-09-27 05:05:35.091","14043154327","160418786","[PREMIUM]","[PREMIUM]","230","A","_",,,3,"[1,3]",471,"Middle",10,"Mobile Transfer ticket",1,"[PREMIUM]","[PREMIUM]","[PREMIUM]","[PREMIUM]",true,false,"['Front Row of Section','Clear view']","2026-09-14 21:57:07"
