"_primaryKey","_firstSeenAt","_lastSeenAt","listingId","eventId","price","faceValue","section","row","seat","seatFrom","seatTo","quantity","availableQuantities","ticketClass","ticketClassName","ticketTypeId","ticketTypeName","listingTypeId","starRating","dealScore","discount","seatQualityScore","isSeatedTogether","isSpeculativeRow","listingNotes","createdAt"
"13816934013","2026-08-26 23:59:59.489","2026-09-09 00:00:03.509","13816934013","161663480","[PREMIUM]","[PREMIUM]","307","9","_",,,8,"[1,2,3,4,6,8]",954,"Upper Level",10,"Mobile Transfer ticket",14,"[PREMIUM]","[PREMIUM]","[PREMIUM]","[PREMIUM]",true,false,"['Clear view']","2026-08-26 11:07:59"
"13791048728","2026-08-26 23:59:58.945","2026-09-04 23:59:31.643","13791048728","161689701","[PREMIUM]","[PREMIUM]","116","A","_",,,3,"[1,3]",682,"Floor",10,"Mobile Transfer ticket",1,"[PREMIUM]","[PREMIUM]","[PREMIUM]","[PREMIUM]",true,false,"['Clear view']","2026-08-24 14:28:35"
"13820785729","2026-08-26 23:59:58.945","2026-09-02 23:48:31.979","13820785729","161689701","[PREMIUM]","[PREMIUM]","102","2","14_15","14",,2,"[2]",1687,"Lower Level",10,"Mobile Transfer ticket",1,"[PREMIUM]","[PREMIUM]","[PREMIUM]","[PREMIUM]",true,false,"['Second Row of Section','Clear view']","2026-08-26 18:48:13"
"13815748783","2026-08-26 23:59:58.657","2026-08-26 23:59:58.657","13815748783","161663862","[PREMIUM]","[PREMIUM]","111","1","9_10","9",,2,"[2]",1687,"Lower Level",10,"Mobile Transfer ticket",1,"[PREMIUM]","[PREMIUM]","[PREMIUM]","[PREMIUM]",true,false,"['Third Row of Section','Clear view']","2026-08-26 08:09:26"
"13816673259","2026-08-26 23:59:58.394","2026-09-08 23:59:06.187","13816673259","161672708","[PREMIUM]","[PREMIUM]","106","D","9001_9002","9001",,2,"[2]",594,"Lower",10,"Mobile Transfer ticket",13,"[PREMIUM]","[PREMIUM]","[PREMIUM]","[PREMIUM]",true,false,"['Clear view']","2026-08-26 10:26:38"
"13819314918","2026-08-26 23:59:57.875","2026-09-08 23:59:57.922","13819314918","161663862","[PREMIUM]","[PREMIUM]","112","10","13_16","13","16",4,"[1,2,4]",1687,"Lower Level",10,"Mobile Transfer ticket",1,"[PREMIUM]","[PREMIUM]","[PREMIUM]","[PREMIUM]",true,false,"['Clear view']","2026-08-26 16:32:34"
"13819290783","2026-08-26 23:59:57.607","2026-09-08 23:59:58.172","13819290783","161663862","[PREMIUM]","[PREMIUM]","112","17","11_14","11","14",4,"[1,2,4]",1687,"Lower Level",10,"Mobile Transfer ticket",1,"[PREMIUM]","[PREMIUM]","[PREMIUM]","[PREMIUM]",true,false,"['Clear view']","2026-08-26 16:30:03"
"13819199340","2026-08-26 23:59:57.519","2026-09-08 00:05:56.983","13819199340","161663862","[PREMIUM]","[PREMIUM]","110","12","3_6","3","6",4,"[1,2,4]",1687,"Lower Level",10,"Mobile Transfer ticket",1,"[PREMIUM]","[PREMIUM]","[PREMIUM]","[PREMIUM]",true,false,"['Clear view']","2026-08-26 16:20:47"
"13709983215","2026-08-26 23:59:55.614","2026-08-27 23:28:23.119","13709983215","161672692","[PREMIUM]","[PREMIUM]","109","C","_",,,3,"[1,3]",594,"Lower",10,"Mobile Transfer ticket",1,"[PREMIUM]","[PREMIUM]","[PREMIUM]","[PREMIUM]",true,false,"['Clear view']","2026-08-18 01:33:21"
"13819332074","2026-08-26 23:59:54.313","2026-08-27 23:28:28.911","13819332074","161663862","[PREMIUM]","[PREMIUM]","321","1","7_10","7","10",4,"[1,2,4]",954,"Upper Level",10,"Mobile Transfer ticket",1,"[PREMIUM]","[PREMIUM]","[PREMIUM]","[PREMIUM]",true,false,"['Front Row of Section','Clear view']","2026-08-26 16:35:08"
"13819172800","2026-08-26 23:59:54.065","2026-09-04 23:59:07.047","13819172800","161663862","[PREMIUM]","[PREMIUM]","117","C","7_10","7","10",4,"[1,2,4]",1687,"Lower Level",10,"Mobile Transfer ticket",1,"[PREMIUM]","[PREMIUM]","[PREMIUM]","[PREMIUM]",true,false,"['Third Row of Section','Clear view']","2026-08-26 16:18:49"
"13818762124","2026-08-26 23:59:54.021","2026-08-31 00:02:09.909","13818762124","161663862","[PREMIUM]","[PREMIUM]","332","1","9001_9002","9001",,2,"[2]",954,"Upper Level",10,"Mobile Transfer ticket",13,"[PREMIUM]","[PREMIUM]","[PREMIUM]","[PREMIUM]",true,false,"['Front Row of Section','Clear view']","2026-08-26 15:23:20"
"13818121427","2026-08-26 23:59:53.058","2026-09-08 23:58:57.674","13818121427","161689701","[PREMIUM]","[PREMIUM]","107","7","1_3","1",,3,"[1,3]",1687,"Lower Level",10,"Mobile Transfer ticket",1,"[PREMIUM]","[PREMIUM]","[PREMIUM]","[PREMIUM]",true,false,"['Clear view']","2026-08-26 14:02:42"
"13665236869","2026-08-26 23:59:52.783","2026-08-29 23:58:41.977","13665236869","161664023","[PREMIUM]","[PREMIUM]","101","1","_",,,4,"[2,4]",1687,"Lower Level",10,"Mobile Transfer ticket",1,"[PREMIUM]","[PREMIUM]","[PREMIUM]","[PREMIUM]",true,false,"['Third Row of Section','Clear view']","2026-08-13 21:52:06"
"13819325091","2026-08-26 23:59:52.535","2026-09-08 23:59:57.348","13819325091","161664023","[PREMIUM]","[PREMIUM]","112","10","13_16","13","16",4,"[1,2,4]",1687,"Lower Level",10,"Mobile Transfer ticket",1,"[PREMIUM]","[PREMIUM]","[PREMIUM]","[PREMIUM]",true,false,"['Clear view']","2026-08-26 16:34:07"
"13733033064","2026-08-26 23:59:52.512","2026-09-08 23:59:56.236","13733033064","161664023","[PREMIUM]","[PREMIUM]","101","19","_",,,2,"[2]",1687,"Lower Level",10,"Mobile Transfer ticket",1,"[PREMIUM]","[PREMIUM]","[PREMIUM]","[PREMIUM]",true,false,"['Clear view']","2026-08-20 05:19:42"
"13819290700","2026-08-26 23:59:52.512","2026-09-08 00:06:55.761","13819290700","161664023","[PREMIUM]","[PREMIUM]","112","17","11_14","11","14",4,"[1,2,4]",1687,"Lower Level",10,"Mobile Transfer ticket",1,"[PREMIUM]","[PREMIUM]","[PREMIUM]","[PREMIUM]",true,false,"['Clear view']","2026-08-26 16:30:02"
"13709982034","2026-08-26 23:59:51.494","2026-09-08 23:59:13.602","13709982034","161672692","[PREMIUM]","[PREMIUM]","103","S","_",,,2,"[2]",594,"Lower",10,"Mobile Transfer ticket",1,"[PREMIUM]","[PREMIUM]","[PREMIUM]","[PREMIUM]",true,false,"['Clear view']","2026-08-18 01:33:17"
"13709983374","2026-08-26 23:59:51.119","2026-09-08 23:59:11.987","13709983374","161672692","[PREMIUM]","[PREMIUM]","210","H","_",,,8,"[1,2,3,4,5,6,8]",407,"Upper",10,"Mobile Transfer ticket",1,"[PREMIUM]","[PREMIUM]","[PREMIUM]","[PREMIUM]",true,false,"['Clear view']","2026-08-18 01:33:22"
"13709983340","2026-08-26 23:59:51.119","2026-09-08 23:59:11.987","13709983340","161672692","[PREMIUM]","[PREMIUM]","210","G","_",,,4,"[2,4]",407,"Upper",10,"Mobile Transfer ticket",1,"[PREMIUM]","[PREMIUM]","[PREMIUM]","[PREMIUM]",true,false,"['Clear view']","2026-08-18 01:33:22"
"13709981795","2026-08-26 23:59:50.900","2026-09-08 23:59:11.758","13709981795","161672692","[PREMIUM]","[PREMIUM]","207","H","_",,,6,"[1,2,3,4,6]",407,"Upper",10,"Mobile Transfer ticket",1,"[PREMIUM]","[PREMIUM]","[PREMIUM]","[PREMIUM]",true,false,"['Clear view']","2026-08-18 01:33:16"
"13815941947","2026-08-26 23:59:50.331","2026-09-08 23:59:58.404","13815941947","161663862","[PREMIUM]","[PREMIUM]","202","1","9001_9002","9001",,2,"[2]",300,"Club Level",10,"Mobile Transfer ticket",13,"[PREMIUM]","[PREMIUM]","[PREMIUM]","[PREMIUM]",true,false,"['Front Row of Section','Clear view']","2026-08-26 08:39:20"
"13666548094","2026-08-26 23:59:49.975","2026-08-27 23:28:18.953","13666548094","161689701","[PREMIUM]","[PREMIUM]","110","7","17_20","17",,4,"[1,2,4]",1687,"Lower Level",10,"Mobile Transfer ticket",1,"[PREMIUM]","[PREMIUM]","[PREMIUM]","[PREMIUM]",true,false,"['Clear view']","2026-08-13 23:28:31"
"13818130311","2026-08-26 23:59:49.975","2026-09-08 23:59:03.862","13818130311","161689701","[PREMIUM]","[PREMIUM]","112","A","11_12","11",,2,"[2]",682,"Floor",10,"Mobile Transfer ticket",1,"[PREMIUM]","[PREMIUM]","[PREMIUM]","[PREMIUM]",true,false,"['Clear view']","2026-08-26 14:03:29"
"13818126351","2026-08-26 23:59:49.701","2026-08-26 23:59:49.701","13818126351","161689701","[PREMIUM]","[PREMIUM]","119","8","7_8","7",,2,"[2]",1687,"Lower Level",10,"Mobile Transfer ticket",1,"[PREMIUM]","[PREMIUM]","[PREMIUM]","[PREMIUM]",true,false,"['Clear view']","2026-08-26 14:03:15"
"13709859104","2026-08-26 23:59:49.134","2026-08-27 23:28:17.847","13709859104","161672708","[PREMIUM]","[PREMIUM]","109","C","_",,,3,"[1,3]",594,"Lower",10,"Mobile Transfer ticket",1,"[PREMIUM]","[PREMIUM]","[PREMIUM]","[PREMIUM]",true,false,"['Clear view']","2026-08-18 01:17:09"
"13794453730","2026-08-26 23:59:48.820","2026-09-01 23:56:21.054","13794453730","161664023","[PREMIUM]","[PREMIUM]","118","3","_",,,2,"[2]",1687,"Lower Level",10,"Mobile Transfer ticket",1,"[PREMIUM]","[PREMIUM]","[PREMIUM]","[PREMIUM]",true,false,"['Clear view']","2026-08-24 19:45:05"
"13819172809","2026-08-26 23:59:48.820","2026-09-08 23:59:55.856","13819172809","161664023","[PREMIUM]","[PREMIUM]","117","C","7_10","7","10",4,"[1,2,4]",1687,"Lower Level",10,"Mobile Transfer ticket",1,"[PREMIUM]","[PREMIUM]","[PREMIUM]","[PREMIUM]",true,false,"['Third Row of Section','Clear view']","2026-08-26 16:18:49"
"13818805546","2026-08-26 23:59:48.785","2026-08-27 23:29:07.095","13818805546","161664023","[PREMIUM]","[PREMIUM]","204",,"_",,,4,"[1,2,4]",300,"Club Level",11,"Mobile ticket",14,"[PREMIUM]","[PREMIUM]","[PREMIUM]","[PREMIUM]",true,true,"['Clear view']","2026-08-26 15:28:32"
"13814437346","2026-08-26 23:59:48.576","2026-09-08 23:59:52.636","13814437346","161664023","[PREMIUM]","[PREMIUM]","221","5","_",,,4,"[1,2,4]",300,"Club Level",11,"Mobile ticket",14,"[PREMIUM]","[PREMIUM]","[PREMIUM]","[PREMIUM]",true,false,"['Clear view']","2026-08-26 05:15:04"
"13819332109","2026-08-26 23:59:48.550","2026-08-27 23:29:06.084","13819332109","161664023","[PREMIUM]","[PREMIUM]","321","1","7_10","7","10",4,"[1,2,4]",954,"Upper Level",10,"Mobile Transfer ticket",1,"[PREMIUM]","[PREMIUM]","[PREMIUM]","[PREMIUM]",true,false,"['Front Row of Section','Clear view']","2026-08-26 16:35:08"
"13819332265","2026-08-26 23:59:48.493","2026-09-08 23:59:52.498","13819332265","161664023","[PREMIUM]","[PREMIUM]","301","8","_",,,2,"[2]",954,"Upper Level",10,"Mobile Transfer ticket",1,"[PREMIUM]","[PREMIUM]","[PREMIUM]","[PREMIUM]",true,false,"['Clear view']","2026-08-26 16:35:09"
"13812912527","2026-08-26 23:59:47.933","2026-09-04 00:00:36.212","13812912527","161672708","[PREMIUM]","[PREMIUM]","209","A","_",,,2,"[2]",407,"Upper",10,"Mobile Transfer ticket",1,"[PREMIUM]","[PREMIUM]","[PREMIUM]","[PREMIUM]",true,false,"['Front Row of Section','Clear view']","2026-08-26 01:44:27"
"13709982015","2026-08-26 23:59:47.882","2026-08-27 23:28:20.525","13709982015","161672692","[PREMIUM]","[PREMIUM]","230","K","_",,,4,"[2,4]",407,"Upper",10,"Mobile Transfer ticket",1,"[PREMIUM]","[PREMIUM]","[PREMIUM]","[PREMIUM]",true,false,"['Clear view']","2026-08-18 01:33:17"
"13709982024","2026-08-26 23:59:47.864","2026-09-08 23:59:11.561","13709982024","161672692","[PREMIUM]","[PREMIUM]","202","J","_",,,4,"[2,4]",407,"Upper",10,"Mobile Transfer ticket",1,"[PREMIUM]","[PREMIUM]","[PREMIUM]","[PREMIUM]",true,false,"['Clear view']","2026-08-18 01:33:17"
"13820624686","2026-08-26 23:59:47.864","2026-09-08 23:59:11.726","13820624686","161672692","[PREMIUM]","[PREMIUM]","109","Z","_",,,4,"[1,2,4]",594,"Lower",10,"Mobile Transfer ticket",1,"[PREMIUM]","[PREMIUM]","[PREMIUM]","[PREMIUM]",true,false,"['Clear view']","2026-08-26 18:33:33"
"13709981873","2026-08-26 23:59:47.592","2026-08-27 23:28:19.881","13709981873","161672692","[PREMIUM]","[PREMIUM]","223","W","_",,,4,"[2,4]",407,"Upper",10,"Mobile Transfer ticket",1,"[PREMIUM]","[PREMIUM]","[PREMIUM]","[PREMIUM]",true,false,"['Clear view']","2026-08-18 01:33:16"
"13709982949","2026-08-26 23:59:47.489","2026-09-08 23:59:11.380","13709982949","161672692","[PREMIUM]","[PREMIUM]","202","K","_",,,10,"[1,2,3,4,5,6,7,8,10]",407,"Upper",10,"Mobile Transfer ticket",1,"[PREMIUM]","[PREMIUM]","[PREMIUM]","[PREMIUM]",true,false,"['Clear view']","2026-08-18 01:33:21"
"13820670703","2026-08-26 23:59:47.489","2026-09-08 23:59:11.380","13820670703","161672692","[PREMIUM]","[PREMIUM]","201","B","_",,,2,"[2]",407,"Upper",10,"Mobile Transfer ticket",1,"[PREMIUM]","[PREMIUM]","[PREMIUM]","[PREMIUM]",true,false,"['Clear view']","2026-08-26 18:37:57"
"13709981787","2026-08-26 23:59:47.303","2026-09-01 23:55:50.107","13709981787","161672692","[PREMIUM]","[PREMIUM]","210","S","_",,,4,"[2,4]",407,"Upper",10,"Mobile Transfer ticket",1,"[PREMIUM]","[PREMIUM]","[PREMIUM]","[PREMIUM]",true,false,"['Clear view']","2026-08-18 01:33:16"
"13818121223","2026-08-26 23:59:46.905","2026-09-08 23:59:03.439","13818121223","161689701","[PREMIUM]","[PREMIUM]","119","11","1_2","1",,2,"[2]",1687,"Lower Level",10,"Mobile Transfer ticket",1,"[PREMIUM]","[PREMIUM]","[PREMIUM]","[PREMIUM]",true,false,"['Clear view']","2026-08-26 14:02:34"
"13821107488","2026-08-26 23:59:46.905","2026-09-08 23:59:01.307","13821107488","161689701","[PREMIUM]","[PREMIUM]","PR01","1","11_12","11","12",2,"[2]",5307,"Premier Level",10,"Mobile Transfer ticket",1,"[PREMIUM]","[PREMIUM]","[PREMIUM]","[PREMIUM]",true,false,"['Includes parking','Premium Front Row','Premium Entrance','Front Row of Section','Clear view']","2026-08-26 19:16:39"
"13823351341","2026-08-26 23:59:46.905","2026-08-26 23:59:46.905","13823351341","161689701","[PREMIUM]","[PREMIUM]","114","G","_",,,5,"[1,2,3,4,5]",682,"Floor",10,"Mobile Transfer ticket",1,"[PREMIUM]","[PREMIUM]","[PREMIUM]","[PREMIUM]",true,false,"['Clear view']","2026-08-26 23:16:19"
"13800592139","2026-08-26 23:59:46.852","2026-09-08 23:58:59.814","13800592139","161689701","[PREMIUM]","[PREMIUM]","105","G","1_2","1",,2,"[2]",682,"Floor",10,"Mobile Transfer ticket",1,"[PREMIUM]","[PREMIUM]","[PREMIUM]","[PREMIUM]",true,false,"['Clear view']","2026-08-25 04:12:18"
"13800592081","2026-08-26 23:59:46.852","2026-09-08 23:58:59.814","13800592081","161689701","[PREMIUM]","[PREMIUM]","105","H","1_2","1",,2,"[2]",682,"Floor",10,"Mobile Transfer ticket",1,"[PREMIUM]","[PREMIUM]","[PREMIUM]","[PREMIUM]",true,false,"['Clear view']","2026-08-25 04:12:18"
"13818121225","2026-08-26 23:59:46.702","2026-09-08 00:05:03.334","13818121225","161689701","[PREMIUM]","[PREMIUM]","112","9","19_21","19",,3,"[1,3]",1687,"Lower Level",10,"Mobile Transfer ticket",1,"[PREMIUM]","[PREMIUM]","[PREMIUM]","[PREMIUM]",true,false,"['Clear view']","2026-08-26 14:02:34"
"13789795602","2026-08-26 23:59:46.648","2026-09-08 23:59:01.398","13789795602","161689701","[PREMIUM]","[PREMIUM]","112",,"90_91","90",,2,"[1,2]",1687,"Lower Level",10,"Mobile Transfer ticket",1,"[PREMIUM]","[PREMIUM]","[PREMIUM]","[PREMIUM]",true,true,"['Clear view']","2026-08-24 11:30:16"
"13818121224","2026-08-26 23:59:46.648","2026-09-08 23:59:01.398","13818121224","161689701","[PREMIUM]","[PREMIUM]","119","15","9_10","9",,2,"[2]",1687,"Lower Level",10,"Mobile Transfer ticket",1,"[PREMIUM]","[PREMIUM]","[PREMIUM]","[PREMIUM]",true,false,"['Clear view']","2026-08-26 14:02:34"
"13818121235","2026-08-26 23:59:46.623","2026-09-08 23:59:01.398","13818121235","161689701","[PREMIUM]","[PREMIUM]","112","16","13_14","13",,2,"[2]",1687,"Lower Level",10,"Mobile Transfer ticket",1,"[PREMIUM]","[PREMIUM]","[PREMIUM]","[PREMIUM]",true,false,"['Clear view']","2026-08-26 14:02:35"
"13818121097","2026-08-26 23:59:46.623","2026-09-08 00:05:03.283","13818121097","161689701","[PREMIUM]","[PREMIUM]","108","E","3_5","3",,3,"[1,3]",682,"Floor",10,"Mobile Transfer ticket",1,"[PREMIUM]","[PREMIUM]","[PREMIUM]","[PREMIUM]",true,false,"['Clear view']","2026-08-26 14:02:31"
"13818126227","2026-08-26 23:59:46.458","2026-09-08 00:04:59.935","13818126227","161689701","[PREMIUM]","[PREMIUM]","114","H","1_5","1",,5,"[1,2,3,5]",682,"Floor",10,"Mobile Transfer ticket",1,"[PREMIUM]","[PREMIUM]","[PREMIUM]","[PREMIUM]",true,false,"['Clear view']","2026-08-26 14:03:15"
"13816923817","2026-08-26 23:59:46.390","2026-08-26 23:59:46.390","13816923817","161689701","[PREMIUM]","[PREMIUM]","PR02","1","1_2","1","2",2,"[2]",5307,"Premier Level",10,"Mobile Transfer ticket",1,"[PREMIUM]","[PREMIUM]","[PREMIUM]","[PREMIUM]",true,false,"['Front Row of Section','Clear view']","2026-08-26 11:06:09"
"13819332263","2026-08-26 23:59:46.331","2026-08-29 23:58:24.412","13819332263","161663478","[PREMIUM]","[PREMIUM]","301","8","_",,,2,"[2]",954,"Upper Level",10,"Mobile Transfer ticket",1,"[PREMIUM]","[PREMIUM]","[PREMIUM]","[PREMIUM]",true,false,"['Clear view']","2026-08-26 16:35:09"
"13819332093","2026-08-26 23:59:46.331","2026-08-27 23:28:26.652","13819332093","161663478","[PREMIUM]","[PREMIUM]","321","1","7_10","7","10",4,"[1,2,4]",954,"Upper Level",10,"Mobile Transfer ticket",1,"[PREMIUM]","[PREMIUM]","[PREMIUM]","[PREMIUM]",true,false,"['Front Row of Section','Clear view']","2026-08-26 16:35:08"
"13709859223","2026-08-26 23:59:46.046","2026-09-08 23:59:05.347","13709859223","161672708","[PREMIUM]","[PREMIUM]","112","Q","_",,,4,"[2,4]",594,"Lower",10,"Mobile Transfer ticket",1,"[PREMIUM]","[PREMIUM]","[PREMIUM]","[PREMIUM]",true,false,"['Clear view']","2026-08-18 01:17:09"
"13818121252","2026-08-26 23:59:45.947","2026-09-08 23:58:59.247","13818121252","161689701","[PREMIUM]","[PREMIUM]","116","M","3_5","3",,3,"[1,3]",682,"Floor",10,"Mobile Transfer ticket",1,"[PREMIUM]","[PREMIUM]","[PREMIUM]","[PREMIUM]",true,false,"['Clear view']","2026-08-26 14:02:37"
"13819665044","2026-08-26 23:59:45.947","2026-09-08 23:58:59.247","13819665044","161689701","[PREMIUM]","[PREMIUM]","113","12","10_11","10","11",2,"[2]",1687,"Lower Level",10,"Mobile Transfer ticket",1,"[PREMIUM]","[PREMIUM]","[PREMIUM]","[PREMIUM]",true,false,"['Clear view']","2026-08-26 17:02:38"
"13709860019","2026-08-26 23:59:45.798","2026-09-08 23:59:03.289","13709860019","161672708","[PREMIUM]","[PREMIUM]","102","Q","_",,,4,"[2,4]",594,"Lower",10,"Mobile Transfer ticket",1,"[PREMIUM]","[PREMIUM]","[PREMIUM]","[PREMIUM]",true,false,"['Clear view']","2026-08-18 01:17:13"
"13709859068","2026-08-26 23:59:45.770","2026-09-08 23:59:03.112","13709859068","161672708","[PREMIUM]","[PREMIUM]","107","W","_",,,4,"[2,4]",594,"Lower",10,"Mobile Transfer ticket",1,"[PREMIUM]","[PREMIUM]","[PREMIUM]","[PREMIUM]",true,false,"['Clear view']","2026-08-18 01:17:08"
"13709859133","2026-08-26 23:59:45.733","2026-09-08 23:59:02.822","13709859133","161672708","[PREMIUM]","[PREMIUM]","102","V","_",,,2,"[2]",594,"Lower",10,"Mobile Transfer ticket",1,"[PREMIUM]","[PREMIUM]","[PREMIUM]","[PREMIUM]",true,false,"['Clear view']","2026-08-18 01:17:09"
"13709859411","2026-08-26 23:59:45.496","2026-09-08 23:59:02.324","13709859411","161672708","[PREMIUM]","[PREMIUM]","207","G","_",,,4,"[2,4]",407,"Upper",10,"Mobile Transfer ticket",1,"[PREMIUM]","[PREMIUM]","[PREMIUM]","[PREMIUM]",true,false,"['Clear view']","2026-08-18 01:17:10"
"13790724484","2026-08-26 23:59:45.385","2026-09-01 23:55:51.654","13790724484","161672708","[PREMIUM]","[PREMIUM]","109","V","_",,,2,"[2]",594,"Lower",10,"Mobile Transfer ticket",1,"[PREMIUM]","[PREMIUM]","[PREMIUM]","[PREMIUM]",true,false,"['Clear view']","2026-08-24 13:55:13"
"13790724711","2026-08-26 23:59:45.326","2026-09-01 23:55:51.524","13790724711","161672708","[PREMIUM]","[PREMIUM]","117","Z","_",,,8,"[1,2,3,4,5,6,8]",594,"Lower",10,"Mobile Transfer ticket",1,"[PREMIUM]","[PREMIUM]","[PREMIUM]","[PREMIUM]",true,false,"['Clear view']","2026-08-24 13:55:13"
"13790724179","2026-08-26 23:59:45.326","2026-09-01 23:55:51.738","13790724179","161672708","[PREMIUM]","[PREMIUM]","102","X","_",,,2,"[2]",594,"Lower",10,"Mobile Transfer ticket",1,"[PREMIUM]","[PREMIUM]","[PREMIUM]","[PREMIUM]",true,false,"['Clear view']","2026-08-24 13:55:12"
"13790724127","2026-08-26 23:59:45.229","2026-09-01 23:55:51.524","13790724127","161672708","[PREMIUM]","[PREMIUM]","102","CC","_",,,4,"[2,4]",594,"Lower",10,"Mobile Transfer ticket",1,"[PREMIUM]","[PREMIUM]","[PREMIUM]","[PREMIUM]",true,false,"['Clear view']","2026-08-24 13:55:12"
"13790724611","2026-08-26 23:59:45.229","2026-09-08 23:59:03.289","13790724611","161672708","[PREMIUM]","[PREMIUM]","117","CC","_",,,3,"[1,3]",594,"Lower",10,"Mobile Transfer ticket",1,"[PREMIUM]","[PREMIUM]","[PREMIUM]","[PREMIUM]",true,false,"['Clear view']","2026-08-24 13:55:13"
"13814836144","2026-08-26 23:59:45.215","2026-09-08 23:59:57.362","13814836144","161664023","[PREMIUM]","[PREMIUM]","202","1","9001_9002","9001",,2,"[2]",300,"Club Level",10,"Mobile Transfer ticket",13,"[PREMIUM]","[PREMIUM]","[PREMIUM]","[PREMIUM]",true,false,"['Front Row of Section','Clear view']","2026-08-26 06:10:07"
"13816285808","2026-08-26 23:59:45.215","2026-09-08 23:59:50.074","13816285808","161664023","[PREMIUM]","[PREMIUM]","332","1","9001_9002","9001",,2,"[2]",954,"Upper Level",10,"Mobile Transfer ticket",13,"[PREMIUM]","[PREMIUM]","[PREMIUM]","[PREMIUM]",true,false,"['Front Row of Section','Clear view']","2026-08-26 09:35:04"
"13790724510","2026-08-26 23:59:45.181","2026-09-01 23:55:51.424","13790724510","161672708","[PREMIUM]","[PREMIUM]","116","CC","_",,,4,"[2,4]",594,"Lower",10,"Mobile Transfer ticket",1,"[PREMIUM]","[PREMIUM]","[PREMIUM]","[PREMIUM]",true,false,"['Clear view']","2026-08-24 13:55:13"
"13790724367","2026-08-26 23:59:45.181","2026-09-01 23:55:51.368","13790724367","161672708","[PREMIUM]","[PREMIUM]","103","EE","_",,,3,"[1,3]",594,"Lower",10,"Mobile Transfer ticket",1,"[PREMIUM]","[PREMIUM]","[PREMIUM]","[PREMIUM]",true,false,"['Clear view']","2026-08-24 13:55:13"
"13820654271","2026-08-26 23:59:44.924","2026-09-08 23:59:05.267","13820654271","161672692","[PREMIUM]","[PREMIUM]","221","R","_",,,4,"[1,2,4]",407,"Upper",10,"Mobile Transfer ticket",1,"[PREMIUM]","[PREMIUM]","[PREMIUM]","[PREMIUM]",true,false,"['Clear view']","2026-08-26 18:36:33"
"13818121350","2026-08-26 23:59:44.733","2026-09-08 23:58:57.727","13818121350","161689701","[PREMIUM]","[PREMIUM]","106","6","12_13","12",,2,"[2]",1687,"Lower Level",10,"Mobile Transfer ticket",1,"[PREMIUM]","[PREMIUM]","[PREMIUM]","[PREMIUM]",true,false,"['Clear view']","2026-08-26 14:02:39"
"13818121369","2026-08-26 23:59:44.619","2026-09-08 23:58:57.587","13818121369","161689701","[PREMIUM]","[PREMIUM]","106","8","18_21","18",,4,"[1,2,4]",1687,"Lower Level",10,"Mobile Transfer ticket",1,"[PREMIUM]","[PREMIUM]","[PREMIUM]","[PREMIUM]",true,false,"['Clear view']","2026-08-26 14:02:41"
"13818121218","2026-08-26 23:59:44.619","2026-09-08 23:58:57.587","13818121218","161689701","[PREMIUM]","[PREMIUM]","114","17","27_29","27",,3,"[1,3]",1687,"Lower Level",10,"Mobile Transfer ticket",1,"[PREMIUM]","[PREMIUM]","[PREMIUM]","[PREMIUM]",true,false,"['Clear view']","2026-08-26 14:02:34"
"13819027962","2026-08-26 23:59:44.528","2026-08-28 23:53:03.412","13819027962","161689701","[PREMIUM]","[PREMIUM]","PR16","9","_",,,3,"[1,3]",5307,"Premier Level",9,"Mobile Transfer ticket",1,"[PREMIUM]","[PREMIUM]","[PREMIUM]","[PREMIUM]",true,false,"['Clear view']","2026-08-26 15:57:29"
"13811201722","2026-08-26 23:59:44.470","2026-08-28 23:53:03.316","13811201722","161689701","[PREMIUM]","[PREMIUM]","PR07","7","_",,,1,"[1]",5307,"Premier Level",9,"Mobile Transfer ticket",1,"[PREMIUM]","[PREMIUM]","[PREMIUM]","[PREMIUM]",false,false,"['Clear view']","2026-08-25 22:46:25"
"13819027161","2026-08-26 23:59:44.470","2026-08-28 23:53:03.316","13819027161","161689701","[PREMIUM]","[PREMIUM]","PR12","9","_",,,7,"[1,2,3,5,7]",5307,"Premier Level",9,"Mobile Transfer ticket",1,"[PREMIUM]","[PREMIUM]","[PREMIUM]","[PREMIUM]",true,false,"['Clear view']","2026-08-26 15:57:26"
"13819026764","2026-08-26 23:59:44.470","2026-08-28 23:53:03.412","13819026764","161689701","[PREMIUM]","[PREMIUM]","PR12","8","_",,,4,"[2,4]",5307,"Premier Level",9,"Mobile Transfer ticket",1,"[PREMIUM]","[PREMIUM]","[PREMIUM]","[PREMIUM]",true,false,"['Clear view']","2026-08-26 15:57:24"
"13818121471","2026-08-26 23:59:44.469","2026-09-08 23:58:55.038","13818121471","161689701","[PREMIUM]","[PREMIUM]","107","16","28_29","28",,2,"[2]",1687,"Lower Level",10,"Mobile Transfer ticket",1,"[PREMIUM]","[PREMIUM]","[PREMIUM]","[PREMIUM]",true,false,"['Clear view']","2026-08-26 14:02:42"
"13819021802","2026-08-26 23:59:44.469","2026-08-28 23:53:03.412","13819021802","161689701","[PREMIUM]","[PREMIUM]","PR16","8","_",,,4,"[2,4]",5307,"Premier Level",9,"Mobile Transfer ticket",1,"[PREMIUM]","[PREMIUM]","[PREMIUM]","[PREMIUM]",true,false,"['Clear view']","2026-08-26 15:57:09"
"13819027507","2026-08-26 23:59:44.359","2026-08-26 23:59:44.359","13819027507","161689701","[PREMIUM]","[PREMIUM]","PR11","11","_",,,5,"[1,3,5]",5307,"Premier Level",9,"Mobile Transfer ticket",1,"[PREMIUM]","[PREMIUM]","[PREMIUM]","[PREMIUM]",true,false,"['Clear view']","2026-08-26 15:57:27"
"13813595823","2026-08-26 23:59:44.232","2026-08-27 23:28:15.888","13813595823","161689701","[PREMIUM]","[PREMIUM]","PR03","7","11_12","11","12",2,"[2]",5307,"Premier Level",9,"Mobile Transfer ticket",1,"[PREMIUM]","[PREMIUM]","[PREMIUM]","[PREMIUM]",true,false,"['Access to VIP Club','VIP Entrance','In-Seat Wait Service','Clear view']","2026-08-26 03:24:26"
"13818121362","2026-08-26 23:59:44.232","2026-09-08 23:58:54.678","13818121362","161689701","[PREMIUM]","[PREMIUM]","214","8","5_8","5",,4,"[1,2,4]",1713,"Middle Level",10,"Mobile Transfer ticket",1,"[PREMIUM]","[PREMIUM]","[PREMIUM]","[PREMIUM]",true,false,"['Clear view']","2026-08-26 14:02:40"
"13819025625","2026-08-26 23:59:44.186","2026-08-28 23:53:02.611","13819025625","161689701","[PREMIUM]","[PREMIUM]","B55","BSTL","_",,,6,"[1,2,4,6]",5411,"B Level Suites",9,"Mobile Transfer ticket",1,"[PREMIUM]","[PREMIUM]","[PREMIUM]","[PREMIUM]",true,false,"['Includes club access','Partial Suite (Shared)','Front Row of Section','Clear view']","2026-08-26 15:57:21"
"13819023913","2026-08-26 23:59:44.109","2026-08-28 23:53:02.657","13819023913","161689701","[PREMIUM]","[PREMIUM]","B04","BSTL","_",,,6,"[1,2,4,6]",5411,"B Level Suites",9,"Mobile Transfer ticket",1,"[PREMIUM]","[PREMIUM]","[PREMIUM]","[PREMIUM]",true,false,"['Includes club access','Partial Suite (Shared)','Front Row of Section','Clear view']","2026-08-26 15:57:16"
"13819025855","2026-08-26 23:59:44.109","2026-08-28 23:53:02.998","13819025855","161689701","[PREMIUM]","[PREMIUM]","PR09","8","_",,,5,"[1,3,5]",5307,"Premier Level",9,"Mobile Transfer ticket",1,"[PREMIUM]","[PREMIUM]","[PREMIUM]","[PREMIUM]",true,false,"['Clear view']","2026-08-26 15:57:22"
"13819022024","2026-08-26 23:59:44.109","2026-09-08 23:58:54.477","13819022024","161689701","[PREMIUM]","[PREMIUM]","C37","BSTL","_",,,6,"[1,2,4,6]",17206,"C Level Suites",9,"Mobile Transfer ticket",1,"[PREMIUM]","[PREMIUM]","[PREMIUM]","[PREMIUM]",true,false,"['Includes club access','Partial Suite (Shared)','Front Row of Section','Clear view']","2026-08-26 15:57:09"
"13709859070","2026-08-26 23:59:43.842","2026-09-01 23:55:47.447","13709859070","161672708","[PREMIUM]","[PREMIUM]","210","S","_",,,4,"[2,4]",407,"Upper",10,"Mobile Transfer ticket",1,"[PREMIUM]","[PREMIUM]","[PREMIUM]","[PREMIUM]",true,false,"['Clear view']","2026-08-18 01:17:08"
"13820624620","2026-08-26 23:59:43.704","2026-09-04 00:00:32.515","13820624620","161672708","[PREMIUM]","[PREMIUM]","109","Z","_",,,4,"[1,2,4]",594,"Lower",10,"Mobile Transfer ticket",1,"[PREMIUM]","[PREMIUM]","[PREMIUM]","[PREMIUM]",true,false,"['Clear view']","2026-08-26 18:33:32"
"13709859401","2026-08-26 23:59:43.603","2026-08-27 23:28:15.340","13709859401","161672708","[PREMIUM]","[PREMIUM]","230","K","_",,,4,"[2,4]",407,"Upper",10,"Mobile Transfer ticket",1,"[PREMIUM]","[PREMIUM]","[PREMIUM]","[PREMIUM]",true,false,"['Clear view']","2026-08-18 01:17:10"
"13820670688","2026-08-26 23:59:43.287","2026-09-08 23:58:58.231","13820670688","161672708","[PREMIUM]","[PREMIUM]","201","B","_",,,2,"[2]",407,"Upper",10,"Mobile Transfer ticket",1,"[PREMIUM]","[PREMIUM]","[PREMIUM]","[PREMIUM]",true,false,"['Clear view']","2026-08-26 18:37:57"
"13709859202","2026-08-26 23:59:43.104","2026-09-08 23:58:58.666","13709859202","161672708","[PREMIUM]","[PREMIUM]","223","W","_",,,4,"[2,4]",407,"Upper",10,"Mobile Transfer ticket",1,"[PREMIUM]","[PREMIUM]","[PREMIUM]","[PREMIUM]",true,false,"['Clear view']","2026-08-18 01:17:09"
"13818121387","2026-08-26 23:59:42.925","2026-08-31 23:52:27.881","13818121387","161689701","[PREMIUM]","[PREMIUM]","206","9","22_23","22",,2,"[2]",1713,"Middle Level",10,"Mobile Transfer ticket",1,"[PREMIUM]","[PREMIUM]","[PREMIUM]","[PREMIUM]",true,false,"['Clear view']","2026-08-26 14:02:42"
"13819027558","2026-08-26 23:59:42.925","2026-08-28 23:53:02.604","13819027558","161689701","[PREMIUM]","[PREMIUM]","B03","BSTL","_",,,6,"[1,2,4,6]",5411,"B Level Suites",9,"Mobile Transfer ticket",1,"[PREMIUM]","[PREMIUM]","[PREMIUM]","[PREMIUM]",true,false,"['Includes club access','Partial Suite (Shared)','Front Row of Section','Clear view']","2026-08-26 15:57:27"
"13819027074","2026-08-26 23:59:42.850","2026-08-28 23:53:02.323","13819027074","161689701","[PREMIUM]","[PREMIUM]","C06","BSTL","_",,,6,"[1,2,4,6]",17206,"C Level Suites",9,"Mobile Transfer ticket",1,"[PREMIUM]","[PREMIUM]","[PREMIUM]","[PREMIUM]",true,false,"['Includes club access','Partial Suite (Shared)','Front Row of Section','Clear view']","2026-08-26 15:57:26"
"13819026024","2026-08-26 23:59:42.850","2026-09-08 23:58:54.223","13819026024","161689701","[PREMIUM]","[PREMIUM]","C40","BSTL","_",,,6,"[1,2,4,6]",17206,"C Level Suites",9,"Mobile Transfer ticket",1,"[PREMIUM]","[PREMIUM]","[PREMIUM]","[PREMIUM]",true,false,"['Includes club access','Partial Suite (Shared)','Front Row of Section','Clear view']","2026-08-26 15:57:23"
"13822095108","2026-08-26 23:59:42.704","2026-08-26 23:59:42.704","13822095108","161672716","[PREMIUM]","[PREMIUM]","226","C","9001_9002","9001",,2,"[2]",407,"Upper",11,"Mobile ticket",1,"[PREMIUM]","[PREMIUM]","[PREMIUM]","[PREMIUM]",true,false,"['Third Row of Section','Clear view']","2026-08-26 20:54:33"
"13815725917","2026-08-26 23:59:42.664","2026-08-27 23:28:27.723","13815725917","161663478","[PREMIUM]","[PREMIUM]","101","1","_",,,4,"[2,4]",1687,"Lower Level",10,"Mobile Transfer ticket",1,"[PREMIUM]","[PREMIUM]","[PREMIUM]","[PREMIUM]",true,false,"['Third Row of Section','Clear view']","2026-08-26 08:05:03"
"13819314920","2026-08-26 23:59:42.465","2026-09-08 00:05:47.854","13819314920","161663478","[PREMIUM]","[PREMIUM]","112","10","13_16","13","16",4,"[1,2,4]",1687,"Lower Level",10,"Mobile Transfer ticket",1,"[PREMIUM]","[PREMIUM]","[PREMIUM]","[PREMIUM]",true,false,"['Clear view']","2026-08-26 16:32:34"
"13819290739","2026-08-26 23:59:42.382","2026-09-08 00:05:48.808","13819290739","161663478","[PREMIUM]","[PREMIUM]","112","17","11_14","11","14",4,"[1,2,4]",1687,"Lower Level",10,"Mobile Transfer ticket",1,"[PREMIUM]","[PREMIUM]","[PREMIUM]","[PREMIUM]",true,false,"['Clear view']","2026-08-26 16:30:03"
"13818121776","2026-08-26 23:59:42.264","2026-09-08 23:58:53.942","13818121776","161689701","[PREMIUM]","[PREMIUM]","216","8","18_19","18",,2,"[2]",1713,"Middle Level",10,"Mobile Transfer ticket",1,"[PREMIUM]","[PREMIUM]","[PREMIUM]","[PREMIUM]",true,false,"['Clear view']","2026-08-26 14:02:50"
"13818121185","2026-08-26 23:59:42.264","2026-09-01 23:55:43.479","13818121185","161689701","[PREMIUM]","[PREMIUM]","207","8","5_6","5",,2,"[2]",1713,"Middle Level",10,"Mobile Transfer ticket",1,"[PREMIUM]","[PREMIUM]","[PREMIUM]","[PREMIUM]",true,false,"['Clear view']","2026-08-26 14:02:33"
"13819023511","2026-08-26 23:59:42.264","2026-08-28 23:53:09.402","13819023511","161689701","[PREMIUM]","[PREMIUM]","C05","BSTL","_",,,6,"[1,2,4,6]",17206,"C Level Suites",9,"Mobile Transfer ticket",1,"[PREMIUM]","[PREMIUM]","[PREMIUM]","[PREMIUM]",true,false,"['Includes club access','Partial Suite (Shared)','Front Row of Section','Clear view']","2026-08-26 15:57:14"
"13818121358","2026-08-26 23:59:42.171","2026-08-26 23:59:42.171","13818121358","161689701","[PREMIUM]","[PREMIUM]","302","11","3_6","3",,4,"[1,2,4]",954,"Upper Level",10,"Mobile Transfer ticket",1,"[PREMIUM]","[PREMIUM]","[PREMIUM]","[PREMIUM]",true,false,"['Clear view']","2026-08-26 14:02:40"
"13819021413","2026-08-26 23:59:42.116","2026-08-28 23:52:59.230","13819021413","161689701","[PREMIUM]","[PREMIUM]","B59","BSTL","_",,,6,"[1,2,4,6]",5411,"B Level Suites",9,"Mobile Transfer ticket",1,"[PREMIUM]","[PREMIUM]","[PREMIUM]","[PREMIUM]",true,false,"['Includes club access','Partial Suite (Shared)','Front Row of Section','Clear view']","2026-08-26 15:57:07"
"13819023761","2026-08-26 23:59:42.116","2026-09-08 23:58:54.064","13819023761","161689701","[PREMIUM]","[PREMIUM]","C42","BSTL","_",,,6,"[1,2,4,6]",17206,"C Level Suites",9,"Mobile Transfer ticket",1,"[PREMIUM]","[PREMIUM]","[PREMIUM]","[PREMIUM]",true,false,"['Includes club access','Partial Suite (Shared)','Front Row of Section','Clear view']","2026-08-26 15:57:15"
"13819022209","2026-08-26 23:59:42.116","2026-09-08 23:58:54.064","13819022209","161689701","[PREMIUM]","[PREMIUM]","C41","BSTL","_",,,6,"[1,2,4,6]",17206,"C Level Suites",9,"Mobile Transfer ticket",1,"[PREMIUM]","[PREMIUM]","[PREMIUM]","[PREMIUM]",true,false,"['Includes club access','Partial Suite (Shared)','Front Row of Section','Clear view']","2026-08-26 15:57:10"
"13819199324","2026-08-26 23:59:42.113","2026-09-08 23:59:33.835","13819199324","161663478","[PREMIUM]","[PREMIUM]","110","12","3_6","3","6",4,"[1,2,4]",1687,"Lower Level",10,"Mobile Transfer ticket",1,"[PREMIUM]","[PREMIUM]","[PREMIUM]","[PREMIUM]",true,false,"['Clear view']","2026-08-26 16:20:47"
"13802369230","2026-08-26 23:59:41.929","2026-09-08 23:58:51.072","13802369230","161689701","[PREMIUM]","[PREMIUM]","301","10","15_16","15","16",2,"[2]",954,"Upper Level",10,"Mobile Transfer ticket",1,"[PREMIUM]","[PREMIUM]","[PREMIUM]","[PREMIUM]",true,false,"['Clear view']","2026-08-25 07:25:24"
"13823351294","2026-08-26 23:59:41.929","2026-08-26 23:59:41.929","13823351294","161689701","[PREMIUM]","[PREMIUM]","323","7","_",,,8,"[1,2,3,4,5,6,7,8]",954,"Upper Level",10,"Mobile Transfer ticket",1,"[PREMIUM]","[PREMIUM]","[PREMIUM]","[PREMIUM]",true,false,"['Clear view']","2026-08-26 23:16:19"
"13823351289","2026-08-26 23:59:41.929","2026-08-26 23:59:41.929","13823351289","161689701","[PREMIUM]","[PREMIUM]","307","2","_",,,7,"[1,2,3,4,5,6,7]",954,"Upper Level",10,"Mobile Transfer ticket",1,"[PREMIUM]","[PREMIUM]","[PREMIUM]","[PREMIUM]",true,false,"['Second Row of Section','Clear view']","2026-08-26 23:16:19"
"13818121812","2026-08-26 23:59:41.880","2026-08-27 23:28:14.450","13818121812","161689701","[PREMIUM]","[PREMIUM]","216","12","16_17","16",,2,"[2]",1713,"Middle Level",10,"Mobile Transfer ticket",1,"[PREMIUM]","[PREMIUM]","[PREMIUM]","[PREMIUM]",true,false,"['Clear view']","2026-08-26 14:02:51"
"13819025760","2026-08-26 23:59:41.880","2026-08-28 23:52:59.320","13819025760","161689701","[PREMIUM]","[PREMIUM]","C44","BSTL","_",,,6,"[1,2,4,6]",17206,"C Level Suites",9,"Mobile Transfer ticket",1,"[PREMIUM]","[PREMIUM]","[PREMIUM]","[PREMIUM]",true,false,"['Includes club access','Partial Suite (Shared)','Front Row of Section','Clear view']","2026-08-26 15:57:22"
"13823350879","2026-08-26 23:59:41.880","2026-09-08 23:58:50.950","13823350879","161689701","[PREMIUM]","[PREMIUM]","316","3","6_7","6",,2,"[2]",954,"Upper Level",10,"Mobile Transfer ticket",1,"[PREMIUM]","[PREMIUM]","[PREMIUM]","[PREMIUM]",true,false,"['Third Row of Section','Clear view']","2026-08-26 23:16:18"
"13667141308","2026-08-26 23:59:41.879","2026-08-31 00:01:52.116","13667141308","161689701","[PREMIUM]","[PREMIUM]","301","14","7_12","7","12",6,"[1,2,3,4,6]",954,"Upper Level",10,"Mobile Transfer ticket",1,"[PREMIUM]","[PREMIUM]","[PREMIUM]","[PREMIUM]",true,false,"['Clear view']","2026-08-14 00:14:05"
"13802450615","2026-08-26 23:59:41.879","2026-08-31 00:01:53.127","13802450615","161689701","[PREMIUM]","[PREMIUM]","301","13","15_16","15","16",2,"[2]",954,"Upper Level",10,"Mobile Transfer ticket",1,"[PREMIUM]","[PREMIUM]","[PREMIUM]","[PREMIUM]",true,false,"['Clear view']","2026-08-25 07:33:50"
"13823351287","2026-08-26 23:59:41.879","2026-08-26 23:59:41.879","13823351287","161689701","[PREMIUM]","[PREMIUM]","324","6","_",,,8,"[1,2,3,4,5,6,7,8]",954,"Upper Level",10,"Mobile Transfer ticket",1,"[PREMIUM]","[PREMIUM]","[PREMIUM]","[PREMIUM]",true,false,"['Clear view']","2026-08-26 23:16:19"
"13823351253","2026-08-26 23:59:41.879","2026-08-26 23:59:41.879","13823351253","161689701","[PREMIUM]","[PREMIUM]","324","8","_",,,8,"[1,2,3,4,5,6,7,8]",954,"Upper Level",10,"Mobile Transfer ticket",1,"[PREMIUM]","[PREMIUM]","[PREMIUM]","[PREMIUM]",true,false,"['Clear view']","2026-08-26 23:16:19"
"13819025846","2026-08-26 23:59:41.806","2026-08-28 23:52:59.320","13819025846","161689701","[PREMIUM]","[PREMIUM]","C43","BSTL","_",,,6,"[1,2,4,6]",17206,"C Level Suites",9,"Mobile Transfer ticket",1,"[PREMIUM]","[PREMIUM]","[PREMIUM]","[PREMIUM]",true,false,"['Includes club access','Partial Suite (Shared)','Front Row of Section','Clear view']","2026-08-26 15:57:22"
"13788743614","2026-08-26 23:59:41.790","2026-09-08 00:04:52.531","13788743614","161689701","[PREMIUM]","[PREMIUM]","333","11","_",,,5,"[5]",954,"Upper Level",10,"Mobile Transfer ticket",1,"[PREMIUM]","[PREMIUM]","[PREMIUM]","[PREMIUM]",true,false,"['Clear view']","2026-08-24 08:13:51"
"13818121832","2026-08-26 23:59:41.790","2026-09-08 23:58:50.400","13818121832","161689701","[PREMIUM]","[PREMIUM]","330","7","15_16","15",,2,"[2]",954,"Upper Level",10,"Mobile Transfer ticket",1,"[PREMIUM]","[PREMIUM]","[PREMIUM]","[PREMIUM]",true,false,"['Clear view']","2026-08-26 14:02:52"
"13818121693","2026-08-26 23:59:41.790","2026-09-08 23:58:50.400","13818121693","161689701","[PREMIUM]","[PREMIUM]","313","9","19_20","19",,2,"[2]",954,"Upper Level",10,"Mobile Transfer ticket",1,"[PREMIUM]","[PREMIUM]","[PREMIUM]","[PREMIUM]",true,false,"['Clear view']","2026-08-26 14:02:48"
"13818121089","2026-08-26 23:59:41.790","2026-09-08 23:58:50.400","13818121089","161689701","[PREMIUM]","[PREMIUM]","306","7","9_10","9",,2,"[2]",954,"Upper Level",10,"Mobile Transfer ticket",1,"[PREMIUM]","[PREMIUM]","[PREMIUM]","[PREMIUM]",true,false,"['Clear view']","2026-08-26 14:02:30"
"13818121558","2026-08-26 23:59:41.609","2026-09-08 23:58:51.521","13818121558","161689701","[PREMIUM]","[PREMIUM]","312","7","3_7","3",,5,"[1,2,3,5]",954,"Upper Level",10,"Mobile Transfer ticket",1,"[PREMIUM]","[PREMIUM]","[PREMIUM]","[PREMIUM]",true,false,"['Clear view']","2026-08-26 14:02:45"
"13818121187","2026-08-26 23:59:41.578","2026-08-27 23:28:14.156","13818121187","161689701","[PREMIUM]","[PREMIUM]","207","12","7_10","7",,4,"[1,2,4]",1713,"Middle Level",10,"Mobile Transfer ticket",1,"[PREMIUM]","[PREMIUM]","[PREMIUM]","[PREMIUM]",true,false,"['Clear view']","2026-08-26 14:02:33"
"13818121636","2026-08-26 23:59:41.558","2026-09-08 23:58:50.816","13818121636","161689701","[PREMIUM]","[PREMIUM]","332","8","12_15","12",,4,"[1,2,4]",954,"Upper Level",10,"Mobile Transfer ticket",1,"[PREMIUM]","[PREMIUM]","[PREMIUM]","[PREMIUM]",true,false,"['Clear view']","2026-08-26 14:02:47"
"13818121714","2026-08-26 23:59:41.558","2026-09-08 23:58:51.304","13818121714","161689701","[PREMIUM]","[PREMIUM]","305","12","1_2","1",,2,"[2]",954,"Upper Level",10,"Mobile Transfer ticket",1,"[PREMIUM]","[PREMIUM]","[PREMIUM]","[PREMIUM]",true,false,"['Clear view']","2026-08-26 14:02:48"
"13818121523","2026-08-26 23:59:41.409","2026-09-08 23:58:51.304","13818121523","161689701","[PREMIUM]","[PREMIUM]","331","5","1_3","1",,3,"[1,3]",954,"Upper Level",10,"Mobile Transfer ticket",1,"[PREMIUM]","[PREMIUM]","[PREMIUM]","[PREMIUM]",true,false,"['Clear view']","2026-08-26 14:02:43"
"13818121319","2026-08-26 23:59:41.409","2026-09-08 23:58:51.647","13818121319","161689701","[PREMIUM]","[PREMIUM]","334","13","15_20","15",,6,"[1,2,3,4,6]",954,"Upper Level",10,"Mobile Transfer ticket",1,"[PREMIUM]","[PREMIUM]","[PREMIUM]","[PREMIUM]",true,false,"['Clear view']","2026-08-26 14:02:38"
"13822259103","2026-08-26 23:59:41.409","2026-09-08 23:58:51.084","13822259103","161689701","[PREMIUM]","[PREMIUM]","316","5","_",,,5,"[1,2,3,4,5]",954,"Upper Level",10,"Mobile Transfer ticket",1,"[PREMIUM]","[PREMIUM]","[PREMIUM]","[PREMIUM]",true,false,"['Clear view']","2026-08-26 21:13:53"
"13818121560","2026-08-26 23:59:41.393","2026-08-26 23:59:41.393","13818121560","161689701","[PREMIUM]","[PREMIUM]","320","11","1_3","1",,3,"[1,3]",954,"Upper Level",10,"Mobile Transfer ticket",1,"[PREMIUM]","[PREMIUM]","[PREMIUM]","[PREMIUM]",true,false,"['Clear view']","2026-08-26 14:02:45"
"13823351257","2026-08-26 23:59:41.393","2026-08-26 23:59:41.393","13823351257","161689701","[PREMIUM]","[PREMIUM]","308","7","_",,,8,"[1,2,3,4,5,6,7,8]",954,"Upper Level",10,"Mobile Transfer ticket",1,"[PREMIUM]","[PREMIUM]","[PREMIUM]","[PREMIUM]",true,false,"['Clear view']","2026-08-26 23:16:19"
"13802643978","2026-08-26 23:59:41.288","2026-08-26 23:59:41.288","13802643978","161689701","[PREMIUM]","[PREMIUM]","318","12","35_38","35","38",4,"[4]",954,"Upper Level",10,"Mobile Transfer ticket",1,"[PREMIUM]","[PREMIUM]","[PREMIUM]","[PREMIUM]",true,false,"['Clear view']","2026-08-25 08:03:47"
"13802511135","2026-08-26 23:59:41.288","2026-08-26 23:59:41.288","13802511135","161689701","[PREMIUM]","[PREMIUM]","318","11","28_31","28","31",4,"[4]",954,"Upper Level",10,"Mobile Transfer ticket",1,"[PREMIUM]","[PREMIUM]","[PREMIUM]","[PREMIUM]",true,false,"['Clear view']","2026-08-25 07:43:38"
"13820654250","2026-08-26 23:59:41.241","2026-09-08 23:58:57.916","13820654250","161672708","[PREMIUM]","[PREMIUM]","221","R","_",,,4,"[1,2,4]",407,"Upper",10,"Mobile Transfer ticket",1,"[PREMIUM]","[PREMIUM]","[PREMIUM]","[PREMIUM]",true,false,"['Clear view']","2026-08-26 18:36:33"
"13814913394","2026-08-26 23:59:41.209","2026-09-08 00:04:52.531","13814913394","161689701","[PREMIUM]","[PREMIUM]","304","8","17_18","17","18",2,"[2]",954,"Upper Level",11,"Mobile ticket",1,"[PREMIUM]","[PREMIUM]","[PREMIUM]","[PREMIUM]",true,false,"['Clear view']","2026-08-26 06:22:03"
"13823582500","2026-08-26 23:59:41.209","2026-08-26 23:59:41.209","13823582500","161689701","[PREMIUM]","[PREMIUM]","311","7","1_5","1",,5,"[1,2,3,5]",954,"Upper Level",10,"Mobile Transfer ticket",1,"[PREMIUM]","[PREMIUM]","[PREMIUM]","[PREMIUM]",true,false,"['Clear view']","2026-08-26 23:33:17"
"13709887964","2026-08-26 23:59:40.920","2026-09-08 23:59:11.038","13709887964","161672716","[PREMIUM]","[PREMIUM]","109","C","_",,,3,"[1,3]",594,"Lower",10,"Mobile Transfer ticket",1,"[PREMIUM]","[PREMIUM]","[PREMIUM]","[PREMIUM]",true,false,"['Clear view']","2026-08-18 01:21:07"
"13816166320","2026-08-26 23:59:40.877","2026-09-08 00:05:05.712","13816166320","161672716","[PREMIUM]","[PREMIUM]","102","L","9001_9002","9001",,2,"[2]",594,"Lower",10,"Mobile Transfer ticket",13,"[PREMIUM]","[PREMIUM]","[PREMIUM]","[PREMIUM]",true,false,"['Clear view']","2026-08-26 09:14:08"
"13817684524","2026-08-26 23:59:40.640","2026-09-08 23:59:10.902","13817684524","161672716","[PREMIUM]","[PREMIUM]","225","C","9001_9004","9001",,4,"[4]",407,"Upper",10,"Mobile Transfer ticket",13,"[PREMIUM]","[PREMIUM]","[PREMIUM]","[PREMIUM]",true,false,"['Third Row of Section','Clear view']","2026-08-26 13:07:34"
"13822283864","2026-08-26 23:59:40.604","2026-08-27 23:28:19.911","13822283864","161672716","[PREMIUM]","[PREMIUM]","225","H","9001_9002","9001",,2,"[2]",407,"Upper",11,"Mobile ticket",1,"[PREMIUM]","[PREMIUM]","[PREMIUM]","[PREMIUM]",true,false,"['Clear view']","2026-08-26 21:16:57"
"13709887661","2026-08-26 23:59:40.543","2026-09-08 00:05:04.683","13709887661","161672716","[PREMIUM]","[PREMIUM]","102","V","_",,,2,"[2]",594,"Lower",10,"Mobile Transfer ticket",1,"[PREMIUM]","[PREMIUM]","[PREMIUM]","[PREMIUM]",true,false,"['Clear view']","2026-08-18 01:21:06"
"13820624951","2026-08-26 23:59:40.277","2026-09-08 00:05:01.586","13820624951","161672716","[PREMIUM]","[PREMIUM]","109","Z","_",,,3,"[1,3]",594,"Lower",10,"Mobile Transfer ticket",1,"[PREMIUM]","[PREMIUM]","[PREMIUM]","[PREMIUM]",true,false,"['Clear view']","2026-08-26 18:33:33"
"13709926546","2026-08-26 23:59:40.260","2026-09-08 23:59:06.744","13709926546","161672716","[PREMIUM]","[PREMIUM]","207","G","_",,,4,"[2,4]",407,"Upper",10,"Mobile Transfer ticket",1,"[PREMIUM]","[PREMIUM]","[PREMIUM]","[PREMIUM]",true,false,"['Clear view']","2026-08-18 01:26:36"
"13815376330","2026-08-26 23:59:40.092","2026-09-08 23:59:33.858","13815376330","161663478","[PREMIUM]","[PREMIUM]","332","1","9001_9002","9001",,2,"[2]",954,"Upper Level",10,"Mobile Transfer ticket",13,"[PREMIUM]","[PREMIUM]","[PREMIUM]","[PREMIUM]",true,false,"['Front Row of Section','Clear view']","2026-08-26 07:21:50"
"13819172765","2026-08-26 23:59:40.092","2026-09-08 23:59:35.167","13819172765","161663478","[PREMIUM]","[PREMIUM]","117","C","7_10","7","10",4,"[1,2,4]",1687,"Lower Level",10,"Mobile Transfer ticket",1,"[PREMIUM]","[PREMIUM]","[PREMIUM]","[PREMIUM]",true,false,"['Third Row of Section','Clear view']","2026-08-26 16:18:49"
"13814763337","2026-08-26 23:59:39.350","2026-09-08 23:58:51.587","13814763337","161689701","[PREMIUM]","[PREMIUM]","304","15","_",,,1,"[1]",954,"Upper Level",10,"Mobile Transfer ticket",1,"[PREMIUM]","[PREMIUM]","[PREMIUM]","[PREMIUM]",false,false,"['Clear view']","2026-08-26 05:57:07"
"13816489438","2026-08-26 23:59:39.240","2026-09-06 23:57:43.463","13816489438","161664351","[PREMIUM]","[PREMIUM]","122","14","9001_9002","9001",,2,"[2]",1687,"Lower Level",10,"Mobile Transfer ticket",13,"[PREMIUM]","[PREMIUM]","[PREMIUM]","[PREMIUM]",true,false,"['Clear view']","2026-08-26 10:03:56"
"13819314914","2026-08-26 23:59:38.992","2026-09-08 23:59:32.576","13819314914","161664351","[PREMIUM]","[PREMIUM]","112","10","13_16","13","16",4,"[1,2,4]",1687,"Lower Level",10,"Mobile Transfer ticket",1,"[PREMIUM]","[PREMIUM]","[PREMIUM]","[PREMIUM]",true,false,"['Clear view']","2026-08-26 16:32:34"
"13807836538","2026-08-26 23:59:38.987","2026-09-08 23:59:32.152","13807836538","161664351","[PREMIUM]","[PREMIUM]","112","8","19_20","19","20",2,"[1,2]",1687,"Lower Level",11,"Mobile ticket",1,"[PREMIUM]","[PREMIUM]","[PREMIUM]","[PREMIUM]",true,false,"['Clear view']","2026-08-25 17:52:43"
"13821914043","2026-08-26 23:59:38.920","2026-09-08 23:59:32.471","13821914043","161664351","[PREMIUM]","[PREMIUM]","101","18","6_10","6","10",5,"[1,2,3,5]",1687,"Lower Level",10,"Mobile Transfer ticket",1,"[PREMIUM]","[PREMIUM]","[PREMIUM]","[PREMIUM]",true,false,"['Clear view']","2026-08-26 20:36:58"
"13811357950","2026-08-26 23:59:38.900","2026-09-04 23:58:52.412","13811357950","161664351","[PREMIUM]","[PREMIUM]","106","B","_",,,2,"[2]",1687,"Lower Level",10,"Mobile Transfer ticket",14,"[PREMIUM]","[PREMIUM]","[PREMIUM]","[PREMIUM]",true,false,"['Second Row of Section','Clear view']","2026-08-25 22:55:57"
"13819284320","2026-08-26 23:59:38.872","2026-09-08 23:59:32.471","13819284320","161664351","[PREMIUM]","[PREMIUM]","112","17","11_14","11","14",4,"[1,2,4]",1687,"Lower Level",10,"Mobile Transfer ticket",1,"[PREMIUM]","[PREMIUM]","[PREMIUM]","[PREMIUM]",true,false,"['Clear view']","2026-08-26 16:28:37"
"13823610985","2026-08-26 23:59:38.588","2026-08-27 23:28:17.940","13823610985","161672716","[PREMIUM]","[PREMIUM]","224","I","_",,,8,"[1,2,3,4,6,8]",407,"Upper",10,"Mobile Transfer ticket",14,"[PREMIUM]","[PREMIUM]","[PREMIUM]","[PREMIUM]",true,false,"['Clear view']","2026-08-26 23:36:50"
"13820670698","2026-08-26 23:59:38.488","2026-09-08 23:59:04.697","13820670698","161672716","[PREMIUM]","[PREMIUM]","201","B","_",,,2,"[2]",407,"Upper",10,"Mobile Transfer ticket",1,"[PREMIUM]","[PREMIUM]","[PREMIUM]","[PREMIUM]",true,false,"['Clear view']","2026-08-26 18:37:57"
"13822061621","2026-08-26 23:59:38.118","2026-08-31 00:01:46.367","13822061621","161672716","[PREMIUM]","[PREMIUM]","226","U","3_4","3",,2,"[2]",407,"Upper",10,"Mobile Transfer ticket",14,"[PREMIUM]","[PREMIUM]","[PREMIUM]","[PREMIUM]",true,false,"['Clear view']","2026-08-26 20:51:19"
"13820653563","2026-08-26 23:59:38.066","2026-09-08 23:59:00.543","13820653563","161672716","[PREMIUM]","[PREMIUM]","212","S","_",,,4,"[1,2,4]",407,"Upper",10,"Mobile Transfer ticket",1,"[PREMIUM]","[PREMIUM]","[PREMIUM]","[PREMIUM]",true,false,"['Clear view']","2026-08-26 18:36:31"
"13816689016","2026-08-26 23:59:37.947","2026-09-08 23:59:27.704","13816689016","161663478","[PREMIUM]","[PREMIUM]","218","1","9001_9002","9001",,2,"[2]",300,"Club Level",10,"Mobile Transfer ticket",13,"[PREMIUM]","[PREMIUM]","[PREMIUM]","[PREMIUM]",true,false,"['Front Row of Section','Clear view']","2026-08-26 10:28:41"
"13793195021","2026-08-26 23:59:37.894","2026-08-26 23:59:37.894","13793195021","161667306","[PREMIUM]","[PREMIUM]","A3","5","9001_9004","9001",,4,"[1,2,4]",1201,"Arena",10,"Mobile Transfer ticket",1,"[PREMIUM]","[PREMIUM]","[PREMIUM]","[PREMIUM]",true,false,"['Clear view']","2026-08-24 17:58:45"
"13821867563","2026-08-26 23:59:37.894","2026-08-27 23:28:14.948","13821867563","161667306","[PREMIUM]","[PREMIUM]","119","4","9001_9002","9001",,2,"[2]",594,"Lower",11,"Mobile ticket",1,"[PREMIUM]","[PREMIUM]","[PREMIUM]","[PREMIUM]",true,false,"['Clear view']","2026-08-26 20:30:47"
"13821867743","2026-08-26 23:59:37.894","2026-08-26 23:59:37.894","13821867743","161667306","[PREMIUM]","[PREMIUM]","Floor 1","4","9001_9002","9001",,2,"[2]",682,"Floor",11,"Mobile ticket",1,"[PREMIUM]","[PREMIUM]","[PREMIUM]","[PREMIUM]",true,false,"['Clear view']","2026-08-26 20:30:47"
"13821886280","2026-08-26 23:59:37.894","2026-08-26 23:59:37.894","13821886280","161667306","[PREMIUM]","[PREMIUM]","A4","4","9001_9002","9001",,2,"[2]",1201,"Arena",11,"Mobile ticket",1,"[PREMIUM]","[PREMIUM]","[PREMIUM]","[PREMIUM]",true,false,"['Clear view']","2026-08-26 20:33:37"
"13822949388","2026-08-26 23:59:37.894","2026-08-26 23:59:37.894","13822949388","161667306","[PREMIUM]","[PREMIUM]","F13","6","11_12","11",,2,"[2]",682,"Floor",10,"Mobile Transfer ticket",1,"[PREMIUM]","[PREMIUM]","[PREMIUM]","[PREMIUM]",true,false,"['Clear view']","2026-08-26 22:40:53"
"13821886303","2026-08-26 23:59:37.837","2026-08-26 23:59:37.837","13821886303","161667306","[PREMIUM]","[PREMIUM]","C108","7","9001_9002","9001",,2,"[2]",1724,"Club",11,"Mobile ticket",1,"[PREMIUM]","[PREMIUM]","[PREMIUM]","[PREMIUM]",true,false,"['Clear view']","2026-08-26 20:33:38"
"13821867546","2026-08-26 23:59:37.837","2026-08-26 23:59:37.837","13821867546","161667306","[PREMIUM]","[PREMIUM]","118","4","9001_9002","9001",,2,"[2]",594,"Lower",11,"Mobile ticket",1,"[PREMIUM]","[PREMIUM]","[PREMIUM]","[PREMIUM]",true,false,"['Clear view']","2026-08-26 20:30:47"
"13815924087","2026-08-26 23:59:37.731","2026-09-05 23:59:25.131","13815924087","161663474","[PREMIUM]","[PREMIUM]","122","14","9001_9002","9001",,2,"[2]",1687,"Lower Level",10,"Mobile Transfer ticket",13,"[PREMIUM]","[PREMIUM]","[PREMIUM]","[PREMIUM]",true,false,"['Clear view']","2026-08-26 08:36:42"
"13819290617","2026-08-26 23:59:37.691","2026-09-06 23:57:50.742","13819290617","161663474","[PREMIUM]","[PREMIUM]","112","10","13_16","13","16",4,"[1,2,4]",1687,"Lower Level",10,"Mobile Transfer ticket",1,"[PREMIUM]","[PREMIUM]","[PREMIUM]","[PREMIUM]",true,false,"['Clear view']","2026-08-26 16:30:02"
"13819199288","2026-08-26 23:59:37.556","2026-09-08 00:05:50.702","13819199288","161663474","[PREMIUM]","[PREMIUM]","110","12","3_6","3","6",4,"[1,2,4]",1687,"Lower Level",10,"Mobile Transfer ticket",1,"[PREMIUM]","[PREMIUM]","[PREMIUM]","[PREMIUM]",true,false,"['Clear view']","2026-08-26 16:20:47"
"13819284441","2026-08-26 23:59:37.555","2026-09-08 23:59:28.096","13819284441","161663474","[PREMIUM]","[PREMIUM]","112","17","11_14","11","14",4,"[1,2,4]",1687,"Lower Level",10,"Mobile Transfer ticket",1,"[PREMIUM]","[PREMIUM]","[PREMIUM]","[PREMIUM]",true,false,"['Clear view']","2026-08-26 16:28:37"
"13784206542","2026-08-26 23:59:37.402","2026-09-08 00:05:33.204","13784206542","161667306","[PREMIUM]","[PREMIUM]","121",,"_",,,2,"[1,2]",594,"Lower",10,"Mobile Transfer ticket",1,"[PREMIUM]","[PREMIUM]","[PREMIUM]","[PREMIUM]",true,true,"['Clear view']","2026-08-23 18:51:41"
"13791023533","2026-08-26 23:59:37.402","2026-09-08 00:05:32.631","13791023533","161667306","[PREMIUM]","[PREMIUM]","119","7","_",,,2,"[2]",594,"Lower",10,"Mobile Transfer ticket",1,"[PREMIUM]","[PREMIUM]","[PREMIUM]","[PREMIUM]",true,false,"['Clear view']","2026-08-24 14:25:27"
"13806186293","2026-08-26 23:59:37.402","2026-08-26 23:59:37.402","13806186293","161667306","[PREMIUM]","[PREMIUM]","112","4","9001_9003","9001",,3,"[1,3]",594,"Lower",10,"Mobile Transfer ticket",1,"[PREMIUM]","[PREMIUM]","[PREMIUM]","[PREMIUM]",true,false,"['Clear view']","2026-08-25 15:00:15"
"13822949972","2026-08-26 23:59:37.402","2026-08-26 23:59:37.402","13822949972","161667306","[PREMIUM]","[PREMIUM]","105","5","1_4","1",,4,"[1,2,4]",594,"Lower",10,"Mobile Transfer ticket",1,"[PREMIUM]","[PREMIUM]","[PREMIUM]","[PREMIUM]",true,false,"['Clear view']","2026-08-26 22:41:32"
"13821867192","2026-08-26 23:59:37.387","2026-08-26 23:59:37.387","13821867192","161667306","[PREMIUM]","[PREMIUM]","118","3","9001_9002","9001",,2,"[2]",594,"Lower",11,"Mobile ticket",1,"[PREMIUM]","[PREMIUM]","[PREMIUM]","[PREMIUM]",true,false,"['Third Row of Section','Clear view']","2026-08-26 20:30:46"
"13791027256","2026-08-26 23:59:37.245","2026-09-08 00:05:33.204","13791027256","161667306","[PREMIUM]","[PREMIUM]","119","8","_",,,4,"[2,4]",594,"Lower",10,"Mobile Transfer ticket",1,"[PREMIUM]","[PREMIUM]","[PREMIUM]","[PREMIUM]",true,false,"['Clear view']","2026-08-24 14:26:05"
"13800859664","2026-08-26 23:59:37.245","2026-08-26 23:59:37.245","13800859664","161667306","[PREMIUM]","[PREMIUM]","118","6","10_13","10",,4,"[1,2,4]",594,"Lower",10,"Mobile Transfer ticket",1,"[PREMIUM]","[PREMIUM]","[PREMIUM]","[PREMIUM]",true,false,"['Clear view']","2026-08-25 04:37:34"
"13821886300","2026-08-26 23:59:37.229","2026-08-26 23:59:37.229","13821886300","161667306","[PREMIUM]","[PREMIUM]","M123","5","9001_9002","9001",,2,"[2]",507,"Mezzanine",11,"Mobile ticket",1,"[PREMIUM]","[PREMIUM]","[PREMIUM]","[PREMIUM]",true,false,"['Third Row of Section','Clear view']","2026-08-26 20:33:38"
"13819332096","2026-08-26 23:59:37.083","2026-09-08 23:59:28.716","13819332096","161664351","[PREMIUM]","[PREMIUM]","321","1","7_10","7","10",4,"[1,2,4]",954,"Upper Level",10,"Mobile Transfer ticket",1,"[PREMIUM]","[PREMIUM]","[PREMIUM]","[PREMIUM]",true,false,"['Front Row of Section','Clear view']","2026-08-26 16:35:08"
"13731575978","2026-08-26 23:59:36.969","2026-09-08 23:59:28.935","13731575978","161664351","[PREMIUM]","[PREMIUM]","206","8","_",,,2,"[2]",300,"Club Level",10,"Mobile Transfer ticket",1,"[PREMIUM]","[PREMIUM]","[PREMIUM]","[PREMIUM]",true,false,"['Clear view']","2026-08-20 02:10:04"
"13819172810","2026-08-26 23:59:36.926","2026-09-08 23:59:29.054","13819172810","161664351","[PREMIUM]","[PREMIUM]","117","C","7_10","7","10",4,"[1,2,4]",1687,"Lower Level",10,"Mobile Transfer ticket",1,"[PREMIUM]","[PREMIUM]","[PREMIUM]","[PREMIUM]",true,false,"['Third Row of Section','Clear view']","2026-08-26 16:18:49"
"13819332261","2026-08-26 23:59:36.636","2026-09-08 23:59:26.087","13819332261","161664351","[PREMIUM]","[PREMIUM]","301","8","_",,,2,"[2]",954,"Upper Level",10,"Mobile Transfer ticket",1,"[PREMIUM]","[PREMIUM]","[PREMIUM]","[PREMIUM]",true,false,"['Clear view']","2026-08-26 16:35:09"
"13807588333","2026-08-26 23:59:36.520","2026-09-08 23:59:28.674","13807588333","161664351","[PREMIUM]","[PREMIUM]","317","2","_",,,8,"[1,2,3,4,6,8]",954,"Upper Level",10,"Mobile Transfer ticket",14,"[PREMIUM]","[PREMIUM]","[PREMIUM]","[PREMIUM]",true,false,"['Second Row of Section','Clear view']","2026-08-25 17:27:47"
"13815843369","2026-08-26 23:59:36.501","2026-08-26 23:59:36.501","13815843369","161667306","[PREMIUM]","[PREMIUM]","228","1","9001_9004","9001",,4,"[1,2,4]",407,"Upper",10,"Mobile Transfer ticket",1,"[PREMIUM]","[PREMIUM]","[PREMIUM]","[PREMIUM]",true,false,"['Front Row of Section','Clear view']","2026-08-26 08:21:30"
"13821647939","2026-08-26 23:59:36.501","2026-08-27 23:28:14.779","13821647939","161667306","[PREMIUM]","[PREMIUM]","115","7","_",,,1,"[1]",594,"Lower",10,"Mobile Transfer ticket",1,"[PREMIUM]","[PREMIUM]","[PREMIUM]","[PREMIUM]",false,false,"['Clear view']","2026-08-26 20:06:33"
"13822946001","2026-08-26 23:59:36.454","2026-08-26 23:59:36.454","13822946001","161667306","[PREMIUM]","[PREMIUM]","M103","9","13_18","13",,6,"[1,2,3,4,6]",507,"Mezzanine",10,"Mobile Transfer ticket",1,"[PREMIUM]","[PREMIUM]","[PREMIUM]","[PREMIUM]",true,false,"['Clear view']","2026-08-26 22:40:04"
"13822995678","2026-08-26 23:59:36.454","2026-08-26 23:59:36.454","13822995678","161667306","[PREMIUM]","[PREMIUM]","M116","6","5_8","5",,4,"[1,2,4]",507,"Mezzanine",10,"Mobile Transfer ticket",1,"[PREMIUM]","[PREMIUM]","[PREMIUM]","[PREMIUM]",true,false,"['Clear view']","2026-08-26 22:44:46"
"13821875184","2026-08-26 23:59:36.453","2026-08-26 23:59:36.453","13821875184","161667306","[PREMIUM]","[PREMIUM]","M115","4","9001_9002","9001",,2,"[2]",507,"Mezzanine",11,"Mobile ticket",1,"[PREMIUM]","[PREMIUM]","[PREMIUM]","[PREMIUM]",true,false,"['Second Row of Section','Clear view']","2026-08-26 20:31:22"
"13822951670","2026-08-26 23:59:36.453","2026-08-26 23:59:36.453","13822951670","161667306","[PREMIUM]","[PREMIUM]","C108","11","11_12","11",,2,"[2]",1724,"Club",10,"Mobile Transfer ticket",1,"[PREMIUM]","[PREMIUM]","[PREMIUM]","[PREMIUM]",true,false,"['Clear view']","2026-08-26 22:41:49"
"13807503115","2026-08-26 23:59:36.248","2026-09-08 00:05:42.376","13807503115","161667306","[PREMIUM]","[PREMIUM]","C108","13","_",,,6,"[1,2,3,4,5,6]",1724,"Club",10,"Mobile Transfer ticket",1,"[PREMIUM]","[PREMIUM]","[PREMIUM]","[PREMIUM]",true,false,"['Clear view']","2026-08-25 17:14:41"
"13822995444","2026-08-26 23:59:36.248","2026-08-26 23:59:36.248","13822995444","161667306","[PREMIUM]","[PREMIUM]","101","2","1_4","1",,4,"[1,2,4]",594,"Lower",10,"Mobile Transfer ticket",1,"[PREMIUM]","[PREMIUM]","[PREMIUM]","[PREMIUM]",true,false,"['Second Row of Section','Clear view']","2026-08-26 22:44:45"
"13823029303","2026-08-26 23:59:36.242","2026-08-26 23:59:36.242","13823029303","161667306","[PREMIUM]","[PREMIUM]","C121","11","15_16","15",,2,"[2]",1724,"Club",10,"Mobile Transfer ticket",1,"[PREMIUM]","[PREMIUM]","[PREMIUM]","[PREMIUM]",true,false,"['Clear view']","2026-08-26 22:47:27"
"13820654249","2026-08-26 23:59:36.229","2026-09-08 23:59:00.543","13820654249","161672716","[PREMIUM]","[PREMIUM]","221","R","_",,,4,"[1,2,4]",407,"Upper",10,"Mobile Transfer ticket",1,"[PREMIUM]","[PREMIUM]","[PREMIUM]","[PREMIUM]",true,false,"['Clear view']","2026-08-26 18:36:33"
"13822949871","2026-08-26 23:59:36.220","2026-08-26 23:59:36.220","13822949871","161667306","[PREMIUM]","[PREMIUM]","125","12","3_4","3",,2,"[2]",594,"Lower",10,"Mobile Transfer ticket",1,"[PREMIUM]","[PREMIUM]","[PREMIUM]","[PREMIUM]",true,false,"['Clear view']","2026-08-26 22:41:26"
"13819332030","2026-08-26 23:59:36.177","2026-09-08 23:59:22.509","13819332030","161663474","[PREMIUM]","[PREMIUM]","321","1","7_10","7","10",4,"[1,2,4]",954,"Upper Level",10,"Mobile Transfer ticket",1,"[PREMIUM]","[PREMIUM]","[PREMIUM]","[PREMIUM]",true,false,"['Front Row of Section','Clear view']","2026-08-26 16:35:08"
"13822948397","2026-08-26 23:59:36.165","2026-08-26 23:59:36.165","13822948397","161667306","[PREMIUM]","[PREMIUM]","M110","6","5_8","5",,4,"[1,2,4]",507,"Mezzanine",10,"Mobile Transfer ticket",1,"[PREMIUM]","[PREMIUM]","[PREMIUM]","[PREMIUM]",true,false,"['Clear view']","2026-08-26 22:40:26"
"13822995175","2026-08-26 23:59:35.967","2026-08-26 23:59:35.967","13822995175","161667306","[PREMIUM]","[PREMIUM]","M123","6","8_12","8",,5,"[1,2,3,5]",507,"Mezzanine",10,"Mobile Transfer ticket",1,"[PREMIUM]","[PREMIUM]","[PREMIUM]","[PREMIUM]",true,false,"['Clear view']","2026-08-26 22:44:44"
"13822949444","2026-08-26 23:59:35.967","2026-08-26 23:59:35.967","13822949444","161667306","[PREMIUM]","[PREMIUM]","113","4","3_6","3",,4,"[1,2,4]",594,"Lower",10,"Mobile Transfer ticket",1,"[PREMIUM]","[PREMIUM]","[PREMIUM]","[PREMIUM]",true,false,"['Clear view']","2026-08-26 22:40:56"
"13818809867","2026-08-26 23:59:35.408","2026-08-26 23:59:35.408","13818809867","161663474","[PREMIUM]","[PREMIUM]","204",,"_",,,4,"[1,2,4]",300,"Club Level",11,"Mobile ticket",14,"[PREMIUM]","[PREMIUM]","[PREMIUM]","[PREMIUM]",true,true,"['Clear view']","2026-08-26 15:28:51"
"13809783997","2026-08-26 23:59:35.318","2026-09-08 23:59:22.712","13809783997","161663474","[PREMIUM]","[PREMIUM]","305","3","_",,,4,"[2,4]",954,"Upper Level",10,"Mobile Transfer ticket",14,"[PREMIUM]","[PREMIUM]","[PREMIUM]","[PREMIUM]",true,false,"['Third Row of Section','Clear view']","2026-08-25 20:42:38"
"13668774466","2026-08-26 23:59:35.260","2026-08-29 23:58:33.141","13668774466","161667306","[PREMIUM]","[PREMIUM]","118","16","_",,,2,"[1,2]",594,"Lower",10,"Mobile Transfer ticket",1,"[PREMIUM]","[PREMIUM]","[PREMIUM]","[PREMIUM]",true,false,"['Clear view']","2026-08-14 02:57:48"
"13822948287","2026-08-26 23:59:35.260","2026-08-26 23:59:35.260","13822948287","161667306","[PREMIUM]","[PREMIUM]","M102","5","3_5","3",,3,"[1,3]",507,"Mezzanine",10,"Mobile Transfer ticket",1,"[PREMIUM]","[PREMIUM]","[PREMIUM]","[PREMIUM]",true,false,"['Clear view']","2026-08-26 22:40:25"
"13791023763","2026-08-26 23:59:35.224","2026-09-08 23:59:55.596","13791023763","161667306","[PREMIUM]","[PREMIUM]","114","3","_",,,4,"[2,4]",594,"Lower",10,"Mobile Transfer ticket",1,"[PREMIUM]","[PREMIUM]","[PREMIUM]","[PREMIUM]",true,false,"['Third Row of Section','Clear view']","2026-08-24 14:25:28"
"13793733520","2026-08-26 23:59:35.224","2026-08-31 00:01:40.463","13793733520","161667306","[PREMIUM]","[PREMIUM]","M111","5","9001_9002","9001",,2,"[2]",507,"Mezzanine",10,"Mobile Transfer ticket",1,"[PREMIUM]","[PREMIUM]","[PREMIUM]","[PREMIUM]",true,false,"['Clear view']","2026-08-24 18:43:39"
"13795487531","2026-08-26 23:59:35.224","2026-08-26 23:59:35.224","13795487531","161667306","[PREMIUM]","[PREMIUM]","113","8","3_5","3",,3,"[1,3]",594,"Lower",10,"Mobile Transfer ticket",1,"[PREMIUM]","[PREMIUM]","[PREMIUM]","[PREMIUM]",true,false,"['Clear view']","2026-08-24 21:12:12"
"13822952656","2026-08-26 23:59:35.224","2026-08-26 23:59:36.454","13822952656","161667306","[PREMIUM]","[PREMIUM]","M102","4","5_6","5",,2,"[2]",507,"Mezzanine",10,"Mobile Transfer ticket",1,"[PREMIUM]","[PREMIUM]","[PREMIUM]","[PREMIUM]",true,false,"['Clear view']","2026-08-26 22:41:53"
"13821103855","2026-08-26 23:59:35.197","2026-08-26 23:59:35.197","13821103855","161667306","[PREMIUM]","[PREMIUM]","229","2","_",,,2,"[2]",407,"Upper",10,"Mobile Transfer ticket",1,"[PREMIUM]","[PREMIUM]","[PREMIUM]","[PREMIUM]",true,false,"['Second Row of Section','Clear view']","2026-08-26 19:16:20"
"13822947942","2026-08-26 23:59:35.087","2026-08-26 23:59:35.087","13822947942","161667306","[PREMIUM]","[PREMIUM]","M105","6","5_8","5",,4,"[1,2,4]",507,"Mezzanine",10,"Mobile Transfer ticket",1,"[PREMIUM]","[PREMIUM]","[PREMIUM]","[PREMIUM]",true,false,"['Clear view']","2026-08-26 22:40:15"
"13798008175","2026-08-26 23:59:35.080","2026-08-26 23:59:35.080","13798008175","161667306","[PREMIUM]","[PREMIUM]","229","3","9001_9002","9001",,2,"[2]",407,"Upper",10,"Mobile Transfer ticket",1,"[PREMIUM]","[PREMIUM]","[PREMIUM]","[PREMIUM]",true,false,"['Third Row of Section','Clear view']","2026-08-25 00:00:37"
"13821875890","2026-08-26 23:59:35.080","2026-08-26 23:59:35.080","13821875890","161667306","[PREMIUM]","[PREMIUM]","203","1","9001_9002","9001",,2,"[2]",407,"Upper",11,"Mobile ticket",1,"[PREMIUM]","[PREMIUM]","[PREMIUM]","[PREMIUM]",true,false,"['Front Row of Section','Clear view']","2026-08-26 20:31:28"
"13795495273","2026-08-26 23:59:35.025","2026-08-26 23:59:35.025","13795495273","161667306","[PREMIUM]","[PREMIUM]","M111","7","1_4","1",,4,"[1,2,4]",507,"Mezzanine",10,"Mobile Transfer ticket",1,"[PREMIUM]","[PREMIUM]","[PREMIUM]","[PREMIUM]",true,false,"['Clear view']","2026-08-24 21:13:13"
"13821867922","2026-08-26 23:59:35.025","2026-08-26 23:59:35.025","13821867922","161667306","[PREMIUM]","[PREMIUM]","215","3","9001_9002","9001",,2,"[2]",407,"Upper",11,"Mobile ticket",1,"[PREMIUM]","[PREMIUM]","[PREMIUM]","[PREMIUM]",true,false,"['Third Row of Section','Clear view']","2026-08-26 20:30:48"
"13822995246","2026-08-26 23:59:35.025","2026-08-26 23:59:35.025","13822995246","161667306","[PREMIUM]","[PREMIUM]","114","7","1_4","1",,4,"[1,2,4]",594,"Lower",10,"Mobile Transfer ticket",1,"[PREMIUM]","[PREMIUM]","[PREMIUM]","[PREMIUM]",true,false,"['Clear view']","2026-08-26 22:44:44"
"13668773647","2026-08-26 23:59:35.008","2026-09-08 23:59:53.485","13668773647","161667306","[PREMIUM]","[PREMIUM]","M123",,"_",,,2,"[1,2]",507,"Mezzanine",10,"Mobile Transfer ticket",1,"[PREMIUM]","[PREMIUM]","[PREMIUM]","[PREMIUM]",true,true,"['Clear view']","2026-08-14 02:57:44"
"13822379945","2026-08-26 23:59:35.008","2026-08-26 23:59:35.008","13822379945","161667306","[PREMIUM]","[PREMIUM]","201","3","9001_9002","9001",,2,"[2]",407,"Upper",10,"Mobile Transfer ticket",1,"[PREMIUM]","[PREMIUM]","[PREMIUM]","[PREMIUM]",true,false,"['Third Row of Section','Clear view']","2026-08-26 21:29:38"
"13817681248","2026-08-26 23:59:34.940","2026-09-08 23:59:34.498","13817681248","161664351","[PREMIUM]","[PREMIUM]","218","1","9001_9002","9001",,2,"[2]",300,"Club Level",10,"Mobile Transfer ticket",13,"[PREMIUM]","[PREMIUM]","[PREMIUM]","[PREMIUM]",true,false,"['Front Row of Section','Clear view']","2026-08-26 13:07:10"
"13794380894","2026-08-26 23:59:34.936","2026-09-08 23:59:53.584","13794380894","161667306","[PREMIUM]","[PREMIUM]","113","14","9_10","9","10",2,"[2]",594,"Lower",10,"Mobile Transfer ticket",1,"[PREMIUM]","[PREMIUM]","[PREMIUM]","[PREMIUM]",true,false,"['Clear view']","2026-08-24 19:40:14"
"13794583611","2026-08-26 23:59:34.936","2026-09-08 23:59:53.665","13794583611","161667306","[PREMIUM]","[PREMIUM]","126","14","7_8","7","8",2,"[2]",594,"Lower",10,"Mobile Transfer ticket",1,"[PREMIUM]","[PREMIUM]","[PREMIUM]","[PREMIUM]",true,false,"['Clear view']","2026-08-24 19:57:57"
"13795494951","2026-08-26 23:59:34.936","2026-08-26 23:59:34.936","13795494951","161667306","[PREMIUM]","[PREMIUM]","M125","5","5_8","5",,4,"[1,2,4]",507,"Mezzanine",10,"Mobile Transfer ticket",1,"[PREMIUM]","[PREMIUM]","[PREMIUM]","[PREMIUM]",true,false,"['Clear view']","2026-08-24 21:13:12"
"13794708084","2026-08-26 23:59:34.799","2026-08-28 23:54:16.519","13794708084","161667306","[PREMIUM]","[PREMIUM]","101","14","_",,,4,"[1,2,3,4]",594,"Lower",10,"Mobile Transfer ticket",1,"[PREMIUM]","[PREMIUM]","[PREMIUM]","[PREMIUM]",true,false,"['Clear view']","2026-08-24 20:17:50"
"13795484740","2026-08-26 23:59:34.799","2026-08-26 23:59:34.799","13795484740","161667306","[PREMIUM]","[PREMIUM]","101","6","13_14","13",,2,"[2]",594,"Lower",10,"Mobile Transfer ticket",1,"[PREMIUM]","[PREMIUM]","[PREMIUM]","[PREMIUM]",true,false,"['Clear view']","2026-08-24 21:12:06"
"13816936175","2026-08-26 23:59:34.086","2026-08-31 00:01:39.279","13816936175","161663474","[PREMIUM]","[PREMIUM]","332","1","9001_9002","9001",,2,"[2]",954,"Upper Level",10,"Mobile Transfer ticket",13,"[PREMIUM]","[PREMIUM]","[PREMIUM]","[PREMIUM]",true,false,"['Front Row of Section','Clear view']","2026-08-26 11:08:22"
"13791003712","2026-08-26 23:59:33.953","2026-09-08 23:59:50.339","13791003712","161667320","[PREMIUM]","[PREMIUM]","F9","2","_",,,4,"[2,4]",682,"Floor",10,"Mobile Transfer ticket",1,"[PREMIUM]","[PREMIUM]","[PREMIUM]","[PREMIUM]",true,false,"['Second Row of Section','Clear view']","2026-08-24 14:22:08"
"13823594000","2026-08-26 23:59:33.953","2026-09-06 23:57:19.986","13823594000","161667320","[PREMIUM]","[PREMIUM]","A3","5","_",,,4,"[1,2,4]",1201,"Arena",10,"Mobile Transfer ticket",1,"[PREMIUM]","[PREMIUM]","[PREMIUM]","[PREMIUM]",true,false,"['Clear view']","2026-08-26 23:35:18"
"13823565281","2026-08-26 23:59:33.953","2026-09-06 00:00:00.024","13823565281","161667320","[PREMIUM]","[PREMIUM]","119","2","_",,,2,"[2]",594,"Lower",10,"Mobile Transfer ticket",1,"[PREMIUM]","[PREMIUM]","[PREMIUM]","[PREMIUM]",true,false,"['Second Row of Section','Clear view']","2026-08-26 23:31:23"
"13823565268","2026-08-26 23:59:33.953","2026-09-05 23:59:59.998","13823565268","161667320","[PREMIUM]","[PREMIUM]","119","4","_",,,2,"[2]",594,"Lower",10,"Mobile Transfer ticket",1,"[PREMIUM]","[PREMIUM]","[PREMIUM]","[PREMIUM]",true,false,"['Clear view']","2026-08-26 23:31:23"
"13823565140","2026-08-26 23:59:33.953","2026-09-06 23:57:19.986","13823565140","161667320","[PREMIUM]","[PREMIUM]","108","1","_",,,2,"[2]",594,"Lower",10,"Mobile Transfer ticket",1,"[PREMIUM]","[PREMIUM]","[PREMIUM]","[PREMIUM]",true,false,"['Front Row of Section','Clear view']","2026-08-26 23:31:23"
"13822951652","2026-08-26 23:59:33.864","2026-08-26 23:59:33.864","13822951652","161667306","[PREMIUM]","[PREMIUM]","222","9","1_4","1",,4,"[1,2,4]",407,"Upper",10,"Mobile Transfer ticket",1,"[PREMIUM]","[PREMIUM]","[PREMIUM]","[PREMIUM]",true,false,"['Clear view']","2026-08-26 22:41:49"
"13822949366","2026-08-26 23:59:33.864","2026-08-26 23:59:33.864","13822949366","161667306","[PREMIUM]","[PREMIUM]","218","2","1_6","1",,6,"[1,2,3,4,6]",407,"Upper",10,"Mobile Transfer ticket",1,"[PREMIUM]","[PREMIUM]","[PREMIUM]","[PREMIUM]",true,false,"['Second Row of Section','Clear view']","2026-08-26 22:40:50"
"13822995763","2026-08-26 23:59:33.751","2026-08-26 23:59:33.751","13822995763","161667306","[PREMIUM]","[PREMIUM]","213","4","3_5","3",,3,"[1,3]",407,"Upper",10,"Mobile Transfer ticket",1,"[PREMIUM]","[PREMIUM]","[PREMIUM]","[PREMIUM]",true,false,"['Clear view']","2026-08-26 22:44:47"
"13822951510","2026-08-26 23:59:33.751","2026-08-26 23:59:33.751","13822951510","161667306","[PREMIUM]","[PREMIUM]","226","11","1_4","1",,4,"[1,2,4]",407,"Upper",10,"Mobile Transfer ticket",1,"[PREMIUM]","[PREMIUM]","[PREMIUM]","[PREMIUM]",true,false,"['Clear view']","2026-08-26 22:41:48"
"13795561473","2026-08-26 23:59:33.641","2026-08-26 23:59:33.641","13795561473","161667306","[PREMIUM]","[PREMIUM]","221","11","9_12","9",,4,"[1,2,4]",407,"Upper",10,"Mobile Transfer ticket",1,"[PREMIUM]","[PREMIUM]","[PREMIUM]","[PREMIUM]",true,false,"['Clear view']","2026-08-24 21:18:19"
"13822947926","2026-08-26 23:59:33.641","2026-08-26 23:59:33.641","13822947926","161667306","[PREMIUM]","[PREMIUM]","206","8","12_13","12",,2,"[2]",407,"Upper",10,"Mobile Transfer ticket",1,"[PREMIUM]","[PREMIUM]","[PREMIUM]","[PREMIUM]",true,false,"['Clear view']","2026-08-26 22:40:15"
"13821141459","2026-08-26 23:59:33.541","2026-08-26 23:59:33.541","13821141459","161667306","[PREMIUM]","[PREMIUM]","203","13","10_13","10",,4,"[1,2,4]",407,"Upper",10,"Mobile Transfer ticket",1,"[PREMIUM]","[PREMIUM]","[PREMIUM]","[PREMIUM]",true,false,"['Clear view']","2026-08-26 19:20:27"
"13814103775","2026-08-26 23:59:33.451","2026-09-08 23:59:51.580","13814103775","161667306","[PREMIUM]","[PREMIUM]","227","6","_",,,4,"[1,2,4]",407,"Upper",10,"Mobile Transfer ticket",1,"[PREMIUM]","[PREMIUM]","[PREMIUM]","[PREMIUM]",true,false,"['Clear view']","2026-08-26 04:39:54"
"13814090046","2026-08-26 23:59:33.309","2026-09-05 23:59:55.377","13814090046","161667306","[PREMIUM]","[PREMIUM]","215","10","_",,,3,"[3]",407,"Upper",10,"Mobile Transfer ticket",1,"[PREMIUM]","[PREMIUM]","[PREMIUM]","[PREMIUM]",true,false,"['Clear view']","2026-08-26 04:37:56"
"13822947872","2026-08-26 23:59:33.309","2026-08-26 23:59:33.309","13822947872","161667306","[PREMIUM]","[PREMIUM]","219","10","3_8","3",,6,"[1,2,3,4,6]",407,"Upper",10,"Mobile Transfer ticket",1,"[PREMIUM]","[PREMIUM]","[PREMIUM]","[PREMIUM]",true,false,"['Clear view']","2026-08-26 22:40:14"
"13822949847","2026-08-26 23:59:33.131","2026-08-26 23:59:33.131","13822949847","161667306","[PREMIUM]","[PREMIUM]","230","7","1_2","1",,2,"[2]",407,"Upper",10,"Mobile Transfer ticket",1,"[PREMIUM]","[PREMIUM]","[PREMIUM]","[PREMIUM]",true,false,"['Clear view']","2026-08-26 22:41:25"
"13794859343","2026-08-26 23:59:32.976","2026-09-01 23:56:23.102","13794859343","161667286","[PREMIUM]","[PREMIUM]","224","11","_",,,2,"[1,2]",407,"Upper",10,"Mobile Transfer ticket",1,"[PREMIUM]","[PREMIUM]","[PREMIUM]","[PREMIUM]",true,false,"['Clear view']","2026-08-24 20:30:45"
"13795110007","2026-08-26 23:59:32.976","2026-09-01 23:56:23.102","13795110007","161667286","[PREMIUM]","[PREMIUM]","223","11","_",,,2,"[1,2]",407,"Upper",10,"Mobile Transfer ticket",1,"[PREMIUM]","[PREMIUM]","[PREMIUM]","[PREMIUM]",true,false,"['Clear view']","2026-08-24 20:47:19"
"13795320315","2026-08-26 23:59:32.976","2026-09-08 00:05:23.162","13795320315","161667286","[PREMIUM]","[PREMIUM]","210","17","_",,,2,"[1,2]",407,"Upper",10,"Mobile Transfer ticket",1,"[PREMIUM]","[PREMIUM]","[PREMIUM]","[PREMIUM]",true,false,"['Clear view']","2026-08-24 20:59:19"
"13795662668","2026-08-26 23:59:32.976","2026-09-08 00:05:23.162","13795662668","161667286","[PREMIUM]","[PREMIUM]","209","17","_",,,2,"[1,2]",407,"Upper",10,"Mobile Transfer ticket",1,"[PREMIUM]","[PREMIUM]","[PREMIUM]","[PREMIUM]",true,false,"['Clear view']","2026-08-24 21:22:38"
"13822949441","2026-08-26 23:59:32.927","2026-08-26 23:59:32.927","13822949441","161667286","[PREMIUM]","[PREMIUM]","119","6","1_2","1",,2,"[2]",594,"Lower",10,"Mobile Transfer ticket",1,"[PREMIUM]","[PREMIUM]","[PREMIUM]","[PREMIUM]",true,false,"['Clear view']","2026-08-26 22:40:56"
"13822949980","2026-08-26 23:59:32.927","2026-08-26 23:59:32.927","13822949980","161667286","[PREMIUM]","[PREMIUM]","121","10","5_10","5",,6,"[1,2,3,4,6]",594,"Lower",10,"Mobile Transfer ticket",1,"[PREMIUM]","[PREMIUM]","[PREMIUM]","[PREMIUM]",true,false,"['Clear view']","2026-08-26 22:41:33"
"13823597427","2026-08-26 23:59:32.927","2026-09-02 23:48:10.386","13823597427","161667286","[PREMIUM]","[PREMIUM]","C108","1","_",,,2,"[2]",1724,"Club",10,"Mobile Transfer ticket",1,"[PREMIUM]","[PREMIUM]","[PREMIUM]","[PREMIUM]",true,false,"['Front Row of Section','Clear view']","2026-08-26 23:35:29"
"13726628217","2026-08-26 23:59:32.810","2026-08-31 00:01:32.971","13726628217","161658853","[PREMIUM]","[PREMIUM]","221",,"_",,,4,"[1,2,3,4]",3803,"200 Level",10,"Mobile Transfer ticket",1,"[PREMIUM]","[PREMIUM]","[PREMIUM]","[PREMIUM]",true,true,"['Clear view']","2026-08-19 17:09:20"
"13817838760","2026-08-26 23:59:32.773","2026-09-08 00:05:26.490","13817838760","161658853","[PREMIUM]","[PREMIUM]","109","12","7_8","7","8",2,"[1,2]",3788,"100 Level",10,"Mobile Transfer ticket",1,"[PREMIUM]","[PREMIUM]","[PREMIUM]","[PREMIUM]",true,false,"['Clear view']","2026-08-26 13:28:50"
"13822290259","2026-08-26 23:59:32.773","2026-09-04 23:59:02.531","13822290259","161658853","[PREMIUM]","[PREMIUM]","106","21","_",,,2,"[2]",8186,"Club Silver",10,"Mobile Transfer ticket",1,"[PREMIUM]","[PREMIUM]","[PREMIUM]","[PREMIUM]",true,false,"['Clear view']","2026-08-26 21:17:27"
"13822288350","2026-08-26 23:59:32.666","2026-09-08 23:59:53.081","13822288350","161658853","[PREMIUM]","[PREMIUM]","8","18","_",,,3,"[1,2,3]",1427,"Risers",10,"Mobile Transfer ticket",1,"[PREMIUM]","[PREMIUM]","[PREMIUM]","[PREMIUM]",true,false,"['Clear view']","2026-08-26 21:17:20"
"13812617653","2026-08-26 23:59:32.461","2026-08-27 23:28:12.126","13812617653","161658853","[PREMIUM]","[PREMIUM]","120","20","1_2","1","2",2,"[2]",3788,"100 Level",10,"Mobile Transfer ticket",1,"[PREMIUM]","[PREMIUM]","[PREMIUM]","[PREMIUM]",true,false,"['Aisle seat','Clear view']","2026-08-26 01:10:52"
"13792581078","2026-08-26 23:59:32.395","2026-09-08 00:05:19.904","13792581078","161658853","[PREMIUM]","[PREMIUM]","104","20","14_15","14","15",2,"[2]",3788,"100 Level",10,"Mobile Transfer ticket",1,"[PREMIUM]","[PREMIUM]","[PREMIUM]","[PREMIUM]",true,false,"['Clear view']","2026-08-24 17:07:20"
"13807400573","2026-08-26 23:59:32.395","2026-09-08 23:59:52.712","13807400573","161658853","[PREMIUM]","[PREMIUM]","102","14","_",,,2,"[2]",3788,"100 Level",10,"Mobile Transfer ticket",1,"[PREMIUM]","[PREMIUM]","[PREMIUM]","[PREMIUM]",true,false,"['Clear view']","2026-08-25 17:06:41"
"13795446713","2026-08-26 23:59:32.190","2026-08-26 23:59:32.190","13795446713","161667320","[PREMIUM]","[PREMIUM]","F13","6","11_12","11",,2,"[2]",682,"Floor",10,"Mobile Transfer ticket",1,"[PREMIUM]","[PREMIUM]","[PREMIUM]","[PREMIUM]",true,false,"['Clear view']","2026-08-24 21:09:56"
"13822290222","2026-08-26 23:59:32.187","2026-09-05 23:59:56.032","13822290222","161658853","[PREMIUM]","[PREMIUM]","101","15","_",,,2,"[2]",3788,"100 Level",10,"Mobile Transfer ticket",1,"[PREMIUM]","[PREMIUM]","[PREMIUM]","[PREMIUM]",true,false,"['Clear view']","2026-08-26 21:17:27"
"13822288341","2026-08-26 23:59:32.181","2026-09-04 00:00:14.734","13822288341","161658853","[PREMIUM]","[PREMIUM]","112","18","_",,,4,"[1,2,3,4]",3788,"100 Level",10,"Mobile Transfer ticket",1,"[PREMIUM]","[PREMIUM]","[PREMIUM]","[PREMIUM]",true,false,"['Clear view']","2026-08-26 21:17:20"
"13823593905","2026-08-26 23:59:32.084","2026-09-06 23:57:19.138","13823593905","161667320","[PREMIUM]","[PREMIUM]","C108","8","_",,,4,"[1,2,4]",1724,"Club",10,"Mobile Transfer ticket",1,"[PREMIUM]","[PREMIUM]","[PREMIUM]","[PREMIUM]",true,false,"['Clear view']","2026-08-26 23:35:17"
"13823593757","2026-08-26 23:59:32.084","2026-09-05 23:59:57.894","13823593757","161667320","[PREMIUM]","[PREMIUM]","C121","4","_",,,2,"[2]",1724,"Club",10,"Mobile Transfer ticket",1,"[PREMIUM]","[PREMIUM]","[PREMIUM]","[PREMIUM]",true,false,"['Clear view']","2026-08-26 23:35:17"
"13823593740","2026-08-26 23:59:32.084","2026-09-05 23:59:57.894","13823593740","161667320","[PREMIUM]","[PREMIUM]","C121","6","_",,,2,"[2]",1724,"Club",10,"Mobile Transfer ticket",1,"[PREMIUM]","[PREMIUM]","[PREMIUM]","[PREMIUM]",true,false,"['Clear view']","2026-08-26 23:35:17"
"13823565408","2026-08-26 23:59:32.026","2026-08-29 23:58:28.874","13823565408","161667320","[PREMIUM]","[PREMIUM]","118","4","_",,,5,"[1,2,3,5]",594,"Lower",10,"Mobile Transfer ticket",1,"[PREMIUM]","[PREMIUM]","[PREMIUM]","[PREMIUM]",true,false,"['Clear view']","2026-08-26 23:31:24"
"13823565334","2026-08-26 23:59:32.026","2026-08-29 23:58:28.874","13823565334","161667320","[PREMIUM]","[PREMIUM]","118","5","_",,,2,"[2]",594,"Lower",10,"Mobile Transfer ticket",1,"[PREMIUM]","[PREMIUM]","[PREMIUM]","[PREMIUM]",true,false,"['Clear view']","2026-08-26 23:31:24"
"13823565333","2026-08-26 23:59:32.026","2026-08-27 23:28:09.837","13823565333","161667320","[PREMIUM]","[PREMIUM]","118","6","_",,,4,"[1,2,4]",594,"Lower",10,"Mobile Transfer ticket",1,"[PREMIUM]","[PREMIUM]","[PREMIUM]","[PREMIUM]",true,false,"['Clear view']","2026-08-26 23:31:24"
"13823565135","2026-08-26 23:59:32.026","2026-09-06 23:57:18.844","13823565135","161667320","[PREMIUM]","[PREMIUM]","126","1","_",,,2,"[2]",594,"Lower",10,"Mobile Transfer ticket",1,"[PREMIUM]","[PREMIUM]","[PREMIUM]","[PREMIUM]",true,false,"['Front Row of Section','Clear view']","2026-08-26 23:31:23"
"13823565364","2026-08-26 23:59:32.026","2026-09-01 23:56:11.806","13823565364","161667320","[PREMIUM]","[PREMIUM]","118","3","_",,,2,"[2]",594,"Lower",10,"Mobile Transfer ticket",1,"[PREMIUM]","[PREMIUM]","[PREMIUM]","[PREMIUM]",true,false,"['Third Row of Section','Clear view']","2026-08-26 23:31:24"
"13822954638","2026-08-26 23:59:31.912","2026-08-26 23:59:31.912","13822954638","161667320","[PREMIUM]","[PREMIUM]","105","5","1_4","1",,4,"[1,2,4]",594,"Lower",10,"Mobile Transfer ticket",1,"[PREMIUM]","[PREMIUM]","[PREMIUM]","[PREMIUM]",true,false,"['Clear view']","2026-08-26 22:42:01"
"13823593684","2026-08-26 23:59:31.912","2026-08-29 23:58:28.630","13823593684","161667320","[PREMIUM]","[PREMIUM]","C122","4","_",,,2,"[2]",1724,"Club",10,"Mobile Transfer ticket",1,"[PREMIUM]","[PREMIUM]","[PREMIUM]","[PREMIUM]",true,false,"['Clear view']","2026-08-26 23:35:17"
"13823593618","2026-08-26 23:59:31.912","2026-08-26 23:59:31.912","13823593618","161667320","[PREMIUM]","[PREMIUM]","C122","9","_",,,2,"[2]",1724,"Club",10,"Mobile Transfer ticket",1,"[PREMIUM]","[PREMIUM]","[PREMIUM]","[PREMIUM]",true,false,"['Clear view']","2026-08-26 23:35:16"
"13823593878","2026-08-26 23:59:31.912","2026-09-02 23:48:03.929","13823593878","161667320","[PREMIUM]","[PREMIUM]","C108","12","_",,,2,"[2]",1724,"Club",10,"Mobile Transfer ticket",1,"[PREMIUM]","[PREMIUM]","[PREMIUM]","[PREMIUM]",true,false,"['Clear view']","2026-08-26 23:35:17"
"13823593685","2026-08-26 23:59:31.912","2026-09-05 23:59:56.908","13823593685","161667320","[PREMIUM]","[PREMIUM]","C122","2","_",,,2,"[2]",1724,"Club",10,"Mobile Transfer ticket",1,"[PREMIUM]","[PREMIUM]","[PREMIUM]","[PREMIUM]",true,false,"['Second Row of Section','Clear view']","2026-08-26 23:35:17"
"13823565435","2026-08-26 23:59:31.909","2026-09-02 23:48:03.929","13823565435","161667320","[PREMIUM]","[PREMIUM]","112","1","_",,,2,"[2]",594,"Lower",10,"Mobile Transfer ticket",1,"[PREMIUM]","[PREMIUM]","[PREMIUM]","[PREMIUM]",true,false,"['Front Row of Section','Clear view']","2026-08-26 23:31:24"
"13823565152","2026-08-26 23:59:31.909","2026-09-05 23:59:56.451","13823565152","161667320","[PREMIUM]","[PREMIUM]","113","1","_",,,2,"[2]",594,"Lower",10,"Mobile Transfer ticket",1,"[PREMIUM]","[PREMIUM]","[PREMIUM]","[PREMIUM]",true,false,"['Front Row of Section','Clear view']","2026-08-26 23:31:23"
"13821614492","2026-08-26 23:59:31.845","2026-08-26 23:59:31.845","13821614492","161667320","[PREMIUM]","[PREMIUM]","C108","13","9_12","9",,4,"[1,2,4]",1724,"Club",10,"Mobile Transfer ticket",1,"[PREMIUM]","[PREMIUM]","[PREMIUM]","[PREMIUM]",true,false,"['Clear view']","2026-08-26 20:03:42"
"13823593491","2026-08-26 23:59:31.845","2026-09-04 00:00:12.883","13823593491","161667320","[PREMIUM]","[PREMIUM]","M110","4","_",,,2,"[2]",507,"Mezzanine",10,"Mobile Transfer ticket",1,"[PREMIUM]","[PREMIUM]","[PREMIUM]","[PREMIUM]",true,false,"['Second Row of Section','Clear view']","2026-08-26 23:35:16"
"13823592589","2026-08-26 23:59:31.845","2026-09-05 23:59:56.408","13823592589","161667320","[PREMIUM]","[PREMIUM]","M111","1","_",,,2,"[2]",507,"Mezzanine",10,"Mobile Transfer ticket",1,"[PREMIUM]","[PREMIUM]","[PREMIUM]","[PREMIUM]",true,false,"['Front Row of Section','Clear view']","2026-08-26 23:35:11"
"13823592529","2026-08-26 23:59:31.845","2026-09-05 23:59:56.408","13823592529","161667320","[PREMIUM]","[PREMIUM]","M116","1","_",,,2,"[2]",507,"Mezzanine",10,"Mobile Transfer ticket",1,"[PREMIUM]","[PREMIUM]","[PREMIUM]","[PREMIUM]",true,false,"['Front Row of Section','Clear view']","2026-08-26 23:35:11"
"13823565136","2026-08-26 23:59:31.815","2026-09-06 23:57:18.653","13823565136","161667320","[PREMIUM]","[PREMIUM]","117","14","_",,,3,"[1,3]",594,"Lower",10,"Mobile Transfer ticket",1,"[PREMIUM]","[PREMIUM]","[PREMIUM]","[PREMIUM]",true,false,"['Clear view']","2026-08-26 23:31:23"
"13823565110","2026-08-26 23:59:31.815","2026-09-06 23:57:18.653","13823565110","161667320","[PREMIUM]","[PREMIUM]","117","16","_",,,2,"[2]",594,"Lower",10,"Mobile Transfer ticket",1,"[PREMIUM]","[PREMIUM]","[PREMIUM]","[PREMIUM]",true,false,"['Clear view']","2026-08-26 23:31:23"
"13811821611","2026-08-26 23:59:31.776","2026-08-26 23:59:31.776","13811821611","161667320","[PREMIUM]","[PREMIUM]","118","10","1_4","1",,4,"[1,2,4]",594,"Lower",10,"Mobile Transfer ticket",1,"[PREMIUM]","[PREMIUM]","[PREMIUM]","[PREMIUM]",true,false,"['Clear view']","2026-08-25 23:41:51"
"13813493037","2026-08-26 23:59:31.776","2026-08-26 23:59:31.776","13813493037","161667320","[PREMIUM]","[PREMIUM]","105","9","3_6","3",,4,"[1,2,4]",594,"Lower",10,"Mobile Transfer ticket",1,"[PREMIUM]","[PREMIUM]","[PREMIUM]","[PREMIUM]",true,false,"['Clear view']","2026-08-26 03:07:06"
"13822992370","2026-08-26 23:59:31.776","2026-08-26 23:59:31.776","13822992370","161667320","[PREMIUM]","[PREMIUM]","105","10","1_4","1",,4,"[1,2,4]",594,"Lower",10,"Mobile Transfer ticket",1,"[PREMIUM]","[PREMIUM]","[PREMIUM]","[PREMIUM]",true,false,"['Clear view']","2026-08-26 22:44:31"
"13822949911","2026-08-26 23:59:31.776","2026-08-26 23:59:31.776","13822949911","161667320","[PREMIUM]","[PREMIUM]","105","13","5_6","5",,2,"[2]",594,"Lower",10,"Mobile Transfer ticket",1,"[PREMIUM]","[PREMIUM]","[PREMIUM]","[PREMIUM]",true,false,"['Clear view']","2026-08-26 22:41:28"
"13823598215","2026-08-26 23:59:31.732","2026-08-28 23:54:11.870","13823598215","161667320","[PREMIUM]","[PREMIUM]","M125","1","_",,,3,"[1,3]",507,"Mezzanine",10,"Mobile Transfer ticket",1,"[PREMIUM]","[PREMIUM]","[PREMIUM]","[PREMIUM]",true,false,"['Front Row of Section','Clear view']","2026-08-26 23:35:32"
"13818042033","2026-08-26 23:59:31.549","2026-08-27 23:28:08.719","13818042033","161667320","[PREMIUM]","[PREMIUM]","113","7","_",,,4,"[4]",594,"Lower",10,"Mobile Transfer ticket",1,"[PREMIUM]","[PREMIUM]","[PREMIUM]","[PREMIUM]",true,false,"['Clear view']","2026-08-26 13:51:10"
"13823592506","2026-08-26 23:59:31.549","2026-08-26 23:59:31.549","13823592506","161667320","[PREMIUM]","[PREMIUM]","M117","9","_",,,2,"[2]",507,"Mezzanine",10,"Mobile Transfer ticket",1,"[PREMIUM]","[PREMIUM]","[PREMIUM]","[PREMIUM]",true,false,"['Clear view']","2026-08-26 23:35:11"
"13823592567","2026-08-26 23:59:31.549","2026-09-05 23:59:54.224","13823592567","161667320","[PREMIUM]","[PREMIUM]","M111","3","_",,,2,"[2]",507,"Mezzanine",10,"Mobile Transfer ticket",1,"[PREMIUM]","[PREMIUM]","[PREMIUM]","[PREMIUM]",true,false,"['Third Row of Section','Clear view']","2026-08-26 23:35:11"
"13794847591","2026-08-26 23:59:31.517","2026-09-08 00:05:17.412","13794847591","161667320","[PREMIUM]","[PREMIUM]","229","16","_",,,2,"[1,2]",407,"Upper",10,"Mobile Transfer ticket",1,"[PREMIUM]","[PREMIUM]","[PREMIUM]","[PREMIUM]",true,false,"['Clear view']","2026-08-24 20:30:14"
"13823592528","2026-08-26 23:59:31.517","2026-09-05 23:59:54.331","13823592528","161667320","[PREMIUM]","[PREMIUM]","M115","4","_",,,4,"[1,2,4]",507,"Mezzanine",10,"Mobile Transfer ticket",1,"[PREMIUM]","[PREMIUM]","[PREMIUM]","[PREMIUM]",true,false,"['Second Row of Section','Clear view']","2026-08-26 23:35:11"
"13794527927","2026-08-26 23:59:31.476","2026-09-08 23:59:48.156","13794527927","161667320","[PREMIUM]","[PREMIUM]","C109","3","13_14","13","14",2,"[2]",1724,"Club",10,"Mobile Transfer ticket",1,"[PREMIUM]","[PREMIUM]","[PREMIUM]","[PREMIUM]",true,false,"['Third Row of Section','Clear view']","2026-08-24 19:52:59"
"13823597397","2026-08-26 23:59:31.461","2026-09-06 00:00:06.482","13823597397","161667286","[PREMIUM]","[PREMIUM]","126","1","_",,,2,"[2]",594,"Lower",10,"Mobile Transfer ticket",1,"[PREMIUM]","[PREMIUM]","[PREMIUM]","[PREMIUM]",true,false,"['Front Row of Section','Clear view']","2026-08-26 23:35:29"
"13823601677","2026-08-26 23:59:31.437","2026-08-27 23:28:08.634","13823601677","161667286","[PREMIUM]","[PREMIUM]","C121","7","_",,,6,"[1,2,3,4,6]",1724,"Club",10,"Mobile Transfer ticket",1,"[PREMIUM]","[PREMIUM]","[PREMIUM]","[PREMIUM]",true,false,"['Clear view']","2026-08-26 23:35:43"
"13823601682","2026-08-26 23:59:31.437","2026-09-01 23:56:23.032","13823601682","161667286","[PREMIUM]","[PREMIUM]","C121","6","_",,,2,"[2]",1724,"Club",10,"Mobile Transfer ticket",1,"[PREMIUM]","[PREMIUM]","[PREMIUM]","[PREMIUM]",true,false,"['Clear view']","2026-08-26 23:35:43"
"13823601735","2026-08-26 23:59:31.437","2026-09-01 23:56:22.834","13823601735","161667286","[PREMIUM]","[PREMIUM]","C108","8","_",,,2,"[2]",1724,"Club",10,"Mobile Transfer ticket",1,"[PREMIUM]","[PREMIUM]","[PREMIUM]","[PREMIUM]",true,false,"['Clear view']","2026-08-26 23:35:43"
"13796001050","2026-08-26 23:59:31.237","2026-09-08 23:59:51.210","13796001050","161667286","[PREMIUM]","[PREMIUM]","213",,"_",,,4,"[1,2,3,4]",407,"Upper",10,"Mobile Transfer ticket",1,"[PREMIUM]","[PREMIUM]","[PREMIUM]","[PREMIUM]",true,true,"['Clear view']","2026-08-24 21:40:48"
"13795570044","2026-08-26 23:59:31.237","2026-09-08 23:59:51.210","13795570044","161667286","[PREMIUM]","[PREMIUM]","206",,"_",,,4,"[1,2,3,4]",407,"Upper",10,"Mobile Transfer ticket",1,"[PREMIUM]","[PREMIUM]","[PREMIUM]","[PREMIUM]",true,true,"['Clear view']","2026-08-24 21:18:46"
"13795668406","2026-08-26 23:59:31.237","2026-09-08 23:59:51.210","13795668406","161667286","[PREMIUM]","[PREMIUM]","205",,"_",,,4,"[1,2,3,4]",407,"Upper",10,"Mobile Transfer ticket",1,"[PREMIUM]","[PREMIUM]","[PREMIUM]","[PREMIUM]",true,true,"['Clear view']","2026-08-24 21:22:50"
"13796147391","2026-08-26 23:59:31.237","2026-09-04 23:58:59.776","13796147391","161667286","[PREMIUM]","[PREMIUM]","220",,"_",,,4,"[1,2,3,4]",407,"Upper",10,"Mobile Transfer ticket",1,"[PREMIUM]","[PREMIUM]","[PREMIUM]","[PREMIUM]",true,true,"['Clear view']","2026-08-24 21:52:01"
"13823600129","2026-08-26 23:59:31.220","2026-08-28 23:54:17.407","13823600129","161667286","[PREMIUM]","[PREMIUM]","118","4","_",,,3,"[1,3]",594,"Lower",10,"Mobile Transfer ticket",1,"[PREMIUM]","[PREMIUM]","[PREMIUM]","[PREMIUM]",true,false,"['Clear view']","2026-08-26 23:35:38"
"13823600120","2026-08-26 23:59:31.220","2026-08-27 23:28:08.503","13823600120","161667286","[PREMIUM]","[PREMIUM]","118","5","_",,,2,"[2]",594,"Lower",10,"Mobile Transfer ticket",1,"[PREMIUM]","[PREMIUM]","[PREMIUM]","[PREMIUM]",true,false,"['Clear view']","2026-08-26 23:35:38"
"13791029297","2026-08-26 23:59:31.204","2026-09-06 23:57:19.933","13791029297","161667286","[PREMIUM]","[PREMIUM]","109","11","_",,,4,"[2,4]",594,"Lower",10,"Mobile Transfer ticket",1,"[PREMIUM]","[PREMIUM]","[PREMIUM]","[PREMIUM]",true,false,"['Clear view']","2026-08-24 14:26:20"
"13791017671","2026-08-26 23:59:31.204","2026-09-06 23:57:20.009","13791017671","161667286","[PREMIUM]","[PREMIUM]","122","10","_",,,4,"[2,4]",594,"Lower",10,"Mobile Transfer ticket",1,"[PREMIUM]","[PREMIUM]","[PREMIUM]","[PREMIUM]",true,false,"['Clear view']","2026-08-24 14:24:37"
"13823601652","2026-08-26 23:59:31.204","2026-08-26 23:59:31.204","13823601652","161667286","[PREMIUM]","[PREMIUM]","C122","6","_",,,2,"[2]",1724,"Club",10,"Mobile Transfer ticket",1,"[PREMIUM]","[PREMIUM]","[PREMIUM]","[PREMIUM]",true,false,"['Clear view']","2026-08-26 23:35:43"
"13823601647","2026-08-26 23:59:31.204","2026-08-27 23:28:08.435","13823601647","161667286","[PREMIUM]","[PREMIUM]","C122","7","_",,,1,"[1]",1724,"Club",10,"Mobile Transfer ticket",1,"[PREMIUM]","[PREMIUM]","[PREMIUM]","[PREMIUM]",false,false,"['Clear view']","2026-08-26 23:35:43"
"13823600153","2026-08-26 23:59:31.204","2026-09-02 23:48:09.857","13823600153","161667286","[PREMIUM]","[PREMIUM]","112","1","_",,,2,"[2]",594,"Lower",10,"Mobile Transfer ticket",1,"[PREMIUM]","[PREMIUM]","[PREMIUM]","[PREMIUM]",true,false,"['Front Row of Section','Clear view']","2026-08-26 23:35:39"
"13822948116","2026-08-26 23:59:31.178","2026-08-26 23:59:31.178","13822948116","161667286","[PREMIUM]","[PREMIUM]","M105","4","14_17","14",,4,"[1,2,4]",507,"Mezzanine",10,"Mobile Transfer ticket",1,"[PREMIUM]","[PREMIUM]","[PREMIUM]","[PREMIUM]",true,false,"['Second Row of Section','Clear view']","2026-08-26 22:40:20"
"13822947851","2026-08-26 23:59:31.178","2026-08-26 23:59:31.178","13822947851","161667286","[PREMIUM]","[PREMIUM]","118","6","10_13","10",,4,"[1,2,4]",594,"Lower",10,"Mobile Transfer ticket",1,"[PREMIUM]","[PREMIUM]","[PREMIUM]","[PREMIUM]",true,false,"['Clear view']","2026-08-26 22:40:14"
"13823601514","2026-08-26 23:59:31.178","2026-08-31 00:01:34.807","13823601514","161667286","[PREMIUM]","[PREMIUM]","M110","7","_",,,1,"[1]",507,"Mezzanine",10,"Mobile Transfer ticket",1,"[PREMIUM]","[PREMIUM]","[PREMIUM]","[PREMIUM]",false,false,"['Clear view']","2026-08-26 23:35:43"
"13823597454","2026-08-26 23:59:31.178","2026-08-27 23:28:08.266","13823597454","161667286","[PREMIUM]","[PREMIUM]","113","1","_",,,2,"[2]",594,"Lower",10,"Mobile Transfer ticket",1,"[PREMIUM]","[PREMIUM]","[PREMIUM]","[PREMIUM]",true,false,"['Front Row of Section','Clear view']","2026-08-26 23:35:29"
"13823601390","2026-08-26 23:59:31.178","2026-09-02 23:48:10.436","13823601390","161667286","[PREMIUM]","[PREMIUM]","M123","4","_",,,2,"[2]",507,"Mezzanine",10,"Mobile Transfer ticket",1,"[PREMIUM]","[PREMIUM]","[PREMIUM]","[PREMIUM]",true,false,"['Second Row of Section','Clear view']","2026-08-26 23:35:42"
"13798860275","2026-08-26 23:59:31.143","2026-09-08 23:59:50.155","13798860275","161667286","[PREMIUM]","[PREMIUM]","124","14","_",,,1,"[1]",594,"Lower",10,"Mobile Transfer ticket",1,"[PREMIUM]","[PREMIUM]","[PREMIUM]","[PREMIUM]",false,false,"['Clear view']","2026-08-25 01:18:52"
"13822948076","2026-08-26 23:59:31.143","2026-08-26 23:59:31.143","13822948076","161667286","[PREMIUM]","[PREMIUM]","C120","15","1_4","1",,4,"[1,2,4]",1724,"Club",10,"Mobile Transfer ticket",1,"[PREMIUM]","[PREMIUM]","[PREMIUM]","[PREMIUM]",true,false,"['Clear view']","2026-08-26 22:40:18"
"13822947874","2026-08-26 23:59:31.143","2026-08-26 23:59:31.143","13822947874","161667286","[PREMIUM]","[PREMIUM]","123","3","8_11","8",,4,"[1,2,4]",594,"Lower",10,"Mobile Transfer ticket",1,"[PREMIUM]","[PREMIUM]","[PREMIUM]","[PREMIUM]",true,false,"['Third Row of Section','Clear view']","2026-08-26 22:40:14"
"13815814027","2026-08-26 23:59:30.946","2026-09-08 00:05:22.865","13815814027","161667286","[PREMIUM]","[PREMIUM]","M115","1","9001_9002","9001",,2,"[2]",507,"Mezzanine",10,"Mobile Transfer ticket",1,"[PREMIUM]","[PREMIUM]","[PREMIUM]","[PREMIUM]",true,false,"['Front Row of Section','Clear view']","2026-08-26 08:18:22"
"13822514406","2026-08-26 23:59:30.946","2026-08-26 23:59:30.946","13822514406","161667286","[PREMIUM]","[PREMIUM]","112","8","_",,,2,"[2]",594,"Lower",10,"Mobile Transfer ticket",1,"[PREMIUM]","[PREMIUM]","[PREMIUM]","[PREMIUM]",true,false,"['Clear view']","2026-08-26 21:46:36"
"13822999647","2026-08-26 23:59:30.946","2026-08-26 23:59:30.946","13822999647","161667286","[PREMIUM]","[PREMIUM]","C122","8","5_8","5",,4,"[1,2,4]",1724,"Club",10,"Mobile Transfer ticket",1,"[PREMIUM]","[PREMIUM]","[PREMIUM]","[PREMIUM]",true,false,"['Clear view']","2026-08-26 22:45:29"
"13823597448","2026-08-26 23:59:30.946","2026-08-28 23:54:16.105","13823597448","161667286","[PREMIUM]","[PREMIUM]","117","14","_",,,3,"[1,3]",594,"Lower",10,"Mobile Transfer ticket",1,"[PREMIUM]","[PREMIUM]","[PREMIUM]","[PREMIUM]",true,false,"['Clear view']","2026-08-26 23:35:29"
"13797999998","2026-08-26 23:59:30.935","2026-08-26 23:59:30.935","13797999998","161667286","[PREMIUM]","[PREMIUM]","M123","6","8_12","8",,5,"[1,2,3,5]",507,"Mezzanine",10,"Mobile Transfer ticket",1,"[PREMIUM]","[PREMIUM]","[PREMIUM]","[PREMIUM]",true,false,"['Clear view']","2026-08-24 23:59:16"
"13807588892","2026-08-26 23:59:30.935","2026-09-08 23:59:51.984","13807588892","161667286","[PREMIUM]","[PREMIUM]","C120","12","_",,,4,"[1,2,3,4]",1724,"Club",10,"Mobile Transfer ticket",1,"[PREMIUM]","[PREMIUM]","[PREMIUM]","[PREMIUM]",true,false,"['Clear view']","2026-08-25 17:27:52"
"13822949896","2026-08-26 23:59:30.935","2026-08-26 23:59:30.935","13822949896","161667286","[PREMIUM]","[PREMIUM]","C121","13","11_12","11",,2,"[2]",1724,"Club",10,"Mobile Transfer ticket",1,"[PREMIUM]","[PREMIUM]","[PREMIUM]","[PREMIUM]",true,false,"['Clear view']","2026-08-26 22:41:27"
"13823598389","2026-08-26 23:59:30.934","2026-09-04 00:00:14.121","13823598389","161667286","[PREMIUM]","[PREMIUM]","211","1","_",,,2,"[2]",407,"Upper",10,"Mobile Transfer ticket",1,"[PREMIUM]","[PREMIUM]","[PREMIUM]","[PREMIUM]",true,false,"['Front Row of Section','Clear view']","2026-08-26 23:35:33"
"13823140426","2026-08-26 23:59:30.900","2026-08-26 23:59:30.900","13823140426","161667286","[PREMIUM]","[PREMIUM]","123","10","9_10","9",,2,"[2]",594,"Lower",10,"Mobile Transfer ticket",1,"[PREMIUM]","[PREMIUM]","[PREMIUM]","[PREMIUM]",true,false,"['Clear view']","2026-08-26 22:56:51"
"13822950999","2026-08-26 23:59:30.675","2026-08-26 23:59:30.675","13822950999","161667286","[PREMIUM]","[PREMIUM]","101","2","1_4","1",,4,"[1,2,4]",594,"Lower",10,"Mobile Transfer ticket",1,"[PREMIUM]","[PREMIUM]","[PREMIUM]","[PREMIUM]",true,false,"['Second Row of Section','Clear view']","2026-08-26 22:41:46"
"13822946920","2026-08-26 23:59:30.675","2026-08-26 23:59:30.675","13822946920","161667286","[PREMIUM]","[PREMIUM]","C109","12","13_16","13",,4,"[1,2,4]",1724,"Club",10,"Mobile Transfer ticket",1,"[PREMIUM]","[PREMIUM]","[PREMIUM]","[PREMIUM]",true,false,"['Clear view']","2026-08-26 22:40:08"
"13822947467","2026-08-26 23:59:30.675","2026-08-26 23:59:30.675","13822947467","161667286","[PREMIUM]","[PREMIUM]","C106","7","1_2","1",,2,"[2]",1724,"Club",10,"Mobile Transfer ticket",1,"[PREMIUM]","[PREMIUM]","[PREMIUM]","[PREMIUM]",true,false,"['Clear view']","2026-08-26 22:40:11"
"13823597440","2026-08-26 23:59:30.675","2026-09-06 00:00:00.641","13823597440","161667286","[PREMIUM]","[PREMIUM]","117","16","_",,,2,"[2]",594,"Lower",10,"Mobile Transfer ticket",1,"[PREMIUM]","[PREMIUM]","[PREMIUM]","[PREMIUM]",true,false,"['Clear view']","2026-08-26 23:35:29"
"13819314919","2026-08-26 23:59:30.651","2026-09-08 23:59:33.216","13819314919","161663472","[PREMIUM]","[PREMIUM]","112","10","13_16","13","16",4,"[1,2,4]",1687,"Lower Level",10,"Mobile Transfer ticket",1,"[PREMIUM]","[PREMIUM]","[PREMIUM]","[PREMIUM]",true,false,"['Clear view']","2026-08-26 16:32:34"
"13808206395","2026-08-26 23:59:30.414","2026-08-31 23:52:45.243","13808206395","161667306","[PREMIUM]","[PREMIUM]","201","14","_",,,2,"[2]",407,"Upper",10,"Mobile Transfer ticket",1,"[PREMIUM]","[PREMIUM]","[PREMIUM]","[PREMIUM]",true,false,"['Clear view']","2026-08-25 18:27:11"
"13822949732","2026-08-26 23:59:30.322","2026-08-26 23:59:30.322","13822949732","161667286","[PREMIUM]","[PREMIUM]","C119","7","9_10","9",,2,"[2]",1724,"Club",10,"Mobile Transfer ticket",1,"[PREMIUM]","[PREMIUM]","[PREMIUM]","[PREMIUM]",true,false,"['Clear view']","2026-08-26 22:41:20"
"13822999606","2026-08-26 23:59:30.093","2026-08-26 23:59:30.093","13822999606","161667286","[PREMIUM]","[PREMIUM]","M125","3","3_5","3",,3,"[1,3]",507,"Mezzanine",10,"Mobile Transfer ticket",1,"[PREMIUM]","[PREMIUM]","[PREMIUM]","[PREMIUM]",true,false,"['Third Row of Section','Clear view']","2026-08-26 22:45:27"
"13813294886","2026-08-26 23:59:30.040","2026-08-31 00:01:25.194","13813294886","161658853","[PREMIUM]","[PREMIUM]","113","21","_",,,4,"[1,2,4]",3788,"100 Level",10,"Mobile Transfer ticket",1,"[PREMIUM]","[PREMIUM]","[PREMIUM]","[PREMIUM]",true,false,"['Clear view']","2026-08-26 02:35:18"
"13822288335","2026-08-26 23:59:30.000","2026-09-08 23:59:51.022","13822288335","161658853","[PREMIUM]","[PREMIUM]","102","19","_",,,2,"[2]",3788,"100 Level",10,"Mobile Transfer ticket",1,"[PREMIUM]","[PREMIUM]","[PREMIUM]","[PREMIUM]",true,false,"['Clear view']","2026-08-26 21:17:20"
"13802150085","2026-08-26 23:59:29.897","2026-08-27 23:28:10.650","13802150085","161658853","[PREMIUM]","[PREMIUM]","213","15","_",,,2,"[2]",3803,"200 Level",10,"Mobile Transfer ticket",1,"[PREMIUM]","[PREMIUM]","[PREMIUM]","[PREMIUM]",true,false,"['Clear view']","2026-08-25 06:51:43"
"13822288325","2026-08-26 23:59:29.897","2026-09-08 23:59:50.892","13822288325","161658853","[PREMIUM]","[PREMIUM]","220","13","_",,,3,"[1,2,3]",3803,"200 Level",10,"Mobile Transfer ticket",1,"[PREMIUM]","[PREMIUM]","[PREMIUM]","[PREMIUM]",true,false,"['Clear view']","2026-08-26 21:17:20"
"13802147576","2026-08-26 23:59:29.750","2026-08-26 23:59:29.750","13802147576","161658853","[PREMIUM]","[PREMIUM]","223","16","_",,,3,"[3]",3803,"200 Level",10,"Mobile Transfer ticket",1,"[PREMIUM]","[PREMIUM]","[PREMIUM]","[PREMIUM]",true,false,"['Clear view']","2026-08-25 06:51:29"
"13822288353","2026-08-26 23:59:29.750","2026-09-08 23:59:50.612","13822288353","161658853","[PREMIUM]","[PREMIUM]","220","8","_",,,4,"[1,2,3,4]",3803,"200 Level",10,"Mobile Transfer ticket",1,"[PREMIUM]","[PREMIUM]","[PREMIUM]","[PREMIUM]",true,false,"['Clear view']","2026-08-26 21:17:20"
"13822288322","2026-08-26 23:59:29.691","2026-09-04 00:00:12.214","13822288322","161658853","[PREMIUM]","[PREMIUM]","222","23","_",,,1,"[1]",3803,"200 Level",10,"Mobile Transfer ticket",1,"[PREMIUM]","[PREMIUM]","[PREMIUM]","[PREMIUM]",false,false,"['Clear view']","2026-08-26 21:17:20"
"13727513569","2026-08-26 23:59:29.683","2026-08-27 23:28:10.937","13727513569","161658853","[PREMIUM]","[PREMIUM]","225","22","20_22","20","22",3,"[1,3]",3803,"200 Level",10,"Mobile Transfer ticket",1,"[PREMIUM]","[PREMIUM]","[PREMIUM]","[PREMIUM]",true,false,"['Clear view']","2026-08-19 18:43:01"
"13822288345","2026-08-26 23:59:29.683","2026-08-31 23:52:43.765","13822288345","161658853","[PREMIUM]","[PREMIUM]","222","21","_",,,4,"[1,2,3,4]",3803,"200 Level",10,"Mobile Transfer ticket",1,"[PREMIUM]","[PREMIUM]","[PREMIUM]","[PREMIUM]",true,false,"['Clear view']","2026-08-26 21:17:20"
"13822288443","2026-08-26 23:59:29.683","2026-09-04 00:00:12.214","13822288443","161658853","[PREMIUM]","[PREMIUM]","224","22","_",,,1,"[1]",3803,"200 Level",10,"Mobile Transfer ticket",1,"[PREMIUM]","[PREMIUM]","[PREMIUM]","[PREMIUM]",false,false,"['Clear view']","2026-08-26 21:17:20"
"13822964189","2026-08-26 23:59:29.367","2026-08-26 23:59:29.367","13822964189","161667320","[PREMIUM]","[PREMIUM]","M110","6","15_16","15",,2,"[2]",507,"Mezzanine",10,"Mobile Transfer ticket",1,"[PREMIUM]","[PREMIUM]","[PREMIUM]","[PREMIUM]",true,false,"['Clear view']","2026-08-26 22:42:44"
"13822947544","2026-08-26 23:59:29.282","2026-08-26 23:59:29.282","13822947544","161667320","[PREMIUM]","[PREMIUM]","211","2","15_18","15",,4,"[1,2,4]",407,"Upper",10,"Mobile Transfer ticket",1,"[PREMIUM]","[PREMIUM]","[PREMIUM]","[PREMIUM]",true,false,"['Second Row of Section','Clear view']","2026-08-26 22:40:11"
"13823590979","2026-08-26 23:59:29.282","2026-09-06 23:57:16.873","13823590979","161667320","[PREMIUM]","[PREMIUM]","212","1","_",,,2,"[2]",407,"Upper",10,"Mobile Transfer ticket",1,"[PREMIUM]","[PREMIUM]","[PREMIUM]","[PREMIUM]",true,false,"['Front Row of Section','Clear view']","2026-08-26 23:35:06"
"13821614491","2026-08-26 23:59:29.230","2026-08-26 23:59:29.230","13821614491","161667320","[PREMIUM]","[PREMIUM]","M112","6","5_8","5",,4,"[1,2,4]",507,"Mezzanine",10,"Mobile Transfer ticket",1,"[PREMIUM]","[PREMIUM]","[PREMIUM]","[PREMIUM]",true,false,"['Clear view']","2026-08-26 20:03:42"
"13822990128","2026-08-26 23:59:29.230","2026-08-26 23:59:29.230","13822990128","161667320","[PREMIUM]","[PREMIUM]","113","8","3_5","3",,3,"[1,3]",594,"Lower",10,"Mobile Transfer ticket",1,"[PREMIUM]","[PREMIUM]","[PREMIUM]","[PREMIUM]",true,false,"['Clear view']","2026-08-26 22:44:23"
"13823591977","2026-08-26 23:59:29.134","2026-09-02 23:47:56.407","13823591977","161667320","[PREMIUM]","[PREMIUM]","207","3","_",,,2,"[2]",407,"Upper",10,"Mobile Transfer ticket",1,"[PREMIUM]","[PREMIUM]","[PREMIUM]","[PREMIUM]",true,false,"['Third Row of Section','Clear view']","2026-08-26 23:35:09"
"13794350107","2026-08-26 23:59:29.073","2026-09-08 23:59:46.866","13794350107","161667320","[PREMIUM]","[PREMIUM]","126","12","9_11","9","11",3,"[1,3]",594,"Lower",10,"Mobile Transfer ticket",1,"[PREMIUM]","[PREMIUM]","[PREMIUM]","[PREMIUM]",true,false,"['Clear view']","2026-08-24 19:38:15"
"13823590773","2026-08-26 23:59:29.069","2026-08-27 23:28:07.323","13823590773","161667320","[PREMIUM]","[PREMIUM]","215","3","_",,,2,"[2]",407,"Upper",10,"Mobile Transfer ticket",1,"[PREMIUM]","[PREMIUM]","[PREMIUM]","[PREMIUM]",true,false,"['Third Row of Section','Clear view']","2026-08-26 23:35:05"
"13823594314","2026-08-26 23:59:29.069","2026-09-06 23:57:15.767","13823594314","161667320","[PREMIUM]","[PREMIUM]","229","2","_",,,2,"[2]",407,"Upper",10,"Mobile Transfer ticket",1,"[PREMIUM]","[PREMIUM]","[PREMIUM]","[PREMIUM]",true,false,"['Second Row of Section','Clear view']","2026-08-26 23:35:18"
"13823594313","2026-08-26 23:59:29.069","2026-09-06 23:57:15.767","13823594313","161667320","[PREMIUM]","[PREMIUM]","229","3","_",,,2,"[2]",407,"Upper",10,"Mobile Transfer ticket",1,"[PREMIUM]","[PREMIUM]","[PREMIUM]","[PREMIUM]",true,false,"['Third Row of Section','Clear view']","2026-08-26 23:35:18"
"13823592291","2026-08-26 23:59:29.062","2026-08-26 23:59:29.062","13823592291","161667320","[PREMIUM]","[PREMIUM]","203","1","_",,,2,"[2]",407,"Upper",10,"Mobile Transfer ticket",1,"[PREMIUM]","[PREMIUM]","[PREMIUM]","[PREMIUM]",true,false,"['Front Row of Section','Clear view']","2026-08-26 23:35:10"
"13823594406","2026-08-26 23:59:29.062","2026-09-06 23:57:16.263","13823594406","161667320","[PREMIUM]","[PREMIUM]","228","1","_",,,3,"[1,3]",407,"Upper",10,"Mobile Transfer ticket",1,"[PREMIUM]","[PREMIUM]","[PREMIUM]","[PREMIUM]",true,false,"['Front Row of Section','Clear view']","2026-08-26 23:35:18"
"13823594312","2026-08-26 23:59:29.062","2026-09-06 23:57:16.263","13823594312","161667320","[PREMIUM]","[PREMIUM]","229","1","_",,,2,"[2]",407,"Upper",10,"Mobile Transfer ticket",1,"[PREMIUM]","[PREMIUM]","[PREMIUM]","[PREMIUM]",true,false,"['Front Row of Section','Clear view']","2026-08-26 23:35:18"
"13823590569","2026-08-26 23:59:29.062","2026-09-06 23:57:16.263","13823590569","161667320","[PREMIUM]","[PREMIUM]","218","1","_",,,4,"[1,2,4]",407,"Upper",10,"Mobile Transfer ticket",1,"[PREMIUM]","[PREMIUM]","[PREMIUM]","[PREMIUM]",true,false,"['Front Row of Section','Clear view']","2026-08-26 23:35:04"
"13822994430","2026-08-26 23:59:28.844","2026-08-26 23:59:28.844","13822994430","161667320","[PREMIUM]","[PREMIUM]","211","7","1_2","1",,2,"[2]",407,"Upper",10,"Mobile Transfer ticket",1,"[PREMIUM]","[PREMIUM]","[PREMIUM]","[PREMIUM]",true,false,"['Clear view']","2026-08-26 22:44:40"
"13822992359","2026-08-26 23:59:28.779","2026-08-26 23:59:28.779","13822992359","161667320","[PREMIUM]","[PREMIUM]","218","2","1_6","1",,6,"[1,2,3,4,6]",407,"Upper",10,"Mobile Transfer ticket",1,"[PREMIUM]","[PREMIUM]","[PREMIUM]","[PREMIUM]",true,false,"['Second Row of Section','Clear view']","2026-08-26 22:44:31"
"13822967128","2026-08-26 23:59:28.761","2026-08-26 23:59:28.761","13822967128","161667320","[PREMIUM]","[PREMIUM]","211","8","7_10","7",,4,"[1,2,4]",407,"Upper",10,"Mobile Transfer ticket",1,"[PREMIUM]","[PREMIUM]","[PREMIUM]","[PREMIUM]",true,false,"['Clear view']","2026-08-26 22:42:53"
"13794950638","2026-08-26 23:59:28.758","2026-09-08 23:59:49.902","13794950638","161667286","[PREMIUM]","[PREMIUM]","204",,"_",,,4,"[1,2,3,4]",407,"Upper",10,"Mobile Transfer ticket",1,"[PREMIUM]","[PREMIUM]","[PREMIUM]","[PREMIUM]",true,true,"['Clear view']","2026-08-24 20:38:06"
"13823602565","2026-08-26 23:59:28.629","2026-09-06 23:57:17.678","13823602565","161667286","[PREMIUM]","[PREMIUM]","227","1","_",,,2,"[2]",407,"Upper",10,"Mobile Transfer ticket",1,"[PREMIUM]","[PREMIUM]","[PREMIUM]","[PREMIUM]",true,false,"['Front Row of Section','Clear view']","2026-08-26 23:35:47"
"13823602562","2026-08-26 23:59:28.563","2026-09-06 23:57:17.521","13823602562","161667286","[PREMIUM]","[PREMIUM]","227","2","_",,,2,"[2]",407,"Upper",10,"Mobile Transfer ticket",1,"[PREMIUM]","[PREMIUM]","[PREMIUM]","[PREMIUM]",true,false,"['Second Row of Section','Clear view']","2026-08-26 23:35:47"
"13795299814","2026-08-26 23:59:28.491","2026-09-08 23:59:49.597","13795299814","161667286","[PREMIUM]","[PREMIUM]","201",,"_",,,4,"[1,2,3,4]",407,"Upper",10,"Mobile Transfer ticket",1,"[PREMIUM]","[PREMIUM]","[PREMIUM]","[PREMIUM]",true,true,"['Clear view']","2026-08-24 20:58:21"
"13813211058","2026-08-26 23:59:28.491","2026-08-26 23:59:28.491","13813211058","161667286","[PREMIUM]","[PREMIUM]","M110","10","13_16","13",,4,"[1,2,4]",507,"Mezzanine",10,"Mobile Transfer ticket",1,"[PREMIUM]","[PREMIUM]","[PREMIUM]","[PREMIUM]",true,false,"['Clear view']","2026-08-26 02:25:07"
"13822947622","2026-08-26 23:59:28.491","2026-08-26 23:59:28.491","13822947622","161667286","[PREMIUM]","[PREMIUM]","114","10","1_4","1",,4,"[1,2,4]",594,"Lower",10,"Mobile Transfer ticket",1,"[PREMIUM]","[PREMIUM]","[PREMIUM]","[PREMIUM]",true,false,"['Clear view']","2026-08-26 22:40:12"
"13821966005","2026-08-26 23:59:28.479","2026-08-26 23:59:28.479","13821966005","161667286","[PREMIUM]","[PREMIUM]","M103","7","5_9","5",,5,"[1,2,3,5]",507,"Mezzanine",10,"Mobile Transfer ticket",1,"[PREMIUM]","[PREMIUM]","[PREMIUM]","[PREMIUM]",true,false,"['Clear view']","2026-08-26 20:41:50"
"13823601956","2026-08-26 23:59:28.479","2026-09-06 23:57:15.634","13823601956","161667286","[PREMIUM]","[PREMIUM]","229","2","_",,,2,"[2]",407,"Upper",10,"Mobile Transfer ticket",1,"[PREMIUM]","[PREMIUM]","[PREMIUM]","[PREMIUM]",true,false,"['Second Row of Section','Clear view']","2026-08-26 23:35:44"
"13823601954","2026-08-26 23:59:28.479","2026-09-06 23:57:15.634","13823601954","161667286","[PREMIUM]","[PREMIUM]","229","3","_",,,2,"[2]",407,"Upper",10,"Mobile Transfer ticket",1,"[PREMIUM]","[PREMIUM]","[PREMIUM]","[PREMIUM]",true,false,"['Third Row of Section','Clear view']","2026-08-26 23:35:44"
"13794338540","2026-08-26 23:59:28.450","2026-09-01 23:56:18.468","13794338540","161667286","[PREMIUM]","[PREMIUM]","112","16","5_8","5","8",4,"[1,2,4]",594,"Lower",10,"Mobile Transfer ticket",1,"[PREMIUM]","[PREMIUM]","[PREMIUM]","[PREMIUM]",true,false,"['Clear view']","2026-08-24 19:36:17"
"13795069197","2026-08-26 23:59:28.409","2026-09-04 23:58:58.771","13795069197","161667286","[PREMIUM]","[PREMIUM]","201","16","_",,,2,"[1,2]",407,"Upper",10,"Mobile Transfer ticket",1,"[PREMIUM]","[PREMIUM]","[PREMIUM]","[PREMIUM]",true,false,"['Clear view']","2026-08-24 20:45:54"
"13795027660","2026-08-26 23:59:28.409","2026-09-05 23:59:55.188","13795027660","161667286","[PREMIUM]","[PREMIUM]","202","17","_",,,2,"[1,2]",407,"Upper",10,"Mobile Transfer ticket",1,"[PREMIUM]","[PREMIUM]","[PREMIUM]","[PREMIUM]",true,false,"['Clear view']","2026-08-24 20:41:57"
"13795750628","2026-08-26 23:59:28.409","2026-09-05 23:59:55.188","13795750628","161667286","[PREMIUM]","[PREMIUM]","231","17","_",,,2,"[1,2]",407,"Upper",10,"Mobile Transfer ticket",1,"[PREMIUM]","[PREMIUM]","[PREMIUM]","[PREMIUM]",true,false,"['Clear view']","2026-08-24 21:27:10"
"13822994908","2026-08-26 23:59:28.409","2026-08-26 23:59:28.409","13822994908","161667286","[PREMIUM]","[PREMIUM]","M111","10","17_19","17",,3,"[1,3]",507,"Mezzanine",10,"Mobile Transfer ticket",1,"[PREMIUM]","[PREMIUM]","[PREMIUM]","[PREMIUM]",true,false,"['Clear view']","2026-08-26 22:44:42"
"13822948119","2026-08-26 23:59:28.341","2026-08-26 23:59:28.341","13822948119","161667286","[PREMIUM]","[PREMIUM]","126","11","5_8","5",,4,"[1,2,4]",594,"Lower",10,"Mobile Transfer ticket",1,"[PREMIUM]","[PREMIUM]","[PREMIUM]","[PREMIUM]",true,false,"['Clear view']","2026-08-26 22:40:20"
"13822949718","2026-08-26 23:59:28.341","2026-08-26 23:59:28.341","13822949718","161667286","[PREMIUM]","[PREMIUM]","M116","6","5_8","5",,4,"[1,2,4]",507,"Mezzanine",10,"Mobile Transfer ticket",1,"[PREMIUM]","[PREMIUM]","[PREMIUM]","[PREMIUM]",true,false,"['Clear view']","2026-08-26 22:41:19"
"13823598365","2026-08-26 23:59:28.210","2026-08-26 23:59:28.210","13823598365","161667286","[PREMIUM]","[PREMIUM]","211","7","_",,,4,"[1,2,4]",407,"Upper",10,"Mobile Transfer ticket",1,"[PREMIUM]","[PREMIUM]","[PREMIUM]","[PREMIUM]",true,false,"['Clear view']","2026-08-26 23:35:33"
"13795494635","2026-08-26 23:59:28.177","2026-08-26 23:59:28.177","13795494635","161667286","[PREMIUM]","[PREMIUM]","126","14","1_4","1",,4,"[1,2,4]",594,"Lower",10,"Mobile Transfer ticket",1,"[PREMIUM]","[PREMIUM]","[PREMIUM]","[PREMIUM]",true,false,"['Clear view']","2026-08-24 21:13:10"
"13822950445","2026-08-26 23:59:28.177","2026-08-26 23:59:28.177","13822950445","161667286","[PREMIUM]","[PREMIUM]","103","16","5_8","5",,4,"[1,2,4]",594,"Lower",10,"Mobile Transfer ticket",1,"[PREMIUM]","[PREMIUM]","[PREMIUM]","[PREMIUM]",true,false,"['Clear view']","2026-08-26 22:41:42"
"13822948451","2026-08-26 23:59:28.166","2026-08-26 23:59:28.166","13822948451","161667286","[PREMIUM]","[PREMIUM]","M117","5","3_6","3",,4,"[1,2,4]",507,"Mezzanine",10,"Mobile Transfer ticket",1,"[PREMIUM]","[PREMIUM]","[PREMIUM]","[PREMIUM]",true,false,"['Clear view']","2026-08-26 22:40:27"
"13822955051","2026-08-26 23:59:28.166","2026-08-26 23:59:28.166","13822955051","161667286","[PREMIUM]","[PREMIUM]","M114","6","1_4","1",,4,"[1,2,4]",507,"Mezzanine",10,"Mobile Transfer ticket",1,"[PREMIUM]","[PREMIUM]","[PREMIUM]","[PREMIUM]",true,false,"['Clear view']","2026-08-26 22:42:03"
"13795485842","2026-08-26 23:59:28.128","2026-08-26 23:59:28.128","13795485842","161667286","[PREMIUM]","[PREMIUM]","M113","4","7_10","7",,4,"[1,2,4]",507,"Mezzanine",10,"Mobile Transfer ticket",1,"[PREMIUM]","[PREMIUM]","[PREMIUM]","[PREMIUM]",true,false,"['Second Row of Section','Clear view']","2026-08-24 21:12:08"
"13823140423","2026-08-26 23:59:28.128","2026-08-26 23:59:28.128","13823140423","161667286","[PREMIUM]","[PREMIUM]","M102","5","3_5","3",,3,"[1,3]",507,"Mezzanine",10,"Mobile Transfer ticket",1,"[PREMIUM]","[PREMIUM]","[PREMIUM]","[PREMIUM]",true,false,"['Clear view']","2026-08-26 22:56:50"
"13819332116","2026-08-26 23:59:28.123","2026-08-27 23:28:09.279","13819332116","161663472","[PREMIUM]","[PREMIUM]","321","1","7_10","7","10",4,"[1,2,4]",954,"Upper Level",10,"Mobile Transfer ticket",1,"[PREMIUM]","[PREMIUM]","[PREMIUM]","[PREMIUM]",true,false,"['Front Row of Section','Clear view']","2026-08-26 16:35:08"
"13819172792","2026-08-26 23:59:28.057","2026-08-28 23:54:05.592","13819172792","161663472","[PREMIUM]","[PREMIUM]","117","C","7_10","7","10",4,"[1,2,4]",1687,"Lower Level",10,"Mobile Transfer ticket",1,"[PREMIUM]","[PREMIUM]","[PREMIUM]","[PREMIUM]",true,false,"['Third Row of Section','Clear view']","2026-08-26 16:18:49"
"13816437306","2026-08-26 23:59:27.886","2026-08-31 00:01:23.970","13816437306","161663472","[PREMIUM]","[PREMIUM]","332","1","9001_9002","9001",,2,"[2]",954,"Upper Level",10,"Mobile Transfer ticket",13,"[PREMIUM]","[PREMIUM]","[PREMIUM]","[PREMIUM]",true,false,"['Front Row of Section','Clear view']","2026-08-26 09:56:18"
"13819773019","2026-08-26 23:59:27.886","2026-08-29 23:58:23.929","13819773019","161663472","[PREMIUM]","[PREMIUM]","303","2","9001_9002","9001",,2,"[2]",954,"Upper Level",10,"Mobile Transfer ticket",13,"[PREMIUM]","[PREMIUM]","[PREMIUM]","[PREMIUM]",true,false,"['Second Row of Section','Clear view']","2026-08-26 17:14:17"
"13817390259","2026-08-26 23:59:27.359","2026-08-26 23:59:27.359","13817390259","161667286","[PREMIUM]","[PREMIUM]","M117","11","5_8","5",,4,"[1,2,4]",507,"Mezzanine",10,"Mobile Transfer ticket",1,"[PREMIUM]","[PREMIUM]","[PREMIUM]","[PREMIUM]",true,false,"['Clear view']","2026-08-26 12:25:11"
"13822999924","2026-08-26 23:59:27.359","2026-08-26 23:59:27.359","13822999924","161667286","[PREMIUM]","[PREMIUM]","M117","10","10_13","10",,4,"[1,2,4]",507,"Mezzanine",10,"Mobile Transfer ticket",1,"[PREMIUM]","[PREMIUM]","[PREMIUM]","[PREMIUM]",true,false,"['Clear view']","2026-08-26 22:45:42"
"13822950629","2026-08-26 23:59:27.359","2026-08-26 23:59:27.359","13822950629","161667286","[PREMIUM]","[PREMIUM]","M111","11","5_11","5",,7,"[1,2,3,4,5,7]",507,"Mezzanine",10,"Mobile Transfer ticket",1,"[PREMIUM]","[PREMIUM]","[PREMIUM]","[PREMIUM]",true,false,"['Clear view']","2026-08-26 22:41:43"
"13822950973","2026-08-26 23:59:27.359","2026-08-26 23:59:27.359","13822950973","161667286","[PREMIUM]","[PREMIUM]","M124","9","1_4","1",,4,"[1,2,4]",507,"Mezzanine",10,"Mobile Transfer ticket",1,"[PREMIUM]","[PREMIUM]","[PREMIUM]","[PREMIUM]",true,false,"['Clear view']","2026-08-26 22:41:46"
"13823140433","2026-08-26 23:59:27.359","2026-08-26 23:59:27.359","13823140433","161667286","[PREMIUM]","[PREMIUM]","209","8","12_13","12",,2,"[2]",407,"Upper",10,"Mobile Transfer ticket",1,"[PREMIUM]","[PREMIUM]","[PREMIUM]","[PREMIUM]",true,false,"['Clear view']","2026-08-26 22:56:53"
"13795540061","2026-08-26 23:59:27.265","2026-08-26 23:59:27.265","13795540061","161667286","[PREMIUM]","[PREMIUM]","225","7","1_4","1",,4,"[1,2,4]",407,"Upper",10,"Mobile Transfer ticket",1,"[PREMIUM]","[PREMIUM]","[PREMIUM]","[PREMIUM]",true,false,"['Clear view']","2026-08-24 21:16:58"
"13812118043","2026-08-26 23:59:27.265","2026-08-26 23:59:27.265","13812118043","161667286","[PREMIUM]","[PREMIUM]","215","3","1_2","1",,2,"[2]",407,"Upper",10,"Mobile Transfer ticket",1,"[PREMIUM]","[PREMIUM]","[PREMIUM]","[PREMIUM]",true,false,"['Third Row of Section','Clear view']","2026-08-26 00:13:18"
"13795058378","2026-08-26 23:59:27.257","2026-09-06 23:57:09.500","13795058378","161667318","[PREMIUM]","[PREMIUM]","121",,"_",,,4,"[1,2,3,4]",594,"Lower",10,"Mobile Transfer ticket",1,"[PREMIUM]","[PREMIUM]","[PREMIUM]","[PREMIUM]",true,true,"['Clear view']","2026-08-24 20:45:24"
"13796203008","2026-08-26 23:59:27.257","2026-09-06 23:57:09.475","13796203008","161667318","[PREMIUM]","[PREMIUM]","107","14","_",,,2,"[1,2]",594,"Lower",10,"Mobile Transfer ticket",1,"[PREMIUM]","[PREMIUM]","[PREMIUM]","[PREMIUM]",true,false,"['Clear view']","2026-08-24 21:56:59"
"13821294372","2026-08-26 23:59:27.257","2026-08-28 23:53:43.398","13821294372","161667318","[PREMIUM]","[PREMIUM]","Floor 1","3","_",,,2,"[2]",682,"Floor",10,"Mobile Transfer ticket",1,"[PREMIUM]","[PREMIUM]","[PREMIUM]","[PREMIUM]",true,false,"['Court Club','Clear view']","2026-08-26 19:32:55"
"13822943278","2026-08-26 23:59:27.257","2026-08-26 23:59:27.257","13822943278","161667318","[PREMIUM]","[PREMIUM]","105","2","9_10","9",,2,"[2]",594,"Lower",10,"Mobile Transfer ticket",1,"[PREMIUM]","[PREMIUM]","[PREMIUM]","[PREMIUM]",true,false,"['Second Row of Section','Clear view']","2026-08-26 22:38:56"
"13822944675","2026-08-26 23:59:27.079","2026-08-26 23:59:27.079","13822944675","161667318","[PREMIUM]","[PREMIUM]","229","10","1_2","1",,2,"[2]",407,"Upper",10,"Mobile Transfer ticket",1,"[PREMIUM]","[PREMIUM]","[PREMIUM]","[PREMIUM]",true,false,"['Clear view']","2026-08-26 22:39:15"
"13815052158","2026-08-26 23:59:26.990","2026-08-31 23:52:43.600","13815052158","161658853","[PREMIUM]","[PREMIUM]","214","14","8_9","8","9",2,"[2]",3803,"200 Level",10,"Mobile Transfer ticket",1,"[PREMIUM]","[PREMIUM]","[PREMIUM]","[PREMIUM]",true,false,"['Clear view']","2026-08-26 06:44:21"
"13794028971","2026-08-26 23:59:26.875","2026-09-06 23:57:09.418","13794028971","161667318","[PREMIUM]","[PREMIUM]","120","14","_",,,2,"[1,2]",594,"Lower",10,"Mobile Transfer ticket",1,"[PREMIUM]","[PREMIUM]","[PREMIUM]","[PREMIUM]",true,false,"['Clear view']","2026-08-24 19:10:07"
"13794028954","2026-08-26 23:59:26.875","2026-09-08 23:59:31.925","13794028954","161667318","[PREMIUM]","[PREMIUM]","120",,"_",,,4,"[1,2,3,4]",594,"Lower",10,"Mobile Transfer ticket",1,"[PREMIUM]","[PREMIUM]","[PREMIUM]","[PREMIUM]",true,true,"['Clear view']","2026-08-24 19:10:07"
"13795944410","2026-08-26 23:59:26.875","2026-09-08 23:59:31.742","13795944410","161667318","[PREMIUM]","[PREMIUM]","109",,"_",,,4,"[1,2,3,4]",594,"Lower",10,"Mobile Transfer ticket",1,"[PREMIUM]","[PREMIUM]","[PREMIUM]","[PREMIUM]",true,true,"['Clear view']","2026-08-24 21:38:20"
"13794917471","2026-08-26 23:59:26.816","2026-09-08 23:59:31.742","13794917471","161667318","[PREMIUM]","[PREMIUM]","119",,"_",,,4,"[1,2,3,4]",594,"Lower",10,"Mobile Transfer ticket",1,"[PREMIUM]","[PREMIUM]","[PREMIUM]","[PREMIUM]",true,true,"['Clear view']","2026-08-24 20:36:25"
"13795105125","2026-08-26 23:59:26.816","2026-09-08 23:59:30.455","13795105125","161667318","[PREMIUM]","[PREMIUM]","119","14","_",,,2,"[1,2]",594,"Lower",10,"Mobile Transfer ticket",1,"[PREMIUM]","[PREMIUM]","[PREMIUM]","[PREMIUM]",true,false,"['Clear view']","2026-08-24 20:47:06"
"13795975341","2026-08-26 23:59:26.816","2026-09-08 23:59:30.270","13795975341","161667318","[PREMIUM]","[PREMIUM]","106","14","_",,,2,"[1,2]",594,"Lower",10,"Mobile Transfer ticket",1,"[PREMIUM]","[PREMIUM]","[PREMIUM]","[PREMIUM]",true,false,"['Clear view']","2026-08-24 21:39:39"
"13795000388","2026-08-26 23:59:26.583","2026-09-08 23:59:28.611","13795000388","161667318","[PREMIUM]","[PREMIUM]","102",,"_",,,4,"[1,2,3,4]",594,"Lower",10,"Mobile Transfer ticket",1,"[PREMIUM]","[PREMIUM]","[PREMIUM]","[PREMIUM]",true,true,"['Clear view']","2026-08-24 20:40:43"
"13795224884","2026-08-26 23:59:26.583","2026-08-31 23:52:26.608","13795224884","161667318","[PREMIUM]","[PREMIUM]","112","16","_",,,2,"[1,2]",594,"Lower",10,"Mobile Transfer ticket",1,"[PREMIUM]","[PREMIUM]","[PREMIUM]","[PREMIUM]",true,false,"['Clear view']","2026-08-24 20:52:57"
"13795299835","2026-08-26 23:59:26.583","2026-08-31 23:52:29.210","13795299835","161667318","[PREMIUM]","[PREMIUM]","116","16","_",,,2,"[1,2]",594,"Lower",10,"Mobile Transfer ticket",1,"[PREMIUM]","[PREMIUM]","[PREMIUM]","[PREMIUM]",true,false,"['Clear view']","2026-08-24 20:58:22"
"13795996800","2026-08-26 23:59:26.583","2026-09-04 23:58:44.940","13795996800","161667318","[PREMIUM]","[PREMIUM]","113",,"_",,,4,"[1,2,3,4]",594,"Lower",10,"Mobile Transfer ticket",1,"[PREMIUM]","[PREMIUM]","[PREMIUM]","[PREMIUM]",true,true,"['Clear view']","2026-08-24 21:40:36"
"13815179050","2026-08-26 23:59:26.583","2026-09-08 23:59:42.651","13815179050","161667320","[PREMIUM]","[PREMIUM]","215","10","_",,,3,"[3]",407,"Upper",10,"Mobile Transfer ticket",1,"[PREMIUM]","[PREMIUM]","[PREMIUM]","[PREMIUM]",true,false,"['Clear view']","2026-08-26 06:56:53"
"13823594295","2026-08-26 23:59:26.454","2026-09-06 23:57:15.003","13823594295","161667320","[PREMIUM]","[PREMIUM]","229","4","_",,,1,"[1]",407,"Upper",10,"Mobile Transfer ticket",1,"[PREMIUM]","[PREMIUM]","[PREMIUM]","[PREMIUM]",false,false,"['Clear view']","2026-08-26 23:35:18"
"13815735630","2026-08-26 23:59:26.365","2026-08-26 23:59:26.365","13815735630","161667320","[PREMIUM]","[PREMIUM]","205","10","9_14","9",,6,"[1,2,3,4,6]",407,"Upper",10,"Mobile Transfer ticket",1,"[PREMIUM]","[PREMIUM]","[PREMIUM]","[PREMIUM]",true,false,"['Clear view']","2026-08-26 08:07:40"
"13823594292","2026-08-26 23:59:26.309","2026-09-06 23:57:15.003","13823594292","161667320","[PREMIUM]","[PREMIUM]","229","5","_",,,2,"[2]",407,"Upper",10,"Mobile Transfer ticket",1,"[PREMIUM]","[PREMIUM]","[PREMIUM]","[PREMIUM]",true,false,"['Clear view']","2026-08-26 23:35:18"
"13794697504","2026-08-26 23:59:26.273","2026-09-08 23:59:42.651","13794697504","161667320","[PREMIUM]","[PREMIUM]","201","11","_",,,6,"[1,2,3,4,5,6]",407,"Upper",10,"Mobile Transfer ticket",1,"[PREMIUM]","[PREMIUM]","[PREMIUM]","[PREMIUM]",true,false,"['Clear view']","2026-08-24 20:17:05"
"13795494708","2026-08-26 23:59:26.136","2026-08-26 23:59:26.136","13795494708","161667320","[PREMIUM]","[PREMIUM]","205","11","9_12","9",,4,"[1,2,4]",407,"Upper",10,"Mobile Transfer ticket",1,"[PREMIUM]","[PREMIUM]","[PREMIUM]","[PREMIUM]",true,false,"['Clear view']","2026-08-24 21:13:11"
"13815730405","2026-08-26 23:59:26.136","2026-09-08 00:05:09.605","13815730405","161667320","[PREMIUM]","[PREMIUM]","227","6","_",,,4,"[1,2,4]",407,"Upper",10,"Mobile Transfer ticket",1,"[PREMIUM]","[PREMIUM]","[PREMIUM]","[PREMIUM]",true,false,"['Clear view']","2026-08-26 08:05:53"
"13822949898","2026-08-26 23:59:26.136","2026-08-26 23:59:26.136","13822949898","161667320","[PREMIUM]","[PREMIUM]","203","12","5_8","5",,4,"[1,2,4]",407,"Upper",10,"Mobile Transfer ticket",1,"[PREMIUM]","[PREMIUM]","[PREMIUM]","[PREMIUM]",true,false,"['Clear view']","2026-08-26 22:41:27"
"13819317466","2026-08-26 23:59:26.038","2026-08-26 23:59:26.038","13819317466","161667320","[PREMIUM]","[PREMIUM]","218","8","11_13","11",,3,"[1,3]",407,"Upper",10,"Mobile Transfer ticket",1,"[PREMIUM]","[PREMIUM]","[PREMIUM]","[PREMIUM]",true,false,"['Clear view']","2026-08-26 16:33:17"
"13822990715","2026-08-26 23:59:26.038","2026-08-26 23:59:26.038","13822990715","161667320","[PREMIUM]","[PREMIUM]","203","10","17_18","17",,2,"[2]",407,"Upper",10,"Mobile Transfer ticket",1,"[PREMIUM]","[PREMIUM]","[PREMIUM]","[PREMIUM]",true,false,"['Clear view']","2026-08-26 22:44:25"
"13822950716","2026-08-26 23:59:25.764","2026-08-26 23:59:25.764","13822950716","161667286","[PREMIUM]","[PREMIUM]","216","12","13_16","13",,4,"[1,2,4]",407,"Upper",10,"Mobile Transfer ticket",1,"[PREMIUM]","[PREMIUM]","[PREMIUM]","[PREMIUM]",true,false,"['Clear view']","2026-08-26 22:41:43"
"13808053208","2026-08-26 23:59:25.698","2026-08-26 23:59:25.698","13808053208","161667286","[PREMIUM]","[PREMIUM]","220","6","_",,,2,"[2]",407,"Upper",13,"Mobile ticket",1,"[PREMIUM]","[PREMIUM]","[PREMIUM]","[PREMIUM]",true,false,"['Clear view']","2026-08-25 18:14:44"
"13822999716","2026-08-26 23:59:25.554","2026-08-26 23:59:25.554","13822999716","161667286","[PREMIUM]","[PREMIUM]","213","4","3_5","3",,3,"[1,3]",407,"Upper",10,"Mobile Transfer ticket",1,"[PREMIUM]","[PREMIUM]","[PREMIUM]","[PREMIUM]",true,false,"['Clear view']","2026-08-26 22:45:34"
"13822949808","2026-08-26 23:59:25.554","2026-08-26 23:59:25.554","13822949808","161667286","[PREMIUM]","[PREMIUM]","224","6","7_9","7",,3,"[1,3]",407,"Upper",10,"Mobile Transfer ticket",1,"[PREMIUM]","[PREMIUM]","[PREMIUM]","[PREMIUM]",true,false,"['Clear view']","2026-08-26 22:41:23"
"13822947862","2026-08-26 23:59:25.492","2026-08-26 23:59:25.492","13822947862","161667286","[PREMIUM]","[PREMIUM]","227","6","11_12","11",,2,"[2]",407,"Upper",10,"Mobile Transfer ticket",1,"[PREMIUM]","[PREMIUM]","[PREMIUM]","[PREMIUM]",true,false,"['Clear view']","2026-08-26 22:40:14"
"13817846498","2026-08-26 23:59:25.414","2026-09-08 23:59:47.507","13817846498","161667286","[PREMIUM]","[PREMIUM]","226","8","_",,,2,"[2]",407,"Upper",13,"Mobile ticket",1,"[PREMIUM]","[PREMIUM]","[PREMIUM]","[PREMIUM]",true,false,"['Clear view']","2026-08-26 13:30:14"
"13822949801","2026-08-26 23:59:25.387","2026-08-26 23:59:25.387","13822949801","161667286","[PREMIUM]","[PREMIUM]","218","2","1_6","1",,6,"[1,2,3,4,6]",407,"Upper",10,"Mobile Transfer ticket",1,"[PREMIUM]","[PREMIUM]","[PREMIUM]","[PREMIUM]",true,false,"['Second Row of Section','Clear view']","2026-08-26 22:41:23"
"13813211041","2026-08-26 23:59:25.258","2026-08-26 23:59:25.258","13813211041","161667286","[PREMIUM]","[PREMIUM]","217","11","9_14","9",,6,"[1,2,3,4,6]",407,"Upper",10,"Mobile Transfer ticket",1,"[PREMIUM]","[PREMIUM]","[PREMIUM]","[PREMIUM]",true,false,"['Clear view']","2026-08-26 02:25:07"
"13822946234","2026-08-26 23:59:25.258","2026-08-26 23:59:25.258","13822946234","161667286","[PREMIUM]","[PREMIUM]","204","6","4_5","4",,2,"[2]",407,"Upper",10,"Mobile Transfer ticket",1,"[PREMIUM]","[PREMIUM]","[PREMIUM]","[PREMIUM]",true,false,"['Clear view']","2026-08-26 22:40:05"
"13823033134","2026-08-26 23:59:25.251","2026-08-26 23:59:25.251","13823033134","161667286","[PREMIUM]","[PREMIUM]","222","9","1_4","1",,4,"[1,2,4]",407,"Upper",10,"Mobile Transfer ticket",1,"[PREMIUM]","[PREMIUM]","[PREMIUM]","[PREMIUM]",true,false,"['Clear view']","2026-08-26 22:47:40"
"13822948937","2026-08-26 23:59:25.251","2026-08-26 23:59:25.251","13822948937","161667286","[PREMIUM]","[PREMIUM]","211","8","7_10","7",,4,"[1,2,4]",407,"Upper",10,"Mobile Transfer ticket",1,"[PREMIUM]","[PREMIUM]","[PREMIUM]","[PREMIUM]",true,false,"['Clear view']","2026-08-26 22:40:37"
"13804638058","2026-08-26 23:59:25.234","2026-08-26 23:59:25.234","13804638058","161667286","[PREMIUM]","[PREMIUM]","203","11","11_14","11",,4,"[1,2,4]",407,"Upper",10,"Mobile Transfer ticket",1,"[PREMIUM]","[PREMIUM]","[PREMIUM]","[PREMIUM]",true,false,"['Clear view']","2026-08-25 12:10:14"
"13822946971","2026-08-26 23:59:25.090","2026-08-26 23:59:25.090","13822946971","161667286","[PREMIUM]","[PREMIUM]","203","13","10_13","10",,4,"[1,2,4]",407,"Upper",10,"Mobile Transfer ticket",1,"[PREMIUM]","[PREMIUM]","[PREMIUM]","[PREMIUM]",true,false,"['Clear view']","2026-08-26 22:40:09"
"13822948222","2026-08-26 23:59:25.090","2026-08-26 23:59:25.090","13822948222","161667286","[PREMIUM]","[PREMIUM]","203","12","5_8","5",,4,"[1,2,4]",407,"Upper",10,"Mobile Transfer ticket",1,"[PREMIUM]","[PREMIUM]","[PREMIUM]","[PREMIUM]",true,false,"['Clear view']","2026-08-26 22:40:24"
"13823142603","2026-08-26 23:59:25.090","2026-08-26 23:59:25.090","13823142603","161667286","[PREMIUM]","[PREMIUM]","215","7","5_6","5",,2,"[2]",407,"Upper",10,"Mobile Transfer ticket",1,"[PREMIUM]","[PREMIUM]","[PREMIUM]","[PREMIUM]",true,false,"['Clear view']","2026-08-26 22:57:56"
"13823140421","2026-08-26 23:59:25.090","2026-08-26 23:59:25.090","13823140421","161667286","[PREMIUM]","[PREMIUM]","214","9","5_10","5",,6,"[1,2,3,4,6]",407,"Upper",10,"Mobile Transfer ticket",1,"[PREMIUM]","[PREMIUM]","[PREMIUM]","[PREMIUM]",true,false,"['Clear view']","2026-08-26 22:56:50"
"13822965704","2026-08-26 23:59:25.089","2026-08-26 23:59:25.089","13822965704","161667286","[PREMIUM]","[PREMIUM]","224","8","1_4","1",,4,"[1,2,4]",407,"Upper",10,"Mobile Transfer ticket",1,"[PREMIUM]","[PREMIUM]","[PREMIUM]","[PREMIUM]",true,false,"['Clear view']","2026-08-26 22:42:49"
"13823599557","2026-08-26 23:59:25.089","2026-08-27 23:28:05.184","13823599557","161667286","[PREMIUM]","[PREMIUM]","205","8","_",,,4,"[1,2,4]",407,"Upper",10,"Mobile Transfer ticket",1,"[PREMIUM]","[PREMIUM]","[PREMIUM]","[PREMIUM]",true,false,"['Clear view']","2026-08-26 23:35:37"
"13821905278","2026-08-26 23:59:24.864","2026-08-26 23:59:24.864","13821905278","161667318","[PREMIUM]","[PREMIUM]","F20","1","_",,,2,"[2]",682,"Floor",10,"Mobile Transfer ticket",1,"[PREMIUM]","[PREMIUM]","[PREMIUM]","[PREMIUM]",true,false,"['VIP Club','Includes club access','Second Row of Section','Clear view']","2026-08-26 20:36:26"
"13821294387","2026-08-26 23:59:24.760","2026-08-26 23:59:24.760","13821294387","161667318","[PREMIUM]","[PREMIUM]","Floor 1","2","_",,,4,"[1,2,4]",682,"Floor",10,"Mobile Transfer ticket",1,"[PREMIUM]","[PREMIUM]","[PREMIUM]","[PREMIUM]",true,false,"['Court Club','Clear view']","2026-08-26 19:32:55"
"13734745218","2026-08-26 23:59:24.664","2026-09-08 23:59:23.738","13734745218","161666868","[PREMIUM]","[PREMIUM]","113","3","3_3","3","3",1,"[1]",1687,"Lower Level",10,"Mobile Transfer ticket",1,"[PREMIUM]","[PREMIUM]","[PREMIUM]","[PREMIUM]",false,false,"['Clear view']","2026-08-20 09:47:42"
"13823221625","2026-08-26 23:59:24.664","2026-09-08 23:59:23.738","13823221625","161666868","[PREMIUM]","[PREMIUM]","117","9","9001_9003","9001",,3,"[1,3]",1687,"Lower Level",10,"Mobile Transfer ticket",1,"[PREMIUM]","[PREMIUM]","[PREMIUM]","[PREMIUM]",true,false,"['Clear view']","2026-08-26 23:05:13"
"13804981617","2026-08-26 23:59:24.651","2026-08-26 23:59:24.651","13804981617","161666868","[PREMIUM]","[PREMIUM]","109","6","9001_9002","9001",,2,"[2]",1687,"Lower Level",11,"Mobile ticket",1,"[PREMIUM]","[PREMIUM]","[PREMIUM]","[PREMIUM]",true,false,"['Third Row of Section','Clear view']","2026-08-25 12:54:06"
"13821299737","2026-08-26 23:59:24.583","2026-08-28 23:53:43.398","13821299737","161667318","[PREMIUM]","[PREMIUM]","A4","4","_",,,2,"[2]",1201,"Arena",10,"Mobile Transfer ticket",1,"[PREMIUM]","[PREMIUM]","[PREMIUM]","[PREMIUM]",true,false,"['Clear view']","2026-08-26 19:33:14"
"13821298182","2026-08-26 23:59:24.583","2026-08-28 23:53:43.398","13821298182","161667318","[PREMIUM]","[PREMIUM]","119","1","_",,,2,"[2]",594,"Lower",10,"Mobile Transfer ticket",1,"[PREMIUM]","[PREMIUM]","[PREMIUM]","[PREMIUM]",true,false,"['Front Row of Section','Clear view']","2026-08-26 19:33:10"
"13821298174","2026-08-26 23:59:24.583","2026-08-26 23:59:24.583","13821298174","161667318","[PREMIUM]","[PREMIUM]","119","8","_",,,2,"[2]",594,"Lower",10,"Mobile Transfer ticket",1,"[PREMIUM]","[PREMIUM]","[PREMIUM]","[PREMIUM]",true,false,"['Clear view']","2026-08-26 19:33:10"
"13821298169","2026-08-26 23:59:24.583","2026-08-26 23:59:24.583","13821298169","161667318","[PREMIUM]","[PREMIUM]","119","10","_",,,2,"[2]",594,"Lower",10,"Mobile Transfer ticket",1,"[PREMIUM]","[PREMIUM]","[PREMIUM]","[PREMIUM]",true,false,"['Clear view']","2026-08-26 19:33:10"
"13821298172","2026-08-26 23:59:24.461","2026-08-27 23:27:54.803","13821298172","161667318","[PREMIUM]","[PREMIUM]","119","4","_",,,2,"[2]",594,"Lower",10,"Mobile Transfer ticket",1,"[PREMIUM]","[PREMIUM]","[PREMIUM]","[PREMIUM]",true,false,"['Clear view']","2026-08-26 19:33:10"
"13821298171","2026-08-26 23:59:24.461","2026-08-26 23:59:24.461","13821298171","161667318","[PREMIUM]","[PREMIUM]","119","6","_",,,6,"[1,2,3,4,6]",594,"Lower",10,"Mobile Transfer ticket",1,"[PREMIUM]","[PREMIUM]","[PREMIUM]","[PREMIUM]",true,false,"['Clear view']","2026-08-26 19:33:10"
"13822961366","2026-08-26 23:59:24.461","2026-08-26 23:59:26.875","13822961366","161667318","[PREMIUM]","[PREMIUM]","107","13","5_6","5",,2,"[2]",594,"Lower",10,"Mobile Transfer ticket",1,"[PREMIUM]","[PREMIUM]","[PREMIUM]","[PREMIUM]",true,false,"['Clear view']","2026-08-26 22:42:34"
"13814711670","2026-08-26 23:59:24.389","2026-08-27 23:27:54.434","13814711670","161667318","[PREMIUM]","[PREMIUM]","225","3","9001_9002","9001",,2,"[2]",407,"Upper",10,"Mobile Transfer ticket",1,"[PREMIUM]","[PREMIUM]","[PREMIUM]","[PREMIUM]",true,false,"['Third Row of Section','Clear view']","2026-08-26 05:49:45"
"13821298219","2026-08-26 23:59:24.389","2026-08-28 23:53:41.611","13821298219","161667318","[PREMIUM]","[PREMIUM]","115","7","_",,,1,"[1]",594,"Lower",10,"Mobile Transfer ticket",1,"[PREMIUM]","[PREMIUM]","[PREMIUM]","[PREMIUM]",false,false,"['Clear view']","2026-08-26 19:33:10"
"13821295350","2026-08-26 23:59:24.389","2026-08-28 23:53:41.611","13821295350","161667318","[PREMIUM]","[PREMIUM]","117","15","_",,,2,"[2]",594,"Lower",10,"Mobile Transfer ticket",1,"[PREMIUM]","[PREMIUM]","[PREMIUM]","[PREMIUM]",true,false,"['Clear view']","2026-08-26 19:32:59"
"13822514404","2026-08-26 23:59:24.389","2026-08-26 23:59:24.389","13822514404","161667318","[PREMIUM]","[PREMIUM]","112","8","_",,,2,"[2]",594,"Lower",10,"Mobile Transfer ticket",1,"[PREMIUM]","[PREMIUM]","[PREMIUM]","[PREMIUM]",true,false,"['Clear view']","2026-08-26 21:46:36"
"13821303580","2026-08-26 23:59:24.357","2026-08-29 23:58:03.427","13821303580","161667318","[PREMIUM]","[PREMIUM]","M117","4","_",,,1,"[1]",507,"Mezzanine",10,"Mobile Transfer ticket",1,"[PREMIUM]","[PREMIUM]","[PREMIUM]","[PREMIUM]",false,false,"['Clear view']","2026-08-26 19:33:27"
"13821295338","2026-08-26 23:59:24.357","2026-08-28 23:53:42.923","13821295338","161667318","[PREMIUM]","[PREMIUM]","M111","3","_",,,2,"[2]",507,"Mezzanine",10,"Mobile Transfer ticket",1,"[PREMIUM]","[PREMIUM]","[PREMIUM]","[PREMIUM]",true,false,"['Third Row of Section','Clear view']","2026-08-26 19:32:59"
"13821295314","2026-08-26 23:59:24.357","2026-08-29 23:58:03.427","13821295314","161667318","[PREMIUM]","[PREMIUM]","228","1","_",,,4,"[1,2,4]",407,"Upper",10,"Mobile Transfer ticket",1,"[PREMIUM]","[PREMIUM]","[PREMIUM]","[PREMIUM]",true,false,"['Front Row of Section','Clear view']","2026-08-26 19:32:59"
"13821295334","2026-08-26 23:59:24.335","2026-08-26 23:59:24.335","13821295334","161667318","[PREMIUM]","[PREMIUM]","C106","4","_",,,2,"[2]",1724,"Club",10,"Mobile Transfer ticket",1,"[PREMIUM]","[PREMIUM]","[PREMIUM]","[PREMIUM]",true,false,"['Clear view']","2026-08-26 19:32:59"
"13821295326","2026-08-26 23:59:24.335","2026-08-28 23:53:42.964","13821295326","161667318","[PREMIUM]","[PREMIUM]","113","1","_",,,2,"[2]",594,"Lower",10,"Mobile Transfer ticket",1,"[PREMIUM]","[PREMIUM]","[PREMIUM]","[PREMIUM]",true,false,"['Front Row of Section','Clear view']","2026-08-26 19:32:59"
"13821295289","2026-08-26 23:59:24.335","2026-08-27 23:27:54.518","13821295289","161667318","[PREMIUM]","[PREMIUM]","105","3","_",,,2,"[2]",594,"Lower",10,"Mobile Transfer ticket",1,"[PREMIUM]","[PREMIUM]","[PREMIUM]","[PREMIUM]",true,false,"['Third Row of Section','Clear view']","2026-08-26 19:32:59"
"13821295286","2026-08-26 23:59:24.335","2026-08-27 23:27:54.518","13821295286","161667318","[PREMIUM]","[PREMIUM]","112","4","_",,,3,"[1,3]",594,"Lower",10,"Mobile Transfer ticket",1,"[PREMIUM]","[PREMIUM]","[PREMIUM]","[PREMIUM]",true,false,"['Clear view']","2026-08-26 19:32:59"
"13822943288","2026-08-26 23:59:24.335","2026-08-26 23:59:26.583","13822943288","161667318","[PREMIUM]","[PREMIUM]","118","4","6_9","6",,4,"[1,2,4]",594,"Lower",10,"Mobile Transfer ticket",1,"[PREMIUM]","[PREMIUM]","[PREMIUM]","[PREMIUM]",true,false,"['Clear view']","2026-08-26 22:38:57"
"13821299636","2026-08-26 23:59:24.323","2026-08-26 23:59:24.323","13821299636","161667318","[PREMIUM]","[PREMIUM]","C119","4","_",,,1,"[1]",1724,"Club",10,"Mobile Transfer ticket",1,"[PREMIUM]","[PREMIUM]","[PREMIUM]","[PREMIUM]",false,false,"['Clear view']","2026-08-26 19:33:14"
"13821295280","2026-08-26 23:59:24.323","2026-08-29 23:58:02.143","13821295280","161667318","[PREMIUM]","[PREMIUM]","111","13","_",,,3,"[1,3]",594,"Lower",10,"Mobile Transfer ticket",1,"[PREMIUM]","[PREMIUM]","[PREMIUM]","[PREMIUM]",true,false,"['Clear view']","2026-08-26 19:32:59"
"13822944248","2026-08-26 23:59:24.323","2026-08-26 23:59:24.323","13822944248","161667318","[PREMIUM]","[PREMIUM]","C121","11","15_16","15",,2,"[2]",1724,"Club",10,"Mobile Transfer ticket",1,"[PREMIUM]","[PREMIUM]","[PREMIUM]","[PREMIUM]",true,false,"['Clear view']","2026-08-26 22:39:07"
"13822952562","2026-08-26 23:59:24.293","2026-08-26 23:59:24.293","13822952562","161667318","[PREMIUM]","[PREMIUM]","M102","5","3_5","3",,3,"[1,3]",507,"Mezzanine",10,"Mobile Transfer ticket",1,"[PREMIUM]","[PREMIUM]","[PREMIUM]","[PREMIUM]",true,false,"['Clear view']","2026-08-26 22:41:52"
"13822944643","2026-08-26 23:59:24.293","2026-08-26 23:59:24.293","13822944643","161667318","[PREMIUM]","[PREMIUM]","M114","1","1_6","1",,6,"[1,2,3,4,6]",507,"Mezzanine",10,"Mobile Transfer ticket",1,"[PREMIUM]","[PREMIUM]","[PREMIUM]","[PREMIUM]",true,false,"['Front Row of Section','Clear view']","2026-08-26 22:39:14"
"13818135199","2026-08-26 23:59:24.289","2026-08-26 23:59:24.289","13818135199","161667318","[PREMIUM]","[PREMIUM]","C120","13","1_8","1",,8,"[1,2,3,4,5,6,8]",1724,"Club",10,"Mobile Transfer ticket",1,"[PREMIUM]","[PREMIUM]","[PREMIUM]","[PREMIUM]",true,false,"['Clear view']","2026-08-26 14:03:53"
"13821295275","2026-08-26 23:59:24.289","2026-08-29 23:58:02.143","13821295275","161667318","[PREMIUM]","[PREMIUM]","117","14","_",,,3,"[1,3]",594,"Lower",10,"Mobile Transfer ticket",1,"[PREMIUM]","[PREMIUM]","[PREMIUM]","[PREMIUM]",true,false,"['Clear view']","2026-08-26 19:32:59"
"13821303532","2026-08-26 23:59:24.187","2026-08-29 23:58:02.205","13821303532","161667318","[PREMIUM]","[PREMIUM]","M123","4","_",,,2,"[2]",507,"Mezzanine",10,"Mobile Transfer ticket",1,"[PREMIUM]","[PREMIUM]","[PREMIUM]","[PREMIUM]",true,false,"['Second Row of Section','Clear view']","2026-08-26 19:33:27"
"13821298620","2026-08-26 23:59:24.187","2026-08-26 23:59:24.187","13821298620","161667318","[PREMIUM]","[PREMIUM]","M110","9","_",,,6,"[1,2,3,4,6]",507,"Mezzanine",10,"Mobile Transfer ticket",1,"[PREMIUM]","[PREMIUM]","[PREMIUM]","[PREMIUM]",true,false,"['Clear view']","2026-08-26 19:33:11"
"13822944311","2026-08-26 23:59:24.187","2026-08-26 23:59:24.187","13822944311","161667318","[PREMIUM]","[PREMIUM]","105","8","3_4","3",,2,"[2]",594,"Lower",10,"Mobile Transfer ticket",1,"[PREMIUM]","[PREMIUM]","[PREMIUM]","[PREMIUM]",true,false,"['Clear view']","2026-08-26 22:39:08"
"13822943438","2026-08-26 23:59:24.187","2026-08-26 23:59:24.924","13822943438","161667318","[PREMIUM]","[PREMIUM]","102","3","1_3","1",,3,"[1,3]",594,"Lower",10,"Mobile Transfer ticket",1,"[PREMIUM]","[PREMIUM]","[PREMIUM]","[PREMIUM]",true,false,"['Third Row of Section','Clear view']","2026-08-26 22:38:57"
"13796022257","2026-08-26 23:59:24.087","2026-09-08 23:59:25.172","13796022257","161667318","[PREMIUM]","[PREMIUM]","222",,"_",,,4,"[1,2,3,4]",407,"Upper",10,"Mobile Transfer ticket",1,"[PREMIUM]","[PREMIUM]","[PREMIUM]","[PREMIUM]",true,true,"['Clear view']","2026-08-24 21:41:42"
"13819150612","2026-08-26 23:59:24.087","2026-08-26 23:59:24.087","13819150612","161667318","[PREMIUM]","[PREMIUM]","M123","6","8_12","8",,5,"[1,2,3,5]",507,"Mezzanine",10,"Mobile Transfer ticket",1,"[PREMIUM]","[PREMIUM]","[PREMIUM]","[PREMIUM]",true,false,"['Clear view']","2026-08-26 16:15:21"
"13822967846","2026-08-26 23:59:24.087","2026-08-26 23:59:24.087","13822967846","161667318","[PREMIUM]","[PREMIUM]","M111","11","16_19","16",,4,"[1,2,4]",507,"Mezzanine",10,"Mobile Transfer ticket",1,"[PREMIUM]","[PREMIUM]","[PREMIUM]","[PREMIUM]",true,false,"['Clear view']","2026-08-26 22:42:55"
"13822964244","2026-08-26 23:59:24.087","2026-08-26 23:59:24.087","13822964244","161667318","[PREMIUM]","[PREMIUM]","116","16","7_10","7",,4,"[1,2,4]",594,"Lower",10,"Mobile Transfer ticket",1,"[PREMIUM]","[PREMIUM]","[PREMIUM]","[PREMIUM]",true,false,"['Clear view']","2026-08-26 22:42:44"
"13795038508","2026-08-26 23:59:24.074","2026-09-04 23:58:44.074","13795038508","161667318","[PREMIUM]","[PREMIUM]","226",,"_",,,4,"[1,2,3,4]",407,"Upper",10,"Mobile Transfer ticket",1,"[PREMIUM]","[PREMIUM]","[PREMIUM]","[PREMIUM]",true,true,"['Clear view']","2026-08-24 20:42:34"
"13795477625","2026-08-26 23:59:24.074","2026-09-08 23:59:25.172","13795477625","161667318","[PREMIUM]","[PREMIUM]","208",,"_",,,4,"[1,2,3,4]",407,"Upper",10,"Mobile Transfer ticket",1,"[PREMIUM]","[PREMIUM]","[PREMIUM]","[PREMIUM]",true,true,"['Clear view']","2026-08-24 21:11:51"
"13795232177","2026-08-26 23:59:24.074","2026-09-08 23:59:25.172","13795232177","161667318","[PREMIUM]","[PREMIUM]","225",,"_",,,4,"[1,2,3,4]",407,"Upper",10,"Mobile Transfer ticket",1,"[PREMIUM]","[PREMIUM]","[PREMIUM]","[PREMIUM]",true,true,"['Clear view']","2026-08-24 20:53:10"
"13795477181","2026-08-26 23:59:24.074","2026-09-08 23:59:25.172","13795477181","161667318","[PREMIUM]","[PREMIUM]","212",,"_",,,4,"[1,2,3,4]",407,"Upper",10,"Mobile Transfer ticket",1,"[PREMIUM]","[PREMIUM]","[PREMIUM]","[PREMIUM]",true,true,"['Clear view']","2026-08-24 21:11:51"
"13795653443","2026-08-26 23:59:24.074","2026-09-08 23:59:25.172","13795653443","161667318","[PREMIUM]","[PREMIUM]","207",,"_",,,4,"[1,2,3,4]",407,"Upper",10,"Mobile Transfer ticket",1,"[PREMIUM]","[PREMIUM]","[PREMIUM]","[PREMIUM]",true,true,"['Clear view']","2026-08-24 21:22:15"
"13795674202","2026-08-26 23:59:24.074","2026-09-08 23:59:25.172","13795674202","161667318","[PREMIUM]","[PREMIUM]","221",,"_",,,4,"[1,2,3,4]",407,"Upper",10,"Mobile Transfer ticket",1,"[PREMIUM]","[PREMIUM]","[PREMIUM]","[PREMIUM]",true,true,"['Clear view']","2026-08-24 21:22:59"
"13822949912","2026-08-26 23:59:24.044","2026-08-26 23:59:24.044","13822949912","161667286","[PREMIUM]","[PREMIUM]","229","7","5_6","5",,2,"[2]",407,"Upper",10,"Mobile Transfer ticket",1,"[PREMIUM]","[PREMIUM]","[PREMIUM]","[PREMIUM]",true,false,"['Clear view']","2026-08-26 22:41:28"
"13821303530","2026-08-26 23:59:24.008","2026-08-29 23:58:03.720","13821303530","161667318","[PREMIUM]","[PREMIUM]","M123","5","_",,,1,"[1]",507,"Mezzanine",10,"Mobile Transfer ticket",1,"[PREMIUM]","[PREMIUM]","[PREMIUM]","[PREMIUM]",false,false,"['Third Row of Section','Clear view']","2026-08-26 19:33:27"
"13821298632","2026-08-26 23:59:24.008","2026-08-29 23:58:03.720","13821298632","161667318","[PREMIUM]","[PREMIUM]","M110","7","_",,,4,"[1,2,4]",507,"Mezzanine",10,"Mobile Transfer ticket",1,"[PREMIUM]","[PREMIUM]","[PREMIUM]","[PREMIUM]",true,false,"['Clear view']","2026-08-26 19:33:11"
"13821298631","2026-08-26 23:59:24.008","2026-08-27 23:27:54.825","13821298631","161667318","[PREMIUM]","[PREMIUM]","M110","8","_",,,4,"[1,2,4]",507,"Mezzanine",10,"Mobile Transfer ticket",1,"[PREMIUM]","[PREMIUM]","[PREMIUM]","[PREMIUM]",true,false,"['Clear view']","2026-08-26 19:33:11"
"13821295256","2026-08-26 23:59:24.008","2026-08-29 23:58:03.720","13821295256","161667318","[PREMIUM]","[PREMIUM]","103","11","_",,,2,"[2]",594,"Lower",10,"Mobile Transfer ticket",1,"[PREMIUM]","[PREMIUM]","[PREMIUM]","[PREMIUM]",true,false,"['Clear view']","2026-08-26 19:32:59"
"13823003990","2026-08-26 23:59:24.008","2026-08-26 23:59:24.008","13823003990","161667318","[PREMIUM]","[PREMIUM]","C122","6","11_12","11",,2,"[2]",1724,"Club",10,"Mobile Transfer ticket",1,"[PREMIUM]","[PREMIUM]","[PREMIUM]","[PREMIUM]",true,false,"['Clear view']","2026-08-26 22:46:11"
"13821295325","2026-08-26 23:59:24.001","2026-08-28 23:53:43.141","13821295325","161667318","[PREMIUM]","[PREMIUM]","113","7","_",,,4,"[1,2,4]",594,"Lower",10,"Mobile Transfer ticket",1,"[PREMIUM]","[PREMIUM]","[PREMIUM]","[PREMIUM]",true,false,"['Clear view']","2026-08-26 19:32:59"
"13822953312","2026-08-26 23:59:24.001","2026-08-26 23:59:24.001","13822953312","161667318","[PREMIUM]","[PREMIUM]","C108","15","9_12","9",,4,"[1,2,4]",1724,"Club",10,"Mobile Transfer ticket",1,"[PREMIUM]","[PREMIUM]","[PREMIUM]","[PREMIUM]",true,false,"['Clear view']","2026-08-26 22:41:56"
"13822952170","2026-08-26 23:59:24.001","2026-08-26 23:59:24.001","13822952170","161667318","[PREMIUM]","[PREMIUM]","118","7","6_9","6",,4,"[1,2,4]",594,"Lower",10,"Mobile Transfer ticket",1,"[PREMIUM]","[PREMIUM]","[PREMIUM]","[PREMIUM]",true,false,"['Clear view']","2026-08-26 22:41:51"
"13822964999","2026-08-26 23:59:24.001","2026-08-26 23:59:24.001","13822964999","161667318","[PREMIUM]","[PREMIUM]","C106","5","5_6","5",,2,"[2]",1724,"Club",10,"Mobile Transfer ticket",1,"[PREMIUM]","[PREMIUM]","[PREMIUM]","[PREMIUM]",true,false,"['Clear view']","2026-08-26 22:42:46"
"13822519959","2026-08-26 23:59:23.890","2026-09-08 23:59:23.738","13822519959","161666868","[PREMIUM]","[PREMIUM]","117","11","9001_9006","9001",,6,"[1,2,3,4,6]",1687,"Lower Level",10,"Mobile Transfer ticket",1,"[PREMIUM]","[PREMIUM]","[PREMIUM]","[PREMIUM]",true,false,"['Clear view']","2026-08-26 21:47:02"
"13817101159","2026-08-26 23:59:23.594","2026-09-08 23:59:24.010","13817101159","161666868","[PREMIUM]","[PREMIUM]","113","5","9001_9002","9001",,2,"[2]",1687,"Lower Level",10,"Mobile Transfer ticket",13,"[PREMIUM]","[PREMIUM]","[PREMIUM]","[PREMIUM]",true,false,"['Clear view']","2026-08-26 11:36:48"
"13822899421","2026-08-26 23:59:23.594","2026-09-08 23:59:24.010","13822899421","161666868","[PREMIUM]","[PREMIUM]","112","6","9001_9004","9001",,4,"[1,2,4]",1687,"Lower Level",10,"Mobile Transfer ticket",1,"[PREMIUM]","[PREMIUM]","[PREMIUM]","[PREMIUM]",true,false,"['Clear view']","2026-08-26 22:34:56"
"13815718318","2026-08-26 23:59:23.434","2026-08-27 23:27:42.046","13815718318","161666868","[PREMIUM]","[PREMIUM]","116","16","9001_9002","9001",,2,"[2]",1687,"Lower Level",10,"Mobile Transfer ticket",13,"[PREMIUM]","[PREMIUM]","[PREMIUM]","[PREMIUM]",true,false,"['Clear view']","2026-08-26 08:03:16"
"13815480030","2026-08-26 23:59:23.388","2026-09-08 00:04:38.848","13815480030","161666868","[PREMIUM]","[PREMIUM]","325","1","9001_9004","9001",,4,"[4]",1713,"Middle Level",10,"Mobile Transfer ticket",13,"[PREMIUM]","[PREMIUM]","[PREMIUM]","[PREMIUM]",true,false,"['Front Row of Section','Clear view']","2026-08-26 07:36:52"
"13822463609","2026-08-26 23:59:23.302","2026-09-08 00:04:38.745","13822463609","161666868","[PREMIUM]","[PREMIUM]","309","1","_",,,2,"[2]",1713,"Middle Level",10,"Mobile Transfer ticket",1,"[PREMIUM]","[PREMIUM]","[PREMIUM]","[PREMIUM]",true,false,"['Front Row of Section','Clear view']","2026-08-26 21:38:16"
"13798854452","2026-08-26 23:59:23.113","2026-08-27 23:27:41.783","13798854452","161666868","[PREMIUM]","[PREMIUM]","101","14","_",,,8,"[1,2,3,4,5,6,8]",1687,"Lower Level",10,"Mobile Transfer ticket",1,"[PREMIUM]","[PREMIUM]","[PREMIUM]","[PREMIUM]",true,false,"['Clear view']","2026-08-25 01:18:34"
"13807269049","2026-08-26 23:59:23.023","2026-09-05 23:59:18.406","13807269049","161667318","[PREMIUM]","[PREMIUM]","C122","10","_",,,2,"[1,2]",1724,"Club",10,"Mobile Transfer ticket",1,"[PREMIUM]","[PREMIUM]","[PREMIUM]","[PREMIUM]",true,false,"['Clear view']","2026-08-25 16:52:58"
"13790970651","2026-08-26 23:59:23.021","2026-08-27 23:27:53.215","13790970651","161667318","[PREMIUM]","[PREMIUM]","101","2","_",,,2,"[2]",594,"Lower",10,"Mobile Transfer ticket",1,"[PREMIUM]","[PREMIUM]","[PREMIUM]","[PREMIUM]",true,false,"['Second Row of Section','Clear view']","2026-08-24 14:19:41"
"13819150648","2026-08-26 23:59:23.021","2026-08-26 23:59:23.021","13819150648","161667318","[PREMIUM]","[PREMIUM]","M114","3","1_4","1",,4,"[1,2,4]",507,"Mezzanine",10,"Mobile Transfer ticket",1,"[PREMIUM]","[PREMIUM]","[PREMIUM]","[PREMIUM]",true,false,"['Third Row of Section','Clear view']","2026-08-26 16:15:22"
"13822944667","2026-08-26 23:59:23.021","2026-08-26 23:59:23.021","13822944667","161667318","[PREMIUM]","[PREMIUM]","C119","6","1_4","1",,4,"[1,2,4]",1724,"Club",10,"Mobile Transfer ticket",1,"[PREMIUM]","[PREMIUM]","[PREMIUM]","[PREMIUM]",true,false,"['Clear view']","2026-08-26 22:39:15"
"13797147393","2026-08-26 23:59:22.889","2026-08-26 23:59:22.889","13797147393","161667318","[PREMIUM]","[PREMIUM]","M114","6","_",,,4,"[4]",507,"Mezzanine",10,"Mobile Transfer ticket",1,"[PREMIUM]","[PREMIUM]","[PREMIUM]","[PREMIUM]",true,false,"['Clear view']","2026-08-24 22:58:07"
"13794880142","2026-08-26 23:59:22.841","2026-09-08 23:59:24.958","13794880142","161667318","[PREMIUM]","[PREMIUM]","207","16","_",,,2,"[1,2]",407,"Upper",10,"Mobile Transfer ticket",1,"[PREMIUM]","[PREMIUM]","[PREMIUM]","[PREMIUM]",true,false,"['Clear view']","2026-08-24 20:33:29"
"13794822939","2026-08-26 23:59:22.841","2026-09-08 23:59:24.958","13794822939","161667318","[PREMIUM]","[PREMIUM]","226","17","_",,,2,"[1,2]",407,"Upper",10,"Mobile Transfer ticket",1,"[PREMIUM]","[PREMIUM]","[PREMIUM]","[PREMIUM]",true,false,"['Clear view']","2026-08-24 20:29:18"
"13795372111","2026-08-26 23:59:22.841","2026-09-08 23:59:24.958","13795372111","161667318","[PREMIUM]","[PREMIUM]","221","17","_",,,2,"[1,2]",407,"Upper",10,"Mobile Transfer ticket",1,"[PREMIUM]","[PREMIUM]","[PREMIUM]","[PREMIUM]",true,false,"['Clear view']","2026-08-24 21:02:25"
"13795238816","2026-08-26 23:59:22.841","2026-09-06 23:57:06.222","13795238816","161667318","[PREMIUM]","[PREMIUM]","222","13","_",,,2,"[1,2]",407,"Upper",10,"Mobile Transfer ticket",1,"[PREMIUM]","[PREMIUM]","[PREMIUM]","[PREMIUM]",true,false,"['Clear view']","2026-08-24 20:55:03"
"13795856758","2026-08-26 23:59:22.841","2026-09-08 23:59:24.958","13795856758","161667318","[PREMIUM]","[PREMIUM]","211","17","_",,,2,"[1,2]",407,"Upper",10,"Mobile Transfer ticket",1,"[PREMIUM]","[PREMIUM]","[PREMIUM]","[PREMIUM]",true,false,"['Clear view']","2026-08-24 21:31:31"
"13795848709","2026-08-26 23:59:22.841","2026-09-08 23:59:24.958","13795848709","161667318","[PREMIUM]","[PREMIUM]","208","16","_",,,2,"[1,2]",407,"Upper",10,"Mobile Transfer ticket",1,"[PREMIUM]","[PREMIUM]","[PREMIUM]","[PREMIUM]",true,false,"['Clear view']","2026-08-24 21:31:11"
"13795571427","2026-08-26 23:59:22.749","2026-09-06 23:57:06.222","13795571427","161667318","[PREMIUM]","[PREMIUM]","225","12","_",,,2,"[1,2]",407,"Upper",10,"Mobile Transfer ticket",1,"[PREMIUM]","[PREMIUM]","[PREMIUM]","[PREMIUM]",true,false,"['Clear view']","2026-08-24 21:18:50"
"13796203007","2026-08-26 23:59:22.749","2026-09-01 23:55:42.478","13796203007","161667318","[PREMIUM]","[PREMIUM]","219",,"_",,,4,"[1,2,3,4]",407,"Upper",10,"Mobile Transfer ticket",1,"[PREMIUM]","[PREMIUM]","[PREMIUM]","[PREMIUM]",true,true,"['Clear view']","2026-08-24 21:56:59"
"13822943640","2026-08-26 23:59:22.749","2026-08-26 23:59:22.749","13822943640","161667318","[PREMIUM]","[PREMIUM]","M118","11","13_16","13",,4,"[1,2,4]",507,"Mezzanine",10,"Mobile Transfer ticket",1,"[PREMIUM]","[PREMIUM]","[PREMIUM]","[PREMIUM]",true,false,"['Clear view']","2026-08-26 22:38:59"
"13822952541","2026-08-26 23:59:22.749","2026-08-26 23:59:22.749","13822952541","161667318","[PREMIUM]","[PREMIUM]","M117","11","15_20","15",,6,"[1,2,3,4,6]",507,"Mezzanine",10,"Mobile Transfer ticket",1,"[PREMIUM]","[PREMIUM]","[PREMIUM]","[PREMIUM]",true,false,"['Clear view']","2026-08-26 22:41:52"
"13822964995","2026-08-26 23:59:22.725","2026-08-26 23:59:22.725","13822964995","161667318","[PREMIUM]","[PREMIUM]","M105","4","1_4","1",,4,"[1,2,4]",507,"Mezzanine",10,"Mobile Transfer ticket",1,"[PREMIUM]","[PREMIUM]","[PREMIUM]","[PREMIUM]",true,false,"['Second Row of Section','Clear view']","2026-08-26 22:42:46"
"13822951682","2026-08-26 23:59:22.725","2026-08-26 23:59:22.725","13822951682","161667318","[PREMIUM]","[PREMIUM]","M118","5","3_7","3",,5,"[1,2,3,5]",507,"Mezzanine",10,"Mobile Transfer ticket",1,"[PREMIUM]","[PREMIUM]","[PREMIUM]","[PREMIUM]",true,false,"['Third Row of Section','Clear view']","2026-08-26 22:41:50"
"13794351789","2026-08-26 23:59:22.715","2026-09-08 00:04:49.907","13794351789","161667318","[PREMIUM]","[PREMIUM]","115","14","1_4","1","4",4,"[1,2,4]",594,"Lower",10,"Mobile Transfer ticket",1,"[PREMIUM]","[PREMIUM]","[PREMIUM]","[PREMIUM]",true,false,"['Clear view']","2026-08-24 19:38:27"
"13794380910","2026-08-26 23:59:22.715","2026-09-08 23:59:23.334","13794380910","161667318","[PREMIUM]","[PREMIUM]","113","14","9_10","9","10",2,"[2]",594,"Lower",10,"Mobile Transfer ticket",1,"[PREMIUM]","[PREMIUM]","[PREMIUM]","[PREMIUM]",true,false,"['Clear view']","2026-08-24 19:40:14"
"13820510951","2026-08-26 23:59:22.715","2026-08-26 23:59:22.715","13820510951","161667318","[PREMIUM]","[PREMIUM]","126","14","1_4","1",,4,"[1,2,4]",594,"Lower",10,"Mobile Transfer ticket",1,"[PREMIUM]","[PREMIUM]","[PREMIUM]","[PREMIUM]",true,false,"['Clear view']","2026-08-26 18:23:55"
"13821296852","2026-08-26 23:59:22.715","2026-08-27 23:27:52.660","13821296852","161667318","[PREMIUM]","[PREMIUM]","206","2","_",,,2,"[2]",407,"Upper",10,"Mobile Transfer ticket",1,"[PREMIUM]","[PREMIUM]","[PREMIUM]","[PREMIUM]",true,false,"['Second Row of Section','Clear view']","2026-08-26 19:33:05"
"13821296847","2026-08-26 23:59:22.715","2026-08-27 23:27:52.660","13821296847","161667318","[PREMIUM]","[PREMIUM]","206","3","_",,,3,"[1,3]",407,"Upper",10,"Mobile Transfer ticket",1,"[PREMIUM]","[PREMIUM]","[PREMIUM]","[PREMIUM]",true,false,"['Third Row of Section','Clear view']","2026-08-26 19:33:05"
"13794944137","2026-08-26 23:59:22.522","2026-09-06 23:57:04.173","13794944137","161667318","[PREMIUM]","[PREMIUM]","220","17","_",,,2,"[1,2]",407,"Upper",10,"Mobile Transfer ticket",1,"[PREMIUM]","[PREMIUM]","[PREMIUM]","[PREMIUM]",true,false,"['Clear view']","2026-08-24 20:37:48"
"13821297059","2026-08-26 23:59:22.522","2026-08-27 23:27:52.614","13821297059","161667318","[PREMIUM]","[PREMIUM]","204","2","_",,,2,"[2]",407,"Upper",10,"Mobile Transfer ticket",1,"[PREMIUM]","[PREMIUM]","[PREMIUM]","[PREMIUM]",true,false,"['Second Row of Section','Clear view']","2026-08-26 19:33:05"
"13822126709","2026-08-26 23:59:22.522","2026-08-26 23:59:22.522","13822126709","161667318","[PREMIUM]","[PREMIUM]","208","2","3_6","3",,4,"[1,2,4]",407,"Upper",10,"Mobile Transfer ticket",1,"[PREMIUM]","[PREMIUM]","[PREMIUM]","[PREMIUM]",true,false,"['Second Row of Section','Clear view']","2026-08-26 20:57:41"
"13821300301","2026-08-26 23:59:22.457","2026-08-29 23:57:59.363","13821300301","161667318","[PREMIUM]","[PREMIUM]","218","2","_",,,2,"[2]",407,"Upper",10,"Mobile Transfer ticket",1,"[PREMIUM]","[PREMIUM]","[PREMIUM]","[PREMIUM]",true,false,"['Second Row of Section','Clear view']","2026-08-26 19:33:16"
"13821299899","2026-08-26 23:59:22.457","2026-08-28 23:53:39.807","13821299899","161667318","[PREMIUM]","[PREMIUM]","229","2","_",,,2,"[2]",407,"Upper",10,"Mobile Transfer ticket",1,"[PREMIUM]","[PREMIUM]","[PREMIUM]","[PREMIUM]",true,false,"['Second Row of Section','Clear view']","2026-08-26 19:33:15"
"13821299890","2026-08-26 23:59:22.457","2026-08-29 23:57:59.363","13821299890","161667318","[PREMIUM]","[PREMIUM]","229","3","_",,,2,"[2]",407,"Upper",10,"Mobile Transfer ticket",1,"[PREMIUM]","[PREMIUM]","[PREMIUM]","[PREMIUM]",true,false,"['Third Row of Section','Clear view']","2026-08-26 19:33:15"
"13821299756","2026-08-26 23:59:22.457","2026-08-27 23:27:51.766","13821299756","161667318","[PREMIUM]","[PREMIUM]","231","1","_",,,1,"[1]",407,"Upper",10,"Mobile Transfer ticket",1,"[PREMIUM]","[PREMIUM]","[PREMIUM]","[PREMIUM]",false,false,"['Front Row of Section','Clear view']","2026-08-26 19:33:15"
"13821296891","2026-08-26 23:59:22.457","2026-08-27 23:27:51.633","13821296891","161667318","[PREMIUM]","[PREMIUM]","205","2","_",,,2,"[2]",407,"Upper",10,"Mobile Transfer ticket",1,"[PREMIUM]","[PREMIUM]","[PREMIUM]","[PREMIUM]",true,false,"['Second Row of Section','Clear view']","2026-08-26 19:33:05"
"13822942920","2026-08-26 23:59:22.449","2026-08-26 23:59:22.449","13822942920","161667318","[PREMIUM]","[PREMIUM]","M101","6","5_12","5",,8,"[1,2,3,4,5,6,8]",507,"Mezzanine",10,"Mobile Transfer ticket",1,"[PREMIUM]","[PREMIUM]","[PREMIUM]","[PREMIUM]",true,false,"['Clear view']","2026-08-26 22:38:53"
"13821299835","2026-08-26 23:59:22.444","2026-08-27 23:27:52.574","13821299835","161667318","[PREMIUM]","[PREMIUM]","230","1","_",,,2,"[2]",407,"Upper",10,"Mobile Transfer ticket",1,"[PREMIUM]","[PREMIUM]","[PREMIUM]","[PREMIUM]",true,false,"['Front Row of Section','Clear view']","2026-08-26 19:33:15"
"13821296905","2026-08-26 23:59:22.444","2026-08-27 23:27:52.574","13821296905","161667318","[PREMIUM]","[PREMIUM]","205","1","_",,,3,"[1,3]",407,"Upper",10,"Mobile Transfer ticket",1,"[PREMIUM]","[PREMIUM]","[PREMIUM]","[PREMIUM]",true,false,"['Front Row of Section','Clear view']","2026-08-26 19:33:05"
"13821295316","2026-08-26 23:59:22.444","2026-08-26 23:59:22.444","13821295316","161667318","[PREMIUM]","[PREMIUM]","201","1","_",,,2,"[2]",407,"Upper",10,"Mobile Transfer ticket",1,"[PREMIUM]","[PREMIUM]","[PREMIUM]","[PREMIUM]",true,false,"['Front Row of Section','Clear view']","2026-08-26 19:32:59"
"13821295282","2026-08-26 23:59:22.444","2026-08-29 23:57:59.228","13821295282","161667318","[PREMIUM]","[PREMIUM]","207","4","_",,,7,"[1,2,3,4,5,7]",407,"Upper",10,"Mobile Transfer ticket",1,"[PREMIUM]","[PREMIUM]","[PREMIUM]","[PREMIUM]",true,false,"['Clear view']","2026-08-26 19:32:59"
"13798854285","2026-08-26 23:59:22.379","2026-09-08 00:04:38.655","13798854285","161666868","[PREMIUM]","[PREMIUM]","124","15","_",,,4,"[1,2,4]",1687,"Lower Level",10,"Mobile Transfer ticket",1,"[PREMIUM]","[PREMIUM]","[PREMIUM]","[PREMIUM]",true,false,"['Clear view']","2026-08-25 01:18:33"
"13823454308","2026-08-26 23:59:22.171","2026-09-03 23:59:38.069","13823454308","161667301","[PREMIUM]","[PREMIUM]","M105","5","_",,,2,"[2]",507,"Mezzanine",10,"Mobile Transfer ticket",1,"[PREMIUM]","[PREMIUM]","[PREMIUM]","[PREMIUM]",true,false,"['Third Row of Section','Clear view']","2026-08-26 23:24:29"
"13823454044","2026-08-26 23:59:22.171","2026-09-05 23:59:06.529","13823454044","161667301","[PREMIUM]","[PREMIUM]","103","11","_",,,2,"[2]",594,"Lower",10,"Mobile Transfer ticket",1,"[PREMIUM]","[PREMIUM]","[PREMIUM]","[PREMIUM]",true,false,"['Clear view']","2026-08-26 23:24:28"
"13821290817","2026-08-26 23:59:22.156","2026-08-26 23:59:22.156","13821290817","161667299","[PREMIUM]","[PREMIUM]","108","13","_",,,10,"[1,2,3,4,5,6,7,8,10]",594,"Lower",10,"Mobile Transfer ticket",1,"[PREMIUM]","[PREMIUM]","[PREMIUM]","[PREMIUM]",true,false,"['Clear view']","2026-08-26 19:32:40"
"13821288955","2026-08-26 23:59:22.156","2026-08-26 23:59:22.156","13821288955","161667299","[PREMIUM]","[PREMIUM]","105","1","_",,,2,"[2]",594,"Lower",10,"Mobile Transfer ticket",1,"[PREMIUM]","[PREMIUM]","[PREMIUM]","[PREMIUM]",true,false,"['Front Row of Section','Clear view']","2026-08-26 19:32:33"
"13822964914","2026-08-26 23:59:22.156","2026-08-26 23:59:22.156","13822964914","161667299","[PREMIUM]","[PREMIUM]","F13","3","11_12","11",,2,"[2]",682,"Floor",10,"Mobile Transfer ticket",1,"[PREMIUM]","[PREMIUM]","[PREMIUM]","[PREMIUM]",true,false,"['Clear view']","2026-08-26 22:42:46"
"13812855788","2026-08-26 23:59:21.902","2026-08-26 23:59:21.902","13812855788","161667299","[PREMIUM]","[PREMIUM]","F13","6","5_8","5",,4,"[1,2,4]",682,"Floor",10,"Mobile Transfer ticket",1,"[PREMIUM]","[PREMIUM]","[PREMIUM]","[PREMIUM]",true,false,"['Clear view']","2026-08-26 01:37:28"
"13821296472","2026-08-26 23:59:21.902","2026-08-29 23:57:51.733","13821296472","161667299","[PREMIUM]","[PREMIUM]","A3","5","_",,,4,"[1,2,4]",1201,"Arena",10,"Mobile Transfer ticket",1,"[PREMIUM]","[PREMIUM]","[PREMIUM]","[PREMIUM]",true,false,"['Clear view']","2026-08-26 19:33:03"
"13821296467","2026-08-26 23:59:21.902","2026-08-29 23:57:51.733","13821296467","161667299","[PREMIUM]","[PREMIUM]","A2","4","_",,,4,"[1,2,4]",1201,"Arena",10,"Mobile Transfer ticket",1,"[PREMIUM]","[PREMIUM]","[PREMIUM]","[PREMIUM]",true,false,"['Clear view']","2026-08-26 19:33:03"
"13821288938","2026-08-26 23:59:21.902","2026-08-26 23:59:21.902","13821288938","161667299","[PREMIUM]","[PREMIUM]","113","1","_",,,2,"[2]",594,"Lower",10,"Mobile Transfer ticket",1,"[PREMIUM]","[PREMIUM]","[PREMIUM]","[PREMIUM]",true,false,"['Front Row of Section','Clear view']","2026-08-26 19:32:33"
"13820571778","2026-08-26 23:59:21.896","2026-09-08 23:59:18.427","13820571778","161658858","[PREMIUM]","[PREMIUM]","2","13","9001_9002","9001",,2,"[2]",1427,"Risers",10,"Mobile Transfer ticket",1,"[PREMIUM]","[PREMIUM]","[PREMIUM]","[PREMIUM]",true,false,"['Clear view']","2026-08-26 18:29:22"
"13820572030","2026-08-26 23:59:21.896","2026-09-03 23:59:48.309","13820572030","161658858","[PREMIUM]","[PREMIUM]","115","15","9001_9002","9001",,2,"[2]",3788,"100 Level",10,"Mobile Transfer ticket",1,"[PREMIUM]","[PREMIUM]","[PREMIUM]","[PREMIUM]",true,false,"['Clear view']","2026-08-26 18:29:23"
"13820570996","2026-08-26 23:59:21.884","2026-09-06 23:57:05.223","13820570996","161658858","[PREMIUM]","[PREMIUM]","2","11","9001_9002","9001",,2,"[2]",1427,"Risers",10,"Mobile Transfer ticket",1,"[PREMIUM]","[PREMIUM]","[PREMIUM]","[PREMIUM]",true,false,"['Clear view']","2026-08-26 18:29:19"
"13820571709","2026-08-26 23:59:21.609","2026-09-08 23:59:20.930","13820571709","161658858","[PREMIUM]","[PREMIUM]","111","12","9001_9002","9001",,2,"[2]",3788,"100 Level",10,"Mobile Transfer ticket",1,"[PREMIUM]","[PREMIUM]","[PREMIUM]","[PREMIUM]",true,false,"['Clear view']","2026-08-26 18:29:22"
"13820572011","2026-08-26 23:59:21.609","2026-09-04 23:58:39.536","13820572011","161658858","[PREMIUM]","[PREMIUM]","115","19","9001_9002","9001",,2,"[2]",3788,"100 Level",10,"Mobile Transfer ticket",1,"[PREMIUM]","[PREMIUM]","[PREMIUM]","[PREMIUM]",true,false,"['Clear view']","2026-08-26 18:29:23"
"13800269859","2026-08-26 23:59:21.589","2026-08-31 23:52:19.824","13800269859","161658858","[PREMIUM]","[PREMIUM]","106","19","_",,,4,"[1,2,4]",8186,"Club Silver",10,"Mobile Transfer ticket",1,"[PREMIUM]","[PREMIUM]","[PREMIUM]","[PREMIUM]",true,false,"['Clear view']","2026-08-25 03:36:28"
"13806402897","2026-08-26 23:59:21.539","2026-09-04 23:58:40.175","13806402897","161658858","[PREMIUM]","[PREMIUM]","105","8","3_4","3","4",2,"[2]",8186,"Club Silver",10,"Mobile Transfer ticket",1,"[PREMIUM]","[PREMIUM]","[PREMIUM]","[PREMIUM]",true,false,"['Premium Entrance','In-Seat Wait Service','Clear view']","2026-08-25 15:24:42"
"13820571845","2026-08-26 23:59:21.383","2026-09-08 00:04:35.116","13820571845","161658858","[PREMIUM]","[PREMIUM]","115","12","9001_9002","9001",,2,"[2]",3788,"100 Level",10,"Mobile Transfer ticket",1,"[PREMIUM]","[PREMIUM]","[PREMIUM]","[PREMIUM]",true,false,"['Clear view']","2026-08-26 18:29:22"
"13822182616","2026-08-26 23:59:21.383","2026-09-08 23:59:18.486","13822182616","161658858","[PREMIUM]","[PREMIUM]","117","21","_",,,3,"[1,3]",8186,"Club Silver",10,"Mobile Transfer ticket",1,"[PREMIUM]","[PREMIUM]","[PREMIUM]","[PREMIUM]",true,false,"['Clear view']","2026-08-26 21:03:34"
"13815741674","2026-08-26 23:59:21.309","2026-08-26 23:59:21.309","13815741674","161666868","[PREMIUM]","[PREMIUM]","309","3","9001_9002","9001",,2,"[2]",1713,"Middle Level",10,"Mobile Transfer ticket",13,"[PREMIUM]","[PREMIUM]","[PREMIUM]","[PREMIUM]",true,false,"['Third Row of Section','Clear view']","2026-08-26 08:08:36"
"13798854500","2026-08-26 23:59:21.104","2026-09-08 00:04:36.681","13798854500","161666868","[PREMIUM]","[PREMIUM]","124","20","_",,,8,"[1,2,3,4,5,6,8]",1687,"Lower Level",10,"Mobile Transfer ticket",1,"[PREMIUM]","[PREMIUM]","[PREMIUM]","[PREMIUM]",true,false,"['Clear view']","2026-08-25 01:18:34"
"13823496574","2026-08-26 23:59:21.024","2026-09-06 23:57:03.514","13823496574","161666868","[PREMIUM]","[PREMIUM]","113","20","1_2","1",,2,"[2]",1687,"Lower Level",10,"Mobile Transfer ticket",1,"[PREMIUM]","[PREMIUM]","[PREMIUM]","[PREMIUM]",true,false,"['Aisle seat','Clear view']","2026-08-26 23:27:13"
"13793509443","2026-08-26 23:59:20.826","2026-09-02 23:47:11.491","13793509443","161666868","[PREMIUM]","[PREMIUM]","110","29","_",,,6,"[1,2,3,4,6]",1687,"Lower Level",10,"Mobile Transfer ticket",1,"[PREMIUM]","[PREMIUM]","[PREMIUM]","[PREMIUM]",true,false,"['Clear view']","2026-08-24 18:25:51"
"13793509527","2026-08-26 23:59:20.826","2026-08-27 23:27:40.391","13793509527","161666868","[PREMIUM]","[PREMIUM]","111","27","_",,,10,"[1,2,3,4,5,6,7,8,10]",1687,"Lower Level",10,"Mobile Transfer ticket",1,"[PREMIUM]","[PREMIUM]","[PREMIUM]","[PREMIUM]",true,false,"['Clear view']","2026-08-24 18:25:52"
"13795140010","2026-08-26 23:59:20.650","2026-09-08 00:04:41.755","13795140010","161667318","[PREMIUM]","[PREMIUM]","204","17","_",,,2,"[1,2]",407,"Upper",10,"Mobile Transfer ticket",1,"[PREMIUM]","[PREMIUM]","[PREMIUM]","[PREMIUM]",true,false,"['Clear view']","2026-08-24 20:48:19"
"13794954461","2026-08-26 23:59:20.650","2026-09-08 00:04:41.755","13794954461","161667318","[PREMIUM]","[PREMIUM]","218","15","_",,,2,"[1,2]",407,"Upper",10,"Mobile Transfer ticket",1,"[PREMIUM]","[PREMIUM]","[PREMIUM]","[PREMIUM]",true,false,"['Clear view']","2026-08-24 20:38:18"
"13795323073","2026-08-26 23:59:20.650","2026-09-05 23:59:15.880","13795323073","161667318","[PREMIUM]","[PREMIUM]","216","17","_",,,2,"[1,2]",407,"Upper",10,"Mobile Transfer ticket",1,"[PREMIUM]","[PREMIUM]","[PREMIUM]","[PREMIUM]",true,false,"['Clear view']","2026-08-24 20:59:27"
"13795516529","2026-08-26 23:59:20.650","2026-09-08 23:59:22.839","13795516529","161667318","[PREMIUM]","[PREMIUM]","215","17","_",,,2,"[1,2]",407,"Upper",10,"Mobile Transfer ticket",1,"[PREMIUM]","[PREMIUM]","[PREMIUM]","[PREMIUM]",true,false,"['Clear view']","2026-08-24 21:15:56"
"13795793173","2026-08-26 23:59:20.650","2026-09-05 23:59:15.880","13795793173","161667318","[PREMIUM]","[PREMIUM]","203","17","_",,,2,"[1,2]",407,"Upper",10,"Mobile Transfer ticket",1,"[PREMIUM]","[PREMIUM]","[PREMIUM]","[PREMIUM]",true,false,"['Clear view']","2026-08-24 21:28:48"
"13796094601","2026-08-26 23:59:20.650","2026-09-08 00:04:41.755","13796094601","161667318","[PREMIUM]","[PREMIUM]","230","17","_",,,2,"[1,2]",407,"Upper",10,"Mobile Transfer ticket",1,"[PREMIUM]","[PREMIUM]","[PREMIUM]","[PREMIUM]",true,false,"['Clear view']","2026-08-24 21:47:33"
"13821295255","2026-08-26 23:59:20.560","2026-08-27 23:27:50.135","13821295255","161667318","[PREMIUM]","[PREMIUM]","228","7","_",,,2,"[2]",407,"Upper",10,"Mobile Transfer ticket",1,"[PREMIUM]","[PREMIUM]","[PREMIUM]","[PREMIUM]",true,false,"['Clear view']","2026-08-26 19:32:59"
"13821295248","2026-08-26 23:59:20.560","2026-08-27 23:27:50.214","13821295248","161667318","[PREMIUM]","[PREMIUM]","212","4","_",,,2,"[2]",407,"Upper",10,"Mobile Transfer ticket",1,"[PREMIUM]","[PREMIUM]","[PREMIUM]","[PREMIUM]",true,false,"['Clear view']","2026-08-26 19:32:59"
"13822975726","2026-08-26 23:59:20.560","2026-08-26 23:59:20.560","13822975726","161667318","[PREMIUM]","[PREMIUM]","224","11","1_2","1",,2,"[2]",407,"Upper",10,"Mobile Transfer ticket",1,"[PREMIUM]","[PREMIUM]","[PREMIUM]","[PREMIUM]",true,false,"['Clear view']","2026-08-26 22:43:39"
"13818129329","2026-08-26 23:59:20.426","2026-08-26 23:59:20.426","13818129329","161667318","[PREMIUM]","[PREMIUM]","209","2","12_13","12",,2,"[2]",407,"Upper",10,"Mobile Transfer ticket",1,"[PREMIUM]","[PREMIUM]","[PREMIUM]","[PREMIUM]",true,false,"['Second Row of Section','Clear view']","2026-08-26 14:03:26"
"13821300090","2026-08-26 23:59:20.426","2026-08-26 23:59:20.426","13821300090","161667318","[PREMIUM]","[PREMIUM]","224","4","_",,,2,"[2]",407,"Upper",10,"Mobile Transfer ticket",1,"[PREMIUM]","[PREMIUM]","[PREMIUM]","[PREMIUM]",true,false,"['Clear view']","2026-08-26 19:33:15"
"13821300141","2026-08-26 23:59:20.393","2026-08-27 23:27:58.446","13821300141","161667318","[PREMIUM]","[PREMIUM]","222","12","_",,,4,"[1,2,4]",407,"Upper",10,"Mobile Transfer ticket",1,"[PREMIUM]","[PREMIUM]","[PREMIUM]","[PREMIUM]",true,false,"['Clear view']","2026-08-26 19:33:16"
"13821300137","2026-08-26 23:59:20.393","2026-08-26 23:59:20.393","13821300137","161667318","[PREMIUM]","[PREMIUM]","222","11","_",,,4,"[1,2,4]",407,"Upper",10,"Mobile Transfer ticket",1,"[PREMIUM]","[PREMIUM]","[PREMIUM]","[PREMIUM]",true,false,"['Clear view']","2026-08-26 19:33:16"
"13821300123","2026-08-26 23:59:20.393","2026-08-27 23:27:58.446","13821300123","161667318","[PREMIUM]","[PREMIUM]","222","14","_",,,5,"[1,2,3,5]",407,"Upper",10,"Mobile Transfer ticket",1,"[PREMIUM]","[PREMIUM]","[PREMIUM]","[PREMIUM]",true,false,"['Clear view']","2026-08-26 19:33:16"
"13821300114","2026-08-26 23:59:20.393","2026-08-27 23:27:58.446","13821300114","161667318","[PREMIUM]","[PREMIUM]","222","13","_",,,4,"[1,2,4]",407,"Upper",10,"Mobile Transfer ticket",1,"[PREMIUM]","[PREMIUM]","[PREMIUM]","[PREMIUM]",true,false,"['Clear view']","2026-08-26 19:33:16"
"13821300111","2026-08-26 23:59:20.393","2026-08-27 23:27:58.446","13821300111","161667318","[PREMIUM]","[PREMIUM]","222","15","_",,,3,"[1,3]",407,"Upper",10,"Mobile Transfer ticket",1,"[PREMIUM]","[PREMIUM]","[PREMIUM]","[PREMIUM]",true,false,"['Clear view']","2026-08-26 19:33:16"
"13821300101","2026-08-26 23:59:20.393","2026-08-27 23:27:58.446","13821300101","161667318","[PREMIUM]","[PREMIUM]","222","16","_",,,3,"[1,3]",407,"Upper",10,"Mobile Transfer ticket",1,"[PREMIUM]","[PREMIUM]","[PREMIUM]","[PREMIUM]",true,false,"['Clear view']","2026-08-26 19:33:16"
"13821300211","2026-08-26 23:59:20.389","2026-08-29 23:57:56.391","13821300211","161667318","[PREMIUM]","[PREMIUM]","221","4","_",,,1,"[1]",407,"Upper",10,"Mobile Transfer ticket",1,"[PREMIUM]","[PREMIUM]","[PREMIUM]","[PREMIUM]",false,false,"['Clear view']","2026-08-26 19:33:16"
"13821300194","2026-08-26 23:59:20.389","2026-08-26 23:59:20.389","13821300194","161667318","[PREMIUM]","[PREMIUM]","221","11","_",,,2,"[2]",407,"Upper",10,"Mobile Transfer ticket",1,"[PREMIUM]","[PREMIUM]","[PREMIUM]","[PREMIUM]",true,false,"['Clear view']","2026-08-26 19:33:16"
"13821295264","2026-08-26 23:59:20.389","2026-08-27 23:27:50.513","13821295264","161667318","[PREMIUM]","[PREMIUM]","219","6","_",,,2,"[2]",407,"Upper",10,"Mobile Transfer ticket",1,"[PREMIUM]","[PREMIUM]","[PREMIUM]","[PREMIUM]",true,false,"['Clear view']","2026-08-26 19:32:59"
"13821295310","2026-08-26 23:59:20.231","2026-08-26 23:59:20.231","13821295310","161667318","[PREMIUM]","[PREMIUM]","224","9","_",,,2,"[2]",407,"Upper",10,"Mobile Transfer ticket",1,"[PREMIUM]","[PREMIUM]","[PREMIUM]","[PREMIUM]",true,false,"['Clear view']","2026-08-26 19:32:59"
"13822943648","2026-08-26 23:59:20.231","2026-08-26 23:59:20.231","13822943648","161667318","[PREMIUM]","[PREMIUM]","210","9","3_6","3",,4,"[1,2,4]",407,"Upper",10,"Mobile Transfer ticket",1,"[PREMIUM]","[PREMIUM]","[PREMIUM]","[PREMIUM]",true,false,"['Clear view']","2026-08-26 22:38:59"
"13821299762","2026-08-26 23:59:20.074","2026-08-27 23:27:50.345","13821299762","161667318","[PREMIUM]","[PREMIUM]","231","9","_",,,2,"[2]",407,"Upper",10,"Mobile Transfer ticket",1,"[PREMIUM]","[PREMIUM]","[PREMIUM]","[PREMIUM]",true,false,"['Clear view']","2026-08-26 19:33:15"
"13822952006","2026-08-26 23:59:20.074","2026-08-26 23:59:20.074","13822952006","161667318","[PREMIUM]","[PREMIUM]","218","6","5_6","5",,2,"[2]",407,"Upper",10,"Mobile Transfer ticket",1,"[PREMIUM]","[PREMIUM]","[PREMIUM]","[PREMIUM]",true,false,"['Clear view']","2026-08-26 22:41:51"
"13822975994","2026-08-26 23:59:20.049","2026-08-26 23:59:20.049","13822975994","161667318","[PREMIUM]","[PREMIUM]","230","7","5_6","5",,2,"[2]",407,"Upper",10,"Mobile Transfer ticket",1,"[PREMIUM]","[PREMIUM]","[PREMIUM]","[PREMIUM]",true,false,"['Clear view']","2026-08-26 22:43:40"
"13822953250","2026-08-26 23:59:20.049","2026-08-26 23:59:20.049","13822953250","161667318","[PREMIUM]","[PREMIUM]","218","8","11_13","11",,3,"[1,3]",407,"Upper",10,"Mobile Transfer ticket",1,"[PREMIUM]","[PREMIUM]","[PREMIUM]","[PREMIUM]",true,false,"['Clear view']","2026-08-26 22:41:56"
"13821300339","2026-08-26 23:59:19.954","2026-08-29 23:57:56.131","13821300339","161667318","[PREMIUM]","[PREMIUM]","217","7","_",,,2,"[2]",407,"Upper",10,"Mobile Transfer ticket",1,"[PREMIUM]","[PREMIUM]","[PREMIUM]","[PREMIUM]",true,false,"['Clear view']","2026-08-26 19:33:16"
"13821299953","2026-08-26 23:59:19.954","2026-08-27 23:27:50.559","13821299953","161667318","[PREMIUM]","[PREMIUM]","228","8","_",,,2,"[2]",407,"Upper",10,"Mobile Transfer ticket",1,"[PREMIUM]","[PREMIUM]","[PREMIUM]","[PREMIUM]",true,false,"['Clear view']","2026-08-26 19:33:15"
"13821299952","2026-08-26 23:59:19.954","2026-08-27 23:27:50.559","13821299952","161667318","[PREMIUM]","[PREMIUM]","228","10","_",,,6,"[1,2,3,4,6]",407,"Upper",10,"Mobile Transfer ticket",1,"[PREMIUM]","[PREMIUM]","[PREMIUM]","[PREMIUM]",true,false,"['Clear view']","2026-08-26 19:33:15"
"13821299888","2026-08-26 23:59:19.954","2026-08-29 23:57:56.131","13821299888","161667318","[PREMIUM]","[PREMIUM]","229","5","_",,,2,"[2]",407,"Upper",10,"Mobile Transfer ticket",1,"[PREMIUM]","[PREMIUM]","[PREMIUM]","[PREMIUM]",true,false,"['Clear view']","2026-08-26 19:33:15"
"13821297139","2026-08-26 23:59:19.954","2026-08-27 23:27:50.118","13821297139","161667318","[PREMIUM]","[PREMIUM]","203","5","_",,,2,"[2]",407,"Upper",10,"Mobile Transfer ticket",1,"[PREMIUM]","[PREMIUM]","[PREMIUM]","[PREMIUM]",true,false,"['Clear view']","2026-08-26 19:33:06"
"13820510949","2026-08-26 23:59:19.897","2026-08-26 23:59:19.897","13820510949","161667318","[PREMIUM]","[PREMIUM]","221","12","1_4","1",,4,"[1,2,4]",407,"Upper",10,"Mobile Transfer ticket",1,"[PREMIUM]","[PREMIUM]","[PREMIUM]","[PREMIUM]",true,false,"['Clear view']","2026-08-26 18:23:55"
"13822944105","2026-08-26 23:59:19.897","2026-08-26 23:59:19.897","13822944105","161667318","[PREMIUM]","[PREMIUM]","208","12","5_8","5",,4,"[1,2,4]",407,"Upper",10,"Mobile Transfer ticket",1,"[PREMIUM]","[PREMIUM]","[PREMIUM]","[PREMIUM]",true,false,"['Clear view']","2026-08-26 22:39:04"
"13821299951","2026-08-26 23:59:19.831","2026-08-27 23:27:50.345","13821299951","161667318","[PREMIUM]","[PREMIUM]","228","11","_",,,4,"[1,2,4]",407,"Upper",10,"Mobile Transfer ticket",1,"[PREMIUM]","[PREMIUM]","[PREMIUM]","[PREMIUM]",true,false,"['Clear view']","2026-08-26 19:33:15"
"13821299934","2026-08-26 23:59:19.831","2026-08-27 23:27:49.916","13821299934","161667318","[PREMIUM]","[PREMIUM]","228","12","_",,,4,"[1,2,4]",407,"Upper",10,"Mobile Transfer ticket",1,"[PREMIUM]","[PREMIUM]","[PREMIUM]","[PREMIUM]",true,false,"['Clear view']","2026-08-26 19:33:15"
"13821299927","2026-08-26 23:59:19.831","2026-08-26 23:59:19.831","13821299927","161667318","[PREMIUM]","[PREMIUM]","228","14","_",,,2,"[2]",407,"Upper",10,"Mobile Transfer ticket",1,"[PREMIUM]","[PREMIUM]","[PREMIUM]","[PREMIUM]",true,false,"['Clear view']","2026-08-26 19:33:15"
"13821299925","2026-08-26 23:59:19.831","2026-08-27 23:27:49.916","13821299925","161667318","[PREMIUM]","[PREMIUM]","228","13","_",,,5,"[1,2,3,5]",407,"Upper",10,"Mobile Transfer ticket",1,"[PREMIUM]","[PREMIUM]","[PREMIUM]","[PREMIUM]",true,false,"['Clear view']","2026-08-26 19:33:15"
"13821299908","2026-08-26 23:59:19.831","2026-08-27 23:27:49.916","13821299908","161667318","[PREMIUM]","[PREMIUM]","228","15","_",,,2,"[2]",407,"Upper",10,"Mobile Transfer ticket",1,"[PREMIUM]","[PREMIUM]","[PREMIUM]","[PREMIUM]",true,false,"['Clear view']","2026-08-26 19:33:15"
"13821299904","2026-08-26 23:59:19.831","2026-08-27 23:27:49.916","13821299904","161667318","[PREMIUM]","[PREMIUM]","228","16","_",,,4,"[1,2,4]",407,"Upper",10,"Mobile Transfer ticket",1,"[PREMIUM]","[PREMIUM]","[PREMIUM]","[PREMIUM]",true,false,"['Clear view']","2026-08-26 19:33:15"
"13822944295","2026-08-26 23:59:19.830","2026-08-26 23:59:19.830","13822944295","161667318","[PREMIUM]","[PREMIUM]","213","6","7_12","7",,6,"[1,2,3,4,6]",407,"Upper",10,"Mobile Transfer ticket",1,"[PREMIUM]","[PREMIUM]","[PREMIUM]","[PREMIUM]",true,false,"['Clear view']","2026-08-26 22:39:08"
"13822127049","2026-08-26 23:59:19.753","2026-08-26 23:59:19.753","13822127049","161667318","[PREMIUM]","[PREMIUM]","216","10","1_4","1",,4,"[1,2,4]",407,"Upper",10,"Mobile Transfer ticket",1,"[PREMIUM]","[PREMIUM]","[PREMIUM]","[PREMIUM]",true,false,"['Clear view']","2026-08-26 20:57:45"
"13822966205","2026-08-26 23:59:19.753","2026-08-26 23:59:19.753","13822966205","161667318","[PREMIUM]","[PREMIUM]","204","9","14_17","14",,4,"[1,2,4]",407,"Upper",10,"Mobile Transfer ticket",1,"[PREMIUM]","[PREMIUM]","[PREMIUM]","[PREMIUM]",true,false,"['Clear view']","2026-08-26 22:42:50"
"13821296458","2026-08-26 23:59:19.607","2026-08-29 23:57:51.733","13821296458","161667299","[PREMIUM]","[PREMIUM]","A2","5","_",,,4,"[1,2,4]",1201,"Arena",10,"Mobile Transfer ticket",1,"[PREMIUM]","[PREMIUM]","[PREMIUM]","[PREMIUM]",true,false,"['Clear view']","2026-08-26 19:33:03"
"13821296447","2026-08-26 23:59:19.607","2026-08-29 23:57:51.733","13821296447","161667299","[PREMIUM]","[PREMIUM]","A4","4","_",,,2,"[2]",1201,"Arena",10,"Mobile Transfer ticket",1,"[PREMIUM]","[PREMIUM]","[PREMIUM]","[PREMIUM]",true,false,"['Clear view']","2026-08-26 19:33:03"
"13821290816","2026-08-26 23:59:19.607","2026-08-26 23:59:19.607","13821290816","161667299","[PREMIUM]","[PREMIUM]","109","2","_",,,4,"[1,2,4]",594,"Lower",10,"Mobile Transfer ticket",1,"[PREMIUM]","[PREMIUM]","[PREMIUM]","[PREMIUM]",true,false,"['Second Row of Section','Clear view']","2026-08-26 19:32:40"
"13821290815","2026-08-26 23:59:19.607","2026-08-26 23:59:19.607","13821290815","161667299","[PREMIUM]","[PREMIUM]","109","1","_",,,4,"[1,2,4]",594,"Lower",10,"Mobile Transfer ticket",1,"[PREMIUM]","[PREMIUM]","[PREMIUM]","[PREMIUM]",true,false,"['Front Row of Section','Clear view']","2026-08-26 19:32:40"
"13668776331","2026-08-26 23:59:19.509","2026-08-31 23:52:17.646","13668776331","161667299","[PREMIUM]","[PREMIUM]","121",,"_",,,2,"[1,2]",594,"Lower",10,"Mobile Transfer ticket",1,"[PREMIUM]","[PREMIUM]","[PREMIUM]","[PREMIUM]",true,true,"['Clear view']","2026-08-14 02:57:53"
"13819001939","2026-08-26 23:59:19.509","2026-09-02 23:47:06.462","13819001939","161667299","[PREMIUM]","[PREMIUM]","C107","6","_",,,6,"[1,2,3,4,6]",1724,"Club",10,"Mobile Transfer ticket",1,"[PREMIUM]","[PREMIUM]","[PREMIUM]","[PREMIUM]",true,false,"['Clear view']","2026-08-26 15:55:04"
"13821292761","2026-08-26 23:59:19.509","2026-08-26 23:59:19.509","13821292761","161667299","[PREMIUM]","[PREMIUM]","C120","1","_",,,2,"[2]",1724,"Club",10,"Mobile Transfer ticket",1,"[PREMIUM]","[PREMIUM]","[PREMIUM]","[PREMIUM]",true,false,"['Front Row of Section','Clear view']","2026-08-26 19:32:49"
"13821296587","2026-08-26 23:59:19.427","2026-08-28 23:53:33.410","13821296587","161667299","[PREMIUM]","[PREMIUM]","224","1","_",,,2,"[2]",407,"Upper",10,"Mobile Transfer ticket",1,"[PREMIUM]","[PREMIUM]","[PREMIUM]","[PREMIUM]",true,false,"['Front Row of Section','Clear view']","2026-08-26 19:33:04"
"13821292818","2026-08-26 23:59:19.427","2026-08-26 23:59:19.427","13821292818","161667299","[PREMIUM]","[PREMIUM]","103","12","_",,,2,"[2]",594,"Lower",10,"Mobile Transfer ticket",1,"[PREMIUM]","[PREMIUM]","[PREMIUM]","[PREMIUM]",true,false,"['Clear view']","2026-08-26 19:32:49"
"13821295723","2026-08-26 23:59:19.425","2026-08-28 23:53:35.631","13821295723","161667299","[PREMIUM]","[PREMIUM]","C108","8","_",,,2,"[2]",1724,"Club",10,"Mobile Transfer ticket",1,"[PREMIUM]","[PREMIUM]","[PREMIUM]","[PREMIUM]",true,false,"['Clear view']","2026-08-26 19:33:00"
"13821295641","2026-08-26 23:59:19.425","2026-08-29 23:57:51.520","13821295641","161667299","[PREMIUM]","[PREMIUM]","C121","6","_",,,2,"[2]",1724,"Club",10,"Mobile Transfer ticket",1,"[PREMIUM]","[PREMIUM]","[PREMIUM]","[PREMIUM]",true,false,"['Clear view']","2026-08-26 19:33:00"
"13821295639","2026-08-26 23:59:19.425","2026-08-27 23:27:31.318","13821295639","161667299","[PREMIUM]","[PREMIUM]","C121","7","_",,,4,"[1,2,4]",1724,"Club",10,"Mobile Transfer ticket",1,"[PREMIUM]","[PREMIUM]","[PREMIUM]","[PREMIUM]",true,false,"['Clear view']","2026-08-26 19:33:00"
"13821292606","2026-08-26 23:59:19.425","2026-08-26 23:59:19.425","13821292606","161667299","[PREMIUM]","[PREMIUM]","104","14","_",,,3,"[1,3]",594,"Lower",10,"Mobile Transfer ticket",1,"[PREMIUM]","[PREMIUM]","[PREMIUM]","[PREMIUM]",true,false,"['Clear view']","2026-08-26 19:32:48"
"13821296398","2026-08-26 23:59:19.377","2026-08-29 23:57:51.520","13821296398","161667299","[PREMIUM]","[PREMIUM]","C107","7","_",,,2,"[2]",1724,"Club",10,"Mobile Transfer ticket",1,"[PREMIUM]","[PREMIUM]","[PREMIUM]","[PREMIUM]",true,false,"['Clear view']","2026-08-26 19:33:03"
"13821294344","2026-08-26 23:59:19.377","2026-08-26 23:59:19.377","13821294344","161667299","[PREMIUM]","[PREMIUM]","110","2","_",,,6,"[1,2,3,4,6]",594,"Lower",10,"Mobile Transfer ticket",1,"[PREMIUM]","[PREMIUM]","[PREMIUM]","[PREMIUM]",true,false,"['Limited or Obstructed View (printed on ticket)','Second Row of Section']","2026-08-26 19:32:55"
"13821294341","2026-08-26 23:59:19.377","2026-08-26 23:59:19.377","13821294341","161667299","[PREMIUM]","[PREMIUM]","110","3","_",,,7,"[1,2,3,4,5,7]",594,"Lower",10,"Mobile Transfer ticket",1,"[PREMIUM]","[PREMIUM]","[PREMIUM]","[PREMIUM]",true,false,"['Limited or Obstructed View (printed on ticket)','Third Row of Section']","2026-08-26 19:32:55"
"13821294297","2026-08-26 23:59:19.377","2026-08-28 23:53:35.132","13821294297","161667299","[PREMIUM]","[PREMIUM]","118","4","_",,,2,"[2]",594,"Lower",10,"Mobile Transfer ticket",1,"[PREMIUM]","[PREMIUM]","[PREMIUM]","[PREMIUM]",true,false,"['Clear view']","2026-08-26 19:32:55"
"13821292604","2026-08-26 23:59:19.377","2026-08-26 23:59:19.377","13821292604","161667299","[PREMIUM]","[PREMIUM]","126","1","_",,,2,"[2]",594,"Lower",10,"Mobile Transfer ticket",1,"[PREMIUM]","[PREMIUM]","[PREMIUM]","[PREMIUM]",true,false,"['Front Row of Section','Clear view']","2026-08-26 19:32:48"
"13794896905","2026-08-26 23:59:19.338","2026-09-06 23:57:00.528","13794896905","161667299","[PREMIUM]","[PREMIUM]","223",,"_",,,4,"[1,2,3,4]",407,"Upper",10,"Mobile Transfer ticket",1,"[PREMIUM]","[PREMIUM]","[PREMIUM]","[PREMIUM]",true,true,"['Clear view']","2026-08-24 20:34:20"
"13822942805","2026-08-26 23:59:19.338","2026-08-26 23:59:19.338","13822942805","161667299","[PREMIUM]","[PREMIUM]","C109","7","5_6","5",,2,"[2]",1724,"Club",10,"Mobile Transfer ticket",1,"[PREMIUM]","[PREMIUM]","[PREMIUM]","[PREMIUM]",true,false,"['Clear view']","2026-08-26 22:38:51"
"13821295627","2026-08-26 23:59:19.331","2026-08-28 23:53:33.902","13821295627","161667299","[PREMIUM]","[PREMIUM]","C122","6","_",,,1,"[1]",1724,"Club",10,"Mobile Transfer ticket",1,"[PREMIUM]","[PREMIUM]","[PREMIUM]","[PREMIUM]",false,false,"['Clear view']","2026-08-26 19:33:00"
"13821292825","2026-08-26 23:59:19.331","2026-08-26 23:59:19.331","13821292825","161667299","[PREMIUM]","[PREMIUM]","M117","8","_",,,2,"[2]",507,"Mezzanine",10,"Mobile Transfer ticket",1,"[PREMIUM]","[PREMIUM]","[PREMIUM]","[PREMIUM]",true,false,"['Clear view']","2026-08-26 19:32:49"
"13821292605","2026-08-26 23:59:19.331","2026-08-26 23:59:19.331","13821292605","161667299","[PREMIUM]","[PREMIUM]","C122","5","_",,,2,"[2]",1724,"Club",10,"Mobile Transfer ticket",1,"[PREMIUM]","[PREMIUM]","[PREMIUM]","[PREMIUM]",true,false,"['Clear view']","2026-08-26 19:32:48"
"13821579267","2026-08-26 23:59:19.331","2026-08-26 23:59:19.331","13821579267","161667299","[PREMIUM]","[PREMIUM]","109","10","11_14","11",,4,"[1,2,4]",594,"Lower",10,"Mobile Transfer ticket",1,"[PREMIUM]","[PREMIUM]","[PREMIUM]","[PREMIUM]",true,false,"['Clear view']","2026-08-26 19:59:38"
"13821292639","2026-08-26 23:59:19.197","2026-08-26 23:59:19.197","13821292639","161667299","[PREMIUM]","[PREMIUM]","111","13","_",,,3,"[1,3]",594,"Lower",10,"Mobile Transfer ticket",1,"[PREMIUM]","[PREMIUM]","[PREMIUM]","[PREMIUM]",true,false,"['Clear view']","2026-08-26 19:32:49"
"13822953217","2026-08-26 23:59:19.197","2026-08-26 23:59:22.175","13822953217","161667299","[PREMIUM]","[PREMIUM]","105","4","7_11","7",,5,"[1,2,3,5]",594,"Lower",10,"Mobile Transfer ticket",1,"[PREMIUM]","[PREMIUM]","[PREMIUM]","[PREMIUM]",true,false,"['Clear view']","2026-08-26 22:41:56"
"13795383069","2026-08-26 23:59:19.147","2026-09-05 23:59:03.204","13795383069","161667299","[PREMIUM]","[PREMIUM]","225",,"_",,,4,"[1,2,3,4]",407,"Upper",10,"Mobile Transfer ticket",1,"[PREMIUM]","[PREMIUM]","[PREMIUM]","[PREMIUM]",true,true,"['Clear view']","2026-08-24 21:03:14"
"13822942835","2026-08-26 23:59:19.147","2026-08-26 23:59:19.147","13822942835","161667299","[PREMIUM]","[PREMIUM]","118","12","1_4","1",,4,"[1,2,4]",594,"Lower",10,"Mobile Transfer ticket",1,"[PREMIUM]","[PREMIUM]","[PREMIUM]","[PREMIUM]",true,false,"['Clear view']","2026-08-26 22:38:52"
"13817109197","2026-08-26 23:59:19.145","2026-08-26 23:59:19.145","13817109197","161667299","[PREMIUM]","[PREMIUM]","113","4","3_6","3",,4,"[1,2,4]",594,"Lower",10,"Mobile Transfer ticket",1,"[PREMIUM]","[PREMIUM]","[PREMIUM]","[PREMIUM]",true,false,"['Clear view']","2026-08-26 11:37:48"
"13821292808","2026-08-26 23:59:19.145","2026-08-26 23:59:19.145","13821292808","161667299","[PREMIUM]","[PREMIUM]","113","7","_",,,4,"[1,2,4]",594,"Lower",10,"Mobile Transfer ticket",1,"[PREMIUM]","[PREMIUM]","[PREMIUM]","[PREMIUM]",true,false,"['Clear view']","2026-08-26 19:32:49"
"13821292759","2026-08-26 23:59:19.145","2026-08-26 23:59:19.145","13821292759","161667299","[PREMIUM]","[PREMIUM]","117","16","_",,,2,"[2]",594,"Lower",10,"Mobile Transfer ticket",1,"[PREMIUM]","[PREMIUM]","[PREMIUM]","[PREMIUM]",true,false,"['Clear view']","2026-08-26 19:32:49"
"13821292653","2026-08-26 23:59:19.145","2026-08-26 23:59:19.145","13821292653","161667299","[PREMIUM]","[PREMIUM]","M105","6","_",,,4,"[1,2,4]",507,"Mezzanine",10,"Mobile Transfer ticket",1,"[PREMIUM]","[PREMIUM]","[PREMIUM]","[PREMIUM]",true,false,"['Clear view']","2026-08-26 19:32:49"
"13822944496","2026-08-26 23:59:19.087","2026-08-26 23:59:19.087","13822944496","161667299","[PREMIUM]","[PREMIUM]","101","2","1_4","1",,4,"[1,2,4]",594,"Lower",10,"Mobile Transfer ticket",1,"[PREMIUM]","[PREMIUM]","[PREMIUM]","[PREMIUM]",true,false,"['Second Row of Section','Clear view']","2026-08-26 22:39:13"
"13823178233","2026-08-26 23:59:19.087","2026-08-26 23:59:19.087","13823178233","161667299","[PREMIUM]","[PREMIUM]","113","8","3_5","3",,3,"[1,3]",594,"Lower",10,"Mobile Transfer ticket",1,"[PREMIUM]","[PREMIUM]","[PREMIUM]","[PREMIUM]",true,false,"['Clear view']","2026-08-26 23:01:00"
"13795400615","2026-08-26 23:59:19.052","2026-09-06 23:56:59.783","13795400615","161667299","[PREMIUM]","[PREMIUM]","211","17","_",,,2,"[1,2]",407,"Upper",10,"Mobile Transfer ticket",1,"[PREMIUM]","[PREMIUM]","[PREMIUM]","[PREMIUM]",true,false,"['Clear view']","2026-08-24 21:04:57"
"13795638737","2026-08-26 23:59:19.052","2026-09-06 23:56:59.783","13795638737","161667299","[PREMIUM]","[PREMIUM]","208","16","_",,,2,"[1,2]",407,"Upper",10,"Mobile Transfer ticket",1,"[PREMIUM]","[PREMIUM]","[PREMIUM]","[PREMIUM]",true,false,"['Clear view']","2026-08-24 21:21:40"
"13795522387","2026-08-26 23:59:19.052","2026-09-06 23:56:59.783","13795522387","161667299","[PREMIUM]","[PREMIUM]","226","17","_",,,2,"[1,2]",407,"Upper",10,"Mobile Transfer ticket",1,"[PREMIUM]","[PREMIUM]","[PREMIUM]","[PREMIUM]",true,false,"['Clear view']","2026-08-24 21:16:10"
"13795930685","2026-08-26 23:59:19.052","2026-09-08 23:59:16.099","13795930685","161667299","[PREMIUM]","[PREMIUM]","222","13","_",,,2,"[1,2]",407,"Upper",10,"Mobile Transfer ticket",1,"[PREMIUM]","[PREMIUM]","[PREMIUM]","[PREMIUM]",true,false,"['Clear view']","2026-08-24 21:37:50"
"13796124241","2026-08-26 23:59:19.052","2026-09-06 23:56:59.783","13796124241","161667299","[PREMIUM]","[PREMIUM]","221","17","_",,,2,"[1,2]",407,"Upper",10,"Mobile Transfer ticket",1,"[PREMIUM]","[PREMIUM]","[PREMIUM]","[PREMIUM]",true,false,"['Clear view']","2026-08-24 21:49:39"
"13817109243","2026-08-26 23:59:19.035","2026-08-26 23:59:19.035","13817109243","161667299","[PREMIUM]","[PREMIUM]","123","7","9_13","9",,5,"[1,2,3,5]",594,"Lower",10,"Mobile Transfer ticket",1,"[PREMIUM]","[PREMIUM]","[PREMIUM]","[PREMIUM]",true,false,"['Clear view']","2026-08-26 11:37:49"
"13821292628","2026-08-26 23:59:19.035","2026-08-26 23:59:19.035","13821292628","161667299","[PREMIUM]","[PREMIUM]","103","10","_",,,2,"[2]",594,"Lower",10,"Mobile Transfer ticket",1,"[PREMIUM]","[PREMIUM]","[PREMIUM]","[PREMIUM]",true,false,"['Clear view']","2026-08-26 19:32:48"
"13669124985","2026-08-26 23:59:18.916","2026-08-26 23:59:19.427","13669124985","161667299","[PREMIUM]","[PREMIUM]","123","14","_",,,5,"[1,2,3,5]",594,"Lower",10,"Mobile Transfer ticket",1,"[PREMIUM]","[PREMIUM]","[PREMIUM]","[PREMIUM]",true,false,"['Clear view']","2026-08-14 03:38:37"
"13798187543","2026-08-26 23:59:18.916","2026-08-26 23:59:18.916","13798187543","161667299","[PREMIUM]","[PREMIUM]","C106","12","1_6","1",,6,"[1,2,3,4,6]",1724,"Club",10,"Mobile Transfer ticket",1,"[PREMIUM]","[PREMIUM]","[PREMIUM]","[PREMIUM]",true,false,"['Clear view']","2026-08-25 00:18:52"
"13820572096","2026-08-26 23:59:18.842","2026-09-04 23:58:40.462","13820572096","161658858","[PREMIUM]","[PREMIUM]","115","17","9001_9002","9001",,2,"[2]",3788,"100 Level",10,"Mobile Transfer ticket",1,"[PREMIUM]","[PREMIUM]","[PREMIUM]","[PREMIUM]",true,false,"['Clear view']","2026-08-26 18:29:23"
"13821292719","2026-08-26 23:59:18.745","2026-08-26 23:59:18.745","13821292719","161667299","[PREMIUM]","[PREMIUM]","116","10","_",,,2,"[2]",594,"Lower",10,"Mobile Transfer ticket",1,"[PREMIUM]","[PREMIUM]","[PREMIUM]","[PREMIUM]",true,false,"['Clear view']","2026-08-26 19:32:49"
"13822350604","2026-08-26 23:59:18.745","2026-08-26 23:59:18.745","13822350604","161667299","[PREMIUM]","[PREMIUM]","112","8","_",,,2,"[2]",594,"Lower",10,"Mobile Transfer ticket",1,"[PREMIUM]","[PREMIUM]","[PREMIUM]","[PREMIUM]",true,false,"['Clear view']","2026-08-26 21:24:51"
"13822943957","2026-08-26 23:59:18.745","2026-08-26 23:59:18.745","13822943957","161667299","[PREMIUM]","[PREMIUM]","M111","7","1_4","1",,4,"[1,2,4]",507,"Mezzanine",10,"Mobile Transfer ticket",1,"[PREMIUM]","[PREMIUM]","[PREMIUM]","[PREMIUM]",true,false,"['Clear view']","2026-08-26 22:39:02"
"13820571881","2026-08-26 23:59:18.732","2026-08-31 00:00:37.886","13820571881","161658858","[PREMIUM]","[PREMIUM]","115","22","9001_9002","9001",,2,"[2]",3788,"100 Level",10,"Mobile Transfer ticket",1,"[PREMIUM]","[PREMIUM]","[PREMIUM]","[PREMIUM]",true,false,"['Clear view']","2026-08-26 18:29:22"
"13820571844","2026-08-26 23:59:18.732","2026-09-08 00:04:37.895","13820571844","161658858","[PREMIUM]","[PREMIUM]","111","15","9001_9002","9001",,2,"[2]",3788,"100 Level",10,"Mobile Transfer ticket",1,"[PREMIUM]","[PREMIUM]","[PREMIUM]","[PREMIUM]",true,false,"['Clear view']","2026-08-26 18:29:22"
"13820571028","2026-08-26 23:59:18.618","2026-09-08 23:59:18.316","13820571028","161658858","[PREMIUM]","[PREMIUM]","111","19","9001_9002","9001",,2,"[2]",3788,"100 Level",10,"Mobile Transfer ticket",1,"[PREMIUM]","[PREMIUM]","[PREMIUM]","[PREMIUM]",true,false,"['Clear view']","2026-08-26 18:29:19"
"13822182737","2026-08-26 23:59:18.618","2026-08-31 23:52:22.025","13822182737","161658858","[PREMIUM]","[PREMIUM]","118","22","_",,,2,"[1,2]",8186,"Club Silver",10,"Mobile Transfer ticket",1,"[PREMIUM]","[PREMIUM]","[PREMIUM]","[PREMIUM]",true,false,"['Clear view']","2026-08-26 21:03:34"
"13806645082","2026-08-26 23:59:18.596","2026-09-08 00:04:34.579","13806645082","161658858","[PREMIUM]","[PREMIUM]","2","17","_",,,2,"[2]",1427,"Risers",10,"Mobile Transfer ticket",1,"[PREMIUM]","[PREMIUM]","[PREMIUM]","[PREMIUM]",true,false,"['Clear view']","2026-08-25 15:46:28"
"13822182592","2026-08-26 23:59:18.297","2026-09-08 00:04:29.526","13822182592","161658858","[PREMIUM]","[PREMIUM]","101","17","_",,,4,"[1,2,3,4]",3788,"100 Level",10,"Mobile Transfer ticket",1,"[PREMIUM]","[PREMIUM]","[PREMIUM]","[PREMIUM]",true,false,"['Clear view']","2026-08-26 21:03:33"
"13822183785","2026-08-26 23:59:18.297","2026-09-08 23:59:15.652","13822183785","161658858","[PREMIUM]","[PREMIUM]","101","15","_",,,4,"[1,2,3,4]",3788,"100 Level",10,"Mobile Transfer ticket",1,"[PREMIUM]","[PREMIUM]","[PREMIUM]","[PREMIUM]",true,false,"['Clear view']","2026-08-26 21:03:39"
"13822183673","2026-08-26 23:59:18.093","2026-09-08 23:59:15.652","13822183673","161658858","[PREMIUM]","[PREMIUM]","102","16","_",,,4,"[1,2,3,4]",3788,"100 Level",10,"Mobile Transfer ticket",1,"[PREMIUM]","[PREMIUM]","[PREMIUM]","[PREMIUM]",true,false,"['Clear view']","2026-08-26 21:03:38"
"13795151842","2026-08-26 23:59:18.064","2026-09-08 23:59:17.661","13795151842","161667301","[PREMIUM]","[PREMIUM]","113","16","_",,,2,"[1,2]",594,"Lower",10,"Mobile Transfer ticket",1,"[PREMIUM]","[PREMIUM]","[PREMIUM]","[PREMIUM]",true,false,"['Clear view']","2026-08-24 20:48:38"
"13795134293","2026-08-26 23:59:18.064","2026-09-08 23:59:17.661","13795134293","161667301","[PREMIUM]","[PREMIUM]","102","16","_",,,2,"[1,2]",594,"Lower",10,"Mobile Transfer ticket",1,"[PREMIUM]","[PREMIUM]","[PREMIUM]","[PREMIUM]",true,false,"['Clear view']","2026-08-24 20:48:08"
"13823459570","2026-08-26 23:59:18.064","2026-08-28 23:53:34.859","13823459570","161667301","[PREMIUM]","[PREMIUM]","C122","7","_",,,2,"[2]",1724,"Club",10,"Mobile Transfer ticket",1,"[PREMIUM]","[PREMIUM]","[PREMIUM]","[PREMIUM]",true,false,"['Clear view']","2026-08-26 23:24:44"
"13823458117","2026-08-26 23:59:18.064","2026-08-27 23:27:33.251","13823458117","161667301","[PREMIUM]","[PREMIUM]","114","4","_",,,4,"[1,2,4]",594,"Lower",10,"Mobile Transfer ticket",1,"[PREMIUM]","[PREMIUM]","[PREMIUM]","[PREMIUM]",true,false,"['Clear view']","2026-08-26 23:24:38"
"13668775675","2026-08-26 23:59:18.020","2026-09-08 00:04:37.584","13668775675","161667301","[PREMIUM]","[PREMIUM]","C108","16","_",,,2,"[1,2]",1724,"Club",10,"Mobile Transfer ticket",1,"[PREMIUM]","[PREMIUM]","[PREMIUM]","[PREMIUM]",true,false,"['Clear view']","2026-08-14 02:57:52"
"13822955239","2026-08-26 23:59:18.020","2026-08-26 23:59:18.020","13822955239","161667301","[PREMIUM]","[PREMIUM]","105","5","1_4","1",,4,"[1,2,4]",594,"Lower",10,"Mobile Transfer ticket",1,"[PREMIUM]","[PREMIUM]","[PREMIUM]","[PREMIUM]",true,false,"['Clear view']","2026-08-26 22:42:04"
"13823454295","2026-08-26 23:59:18.020","2026-09-06 23:57:00.168","13823454295","161667301","[PREMIUM]","[PREMIUM]","111","13","_",,,3,"[1,3]",594,"Lower",10,"Mobile Transfer ticket",1,"[PREMIUM]","[PREMIUM]","[PREMIUM]","[PREMIUM]",true,false,"['Clear view']","2026-08-26 23:24:29"
"13823454255","2026-08-26 23:59:18.020","2026-09-06 23:57:00.851","13823454255","161667301","[PREMIUM]","[PREMIUM]","M110","5","_",,,2,"[2]",507,"Mezzanine",10,"Mobile Transfer ticket",1,"[PREMIUM]","[PREMIUM]","[PREMIUM]","[PREMIUM]",true,false,"['Third Row of Section','Clear view']","2026-08-26 23:24:29"
"13823459639","2026-08-26 23:59:18.010","2026-09-05 23:59:06.906","13823459639","161667301","[PREMIUM]","[PREMIUM]","A3","5","_",,,4,"[1,2,4]",1201,"Arena",10,"Mobile Transfer ticket",1,"[PREMIUM]","[PREMIUM]","[PREMIUM]","[PREMIUM]",true,false,"['Clear view']","2026-08-26 23:24:44"
"13823459631","2026-08-26 23:59:18.010","2026-09-05 23:59:06.906","13823459631","161667301","[PREMIUM]","[PREMIUM]","A4","4","_",,,2,"[2]",1201,"Arena",10,"Mobile Transfer ticket",1,"[PREMIUM]","[PREMIUM]","[PREMIUM]","[PREMIUM]",true,false,"['Clear view']","2026-08-26 23:24:44"
"13823454398","2026-08-26 23:59:18.010","2026-09-05 23:59:06.906","13823454398","161667301","[PREMIUM]","[PREMIUM]","228","1","_",,,4,"[1,2,4]",407,"Upper",10,"Mobile Transfer ticket",1,"[PREMIUM]","[PREMIUM]","[PREMIUM]","[PREMIUM]",true,false,"['Front Row of Section','Clear view']","2026-08-26 23:24:29"
"13822955687","2026-08-26 23:59:17.976","2026-08-26 23:59:17.976","13822955687","161667301","[PREMIUM]","[PREMIUM]","119","6","1_2","1",,2,"[2]",594,"Lower",10,"Mobile Transfer ticket",1,"[PREMIUM]","[PREMIUM]","[PREMIUM]","[PREMIUM]",true,false,"['Clear view']","2026-08-26 22:42:07"
"13823459573","2026-08-26 23:59:17.976","2026-08-26 23:59:17.976","13823459573","161667301","[PREMIUM]","[PREMIUM]","C121","6","_",,,2,"[2]",1724,"Club",10,"Mobile Transfer ticket",1,"[PREMIUM]","[PREMIUM]","[PREMIUM]","[PREMIUM]",true,false,"['Clear view']","2026-08-26 23:24:44"
"13823459599","2026-08-26 23:59:17.976","2026-09-06 23:57:00.491","13823459599","161667301","[PREMIUM]","[PREMIUM]","C108","8","_",,,2,"[2]",1724,"Club",10,"Mobile Transfer ticket",1,"[PREMIUM]","[PREMIUM]","[PREMIUM]","[PREMIUM]",true,false,"['Clear view']","2026-08-26 23:24:44"
"13823458158","2026-08-26 23:59:17.976","2026-09-06 23:57:00.491","13823458158","161667301","[PREMIUM]","[PREMIUM]","110","2","_",,,2,"[2]",594,"Lower",10,"Mobile Transfer ticket",1,"[PREMIUM]","[PREMIUM]","[PREMIUM]","[PREMIUM]",true,false,"['Limited or Obstructed View (printed on ticket)','Second Row of Section']","2026-08-26 23:24:38"
"13823456368","2026-08-26 23:59:17.861","2026-08-31 00:00:34.020","13823456368","161667301","[PREMIUM]","[PREMIUM]","122","3","_",,,2,"[2]",594,"Lower",10,"Mobile Transfer ticket",1,"[PREMIUM]","[PREMIUM]","[PREMIUM]","[PREMIUM]",true,false,"['Third Row of Section','Clear view']","2026-08-26 23:24:34"
"13823456445","2026-08-26 23:59:17.861","2026-09-04 23:58:38.382","13823456445","161667301","[PREMIUM]","[PREMIUM]","119","4","_",,,2,"[2]",594,"Lower",10,"Mobile Transfer ticket",1,"[PREMIUM]","[PREMIUM]","[PREMIUM]","[PREMIUM]",true,false,"['Clear view']","2026-08-26 23:24:34"
"13823455632","2026-08-26 23:59:17.861","2026-09-06 23:57:00.753","13823455632","161667301","[PREMIUM]","[PREMIUM]","C109","1","_",,,2,"[2]",1724,"Club",10,"Mobile Transfer ticket",1,"[PREMIUM]","[PREMIUM]","[PREMIUM]","[PREMIUM]",true,false,"['Front Row of Section','Clear view']","2026-08-26 23:24:32"
"13822946476","2026-08-26 23:59:17.773","2026-08-26 23:59:17.773","13822946476","161667301","[PREMIUM]","[PREMIUM]","105","16","8_9","8",,2,"[2]",594,"Lower",10,"Mobile Transfer ticket",1,"[PREMIUM]","[PREMIUM]","[PREMIUM]","[PREMIUM]",true,false,"['Clear view']","2026-08-26 22:40:06"
"13823461196","2026-08-26 23:59:17.773","2026-09-05 23:59:06.243","13823461196","161667301","[PREMIUM]","[PREMIUM]","210","2","_",,,1,"[1]",407,"Upper",10,"Mobile Transfer ticket",1,"[PREMIUM]","[PREMIUM]","[PREMIUM]","[PREMIUM]",false,false,"['Second Row of Section','Clear view']","2026-08-26 23:24:49"
"13822953103","2026-08-26 23:59:17.743","2026-08-26 23:59:22.171","13822953103","161667301","[PREMIUM]","[PREMIUM]","123","6","14_15","14",,2,"[2]",594,"Lower",10,"Mobile Transfer ticket",1,"[PREMIUM]","[PREMIUM]","[PREMIUM]","[PREMIUM]",true,false,"['Clear view']","2026-08-26 22:41:56"
"13823454182","2026-08-26 23:59:17.743","2026-08-31 23:52:13.479","13823454182","161667301","[PREMIUM]","[PREMIUM]","M123","6","_",,,2,"[2]",507,"Mezzanine",10,"Mobile Transfer ticket",1,"[PREMIUM]","[PREMIUM]","[PREMIUM]","[PREMIUM]",true,false,"['Clear view']","2026-08-26 23:24:28"
"13823454207","2026-08-26 23:59:17.743","2026-09-05 23:59:06.354","13823454207","161667301","[PREMIUM]","[PREMIUM]","M123","5","_",,,2,"[2]",507,"Mezzanine",10,"Mobile Transfer ticket",1,"[PREMIUM]","[PREMIUM]","[PREMIUM]","[PREMIUM]",true,false,"['Third Row of Section','Clear view']","2026-08-26 23:24:28"
"13815387514","2026-08-26 23:59:17.727","2026-09-08 23:59:16.883","13815387514","161666868","[PREMIUM]","[PREMIUM]","113","27","_",,,3,"[1,3]",1687,"Lower Level",10,"Mobile Transfer ticket",1,"[PREMIUM]","[PREMIUM]","[PREMIUM]","[PREMIUM]",true,false,"['Clear view']","2026-08-26 07:23:31"
"13822206653","2026-08-26 23:59:17.727","2026-08-27 23:27:39.529","13822206653","161666868","[PREMIUM]","[PREMIUM]","325","13","13_16","13",,4,"[1,2,4]",1713,"Middle Level",10,"Mobile Transfer ticket",1,"[PREMIUM]","[PREMIUM]","[PREMIUM]","[PREMIUM]",true,false,"['Clear view']","2026-08-26 21:06:18"
"13823009391","2026-08-26 23:59:17.727","2026-08-31 00:00:38.973","13823009391","161666868","[PREMIUM]","[PREMIUM]","112","28","_",,,4,"[1,2,3,4]",1687,"Lower Level",10,"Mobile Transfer ticket",1,"[PREMIUM]","[PREMIUM]","[PREMIUM]","[PREMIUM]",true,false,"['Clear view']","2026-08-26 22:46:23"
"13823496577","2026-08-26 23:59:17.548","2026-09-08 23:59:16.883","13823496577","161666868","[PREMIUM]","[PREMIUM]","321","1","5_7","5",,3,"[1,3]",1713,"Middle Level",10,"Mobile Transfer ticket",1,"[PREMIUM]","[PREMIUM]","[PREMIUM]","[PREMIUM]",true,false,"['Front Row of Section','Clear view']","2026-08-26 23:27:13"
"13823496570","2026-08-26 23:59:17.548","2026-09-08 23:59:16.883","13823496570","161666868","[PREMIUM]","[PREMIUM]","310","2","13_15","13",,3,"[1,3]",1713,"Middle Level",10,"Mobile Transfer ticket",1,"[PREMIUM]","[PREMIUM]","[PREMIUM]","[PREMIUM]",true,false,"['Second Row of Section','Clear view']","2026-08-26 23:27:13"
"13823496569","2026-08-26 23:59:17.548","2026-09-08 23:59:16.883","13823496569","161666868","[PREMIUM]","[PREMIUM]","326","2","16_17","16",,2,"[2]",1713,"Middle Level",10,"Mobile Transfer ticket",1,"[PREMIUM]","[PREMIUM]","[PREMIUM]","[PREMIUM]",true,false,"['Second Row of Section','Clear view']","2026-08-26 23:27:13"
"13807507977","2026-08-26 23:59:17.428","2026-08-27 23:27:39.529","13807507977","161666868","[PREMIUM]","[PREMIUM]","111","28","_",,,3,"[3]",1687,"Lower Level",10,"Mobile Transfer ticket",1,"[PREMIUM]","[PREMIUM]","[PREMIUM]","[PREMIUM]",true,false,"['Clear view']","2026-08-25 17:15:30"
"13807507937","2026-08-26 23:59:17.428","2026-08-27 23:27:39.529","13807507937","161666868","[PREMIUM]","[PREMIUM]","122","32","_",,,3,"[3]",1687,"Lower Level",10,"Mobile Transfer ticket",1,"[PREMIUM]","[PREMIUM]","[PREMIUM]","[PREMIUM]",true,false,"['Clear view']","2026-08-25 17:15:30"
"13822943476","2026-08-26 23:59:16.831","2026-08-26 23:59:16.831","13822943476","161667318","[PREMIUM]","[PREMIUM]","202","13","19_20","19",,2,"[2]",407,"Upper",10,"Mobile Transfer ticket",1,"[PREMIUM]","[PREMIUM]","[PREMIUM]","[PREMIUM]",true,false,"['Clear view']","2026-08-26 22:38:58"
"13793241177","2026-08-26 23:59:16.781","2026-09-08 00:04:35.398","13793241177","161667301","[PREMIUM]","[PREMIUM]","109",,"90_91","90",,2,"[1,2]",594,"Lower",10,"Mobile Transfer ticket",1,"[PREMIUM]","[PREMIUM]","[PREMIUM]","[PREMIUM]",true,true,"['Clear view']","2026-08-24 18:04:19"
"13822949818","2026-08-26 23:59:16.781","2026-08-26 23:59:16.781","13822949818","161667301","[PREMIUM]","[PREMIUM]","109","10","11_12","11",,2,"[2]",594,"Lower",10,"Mobile Transfer ticket",1,"[PREMIUM]","[PREMIUM]","[PREMIUM]","[PREMIUM]",true,false,"['Clear view']","2026-08-26 22:41:24"
"13823458156","2026-08-26 23:59:16.781","2026-09-06 23:57:00.435","13823458156","161667301","[PREMIUM]","[PREMIUM]","110","3","_",,,3,"[1,3]",594,"Lower",10,"Mobile Transfer ticket",1,"[PREMIUM]","[PREMIUM]","[PREMIUM]","[PREMIUM]",true,false,"['Limited or Obstructed View (printed on ticket)','Third Row of Section']","2026-08-26 23:24:38"
"13823458153","2026-08-26 23:59:16.781","2026-09-06 23:57:00.435","13823458153","161667301","[PREMIUM]","[PREMIUM]","110","4","_",,,2,"[2]",594,"Lower",10,"Mobile Transfer ticket",1,"[PREMIUM]","[PREMIUM]","[PREMIUM]","[PREMIUM]",true,false,"['Clear view']","2026-08-26 23:24:38"
"13807268878","2026-08-26 23:59:16.673","2026-09-08 23:59:14.566","13807268878","161667301","[PREMIUM]","[PREMIUM]","C122","10","_",,,2,"[1,2]",1724,"Club",10,"Mobile Transfer ticket",1,"[PREMIUM]","[PREMIUM]","[PREMIUM]","[PREMIUM]",true,false,"['Clear view']","2026-08-25 16:52:56"
"13814673916","2026-08-26 23:59:16.570","2026-09-08 23:59:08.831","13814673916","161667301","[PREMIUM]","[PREMIUM]","227","6","_",,,4,"[4]",407,"Upper",10,"Mobile Transfer ticket",1,"[PREMIUM]","[PREMIUM]","[PREMIUM]","[PREMIUM]",true,false,"['Clear view']","2026-08-26 05:45:31"
"13821852055","2026-08-26 23:59:16.570","2026-08-29 23:57:37.502","13821852055","161667301","[PREMIUM]","[PREMIUM]","219","6","9001_9002","9001",,2,"[2]",407,"Upper",11,"Mobile ticket",1,"[PREMIUM]","[PREMIUM]","[PREMIUM]","[PREMIUM]",true,false,"['Clear view']","2026-08-26 20:29:59"
"13822946301","2026-08-26 23:59:16.570","2026-08-26 23:59:16.570","13822946301","161667301","[PREMIUM]","[PREMIUM]","206","11","18_21","18",,4,"[1,2,4]",407,"Upper",10,"Mobile Transfer ticket",1,"[PREMIUM]","[PREMIUM]","[PREMIUM]","[PREMIUM]",true,false,"['Clear view']","2026-08-26 22:40:05"
"13822949741","2026-08-26 23:59:16.570","2026-08-26 23:59:16.570","13822949741","161667301","[PREMIUM]","[PREMIUM]","213","4","3_5","3",,3,"[1,3]",407,"Upper",10,"Mobile Transfer ticket",1,"[PREMIUM]","[PREMIUM]","[PREMIUM]","[PREMIUM]",true,false,"['Clear view']","2026-08-26 22:41:21"
"13823459993","2026-08-26 23:59:16.570","2026-08-26 23:59:16.570","13823459993","161667301","[PREMIUM]","[PREMIUM]","221","13","_",,,2,"[2]",407,"Upper",10,"Mobile Transfer ticket",1,"[PREMIUM]","[PREMIUM]","[PREMIUM]","[PREMIUM]",true,false,"['Clear view']","2026-08-26 23:24:45"
"13823459992","2026-08-26 23:59:16.570","2026-08-26 23:59:16.570","13823459992","161667301","[PREMIUM]","[PREMIUM]","221","14","_",,,2,"[2]",407,"Upper",10,"Mobile Transfer ticket",1,"[PREMIUM]","[PREMIUM]","[PREMIUM]","[PREMIUM]",true,false,"['Clear view']","2026-08-26 23:24:45"
"13821874829","2026-08-26 23:59:16.535","2026-08-28 23:53:35.100","13821874829","161667301","[PREMIUM]","[PREMIUM]","118","10","9001_9002","9001",,2,"[2]",594,"Lower",11,"Mobile ticket",1,"[PREMIUM]","[PREMIUM]","[PREMIUM]","[PREMIUM]",true,false,"['Clear view']","2026-08-26 20:31:15"
"13822956647","2026-08-26 23:59:16.535","2026-08-26 23:59:16.535","13822956647","161667301","[PREMIUM]","[PREMIUM]","C122","6","11_12","11",,2,"[2]",1724,"Club",10,"Mobile Transfer ticket",1,"[PREMIUM]","[PREMIUM]","[PREMIUM]","[PREMIUM]",true,false,"['Clear view']","2026-08-26 22:42:11"
"13822948085","2026-08-26 23:59:16.535","2026-08-26 23:59:16.535","13822948085","161667301","[PREMIUM]","[PREMIUM]","C107","8","3_6","3",,4,"[1,2,4]",1724,"Club",10,"Mobile Transfer ticket",1,"[PREMIUM]","[PREMIUM]","[PREMIUM]","[PREMIUM]",true,false,"['Clear view']","2026-08-26 22:40:19"
"13799052038","2026-08-26 23:59:16.498","2026-08-26 23:59:16.498","13799052038","161667299","[PREMIUM]","[PREMIUM]","113","11","_",,,3,"[3]",594,"Lower",10,"Mobile Transfer ticket",1,"[PREMIUM]","[PREMIUM]","[PREMIUM]","[PREMIUM]",true,false,"['Clear view']","2026-08-25 01:36:47"
"13821579263","2026-08-26 23:59:16.498","2026-08-26 23:59:16.498","13821579263","161667299","[PREMIUM]","[PREMIUM]","M123","6","8_12","8",,5,"[1,2,3,5]",507,"Mezzanine",10,"Mobile Transfer ticket",1,"[PREMIUM]","[PREMIUM]","[PREMIUM]","[PREMIUM]",true,false,"['Clear view']","2026-08-26 19:59:38"
"13794381056","2026-08-26 23:59:16.404","2026-09-05 23:59:00.792","13794381056","161667299","[PREMIUM]","[PREMIUM]","113","15","9_10","9","10",2,"[2]",594,"Lower",10,"Mobile Transfer ticket",1,"[PREMIUM]","[PREMIUM]","[PREMIUM]","[PREMIUM]",true,false,"['Clear view']","2026-08-24 19:40:14"
"13815006615","2026-08-26 23:59:16.404","2026-08-26 23:59:16.404","13815006615","161667299","[PREMIUM]","[PREMIUM]","126","14","1_4","1",,4,"[1,2,4]",594,"Lower",10,"Mobile Transfer ticket",1,"[PREMIUM]","[PREMIUM]","[PREMIUM]","[PREMIUM]",true,false,"['Clear view']","2026-08-26 06:37:37"
"13822976152","2026-08-26 23:59:16.404","2026-08-26 23:59:16.404","13822976152","161667299","[PREMIUM]","[PREMIUM]","M102","4","5_6","5",,2,"[2]",507,"Mezzanine",10,"Mobile Transfer ticket",1,"[PREMIUM]","[PREMIUM]","[PREMIUM]","[PREMIUM]",true,false,"['Clear view']","2026-08-26 22:43:42"
"13821294030","2026-08-26 23:59:16.379","2026-08-26 23:59:16.379","13821294030","161667299","[PREMIUM]","[PREMIUM]","207","2","_",,,2,"[2]",407,"Upper",10,"Mobile Transfer ticket",1,"[PREMIUM]","[PREMIUM]","[PREMIUM]","[PREMIUM]",true,false,"['Second Row of Section','Clear view']","2026-08-26 19:32:54"
"13822953326","2026-08-26 23:59:16.379","2026-08-26 23:59:16.379","13822953326","161667299","[PREMIUM]","[PREMIUM]","M118","5","3_7","3",,5,"[1,2,3,5]",507,"Mezzanine",10,"Mobile Transfer ticket",1,"[PREMIUM]","[PREMIUM]","[PREMIUM]","[PREMIUM]",true,false,"['Third Row of Section','Clear view']","2026-08-26 22:41:56"
"13822957945","2026-08-26 23:59:16.340","2026-08-26 23:59:16.340","13822957945","161667299","[PREMIUM]","[PREMIUM]","125","12","3_4","3",,2,"[2]",594,"Lower",10,"Mobile Transfer ticket",1,"[PREMIUM]","[PREMIUM]","[PREMIUM]","[PREMIUM]",true,false,"['Clear view']","2026-08-26 22:42:15"
"13821296519","2026-08-26 23:59:16.263","2026-08-29 23:57:50.441","13821296519","161667299","[PREMIUM]","[PREMIUM]","227","1","_",,,2,"[2]",407,"Upper",10,"Mobile Transfer ticket",1,"[PREMIUM]","[PREMIUM]","[PREMIUM]","[PREMIUM]",true,false,"['Front Row of Section','Clear view']","2026-08-26 19:33:03"
"13821292087","2026-08-26 23:59:16.263","2026-08-26 23:59:16.263","13821292087","161667299","[PREMIUM]","[PREMIUM]","211","1","_",,,2,"[2]",407,"Upper",10,"Mobile Transfer ticket",1,"[PREMIUM]","[PREMIUM]","[PREMIUM]","[PREMIUM]",true,false,"['Front Row of Section','Clear view']","2026-08-26 19:32:45"
"13822944660","2026-08-26 23:59:16.201","2026-08-26 23:59:16.201","13822944660","161667299","[PREMIUM]","[PREMIUM]","M114","3","1_4","1",,4,"[1,2,4]",507,"Mezzanine",10,"Mobile Transfer ticket",1,"[PREMIUM]","[PREMIUM]","[PREMIUM]","[PREMIUM]",true,false,"['Third Row of Section','Clear view']","2026-08-26 22:39:15"
"13795596653","2026-08-26 23:59:16.127","2026-09-08 00:04:34.139","13795596653","161667299","[PREMIUM]","[PREMIUM]","218",,"_",,,4,"[1,2,3,4]",407,"Upper",10,"Mobile Transfer ticket",1,"[PREMIUM]","[PREMIUM]","[PREMIUM]","[PREMIUM]",true,true,"['Clear view']","2026-08-24 21:19:58"
"13822942737","2026-08-26 23:59:16.083","2026-08-26 23:59:16.083","13822942737","161667299","[PREMIUM]","[PREMIUM]","209","2","12_15","12",,4,"[1,2,4]",407,"Upper",10,"Mobile Transfer ticket",1,"[PREMIUM]","[PREMIUM]","[PREMIUM]","[PREMIUM]",true,false,"['Second Row of Section','Clear view']","2026-08-26 22:38:50"
"13823259116","2026-08-26 23:59:16.083","2026-08-26 23:59:16.083","13823259116","161667299","[PREMIUM]","[PREMIUM]","218","2","_",,,6,"[1,2,3,4,6]",407,"Upper",10,"Mobile Transfer ticket",1,"[PREMIUM]","[PREMIUM]","[PREMIUM]","[PREMIUM]",true,false,"['Second Row of Section','Clear view']","2026-08-26 23:08:16"
"13821292782","2026-08-26 23:59:15.982","2026-08-26 23:59:15.982","13821292782","161667299","[PREMIUM]","[PREMIUM]","207","4","_",,,7,"[1,2,3,4,5,7]",407,"Upper",10,"Mobile Transfer ticket",1,"[PREMIUM]","[PREMIUM]","[PREMIUM]","[PREMIUM]",true,false,"['Clear view']","2026-08-26 19:32:49"
"13821250964","2026-08-26 23:59:15.982","2026-08-27 23:27:29.123","13821250964","161667299","[PREMIUM]","[PREMIUM]","229","1","_",,,1,"[1]",407,"Upper",10,"Mobile Transfer ticket",1,"[PREMIUM]","[PREMIUM]","[PREMIUM]","[PREMIUM]",false,false,"['Front Row of Section','Clear view']","2026-08-26 19:29:29"
"13821292666","2026-08-26 23:59:15.978","2026-08-26 23:59:15.978","13821292666","161667299","[PREMIUM]","[PREMIUM]","228","1","_",,,1,"[1]",407,"Upper",10,"Mobile Transfer ticket",1,"[PREMIUM]","[PREMIUM]","[PREMIUM]","[PREMIUM]",false,false,"['Front Row of Section','Clear view']","2026-08-26 19:32:49"
"13821292633","2026-08-26 23:59:15.978","2026-08-26 23:59:15.978","13821292633","161667299","[PREMIUM]","[PREMIUM]","227","2","_",,,2,"[2]",407,"Upper",10,"Mobile Transfer ticket",1,"[PREMIUM]","[PREMIUM]","[PREMIUM]","[PREMIUM]",true,false,"['Second Row of Section','Clear view']","2026-08-26 19:32:48"
"13795828463","2026-08-26 23:59:15.843","2026-09-05 23:59:00.571","13795828463","161667299","[PREMIUM]","[PREMIUM]","201","16","_",,,2,"[1,2]",407,"Upper",10,"Mobile Transfer ticket",1,"[PREMIUM]","[PREMIUM]","[PREMIUM]","[PREMIUM]",true,false,"['Clear view']","2026-08-24 21:30:20"
"13813553113","2026-08-26 23:59:15.742","2026-09-03 23:59:45.302","13813553113","161658858","[PREMIUM]","[PREMIUM]","311","1","_",,,2,"[2]",8153,"Chase Bridges",10,"Mobile Transfer ticket",1,"[PREMIUM]","[PREMIUM]","[PREMIUM]","[PREMIUM]",true,false,"['Front Row of Section','Clear view']","2026-08-26 03:18:06"
"13822182610","2026-08-26 23:59:15.738","2026-09-08 23:59:15.309","13822182610","161658858","[PREMIUM]","[PREMIUM]","224","22","_",,,4,"[1,2,3,4]",3803,"200 Level",10,"Mobile Transfer ticket",1,"[PREMIUM]","[PREMIUM]","[PREMIUM]","[PREMIUM]",true,false,"['Clear view']","2026-08-26 21:03:34"
"13821579269","2026-08-26 23:59:15.600","2026-08-26 23:59:15.600","13821579269","161667299","[PREMIUM]","[PREMIUM]","214","2","9_12","9",,4,"[1,2,4]",407,"Upper",10,"Mobile Transfer ticket",1,"[PREMIUM]","[PREMIUM]","[PREMIUM]","[PREMIUM]",true,false,"['Second Row of Section','Clear view']","2026-08-26 19:59:38"
"13822953289","2026-08-26 23:59:15.600","2026-08-26 23:59:15.600","13822953289","161667299","[PREMIUM]","[PREMIUM]","209","7","3_5","3",,3,"[1,3]",407,"Upper",10,"Mobile Transfer ticket",1,"[PREMIUM]","[PREMIUM]","[PREMIUM]","[PREMIUM]",true,false,"['Clear view']","2026-08-26 22:41:56"
"13822182732","2026-08-26 23:59:15.520","2026-08-28 23:53:31.930","13822182732","161658858","[PREMIUM]","[PREMIUM]","112","18","_",,,2,"[1,2]",3788,"100 Level",10,"Mobile Transfer ticket",1,"[PREMIUM]","[PREMIUM]","[PREMIUM]","[PREMIUM]",true,false,"['Clear view']","2026-08-26 21:03:34"
"13822182673","2026-08-26 23:59:15.121","2026-09-08 23:59:15.910","13822182673","161658858","[PREMIUM]","[PREMIUM]","220","13","_",,,3,"[1,3]",3803,"200 Level",10,"Mobile Transfer ticket",1,"[PREMIUM]","[PREMIUM]","[PREMIUM]","[PREMIUM]",true,false,"['Clear view']","2026-08-26 21:03:34"
"13822182730","2026-08-26 23:59:15.034","2026-09-02 23:46:58.506","13822182730","161658858","[PREMIUM]","[PREMIUM]","222","21","_",,,4,"[1,2,3,4]",3803,"200 Level",10,"Mobile Transfer ticket",1,"[PREMIUM]","[PREMIUM]","[PREMIUM]","[PREMIUM]",true,false,"['Clear view']","2026-08-26 21:03:34"
"13813294556","2026-08-26 23:59:14.992","2026-09-08 23:59:15.748","13813294556","161658858","[PREMIUM]","[PREMIUM]","214","14","_",,,4,"[1,2,4]",3803,"200 Level",10,"Mobile Transfer ticket",1,"[PREMIUM]","[PREMIUM]","[PREMIUM]","[PREMIUM]",true,false,"['Clear view']","2026-08-26 02:35:17"
"13823455555","2026-08-26 23:59:14.986","2026-08-27 23:27:30.414","13823455555","161667301","[PREMIUM]","[PREMIUM]","M103","5","_",,,2,"[2]",507,"Mezzanine",10,"Mobile Transfer ticket",1,"[PREMIUM]","[PREMIUM]","[PREMIUM]","[PREMIUM]",true,false,"['Clear view']","2026-08-26 23:24:31"
"13823455560","2026-08-26 23:59:14.986","2026-09-06 23:57:00.203","13823455560","161667301","[PREMIUM]","[PREMIUM]","113","7","_",,,2,"[2]",594,"Lower",10,"Mobile Transfer ticket",1,"[PREMIUM]","[PREMIUM]","[PREMIUM]","[PREMIUM]",true,false,"['Clear view']","2026-08-26 23:24:31"
"13807588812","2026-08-26 23:59:14.950","2026-09-08 23:59:12.806","13807588812","161667301","[PREMIUM]","[PREMIUM]","C119","15","_",,,1,"[1]",1724,"Club",10,"Mobile Transfer ticket",1,"[PREMIUM]","[PREMIUM]","[PREMIUM]","[PREMIUM]",false,false,"['Clear view']","2026-08-25 17:27:52"
"13822966185","2026-08-26 23:59:14.950","2026-08-26 23:59:14.950","13822966185","161667301","[PREMIUM]","[PREMIUM]","102","5","3_4","3",,2,"[2]",594,"Lower",10,"Mobile Transfer ticket",1,"[PREMIUM]","[PREMIUM]","[PREMIUM]","[PREMIUM]",true,false,"['Clear view']","2026-08-26 22:42:50"
"13821852052","2026-08-26 23:59:14.729","2026-08-29 23:57:51.276","13821852052","161667301","[PREMIUM]","[PREMIUM]","116","9","9001_9002","9001",,2,"[2]",594,"Lower",11,"Mobile ticket",1,"[PREMIUM]","[PREMIUM]","[PREMIUM]","[PREMIUM]",true,false,"['Clear view']","2026-08-26 20:29:59"
"13822968113","2026-08-26 23:59:14.729","2026-08-26 23:59:14.729","13822968113","161667301","[PREMIUM]","[PREMIUM]","C120","7","5_8","5",,4,"[1,2,4]",1724,"Club",10,"Mobile Transfer ticket",1,"[PREMIUM]","[PREMIUM]","[PREMIUM]","[PREMIUM]",true,false,"['Clear view']","2026-08-26 22:42:57"
"13806574341","2026-08-26 23:59:14.684","2026-08-26 23:59:14.684","13806574341","161667301","[PREMIUM]","[PREMIUM]","C106","12","1_6","1",,6,"[1,2,3,4,6]",1724,"Club",10,"Mobile Transfer ticket",1,"[PREMIUM]","[PREMIUM]","[PREMIUM]","[PREMIUM]",true,false,"['Clear view']","2026-08-25 15:38:57"
"13820680879","2026-08-26 23:59:14.684","2026-08-26 23:59:14.684","13820680879","161667301","[PREMIUM]","[PREMIUM]","115","7","_",,,1,"[1]",594,"Lower",10,"Mobile Transfer ticket",1,"[PREMIUM]","[PREMIUM]","[PREMIUM]","[PREMIUM]",false,false,"['Clear view']","2026-08-26 18:39:53"
"13821864809","2026-08-26 23:59:14.684","2026-08-29 23:57:51.000","13821864809","161667301","[PREMIUM]","[PREMIUM]","M103","8","9001_9002","9001",,2,"[2]",507,"Mezzanine",11,"Mobile ticket",1,"[PREMIUM]","[PREMIUM]","[PREMIUM]","[PREMIUM]",true,false,"['Clear view']","2026-08-26 20:30:36"
"13821767101","2026-08-26 23:59:14.676","2026-08-26 23:59:14.676","13821767101","161667301","[PREMIUM]","[PREMIUM]","M118","11","13_16","13",,4,"[1,2,4]",507,"Mezzanine",10,"Mobile Transfer ticket",1,"[PREMIUM]","[PREMIUM]","[PREMIUM]","[PREMIUM]",true,false,"['Clear view']","2026-08-26 20:22:22"
"13822953536","2026-08-26 23:59:14.676","2026-08-26 23:59:14.676","13822953536","161667301","[PREMIUM]","[PREMIUM]","123","10","9_10","9",,2,"[2]",594,"Lower",10,"Mobile Transfer ticket",1,"[PREMIUM]","[PREMIUM]","[PREMIUM]","[PREMIUM]",true,false,"['Clear view']","2026-08-26 22:41:57"
"13807268917","2026-08-26 23:59:14.517","2026-09-08 23:59:15.011","13807268917","161667301","[PREMIUM]","[PREMIUM]","C119","13","_",,,2,"[1,2]",1724,"Club",10,"Mobile Transfer ticket",1,"[PREMIUM]","[PREMIUM]","[PREMIUM]","[PREMIUM]",true,false,"['Clear view']","2026-08-25 16:52:56"
"13823454109","2026-08-26 23:59:14.517","2026-08-29 23:57:58.882","13823454109","161667301","[PREMIUM]","[PREMIUM]","M111","5","_",,,2,"[2]",507,"Mezzanine",10,"Mobile Transfer ticket",1,"[PREMIUM]","[PREMIUM]","[PREMIUM]","[PREMIUM]",true,false,"['Clear view']","2026-08-26 23:24:28"
"13807383237","2026-08-26 23:59:14.349","2026-08-26 23:59:14.349","13807383237","161667301","[PREMIUM]","[PREMIUM]","M118","6","5_6","5",,2,"[2]",507,"Mezzanine",10,"Mobile Transfer ticket",1,"[PREMIUM]","[PREMIUM]","[PREMIUM]","[PREMIUM]",true,false,"['Clear view']","2026-08-25 17:05:00"
"13822945748","2026-08-26 23:59:14.349","2026-08-26 23:59:14.349","13822945748","161667301","[PREMIUM]","[PREMIUM]","224","3","3_6","3",,4,"[1,2,4]",407,"Upper",10,"Mobile Transfer ticket",1,"[PREMIUM]","[PREMIUM]","[PREMIUM]","[PREMIUM]",true,false,"['Third Row of Section','Clear view']","2026-08-26 22:40:01"
"13822994728","2026-08-26 23:59:14.349","2026-08-26 23:59:14.349","13822994728","161667301","[PREMIUM]","[PREMIUM]","M117","5","3_6","3",,4,"[1,2,4]",507,"Mezzanine",10,"Mobile Transfer ticket",1,"[PREMIUM]","[PREMIUM]","[PREMIUM]","[PREMIUM]",true,false,"['Clear view']","2026-08-26 22:44:42"
"13822956818","2026-08-26 23:59:14.349","2026-08-26 23:59:14.349","13822956818","161667301","[PREMIUM]","[PREMIUM]","M115","4","1_2","1",,2,"[2]",507,"Mezzanine",10,"Mobile Transfer ticket",1,"[PREMIUM]","[PREMIUM]","[PREMIUM]","[PREMIUM]",true,false,"['Second Row of Section','Clear view']","2026-08-26 22:42:12"
"13822180817","2026-08-26 23:59:14.211","2026-08-31 00:01:19.751","13822180817","161710661","[PREMIUM]","[PREMIUM]","F10","H","9001_9002","9001",,2,"[2]",682,"Floor",11,"Mobile ticket",1,"[PREMIUM]","[PREMIUM]","[PREMIUM]","[PREMIUM]",true,false,"['Clear view']","2026-08-26 21:03:25"
"13799454801","2026-08-26 23:59:13.713","2026-08-27 23:27:27.079","13799454801","161667299","[PREMIUM]","[PREMIUM]","229","14","_",,,2,"[1,2]",407,"Upper",10,"Mobile Transfer ticket",14,"[PREMIUM]","[PREMIUM]","[PREMIUM]","[PREMIUM]",true,false,"['Clear view']","2026-08-25 02:10:11"
"13823132488","2026-08-26 23:59:13.713","2026-08-26 23:59:13.713","13823132488","161667299","[PREMIUM]","[PREMIUM]","206","8","12_13","12",,2,"[2]",407,"Upper",10,"Mobile Transfer ticket",1,"[PREMIUM]","[PREMIUM]","[PREMIUM]","[PREMIUM]",true,false,"['Clear view']","2026-08-26 22:55:53"
"13812855785","2026-08-26 23:59:13.630","2026-08-26 23:59:13.630","13812855785","161667299","[PREMIUM]","[PREMIUM]","226","2","13_16","13",,4,"[1,2,4]",407,"Upper",10,"Mobile Transfer ticket",1,"[PREMIUM]","[PREMIUM]","[PREMIUM]","[PREMIUM]",true,false,"['Second Row of Section','Clear view']","2026-08-26 01:37:28"
"13822953505","2026-08-26 23:59:13.528","2026-08-26 23:59:13.528","13822953505","161667299","[PREMIUM]","[PREMIUM]","218","7","5_6","5",,2,"[2]",407,"Upper",10,"Mobile Transfer ticket",1,"[PREMIUM]","[PREMIUM]","[PREMIUM]","[PREMIUM]",true,false,"['Clear view']","2026-08-26 22:41:57"
"13821293001","2026-08-26 23:59:13.418","2026-08-26 23:59:13.418","13821293001","161667299","[PREMIUM]","[PREMIUM]","216","11","_",,,3,"[1,3]",407,"Upper",10,"Mobile Transfer ticket",1,"[PREMIUM]","[PREMIUM]","[PREMIUM]","[PREMIUM]",true,false,"['Clear view']","2026-08-26 19:32:50"
"13821251102","2026-08-26 23:59:13.418","2026-08-26 23:59:13.418","13821251102","161667299","[PREMIUM]","[PREMIUM]","228","15","_",,,4,"[1,2,4]",407,"Upper",10,"Mobile Transfer ticket",1,"[PREMIUM]","[PREMIUM]","[PREMIUM]","[PREMIUM]",true,false,"['Clear view']","2026-08-26 19:29:29"
"13821251096","2026-08-26 23:59:13.418","2026-08-26 23:59:13.418","13821251096","161667299","[PREMIUM]","[PREMIUM]","228","12","_",,,4,"[1,2,4]",407,"Upper",10,"Mobile Transfer ticket",1,"[PREMIUM]","[PREMIUM]","[PREMIUM]","[PREMIUM]",true,false,"['Clear view']","2026-08-26 19:29:29"
"13821250943","2026-08-26 23:59:13.418","2026-08-26 23:59:13.418","13821250943","161667299","[PREMIUM]","[PREMIUM]","228","13","_",,,5,"[1,2,3,5]",407,"Upper",10,"Mobile Transfer ticket",1,"[PREMIUM]","[PREMIUM]","[PREMIUM]","[PREMIUM]",true,false,"['Clear view']","2026-08-26 19:29:29"
"13821250940","2026-08-26 23:59:13.418","2026-08-26 23:59:13.418","13821250940","161667299","[PREMIUM]","[PREMIUM]","228","14","_",,,2,"[2]",407,"Upper",10,"Mobile Transfer ticket",1,"[PREMIUM]","[PREMIUM]","[PREMIUM]","[PREMIUM]",true,false,"['Clear view']","2026-08-26 19:29:29"
"13821250939","2026-08-26 23:59:13.418","2026-08-27 23:27:26.838","13821250939","161667299","[PREMIUM]","[PREMIUM]","228","16","_",,,4,"[1,2,4]",407,"Upper",10,"Mobile Transfer ticket",1,"[PREMIUM]","[PREMIUM]","[PREMIUM]","[PREMIUM]",true,false,"['Clear view']","2026-08-26 19:29:29"
"13796198292","2026-08-26 23:59:13.400","2026-08-26 23:59:13.400","13796198292","161667299","[PREMIUM]","[PREMIUM]","204","11","18_21","18",,4,"[1,2,4]",407,"Upper",10,"Mobile Transfer ticket",1,"[PREMIUM]","[PREMIUM]","[PREMIUM]","[PREMIUM]",true,false,"['Clear view']","2026-08-24 21:56:45"
"13822966857","2026-08-26 23:59:13.400","2026-08-26 23:59:13.400","13822966857","161667299","[PREMIUM]","[PREMIUM]","203","9","8_10","8",,3,"[1,3]",407,"Upper",10,"Mobile Transfer ticket",1,"[PREMIUM]","[PREMIUM]","[PREMIUM]","[PREMIUM]",true,false,"['Clear view']","2026-08-26 22:42:52"
"13822979760","2026-08-26 23:59:13.400","2026-08-26 23:59:13.400","13822979760","161667299","[PREMIUM]","[PREMIUM]","202","13","19_20","19",,2,"[2]",407,"Upper",10,"Mobile Transfer ticket",1,"[PREMIUM]","[PREMIUM]","[PREMIUM]","[PREMIUM]",true,false,"['Clear view']","2026-08-26 22:43:53"
"13819961352","2026-08-26 23:59:13.133","2026-08-31 00:00:30.934","13819961352","161667299","[PREMIUM]","[PREMIUM]","213","16","_",,,3,"[1,2,3]",407,"Upper",10,"Mobile Transfer ticket",14,"[PREMIUM]","[PREMIUM]","[PREMIUM]","[PREMIUM]",true,false,"['Clear view']","2026-08-26 17:28:37"
"13819995955","2026-08-26 23:59:13.133","2026-08-26 23:59:13.133","13819995955","161667299","[PREMIUM]","[PREMIUM]","212","16","_",,,2,"[1,2]",407,"Upper",10,"Mobile Transfer ticket",14,"[PREMIUM]","[PREMIUM]","[PREMIUM]","[PREMIUM]",true,false,"['Clear view']","2026-08-26 17:31:08"
"13821293166","2026-08-26 23:59:13.133","2026-08-26 23:59:13.133","13821293166","161667299","[PREMIUM]","[PREMIUM]","212","12","_",,,2,"[2]",407,"Upper",10,"Mobile Transfer ticket",1,"[PREMIUM]","[PREMIUM]","[PREMIUM]","[PREMIUM]",true,false,"['Clear view']","2026-08-26 19:32:50"
"13821293165","2026-08-26 23:59:13.133","2026-08-26 23:59:13.133","13821293165","161667299","[PREMIUM]","[PREMIUM]","212","14","_",,,4,"[1,2,4]",407,"Upper",10,"Mobile Transfer ticket",1,"[PREMIUM]","[PREMIUM]","[PREMIUM]","[PREMIUM]",true,false,"['Clear view']","2026-08-26 19:32:50"
"13798844243","2026-08-26 23:59:13.109","2026-08-26 23:59:13.109","13798844243","161667299","[PREMIUM]","[PREMIUM]","215","7","5_6","5",,2,"[2]",407,"Upper",10,"Mobile Transfer ticket",1,"[PREMIUM]","[PREMIUM]","[PREMIUM]","[PREMIUM]",true,false,"['Clear view']","2026-08-25 01:18:00"
"13821294191","2026-08-26 23:59:13.109","2026-08-26 23:59:13.109","13821294191","161667299","[PREMIUM]","[PREMIUM]","202","12","_",,,4,"[1,2,4]",407,"Upper",10,"Mobile Transfer ticket",1,"[PREMIUM]","[PREMIUM]","[PREMIUM]","[PREMIUM]",true,false,"['Clear view']","2026-08-26 19:32:54"
"13811676405","2026-08-26 23:59:13.015","2026-08-26 23:59:13.015","13811676405","161667299","[PREMIUM]","[PREMIUM]","214","10","19_20","19",,2,"[2]",407,"Upper",10,"Mobile Transfer ticket",1,"[PREMIUM]","[PREMIUM]","[PREMIUM]","[PREMIUM]",true,false,"['Clear view']","2026-08-25 23:28:44"
"13822953596","2026-08-26 23:59:13.015","2026-08-26 23:59:13.015","13822953596","161667299","[PREMIUM]","[PREMIUM]","203","13","10_13","10",,4,"[1,2,4]",407,"Upper",10,"Mobile Transfer ticket",1,"[PREMIUM]","[PREMIUM]","[PREMIUM]","[PREMIUM]",true,false,"['Clear view']","2026-08-26 22:41:57"
"13822968887","2026-08-26 23:59:13.015","2026-08-26 23:59:13.015","13822968887","161667299","[PREMIUM]","[PREMIUM]","216","12","13_16","13",,4,"[1,2,4]",407,"Upper",10,"Mobile Transfer ticket",1,"[PREMIUM]","[PREMIUM]","[PREMIUM]","[PREMIUM]",true,false,"['Clear view']","2026-08-26 22:43:00"
"13821293173","2026-08-26 23:59:12.958","2026-08-26 23:59:12.958","13821293173","161667299","[PREMIUM]","[PREMIUM]","212","15","_",,,3,"[1,3]",407,"Upper",10,"Mobile Transfer ticket",1,"[PREMIUM]","[PREMIUM]","[PREMIUM]","[PREMIUM]",true,false,"['Clear view']","2026-08-26 19:32:50"
"13813589372","2026-08-26 23:59:12.873","2026-09-08 23:58:39.396","13813589372","161710661","[PREMIUM]","[PREMIUM]","C8","12","5_6","5","6",2,"[2]",265,"Lower Tier",10,"Mobile Transfer ticket",1,"[PREMIUM]","[PREMIUM]","[PREMIUM]","[PREMIUM]",true,false,"['Access to VIP Club','Clear view']","2026-08-26 03:23:29"
"13821250944","2026-08-26 23:59:12.774","2026-08-27 23:27:27.168","13821250944","161667299","[PREMIUM]","[PREMIUM]","229","4","_",,,1,"[1]",407,"Upper",10,"Mobile Transfer ticket",1,"[PREMIUM]","[PREMIUM]","[PREMIUM]","[PREMIUM]",false,false,"['Clear view']","2026-08-26 19:29:29"
"13822182668","2026-08-26 23:59:12.657","2026-09-03 23:59:44.477","13822182668","161658858","[PREMIUM]","[PREMIUM]","222","23","_",,,1,"[1]",3803,"200 Level",10,"Mobile Transfer ticket",1,"[PREMIUM]","[PREMIUM]","[PREMIUM]","[PREMIUM]",false,false,"['Clear view']","2026-08-26 21:03:34"
"13794317470","2026-08-26 23:59:12.462","2026-09-08 23:59:14.844","13794317470","161667301","[PREMIUM]","[PREMIUM]","116","14","8_9","8","9",2,"[2]",594,"Lower",10,"Mobile Transfer ticket",1,"[PREMIUM]","[PREMIUM]","[PREMIUM]","[PREMIUM]",true,false,"['Clear view']","2026-08-24 19:35:09"
"13807455030","2026-08-26 23:59:12.462","2026-09-08 00:04:30.399","13807455030","161667301","[PREMIUM]","[PREMIUM]","101","8","_",,,2,"[1,2]",594,"Lower",10,"Mobile Transfer ticket",1,"[PREMIUM]","[PREMIUM]","[PREMIUM]","[PREMIUM]",true,false,"['Clear view']","2026-08-25 17:10:58"
"13804904697","2026-08-26 23:59:12.462","2026-09-08 23:59:14.729","13804904697","161667301","[PREMIUM]","[PREMIUM]","125","15","_",,,2,"[2]",594,"Lower",10,"Mobile Transfer ticket",1,"[PREMIUM]","[PREMIUM]","[PREMIUM]","[PREMIUM]",true,false,"['Clear view']","2026-08-25 12:45:06"
"13809613909","2026-08-26 23:59:12.462","2026-08-26 23:59:12.462","13809613909","161667301","[PREMIUM]","[PREMIUM]","114","6","13_16","13",,4,"[1,2,4]",594,"Lower",10,"Mobile Transfer ticket",1,"[PREMIUM]","[PREMIUM]","[PREMIUM]","[PREMIUM]",true,false,"['Clear view']","2026-08-25 20:27:55"
"13790951346","2026-08-26 23:59:12.448","2026-09-08 23:59:12.737","13790951346","161667301","[PREMIUM]","[PREMIUM]","102","16","_",,,4,"[2,4]",594,"Lower",10,"Mobile Transfer ticket",1,"[PREMIUM]","[PREMIUM]","[PREMIUM]","[PREMIUM]",true,false,"['Clear view']","2026-08-24 14:17:52"
"13794991159","2026-08-26 23:59:12.253","2026-09-04 23:58:35.152","13794991159","161667301","[PREMIUM]","[PREMIUM]","226",,"_",,,4,"[1,2,3,4]",407,"Upper",10,"Mobile Transfer ticket",1,"[PREMIUM]","[PREMIUM]","[PREMIUM]","[PREMIUM]",true,true,"['Clear view']","2026-08-24 20:40:11"
"13795238693","2026-08-26 23:59:12.253","2026-09-04 23:58:35.152","13795238693","161667301","[PREMIUM]","[PREMIUM]","211",,"_",,,4,"[1,2,3,4]",407,"Upper",10,"Mobile Transfer ticket",1,"[PREMIUM]","[PREMIUM]","[PREMIUM]","[PREMIUM]",true,true,"['Clear view']","2026-08-24 20:55:03"
"13795930835","2026-08-26 23:59:12.253","2026-09-04 23:58:35.152","13795930835","161667301","[PREMIUM]","[PREMIUM]","208",,"_",,,4,"[1,2,3,4]",407,"Upper",10,"Mobile Transfer ticket",1,"[PREMIUM]","[PREMIUM]","[PREMIUM]","[PREMIUM]",true,true,"['Clear view']","2026-08-24 21:37:50"
"13822953519","2026-08-26 23:59:12.253","2026-08-26 23:59:12.253","13822953519","161667301","[PREMIUM]","[PREMIUM]","222","9","1_4","1",,4,"[1,2,4]",407,"Upper",10,"Mobile Transfer ticket",1,"[PREMIUM]","[PREMIUM]","[PREMIUM]","[PREMIUM]",true,false,"['Clear view']","2026-08-26 22:41:57"
"13823456275","2026-08-26 23:59:12.236","2026-08-26 23:59:14.676","13823456275","161667301","[PREMIUM]","[PREMIUM]","203","1","_",,,4,"[1,2,4]",407,"Upper",10,"Mobile Transfer ticket",1,"[PREMIUM]","[PREMIUM]","[PREMIUM]","[PREMIUM]",true,false,"['Front Row of Section','Clear view']","2026-08-26 23:24:34"
"13822953106","2026-08-26 23:59:12.223","2026-08-26 23:59:12.223","13822953106","161667301","[PREMIUM]","[PREMIUM]","207","3","1_4","1",,4,"[1,2,4]",407,"Upper",10,"Mobile Transfer ticket",1,"[PREMIUM]","[PREMIUM]","[PREMIUM]","[PREMIUM]",true,false,"['Third Row of Section','Clear view']","2026-08-26 22:41:56"
"13823455562","2026-08-26 23:59:12.138","2026-08-27 23:27:28.390","13823455562","161667301","[PREMIUM]","[PREMIUM]","224","4","_",,,2,"[2]",407,"Upper",10,"Mobile Transfer ticket",1,"[PREMIUM]","[PREMIUM]","[PREMIUM]","[PREMIUM]",true,false,"['Clear view']","2026-08-26 23:24:31"
"13794697231","2026-08-26 23:59:12.114","2026-09-04 23:58:35.290","13794697231","161667301","[PREMIUM]","[PREMIUM]","101","14","_",,,4,"[1,2,3,4]",594,"Lower",10,"Mobile Transfer ticket",1,"[PREMIUM]","[PREMIUM]","[PREMIUM]","[PREMIUM]",true,false,"['Clear view']","2026-08-24 20:17:03"
"13822954778","2026-08-26 23:59:12.114","2026-08-26 23:59:14.390","13822954778","161667301","[PREMIUM]","[PREMIUM]","M103","9","13_18","13",,6,"[1,2,3,4,6]",507,"Mezzanine",10,"Mobile Transfer ticket",1,"[PREMIUM]","[PREMIUM]","[PREMIUM]","[PREMIUM]",true,false,"['Clear view']","2026-08-26 22:42:02"
"13822634287","2026-08-26 23:59:12.114","2026-08-26 23:59:12.114","13822634287","161667301","[PREMIUM]","[PREMIUM]","218","2","9001_9002","9001",,2,"[2]",407,"Upper",10,"Mobile Transfer ticket",1,"[PREMIUM]","[PREMIUM]","[PREMIUM]","[PREMIUM]",true,false,"['Second Row of Section','Clear view']","2026-08-26 22:01:48"
"13823459766","2026-08-26 23:59:12.114","2026-08-26 23:59:12.114","13823459766","161667301","[PREMIUM]","[PREMIUM]","229","2","_",,,2,"[2]",407,"Upper",10,"Mobile Transfer ticket",1,"[PREMIUM]","[PREMIUM]","[PREMIUM]","[PREMIUM]",true,false,"['Second Row of Section','Clear view']","2026-08-26 23:24:45"
"13804904486","2026-08-26 23:59:11.956","2026-09-08 00:04:25.323","13804904486","161667301","[PREMIUM]","[PREMIUM]","210","7","_",,,4,"[2,4]",407,"Upper",10,"Mobile Transfer ticket",1,"[PREMIUM]","[PREMIUM]","[PREMIUM]","[PREMIUM]",true,false,"['Clear view']","2026-08-25 12:45:05"
"13817469279","2026-08-26 23:59:11.956","2026-08-26 23:59:14.390","13817469279","161667301","[PREMIUM]","[PREMIUM]","M114","3","1_4","1",,4,"[1,2,4]",507,"Mezzanine",10,"Mobile Transfer ticket",1,"[PREMIUM]","[PREMIUM]","[PREMIUM]","[PREMIUM]",true,false,"['Third Row of Section','Clear view']","2026-08-26 12:39:38"
"13822956592","2026-08-26 23:59:11.956","2026-08-26 23:59:14.390","13822956592","161667301","[PREMIUM]","[PREMIUM]","M117","14","17_23","17",,7,"[1,2,3,4,5,7]",507,"Mezzanine",10,"Mobile Transfer ticket",1,"[PREMIUM]","[PREMIUM]","[PREMIUM]","[PREMIUM]",true,false,"['Clear view']","2026-08-26 22:42:11"
"13823454165","2026-08-26 23:59:11.834","2026-08-26 23:59:11.834","13823454165","161667301","[PREMIUM]","[PREMIUM]","222","12","_",,,2,"[2]",407,"Upper",10,"Mobile Transfer ticket",1,"[PREMIUM]","[PREMIUM]","[PREMIUM]","[PREMIUM]",true,false,"['Clear view']","2026-08-26 23:24:28"
"13822951008","2026-08-26 23:59:11.830","2026-08-26 23:59:11.830","13822951008","161667301","[PREMIUM]","[PREMIUM]","211","7","1_2","1",,2,"[2]",407,"Upper",10,"Mobile Transfer ticket",1,"[PREMIUM]","[PREMIUM]","[PREMIUM]","[PREMIUM]",true,false,"['Clear view']","2026-08-26 22:41:46"
"13670066230","2026-08-26 23:59:11.684","2026-09-08 23:58:37.805","13670066230","161708216","[PREMIUM]","[PREMIUM]","113","25","_",,,3,"[1,3]",594,"Lower",10,"Mobile Transfer ticket",1,"[PREMIUM]","[PREMIUM]","[PREMIUM]","[PREMIUM]",true,false,"['Clear view']","2026-08-14 05:19:13"
"13803269932","2026-08-26 23:59:11.070","2026-08-26 23:59:11.070","13803269932","161667299","[PREMIUM]","[PREMIUM]","230","7","5_6","5",,2,"[2]",407,"Upper",10,"Mobile Transfer ticket",1,"[PREMIUM]","[PREMIUM]","[PREMIUM]","[PREMIUM]",true,false,"['Clear view']","2026-08-25 09:36:16"
"13808163432","2026-08-26 23:59:11.070","2026-08-26 23:59:11.070","13808163432","161667299","[PREMIUM]","[PREMIUM]","202","14","9_10","9",,2,"[2]",407,"Upper",10,"Mobile Transfer ticket",1,"[PREMIUM]","[PREMIUM]","[PREMIUM]","[PREMIUM]",true,false,"['Clear view']","2026-08-25 18:25:17"
"13822953446","2026-08-26 23:59:11.070","2026-08-26 23:59:11.070","13822953446","161667299","[PREMIUM]","[PREMIUM]","217","6","7_8","7",,2,"[2]",407,"Upper",10,"Mobile Transfer ticket",1,"[PREMIUM]","[PREMIUM]","[PREMIUM]","[PREMIUM]",true,false,"['Clear view']","2026-08-26 22:41:57"
"13790951600","2026-08-26 23:59:09.842","2026-09-08 23:59:09.087","13790951600","161667301","[PREMIUM]","[PREMIUM]","216","2","_",,,2,"[2]",407,"Upper",10,"Mobile Transfer ticket",1,"[PREMIUM]","[PREMIUM]","[PREMIUM]","[PREMIUM]",true,false,"['Second Row of Section','Clear view']","2026-08-24 14:17:53"
"13790951603","2026-08-26 23:59:09.842","2026-09-08 23:59:09.087","13790951603","161667301","[PREMIUM]","[PREMIUM]","203","2","_",,,4,"[2,4]",407,"Upper",10,"Mobile Transfer ticket",1,"[PREMIUM]","[PREMIUM]","[PREMIUM]","[PREMIUM]",true,false,"['Second Row of Section','Clear view']","2026-08-24 14:17:53"
"13790951644","2026-08-26 23:59:09.842","2026-09-08 23:59:09.087","13790951644","161667301","[PREMIUM]","[PREMIUM]","218","4","_",,,2,"[2]",407,"Upper",10,"Mobile Transfer ticket",1,"[PREMIUM]","[PREMIUM]","[PREMIUM]","[PREMIUM]",true,false,"['Clear view']","2026-08-24 14:17:53"
"13822957346","2026-08-26 23:59:09.842","2026-08-26 23:59:09.842","13822957346","161667301","[PREMIUM]","[PREMIUM]","210","11","15_18","15",,4,"[1,2,4]",407,"Upper",10,"Mobile Transfer ticket",1,"[PREMIUM]","[PREMIUM]","[PREMIUM]","[PREMIUM]",true,false,"['Clear view']","2026-08-26 22:42:13"
"13790951524","2026-08-26 23:59:09.732","2026-09-06 23:56:55.827","13790951524","161667301","[PREMIUM]","[PREMIUM]","230","7","_",,,3,"[1,3]",407,"Upper",10,"Mobile Transfer ticket",1,"[PREMIUM]","[PREMIUM]","[PREMIUM]","[PREMIUM]",true,false,"['Clear view']","2026-08-24 14:17:52"
"13794660942","2026-08-26 23:59:09.732","2026-09-04 23:58:33.040","13794660942","161667301","[PREMIUM]","[PREMIUM]","215","8","_",,,3,"[1,3]",407,"Upper",10,"Mobile Transfer ticket",1,"[PREMIUM]","[PREMIUM]","[PREMIUM]","[PREMIUM]",true,false,"['Clear view']","2026-08-24 20:12:00"
"13804904647","2026-08-26 23:59:09.714","2026-09-02 23:46:57.729","13804904647","161667301","[PREMIUM]","[PREMIUM]","210","10","_",,,2,"[2]",407,"Upper",10,"Mobile Transfer ticket",1,"[PREMIUM]","[PREMIUM]","[PREMIUM]","[PREMIUM]",true,false,"['Clear view']","2026-08-25 12:45:06"
"13804904585","2026-08-26 23:59:09.714","2026-09-08 23:59:08.846","13804904585","161667301","[PREMIUM]","[PREMIUM]","223","10","_",,,2,"[2]",407,"Upper",10,"Mobile Transfer ticket",1,"[PREMIUM]","[PREMIUM]","[PREMIUM]","[PREMIUM]",true,false,"['Clear view']","2026-08-25 12:45:06"
"13804904555","2026-08-26 23:59:09.714","2026-09-08 23:59:08.846","13804904555","161667301","[PREMIUM]","[PREMIUM]","224","10","_",,,4,"[2,4]",407,"Upper",10,"Mobile Transfer ticket",1,"[PREMIUM]","[PREMIUM]","[PREMIUM]","[PREMIUM]",true,false,"['Clear view']","2026-08-25 12:45:06"
"13804904534","2026-08-26 23:59:09.545","2026-08-29 23:57:41.249","13804904534","161667301","[PREMIUM]","[PREMIUM]","220","6","_",,,3,"[1,3]",407,"Upper",10,"Mobile Transfer ticket",1,"[PREMIUM]","[PREMIUM]","[PREMIUM]","[PREMIUM]",true,false,"['Clear view']","2026-08-25 12:45:06"
"13823460024","2026-08-26 23:59:09.545","2026-08-26 23:59:09.545","13823460024","161667301","[PREMIUM]","[PREMIUM]","221","10","_",,,3,"[1,3]",407,"Upper",10,"Mobile Transfer ticket",1,"[PREMIUM]","[PREMIUM]","[PREMIUM]","[PREMIUM]",true,false,"['Clear view']","2026-08-26 23:24:45"
"13823459873","2026-08-26 23:59:09.545","2026-08-31 00:00:30.029","13823459873","161667301","[PREMIUM]","[PREMIUM]","226","10","_",,,2,"[2]",407,"Upper",10,"Mobile Transfer ticket",1,"[PREMIUM]","[PREMIUM]","[PREMIUM]","[PREMIUM]",true,false,"['Clear view']","2026-08-26 23:24:45"
"13823461310","2026-08-26 23:59:09.545","2026-09-01 23:55:27.873","13823461310","161667301","[PREMIUM]","[PREMIUM]","207","10","_",,,2,"[2]",407,"Upper",10,"Mobile Transfer ticket",1,"[PREMIUM]","[PREMIUM]","[PREMIUM]","[PREMIUM]",true,false,"['Clear view']","2026-08-26 23:24:49"
"13794590494","2026-08-26 23:59:09.490","2026-09-08 23:59:08.735","13794590494","161667301","[PREMIUM]","[PREMIUM]","212","10","3_4","3","4",2,"[2]",407,"Upper",10,"Mobile Transfer ticket",1,"[PREMIUM]","[PREMIUM]","[PREMIUM]","[PREMIUM]",true,false,"['Clear view']","2026-08-24 19:59:26"
"13822955575","2026-08-26 23:59:09.490","2026-08-26 23:59:09.490","13822955575","161667301","[PREMIUM]","[PREMIUM]","205","10","9_14","9",,6,"[1,2,3,4,6]",407,"Upper",10,"Mobile Transfer ticket",1,"[PREMIUM]","[PREMIUM]","[PREMIUM]","[PREMIUM]",true,false,"['Clear view']","2026-08-26 22:42:06"
"13821438705","2026-08-26 23:59:09.439","2026-08-26 23:59:09.439","13821438705","161667301","[PREMIUM]","[PREMIUM]","201","11","_",,,2,"[2]",407,"Upper",10,"Mobile Transfer ticket",1,"[PREMIUM]","[PREMIUM]","[PREMIUM]","[PREMIUM]",true,false,"['Clear view']","2026-08-26 19:47:31"
"13822945933","2026-08-26 23:59:09.439","2026-08-26 23:59:09.439","13822945933","161667301","[PREMIUM]","[PREMIUM]","226","12","5_8","5",,4,"[1,2,4]",407,"Upper",10,"Mobile Transfer ticket",1,"[PREMIUM]","[PREMIUM]","[PREMIUM]","[PREMIUM]",true,false,"['Clear view']","2026-08-26 22:40:04"
"13823459786","2026-08-26 23:59:09.429","2026-08-26 23:59:09.429","13823459786","161667301","[PREMIUM]","[PREMIUM]","228","10","_",,,5,"[1,2,3,5]",407,"Upper",10,"Mobile Transfer ticket",1,"[PREMIUM]","[PREMIUM]","[PREMIUM]","[PREMIUM]",true,false,"['Clear view']","2026-08-26 23:24:45"
"13823456273","2026-08-26 23:59:09.429","2026-08-29 23:57:40.944","13823456273","161667301","[PREMIUM]","[PREMIUM]","204","7","_",,,5,"[1,2,3,5]",407,"Upper",10,"Mobile Transfer ticket",1,"[PREMIUM]","[PREMIUM]","[PREMIUM]","[PREMIUM]",true,false,"['Clear view']","2026-08-26 23:24:34"
"13823456222","2026-08-26 23:59:09.429","2026-08-26 23:59:09.429","13823456222","161667301","[PREMIUM]","[PREMIUM]","203","5","_",,,2,"[2]",407,"Upper",10,"Mobile Transfer ticket",1,"[PREMIUM]","[PREMIUM]","[PREMIUM]","[PREMIUM]",true,false,"['Clear view']","2026-08-26 23:24:33"
"13823459764","2026-08-26 23:59:09.429","2026-09-02 23:46:55.315","13823459764","161667301","[PREMIUM]","[PREMIUM]","229","4","_",,,1,"[1]",407,"Upper",10,"Mobile Transfer ticket",1,"[PREMIUM]","[PREMIUM]","[PREMIUM]","[PREMIUM]",false,false,"['Clear view']","2026-08-26 23:24:45"
"13804904625","2026-08-26 23:59:09.409","2026-08-27 23:27:25.949","13804904625","161667301","[PREMIUM]","[PREMIUM]","201","14","_",,,2,"[2]",407,"Upper",10,"Mobile Transfer ticket",1,"[PREMIUM]","[PREMIUM]","[PREMIUM]","[PREMIUM]",true,false,"['Clear view']","2026-08-25 12:45:06"
"13822995085","2026-08-26 23:59:09.409","2026-08-26 23:59:09.409","13822995085","161667301","[PREMIUM]","[PREMIUM]","205","11","9_12","9",,4,"[1,2,4]",407,"Upper",10,"Mobile Transfer ticket",1,"[PREMIUM]","[PREMIUM]","[PREMIUM]","[PREMIUM]",true,false,"['Clear view']","2026-08-26 22:44:43"
"13822955232","2026-08-26 23:59:09.409","2026-08-26 23:59:09.409","13822955232","161667301","[PREMIUM]","[PREMIUM]","231","13","19_20","19",,2,"[2]",407,"Upper",10,"Mobile Transfer ticket",1,"[PREMIUM]","[PREMIUM]","[PREMIUM]","[PREMIUM]",true,false,"['Clear view']","2026-08-26 22:42:04"
"13822948462","2026-08-26 23:59:09.409","2026-08-26 23:59:09.409","13822948462","161667301","[PREMIUM]","[PREMIUM]","207","11","18_21","18",,4,"[1,2,4]",407,"Upper",10,"Mobile Transfer ticket",1,"[PREMIUM]","[PREMIUM]","[PREMIUM]","[PREMIUM]",true,false,"['Clear view']","2026-08-26 22:40:28"
"13794697234","2026-08-26 23:59:09.380","2026-09-08 23:59:05.330","13794697234","161667301","[PREMIUM]","[PREMIUM]","231","11","_",,,4,"[1,2,3,4]",407,"Upper",10,"Mobile Transfer ticket",1,"[PREMIUM]","[PREMIUM]","[PREMIUM]","[PREMIUM]",true,false,"['Clear view']","2026-08-24 20:17:03"
"13814699107","2026-08-26 23:59:09.380","2026-08-31 23:52:06.333","13814699107","161667301","[PREMIUM]","[PREMIUM]","215","10","_",,,3,"[3]",407,"Upper",10,"Mobile Transfer ticket",1,"[PREMIUM]","[PREMIUM]","[PREMIUM]","[PREMIUM]",true,false,"['Clear view']","2026-08-26 05:47:32"
"13817469273","2026-08-26 23:59:09.380","2026-08-26 23:59:09.380","13817469273","161667301","[PREMIUM]","[PREMIUM]","218","8","11_13","11",,3,"[1,3]",407,"Upper",10,"Mobile Transfer ticket",1,"[PREMIUM]","[PREMIUM]","[PREMIUM]","[PREMIUM]",true,false,"['Clear view']","2026-08-26 12:39:38"
"13822951006","2026-08-26 23:59:09.380","2026-08-26 23:59:09.380","13822951006","161667301","[PREMIUM]","[PREMIUM]","202","14","1_2","1",,2,"[2]",407,"Upper",10,"Mobile Transfer ticket",1,"[PREMIUM]","[PREMIUM]","[PREMIUM]","[PREMIUM]",true,false,"['Clear view']","2026-08-26 22:41:46"
"13820468926","2026-08-26 23:59:08.944","2026-08-29 23:57:39.275","13820468926","161710661","[PREMIUM]","[PREMIUM]","T3","3","_",,,10,"[1,2,3,4,5,6,7,8,9,10]",267,"Upper Tier",10,"Mobile Transfer ticket",1,"[PREMIUM]","[PREMIUM]","[PREMIUM]","[PREMIUM]",true,false,"['Third Row of Section','Clear view']","2026-08-26 18:20:41"
"13820468886","2026-08-26 23:59:08.890","2026-08-29 23:57:39.654","13820468886","161710661","[PREMIUM]","[PREMIUM]","T31","3","_",,,9,"[1,2,3,4,5,6,7,8,9]",267,"Upper Tier",10,"Mobile Transfer ticket",1,"[PREMIUM]","[PREMIUM]","[PREMIUM]","[PREMIUM]",true,false,"['Third Row of Section','Clear view']","2026-08-26 18:20:41"
"13820468885","2026-08-26 23:59:08.849","2026-08-29 23:57:39.654","13820468885","161710661","[PREMIUM]","[PREMIUM]","T30","2","_",,,8,"[1,2,3,4,5,6,7,8]",267,"Upper Tier",10,"Mobile Transfer ticket",1,"[PREMIUM]","[PREMIUM]","[PREMIUM]","[PREMIUM]",true,false,"['Second Row of Section','Clear view']","2026-08-26 18:20:41"
"13794988167","2026-08-26 23:59:08.251","2026-09-06 23:57:20.633","13794988167","161667280","[PREMIUM]","[PREMIUM]","121","14","_",,,2,"[1,2]",594,"Lower",10,"Mobile Transfer ticket",1,"[PREMIUM]","[PREMIUM]","[PREMIUM]","[PREMIUM]",true,false,"['Clear view']","2026-08-24 20:40:00"
"13795194128","2026-08-26 23:59:08.251","2026-09-06 23:57:20.633","13795194128","161667280","[PREMIUM]","[PREMIUM]","120","14","_",,,2,"[1,2]",594,"Lower",10,"Mobile Transfer ticket",1,"[PREMIUM]","[PREMIUM]","[PREMIUM]","[PREMIUM]",true,false,"['Clear view']","2026-08-24 20:50:33"
"13795970195","2026-08-26 23:59:08.251","2026-09-06 23:57:20.633","13795970195","161667280","[PREMIUM]","[PREMIUM]","109",,"_",,,4,"[1,2,3,4]",594,"Lower",10,"Mobile Transfer ticket",1,"[PREMIUM]","[PREMIUM]","[PREMIUM]","[PREMIUM]",true,true,"['Clear view']","2026-08-24 21:39:27"
"13796111809","2026-08-26 23:59:08.251","2026-09-06 23:57:20.633","13796111809","161667280","[PREMIUM]","[PREMIUM]","108","14","_",,,2,"[1,2]",594,"Lower",10,"Mobile Transfer ticket",1,"[PREMIUM]","[PREMIUM]","[PREMIUM]","[PREMIUM]",true,false,"['Clear view']","2026-08-24 21:49:12"
"13796086459","2026-08-26 23:59:08.251","2026-09-06 23:57:20.633","13796086459","161667280","[PREMIUM]","[PREMIUM]","122",,"_",,,4,"[1,2,3,4]",594,"Lower",10,"Mobile Transfer ticket",1,"[PREMIUM]","[PREMIUM]","[PREMIUM]","[PREMIUM]",true,true,"['Clear view']","2026-08-24 21:47:17"
"13796186942","2026-08-26 23:59:08.148","2026-09-08 00:05:05.282","13796186942","161667280","[PREMIUM]","[PREMIUM]","123","14","_",,,2,"[1,2]",594,"Lower",10,"Mobile Transfer ticket",1,"[PREMIUM]","[PREMIUM]","[PREMIUM]","[PREMIUM]",true,false,"['Clear view']","2026-08-24 21:56:14"
"13823471122","2026-08-26 23:59:08.148","2026-09-06 23:57:18.351","13823471122","161667280","[PREMIUM]","[PREMIUM]","A2","4","_",,,2,"[2]",1201,"Arena",10,"Mobile Transfer ticket",1,"[PREMIUM]","[PREMIUM]","[PREMIUM]","[PREMIUM]",true,false,"['Clear view']","2026-08-26 23:25:23"
"13823471098","2026-08-26 23:59:08.148","2026-09-06 23:57:18.351","13823471098","161667280","[PREMIUM]","[PREMIUM]","A2","5","_",,,4,"[1,2,4]",1201,"Arena",10,"Mobile Transfer ticket",1,"[PREMIUM]","[PREMIUM]","[PREMIUM]","[PREMIUM]",true,false,"['Clear view']","2026-08-26 23:25:23"
"13823471092","2026-08-26 23:59:08.148","2026-09-06 23:57:18.351","13823471092","161667280","[PREMIUM]","[PREMIUM]","A3","5","_",,,4,"[1,2,4]",1201,"Arena",10,"Mobile Transfer ticket",1,"[PREMIUM]","[PREMIUM]","[PREMIUM]","[PREMIUM]",true,false,"['Clear view']","2026-08-26 23:25:23"
"13709828124","2026-08-26 23:59:07.607","2026-08-27 23:27:37.009","13709828124","161672719","[PREMIUM]","[PREMIUM]","109","C","_",,,3,"[1,3]",594,"Lower",10,"Mobile Transfer ticket",1,"[PREMIUM]","[PREMIUM]","[PREMIUM]","[PREMIUM]",true,false,"['Clear view']","2026-08-18 01:13:13"
"13822948520","2026-08-26 23:59:07.550","2026-08-26 23:59:07.550","13822948520","161667280","[PREMIUM]","[PREMIUM]","M111","6","5_9","5",,5,"[1,2,3,5]",507,"Mezzanine",10,"Mobile Transfer ticket",1,"[PREMIUM]","[PREMIUM]","[PREMIUM]","[PREMIUM]",true,false,"['Clear view']","2026-08-26 22:40:29"
"13822947958","2026-08-26 23:59:07.550","2026-08-26 23:59:07.550","13822947958","161667280","[PREMIUM]","[PREMIUM]","113","11","8_10","8",,3,"[1,3]",594,"Lower",10,"Mobile Transfer ticket",1,"[PREMIUM]","[PREMIUM]","[PREMIUM]","[PREMIUM]",true,false,"['Clear view']","2026-08-26 22:40:16"
"13822949280","2026-08-26 23:59:07.550","2026-08-26 23:59:07.550","13822949280","161667280","[PREMIUM]","[PREMIUM]","101","6","13_14","13",,2,"[2]",594,"Lower",10,"Mobile Transfer ticket",1,"[PREMIUM]","[PREMIUM]","[PREMIUM]","[PREMIUM]",true,false,"['Clear view']","2026-08-26 22:40:47"
"13823466269","2026-08-26 23:59:07.550","2026-09-05 23:58:48.440","13823466269","161667280","[PREMIUM]","[PREMIUM]","227","2","_",,,2,"[2]",407,"Upper",10,"Mobile Transfer ticket",1,"[PREMIUM]","[PREMIUM]","[PREMIUM]","[PREMIUM]",true,false,"['Second Row of Section','Clear view']","2026-08-26 23:25:06"
"13822957352","2026-08-26 23:59:07.315","2026-08-26 23:59:07.315","13822957352","161667280","[PREMIUM]","[PREMIUM]","M125","3","3_5","3",,3,"[1,3]",507,"Mezzanine",10,"Mobile Transfer ticket",1,"[PREMIUM]","[PREMIUM]","[PREMIUM]","[PREMIUM]",true,false,"['Third Row of Section','Clear view']","2026-08-26 22:42:13"
"13823464393","2026-08-26 23:59:07.315","2026-09-02 23:47:37.756","13823464393","161667280","[PREMIUM]","[PREMIUM]","204","1","_",,,4,"[1,2,4]",407,"Upper",10,"Mobile Transfer ticket",1,"[PREMIUM]","[PREMIUM]","[PREMIUM]","[PREMIUM]",true,false,"['Front Row of Section','Clear view']","2026-08-26 23:25:00"
"13823471312","2026-08-26 23:59:07.315","2026-09-06 23:57:15.976","13823471312","161667280","[PREMIUM]","[PREMIUM]","229","1","_",,,1,"[1]",407,"Upper",10,"Mobile Transfer ticket",1,"[PREMIUM]","[PREMIUM]","[PREMIUM]","[PREMIUM]",false,false,"['Front Row of Section','Clear view']","2026-08-26 23:25:23"
"13709828130","2026-08-26 23:59:07.190","2026-09-08 23:58:32.586","13709828130","161672719","[PREMIUM]","[PREMIUM]","112","Q","_",,,4,"[2,4]",594,"Lower",10,"Mobile Transfer ticket",1,"[PREMIUM]","[PREMIUM]","[PREMIUM]","[PREMIUM]",true,false,"['Clear view']","2026-08-18 01:13:13"
"13817321202","2026-08-26 23:59:06.946","2026-09-08 23:58:37.917","13817321202","161708216","[PREMIUM]","[PREMIUM]","108","3","9001_9002","9001",,2,"[2]",594,"Lower",10,"Mobile Transfer ticket",13,"[PREMIUM]","[PREMIUM]","[PREMIUM]","[PREMIUM]",true,false,"['Third Row of Section','Clear view']","2026-08-26 12:14:45"
"13816811920","2026-08-26 23:59:06.946","2026-09-06 23:56:54.159","13816811920","161708216","[PREMIUM]","[PREMIUM]","108","11","9001_9002","9001",,2,"[2]",594,"Lower",10,"Mobile Transfer ticket",13,"[PREMIUM]","[PREMIUM]","[PREMIUM]","[PREMIUM]",true,false,"['Clear view']","2026-08-26 10:47:25"
"13815183494","2026-08-26 23:59:06.756","2026-09-08 23:58:37.806","13815183494","161708216","[PREMIUM]","[PREMIUM]","106","5","9001_9002","9001",,2,"[2]",594,"Lower",10,"Mobile Transfer ticket",13,"[PREMIUM]","[PREMIUM]","[PREMIUM]","[PREMIUM]",true,false,"['Clear view']","2026-08-26 06:57:23"
"13815357063","2026-08-26 23:59:06.614","2026-08-31 23:51:52.748","13815357063","161708216","[PREMIUM]","[PREMIUM]","104","6","9001_9002","9001",,2,"[2]",594,"Lower",10,"Mobile Transfer ticket",13,"[PREMIUM]","[PREMIUM]","[PREMIUM]","[PREMIUM]",true,false,"['Clear view']","2026-08-26 07:20:16"
"13816156419","2026-08-26 23:59:06.614","2026-09-08 23:58:38.279","13816156419","161708216","[PREMIUM]","[PREMIUM]","111","8","9001_9002","9001",,2,"[2]",594,"Lower",10,"Mobile Transfer ticket",13,"[PREMIUM]","[PREMIUM]","[PREMIUM]","[PREMIUM]",true,false,"['Clear view']","2026-08-26 09:11:55"
"13813309241","2026-08-26 23:59:06.330","2026-08-26 23:59:06.330","13813309241","161667301","[PREMIUM]","[PREMIUM]","229","10","1_2","1",,2,"[2]",407,"Upper",10,"Mobile Transfer ticket",1,"[PREMIUM]","[PREMIUM]","[PREMIUM]","[PREMIUM]",true,false,"['Clear view']","2026-08-26 02:39:15"
"13822949841","2026-08-26 23:59:06.330","2026-08-26 23:59:06.330","13822949841","161667301","[PREMIUM]","[PREMIUM]","204","11","18_21","18",,4,"[1,2,4]",407,"Upper",10,"Mobile Transfer ticket",1,"[PREMIUM]","[PREMIUM]","[PREMIUM]","[PREMIUM]",true,false,"['Clear view']","2026-08-26 22:41:24"
"13822950029","2026-08-26 23:59:06.330","2026-08-26 23:59:06.330","13822950029","161667301","[PREMIUM]","[PREMIUM]","203","8","1_4","1",,4,"[1,2,4]",407,"Upper",10,"Mobile Transfer ticket",1,"[PREMIUM]","[PREMIUM]","[PREMIUM]","[PREMIUM]",true,false,"['Clear view']","2026-08-26 22:41:39"
"13794997237","2026-08-26 23:59:06.088","2026-09-06 23:57:20.374","13794997237","161667280","[PREMIUM]","[PREMIUM]","115","16","_",,,2,"[1,2]",594,"Lower",10,"Mobile Transfer ticket",1,"[PREMIUM]","[PREMIUM]","[PREMIUM]","[PREMIUM]",true,false,"['Clear view']","2026-08-24 20:40:31"
"13795338315","2026-08-26 23:59:06.088","2026-09-06 23:57:20.374","13795338315","161667280","[PREMIUM]","[PREMIUM]","101","16","_",,,2,"[1,2]",594,"Lower",10,"Mobile Transfer ticket",1,"[PREMIUM]","[PREMIUM]","[PREMIUM]","[PREMIUM]",true,false,"['Clear view']","2026-08-24 21:00:07"
"13795781335","2026-08-26 23:59:06.088","2026-09-06 23:57:20.376","13795781335","161667280","[PREMIUM]","[PREMIUM]","126","16","_",,,2,"[1,2]",594,"Lower",10,"Mobile Transfer ticket",1,"[PREMIUM]","[PREMIUM]","[PREMIUM]","[PREMIUM]",true,false,"['Clear view']","2026-08-24 21:28:21"
"13795736095","2026-08-26 23:59:06.088","2026-09-06 23:57:20.374","13795736095","161667280","[PREMIUM]","[PREMIUM]","102","16","_",,,2,"[1,2]",594,"Lower",10,"Mobile Transfer ticket",1,"[PREMIUM]","[PREMIUM]","[PREMIUM]","[PREMIUM]",true,false,"['Clear view']","2026-08-24 21:26:38"
"13795881144","2026-08-26 23:59:06.088","2026-09-06 23:57:20.374","13795881144","161667280","[PREMIUM]","[PREMIUM]","114","16","_",,,2,"[1,2]",594,"Lower",10,"Mobile Transfer ticket",1,"[PREMIUM]","[PREMIUM]","[PREMIUM]","[PREMIUM]",true,false,"['Clear view']","2026-08-24 21:32:31"
"13820042148","2026-08-26 23:59:06.088","2026-09-08 23:59:00.146","13820042148","161667280","[PREMIUM]","[PREMIUM]","121","1","9_12","9",,4,"[2,4]",594,"Lower",10,"Mobile Transfer ticket",1,"[PREMIUM]","[PREMIUM]","[PREMIUM]","[PREMIUM]",true,false,"['Includes food, beer and wine','Front Row of Section','Clear view']","2026-08-26 17:35:47"
"13823469326","2026-08-26 23:59:05.895","2026-09-05 23:58:50.162","13823469326","161667280","[PREMIUM]","[PREMIUM]","C107","7","_",,,2,"[2]",1724,"Club",10,"Mobile Transfer ticket",1,"[PREMIUM]","[PREMIUM]","[PREMIUM]","[PREMIUM]",true,false,"['Clear view']","2026-08-26 23:25:16"
"13823462817","2026-08-26 23:59:05.895","2026-09-01 23:55:23.105","13823462817","161667280","[PREMIUM]","[PREMIUM]","126","1","_",,,2,"[2]",594,"Lower",10,"Mobile Transfer ticket",1,"[PREMIUM]","[PREMIUM]","[PREMIUM]","[PREMIUM]",true,false,"['Front Row of Section','Clear view']","2026-08-26 23:24:54"
"13795112013","2026-08-26 23:59:05.792","2026-09-06 23:57:18.842","13795112013","161667280","[PREMIUM]","[PREMIUM]","209",,"_",,,4,"[1,2,3,4]",407,"Upper",10,"Mobile Transfer ticket",1,"[PREMIUM]","[PREMIUM]","[PREMIUM]","[PREMIUM]",true,true,"['Clear view']","2026-08-24 20:47:23"
"13795570660","2026-08-26 23:59:05.792","2026-09-06 23:57:18.842","13795570660","161667280","[PREMIUM]","[PREMIUM]","210",,"_",,,4,"[1,2,3,4]",407,"Upper",10,"Mobile Transfer ticket",1,"[PREMIUM]","[PREMIUM]","[PREMIUM]","[PREMIUM]",true,true,"['Clear view']","2026-08-24 21:18:48"
"13823469275","2026-08-26 23:59:05.792","2026-08-26 23:59:05.792","13823469275","161667280","[PREMIUM]","[PREMIUM]","C108","11","_",,,2,"[2]",1724,"Club",10,"Mobile Transfer ticket",1,"[PREMIUM]","[PREMIUM]","[PREMIUM]","[PREMIUM]",true,false,"['Clear view']","2026-08-26 23:25:16"
"13823469256","2026-08-26 23:59:05.792","2026-08-26 23:59:05.792","13823469256","161667280","[PREMIUM]","[PREMIUM]","C108","12","_",,,6,"[1,2,3,4,6]",1724,"Club",10,"Mobile Transfer ticket",1,"[PREMIUM]","[PREMIUM]","[PREMIUM]","[PREMIUM]",true,false,"['Clear view']","2026-08-26 23:25:16"
"13823461515","2026-08-26 23:59:05.591","2026-08-26 23:59:05.591","13823461515","161667280","[PREMIUM]","[PREMIUM]","F14","1","_",,,4,"[1,2,4]",682,"Floor",10,"Mobile Transfer ticket",1,"[PREMIUM]","[PREMIUM]","[PREMIUM]","[PREMIUM]",true,false,"['Court Club','Clear view']","2026-08-26 23:24:49"
"13823461489","2026-08-26 23:59:05.591","2026-08-26 23:59:05.591","13823461489","161667280","[PREMIUM]","[PREMIUM]","Floor 6","1","_",,,4,"[1,2,4]",682,"Floor",10,"Mobile Transfer ticket",1,"[PREMIUM]","[PREMIUM]","[PREMIUM]","[PREMIUM]",true,false,"['Court Club','Front Row of Section','Clear view']","2026-08-26 23:24:49"
"13821905219","2026-08-26 23:59:05.514","2026-09-06 23:57:20.766","13821905219","161667280","[PREMIUM]","[PREMIUM]","F20","1","_",,,2,"[2]",682,"Floor",10,"Mobile Transfer ticket",1,"[PREMIUM]","[PREMIUM]","[PREMIUM]","[PREMIUM]",true,false,"['VIP Club','Includes club access','Second Row of Section','Clear view']","2026-08-26 20:36:26"
"13823466039","2026-08-26 23:59:05.514","2026-08-28 23:53:33.922","13823466039","161667280","[PREMIUM]","[PREMIUM]","Floor 1","3","_",,,2,"[2]",682,"Floor",10,"Mobile Transfer ticket",1,"[PREMIUM]","[PREMIUM]","[PREMIUM]","[PREMIUM]",true,false,"['Court Club','Clear view']","2026-08-26 23:25:06"
"13823465871","2026-08-26 23:59:05.514","2026-08-31 00:01:14.652","13823465871","161667280","[PREMIUM]","[PREMIUM]","Floor 1","2","_",,,4,"[1,2,4]",682,"Floor",10,"Mobile Transfer ticket",1,"[PREMIUM]","[PREMIUM]","[PREMIUM]","[PREMIUM]",true,false,"['Court Club','Clear view']","2026-08-26 23:25:05"
"13823462856","2026-08-26 23:59:05.514","2026-08-31 00:01:10.394","13823462856","161667280","[PREMIUM]","[PREMIUM]","108","1","_",,,2,"[2]",594,"Lower",10,"Mobile Transfer ticket",1,"[PREMIUM]","[PREMIUM]","[PREMIUM]","[PREMIUM]",true,false,"['Front Row of Section','Clear view']","2026-08-26 23:24:54"
"13823396436","2026-08-26 23:59:05.514","2026-08-26 23:59:08.251","13823396436","161667280","[PREMIUM]","[PREMIUM]","F14","6","_",,,4,"[1,2,4]",682,"Floor",10,"Mobile Transfer ticket",1,"[PREMIUM]","[PREMIUM]","[PREMIUM]","[PREMIUM]",true,false,"['Court Club','Clear view']","2026-08-26 23:20:08"
"13822994953","2026-08-26 23:59:05.494","2026-08-26 23:59:05.494","13822994953","161667280","[PREMIUM]","[PREMIUM]","105","14","1_4","1",,4,"[1,2,4]",594,"Lower",10,"Mobile Transfer ticket",1,"[PREMIUM]","[PREMIUM]","[PREMIUM]","[PREMIUM]",true,false,"['Clear view']","2026-08-26 22:44:43"
"13822992872","2026-08-26 23:59:05.494","2026-08-26 23:59:05.494","13822992872","161667280","[PREMIUM]","[PREMIUM]","105","16","8_9","8",,2,"[2]",594,"Lower",10,"Mobile Transfer ticket",1,"[PREMIUM]","[PREMIUM]","[PREMIUM]","[PREMIUM]",true,false,"['Clear view']","2026-08-26 22:44:34"
"13823468998","2026-08-26 23:59:05.494","2026-08-26 23:59:05.494","13823468998","161667280","[PREMIUM]","[PREMIUM]","M105","4","_",,,2,"[2]",507,"Mezzanine",10,"Mobile Transfer ticket",1,"[PREMIUM]","[PREMIUM]","[PREMIUM]","[PREMIUM]",true,false,"['Second Row of Section','Clear view']","2026-08-26 23:25:15"
"13823469289","2026-08-26 23:59:05.323","2026-09-06 23:57:20.376","13823469289","161667280","[PREMIUM]","[PREMIUM]","C108","1","_",,,2,"[2]",1724,"Club",10,"Mobile Transfer ticket",1,"[PREMIUM]","[PREMIUM]","[PREMIUM]","[PREMIUM]",true,false,"['Front Row of Section','Clear view']","2026-08-26 23:25:16"
"13823463013","2026-08-26 23:59:05.323","2026-08-31 23:52:10.620","13823463013","161667280","[PREMIUM]","[PREMIUM]","113","1","_",,,2,"[2]",594,"Lower",10,"Mobile Transfer ticket",1,"[PREMIUM]","[PREMIUM]","[PREMIUM]","[PREMIUM]",true,false,"['Front Row of Section','Clear view']","2026-08-26 23:24:55"
"13795762253","2026-08-26 23:59:05.310","2026-09-05 23:58:50.392","13795762253","161667280","[PREMIUM]","[PREMIUM]","211","17","_",,,2,"[1,2]",407,"Upper",10,"Mobile Transfer ticket",1,"[PREMIUM]","[PREMIUM]","[PREMIUM]","[PREMIUM]",true,false,"['Clear view']","2026-08-24 21:27:33"
"13795594140","2026-08-26 23:59:05.310","2026-09-05 23:58:50.392","13795594140","161667280","[PREMIUM]","[PREMIUM]","221","17","_",,,2,"[1,2]",407,"Upper",10,"Mobile Transfer ticket",1,"[PREMIUM]","[PREMIUM]","[PREMIUM]","[PREMIUM]",true,false,"['Clear view']","2026-08-24 21:19:52"
"13795888544","2026-08-26 23:59:05.310","2026-09-05 23:58:50.392","13795888544","161667280","[PREMIUM]","[PREMIUM]","207","16","_",,,2,"[1,2]",407,"Upper",10,"Mobile Transfer ticket",1,"[PREMIUM]","[PREMIUM]","[PREMIUM]","[PREMIUM]",true,false,"['Clear view']","2026-08-24 21:32:49"
"13709828137","2026-08-26 23:59:05.301","2026-09-08 23:58:32.475","13709828137","161672719","[PREMIUM]","[PREMIUM]","107","W","_",,,4,"[2,4]",594,"Lower",10,"Mobile Transfer ticket",1,"[PREMIUM]","[PREMIUM]","[PREMIUM]","[PREMIUM]",true,false,"['Clear view']","2026-08-18 01:13:13"
"13709829561","2026-08-26 23:59:05.166","2026-09-08 23:58:32.384","13709829561","161672719","[PREMIUM]","[PREMIUM]","102","Q","_",,,4,"[2,4]",594,"Lower",10,"Mobile Transfer ticket",1,"[PREMIUM]","[PREMIUM]","[PREMIUM]","[PREMIUM]",true,false,"['Clear view']","2026-08-18 01:13:19"
"13709827890","2026-08-26 23:59:05.028","2026-09-08 23:58:29.399","13709827890","161672719","[PREMIUM]","[PREMIUM]","210","G","_",,,4,"[2,4]",407,"Upper",10,"Mobile Transfer ticket",1,"[PREMIUM]","[PREMIUM]","[PREMIUM]","[PREMIUM]",true,false,"['Clear view']","2026-08-18 01:13:12"
"13709829633","2026-08-26 23:59:05.028","2026-09-08 23:58:29.399","13709829633","161672719","[PREMIUM]","[PREMIUM]","210","H","_",,,8,"[1,2,3,4,5,6,8]",407,"Upper",10,"Mobile Transfer ticket",1,"[PREMIUM]","[PREMIUM]","[PREMIUM]","[PREMIUM]",true,false,"['Clear view']","2026-08-18 01:13:19"
"13709828123","2026-08-26 23:59:05.028","2026-09-08 23:58:29.376","13709828123","161672719","[PREMIUM]","[PREMIUM]","207","G","_",,,4,"[2,4]",407,"Upper",10,"Mobile Transfer ticket",1,"[PREMIUM]","[PREMIUM]","[PREMIUM]","[PREMIUM]",true,false,"['Clear view']","2026-08-18 01:13:13"
"13709828096","2026-08-26 23:59:05.024","2026-09-08 00:04:17.425","13709828096","161672719","[PREMIUM]","[PREMIUM]","102","V","_",,,2,"[2]",594,"Lower",10,"Mobile Transfer ticket",1,"[PREMIUM]","[PREMIUM]","[PREMIUM]","[PREMIUM]",true,false,"['Clear view']","2026-08-18 01:13:13"
"13790761556","2026-08-26 23:59:04.739","2026-08-28 23:52:26.980","13790761556","161672719","[PREMIUM]","[PREMIUM]","109","V","_",,,2,"[2]",594,"Lower",10,"Mobile Transfer ticket",1,"[PREMIUM]","[PREMIUM]","[PREMIUM]","[PREMIUM]",true,false,"['Clear view']","2026-08-24 13:58:23"
"13790771152","2026-08-26 23:59:04.738","2026-08-28 23:52:26.944","13790771152","161672719","[PREMIUM]","[PREMIUM]","117","Z","_",,,8,"[1,2,3,4,5,6,8]",594,"Lower",10,"Mobile Transfer ticket",1,"[PREMIUM]","[PREMIUM]","[PREMIUM]","[PREMIUM]",true,false,"['Clear view']","2026-08-24 13:59:11"
"13790762477","2026-08-26 23:59:04.738","2026-08-26 23:59:04.738","13790762477","161672719","[PREMIUM]","[PREMIUM]","116","Y","_",,,3,"[1,3]",594,"Lower",10,"Mobile Transfer ticket",1,"[PREMIUM]","[PREMIUM]","[PREMIUM]","[PREMIUM]",true,false,"['Clear view']","2026-08-24 13:58:26"
"13790761122","2026-08-26 23:59:04.738","2026-09-01 23:55:23.789","13790761122","161672719","[PREMIUM]","[PREMIUM]","102","X","_",,,2,"[2]",594,"Lower",10,"Mobile Transfer ticket",1,"[PREMIUM]","[PREMIUM]","[PREMIUM]","[PREMIUM]",true,false,"['Clear view']","2026-08-24 13:58:22"
"13790762526","2026-08-26 23:59:04.535","2026-08-28 23:52:26.717","13790762526","161672719","[PREMIUM]","[PREMIUM]","117","CC","_",,,3,"[1,3]",594,"Lower",10,"Mobile Transfer ticket",1,"[PREMIUM]","[PREMIUM]","[PREMIUM]","[PREMIUM]",true,false,"['Clear view']","2026-08-24 13:58:27"
"13790761617","2026-08-26 23:59:04.535","2026-08-31 00:00:36.867","13790761617","161672719","[PREMIUM]","[PREMIUM]","116","CC","_",,,4,"[2,4]",594,"Lower",10,"Mobile Transfer ticket",1,"[PREMIUM]","[PREMIUM]","[PREMIUM]","[PREMIUM]",true,false,"['Clear view']","2026-08-24 13:58:24"
"13790761058","2026-08-26 23:59:04.535","2026-09-01 23:55:23.727","13790761058","161672719","[PREMIUM]","[PREMIUM]","102","CC","_",,,4,"[2,4]",594,"Lower",10,"Mobile Transfer ticket",1,"[PREMIUM]","[PREMIUM]","[PREMIUM]","[PREMIUM]",true,false,"['Clear view']","2026-08-24 13:58:22"
"13790761232","2026-08-26 23:59:04.424","2026-09-01 23:55:23.635","13790761232","161672719","[PREMIUM]","[PREMIUM]","103","EE","_",,,3,"[1,3]",594,"Lower",10,"Mobile Transfer ticket",1,"[PREMIUM]","[PREMIUM]","[PREMIUM]","[PREMIUM]",true,false,"['Clear view']","2026-08-24 13:58:22"
"13820624613","2026-08-26 23:59:04.416","2026-08-28 23:52:25.070","13820624613","161672719","[PREMIUM]","[PREMIUM]","109","Z","_",,,4,"[1,2,4]",594,"Lower",10,"Mobile Transfer ticket",1,"[PREMIUM]","[PREMIUM]","[PREMIUM]","[PREMIUM]",true,false,"['Clear view']","2026-08-26 18:33:32"
"13795264124","2026-08-26 23:59:04.144","2026-09-08 23:58:34.413","13795264124","161708216","[PREMIUM]","[PREMIUM]","228",,"_",,,4,"[1,2,3,4]",407,"Upper",10,"Mobile Transfer ticket",1,"[PREMIUM]","[PREMIUM]","[PREMIUM]","[PREMIUM]",true,true,"['Clear view']","2026-08-24 20:56:04"
"13719289597","2026-08-26 23:59:03.624","2026-08-29 23:57:40.269","13719289597","161708216","[PREMIUM]","[PREMIUM]","106","27","3_6","3",,4,"[1,2,4]",594,"Lower",10,"Mobile Transfer ticket",1,"[PREMIUM]","[PREMIUM]","[PREMIUM]","[PREMIUM]",true,false,"['Clear view']","2026-08-18 23:47:32"
"13817066464","2026-08-26 23:59:03.564","2026-08-29 23:57:40.269","13817066464","161708216","[PREMIUM]","[PREMIUM]","223","2","9001_9002","9001",,2,"[2]",407,"Upper",11,"Mobile ticket",1,"[PREMIUM]","[PREMIUM]","[PREMIUM]","[PREMIUM]",true,false,"['Second Row of Section','Clear view']","2026-08-26 11:32:20"
"13823469134","2026-08-26 23:59:03.501","2026-08-26 23:59:03.501","13823469134","161667280","[PREMIUM]","[PREMIUM]","C121","7","_",,,4,"[1,2,4]",1724,"Club",10,"Mobile Transfer ticket",1,"[PREMIUM]","[PREMIUM]","[PREMIUM]","[PREMIUM]",true,false,"['Clear view']","2026-08-26 23:25:16"
"13823469149","2026-08-26 23:59:03.501","2026-09-05 23:58:50.236","13823469149","161667280","[PREMIUM]","[PREMIUM]","C121","5","_",,,4,"[1,2,4]",1724,"Club",10,"Mobile Transfer ticket",1,"[PREMIUM]","[PREMIUM]","[PREMIUM]","[PREMIUM]",true,false,"['Clear view']","2026-08-26 23:25:16"
"13823469281","2026-08-26 23:59:03.482","2026-08-26 23:59:03.482","13823469281","161667280","[PREMIUM]","[PREMIUM]","C108","8","_",,,2,"[2]",1724,"Club",10,"Mobile Transfer ticket",1,"[PREMIUM]","[PREMIUM]","[PREMIUM]","[PREMIUM]",true,false,"['Clear view']","2026-08-26 23:25:16"
"13823469136","2026-08-26 23:59:03.482","2026-09-05 23:58:50.236","13823469136","161667280","[PREMIUM]","[PREMIUM]","C121","6","_",,,2,"[2]",1724,"Club",10,"Mobile Transfer ticket",1,"[PREMIUM]","[PREMIUM]","[PREMIUM]","[PREMIUM]",true,false,"['Clear view']","2026-08-26 23:25:16"
"13709412631","2026-08-26 23:59:03.472","2026-09-08 23:58:22.434","13709412631","161672712","[PREMIUM]","[PREMIUM]","221","C","_",,,4,"[2,4]",407,"Upper",10,"Mobile Transfer ticket",1,"[PREMIUM]","[PREMIUM]","[PREMIUM]","[PREMIUM]",true,false,"['Third Row of Section','Clear view']","2026-08-18 00:20:27"
"13820624928","2026-08-26 23:59:03.472","2026-09-08 00:04:14.111","13820624928","161672712","[PREMIUM]","[PREMIUM]","109","Z","_",,,3,"[1,3]",594,"Lower",10,"Mobile Transfer ticket",1,"[PREMIUM]","[PREMIUM]","[PREMIUM]","[PREMIUM]",true,false,"['Clear view']","2026-08-26 18:33:33"
"13795237667","2026-08-26 23:59:03.423","2026-09-08 23:59:00.114","13795237667","161667280","[PREMIUM]","[PREMIUM]","227","17","_",,,2,"[1,2]",407,"Upper",10,"Mobile Transfer ticket",1,"[PREMIUM]","[PREMIUM]","[PREMIUM]","[PREMIUM]",true,false,"['Clear view']","2026-08-24 20:54:59"
"13795517208","2026-08-26 23:59:03.423","2026-09-08 23:59:00.114","13795517208","161667280","[PREMIUM]","[PREMIUM]","206","17","_",,,2,"[1,2]",407,"Upper",10,"Mobile Transfer ticket",1,"[PREMIUM]","[PREMIUM]","[PREMIUM]","[PREMIUM]",true,false,"['Clear view']","2026-08-24 21:15:58"
"13823468876","2026-08-26 23:59:03.423","2026-09-06 23:57:18.392","13823468876","161667280","[PREMIUM]","[PREMIUM]","M116","1","_",,,2,"[2]",507,"Mezzanine",10,"Mobile Transfer ticket",1,"[PREMIUM]","[PREMIUM]","[PREMIUM]","[PREMIUM]",true,false,"['Front Row of Section','Clear view']","2026-08-26 23:25:15"
"13796477474","2026-08-26 23:59:03.298","2026-08-26 23:59:03.298","13796477474","161667280","[PREMIUM]","[PREMIUM]","105","12","_",,,2,"[2]",594,"Lower",10,"Mobile Transfer ticket",1,"[PREMIUM]","[PREMIUM]","[PREMIUM]","[PREMIUM]",true,false,"['Clear view']","2026-08-24 22:20:08"
"13823464857","2026-08-26 23:59:03.298","2026-08-31 00:01:08.892","13823464857","161667280","[PREMIUM]","[PREMIUM]","112","3","_",,,1,"[1]",594,"Lower",10,"Mobile Transfer ticket",1,"[PREMIUM]","[PREMIUM]","[PREMIUM]","[PREMIUM]",false,false,"['Third Row of Section','Clear view']","2026-08-26 23:25:01"
"13822949463","2026-08-26 23:59:03.280","2026-08-26 23:59:03.280","13822949463","161667280","[PREMIUM]","[PREMIUM]","118","6","10_13","10",,4,"[1,2,4]",594,"Lower",10,"Mobile Transfer ticket",1,"[PREMIUM]","[PREMIUM]","[PREMIUM]","[PREMIUM]",true,false,"['Clear view']","2026-08-26 22:40:59"
"13822948113","2026-08-26 23:59:03.280","2026-08-26 23:59:03.280","13822948113","161667280","[PREMIUM]","[PREMIUM]","118","4","6_9","6",,4,"[1,2,4]",594,"Lower",10,"Mobile Transfer ticket",1,"[PREMIUM]","[PREMIUM]","[PREMIUM]","[PREMIUM]",true,false,"['Clear view']","2026-08-26 22:40:20"
"13795183886","2026-08-26 23:59:03.103","2026-08-28 23:53:28.027","13795183886","161703053","[PREMIUM]","[PREMIUM]","131","V","_",,,2,"[1,2]",594,"Lower",10,"Mobile Transfer ticket",1,"[PREMIUM]","[PREMIUM]","[PREMIUM]","[PREMIUM]",true,false,"['Clear view']","2026-08-24 20:49:43"
"13822947882","2026-08-26 23:59:03.017","2026-08-26 23:59:03.017","13822947882","161667280","[PREMIUM]","[PREMIUM]","C122","6","11_12","11",,2,"[2]",1724,"Club",10,"Mobile Transfer ticket",1,"[PREMIUM]","[PREMIUM]","[PREMIUM]","[PREMIUM]",true,false,"['Clear view']","2026-08-26 22:40:14"
"13823469000","2026-08-26 23:59:03.017","2026-08-26 23:59:03.017","13823469000","161667280","[PREMIUM]","[PREMIUM]","M105","6","_",,,4,"[1,2,4]",507,"Mezzanine",10,"Mobile Transfer ticket",1,"[PREMIUM]","[PREMIUM]","[PREMIUM]","[PREMIUM]",true,false,"['Clear view']","2026-08-26 23:25:15"
"13795332202","2026-08-26 23:59:02.972","2026-09-08 00:04:59.036","13795332202","161667280","[PREMIUM]","[PREMIUM]","217",,"_",,,4,"[1,2,3,4]",407,"Upper",10,"Mobile Transfer ticket",1,"[PREMIUM]","[PREMIUM]","[PREMIUM]","[PREMIUM]",true,true,"['Clear view']","2026-08-24 20:59:50"
"13795969166","2026-08-26 23:59:02.972","2026-09-08 23:58:56.150","13795969166","161667280","[PREMIUM]","[PREMIUM]","230",,"_",,,4,"[1,2,3,4]",407,"Upper",10,"Mobile Transfer ticket",1,"[PREMIUM]","[PREMIUM]","[PREMIUM]","[PREMIUM]",true,true,"['Clear view']","2026-08-24 21:39:23"
"13823463015","2026-08-26 23:59:02.972","2026-09-02 23:47:40.022","13823463015","161667280","[PREMIUM]","[PREMIUM]","117","14","_",,,3,"[1,3]",594,"Lower",10,"Mobile Transfer ticket",1,"[PREMIUM]","[PREMIUM]","[PREMIUM]","[PREMIUM]",true,false,"['Clear view']","2026-08-26 23:24:55"
"13795485457","2026-08-26 23:59:02.964","2026-08-26 23:59:02.964","13795485457","161667280","[PREMIUM]","[PREMIUM]","101","4","15_18","15",,4,"[1,2,4]",594,"Lower",10,"Mobile Transfer ticket",1,"[PREMIUM]","[PREMIUM]","[PREMIUM]","[PREMIUM]",true,false,"['Clear view']","2026-08-24 21:12:08"
"13822948723","2026-08-26 23:59:02.964","2026-08-26 23:59:02.964","13822948723","161667280","[PREMIUM]","[PREMIUM]","112","5","1_3","1",,3,"[1,3]",594,"Lower",10,"Mobile Transfer ticket",1,"[PREMIUM]","[PREMIUM]","[PREMIUM]","[PREMIUM]",true,false,"['Clear view']","2026-08-26 22:40:32"
"13709412585","2026-08-26 23:59:02.914","2026-09-08 23:58:19.439","13709412585","161672712","[PREMIUM]","[PREMIUM]","202","K","_",,,10,"[1,2,3,4,5,6,7,8,10]",407,"Upper",10,"Mobile Transfer ticket",1,"[PREMIUM]","[PREMIUM]","[PREMIUM]","[PREMIUM]",true,false,"['Clear view']","2026-08-18 00:20:27"
"13820670693","2026-08-26 23:59:02.914","2026-09-08 23:58:19.439","13820670693","161672712","[PREMIUM]","[PREMIUM]","201","B","_",,,2,"[2]",407,"Upper",10,"Mobile Transfer ticket",1,"[PREMIUM]","[PREMIUM]","[PREMIUM]","[PREMIUM]",true,false,"['Clear view']","2026-08-26 18:37:57"
"13818042686","2026-08-26 23:59:02.795","2026-08-26 23:59:02.795","13818042686","161667280","[PREMIUM]","[PREMIUM]","113","7","_",,,4,"[4]",594,"Lower",10,"Mobile Transfer ticket",1,"[PREMIUM]","[PREMIUM]","[PREMIUM]","[PREMIUM]",true,false,"['Clear view']","2026-08-26 13:51:14"
"13818483331","2026-08-26 23:59:02.795","2026-08-31 23:52:09.348","13818483331","161667280","[PREMIUM]","[PREMIUM]","117","16","_",,,2,"[2]",594,"Lower",10,"Mobile Transfer ticket",1,"[PREMIUM]","[PREMIUM]","[PREMIUM]","[PREMIUM]",true,false,"['Clear view']","2026-08-26 14:44:10"
"13799626035","2026-08-26 23:59:02.650","2026-09-02 23:47:39.826","13799626035","161667280","[PREMIUM]","[PREMIUM]","111","16","_",,,2,"[2]",594,"Lower",10,"Mobile Transfer ticket",1,"[PREMIUM]","[PREMIUM]","[PREMIUM]","[PREMIUM]",true,false,"['Clear view']","2026-08-25 02:24:36"
"13823468855","2026-08-26 23:59:02.650","2026-08-27 23:28:07.792","13823468855","161667280","[PREMIUM]","[PREMIUM]","M117","4","_",,,1,"[1]",507,"Mezzanine",10,"Mobile Transfer ticket",1,"[PREMIUM]","[PREMIUM]","[PREMIUM]","[PREMIUM]",false,false,"['Clear view']","2026-08-26 23:25:15"
"13823468925","2026-08-26 23:59:02.650","2026-09-06 23:57:16.221","13823468925","161667280","[PREMIUM]","[PREMIUM]","M111","4","_",,,2,"[2]",507,"Mezzanine",10,"Mobile Transfer ticket",1,"[PREMIUM]","[PREMIUM]","[PREMIUM]","[PREMIUM]",true,false,"['Clear view']","2026-08-26 23:25:15"
"13795035814","2026-08-26 23:59:02.501","2026-09-08 23:58:55.869","13795035814","161667280","[PREMIUM]","[PREMIUM]","218","15","_",,,2,"[1,2]",407,"Upper",10,"Mobile Transfer ticket",1,"[PREMIUM]","[PREMIUM]","[PREMIUM]","[PREMIUM]",true,false,"['Clear view']","2026-08-24 20:42:22"
"13823468894","2026-08-26 23:59:02.487","2026-08-31 23:52:09.231","13823468894","161667280","[PREMIUM]","[PREMIUM]","M115","4","_",,,4,"[1,2,4]",507,"Mezzanine",10,"Mobile Transfer ticket",1,"[PREMIUM]","[PREMIUM]","[PREMIUM]","[PREMIUM]",true,false,"['Second Row of Section','Clear view']","2026-08-26 23:25:15"
"13709828073","2026-08-26 23:59:02.177","2026-09-08 23:58:27.673","13709828073","161672719","[PREMIUM]","[PREMIUM]","207","R","_",,,4,"[2,4]",407,"Upper",10,"Mobile Transfer ticket",1,"[PREMIUM]","[PREMIUM]","[PREMIUM]","[PREMIUM]",true,false,"['Clear view']","2026-08-18 01:13:13"
"13709827907","2026-08-26 23:59:02.177","2026-09-08 23:58:28.531","13709827907","161672719","[PREMIUM]","[PREMIUM]","231","J","_",,,6,"[1,2,3,4,6]",407,"Upper",10,"Mobile Transfer ticket",1,"[PREMIUM]","[PREMIUM]","[PREMIUM]","[PREMIUM]",true,false,"['Clear view']","2026-08-18 01:13:13"
"13709827978","2026-08-26 23:59:01.806","2026-09-08 23:58:29.086","13709827978","161672719","[PREMIUM]","[PREMIUM]","213","J","_",,,4,"[2,4]",407,"Upper",10,"Mobile Transfer ticket",1,"[PREMIUM]","[PREMIUM]","[PREMIUM]","[PREMIUM]",true,false,"['Clear view']","2026-08-18 01:13:13"
"13709827778","2026-08-26 23:59:01.806","2026-09-08 23:58:28.360","13709827778","161672719","[PREMIUM]","[PREMIUM]","202","J","_",,,4,"[2,4]",407,"Upper",10,"Mobile Transfer ticket",1,"[PREMIUM]","[PREMIUM]","[PREMIUM]","[PREMIUM]",true,false,"['Clear view']","2026-08-18 01:13:12"
"13709827833","2026-08-26 23:59:01.802","2026-08-27 23:27:32.365","13709827833","161672719","[PREMIUM]","[PREMIUM]","230","J","_",,,4,"[2,4]",407,"Upper",10,"Mobile Transfer ticket",1,"[PREMIUM]","[PREMIUM]","[PREMIUM]","[PREMIUM]",true,false,"['Clear view']","2026-08-18 01:13:12"
"13709827809","2026-08-26 23:59:01.802","2026-09-08 23:58:28.049","13709827809","161672719","[PREMIUM]","[PREMIUM]","202","K","_",,,10,"[1,2,3,4,5,6,7,8,10]",407,"Upper",10,"Mobile Transfer ticket",1,"[PREMIUM]","[PREMIUM]","[PREMIUM]","[PREMIUM]",true,false,"['Clear view']","2026-08-18 01:13:12"
"13709827741","2026-08-26 23:59:01.429","2026-09-08 23:58:27.961","13709827741","161672719","[PREMIUM]","[PREMIUM]","228","J","_",,,4,"[2,4]",407,"Upper",10,"Mobile Transfer ticket",1,"[PREMIUM]","[PREMIUM]","[PREMIUM]","[PREMIUM]",true,false,"['Clear view']","2026-08-18 01:13:12"
"13820670694","2026-08-26 23:59:01.429","2026-09-08 23:58:28.049","13820670694","161672719","[PREMIUM]","[PREMIUM]","201","B","_",,,2,"[2]",407,"Upper",10,"Mobile Transfer ticket",1,"[PREMIUM]","[PREMIUM]","[PREMIUM]","[PREMIUM]",true,false,"['Clear view']","2026-08-26 18:37:57"
"13709828038","2026-08-26 23:59:01.419","2026-09-08 23:58:27.711","13709828038","161672719","[PREMIUM]","[PREMIUM]","230","R","_",,,4,"[2,4]",407,"Upper",10,"Mobile Transfer ticket",1,"[PREMIUM]","[PREMIUM]","[PREMIUM]","[PREMIUM]",true,false,"['Clear view']","2026-08-18 01:13:13"
"13709827760","2026-08-26 23:59:01.419","2026-09-08 23:58:27.711","13709827760","161672719","[PREMIUM]","[PREMIUM]","222","T","_",,,4,"[2,4]",407,"Upper",10,"Mobile Transfer ticket",1,"[PREMIUM]","[PREMIUM]","[PREMIUM]","[PREMIUM]",true,false,"['Clear view']","2026-08-18 01:13:12"
"13820222237","2026-08-26 23:59:00.279","2026-09-08 23:58:29.958","13820222237","161708216","[PREMIUM]","[PREMIUM]","228","2","_",,,2,"[2]",407,"Upper",10,"Mobile Transfer ticket",1,"[PREMIUM]","[PREMIUM]","[PREMIUM]","[PREMIUM]",true,false,"['Second Row of Section','Clear view']","2026-08-26 17:56:19"
"13817076540","2026-08-26 23:59:00.075","2026-08-26 23:59:00.075","13817076540","161667280","[PREMIUM]","[PREMIUM]","M110","6","15_16","15",,2,"[2]",507,"Mezzanine",10,"Mobile Transfer ticket",1,"[PREMIUM]","[PREMIUM]","[PREMIUM]","[PREMIUM]",true,false,"['Clear view']","2026-08-26 11:34:07"
"13794350192","2026-08-26 23:59:00.000","2026-09-08 23:59:01.274","13794350192","161667280","[PREMIUM]","[PREMIUM]","126","12","9_11","9","11",3,"[1,3]",594,"Lower",10,"Mobile Transfer ticket",1,"[PREMIUM]","[PREMIUM]","[PREMIUM]","[PREMIUM]",true,false,"['Clear view']","2026-08-24 19:38:15"
"13822961382","2026-08-26 23:58:59.981","2026-08-26 23:58:59.981","13822961382","161667280","[PREMIUM]","[PREMIUM]","M102","4","5_6","5",,2,"[2]",507,"Mezzanine",10,"Mobile Transfer ticket",1,"[PREMIUM]","[PREMIUM]","[PREMIUM]","[PREMIUM]",true,false,"['Clear view']","2026-08-26 22:42:34"
"13823462824","2026-08-26 23:58:59.981","2026-08-27 23:28:05.929","13823462824","161667280","[PREMIUM]","[PREMIUM]","208","6","_",,,2,"[2]",407,"Upper",10,"Mobile Transfer ticket",1,"[PREMIUM]","[PREMIUM]","[PREMIUM]","[PREMIUM]",true,false,"['Clear view']","2026-08-26 23:24:54"
"13823466263","2026-08-26 23:58:59.981","2026-09-06 23:57:15.977","13823466263","161667280","[PREMIUM]","[PREMIUM]","227","1","_",,,2,"[2]",407,"Upper",10,"Mobile Transfer ticket",1,"[PREMIUM]","[PREMIUM]","[PREMIUM]","[PREMIUM]",true,false,"['Front Row of Section','Clear view']","2026-08-26 23:25:06"
"13822947971","2026-08-26 23:58:59.852","2026-08-26 23:58:59.852","13822947971","161667280","[PREMIUM]","[PREMIUM]","103","16","5_8","5",,4,"[1,2,4]",594,"Lower",10,"Mobile Transfer ticket",1,"[PREMIUM]","[PREMIUM]","[PREMIUM]","[PREMIUM]",true,false,"['Clear view']","2026-08-26 22:40:16"
"13823471320","2026-08-26 23:58:59.732","2026-09-06 23:57:14.487","13823471320","161667280","[PREMIUM]","[PREMIUM]","229","2","_",,,2,"[2]",407,"Upper",10,"Mobile Transfer ticket",1,"[PREMIUM]","[PREMIUM]","[PREMIUM]","[PREMIUM]",true,false,"['Second Row of Section','Clear view']","2026-08-26 23:25:23"
"13823471306","2026-08-26 23:58:59.732","2026-09-06 23:57:14.502","13823471306","161667280","[PREMIUM]","[PREMIUM]","229","3","_",,,2,"[2]",407,"Upper",10,"Mobile Transfer ticket",1,"[PREMIUM]","[PREMIUM]","[PREMIUM]","[PREMIUM]",true,false,"['Third Row of Section','Clear view']","2026-08-26 23:25:23"
"13822957212","2026-08-26 23:58:59.704","2026-08-26 23:58:59.704","13822957212","161667280","[PREMIUM]","[PREMIUM]","M111","10","17_19","17",,3,"[1,3]",507,"Mezzanine",10,"Mobile Transfer ticket",1,"[PREMIUM]","[PREMIUM]","[PREMIUM]","[PREMIUM]",true,false,"['Clear view']","2026-08-26 22:42:12"
"13823466180","2026-08-26 23:58:59.704","2026-09-05 23:58:47.424","13823466180","161667280","[PREMIUM]","[PREMIUM]","228","1","_",,,1,"[1]",407,"Upper",10,"Mobile Transfer ticket",1,"[PREMIUM]","[PREMIUM]","[PREMIUM]","[PREMIUM]",false,false,"['Front Row of Section','Clear view']","2026-08-26 23:25:06"
"13794697357","2026-08-26 23:58:59.656","2026-09-08 00:04:55.801","13794697357","161667280","[PREMIUM]","[PREMIUM]","101","10","_",,,4,"[1,2,3,4]",594,"Lower",10,"Mobile Transfer ticket",1,"[PREMIUM]","[PREMIUM]","[PREMIUM]","[PREMIUM]",true,false,"['Clear view']","2026-08-24 20:17:04"
"13812843527","2026-08-26 23:58:59.509","2026-08-26 23:58:59.509","13812843527","161667280","[PREMIUM]","[PREMIUM]","211","7","1_2","1",,2,"[2]",407,"Upper",10,"Mobile Transfer ticket",1,"[PREMIUM]","[PREMIUM]","[PREMIUM]","[PREMIUM]",true,false,"['Clear view']","2026-08-26 01:33:57"
"13794697397","2026-08-26 23:58:59.402","2026-09-08 00:04:55.651","13794697397","161667280","[PREMIUM]","[PREMIUM]","101","14","_",,,4,"[1,2,3,4]",594,"Lower",10,"Mobile Transfer ticket",1,"[PREMIUM]","[PREMIUM]","[PREMIUM]","[PREMIUM]",true,false,"['Clear view']","2026-08-24 20:17:04"
"13823467743","2026-08-26 23:58:59.402","2026-09-02 23:47:35.209","13823467743","161667280","[PREMIUM]","[PREMIUM]","210","4","_",,,2,"[2]",407,"Upper",10,"Mobile Transfer ticket",1,"[PREMIUM]","[PREMIUM]","[PREMIUM]","[PREMIUM]",true,false,"['Clear view']","2026-08-26 23:25:11"
"13822947892","2026-08-26 23:58:59.338","2026-08-26 23:58:59.338","13822947892","161667280","[PREMIUM]","[PREMIUM]","218","2","1_6","1",,6,"[1,2,3,4,6]",407,"Upper",10,"Mobile Transfer ticket",1,"[PREMIUM]","[PREMIUM]","[PREMIUM]","[PREMIUM]",true,false,"['Second Row of Section','Clear view']","2026-08-26 22:40:15"
"13709412433","2026-08-26 23:58:59.313","2026-09-08 00:04:17.250","13709412433","161672712","[PREMIUM]","[PREMIUM]","115","N","_",,,2,"[2]",594,"Lower",10,"Mobile Transfer ticket",1,"[PREMIUM]","[PREMIUM]","[PREMIUM]","[PREMIUM]",true,false,"['Clear view']","2026-08-18 00:20:26"
"13820421496","2026-08-26 23:58:59.112","2026-08-29 23:57:34.539","13820421496","161672712","[PREMIUM]","[PREMIUM]","101","A2","_",,,8,"[1,2,3,4,5,6,7,8]",594,"Lower",10,"Mobile Transfer ticket",1,"[PREMIUM]","[PREMIUM]","[PREMIUM]","[PREMIUM]",true,false,"['Clear view']","2026-08-26 18:14:06"
"13820654244","2026-08-26 23:58:59.103","2026-09-08 23:58:36.496","13820654244","161672719","[PREMIUM]","[PREMIUM]","221","R","_",,,4,"[1,2,4]",407,"Upper",10,"Mobile Transfer ticket",1,"[PREMIUM]","[PREMIUM]","[PREMIUM]","[PREMIUM]",true,false,"['Clear view']","2026-08-26 18:36:33"
"13820653551","2026-08-26 23:58:59.103","2026-09-08 23:58:25.148","13820653551","161672719","[PREMIUM]","[PREMIUM]","212","S","_",,,4,"[1,2,4]",407,"Upper",10,"Mobile Transfer ticket",1,"[PREMIUM]","[PREMIUM]","[PREMIUM]","[PREMIUM]",true,false,"['Clear view']","2026-08-26 18:36:31"
"13807105472","2026-08-26 23:58:59.030","2026-09-08 23:58:28.705","13807105472","161708216","[PREMIUM]","[PREMIUM]","211","10","_",,,2,"[2]",407,"Upper",10,"Mobile Transfer ticket",1,"[PREMIUM]","[PREMIUM]","[PREMIUM]","[PREMIUM]",true,false,"['Clear view']","2026-08-25 16:36:38"
"13823467405","2026-08-26 23:58:58.827","2026-08-27 23:28:03.634","13823467405","161667280","[PREMIUM]","[PREMIUM]","214","6","_",,,2,"[2]",407,"Upper",10,"Mobile Transfer ticket",1,"[PREMIUM]","[PREMIUM]","[PREMIUM]","[PREMIUM]",true,false,"['Clear view']","2026-08-26 23:25:10"
"13823471305","2026-08-26 23:58:58.827","2026-09-06 23:57:14.236","13823471305","161667280","[PREMIUM]","[PREMIUM]","229","5","_",,,4,"[1,2,4]",407,"Upper",10,"Mobile Transfer ticket",1,"[PREMIUM]","[PREMIUM]","[PREMIUM]","[PREMIUM]",true,false,"['Clear view']","2026-08-26 23:25:23"
"13822954178","2026-08-26 23:58:58.412","2026-08-26 23:58:58.412","13822954178","161667280","[PREMIUM]","[PREMIUM]","211","10","3_6","3",,4,"[1,2,4]",407,"Upper",10,"Mobile Transfer ticket",1,"[PREMIUM]","[PREMIUM]","[PREMIUM]","[PREMIUM]",true,false,"['Clear view']","2026-08-26 22:41:59"
"13822955565","2026-08-26 23:58:58.412","2026-08-26 23:58:58.412","13822955565","161667280","[PREMIUM]","[PREMIUM]","224","8","1_4","1",,4,"[1,2,4]",407,"Upper",10,"Mobile Transfer ticket",1,"[PREMIUM]","[PREMIUM]","[PREMIUM]","[PREMIUM]",true,false,"['Clear view']","2026-08-26 22:42:06"
"13822947849","2026-08-26 23:58:58.094","2026-08-26 23:58:58.094","13822947849","161667280","[PREMIUM]","[PREMIUM]","230","7","5_6","5",,2,"[2]",407,"Upper",10,"Mobile Transfer ticket",1,"[PREMIUM]","[PREMIUM]","[PREMIUM]","[PREMIUM]",true,false,"['Clear view']","2026-08-26 22:40:14"
"13801763466","2026-08-26 23:58:57.600","2026-08-26 23:58:57.600","13801763466","161667280","[PREMIUM]","[PREMIUM]","205","12","5_8","5",,4,"[1,2,4]",407,"Upper",10,"Mobile Transfer ticket",1,"[PREMIUM]","[PREMIUM]","[PREMIUM]","[PREMIUM]",true,false,"['Clear view']","2026-08-25 05:58:18"
"13822951505","2026-08-26 23:58:57.600","2026-08-26 23:58:57.600","13822951505","161667280","[PREMIUM]","[PREMIUM]","204","13","1_4","1",,4,"[1,2,4]",407,"Upper",10,"Mobile Transfer ticket",1,"[PREMIUM]","[PREMIUM]","[PREMIUM]","[PREMIUM]",true,false,"['Clear view']","2026-08-26 22:41:48"
"13822950742","2026-08-26 23:58:57.491","2026-08-26 23:58:57.491","13822950742","161667280","[PREMIUM]","[PREMIUM]","215","7","5_6","5",,2,"[2]",407,"Upper",10,"Mobile Transfer ticket",1,"[PREMIUM]","[PREMIUM]","[PREMIUM]","[PREMIUM]",true,false,"['Clear view']","2026-08-26 22:41:44"
"13820503376","2026-08-26 23:58:57.312","2026-08-26 23:58:57.312","13820503376","161667280","[PREMIUM]","[PREMIUM]","218","13","1_4","1",,4,"[1,2,4]",407,"Upper",10,"Mobile Transfer ticket",1,"[PREMIUM]","[PREMIUM]","[PREMIUM]","[PREMIUM]",true,false,"['Clear view']","2026-08-26 18:23:24"
"13709412665","2026-08-26 23:58:57.074","2026-08-29 23:57:31.119","13709412665","161672712","[PREMIUM]","[PREMIUM]","101","J","_",,,2,"[2]",594,"Lower",10,"Mobile Transfer ticket",1,"[PREMIUM]","[PREMIUM]","[PREMIUM]","[PREMIUM]",true,false,"['Clear view']","2026-08-18 00:20:27"
"13709413828","2026-08-26 23:58:56.830","2026-09-08 23:58:23.066","13709413828","161672712","[PREMIUM]","[PREMIUM]","107","W","_",,,4,"[2,4]",594,"Lower",10,"Mobile Transfer ticket",1,"[PREMIUM]","[PREMIUM]","[PREMIUM]","[PREMIUM]",true,false,"['Clear view']","2026-08-18 00:20:33"
"13709412519","2026-08-26 23:58:56.693","2026-09-08 23:58:22.991","13709412519","161672712","[PREMIUM]","[PREMIUM]","102","Q","_",,,4,"[2,4]",594,"Lower",10,"Mobile Transfer ticket",1,"[PREMIUM]","[PREMIUM]","[PREMIUM]","[PREMIUM]",true,false,"['Clear view']","2026-08-18 00:20:26"
"13709412578","2026-08-26 23:58:56.693","2026-09-08 23:58:22.819","13709412578","161672712","[PREMIUM]","[PREMIUM]","108","W","_",,,5,"[1,2,3,5]",594,"Lower",10,"Mobile Transfer ticket",1,"[PREMIUM]","[PREMIUM]","[PREMIUM]","[PREMIUM]",true,false,"['Clear view']","2026-08-18 00:20:27"
"13709412254","2026-08-26 23:58:56.418","2026-09-08 00:04:14.154","13709412254","161672712","[PREMIUM]","[PREMIUM]","102","V","_",,,2,"[2]",594,"Lower",10,"Mobile Transfer ticket",1,"[PREMIUM]","[PREMIUM]","[PREMIUM]","[PREMIUM]",true,false,"['Clear view']","2026-08-18 00:20:25"
"13709412675","2026-08-26 23:58:55.999","2026-09-08 23:58:22.548","13709412675","161672712","[PREMIUM]","[PREMIUM]","207","G","_",,,4,"[2,4]",407,"Upper",10,"Mobile Transfer ticket",1,"[PREMIUM]","[PREMIUM]","[PREMIUM]","[PREMIUM]",true,false,"['Clear view']","2026-08-18 00:20:27"
"13820421597","2026-08-26 23:58:55.785","2026-08-29 23:57:25.824","13820421597","161672712","[PREMIUM]","[PREMIUM]","206","I","_",,,10,"[1,2,3,4,5,6,7,8,9,10]",407,"Upper",10,"Mobile Transfer ticket",1,"[PREMIUM]","[PREMIUM]","[PREMIUM]","[PREMIUM]",true,false,"['Clear view']","2026-08-26 18:14:06"
"13796051545","2026-08-26 23:58:54.794","2026-08-31 00:01:05.726","13796051545","161703053","[PREMIUM]","[PREMIUM]","210",,"_",,,4,"[1,2,3,4]",407,"Upper",10,"Mobile Transfer ticket",1,"[PREMIUM]","[PREMIUM]","[PREMIUM]","[PREMIUM]",true,true,"['Clear view']","2026-08-24 21:45:27"
"13709412625","2026-08-26 23:58:54.633","2026-09-08 23:58:22.271","13709412625","161672712","[PREMIUM]","[PREMIUM]","202","J","_",,,4,"[2,4]",407,"Upper",10,"Mobile Transfer ticket",1,"[PREMIUM]","[PREMIUM]","[PREMIUM]","[PREMIUM]",true,false,"['Clear view']","2026-08-18 00:20:27"
"13709413820","2026-08-26 23:58:54.566","2026-08-27 23:27:44.420","13709413820","161672712","[PREMIUM]","[PREMIUM]","207","R","_",,,4,"[2,4]",407,"Upper",10,"Mobile Transfer ticket",1,"[PREMIUM]","[PREMIUM]","[PREMIUM]","[PREMIUM]",true,false,"['Clear view']","2026-08-18 00:20:33"
"13709412586","2026-08-26 23:58:54.491","2026-09-08 23:58:19.118","13709412586","161672712","[PREMIUM]","[PREMIUM]","210","S","_",,,4,"[2,4]",407,"Upper",10,"Mobile Transfer ticket",1,"[PREMIUM]","[PREMIUM]","[PREMIUM]","[PREMIUM]",true,false,"['Clear view']","2026-08-18 00:20:27"
"13709412421","2026-08-26 23:58:54.343","2026-08-27 23:27:43.958","13709412421","161672712","[PREMIUM]","[PREMIUM]","222","T","_",,,4,"[2,4]",407,"Upper",10,"Mobile Transfer ticket",1,"[PREMIUM]","[PREMIUM]","[PREMIUM]","[PREMIUM]",true,false,"['Clear view']","2026-08-18 00:20:26"
"13709412655","2026-08-26 23:58:54.185","2026-09-08 23:58:18.905","13709412655","161672712","[PREMIUM]","[PREMIUM]","223","W","_",,,4,"[2,4]",407,"Upper",10,"Mobile Transfer ticket",1,"[PREMIUM]","[PREMIUM]","[PREMIUM]","[PREMIUM]",true,false,"['Clear view']","2026-08-18 00:20:27"
"13734064048","2026-08-26 23:58:54.028","2026-08-31 23:51:46.135","13734064048","161672712","[PREMIUM]","[PREMIUM]","219","J","9001_9004","9001",,4,"[1,2,3,4]",407,"Upper",11,"Mobile ticket",1,"[PREMIUM]","[PREMIUM]","[PREMIUM]","[PREMIUM]",true,false,"['Clear view']","2026-08-20 08:09:18"
"13820653547","2026-08-26 23:58:53.748","2026-09-01 23:55:18.356","13820653547","161672712","[PREMIUM]","[PREMIUM]","212","S","_",,,4,"[1,2,4]",407,"Upper",10,"Mobile Transfer ticket",1,"[PREMIUM]","[PREMIUM]","[PREMIUM]","[PREMIUM]",true,false,"['Clear view']","2026-08-26 18:36:31"
"13820796415","2026-08-26 23:58:53.650","2026-08-27 23:28:02.151","13820796415","161703053","[PREMIUM]","[PREMIUM]","210","X","_",,,2,"[2]",407,"Upper",10,"Mobile Transfer ticket",1,"[PREMIUM]","[PREMIUM]","[PREMIUM]","[PREMIUM]",true,false,"['Clear view']","2026-08-26 18:48:55"
"13794082312","2026-08-26 23:58:53.400","2026-09-02 23:47:34.170","13794082312","161703053","[PREMIUM]","[PREMIUM]","104",,"_",,,4,"[1,2,3,4]",594,"Lower",10,"Mobile Transfer ticket",1,"[PREMIUM]","[PREMIUM]","[PREMIUM]","[PREMIUM]",true,true,"['Clear view']","2026-08-24 19:13:45"
"13820797368","2026-08-26 23:58:53.400","2026-08-27 23:28:04.300","13820797368","161703053","[PREMIUM]","[PREMIUM]","138","Z","_",,,2,"[2]",594,"Lower",10,"Mobile Transfer ticket",1,"[PREMIUM]","[PREMIUM]","[PREMIUM]","[PREMIUM]",true,false,"['Clear view']","2026-08-26 18:48:58"
"13794936121","2026-08-26 23:58:53.312","2026-09-02 23:47:34.284","13794936121","161703053","[PREMIUM]","[PREMIUM]","129","Z","_",,,2,"[1,2]",594,"Lower",10,"Mobile Transfer ticket",1,"[PREMIUM]","[PREMIUM]","[PREMIUM]","[PREMIUM]",true,false,"['Clear view']","2026-08-24 20:37:22"
"13795048028","2026-08-26 23:58:53.312","2026-09-02 23:47:34.284","13795048028","161703053","[PREMIUM]","[PREMIUM]","116","Z","_",,,2,"[1,2]",594,"Lower",10,"Mobile Transfer ticket",1,"[PREMIUM]","[PREMIUM]","[PREMIUM]","[PREMIUM]",true,false,"['Clear view']","2026-08-24 20:43:09"
"13795264313","2026-08-26 23:58:53.312","2026-09-02 23:47:34.284","13795264313","161703053","[PREMIUM]","[PREMIUM]","106","Z","_",,,2,"[1,2]",594,"Lower",10,"Mobile Transfer ticket",1,"[PREMIUM]","[PREMIUM]","[PREMIUM]","[PREMIUM]",true,false,"['Clear view']","2026-08-24 20:56:04"
"13795473145","2026-08-26 23:58:53.312","2026-09-02 23:47:37.117","13795473145","161703053","[PREMIUM]","[PREMIUM]","109","Z","_",,,2,"[1,2]",594,"Lower",10,"Mobile Transfer ticket",1,"[PREMIUM]","[PREMIUM]","[PREMIUM]","[PREMIUM]",true,false,"['Clear view']","2026-08-24 21:11:41"
"13795315221","2026-08-26 23:58:53.312","2026-09-02 23:47:34.284","13795315221","161703053","[PREMIUM]","[PREMIUM]","126","Z","_",,,2,"[1,2]",594,"Lower",10,"Mobile Transfer ticket",1,"[PREMIUM]","[PREMIUM]","[PREMIUM]","[PREMIUM]",true,false,"['Clear view']","2026-08-24 20:59:04"
"13795906040","2026-08-26 23:58:53.312","2026-09-02 23:47:34.284","13795906040","161703053","[PREMIUM]","[PREMIUM]","136","Z","_",,,2,"[1,2]",594,"Lower",10,"Mobile Transfer ticket",1,"[PREMIUM]","[PREMIUM]","[PREMIUM]","[PREMIUM]",true,false,"['Clear view']","2026-08-24 21:34:26"
"13795580101","2026-08-26 23:58:53.022","2026-09-08 23:58:55.686","13795580101","161703053","[PREMIUM]","[PREMIUM]","240","X","_",,,2,"[1,2]",407,"Upper",10,"Mobile Transfer ticket",1,"[PREMIUM]","[PREMIUM]","[PREMIUM]","[PREMIUM]",true,false,"['Clear view']","2026-08-24 21:19:13"
"13820654240","2026-08-26 23:58:52.385","2026-09-08 23:58:15.878","13820654240","161672712","[PREMIUM]","[PREMIUM]","221","R","_",,,4,"[1,2,4]",407,"Upper",10,"Mobile Transfer ticket",1,"[PREMIUM]","[PREMIUM]","[PREMIUM]","[PREMIUM]",true,false,"['Clear view']","2026-08-26 18:36:33"
"13820797372","2026-08-26 23:58:52.358","2026-08-26 23:58:52.358","13820797372","161703053","[PREMIUM]","[PREMIUM]","122","T","_",,,2,"[2]",594,"Lower",10,"Mobile Transfer ticket",1,"[PREMIUM]","[PREMIUM]","[PREMIUM]","[PREMIUM]",true,false,"['Clear view']","2026-08-26 18:48:58"
"13821469335","2026-08-26 23:58:51.790","2026-09-01 23:55:11.294","13821469335","161658874","[PREMIUM]","[PREMIUM]","226","1","_",,,4,"[2,4]",3803,"200 Level",10,"Mobile Transfer ticket",1,"[PREMIUM]","[PREMIUM]","[PREMIUM]","[PREMIUM]",true,false,"['Actual 1st row of the section','Clear view']","2026-08-26 19:49:17"
"13806743950","2026-08-26 23:58:51.465","2026-09-08 23:58:32.304","13806743950","161658874","[PREMIUM]","[PREMIUM]","103","16","_",,,4,"[1,2,4]",3788,"100 Level",10,"Mobile Transfer ticket",1,"[PREMIUM]","[PREMIUM]","[PREMIUM]","[PREMIUM]",true,false,"['Clear view']","2026-08-25 15:53:56"
"13664090762","2026-08-26 23:58:51.392","2026-08-26 23:58:51.392","13664090762","161703053","[PREMIUM]","[PREMIUM]","136","Y","200_203","200","203",4,"[1,2,3,4]",594,"Lower",10,"Mobile Transfer ticket",1,"[PREMIUM]","[PREMIUM]","[PREMIUM]","[PREMIUM]",true,false,"['Clear view']","2026-08-13 20:10:34"
"13795320695","2026-08-26 23:58:51.392","2026-09-06 23:57:11.349","13795320695","161703053","[PREMIUM]","[PREMIUM]","233","U","_",,,2,"[1,2]",407,"Upper",10,"Mobile Transfer ticket",1,"[PREMIUM]","[PREMIUM]","[PREMIUM]","[PREMIUM]",true,false,"['Clear view']","2026-08-24 20:59:20"
"13820797383","2026-08-26 23:58:51.277","2026-08-27 23:28:04.008","13820797383","161703053","[PREMIUM]","[PREMIUM]","212","X","_",,,2,"[2]",407,"Upper",10,"Mobile Transfer ticket",1,"[PREMIUM]","[PREMIUM]","[PREMIUM]","[PREMIUM]",true,false,"['Clear view']","2026-08-26 18:48:59"
"13820797365","2026-08-26 23:58:51.277","2026-08-27 23:28:02.059","13820797365","161703053","[PREMIUM]","[PREMIUM]","202","X","_",,,2,"[2]",407,"Upper",10,"Mobile Transfer ticket",1,"[PREMIUM]","[PREMIUM]","[PREMIUM]","[PREMIUM]",true,false,"['Clear view']","2026-08-26 18:48:58"
"13820795861","2026-08-26 23:58:51.277","2026-08-27 23:28:02.059","13820795861","161703053","[PREMIUM]","[PREMIUM]","240","X","_",,,2,"[2]",407,"Upper",10,"Mobile Transfer ticket",1,"[PREMIUM]","[PREMIUM]","[PREMIUM]","[PREMIUM]",true,false,"['Clear view']","2026-08-26 18:48:52"
"13820795918","2026-08-26 23:58:51.277","2026-08-26 23:58:51.277","13820795918","161703053","[PREMIUM]","[PREMIUM]","235","X","_",,,2,"[2]",407,"Upper",10,"Mobile Transfer ticket",1,"[PREMIUM]","[PREMIUM]","[PREMIUM]","[PREMIUM]",true,false,"['Clear view']","2026-08-26 18:48:53"
"13820796758","2026-08-26 23:58:51.277","2026-08-26 23:58:51.277","13820796758","161703053","[PREMIUM]","[PREMIUM]","219","X","_",,,2,"[2]",407,"Upper",10,"Mobile Transfer ticket",1,"[PREMIUM]","[PREMIUM]","[PREMIUM]","[PREMIUM]",true,false,"['Clear view']","2026-08-26 18:48:56"
