"_primaryKey","_firstSeenAt","_lastSeenAt","listingId","eventId","price","faceValue","section","row","seat","seatFrom","seatTo","quantity","availableQuantities","ticketClass","ticketClassName","ticketTypeId","ticketTypeName","listingTypeId","starRating","dealScore","discount","seatQualityScore","isSeatedTogether","isSpeculativeRow","listingNotes","createdAt"
"13391103511","2026-07-18 23:28:40.803","2026-07-18 23:28:40.803","13391103511","160789750","[PREMIUM]","[PREMIUM]","322","C","_",,,8,"[1,2,3,4,6,8]",407,"Upper",10,"Mobile Transfer ticket",1,"[PREMIUM]","[PREMIUM]","[PREMIUM]","[PREMIUM]",true,false,"['Clear view']","2026-07-18 13:59:00"
"13391683207","2026-07-18 23:28:40.803","2026-07-18 23:28:40.803","13391683207","160789750","[PREMIUM]","[PREMIUM]","304","C","_",,,4,"[2,4]",407,"Upper",10,"Mobile Transfer ticket",1,"[PREMIUM]","[PREMIUM]","[PREMIUM]","[PREMIUM]",true,false,"['Third Row of Section','Clear view']","2026-07-18 16:09:32"
"13391266808","2026-07-18 23:28:40.803","2026-07-18 23:28:40.803","13391266808","160789750","[PREMIUM]","[PREMIUM]","323","G","_",,,8,"[1,2,3,4,6,8]",407,"Upper",10,"Mobile Transfer ticket",1,"[PREMIUM]","[PREMIUM]","[PREMIUM]","[PREMIUM]",true,false,"['Clear view']","2026-07-18 14:35:21"
"13392515812","2026-07-18 23:28:39.273","2026-07-31 06:42:38.089","13392515812","161097009","[PREMIUM]","[PREMIUM]","Courtside South","CC","_",,,2,"[2]",1679,"Courtside",10,"Mobile Transfer ticket",1,"[PREMIUM]","[PREMIUM]","[PREMIUM]","[PREMIUM]",true,false,"['Access to Premium Lounge','Access to Private Clubs, Restaurant, and Bar','Access to VIP Lounge','Premium Entrance','VIP Club Access w/ private entrance & restrooms','In-Seat Wait Service','Priority Entry','Clear view']","2026-07-18 19:26:20"
"13392568839","2026-07-18 23:28:39.136","2026-07-19 23:46:21.550","13392568839","161097009","[PREMIUM]","[PREMIUM]","301","5","9001_9004","9001",,4,"[1,2,3,4]",1713,"Middle Level",11,"Mobile ticket",1,"[PREMIUM]","[PREMIUM]","[PREMIUM]","[PREMIUM]",true,false,"['Clear view']","2026-07-18 19:39:08"
"13391624574","2026-07-18 23:28:38.002","2026-07-18 23:28:38.002","13391624574","161097018","[PREMIUM]","[PREMIUM]","112","13","_",,,1,"[1]",1687,"Lower Level",10,"Mobile Transfer ticket",1,"[PREMIUM]","[PREMIUM]","[PREMIUM]","[PREMIUM]",false,false,"['Clear view']","2026-07-18 15:55:15"
"13117547783","2026-07-18 23:28:37.808","2026-07-19 23:46:21.102","13117547783","161097018","[PREMIUM]","[PREMIUM]","307","9","_",,,4,"[4]",1713,"Middle Level",10,"Mobile Transfer ticket",1,"[PREMIUM]","[PREMIUM]","[PREMIUM]","[PREMIUM]",true,false,"['Clear view']","2026-06-23 11:50:20"
"13389359632","2026-07-18 23:28:36.204","2026-07-18 23:28:36.204","13389359632","160789750","[PREMIUM]","[PREMIUM]","122","L","9001_9001","9001",,1,"[1]",594,"Lower",11,"Mobile ticket",1,"[PREMIUM]","[PREMIUM]","[PREMIUM]","[PREMIUM]",false,false,"['Clear view']","2026-07-18 06:09:14"
"13393274533","2026-07-18 23:28:36.204","2026-07-18 23:28:36.204","13393274533","160789750","[PREMIUM]","[PREMIUM]","111","L","9001_9001","9001",,1,"[1]",594,"Lower",10,"Mobile Transfer ticket",1,"[PREMIUM]","[PREMIUM]","[PREMIUM]","[PREMIUM]",false,false,"['Clear view']","2026-07-18 22:33:25"
"13389181169","2026-07-18 23:28:36.184","2026-07-18 23:28:36.184","13389181169","160789750","[PREMIUM]","[PREMIUM]","122","U","9001_9001","9001",,1,"[1]",594,"Lower",11,"Mobile ticket",1,"[PREMIUM]","[PREMIUM]","[PREMIUM]","[PREMIUM]",false,false,"['Clear view']","2026-07-18 05:36:23"
"13389181179","2026-07-18 23:28:36.184","2026-07-18 23:28:36.184","13389181179","160789750","[PREMIUM]","[PREMIUM]","111","U","9001_9001","9001",,1,"[1]",594,"Lower",11,"Mobile ticket",1,"[PREMIUM]","[PREMIUM]","[PREMIUM]","[PREMIUM]",false,false,"['Clear view']","2026-07-18 05:36:23"
"13389181171","2026-07-18 23:28:36.069","2026-07-18 23:28:36.069","13389181171","160789750","[PREMIUM]","[PREMIUM]","102","E","9001_9001","9001",,1,"[1]",594,"Lower",11,"Mobile ticket",1,"[PREMIUM]","[PREMIUM]","[PREMIUM]","[PREMIUM]",false,false,"['Second Row of Section','Clear view']","2026-07-18 05:36:23"
"13388844561","2026-07-18 23:28:36.069","2026-07-18 23:28:36.069","13388844561","160789750","[PREMIUM]","[PREMIUM]","114","K","_",,,1,"[1]",594,"Lower",10,"Mobile Transfer ticket",1,"[PREMIUM]","[PREMIUM]","[PREMIUM]","[PREMIUM]",false,false,"['Second Row of Section','Clear view']","2026-07-18 04:47:45"
"13388844560","2026-07-18 23:28:36.069","2026-07-18 23:28:36.069","13388844560","160789750","[PREMIUM]","[PREMIUM]","114","L","_",,,1,"[1]",594,"Lower",10,"Mobile Transfer ticket",1,"[PREMIUM]","[PREMIUM]","[PREMIUM]","[PREMIUM]",false,false,"['Third Row of Section','Clear view']","2026-07-18 04:47:45"
"13391341655","2026-07-18 23:28:36.017","2026-07-18 23:28:36.017","13391341655","160789750","[PREMIUM]","[PREMIUM]","116","B","_",,,1,"[1]",594,"Lower",10,"Mobile Transfer ticket",1,"[PREMIUM]","[PREMIUM]","[PREMIUM]","[PREMIUM]",false,false,"['Second Row of Section','Clear view']","2026-07-18 14:49:25"
"13389181170","2026-07-18 23:28:36.004","2026-07-18 23:28:36.004","13389181170","160789750","[PREMIUM]","[PREMIUM]","108","P","9001_9001","9001",,1,"[1]",594,"Lower",11,"Mobile ticket",1,"[PREMIUM]","[PREMIUM]","[PREMIUM]","[PREMIUM]",false,false,"['Clear view']","2026-07-18 05:36:23"
"13389181177","2026-07-18 23:28:36.004","2026-07-18 23:28:36.004","13389181177","160789750","[PREMIUM]","[PREMIUM]","101","G","9001_9001","9001",,1,"[1]",594,"Lower",11,"Mobile ticket",1,"[PREMIUM]","[PREMIUM]","[PREMIUM]","[PREMIUM]",false,false,"['Clear view']","2026-07-18 05:36:23"
"13390954605","2026-07-18 23:28:35.914","2026-07-31 06:42:39.355","13390954605","160789750","[PREMIUM]","[PREMIUM]","104","L","_",,,1,"[1]",594,"Lower",10,"Mobile Transfer ticket",1,"[PREMIUM]","[PREMIUM]","[PREMIUM]","[PREMIUM]",false,false,"['Clear view']","2026-07-18 13:24:34"
"13391202225","2026-07-18 23:28:35.620","2026-07-18 23:28:35.620","13391202225","160789750","[PREMIUM]","[PREMIUM]","325","S","_",,,8,"[1,2,3,4,6,8]",407,"Upper",10,"Mobile Transfer ticket",1,"[PREMIUM]","[PREMIUM]","[PREMIUM]","[PREMIUM]",true,false,"['Clear view']","2026-07-18 14:21:13"
"13391203275","2026-07-18 23:28:35.620","2026-07-18 23:28:35.620","13391203275","160789750","[PREMIUM]","[PREMIUM]","315","H","_",,,7,"[1,2,3,5,7]",407,"Upper",10,"Mobile Transfer ticket",1,"[PREMIUM]","[PREMIUM]","[PREMIUM]","[PREMIUM]",true,false,"['Clear view']","2026-07-18 14:21:25"
"13391239147","2026-07-18 23:28:35.620","2026-07-18 23:28:35.620","13391239147","160789750","[PREMIUM]","[PREMIUM]","325","K","_",,,8,"[1,2,3,4,6,8]",407,"Upper",10,"Mobile Transfer ticket",1,"[PREMIUM]","[PREMIUM]","[PREMIUM]","[PREMIUM]",true,false,"['Clear view']","2026-07-18 14:29:51"
"13391250200","2026-07-18 23:28:35.620","2026-07-18 23:28:35.620","13391250200","160789750","[PREMIUM]","[PREMIUM]","315","S","_",,,8,"[1,2,3,4,6,8]",407,"Upper",10,"Mobile Transfer ticket",1,"[PREMIUM]","[PREMIUM]","[PREMIUM]","[PREMIUM]",true,false,"['Clear view']","2026-07-18 14:32:10"
"13391178538","2026-07-18 23:28:35.620","2026-07-18 23:28:35.620","13391178538","160789750","[PREMIUM]","[PREMIUM]","326","T","_",,,7,"[1,2,3,5,7]",407,"Upper",10,"Mobile Transfer ticket",1,"[PREMIUM]","[PREMIUM]","[PREMIUM]","[PREMIUM]",true,false,"['Clear view']","2026-07-18 14:15:03"
"13391121683","2026-07-18 23:28:35.604","2026-07-18 23:28:35.604","13391121683","160789750","[PREMIUM]","[PREMIUM]","321","T","_",,,8,"[1,2,3,4,6,8]",407,"Upper",10,"Mobile Transfer ticket",1,"[PREMIUM]","[PREMIUM]","[PREMIUM]","[PREMIUM]",true,false,"['Clear view']","2026-07-18 14:04:04"
"13391214418","2026-07-18 23:28:35.604","2026-07-18 23:28:35.604","13391214418","160789750","[PREMIUM]","[PREMIUM]","305","P","_",,,8,"[1,2,3,4,6,8]",407,"Upper",10,"Mobile Transfer ticket",1,"[PREMIUM]","[PREMIUM]","[PREMIUM]","[PREMIUM]",true,false,"['Clear view']","2026-07-18 14:23:53"
"13391200381","2026-07-18 23:28:35.604","2026-07-18 23:28:35.604","13391200381","160789750","[PREMIUM]","[PREMIUM]","306","R","_",,,8,"[1,2,3,4,6,8]",407,"Upper",10,"Mobile Transfer ticket",1,"[PREMIUM]","[PREMIUM]","[PREMIUM]","[PREMIUM]",true,false,"['Clear view']","2026-07-18 14:20:42"
"13391208173","2026-07-18 23:28:35.604","2026-07-18 23:28:35.604","13391208173","160789750","[PREMIUM]","[PREMIUM]","320","S","_",,,8,"[1,2,3,4,6,8]",407,"Upper",10,"Mobile Transfer ticket",1,"[PREMIUM]","[PREMIUM]","[PREMIUM]","[PREMIUM]",true,false,"['Clear view']","2026-07-18 14:22:33"
"13391248061","2026-07-18 23:28:35.604","2026-07-18 23:28:35.604","13391248061","160789750","[PREMIUM]","[PREMIUM]","305","R","_",,,8,"[1,2,3,4,6,8]",407,"Upper",10,"Mobile Transfer ticket",1,"[PREMIUM]","[PREMIUM]","[PREMIUM]","[PREMIUM]",true,false,"['Clear view']","2026-07-18 14:31:56"
"13391233531","2026-07-18 23:28:35.601","2026-07-18 23:28:35.601","13391233531","160789750","[PREMIUM]","[PREMIUM]","316","T","_",,,8,"[1,2,3,4,6,8]",407,"Upper",10,"Mobile Transfer ticket",1,"[PREMIUM]","[PREMIUM]","[PREMIUM]","[PREMIUM]",true,false,"['Clear view']","2026-07-18 14:28:38"
"13391344516","2026-07-18 23:28:35.601","2026-07-18 23:28:35.601","13391344516","160789750","[PREMIUM]","[PREMIUM]","310","F","_",,,7,"[1,2,3,5,7]",407,"Upper",10,"Mobile Transfer ticket",1,"[PREMIUM]","[PREMIUM]","[PREMIUM]","[PREMIUM]",true,false,"['Clear view']","2026-07-18 14:50:18"
"13391218936","2026-07-18 23:28:35.601","2026-07-18 23:28:35.601","13391218936","160789750","[PREMIUM]","[PREMIUM]","316","M","_",,,8,"[1,2,3,4,6,8]",407,"Upper",10,"Mobile Transfer ticket",1,"[PREMIUM]","[PREMIUM]","[PREMIUM]","[PREMIUM]",true,false,"['Clear view']","2026-07-18 14:24:59"
"13391201161","2026-07-18 23:28:35.601","2026-07-18 23:28:35.601","13391201161","160789750","[PREMIUM]","[PREMIUM]","302","T","_",,,4,"[2,4]",407,"Upper",10,"Mobile Transfer ticket",1,"[PREMIUM]","[PREMIUM]","[PREMIUM]","[PREMIUM]",true,false,"['Clear view']","2026-07-18 14:20:57"
"13391151363","2026-07-18 23:28:35.601","2026-07-18 23:28:35.601","13391151363","160789750","[PREMIUM]","[PREMIUM]","317","T","_",,,8,"[1,2,3,4,6,8]",407,"Upper",10,"Mobile Transfer ticket",1,"[PREMIUM]","[PREMIUM]","[PREMIUM]","[PREMIUM]",true,false,"['Clear view']","2026-07-18 14:09:21"
"13391269631","2026-07-18 23:28:35.601","2026-07-18 23:28:35.601","13391269631","160789750","[PREMIUM]","[PREMIUM]","324","T","_",,,8,"[1,2,3,4,6,8]",407,"Upper",10,"Mobile Transfer ticket",1,"[PREMIUM]","[PREMIUM]","[PREMIUM]","[PREMIUM]",true,false,"['Clear view']","2026-07-18 14:35:43"
"13391214319","2026-07-18 23:28:35.581","2026-07-18 23:28:35.581","13391214319","160789750","[PREMIUM]","[PREMIUM]","308","T","_",,,8,"[1,2,3,4,6,8]",407,"Upper",10,"Mobile Transfer ticket",1,"[PREMIUM]","[PREMIUM]","[PREMIUM]","[PREMIUM]",true,false,"['Clear view']","2026-07-18 14:23:52"
"13391280523","2026-07-18 23:28:35.581","2026-07-18 23:28:35.581","13391280523","160789750","[PREMIUM]","[PREMIUM]","310","T","_",,,8,"[1,2,3,4,6,8]",407,"Upper",10,"Mobile Transfer ticket",1,"[PREMIUM]","[PREMIUM]","[PREMIUM]","[PREMIUM]",true,false,"['Clear view']","2026-07-18 14:38:08"
"13391235196","2026-07-18 23:28:35.571","2026-07-18 23:28:35.571","13391235196","160789750","[PREMIUM]","[PREMIUM]","311","K","_",,,8,"[1,2,3,4,6,8]",407,"Upper",10,"Mobile Transfer ticket",1,"[PREMIUM]","[PREMIUM]","[PREMIUM]","[PREMIUM]",true,false,"['Clear view']","2026-07-18 14:28:58"
"13391187671","2026-07-18 23:28:35.571","2026-07-18 23:28:35.571","13391187671","160789750","[PREMIUM]","[PREMIUM]","313","T","_",,,3,"[1,3]",407,"Upper",10,"Mobile Transfer ticket",1,"[PREMIUM]","[PREMIUM]","[PREMIUM]","[PREMIUM]",true,false,"['Clear view']","2026-07-18 14:17:50"
"13391177303","2026-07-18 23:28:35.571","2026-07-18 23:28:35.571","13391177303","160789750","[PREMIUM]","[PREMIUM]","313","S","_",,,8,"[1,2,3,4,6,8]",407,"Upper",10,"Mobile Transfer ticket",1,"[PREMIUM]","[PREMIUM]","[PREMIUM]","[PREMIUM]",true,false,"['Clear view']","2026-07-18 14:14:57"
"13392622281","2026-07-18 23:28:35.571","2026-07-18 23:28:35.571","13392622281","160789750","[PREMIUM]","[PREMIUM]","312","M","_",,,8,"[1,2,3,4,6,8]",407,"Upper",10,"Mobile Transfer ticket",1,"[PREMIUM]","[PREMIUM]","[PREMIUM]","[PREMIUM]",true,false,"['Clear view']","2026-07-18 19:53:34"
"13391124614","2026-07-18 23:28:35.564","2026-07-18 23:28:35.564","13391124614","160789750","[PREMIUM]","[PREMIUM]","324","M","_",,,8,"[1,2,3,4,6,8]",407,"Upper",10,"Mobile Transfer ticket",1,"[PREMIUM]","[PREMIUM]","[PREMIUM]","[PREMIUM]",true,false,"['Clear view']","2026-07-18 14:04:28"
"13391134085","2026-07-18 23:28:35.564","2026-07-18 23:28:35.564","13391134085","160789750","[PREMIUM]","[PREMIUM]","318","T","_",,,8,"[1,2,3,4,6,8]",407,"Upper",10,"Mobile Transfer ticket",1,"[PREMIUM]","[PREMIUM]","[PREMIUM]","[PREMIUM]",true,false,"['Clear view']","2026-07-18 14:06:26"
"13391268315","2026-07-18 23:28:35.564","2026-07-18 23:28:35.564","13391268315","160789750","[PREMIUM]","[PREMIUM]","308","C","_",,,6,"[1,2,4,6]",407,"Upper",10,"Mobile Transfer ticket",1,"[PREMIUM]","[PREMIUM]","[PREMIUM]","[PREMIUM]",true,false,"['Third Row of Section','Clear view']","2026-07-18 14:35:31"
"13391275591","2026-07-18 23:28:35.564","2026-07-18 23:28:35.564","13391275591","160789750","[PREMIUM]","[PREMIUM]","309","T","_",,,8,"[1,2,3,4,6,8]",407,"Upper",10,"Mobile Transfer ticket",1,"[PREMIUM]","[PREMIUM]","[PREMIUM]","[PREMIUM]",true,false,"['Clear view']","2026-07-18 14:37:18"
"13391267312","2026-07-18 23:28:35.564","2026-07-18 23:28:35.564","13391267312","160789750","[PREMIUM]","[PREMIUM]","302","D","_",,,5,"[1,3,5]",407,"Upper",10,"Mobile Transfer ticket",1,"[PREMIUM]","[PREMIUM]","[PREMIUM]","[PREMIUM]",true,false,"['Clear view']","2026-07-18 14:35:25"
"13391170148","2026-07-18 23:28:35.564","2026-07-18 23:28:35.564","13391170148","160789750","[PREMIUM]","[PREMIUM]","303","T","_",,,8,"[1,2,3,4,6,8]",407,"Upper",10,"Mobile Transfer ticket",1,"[PREMIUM]","[PREMIUM]","[PREMIUM]","[PREMIUM]",true,false,"['Clear view']","2026-07-18 14:13:50"
"13391103789","2026-07-18 23:28:35.554","2026-07-18 23:28:35.554","13391103789","160789750","[PREMIUM]","[PREMIUM]","301","T","_",,,8,"[1,2,3,4,6,8]",407,"Upper",10,"Mobile Transfer ticket",1,"[PREMIUM]","[PREMIUM]","[PREMIUM]","[PREMIUM]",true,false,"['Clear view']","2026-07-18 13:59:07"
"13391233444","2026-07-18 23:28:35.554","2026-07-18 23:28:35.554","13391233444","160789750","[PREMIUM]","[PREMIUM]","314","N","_",,,8,"[1,2,3,4,6,8]",407,"Upper",10,"Mobile Transfer ticket",1,"[PREMIUM]","[PREMIUM]","[PREMIUM]","[PREMIUM]",true,false,"['Clear view']","2026-07-18 14:28:35"
"13391185487","2026-07-18 23:28:35.554","2026-07-18 23:28:35.554","13391185487","160789750","[PREMIUM]","[PREMIUM]","311","T","_",,,8,"[1,2,3,4,6,8]",407,"Upper",10,"Mobile Transfer ticket",1,"[PREMIUM]","[PREMIUM]","[PREMIUM]","[PREMIUM]",true,false,"['Clear view']","2026-07-18 14:17:21"
"13391171957","2026-07-18 23:28:35.554","2026-07-18 23:28:35.554","13391171957","160789750","[PREMIUM]","[PREMIUM]","326","M","_",,,4,"[2,4]",407,"Upper",10,"Mobile Transfer ticket",1,"[PREMIUM]","[PREMIUM]","[PREMIUM]","[PREMIUM]",true,false,"['Clear view']","2026-07-18 14:14:06"
"13391238280","2026-07-18 23:28:35.554","2026-07-18 23:28:35.554","13391238280","160789750","[PREMIUM]","[PREMIUM]","301","J","_",,,8,"[1,2,3,4,6,8]",407,"Upper",10,"Mobile Transfer ticket",1,"[PREMIUM]","[PREMIUM]","[PREMIUM]","[PREMIUM]",true,false,"['Clear view']","2026-07-18 14:29:35"
"13391170532","2026-07-18 23:28:35.554","2026-07-18 23:28:35.554","13391170532","160789750","[PREMIUM]","[PREMIUM]","314","T","_",,,8,"[1,2,3,4,6,8]",407,"Upper",10,"Mobile Transfer ticket",1,"[PREMIUM]","[PREMIUM]","[PREMIUM]","[PREMIUM]",true,false,"['Clear view']","2026-07-18 14:13:54"
"13393274561","2026-07-18 23:28:35.538","2026-07-18 23:28:35.538","13393274561","160789750","[PREMIUM]","[PREMIUM]","324","1","9001_9001","9001",,1,"[1]",407,"Upper",10,"Mobile Transfer ticket",1,"[PREMIUM]","[PREMIUM]","[PREMIUM]","[PREMIUM]",false,false,"['Front Row of Section','Clear view']","2026-07-18 22:33:26"
"13391112180","2026-07-18 23:28:35.532","2026-07-18 23:28:35.532","13391112180","160789750","[PREMIUM]","[PREMIUM]","322","T","_",,,8,"[1,2,3,4,6,8]",407,"Upper",10,"Mobile Transfer ticket",1,"[PREMIUM]","[PREMIUM]","[PREMIUM]","[PREMIUM]",true,false,"['Clear view']","2026-07-18 14:02:03"
"13391130698","2026-07-18 23:28:35.532","2026-07-18 23:28:35.532","13391130698","160789750","[PREMIUM]","[PREMIUM]","318","4","_",,,3,"[1,3]",407,"Upper",10,"Mobile Transfer ticket",1,"[PREMIUM]","[PREMIUM]","[PREMIUM]","[PREMIUM]",true,false,"['Clear view']","2026-07-18 14:05:15"
"13391120108","2026-07-18 23:28:35.532","2026-07-18 23:28:35.532","13391120108","160789750","[PREMIUM]","[PREMIUM]","303","G","_",,,8,"[1,2,3,4,6,8]",407,"Upper",10,"Mobile Transfer ticket",1,"[PREMIUM]","[PREMIUM]","[PREMIUM]","[PREMIUM]",true,false,"['Clear view']","2026-07-18 14:03:50"
"13391174112","2026-07-18 23:28:35.532","2026-07-18 23:28:35.532","13391174112","160789750","[PREMIUM]","[PREMIUM]","323","T","_",,,8,"[1,2,3,4,6,8]",407,"Upper",10,"Mobile Transfer ticket",1,"[PREMIUM]","[PREMIUM]","[PREMIUM]","[PREMIUM]",true,false,"['Clear view']","2026-07-18 14:14:33"
"13391262950","2026-07-18 23:28:35.532","2026-07-18 23:28:35.532","13391262950","160789750","[PREMIUM]","[PREMIUM]","317","4","_",,,8,"[1,2,3,4,6,8]",407,"Upper",10,"Mobile Transfer ticket",1,"[PREMIUM]","[PREMIUM]","[PREMIUM]","[PREMIUM]",true,false,"['Clear view']","2026-07-18 14:34:59"
"13391241574","2026-07-18 23:28:35.532","2026-07-18 23:28:35.532","13391241574","160789750","[PREMIUM]","[PREMIUM]","309","G","_",,,2,"[2]",407,"Upper",10,"Mobile Transfer ticket",1,"[PREMIUM]","[PREMIUM]","[PREMIUM]","[PREMIUM]",true,false,"['Clear view']","2026-07-18 14:30:36"
"13391112399","2026-07-18 23:28:35.019","2026-07-18 23:28:35.019","13391112399","160789750","[PREMIUM]","[PREMIUM]","319","T","_",,,8,"[1,2,3,4,6,8]",407,"Upper",10,"Mobile Transfer ticket",1,"[PREMIUM]","[PREMIUM]","[PREMIUM]","[PREMIUM]",true,false,"['Clear view']","2026-07-18 14:02:09"
"13391113938","2026-07-18 23:28:35.019","2026-07-18 23:28:35.019","13391113938","160789750","[PREMIUM]","[PREMIUM]","321","L","_",,,2,"[2]",407,"Upper",10,"Mobile Transfer ticket",1,"[PREMIUM]","[PREMIUM]","[PREMIUM]","[PREMIUM]",true,false,"['Clear view']","2026-07-18 14:02:25"
"13391196424","2026-07-18 23:28:35.019","2026-07-18 23:28:35.019","13391196424","160789750","[PREMIUM]","[PREMIUM]","320","G","_",,,5,"[1,3,5]",407,"Upper",10,"Mobile Transfer ticket",1,"[PREMIUM]","[PREMIUM]","[PREMIUM]","[PREMIUM]",true,false,"['Clear view']","2026-07-18 14:19:35"
"13391210782","2026-07-18 23:28:35.019","2026-07-18 23:28:35.019","13391210782","160789750","[PREMIUM]","[PREMIUM]","306","K","_",,,4,"[2,4]",407,"Upper",10,"Mobile Transfer ticket",1,"[PREMIUM]","[PREMIUM]","[PREMIUM]","[PREMIUM]",true,false,"['Clear view']","2026-07-18 14:23:12"
"13391243320","2026-07-18 23:28:35.019","2026-07-18 23:28:35.019","13391243320","160789750","[PREMIUM]","[PREMIUM]","319","K","_",,,8,"[1,2,3,4,6,8]",407,"Upper",10,"Mobile Transfer ticket",1,"[PREMIUM]","[PREMIUM]","[PREMIUM]","[PREMIUM]",true,false,"['Clear view']","2026-07-18 14:30:59"
"13393254082","2026-07-18 23:28:33.930","2026-07-31 06:42:24.964","13393254082","161203589","[PREMIUM]","[PREMIUM]","101","11","_",,,2,"[2]",1687,"Lower Level",10,"Mobile Transfer ticket",1,"[PREMIUM]","[PREMIUM]","[PREMIUM]","[PREMIUM]",true,false,"['Clear view']","2026-07-18 22:29:31"
"13389635819","2026-07-18 23:28:33.459","2026-07-18 23:28:33.459","13389635819","161421422","[PREMIUM]","[PREMIUM]","115","15","9001_9002","9001",,2,"[2]",519,"Terrace",10,"Mobile Transfer ticket",1,"[PREMIUM]","[PREMIUM]","[PREMIUM]","[PREMIUM]",true,false,"['Clear view']","2026-07-18 07:53:06"
"13390181381","2026-07-18 23:28:33.459","2026-07-18 23:28:33.459","13390181381","161421422","[PREMIUM]","[PREMIUM]","106","13","9001_9002","9001",,2,"[2]",519,"Terrace",10,"Mobile Transfer ticket",1,"[PREMIUM]","[PREMIUM]","[PREMIUM]","[PREMIUM]",true,false,"['Clear view']","2026-07-18 11:19:12"
"13390206124","2026-07-18 23:28:33.459","2026-07-18 23:28:33.459","13390206124","161421422","[PREMIUM]","[PREMIUM]","114","15","9001_9002","9001",,2,"[2]",519,"Terrace",10,"Mobile Transfer ticket",1,"[PREMIUM]","[PREMIUM]","[PREMIUM]","[PREMIUM]",true,false,"['Clear view']","2026-07-18 11:30:49"
"13392069516","2026-07-18 23:28:33.459","2026-07-18 23:28:33.459","13392069516","161421422","[PREMIUM]","[PREMIUM]","105","15","9001_9002","9001",,2,"[2]",519,"Terrace",10,"Mobile Transfer ticket",1,"[PREMIUM]","[PREMIUM]","[PREMIUM]","[PREMIUM]",true,false,"['Clear view']","2026-07-18 17:42:25"
"13372798967","2026-07-18 23:28:33.430","2026-07-21 02:37:06.843","13372798967","161421422","[PREMIUM]","[PREMIUM]","116","3","_",,,2,"[2]",519,"Terrace",10,"Mobile Transfer ticket",1,"[PREMIUM]","[PREMIUM]","[PREMIUM]","[PREMIUM]",true,false,"['Third Row of Section','Clear view']","2026-07-16 14:36:34"
"13391019319","2026-07-18 23:28:33.430","2026-07-18 23:28:33.430","13391019319","161421422","[PREMIUM]","[PREMIUM]","116","2","9001_9005","9001",,5,"[1,2,3,4,5]",519,"Terrace",10,"Mobile Transfer ticket",1,"[PREMIUM]","[PREMIUM]","[PREMIUM]","[PREMIUM]",true,false,"['Second Row of Section','Clear view']","2026-07-18 13:40:17"
"13391981493","2026-07-18 23:28:33.430","2026-07-18 23:28:33.430","13391981493","161421422","[PREMIUM]","[PREMIUM]","113","2","9001_9003","9001",,3,"[1,2,3]",519,"Terrace",10,"Mobile Transfer ticket",1,"[PREMIUM]","[PREMIUM]","[PREMIUM]","[PREMIUM]",true,false,"['Second Row of Section','Clear view']","2026-07-18 17:23:05"
"13392919423","2026-07-18 23:28:33.221","2026-07-18 23:28:33.221","13392919423","161421422","[PREMIUM]","[PREMIUM]","106","16","_",,,4,"[2,4]",519,"Terrace",10,"Mobile Transfer ticket",1,"[PREMIUM]","[PREMIUM]","[PREMIUM]","[PREMIUM]",true,false,"['Clear view']","2026-07-18 21:18:45"
"13390206121","2026-07-18 23:28:33.216","2026-07-18 23:28:33.216","13390206121","161421422","[PREMIUM]","[PREMIUM]","206","3","9001_9002","9001",,2,"[2]",2062,"Promenade",10,"Mobile Transfer ticket",1,"[PREMIUM]","[PREMIUM]","[PREMIUM]","[PREMIUM]",true,false,"['Third Row of Section','Clear view']","2026-07-18 11:30:49"
"13390206125","2026-07-18 23:28:33.216","2026-07-18 23:28:33.216","13390206125","161421422","[PREMIUM]","[PREMIUM]","229","2","9001_9002","9001",,2,"[2]",2062,"Promenade",10,"Mobile Transfer ticket",1,"[PREMIUM]","[PREMIUM]","[PREMIUM]","[PREMIUM]",true,false,"['Second Row of Section','Clear view']","2026-07-18 11:30:49"
"13383665942","2026-07-18 23:28:33.207","2026-07-19 23:46:21.444","13383665942","161421422","[PREMIUM]","[PREMIUM]","108","6","9001_9002","9001",,2,"[2]",519,"Terrace",10,"Mobile Transfer ticket",1,"[PREMIUM]","[PREMIUM]","[PREMIUM]","[PREMIUM]",true,false,"['Clear view']","2026-07-17 15:36:49"
"13389771842","2026-07-18 23:28:33.207","2026-07-18 23:28:33.207","13389771842","161421422","[PREMIUM]","[PREMIUM]","Club C","7","9001_9002","9001",,2,"[2]",3418,"Terrace Club",10,"Mobile Transfer ticket",1,"[PREMIUM]","[PREMIUM]","[PREMIUM]","[PREMIUM]",true,false,"['Clear view']","2026-07-18 08:43:28"
"13390181421","2026-07-18 23:28:33.207","2026-07-18 23:28:33.207","13390181421","161421422","[PREMIUM]","[PREMIUM]","Club D","6","9001_9003","9001",,3,"[1,2,3]",3418,"Terrace Club",10,"Mobile Transfer ticket",1,"[PREMIUM]","[PREMIUM]","[PREMIUM]","[PREMIUM]",true,false,"['Clear view']","2026-07-18 11:19:12"
"13393135181","2026-07-18 23:28:33.207","2026-07-18 23:28:33.207","13393135181","161421422","[PREMIUM]","[PREMIUM]","117","7","9001_9002","9001",,2,"[2]",519,"Terrace",10,"Mobile Transfer ticket",1,"[PREMIUM]","[PREMIUM]","[PREMIUM]","[PREMIUM]",true,false,"['Clear view']","2026-07-18 22:08:00"
"13390181426","2026-07-18 23:28:33.170","2026-07-18 23:28:33.170","13390181426","161421422","[PREMIUM]","[PREMIUM]","Club A","3","9001_9002","9001",,2,"[2]",3418,"Terrace Club",10,"Mobile Transfer ticket",1,"[PREMIUM]","[PREMIUM]","[PREMIUM]","[PREMIUM]",true,false,"['Third Row of Section','Clear view']","2026-07-18 11:19:12"
"13387973538","2026-07-18 23:28:33.143","2026-07-18 23:28:33.143","13387973538","161421422","[PREMIUM]","[PREMIUM]","117","8","9001_9002","9001",,2,"[2]",519,"Terrace",10,"Mobile Transfer ticket",1,"[PREMIUM]","[PREMIUM]","[PREMIUM]","[PREMIUM]",true,false,"['Clear view']","2026-07-18 01:34:19"
"13390206127","2026-07-18 23:28:33.143","2026-07-18 23:28:33.143","13390206127","161421422","[PREMIUM]","[PREMIUM]","Club E","4","9001_9002","9001",,2,"[2]",3418,"Terrace Club",10,"Mobile Transfer ticket",1,"[PREMIUM]","[PREMIUM]","[PREMIUM]","[PREMIUM]",true,false,"['Clear view']","2026-07-18 11:30:49"
"13388318833","2026-07-18 23:28:32.614","2026-07-19 23:46:20.416","13388318833","161421422","[PREMIUM]","[PREMIUM]","220","16","_",,,2,"[2]",2062,"Promenade",10,"Mobile Transfer ticket",1,"[PREMIUM]","[PREMIUM]","[PREMIUM]","[PREMIUM]",true,false,"['Clear view']","2026-07-18 03:02:38"
"12945881702","2026-07-18 23:28:31.006","2026-07-31 06:41:36.489","12945881702","161097029","[PREMIUM]","[PREMIUM]","111","22","9_16","9","16",8,"[1,2,3,4,5,6,8]",1687,"Lower Level",10,"Mobile Transfer ticket",1,"[PREMIUM]","[PREMIUM]","[PREMIUM]","[PREMIUM]",true,false,"['Clear view']","2026-06-05 20:12:41"
"13391740886","2026-07-18 23:28:30.939","2026-07-21 02:36:47.945","13391740886","161097029","[PREMIUM]","[PREMIUM]","302","6","_",,,4,"[1,2,3,4]",1713,"Middle Level",10,"Mobile Transfer ticket",1,"[PREMIUM]","[PREMIUM]","[PREMIUM]","[PREMIUM]",true,false,"['Clear view']","2026-07-18 16:23:16"
"13372654680","2026-07-18 23:28:29.484","2026-07-18 23:28:29.484","13372654680","161474786","[PREMIUM]","[PREMIUM]","107","HH","_",,,2,"[2]",594,"Lower",10,"Mobile Transfer ticket",1,"[PREMIUM]","[PREMIUM]","[PREMIUM]","[PREMIUM]",true,false,"['Clear view']","2026-07-16 14:24:03"
"13391297019","2026-07-18 23:28:29.478","2026-07-18 23:28:29.478","13391297019","161474786","[PREMIUM]","[PREMIUM]","T13","BX5","_",,,2,"[2]",1725,"Terrace Suites",10,"Mobile Transfer ticket",1,"[PREMIUM]","[PREMIUM]","[PREMIUM]","[PREMIUM]",true,false,"['Clear view']","2026-07-18 14:40:15"
"13372656871","2026-07-18 23:28:29.315","2026-07-19 23:46:18.563","13372656871","161474786","[PREMIUM]","[PREMIUM]","120","LL","_",,,2,"[2]",594,"Lower",10,"Mobile Transfer ticket",1,"[PREMIUM]","[PREMIUM]","[PREMIUM]","[PREMIUM]",true,false,"['Clear view']","2026-07-16 14:24:14"
"13364875435","2026-07-18 23:28:29.129","2026-07-18 23:28:29.129","13364875435","161421420","[PREMIUM]","[PREMIUM]","Club C","5","9001_9005","9001",,5,"[1,2,3,5]",3418,"Terrace Club",10,"Mobile Transfer ticket",1,"[PREMIUM]","[PREMIUM]","[PREMIUM]","[PREMIUM]",true,false,"['Clear view']","2026-07-15 23:16:25"
"13373961581","2026-07-18 23:28:28.837","2026-07-21 02:36:49.908","13373961581","161421420","[PREMIUM]","[PREMIUM]","115","13","_",,,2,"[2]",519,"Terrace",10,"Mobile Transfer ticket",1,"[PREMIUM]","[PREMIUM]","[PREMIUM]","[PREMIUM]",true,false,"['Clear view']","2026-07-16 16:34:03"
"13392947202","2026-07-18 23:28:28.812","2026-07-19 23:46:18.752","13392947202","161421420","[PREMIUM]","[PREMIUM]","230","2","_",,,6,"[1,2,3,4,5,6]",2062,"Promenade",10,"Mobile Transfer ticket",1,"[PREMIUM]","[PREMIUM]","[PREMIUM]","[PREMIUM]",true,false,"['Second Row of Section','Clear view']","2026-07-18 21:26:54"
"13355910498","2026-07-18 23:28:28.754","2026-07-31 06:41:42.246","13355910498","161421420","[PREMIUM]","[PREMIUM]","212","2","9001_9003","9001",,3,"[1,3]",2062,"Promenade",10,"Mobile Transfer ticket",1,"[PREMIUM]","[PREMIUM]","[PREMIUM]","[PREMIUM]",true,false,"['Second Row of Section','Clear view']","2026-07-15 03:34:12"
"13372656830","2026-07-18 23:28:28.623","2026-07-19 23:46:18.241","13372656830","161474786","[PREMIUM]","[PREMIUM]","121","W","_",,,4,"[2,4]",594,"Lower",10,"Mobile Transfer ticket",1,"[PREMIUM]","[PREMIUM]","[PREMIUM]","[PREMIUM]",true,false,"['Clear view']","2026-07-16 14:24:14"
"13369502505","2026-07-18 23:28:28.456","2026-07-18 23:28:28.456","13369502505","161474786","[PREMIUM]","[PREMIUM]","111","R","9001_9003","9001",,3,"[1,2,3]",594,"Lower",11,"Mobile ticket",1,"[PREMIUM]","[PREMIUM]","[PREMIUM]","[PREMIUM]",true,false,"['Clear view']","2026-07-16 07:19:32"
"13372663507","2026-07-18 23:28:28.047","2026-07-18 23:28:28.047","13372663507","161474786","[PREMIUM]","[PREMIUM]","224","L","_",,,5,"[5]",407,"Upper",10,"Mobile Transfer ticket",1,"[PREMIUM]","[PREMIUM]","[PREMIUM]","[PREMIUM]",true,false,"['Clear view']","2026-07-16 14:24:46"
"13372661092","2026-07-18 23:28:28.047","2026-07-18 23:28:28.047","13372661092","161474786","[PREMIUM]","[PREMIUM]","221","M","_",,,5,"[5]",407,"Upper",10,"Mobile Transfer ticket",1,"[PREMIUM]","[PREMIUM]","[PREMIUM]","[PREMIUM]",true,false,"['Clear view']","2026-07-16 14:24:36"
"13372658365","2026-07-18 23:28:28.047","2026-07-18 23:28:28.047","13372658365","161474786","[PREMIUM]","[PREMIUM]","208","M","_",,,6,"[6]",407,"Upper",10,"Mobile Transfer ticket",1,"[PREMIUM]","[PREMIUM]","[PREMIUM]","[PREMIUM]",true,false,"['Clear view']","2026-07-16 14:24:21"
"13372658347","2026-07-18 23:28:28.047","2026-07-18 23:28:28.047","13372658347","161474786","[PREMIUM]","[PREMIUM]","210","L","_",,,6,"[6]",407,"Upper",10,"Mobile Transfer ticket",1,"[PREMIUM]","[PREMIUM]","[PREMIUM]","[PREMIUM]",true,false,"['Clear view']","2026-07-16 14:24:21"
"13375914887","2026-07-18 23:28:28.047","2026-07-18 23:28:28.047","13375914887","161474786","[PREMIUM]","[PREMIUM]","210","H","_",,,6,"[6]",407,"Upper",10,"Mobile Transfer ticket",1,"[PREMIUM]","[PREMIUM]","[PREMIUM]","[PREMIUM]",true,false,"['Clear view']","2026-07-16 20:05:40"
"13372658358","2026-07-18 23:28:27.946","2026-07-18 23:28:27.946","13372658358","161474786","[PREMIUM]","[PREMIUM]","209","H","_",,,5,"[5]",407,"Upper",10,"Mobile Transfer ticket",1,"[PREMIUM]","[PREMIUM]","[PREMIUM]","[PREMIUM]",true,false,"['Clear view']","2026-07-16 14:24:21"
"13372663515","2026-07-18 23:28:27.939","2026-07-18 23:28:27.939","13372663515","161474786","[PREMIUM]","[PREMIUM]","224","K","_",,,5,"[5]",407,"Upper",10,"Mobile Transfer ticket",1,"[PREMIUM]","[PREMIUM]","[PREMIUM]","[PREMIUM]",true,false,"['Clear view']","2026-07-16 14:24:46"
"13372658351","2026-07-18 23:28:27.939","2026-07-18 23:28:27.939","13372658351","161474786","[PREMIUM]","[PREMIUM]","210","G","_",,,4,"[2,4]",407,"Upper",10,"Mobile Transfer ticket",1,"[PREMIUM]","[PREMIUM]","[PREMIUM]","[PREMIUM]",true,false,"['Clear view']","2026-07-16 14:24:21"
"13368053794","2026-07-18 23:28:27.877","2026-07-31 06:41:15.195","13368053794","161474785","[PREMIUM]","[PREMIUM]","121","FF","9001_9002","9001",,2,"[2]",594,"Lower",10,"Mobile Transfer ticket",1,"[PREMIUM]","[PREMIUM]","[PREMIUM]","[PREMIUM]",true,false,"['Clear view']","2026-07-16 05:25:40"
"13392593667","2026-07-18 23:28:27.741","2026-07-27 23:24:25.927","13392593667","161474786","[PREMIUM]","[PREMIUM]","220","F","9001_9002","9001","9002",2,"[2]",407,"Upper",10,"Mobile Transfer ticket",13,"[PREMIUM]","[PREMIUM]","[PREMIUM]","[PREMIUM]",true,false,"['Clear view']","2026-07-18 19:44:09"
"13368053282","2026-07-18 23:28:27.732","2026-07-27 23:24:25.508","13368053282","161474785","[PREMIUM]","[PREMIUM]","109","BB","9001_9001","9001",,1,"[1]",594,"Lower",10,"Mobile Transfer ticket",1,"[PREMIUM]","[PREMIUM]","[PREMIUM]","[PREMIUM]",false,false,"['Second Row of Section','Clear view']","2026-07-16 05:25:38"
"13368053007","2026-07-18 23:28:27.732","2026-07-18 23:28:27.732","13368053007","161474785","[PREMIUM]","[PREMIUM]","106","BB","9001_9003","9001",,3,"[1,3]",594,"Lower",10,"Mobile Transfer ticket",1,"[PREMIUM]","[PREMIUM]","[PREMIUM]","[PREMIUM]",true,false,"['Second Row of Section','Clear view']","2026-07-16 05:25:37"
"13368057117","2026-07-18 23:28:27.732","2026-07-31 06:41:15.195","13368057117","161474785","[PREMIUM]","[PREMIUM]","T22","CC","9001_9002","9001",,2,"[2]",1725,"Terrace Suites",10,"Mobile Transfer ticket",1,"[PREMIUM]","[PREMIUM]","[PREMIUM]","[PREMIUM]",true,false,"['Third Row of Section','Clear view']","2026-07-16 05:25:53"
"13368052912","2026-07-18 23:28:27.732","2026-07-30 00:15:26.981","13368052912","161474785","[PREMIUM]","[PREMIUM]","106","AA","9001_9002","9001",,2,"[2]",594,"Lower",10,"Mobile Transfer ticket",1,"[PREMIUM]","[PREMIUM]","[PREMIUM]","[PREMIUM]",true,false,"['Front Row of Section','Clear view']","2026-07-16 05:25:36"
"13368056851","2026-07-18 23:28:27.732","2026-07-30 00:15:26.981","13368056851","161474785","[PREMIUM]","[PREMIUM]","T20","AA","9001_9001","9001",,1,"[1]",1725,"Terrace Suites",10,"Mobile Transfer ticket",1,"[PREMIUM]","[PREMIUM]","[PREMIUM]","[PREMIUM]",false,false,"['Front Row of Section','Clear view']","2026-07-16 05:25:52"
"13368057007","2026-07-18 23:28:27.732","2026-07-30 00:15:26.981","13368057007","161474785","[PREMIUM]","[PREMIUM]","T25","BB","9001_9002","9001",,2,"[2]",1725,"Terrace Suites",10,"Mobile Transfer ticket",1,"[PREMIUM]","[PREMIUM]","[PREMIUM]","[PREMIUM]",true,false,"['Second Row of Section','Clear view']","2026-07-16 05:25:52"
"13386296882","2026-07-18 23:28:27.460","2026-07-19 23:46:16.924","13386296882","161474786","[PREMIUM]","[PREMIUM]","205","D","9001_9002","9001","9002",2,"[2]",407,"Upper",10,"Mobile Transfer ticket",13,"[PREMIUM]","[PREMIUM]","[PREMIUM]","[PREMIUM]",true,false,"['Clear view']","2026-07-17 21:14:32"
"13392521906","2026-07-18 23:28:27.440","2026-07-30 00:15:25.091","13392521906","161474786","[PREMIUM]","[PREMIUM]","217","H","9001_9004","9001","9004",4,"[1,2]",407,"Upper",10,"Mobile Transfer ticket",13,"[PREMIUM]","[PREMIUM]","[PREMIUM]","[PREMIUM]",true,false,"['Clear view']","2026-07-18 19:28:07"
"13388272053","2026-07-18 23:28:27.166","2026-07-27 23:24:25.207","13388272053","161474785","[PREMIUM]","[PREMIUM]","T13","BX7","9001_9002","9001","9002",2,"[2]",1725,"Terrace Suites",10,"Mobile Transfer ticket",13,"[PREMIUM]","[PREMIUM]","[PREMIUM]","[PREMIUM]",true,false,"['Clear view']","2026-07-18 02:46:04"
"13372628075","2026-07-18 23:28:27.162","2026-07-18 23:28:27.162","13372628075","161474785","[PREMIUM]","[PREMIUM]","118","Q","_",,,2,"[2]",594,"Lower",10,"Mobile Transfer ticket",1,"[PREMIUM]","[PREMIUM]","[PREMIUM]","[PREMIUM]",true,false,"['Clear view']","2026-07-16 14:21:57"
"13389882542","2026-07-18 23:28:27.162","2026-07-19 23:46:17.967","13389882542","161474785","[PREMIUM]","[PREMIUM]","116","D","9001_9002","9001",,2,"[2]",594,"Lower",10,"Mobile Transfer ticket",1,"[PREMIUM]","[PREMIUM]","[PREMIUM]","[PREMIUM]",true,false,"['Third Row of Section','Clear view']","2026-07-18 09:42:59"
"13372623476","2026-07-18 23:28:26.807","2026-07-18 23:28:26.807","13372623476","161474785","[PREMIUM]","[PREMIUM]","105","K","_",,,2,"[2]",594,"Lower",10,"Mobile Transfer ticket",1,"[PREMIUM]","[PREMIUM]","[PREMIUM]","[PREMIUM]",true,false,"['Clear view']","2026-07-16 14:21:44"
"13389883324","2026-07-18 23:28:26.733","2026-07-19 23:46:17.633","13389883324","161474785","[PREMIUM]","[PREMIUM]","115","F","_",,,3,"[1,3]",594,"Lower",10,"Mobile Transfer ticket",1,"[PREMIUM]","[PREMIUM]","[PREMIUM]","[PREMIUM]",true,false,"['Clear view']","2026-07-18 09:43:33"
"13388395198","2026-07-18 23:28:26.732","2026-07-19 23:46:17.285","13388395198","161474785","[PREMIUM]","[PREMIUM]","116","P","_",,,3,"[1,2,3]",594,"Lower",10,"Mobile Transfer ticket",1,"[PREMIUM]","[PREMIUM]","[PREMIUM]","[PREMIUM]",true,false,"['Clear view']","2026-07-18 03:24:16"
"13392600622","2026-07-18 23:28:26.647","2026-07-31 06:41:29.752","13392600622","161474786","[PREMIUM]","[PREMIUM]","215","H","9001_9002","9001","9002",2,"[2]",407,"Upper",10,"Mobile Transfer ticket",13,"[PREMIUM]","[PREMIUM]","[PREMIUM]","[PREMIUM]",true,false,"['Clear view']","2026-07-18 19:45:39"
"13392634541","2026-07-18 23:28:26.458","2026-07-30 00:15:25.544","13392634541","161474785","[PREMIUM]","[PREMIUM]","114","G","9001_9002","9001","9002",2,"[2]",594,"Lower",10,"Mobile Transfer ticket",13,"[PREMIUM]","[PREMIUM]","[PREMIUM]","[PREMIUM]",true,false,"['Clear view']","2026-07-18 19:58:40"
"13372639955","2026-07-18 23:28:26.372","2026-07-19 23:46:17.243","13372639955","161474785","[PREMIUM]","[PREMIUM]","T3","F","_",,,4,"[2,4]",1725,"Terrace Suites",10,"Mobile Transfer ticket",1,"[PREMIUM]","[PREMIUM]","[PREMIUM]","[PREMIUM]",true,false,"['Clear view']","2026-07-16 14:22:45"
"13372639681","2026-07-18 23:28:26.372","2026-07-19 23:46:17.243","13372639681","161474785","[PREMIUM]","[PREMIUM]","T7","D","_",,,2,"[2]",1725,"Terrace Suites",10,"Mobile Transfer ticket",1,"[PREMIUM]","[PREMIUM]","[PREMIUM]","[PREMIUM]",true,false,"['Clear view']","2026-07-16 14:22:42"
"13372639480","2026-07-18 23:28:26.372","2026-07-19 23:46:17.243","13372639480","161474785","[PREMIUM]","[PREMIUM]","T7","E","_",,,2,"[2]",1725,"Terrace Suites",10,"Mobile Transfer ticket",1,"[PREMIUM]","[PREMIUM]","[PREMIUM]","[PREMIUM]",true,false,"['Clear view']","2026-07-16 14:22:41"
"13372639464","2026-07-18 23:28:26.372","2026-07-19 23:46:17.243","13372639464","161474785","[PREMIUM]","[PREMIUM]","T7","J","_",,,2,"[2]",1725,"Terrace Suites",10,"Mobile Transfer ticket",1,"[PREMIUM]","[PREMIUM]","[PREMIUM]","[PREMIUM]",true,false,"['Clear view']","2026-07-16 14:22:41"
"13372639462","2026-07-18 23:28:26.372","2026-07-19 23:46:17.243","13372639462","161474785","[PREMIUM]","[PREMIUM]","T7","F","_",,,4,"[2,4]",1725,"Terrace Suites",10,"Mobile Transfer ticket",1,"[PREMIUM]","[PREMIUM]","[PREMIUM]","[PREMIUM]",true,false,"['Clear view']","2026-07-16 14:22:41"
"13388343702","2026-07-18 23:28:26.327","2026-07-19 23:46:17.243","13388343702","161474785","[PREMIUM]","[PREMIUM]","223","E","9001_9002","9001",,2,"[2]",407,"Upper",11,"Mobile ticket",1,"[PREMIUM]","[PREMIUM]","[PREMIUM]","[PREMIUM]",true,false,"['Clear view']","2026-07-18 03:09:35"
"13384338038","2026-07-18 23:28:26.097","2026-07-18 23:28:26.097","13384338038","161400543","[PREMIUM]","[PREMIUM]","115","11","_",,,2,"[1,2]",267,"Upper Tier",10,"Mobile Transfer ticket",14,"[PREMIUM]","[PREMIUM]","[PREMIUM]","[PREMIUM]",true,false,"['Clear view']","2026-07-17 16:59:55"
"13392539779","2026-07-18 23:28:26.012","2026-07-30 00:15:24.705","13392539779","161474785","[PREMIUM]","[PREMIUM]","221","H","9001_9002","9001","9002",2,"[2]",407,"Upper",10,"Mobile Transfer ticket",13,"[PREMIUM]","[PREMIUM]","[PREMIUM]","[PREMIUM]",true,false,"['Clear view']","2026-07-18 19:34:59"
"13392530402","2026-07-18 23:28:25.829","2026-07-25 23:11:46.088","13392530402","161097029","[PREMIUM]","[PREMIUM]","Courtside South","CC","_",,,2,"[2]",1679,"Courtside",10,"Mobile Transfer ticket",1,"[PREMIUM]","[PREMIUM]","[PREMIUM]","[PREMIUM]",true,false,"['Access to Premium Lounge','Access to Private Clubs, Restaurant, and Bar','Access to VIP Lounge','Premium Entrance','Tickets give you access to a private VIP bar','VIP Club Access w/ private entrance & restrooms','In-Seat Wait Service','Priority Entry','Clear view']","2026-07-18 19:30:49"
"13384980356","2026-07-18 23:28:25.650","2026-07-18 23:28:25.650","13384980356","161097029","[PREMIUM]","[PREMIUM]","318","6","9001_9004","9001",,4,"[1,2,4]",1713,"Middle Level",10,"Mobile Transfer ticket",1,"[PREMIUM]","[PREMIUM]","[PREMIUM]","[PREMIUM]",true,false,"['Clear view']","2026-07-17 18:23:48"
"13393568340","2026-07-18 23:28:25.428","2026-07-30 00:15:24.640","13393568340","161474785","[PREMIUM]","[PREMIUM]","216","C","9001_9002","9001","9002",2,"[2]",407,"Upper",10,"Mobile Transfer ticket",13,"[PREMIUM]","[PREMIUM]","[PREMIUM]","[PREMIUM]",true,false,"['Third Row of Section','Clear view']","2026-07-18 23:14:54"
"13356489973","2026-07-18 23:28:25.183","2026-07-19 23:46:16.229","13356489973","161474785","[PREMIUM]","[PREMIUM]","214","F","9001_9002","9001","9002",2,"[2]",407,"Upper",10,"Mobile Transfer ticket",13,"[PREMIUM]","[PREMIUM]","[PREMIUM]","[PREMIUM]",true,false,"['Clear view']","2026-07-15 04:11:19"
"13392843241","2026-07-18 23:28:24.927","2026-07-22 04:06:22.428","13392843241","161493119","[PREMIUM]","[PREMIUM]","200","8","_",,,4,"[1,2,3,4]",329,"Balcony",10,"Mobile Transfer ticket",1,"[PREMIUM]","[PREMIUM]","[PREMIUM]","[PREMIUM]",true,false,"['Clear view']","2026-07-18 20:50:56"
"13389453526","2026-07-18 23:28:24.636","2026-07-19 23:46:15.756","13389453526","161493119","[PREMIUM]","[PREMIUM]","204","13","9001_9004","9001",,4,"[1,2,3,4]",329,"Balcony",11,"Mobile ticket",1,"[PREMIUM]","[PREMIUM]","[PREMIUM]","[PREMIUM]",true,false,"['Clear view']","2026-07-18 06:40:54"
"13389453484","2026-07-18 23:28:24.636","2026-07-19 23:46:15.887","13389453484","161493119","[PREMIUM]","[PREMIUM]","208","16","9001_9001","9001",,1,"[1]",329,"Balcony",11,"Mobile ticket",1,"[PREMIUM]","[PREMIUM]","[PREMIUM]","[PREMIUM]",false,false,"['Clear view']","2026-07-18 06:40:54"
"13389453485","2026-07-18 23:28:24.634","2026-07-19 23:46:15.159","13389453485","161493119","[PREMIUM]","[PREMIUM]","227","12","9001_9002","9001",,2,"[2]",329,"Balcony",11,"Mobile ticket",1,"[PREMIUM]","[PREMIUM]","[PREMIUM]","[PREMIUM]",true,false,"['Clear view']","2026-07-18 06:40:54"
"13389453486","2026-07-18 23:28:24.625","2026-07-18 23:28:24.625","13389453486","161493119","[PREMIUM]","[PREMIUM]","214","4","9001_9001","9001",,1,"[1]",329,"Balcony",11,"Mobile ticket",1,"[PREMIUM]","[PREMIUM]","[PREMIUM]","[PREMIUM]",false,false,"['Clear view']","2026-07-18 06:40:54"
"13389453492","2026-07-18 23:28:24.546","2026-07-18 23:28:24.546","13389453492","161493119","[PREMIUM]","[PREMIUM]","225","14","9001_9003","9001",,3,"[1,2,3]",329,"Balcony",11,"Mobile ticket",1,"[PREMIUM]","[PREMIUM]","[PREMIUM]","[PREMIUM]",true,false,"['Clear view']","2026-07-18 06:40:54"
"13389453487","2026-07-18 23:28:24.546","2026-07-19 23:46:15.887","13389453487","161493119","[PREMIUM]","[PREMIUM]","207","14","9001_9002","9001",,2,"[2]",329,"Balcony",11,"Mobile ticket",1,"[PREMIUM]","[PREMIUM]","[PREMIUM]","[PREMIUM]",true,false,"['Clear view']","2026-07-18 06:40:54"
"13392363324","2026-07-18 23:28:24.546","2026-07-18 23:28:24.546","13392363324","161493119","[PREMIUM]","[PREMIUM]","209","14","9001_9008","9001",,8,"[1,2,3,4,5,6,7,8]",329,"Balcony",11,"Mobile ticket",1,"[PREMIUM]","[PREMIUM]","[PREMIUM]","[PREMIUM]",true,false,"['Clear view']","2026-07-18 18:44:19"
"13390818482","2026-07-18 23:28:24.203","2026-07-19 23:46:14.977","13390818482","161097029","[PREMIUM]","[PREMIUM]","404","12","_",,,8,"[1,2,3,4,5,6,7,8]",954,"Upper Level",10,"Mobile Transfer ticket",1,"[PREMIUM]","[PREMIUM]","[PREMIUM]","[PREMIUM]",true,false,"['Clear view']","2026-07-18 13:06:01"
"13391740903","2026-07-18 23:28:24.203","2026-07-21 02:36:46.846","13391740903","161097029","[PREMIUM]","[PREMIUM]","409","4","_",,,1,"[1]",954,"Upper Level",10,"Mobile Transfer ticket",1,"[PREMIUM]","[PREMIUM]","[PREMIUM]","[PREMIUM]",false,false,"['Clear view']","2026-07-18 16:23:17"
"13384300114","2026-07-18 23:28:22.731","2026-07-18 23:28:22.731","13384300114","161400558","[PREMIUM]","[PREMIUM]","135","3","_",,,2,"[1,2]",267,"Upper Tier",10,"Mobile Transfer ticket",14,"[PREMIUM]","[PREMIUM]","[PREMIUM]","[PREMIUM]",true,false,"['Third Row of Section','Clear view']","2026-07-17 16:55:24"
"13384258085","2026-07-18 23:28:22.516","2026-07-18 23:28:22.516","13384258085","161400558","[PREMIUM]","[PREMIUM]","128","12","_",,,2,"[1,2]",267,"Upper Tier",10,"Mobile Transfer ticket",14,"[PREMIUM]","[PREMIUM]","[PREMIUM]","[PREMIUM]",true,false,"['Clear view']","2026-07-17 16:50:33"
"13388757015","2026-07-18 23:28:22.513","2026-07-18 23:28:22.513","13388757015","161400558","[PREMIUM]","[PREMIUM]","127","15","_",,,1,"[1]",267,"Upper Tier",10,"Mobile Transfer ticket",14,"[PREMIUM]","[PREMIUM]","[PREMIUM]","[PREMIUM]",false,false,"['Clear view']","2026-07-18 04:36:11"
"13384242475","2026-07-18 23:28:22.506","2026-07-18 23:28:22.506","13384242475","161400558","[PREMIUM]","[PREMIUM]","130","15","_",,,1,"[1]",267,"Upper Tier",10,"Mobile Transfer ticket",14,"[PREMIUM]","[PREMIUM]","[PREMIUM]","[PREMIUM]",false,false,"['Clear view']","2026-07-17 16:49:04"
"13385660607","2026-07-18 23:28:22.506","2026-07-18 23:28:22.506","13385660607","161400558","[PREMIUM]","[PREMIUM]","110","12","_",,,1,"[1]",267,"Upper Tier",10,"Mobile Transfer ticket",14,"[PREMIUM]","[PREMIUM]","[PREMIUM]","[PREMIUM]",false,false,"['Clear view']","2026-07-17 19:46:39"
"13389567981","2026-07-18 23:28:22.475","2026-07-18 23:28:22.475","13389567981","161400558","[PREMIUM]","[PREMIUM]","4","3","_",,,2,"[2]",265,"Lower Tier",10,"Mobile Transfer ticket",1,"[PREMIUM]","[PREMIUM]","[PREMIUM]","[PREMIUM]",true,false,"['Third Row of Section','Clear view']","2026-07-18 07:21:29"
"13384301730","2026-07-18 23:28:22.419","2026-07-18 23:28:22.419","13384301730","161400558","[PREMIUM]","[PREMIUM]","108","9","_",,,1,"[1]",267,"Upper Tier",10,"Mobile Transfer ticket",14,"[PREMIUM]","[PREMIUM]","[PREMIUM]","[PREMIUM]",false,false,"['Second Row of Section','Clear view']","2026-07-17 16:55:34"
"13374537893","2026-07-18 23:28:22.132","2026-07-18 23:28:22.132","13374537893","161470434","[PREMIUM]","[PREMIUM]","14","E","_",,,2,"[2]",594,"Lower",9,"Mobile Transfer ticket",1,"[PREMIUM]","[PREMIUM]","[PREMIUM]","[PREMIUM]",true,false,"['Clear view']","2026-07-16 17:27:53"
"13382343551","2026-07-18 23:28:22.102","2026-07-27 23:24:13.468","13382343551","161470434","[PREMIUM]","[PREMIUM]","222","E","_",,,2,"[1,2]",407,"Upper",10,"Mobile Transfer ticket",1,"[PREMIUM]","[PREMIUM]","[PREMIUM]","[PREMIUM]",true,false,"['Clear view']","2026-07-17 11:19:15"
"13384356509","2026-07-18 23:28:20.866","2026-07-18 23:28:20.866","13384356509","161400543","[PREMIUM]","[PREMIUM]","114","13","_",,,2,"[1,2]",267,"Upper Tier",10,"Mobile Transfer ticket",14,"[PREMIUM]","[PREMIUM]","[PREMIUM]","[PREMIUM]",true,false,"['Clear view']","2026-07-17 17:02:55"
"13384420268","2026-07-18 23:28:20.863","2026-07-18 23:28:20.863","13384420268","161400543","[PREMIUM]","[PREMIUM]","108","9","_",,,2,"[1,2]",267,"Upper Tier",10,"Mobile Transfer ticket",14,"[PREMIUM]","[PREMIUM]","[PREMIUM]","[PREMIUM]",true,false,"['Second Row of Section','Clear view']","2026-07-17 17:10:02"
"13384312046","2026-07-18 23:28:20.863","2026-07-18 23:28:20.863","13384312046","161400543","[PREMIUM]","[PREMIUM]","134","18","_",,,4,"[1,2,3,4]",267,"Upper Tier",10,"Mobile Transfer ticket",14,"[PREMIUM]","[PREMIUM]","[PREMIUM]","[PREMIUM]",true,false,"['Clear view']","2026-07-17 16:56:54"
"13384364047","2026-07-18 23:28:20.863","2026-07-18 23:28:20.863","13384364047","161400543","[PREMIUM]","[PREMIUM]","128","12","_",,,2,"[1,2]",267,"Upper Tier",10,"Mobile Transfer ticket",14,"[PREMIUM]","[PREMIUM]","[PREMIUM]","[PREMIUM]",true,false,"['Clear view']","2026-07-17 17:03:55"
"13384369770","2026-07-18 23:28:20.850","2026-07-18 23:28:20.850","13384369770","161400543","[PREMIUM]","[PREMIUM]","21",,"_",,,1,"[1]",265,"Lower Tier",10,"Mobile Transfer ticket",14,"[PREMIUM]","[PREMIUM]","[PREMIUM]","[PREMIUM]",false,true,"['Clear view']","2026-07-17 17:04:55"
"13389072682","2026-07-18 23:28:20.809","2026-07-30 00:15:17.422","13389072682","161400543","[PREMIUM]","[PREMIUM]","113","15","_",,,6,"[1,2,4,6]",267,"Upper Tier",10,"Mobile Transfer ticket",14,"[PREMIUM]","[PREMIUM]","[PREMIUM]","[PREMIUM]",true,false,"['Clear view']","2026-07-18 05:15:00"
"13388790022","2026-07-18 23:28:20.695","2026-07-18 23:28:20.695","13388790022","161400543","[PREMIUM]","[PREMIUM]","127","15","_",,,1,"[1]",267,"Upper Tier",10,"Mobile Transfer ticket",14,"[PREMIUM]","[PREMIUM]","[PREMIUM]","[PREMIUM]",false,false,"['Clear view']","2026-07-18 04:40:14"
"13384417461","2026-07-18 23:28:20.673","2026-07-18 23:28:20.673","13384417461","161400543","[PREMIUM]","[PREMIUM]","135","3","_",,,2,"[1,2]",267,"Upper Tier",10,"Mobile Transfer ticket",14,"[PREMIUM]","[PREMIUM]","[PREMIUM]","[PREMIUM]",true,false,"['Third Row of Section','Clear view']","2026-07-17 17:09:51"
"13375730413","2026-07-18 23:28:20.442","2026-07-31 06:40:54.923","13375730413","161461344","[PREMIUM]","[PREMIUM]","423","B","_",,,3,"[1,2,3]",1706,"Upper Concourse",10,"Mobile Transfer ticket",1,"[PREMIUM]","[PREMIUM]","[PREMIUM]","[PREMIUM]",true,false,"['Second Row of Section','Clear view']","2026-07-16 19:42:12"
"13389120352","2026-07-18 23:28:19.263","2026-07-18 23:28:19.263","13389120352","161628958","[PREMIUM]","[PREMIUM]","109","6","1_2","1","2",2,"[2]",267,"Upper Tier",10,"Mobile Transfer ticket",1,"[PREMIUM]","[PREMIUM]","[PREMIUM]","[PREMIUM]",true,false,"['Clear view']","2026-07-18 05:24:31"
"13387578170","2026-07-18 23:28:19.198","2026-07-27 23:24:17.969","13387578170","161470418","[PREMIUM]","[PREMIUM]","6","L","_",,,4,"[2,4]",594,"Lower",9,"Mobile Transfer ticket",1,"[PREMIUM]","[PREMIUM]","[PREMIUM]","[PREMIUM]",true,false,"['Access to VIP Lounge','VIP Club','Access to VIP Club','VIP Entrance','Includes club access','Home team shoots twice end','Behind visitor bench','Includes access to the Goose Island lounge','Clear view']","2026-07-18 00:10:28"
"13384461168","2026-07-18 23:28:18.213","2026-07-18 23:28:18.213","13384461168","161400550","[PREMIUM]","[PREMIUM]","128","12","_",,,1,"[1]",267,"Upper Tier",10,"Mobile Transfer ticket",14,"[PREMIUM]","[PREMIUM]","[PREMIUM]","[PREMIUM]",false,false,"['Clear view']","2026-07-17 17:13:29"
"13384408969","2026-07-18 23:28:18.187","2026-07-18 23:28:18.187","13384408969","161400550","[PREMIUM]","[PREMIUM]","115","11","_",,,3,"[1,2,3]",267,"Upper Tier",10,"Mobile Transfer ticket",14,"[PREMIUM]","[PREMIUM]","[PREMIUM]","[PREMIUM]",true,false,"['Clear view']","2026-07-17 17:08:55"
"13384440650","2026-07-18 23:28:18.177","2026-07-18 23:28:18.177","13384440650","161400550","[PREMIUM]","[PREMIUM]","130","15","_",,,1,"[1]",267,"Upper Tier",10,"Mobile Transfer ticket",14,"[PREMIUM]","[PREMIUM]","[PREMIUM]","[PREMIUM]",false,false,"['Clear view']","2026-07-17 17:11:52"
"13384429017","2026-07-18 23:28:18.177","2026-07-18 23:28:18.177","13384429017","161400550","[PREMIUM]","[PREMIUM]","110","12","_",,,2,"[1,2]",267,"Upper Tier",10,"Mobile Transfer ticket",14,"[PREMIUM]","[PREMIUM]","[PREMIUM]","[PREMIUM]",true,false,"['Clear view']","2026-07-17 17:10:54"
"13389567978","2026-07-18 23:28:17.913","2026-07-19 23:46:11.622","13389567978","161400550","[PREMIUM]","[PREMIUM]","4","3","_",,,2,"[2]",265,"Lower Tier",10,"Mobile Transfer ticket",1,"[PREMIUM]","[PREMIUM]","[PREMIUM]","[PREMIUM]",true,false,"['Third Row of Section','Clear view']","2026-07-18 07:21:29"
"13384374294","2026-07-18 23:28:17.903","2026-07-18 23:28:17.903","13384374294","161400550","[PREMIUM]","[PREMIUM]","134","18","_",,,3,"[1,2,3]",267,"Upper Tier",10,"Mobile Transfer ticket",14,"[PREMIUM]","[PREMIUM]","[PREMIUM]","[PREMIUM]",true,false,"['Clear view']","2026-07-17 17:05:51"
"13379049996","2026-07-18 23:28:16.519","2026-07-27 23:24:04.819","13379049996","161311390","[PREMIUM]","[PREMIUM]","327","H","17_18","17","18",2,"[2]",3831,"Terrace Corner",10,"Mobile Transfer ticket",1,"[PREMIUM]","[PREMIUM]","[PREMIUM]","[PREMIUM]",true,false,"['Clear view']","2026-07-17 02:26:13"
"13392482785","2026-07-18 23:28:16.480","2026-07-31 06:40:10.092","13392482785","161311390","[PREMIUM]","[PREMIUM]","212","B","4_5","4","5",2,"[2]",7689,"Club Endzone",10,"Mobile Transfer ticket",1,"[PREMIUM]","[PREMIUM]","[PREMIUM]","[PREMIUM]",true,false,"['Actual 2nd row of section','Clear view']","2026-07-18 19:16:51"
"13388384729","2026-07-18 23:28:16.477","2026-07-18 23:28:16.477","13388384729","161311390","[PREMIUM]","[PREMIUM]","126","G","_",,,2,"[2]",7220,"Plaza Endzone",10,"Mobile Transfer ticket",1,"[PREMIUM]","[PREMIUM]","[PREMIUM]","[PREMIUM]",true,false,"['Clear view']","2026-07-18 03:20:06"
"13388381565","2026-07-18 23:28:16.477","2026-07-31 06:40:10.384","13388381565","161311390","[PREMIUM]","[PREMIUM]","122","G","_",,,2,"[2]",7220,"Plaza Endzone",10,"Mobile Transfer ticket",1,"[PREMIUM]","[PREMIUM]","[PREMIUM]","[PREMIUM]",true,false,"['Clear view']","2026-07-18 03:18:19"
"13379348435","2026-07-18 23:28:14.329","2026-07-18 23:28:14.329","13379348435","161470398","[PREMIUM]","[PREMIUM]","216","L","_",,,6,"[1,2,3,4,6]",407,"Upper",10,"Mobile Transfer ticket",1,"[PREMIUM]","[PREMIUM]","[PREMIUM]","[PREMIUM]",true,false,"['Clear view']","2026-07-17 03:02:14"
"13384003233","2026-07-18 23:28:14.319","2026-07-18 23:28:14.319","13384003233","161400525","[PREMIUM]","[PREMIUM]","130","15","_",,,1,"[1]",267,"Upper Tier",10,"Mobile Transfer ticket",14,"[PREMIUM]","[PREMIUM]","[PREMIUM]","[PREMIUM]",false,false,"['Clear view']","2026-07-17 16:24:57"
"13383993339","2026-07-18 23:28:14.319","2026-07-18 23:28:14.319","13383993339","161400525","[PREMIUM]","[PREMIUM]","110","12","_",,,1,"[1]",267,"Upper Tier",10,"Mobile Transfer ticket",14,"[PREMIUM]","[PREMIUM]","[PREMIUM]","[PREMIUM]",false,false,"['Clear view']","2026-07-17 16:23:57"
"13378384138","2026-07-18 23:28:14.312","2026-07-31 06:40:32.452","13378384138","161400525","[PREMIUM]","[PREMIUM]","7","12","_",,,2,"[2]",265,"Lower Tier",10,"Mobile Transfer ticket",1,"[PREMIUM]","[PREMIUM]","[PREMIUM]","[PREMIUM]",true,false,"['Clear view']","2026-07-17 01:02:03"
"13379713178","2026-07-18 23:28:14.312","2026-07-31 06:40:32.452","13379713178","161400525","[PREMIUM]","[PREMIUM]","3","5","_",,,2,"[2]",265,"Lower Tier",10,"Mobile Transfer ticket",1,"[PREMIUM]","[PREMIUM]","[PREMIUM]","[PREMIUM]",true,false,"['Second Row of Section','Clear view']","2026-07-17 03:59:53"
"13384031454","2026-07-18 23:28:14.312","2026-07-18 23:28:14.312","13384031454","161400525","[PREMIUM]","[PREMIUM]","12","8","_",,,1,"[1]",265,"Lower Tier",10,"Mobile Transfer ticket",14,"[PREMIUM]","[PREMIUM]","[PREMIUM]","[PREMIUM]",false,false,"['Clear view']","2026-07-17 16:27:27"
"13384047518","2026-07-18 23:28:14.292","2026-07-18 23:28:14.292","13384047518","161400525","[PREMIUM]","[PREMIUM]","116","10","_",,,1,"[1]",267,"Upper Tier",10,"Mobile Transfer ticket",14,"[PREMIUM]","[PREMIUM]","[PREMIUM]","[PREMIUM]",false,false,"['Third Row of Section','Clear view']","2026-07-17 16:28:57"
"13388482927","2026-07-18 23:28:14.195","2026-07-22 04:06:04.467","13388482927","161470416","[PREMIUM]","[PREMIUM]","212","A","9_10","9","10",2,"[2]",407,"Upper",9,"Mobile Transfer ticket",1,"[PREMIUM]","[PREMIUM]","[PREMIUM]","[PREMIUM]",true,false,"['Actual 1st row of the section','Clear view']","2026-07-18 03:48:39"
"13383960610","2026-07-18 23:28:14.023","2026-07-18 23:28:14.023","13383960610","161400525","[PREMIUM]","[PREMIUM]","136","14","_",,,3,"[1,2,3]",267,"Upper Tier",10,"Mobile Transfer ticket",14,"[PREMIUM]","[PREMIUM]","[PREMIUM]","[PREMIUM]",true,false,"['Clear view']","2026-07-17 16:19:26"
"13389548135","2026-07-18 23:28:14.021","2026-07-21 02:36:23.448","13389548135","161400525","[PREMIUM]","[PREMIUM]","4","3","_",,,2,"[2]",265,"Lower Tier",10,"Mobile Transfer ticket",1,"[PREMIUM]","[PREMIUM]","[PREMIUM]","[PREMIUM]",true,false,"['Third Row of Section','Clear view']","2026-07-18 07:11:52"
"13389037374","2026-07-18 23:28:14.016","2026-07-31 06:40:29.666","13389037374","161400525","[PREMIUM]","[PREMIUM]","109","6","1_2","1","2",2,"[2]",267,"Upper Tier",10,"Mobile Transfer ticket",1,"[PREMIUM]","[PREMIUM]","[PREMIUM]","[PREMIUM]",true,false,"['Clear view']","2026-07-18 05:11:51"
"13388580591","2026-07-18 23:28:13.992","2026-07-31 06:40:29.251","13388580591","161400525","[PREMIUM]","[PREMIUM]","131","17","_",,,6,"[1,2,4,6]",267,"Upper Tier",10,"Mobile Transfer ticket",14,"[PREMIUM]","[PREMIUM]","[PREMIUM]","[PREMIUM]",true,false,"['Clear view']","2026-07-18 04:08:40"
"13388460636","2026-07-18 23:28:13.374","2026-07-28 23:22:03.595","13388460636","161470416","[PREMIUM]","[PREMIUM]","226","E","1_2","1","2",2,"[2]",407,"Upper",9,"Mobile Transfer ticket",1,"[PREMIUM]","[PREMIUM]","[PREMIUM]","[PREMIUM]",true,false,"['Aisle seat','Clear view']","2026-07-18 03:44:04"
"13388470991","2026-07-18 23:28:13.374","2026-07-31 06:40:30.510","13388470991","161470416","[PREMIUM]","[PREMIUM]","117","H","7_8","7","8",2,"[2]",471,"Middle",9,"Mobile Transfer ticket",1,"[PREMIUM]","[PREMIUM]","[PREMIUM]","[PREMIUM]",true,false,"['Aisle seat','Clear view']","2026-07-18 03:45:28"
"13388942613","2026-07-18 23:28:13.096","2026-07-18 23:28:13.096","13388942613","161628977","[PREMIUM]","[PREMIUM]","109","6","1_2","1","2",2,"[2]",267,"Upper Tier",10,"Mobile Transfer ticket",1,"[PREMIUM]","[PREMIUM]","[PREMIUM]","[PREMIUM]",true,false,"['Clear view']","2026-07-18 05:01:13"
"13377545638","2026-07-18 23:28:12.528","2026-07-31 06:40:27.177","13377545638","161461313","[PREMIUM]","[PREMIUM]","200","F","_",,,2,"[1,2]",7490,"Club Concourse",10,"Mobile Transfer ticket",1,"[PREMIUM]","[PREMIUM]","[PREMIUM]","[PREMIUM]",true,false,"['Clear view']","2026-07-16 23:18:02"
"13375858514","2026-07-18 23:28:12.347","2026-07-31 06:40:26.445","13375858514","161311331","[PREMIUM]","[PREMIUM]","103","W","_",,,2,"[1,2]",7764,"Plaza Middle",10,"Mobile Transfer ticket",1,"[PREMIUM]","[PREMIUM]","[PREMIUM]","[PREMIUM]",true,false,"['Clear view']","2026-07-16 19:58:02"
"13375850774","2026-07-18 23:28:12.347","2026-07-31 06:40:26.445","13375850774","161311331","[PREMIUM]","[PREMIUM]","112",,"_",,,4,"[1,2,3,4]",7764,"Plaza Middle",10,"Mobile Transfer ticket",1,"[PREMIUM]","[PREMIUM]","[PREMIUM]","[PREMIUM]",true,true,"['Clear view']","2026-07-16 19:57:21"
"13375860647","2026-07-18 23:28:12.347","2026-07-31 06:40:26.514","13375860647","161311331","[PREMIUM]","[PREMIUM]","114","W","_",,,2,"[1,2]",7764,"Plaza Middle",10,"Mobile Transfer ticket",1,"[PREMIUM]","[PREMIUM]","[PREMIUM]","[PREMIUM]",true,false,"['Clear view']","2026-07-16 19:58:15"
"13375859160","2026-07-18 23:28:12.347","2026-07-31 06:40:26.445","13375859160","161311331","[PREMIUM]","[PREMIUM]","104",,"_",,,4,"[1,2,3,4]",7764,"Plaza Middle",10,"Mobile Transfer ticket",1,"[PREMIUM]","[PREMIUM]","[PREMIUM]","[PREMIUM]",true,true,"['Clear view']","2026-07-16 19:58:06"
"13375855709","2026-07-18 23:28:12.347","2026-07-31 06:40:26.445","13375855709","161311331","[PREMIUM]","[PREMIUM]","128",,"_",,,4,"[1,2,3,4]",7764,"Plaza Middle",10,"Mobile Transfer ticket",1,"[PREMIUM]","[PREMIUM]","[PREMIUM]","[PREMIUM]",true,true,"['Clear view']","2026-07-16 19:57:47"
"13375853244","2026-07-18 23:28:12.337","2026-07-27 02:13:06.783","13375853244","161311331","[PREMIUM]","[PREMIUM]","101","W","_",,,2,"[1,2]",4861,"Plaza Center",10,"Mobile Transfer ticket",1,"[PREMIUM]","[PREMIUM]","[PREMIUM]","[PREMIUM]",true,false,"['Clear view']","2026-07-16 19:57:35"
"13375852419","2026-07-18 23:28:12.337","2026-07-27 02:13:06.783","13375852419","161311331","[PREMIUM]","[PREMIUM]","116","W","_",,,2,"[1,2]",4861,"Plaza Center",10,"Mobile Transfer ticket",1,"[PREMIUM]","[PREMIUM]","[PREMIUM]","[PREMIUM]",true,false,"['Clear view']","2026-07-16 19:57:32"
"13375851428","2026-07-18 23:28:12.337","2026-07-24 00:24:07.286","13375851428","161311331","[PREMIUM]","[PREMIUM]","101",,"_",,,4,"[1,2,3,4]",4861,"Plaza Center",10,"Mobile Transfer ticket",1,"[PREMIUM]","[PREMIUM]","[PREMIUM]","[PREMIUM]",true,true,"['Clear view']","2026-07-16 19:57:26"
"13375860181","2026-07-18 23:28:12.260","2026-07-30 00:15:11.718","13375860181","161311331","[PREMIUM]","[PREMIUM]","109","X","_",,,2,"[1,2]",7220,"Plaza Endzone",10,"Mobile Transfer ticket",1,"[PREMIUM]","[PREMIUM]","[PREMIUM]","[PREMIUM]",true,false,"['Clear view']","2026-07-16 19:58:12"
"13375852522","2026-07-18 23:28:12.260","2026-07-30 00:15:11.718","13375852522","161311331","[PREMIUM]","[PREMIUM]","312",,"_",,,4,"[1,2,3,4]",3831,"Terrace Corner",10,"Mobile Transfer ticket",1,"[PREMIUM]","[PREMIUM]","[PREMIUM]","[PREMIUM]",true,true,"['Clear view']","2026-07-16 19:57:32"
"13375851588","2026-07-18 23:28:12.260","2026-07-30 00:15:11.718","13375851588","161311331","[PREMIUM]","[PREMIUM]","124","X","_",,,2,"[1,2]",7220,"Plaza Endzone",10,"Mobile Transfer ticket",1,"[PREMIUM]","[PREMIUM]","[PREMIUM]","[PREMIUM]",true,false,"['Clear view']","2026-07-16 19:57:26"
"13375851624","2026-07-18 23:28:12.260","2026-07-31 06:40:26.456","13375851624","161311331","[PREMIUM]","[PREMIUM]","108",,"_",,,4,"[1,2,3,4]",7220,"Plaza Endzone",10,"Mobile Transfer ticket",1,"[PREMIUM]","[PREMIUM]","[PREMIUM]","[PREMIUM]",true,true,"['Clear view']","2026-07-16 19:57:26"
"13375852334","2026-07-18 23:28:12.260","2026-07-31 06:40:26.456","13375852334","161311331","[PREMIUM]","[PREMIUM]","109",,"_",,,4,"[1,2,3,4]",7220,"Plaza Endzone",10,"Mobile Transfer ticket",1,"[PREMIUM]","[PREMIUM]","[PREMIUM]","[PREMIUM]",true,true,"['Clear view']","2026-07-16 19:57:31"
"13375860217","2026-07-18 23:28:12.227","2026-07-31 06:40:26.456","13375860217","161311331","[PREMIUM]","[PREMIUM]","124",,"_",,,4,"[1,2,3,4]",7220,"Plaza Endzone",10,"Mobile Transfer ticket",1,"[PREMIUM]","[PREMIUM]","[PREMIUM]","[PREMIUM]",true,true,"['Clear view']","2026-07-16 19:58:12"
"13375861600","2026-07-18 23:28:12.227","2026-07-31 06:40:26.456","13375861600","161311331","[PREMIUM]","[PREMIUM]","106","X","_",,,2,"[1,2]",7220,"Plaza Endzone",10,"Mobile Transfer ticket",1,"[PREMIUM]","[PREMIUM]","[PREMIUM]","[PREMIUM]",true,false,"['Clear view']","2026-07-16 19:58:35"
"13375859614","2026-07-18 23:28:12.227","2026-07-31 06:40:26.379","13375859614","161311331","[PREMIUM]","[PREMIUM]","122","X","_",,,2,"[1,2]",7220,"Plaza Endzone",10,"Mobile Transfer ticket",1,"[PREMIUM]","[PREMIUM]","[PREMIUM]","[PREMIUM]",true,false,"['Clear view']","2026-07-16 19:58:08"
"13375852140","2026-07-18 23:28:12.227","2026-07-31 06:40:26.379","13375852140","161311331","[PREMIUM]","[PREMIUM]","110","X","_",,,2,"[1,2]",7220,"Plaza Endzone",10,"Mobile Transfer ticket",1,"[PREMIUM]","[PREMIUM]","[PREMIUM]","[PREMIUM]",true,false,"['Clear view']","2026-07-16 19:57:30"
"13375855465","2026-07-18 23:28:12.227","2026-07-31 06:40:26.379","13375855465","161311331","[PREMIUM]","[PREMIUM]","123",,"_",,,4,"[1,2,3,4]",7220,"Plaza Endzone",10,"Mobile Transfer ticket",1,"[PREMIUM]","[PREMIUM]","[PREMIUM]","[PREMIUM]",true,true,"['Clear view']","2026-07-16 19:57:46"
"13375855454","2026-07-18 23:28:12.227","2026-07-31 06:40:26.456","13375855454","161311331","[PREMIUM]","[PREMIUM]","126","X","_",,,2,"[1,2]",7220,"Plaza Endzone",10,"Mobile Transfer ticket",1,"[PREMIUM]","[PREMIUM]","[PREMIUM]","[PREMIUM]",true,false,"['Clear view']","2026-07-16 19:57:46"
"13392615231","2026-07-18 23:28:12.007","2026-07-31 06:40:24.132","13392615231","161461313","[PREMIUM]","[PREMIUM]","414","H","_",,,9,"[1,2,3,4,5,7,9]",1706,"Upper Concourse",10,"Mobile Transfer ticket",1,"[PREMIUM]","[PREMIUM]","[PREMIUM]","[PREMIUM]",true,false,"['Clear view']","2026-07-18 19:51:29"
"13384755928","2026-07-18 23:28:11.926","2026-07-31 06:40:24.468","13384755928","161461313","[PREMIUM]","[PREMIUM]","414","M","_",,,2,"[2]",1706,"Upper Concourse",10,"Mobile Transfer ticket",1,"[PREMIUM]","[PREMIUM]","[PREMIUM]","[PREMIUM]",true,false,"['Clear view']","2026-07-17 17:49:41"
"13375859716","2026-07-18 23:28:11.797","2026-07-31 06:40:26.514","13375859716","161311331","[PREMIUM]","[PREMIUM]","102","W","_",,,2,"[1,2]",4861,"Plaza Center",10,"Mobile Transfer ticket",1,"[PREMIUM]","[PREMIUM]","[PREMIUM]","[PREMIUM]",true,false,"['Clear view']","2026-07-16 19:58:08"
"13378118825","2026-07-18 23:28:11.797","2026-07-21 02:36:19.090","13378118825","161311331","[PREMIUM]","[PREMIUM]","325","J","21_24","21","24",4,"[1,2,4]",17158,"Terrace Endzone",10,"Mobile Transfer ticket",1,"[PREMIUM]","[PREMIUM]","[PREMIUM]","[PREMIUM]",true,false,"['Clear view']","2026-07-17 00:25:46"
"13378118842","2026-07-18 23:28:11.797","2026-07-24 00:24:07.286","13378118842","161311331","[PREMIUM]","[PREMIUM]","311","J","11_15","11","15",5,"[1,2,3,5]",3831,"Terrace Corner",10,"Mobile Transfer ticket",1,"[PREMIUM]","[PREMIUM]","[PREMIUM]","[PREMIUM]",true,false,"['Clear view']","2026-07-17 00:25:46"
"13383623270","2026-07-18 23:28:11.797","2026-07-25 23:11:34.426","13383623270","161311331","[PREMIUM]","[PREMIUM]","C7","A","_",,,2,"[2]",7742,"Chase Club",10,"Mobile Transfer ticket",1,"[PREMIUM]","[PREMIUM]","[PREMIUM]","[PREMIUM]",true,false,"['Aisle seat','VIP Club Access w/ private entrance & restrooms','Unlimited Food and Drinks','Actual 1st row of the section','Priority Entry','Early Access','Includes unlimited food and drinks (beer, wine and liquor)','Padded Seats','Clear view']","2026-07-17 15:28:58"
"13377483974","2026-07-18 23:28:11.792","2026-07-31 06:40:23.084","13377483974","161311331","[PREMIUM]","[PREMIUM]","219","J","_",,,2,"[1,2]",7689,"Club Endzone",10,"Mobile Transfer ticket",1,"[PREMIUM]","[PREMIUM]","[PREMIUM]","[PREMIUM]",true,false,"['Clear view']","2026-07-16 23:13:05"
"13387792122","2026-07-18 23:28:11.792","2026-07-30 00:15:10.543","13387792122","161311331","[PREMIUM]","[PREMIUM]","122","E","_",,,2,"[2]",7220,"Plaza Endzone",10,"Mobile Transfer ticket",1,"[PREMIUM]","[PREMIUM]","[PREMIUM]","[PREMIUM]",true,false,"['Clear view']","2026-07-18 00:54:07"
"13387578168","2026-07-18 23:28:11.651","2026-07-18 23:28:11.651","13387578168","161436389","[PREMIUM]","[PREMIUM]","6","L","_",,,4,"[2,4]",594,"Lower",9,"Mobile Transfer ticket",1,"[PREMIUM]","[PREMIUM]","[PREMIUM]","[PREMIUM]",true,false,"['Access to VIP Lounge','VIP Club','Access to VIP Club','VIP Entrance','Includes club access','Home team shoots twice end','Behind visitor bench','Includes access to the Goose Island lounge','Clear view']","2026-07-18 00:10:28"
"13393354055","2026-07-18 23:28:11.634","2026-07-23 01:50:16.283","13393354055","161436389","[PREMIUM]","[PREMIUM]","15","H","11_12","11","12",2,"[2]",594,"Lower",9,"Mobile Transfer ticket",1,"[PREMIUM]","[PREMIUM]","[PREMIUM]","[PREMIUM]",true,false,"['Access to Premium Lounge','Access to VIP Lounge','Alcoholic beverages available for purchase','Private entrance & restrooms','Tickets give you access to a private VIP bar','VIP Club Access w/ private entrance & restrooms','Clear view']","2026-07-18 22:45:54"
"13367080498","2026-07-18 23:28:11.629","2026-07-30 00:15:09.305","13367080498","161436389","[PREMIUM]","[PREMIUM]","209","L","_",,,4,"[2,4]",407,"Upper",10,"Mobile Transfer ticket",1,"[PREMIUM]","[PREMIUM]","[PREMIUM]","[PREMIUM]",true,false,"['Clear view']","2026-07-16 04:24:33"
"13383815382","2026-07-18 23:28:11.510","2026-07-31 06:40:23.196","13383815382","161311331","[PREMIUM]","[PREMIUM]","116","F","9_11","9","11",3,"[1,3]",4861,"Plaza Center",10,"Mobile Transfer ticket",14,"[PREMIUM]","[PREMIUM]","[PREMIUM]","[PREMIUM]",true,false,"['Clear view']","2026-07-17 15:57:34"
"13383801589","2026-07-18 23:28:11.450","2026-07-30 00:15:05.494","13383801589","161311384","[PREMIUM]","[PREMIUM]","117","E","16_17","16","17",2,"[2]",4861,"Plaza Center",10,"Mobile Transfer ticket",14,"[PREMIUM]","[PREMIUM]","[PREMIUM]","[PREMIUM]",true,false,"['Clear view']","2026-07-17 15:55:09"
"13383801530","2026-07-18 23:28:11.450","2026-07-22 04:05:52.134","13383801530","161311384","[PREMIUM]","[PREMIUM]","116","F","9_11","9","11",3,"[1,3]",4861,"Plaza Center",10,"Mobile Transfer ticket",14,"[PREMIUM]","[PREMIUM]","[PREMIUM]","[PREMIUM]",true,false,"['Clear view']","2026-07-17 15:55:09"
"13383800976","2026-07-18 23:28:11.450","2026-07-23 01:50:07.188","13383800976","161311384","[PREMIUM]","[PREMIUM]","101","E","3_4","3","4",2,"[2]",4861,"Plaza Center",10,"Mobile Transfer ticket",14,"[PREMIUM]","[PREMIUM]","[PREMIUM]","[PREMIUM]",true,false,"['Third Row of Section','Clear view']","2026-07-17 15:55:07"
"13386020882","2026-07-18 23:28:11.450","2026-07-30 00:15:05.494","13386020882","161311384","[PREMIUM]","[PREMIUM]","114","F","_",,,4,"[2,4]",7764,"Plaza Middle",10,"Mobile Transfer ticket",14,"[PREMIUM]","[PREMIUM]","[PREMIUM]","[PREMIUM]",true,false,"['Clear view']","2026-07-17 20:27:50"
"13387789360","2026-07-18 23:28:11.450","2026-07-30 00:15:05.146","13387789360","161311384","[PREMIUM]","[PREMIUM]","122","E","_",,,2,"[2]",7220,"Plaza Endzone",10,"Mobile Transfer ticket",1,"[PREMIUM]","[PREMIUM]","[PREMIUM]","[PREMIUM]",true,false,"['Clear view']","2026-07-18 00:53:35"
"13383815313","2026-07-18 23:28:11.412","2026-07-24 00:24:06.279","13383815313","161311331","[PREMIUM]","[PREMIUM]","112","M","12_16","12","16",5,"[1,2,3,5]",7764,"Plaza Middle",10,"Mobile Transfer ticket",14,"[PREMIUM]","[PREMIUM]","[PREMIUM]","[PREMIUM]",true,false,"['Clear view']","2026-07-17 15:57:33"
"13386020879","2026-07-18 23:28:11.412","2026-07-31 06:40:23.220","13386020879","161311331","[PREMIUM]","[PREMIUM]","114","F","_",,,4,"[2,4]",7764,"Plaza Middle",10,"Mobile Transfer ticket",14,"[PREMIUM]","[PREMIUM]","[PREMIUM]","[PREMIUM]",true,false,"['Clear view']","2026-07-17 20:27:50"
"13388384737","2026-07-18 23:28:11.412","2026-07-18 23:28:11.412","13388384737","161311331","[PREMIUM]","[PREMIUM]","126","G","_",,,2,"[2]",7220,"Plaza Endzone",10,"Mobile Transfer ticket",1,"[PREMIUM]","[PREMIUM]","[PREMIUM]","[PREMIUM]",true,false,"['Clear view']","2026-07-18 03:20:06"
"13377482808","2026-07-18 23:28:11.362","2026-07-30 00:15:05.740","13377482808","161311384","[PREMIUM]","[PREMIUM]","216","J","_",,,2,"[1,2]",4308,"Club Sideline",10,"Mobile Transfer ticket",1,"[PREMIUM]","[PREMIUM]","[PREMIUM]","[PREMIUM]",true,false,"['Clear view']","2026-07-16 23:12:59"
"13377481408","2026-07-18 23:28:11.362","2026-07-30 00:15:05.740","13377481408","161311384","[PREMIUM]","[PREMIUM]","201","J","_",,,2,"[1,2]",4308,"Club Sideline",10,"Mobile Transfer ticket",1,"[PREMIUM]","[PREMIUM]","[PREMIUM]","[PREMIUM]",true,false,"['Clear view']","2026-07-16 23:12:51"
"13377920671","2026-07-18 23:28:11.362","2026-07-21 02:35:56.785","13377920671","161311384","[PREMIUM]","[PREMIUM]","103","P","_",,,6,"[1,2,3,4,6]",7764,"Plaza Middle",10,"Mobile Transfer ticket",1,"[PREMIUM]","[PREMIUM]","[PREMIUM]","[PREMIUM]",true,false,"['Clear view']","2026-07-17 00:08:13"
"13382008558","2026-07-18 23:28:11.362","2026-07-28 23:21:54.487","13382008558","161311384","[PREMIUM]","[PREMIUM]","112","G","_",,,2,"[2]",7764,"Plaza Middle",10,"Mobile Transfer ticket",1,"[PREMIUM]","[PREMIUM]","[PREMIUM]","[PREMIUM]",true,false,"['Clear view']","2026-07-17 10:27:41"
"13385621698","2026-07-18 23:28:11.362","2026-07-30 00:15:05.740","13385621698","161311384","[PREMIUM]","[PREMIUM]","109","F","5_7","5",,3,"[1,3]",7220,"Plaza Endzone",10,"Mobile Transfer ticket",1,"[PREMIUM]","[PREMIUM]","[PREMIUM]","[PREMIUM]",true,false,"['Clear view']","2026-07-17 19:43:44"
"13375853772","2026-07-18 23:28:11.262","2026-07-31 06:40:22.656","13375853772","161311331","[PREMIUM]","[PREMIUM]","328","S","_",,,2,"[1,2]",3831,"Terrace Corner",10,"Mobile Transfer ticket",1,"[PREMIUM]","[PREMIUM]","[PREMIUM]","[PREMIUM]",true,false,"['Clear view']","2026-07-16 19:57:38"
"13383815701","2026-07-18 23:28:11.149","2026-07-24 00:24:05.980","13383815701","161311331","[PREMIUM]","[PREMIUM]","328","L","19_23","19","23",5,"[1,2,3,5]",3831,"Terrace Corner",10,"Mobile Transfer ticket",14,"[PREMIUM]","[PREMIUM]","[PREMIUM]","[PREMIUM]",true,false,"['Clear view']","2026-07-17 15:57:36"
"13377624416","2026-07-18 23:28:11.057","2026-07-22 04:05:56.625","13377624416","161436389","[PREMIUM]","[PREMIUM]","209","R","_",,,2,"[1,2]",407,"Upper",10,"Mobile Transfer ticket",1,"[PREMIUM]","[PREMIUM]","[PREMIUM]","[PREMIUM]",true,false,"['Clear view']","2026-07-16 23:27:32"
"13375858379","2026-07-18 23:28:10.901","2026-07-18 23:28:10.901","13375858379","161311384","[PREMIUM]","[PREMIUM]","312","S","_",,,2,"[1,2]",3831,"Terrace Corner",10,"Mobile Transfer ticket",1,"[PREMIUM]","[PREMIUM]","[PREMIUM]","[PREMIUM]",true,false,"['Clear view']","2026-07-16 19:58:01"
"13375863327","2026-07-18 23:28:10.901","2026-07-21 02:35:52.411","13375863327","161311384","[PREMIUM]","[PREMIUM]","320","S","_",,,2,"[1,2]",3831,"Terrace Corner",10,"Mobile Transfer ticket",1,"[PREMIUM]","[PREMIUM]","[PREMIUM]","[PREMIUM]",true,false,"['Clear view']","2026-07-16 19:58:47"
"13375861720","2026-07-18 23:28:10.901","2026-07-31 06:40:19.158","13375861720","161311384","[PREMIUM]","[PREMIUM]","326",,"_",,,4,"[1,2,3,4]",3831,"Terrace Corner",10,"Mobile Transfer ticket",1,"[PREMIUM]","[PREMIUM]","[PREMIUM]","[PREMIUM]",true,true,"['Clear view']","2026-07-16 19:58:35"
"13375855479","2026-07-18 23:28:10.901","2026-07-31 06:40:19.158","13375855479","161311384","[PREMIUM]","[PREMIUM]","311",,"_",,,4,"[1,2,3,4]",3831,"Terrace Corner",10,"Mobile Transfer ticket",1,"[PREMIUM]","[PREMIUM]","[PREMIUM]","[PREMIUM]",true,true,"['Clear view']","2026-07-16 19:57:46"
"13383801748","2026-07-18 23:28:10.901","2026-07-28 23:21:52.259","13383801748","161311384","[PREMIUM]","[PREMIUM]","128","V","5_6","5","6",2,"[2]",7764,"Plaza Middle",10,"Mobile Transfer ticket",14,"[PREMIUM]","[PREMIUM]","[PREMIUM]","[PREMIUM]",true,false,"['Clear view']","2026-07-17 15:55:11"
"13375854689","2026-07-18 23:28:10.870","2026-07-31 06:40:19.158","13375854689","161311384","[PREMIUM]","[PREMIUM]","327","S","_",,,2,"[1,2]",3831,"Terrace Corner",10,"Mobile Transfer ticket",1,"[PREMIUM]","[PREMIUM]","[PREMIUM]","[PREMIUM]",true,false,"['Clear view']","2026-07-16 19:57:42"
"13383801667","2026-07-18 23:28:10.870","2026-07-23 01:50:06.220","13383801667","161311384","[PREMIUM]","[PREMIUM]","120","W","19_20","19","20",2,"[2]",7764,"Plaza Middle",10,"Mobile Transfer ticket",14,"[PREMIUM]","[PREMIUM]","[PREMIUM]","[PREMIUM]",true,false,"['Clear view']","2026-07-17 15:55:10"
"13383801760","2026-07-18 23:28:10.870","2026-07-18 23:28:10.870","13383801760","161311384","[PREMIUM]","[PREMIUM]","128","X","5_7","5","7",3,"[1,3]",7764,"Plaza Middle",10,"Mobile Transfer ticket",14,"[PREMIUM]","[PREMIUM]","[PREMIUM]","[PREMIUM]",true,false,"['Clear view']","2026-07-17 15:55:11"
"13383801246","2026-07-18 23:28:10.870","2026-07-31 06:40:19.158","13383801246","161311384","[PREMIUM]","[PREMIUM]","108","L","3_8","3","8",6,"[1,2,3,4,6]",7220,"Plaza Endzone",10,"Mobile Transfer ticket",14,"[PREMIUM]","[PREMIUM]","[PREMIUM]","[PREMIUM]",true,false,"['Clear view']","2026-07-17 15:55:07"
"13383801703","2026-07-18 23:28:10.838","2026-07-23 01:50:06.161","13383801703","161311384","[PREMIUM]","[PREMIUM]","122","V","8_11","8","11",4,"[1,2,4]",7220,"Plaza Endzone",10,"Mobile Transfer ticket",14,"[PREMIUM]","[PREMIUM]","[PREMIUM]","[PREMIUM]",true,false,"['Clear view']","2026-07-17 15:55:10"
"13383801734","2026-07-18 23:28:10.838","2026-07-31 06:40:18.791","13383801734","161311384","[PREMIUM]","[PREMIUM]","124","W","5_6","5","6",2,"[2]",7220,"Plaza Endzone",10,"Mobile Transfer ticket",14,"[PREMIUM]","[PREMIUM]","[PREMIUM]","[PREMIUM]",true,false,"['Clear view']","2026-07-17 15:55:11"
"13378977832","2026-07-18 23:28:10.824","2026-07-27 23:23:59.922","13378977832","161311384","[PREMIUM]","[PREMIUM]","327","H","17_18","17","18",2,"[2]",3831,"Terrace Corner",10,"Mobile Transfer ticket",1,"[PREMIUM]","[PREMIUM]","[PREMIUM]","[PREMIUM]",true,false,"['Clear view']","2026-07-17 02:17:12"
"13391972510","2026-07-18 23:28:10.757","2026-07-31 06:40:18.812","13391972510","161311384","[PREMIUM]","[PREMIUM]","124","P","_",,,1,"[1]",7220,"Plaza Endzone",10,"Mobile Transfer ticket",1,"[PREMIUM]","[PREMIUM]","[PREMIUM]","[PREMIUM]",false,false,"['Clear view']","2026-07-18 17:19:46"
"13376085081","2026-07-18 23:28:10.508","2026-07-27 23:24:04.276","13376085081","161470403","[PREMIUM]","[PREMIUM]","L9","C","5_8","5","8",4,"[1,2,4]",3600,"Loge Box",9,"Mobile Transfer ticket",1,"[PREMIUM]","[PREMIUM]","[PREMIUM]","[PREMIUM]",true,false,"['Third Row of Section','Clear view']","2026-07-16 20:22:47"
"13387578130","2026-07-18 23:28:10.508","2026-07-18 23:28:10.508","13387578130","161470403","[PREMIUM]","[PREMIUM]","6","L","_",,,4,"[2,4]",594,"Lower",9,"Mobile Transfer ticket",1,"[PREMIUM]","[PREMIUM]","[PREMIUM]","[PREMIUM]",true,false,"['Access to VIP Lounge','VIP Club','Access to VIP Club','VIP Entrance','Includes club access','Home team shoots twice end','Behind visitor bench','Includes access to the Goose Island lounge','Clear view']","2026-07-18 00:10:28"
"13378118832","2026-07-18 23:28:09.836","2026-07-19 23:46:02.348","13378118832","161311386","[PREMIUM]","[PREMIUM]","325","J","21_24","21","24",4,"[1,2,4]",17158,"Terrace Endzone",10,"Mobile Transfer ticket",1,"[PREMIUM]","[PREMIUM]","[PREMIUM]","[PREMIUM]",true,false,"['Clear view']","2026-07-17 00:25:46"
"13378911663","2026-07-18 23:28:09.836","2026-07-31 06:39:50.553","13378911663","161311386","[PREMIUM]","[PREMIUM]","216","H","_",,,2,"[2]",4308,"Club Sideline",10,"Mobile Transfer ticket",1,"[PREMIUM]","[PREMIUM]","[PREMIUM]","[PREMIUM]",true,false,"['Clear view']","2026-07-17 02:06:08"
"13388534348","2026-07-18 23:28:09.836","2026-07-31 06:39:50.553","13388534348","161311386","[PREMIUM]","[PREMIUM]","116","C","13_14","13","14",2,"[2]",4861,"Plaza Center",10,"Mobile Transfer ticket",14,"[PREMIUM]","[PREMIUM]","[PREMIUM]","[PREMIUM]",true,false,"['Front Row of Section','Clear view']","2026-07-18 03:58:37"
"13375853745","2026-07-18 23:28:09.825","2026-07-31 06:40:06.884","13375853745","161311346","[PREMIUM]","[PREMIUM]","303",,"_",,,4,"[1,2,3,4]",4813,"Terrace Center",10,"Mobile Transfer ticket",1,"[PREMIUM]","[PREMIUM]","[PREMIUM]","[PREMIUM]",true,true,"['Clear view']","2026-07-16 19:57:37"
"13375856591","2026-07-18 23:28:09.825","2026-07-31 06:40:06.939","13375856591","161311346","[PREMIUM]","[PREMIUM]","318",,"_",,,4,"[1,2,3,4]",4813,"Terrace Center",10,"Mobile Transfer ticket",1,"[PREMIUM]","[PREMIUM]","[PREMIUM]","[PREMIUM]",true,true,"['Clear view']","2026-07-16 19:57:52"
"13375855598","2026-07-18 23:28:09.825","2026-07-31 06:40:06.884","13375855598","161311346","[PREMIUM]","[PREMIUM]","329",,"_",,,4,"[1,2,3,4]",4813,"Terrace Center",10,"Mobile Transfer ticket",1,"[PREMIUM]","[PREMIUM]","[PREMIUM]","[PREMIUM]",true,true,"['Clear view']","2026-07-16 19:57:47"
"13377481240","2026-07-18 23:28:09.825","2026-07-31 06:40:11.444","13377481240","161311346","[PREMIUM]","[PREMIUM]","128","X","_",,,2,"[1,2]",7764,"Plaza Middle",10,"Mobile Transfer ticket",1,"[PREMIUM]","[PREMIUM]","[PREMIUM]","[PREMIUM]",true,false,"['Clear view']","2026-07-16 23:12:50"
"13375854682","2026-07-18 23:28:09.684","2026-07-31 06:39:50.265","13375854682","161311386","[PREMIUM]","[PREMIUM]","303",,"_",,,4,"[1,2,3,4]",4813,"Terrace Center",10,"Mobile Transfer ticket",1,"[PREMIUM]","[PREMIUM]","[PREMIUM]","[PREMIUM]",true,true,"['Clear view']","2026-07-16 19:57:42"
"13375859430","2026-07-18 23:28:09.684","2026-07-31 06:39:50.325","13375859430","161311386","[PREMIUM]","[PREMIUM]","318",,"_",,,4,"[1,2,3,4]",4813,"Terrace Center",10,"Mobile Transfer ticket",1,"[PREMIUM]","[PREMIUM]","[PREMIUM]","[PREMIUM]",true,true,"['Clear view']","2026-07-16 19:58:07"
"13383111242","2026-07-18 23:28:09.618","2026-07-31 06:40:07.173","13383111242","161311346","[PREMIUM]","[PREMIUM]","229","H","_",,,3,"[1,3]",7689,"Club Endzone",10,"Mobile Transfer ticket",1,"[PREMIUM]","[PREMIUM]","[PREMIUM]","[PREMIUM]",true,false,"['Clear view']","2026-07-17 14:15:12"
"13383818581","2026-07-18 23:28:09.618","2026-07-31 06:40:06.252","13383818581","161311346","[PREMIUM]","[PREMIUM]","108","V","3_7","3","7",5,"[1,2,3,5]",7220,"Plaza Endzone",10,"Mobile Transfer ticket",14,"[PREMIUM]","[PREMIUM]","[PREMIUM]","[PREMIUM]",true,false,"['Clear view']","2026-07-17 15:57:51"
"13375854915","2026-07-18 23:28:09.606","2026-07-31 06:40:02.063","13375854915","161311346","[PREMIUM]","[PREMIUM]","325",,"_",,,4,"[1,2,3,4]",17158,"Terrace Endzone",10,"Mobile Transfer ticket",1,"[PREMIUM]","[PREMIUM]","[PREMIUM]","[PREMIUM]",true,true,"['Clear view']","2026-07-16 19:57:43"
"13375852578","2026-07-18 23:28:09.606","2026-07-31 06:40:02.063","13375852578","161311346","[PREMIUM]","[PREMIUM]","321","S","_",,,2,"[1,2]",3831,"Terrace Corner",10,"Mobile Transfer ticket",1,"[PREMIUM]","[PREMIUM]","[PREMIUM]","[PREMIUM]",true,false,"['Clear view']","2026-07-16 19:57:32"
"13375858334","2026-07-18 23:28:09.606","2026-07-31 06:40:02.063","13375858334","161311346","[PREMIUM]","[PREMIUM]","311","S","_",,,2,"[1,2]",3831,"Terrace Corner",10,"Mobile Transfer ticket",1,"[PREMIUM]","[PREMIUM]","[PREMIUM]","[PREMIUM]",true,false,"['Clear view']","2026-07-16 19:58:01"
"13375853813","2026-07-18 23:28:09.606","2026-07-31 06:40:02.063","13375853813","161311346","[PREMIUM]","[PREMIUM]","310",,"_",,,4,"[1,2,3,4]",17158,"Terrace Endzone",10,"Mobile Transfer ticket",1,"[PREMIUM]","[PREMIUM]","[PREMIUM]","[PREMIUM]",true,true,"['Clear view']","2026-07-16 19:57:38"
"13383812936","2026-07-18 23:28:09.346","2026-07-19 23:46:02.078","13383812936","161311386","[PREMIUM]","[PREMIUM]","128","X","5_7","5","7",3,"[1,3]",7764,"Plaza Middle",10,"Mobile Transfer ticket",14,"[PREMIUM]","[PREMIUM]","[PREMIUM]","[PREMIUM]",true,false,"['Clear view']","2026-07-17 15:57:25"
"13383812742","2026-07-18 23:28:09.346","2026-07-31 06:39:47.552","13383812742","161311386","[PREMIUM]","[PREMIUM]","124","R","11_13","11","13",3,"[1,3]",7220,"Plaza Endzone",10,"Mobile Transfer ticket",14,"[PREMIUM]","[PREMIUM]","[PREMIUM]","[PREMIUM]",true,false,"['Clear view']","2026-07-17 15:57:25"
"13392588174","2026-07-18 23:28:09.274","2026-07-31 06:39:50.597","13392588174","161311386","[PREMIUM]","[PREMIUM]","212","B","4_5","4","5",2,"[2]",7689,"Club Endzone",10,"Mobile Transfer ticket",1,"[PREMIUM]","[PREMIUM]","[PREMIUM]","[PREMIUM]",true,false,"['Actual 2nd row of section','Clear view']","2026-07-18 19:42:19"
"13375858799","2026-07-18 23:28:09.273","2026-07-27 02:12:54.985","13375858799","161311386","[PREMIUM]","[PREMIUM]","321",,"_",,,4,"[1,2,3,4]",3831,"Terrace Corner",10,"Mobile Transfer ticket",1,"[PREMIUM]","[PREMIUM]","[PREMIUM]","[PREMIUM]",true,true,"['Clear view']","2026-07-16 19:58:03"
"13375856553","2026-07-18 23:28:09.273","2026-07-27 02:12:54.985","13375856553","161311386","[PREMIUM]","[PREMIUM]","326",,"_",,,4,"[1,2,3,4]",3831,"Terrace Corner",10,"Mobile Transfer ticket",1,"[PREMIUM]","[PREMIUM]","[PREMIUM]","[PREMIUM]",true,true,"['Clear view']","2026-07-16 19:57:52"
"13375853804","2026-07-18 23:28:09.273","2026-07-27 02:12:54.985","13375853804","161311386","[PREMIUM]","[PREMIUM]","306",,"_",,,4,"[1,2,3,4]",3831,"Terrace Corner",10,"Mobile Transfer ticket",1,"[PREMIUM]","[PREMIUM]","[PREMIUM]","[PREMIUM]",true,true,"['Clear view']","2026-07-16 19:57:38"
"13375858939","2026-07-18 23:28:09.240","2026-07-31 06:39:50.237","13375858939","161311386","[PREMIUM]","[PREMIUM]","320",,"_",,,4,"[1,2,3,4]",3831,"Terrace Corner",10,"Mobile Transfer ticket",1,"[PREMIUM]","[PREMIUM]","[PREMIUM]","[PREMIUM]",true,true,"['Clear view']","2026-07-16 19:58:03"
"13375855489","2026-07-18 23:28:09.240","2026-07-31 06:39:50.237","13375855489","161311386","[PREMIUM]","[PREMIUM]","305",,"_",,,4,"[1,2,3,4]",3831,"Terrace Corner",10,"Mobile Transfer ticket",1,"[PREMIUM]","[PREMIUM]","[PREMIUM]","[PREMIUM]",true,true,"['Clear view']","2026-07-16 19:57:46"
"13375681597","2026-07-18 23:28:09.240","2026-07-31 06:39:47.754","13375681597","161311386","[PREMIUM]","[PREMIUM]","327",,"_",,,4,"[1,2,3,4]",3831,"Terrace Corner",10,"Mobile Transfer ticket",1,"[PREMIUM]","[PREMIUM]","[PREMIUM]","[PREMIUM]",true,true,"['Clear view']","2026-07-16 19:36:52"
"13388381298","2026-07-18 23:28:08.860","2026-07-31 06:40:05.083","13388381298","161311377","[PREMIUM]","[PREMIUM]","122","G","_",,,2,"[2]",7220,"Plaza Endzone",10,"Mobile Transfer ticket",1,"[PREMIUM]","[PREMIUM]","[PREMIUM]","[PREMIUM]",true,false,"['Clear view']","2026-07-18 03:18:14"
"13388384779","2026-07-18 23:28:08.818","2026-07-31 06:40:19.302","13388384779","161311377","[PREMIUM]","[PREMIUM]","126","G","_",,,2,"[2]",7220,"Plaza Endzone",10,"Mobile Transfer ticket",1,"[PREMIUM]","[PREMIUM]","[PREMIUM]","[PREMIUM]",true,false,"['Clear view']","2026-07-18 03:20:06"
"13392661253","2026-07-18 23:28:08.792","2026-07-31 06:40:19.302","13392661253","161311377","[PREMIUM]","[PREMIUM]","212","B","4_5","4","5",2,"[2]",7689,"Club Endzone",10,"Mobile Transfer ticket",1,"[PREMIUM]","[PREMIUM]","[PREMIUM]","[PREMIUM]",true,false,"['Actual 2nd row of section','Clear view']","2026-07-18 20:04:50"
"13384772522","2026-07-18 23:28:08.602","2026-07-18 23:28:08.602","13384772522","161400577","[PREMIUM]","[PREMIUM]","134","18","_",,,2,"[1,2]",267,"Upper Tier",10,"Mobile Transfer ticket",14,"[PREMIUM]","[PREMIUM]","[PREMIUM]","[PREMIUM]",true,false,"['Clear view']","2026-07-17 17:51:44"
"13391947738","2026-07-18 23:28:08.602","2026-07-18 23:28:08.602","13391947738","161400577","[PREMIUM]","[PREMIUM]","110","18","_",,,2,"[1,2]",267,"Upper Tier",10,"Mobile Transfer ticket",14,"[PREMIUM]","[PREMIUM]","[PREMIUM]","[PREMIUM]",true,false,"['Clear view']","2026-07-18 17:13:01"
"13388958885","2026-07-18 23:28:08.600","2026-07-31 06:39:48.512","13388958885","161400577","[PREMIUM]","[PREMIUM]","109","6","1_2","1","2",2,"[2]",267,"Upper Tier",10,"Mobile Transfer ticket",1,"[PREMIUM]","[PREMIUM]","[PREMIUM]","[PREMIUM]",true,false,"['Clear view']","2026-07-18 05:04:38"
"13383990670","2026-07-18 23:28:08.487","2026-07-18 23:28:08.487","13383990670","161400577","[PREMIUM]","[PREMIUM]","136","14","_",,,3,"[1,2,3]",267,"Upper Tier",10,"Mobile Transfer ticket",14,"[PREMIUM]","[PREMIUM]","[PREMIUM]","[PREMIUM]",true,false,"['Clear view']","2026-07-17 16:23:42"
"13384077110","2026-07-18 23:28:08.487","2026-07-18 23:28:08.487","13384077110","161400577","[PREMIUM]","[PREMIUM]","128","10","_",,,1,"[1]",267,"Upper Tier",10,"Mobile Transfer ticket",14,"[PREMIUM]","[PREMIUM]","[PREMIUM]","[PREMIUM]",false,false,"['Third Row of Section','Clear view']","2026-07-17 16:31:15"
"13384052529","2026-07-18 23:28:08.487","2026-07-18 23:28:08.487","13384052529","161400577","[PREMIUM]","[PREMIUM]","117","15","_",,,1,"[1]",267,"Upper Tier",10,"Mobile Transfer ticket",14,"[PREMIUM]","[PREMIUM]","[PREMIUM]","[PREMIUM]",false,false,"['Clear view']","2026-07-17 16:29:42"
"13384044291","2026-07-18 23:28:08.463","2026-07-18 23:28:08.463","13384044291","161400577","[PREMIUM]","[PREMIUM]","114","13","_",,,2,"[1,2]",267,"Upper Tier",10,"Mobile Transfer ticket",14,"[PREMIUM]","[PREMIUM]","[PREMIUM]","[PREMIUM]",true,false,"['Clear view']","2026-07-17 16:28:42"
"13384069177","2026-07-18 23:28:08.457","2026-07-18 23:28:08.457","13384069177","161400577","[PREMIUM]","[PREMIUM]","127","15","_",,,1,"[1]",267,"Upper Tier",10,"Mobile Transfer ticket",14,"[PREMIUM]","[PREMIUM]","[PREMIUM]","[PREMIUM]",false,false,"['Clear view']","2026-07-17 16:30:42"
"13376154265","2026-07-18 23:28:07.960","2026-07-27 23:23:57.219","13376154265","161470435","[PREMIUM]","[PREMIUM]","15","DD","_",,,3,"[1,2,3]",594,"Lower",10,"Mobile Transfer ticket",1,"[PREMIUM]","[PREMIUM]","[PREMIUM]","[PREMIUM]",true,false,"['VIP Club','Access to VIP Club','Padded Seats','Actual 4th row of section','Clear view']","2026-07-16 20:32:35"
"13387578128","2026-07-18 23:28:07.960","2026-07-18 23:28:07.960","13387578128","161470435","[PREMIUM]","[PREMIUM]","6","L","_",,,4,"[2,4]",594,"Lower",9,"Mobile Transfer ticket",1,"[PREMIUM]","[PREMIUM]","[PREMIUM]","[PREMIUM]",true,false,"['Access to VIP Lounge','VIP Club','Access to VIP Club','VIP Entrance','Includes club access','Home team shoots twice end','Behind visitor bench','Includes access to the Goose Island lounge','Clear view']","2026-07-18 00:10:28"
"13382342775","2026-07-18 23:28:07.755","2026-07-21 02:35:34.267","13382342775","161470435","[PREMIUM]","[PREMIUM]","222","E","_",,,2,"[1,2]",407,"Upper",10,"Mobile Transfer ticket",1,"[PREMIUM]","[PREMIUM]","[PREMIUM]","[PREMIUM]",true,false,"['Clear view']","2026-07-17 11:19:08"
"13391621198","2026-07-18 23:28:07.755","2026-07-31 06:39:49.365","13391621198","161470435","[PREMIUM]","[PREMIUM]","225","C","_",,,2,"[2]",407,"Upper",10,"Mobile Transfer ticket",1,"[PREMIUM]","[PREMIUM]","[PREMIUM]","[PREMIUM]",true,false,"['Third Row of Section','Clear view']","2026-07-18 15:54:45"
"13392076524","2026-07-18 23:28:07.750","2026-07-19 23:45:59.243","13392076524","161470435","[PREMIUM]","[PREMIUM]","4","N","_",,,2,"[2]",594,"Lower",10,"Mobile Transfer ticket",1,"[PREMIUM]","[PREMIUM]","[PREMIUM]","[PREMIUM]",true,false,"['Clear view']","2026-07-18 17:44:42"
"13392396733","2026-07-18 23:28:07.701","2026-07-19 23:45:59.181","13392396733","161470435","[PREMIUM]","[PREMIUM]","223",,"_",,,2,"[1,2]",407,"Upper",10,"Mobile Transfer ticket",1,"[PREMIUM]","[PREMIUM]","[PREMIUM]","[PREMIUM]",true,true,"['Clear view']","2026-07-18 18:53:28"
"13385497845","2026-07-18 23:28:07.618","2026-07-18 23:28:07.618","13385497845","161400560","[PREMIUM]","[PREMIUM]","109","5","_",,,2,"[1,2]",267,"Upper Tier",10,"Mobile Transfer ticket",14,"[PREMIUM]","[PREMIUM]","[PREMIUM]","[PREMIUM]",true,false,"['Clear view']","2026-07-17 19:34:06"
"13388921639","2026-07-18 23:28:07.618","2026-07-28 23:21:47.411","13388921639","161400560","[PREMIUM]","[PREMIUM]","109","6","1_2","1","2",2,"[2]",267,"Upper Tier",10,"Mobile Transfer ticket",1,"[PREMIUM]","[PREMIUM]","[PREMIUM]","[PREMIUM]",true,false,"['Clear view']","2026-07-18 04:56:35"
"13385555720","2026-07-18 23:28:07.509","2026-07-18 23:28:07.509","13385555720","161400560","[PREMIUM]","[PREMIUM]","108","9","_",,,2,"[1,2]",267,"Upper Tier",10,"Mobile Transfer ticket",14,"[PREMIUM]","[PREMIUM]","[PREMIUM]","[PREMIUM]",true,false,"['Second Row of Section','Clear view']","2026-07-17 19:38:36"
"13385453676","2026-07-18 23:28:07.509","2026-07-18 23:28:07.509","13385453676","161400560","[PREMIUM]","[PREMIUM]","129","11","_",,,2,"[1,2]",267,"Upper Tier",10,"Mobile Transfer ticket",14,"[PREMIUM]","[PREMIUM]","[PREMIUM]","[PREMIUM]",true,false,"['Clear view']","2026-07-17 19:28:35"
"13385430023","2026-07-18 23:28:07.509","2026-07-18 23:28:07.509","13385430023","161400560","[PREMIUM]","[PREMIUM]","136","14","_",,,3,"[1,2,3]",267,"Upper Tier",10,"Mobile Transfer ticket",14,"[PREMIUM]","[PREMIUM]","[PREMIUM]","[PREMIUM]",true,false,"['Clear view']","2026-07-17 19:26:35"
"13386406209","2026-07-18 23:28:07.509","2026-07-18 23:28:07.509","13386406209","161400560","[PREMIUM]","[PREMIUM]","134","18","_",,,2,"[1,2]",267,"Upper Tier",10,"Mobile Transfer ticket",14,"[PREMIUM]","[PREMIUM]","[PREMIUM]","[PREMIUM]",true,false,"['Clear view']","2026-07-17 21:37:47"
"13387761471","2026-07-18 23:28:07.509","2026-07-18 23:28:07.509","13387761471","161400560","[PREMIUM]","[PREMIUM]","115","10","_",,,2,"[1,2]",267,"Upper Tier",10,"Mobile Transfer ticket",14,"[PREMIUM]","[PREMIUM]","[PREMIUM]","[PREMIUM]",true,false,"['Clear view']","2026-07-18 00:48:08"
"13385487469","2026-07-18 23:28:07.491","2026-07-18 23:28:07.491","13385487469","161400560","[PREMIUM]","[PREMIUM]","127","15","_",,,2,"[1,2]",267,"Upper Tier",10,"Mobile Transfer ticket",14,"[PREMIUM]","[PREMIUM]","[PREMIUM]","[PREMIUM]",true,false,"['Clear view']","2026-07-17 19:33:06"
"13385477477","2026-07-18 23:28:07.491","2026-07-18 23:28:07.491","13385477477","161400560","[PREMIUM]","[PREMIUM]","130","15","_",,,2,"[1,2]",267,"Upper Tier",10,"Mobile Transfer ticket",14,"[PREMIUM]","[PREMIUM]","[PREMIUM]","[PREMIUM]",true,false,"['Clear view']","2026-07-17 19:31:48"
"13385460349","2026-07-18 23:28:07.489","2026-07-18 23:28:07.489","13385460349","161400560","[PREMIUM]","[PREMIUM]","22","9","_",,,3,"[1,2,3]",265,"Lower Tier",10,"Mobile Transfer ticket",14,"[PREMIUM]","[PREMIUM]","[PREMIUM]","[PREMIUM]",true,false,"['Clear view']","2026-07-17 19:29:06"
"13385435459","2026-07-18 23:28:07.489","2026-07-18 23:28:07.489","13385435459","161400560","[PREMIUM]","[PREMIUM]","2","8","_",,,3,"[1,2,3]",265,"Lower Tier",10,"Mobile Transfer ticket",14,"[PREMIUM]","[PREMIUM]","[PREMIUM]","[PREMIUM]",true,false,"['Clear view']","2026-07-17 19:27:12"
"13388236984","2026-07-18 23:28:07.486","2026-07-18 23:28:07.486","13388236984","161400560","[PREMIUM]","[PREMIUM]","110","18","_",,,1,"[1]",267,"Upper Tier",10,"Mobile Transfer ticket",14,"[PREMIUM]","[PREMIUM]","[PREMIUM]","[PREMIUM]",false,false,"['Clear view']","2026-07-18 02:38:08"
"13391138206","2026-07-18 23:28:07.369","2026-07-31 06:39:38.416","13391138206","161461306","[PREMIUM]","[PREMIUM]","121","J","_",,,2,"[2]",5002,"Main Concourse",10,"Mobile Transfer ticket",1,"[PREMIUM]","[PREMIUM]","[PREMIUM]","[PREMIUM]",true,false,"['Clear view']","2026-07-18 14:07:06"
"13385321211","2026-07-18 23:28:07.224","2026-07-19 23:45:57.948","13385321211","161461292","[PREMIUM]","[PREMIUM]","100","K","_",,,2,"[2]",5002,"Main Concourse",10,"Mobile Transfer ticket",1,"[PREMIUM]","[PREMIUM]","[PREMIUM]","[PREMIUM]",true,false,"['Clear view']","2026-07-17 19:12:57"
"13392776391","2026-07-18 23:28:07.122","2026-07-31 06:39:33.760","13392776391","161461306","[PREMIUM]","[PREMIUM]","105","W","_",,,2,"[2]",5002,"Main Concourse",10,"Mobile Transfer ticket",1,"[PREMIUM]","[PREMIUM]","[PREMIUM]","[PREMIUM]",true,false,"['Clear view']","2026-07-18 20:34:09"
"13390222013","2026-07-18 23:28:06.370","2026-07-31 06:39:44.868","13390222013","161311373","[PREMIUM]","[PREMIUM]","229","A","_",,,3,"[1,3]",7689,"Club Endzone",10,"Mobile Transfer ticket",1,"[PREMIUM]","[PREMIUM]","[PREMIUM]","[PREMIUM]",true,false,"['Front Row of Section','Clear view']","2026-07-18 11:37:12"
"13392637514","2026-07-18 23:28:06.269","2026-07-31 06:39:44.725","13392637514","161311373","[PREMIUM]","[PREMIUM]","212","B","4_5","4","5",2,"[2]",7689,"Club Endzone",10,"Mobile Transfer ticket",1,"[PREMIUM]","[PREMIUM]","[PREMIUM]","[PREMIUM]",true,false,"['Actual 2nd row of section','Clear view']","2026-07-18 20:00:00"
"13388377341","2026-07-18 23:28:06.186","2026-07-31 06:39:44.629","13388377341","161311373","[PREMIUM]","[PREMIUM]","122","G","_",,,2,"[2]",7220,"Plaza Endzone",10,"Mobile Transfer ticket",1,"[PREMIUM]","[PREMIUM]","[PREMIUM]","[PREMIUM]",true,false,"['Clear view']","2026-07-18 03:17:12"
"13388381299","2026-07-18 23:28:06.186","2026-07-31 06:39:44.629","13388381299","161311373","[PREMIUM]","[PREMIUM]","126","G","_",,,2,"[2]",7220,"Plaza Endzone",10,"Mobile Transfer ticket",1,"[PREMIUM]","[PREMIUM]","[PREMIUM]","[PREMIUM]",true,false,"['Clear view']","2026-07-18 03:18:14"
"13382343594","2026-07-18 23:28:06.103","2026-07-23 01:50:00.039","13382343594","161470395","[PREMIUM]","[PREMIUM]","205","M","_",,,4,"[1,2,3,4]",407,"Upper",10,"Mobile Transfer ticket",1,"[PREMIUM]","[PREMIUM]","[PREMIUM]","[PREMIUM]",true,false,"['Clear view']","2026-07-17 11:19:15"
"13376154408","2026-07-18 23:28:05.927","2026-07-22 04:05:32.850","13376154408","161470395","[PREMIUM]","[PREMIUM]","205","J","_",,,4,"[1,2,3,4]",407,"Upper",10,"Mobile Transfer ticket",1,"[PREMIUM]","[PREMIUM]","[PREMIUM]","[PREMIUM]",true,false,"['Clear view']","2026-07-16 20:32:36"
"13392624920","2026-07-18 23:28:05.927","2026-07-19 23:45:57.582","13392624920","161311373","[PREMIUM]","[PREMIUM]","316","L","13_14","13","14",2,"[2]",4813,"Terrace Center",10,"Mobile Transfer ticket",14,"[PREMIUM]","[PREMIUM]","[PREMIUM]","[PREMIUM]",true,false,"['Clear view']","2026-07-18 19:54:31"
"13377481270","2026-07-18 23:28:05.922","2026-07-22 04:05:35.768","13377481270","161311374","[PREMIUM]","[PREMIUM]","201","J","_",,,2,"[1,2]",4308,"Club Sideline",10,"Mobile Transfer ticket",1,"[PREMIUM]","[PREMIUM]","[PREMIUM]","[PREMIUM]",true,false,"['Clear view']","2026-07-16 23:12:51"
"13383798600","2026-07-18 23:28:05.913","2026-07-18 23:28:05.913","13383798600","161311374","[PREMIUM]","[PREMIUM]","103","W","9_12","9","12",4,"[1,2,4]",7764,"Plaza Middle",10,"Mobile Transfer ticket",14,"[PREMIUM]","[PREMIUM]","[PREMIUM]","[PREMIUM]",true,false,"['Clear view']","2026-07-17 15:54:39"
"13383798644","2026-07-18 23:28:05.913","2026-07-31 06:39:32.074","13383798644","161311374","[PREMIUM]","[PREMIUM]","104","W","3_5","3","5",3,"[1,3]",7764,"Plaza Middle",10,"Mobile Transfer ticket",14,"[PREMIUM]","[PREMIUM]","[PREMIUM]","[PREMIUM]",true,false,"['Clear view']","2026-07-17 15:54:40"
"13383799242","2026-07-18 23:28:05.913","2026-07-31 06:39:32.050","13383799242","161311374","[PREMIUM]","[PREMIUM]","120","L","12_17","12","17",6,"[1,2,3,4,6]",7764,"Plaza Middle",10,"Mobile Transfer ticket",14,"[PREMIUM]","[PREMIUM]","[PREMIUM]","[PREMIUM]",true,false,"['Clear view']","2026-07-17 15:54:43"
"13383799265","2026-07-18 23:28:05.913","2026-07-31 06:39:31.934","13383799265","161311374","[PREMIUM]","[PREMIUM]","120","R","14_18","14","18",5,"[1,2,3,5]",7764,"Plaza Middle",10,"Mobile Transfer ticket",14,"[PREMIUM]","[PREMIUM]","[PREMIUM]","[PREMIUM]",true,false,"['Clear view']","2026-07-17 15:54:43"
"13377707630","2026-07-18 23:28:05.886","2026-07-24 00:23:49.964","13377707630","161311374","[PREMIUM]","[PREMIUM]","103","E","_",,,4,"[1,2,4]",7764,"Plaza Middle",10,"Mobile Transfer ticket",1,"[PREMIUM]","[PREMIUM]","[PREMIUM]","[PREMIUM]",true,false,"['Clear view']","2026-07-16 23:40:14"
"13382225272","2026-07-18 23:28:05.886","2026-07-30 00:14:51.868","13382225272","161311374","[PREMIUM]","[PREMIUM]","112","G","_",,,2,"[2]",7764,"Plaza Middle",10,"Mobile Transfer ticket",1,"[PREMIUM]","[PREMIUM]","[PREMIUM]","[PREMIUM]",true,false,"['Clear view']","2026-07-17 11:05:57"
"13383966178","2026-07-18 23:28:05.886","2026-07-18 23:28:05.886","13383966178","161311374","[PREMIUM]","[PREMIUM]","116","C","13_14","13","14",2,"[2]",4861,"Plaza Center",10,"Mobile Transfer ticket",14,"[PREMIUM]","[PREMIUM]","[PREMIUM]","[PREMIUM]",true,false,"['Front Row of Section','Clear view']","2026-07-17 16:21:12"
"13377478964","2026-07-18 23:28:05.872","2026-07-31 06:39:31.934","13377478964","161311374","[PREMIUM]","[PREMIUM]","104","X","_",,,2,"[1,2]",7764,"Plaza Middle",10,"Mobile Transfer ticket",1,"[PREMIUM]","[PREMIUM]","[PREMIUM]","[PREMIUM]",true,false,"['Clear view']","2026-07-16 23:12:39"
"13377480491","2026-07-18 23:28:05.872","2026-07-31 06:39:31.938","13377480491","161311374","[PREMIUM]","[PREMIUM]","120","X","_",,,2,"[1,2]",7764,"Plaza Middle",10,"Mobile Transfer ticket",1,"[PREMIUM]","[PREMIUM]","[PREMIUM]","[PREMIUM]",true,false,"['Clear view']","2026-07-16 23:12:47"
"13377482200","2026-07-18 23:28:05.872","2026-07-31 06:39:43.673","13377482200","161311374","[PREMIUM]","[PREMIUM]","210",,"_",,,2,"[1,2]",7689,"Club Endzone",10,"Mobile Transfer ticket",1,"[PREMIUM]","[PREMIUM]","[PREMIUM]","[PREMIUM]",true,true,"['Clear view']","2026-07-16 23:12:56"
"13383798689","2026-07-18 23:28:05.872","2026-07-21 02:35:28.315","13383798689","161311374","[PREMIUM]","[PREMIUM]","108","L","3_8","3","8",6,"[1,2,3,4,6]",7220,"Plaza Endzone",10,"Mobile Transfer ticket",14,"[PREMIUM]","[PREMIUM]","[PREMIUM]","[PREMIUM]",true,false,"['Clear view']","2026-07-17 15:54:40"
"13382343751","2026-07-18 23:28:05.626","2026-07-23 01:50:00.360","13382343751","161470395","[PREMIUM]","[PREMIUM]","222","E","_",,,4,"[1,2,3,4]",407,"Upper",10,"Mobile Transfer ticket",1,"[PREMIUM]","[PREMIUM]","[PREMIUM]","[PREMIUM]",true,false,"['Clear view']","2026-07-17 11:19:17"
"13385550899","2026-07-18 23:28:05.609","2026-07-18 23:28:05.609","13385550899","161400546","[PREMIUM]","[PREMIUM]","21",,"_",,,2,"[1,2]",265,"Lower Tier",10,"Mobile Transfer ticket",14,"[PREMIUM]","[PREMIUM]","[PREMIUM]","[PREMIUM]",true,true,"['Clear view']","2026-07-17 19:38:18"
"13389538311","2026-07-18 23:28:05.590","2026-07-21 02:36:09.371","13389538311","161400546","[PREMIUM]","[PREMIUM]","4","3","_",,,2,"[2]",265,"Lower Tier",10,"Mobile Transfer ticket",1,"[PREMIUM]","[PREMIUM]","[PREMIUM]","[PREMIUM]",true,false,"['Third Row of Section','Clear view']","2026-07-18 07:09:36"
"13385471666","2026-07-18 23:28:05.582","2026-07-18 23:28:05.582","13385471666","161400546","[PREMIUM]","[PREMIUM]","134","18","_",,,4,"[1,2,3,4]",267,"Upper Tier",10,"Mobile Transfer ticket",14,"[PREMIUM]","[PREMIUM]","[PREMIUM]","[PREMIUM]",true,false,"['Clear view']","2026-07-17 19:30:17"
"13392896634","2026-07-18 23:28:05.582","2026-07-31 06:39:31.602","13392896634","161400546","[PREMIUM]","[PREMIUM]","137","3","_",,,3,"[3]",267,"Upper Tier",10,"Mobile Transfer ticket",1,"[PREMIUM]","[PREMIUM]","[PREMIUM]","[PREMIUM]",true,false,"['Third Row of Section','Clear view']","2026-07-18 21:09:46"
"13385479665","2026-07-18 23:28:05.570","2026-07-18 23:28:05.570","13385479665","161400546","[PREMIUM]","[PREMIUM]","129","11","_",,,2,"[1,2]",267,"Upper Tier",10,"Mobile Transfer ticket",14,"[PREMIUM]","[PREMIUM]","[PREMIUM]","[PREMIUM]",true,false,"['Clear view']","2026-07-17 19:32:18"
"13385494122","2026-07-18 23:28:05.570","2026-07-18 23:28:05.570","13385494122","161400546","[PREMIUM]","[PREMIUM]","115","10","_",,,2,"[1,2]",267,"Upper Tier",10,"Mobile Transfer ticket",14,"[PREMIUM]","[PREMIUM]","[PREMIUM]","[PREMIUM]",true,false,"['Clear view']","2026-07-17 19:33:48"
"13385536992","2026-07-18 23:28:05.570","2026-07-18 23:28:05.570","13385536992","161400546","[PREMIUM]","[PREMIUM]","127","15","_",,,1,"[1]",267,"Upper Tier",10,"Mobile Transfer ticket",14,"[PREMIUM]","[PREMIUM]","[PREMIUM]","[PREMIUM]",false,false,"['Clear view']","2026-07-17 19:37:18"
"13377573931","2026-07-18 23:28:05.543","2026-07-21 02:36:09.005","13377573931","161400546","[PREMIUM]","[PREMIUM]","7","23","_",,,2,"[1,2]",265,"Lower Tier",10,"Mobile Transfer ticket",1,"[PREMIUM]","[PREMIUM]","[PREMIUM]","[PREMIUM]",true,false,"['Clear view']","2026-07-16 23:21:35"
"13378383988","2026-07-18 23:28:05.543","2026-07-23 01:50:03.205","13378383988","161400546","[PREMIUM]","[PREMIUM]","3","5","_",,,2,"[2]",265,"Lower Tier",10,"Mobile Transfer ticket",1,"[PREMIUM]","[PREMIUM]","[PREMIUM]","[PREMIUM]",true,false,"['Second Row of Section','Clear view']","2026-07-17 01:02:02"
"13378383996","2026-07-18 23:28:05.543","2026-07-31 06:39:41.619","13378383996","161400546","[PREMIUM]","[PREMIUM]","7","12","_",,,2,"[2]",265,"Lower Tier",10,"Mobile Transfer ticket",1,"[PREMIUM]","[PREMIUM]","[PREMIUM]","[PREMIUM]",true,false,"['Clear view']","2026-07-17 01:02:02"
"13385477766","2026-07-18 23:28:05.543","2026-07-18 23:28:05.543","13385477766","161400546","[PREMIUM]","[PREMIUM]","2","8","_",,,3,"[1,2,3]",265,"Lower Tier",10,"Mobile Transfer ticket",14,"[PREMIUM]","[PREMIUM]","[PREMIUM]","[PREMIUM]",true,false,"['Clear view']","2026-07-17 19:31:54"
"13386592838","2026-07-18 23:28:05.543","2026-07-31 06:39:41.619","13386592838","161400546","[PREMIUM]","[PREMIUM]","17","10","_",,,2,"[2]",265,"Lower Tier",10,"Mobile Transfer ticket",1,"[PREMIUM]","[PREMIUM]","[PREMIUM]","[PREMIUM]",true,false,"['Clear view']","2026-07-17 22:12:20"
"13385543815","2026-07-18 23:28:05.533","2026-07-18 23:28:05.533","13385543815","161400546","[PREMIUM]","[PREMIUM]","128","12","_",,,1,"[1]",267,"Upper Tier",10,"Mobile Transfer ticket",14,"[PREMIUM]","[PREMIUM]","[PREMIUM]","[PREMIUM]",false,false,"['Clear view']","2026-07-17 19:37:48"
"13393150023","2026-07-18 23:28:05.530","2026-07-19 23:45:56.224","13393150023","161400546","[PREMIUM]","[PREMIUM]","5","21","_",,,4,"[4]",265,"Lower Tier",10,"Mobile Transfer ticket",1,"[PREMIUM]","[PREMIUM]","[PREMIUM]","[PREMIUM]",true,false,"['Clear view']","2026-07-18 22:10:14"
"13383786310","2026-07-18 23:28:05.404","2026-07-21 02:35:18.488","13383786310","161311373","[PREMIUM]","[PREMIUM]","321","S","25_28","25","28",4,"[1,2,4]",3831,"Terrace Corner",10,"Mobile Transfer ticket",14,"[PREMIUM]","[PREMIUM]","[PREMIUM]","[PREMIUM]",true,false,"['Clear view']","2026-07-17 15:53:04"
"13377784205","2026-07-18 23:28:05.274","2026-07-27 23:23:48.181","13377784205","161311374","[PREMIUM]","[PREMIUM]","118","E","1_2","1","2",2,"[2]",7764,"Plaza Middle",10,"Mobile Transfer ticket",1,"[PREMIUM]","[PREMIUM]","[PREMIUM]","[PREMIUM]",true,false,"['Aisle seat','Clear view']","2026-07-16 23:49:46"
"13375857946","2026-07-18 23:28:05.251","2026-07-31 06:39:31.761","13375857946","161311374","[PREMIUM]","[PREMIUM]","325",,"_",,,4,"[1,2,3,4]",17158,"Terrace Endzone",10,"Mobile Transfer ticket",1,"[PREMIUM]","[PREMIUM]","[PREMIUM]","[PREMIUM]",true,true,"['Clear view']","2026-07-16 19:57:59"
"13375861802","2026-07-18 23:28:05.251","2026-07-31 06:39:31.761","13375861802","161311374","[PREMIUM]","[PREMIUM]","321","S","_",,,2,"[1,2]",3831,"Terrace Corner",10,"Mobile Transfer ticket",1,"[PREMIUM]","[PREMIUM]","[PREMIUM]","[PREMIUM]",true,false,"['Clear view']","2026-07-16 19:58:35"
"13375845710","2026-07-18 23:28:05.251","2026-07-31 06:39:31.761","13375845710","161311374","[PREMIUM]","[PREMIUM]","322",,"_",,,4,"[1,2,3,4]",17158,"Terrace Endzone",10,"Mobile Transfer ticket",1,"[PREMIUM]","[PREMIUM]","[PREMIUM]","[PREMIUM]",true,true,"['Clear view']","2026-07-16 19:56:41"
"13375855876","2026-07-18 23:28:05.251","2026-07-31 06:39:31.761","13375855876","161311374","[PREMIUM]","[PREMIUM]","310",,"_",,,4,"[1,2,3,4]",17158,"Terrace Endzone",10,"Mobile Transfer ticket",1,"[PREMIUM]","[PREMIUM]","[PREMIUM]","[PREMIUM]",true,true,"['Clear view']","2026-07-16 19:57:48"
"13375860613","2026-07-18 23:28:05.251","2026-07-31 06:39:31.761","13375860613","161311374","[PREMIUM]","[PREMIUM]","311","S","_",,,2,"[1,2]",3831,"Terrace Corner",10,"Mobile Transfer ticket",1,"[PREMIUM]","[PREMIUM]","[PREMIUM]","[PREMIUM]",true,false,"['Clear view']","2026-07-16 19:58:15"
"13383799279","2026-07-18 23:28:05.189","2026-07-31 06:39:32.050","13383799279","161311374","[PREMIUM]","[PREMIUM]","120","W","19_20","19","20",2,"[2]",7764,"Plaza Middle",10,"Mobile Transfer ticket",14,"[PREMIUM]","[PREMIUM]","[PREMIUM]","[PREMIUM]",true,false,"['Clear view']","2026-07-17 15:54:43"
"13387789490","2026-07-18 23:28:05.189","2026-07-30 00:14:51.101","13387789490","161311374","[PREMIUM]","[PREMIUM]","122","E","_",,,2,"[2]",7220,"Plaza Endzone",10,"Mobile Transfer ticket",1,"[PREMIUM]","[PREMIUM]","[PREMIUM]","[PREMIUM]",true,false,"['Clear view']","2026-07-18 00:53:36"
"13383811934","2026-07-18 23:28:05.186","2026-07-23 01:49:59.653","13383811934","161311374","[PREMIUM]","[PREMIUM]","328","L","7_8","7","8",2,"[2]",3831,"Terrace Corner",10,"Mobile Transfer ticket",14,"[PREMIUM]","[PREMIUM]","[PREMIUM]","[PREMIUM]",true,false,"['Clear view']","2026-07-17 15:57:22"
"13390456988","2026-07-18 23:28:05.021","2026-07-28 23:21:44.614","13390456988","161470395","[PREMIUM]","[PREMIUM]","213","N","_",,,3,"[1,3]",407,"Upper",10,"Mobile Transfer ticket",1,"[PREMIUM]","[PREMIUM]","[PREMIUM]","[PREMIUM]",true,false,"['Clear view']","2026-07-18 12:21:51"
"13383977734","2026-07-18 23:28:04.882","2026-07-18 23:28:04.882","13383977734","161400539","[PREMIUM]","[PREMIUM]","136","14","_",,,3,"[1,2,3]",267,"Upper Tier",10,"Mobile Transfer ticket",14,"[PREMIUM]","[PREMIUM]","[PREMIUM]","[PREMIUM]",true,false,"['Clear view']","2026-07-17 16:22:15"
"13384054095","2026-07-18 23:28:04.882","2026-07-18 23:28:04.882","13384054095","161400539","[PREMIUM]","[PREMIUM]","128","10","_",,,1,"[1]",267,"Upper Tier",10,"Mobile Transfer ticket",14,"[PREMIUM]","[PREMIUM]","[PREMIUM]","[PREMIUM]",false,false,"['Third Row of Section','Clear view']","2026-07-17 16:29:50"
"13384061482","2026-07-18 23:28:04.859","2026-07-18 23:28:04.859","13384061482","161400539","[PREMIUM]","[PREMIUM]","109","5","_",,,2,"[1,2]",267,"Upper Tier",10,"Mobile Transfer ticket",14,"[PREMIUM]","[PREMIUM]","[PREMIUM]","[PREMIUM]",true,false,"['Clear view']","2026-07-17 16:30:15"
"13382882254","2026-07-18 23:28:04.794","2026-07-31 06:39:22.426","13382882254","161400539","[PREMIUM]","[PREMIUM]","107","16","_",,,2,"[2]",267,"Upper Tier",10,"Mobile Transfer ticket",1,"[PREMIUM]","[PREMIUM]","[PREMIUM]","[PREMIUM]",true,false,"['Clear view']","2026-07-17 13:31:39"
"13392919685","2026-07-18 23:28:04.794","2026-07-31 06:39:25.578","13392919685","161400539","[PREMIUM]","[PREMIUM]","109","21","_",,,10,"[1,2,3,4,5,6,8,10]",267,"Upper Tier",10,"Mobile Transfer ticket",14,"[PREMIUM]","[PREMIUM]","[PREMIUM]","[PREMIUM]",true,false,"['Clear view']","2026-07-18 21:18:50"
"13384034474","2026-07-18 23:28:04.777","2026-07-18 23:28:04.777","13384034474","161400539","[PREMIUM]","[PREMIUM]","130","15","_",,,1,"[1]",267,"Upper Tier",10,"Mobile Transfer ticket",14,"[PREMIUM]","[PREMIUM]","[PREMIUM]","[PREMIUM]",false,false,"['Clear view']","2026-07-17 16:27:45"
"13384029043","2026-07-18 23:28:04.777","2026-07-18 23:28:04.777","13384029043","161400539","[PREMIUM]","[PREMIUM]","114","13","_",,,1,"[1]",267,"Upper Tier",10,"Mobile Transfer ticket",14,"[PREMIUM]","[PREMIUM]","[PREMIUM]","[PREMIUM]",false,false,"['Clear view']","2026-07-17 16:27:15"
"13392891211","2026-07-18 23:28:04.777","2026-07-19 23:45:54.555","13392891211","161400539","[PREMIUM]","[PREMIUM]","108","9","_",,,2,"[2]",267,"Upper Tier",10,"Mobile Transfer ticket",1,"[PREMIUM]","[PREMIUM]","[PREMIUM]","[PREMIUM]",true,false,"['Second Row of Section','Clear view']","2026-07-18 21:08:19"
"13384070855","2026-07-18 23:28:04.773","2026-07-18 23:28:04.773","13384070855","161400539","[PREMIUM]","[PREMIUM]","12","8","_",,,2,"[1,2]",265,"Lower Tier",10,"Mobile Transfer ticket",14,"[PREMIUM]","[PREMIUM]","[PREMIUM]","[PREMIUM]",true,false,"['Clear view']","2026-07-17 16:30:47"
"13388922563","2026-07-18 23:28:04.770","2026-07-19 23:45:54.528","13388922563","161400539","[PREMIUM]","[PREMIUM]","109","6","1_2","1","2",2,"[2]",267,"Upper Tier",10,"Mobile Transfer ticket",1,"[PREMIUM]","[PREMIUM]","[PREMIUM]","[PREMIUM]",true,false,"['Clear view']","2026-07-18 04:56:54"
"13392263904","2026-07-18 23:28:04.271","2026-07-21 02:35:07.763","13392263904","161400539","[PREMIUM]","[PREMIUM]","135","20","_",,,10,"[1,2,3,4,5,6,8,10]",267,"Upper Tier",10,"Mobile Transfer ticket",14,"[PREMIUM]","[PREMIUM]","[PREMIUM]","[PREMIUM]",true,false,"['Clear view']","2026-07-18 18:17:51"
"13376141153","2026-07-18 23:28:04.174","2026-07-19 23:45:52.947","13376141153","161482396","[PREMIUM]","[PREMIUM]","CLUB 1","A","11_16","11","16",6,"[1,2,3,4,6]",594,"Lower",10,"Mobile Transfer ticket",1,"[PREMIUM]","[PREMIUM]","[PREMIUM]","[PREMIUM]",true,false,"['Actual 1st row of the section','Clear view']","2026-07-16 20:29:43"
"13388445037","2026-07-18 23:28:03.963","2026-07-24 00:23:38.282","13388445037","161470409","[PREMIUM]","[PREMIUM]","225","C","_",,,3,"[1,3]",407,"Upper",10,"Mobile Transfer ticket",1,"[PREMIUM]","[PREMIUM]","[PREMIUM]","[PREMIUM]",true,false,"['Third Row of Section','Clear view']","2026-07-18 03:38:59"
"13391637691","2026-07-18 23:28:03.950","2026-07-19 23:45:53.357","13391637691","161482416","[PREMIUM]","[PREMIUM]","6","M","8_11","8",,4,"[2,4]",594,"Lower",10,"Mobile Transfer ticket",1,"[PREMIUM]","[PREMIUM]","[PREMIUM]","[PREMIUM]",true,false,"['Clear view']","2026-07-18 15:57:07"
"13391673179","2026-07-18 23:28:03.616","2026-07-21 02:33:45.775","13391673179","161482396","[PREMIUM]","[PREMIUM]","6","K","8_11","8",,4,"[2,4]",594,"Lower",10,"Mobile Transfer ticket",1,"[PREMIUM]","[PREMIUM]","[PREMIUM]","[PREMIUM]",true,false,"['Clear view']","2026-07-18 16:08:08"
"13391656801","2026-07-18 23:28:03.576","2026-07-19 23:45:52.715","13391656801","161482396","[PREMIUM]","[PREMIUM]","202","L","17_20","17",,4,"[2,4]",407,"Upper",10,"Mobile Transfer ticket",1,"[PREMIUM]","[PREMIUM]","[PREMIUM]","[PREMIUM]",true,false,"['Clear view']","2026-07-18 16:03:16"
"13391645498","2026-07-18 23:28:03.569","2026-07-30 00:14:44.728","13391645498","161482396","[PREMIUM]","[PREMIUM]","17","G","1_4","1",,4,"[2,4]",594,"Lower",10,"Mobile Transfer ticket",1,"[PREMIUM]","[PREMIUM]","[PREMIUM]","[PREMIUM]",true,false,"['Clear view']","2026-07-18 16:00:16"
"13388907109","2026-07-18 23:28:03.536","2026-07-31 06:39:25.554","13388907109","161400539","[PREMIUM]","[PREMIUM]","109","6","1_2","1","2",2,"[2]",267,"Upper Tier",10,"Mobile Transfer ticket",1,"[PREMIUM]","[PREMIUM]","[PREMIUM]","[PREMIUM]",true,false,"['Clear view']","2026-07-18 04:54:27"
"13379309141","2026-07-18 23:28:03.369","2026-07-18 23:28:03.369","13379309141","161470409","[PREMIUM]","[PREMIUM]","216","L","_",,,6,"[1,2,3,4,6]",407,"Upper",10,"Mobile Transfer ticket",1,"[PREMIUM]","[PREMIUM]","[PREMIUM]","[PREMIUM]",true,false,"['Clear view']","2026-07-17 02:56:00"
"13392523893","2026-07-18 23:28:03.369","2026-07-18 23:28:03.369","13392523893","161470409","[PREMIUM]","[PREMIUM]","213","N","_",,,2,"[2]",407,"Upper",10,"Mobile Transfer ticket",1,"[PREMIUM]","[PREMIUM]","[PREMIUM]","[PREMIUM]",true,false,"['Clear view']","2026-07-18 19:29:17"
"13392650651","2026-07-18 23:28:03.369","2026-07-18 23:28:03.369","13392650651","161470409","[PREMIUM]","[PREMIUM]","209","L","_",,,2,"[2]",407,"Upper",9,"Mobile Transfer ticket",1,"[PREMIUM]","[PREMIUM]","[PREMIUM]","[PREMIUM]",true,false,"['Clear view']","2026-07-18 20:03:24"
"13389195104","2026-07-18 23:28:03.120","2026-07-31 06:38:15.148","13389195104","161482416","[PREMIUM]","[PREMIUM]","123","L","_",,,4,"[2,4]",471,"Middle",10,"Mobile Transfer ticket",1,"[PREMIUM]","[PREMIUM]","[PREMIUM]","[PREMIUM]",true,false,"['Clear view']","2026-07-18 05:38:10"
"13389203795","2026-07-18 23:28:03.099","2026-07-28 23:21:42.523","13389203795","161482396","[PREMIUM]","[PREMIUM]","123","L","_",,,4,"[2,4]",471,"Middle",10,"Mobile Transfer ticket",1,"[PREMIUM]","[PREMIUM]","[PREMIUM]","[PREMIUM]",true,false,"['Clear view']","2026-07-18 05:39:06"
"13391673158","2026-07-18 23:28:02.899","2026-07-19 23:45:49.537","13391673158","161482381","[PREMIUM]","[PREMIUM]","6","K","8_11","8",,4,"[2,4]",594,"Lower",10,"Mobile Transfer ticket",1,"[PREMIUM]","[PREMIUM]","[PREMIUM]","[PREMIUM]",true,false,"['Clear view']","2026-07-18 16:08:08"
"13377473885","2026-07-18 23:28:02.842","2026-07-27 02:12:36.965","13377473885","161482381","[PREMIUM]","[PREMIUM]","114",,"_",,,2,"[1,2]",471,"Middle",10,"Mobile Transfer ticket",1,"[PREMIUM]","[PREMIUM]","[PREMIUM]","[PREMIUM]",true,true,"['Clear view']","2026-07-16 23:12:10"
"13391924300","2026-07-18 23:28:02.824","2026-07-18 23:28:02.824","13391924300","161482381","[PREMIUM]","[PREMIUM]","204","A","7_10","7",,4,"[4]",407,"Upper",10,"Mobile Transfer ticket",1,"[PREMIUM]","[PREMIUM]","[PREMIUM]","[PREMIUM]",true,false,"['Front Row of Section','Clear view']","2026-07-18 17:08:29"
"13391645513","2026-07-18 23:28:02.824","2026-07-31 06:38:28.118","13391645513","161482381","[PREMIUM]","[PREMIUM]","17","G","1_4","1",,4,"[2,4]",594,"Lower",10,"Mobile Transfer ticket",1,"[PREMIUM]","[PREMIUM]","[PREMIUM]","[PREMIUM]",true,false,"['Clear view']","2026-07-18 16:00:16"
"13391673141","2026-07-18 23:28:02.565","2026-07-21 02:32:40.314","13391673141","161482424","[PREMIUM]","[PREMIUM]","6","K","8_11","8",,4,"[2,4]",594,"Lower",10,"Mobile Transfer ticket",1,"[PREMIUM]","[PREMIUM]","[PREMIUM]","[PREMIUM]",true,false,"['Clear view']","2026-07-18 16:08:08"
"13391015454","2026-07-18 23:28:02.279","2026-07-31 06:37:51.143","13391015454","161470382","[PREMIUM]","[PREMIUM]","1","Z","_",,,2,"[1,2]",594,"Lower",10,"Mobile Transfer ticket",1,"[PREMIUM]","[PREMIUM]","[PREMIUM]","[PREMIUM]",true,false,"['Clear view']","2026-07-18 13:39:21"
"13389187640","2026-07-18 23:28:02.184","2026-07-31 06:38:04.326","13389187640","161482381","[PREMIUM]","[PREMIUM]","123","L","_",,,4,"[2,4]",471,"Middle",10,"Mobile Transfer ticket",1,"[PREMIUM]","[PREMIUM]","[PREMIUM]","[PREMIUM]",true,false,"['Clear view']","2026-07-18 05:37:10"
"13388413116","2026-07-18 23:28:02.142","2026-07-18 23:28:02.142","13388413116","161381089","[PREMIUM]","[PREMIUM]","118","L","_",,,4,"[2,4]",4325,"Plaza Level",10,"Mobile Transfer ticket",1,"[PREMIUM]","[PREMIUM]","[PREMIUM]","[PREMIUM]",true,false,"['Clear view']","2026-07-18 03:32:09"
"13388413125","2026-07-18 23:28:02.128","2026-07-31 06:39:14.956","13388413125","161381089","[PREMIUM]","[PREMIUM]","106","DD","_",,,4,"[2,4]",4325,"Plaza Level",10,"Mobile Transfer ticket",1,"[PREMIUM]","[PREMIUM]","[PREMIUM]","[PREMIUM]",true,false,"['Clear view']","2026-07-18 03:32:09"
"13391257139","2026-07-18 23:28:02.119","2026-07-31 06:39:14.817","13391257139","161381089","[PREMIUM]","[PREMIUM]","312","K","_",,,6,"[1,2,3,4,6]",507,"Mezzanine",10,"Mobile Transfer ticket",1,"[PREMIUM]","[PREMIUM]","[PREMIUM]","[PREMIUM]",true,false,"['Clear view']","2026-07-18 14:33:53"
"13391645419","2026-07-18 23:28:01.804","2026-07-23 01:49:39.578","13391645419","161482424","[PREMIUM]","[PREMIUM]","17","G","1_4","1",,4,"[2,4]",594,"Lower",10,"Mobile Transfer ticket",1,"[PREMIUM]","[PREMIUM]","[PREMIUM]","[PREMIUM]",true,false,"['Clear view']","2026-07-18 16:00:16"
"13388413103","2026-07-18 23:28:01.296","2026-07-31 06:38:57.735","13388413103","161381048","[PREMIUM]","[PREMIUM]","118","L","_",,,4,"[2,4]",4325,"Plaza Level",10,"Mobile Transfer ticket",1,"[PREMIUM]","[PREMIUM]","[PREMIUM]","[PREMIUM]",true,false,"['Clear view']","2026-07-18 03:32:09"
"13389173652","2026-07-18 23:28:01.246","2026-07-28 23:21:22.987","13389173652","161482424","[PREMIUM]","[PREMIUM]","123","L","_",,,4,"[2,4]",471,"Middle",10,"Mobile Transfer ticket",1,"[PREMIUM]","[PREMIUM]","[PREMIUM]","[PREMIUM]",true,false,"['Clear view']","2026-07-18 05:35:08"
"13385878949","2026-07-18 23:28:01.078","2026-07-31 06:38:54.229","13385878949","161381048","[PREMIUM]","[PREMIUM]","315","M","7_14","7","14",8,"[1,2,3,4,5,6,8]",507,"Mezzanine",10,"Mobile Transfer ticket",1,"[PREMIUM]","[PREMIUM]","[PREMIUM]","[PREMIUM]",true,false,"['Clear view']","2026-07-17 20:10:53"
"13391257121","2026-07-18 23:28:01.052","2026-07-31 06:38:49.855","13391257121","161381048","[PREMIUM]","[PREMIUM]","312","K","_",,,6,"[1,2,3,4,6]",507,"Mezzanine",10,"Mobile Transfer ticket",1,"[PREMIUM]","[PREMIUM]","[PREMIUM]","[PREMIUM]",true,false,"['Clear view']","2026-07-18 14:33:53"
"13388400033","2026-07-18 23:28:01.002","2026-07-31 06:38:54.016","13388400033","161381048","[PREMIUM]","[PREMIUM]","126","GG","3_5","3","5",3,"[1,3]",4325,"Plaza Level",10,"Mobile Transfer ticket",1,"[PREMIUM]","[PREMIUM]","[PREMIUM]","[PREMIUM]",true,false,"['Clear view']","2026-07-18 03:26:13"
"13378403966","2026-07-18 23:28:00.862","2026-07-18 23:28:00.862","13378403966","161400562","[PREMIUM]","[PREMIUM]","7","12","_",,,2,"[2]",265,"Lower Tier",10,"Mobile Transfer ticket",1,"[PREMIUM]","[PREMIUM]","[PREMIUM]","[PREMIUM]",true,false,"['Clear view']","2026-07-17 01:05:54"
"13385466780","2026-07-18 23:28:00.862","2026-07-18 23:28:00.862","13385466780","161400562","[PREMIUM]","[PREMIUM]","2","8","_",,,2,"[1,2]",265,"Lower Tier",10,"Mobile Transfer ticket",14,"[PREMIUM]","[PREMIUM]","[PREMIUM]","[PREMIUM]",true,false,"['Clear view']","2026-07-17 19:29:43"
"13385442733","2026-07-18 23:28:00.862","2026-07-18 23:28:00.862","13385442733","161400562","[PREMIUM]","[PREMIUM]","11","10","_",,,3,"[1,2,3]",265,"Lower Tier",10,"Mobile Transfer ticket",14,"[PREMIUM]","[PREMIUM]","[PREMIUM]","[PREMIUM]",true,false,"['Clear view']","2026-07-17 19:27:44"
"13385542458","2026-07-18 23:28:00.862","2026-07-18 23:28:00.862","13385542458","161400562","[PREMIUM]","[PREMIUM]","12","8","_",,,1,"[1]",265,"Lower Tier",10,"Mobile Transfer ticket",14,"[PREMIUM]","[PREMIUM]","[PREMIUM]","[PREMIUM]",false,false,"['Clear view']","2026-07-17 19:37:44"
"13386618567","2026-07-18 23:28:00.862","2026-07-27 23:23:30.160","13386618567","161400562","[PREMIUM]","[PREMIUM]","17","10","_",,,2,"[2]",265,"Lower Tier",10,"Mobile Transfer ticket",1,"[PREMIUM]","[PREMIUM]","[PREMIUM]","[PREMIUM]",true,false,"['Clear view']","2026-07-17 22:18:15"
"13385461476","2026-07-18 23:28:00.846","2026-07-18 23:28:00.846","13385461476","161400562","[PREMIUM]","[PREMIUM]","136","14","_",,,2,"[1,2]",267,"Upper Tier",10,"Mobile Transfer ticket",14,"[PREMIUM]","[PREMIUM]","[PREMIUM]","[PREMIUM]",true,false,"['Clear view']","2026-07-17 19:29:16"
"13385511299","2026-07-18 23:28:00.723","2026-07-18 23:28:00.723","13385511299","161400562","[PREMIUM]","[PREMIUM]","127","15","_",,,2,"[1,2]",267,"Upper Tier",10,"Mobile Transfer ticket",14,"[PREMIUM]","[PREMIUM]","[PREMIUM]","[PREMIUM]",true,false,"['Clear view']","2026-07-17 19:35:44"
"13385479411","2026-07-18 23:28:00.723","2026-07-18 23:28:00.723","13385479411","161400562","[PREMIUM]","[PREMIUM]","115","10","_",,,2,"[1,2]",267,"Upper Tier",10,"Mobile Transfer ticket",14,"[PREMIUM]","[PREMIUM]","[PREMIUM]","[PREMIUM]",true,false,"['Clear view']","2026-07-17 19:32:14"
"13385499115","2026-07-18 23:28:00.723","2026-07-18 23:28:00.723","13385499115","161400562","[PREMIUM]","[PREMIUM]","114","13","_",,,2,"[1,2]",267,"Upper Tier",10,"Mobile Transfer ticket",14,"[PREMIUM]","[PREMIUM]","[PREMIUM]","[PREMIUM]",true,false,"['Clear view']","2026-07-17 19:34:14"
"13385488821","2026-07-18 23:28:00.682","2026-07-18 23:28:00.682","13385488821","161400562","[PREMIUM]","[PREMIUM]","111","9","_",,,1,"[1]",267,"Upper Tier",10,"Mobile Transfer ticket",14,"[PREMIUM]","[PREMIUM]","[PREMIUM]","[PREMIUM]",false,false,"['Clear view']","2026-07-17 19:33:14"
"13385503893","2026-07-18 23:28:00.682","2026-07-18 23:28:00.682","13385503893","161400562","[PREMIUM]","[PREMIUM]","130","15","_",,,2,"[1,2]",267,"Upper Tier",10,"Mobile Transfer ticket",14,"[PREMIUM]","[PREMIUM]","[PREMIUM]","[PREMIUM]",true,false,"['Clear view']","2026-07-17 19:34:44"
"13389560336","2026-07-18 23:28:00.682","2026-07-18 23:28:00.682","13389560336","161400562","[PREMIUM]","[PREMIUM]","4","3","_",,,2,"[2]",265,"Lower Tier",10,"Mobile Transfer ticket",1,"[PREMIUM]","[PREMIUM]","[PREMIUM]","[PREMIUM]",true,false,"['Third Row of Section','Clear view']","2026-07-18 07:17:31"
"13389467083","2026-07-18 23:28:00.561","2026-07-19 23:45:48.961","13389467083","161495894","[PREMIUM]","[PREMIUM]","115","4","_",,,6,"[1,2,3,4,5,6]",594,"Lower",10,"Mobile Transfer ticket",1,"[PREMIUM]","[PREMIUM]","[PREMIUM]","[PREMIUM]",true,false,"['Clear view']","2026-07-18 06:48:16"
"13392542200","2026-07-18 23:28:00.561","2026-07-19 23:45:48.961","13392542200","161495894","[PREMIUM]","[PREMIUM]","117","4","5_6","5",,2,"[2]",594,"Lower",10,"Mobile Transfer ticket",1,"[PREMIUM]","[PREMIUM]","[PREMIUM]","[PREMIUM]",true,false,"['Clear view']","2026-07-18 19:35:21"
"13384341282","2026-07-18 23:28:00.552","2026-07-18 23:28:00.552","13384341282","161400527","[PREMIUM]","[PREMIUM]","110","12","_",,,2,"[1,2]",267,"Upper Tier",10,"Mobile Transfer ticket",14,"[PREMIUM]","[PREMIUM]","[PREMIUM]","[PREMIUM]",true,false,"['Clear view']","2026-07-17 17:00:28"
"13389467070","2026-07-18 23:28:00.542","2026-07-19 23:45:49.004","13389467070","161495894","[PREMIUM]","[PREMIUM]","114","8","_",,,2,"[2]",594,"Lower",10,"Mobile Transfer ticket",1,"[PREMIUM]","[PREMIUM]","[PREMIUM]","[PREMIUM]",true,false,"['Clear view']","2026-07-18 06:48:16"
"13389467079","2026-07-18 23:28:00.542","2026-07-19 23:45:49.004","13389467079","161495894","[PREMIUM]","[PREMIUM]","116","6","_",,,6,"[1,2,3,4,5,6]",594,"Lower",10,"Mobile Transfer ticket",1,"[PREMIUM]","[PREMIUM]","[PREMIUM]","[PREMIUM]",true,false,"['Clear view']","2026-07-18 06:48:16"
"13389467067","2026-07-18 23:28:00.542","2026-07-19 23:45:49.004","13389467067","161495894","[PREMIUM]","[PREMIUM]","102","8","_",,,4,"[1,2,3,4]",594,"Lower",10,"Mobile Transfer ticket",1,"[PREMIUM]","[PREMIUM]","[PREMIUM]","[PREMIUM]",true,false,"['Clear view']","2026-07-18 06:48:16"
"13384305202","2026-07-18 23:28:00.521","2026-07-18 23:28:00.521","13384305202","161400527","[PREMIUM]","[PREMIUM]","2","8","_",,,2,"[1,2]",265,"Lower Tier",10,"Mobile Transfer ticket",14,"[PREMIUM]","[PREMIUM]","[PREMIUM]","[PREMIUM]",true,false,"['Clear view']","2026-07-17 16:55:57"
"13389564419","2026-07-18 23:28:00.521","2026-07-18 23:28:00.521","13389564419","161400527","[PREMIUM]","[PREMIUM]","4","3","_",,,2,"[2]",265,"Lower Tier",10,"Mobile Transfer ticket",1,"[PREMIUM]","[PREMIUM]","[PREMIUM]","[PREMIUM]",true,false,"['Third Row of Section','Clear view']","2026-07-18 07:19:38"
"13377868803","2026-07-18 23:28:00.512","2026-07-18 23:28:00.512","13377868803","161495894","[PREMIUM]","[PREMIUM]","123","6","_",,,2,"[2]",594,"Lower",10,"Mobile Transfer ticket",1,"[PREMIUM]","[PREMIUM]","[PREMIUM]","[PREMIUM]",true,false,"['Clear view']","2026-07-17 00:02:56"
"13384356880","2026-07-18 23:28:00.450","2026-07-18 23:28:00.450","13384356880","161400527","[PREMIUM]","[PREMIUM]","128","12","_",,,1,"[1]",267,"Upper Tier",10,"Mobile Transfer ticket",14,"[PREMIUM]","[PREMIUM]","[PREMIUM]","[PREMIUM]",false,false,"['Clear view']","2026-07-17 17:02:58"
"13384404953","2026-07-18 23:28:00.366","2026-07-18 23:28:00.366","13384404953","161400527","[PREMIUM]","[PREMIUM]","108","9","_",,,2,"[1,2]",267,"Upper Tier",10,"Mobile Transfer ticket",14,"[PREMIUM]","[PREMIUM]","[PREMIUM]","[PREMIUM]",true,false,"['Second Row of Section','Clear view']","2026-07-17 17:08:28"
"13384367328","2026-07-18 23:28:00.323","2026-07-18 23:28:00.323","13384367328","161400527","[PREMIUM]","[PREMIUM]","12","8","_",,,1,"[1]",265,"Lower Tier",10,"Mobile Transfer ticket",14,"[PREMIUM]","[PREMIUM]","[PREMIUM]","[PREMIUM]",false,false,"['Clear view']","2026-07-17 17:04:28"
"13384350707","2026-07-18 23:28:00.243","2026-07-18 23:28:00.243","13384350707","161400527","[PREMIUM]","[PREMIUM]","117","15","_",,,2,"[1,2]",267,"Upper Tier",10,"Mobile Transfer ticket",14,"[PREMIUM]","[PREMIUM]","[PREMIUM]","[PREMIUM]",true,false,"['Clear view']","2026-07-17 17:01:58"
"13384327651","2026-07-18 23:28:00.243","2026-07-18 23:28:00.243","13384327651","161400527","[PREMIUM]","[PREMIUM]","115","10","_",,,2,"[1,2]",267,"Upper Tier",10,"Mobile Transfer ticket",14,"[PREMIUM]","[PREMIUM]","[PREMIUM]","[PREMIUM]",true,false,"['Clear view']","2026-07-17 16:58:28"
"13389467284","2026-07-18 23:28:00.207","2026-07-19 23:45:48.502","13389467284","161495894","[PREMIUM]","[PREMIUM]","126","10","_",,,4,"[1,2,3,4]",594,"Lower",10,"Mobile Transfer ticket",1,"[PREMIUM]","[PREMIUM]","[PREMIUM]","[PREMIUM]",true,false,"['Front Row of Section','Clear view']","2026-07-18 06:48:17"
"13389467015","2026-07-18 23:28:00.207","2026-07-19 23:45:48.502","13389467015","161495894","[PREMIUM]","[PREMIUM]","117","6","_",,,4,"[1,2,3,4]",594,"Lower",10,"Mobile Transfer ticket",1,"[PREMIUM]","[PREMIUM]","[PREMIUM]","[PREMIUM]",true,false,"['Clear view']","2026-07-18 06:48:16"
"13389467061","2026-07-18 23:28:00.182","2026-07-19 23:45:48.879","13389467061","161495894","[PREMIUM]","[PREMIUM]","103","10","_",,,4,"[1,2,3,4]",594,"Lower",10,"Mobile Transfer ticket",1,"[PREMIUM]","[PREMIUM]","[PREMIUM]","[PREMIUM]",true,false,"['Clear view']","2026-07-18 06:48:16"
"13389466970","2026-07-18 23:28:00.182","2026-07-19 23:45:48.871","13389466970","161495894","[PREMIUM]","[PREMIUM]","110","15","_",,,6,"[1,2,3,4,5,6]",594,"Lower",10,"Mobile Transfer ticket",1,"[PREMIUM]","[PREMIUM]","[PREMIUM]","[PREMIUM]",true,false,"['Clear view']","2026-07-18 06:48:16"
"13389467050","2026-07-18 23:28:00.182","2026-07-19 23:45:48.879","13389467050","161495894","[PREMIUM]","[PREMIUM]","113","12","_",,,5,"[1,2,3,5]",594,"Lower",10,"Mobile Transfer ticket",1,"[PREMIUM]","[PREMIUM]","[PREMIUM]","[PREMIUM]",true,false,"['Clear view']","2026-07-18 06:48:16"
"13389467058","2026-07-18 23:28:00.167","2026-07-19 23:45:48.871","13389467058","161495894","[PREMIUM]","[PREMIUM]","104","10","_",,,6,"[1,2,3,4,5,6]",594,"Lower",10,"Mobile Transfer ticket",1,"[PREMIUM]","[PREMIUM]","[PREMIUM]","[PREMIUM]",true,false,"['Clear view']","2026-07-18 06:48:16"
"13389466997","2026-07-18 23:28:00.167","2026-07-19 23:45:48.871","13389466997","161495894","[PREMIUM]","[PREMIUM]","106","12","_",,,4,"[1,2,3,4]",594,"Lower",10,"Mobile Transfer ticket",1,"[PREMIUM]","[PREMIUM]","[PREMIUM]","[PREMIUM]",true,false,"['Clear view']","2026-07-18 06:48:16"
"13389467037","2026-07-18 23:28:00.167","2026-07-19 23:45:48.871","13389467037","161495894","[PREMIUM]","[PREMIUM]","112","8","_",,,2,"[2]",594,"Lower",10,"Mobile Transfer ticket",1,"[PREMIUM]","[PREMIUM]","[PREMIUM]","[PREMIUM]",true,false,"['Clear view']","2026-07-18 06:48:16"
"13377424160","2026-07-18 23:28:00.155","2026-07-19 23:45:48.879","13377424160","161495894","[PREMIUM]","[PREMIUM]","101","26","_",,,2,"[1,2]",594,"Lower",10,"Mobile Transfer ticket",1,"[PREMIUM]","[PREMIUM]","[PREMIUM]","[PREMIUM]",true,true,"['Clear view']","2026-07-16 23:07:38"
"13377425780","2026-07-18 23:28:00.155","2026-07-19 23:45:48.877","13377425780","161495894","[PREMIUM]","[PREMIUM]","115","26","_",,,2,"[1,2]",594,"Lower",10,"Mobile Transfer ticket",1,"[PREMIUM]","[PREMIUM]","[PREMIUM]","[PREMIUM]",true,true,"['Clear view']","2026-07-16 23:07:45"
"13389467028","2026-07-18 23:27:59.898","2026-07-19 23:45:48.456","13389467028","161495894","[PREMIUM]","[PREMIUM]","210","1","_",,,2,"[2]",407,"Upper",10,"Mobile Transfer ticket",1,"[PREMIUM]","[PREMIUM]","[PREMIUM]","[PREMIUM]",true,false,"['Front Row of Section','Clear view']","2026-07-18 06:48:16"
"13389467158","2026-07-18 23:27:59.898","2026-07-19 23:45:48.456","13389467158","161495894","[PREMIUM]","[PREMIUM]","218","1","_",,,6,"[1,2,3,4,5,6]",407,"Upper",10,"Mobile Transfer ticket",1,"[PREMIUM]","[PREMIUM]","[PREMIUM]","[PREMIUM]",true,false,"['Front Row of Section','Clear view']","2026-07-18 06:48:17"
"13392917477","2026-07-18 23:27:59.884","2026-07-31 06:37:24.486","13392917477","161400562","[PREMIUM]","[PREMIUM]","128","17","_",,,6,"[1,2,4,6]",267,"Upper Tier",10,"Mobile Transfer ticket",14,"[PREMIUM]","[PREMIUM]","[PREMIUM]","[PREMIUM]",true,false,"['Clear view']","2026-07-18 21:18:02"
"13377425007","2026-07-18 23:27:59.877","2026-07-19 23:45:48.500","13377425007","161495894","[PREMIUM]","[PREMIUM]","113","26","_",,,2,"[1,2]",594,"Lower",10,"Mobile Transfer ticket",1,"[PREMIUM]","[PREMIUM]","[PREMIUM]","[PREMIUM]",true,true,"['Clear view']","2026-07-16 23:07:42"
"13389467014","2026-07-18 23:27:59.843","2026-07-19 23:45:48.456","13389467014","161495894","[PREMIUM]","[PREMIUM]","223","1","_",,,2,"[2]",407,"Upper",10,"Mobile Transfer ticket",1,"[PREMIUM]","[PREMIUM]","[PREMIUM]","[PREMIUM]",true,false,"['Front Row of Section','Clear view']","2026-07-18 06:48:16"
"13389467285","2026-07-18 23:27:59.843","2026-07-19 23:45:48.456","13389467285","161495894","[PREMIUM]","[PREMIUM]","221","1","_",,,2,"[2]",407,"Upper",10,"Mobile Transfer ticket",1,"[PREMIUM]","[PREMIUM]","[PREMIUM]","[PREMIUM]",true,false,"['Front Row of Section','Clear view']","2026-07-18 06:48:17"
"13389466993","2026-07-18 23:27:59.843","2026-07-19 23:45:48.500","13389466993","161495894","[PREMIUM]","[PREMIUM]","219","1","_",,,4,"[1,2,3,4]",407,"Upper",10,"Mobile Transfer ticket",1,"[PREMIUM]","[PREMIUM]","[PREMIUM]","[PREMIUM]",true,false,"['Front Row of Section','Clear view']","2026-07-18 06:48:16"
"13389466984","2026-07-18 23:27:59.843","2026-07-19 23:45:48.456","13389466984","161495894","[PREMIUM]","[PREMIUM]","225","1","_",,,2,"[2]",407,"Upper",10,"Mobile Transfer ticket",1,"[PREMIUM]","[PREMIUM]","[PREMIUM]","[PREMIUM]",true,false,"['Front Row of Section','Clear view']","2026-07-18 06:48:16"
"13382790710","2026-07-18 23:27:59.841","2026-07-18 23:27:59.841","13382790710","161495894","[PREMIUM]","[PREMIUM]","202","4","9001_9003","9001",,3,"[1,2,3]",407,"Upper",11,"Mobile ticket",1,"[PREMIUM]","[PREMIUM]","[PREMIUM]","[PREMIUM]",true,false,"['Limited or Obstructed View (printed on ticket)']","2026-07-17 13:08:01"
"13382343090","2026-07-18 23:27:59.822","2026-07-18 23:27:59.822","13382343090","161470393","[PREMIUM]","[PREMIUM]","222","E","_",,,2,"[1,2]",407,"Upper",10,"Mobile Transfer ticket",1,"[PREMIUM]","[PREMIUM]","[PREMIUM]","[PREMIUM]",true,false,"['Clear view']","2026-07-17 11:19:11"
"13389467591","2026-07-18 23:27:59.559","2026-07-19 23:45:48.339","13389467591","161495894","[PREMIUM]","[PREMIUM]","214","4","_",,,6,"[1,2,3,4,5,6]",407,"Upper",10,"Mobile Transfer ticket",1,"[PREMIUM]","[PREMIUM]","[PREMIUM]","[PREMIUM]",true,false,"['Clear view']","2026-07-18 06:48:18"
"13389467041","2026-07-18 23:27:59.559","2026-07-19 23:45:48.339","13389467041","161495894","[PREMIUM]","[PREMIUM]","124","16","_",,,2,"[2]",594,"Lower",10,"Mobile Transfer ticket",1,"[PREMIUM]","[PREMIUM]","[PREMIUM]","[PREMIUM]",true,false,"['Clear view']","2026-07-18 06:48:16"
"13389466999","2026-07-18 23:27:59.559","2026-07-19 23:45:48.339","13389466999","161495894","[PREMIUM]","[PREMIUM]","215","5","_",,,6,"[1,2,3,4,5,6]",407,"Upper",10,"Mobile Transfer ticket",1,"[PREMIUM]","[PREMIUM]","[PREMIUM]","[PREMIUM]",true,false,"['Clear view']","2026-07-18 06:48:16"
"13382796171","2026-07-18 23:27:59.544","2026-07-22 04:04:26.974","13382796171","161495894","[PREMIUM]","[PREMIUM]","213","2","9001_9001","9001",,1,"[1]",407,"Upper",11,"Mobile ticket",1,"[PREMIUM]","[PREMIUM]","[PREMIUM]","[PREMIUM]",false,false,"['Second Row of Section','Clear view']","2026-07-17 13:08:58"
"13382795476","2026-07-18 23:27:59.544","2026-07-22 04:04:26.974","13382795476","161495894","[PREMIUM]","[PREMIUM]","207","2","9001_9002","9001",,2,"[2]",407,"Upper",11,"Mobile ticket",1,"[PREMIUM]","[PREMIUM]","[PREMIUM]","[PREMIUM]",true,false,"['Limited or Obstructed View (printed on ticket)','Second Row of Section']","2026-07-17 13:08:52"
"13389466989","2026-07-18 23:27:59.544","2026-07-19 23:45:48.139","13389466989","161495894","[PREMIUM]","[PREMIUM]","202","7","_",,,8,"[1,2,3,4,5,6,7,8]",407,"Upper",10,"Mobile Transfer ticket",1,"[PREMIUM]","[PREMIUM]","[PREMIUM]","[PREMIUM]",true,false,"['Clear view']","2026-07-18 06:48:16"
"13382794398","2026-07-18 23:27:59.509","2026-07-21 02:33:20.732","13382794398","161495894","[PREMIUM]","[PREMIUM]","223","3","9001_9003","9001",,3,"[1,2,3]",407,"Upper",11,"Mobile ticket",1,"[PREMIUM]","[PREMIUM]","[PREMIUM]","[PREMIUM]",true,false,"['Third Row of Section','Clear view']","2026-07-17 13:08:41"
"13382798303","2026-07-18 23:27:59.509","2026-07-19 23:45:47.187","13382798303","161495894","[PREMIUM]","[PREMIUM]","221","3","9001_9003","9001",,3,"[1,2,3]",407,"Upper",11,"Mobile ticket",1,"[PREMIUM]","[PREMIUM]","[PREMIUM]","[PREMIUM]",true,false,"['Limited or Obstructed View (printed on ticket)','Third Row of Section']","2026-07-17 13:09:14"
"13382795377","2026-07-18 23:27:59.444","2026-07-19 23:45:47.187","13382795377","161495894","[PREMIUM]","[PREMIUM]","221","2","9001_9002","9001",,2,"[2]",407,"Upper",11,"Mobile ticket",1,"[PREMIUM]","[PREMIUM]","[PREMIUM]","[PREMIUM]",true,false,"['Limited or Obstructed View (printed on ticket)','Second Row of Section']","2026-07-17 13:08:51"
"13389467469","2026-07-18 23:27:59.416","2026-07-19 23:45:47.175","13389467469","161495894","[PREMIUM]","[PREMIUM]","217","4","_",,,3,"[1,2,3]",407,"Upper",10,"Mobile Transfer ticket",1,"[PREMIUM]","[PREMIUM]","[PREMIUM]","[PREMIUM]",true,false,"['Clear view']","2026-07-18 06:48:17"
"13389467262","2026-07-18 23:27:59.416","2026-07-19 23:45:47.118","13389467262","161495894","[PREMIUM]","[PREMIUM]","204","6","_",,,8,"[1,2,3,4,5,6,7,8]",407,"Upper",10,"Mobile Transfer ticket",1,"[PREMIUM]","[PREMIUM]","[PREMIUM]","[PREMIUM]",true,false,"['Clear view']","2026-07-18 06:48:17"
"13389467249","2026-07-18 23:27:59.416","2026-07-19 23:45:47.118","13389467249","161495894","[PREMIUM]","[PREMIUM]","206","4","_",,,4,"[1,2,3,4]",407,"Upper",10,"Mobile Transfer ticket",1,"[PREMIUM]","[PREMIUM]","[PREMIUM]","[PREMIUM]",true,false,"['Clear view']","2026-07-18 06:48:17"
"13389467624","2026-07-18 23:27:59.416","2026-07-19 23:45:47.175","13389467624","161495894","[PREMIUM]","[PREMIUM]","220","3","_",,,2,"[2]",407,"Upper",10,"Mobile Transfer ticket",1,"[PREMIUM]","[PREMIUM]","[PREMIUM]","[PREMIUM]",true,false,"['Limited or Obstructed View (printed on ticket)','Third Row of Section']","2026-07-18 06:48:18"
"13389467699","2026-07-18 23:27:59.416","2026-07-19 23:45:47.175","13389467699","161495894","[PREMIUM]","[PREMIUM]","207","5","_",,,6,"[1,2,3,4,5,6]",407,"Upper",10,"Mobile Transfer ticket",1,"[PREMIUM]","[PREMIUM]","[PREMIUM]","[PREMIUM]",true,false,"['Clear view']","2026-07-18 06:48:18"
"13389467708","2026-07-18 23:27:59.416","2026-07-19 23:45:47.175","13389467708","161495894","[PREMIUM]","[PREMIUM]","205","3","_",,,2,"[2]",407,"Upper",10,"Mobile Transfer ticket",1,"[PREMIUM]","[PREMIUM]","[PREMIUM]","[PREMIUM]",true,false,"['Third Row of Section','Clear view']","2026-07-18 06:48:18"
"13390275859","2026-07-18 23:27:59.409","2026-07-18 23:27:59.409","13390275859","161628978","[PREMIUM]","[PREMIUM]","109","6","1_2","1","2",2,"[2]",267,"Upper Tier",10,"Mobile Transfer ticket",1,"[PREMIUM]","[PREMIUM]","[PREMIUM]","[PREMIUM]",true,false,"['Clear view']","2026-07-18 11:54:25"
"13382789354","2026-07-18 23:27:59.405","2026-07-21 02:33:18.864","13382789354","161495894","[PREMIUM]","[PREMIUM]","218","3","9001_9002","9001",,2,"[2]",407,"Upper",11,"Mobile ticket",1,"[PREMIUM]","[PREMIUM]","[PREMIUM]","[PREMIUM]",true,false,"['Third Row of Section','Clear view']","2026-07-17 13:07:45"
"13382798289","2026-07-18 23:27:59.405","2026-07-21 02:33:19.450","13382798289","161495894","[PREMIUM]","[PREMIUM]","223","2","9001_9001","9001",,1,"[1]",407,"Upper",11,"Mobile ticket",1,"[PREMIUM]","[PREMIUM]","[PREMIUM]","[PREMIUM]",false,false,"['Second Row of Section','Clear view']","2026-07-17 13:09:13"
"13389466998","2026-07-18 23:27:59.405","2026-07-19 23:45:47.118","13389466998","161495894","[PREMIUM]","[PREMIUM]","203","6","_",,,8,"[1,2,3,4,5,6,7,8]",407,"Upper",10,"Mobile Transfer ticket",1,"[PREMIUM]","[PREMIUM]","[PREMIUM]","[PREMIUM]",true,false,"['Clear view']","2026-07-18 06:48:16"
"13389466969","2026-07-18 23:27:59.405","2026-07-19 23:45:47.118","13389466969","161495894","[PREMIUM]","[PREMIUM]","208","7","_",,,6,"[1,2,3,4,5,6]",407,"Upper",10,"Mobile Transfer ticket",1,"[PREMIUM]","[PREMIUM]","[PREMIUM]","[PREMIUM]",true,false,"['Clear view']","2026-07-18 06:48:16"
"13389467005","2026-07-18 23:27:59.405","2026-07-19 23:45:47.118","13389467005","161495894","[PREMIUM]","[PREMIUM]","213","4","_",,,4,"[1,2,3,4]",407,"Upper",10,"Mobile Transfer ticket",1,"[PREMIUM]","[PREMIUM]","[PREMIUM]","[PREMIUM]",true,false,"['Clear view']","2026-07-18 06:48:16"
"13377427499","2026-07-18 23:27:59.156","2026-07-31 06:38:59.019","13377427499","161495894","[PREMIUM]","[PREMIUM]","210","20","_",,,2,"[1,2]",407,"Upper",10,"Mobile Transfer ticket",1,"[PREMIUM]","[PREMIUM]","[PREMIUM]","[PREMIUM]",true,true,"['Clear view']","2026-07-16 23:07:53"
"13389466985","2026-07-18 23:27:59.156","2026-07-19 23:45:46.685","13389466985","161495894","[PREMIUM]","[PREMIUM]","209","11","_",,,8,"[1,2,3,4,5,6,7,8]",407,"Upper",10,"Mobile Transfer ticket",1,"[PREMIUM]","[PREMIUM]","[PREMIUM]","[PREMIUM]",true,false,"['Clear view']","2026-07-18 06:48:16"
"13389476970","2026-07-18 23:27:58.902","2026-07-21 02:34:56.298","13389476970","161495916","[PREMIUM]","[PREMIUM]","115","4","_",,,5,"[1,2,3,4,5]",594,"Lower",10,"Mobile Transfer ticket",1,"[PREMIUM]","[PREMIUM]","[PREMIUM]","[PREMIUM]",true,false,"['Clear view']","2026-07-18 06:49:10"
"13392542294","2026-07-18 23:27:58.902","2026-07-28 23:21:20.277","13392542294","161495916","[PREMIUM]","[PREMIUM]","117","4","5_6","5",,2,"[2]",594,"Lower",10,"Mobile Transfer ticket",1,"[PREMIUM]","[PREMIUM]","[PREMIUM]","[PREMIUM]",true,false,"['Clear view']","2026-07-18 19:35:22"
"13392622778","2026-07-18 23:27:58.814","2026-07-31 06:38:50.542","13392622778","161470388","[PREMIUM]","[PREMIUM]","8","X","_",,,2,"[2]",594,"Lower",10,"Mobile Transfer ticket",1,"[PREMIUM]","[PREMIUM]","[PREMIUM]","[PREMIUM]",true,false,"['Clear view']","2026-07-18 19:53:49"
"13389476960","2026-07-18 23:27:58.723","2026-07-21 02:34:56.193","13389476960","161495916","[PREMIUM]","[PREMIUM]","116","6","_",,,6,"[1,2,3,4,5,6]",594,"Lower",10,"Mobile Transfer ticket",1,"[PREMIUM]","[PREMIUM]","[PREMIUM]","[PREMIUM]",true,false,"['Clear view']","2026-07-18 06:49:10"
"13389476966","2026-07-18 23:27:58.723","2026-07-21 02:34:56.193","13389476966","161495916","[PREMIUM]","[PREMIUM]","102","8","_",,,3,"[1,2,3]",594,"Lower",10,"Mobile Transfer ticket",1,"[PREMIUM]","[PREMIUM]","[PREMIUM]","[PREMIUM]",true,false,"['Clear view']","2026-07-18 06:49:10"
"13389477098","2026-07-18 23:27:58.723","2026-07-21 02:34:56.193","13389477098","161495916","[PREMIUM]","[PREMIUM]","114","7","_",,,2,"[2]",594,"Lower",10,"Mobile Transfer ticket",1,"[PREMIUM]","[PREMIUM]","[PREMIUM]","[PREMIUM]",true,false,"['Clear view']","2026-07-18 06:49:10"
"13389477782","2026-07-18 23:27:58.658","2026-07-21 02:34:55.334","13389477782","161495916","[PREMIUM]","[PREMIUM]","110","15","_",,,6,"[1,2,3,4,5,6]",594,"Lower",10,"Mobile Transfer ticket",1,"[PREMIUM]","[PREMIUM]","[PREMIUM]","[PREMIUM]",true,false,"['Clear view']","2026-07-18 06:49:12"
"13389477818","2026-07-18 23:27:58.658","2026-07-22 04:04:36.490","13389477818","161495916","[PREMIUM]","[PREMIUM]","104","10","_",,,6,"[1,2,3,4,5,6]",594,"Lower",10,"Mobile Transfer ticket",1,"[PREMIUM]","[PREMIUM]","[PREMIUM]","[PREMIUM]",true,false,"['Clear view']","2026-07-18 06:49:12"
"13389481200","2026-07-18 23:27:58.658","2026-07-22 04:04:36.490","13389481200","161495916","[PREMIUM]","[PREMIUM]","106","12","_",,,4,"[1,2,3,4]",594,"Lower",10,"Mobile Transfer ticket",1,"[PREMIUM]","[PREMIUM]","[PREMIUM]","[PREMIUM]",true,false,"['Clear view']","2026-07-18 06:49:43"
"13389477085","2026-07-18 23:27:58.658","2026-07-21 02:34:55.334","13389477085","161495916","[PREMIUM]","[PREMIUM]","113","12","_",,,5,"[1,2,3,5]",594,"Lower",10,"Mobile Transfer ticket",1,"[PREMIUM]","[PREMIUM]","[PREMIUM]","[PREMIUM]",true,false,"['Clear view']","2026-07-18 06:49:10"
"13389481242","2026-07-18 23:27:58.658","2026-07-19 23:45:45.074","13389481242","161495916","[PREMIUM]","[PREMIUM]","112","8","_",,,2,"[2]",594,"Lower",10,"Mobile Transfer ticket",1,"[PREMIUM]","[PREMIUM]","[PREMIUM]","[PREMIUM]",true,false,"['Clear view']","2026-07-18 06:49:43"
"13377425767","2026-07-18 23:27:58.645","2026-07-18 23:27:58.645","13377425767","161495916","[PREMIUM]","[PREMIUM]","115","26","_",,,2,"[1,2]",594,"Lower",10,"Mobile Transfer ticket",1,"[PREMIUM]","[PREMIUM]","[PREMIUM]","[PREMIUM]",true,true,"['Clear view']","2026-07-16 23:07:45"
"13377424144","2026-07-18 23:27:58.645","2026-07-18 23:27:58.645","13377424144","161495916","[PREMIUM]","[PREMIUM]","101","26","_",,,2,"[1,2]",594,"Lower",10,"Mobile Transfer ticket",1,"[PREMIUM]","[PREMIUM]","[PREMIUM]","[PREMIUM]",true,true,"['Clear view']","2026-07-16 23:07:38"
"13389476971","2026-07-18 23:27:58.645","2026-07-21 02:34:55.334","13389476971","161495916","[PREMIUM]","[PREMIUM]","109","8","_",,,2,"[2]",594,"Lower",10,"Mobile Transfer ticket",1,"[PREMIUM]","[PREMIUM]","[PREMIUM]","[PREMIUM]",true,false,"['Clear view']","2026-07-18 06:49:10"
"13389476969","2026-07-18 23:27:58.645","2026-07-21 02:34:55.334","13389476969","161495916","[PREMIUM]","[PREMIUM]","103","10","_",,,4,"[1,2,3,4]",594,"Lower",10,"Mobile Transfer ticket",1,"[PREMIUM]","[PREMIUM]","[PREMIUM]","[PREMIUM]",true,false,"['Clear view']","2026-07-18 06:49:10"
"13389476963","2026-07-18 23:27:58.645","2026-07-21 02:34:55.334","13389476963","161495916","[PREMIUM]","[PREMIUM]","107","7","_",,,2,"[2]",594,"Lower",10,"Mobile Transfer ticket",1,"[PREMIUM]","[PREMIUM]","[PREMIUM]","[PREMIUM]",true,false,"['Clear view']","2026-07-18 06:49:10"
"13389477099","2026-07-18 23:27:58.548","2026-07-22 04:04:36.676","13389477099","161495916","[PREMIUM]","[PREMIUM]","126","10","_",,,4,"[1,2,3,4]",594,"Lower",10,"Mobile Transfer ticket",1,"[PREMIUM]","[PREMIUM]","[PREMIUM]","[PREMIUM]",true,false,"['Front Row of Section','Clear view']","2026-07-18 06:49:10"
"13389476974","2026-07-18 23:27:58.548","2026-07-18 23:27:58.548","13389476974","161495916","[PREMIUM]","[PREMIUM]","117","6","_",,,4,"[1,2,3,4]",594,"Lower",10,"Mobile Transfer ticket",1,"[PREMIUM]","[PREMIUM]","[PREMIUM]","[PREMIUM]",true,false,"['Clear view']","2026-07-18 06:49:10"
"13392423805","2026-07-18 23:27:58.424","2026-07-31 06:38:52.421","13392423805","161381044","[PREMIUM]","[PREMIUM]","123R","B","3_4","3","4",2,"[2]",17397,"Rinkside Club - Premium Glass B",10,"Mobile Transfer ticket",1,"[PREMIUM]","[PREMIUM]","[PREMIUM]","[PREMIUM]",true,false,"['Second Row of Section','Clear view']","2026-07-18 19:02:19"
"13391645489","2026-07-18 23:27:58.212","2026-07-31 06:37:51.702","13391645489","161482426","[PREMIUM]","[PREMIUM]","17","G","1_4","1",,4,"[2,4]",594,"Lower",10,"Mobile Transfer ticket",1,"[PREMIUM]","[PREMIUM]","[PREMIUM]","[PREMIUM]",true,false,"['Clear view']","2026-07-18 16:00:16"
"13391637689","2026-07-18 23:27:58.209","2026-07-21 02:32:45.703","13391637689","161482426","[PREMIUM]","[PREMIUM]","6","M","8_11","8",,4,"[2,4]",594,"Lower",10,"Mobile Transfer ticket",1,"[PREMIUM]","[PREMIUM]","[PREMIUM]","[PREMIUM]",true,false,"['Clear view']","2026-07-18 15:57:07"
"13391656794","2026-07-18 23:27:58.183","2026-07-27 23:23:33.897","13391656794","161482426","[PREMIUM]","[PREMIUM]","202","L","17_20","17",,4,"[2,4]",407,"Upper",10,"Mobile Transfer ticket",1,"[PREMIUM]","[PREMIUM]","[PREMIUM]","[PREMIUM]",true,false,"['Clear view']","2026-07-18 16:03:16"
"13391666834","2026-07-18 23:27:58.183","2026-07-31 06:37:47.384","13391666834","161482426","[PREMIUM]","[PREMIUM]","216","D","7_9","7",,3,"[1,3]",407,"Upper",10,"Mobile Transfer ticket",1,"[PREMIUM]","[PREMIUM]","[PREMIUM]","[PREMIUM]",true,false,"['Clear view']","2026-07-18 16:06:07"
"13389476962","2026-07-18 23:27:58.124","2026-07-22 04:04:44.708","13389476962","161495916","[PREMIUM]","[PREMIUM]","218","1","_",,,6,"[1,2,3,4,5,6]",407,"Upper",10,"Mobile Transfer ticket",1,"[PREMIUM]","[PREMIUM]","[PREMIUM]","[PREMIUM]",true,false,"['Front Row of Section','Clear view']","2026-07-18 06:49:10"
"13376409595","2026-07-18 23:27:58.022","2026-07-24 00:23:23.001","13376409595","161470388","[PREMIUM]","[PREMIUM]","215","Q","_",,,2,"[2]",407,"Upper",9,"Mobile Transfer ticket",1,"[PREMIUM]","[PREMIUM]","[PREMIUM]","[PREMIUM]",true,false,"['Clear view']","2026-07-16 21:03:55"
"13377433100","2026-07-18 23:27:57.998","2026-07-31 06:38:47.361","13377433100","161381044","[PREMIUM]","[PREMIUM]","303","R","_",,,2,"[1,2]",507,"Mezzanine",10,"Mobile Transfer ticket",1,"[PREMIUM]","[PREMIUM]","[PREMIUM]","[PREMIUM]",true,false,"['Clear view']","2026-07-16 23:08:19"
"13388413117","2026-07-18 23:27:57.998","2026-07-31 06:38:52.271","13388413117","161381044","[PREMIUM]","[PREMIUM]","118","L","_",,,4,"[2,4]",4325,"Plaza Level",10,"Mobile Transfer ticket",1,"[PREMIUM]","[PREMIUM]","[PREMIUM]","[PREMIUM]",true,false,"['Clear view']","2026-07-18 03:32:09"
"13389476975","2026-07-18 23:27:57.992","2026-07-22 04:04:37.191","13389476975","161495916","[PREMIUM]","[PREMIUM]","223","1","_",,,2,"[2]",407,"Upper",10,"Mobile Transfer ticket",1,"[PREMIUM]","[PREMIUM]","[PREMIUM]","[PREMIUM]",true,false,"['Front Row of Section','Clear view']","2026-07-18 06:49:10"
"13389477821","2026-07-18 23:27:57.992","2026-07-22 04:04:37.191","13389477821","161495916","[PREMIUM]","[PREMIUM]","221","1","_",,,2,"[2]",407,"Upper",10,"Mobile Transfer ticket",1,"[PREMIUM]","[PREMIUM]","[PREMIUM]","[PREMIUM]",true,false,"['Front Row of Section','Clear view']","2026-07-18 06:49:12"
"13389477075","2026-07-18 23:27:57.992","2026-07-22 04:04:37.191","13389477075","161495916","[PREMIUM]","[PREMIUM]","219","1","_",,,4,"[1,2,3,4]",407,"Upper",10,"Mobile Transfer ticket",1,"[PREMIUM]","[PREMIUM]","[PREMIUM]","[PREMIUM]",true,false,"['Front Row of Section','Clear view']","2026-07-18 06:49:10"
"13389477417","2026-07-18 23:27:57.992","2026-07-22 04:04:37.191","13389477417","161495916","[PREMIUM]","[PREMIUM]","210","1","_",,,2,"[2]",407,"Upper",10,"Mobile Transfer ticket",1,"[PREMIUM]","[PREMIUM]","[PREMIUM]","[PREMIUM]",true,false,"['Front Row of Section','Clear view']","2026-07-18 06:49:11"
"13389481199","2026-07-18 23:27:57.992","2026-07-22 04:04:37.191","13389481199","161495916","[PREMIUM]","[PREMIUM]","225","1","_",,,2,"[2]",407,"Upper",10,"Mobile Transfer ticket",1,"[PREMIUM]","[PREMIUM]","[PREMIUM]","[PREMIUM]",true,false,"['Front Row of Section','Clear view']","2026-07-18 06:49:43"
"13377426265","2026-07-18 23:27:57.954","2026-07-19 23:45:43.860","13377426265","161495916","[PREMIUM]","[PREMIUM]","127","26","_",,,2,"[1,2]",594,"Lower",10,"Mobile Transfer ticket",1,"[PREMIUM]","[PREMIUM]","[PREMIUM]","[PREMIUM]",true,true,"['Clear view']","2026-07-16 23:07:47"
"13383324104","2026-07-18 23:27:57.954","2026-07-18 23:27:57.954","13383324104","161495916","[PREMIUM]","[PREMIUM]","202","4","9001_9006","9001",,6,"[1,2,3,4,5,6]",407,"Upper",11,"Mobile ticket",1,"[PREMIUM]","[PREMIUM]","[PREMIUM]","[PREMIUM]",true,false,"['Clear view']","2026-07-17 14:49:06"
"13389481236","2026-07-18 23:27:57.954","2026-07-19 23:45:43.860","13389481236","161495916","[PREMIUM]","[PREMIUM]","124","16","_",,,2,"[2]",594,"Lower",10,"Mobile Transfer ticket",1,"[PREMIUM]","[PREMIUM]","[PREMIUM]","[PREMIUM]",true,false,"['Clear view']","2026-07-18 06:49:43"
"13392560902","2026-07-18 23:27:57.942","2026-07-24 00:23:24.089","13392560902","161495916","[PREMIUM]","[PREMIUM]","215","3","9001_9002","9001",,2,"[2]",407,"Upper",11,"Mobile ticket",1,"[PREMIUM]","[PREMIUM]","[PREMIUM]","[PREMIUM]",true,false,"['Third Row of Section','Clear view']","2026-07-18 19:38:16"
"13377424987","2026-07-18 23:27:57.893","2026-07-19 23:45:43.814","13377424987","161495916","[PREMIUM]","[PREMIUM]","113","26","_",,,2,"[1,2]",594,"Lower",10,"Mobile Transfer ticket",1,"[PREMIUM]","[PREMIUM]","[PREMIUM]","[PREMIUM]",true,true,"['Clear view']","2026-07-16 23:07:42"
"13377425934","2026-07-18 23:27:57.893","2026-07-21 02:34:54.293","13377425934","161495916","[PREMIUM]","[PREMIUM]","117","26","_",,,2,"[1,2]",594,"Lower",10,"Mobile Transfer ticket",1,"[PREMIUM]","[PREMIUM]","[PREMIUM]","[PREMIUM]",true,true,"['Clear view']","2026-07-16 23:07:46"
"13389481293","2026-07-18 23:27:57.850","2026-07-19 23:45:43.790","13389481293","161495916","[PREMIUM]","[PREMIUM]","215","5","_",,,5,"[1,2,3,5]",407,"Upper",10,"Mobile Transfer ticket",1,"[PREMIUM]","[PREMIUM]","[PREMIUM]","[PREMIUM]",true,false,"['Clear view']","2026-07-18 06:49:43"
"13389477079","2026-07-18 23:27:57.850","2026-07-19 23:45:43.790","13389477079","161495916","[PREMIUM]","[PREMIUM]","214","4","_",,,6,"[1,2,3,4,5,6]",407,"Upper",10,"Mobile Transfer ticket",1,"[PREMIUM]","[PREMIUM]","[PREMIUM]","[PREMIUM]",true,false,"['Clear view']","2026-07-18 06:49:10"
"13383332087","2026-07-18 23:27:57.825","2026-07-22 04:04:32.805","13383332087","161495916","[PREMIUM]","[PREMIUM]","213","2","9001_9001","9001",,1,"[1]",407,"Upper",11,"Mobile ticket",1,"[PREMIUM]","[PREMIUM]","[PREMIUM]","[PREMIUM]",false,false,"['Second Row of Section','Clear view']","2026-07-17 14:50:31"
"13383312105","2026-07-18 23:27:57.825","2026-07-21 02:34:53.440","13383312105","161495916","[PREMIUM]","[PREMIUM]","204","2","9001_9001","9001",,1,"[1]",407,"Upper",11,"Mobile ticket",1,"[PREMIUM]","[PREMIUM]","[PREMIUM]","[PREMIUM]",false,false,"['Second Row of Section','Clear view']","2026-07-17 14:46:52"
"13379184163","2026-07-18 23:27:57.778","2026-07-27 23:23:32.134","13379184163","161381044","[PREMIUM]","[PREMIUM]","301","P","_",,,2,"[2]",507,"Mezzanine",10,"Mobile Transfer ticket",1,"[PREMIUM]","[PREMIUM]","[PREMIUM]","[PREMIUM]",true,false,"['Aisle seat','Clear view']","2026-07-17 02:39:26"
"13388302616","2026-07-18 23:27:57.690","2026-07-31 06:38:46.856","13388302616","161381044","[PREMIUM]","[PREMIUM]","323","Q","9_10","9","10",2,"[2]",507,"Mezzanine",10,"Mobile Transfer ticket",1,"[PREMIUM]","[PREMIUM]","[PREMIUM]","[PREMIUM]",true,false,"['Clear view']","2026-07-18 02:56:26"
"13391257105","2026-07-18 23:27:57.690","2026-07-31 06:38:41.824","13391257105","161381044","[PREMIUM]","[PREMIUM]","312","K","_",,,6,"[1,2,3,4,6]",507,"Mezzanine",10,"Mobile Transfer ticket",1,"[PREMIUM]","[PREMIUM]","[PREMIUM]","[PREMIUM]",true,false,"['Clear view']","2026-07-18 14:33:53"
"13386591040","2026-07-18 23:27:57.621","2026-07-31 06:38:47.096","13386591040","161381044","[PREMIUM]","[PREMIUM]","315","M","7_14","7","14",8,"[1,2,3,4,5,6,8]",507,"Mezzanine",10,"Mobile Transfer ticket",1,"[PREMIUM]","[PREMIUM]","[PREMIUM]","[PREMIUM]",true,false,"['Clear view']","2026-07-17 22:11:56"
"13383333790","2026-07-18 23:27:57.536","2026-07-19 23:45:43.421","13383333790","161495916","[PREMIUM]","[PREMIUM]","227","3","9001_9003","9001",,3,"[1,2,3]",407,"Upper",11,"Mobile ticket",1,"[PREMIUM]","[PREMIUM]","[PREMIUM]","[PREMIUM]",true,false,"['Third Row of Section','Clear view']","2026-07-17 14:50:43"
"13383314745","2026-07-18 23:27:57.536","2026-07-21 02:34:53.401","13383314745","161495916","[PREMIUM]","[PREMIUM]","221","3","9001_9003","9001",,3,"[1,2,3]",407,"Upper",11,"Mobile ticket",1,"[PREMIUM]","[PREMIUM]","[PREMIUM]","[PREMIUM]",true,false,"['Limited or Obstructed View (printed on ticket)','Third Row of Section']","2026-07-17 14:47:28"
"13386591218","2026-07-18 23:27:57.524","2026-07-24 00:23:26.055","13386591218","161381044","[PREMIUM]","[PREMIUM]","324","R","11_18","11","18",8,"[1,2,3,4,5,6,8]",507,"Mezzanine",10,"Mobile Transfer ticket",1,"[PREMIUM]","[PREMIUM]","[PREMIUM]","[PREMIUM]",true,false,"['Clear view']","2026-07-17 22:11:58"
"13389477080","2026-07-18 23:27:57.524","2026-07-18 23:27:57.524","13389477080","161495916","[PREMIUM]","[PREMIUM]","206","4","_",,,4,"[1,2,3,4]",407,"Upper",10,"Mobile Transfer ticket",1,"[PREMIUM]","[PREMIUM]","[PREMIUM]","[PREMIUM]",true,false,"['Clear view']","2026-07-18 06:49:10"
"13389476964","2026-07-18 23:27:57.524","2026-07-19 23:45:43.374","13389476964","161495916","[PREMIUM]","[PREMIUM]","205","3","_",,,2,"[2]",407,"Upper",10,"Mobile Transfer ticket",1,"[PREMIUM]","[PREMIUM]","[PREMIUM]","[PREMIUM]",true,false,"['Third Row of Section','Clear view']","2026-07-18 06:49:10"
"13389477073","2026-07-18 23:27:57.524","2026-07-19 23:45:43.374","13389477073","161495916","[PREMIUM]","[PREMIUM]","207","5","_",,,6,"[1,2,3,4,5,6]",407,"Upper",10,"Mobile Transfer ticket",1,"[PREMIUM]","[PREMIUM]","[PREMIUM]","[PREMIUM]",true,false,"['Clear view']","2026-07-18 06:49:10"
"13383324191","2026-07-18 23:27:57.513","2026-07-18 23:27:57.513","13383324191","161495916","[PREMIUM]","[PREMIUM]","223","2","9001_9002","9001",,2,"[2]",407,"Upper",11,"Mobile ticket",1,"[PREMIUM]","[PREMIUM]","[PREMIUM]","[PREMIUM]",true,false,"['Limited or Obstructed View (printed on ticket)','Second Row of Section']","2026-07-17 14:49:06"
"13383229274","2026-07-18 23:27:57.513","2026-07-19 23:45:43.512","13383229274","161495916","[PREMIUM]","[PREMIUM]","225","3","9001_9002","9001",,2,"[2]",407,"Upper",11,"Mobile ticket",1,"[PREMIUM]","[PREMIUM]","[PREMIUM]","[PREMIUM]",true,false,"['Limited or Obstructed View (printed on ticket)','Third Row of Section']","2026-07-17 14:36:21"
"13383334946","2026-07-18 23:27:57.513","2026-07-21 02:34:54.265","13383334946","161495916","[PREMIUM]","[PREMIUM]","217","3","9001_9001","9001",,1,"[1]",407,"Upper",11,"Mobile ticket",1,"[PREMIUM]","[PREMIUM]","[PREMIUM]","[PREMIUM]",false,false,"['Limited or Obstructed View (printed on ticket)','Third Row of Section']","2026-07-17 14:50:55"
"13383314751","2026-07-18 23:27:57.513","2026-07-18 23:27:57.513","13383314751","161495916","[PREMIUM]","[PREMIUM]","221","2","9001_9002","9001",,2,"[2]",407,"Upper",11,"Mobile ticket",1,"[PREMIUM]","[PREMIUM]","[PREMIUM]","[PREMIUM]",true,false,"['Limited or Obstructed View (printed on ticket)','Second Row of Section']","2026-07-17 14:47:28"
"13383333715","2026-07-18 23:27:57.499","2026-07-19 23:45:43.477","13383333715","161495916","[PREMIUM]","[PREMIUM]","226","3","9001_9004","9001",,4,"[1,2,3,4]",407,"Upper",11,"Mobile ticket",1,"[PREMIUM]","[PREMIUM]","[PREMIUM]","[PREMIUM]",true,false,"['Limited or Obstructed View (printed on ticket)','Third Row of Section']","2026-07-17 14:50:43"
"13389477808","2026-07-18 23:27:57.499","2026-07-19 23:45:43.477","13389477808","161495916","[PREMIUM]","[PREMIUM]","202","7","_",,,8,"[1,2,3,4,5,6,7,8]",407,"Upper",10,"Mobile Transfer ticket",1,"[PREMIUM]","[PREMIUM]","[PREMIUM]","[PREMIUM]",true,false,"['Clear view']","2026-07-18 06:49:12"
"13383324083","2026-07-18 23:27:57.468","2026-07-19 23:45:43.512","13383324083","161495916","[PREMIUM]","[PREMIUM]","218","3","9001_9002","9001",,2,"[2]",407,"Upper",11,"Mobile ticket",1,"[PREMIUM]","[PREMIUM]","[PREMIUM]","[PREMIUM]",true,false,"['Third Row of Section','Clear view']","2026-07-17 14:49:06"
"13383227382","2026-07-18 23:27:57.468","2026-07-21 02:34:53.622","13383227382","161495916","[PREMIUM]","[PREMIUM]","223","4","9001_9002","9001",,2,"[2]",407,"Upper",11,"Mobile ticket",1,"[PREMIUM]","[PREMIUM]","[PREMIUM]","[PREMIUM]",true,false,"['Limited or Obstructed View (printed on ticket)']","2026-07-17 14:36:01"
"13389481268","2026-07-18 23:27:57.468","2026-07-19 23:45:43.368","13389481268","161495916","[PREMIUM]","[PREMIUM]","213","4","_",,,4,"[1,2,3,4]",407,"Upper",10,"Mobile Transfer ticket",1,"[PREMIUM]","[PREMIUM]","[PREMIUM]","[PREMIUM]",true,false,"['Clear view']","2026-07-18 06:49:43"
"13389481207","2026-07-18 23:27:57.468","2026-07-19 23:45:43.368","13389481207","161495916","[PREMIUM]","[PREMIUM]","203","6","_",,,8,"[1,2,3,4,5,6,7,8]",407,"Upper",10,"Mobile Transfer ticket",1,"[PREMIUM]","[PREMIUM]","[PREMIUM]","[PREMIUM]",true,false,"['Clear view']","2026-07-18 06:49:43"
"13389481294","2026-07-18 23:27:57.468","2026-07-19 23:45:43.368","13389481294","161495916","[PREMIUM]","[PREMIUM]","204","6","_",,,8,"[1,2,3,4,5,6,7,8]",407,"Upper",10,"Mobile Transfer ticket",1,"[PREMIUM]","[PREMIUM]","[PREMIUM]","[PREMIUM]",true,false,"['Clear view']","2026-07-18 06:49:43"
"13389476967","2026-07-18 23:27:57.468","2026-07-19 23:45:43.368","13389476967","161495916","[PREMIUM]","[PREMIUM]","208","7","_",,,6,"[1,2,3,4,5,6]",407,"Upper",10,"Mobile Transfer ticket",1,"[PREMIUM]","[PREMIUM]","[PREMIUM]","[PREMIUM]",true,false,"['Clear view']","2026-07-18 06:49:10"
"13389477809","2026-07-18 23:27:57.442","2026-07-19 23:45:43.564","13389477809","161495916","[PREMIUM]","[PREMIUM]","217","4","_",,,3,"[1,2,3]",407,"Upper",10,"Mobile Transfer ticket",1,"[PREMIUM]","[PREMIUM]","[PREMIUM]","[PREMIUM]",true,false,"['Clear view']","2026-07-18 06:49:12"
"13389476957","2026-07-18 23:27:57.442","2026-07-19 23:45:43.564","13389476957","161495916","[PREMIUM]","[PREMIUM]","220","3","_",,,2,"[2]",407,"Upper",10,"Mobile Transfer ticket",1,"[PREMIUM]","[PREMIUM]","[PREMIUM]","[PREMIUM]",true,false,"['Limited or Obstructed View (printed on ticket)','Third Row of Section']","2026-07-18 06:49:10"
"13389477376","2026-07-18 23:27:57.171","2026-07-19 23:45:42.453","13389477376","161495916","[PREMIUM]","[PREMIUM]","209","11","_",,,8,"[1,2,3,4,5,6,7,8]",407,"Upper",10,"Mobile Transfer ticket",1,"[PREMIUM]","[PREMIUM]","[PREMIUM]","[PREMIUM]",true,false,"['Clear view']","2026-07-18 06:49:11"
"13377428239","2026-07-18 23:27:57.125","2026-07-19 23:45:42.101","13377428239","161495916","[PREMIUM]","[PREMIUM]","215","20","_",,,2,"[1,2]",407,"Upper",10,"Mobile Transfer ticket",1,"[PREMIUM]","[PREMIUM]","[PREMIUM]","[PREMIUM]",true,true,"['Clear view']","2026-07-16 23:07:57"
"13377426396","2026-07-18 23:27:57.125","2026-07-30 00:14:30.189","13377426396","161495916","[PREMIUM]","[PREMIUM]","201","20","_",,,2,"[1,2]",407,"Upper",10,"Mobile Transfer ticket",1,"[PREMIUM]","[PREMIUM]","[PREMIUM]","[PREMIUM]",true,true,"['Clear view']","2026-07-16 23:07:48"
"13377429888","2026-07-18 23:27:56.933","2026-07-19 23:45:42.063","13377429888","161495916","[PREMIUM]","[PREMIUM]","227","20","_",,,2,"[1,2]",407,"Upper",10,"Mobile Transfer ticket",1,"[PREMIUM]","[PREMIUM]","[PREMIUM]","[PREMIUM]",true,true,"['Clear view']","2026-07-16 23:08:03"
"13377427342","2026-07-18 23:27:56.886","2026-07-19 23:45:41.931","13377427342","161495916","[PREMIUM]","[PREMIUM]","206","20","_",,,2,"[1,2]",407,"Upper",10,"Mobile Transfer ticket",1,"[PREMIUM]","[PREMIUM]","[PREMIUM]","[PREMIUM]",true,true,"['Clear view']","2026-07-16 23:07:53"
"13377429751","2026-07-18 23:27:56.886","2026-07-31 06:38:50.641","13377429751","161495916","[PREMIUM]","[PREMIUM]","224","20","_",,,2,"[1,2]",407,"Upper",10,"Mobile Transfer ticket",1,"[PREMIUM]","[PREMIUM]","[PREMIUM]","[PREMIUM]",true,true,"['Clear view']","2026-07-16 23:08:03"
"13388406551","2026-07-18 23:27:56.793","2026-08-01 05:32:32.849","13388406551","161381094","[PREMIUM]","[PREMIUM]","118","L","_",,,4,"[2,4]",4325,"Plaza Level",10,"Mobile Transfer ticket",1,"[PREMIUM]","[PREMIUM]","[PREMIUM]","[PREMIUM]",true,false,"['Clear view']","2026-07-18 03:29:07"
"13386560140","2026-07-18 23:27:56.565","2026-07-31 06:38:02.706","13386560140","161381094","[PREMIUM]","[PREMIUM]","315","M","7_14","7","14",8,"[1,2,3,4,5,6,8]",507,"Mezzanine",10,"Mobile Transfer ticket",1,"[PREMIUM]","[PREMIUM]","[PREMIUM]","[PREMIUM]",true,false,"['Clear view']","2026-07-17 22:06:37"
"13391257094","2026-07-18 23:27:56.543","2026-07-31 06:37:54.594","13391257094","161381080","[PREMIUM]","[PREMIUM]","312","K","_",,,6,"[1,2,3,4,6]",507,"Mezzanine",10,"Mobile Transfer ticket",1,"[PREMIUM]","[PREMIUM]","[PREMIUM]","[PREMIUM]",true,false,"['Clear view']","2026-07-18 14:33:53"
"13386527829","2026-07-18 23:27:56.530","2026-07-31 06:37:54.841","13386527829","161381080","[PREMIUM]","[PREMIUM]","315","M","7_14","7","14",8,"[1,2,3,4,5,6,8]",507,"Mezzanine",10,"Mobile Transfer ticket",1,"[PREMIUM]","[PREMIUM]","[PREMIUM]","[PREMIUM]",true,false,"['Clear view']","2026-07-17 21:59:30"
"13391257132","2026-07-18 23:27:56.530","2026-08-01 05:32:29.371","13391257132","161381094","[PREMIUM]","[PREMIUM]","312","K","_",,,6,"[1,2,3,4,6]",507,"Mezzanine",10,"Mobile Transfer ticket",1,"[PREMIUM]","[PREMIUM]","[PREMIUM]","[PREMIUM]",true,false,"['Clear view']","2026-07-18 14:33:53"
"13388406549","2026-07-18 23:27:56.521","2026-07-31 06:37:59.527","13388406549","161381080","[PREMIUM]","[PREMIUM]","118","L","_",,,4,"[2,4]",4325,"Plaza Level",10,"Mobile Transfer ticket",1,"[PREMIUM]","[PREMIUM]","[PREMIUM]","[PREMIUM]",true,false,"['Clear view']","2026-07-18 03:29:07"
"13376168506","2026-07-18 23:27:56.455","2026-07-31 06:37:55.013","13376168506","161381080","[PREMIUM]","[PREMIUM]","126","S","_",,,2,"[2]",4325,"Plaza Level",10,"Mobile Transfer ticket",14,"[PREMIUM]","[PREMIUM]","[PREMIUM]","[PREMIUM]",true,false,"['Clear view']","2026-07-16 20:34:52"
"13391637679","2026-07-18 23:27:56.187","2026-07-19 23:45:34.351","13391637679","161482371","[PREMIUM]","[PREMIUM]","6","M","8_11","8",,4,"[2,4]",594,"Lower",10,"Mobile Transfer ticket",1,"[PREMIUM]","[PREMIUM]","[PREMIUM]","[PREMIUM]",true,false,"['Clear view']","2026-07-18 15:57:07"
"13377428950","2026-07-18 23:27:55.889","2026-07-31 06:38:46.094","13377428950","161495916","[PREMIUM]","[PREMIUM]","222","20","_",,,2,"[1,2]",407,"Upper",10,"Mobile Transfer ticket",1,"[PREMIUM]","[PREMIUM]","[PREMIUM]","[PREMIUM]",true,false,"['Clear view']","2026-07-16 23:08:00"
"13388254505","2026-07-18 23:27:55.750","2026-07-19 23:45:32.553","13388254505","161495882","[PREMIUM]","[PREMIUM]","210","3","9001_9002","9001",,2,"[2]",407,"Upper",11,"Mobile ticket",1,"[PREMIUM]","[PREMIUM]","[PREMIUM]","[PREMIUM]",true,false,"['Limited or Obstructed View (printed on ticket)','Third Row of Section']","2026-07-18 02:42:00"
"13388259406","2026-07-18 23:27:55.750","2026-07-19 23:45:32.553","13388259406","161495882","[PREMIUM]","[PREMIUM]","207","2","9001_9002","9001",,2,"[2]",407,"Upper",11,"Mobile ticket",1,"[PREMIUM]","[PREMIUM]","[PREMIUM]","[PREMIUM]",true,false,"['Limited or Obstructed View (printed on ticket)','Second Row of Section']","2026-07-18 02:43:05"
"13388263215","2026-07-18 23:27:55.750","2026-07-19 23:45:32.553","13388263215","161495882","[PREMIUM]","[PREMIUM]","204","2","9001_9002","9001",,2,"[2]",407,"Upper",11,"Mobile ticket",1,"[PREMIUM]","[PREMIUM]","[PREMIUM]","[PREMIUM]",true,false,"['Limited or Obstructed View (printed on ticket)','Second Row of Section']","2026-07-18 02:43:42"
"13388254090","2026-07-18 23:27:55.750","2026-07-19 23:45:32.726","13388254090","161495882","[PREMIUM]","[PREMIUM]","206","2","9001_9002","9001",,2,"[2]",407,"Upper",11,"Mobile ticket",1,"[PREMIUM]","[PREMIUM]","[PREMIUM]","[PREMIUM]",true,false,"['Second Row of Section','Clear view']","2026-07-18 02:41:55"
"13388259307","2026-07-18 23:27:55.750","2026-07-19 23:45:32.553","13388259307","161495882","[PREMIUM]","[PREMIUM]","213","2","9001_9002","9001",,2,"[2]",407,"Upper",11,"Mobile ticket",1,"[PREMIUM]","[PREMIUM]","[PREMIUM]","[PREMIUM]",true,false,"['Limited or Obstructed View (printed on ticket)','Second Row of Section']","2026-07-18 02:43:04"
"13389054731","2026-07-18 23:27:55.391","2026-07-31 06:36:32.499","13389054731","161482371","[PREMIUM]","[PREMIUM]","123","L","_",,,4,"[2,4]",471,"Middle",10,"Mobile Transfer ticket",1,"[PREMIUM]","[PREMIUM]","[PREMIUM]","[PREMIUM]",true,false,"['Clear view']","2026-07-18 05:13:10"
"13385135685","2026-07-18 23:27:55.170","2026-07-31 06:37:58.101","13385135685","161381086","[PREMIUM]","[PREMIUM]","122","H","1_4","1",,4,"[2,4]",4325,"Plaza Level",10,"Mobile Transfer ticket",1,"[PREMIUM]","[PREMIUM]","[PREMIUM]","[PREMIUM]",true,false,"['Aisle seat','Clear view']","2026-07-17 18:49:17"
"13385135598","2026-07-18 23:27:55.170","2026-07-31 06:37:58.101","13385135598","161381086","[PREMIUM]","[PREMIUM]","122","K","1_2","1",,2,"[2]",4325,"Plaza Level",10,"Mobile Transfer ticket",1,"[PREMIUM]","[PREMIUM]","[PREMIUM]","[PREMIUM]",true,false,"['Clear view']","2026-07-17 18:49:16"
"13375853355","2026-07-18 23:27:55.058","2026-07-30 00:14:26.652","13375853355","161311365","[PREMIUM]","[PREMIUM]","328","S","_",,,2,"[1,2]",3831,"Terrace Corner",10,"Mobile Transfer ticket",1,"[PREMIUM]","[PREMIUM]","[PREMIUM]","[PREMIUM]",true,false,"['Clear view']","2026-07-16 19:57:36"
"13375854657","2026-07-18 23:27:55.058","2026-07-31 06:38:39.181","13375854657","161311365","[PREMIUM]","[PREMIUM]","305",,"_",,,4,"[1,2,3,4]",3831,"Terrace Corner",10,"Mobile Transfer ticket",1,"[PREMIUM]","[PREMIUM]","[PREMIUM]","[PREMIUM]",true,true,"['Clear view']","2026-07-16 19:57:42"
"13383812938","2026-07-18 23:27:55.058","2026-07-31 06:38:39.181","13383812938","161311365","[PREMIUM]","[PREMIUM]","104","R","5_6","5","6",2,"[2]",7764,"Plaza Middle",10,"Mobile Transfer ticket",14,"[PREMIUM]","[PREMIUM]","[PREMIUM]","[PREMIUM]",true,false,"['Clear view']","2026-07-17 15:57:25"
"13375857423","2026-07-18 23:27:55.018","2026-07-31 06:38:45.322","13375857423","161311365","[PREMIUM]","[PREMIUM]","318","M","_",,,2,"[1,2]",4813,"Terrace Center",10,"Mobile Transfer ticket",1,"[PREMIUM]","[PREMIUM]","[PREMIUM]","[PREMIUM]",true,false,"['Clear view']","2026-07-16 19:57:57"
"13384542320","2026-07-18 23:27:55.018","2026-07-19 23:45:37.512","13384542320","161311365","[PREMIUM]","[PREMIUM]","101","F","_",,,4,"[1,2,4]",4861,"Plaza Center",10,"Mobile Transfer ticket",1,"[PREMIUM]","[PREMIUM]","[PREMIUM]","[PREMIUM]",true,false,"['Clear view']","2026-07-17 17:19:32"
"13389475080","2026-07-18 23:27:55.000","2026-07-21 02:34:25.850","13389475080","161495913","[PREMIUM]","[PREMIUM]","114","7","_",,,2,"[2]",594,"Lower",10,"Mobile Transfer ticket",1,"[PREMIUM]","[PREMIUM]","[PREMIUM]","[PREMIUM]",true,false,"['Clear view']","2026-07-18 06:48:54"
"13389475183","2026-07-18 23:27:55.000","2026-07-22 04:04:09.407","13389475183","161495913","[PREMIUM]","[PREMIUM]","115","4","_",,,6,"[1,2,3,4,5,6]",594,"Lower",10,"Mobile Transfer ticket",1,"[PREMIUM]","[PREMIUM]","[PREMIUM]","[PREMIUM]",true,false,"['Clear view']","2026-07-18 06:48:54"
"13392543657","2026-07-18 23:27:55.000","2026-07-28 23:21:14.836","13392543657","161495913","[PREMIUM]","[PREMIUM]","117","4","5_6","5",,2,"[2]",594,"Lower",10,"Mobile Transfer ticket",1,"[PREMIUM]","[PREMIUM]","[PREMIUM]","[PREMIUM]",true,false,"['Clear view']","2026-07-18 19:35:36"
"13377952647","2026-07-18 23:27:54.939","2026-07-19 23:45:37.341","13377952647","161311365","[PREMIUM]","[PREMIUM]","101",,"_",,,2,"[2]",4861,"Plaza Center",10,"Mobile Transfer ticket",1,"[PREMIUM]","[PREMIUM]","[PREMIUM]","[PREMIUM]",true,true,"['Clear view']","2026-07-17 00:11:00"
"13383813916","2026-07-18 23:27:54.939","2026-07-30 00:14:26.910","13383813916","161311365","[PREMIUM]","[PREMIUM]","117","K","3_5","3","5",3,"[1,3]",4861,"Plaza Center",10,"Mobile Transfer ticket",14,"[PREMIUM]","[PREMIUM]","[PREMIUM]","[PREMIUM]",true,false,"['Clear view']","2026-07-17 15:57:28"
"13385621561","2026-07-18 23:27:54.939","2026-07-31 06:38:39.160","13385621561","161311365","[PREMIUM]","[PREMIUM]","109","F","5_7","5",,3,"[1,3]",7220,"Plaza Endzone",10,"Mobile Transfer ticket",1,"[PREMIUM]","[PREMIUM]","[PREMIUM]","[PREMIUM]",true,false,"['Clear view']","2026-07-17 19:43:44"
"13386020972","2026-07-18 23:27:54.939","2026-07-31 06:38:39.383","13386020972","161311365","[PREMIUM]","[PREMIUM]","114","F","_",,,4,"[2,4]",7764,"Plaza Middle",10,"Mobile Transfer ticket",14,"[PREMIUM]","[PREMIUM]","[PREMIUM]","[PREMIUM]",true,false,"['Clear view']","2026-07-17 20:27:52"
"13388949569","2026-07-18 23:27:54.939","2026-07-30 00:14:26.910","13388949569","161311365","[PREMIUM]","[PREMIUM]","117","J","11_12","11","12",2,"[2]",4861,"Plaza Center",10,"Mobile Transfer ticket",14,"[PREMIUM]","[PREMIUM]","[PREMIUM]","[PREMIUM]",true,false,"['Clear view']","2026-07-18 05:02:32"
"13389481208","2026-07-18 23:27:54.937","2026-07-21 02:34:25.850","13389481208","161495913","[PREMIUM]","[PREMIUM]","102","8","_",,,3,"[1,2,3]",594,"Lower",10,"Mobile Transfer ticket",1,"[PREMIUM]","[PREMIUM]","[PREMIUM]","[PREMIUM]",true,false,"['Clear view']","2026-07-18 06:49:43"
"13389475174","2026-07-18 23:27:54.937","2026-07-21 02:34:25.850","13389475174","161495913","[PREMIUM]","[PREMIUM]","116","6","_",,,6,"[1,2,3,4,5,6]",594,"Lower",10,"Mobile Transfer ticket",1,"[PREMIUM]","[PREMIUM]","[PREMIUM]","[PREMIUM]",true,false,"['Clear view']","2026-07-18 06:48:54"
"13381857056","2026-07-18 23:27:54.875","2026-07-19 23:45:36.552","13381857056","161495913","[PREMIUM]","[PREMIUM]","128","6","_",,,3,"[1,3]",594,"Lower",10,"Mobile Transfer ticket",1,"[PREMIUM]","[PREMIUM]","[PREMIUM]","[PREMIUM]",true,false,"['Clear view']","2026-07-17 09:46:40"
"13389475050","2026-07-18 23:27:54.863","2026-07-22 04:04:09.512","13389475050","161495913","[PREMIUM]","[PREMIUM]","113","12","_",,,5,"[1,2,3,5]",594,"Lower",10,"Mobile Transfer ticket",1,"[PREMIUM]","[PREMIUM]","[PREMIUM]","[PREMIUM]",true,false,"['Clear view']","2026-07-18 06:48:53"
"13389481219","2026-07-18 23:27:54.863","2026-07-22 04:04:09.512","13389481219","161495913","[PREMIUM]","[PREMIUM]","103","10","_",,,4,"[1,2,3,4]",594,"Lower",10,"Mobile Transfer ticket",1,"[PREMIUM]","[PREMIUM]","[PREMIUM]","[PREMIUM]",true,false,"['Clear view']","2026-07-18 06:49:43"
"13389475015","2026-07-18 23:27:54.863","2026-07-22 04:04:09.512","13389475015","161495913","[PREMIUM]","[PREMIUM]","110","15","_",,,6,"[1,2,3,4,5,6]",594,"Lower",10,"Mobile Transfer ticket",1,"[PREMIUM]","[PREMIUM]","[PREMIUM]","[PREMIUM]",true,false,"['Clear view']","2026-07-18 06:48:53"
"13389475071","2026-07-18 23:27:54.863","2026-07-21 02:34:25.108","13389475071","161495913","[PREMIUM]","[PREMIUM]","112","8","_",,,2,"[2]",594,"Lower",10,"Mobile Transfer ticket",1,"[PREMIUM]","[PREMIUM]","[PREMIUM]","[PREMIUM]",true,false,"['Clear view']","2026-07-18 06:48:54"
"13389481171","2026-07-18 23:27:54.863","2026-07-21 02:34:25.108","13389481171","161495913","[PREMIUM]","[PREMIUM]","106","12","_",,,4,"[1,2,3,4]",594,"Lower",10,"Mobile Transfer ticket",1,"[PREMIUM]","[PREMIUM]","[PREMIUM]","[PREMIUM]",true,false,"['Clear view']","2026-07-18 06:49:43"
"13377425764","2026-07-18 23:27:54.621","2026-07-19 23:45:36.079","13377425764","161495913","[PREMIUM]","[PREMIUM]","115","26","_",,,2,"[1,2]",594,"Lower",10,"Mobile Transfer ticket",1,"[PREMIUM]","[PREMIUM]","[PREMIUM]","[PREMIUM]",true,true,"['Clear view']","2026-07-16 23:07:45"
"13389475022","2026-07-18 23:27:54.621","2026-07-22 04:04:09.274","13389475022","161495913","[PREMIUM]","[PREMIUM]","126","10","_",,,4,"[1,2,3,4]",594,"Lower",10,"Mobile Transfer ticket",1,"[PREMIUM]","[PREMIUM]","[PREMIUM]","[PREMIUM]",true,false,"['Front Row of Section','Clear view']","2026-07-18 06:48:53"
"13389475021","2026-07-18 23:27:54.621","2026-07-22 04:04:09.274","13389475021","161495913","[PREMIUM]","[PREMIUM]","117","6","_",,,4,"[1,2,3,4]",594,"Lower",10,"Mobile Transfer ticket",1,"[PREMIUM]","[PREMIUM]","[PREMIUM]","[PREMIUM]",true,false,"['Clear view']","2026-07-18 06:48:53"
"13391257136","2026-07-18 23:27:54.459","2026-07-31 06:37:51.807","13391257136","161381086","[PREMIUM]","[PREMIUM]","312","K","_",,,6,"[1,2,3,4,6]",507,"Mezzanine",10,"Mobile Transfer ticket",1,"[PREMIUM]","[PREMIUM]","[PREMIUM]","[PREMIUM]",true,false,"['Clear view']","2026-07-18 14:33:53"
"13383814241","2026-07-18 23:27:54.350","2026-07-30 00:14:26.597","13383814241","161311365","[PREMIUM]","[PREMIUM]","120","W","19_20","19","20",2,"[2]",7764,"Plaza Middle",10,"Mobile Transfer ticket",14,"[PREMIUM]","[PREMIUM]","[PREMIUM]","[PREMIUM]",true,false,"['Clear view']","2026-07-17 15:57:29"
"13383813155","2026-07-18 23:27:54.350","2026-07-30 00:14:26.597","13383813155","161311365","[PREMIUM]","[PREMIUM]","108","L","3_8","3","8",6,"[1,2,3,4,6]",7220,"Plaza Endzone",10,"Mobile Transfer ticket",14,"[PREMIUM]","[PREMIUM]","[PREMIUM]","[PREMIUM]",true,false,"['Clear view']","2026-07-17 15:57:26"
"13377784008","2026-07-18 23:27:54.343","2026-07-31 06:38:39.181","13377784008","161311365","[PREMIUM]","[PREMIUM]","118","E","1_2","1","2",2,"[2]",7764,"Plaza Middle",10,"Mobile Transfer ticket",1,"[PREMIUM]","[PREMIUM]","[PREMIUM]","[PREMIUM]",true,false,"['Aisle seat','Clear view']","2026-07-16 23:49:45"
"13383813006","2026-07-18 23:27:54.343","2026-07-31 06:38:39.181","13383813006","161311365","[PREMIUM]","[PREMIUM]","104","W","3_5","3","5",3,"[1,3]",7764,"Plaza Middle",10,"Mobile Transfer ticket",14,"[PREMIUM]","[PREMIUM]","[PREMIUM]","[PREMIUM]",true,false,"['Clear view']","2026-07-17 15:57:25"
"13383814131","2026-07-18 23:27:54.343","2026-07-31 06:38:39.181","13383814131","161311365","[PREMIUM]","[PREMIUM]","120","R","14_18","14","18",5,"[1,2,3,5]",7764,"Plaza Middle",10,"Mobile Transfer ticket",14,"[PREMIUM]","[PREMIUM]","[PREMIUM]","[PREMIUM]",true,false,"['Clear view']","2026-07-17 15:57:29"
"13390924298","2026-07-18 23:27:54.294","2026-07-31 06:38:31.024","13390924298","161311365","[PREMIUM]","[PREMIUM]","126","G","_",,,2,"[2]",7220,"Plaza Endzone",10,"Mobile Transfer ticket",1,"[PREMIUM]","[PREMIUM]","[PREMIUM]","[PREMIUM]",true,false,"['Clear view']","2026-07-18 13:18:18"
"13389474737","2026-07-18 23:27:54.235","2026-07-22 04:04:08.969","13389474737","161495913","[PREMIUM]","[PREMIUM]","218","1","_",,,6,"[1,2,3,4,5,6]",407,"Upper",10,"Mobile Transfer ticket",1,"[PREMIUM]","[PREMIUM]","[PREMIUM]","[PREMIUM]",true,false,"['Front Row of Section','Clear view']","2026-07-18 06:48:52"
"13377838377","2026-07-18 23:27:54.210","2026-07-31 06:38:23.947","13377838377","161495913","[PREMIUM]","[PREMIUM]","123","6","_",,,2,"[2]",594,"Lower",10,"Mobile Transfer ticket",1,"[PREMIUM]","[PREMIUM]","[PREMIUM]","[PREMIUM]",true,false,"['Clear view']","2026-07-16 23:57:55"
"13375853737","2026-07-18 23:27:54.133","2026-07-27 02:12:18.031","13375853737","161311365","[PREMIUM]","[PREMIUM]","325","S","_",,,2,"[1,2]",17158,"Terrace Endzone",10,"Mobile Transfer ticket",1,"[PREMIUM]","[PREMIUM]","[PREMIUM]","[PREMIUM]",true,false,"['Clear view']","2026-07-16 19:57:37"
"13375851233","2026-07-18 23:27:54.133","2026-07-30 00:14:26.366","13375851233","161311365","[PREMIUM]","[PREMIUM]","310","S","_",,,2,"[1,2]",17158,"Terrace Endzone",10,"Mobile Transfer ticket",1,"[PREMIUM]","[PREMIUM]","[PREMIUM]","[PREMIUM]",true,false,"['Clear view']","2026-07-16 19:57:25"
"13375843611","2026-07-18 23:27:54.133","2026-07-31 06:38:30.643","13375843611","161311365","[PREMIUM]","[PREMIUM]","308",,"_",,,4,"[1,2,3,4]",17158,"Terrace Endzone",10,"Mobile Transfer ticket",1,"[PREMIUM]","[PREMIUM]","[PREMIUM]","[PREMIUM]",true,true,"['Clear view']","2026-07-16 19:56:29"
"13375844931","2026-07-18 23:27:54.133","2026-07-31 06:38:30.643","13375844931","161311365","[PREMIUM]","[PREMIUM]","322","S","_",,,2,"[1,2]",17158,"Terrace Endzone",10,"Mobile Transfer ticket",1,"[PREMIUM]","[PREMIUM]","[PREMIUM]","[PREMIUM]",true,false,"['Clear view']","2026-07-16 19:56:36"
"13375857375","2026-07-18 23:27:54.133","2026-07-31 06:38:30.643","13375857375","161311365","[PREMIUM]","[PREMIUM]","309",,"_",,,4,"[1,2,3,4]",17158,"Terrace Endzone",10,"Mobile Transfer ticket",1,"[PREMIUM]","[PREMIUM]","[PREMIUM]","[PREMIUM]",true,true,"['Clear view']","2026-07-16 19:57:57"
"13389474723","2026-07-18 23:27:53.806","2026-07-22 04:04:08.969","13389474723","161495913","[PREMIUM]","[PREMIUM]","219","1","_",,,4,"[1,2,3,4]",407,"Upper",10,"Mobile Transfer ticket",1,"[PREMIUM]","[PREMIUM]","[PREMIUM]","[PREMIUM]",true,false,"['Front Row of Section','Clear view']","2026-07-18 06:48:51"
"13389474728","2026-07-18 23:27:53.806","2026-07-22 04:04:08.969","13389474728","161495913","[PREMIUM]","[PREMIUM]","225","1","_",,,2,"[2]",407,"Upper",10,"Mobile Transfer ticket",1,"[PREMIUM]","[PREMIUM]","[PREMIUM]","[PREMIUM]",true,false,"['Front Row of Section','Clear view']","2026-07-18 06:48:52"
"13389474729","2026-07-18 23:27:53.806","2026-07-22 04:04:08.969","13389474729","161495913","[PREMIUM]","[PREMIUM]","221","1","_",,,2,"[2]",407,"Upper",10,"Mobile Transfer ticket",1,"[PREMIUM]","[PREMIUM]","[PREMIUM]","[PREMIUM]",true,false,"['Front Row of Section','Clear view']","2026-07-18 06:48:52"
"13389474884","2026-07-18 23:27:53.806","2026-07-22 04:04:08.969","13389474884","161495913","[PREMIUM]","[PREMIUM]","210","1","_",,,2,"[2]",407,"Upper",10,"Mobile Transfer ticket",1,"[PREMIUM]","[PREMIUM]","[PREMIUM]","[PREMIUM]",true,false,"['Front Row of Section','Clear view']","2026-07-18 06:48:53"
"13389474934","2026-07-18 23:27:53.806","2026-07-22 04:04:08.969","13389474934","161495913","[PREMIUM]","[PREMIUM]","223","1","_",,,2,"[2]",407,"Upper",10,"Mobile Transfer ticket",1,"[PREMIUM]","[PREMIUM]","[PREMIUM]","[PREMIUM]",true,false,"['Front Row of Section','Clear view']","2026-07-18 06:48:53"
"13389474926","2026-07-18 23:27:53.803","2026-07-19 23:45:35.069","13389474926","161495913","[PREMIUM]","[PREMIUM]","214","4","_",,,6,"[1,2,3,4,5,6]",407,"Upper",10,"Mobile Transfer ticket",1,"[PREMIUM]","[PREMIUM]","[PREMIUM]","[PREMIUM]",true,false,"['Clear view']","2026-07-18 06:48:53"
"13389475184","2026-07-18 23:27:53.803","2026-07-19 23:45:35.069","13389475184","161495913","[PREMIUM]","[PREMIUM]","124","16","_",,,2,"[2]",594,"Lower",10,"Mobile Transfer ticket",1,"[PREMIUM]","[PREMIUM]","[PREMIUM]","[PREMIUM]",true,false,"['Clear view']","2026-07-18 06:48:54"
"13389474928","2026-07-18 23:27:53.793","2026-07-21 02:34:23.574","13389474928","161495913","[PREMIUM]","[PREMIUM]","215","5","_",,,6,"[1,2,3,4,5,6]",407,"Upper",10,"Mobile Transfer ticket",1,"[PREMIUM]","[PREMIUM]","[PREMIUM]","[PREMIUM]",true,false,"['Clear view']","2026-07-18 06:48:53"
"13389481203","2026-07-18 23:27:53.742","2026-07-22 04:04:08.198","13389481203","161495913","[PREMIUM]","[PREMIUM]","205","3","_",,,2,"[2]",407,"Upper",10,"Mobile Transfer ticket",1,"[PREMIUM]","[PREMIUM]","[PREMIUM]","[PREMIUM]",true,false,"['Third Row of Section','Clear view']","2026-07-18 06:49:43"
"13389474744","2026-07-18 23:27:53.736","2026-07-19 23:45:35.433","13389474744","161495913","[PREMIUM]","[PREMIUM]","203","6","_",,,8,"[1,2,3,4,5,6,7,8]",407,"Upper",10,"Mobile Transfer ticket",1,"[PREMIUM]","[PREMIUM]","[PREMIUM]","[PREMIUM]",true,false,"['Clear view']","2026-07-18 06:48:52"
"13389474746","2026-07-18 23:27:53.736","2026-07-22 04:04:08.198","13389474746","161495913","[PREMIUM]","[PREMIUM]","207","5","_",,,6,"[1,2,3,4,5,6]",407,"Upper",10,"Mobile Transfer ticket",1,"[PREMIUM]","[PREMIUM]","[PREMIUM]","[PREMIUM]",true,false,"['Clear view']","2026-07-18 06:48:52"
"13389474732","2026-07-18 23:27:53.736","2026-07-19 23:45:35.433","13389474732","161495913","[PREMIUM]","[PREMIUM]","206","4","_",,,4,"[1,2,3,4]",407,"Upper",10,"Mobile Transfer ticket",1,"[PREMIUM]","[PREMIUM]","[PREMIUM]","[PREMIUM]",true,false,"['Clear view']","2026-07-18 06:48:52"
"13389474753","2026-07-18 23:27:53.736","2026-07-22 04:04:08.198","13389474753","161495913","[PREMIUM]","[PREMIUM]","208","7","_",,,6,"[1,2,3,4,5,6]",407,"Upper",10,"Mobile Transfer ticket",1,"[PREMIUM]","[PREMIUM]","[PREMIUM]","[PREMIUM]",true,false,"['Clear view']","2026-07-18 06:48:52"
"13389481201","2026-07-18 23:27:53.736","2026-07-22 04:04:08.198","13389481201","161495913","[PREMIUM]","[PREMIUM]","213","4","_",,,4,"[1,2,3,4]",407,"Upper",10,"Mobile Transfer ticket",1,"[PREMIUM]","[PREMIUM]","[PREMIUM]","[PREMIUM]",true,false,"['Clear view']","2026-07-18 06:49:43"
"13389474898","2026-07-18 23:27:53.736","2026-07-19 23:45:35.433","13389474898","161495913","[PREMIUM]","[PREMIUM]","204","6","_",,,8,"[1,2,3,4,5,6,7,8]",407,"Upper",10,"Mobile Transfer ticket",1,"[PREMIUM]","[PREMIUM]","[PREMIUM]","[PREMIUM]",true,false,"['Clear view']","2026-07-18 06:48:53"
"13389474724","2026-07-18 23:27:53.726","2026-07-22 04:04:08.184","13389474724","161495913","[PREMIUM]","[PREMIUM]","217","4","_",,,3,"[1,2,3]",407,"Upper",10,"Mobile Transfer ticket",1,"[PREMIUM]","[PREMIUM]","[PREMIUM]","[PREMIUM]",true,false,"['Clear view']","2026-07-18 06:48:51"
"13389474751","2026-07-18 23:27:53.726","2026-07-21 02:34:22.741","13389474751","161495913","[PREMIUM]","[PREMIUM]","220","3","_",,,2,"[2]",407,"Upper",10,"Mobile Transfer ticket",1,"[PREMIUM]","[PREMIUM]","[PREMIUM]","[PREMIUM]",true,false,"['Limited or Obstructed View (printed on ticket)','Third Row of Section']","2026-07-18 06:48:52"
"13377426393","2026-07-18 23:27:53.709","2026-07-31 06:38:15.036","13377426393","161495913","[PREMIUM]","[PREMIUM]","201","20","_",,,2,"[1,2]",407,"Upper",10,"Mobile Transfer ticket",1,"[PREMIUM]","[PREMIUM]","[PREMIUM]","[PREMIUM]",true,true,"['Clear view']","2026-07-16 23:07:48"
"13377428231","2026-07-18 23:27:53.681","2026-07-19 23:45:34.702","13377428231","161495913","[PREMIUM]","[PREMIUM]","215","20","_",,,2,"[1,2]",407,"Upper",10,"Mobile Transfer ticket",1,"[PREMIUM]","[PREMIUM]","[PREMIUM]","[PREMIUM]",true,true,"['Clear view']","2026-07-16 23:07:57"
"13389474749","2026-07-18 23:27:53.647","2026-07-19 23:45:34.818","13389474749","161495913","[PREMIUM]","[PREMIUM]","209","11","_",,,8,"[1,2,3,4,5,6,7,8]",407,"Upper",10,"Mobile Transfer ticket",1,"[PREMIUM]","[PREMIUM]","[PREMIUM]","[PREMIUM]",true,false,"['Clear view']","2026-07-18 06:48:52"
"13389474935","2026-07-18 23:27:53.639","2026-07-22 04:04:08.748","13389474935","161495913","[PREMIUM]","[PREMIUM]","202","7","_",,,8,"[1,2,3,4,5,6,7,8]",407,"Upper",10,"Mobile Transfer ticket",1,"[PREMIUM]","[PREMIUM]","[PREMIUM]","[PREMIUM]",true,false,"['Clear view']","2026-07-18 06:48:53"
"13377427060","2026-07-18 23:27:53.564","2026-07-19 23:45:34.589","13377427060","161495913","[PREMIUM]","[PREMIUM]","203","20","_",,,2,"[1,2]",407,"Upper",10,"Mobile Transfer ticket",1,"[PREMIUM]","[PREMIUM]","[PREMIUM]","[PREMIUM]",true,true,"['Clear view']","2026-07-16 23:07:52"
"13377428537","2026-07-18 23:27:53.564","2026-07-22 04:04:08.194","13377428537","161495913","[PREMIUM]","[PREMIUM]","217","20","_",,,2,"[1,2]",407,"Upper",10,"Mobile Transfer ticket",1,"[PREMIUM]","[PREMIUM]","[PREMIUM]","[PREMIUM]",true,true,"['Clear view']","2026-07-16 23:07:58"
"13390039130","2026-07-18 23:27:53.508","2026-07-19 23:45:35.906","13390039130","161461342","[PREMIUM]","[PREMIUM]","120","K","_",,,5,"[1,3,5]",5002,"Main Concourse",10,"Mobile Transfer ticket",1,"[PREMIUM]","[PREMIUM]","[PREMIUM]","[PREMIUM]",true,false,"['Clear view']","2026-07-18 10:39:15"
"13383814339","2026-07-18 23:27:53.480","2026-07-22 04:04:09.061","13383814339","161311365","[PREMIUM]","[PREMIUM]","325","L","14_16","14","16",3,"[1,3]",17158,"Terrace Endzone",10,"Mobile Transfer ticket",14,"[PREMIUM]","[PREMIUM]","[PREMIUM]","[PREMIUM]",true,false,"['Clear view']","2026-07-17 15:57:29"
"13392006573","2026-07-18 23:27:53.467","2026-07-31 06:38:34.375","13392006573","161461342","[PREMIUM]","[PREMIUM]","119","G","_",,,7,"[1,2,3,5,7]",5002,"Main Concourse",10,"Mobile Transfer ticket",1,"[PREMIUM]","[PREMIUM]","[PREMIUM]","[PREMIUM]",true,false,"['Clear view']","2026-07-18 17:30:33"
"13392106126","2026-07-18 23:27:53.412","2026-07-31 06:38:26.284","13392106126","161461342","[PREMIUM]","[PREMIUM]","401","J","_",,,2,"[2]",1706,"Upper Concourse",10,"Mobile Transfer ticket",1,"[PREMIUM]","[PREMIUM]","[PREMIUM]","[PREMIUM]",true,false,"['Clear view']","2026-07-18 17:53:37"
"13388808810","2026-07-18 23:27:53.392","2026-07-31 06:38:34.616","13388808810","161461342","[PREMIUM]","[PREMIUM]","106","M","_",,,2,"[2]",5002,"Main Concourse",10,"Mobile Transfer ticket",1,"[PREMIUM]","[PREMIUM]","[PREMIUM]","[PREMIUM]",true,false,"['Clear view']","2026-07-18 04:42:51"
"13375730431","2026-07-18 23:27:53.376","2026-07-31 06:38:26.031","13375730431","161461342","[PREMIUM]","[PREMIUM]","423","B","_",,,3,"[1,2,3]",1706,"Upper Concourse",10,"Mobile Transfer ticket",1,"[PREMIUM]","[PREMIUM]","[PREMIUM]","[PREMIUM]",true,false,"['Second Row of Section','Clear view']","2026-07-16 19:42:12"
"13377427355","2026-07-18 23:27:52.939","2026-07-19 23:45:33.622","13377427355","161495913","[PREMIUM]","[PREMIUM]","208","20","_",,,2,"[1,2]",407,"Upper",10,"Mobile Transfer ticket",1,"[PREMIUM]","[PREMIUM]","[PREMIUM]","[PREMIUM]",true,true,"['Clear view']","2026-07-16 23:07:53"
"13377428961","2026-07-18 23:27:52.939","2026-07-31 06:38:14.525","13377428961","161495913","[PREMIUM]","[PREMIUM]","222","20","_",,,2,"[1,2]",407,"Upper",10,"Mobile Transfer ticket",1,"[PREMIUM]","[PREMIUM]","[PREMIUM]","[PREMIUM]",true,false,"['Clear view']","2026-07-16 23:08:00"
"13385135738","2026-07-18 23:27:52.564","2026-07-31 06:37:37.788","13385135738","161381076","[PREMIUM]","[PREMIUM]","122","H","1_4","1",,4,"[2,4]",4325,"Plaza Level",10,"Mobile Transfer ticket",1,"[PREMIUM]","[PREMIUM]","[PREMIUM]","[PREMIUM]",true,false,"['Aisle seat','Clear view']","2026-07-17 18:49:17"
"13388305304","2026-07-18 23:27:52.541","2026-07-22 04:03:29.939","13388305304","161381076","[PREMIUM]","[PREMIUM]","117","F","11_12","11","12",2,"[2]",4325,"Plaza Level",10,"Mobile Transfer ticket",1,"[PREMIUM]","[PREMIUM]","[PREMIUM]","[PREMIUM]",true,false,"['Clear view']","2026-07-18 02:57:24"
"13391257128","2026-07-18 23:27:52.178","2026-07-31 06:37:42.812","13391257128","161381076","[PREMIUM]","[PREMIUM]","312","K","_",,,6,"[1,2,3,4,6]",507,"Mezzanine",10,"Mobile Transfer ticket",1,"[PREMIUM]","[PREMIUM]","[PREMIUM]","[PREMIUM]",true,false,"['Clear view']","2026-07-18 14:33:53"
"13376154350","2026-07-18 23:27:52.089","2026-07-31 06:36:03.854","13376154350","161470384","[PREMIUM]","[PREMIUM]","15","DD","_",,,3,"[1,2,3]",594,"Lower",10,"Mobile Transfer ticket",1,"[PREMIUM]","[PREMIUM]","[PREMIUM]","[PREMIUM]",true,false,"['VIP Club','Access to VIP Club','Padded Seats','Actual 4th row of section','Clear view']","2026-07-16 20:32:36"
"13387578134","2026-07-18 23:27:52.089","2026-07-18 23:27:52.089","13387578134","161470384","[PREMIUM]","[PREMIUM]","6","L","_",,,4,"[2,4]",594,"Lower",9,"Mobile Transfer ticket",1,"[PREMIUM]","[PREMIUM]","[PREMIUM]","[PREMIUM]",true,false,"['Access to VIP Lounge','VIP Club','Access to VIP Club','VIP Entrance','Includes club access','Home team shoots twice end','Behind visitor bench','Includes access to the Goose Island lounge','Clear view']","2026-07-18 00:10:28"
"13391637675","2026-07-18 23:27:52.085","2026-07-21 02:32:05.934","13391637675","161482383","[PREMIUM]","[PREMIUM]","6","M","8_11","8",,4,"[2,4]",594,"Lower",10,"Mobile Transfer ticket",1,"[PREMIUM]","[PREMIUM]","[PREMIUM]","[PREMIUM]",true,false,"['Clear view']","2026-07-18 15:57:07"
"13376427228","2026-07-18 23:27:51.974","2026-07-22 04:03:12.128","13376427228","161470384","[PREMIUM]","[PREMIUM]","216","R","_",,,2,"[2]",407,"Upper",9,"Mobile Transfer ticket",1,"[PREMIUM]","[PREMIUM]","[PREMIUM]","[PREMIUM]",true,false,"['Clear view']","2026-07-16 21:06:46"
"13385141407","2026-07-18 23:27:51.806","2026-07-31 06:36:12.835","13385141407","161482413","[PREMIUM]","[PREMIUM]","213","C","6_7","6","7",2,"[2]",407,"Upper",10,"Mobile Transfer ticket",1,"[PREMIUM]","[PREMIUM]","[PREMIUM]","[PREMIUM]",true,false,"['Third Row of Section','Clear view']","2026-07-17 18:51:03"
"13391645407","2026-07-18 23:27:51.744","2026-07-31 06:36:21.664","13391645407","161482413","[PREMIUM]","[PREMIUM]","17","G","1_4","1",,4,"[2,4]",594,"Lower",10,"Mobile Transfer ticket",1,"[PREMIUM]","[PREMIUM]","[PREMIUM]","[PREMIUM]",true,false,"['Clear view']","2026-07-18 16:00:16"
"13391637674","2026-07-18 23:27:51.721","2026-07-19 23:45:22.067","13391637674","161482413","[PREMIUM]","[PREMIUM]","6","M","8_11","8",,4,"[2,4]",594,"Lower",10,"Mobile Transfer ticket",1,"[PREMIUM]","[PREMIUM]","[PREMIUM]","[PREMIUM]",true,false,"['Clear view']","2026-07-18 15:57:07"
"13391665509","2026-07-18 23:27:51.378","2026-07-28 23:20:54.960","13391665509","161482383","[PREMIUM]","[PREMIUM]","213","F","9_10","9",,2,"[2]",407,"Upper",10,"Mobile Transfer ticket",1,"[PREMIUM]","[PREMIUM]","[PREMIUM]","[PREMIUM]",true,false,"['Clear view']","2026-07-18 16:05:13"
"13390487313","2026-07-18 23:27:51.343","2026-07-21 02:32:04.982","13390487313","161482383","[PREMIUM]","[PREMIUM]","108","G","9001_9003","9001","9003",3,"[3]",471,"Middle",10,"Mobile Transfer ticket",13,"[PREMIUM]","[PREMIUM]","[PREMIUM]","[PREMIUM]",true,false,"['Clear view']","2026-07-18 12:25:58"
"13388246972","2026-07-18 23:27:51.251","2026-07-19 23:45:34.230","13388246972","161495882","[PREMIUM]","[PREMIUM]","128","6","9001_9003","9001",,3,"[1,2,3]",594,"Lower",11,"Mobile ticket",1,"[PREMIUM]","[PREMIUM]","[PREMIUM]","[PREMIUM]",true,false,"['Clear view']","2026-07-18 02:40:39"
"13388246956","2026-07-18 23:27:51.251","2026-07-19 23:45:34.230","13388246956","161495882","[PREMIUM]","[PREMIUM]","128","3","9001_9002","9001",,2,"[2]",594,"Lower",11,"Mobile ticket",1,"[PREMIUM]","[PREMIUM]","[PREMIUM]","[PREMIUM]",true,false,"['Third Row of Section','Clear view']","2026-07-18 02:40:38"
"13388256168","2026-07-18 23:27:51.251","2026-07-18 23:27:51.251","13388256168","161495882","[PREMIUM]","[PREMIUM]","103","8","9001_9002","9001",,2,"[2]",594,"Lower",11,"Mobile ticket",1,"[PREMIUM]","[PREMIUM]","[PREMIUM]","[PREMIUM]",true,false,"['Clear view']","2026-07-18 02:42:28"
"13388248327","2026-07-18 23:27:51.251","2026-07-19 23:45:34.230","13388248327","161495882","[PREMIUM]","[PREMIUM]","102","6","9001_9002","9001",,2,"[2]",594,"Lower",11,"Mobile ticket",1,"[PREMIUM]","[PREMIUM]","[PREMIUM]","[PREMIUM]",true,false,"['Clear view']","2026-07-18 02:41:01"
"13389478693","2026-07-18 23:27:51.251","2026-07-22 04:04:10.029","13389478693","161495882","[PREMIUM]","[PREMIUM]","115","4","_",,,6,"[1,2,3,4,5,6]",594,"Lower",10,"Mobile Transfer ticket",1,"[PREMIUM]","[PREMIUM]","[PREMIUM]","[PREMIUM]",true,false,"['Clear view']","2026-07-18 06:49:16"
"13392545645","2026-07-18 23:27:51.251","2026-07-28 23:21:09.990","13392545645","161495882","[PREMIUM]","[PREMIUM]","117","4","5_6","5",,2,"[2]",594,"Lower",10,"Mobile Transfer ticket",1,"[PREMIUM]","[PREMIUM]","[PREMIUM]","[PREMIUM]",true,false,"['Clear view']","2026-07-18 19:35:56"
"13388255884","2026-07-18 23:27:51.243","2026-07-18 23:27:51.243","13388255884","161495882","[PREMIUM]","[PREMIUM]","103","9","9001_9004","9001",,4,"[1,2,3,4]",594,"Lower",11,"Mobile ticket",1,"[PREMIUM]","[PREMIUM]","[PREMIUM]","[PREMIUM]",true,false,"['Clear view']","2026-07-18 02:42:26"
"13388248316","2026-07-18 23:27:51.243","2026-07-18 23:27:51.243","13388248316","161495882","[PREMIUM]","[PREMIUM]","102","4","9001_9006","9001",,6,"[1,2,3,4,5,6]",594,"Lower",11,"Mobile ticket",1,"[PREMIUM]","[PREMIUM]","[PREMIUM]","[PREMIUM]",true,false,"['Clear view']","2026-07-18 02:41:01"
"13388263276","2026-07-18 23:27:51.243","2026-07-18 23:27:51.243","13388263276","161495882","[PREMIUM]","[PREMIUM]","115","3","9001_9004","9001",,4,"[1,2,3,4]",594,"Lower",11,"Mobile ticket",1,"[PREMIUM]","[PREMIUM]","[PREMIUM]","[PREMIUM]",true,false,"['Third Row of Section','Clear view']","2026-07-18 02:43:42"
"13388255910","2026-07-18 23:27:51.243","2026-07-18 23:27:51.243","13388255910","161495882","[PREMIUM]","[PREMIUM]","104","8","9001_9004","9001",,4,"[1,2,3,4]",594,"Lower",11,"Mobile ticket",1,"[PREMIUM]","[PREMIUM]","[PREMIUM]","[PREMIUM]",true,false,"['Clear view']","2026-07-18 02:42:26"
"13388302559","2026-07-18 23:27:51.149","2026-07-31 06:36:02.273","13388302559","161482413","[PREMIUM]","[PREMIUM]","119","M","5_8","5","8",4,"[1,2,4]",471,"Middle",10,"Mobile Transfer ticket",1,"[PREMIUM]","[PREMIUM]","[PREMIUM]","[PREMIUM]",true,false,"['Clear view']","2026-07-18 02:56:23"
"13388246960","2026-07-18 23:27:51.117","2026-07-19 23:45:34.230","13388246960","161495882","[PREMIUM]","[PREMIUM]","128","2","9001_9002","9001",,2,"[2]",594,"Lower",11,"Mobile ticket",1,"[PREMIUM]","[PREMIUM]","[PREMIUM]","[PREMIUM]",true,false,"['Second Row of Section','Clear view']","2026-07-18 02:40:39"
"13388254594","2026-07-18 23:27:51.117","2026-07-19 23:45:33.820","13388254594","161495882","[PREMIUM]","[PREMIUM]","107","13","9001_9005","9001",,5,"[1,2,3,4,5]",594,"Lower",11,"Mobile ticket",1,"[PREMIUM]","[PREMIUM]","[PREMIUM]","[PREMIUM]",true,false,"['Clear view']","2026-07-18 02:42:01"
"13388254598","2026-07-18 23:27:51.117","2026-07-19 23:45:33.820","13388254598","161495882","[PREMIUM]","[PREMIUM]","107","16","9001_9003","9001",,3,"[1,2,3]",594,"Lower",11,"Mobile ticket",1,"[PREMIUM]","[PREMIUM]","[PREMIUM]","[PREMIUM]",true,false,"['Clear view']","2026-07-18 02:42:01"
"13389478689","2026-07-18 23:27:51.117","2026-07-22 04:04:10.052","13389478689","161495882","[PREMIUM]","[PREMIUM]","116","6","_",,,6,"[1,2,3,4,5,6]",594,"Lower",10,"Mobile Transfer ticket",1,"[PREMIUM]","[PREMIUM]","[PREMIUM]","[PREMIUM]",true,false,"['Clear view']","2026-07-18 06:49:16"
"13389478688","2026-07-18 23:27:51.117","2026-07-22 04:04:10.052","13389478688","161495882","[PREMIUM]","[PREMIUM]","102","8","_",,,3,"[1,2,3]",594,"Lower",10,"Mobile Transfer ticket",1,"[PREMIUM]","[PREMIUM]","[PREMIUM]","[PREMIUM]",true,false,"['Clear view']","2026-07-18 06:49:16"
"13389478687","2026-07-18 23:27:51.117","2026-07-22 04:04:10.052","13389478687","161495882","[PREMIUM]","[PREMIUM]","114","7","_",,,2,"[2]",594,"Lower",10,"Mobile Transfer ticket",1,"[PREMIUM]","[PREMIUM]","[PREMIUM]","[PREMIUM]",true,false,"['Clear view']","2026-07-18 06:49:16"
"13388246915","2026-07-18 23:27:51.114","2026-07-19 23:45:33.820","13388246915","161495882","[PREMIUM]","[PREMIUM]","113","11","9001_9003","9001",,3,"[1,2,3]",594,"Lower",11,"Mobile ticket",1,"[PREMIUM]","[PREMIUM]","[PREMIUM]","[PREMIUM]",true,false,"['Clear view']","2026-07-18 02:40:38"
"13388246931","2026-07-18 23:27:51.114","2026-07-19 23:45:33.709","13388246931","161495882","[PREMIUM]","[PREMIUM]","113","9","9001_9002","9001",,2,"[2]",594,"Lower",11,"Mobile ticket",1,"[PREMIUM]","[PREMIUM]","[PREMIUM]","[PREMIUM]",true,false,"['Clear view']","2026-07-18 02:40:38"
"13388255717","2026-07-18 23:27:51.114","2026-07-19 23:45:33.709","13388255717","161495882","[PREMIUM]","[PREMIUM]","104","9","9001_9002","9001",,2,"[2]",594,"Lower",11,"Mobile ticket",1,"[PREMIUM]","[PREMIUM]","[PREMIUM]","[PREMIUM]",true,false,"['Clear view']","2026-07-18 02:42:25"
"13388254520","2026-07-18 23:27:51.114","2026-07-19 23:45:33.820","13388254520","161495882","[PREMIUM]","[PREMIUM]","107","11","9001_9003","9001",,3,"[1,2,3]",594,"Lower",11,"Mobile ticket",1,"[PREMIUM]","[PREMIUM]","[PREMIUM]","[PREMIUM]",true,false,"['Clear view']","2026-07-18 02:42:00"
"13388262393","2026-07-18 23:27:51.097","2026-07-19 23:45:33.761","13388262393","161495882","[PREMIUM]","[PREMIUM]","115","18","9001_9003","9001",,3,"[1,2,3]",594,"Lower",11,"Mobile ticket",1,"[PREMIUM]","[PREMIUM]","[PREMIUM]","[PREMIUM]",true,false,"['Clear view']","2026-07-18 02:43:33"
"13388248274","2026-07-18 23:27:51.097","2026-07-19 23:45:33.761","13388248274","161495882","[PREMIUM]","[PREMIUM]","101","22","9001_9004","9001",,4,"[1,2,3,4]",594,"Lower",11,"Mobile ticket",1,"[PREMIUM]","[PREMIUM]","[PREMIUM]","[PREMIUM]",true,false,"['Clear view']","2026-07-18 02:41:00"
"13388248320","2026-07-18 23:27:51.097","2026-07-19 23:45:33.761","13388248320","161495882","[PREMIUM]","[PREMIUM]","101","20","9001_9003","9001",,3,"[1,2,3]",594,"Lower",11,"Mobile ticket",1,"[PREMIUM]","[PREMIUM]","[PREMIUM]","[PREMIUM]",true,false,"['Clear view']","2026-07-18 02:41:01"
"13388248310","2026-07-18 23:27:51.097","2026-07-19 23:45:33.761","13388248310","161495882","[PREMIUM]","[PREMIUM]","101","21","9001_9003","9001",,3,"[1,2,3]",594,"Lower",11,"Mobile ticket",1,"[PREMIUM]","[PREMIUM]","[PREMIUM]","[PREMIUM]",true,false,"['Clear view']","2026-07-18 02:41:01"
"13388263284","2026-07-18 23:27:51.097","2026-07-19 23:45:33.911","13388263284","161495882","[PREMIUM]","[PREMIUM]","115","19","9001_9003","9001",,3,"[1,2,3]",594,"Lower",11,"Mobile ticket",1,"[PREMIUM]","[PREMIUM]","[PREMIUM]","[PREMIUM]",true,false,"['Clear view']","2026-07-18 02:43:42"
"13388262448","2026-07-18 23:27:51.097","2026-07-19 23:45:33.911","13388262448","161495882","[PREMIUM]","[PREMIUM]","115","25","9001_9003","9001",,3,"[1,2,3]",594,"Lower",11,"Mobile ticket",1,"[PREMIUM]","[PREMIUM]","[PREMIUM]","[PREMIUM]",true,false,"['Clear view']","2026-07-18 02:43:34"
"13388246930","2026-07-18 23:27:51.077","2026-07-19 23:45:33.911","13388246930","161495882","[PREMIUM]","[PREMIUM]","113","10","9001_9002","9001",,2,"[2]",594,"Lower",11,"Mobile ticket",1,"[PREMIUM]","[PREMIUM]","[PREMIUM]","[PREMIUM]",true,false,"['Clear view']","2026-07-18 02:40:38"
"13388254612","2026-07-18 23:27:51.077","2026-07-19 23:45:33.709","13388254612","161495882","[PREMIUM]","[PREMIUM]","106","7","9001_9002","9001",,2,"[2]",594,"Lower",11,"Mobile ticket",1,"[PREMIUM]","[PREMIUM]","[PREMIUM]","[PREMIUM]",true,false,"['Clear view']","2026-07-18 02:42:01"
"13388254600","2026-07-18 23:27:51.077","2026-07-19 23:45:33.911","13388254600","161495882","[PREMIUM]","[PREMIUM]","107","7","9001_9004","9001",,4,"[1,2,3,4]",594,"Lower",11,"Mobile ticket",1,"[PREMIUM]","[PREMIUM]","[PREMIUM]","[PREMIUM]",true,false,"['Clear view']","2026-07-18 02:42:01"
"13388262444","2026-07-18 23:27:51.059","2026-07-19 23:45:33.792","13388262444","161495882","[PREMIUM]","[PREMIUM]","115","24","9001_9002","9001",,2,"[2]",594,"Lower",11,"Mobile ticket",1,"[PREMIUM]","[PREMIUM]","[PREMIUM]","[PREMIUM]",true,false,"['Clear view']","2026-07-18 02:43:34"
"13388248271","2026-07-18 23:27:51.059","2026-07-19 23:45:33.761","13388248271","161495882","[PREMIUM]","[PREMIUM]","101","18","9001_9003","9001",,3,"[1,2,3]",594,"Lower",11,"Mobile ticket",1,"[PREMIUM]","[PREMIUM]","[PREMIUM]","[PREMIUM]",true,false,"['Clear view']","2026-07-18 02:41:00"
"13388248276","2026-07-18 23:27:51.059","2026-07-19 23:45:33.761","13388248276","161495882","[PREMIUM]","[PREMIUM]","101","19","9001_9004","9001",,4,"[1,2,3,4]",594,"Lower",11,"Mobile ticket",1,"[PREMIUM]","[PREMIUM]","[PREMIUM]","[PREMIUM]",true,false,"['Clear view']","2026-07-18 02:41:00"
"13389478685","2026-07-18 23:27:51.059","2026-07-22 04:04:09.362","13389478685","161495882","[PREMIUM]","[PREMIUM]","104","10","_",,,6,"[1,2,3,4,5,6]",594,"Lower",10,"Mobile Transfer ticket",1,"[PREMIUM]","[PREMIUM]","[PREMIUM]","[PREMIUM]",true,false,"['Clear view']","2026-07-18 06:49:16"
"13389478683","2026-07-18 23:27:51.059","2026-07-22 04:04:09.865","13389478683","161495882","[PREMIUM]","[PREMIUM]","112","8","_",,,2,"[2]",594,"Lower",10,"Mobile Transfer ticket",1,"[PREMIUM]","[PREMIUM]","[PREMIUM]","[PREMIUM]",true,false,"['Clear view']","2026-07-18 06:49:16"
"13389478690","2026-07-18 23:27:51.059","2026-07-22 04:04:09.865","13389478690","161495882","[PREMIUM]","[PREMIUM]","106","12","_",,,4,"[1,2,3,4]",594,"Lower",10,"Mobile Transfer ticket",1,"[PREMIUM]","[PREMIUM]","[PREMIUM]","[PREMIUM]",true,false,"['Clear view']","2026-07-18 06:49:16"
"13388248314","2026-07-18 23:27:51.017","2026-07-19 23:45:33.699","13388248314","161495882","[PREMIUM]","[PREMIUM]","102","WCA","9001_9002","9001",,2,"[2]",594,"Lower",11,"Mobile ticket",1,"[PREMIUM]","[PREMIUM]","[PREMIUM]","[PREMIUM]",true,false,"['ADA Accessible','Clear view']","2026-07-18 02:41:01"
"13388248321","2026-07-18 23:27:51.017","2026-07-19 23:45:33.699","13388248321","161495882","[PREMIUM]","[PREMIUM]","102","22","9001_9006","9001",,6,"[1,2,3,4,5,6]",594,"Lower",11,"Mobile ticket",1,"[PREMIUM]","[PREMIUM]","[PREMIUM]","[PREMIUM]",true,false,"['Clear view']","2026-07-18 02:41:01"
"13388248326","2026-07-18 23:27:51.017","2026-07-19 23:45:33.699","13388248326","161495882","[PREMIUM]","[PREMIUM]","102","23","9001_9006","9001",,6,"[1,2,3,4,5,6]",594,"Lower",11,"Mobile ticket",1,"[PREMIUM]","[PREMIUM]","[PREMIUM]","[PREMIUM]",true,false,"['Clear view']","2026-07-18 02:41:01"
"13389481228","2026-07-18 23:27:51.017","2026-07-22 04:04:09.865","13389481228","161495882","[PREMIUM]","[PREMIUM]","113","12","_",,,5,"[1,2,3,5]",594,"Lower",10,"Mobile Transfer ticket",1,"[PREMIUM]","[PREMIUM]","[PREMIUM]","[PREMIUM]",true,false,"['Clear view']","2026-07-18 06:49:43"
"13389478684","2026-07-18 23:27:51.017","2026-07-22 04:04:09.865","13389478684","161495882","[PREMIUM]","[PREMIUM]","103","10","_",,,4,"[1,2,3,4]",594,"Lower",10,"Mobile Transfer ticket",1,"[PREMIUM]","[PREMIUM]","[PREMIUM]","[PREMIUM]",true,false,"['Clear view']","2026-07-18 06:49:16"
"13389478682","2026-07-18 23:27:51.017","2026-07-22 04:04:09.865","13389478682","161495882","[PREMIUM]","[PREMIUM]","110","15","_",,,6,"[1,2,3,4,5,6]",594,"Lower",10,"Mobile Transfer ticket",1,"[PREMIUM]","[PREMIUM]","[PREMIUM]","[PREMIUM]",true,false,"['Clear view']","2026-07-18 06:49:16"
"13377424126","2026-07-18 23:27:50.972","2026-07-19 23:45:33.500","13377424126","161495882","[PREMIUM]","[PREMIUM]","101","26","_",,,2,"[1,2]",594,"Lower",10,"Mobile Transfer ticket",1,"[PREMIUM]","[PREMIUM]","[PREMIUM]","[PREMIUM]",true,true,"['Clear view']","2026-07-16 23:07:38"
"13388257941","2026-07-18 23:27:50.972","2026-07-19 23:45:33.500","13388257941","161495882","[PREMIUM]","[PREMIUM]","216","1","9001_9004","9001",,4,"[1,2,3,4]",407,"Upper",11,"Mobile ticket",1,"[PREMIUM]","[PREMIUM]","[PREMIUM]","[PREMIUM]",true,false,"['Front Row of Section','Clear view']","2026-07-18 02:42:45"
"13388258005","2026-07-18 23:27:50.972","2026-07-19 23:45:33.500","13388258005","161495882","[PREMIUM]","[PREMIUM]","202","1","9001_9003","9001",,3,"[1,2,3]",407,"Upper",11,"Mobile ticket",1,"[PREMIUM]","[PREMIUM]","[PREMIUM]","[PREMIUM]",true,false,"['Front Row of Section','Clear view']","2026-07-18 02:42:45"
"13388248308","2026-07-18 23:27:50.954","2026-07-19 23:45:33.453","13388248308","161495882","[PREMIUM]","[PREMIUM]","102","21","9001_9006","9001",,6,"[1,2,3,4,5,6]",594,"Lower",11,"Mobile ticket",1,"[PREMIUM]","[PREMIUM]","[PREMIUM]","[PREMIUM]",true,false,"['Clear view']","2026-07-18 02:41:01"
"13388248309","2026-07-18 23:27:50.954","2026-07-19 23:45:33.453","13388248309","161495882","[PREMIUM]","[PREMIUM]","102","24","9001_9009","9001",,9,"[1,2,3,4,5,6,7,8,9]",594,"Lower",11,"Mobile ticket",1,"[PREMIUM]","[PREMIUM]","[PREMIUM]","[PREMIUM]",true,false,"['Clear view']","2026-07-18 02:41:01"
"13388248311","2026-07-18 23:27:50.954","2026-07-19 23:45:33.453","13388248311","161495882","[PREMIUM]","[PREMIUM]","102","18","9001_9005","9001",,5,"[1,2,3,4,5]",594,"Lower",11,"Mobile ticket",1,"[PREMIUM]","[PREMIUM]","[PREMIUM]","[PREMIUM]",true,false,"['Clear view']","2026-07-18 02:41:01"
"13388262405","2026-07-18 23:27:50.915","2026-07-18 23:27:50.915","13388262405","161495882","[PREMIUM]","[PREMIUM]","117","5","9001_9005","9001",,5,"[1,2,3,4,5]",594,"Lower",11,"Mobile ticket",1,"[PREMIUM]","[PREMIUM]","[PREMIUM]","[PREMIUM]",true,false,"['Clear view']","2026-07-18 02:43:34"
"13388248304","2026-07-18 23:27:50.915","2026-07-18 23:27:50.915","13388248304","161495882","[PREMIUM]","[PREMIUM]","102","19","9001_9006","9001",,6,"[1,2,3,4,5,6]",594,"Lower",11,"Mobile ticket",1,"[PREMIUM]","[PREMIUM]","[PREMIUM]","[PREMIUM]",true,false,"['Clear view']","2026-07-18 02:41:01"
"13388248318","2026-07-18 23:27:50.915","2026-07-18 23:27:50.915","13388248318","161495882","[PREMIUM]","[PREMIUM]","102","20","9001_9005","9001",,5,"[1,2,3,4,5]",594,"Lower",11,"Mobile ticket",1,"[PREMIUM]","[PREMIUM]","[PREMIUM]","[PREMIUM]",true,false,"['Clear view']","2026-07-18 02:41:01"
"13388246910","2026-07-18 23:27:50.906","2026-07-19 23:45:33.333","13388246910","161495882","[PREMIUM]","[PREMIUM]","113","20","9001_9002","9001",,2,"[2]",594,"Lower",11,"Mobile ticket",1,"[PREMIUM]","[PREMIUM]","[PREMIUM]","[PREMIUM]",true,false,"['Clear view']","2026-07-18 02:40:38"
"13388246912","2026-07-18 23:27:50.906","2026-07-19 23:45:33.333","13388246912","161495882","[PREMIUM]","[PREMIUM]","113","22","9001_9007","9001",,7,"[1,2,3,4,5,6,7]",594,"Lower",11,"Mobile ticket",1,"[PREMIUM]","[PREMIUM]","[PREMIUM]","[PREMIUM]",true,false,"['Clear view']","2026-07-18 02:40:38"
"13388246914","2026-07-18 23:27:50.906","2026-07-19 23:45:33.333","13388246914","161495882","[PREMIUM]","[PREMIUM]","113","25","9001_9004","9001",,4,"[1,2,3,4]",594,"Lower",11,"Mobile ticket",1,"[PREMIUM]","[PREMIUM]","[PREMIUM]","[PREMIUM]",true,false,"['Clear view']","2026-07-18 02:40:38"
"13389478622","2026-07-18 23:27:50.906","2026-07-21 02:34:33.073","13389478622","161495882","[PREMIUM]","[PREMIUM]","218","1","_",,,6,"[1,2,3,4,5,6]",407,"Upper",10,"Mobile Transfer ticket",1,"[PREMIUM]","[PREMIUM]","[PREMIUM]","[PREMIUM]",true,false,"['Front Row of Section','Clear view']","2026-07-18 06:49:15"
"13388246986","2026-07-18 23:27:50.900","2026-07-19 23:45:33.361","13388246986","161495882","[PREMIUM]","[PREMIUM]","224","1","9001_9003","9001",,3,"[1,2,3]",407,"Upper",11,"Mobile ticket",1,"[PREMIUM]","[PREMIUM]","[PREMIUM]","[PREMIUM]",true,false,"['Front Row of Section','Clear view']","2026-07-18 02:40:39"
"13388254141","2026-07-18 23:27:50.900","2026-07-19 23:45:33.361","13388254141","161495882","[PREMIUM]","[PREMIUM]","211","1","9001_9004","9001",,4,"[1,2,3,4]",407,"Upper",11,"Mobile ticket",1,"[PREMIUM]","[PREMIUM]","[PREMIUM]","[PREMIUM]",true,false,"['Front Row of Section','Clear view']","2026-07-18 02:41:56"
"13388254099","2026-07-18 23:27:50.900","2026-07-19 23:45:33.688","13388254099","161495882","[PREMIUM]","[PREMIUM]","205","1","9001_9002","9001",,2,"[2]",407,"Upper",11,"Mobile ticket",1,"[PREMIUM]","[PREMIUM]","[PREMIUM]","[PREMIUM]",true,false,"['Front Row of Section','Clear view']","2026-07-18 02:41:55"
"13388257939","2026-07-18 23:27:50.880","2026-07-19 23:45:33.446","13388257939","161495882","[PREMIUM]","[PREMIUM]","228","1","9001_9002","9001",,2,"[2]",407,"Upper",11,"Mobile ticket",1,"[PREMIUM]","[PREMIUM]","[PREMIUM]","[PREMIUM]",true,false,"['Front Row of Section','Clear view']","2026-07-18 02:42:45"
"13388255892","2026-07-18 23:27:50.880","2026-07-18 23:27:50.880","13388255892","161495882","[PREMIUM]","[PREMIUM]","103","20","9001_9003","9001",,3,"[1,2,3]",594,"Lower",11,"Mobile ticket",1,"[PREMIUM]","[PREMIUM]","[PREMIUM]","[PREMIUM]",true,false,"['Clear view']","2026-07-18 02:42:26"
"13388255891","2026-07-18 23:27:50.880","2026-07-18 23:27:50.880","13388255891","161495882","[PREMIUM]","[PREMIUM]","103","19","9001_9003","9001",,3,"[1,2,3]",594,"Lower",11,"Mobile ticket",1,"[PREMIUM]","[PREMIUM]","[PREMIUM]","[PREMIUM]",true,false,"['Clear view']","2026-07-18 02:42:26"
"13389481226","2026-07-18 23:27:50.880","2026-07-21 02:34:34.666","13389481226","161495882","[PREMIUM]","[PREMIUM]","117","6","_",,,4,"[1,2,3,4]",594,"Lower",10,"Mobile Transfer ticket",1,"[PREMIUM]","[PREMIUM]","[PREMIUM]","[PREMIUM]",true,false,"['Clear view']","2026-07-18 06:49:43"
"13389478680","2026-07-18 23:27:50.880","2026-07-21 02:34:34.666","13389478680","161495882","[PREMIUM]","[PREMIUM]","126","10","_",,,4,"[1,2,3,4]",594,"Lower",10,"Mobile Transfer ticket",1,"[PREMIUM]","[PREMIUM]","[PREMIUM]","[PREMIUM]",true,false,"['Front Row of Section','Clear view']","2026-07-18 06:49:16"
"13388246901","2026-07-18 23:27:50.870","2026-07-19 23:45:33.333","13388246901","161495882","[PREMIUM]","[PREMIUM]","112","24","9001_9005","9001",,5,"[1,2,3,4,5]",594,"Lower",11,"Mobile ticket",1,"[PREMIUM]","[PREMIUM]","[PREMIUM]","[PREMIUM]",true,false,"['Clear view']","2026-07-18 02:40:38"
"13388246900","2026-07-18 23:27:50.870","2026-07-19 23:45:33.333","13388246900","161495882","[PREMIUM]","[PREMIUM]","112","23","9001_9002","9001",,2,"[2]",594,"Lower",11,"Mobile ticket",1,"[PREMIUM]","[PREMIUM]","[PREMIUM]","[PREMIUM]",true,false,"['Clear view']","2026-07-18 02:40:38"
"13388246916","2026-07-18 23:27:50.870","2026-07-18 23:27:50.870","13388246916","161495882","[PREMIUM]","[PREMIUM]","112","20","9001_9006","9001",,6,"[1,2,3,4,5,6]",594,"Lower",11,"Mobile ticket",1,"[PREMIUM]","[PREMIUM]","[PREMIUM]","[PREMIUM]",true,false,"['Clear view']","2026-07-18 02:40:38"
"13388246904","2026-07-18 23:27:50.870","2026-07-18 23:27:50.870","13388246904","161495882","[PREMIUM]","[PREMIUM]","112","18","9001_9004","9001",,4,"[1,2,3,4]",594,"Lower",11,"Mobile ticket",1,"[PREMIUM]","[PREMIUM]","[PREMIUM]","[PREMIUM]",true,false,"['Clear view']","2026-07-18 02:40:38"
"13389054725","2026-07-18 23:27:50.870","2026-07-24 00:23:12.989","13389054725","161482383","[PREMIUM]","[PREMIUM]","123","L","_",,,4,"[2,4]",471,"Middle",10,"Mobile Transfer ticket",1,"[PREMIUM]","[PREMIUM]","[PREMIUM]","[PREMIUM]",true,false,"['Clear view']","2026-07-18 05:13:10"
"13388254145","2026-07-18 23:27:50.849","2026-07-19 23:45:33.688","13388254145","161495882","[PREMIUM]","[PREMIUM]","212","1","9001_9002","9001",,2,"[2]",407,"Upper",11,"Mobile ticket",1,"[PREMIUM]","[PREMIUM]","[PREMIUM]","[PREMIUM]",true,false,"['Front Row of Section','Clear view']","2026-07-18 02:41:56"
"13388259306","2026-07-18 23:27:50.849","2026-07-19 23:45:33.688","13388259306","161495882","[PREMIUM]","[PREMIUM]","213","1","9001_9003","9001",,3,"[1,2,3]",407,"Upper",11,"Mobile ticket",1,"[PREMIUM]","[PREMIUM]","[PREMIUM]","[PREMIUM]",true,false,"['Front Row of Section','Clear view']","2026-07-18 02:43:04"
"13388262861","2026-07-18 23:27:50.849","2026-07-19 23:45:33.688","13388262861","161495882","[PREMIUM]","[PREMIUM]","209","1","9001_9002","9001",,2,"[2]",407,"Upper",11,"Mobile ticket",1,"[PREMIUM]","[PREMIUM]","[PREMIUM]","[PREMIUM]",true,false,"['Front Row of Section','Clear view']","2026-07-18 02:43:39"
"13388262936","2026-07-18 23:27:50.849","2026-07-19 23:45:33.688","13388262936","161495882","[PREMIUM]","[PREMIUM]","204","1","9001_9002","9001",,2,"[2]",407,"Upper",11,"Mobile ticket",1,"[PREMIUM]","[PREMIUM]","[PREMIUM]","[PREMIUM]",true,false,"['Front Row of Section','Clear view']","2026-07-18 02:43:40"
"13389478662","2026-07-18 23:27:50.741","2026-07-21 02:34:33.073","13389478662","161495882","[PREMIUM]","[PREMIUM]","210","1","_",,,2,"[2]",407,"Upper",10,"Mobile Transfer ticket",1,"[PREMIUM]","[PREMIUM]","[PREMIUM]","[PREMIUM]",true,false,"['Front Row of Section','Clear view']","2026-07-18 06:49:16"
"13389478651","2026-07-18 23:27:50.741","2026-07-21 02:34:33.073","13389478651","161495882","[PREMIUM]","[PREMIUM]","221","1","_",,,2,"[2]",407,"Upper",10,"Mobile Transfer ticket",1,"[PREMIUM]","[PREMIUM]","[PREMIUM]","[PREMIUM]",true,false,"['Front Row of Section','Clear view']","2026-07-18 06:49:16"
"13389478673","2026-07-18 23:27:50.741","2026-07-21 02:34:33.321","13389478673","161495882","[PREMIUM]","[PREMIUM]","219","1","_",,,4,"[1,2,3,4]",407,"Upper",10,"Mobile Transfer ticket",1,"[PREMIUM]","[PREMIUM]","[PREMIUM]","[PREMIUM]",true,false,"['Front Row of Section','Clear view']","2026-07-18 06:49:16"
"13389481339","2026-07-18 23:27:50.741","2026-07-21 02:34:33.073","13389481339","161495882","[PREMIUM]","[PREMIUM]","223","1","_",,,2,"[2]",407,"Upper",10,"Mobile Transfer ticket",1,"[PREMIUM]","[PREMIUM]","[PREMIUM]","[PREMIUM]",true,false,"['Front Row of Section','Clear view']","2026-07-18 06:49:43"
"13389478642","2026-07-18 23:27:50.741","2026-07-21 02:34:33.321","13389478642","161495882","[PREMIUM]","[PREMIUM]","225","1","_",,,2,"[2]",407,"Upper",10,"Mobile Transfer ticket",1,"[PREMIUM]","[PREMIUM]","[PREMIUM]","[PREMIUM]",true,false,"['Front Row of Section','Clear view']","2026-07-18 06:49:16"
"13388254591","2026-07-18 23:27:50.726","2026-07-19 23:45:33.474","13388254591","161495882","[PREMIUM]","[PREMIUM]","106","21","9001_9002","9001",,2,"[2]",594,"Lower",11,"Mobile ticket",1,"[PREMIUM]","[PREMIUM]","[PREMIUM]","[PREMIUM]",true,false,"['Clear view']","2026-07-18 02:42:01"
"13388254179","2026-07-18 23:27:50.726","2026-07-19 23:45:33.474","13388254179","161495882","[PREMIUM]","[PREMIUM]","106","24","9001_9004","9001",,4,"[1,2,3,4]",594,"Lower",11,"Mobile ticket",1,"[PREMIUM]","[PREMIUM]","[PREMIUM]","[PREMIUM]",true,false,"['Clear view']","2026-07-18 02:41:56"
"13388254172","2026-07-18 23:27:50.726","2026-07-19 23:45:33.474","13388254172","161495882","[PREMIUM]","[PREMIUM]","106","18","9001_9006","9001",,6,"[1,2,3,4,5,6]",594,"Lower",11,"Mobile ticket",1,"[PREMIUM]","[PREMIUM]","[PREMIUM]","[PREMIUM]",true,false,"['Clear view']","2026-07-18 02:41:56"
"13388254604","2026-07-18 23:27:50.726","2026-07-19 23:45:33.474","13388254604","161495882","[PREMIUM]","[PREMIUM]","106","19","9001_9002","9001",,2,"[2]",594,"Lower",11,"Mobile ticket",1,"[PREMIUM]","[PREMIUM]","[PREMIUM]","[PREMIUM]",true,false,"['Clear view']","2026-07-18 02:42:01"
"13388254147","2026-07-18 23:27:50.726","2026-07-19 23:45:33.474","13388254147","161495882","[PREMIUM]","[PREMIUM]","106","23","9001_9004","9001",,4,"[1,2,3,4]",594,"Lower",11,"Mobile ticket",1,"[PREMIUM]","[PREMIUM]","[PREMIUM]","[PREMIUM]",true,false,"['Clear view']","2026-07-18 02:41:56"
"13388262462","2026-07-18 23:27:50.686","2026-07-19 23:45:33.387","13388262462","161495882","[PREMIUM]","[PREMIUM]","118","17","9001_9006","9001",,6,"[1,2,3,4,5,6]",594,"Lower",11,"Mobile ticket",1,"[PREMIUM]","[PREMIUM]","[PREMIUM]","[PREMIUM]",true,false,"['Clear view']","2026-07-18 02:43:34"
"13388262460","2026-07-18 23:27:50.686","2026-07-19 23:45:33.387","13388262460","161495882","[PREMIUM]","[PREMIUM]","117","24","9001_9003","9001",,3,"[1,2,3]",594,"Lower",11,"Mobile ticket",1,"[PREMIUM]","[PREMIUM]","[PREMIUM]","[PREMIUM]",true,false,"['Clear view']","2026-07-18 02:43:34"
"13388262458","2026-07-18 23:27:50.686","2026-07-19 23:45:33.191","13388262458","161495882","[PREMIUM]","[PREMIUM]","117","23","9001_9006","9001",,6,"[1,2,3,4,5,6]",594,"Lower",11,"Mobile ticket",1,"[PREMIUM]","[PREMIUM]","[PREMIUM]","[PREMIUM]",true,false,"['Clear view']","2026-07-18 02:43:34"
"13388263444","2026-07-18 23:27:50.686","2026-07-19 23:45:33.387","13388263444","161495882","[PREMIUM]","[PREMIUM]","120","15","9001_9004","9001",,4,"[1,2,3,4]",594,"Lower",11,"Mobile ticket",1,"[PREMIUM]","[PREMIUM]","[PREMIUM]","[PREMIUM]",true,false,"['Clear view']","2026-07-18 02:43:44"
"13388262395","2026-07-18 23:27:50.686","2026-07-19 23:45:33.191","13388262395","161495882","[PREMIUM]","[PREMIUM]","118","16","9001_9003","9001",,3,"[1,2,3]",594,"Lower",11,"Mobile ticket",1,"[PREMIUM]","[PREMIUM]","[PREMIUM]","[PREMIUM]",true,false,"['Clear view']","2026-07-18 02:43:33"
"13388262422","2026-07-18 23:27:50.686","2026-07-19 23:45:33.191","13388262422","161495882","[PREMIUM]","[PREMIUM]","117","22","9001_9002","9001",,2,"[2]",594,"Lower",11,"Mobile ticket",1,"[PREMIUM]","[PREMIUM]","[PREMIUM]","[PREMIUM]",true,false,"['Clear view']","2026-07-18 02:43:34"
"13377820954","2026-07-18 23:27:50.666","2026-07-31 06:37:50.536","13377820954","161495882","[PREMIUM]","[PREMIUM]","123","6","_",,,2,"[2]",594,"Lower",10,"Mobile Transfer ticket",1,"[PREMIUM]","[PREMIUM]","[PREMIUM]","[PREMIUM]",true,false,"['Clear view']","2026-07-16 23:55:02"
"13388263280","2026-07-18 23:27:50.666","2026-07-19 23:45:33.387","13388263280","161495882","[PREMIUM]","[PREMIUM]","117","17","9001_9002","9001",,2,"[2]",594,"Lower",11,"Mobile ticket",1,"[PREMIUM]","[PREMIUM]","[PREMIUM]","[PREMIUM]",true,false,"['Clear view']","2026-07-18 02:43:42"
"13388263448","2026-07-18 23:27:50.666","2026-07-19 23:45:33.387","13388263448","161495882","[PREMIUM]","[PREMIUM]","120","14","9001_9001","9001",,1,"[1]",594,"Lower",11,"Mobile ticket",1,"[PREMIUM]","[PREMIUM]","[PREMIUM]","[PREMIUM]",false,false,"['Clear view']","2026-07-18 02:43:44"
"13388254161","2026-07-18 23:27:50.666","2026-07-18 23:27:50.666","13388254161","161495882","[PREMIUM]","[PREMIUM]","106","17","9001_9004","9001",,4,"[1,2,3,4]",594,"Lower",11,"Mobile ticket",1,"[PREMIUM]","[PREMIUM]","[PREMIUM]","[PREMIUM]",true,false,"['Clear view']","2026-07-18 02:41:56"
"13392888724","2026-07-18 23:27:50.666","2026-07-18 23:27:50.666","13392888724","161495882","[PREMIUM]","[PREMIUM]","201","3","21_22","21",,2,"[2]",407,"Upper",10,"Mobile Transfer ticket",1,"[PREMIUM]","[PREMIUM]","[PREMIUM]","[PREMIUM]",true,false,"['Third Row of Section','Clear view']","2026-07-18 21:07:53"
"13388254607","2026-07-18 23:27:50.649","2026-07-19 23:45:33.191","13388254607","161495882","[PREMIUM]","[PREMIUM]","124","12","9001_9002","9001",,2,"[2]",594,"Lower",11,"Mobile ticket",1,"[PREMIUM]","[PREMIUM]","[PREMIUM]","[PREMIUM]",true,false,"['Clear view']","2026-07-18 02:42:01"
"13388262421","2026-07-18 23:27:50.649","2026-07-19 23:45:33.193","13388262421","161495882","[PREMIUM]","[PREMIUM]","117","25","9001_9002","9001",,2,"[2]",594,"Lower",11,"Mobile ticket",1,"[PREMIUM]","[PREMIUM]","[PREMIUM]","[PREMIUM]",true,false,"['Clear view']","2026-07-18 02:43:34"
"13388263451","2026-07-18 23:27:50.649","2026-07-19 23:45:33.193","13388263451","161495882","[PREMIUM]","[PREMIUM]","120","10","9001_9001","9001",,1,"[1]",594,"Lower",11,"Mobile ticket",1,"[PREMIUM]","[PREMIUM]","[PREMIUM]","[PREMIUM]",false,false,"['Clear view']","2026-07-18 02:43:44"
"13388263455","2026-07-18 23:27:50.649","2026-07-19 23:45:33.193","13388263455","161495882","[PREMIUM]","[PREMIUM]","120","12","9001_9001","9001",,1,"[1]",594,"Lower",11,"Mobile ticket",1,"[PREMIUM]","[PREMIUM]","[PREMIUM]","[PREMIUM]",false,false,"['Clear view']","2026-07-18 02:43:44"
"13388262456","2026-07-18 23:27:50.649","2026-07-19 23:45:33.193","13388262456","161495882","[PREMIUM]","[PREMIUM]","118","15","9001_9002","9001",,2,"[2]",594,"Lower",11,"Mobile ticket",1,"[PREMIUM]","[PREMIUM]","[PREMIUM]","[PREMIUM]",true,false,"['Clear view']","2026-07-18 02:43:34"
"13376085157","2026-07-18 23:27:50.569","2026-07-31 06:37:12.360","13376085157","161470433","[PREMIUM]","[PREMIUM]","L9","C","5_8","5","8",4,"[1,2,4]",3600,"Loge Box",9,"Mobile Transfer ticket",1,"[PREMIUM]","[PREMIUM]","[PREMIUM]","[PREMIUM]",true,false,"['Third Row of Section','Clear view']","2026-07-16 20:22:47"
"13376154318","2026-07-18 23:27:50.569","2026-07-21 02:32:30.782","13376154318","161470433","[PREMIUM]","[PREMIUM]","15","DD","_",,,3,"[1,2,3]",594,"Lower",10,"Mobile Transfer ticket",1,"[PREMIUM]","[PREMIUM]","[PREMIUM]","[PREMIUM]",true,false,"['VIP Club','Access to VIP Club','Padded Seats','Actual 4th row of section','Clear view']","2026-07-16 20:32:35"
"13390201214","2026-07-18 23:27:50.557","2026-07-24 00:23:17.469","13390201214","161470433","[PREMIUM]","[PREMIUM]","117","H","7_8","7","8",2,"[2]",471,"Middle",9,"Mobile Transfer ticket",1,"[PREMIUM]","[PREMIUM]","[PREMIUM]","[PREMIUM]",true,false,"['Aisle seat','Clear view']","2026-07-18 11:28:03"
"13390203044","2026-07-18 23:27:50.557","2026-07-31 06:37:12.098","13390203044","161470433","[PREMIUM]","[PREMIUM]","212","A","9_10","9","10",2,"[2]",407,"Upper",9,"Mobile Transfer ticket",1,"[PREMIUM]","[PREMIUM]","[PREMIUM]","[PREMIUM]",true,false,"['Actual 1st row of the section','Clear view']","2026-07-18 11:29:25"
"13377425921","2026-07-18 23:27:50.501","2026-07-21 02:34:33.081","13377425921","161495882","[PREMIUM]","[PREMIUM]","117","26","_",,,2,"[1,2]",594,"Lower",10,"Mobile Transfer ticket",1,"[PREMIUM]","[PREMIUM]","[PREMIUM]","[PREMIUM]",true,true,"['Clear view']","2026-07-16 23:07:46"
"13388254527","2026-07-18 23:27:50.501","2026-07-18 23:27:50.501","13388254527","161495882","[PREMIUM]","[PREMIUM]","214","3","9001_9003","9001",,3,"[1,2,3]",407,"Upper",11,"Mobile ticket",1,"[PREMIUM]","[PREMIUM]","[PREMIUM]","[PREMIUM]",true,false,"['Third Row of Section','Clear view']","2026-07-18 02:42:00"
"13388257992","2026-07-18 23:27:50.501","2026-07-19 23:45:33.051","13388257992","161495882","[PREMIUM]","[PREMIUM]","202","2","9001_9006","9001",,6,"[1,2,3,4,5,6]",407,"Upper",11,"Mobile ticket",1,"[PREMIUM]","[PREMIUM]","[PREMIUM]","[PREMIUM]",true,false,"['Second Row of Section','Clear view']","2026-07-18 02:42:45"
"13388258066","2026-07-18 23:27:50.501","2026-07-19 23:45:33.051","13388258066","161495882","[PREMIUM]","[PREMIUM]","202","4","9001_9003","9001",,3,"[1,2,3]",407,"Upper",11,"Mobile ticket",1,"[PREMIUM]","[PREMIUM]","[PREMIUM]","[PREMIUM]",true,false,"['Limited or Obstructed View (printed on ticket)']","2026-07-18 02:42:46"
"13390148540","2026-07-18 23:27:50.501","2026-07-21 02:34:05.970","13390148540","161495882","[PREMIUM]","[PREMIUM]","228","2","9001_9002","9001",,2,"[2]",407,"Upper",11,"Mobile ticket",1,"[PREMIUM]","[PREMIUM]","[PREMIUM]","[PREMIUM]",true,false,"['Limited or Obstructed View (printed on ticket)','Second Row of Section']","2026-07-18 11:09:17"
"13388257949","2026-07-18 23:27:50.466","2026-07-19 23:45:33.051","13388257949","161495882","[PREMIUM]","[PREMIUM]","216","2","9001_9002","9001",,2,"[2]",407,"Upper",11,"Mobile ticket",1,"[PREMIUM]","[PREMIUM]","[PREMIUM]","[PREMIUM]",true,false,"['Second Row of Section','Clear view']","2026-07-18 02:42:45"
"13389481368","2026-07-18 23:27:50.466","2026-07-19 23:45:33.051","13389481368","161495882","[PREMIUM]","[PREMIUM]","124","16","_",,,2,"[2]",594,"Lower",10,"Mobile Transfer ticket",1,"[PREMIUM]","[PREMIUM]","[PREMIUM]","[PREMIUM]",true,false,"['Clear view']","2026-07-18 06:49:43"
"13389478668","2026-07-18 23:27:50.466","2026-07-22 04:04:08.496","13389478668","161495882","[PREMIUM]","[PREMIUM]","215","5","_",,,6,"[1,2,3,4,5,6]",407,"Upper",10,"Mobile Transfer ticket",1,"[PREMIUM]","[PREMIUM]","[PREMIUM]","[PREMIUM]",true,false,"['Clear view']","2026-07-18 06:49:16"
"13389478666","2026-07-18 23:27:50.466","2026-07-22 04:04:08.496","13389478666","161495882","[PREMIUM]","[PREMIUM]","214","4","_",,,6,"[1,2,3,4,5,6]",407,"Upper",10,"Mobile Transfer ticket",1,"[PREMIUM]","[PREMIUM]","[PREMIUM]","[PREMIUM]",true,false,"['Clear view']","2026-07-18 06:49:16"
"13388254506","2026-07-18 23:27:50.416","2026-07-19 23:45:32.859","13388254506","161495882","[PREMIUM]","[PREMIUM]","214","8","9001_9003","9001",,3,"[1,2,3]",407,"Upper",11,"Mobile ticket",1,"[PREMIUM]","[PREMIUM]","[PREMIUM]","[PREMIUM]",true,false,"['Clear view']","2026-07-18 02:42:00"
"13388254508","2026-07-18 23:27:50.416","2026-07-19 23:45:32.859","13388254508","161495882","[PREMIUM]","[PREMIUM]","214","7","9001_9006","9001",,6,"[1,2,3,4,5,6]",407,"Upper",11,"Mobile ticket",1,"[PREMIUM]","[PREMIUM]","[PREMIUM]","[PREMIUM]",true,false,"['Clear view']","2026-07-18 02:42:00"
"13388254512","2026-07-18 23:27:50.406","2026-07-18 23:27:50.406","13388254512","161495882","[PREMIUM]","[PREMIUM]","214","10","9001_9008","9001",,8,"[1,2,3,4,5,6,7,8]",407,"Upper",11,"Mobile ticket",1,"[PREMIUM]","[PREMIUM]","[PREMIUM]","[PREMIUM]",true,false,"['Clear view']","2026-07-18 02:42:00"
"13388259302","2026-07-18 23:27:50.406","2026-07-19 23:45:32.726","13388259302","161495882","[PREMIUM]","[PREMIUM]","202","6","9001_9008","9001",,8,"[1,2,3,4,5,6,7,8]",407,"Upper",11,"Mobile ticket",1,"[PREMIUM]","[PREMIUM]","[PREMIUM]","[PREMIUM]",true,false,"['Clear view']","2026-07-18 02:43:04"
"13388254537","2026-07-18 23:27:50.406","2026-07-19 23:45:32.726","13388254537","161495882","[PREMIUM]","[PREMIUM]","214","5","9001_9002","9001",,2,"[2]",407,"Upper",11,"Mobile ticket",1,"[PREMIUM]","[PREMIUM]","[PREMIUM]","[PREMIUM]",true,false,"['Clear view']","2026-07-18 02:42:00"
"13388254134","2026-07-18 23:27:50.350","2026-07-19 23:45:32.590","13388254134","161495882","[PREMIUM]","[PREMIUM]","212","2","9001_9002","9001",,2,"[2]",407,"Upper",11,"Mobile ticket",1,"[PREMIUM]","[PREMIUM]","[PREMIUM]","[PREMIUM]",true,false,"['Limited or Obstructed View (printed on ticket)','Second Row of Section']","2026-07-18 02:41:56"
"13388262864","2026-07-18 23:27:50.350","2026-07-19 23:45:32.988","13388262864","161495882","[PREMIUM]","[PREMIUM]","209","3","9001_9002","9001",,2,"[2]",407,"Upper",11,"Mobile ticket",1,"[PREMIUM]","[PREMIUM]","[PREMIUM]","[PREMIUM]",true,false,"['Limited or Obstructed View (printed on ticket)','Third Row of Section']","2026-07-18 02:43:39"
"13388258018","2026-07-18 23:27:50.350","2026-07-19 23:45:32.988","13388258018","161495882","[PREMIUM]","[PREMIUM]","203","4","9001_9003","9001",,3,"[1,2,3]",407,"Upper",11,"Mobile ticket",1,"[PREMIUM]","[PREMIUM]","[PREMIUM]","[PREMIUM]",true,false,"['Clear view']","2026-07-18 02:42:45"
"13388262411","2026-07-18 23:27:50.350","2026-07-19 23:45:32.988","13388262411","161495882","[PREMIUM]","[PREMIUM]","210","5","9001_9002","9001",,2,"[2]",407,"Upper",11,"Mobile ticket",1,"[PREMIUM]","[PREMIUM]","[PREMIUM]","[PREMIUM]",true,false,"['Clear view']","2026-07-18 02:43:34"
"13388254096","2026-07-18 23:27:50.350","2026-07-19 23:45:32.590","13388254096","161495882","[PREMIUM]","[PREMIUM]","206","3","9001_9004","9001",,4,"[1,2,3,4]",407,"Upper",11,"Mobile ticket",1,"[PREMIUM]","[PREMIUM]","[PREMIUM]","[PREMIUM]",true,false,"['Third Row of Section','Clear view']","2026-07-18 02:41:55"
"13388262945","2026-07-18 23:27:50.350","2026-07-19 23:45:32.988","13388262945","161495882","[PREMIUM]","[PREMIUM]","204","3","9001_9003","9001",,3,"[1,2,3]",407,"Upper",11,"Mobile ticket",1,"[PREMIUM]","[PREMIUM]","[PREMIUM]","[PREMIUM]",true,false,"['Limited or Obstructed View (printed on ticket)','Third Row of Section']","2026-07-18 02:43:40"
"13388255708","2026-07-18 23:27:50.339","2026-07-19 23:45:32.590","13388255708","161495882","[PREMIUM]","[PREMIUM]","204","4","9001_9003","9001",,3,"[1,2,3]",407,"Upper",11,"Mobile ticket",1,"[PREMIUM]","[PREMIUM]","[PREMIUM]","[PREMIUM]",true,false,"['Clear view']","2026-07-18 02:42:25"
"13388254528","2026-07-18 23:27:50.339","2026-07-19 23:45:32.590","13388254528","161495882","[PREMIUM]","[PREMIUM]","210","4","9001_9002","9001",,2,"[2]",407,"Upper",11,"Mobile ticket",1,"[PREMIUM]","[PREMIUM]","[PREMIUM]","[PREMIUM]",true,false,"['Clear view']","2026-07-18 02:42:00"
"13388255707","2026-07-18 23:27:50.339","2026-07-19 23:45:32.590","13388255707","161495882","[PREMIUM]","[PREMIUM]","204","5","9001_9002","9001",,2,"[2]",407,"Upper",11,"Mobile ticket",1,"[PREMIUM]","[PREMIUM]","[PREMIUM]","[PREMIUM]",true,false,"['Clear view']","2026-07-18 02:42:25"
"13388259393","2026-07-18 23:27:50.339","2026-07-18 23:27:50.339","13388259393","161495882","[PREMIUM]","[PREMIUM]","207","3","9001_9002","9001",,2,"[2]",407,"Upper",11,"Mobile ticket",1,"[PREMIUM]","[PREMIUM]","[PREMIUM]","[PREMIUM]",true,false,"['Limited or Obstructed View (printed on ticket)','Third Row of Section']","2026-07-18 02:43:05"
"13388258004","2026-07-18 23:27:50.339","2026-07-18 23:27:50.339","13388258004","161495882","[PREMIUM]","[PREMIUM]","203","5","9001_9005","9001",,5,"[1,2,3,4,5]",407,"Upper",11,"Mobile ticket",1,"[PREMIUM]","[PREMIUM]","[PREMIUM]","[PREMIUM]",true,false,"['Clear view']","2026-07-18 02:42:45"
"13388257996","2026-07-18 23:27:50.339","2026-07-19 23:45:32.590","13388257996","161495882","[PREMIUM]","[PREMIUM]","203","3","9001_9002","9001",,2,"[2]",407,"Upper",11,"Mobile ticket",1,"[PREMIUM]","[PREMIUM]","[PREMIUM]","[PREMIUM]",true,false,"['Third Row of Section','Clear view']","2026-07-18 02:42:45"
"13389478674","2026-07-18 23:27:50.300","2026-07-22 04:04:08.574","13389478674","161495882","[PREMIUM]","[PREMIUM]","202","7","_",,,8,"[1,2,3,4,5,6,7,8]",407,"Upper",10,"Mobile Transfer ticket",1,"[PREMIUM]","[PREMIUM]","[PREMIUM]","[PREMIUM]",true,false,"['Clear view']","2026-07-18 06:49:16"
"13388263404","2026-07-18 23:27:50.278","2026-07-19 23:45:32.558","13388263404","161495882","[PREMIUM]","[PREMIUM]","223","3","9001_9003","9001",,3,"[1,2,3]",407,"Upper",11,"Mobile ticket",1,"[PREMIUM]","[PREMIUM]","[PREMIUM]","[PREMIUM]",true,false,"['Limited or Obstructed View (printed on ticket)','Third Row of Section']","2026-07-18 02:43:43"
"13388263377","2026-07-18 23:27:50.278","2026-07-19 23:45:32.558","13388263377","161495882","[PREMIUM]","[PREMIUM]","222","3","9001_9003","9001",,3,"[1,2,3]",407,"Upper",11,"Mobile ticket",1,"[PREMIUM]","[PREMIUM]","[PREMIUM]","[PREMIUM]",true,false,"['Third Row of Section','Clear view']","2026-07-18 02:43:43"
"13388264075","2026-07-18 23:27:50.278","2026-07-18 23:27:50.278","13388264075","161495882","[PREMIUM]","[PREMIUM]","226","3","9001_9003","9001",,3,"[1,2,3]",407,"Upper",11,"Mobile ticket",1,"[PREMIUM]","[PREMIUM]","[PREMIUM]","[PREMIUM]",true,false,"['Third Row of Section','Clear view']","2026-07-18 02:43:58"
"13388259508","2026-07-18 23:27:50.278","2026-07-19 23:45:32.558","13388259508","161495882","[PREMIUM]","[PREMIUM]","227","2","9001_9002","9001",,2,"[2]",407,"Upper",11,"Mobile ticket",1,"[PREMIUM]","[PREMIUM]","[PREMIUM]","[PREMIUM]",true,false,"['Limited or Obstructed View (printed on ticket)','Second Row of Section']","2026-07-18 02:43:06"
"13388262946","2026-07-18 23:27:50.278","2026-07-19 23:45:32.558","13388262946","161495882","[PREMIUM]","[PREMIUM]","220","2","9001_9002","9001",,2,"[2]",407,"Upper",11,"Mobile ticket",1,"[PREMIUM]","[PREMIUM]","[PREMIUM]","[PREMIUM]",true,false,"['Second Row of Section','Clear view']","2026-07-18 02:43:40"
"13389478641","2026-07-18 23:27:50.255","2026-07-22 04:04:08.069","13389478641","161495882","[PREMIUM]","[PREMIUM]","207","5","_",,,6,"[1,2,3,4,5,6]",407,"Upper",10,"Mobile Transfer ticket",1,"[PREMIUM]","[PREMIUM]","[PREMIUM]","[PREMIUM]",true,false,"['Clear view']","2026-07-18 06:49:16"
"13389478661","2026-07-18 23:27:50.255","2026-07-22 04:04:08.069","13389478661","161495882","[PREMIUM]","[PREMIUM]","205","3","_",,,2,"[2]",407,"Upper",10,"Mobile Transfer ticket",1,"[PREMIUM]","[PREMIUM]","[PREMIUM]","[PREMIUM]",true,false,"['Third Row of Section','Clear view']","2026-07-18 06:49:16"
"13383121091","2026-07-18 23:27:50.225","2026-07-31 06:37:45.663","13383121091","161495882","[PREMIUM]","[PREMIUM]","225","7","_",,,4,"[2,4]",407,"Upper",10,"Mobile Transfer ticket",1,"[PREMIUM]","[PREMIUM]","[PREMIUM]","[PREMIUM]",true,false,"['Clear view']","2026-07-17 14:17:54"
"13388259537","2026-07-18 23:27:50.225","2026-07-18 23:27:50.225","13388259537","161495882","[PREMIUM]","[PREMIUM]","227","3","9001_9003","9001",,3,"[1,2,3]",407,"Upper",11,"Mobile ticket",1,"[PREMIUM]","[PREMIUM]","[PREMIUM]","[PREMIUM]",true,false,"['Third Row of Section','Clear view']","2026-07-18 02:43:06"
"13388257951","2026-07-18 23:27:50.225","2026-07-18 23:27:50.225","13388257951","161495882","[PREMIUM]","[PREMIUM]","221","3","9001_9003","9001",,3,"[1,2,3]",407,"Upper",11,"Mobile ticket",1,"[PREMIUM]","[PREMIUM]","[PREMIUM]","[PREMIUM]",true,false,"['Limited or Obstructed View (printed on ticket)','Third Row of Section']","2026-07-18 02:42:45"
"13388248296","2026-07-18 23:27:50.225","2026-07-19 23:45:32.513","13388248296","161495882","[PREMIUM]","[PREMIUM]","224","2","9001_9002","9001",,2,"[2]",407,"Upper",11,"Mobile ticket",1,"[PREMIUM]","[PREMIUM]","[PREMIUM]","[PREMIUM]",true,false,"['Limited or Obstructed View (printed on ticket)','Second Row of Section']","2026-07-18 02:41:01"
"13388257948","2026-07-18 23:27:50.225","2026-07-19 23:45:32.513","13388257948","161495882","[PREMIUM]","[PREMIUM]","221","2","9001_9002","9001",,2,"[2]",407,"Upper",11,"Mobile ticket",1,"[PREMIUM]","[PREMIUM]","[PREMIUM]","[PREMIUM]",true,false,"['Second Row of Section','Clear view']","2026-07-18 02:42:45"
"13389478632","2026-07-18 23:27:50.225","2026-07-22 04:04:08.847","13389478632","161495882","[PREMIUM]","[PREMIUM]","220","3","_",,,2,"[2]",407,"Upper",10,"Mobile Transfer ticket",1,"[PREMIUM]","[PREMIUM]","[PREMIUM]","[PREMIUM]",true,false,"['Limited or Obstructed View (printed on ticket)','Third Row of Section']","2026-07-18 06:49:15"
"13389478604","2026-07-18 23:27:50.225","2026-07-22 04:04:08.847","13389478604","161495882","[PREMIUM]","[PREMIUM]","217","4","_",,,3,"[1,2,3]",407,"Upper",10,"Mobile Transfer ticket",1,"[PREMIUM]","[PREMIUM]","[PREMIUM]","[PREMIUM]",true,false,"['Clear view']","2026-07-18 06:49:15"
"13390148563","2026-07-18 23:27:50.225","2026-07-21 02:34:29.424","13390148563","161495882","[PREMIUM]","[PREMIUM]","225","3","9001_9002","9001",,2,"[2]",407,"Upper",11,"Mobile ticket",1,"[PREMIUM]","[PREMIUM]","[PREMIUM]","[PREMIUM]",true,false,"['Third Row of Section','Clear view']","2026-07-18 11:09:18"
"13388263415","2026-07-18 23:27:50.222","2026-07-18 23:27:50.222","13388263415","161495882","[PREMIUM]","[PREMIUM]","223","4","9001_9005","9001",,5,"[1,2,3,4,5]",407,"Upper",11,"Mobile ticket",1,"[PREMIUM]","[PREMIUM]","[PREMIUM]","[PREMIUM]",true,false,"['Clear view']","2026-07-18 02:43:43"
"13388263030","2026-07-18 23:27:50.222","2026-07-18 23:27:50.222","13388263030","161495882","[PREMIUM]","[PREMIUM]","217","3","9001_9001","9001",,1,"[1]",407,"Upper",11,"Mobile ticket",1,"[PREMIUM]","[PREMIUM]","[PREMIUM]","[PREMIUM]",false,false,"['Limited or Obstructed View (printed on ticket)','Third Row of Section']","2026-07-18 02:43:40"
"13388263416","2026-07-18 23:27:50.222","2026-07-19 23:45:32.513","13388263416","161495882","[PREMIUM]","[PREMIUM]","223","2","9001_9001","9001",,1,"[1]",407,"Upper",11,"Mobile ticket",1,"[PREMIUM]","[PREMIUM]","[PREMIUM]","[PREMIUM]",false,false,"['Second Row of Section','Clear view']","2026-07-18 02:43:43"
"13390148534","2026-07-18 23:27:50.222","2026-07-21 02:34:05.970","13390148534","161495882","[PREMIUM]","[PREMIUM]","218","3","9001_9002","9001",,2,"[2]",407,"Upper",11,"Mobile ticket",1,"[PREMIUM]","[PREMIUM]","[PREMIUM]","[PREMIUM]",true,false,"['Third Row of Section','Clear view']","2026-07-18 11:09:17"
"13389481172","2026-07-18 23:27:50.220","2026-07-22 04:04:08.564","13389481172","161495882","[PREMIUM]","[PREMIUM]","206","4","_",,,4,"[1,2,3,4]",407,"Upper",10,"Mobile Transfer ticket",1,"[PREMIUM]","[PREMIUM]","[PREMIUM]","[PREMIUM]",true,false,"['Clear view']","2026-07-18 06:49:43"
"13389478659","2026-07-18 23:27:50.220","2026-07-22 04:04:08.564","13389478659","161495882","[PREMIUM]","[PREMIUM]","203","6","_",,,8,"[1,2,3,4,5,6,7,8]",407,"Upper",10,"Mobile Transfer ticket",1,"[PREMIUM]","[PREMIUM]","[PREMIUM]","[PREMIUM]",true,false,"['Clear view']","2026-07-18 06:49:16"
"13389478672","2026-07-18 23:27:50.220","2026-07-22 04:04:08.564","13389478672","161495882","[PREMIUM]","[PREMIUM]","213","4","_",,,4,"[1,2,3,4]",407,"Upper",10,"Mobile Transfer ticket",1,"[PREMIUM]","[PREMIUM]","[PREMIUM]","[PREMIUM]",true,false,"['Clear view']","2026-07-18 06:49:16"
"13389478664","2026-07-18 23:27:50.220","2026-07-19 23:45:32.376","13389478664","161495882","[PREMIUM]","[PREMIUM]","204","6","_",,,8,"[1,2,3,4,5,6,7,8]",407,"Upper",10,"Mobile Transfer ticket",1,"[PREMIUM]","[PREMIUM]","[PREMIUM]","[PREMIUM]",true,false,"['Clear view']","2026-07-18 06:49:16"
"13389478676","2026-07-18 23:27:50.220","2026-07-22 04:04:08.564","13389478676","161495882","[PREMIUM]","[PREMIUM]","208","7","_",,,6,"[1,2,3,4,5,6]",407,"Upper",10,"Mobile Transfer ticket",1,"[PREMIUM]","[PREMIUM]","[PREMIUM]","[PREMIUM]",true,false,"['Clear view']","2026-07-18 06:49:16"
"13377482133","2026-07-18 23:27:50.194","2026-07-31 06:37:12.498","13377482133","161311391","[PREMIUM]","[PREMIUM]","204",,"_",,,2,"[1,2]",7689,"Club Endzone",10,"Mobile Transfer ticket",1,"[PREMIUM]","[PREMIUM]","[PREMIUM]","[PREMIUM]",true,true,"['Clear view']","2026-07-16 23:12:56"
"13377484384","2026-07-18 23:27:50.194","2026-07-31 06:37:12.498","13377484384","161311391","[PREMIUM]","[PREMIUM]","228","J","_",,,2,"[1,2]",7689,"Club Endzone",10,"Mobile Transfer ticket",1,"[PREMIUM]","[PREMIUM]","[PREMIUM]","[PREMIUM]",true,false,"['Clear view']","2026-07-16 23:13:07"
"13377482508","2026-07-18 23:27:50.194","2026-07-31 06:37:12.498","13377482508","161311391","[PREMIUM]","[PREMIUM]","213",,"_",,,2,"[1,2]",7689,"Club Endzone",10,"Mobile Transfer ticket",1,"[PREMIUM]","[PREMIUM]","[PREMIUM]","[PREMIUM]",true,true,"['Clear view']","2026-07-16 23:12:58"
"13383806459","2026-07-18 23:27:50.194","2026-07-21 02:32:38.673","13383806459","161311391","[PREMIUM]","[PREMIUM]","101","E","3_4","3","4",2,"[2]",4861,"Plaza Center",10,"Mobile Transfer ticket",14,"[PREMIUM]","[PREMIUM]","[PREMIUM]","[PREMIUM]",true,false,"['Third Row of Section','Clear view']","2026-07-17 15:56:20"
"13385323579","2026-07-18 23:27:50.194","2026-07-31 06:37:07.697","13385323579","161311391","[PREMIUM]","[PREMIUM]","115","F","_",,,2,"[2]",4861,"Plaza Center",10,"Mobile Transfer ticket",1,"[PREMIUM]","[PREMIUM]","[PREMIUM]","[PREMIUM]",true,false,"['Clear view']","2026-07-17 19:13:09"
"13383806713","2026-07-18 23:27:50.194","2026-07-31 06:37:07.697","13383806713","161311391","[PREMIUM]","[PREMIUM]","117","F","16_17","16","17",2,"[2]",4861,"Plaza Center",10,"Mobile Transfer ticket",14,"[PREMIUM]","[PREMIUM]","[PREMIUM]","[PREMIUM]",true,false,"['Clear view']","2026-07-17 15:56:22"
"13377482927","2026-07-18 23:27:50.191","2026-07-31 06:37:12.814","13377482927","161311391","[PREMIUM]","[PREMIUM]","216","J","_",,,2,"[1,2]",4308,"Club Sideline",10,"Mobile Transfer ticket",1,"[PREMIUM]","[PREMIUM]","[PREMIUM]","[PREMIUM]",true,false,"['Clear view']","2026-07-16 23:12:59"
"13377481460","2026-07-18 23:27:50.191","2026-07-31 06:37:12.814","13377481460","161311391","[PREMIUM]","[PREMIUM]","201","J","_",,,2,"[1,2]",4308,"Club Sideline",10,"Mobile Transfer ticket",1,"[PREMIUM]","[PREMIUM]","[PREMIUM]","[PREMIUM]",true,false,"['Clear view']","2026-07-16 23:12:52"
"13378911665","2026-07-18 23:27:50.191","2026-07-31 06:37:12.814","13378911665","161311391","[PREMIUM]","[PREMIUM]","216","H","_",,,2,"[2]",4308,"Club Sideline",10,"Mobile Transfer ticket",1,"[PREMIUM]","[PREMIUM]","[PREMIUM]","[PREMIUM]",true,false,"['Clear view']","2026-07-17 02:06:08"
"13388254614","2026-07-18 23:27:50.162","2026-07-19 23:45:32.489","13388254614","161495882","[PREMIUM]","[PREMIUM]","214","15","9001_9004","9001",,4,"[1,2,3,4]",407,"Upper",11,"Mobile ticket",1,"[PREMIUM]","[PREMIUM]","[PREMIUM]","[PREMIUM]",true,false,"['Clear view']","2026-07-18 02:42:01"
"13388258000","2026-07-18 23:27:50.162","2026-07-19 23:45:32.489","13388258000","161495882","[PREMIUM]","[PREMIUM]","202","14","9001_9004","9001",,4,"[1,2,3,4]",407,"Upper",11,"Mobile ticket",1,"[PREMIUM]","[PREMIUM]","[PREMIUM]","[PREMIUM]",true,false,"['Clear view']","2026-07-18 02:42:45"
"13388258001","2026-07-18 23:27:50.162","2026-07-19 23:45:32.489","13388258001","161495882","[PREMIUM]","[PREMIUM]","202","11","9001_9002","9001",,2,"[2]",407,"Upper",11,"Mobile ticket",1,"[PREMIUM]","[PREMIUM]","[PREMIUM]","[PREMIUM]",true,false,"['Clear view']","2026-07-18 02:42:45"
"13388258016","2026-07-18 23:27:50.162","2026-07-19 23:45:32.489","13388258016","161495882","[PREMIUM]","[PREMIUM]","202","13","9001_9007","9001",,7,"[1,2,3,4,5,6,7]",407,"Upper",11,"Mobile ticket",1,"[PREMIUM]","[PREMIUM]","[PREMIUM]","[PREMIUM]",true,false,"['Clear view']","2026-07-18 02:42:45"
"13388254609","2026-07-18 23:27:50.162","2026-07-19 23:45:32.489","13388254609","161495882","[PREMIUM]","[PREMIUM]","214","12","9001_9001","9001",,1,"[1]",407,"Upper",11,"Mobile ticket",1,"[PREMIUM]","[PREMIUM]","[PREMIUM]","[PREMIUM]",false,false,"['Clear view']","2026-07-18 02:42:01"
"13390198493","2026-07-18 23:27:50.055","2026-07-27 02:12:06.712","13390198493","161470433","[PREMIUM]","[PREMIUM]","226","E","1_2","1","2",2,"[2]",407,"Upper",9,"Mobile Transfer ticket",1,"[PREMIUM]","[PREMIUM]","[PREMIUM]","[PREMIUM]",true,false,"['Aisle seat','Clear view']","2026-07-18 11:25:35"
"13388248315","2026-07-18 23:27:49.997","2026-07-19 23:45:32.202","13388248315","161495882","[PREMIUM]","[PREMIUM]","206","11","9001_9018","9001",,18,"[1,2,3,4,5,6,7,8,9,10,11,12,13,14,15,16,18]",407,"Upper",11,"Mobile ticket",1,"[PREMIUM]","[PREMIUM]","[PREMIUM]","[PREMIUM]",true,false,"['Clear view']","2026-07-18 02:41:01"
"13388248323","2026-07-18 23:27:49.997","2026-07-19 23:45:32.202","13388248323","161495882","[PREMIUM]","[PREMIUM]","206","12","9001_9019","9001",,19,"[1,2,3,4,5,6,7,8,9,10,11,12,13,14,15,16,17,18,19]",407,"Upper",11,"Mobile ticket",1,"[PREMIUM]","[PREMIUM]","[PREMIUM]","[PREMIUM]",true,false,"['Clear view']","2026-07-18 02:41:01"
"13388254087","2026-07-18 23:27:49.997","2026-07-19 23:45:32.202","13388254087","161495882","[PREMIUM]","[PREMIUM]","205","13","9001_9006","9001",,6,"[1,2,3,4,5,6]",407,"Upper",11,"Mobile ticket",1,"[PREMIUM]","[PREMIUM]","[PREMIUM]","[PREMIUM]",true,false,"['Clear view']","2026-07-18 02:41:55"
"13388258011","2026-07-18 23:27:49.997","2026-07-19 23:45:31.328","13388258011","161495882","[PREMIUM]","[PREMIUM]","203","17","9001_9006","9001",,6,"[1,2,3,4,5,6]",407,"Upper",11,"Mobile ticket",1,"[PREMIUM]","[PREMIUM]","[PREMIUM]","[PREMIUM]",true,false,"['Clear view']","2026-07-18 02:42:45"
"13388254136","2026-07-18 23:27:49.997","2026-07-19 23:45:32.202","13388254136","161495882","[PREMIUM]","[PREMIUM]","205","16","9001_9005","9001",,5,"[1,2,3,4,5]",407,"Upper",11,"Mobile ticket",1,"[PREMIUM]","[PREMIUM]","[PREMIUM]","[PREMIUM]",true,false,"['Clear view']","2026-07-18 02:41:56"
"13388262873","2026-07-18 23:27:49.997","2026-07-19 23:45:32.202","13388262873","161495882","[PREMIUM]","[PREMIUM]","210","10","9001_9001","9001",,1,"[1]",407,"Upper",11,"Mobile ticket",1,"[PREMIUM]","[PREMIUM]","[PREMIUM]","[PREMIUM]",false,false,"['Clear view']","2026-07-18 02:43:39"
"13388262874","2026-07-18 23:27:49.955","2026-07-19 23:45:32.202","13388262874","161495882","[PREMIUM]","[PREMIUM]","209","10","9001_9002","9001",,2,"[2]",407,"Upper",11,"Mobile ticket",1,"[PREMIUM]","[PREMIUM]","[PREMIUM]","[PREMIUM]",true,false,"['Clear view']","2026-07-18 02:43:39"
"13388259389","2026-07-18 23:27:49.955","2026-07-19 23:45:31.328","13388259389","161495882","[PREMIUM]","[PREMIUM]","207","13","9001_9019","9001",,19,"[1,2,3,4,5,6,7,8,9,10,11,12,13,14,15,16,17,18,19]",407,"Upper",11,"Mobile ticket",1,"[PREMIUM]","[PREMIUM]","[PREMIUM]","[PREMIUM]",true,false,"['Clear view']","2026-07-18 02:43:05"
"13388259333","2026-07-18 23:27:49.955","2026-07-19 23:45:31.328","13388259333","161495882","[PREMIUM]","[PREMIUM]","213","14","9001_9002","9001",,2,"[2]",407,"Upper",11,"Mobile ticket",1,"[PREMIUM]","[PREMIUM]","[PREMIUM]","[PREMIUM]",true,false,"['Clear view']","2026-07-18 02:43:05"
"13388254526","2026-07-18 23:27:49.955","2026-07-19 23:45:31.328","13388254526","161495882","[PREMIUM]","[PREMIUM]","210","14","9001_9005","9001",,5,"[1,2,3,4,5]",407,"Upper",11,"Mobile ticket",1,"[PREMIUM]","[PREMIUM]","[PREMIUM]","[PREMIUM]",true,false,"['Clear view']","2026-07-18 02:42:00"
"13388254532","2026-07-18 23:27:49.955","2026-07-19 23:45:31.328","13388254532","161495882","[PREMIUM]","[PREMIUM]","210","15","9001_9004","9001",,4,"[1,2,3,4]",407,"Upper",11,"Mobile ticket",1,"[PREMIUM]","[PREMIUM]","[PREMIUM]","[PREMIUM]",true,false,"['Clear view']","2026-07-18 02:42:00"
"13388254091","2026-07-18 23:27:49.955","2026-07-19 23:45:31.328","13388254091","161495882","[PREMIUM]","[PREMIUM]","205","15","9001_9011","9001",,11,"[1,2,3,4,5,6,7,8,9,10,11]",407,"Upper",11,"Mobile ticket",1,"[PREMIUM]","[PREMIUM]","[PREMIUM]","[PREMIUM]",true,false,"['Clear view']","2026-07-18 02:41:55"
"13388254521","2026-07-18 23:27:49.937","2026-07-19 23:45:31.394","13388254521","161495882","[PREMIUM]","[PREMIUM]","207","9","9001_9002","9001",,2,"[2]",407,"Upper",11,"Mobile ticket",1,"[PREMIUM]","[PREMIUM]","[PREMIUM]","[PREMIUM]",true,false,"['Clear view']","2026-07-18 02:42:00"
"13388258006","2026-07-18 23:27:49.937","2026-07-19 23:45:31.394","13388258006","161495882","[PREMIUM]","[PREMIUM]","203","15","9001_9008","9001",,8,"[1,2,3,4,5,6,7,8]",407,"Upper",11,"Mobile ticket",1,"[PREMIUM]","[PREMIUM]","[PREMIUM]","[PREMIUM]",true,false,"['Clear view']","2026-07-18 02:42:45"
"13388254131","2026-07-18 23:27:49.937","2026-07-19 23:45:31.394","13388254131","161495882","[PREMIUM]","[PREMIUM]","212","11","9001_9009","9001",,9,"[1,2,3,4,5,6,7,8,9]",407,"Upper",11,"Mobile ticket",1,"[PREMIUM]","[PREMIUM]","[PREMIUM]","[PREMIUM]",true,false,"['Clear view']","2026-07-18 02:41:56"
"13388254523","2026-07-18 23:27:49.937","2026-07-19 23:45:31.394","13388254523","161495882","[PREMIUM]","[PREMIUM]","210","17","9001_9002","9001",,2,"[2]",407,"Upper",11,"Mobile ticket",1,"[PREMIUM]","[PREMIUM]","[PREMIUM]","[PREMIUM]",true,false,"['Clear view']","2026-07-18 02:42:00"
"13388257988","2026-07-18 23:27:49.937","2026-07-19 23:45:31.394","13388257988","161495882","[PREMIUM]","[PREMIUM]","203","16","9001_9002","9001",,2,"[2]",407,"Upper",11,"Mobile ticket",1,"[PREMIUM]","[PREMIUM]","[PREMIUM]","[PREMIUM]",true,false,"['Clear view']","2026-07-18 02:42:45"
"13388254088","2026-07-18 23:27:49.937","2026-07-19 23:45:31.394","13388254088","161495882","[PREMIUM]","[PREMIUM]","206","10","9001_9007","9001",,7,"[1,2,3,4,5,6,7]",407,"Upper",11,"Mobile ticket",1,"[PREMIUM]","[PREMIUM]","[PREMIUM]","[PREMIUM]",true,false,"['Clear view']","2026-07-18 02:41:55"
"13388262941","2026-07-18 23:27:49.934","2026-07-19 23:45:31.327","13388262941","161495882","[PREMIUM]","[PREMIUM]","209","9","9001_9004","9001",,4,"[1,2,3,4]",407,"Upper",11,"Mobile ticket",1,"[PREMIUM]","[PREMIUM]","[PREMIUM]","[PREMIUM]",true,false,"['Clear view']","2026-07-18 02:43:40"
"13388263201","2026-07-18 23:27:49.934","2026-07-19 23:45:31.327","13388263201","161495882","[PREMIUM]","[PREMIUM]","204","16","9001_9005","9001",,5,"[1,2,3,4,5]",407,"Upper",11,"Mobile ticket",1,"[PREMIUM]","[PREMIUM]","[PREMIUM]","[PREMIUM]",true,false,"['Clear view']","2026-07-18 02:43:42"
"13388254519","2026-07-18 23:27:49.934","2026-07-19 23:45:31.327","13388254519","161495882","[PREMIUM]","[PREMIUM]","207","10","9001_9004","9001",,4,"[1,2,3,4]",407,"Upper",11,"Mobile ticket",1,"[PREMIUM]","[PREMIUM]","[PREMIUM]","[PREMIUM]",true,false,"['Clear view']","2026-07-18 02:42:00"
"13388248355","2026-07-18 23:27:49.934","2026-07-19 23:45:31.327","13388248355","161495882","[PREMIUM]","[PREMIUM]","206","13","9001_9015","9001",,15,"[1,2,3,4,5,6,7,8,9,10,11,12,13,14,15]",407,"Upper",11,"Mobile ticket",1,"[PREMIUM]","[PREMIUM]","[PREMIUM]","[PREMIUM]",true,false,"['Clear view']","2026-07-18 02:41:02"
"13388254596","2026-07-18 23:27:49.934","2026-07-19 23:45:31.327","13388254596","161495882","[PREMIUM]","[PREMIUM]","213","11","9001_9002","9001",,2,"[2]",407,"Upper",11,"Mobile ticket",1,"[PREMIUM]","[PREMIUM]","[PREMIUM]","[PREMIUM]",true,false,"['Clear view']","2026-07-18 02:42:01"
"13388254129","2026-07-18 23:27:49.934","2026-07-19 23:45:31.327","13388254129","161495882","[PREMIUM]","[PREMIUM]","211","16","9001_9001","9001",,1,"[1]",407,"Upper",11,"Mobile ticket",1,"[PREMIUM]","[PREMIUM]","[PREMIUM]","[PREMIUM]",false,false,"['Clear view']","2026-07-18 02:41:56"
"13388259524","2026-07-18 23:27:49.885","2026-07-19 23:45:31.423","13388259524","161495882","[PREMIUM]","[PREMIUM]","226","10","9001_9004","9001",,4,"[1,2,3,4]",407,"Upper",11,"Mobile ticket",1,"[PREMIUM]","[PREMIUM]","[PREMIUM]","[PREMIUM]",true,false,"['Clear view']","2026-07-18 02:43:06"
"13388263406","2026-07-18 23:27:49.885","2026-07-19 23:45:31.423","13388263406","161495882","[PREMIUM]","[PREMIUM]","218","10","9001_9004","9001",,4,"[1,2,3,4]",407,"Upper",11,"Mobile ticket",1,"[PREMIUM]","[PREMIUM]","[PREMIUM]","[PREMIUM]",true,false,"['Clear view']","2026-07-18 02:43:43"
"13388262939","2026-07-18 23:27:49.885","2026-07-19 23:45:31.423","13388262939","161495882","[PREMIUM]","[PREMIUM]","220","16","9001_9002","9001",,2,"[2]",407,"Upper",11,"Mobile ticket",1,"[PREMIUM]","[PREMIUM]","[PREMIUM]","[PREMIUM]",true,false,"['Clear view']","2026-07-18 02:43:40"
"13388263033","2026-07-18 23:27:49.885","2026-07-19 23:45:31.423","13388263033","161495882","[PREMIUM]","[PREMIUM]","218","12","9001_9004","9001",,4,"[1,2,3,4]",407,"Upper",11,"Mobile ticket",1,"[PREMIUM]","[PREMIUM]","[PREMIUM]","[PREMIUM]",true,false,"['Clear view']","2026-07-18 02:43:40"
"13388263370","2026-07-18 23:27:49.885","2026-07-19 23:45:31.423","13388263370","161495882","[PREMIUM]","[PREMIUM]","218","8","9001_9001","9001",,1,"[1]",407,"Upper",11,"Mobile ticket",1,"[PREMIUM]","[PREMIUM]","[PREMIUM]","[PREMIUM]",false,false,"['Clear view']","2026-07-18 02:43:43"
"13388263035","2026-07-18 23:27:49.885","2026-07-19 23:45:31.423","13388263035","161495882","[PREMIUM]","[PREMIUM]","218","15","9001_9006","9001",,6,"[1,2,3,4,5,6]",407,"Upper",11,"Mobile ticket",1,"[PREMIUM]","[PREMIUM]","[PREMIUM]","[PREMIUM]",true,false,"['Clear view']","2026-07-18 02:43:40"
"13388263048","2026-07-18 23:27:49.883","2026-07-19 23:45:31.358","13388263048","161495882","[PREMIUM]","[PREMIUM]","218","11","9001_9002","9001",,2,"[2]",407,"Upper",11,"Mobile ticket",1,"[PREMIUM]","[PREMIUM]","[PREMIUM]","[PREMIUM]",true,false,"['Clear view']","2026-07-18 02:43:40"
"13388262948","2026-07-18 23:27:49.883","2026-07-19 23:45:31.358","13388262948","161495882","[PREMIUM]","[PREMIUM]","220","9","9001_9004","9001",,4,"[1,2,3,4]",407,"Upper",11,"Mobile ticket",1,"[PREMIUM]","[PREMIUM]","[PREMIUM]","[PREMIUM]",true,false,"['Clear view']","2026-07-18 02:43:40"
"13388263384","2026-07-18 23:27:49.883","2026-07-19 23:45:31.358","13388263384","161495882","[PREMIUM]","[PREMIUM]","218","16","9001_9010","9001",,10,"[1,2,3,4,5,6,7,8,9,10]",407,"Upper",11,"Mobile ticket",1,"[PREMIUM]","[PREMIUM]","[PREMIUM]","[PREMIUM]",true,false,"['Clear view']","2026-07-18 02:43:43"
"13388264062","2026-07-18 23:27:49.883","2026-07-19 23:45:31.358","13388264062","161495882","[PREMIUM]","[PREMIUM]","226","11","9001_9002","9001",,2,"[2]",407,"Upper",11,"Mobile ticket",1,"[PREMIUM]","[PREMIUM]","[PREMIUM]","[PREMIUM]",true,false,"['Clear view']","2026-07-18 02:43:57"
"13388262858","2026-07-18 23:27:49.879","2026-07-19 23:45:31.768","13388262858","161495882","[PREMIUM]","[PREMIUM]","204","13","9001_9008","9001",,8,"[1,2,3,4,5,6,7,8]",407,"Upper",11,"Mobile ticket",1,"[PREMIUM]","[PREMIUM]","[PREMIUM]","[PREMIUM]",true,false,"['Clear view']","2026-07-18 02:43:39"
"13388254140","2026-07-18 23:27:49.879","2026-07-19 23:45:31.768","13388254140","161495882","[PREMIUM]","[PREMIUM]","205","10","9001_9002","9001",,2,"[2]",407,"Upper",11,"Mobile ticket",1,"[PREMIUM]","[PREMIUM]","[PREMIUM]","[PREMIUM]",true,false,"['Clear view']","2026-07-18 02:41:56"
"13388259390","2026-07-18 23:27:49.879","2026-07-19 23:45:31.768","13388259390","161495882","[PREMIUM]","[PREMIUM]","208","10","9001_9002","9001",,2,"[2]",407,"Upper",11,"Mobile ticket",1,"[PREMIUM]","[PREMIUM]","[PREMIUM]","[PREMIUM]",true,false,"['Clear view']","2026-07-18 02:43:05"
"13388259395","2026-07-18 23:27:49.879","2026-07-19 23:45:31.768","13388259395","161495882","[PREMIUM]","[PREMIUM]","207","12","9001_9018","9001",,18,"[1,2,3,4,5,6,7,8,9,10,11,12,13,14,15,16,18]",407,"Upper",11,"Mobile ticket",1,"[PREMIUM]","[PREMIUM]","[PREMIUM]","[PREMIUM]",true,false,"['Clear view']","2026-07-18 02:43:05"
"13388254167","2026-07-18 23:27:49.879","2026-07-19 23:45:31.768","13388254167","161495882","[PREMIUM]","[PREMIUM]","211","10","9001_9002","9001",,2,"[2]",407,"Upper",11,"Mobile ticket",1,"[PREMIUM]","[PREMIUM]","[PREMIUM]","[PREMIUM]",true,false,"['Clear view']","2026-07-18 02:41:56"
"13388259408","2026-07-18 23:27:49.872","2026-07-19 23:45:31.664","13388259408","161495882","[PREMIUM]","[PREMIUM]","207","11","9001_9014","9001",,14,"[1,2,3,4,5,6,7,8,9,10,11,12,13,14]",407,"Upper",11,"Mobile ticket",1,"[PREMIUM]","[PREMIUM]","[PREMIUM]","[PREMIUM]",true,false,"['Clear view']","2026-07-18 02:43:05"
"13377426374","2026-07-18 23:27:49.858","2026-07-31 06:37:41.248","13377426374","161495882","[PREMIUM]","[PREMIUM]","201","20","_",,,2,"[1,2]",407,"Upper",10,"Mobile Transfer ticket",1,"[PREMIUM]","[PREMIUM]","[PREMIUM]","[PREMIUM]",true,true,"['Clear view']","2026-07-16 23:07:47"
"13377428206","2026-07-18 23:27:49.858","2026-07-31 06:37:41.259","13377428206","161495882","[PREMIUM]","[PREMIUM]","215","20","_",,,2,"[1,2]",407,"Upper",10,"Mobile Transfer ticket",1,"[PREMIUM]","[PREMIUM]","[PREMIUM]","[PREMIUM]",true,true,"['Clear view']","2026-07-16 23:07:57"
"13388263411","2026-07-18 23:27:49.856","2026-07-19 23:45:31.472","13388263411","161495882","[PREMIUM]","[PREMIUM]","223","14","9001_9002","9001",,2,"[2]",407,"Upper",11,"Mobile ticket",1,"[PREMIUM]","[PREMIUM]","[PREMIUM]","[PREMIUM]",true,false,"['Clear view']","2026-07-18 02:43:43"
"13388262940","2026-07-18 23:27:49.856","2026-07-19 23:45:31.472","13388262940","161495882","[PREMIUM]","[PREMIUM]","220","10","9001_9004","9001",,4,"[1,2,3,4]",407,"Upper",11,"Mobile ticket",1,"[PREMIUM]","[PREMIUM]","[PREMIUM]","[PREMIUM]",true,false,"['Clear view']","2026-07-18 02:43:40"
"13388263229","2026-07-18 23:27:49.856","2026-07-19 23:45:31.472","13388263229","161495882","[PREMIUM]","[PREMIUM]","219","9","9001_9001","9001",,1,"[1]",407,"Upper",11,"Mobile ticket",1,"[PREMIUM]","[PREMIUM]","[PREMIUM]","[PREMIUM]",false,false,"['Clear view']","2026-07-18 02:43:42"
"13388263218","2026-07-18 23:27:49.856","2026-07-19 23:45:31.472","13388263218","161495882","[PREMIUM]","[PREMIUM]","220","8","9001_9011","9001",,11,"[1,2,3,4,5,6,7,8,9,10,11]",407,"Upper",11,"Mobile ticket",1,"[PREMIUM]","[PREMIUM]","[PREMIUM]","[PREMIUM]",true,false,"['Clear view']","2026-07-18 02:43:42"
"13388263405","2026-07-18 23:27:49.856","2026-07-19 23:45:31.472","13388263405","161495882","[PREMIUM]","[PREMIUM]","223","18","9001_9010","9001",,10,"[1,2,3,4,5,6,7,8,9,10]",407,"Upper",11,"Mobile ticket",1,"[PREMIUM]","[PREMIUM]","[PREMIUM]","[PREMIUM]",true,false,"['Clear view']","2026-07-18 02:43:43"
"13388263371","2026-07-18 23:27:49.856","2026-07-19 23:45:31.472","13388263371","161495882","[PREMIUM]","[PREMIUM]","218","5","9001_9001","9001",,1,"[1]",407,"Upper",11,"Mobile ticket",1,"[PREMIUM]","[PREMIUM]","[PREMIUM]","[PREMIUM]",false,false,"['Clear view']","2026-07-18 02:43:43"
"13377427038","2026-07-18 23:27:49.818","2026-07-22 04:04:07.781","13377427038","161495882","[PREMIUM]","[PREMIUM]","203","20","_",,,2,"[1,2]",407,"Upper",10,"Mobile Transfer ticket",1,"[PREMIUM]","[PREMIUM]","[PREMIUM]","[PREMIUM]",true,true,"['Clear view']","2026-07-16 23:07:52"
"13388263368","2026-07-18 23:27:49.818","2026-07-19 23:45:31.391","13388263368","161495882","[PREMIUM]","[PREMIUM]","218","7","9001_9001","9001",,1,"[1]",407,"Upper",11,"Mobile ticket",1,"[PREMIUM]","[PREMIUM]","[PREMIUM]","[PREMIUM]",false,false,"['Clear view']","2026-07-18 02:43:43"
"13389478633","2026-07-18 23:27:49.818","2026-07-22 04:04:07.781","13389478633","161495882","[PREMIUM]","[PREMIUM]","209","11","_",,,8,"[1,2,3,4,5,6,7,8]",407,"Upper",10,"Mobile Transfer ticket",1,"[PREMIUM]","[PREMIUM]","[PREMIUM]","[PREMIUM]",true,false,"['Clear view']","2026-07-18 06:49:15"
"13377428515","2026-07-18 23:27:49.803","2026-07-22 04:04:07.781","13377428515","161495882","[PREMIUM]","[PREMIUM]","217","20","_",,,2,"[1,2]",407,"Upper",10,"Mobile Transfer ticket",1,"[PREMIUM]","[PREMIUM]","[PREMIUM]","[PREMIUM]",true,true,"['Clear view']","2026-07-16 23:07:58"
"13375861458","2026-07-18 23:27:49.675","2026-07-30 00:14:09.150","13375861458","161311391","[PREMIUM]","[PREMIUM]","321","S","_",,,2,"[1,2]",3831,"Terrace Corner",10,"Mobile Transfer ticket",1,"[PREMIUM]","[PREMIUM]","[PREMIUM]","[PREMIUM]",true,false,"['Clear view']","2026-07-16 19:58:34"
"13375860206","2026-07-18 23:27:49.675","2026-07-30 00:14:09.150","13375860206","161311391","[PREMIUM]","[PREMIUM]","310",,"_",,,4,"[1,2,3,4]",17158,"Terrace Endzone",10,"Mobile Transfer ticket",1,"[PREMIUM]","[PREMIUM]","[PREMIUM]","[PREMIUM]",true,true,"['Clear view']","2026-07-16 19:58:12"
"13375858446","2026-07-18 23:27:49.675","2026-07-31 06:37:00.987","13375858446","161311391","[PREMIUM]","[PREMIUM]","307",,"_",,,4,"[1,2,3,4]",17158,"Terrace Endzone",10,"Mobile Transfer ticket",1,"[PREMIUM]","[PREMIUM]","[PREMIUM]","[PREMIUM]",true,true,"['Clear view']","2026-07-16 19:58:01"
"13375850381","2026-07-18 23:27:49.675","2026-07-31 06:37:00.987","13375850381","161311391","[PREMIUM]","[PREMIUM]","322",,"_",,,4,"[1,2,3,4]",17158,"Terrace Endzone",10,"Mobile Transfer ticket",1,"[PREMIUM]","[PREMIUM]","[PREMIUM]","[PREMIUM]",true,true,"['Clear view']","2026-07-16 19:57:18"
"13375846917","2026-07-18 23:27:49.675","2026-07-31 06:37:00.987","13375846917","161311391","[PREMIUM]","[PREMIUM]","320","S","_",,,2,"[1,2]",3831,"Terrace Corner",10,"Mobile Transfer ticket",1,"[PREMIUM]","[PREMIUM]","[PREMIUM]","[PREMIUM]",true,false,"['Clear view']","2026-07-16 19:56:50"
"13375858524","2026-07-18 23:27:49.651","2026-07-30 00:14:09.150","13375858524","161311391","[PREMIUM]","[PREMIUM]","325",,"_",,,4,"[1,2,3,4]",17158,"Terrace Endzone",10,"Mobile Transfer ticket",1,"[PREMIUM]","[PREMIUM]","[PREMIUM]","[PREMIUM]",true,true,"['Clear view']","2026-07-16 19:58:02"
"13375856588","2026-07-18 23:27:49.651","2026-07-28 23:21:06.192","13375856588","161311391","[PREMIUM]","[PREMIUM]","325","S","_",,,2,"[1,2]",17158,"Terrace Endzone",10,"Mobile Transfer ticket",1,"[PREMIUM]","[PREMIUM]","[PREMIUM]","[PREMIUM]",true,false,"['Clear view']","2026-07-16 19:57:52"
"13383810399","2026-07-18 23:27:49.651","2026-07-31 06:37:00.926","13383810399","161311391","[PREMIUM]","[PREMIUM]","303","A","11_12","11","12",2,"[2]",4813,"Terrace Center",10,"Mobile Transfer ticket",14,"[PREMIUM]","[PREMIUM]","[PREMIUM]","[PREMIUM]",true,false,"['Front Row of Section','Clear view']","2026-07-17 15:57:16"
"13388384707","2026-07-18 23:27:49.651","2026-07-31 06:37:00.948","13388384707","161311391","[PREMIUM]","[PREMIUM]","126","G","_",,,2,"[2]",7220,"Plaza Endzone",10,"Mobile Transfer ticket",1,"[PREMIUM]","[PREMIUM]","[PREMIUM]","[PREMIUM]",true,false,"['Clear view']","2026-07-18 03:20:06"
"13392462350","2026-07-18 23:27:49.605","2026-07-28 23:21:07.205","13392462350","161311391","[PREMIUM]","[PREMIUM]","212","B","4_5","4","5",2,"[2]",7689,"Club Endzone",10,"Mobile Transfer ticket",1,"[PREMIUM]","[PREMIUM]","[PREMIUM]","[PREMIUM]",true,false,"['Actual 2nd row of section','Clear view']","2026-07-18 19:11:02"
"13383807030","2026-07-18 23:27:49.547","2026-07-23 01:49:30.470","13383807030","161311391","[PREMIUM]","[PREMIUM]","301","B","1_2","1","2",2,"[2]",4813,"Terrace Center",10,"Mobile Transfer ticket",14,"[PREMIUM]","[PREMIUM]","[PREMIUM]","[PREMIUM]",true,false,"['Second Row of Section','Clear view']","2026-07-17 15:56:24"
"13383806716","2026-07-18 23:27:49.547","2026-07-31 06:37:00.948","13383806716","161311391","[PREMIUM]","[PREMIUM]","317","E","5_9","5","9",5,"[1,2,3,5]",4813,"Terrace Center",10,"Mobile Transfer ticket",14,"[PREMIUM]","[PREMIUM]","[PREMIUM]","[PREMIUM]",true,false,"['Clear view']","2026-07-17 15:56:22"
"13383810583","2026-07-18 23:27:49.547","2026-07-31 06:37:00.948","13383810583","161311391","[PREMIUM]","[PREMIUM]","303","B","9_10","9","10",2,"[2]",4813,"Terrace Center",10,"Mobile Transfer ticket",14,"[PREMIUM]","[PREMIUM]","[PREMIUM]","[PREMIUM]",true,false,"['Second Row of Section','Clear view']","2026-07-17 15:57:17"
"13379030446","2026-07-18 23:27:49.480","2026-07-27 23:23:17.189","13379030446","161311391","[PREMIUM]","[PREMIUM]","327","H","17_18","17","18",2,"[2]",3831,"Terrace Corner",10,"Mobile Transfer ticket",1,"[PREMIUM]","[PREMIUM]","[PREMIUM]","[PREMIUM]",true,false,"['Clear view']","2026-07-17 02:23:51"
"13378247977","2026-07-18 23:27:49.334","2026-07-28 23:20:59.642","13378247977","161482370","[PREMIUM]","[PREMIUM]","3","F","_",,,2,"[2]",594,"Lower",10,"Mobile Transfer ticket",1,"[PREMIUM]","[PREMIUM]","[PREMIUM]","[PREMIUM]",true,false,"['Front Row of Section','Clear view']","2026-07-17 00:42:25"
"13391637678","2026-07-18 23:27:49.254","2026-07-27 02:12:04.655","13391637678","161482370","[PREMIUM]","[PREMIUM]","6","M","8_11","8",,4,"[2,4]",594,"Lower",10,"Mobile Transfer ticket",1,"[PREMIUM]","[PREMIUM]","[PREMIUM]","[PREMIUM]",true,false,"['Clear view']","2026-07-18 15:57:07"
"13391924295","2026-07-18 23:27:49.031","2026-07-18 23:27:49.031","13391924295","161482370","[PREMIUM]","[PREMIUM]","204","A","7_10","7",,4,"[4]",407,"Upper",10,"Mobile Transfer ticket",1,"[PREMIUM]","[PREMIUM]","[PREMIUM]","[PREMIUM]",true,false,"['Front Row of Section','Clear view']","2026-07-18 17:08:29"
"13377427339","2026-07-18 23:27:49.021","2026-07-19 23:45:30.794","13377427339","161495882","[PREMIUM]","[PREMIUM]","208","20","_",,,2,"[1,2]",407,"Upper",10,"Mobile Transfer ticket",1,"[PREMIUM]","[PREMIUM]","[PREMIUM]","[PREMIUM]",true,true,"['Clear view']","2026-07-16 23:07:53"
"13377428896","2026-07-18 23:27:49.021","2026-07-31 06:37:41.216","13377428896","161495882","[PREMIUM]","[PREMIUM]","222","20","_",,,2,"[1,2]",407,"Upper",10,"Mobile Transfer ticket",1,"[PREMIUM]","[PREMIUM]","[PREMIUM]","[PREMIUM]",true,false,"['Clear view']","2026-07-16 23:08:00"
"13391645316","2026-07-18 23:27:48.985","2026-07-31 06:36:25.806","13391645316","161482370","[PREMIUM]","[PREMIUM]","17","G","1_4","1",,4,"[2,4]",594,"Lower",10,"Mobile Transfer ticket",1,"[PREMIUM]","[PREMIUM]","[PREMIUM]","[PREMIUM]",true,false,"['Clear view']","2026-07-18 16:00:15"
"13389054497","2026-07-18 23:27:48.488","2026-07-18 23:27:48.488","13389054497","161482370","[PREMIUM]","[PREMIUM]","123","L","_",,,4,"[2,4]",471,"Middle",10,"Mobile Transfer ticket",1,"[PREMIUM]","[PREMIUM]","[PREMIUM]","[PREMIUM]",true,false,"['Clear view']","2026-07-18 05:13:09"
"13377425723","2026-07-18 23:27:48.450","2026-07-19 23:45:26.350","13377425723","161495926","[PREMIUM]","[PREMIUM]","115","26","_",,,2,"[1,2]",594,"Lower",10,"Mobile Transfer ticket",1,"[PREMIUM]","[PREMIUM]","[PREMIUM]","[PREMIUM]",true,true,"['Clear view']","2026-07-16 23:07:45"
"13392545641","2026-07-18 23:27:48.450","2026-07-27 23:23:12.803","13392545641","161495926","[PREMIUM]","[PREMIUM]","117","4","5_6","5",,2,"[2]",594,"Lower",10,"Mobile Transfer ticket",1,"[PREMIUM]","[PREMIUM]","[PREMIUM]","[PREMIUM]",true,false,"['Clear view']","2026-07-18 19:35:56"
"13389451472","2026-07-18 23:27:48.444","2026-07-19 23:45:32.285","13389451472","161495926","[PREMIUM]","[PREMIUM]","106","12","_",,,2,"[2]",594,"Lower",10,"Mobile Transfer ticket",1,"[PREMIUM]","[PREMIUM]","[PREMIUM]","[PREMIUM]",true,false,"['Clear view']","2026-07-18 06:40:25"
"13389451474","2026-07-18 23:27:48.444","2026-07-19 23:45:32.285","13389451474","161495926","[PREMIUM]","[PREMIUM]","116","9","_",,,6,"[1,2,3,4,5,6]",594,"Lower",10,"Mobile Transfer ticket",1,"[PREMIUM]","[PREMIUM]","[PREMIUM]","[PREMIUM]",true,false,"['Clear view']","2026-07-18 06:40:25"
"13389451464","2026-07-18 23:27:48.444","2026-07-19 23:45:32.285","13389451464","161495926","[PREMIUM]","[PREMIUM]","102","13","_",,,2,"[2]",594,"Lower",10,"Mobile Transfer ticket",1,"[PREMIUM]","[PREMIUM]","[PREMIUM]","[PREMIUM]",true,false,"['Clear view']","2026-07-18 06:40:25"
"13389453765","2026-07-18 23:27:48.443","2026-07-19 23:45:32.285","13389453765","161495926","[PREMIUM]","[PREMIUM]","113","12","_",,,3,"[1,2,3]",594,"Lower",10,"Mobile Transfer ticket",1,"[PREMIUM]","[PREMIUM]","[PREMIUM]","[PREMIUM]",true,false,"['Clear view']","2026-07-18 06:40:57"
"13389452857","2026-07-18 23:27:48.426","2026-07-19 23:45:26.597","13389452857","161495926","[PREMIUM]","[PREMIUM]","126","12","_",,,6,"[1,2,3,4,5,6]",594,"Lower",10,"Mobile Transfer ticket",1,"[PREMIUM]","[PREMIUM]","[PREMIUM]","[PREMIUM]",true,false,"['Third Row of Section','Clear view']","2026-07-18 06:40:46"
"13389445335","2026-07-18 23:27:48.400","2026-07-19 23:45:27.236","13389445335","161495932","[PREMIUM]","[PREMIUM]","106","12","_",,,2,"[2]",594,"Lower",10,"Mobile Transfer ticket",1,"[PREMIUM]","[PREMIUM]","[PREMIUM]","[PREMIUM]",true,false,"['Clear view']","2026-07-18 06:38:08"
"13389445339","2026-07-18 23:27:48.400","2026-07-19 23:45:27.236","13389445339","161495932","[PREMIUM]","[PREMIUM]","113","12","_",,,5,"[1,2,3,5]",594,"Lower",10,"Mobile Transfer ticket",1,"[PREMIUM]","[PREMIUM]","[PREMIUM]","[PREMIUM]",true,false,"['Clear view']","2026-07-18 06:38:08"
"13389445346","2026-07-18 23:27:48.385","2026-07-18 23:27:48.385","13389445346","161495932","[PREMIUM]","[PREMIUM]","116","8","_",,,4,"[1,2,3,4]",594,"Lower",10,"Mobile Transfer ticket",1,"[PREMIUM]","[PREMIUM]","[PREMIUM]","[PREMIUM]",true,false,"['Clear view']","2026-07-18 06:38:08"
"13389445329","2026-07-18 23:27:48.385","2026-07-19 23:45:27.128","13389445329","161495932","[PREMIUM]","[PREMIUM]","102","13","_",,,2,"[2]",594,"Lower",10,"Mobile Transfer ticket",1,"[PREMIUM]","[PREMIUM]","[PREMIUM]","[PREMIUM]",true,false,"['Clear view']","2026-07-18 06:38:08"
"13392545394","2026-07-18 23:27:48.350","2026-07-19 23:45:27.128","13392545394","161495932","[PREMIUM]","[PREMIUM]","117","4","5_6","5",,2,"[2]",594,"Lower",10,"Mobile Transfer ticket",1,"[PREMIUM]","[PREMIUM]","[PREMIUM]","[PREMIUM]",true,false,"['Clear view']","2026-07-18 19:35:52"
"13389445323","2026-07-18 23:27:48.173","2026-07-19 23:45:27.032","13389445323","161495932","[PREMIUM]","[PREMIUM]","126","12","_",,,6,"[1,2,3,4,5,6]",594,"Lower",10,"Mobile Transfer ticket",1,"[PREMIUM]","[PREMIUM]","[PREMIUM]","[PREMIUM]",true,false,"['Third Row of Section','Clear view']","2026-07-18 06:38:08"
"13381715152","2026-07-18 23:27:48.164","2026-07-18 23:27:48.164","13381715152","161495932","[PREMIUM]","[PREMIUM]","202","4","9001_9003","9001",,3,"[1,2,3]",407,"Upper",11,"Mobile ticket",1,"[PREMIUM]","[PREMIUM]","[PREMIUM]","[PREMIUM]",true,false,"['Limited or Obstructed View (printed on ticket)']","2026-07-17 09:11:52"
"13389445322","2026-07-18 23:27:48.134","2026-07-19 23:45:26.843","13389445322","161495932","[PREMIUM]","[PREMIUM]","112","24","_",,,2,"[2]",594,"Lower",10,"Mobile Transfer ticket",1,"[PREMIUM]","[PREMIUM]","[PREMIUM]","[PREMIUM]",true,false,"['Clear view']","2026-07-18 06:38:08"
"13389445303","2026-07-18 23:27:48.110","2026-07-19 23:45:26.725","13389445303","161495932","[PREMIUM]","[PREMIUM]","214","4","_",,,6,"[1,2,3,4,5,6]",407,"Upper",10,"Mobile Transfer ticket",1,"[PREMIUM]","[PREMIUM]","[PREMIUM]","[PREMIUM]",true,false,"['Clear view']","2026-07-18 06:38:08"
"13389445310","2026-07-18 23:27:48.104","2026-07-18 23:27:48.104","13389445310","161495932","[PREMIUM]","[PREMIUM]","124","18","_",,,3,"[1,2,3]",594,"Lower",10,"Mobile Transfer ticket",1,"[PREMIUM]","[PREMIUM]","[PREMIUM]","[PREMIUM]",true,false,"['Clear view']","2026-07-18 06:38:08"
"13392460929","2026-07-18 23:27:48.093","2026-07-19 23:45:32.877","13392460929","161495932","[PREMIUM]","[PREMIUM]","214","10","9001_9005","9001",,5,"[1,2,3,4,5]",407,"Upper",11,"Mobile ticket",1,"[PREMIUM]","[PREMIUM]","[PREMIUM]","[PREMIUM]",true,false,"['Clear view']","2026-07-18 19:10:38"
"13389453767","2026-07-18 23:27:48.074","2026-07-19 23:45:24.518","13389453767","161495926","[PREMIUM]","[PREMIUM]","124","18","_",,,4,"[1,2,3,4]",594,"Lower",10,"Mobile Transfer ticket",1,"[PREMIUM]","[PREMIUM]","[PREMIUM]","[PREMIUM]",true,false,"['Clear view']","2026-07-18 06:40:57"
"13389451455","2026-07-18 23:27:48.067","2026-07-19 23:45:24.535","13389451455","161495926","[PREMIUM]","[PREMIUM]","217","4","_",,,3,"[1,2,3]",407,"Upper",10,"Mobile Transfer ticket",1,"[PREMIUM]","[PREMIUM]","[PREMIUM]","[PREMIUM]",true,false,"['Clear view']","2026-07-18 06:40:24"
"13389453774","2026-07-18 23:27:48.067","2026-07-19 23:45:24.535","13389453774","161495926","[PREMIUM]","[PREMIUM]","220","3","_",,,2,"[2]",407,"Upper",10,"Mobile Transfer ticket",1,"[PREMIUM]","[PREMIUM]","[PREMIUM]","[PREMIUM]",true,false,"['Limited or Obstructed View (printed on ticket)','Third Row of Section']","2026-07-18 06:40:57"
"13389451469","2026-07-18 23:27:48.031","2026-07-19 23:45:24.411","13389451469","161495926","[PREMIUM]","[PREMIUM]","207","5","_",,,6,"[1,2,3,4,5,6]",407,"Upper",10,"Mobile Transfer ticket",1,"[PREMIUM]","[PREMIUM]","[PREMIUM]","[PREMIUM]",true,false,"['Clear view']","2026-07-18 06:40:25"
"13389453771","2026-07-18 23:27:48.031","2026-07-19 23:45:24.411","13389453771","161495926","[PREMIUM]","[PREMIUM]","204","5","_",,,2,"[2]",407,"Upper",10,"Mobile Transfer ticket",1,"[PREMIUM]","[PREMIUM]","[PREMIUM]","[PREMIUM]",true,false,"['Clear view']","2026-07-18 06:40:57"
"13389452877","2026-07-18 23:27:48.031","2026-07-19 23:45:24.411","13389452877","161495926","[PREMIUM]","[PREMIUM]","203","5","_",,,3,"[1,3]",407,"Upper",10,"Mobile Transfer ticket",1,"[PREMIUM]","[PREMIUM]","[PREMIUM]","[PREMIUM]",true,false,"['Clear view']","2026-07-18 06:40:46"
"13389451453","2026-07-18 23:27:47.860","2026-07-19 23:45:24.403","13389451453","161495926","[PREMIUM]","[PREMIUM]","214","4","_",,,6,"[1,2,3,4,5,6]",407,"Upper",10,"Mobile Transfer ticket",1,"[PREMIUM]","[PREMIUM]","[PREMIUM]","[PREMIUM]",true,false,"['Clear view']","2026-07-18 06:40:24"
"13389451446","2026-07-18 23:27:47.860","2026-07-19 23:45:24.403","13389451446","161495926","[PREMIUM]","[PREMIUM]","202","4","_",,,4,"[1,2,3,4]",407,"Upper",10,"Mobile Transfer ticket",1,"[PREMIUM]","[PREMIUM]","[PREMIUM]","[PREMIUM]",true,false,"['Clear view']","2026-07-18 06:40:24"
"13389453766","2026-07-18 23:27:47.842","2026-07-19 23:45:24.603","13389453766","161495926","[PREMIUM]","[PREMIUM]","112","24","_",,,2,"[2]",594,"Lower",10,"Mobile Transfer ticket",1,"[PREMIUM]","[PREMIUM]","[PREMIUM]","[PREMIUM]",true,false,"['Clear view']","2026-07-18 06:40:57"
"13389451432","2026-07-18 23:27:47.842","2026-07-19 23:45:24.603","13389451432","161495926","[PREMIUM]","[PREMIUM]","223","1","_",,,2,"[2]",407,"Upper",10,"Mobile Transfer ticket",1,"[PREMIUM]","[PREMIUM]","[PREMIUM]","[PREMIUM]",true,false,"['Front Row of Section','Clear view']","2026-07-18 06:40:23"
"13389452849","2026-07-18 23:27:47.767","2026-07-19 23:45:24.146","13389452849","161495926","[PREMIUM]","[PREMIUM]","206","11","_",,,8,"[1,2,3,4,5,6,7,8]",407,"Upper",10,"Mobile Transfer ticket",1,"[PREMIUM]","[PREMIUM]","[PREMIUM]","[PREMIUM]",true,false,"['Clear view']","2026-07-18 06:40:46"
"13389451433","2026-07-18 23:27:47.767","2026-07-19 23:45:24.146","13389451433","161495926","[PREMIUM]","[PREMIUM]","213","15","_",,,8,"[1,2,3,4,5,6,7,8]",407,"Upper",10,"Mobile Transfer ticket",1,"[PREMIUM]","[PREMIUM]","[PREMIUM]","[PREMIUM]",true,false,"['Clear view']","2026-07-18 06:40:23"
"13377428761","2026-07-18 23:27:47.732","2026-07-21 02:34:02.072","13377428761","161495926","[PREMIUM]","[PREMIUM]","220","20","_",,,2,"[1,2]",407,"Upper",10,"Mobile Transfer ticket",1,"[PREMIUM]","[PREMIUM]","[PREMIUM]","[PREMIUM]",true,false,"['Clear view']","2026-07-16 23:07:59"
"13377427448","2026-07-18 23:27:47.732","2026-07-21 02:34:03.953","13377427448","161495926","[PREMIUM]","[PREMIUM]","210","20","_",,,2,"[1,2]",407,"Upper",10,"Mobile Transfer ticket",1,"[PREMIUM]","[PREMIUM]","[PREMIUM]","[PREMIUM]",true,true,"['Clear view']","2026-07-16 23:07:53"
"13389453769","2026-07-18 23:27:47.731","2026-07-19 23:45:24.179","13389453769","161495926","[PREMIUM]","[PREMIUM]","209","11","_",,,8,"[1,2,3,4,5,6,7,8]",407,"Upper",10,"Mobile Transfer ticket",1,"[PREMIUM]","[PREMIUM]","[PREMIUM]","[PREMIUM]",true,false,"['Clear view']","2026-07-18 06:40:57"
"13389451429","2026-07-18 23:27:47.731","2026-07-19 23:45:24.179","13389451429","161495926","[PREMIUM]","[PREMIUM]","205","16","_",,,2,"[2]",407,"Upper",10,"Mobile Transfer ticket",1,"[PREMIUM]","[PREMIUM]","[PREMIUM]","[PREMIUM]",true,false,"['Clear view']","2026-07-18 06:40:23"
"13389451457","2026-07-18 23:27:47.683","2026-07-19 23:45:24.796","13389451457","161495926","[PREMIUM]","[PREMIUM]","225","10","_",,,8,"[1,2,3,4,5,6,7,8]",407,"Upper",10,"Mobile Transfer ticket",1,"[PREMIUM]","[PREMIUM]","[PREMIUM]","[PREMIUM]",true,false,"['Clear view']","2026-07-18 06:40:24"
"13392517089","2026-07-18 23:27:47.683","2026-07-19 23:45:24.796","13392517089","161495926","[PREMIUM]","[PREMIUM]","227","13","_",,,4,"[1,2,3,4]",407,"Upper",10,"Mobile Transfer ticket",1,"[PREMIUM]","[PREMIUM]","[PREMIUM]","[PREMIUM]",true,false,"['Clear view']","2026-07-18 19:26:36"
"13389478136","2026-07-18 23:27:47.682","2026-07-19 23:45:26.220","13389478136","161495879","[PREMIUM]","[PREMIUM]","115","4","_",,,4,"[1,2,3,4]",594,"Lower",10,"Mobile Transfer ticket",1,"[PREMIUM]","[PREMIUM]","[PREMIUM]","[PREMIUM]",true,false,"['Clear view']","2026-07-18 06:49:14"
"13392546969","2026-07-18 23:27:47.682","2026-07-27 23:23:08.875","13392546969","161495879","[PREMIUM]","[PREMIUM]","117","4","5_6","5",,2,"[2]",594,"Lower",10,"Mobile Transfer ticket",1,"[PREMIUM]","[PREMIUM]","[PREMIUM]","[PREMIUM]",true,false,"['Clear view']","2026-07-18 19:36:13"
"13389481190","2026-07-18 23:27:47.570","2026-07-19 23:45:26.312","13389481190","161495879","[PREMIUM]","[PREMIUM]","116","6","_",,,6,"[1,2,3,4,5,6]",594,"Lower",10,"Mobile Transfer ticket",1,"[PREMIUM]","[PREMIUM]","[PREMIUM]","[PREMIUM]",true,false,"['Clear view']","2026-07-18 06:49:43"
"13389478130","2026-07-18 23:27:47.570","2026-07-19 23:45:26.312","13389478130","161495879","[PREMIUM]","[PREMIUM]","114","7","_",,,2,"[2]",594,"Lower",10,"Mobile Transfer ticket",1,"[PREMIUM]","[PREMIUM]","[PREMIUM]","[PREMIUM]",true,false,"['Clear view']","2026-07-18 06:49:14"
"13389478132","2026-07-18 23:27:47.570","2026-07-19 23:45:26.312","13389478132","161495879","[PREMIUM]","[PREMIUM]","102","8","_",,,3,"[1,2,3]",594,"Lower",10,"Mobile Transfer ticket",1,"[PREMIUM]","[PREMIUM]","[PREMIUM]","[PREMIUM]",true,false,"['Clear view']","2026-07-18 06:49:14"
"13389481176","2026-07-18 23:27:47.556","2026-07-22 04:03:28.022","13389481176","161495879","[PREMIUM]","[PREMIUM]","112","8","_",,,2,"[2]",594,"Lower",10,"Mobile Transfer ticket",1,"[PREMIUM]","[PREMIUM]","[PREMIUM]","[PREMIUM]",true,false,"['Clear view']","2026-07-18 06:49:43"
"13389478122","2026-07-18 23:27:47.556","2026-07-21 02:34:09.435","13389478122","161495879","[PREMIUM]","[PREMIUM]","106","12","_",,,4,"[1,2,3,4]",594,"Lower",10,"Mobile Transfer ticket",1,"[PREMIUM]","[PREMIUM]","[PREMIUM]","[PREMIUM]",true,false,"['Clear view']","2026-07-18 06:49:13"
"13389478127","2026-07-18 23:27:47.556","2026-07-19 23:45:26.189","13389478127","161495879","[PREMIUM]","[PREMIUM]","104","10","_",,,6,"[1,2,3,4,5,6]",594,"Lower",10,"Mobile Transfer ticket",1,"[PREMIUM]","[PREMIUM]","[PREMIUM]","[PREMIUM]",true,false,"['Clear view']","2026-07-18 06:49:13"
"13389445284","2026-07-18 23:27:47.481","2026-07-19 23:45:25.861","13389445284","161495932","[PREMIUM]","[PREMIUM]","204","5","_",,,2,"[2]",407,"Upper",10,"Mobile Transfer ticket",1,"[PREMIUM]","[PREMIUM]","[PREMIUM]","[PREMIUM]",true,false,"['Clear view']","2026-07-18 06:38:08"
"13389445300","2026-07-18 23:27:47.481","2026-07-19 23:45:25.861","13389445300","161495932","[PREMIUM]","[PREMIUM]","203","5","_",,,5,"[1,2,3,5]",407,"Upper",10,"Mobile Transfer ticket",1,"[PREMIUM]","[PREMIUM]","[PREMIUM]","[PREMIUM]",true,false,"['Clear view']","2026-07-18 06:38:08"
"13389445298","2026-07-18 23:27:47.481","2026-07-19 23:45:25.861","13389445298","161495932","[PREMIUM]","[PREMIUM]","207","5","_",,,6,"[1,2,3,4,5,6]",407,"Upper",10,"Mobile Transfer ticket",1,"[PREMIUM]","[PREMIUM]","[PREMIUM]","[PREMIUM]",true,false,"['Clear view']","2026-07-18 06:38:08"
"13389445314","2026-07-18 23:27:47.481","2026-07-19 23:45:25.909","13389445314","161495932","[PREMIUM]","[PREMIUM]","202","7","_",,,8,"[1,2,3,4,5,6,7,8]",407,"Upper",10,"Mobile Transfer ticket",1,"[PREMIUM]","[PREMIUM]","[PREMIUM]","[PREMIUM]",true,false,"['Clear view']","2026-07-18 06:38:08"
"13389447393","2026-07-18 23:27:47.481","2026-07-19 23:45:25.909","13389447393","161495932","[PREMIUM]","[PREMIUM]","215","9","_",,,3,"[1,2,3]",407,"Upper",10,"Mobile Transfer ticket",1,"[PREMIUM]","[PREMIUM]","[PREMIUM]","[PREMIUM]",true,false,"['Clear view']","2026-07-18 06:38:57"
"13389445283","2026-07-18 23:27:47.442","2026-07-18 23:27:47.442","13389445283","161495932","[PREMIUM]","[PREMIUM]","217","4","_",,,3,"[1,2,3]",407,"Upper",10,"Mobile Transfer ticket",1,"[PREMIUM]","[PREMIUM]","[PREMIUM]","[PREMIUM]",true,false,"['Clear view']","2026-07-18 06:38:08"
"13389445286","2026-07-18 23:27:47.442","2026-07-19 23:45:25.861","13389445286","161495932","[PREMIUM]","[PREMIUM]","220","3","_",,,2,"[2]",407,"Upper",10,"Mobile Transfer ticket",1,"[PREMIUM]","[PREMIUM]","[PREMIUM]","[PREMIUM]",true,false,"['Limited or Obstructed View (printed on ticket)','Third Row of Section']","2026-07-18 06:38:08"
"13381713230","2026-07-18 23:27:47.399","2026-07-18 23:27:47.399","13381713230","161495932","[PREMIUM]","[PREMIUM]","206","4","9001_9001","9001",,1,"[1]",407,"Upper",11,"Mobile ticket",1,"[PREMIUM]","[PREMIUM]","[PREMIUM]","[PREMIUM]",false,false,"['Limited or Obstructed View (printed on ticket)']","2026-07-17 09:11:18"
"13381726028","2026-07-18 23:27:47.399","2026-07-21 02:33:59.019","13381726028","161495932","[PREMIUM]","[PREMIUM]","204","4","9001_9001","9001",,1,"[1]",407,"Upper",11,"Mobile ticket",1,"[PREMIUM]","[PREMIUM]","[PREMIUM]","[PREMIUM]",false,false,"['Clear view']","2026-07-17 09:13:58"
"13381716686","2026-07-18 23:27:47.326","2026-07-18 23:27:47.326","13381716686","161495932","[PREMIUM]","[PREMIUM]","223","2","9001_9002","9001",,2,"[2]",407,"Upper",11,"Mobile ticket",1,"[PREMIUM]","[PREMIUM]","[PREMIUM]","[PREMIUM]",true,false,"['Limited or Obstructed View (printed on ticket)','Second Row of Section']","2026-07-17 09:12:08"
"13391478495","2026-07-18 23:27:47.275","2026-07-18 23:27:47.275","13391478495","161495932","[PREMIUM]","[PREMIUM]","228","15","_",,,4,"[1,2,3,4]",407,"Upper",10,"Mobile Transfer ticket",1,"[PREMIUM]","[PREMIUM]","[PREMIUM]","[PREMIUM]",true,false,"['Clear view']","2026-07-18 15:20:57"
"13389445307","2026-07-18 23:27:47.272","2026-07-19 23:45:26.128","13389445307","161495932","[PREMIUM]","[PREMIUM]","209","11","_",,,8,"[1,2,3,4,5,6,7,8]",407,"Upper",10,"Mobile Transfer ticket",1,"[PREMIUM]","[PREMIUM]","[PREMIUM]","[PREMIUM]",true,false,"['Clear view']","2026-07-18 06:38:08"
"13389445299","2026-07-18 23:27:47.241","2026-07-19 23:45:25.629","13389445299","161495932","[PREMIUM]","[PREMIUM]","225","10","_",,,8,"[1,2,3,4,5,6,7,8]",407,"Upper",10,"Mobile Transfer ticket",1,"[PREMIUM]","[PREMIUM]","[PREMIUM]","[PREMIUM]",true,false,"['Clear view']","2026-07-18 06:38:08"
"13389445281","2026-07-18 23:27:47.241","2026-07-19 23:45:25.629","13389445281","161495932","[PREMIUM]","[PREMIUM]","227","13","_",,,6,"[1,2,3,4,5,6]",407,"Upper",10,"Mobile Transfer ticket",1,"[PREMIUM]","[PREMIUM]","[PREMIUM]","[PREMIUM]",true,false,"['Clear view']","2026-07-18 06:38:08"
"13389445282","2026-07-18 23:27:47.234","2026-07-19 23:45:26.128","13389445282","161495932","[PREMIUM]","[PREMIUM]","205","15","_",,,2,"[2]",407,"Upper",10,"Mobile Transfer ticket",1,"[PREMIUM]","[PREMIUM]","[PREMIUM]","[PREMIUM]",true,false,"['Clear view']","2026-07-18 06:38:08"
"13389445376","2026-07-18 23:27:47.234","2026-07-19 23:45:26.128","13389445376","161495932","[PREMIUM]","[PREMIUM]","206","11","_",,,8,"[1,2,3,4,5,6,7,8]",407,"Upper",10,"Mobile Transfer ticket",1,"[PREMIUM]","[PREMIUM]","[PREMIUM]","[PREMIUM]",true,false,"['Clear view']","2026-07-18 06:38:10"
"13389481338","2026-07-18 23:27:47.148","2026-07-22 04:03:28.022","13389481338","161495879","[PREMIUM]","[PREMIUM]","103","10","_",,,4,"[1,2,3,4]",594,"Lower",10,"Mobile Transfer ticket",1,"[PREMIUM]","[PREMIUM]","[PREMIUM]","[PREMIUM]",true,false,"['Clear view']","2026-07-18 06:49:43"
"13389478121","2026-07-18 23:27:47.148","2026-07-22 04:03:28.022","13389478121","161495879","[PREMIUM]","[PREMIUM]","110","15","_",,,6,"[1,2,3,4,5,6]",594,"Lower",10,"Mobile Transfer ticket",1,"[PREMIUM]","[PREMIUM]","[PREMIUM]","[PREMIUM]",true,false,"['Clear view']","2026-07-18 06:49:13"
"13389478125","2026-07-18 23:27:47.148","2026-07-22 04:03:28.022","13389478125","161495879","[PREMIUM]","[PREMIUM]","113","12","_",,,5,"[1,2,3,5]",594,"Lower",10,"Mobile Transfer ticket",1,"[PREMIUM]","[PREMIUM]","[PREMIUM]","[PREMIUM]",true,false,"['Clear view']","2026-07-18 06:49:13"
"13389478128","2026-07-18 23:27:47.148","2026-07-22 04:03:28.022","13389478128","161495879","[PREMIUM]","[PREMIUM]","109","8","_",,,2,"[2]",594,"Lower",10,"Mobile Transfer ticket",1,"[PREMIUM]","[PREMIUM]","[PREMIUM]","[PREMIUM]",true,false,"['Clear view']","2026-07-18 06:49:13"
"13389478134","2026-07-18 23:27:47.148","2026-07-22 04:03:28.022","13389478134","161495879","[PREMIUM]","[PREMIUM]","107","7","_",,,2,"[2]",594,"Lower",10,"Mobile Transfer ticket",1,"[PREMIUM]","[PREMIUM]","[PREMIUM]","[PREMIUM]",true,false,"['Clear view']","2026-07-18 06:49:14"
"13384668613","2026-07-18 23:27:47.139","2026-07-18 23:27:47.139","13384668613","161495879","[PREMIUM]","[PREMIUM]","101","22","_",,,4,"[2,4]",594,"Lower",10,"Mobile Transfer ticket",1,"[PREMIUM]","[PREMIUM]","[PREMIUM]","[PREMIUM]",true,false,"['Clear view']","2026-07-17 17:36:48"
"13384665443","2026-07-18 23:27:47.139","2026-07-18 23:27:47.139","13384665443","161495879","[PREMIUM]","[PREMIUM]","115","25","_",,,2,"[2]",594,"Lower",10,"Mobile Transfer ticket",1,"[PREMIUM]","[PREMIUM]","[PREMIUM]","[PREMIUM]",true,false,"['Clear view']","2026-07-17 17:36:25"
"13384668412","2026-07-18 23:27:46.992","2026-07-19 23:45:25.511","13384668412","161495879","[PREMIUM]","[PREMIUM]","115","24","_",,,2,"[2]",594,"Lower",10,"Mobile Transfer ticket",1,"[PREMIUM]","[PREMIUM]","[PREMIUM]","[PREMIUM]",true,false,"['Clear view']","2026-07-17 17:36:47"
"13384668498","2026-07-18 23:27:46.968","2026-07-21 02:34:09.464","13384668498","161495879","[PREMIUM]","[PREMIUM]","112","23","_",,,2,"[2]",594,"Lower",10,"Mobile Transfer ticket",1,"[PREMIUM]","[PREMIUM]","[PREMIUM]","[PREMIUM]",true,false,"['Clear view']","2026-07-17 17:36:48"
"13384668597","2026-07-18 23:27:46.938","2026-07-21 02:34:09.638","13384668597","161495879","[PREMIUM]","[PREMIUM]","102","19","_",,,6,"[6]",594,"Lower",10,"Mobile Transfer ticket",1,"[PREMIUM]","[PREMIUM]","[PREMIUM]","[PREMIUM]",true,false,"['Clear view']","2026-07-17 17:36:48"
"13384668598","2026-07-18 23:27:46.938","2026-07-21 02:34:09.638","13384668598","161495879","[PREMIUM]","[PREMIUM]","102","18","_",,,2,"[2]",594,"Lower",10,"Mobile Transfer ticket",1,"[PREMIUM]","[PREMIUM]","[PREMIUM]","[PREMIUM]",true,false,"['Clear view']","2026-07-17 17:36:48"
"13389478123","2026-07-18 23:27:46.938","2026-07-18 23:27:46.938","13389478123","161495879","[PREMIUM]","[PREMIUM]","117","6","_",,,4,"[1,2,3,4]",594,"Lower",10,"Mobile Transfer ticket",1,"[PREMIUM]","[PREMIUM]","[PREMIUM]","[PREMIUM]",true,false,"['Clear view']","2026-07-18 06:49:13"
"13389481235","2026-07-18 23:27:46.938","2026-07-18 23:27:46.938","13389481235","161495879","[PREMIUM]","[PREMIUM]","126","10","_",,,2,"[2]",594,"Lower",10,"Mobile Transfer ticket",1,"[PREMIUM]","[PREMIUM]","[PREMIUM]","[PREMIUM]",true,false,"['Front Row of Section','Clear view']","2026-07-18 06:49:43"
"13384668555","2026-07-18 23:27:46.923","2026-07-22 04:03:28.232","13384668555","161495879","[PREMIUM]","[PREMIUM]","104","23","_",,,6,"[6]",594,"Lower",10,"Mobile Transfer ticket",1,"[PREMIUM]","[PREMIUM]","[PREMIUM]","[PREMIUM]",true,false,"['Clear view']","2026-07-17 17:36:48"
"13389481232","2026-07-18 23:27:46.923","2026-07-18 23:27:46.923","13389481232","161495879","[PREMIUM]","[PREMIUM]","223","1","_",,,2,"[2]",407,"Upper",10,"Mobile Transfer ticket",1,"[PREMIUM]","[PREMIUM]","[PREMIUM]","[PREMIUM]",true,false,"['Front Row of Section','Clear view']","2026-07-18 06:49:43"
"13389478076","2026-07-18 23:27:46.923","2026-07-18 23:27:46.923","13389478076","161495879","[PREMIUM]","[PREMIUM]","218","1","_",,,6,"[1,2,3,4,5,6]",407,"Upper",10,"Mobile Transfer ticket",1,"[PREMIUM]","[PREMIUM]","[PREMIUM]","[PREMIUM]",true,false,"['Front Row of Section','Clear view']","2026-07-18 06:49:12"
"13389478105","2026-07-18 23:27:46.923","2026-07-18 23:27:46.923","13389478105","161495879","[PREMIUM]","[PREMIUM]","210","1","_",,,2,"[2]",407,"Upper",10,"Mobile Transfer ticket",1,"[PREMIUM]","[PREMIUM]","[PREMIUM]","[PREMIUM]",true,false,"['Front Row of Section','Clear view']","2026-07-18 06:49:13"
"13389478103","2026-07-18 23:27:46.923","2026-07-18 23:27:46.923","13389478103","161495879","[PREMIUM]","[PREMIUM]","221","1","_",,,2,"[2]",407,"Upper",10,"Mobile Transfer ticket",1,"[PREMIUM]","[PREMIUM]","[PREMIUM]","[PREMIUM]",true,false,"['Front Row of Section','Clear view']","2026-07-18 06:49:13"
"13389477855","2026-07-18 23:27:46.923","2026-07-19 23:45:24.575","13389477855","161495879","[PREMIUM]","[PREMIUM]","219","1","_",,,4,"[1,2,3,4]",407,"Upper",10,"Mobile Transfer ticket",1,"[PREMIUM]","[PREMIUM]","[PREMIUM]","[PREMIUM]",true,false,"['Front Row of Section','Clear view']","2026-07-18 06:49:12"
"13389478080","2026-07-18 23:27:46.923","2026-07-19 23:45:24.575","13389478080","161495879","[PREMIUM]","[PREMIUM]","225","1","_",,,2,"[2]",407,"Upper",10,"Mobile Transfer ticket",1,"[PREMIUM]","[PREMIUM]","[PREMIUM]","[PREMIUM]",true,false,"['Front Row of Section','Clear view']","2026-07-18 06:49:12"
"13391929235","2026-07-18 23:27:46.907","2026-07-19 23:45:24.054","13391929235","161495879","[PREMIUM]","[PREMIUM]","124","12","9001_9002","9001",,2,"[2]",594,"Lower",11,"Mobile ticket",1,"[PREMIUM]","[PREMIUM]","[PREMIUM]","[PREMIUM]",true,false,"['Clear view']","2026-07-18 17:09:05"
"13384667777","2026-07-18 23:27:46.874","2026-07-19 23:45:23.934","13384667777","161495879","[PREMIUM]","[PREMIUM]","117","23","_",,,6,"[6]",594,"Lower",10,"Mobile Transfer ticket",1,"[PREMIUM]","[PREMIUM]","[PREMIUM]","[PREMIUM]",true,false,"['Clear view']","2026-07-17 17:36:41"
"13389481234","2026-07-18 23:27:46.874","2026-07-19 23:45:23.934","13389481234","161495879","[PREMIUM]","[PREMIUM]","124","16","_",,,2,"[2]",594,"Lower",10,"Mobile Transfer ticket",1,"[PREMIUM]","[PREMIUM]","[PREMIUM]","[PREMIUM]",true,false,"['Clear view']","2026-07-18 06:49:43"
"13384668521","2026-07-18 23:27:46.854","2026-07-22 04:03:27.261","13384668521","161495879","[PREMIUM]","[PREMIUM]","109","18","_",,,2,"[2]",594,"Lower",10,"Mobile Transfer ticket",1,"[PREMIUM]","[PREMIUM]","[PREMIUM]","[PREMIUM]",true,false,"['Clear view']","2026-07-17 17:36:48"
"13389478109","2026-07-18 23:27:46.604","2026-07-18 23:27:46.604","13389478109","161495879","[PREMIUM]","[PREMIUM]","215","5","_",,,6,"[1,2,3,4,5,6]",407,"Upper",10,"Mobile Transfer ticket",1,"[PREMIUM]","[PREMIUM]","[PREMIUM]","[PREMIUM]",true,false,"['Clear view']","2026-07-18 06:49:13"
"13389478108","2026-07-18 23:27:46.604","2026-07-18 23:27:46.604","13389478108","161495879","[PREMIUM]","[PREMIUM]","214","4","_",,,6,"[1,2,3,4,5,6]",407,"Upper",10,"Mobile Transfer ticket",1,"[PREMIUM]","[PREMIUM]","[PREMIUM]","[PREMIUM]",true,false,"['Clear view']","2026-07-18 06:49:13"
"13391929243","2026-07-18 23:27:46.581","2026-07-19 23:45:23.908","13391929243","161495879","[PREMIUM]","[PREMIUM]","213","2","9001_9001","9001",,1,"[1]",407,"Upper",11,"Mobile ticket",1,"[PREMIUM]","[PREMIUM]","[PREMIUM]","[PREMIUM]",false,false,"['Second Row of Section','Clear view']","2026-07-18 17:09:05"
"13384667659","2026-07-18 23:27:46.557","2026-07-19 23:45:23.672","13384667659","161495879","[PREMIUM]","[PREMIUM]","204","5","_",,,2,"[2]",407,"Upper",10,"Mobile Transfer ticket",1,"[PREMIUM]","[PREMIUM]","[PREMIUM]","[PREMIUM]",true,false,"['Clear view']","2026-07-17 17:36:41"
"13384669865","2026-07-18 23:27:46.557","2026-07-22 04:03:26.690","13384669865","161495879","[PREMIUM]","[PREMIUM]","210","5","_",,,2,"[2]",407,"Upper",10,"Mobile Transfer ticket",1,"[PREMIUM]","[PREMIUM]","[PREMIUM]","[PREMIUM]",true,false,"['Clear view']","2026-07-17 17:36:55"
"13389481388","2026-07-18 23:27:46.557","2026-07-19 23:45:23.672","13389481388","161495879","[PREMIUM]","[PREMIUM]","208","7","_",,,6,"[1,2,3,4,5,6]",407,"Upper",10,"Mobile Transfer ticket",1,"[PREMIUM]","[PREMIUM]","[PREMIUM]","[PREMIUM]",true,false,"['Clear view']","2026-07-18 06:49:43"
"13389478102","2026-07-18 23:27:46.557","2026-07-19 23:45:23.672","13389478102","161495879","[PREMIUM]","[PREMIUM]","203","6","_",,,8,"[1,2,3,4,5,6,7,8]",407,"Upper",10,"Mobile Transfer ticket",1,"[PREMIUM]","[PREMIUM]","[PREMIUM]","[PREMIUM]",true,false,"['Clear view']","2026-07-18 06:49:13"
"13381829252","2026-07-18 23:27:46.539","2026-07-19 23:45:23.676","13381829252","161495879","[PREMIUM]","[PREMIUM]","217","3","9001_9001","9001",,1,"[1]",407,"Upper",11,"Mobile ticket",1,"[PREMIUM]","[PREMIUM]","[PREMIUM]","[PREMIUM]",false,false,"['Third Row of Section','Clear view']","2026-07-17 09:41:13"
"13389478111","2026-07-18 23:27:46.539","2026-07-19 23:45:23.676","13389478111","161495879","[PREMIUM]","[PREMIUM]","202","7","_",,,8,"[1,2,3,4,5,6,7,8]",407,"Upper",10,"Mobile Transfer ticket",1,"[PREMIUM]","[PREMIUM]","[PREMIUM]","[PREMIUM]",true,false,"['Clear view']","2026-07-18 06:49:13"
"13389478096","2026-07-18 23:27:46.539","2026-07-19 23:45:23.581","13389478096","161495879","[PREMIUM]","[PREMIUM]","207","5","_",,,6,"[1,2,3,4,5,6]",407,"Upper",10,"Mobile Transfer ticket",1,"[PREMIUM]","[PREMIUM]","[PREMIUM]","[PREMIUM]",true,false,"['Clear view']","2026-07-18 06:49:13"
"13389478098","2026-07-18 23:27:46.539","2026-07-19 23:45:23.581","13389478098","161495879","[PREMIUM]","[PREMIUM]","213","4","_",,,3,"[1,2,3]",407,"Upper",10,"Mobile Transfer ticket",1,"[PREMIUM]","[PREMIUM]","[PREMIUM]","[PREMIUM]",true,false,"['Clear view']","2026-07-18 06:49:13"
"13389478104","2026-07-18 23:27:46.539","2026-07-19 23:45:23.581","13389478104","161495879","[PREMIUM]","[PREMIUM]","205","3","_",,,2,"[2]",407,"Upper",10,"Mobile Transfer ticket",1,"[PREMIUM]","[PREMIUM]","[PREMIUM]","[PREMIUM]",true,false,"['Limited or Obstructed View (printed on ticket)','Third Row of Section']","2026-07-18 06:49:13"
"13389478106","2026-07-18 23:27:46.539","2026-07-19 23:45:23.581","13389478106","161495879","[PREMIUM]","[PREMIUM]","204","6","_",,,8,"[1,2,3,4,5,6,7,8]",407,"Upper",10,"Mobile Transfer ticket",1,"[PREMIUM]","[PREMIUM]","[PREMIUM]","[PREMIUM]",true,false,"['Clear view']","2026-07-18 06:49:13"
"13389481194","2026-07-18 23:27:46.539","2026-07-19 23:45:23.581","13389481194","161495879","[PREMIUM]","[PREMIUM]","206","4","_",,,4,"[1,2,3,4]",407,"Upper",10,"Mobile Transfer ticket",1,"[PREMIUM]","[PREMIUM]","[PREMIUM]","[PREMIUM]",true,false,"['Clear view']","2026-07-18 06:49:43"
"13376199499","2026-07-18 23:27:46.518","2026-07-19 23:45:19.112","13376199499","161381055","[PREMIUM]","[PREMIUM]","Box L","E","21_24","21","24",4,"[2,4]",4318,"Theater Box",10,"Mobile Transfer ticket",1,"[PREMIUM]","[PREMIUM]","[PREMIUM]","[PREMIUM]",true,false,"['Access to VIP Lounge','VIP Club Access w/ private entrance & restrooms','Complimentary Food & Soft drinks','Tickets give you access to a private VIP bar','Includes unlimited food and drinks (beer, wine and liquor)','Parking Pass','Includes food, beer and wine','Food and Beverage Included','All-Inclusive Food','VIP Parking Pass','Clear view']","2026-07-16 20:38:31"
"13384669722","2026-07-18 23:27:46.479","2026-07-22 04:03:26.618","13384669722","161495879","[PREMIUM]","[PREMIUM]","218","3","_",,,2,"[2]",407,"Upper",10,"Mobile Transfer ticket",1,"[PREMIUM]","[PREMIUM]","[PREMIUM]","[PREMIUM]",true,false,"['Third Row of Section','Clear view']","2026-07-17 17:36:54"
"13377544813","2026-07-18 23:27:46.189","2026-07-19 23:45:20.695","13377544813","161461318","[PREMIUM]","[PREMIUM]","111","T","_",,,2,"[1,2]",5002,"Main Concourse",10,"Mobile Transfer ticket",1,"[PREMIUM]","[PREMIUM]","[PREMIUM]","[PREMIUM]",true,false,"['Clear view']","2026-07-16 23:17:59"
"13384667639","2026-07-18 23:27:46.063","2026-07-22 04:03:25.854","13384667639","161495879","[PREMIUM]","[PREMIUM]","206","10","_",,,2,"[2]",407,"Upper",10,"Mobile Transfer ticket",1,"[PREMIUM]","[PREMIUM]","[PREMIUM]","[PREMIUM]",true,false,"['Clear view']","2026-07-17 17:36:41"
"13389478088","2026-07-18 23:27:46.063","2026-07-19 23:45:23.280","13389478088","161495879","[PREMIUM]","[PREMIUM]","209","11","_",,,8,"[1,2,3,4,5,6,7,8]",407,"Upper",10,"Mobile Transfer ticket",1,"[PREMIUM]","[PREMIUM]","[PREMIUM]","[PREMIUM]",true,false,"['Clear view']","2026-07-18 06:49:12"
"13383123174","2026-07-18 23:27:46.054","2026-07-31 06:36:47.365","13383123174","161495879","[PREMIUM]","[PREMIUM]","225","7","_",,,4,"[2,4]",407,"Upper",10,"Mobile Transfer ticket",1,"[PREMIUM]","[PREMIUM]","[PREMIUM]","[PREMIUM]",true,false,"['Clear view']","2026-07-17 14:18:04"
"13384669663","2026-07-18 23:27:46.020","2026-07-23 01:49:37.703","13384669663","161495879","[PREMIUM]","[PREMIUM]","223","4","_",,,5,"[5]",407,"Upper",10,"Mobile Transfer ticket",1,"[PREMIUM]","[PREMIUM]","[PREMIUM]","[PREMIUM]",true,false,"['Clear view']","2026-07-17 17:36:54"
"13389477980","2026-07-18 23:27:46.020","2026-07-19 23:45:23.259","13389477980","161495879","[PREMIUM]","[PREMIUM]","220","3","_",,,2,"[2]",407,"Upper",10,"Mobile Transfer ticket",1,"[PREMIUM]","[PREMIUM]","[PREMIUM]","[PREMIUM]",true,false,"['Limited or Obstructed View (printed on ticket)','Third Row of Section']","2026-07-18 06:49:12"
"13389477869","2026-07-18 23:27:46.020","2026-07-19 23:45:23.259","13389477869","161495879","[PREMIUM]","[PREMIUM]","217","4","_",,,3,"[1,2,3]",407,"Upper",10,"Mobile Transfer ticket",1,"[PREMIUM]","[PREMIUM]","[PREMIUM]","[PREMIUM]",true,false,"['Clear view']","2026-07-18 06:49:12"
"13384669793","2026-07-18 23:27:45.908","2026-07-22 04:03:25.854","13384669793","161495879","[PREMIUM]","[PREMIUM]","212","11","_",,,2,"[2]",407,"Upper",10,"Mobile Transfer ticket",1,"[PREMIUM]","[PREMIUM]","[PREMIUM]","[PREMIUM]",true,false,"['Clear view']","2026-07-17 17:36:55"
"13384667637","2026-07-18 23:27:45.908","2026-07-25 23:09:59.368","13384667637","161495879","[PREMIUM]","[PREMIUM]","207","9","_",,,2,"[2]",407,"Upper",10,"Mobile Transfer ticket",1,"[PREMIUM]","[PREMIUM]","[PREMIUM]","[PREMIUM]",true,false,"['Clear view']","2026-07-17 17:36:41"
"13384667645","2026-07-18 23:27:45.766","2026-07-19 23:45:23.116","13384667645","161495879","[PREMIUM]","[PREMIUM]","205","13","_",,,3,"[3]",407,"Upper",10,"Mobile Transfer ticket",1,"[PREMIUM]","[PREMIUM]","[PREMIUM]","[PREMIUM]",true,false,"['Clear view']","2026-07-17 17:36:41"
"13384669703","2026-07-18 23:27:45.758","2026-07-18 23:27:45.758","13384669703","161495879","[PREMIUM]","[PREMIUM]","220","8","_",,,4,"[2,4]",407,"Upper",10,"Mobile Transfer ticket",1,"[PREMIUM]","[PREMIUM]","[PREMIUM]","[PREMIUM]",true,false,"['Clear view']","2026-07-17 17:36:54"
"13385775265","2026-07-18 23:27:45.458","2026-07-31 06:36:32.185","13385775265","161381055","[PREMIUM]","[PREMIUM]","315","M","7_14","7","14",8,"[1,2,3,4,5,6,8]",507,"Mezzanine",10,"Mobile Transfer ticket",1,"[PREMIUM]","[PREMIUM]","[PREMIUM]","[PREMIUM]",true,false,"['Clear view']","2026-07-17 19:58:51"
"13391257075","2026-07-18 23:27:45.407","2026-07-31 06:36:26.426","13391257075","161381055","[PREMIUM]","[PREMIUM]","312","K","_",,,6,"[1,2,3,4,6]",507,"Mezzanine",10,"Mobile Transfer ticket",1,"[PREMIUM]","[PREMIUM]","[PREMIUM]","[PREMIUM]",true,false,"['Clear view']","2026-07-18 14:33:53"
"13375730453","2026-07-18 23:27:44.982","2026-07-31 06:36:33.253","13375730453","161461318","[PREMIUM]","[PREMIUM]","423","B","_",,,3,"[1,2,3]",1706,"Upper Concourse",10,"Mobile Transfer ticket",1,"[PREMIUM]","[PREMIUM]","[PREMIUM]","[PREMIUM]",true,false,"['Second Row of Section','Clear view']","2026-07-16 19:42:12"
"13392066010","2026-07-18 23:27:44.473","2026-07-19 23:45:19.350","13392066010","161461318","[PREMIUM]","[PREMIUM]","409","P","_",,,2,"[1,2]",1706,"Upper Concourse",10,"Mobile Transfer ticket",1,"[PREMIUM]","[PREMIUM]","[PREMIUM]","[PREMIUM]",true,false,"['Clear view']","2026-07-18 17:41:36"
"13385135199","2026-07-18 23:27:44.385","2026-07-31 06:36:33.715","13385135199","161381074","[PREMIUM]","[PREMIUM]","122","K","1_2","1",,2,"[2]",4325,"Plaza Level",10,"Mobile Transfer ticket",1,"[PREMIUM]","[PREMIUM]","[PREMIUM]","[PREMIUM]",true,false,"['Clear view']","2026-07-17 18:49:13"
"13391637663","2026-07-18 23:27:43.967","2026-07-21 02:31:46.670","13391637663","161563883","[PREMIUM]","[PREMIUM]","6","M","8_11","8",,4,"[2,4]",594,"Lower",10,"Mobile Transfer ticket",1,"[PREMIUM]","[PREMIUM]","[PREMIUM]","[PREMIUM]",true,false,"['Clear view']","2026-07-18 15:57:07"
"13391666845","2026-07-18 23:27:43.518","2026-07-31 06:35:55.273","13391666845","161563883","[PREMIUM]","[PREMIUM]","216","D","7_9","7",,3,"[1,3]",407,"Upper",10,"Mobile Transfer ticket",1,"[PREMIUM]","[PREMIUM]","[PREMIUM]","[PREMIUM]",true,false,"['Clear view']","2026-07-18 16:06:08"
"13391796755","2026-07-18 23:27:43.420","2026-07-30 00:13:55.962","13391796755","161563883","[PREMIUM]","[PREMIUM]","6","V","17_19","17","19",3,"[1,3]",594,"Lower",10,"Mobile Transfer ticket",1,"[PREMIUM]","[PREMIUM]","[PREMIUM]","[PREMIUM]",true,false,"['Clear view']","2026-07-18 16:38:28"
"13391257085","2026-07-18 23:27:43.171","2026-07-31 06:36:29.073","13391257085","161381074","[PREMIUM]","[PREMIUM]","312","K","_",,,6,"[1,2,3,4,6]",507,"Mezzanine",10,"Mobile Transfer ticket",1,"[PREMIUM]","[PREMIUM]","[PREMIUM]","[PREMIUM]",true,false,"['Clear view']","2026-07-18 14:33:53"
"13381707383","2026-07-18 23:27:42.737","2026-07-18 23:27:42.737","13381707383","161495891","[PREMIUM]","[PREMIUM]","102","4","9001_9006","9001",,6,"[1,2,3,4,5,6]",594,"Lower",11,"Mobile ticket",1,"[PREMIUM]","[PREMIUM]","[PREMIUM]","[PREMIUM]",true,false,"['Clear view']","2026-07-17 09:09:49"
"13378712818","2026-07-18 23:27:42.737","2026-07-31 06:37:10.032","13378712818","161495891","[PREMIUM]","[PREMIUM]","113","3","5_8","5",,4,"[1,2,4]",594,"Lower",10,"Mobile Transfer ticket",14,"[PREMIUM]","[PREMIUM]","[PREMIUM]","[PREMIUM]",true,false,"['Third Row of Section','Clear view']","2026-07-17 01:36:06"
"13392535575","2026-07-18 23:27:42.737","2026-07-18 23:27:42.737","13392535575","161495891","[PREMIUM]","[PREMIUM]","117","4","5_6","5",,2,"[2]",594,"Lower",10,"Mobile Transfer ticket",1,"[PREMIUM]","[PREMIUM]","[PREMIUM]","[PREMIUM]",true,false,"['Clear view']","2026-07-18 19:33:41"
"13388482848","2026-07-18 23:27:42.314","2026-07-28 23:20:48.885","13388482848","161470386","[PREMIUM]","[PREMIUM]","226","E","1_2","1","2",2,"[2]",407,"Upper",9,"Mobile Transfer ticket",1,"[PREMIUM]","[PREMIUM]","[PREMIUM]","[PREMIUM]",true,false,"['Aisle seat','Clear view']","2026-07-18 03:48:39"
"13388532127","2026-07-18 23:27:42.256","2026-07-31 06:36:43.122","13388532127","161470386","[PREMIUM]","[PREMIUM]","212","A","9_10","9","10",2,"[2]",407,"Upper",9,"Mobile Transfer ticket",1,"[PREMIUM]","[PREMIUM]","[PREMIUM]","[PREMIUM]",true,false,"['Actual 1st row of the section','Clear view']","2026-07-18 03:58:13"
"13388482857","2026-07-18 23:27:42.256","2026-07-31 06:36:42.745","13388482857","161470386","[PREMIUM]","[PREMIUM]","117","H","7_8","7","8",2,"[2]",471,"Middle",9,"Mobile Transfer ticket",1,"[PREMIUM]","[PREMIUM]","[PREMIUM]","[PREMIUM]",true,false,"['Aisle seat','Clear view']","2026-07-18 03:48:39"
"13389054714","2026-07-18 23:27:42.244","2026-07-28 23:20:45.357","13389054714","161563883","[PREMIUM]","[PREMIUM]","123","L","_",,,4,"[2,4]",471,"Middle",10,"Mobile Transfer ticket",1,"[PREMIUM]","[PREMIUM]","[PREMIUM]","[PREMIUM]",true,false,"['Clear view']","2026-07-18 05:13:10"
"13377639341","2026-07-18 23:27:41.995","2026-07-18 23:27:41.995","13377639341","161495891","[PREMIUM]","[PREMIUM]","123","6","_",,,2,"[2]",594,"Lower",10,"Mobile Transfer ticket",1,"[PREMIUM]","[PREMIUM]","[PREMIUM]","[PREMIUM]",true,false,"['Clear view']","2026-07-16 23:30:19"
"13377424896","2026-07-18 23:27:41.783","2026-07-18 23:27:41.783","13377424896","161495891","[PREMIUM]","[PREMIUM]","113","26","_",,,2,"[1,2]",594,"Lower",10,"Mobile Transfer ticket",1,"[PREMIUM]","[PREMIUM]","[PREMIUM]","[PREMIUM]",true,true,"['Clear view']","2026-07-16 23:07:42"
"13381712676","2026-07-18 23:27:41.610","2026-07-21 02:33:50.988","13381712676","161495891","[PREMIUM]","[PREMIUM]","202","4","9001_9006","9001",,6,"[1,2,3,4,5,6]",407,"Upper",11,"Mobile ticket",1,"[PREMIUM]","[PREMIUM]","[PREMIUM]","[PREMIUM]",true,false,"['Clear view']","2026-07-17 09:11:13"
