"_primaryKey","_firstSeenAt","_lastSeenAt","listingId","eventId","price","faceValue","section","row","seat","seatFrom","seatTo","quantity","availableQuantities","ticketClass","ticketClassName","ticketTypeId","ticketTypeName","listingTypeId","starRating","dealScore","discount","seatQualityScore","isSeatedTogether","isSpeculativeRow","listingNotes","createdAt"
"14055211614","2026-09-15 23:59:59.383","2026-09-16 00:05:07.678","14055211614","160435933","[PREMIUM]","[PREMIUM]","641","19","_",,,3,"[1,3]",2124,"Upper Terrace",10,"Mobile Transfer ticket",14,"[PREMIUM]","[PREMIUM]","[PREMIUM]","[PREMIUM]",true,false,"['Clear view']","2026-09-15 22:41:40"
"14055422855","2026-09-15 23:59:59.295","2026-09-16 00:03:14.693","14055422855","160437150","[PREMIUM]","[PREMIUM]","448","6","_",,,2,"[2]",1771,"Terrace Level",10,"Mobile Transfer ticket",1,"[PREMIUM]","[PREMIUM]","[PREMIUM]","[PREMIUM]",true,false,"['Clear view']","2026-09-15 23:07:52"
"14051815273","2026-09-15 23:59:58.844","2026-09-16 00:05:44.624","14051815273","160435933","[PREMIUM]","[PREMIUM]","608","11","9001_9001","9001",,1,"[1]",2124,"Upper Terrace",10,"Mobile Transfer ticket",13,"[PREMIUM]","[PREMIUM]","[PREMIUM]","[PREMIUM]",false,false,"['Front Row of Section','Clear view']","2026-09-15 16:13:05"
"14050829129","2026-09-15 23:59:49.460","2026-09-20 00:19:32.635","14050829129","160435933","[PREMIUM]","[PREMIUM]","641","27","_",,,10,"[1,2,3,4,5,6,8,10]",2124,"Upper Terrace",10,"Mobile Transfer ticket",14,"[PREMIUM]","[PREMIUM]","[PREMIUM]","[PREMIUM]",true,false,"['Clear view']","2026-09-15 14:52:30"
"14055595717","2026-09-15 23:59:49.460","2026-09-16 00:05:47.337","14055595717","160435933","[PREMIUM]","[PREMIUM]","614","35","_",,,2,"[1,2]",2124,"Upper Terrace",10,"Mobile Transfer ticket",1,"[PREMIUM]","[PREMIUM]","[PREMIUM]","[PREMIUM]",true,false,"['Clear view']","2026-09-15 23:34:04"
"14050829307","2026-09-15 23:59:48.339","2026-09-16 23:56:23.156","14050829307","160435933","[PREMIUM]","[PREMIUM]","615","26","_",,,4,"[2,4]",2124,"Upper Terrace",10,"Mobile Transfer ticket",14,"[PREMIUM]","[PREMIUM]","[PREMIUM]","[PREMIUM]",true,false,"['Clear view']","2026-09-15 14:52:32"
"14050829306","2026-09-15 23:59:48.339","2026-09-18 00:36:44.007","14050829306","160435933","[PREMIUM]","[PREMIUM]","616","21","_",,,4,"[2,4]",2124,"Upper Terrace",10,"Mobile Transfer ticket",14,"[PREMIUM]","[PREMIUM]","[PREMIUM]","[PREMIUM]",true,false,"['Clear view']","2026-09-15 14:52:32"
"14050829141","2026-09-15 23:59:48.339","2026-09-16 00:05:16.432","14050829141","160435933","[PREMIUM]","[PREMIUM]","649","4","_",,,3,"[1,3]",2124,"Upper Terrace",10,"Mobile Transfer ticket",14,"[PREMIUM]","[PREMIUM]","[PREMIUM]","[PREMIUM]",true,false,"['Clear view']","2026-09-15 14:52:30"
"14045615949","2026-09-15 23:59:47.989","2026-09-28 05:25:17.536","14045615949","160435933","[PREMIUM]","[PREMIUM]","652","4","_",,,3,"[1,3]",2124,"Upper Terrace",10,"Mobile Transfer ticket",14,"[PREMIUM]","[PREMIUM]","[PREMIUM]","[PREMIUM]",true,false,"['Third Row of Section','Clear view']","2026-09-15 02:43:38"
"14050829331","2026-09-15 23:59:47.623","2026-09-16 00:05:08.879","14050829331","160435933","[PREMIUM]","[PREMIUM]","616","26","_",,,3,"[1,3]",2124,"Upper Terrace",10,"Mobile Transfer ticket",14,"[PREMIUM]","[PREMIUM]","[PREMIUM]","[PREMIUM]",true,false,"['Clear view']","2026-09-15 14:52:32"
"14055211928","2026-09-15 23:59:46.943","2026-09-16 00:05:15.992","14055211928","160435933","[PREMIUM]","[PREMIUM]","618","15","_",,,5,"[1,3,5]",2124,"Upper Terrace",10,"Mobile Transfer ticket",14,"[PREMIUM]","[PREMIUM]","[PREMIUM]","[PREMIUM]",true,false,"['Clear view']","2026-09-15 22:41:42"
"14055211888","2026-09-15 23:59:46.943","2026-09-16 00:05:15.992","14055211888","160435933","[PREMIUM]","[PREMIUM]","637","20","_",,,6,"[1,2,4,6]",2124,"Upper Terrace",10,"Mobile Transfer ticket",14,"[PREMIUM]","[PREMIUM]","[PREMIUM]","[PREMIUM]",true,false,"['Clear view']","2026-09-15 22:41:41"
"14052310759","2026-09-15 23:59:44.713","2026-09-28 05:14:54.504","14052310759","160437153","[PREMIUM]","[PREMIUM]","403","3","_",,,6,"[1,2,3,4,6]",1771,"Terrace Level",10,"Mobile Transfer ticket",1,"[PREMIUM]","[PREMIUM]","[PREMIUM]","[PREMIUM]",true,false,"['Clear view']","2026-09-15 17:04:13"
"14043250885","2026-09-15 23:59:43.071","2026-09-22 00:05:56.150","14043250885","160435933","[PREMIUM]","[PREMIUM]","618","16","_",,,6,"[1,2,4,6]",2124,"Upper Terrace",10,"Mobile Transfer ticket",14,"[PREMIUM]","[PREMIUM]","[PREMIUM]","[PREMIUM]",true,false,"['Clear view']","2026-09-14 22:06:43"
"14049537509","2026-09-15 23:59:42.299","2026-09-16 00:05:05.050","14049537509","160437150","[PREMIUM]","[PREMIUM]","429","A","9001_9001","9001",,1,"[1]",5506,"Ring of Honor",10,"Mobile Transfer ticket",1,"[PREMIUM]","[PREMIUM]","[PREMIUM]","[PREMIUM]",false,false,"['Front Row of Section','Clear view']","2026-09-15 12:46:08"
"14050829217","2026-09-15 23:59:29.607","2026-09-16 00:04:12.398","14050829217","160435933","[PREMIUM]","[PREMIUM]","629","12","_",,,10,"[1,2,3,4,5,6,8,10]",2124,"Upper Terrace",10,"Mobile Transfer ticket",14,"[PREMIUM]","[PREMIUM]","[PREMIUM]","[PREMIUM]",true,false,"['Clear view']","2026-09-15 14:52:31"
"14045616037","2026-09-15 23:59:29.264","2026-09-20 00:14:05.705","14045616037","160435933","[PREMIUM]","[PREMIUM]","631","8","_",,,10,"[1,2,3,4,5,6,8,10]",2124,"Upper Terrace",10,"Mobile Transfer ticket",14,"[PREMIUM]","[PREMIUM]","[PREMIUM]","[PREMIUM]",true,false,"['Clear view']","2026-09-15 02:43:38"
"14054971390","2026-09-15 23:59:29.264","2026-09-16 00:04:12.269","14054971390","160435933","[PREMIUM]","[PREMIUM]","615","42","_",,,8,"[1,2,3,4,6,8]",2124,"Upper Terrace",10,"Mobile Transfer ticket",14,"[PREMIUM]","[PREMIUM]","[PREMIUM]","[PREMIUM]",true,false,"['Clear view']","2026-09-15 22:16:24"
"14055211975","2026-09-15 23:59:29.264","2026-09-16 00:04:12.269","14055211975","160435933","[PREMIUM]","[PREMIUM]","637","21","_",,,4,"[2,4]",2124,"Upper Terrace",10,"Mobile Transfer ticket",14,"[PREMIUM]","[PREMIUM]","[PREMIUM]","[PREMIUM]",true,false,"['Clear view']","2026-09-15 22:41:43"
"14054971086","2026-09-15 23:59:29.163","2026-09-16 00:03:58.949","14054971086","160435933","[PREMIUM]","[PREMIUM]","643","23","_",,,6,"[1,2,4,6]",2124,"Upper Terrace",10,"Mobile Transfer ticket",14,"[PREMIUM]","[PREMIUM]","[PREMIUM]","[PREMIUM]",true,false,"['Clear view']","2026-09-15 22:16:23"
"14055211922","2026-09-15 23:59:29.163","2026-09-16 00:03:58.949","14055211922","160435933","[PREMIUM]","[PREMIUM]","637","23","_",,,3,"[1,3]",2124,"Upper Terrace",10,"Mobile Transfer ticket",14,"[PREMIUM]","[PREMIUM]","[PREMIUM]","[PREMIUM]",true,false,"['Clear view']","2026-09-15 22:41:42"
"14050829158","2026-09-15 23:59:28.774","2026-09-19 00:08:03.850","14050829158","160435933","[PREMIUM]","[PREMIUM]","648","9","_",,,6,"[1,2,4,6]",2124,"Upper Terrace",10,"Mobile Transfer ticket",14,"[PREMIUM]","[PREMIUM]","[PREMIUM]","[PREMIUM]",true,false,"['Clear view']","2026-09-15 14:52:30"
"14043250588","2026-09-15 23:59:28.768","2026-09-18 00:35:34.754","14043250588","160435933","[PREMIUM]","[PREMIUM]","619","23","_",,,10,"[1,2,3,4,5,6,8,10]",2124,"Upper Terrace",10,"Mobile Transfer ticket",14,"[PREMIUM]","[PREMIUM]","[PREMIUM]","[PREMIUM]",true,false,"['Clear view']","2026-09-14 22:06:42"
"14054971227","2026-09-15 23:59:28.768","2026-09-20 00:13:07.827","14054971227","160435933","[PREMIUM]","[PREMIUM]","626","6","_",,,7,"[1,2,3,5,7]",2124,"Upper Terrace",10,"Mobile Transfer ticket",14,"[PREMIUM]","[PREMIUM]","[PREMIUM]","[PREMIUM]",true,false,"['Clear view']","2026-09-15 22:16:23"
"14055211912","2026-09-15 23:59:28.611","2026-09-16 00:04:13.064","14055211912","160435933","[PREMIUM]","[PREMIUM]","624","13","_",,,9,"[1,2,3,4,5,7,9]",2124,"Upper Terrace",10,"Mobile Transfer ticket",14,"[PREMIUM]","[PREMIUM]","[PREMIUM]","[PREMIUM]",true,false,"['Clear view']","2026-09-15 22:41:42"
"14050829225","2026-09-15 23:59:28.426","2026-09-18 00:35:34.680","14050829225","160435933","[PREMIUM]","[PREMIUM]","638","31","_",,,2,"[2]",2124,"Upper Terrace",10,"Mobile Transfer ticket",14,"[PREMIUM]","[PREMIUM]","[PREMIUM]","[PREMIUM]",true,false,"['Clear view']","2026-09-15 14:52:31"
"14050829200","2026-09-15 23:59:28.426","2026-09-18 00:35:34.680","14050829200","160435933","[PREMIUM]","[PREMIUM]","638","30","_",,,5,"[1,3,5]",2124,"Upper Terrace",10,"Mobile Transfer ticket",14,"[PREMIUM]","[PREMIUM]","[PREMIUM]","[PREMIUM]",true,false,"['Clear view']","2026-09-15 14:52:31"
"14054971057","2026-09-15 23:59:28.426","2026-09-16 00:04:13.064","14054971057","160435933","[PREMIUM]","[PREMIUM]","643","32","_",,,10,"[1,2,3,4,5,6,8,10]",2124,"Upper Terrace",10,"Mobile Transfer ticket",14,"[PREMIUM]","[PREMIUM]","[PREMIUM]","[PREMIUM]",true,false,"['Clear view']","2026-09-15 22:16:22"
"14055212053","2026-09-15 23:59:28.426","2026-09-18 00:35:26.814","14055212053","160435933","[PREMIUM]","[PREMIUM]","630","6","_",,,3,"[1,3]",2124,"Upper Terrace",10,"Mobile Transfer ticket",14,"[PREMIUM]","[PREMIUM]","[PREMIUM]","[PREMIUM]",true,false,"['Clear view']","2026-09-15 22:41:43"
"14055211920","2026-09-15 23:59:28.426","2026-09-15 23:59:28.426","14055211920","160435933","[PREMIUM]","[PREMIUM]","637","25","_",,,2,"[2]",2124,"Upper Terrace",10,"Mobile Transfer ticket",14,"[PREMIUM]","[PREMIUM]","[PREMIUM]","[PREMIUM]",true,false,"['Clear view']","2026-09-15 22:41:42"
"14050829078","2026-09-15 23:59:28.235","2026-09-18 00:35:27.456","14050829078","160435933","[PREMIUM]","[PREMIUM]","611","37","_",,,10,"[1,2,3,4,5,6,8,10]",2124,"Upper Terrace",10,"Mobile Transfer ticket",14,"[PREMIUM]","[PREMIUM]","[PREMIUM]","[PREMIUM]",true,false,"['Clear view']","2026-09-15 14:52:30"
"14055212033","2026-09-15 23:59:28.235","2026-09-19 00:08:04.146","14055212033","160435933","[PREMIUM]","[PREMIUM]","626","16","_",,,10,"[1,2,3,4,5,6,8,10]",2124,"Upper Terrace",10,"Mobile Transfer ticket",14,"[PREMIUM]","[PREMIUM]","[PREMIUM]","[PREMIUM]",true,false,"['Clear view']","2026-09-15 22:41:43"
"14055212307","2026-09-15 23:59:28.235","2026-09-28 05:25:17.273","14055212307","160435933","[PREMIUM]","[PREMIUM]","601","13","_",,,10,"[1,2,3,4,5,6,8,10]",2124,"Upper Terrace",10,"Mobile Transfer ticket",14,"[PREMIUM]","[PREMIUM]","[PREMIUM]","[PREMIUM]",true,false,"['Clear view']","2026-09-15 22:41:44"
"14055211949","2026-09-15 23:59:28.235","2026-09-28 05:25:17.066","14055211949","160435933","[PREMIUM]","[PREMIUM]","627","7","_",,,2,"[2]",2124,"Upper Terrace",10,"Mobile Transfer ticket",14,"[PREMIUM]","[PREMIUM]","[PREMIUM]","[PREMIUM]",true,false,"['Clear view']","2026-09-15 22:41:43"
"14050829060","2026-09-15 23:59:28.008","2026-09-15 23:59:28.008","14050829060","160435933","[PREMIUM]","[PREMIUM]","611","27","_",,,4,"[2,4]",2124,"Upper Terrace",10,"Mobile Transfer ticket",14,"[PREMIUM]","[PREMIUM]","[PREMIUM]","[PREMIUM]",true,false,"['Clear view']","2026-09-15 14:52:30"
"14055211675","2026-09-15 23:59:28.008","2026-09-18 00:35:26.814","14055211675","160435933","[PREMIUM]","[PREMIUM]","632","10","_",,,4,"[2,4]",2124,"Upper Terrace",10,"Mobile Transfer ticket",14,"[PREMIUM]","[PREMIUM]","[PREMIUM]","[PREMIUM]",true,false,"['Clear view']","2026-09-15 22:41:40"
"12691610504","2026-09-15 23:59:26.208","2026-09-28 05:14:54.395","12691610504","160437153","[PREMIUM]","[PREMIUM]","403","7","_",,,9,"[1,2,3,4,5,6,7,8,9]",1771,"Terrace Level",10,"Mobile Transfer ticket",1,"[PREMIUM]","[PREMIUM]","[PREMIUM]","[PREMIUM]",true,false,"['Clear view']","2026-05-15 01:07:32"
"14054551963","2026-09-15 23:59:13.746","2026-09-16 00:04:10.996","14054551963","160437150","[PREMIUM]","[PREMIUM]","448","4","9001_9004","9001",,4,"[1,2,4]",1771,"Terrace Level",10,"Mobile Transfer ticket",1,"[PREMIUM]","[PREMIUM]","[PREMIUM]","[PREMIUM]",true,false,"['Clear view']","2026-09-15 21:22:39"
"14055746970","2026-09-15 23:59:13.746","2026-09-16 00:04:10.996","14055746970","160437150","[PREMIUM]","[PREMIUM]","407","7","_",,,3,"[1,2,3]",1771,"Terrace Level",10,"Mobile Transfer ticket",1,"[PREMIUM]","[PREMIUM]","[PREMIUM]","[PREMIUM]",true,false,"['Clear view']","2026-09-15 23:55:09"
"14055595767","2026-09-15 23:59:13.705","2026-09-16 00:02:14.689","14055595767","160435933","[PREMIUM]","[PREMIUM]","623","15","_",,,1,"[1]",2124,"Upper Terrace",10,"Mobile Transfer ticket",1,"[PREMIUM]","[PREMIUM]","[PREMIUM]","[PREMIUM]",false,false,"['Clear view']","2026-09-15 23:34:05"
"14043250626","2026-09-15 23:59:13.400","2026-09-16 00:04:00.414","14043250626","160435933","[PREMIUM]","[PREMIUM]","649","16","_",,,11,"[1,2,3,4,5,6,7,9,11]",2124,"Upper Terrace",10,"Mobile Transfer ticket",14,"[PREMIUM]","[PREMIUM]","[PREMIUM]","[PREMIUM]",true,false,"['Clear view']","2026-09-14 22:06:42"
"14045616052","2026-09-15 23:59:13.400","2026-09-24 22:32:23.961","14045616052","160435933","[PREMIUM]","[PREMIUM]","631","16","_",,,10,"[1,2,3,4,5,6,8,10]",2124,"Upper Terrace",10,"Mobile Transfer ticket",14,"[PREMIUM]","[PREMIUM]","[PREMIUM]","[PREMIUM]",true,false,"['Clear view']","2026-09-15 02:43:38"
"14050829314","2026-09-15 23:59:13.400","2026-09-16 00:04:01.475","14050829314","160435933","[PREMIUM]","[PREMIUM]","625","15","_",,,10,"[1,2,3,4,5,6,8,10]",2124,"Upper Terrace",10,"Mobile Transfer ticket",14,"[PREMIUM]","[PREMIUM]","[PREMIUM]","[PREMIUM]",true,false,"['Clear view']","2026-09-15 14:52:32"
"14055212032","2026-09-15 23:59:13.400","2026-09-16 00:04:00.414","14055212032","160435933","[PREMIUM]","[PREMIUM]","628","18","_",,,8,"[1,2,3,4,6,8]",2124,"Upper Terrace",10,"Mobile Transfer ticket",14,"[PREMIUM]","[PREMIUM]","[PREMIUM]","[PREMIUM]",true,false,"['Clear view']","2026-09-15 22:41:43"
"14055211491","2026-09-15 23:59:13.400","2026-09-16 00:04:01.475","14055211491","160435933","[PREMIUM]","[PREMIUM]","650","8","_",,,3,"[1,3]",2124,"Upper Terrace",10,"Mobile Transfer ticket",14,"[PREMIUM]","[PREMIUM]","[PREMIUM]","[PREMIUM]",true,false,"['Clear view']","2026-09-15 22:41:39"
"14050829052","2026-09-15 23:59:13.335","2026-09-18 00:35:26.201","14050829052","160435933","[PREMIUM]","[PREMIUM]","652","10","_",,,3,"[1,3]",2124,"Upper Terrace",10,"Mobile Transfer ticket",14,"[PREMIUM]","[PREMIUM]","[PREMIUM]","[PREMIUM]",true,false,"['Clear view']","2026-09-15 14:52:30"
"14055211921","2026-09-15 23:59:13.335","2026-09-16 00:04:01.475","14055211921","160435933","[PREMIUM]","[PREMIUM]","610","24","_",,,10,"[1,2,3,4,5,6,8,10]",2124,"Upper Terrace",10,"Mobile Transfer ticket",14,"[PREMIUM]","[PREMIUM]","[PREMIUM]","[PREMIUM]",true,false,"['Clear view']","2026-09-15 22:41:42"
"14055211607","2026-09-15 23:59:13.335","2026-09-20 00:18:30.461","14055211607","160435933","[PREMIUM]","[PREMIUM]","652","8","_",,,4,"[2,4]",2124,"Upper Terrace",10,"Mobile Transfer ticket",14,"[PREMIUM]","[PREMIUM]","[PREMIUM]","[PREMIUM]",true,false,"['Clear view']","2026-09-15 22:41:40"
"14050829204","2026-09-15 23:59:13.059","2026-09-18 00:35:27.939","14050829204","160435933","[PREMIUM]","[PREMIUM]","629","14","_",,,7,"[1,2,3,5,7]",2124,"Upper Terrace",10,"Mobile Transfer ticket",14,"[PREMIUM]","[PREMIUM]","[PREMIUM]","[PREMIUM]",true,false,"['Clear view']","2026-09-15 14:52:31"
"14055212143","2026-09-15 23:59:13.059","2026-09-16 00:04:12.093","14055212143","160435933","[PREMIUM]","[PREMIUM]","605","11","_",,,7,"[1,2,3,5,7]",2124,"Upper Terrace",10,"Mobile Transfer ticket",14,"[PREMIUM]","[PREMIUM]","[PREMIUM]","[PREMIUM]",true,false,"['Clear view']","2026-09-15 22:41:44"
"14055212067","2026-09-15 23:59:13.059","2026-09-16 00:04:12.093","14055212067","160435933","[PREMIUM]","[PREMIUM]","605","14","_",,,5,"[1,3,5]",2124,"Upper Terrace",10,"Mobile Transfer ticket",14,"[PREMIUM]","[PREMIUM]","[PREMIUM]","[PREMIUM]",true,false,"['Clear view']","2026-09-15 22:41:43"
"14054971374","2026-09-15 23:59:13.005","2026-09-16 00:04:12.148","14054971374","160435933","[PREMIUM]","[PREMIUM]","606","12","_",,,4,"[2,4]",2124,"Upper Terrace",10,"Mobile Transfer ticket",14,"[PREMIUM]","[PREMIUM]","[PREMIUM]","[PREMIUM]",true,false,"['Clear view']","2026-09-15 22:16:24"
"14043250507","2026-09-15 23:59:12.688","2026-09-16 00:04:12.093","14043250507","160435933","[PREMIUM]","[PREMIUM]","605","12","_",,,2,"[2]",2124,"Upper Terrace",10,"Mobile Transfer ticket",14,"[PREMIUM]","[PREMIUM]","[PREMIUM]","[PREMIUM]",true,false,"['Clear view']","2026-09-14 22:06:41"
"14054971231","2026-09-15 23:59:12.688","2026-09-16 00:04:12.093","14054971231","160435933","[PREMIUM]","[PREMIUM]","637","28","_",,,5,"[1,3,5]",2124,"Upper Terrace",10,"Mobile Transfer ticket",14,"[PREMIUM]","[PREMIUM]","[PREMIUM]","[PREMIUM]",true,false,"['Clear view']","2026-09-15 22:16:23"
"14055211635","2026-09-15 23:59:12.688","2026-09-16 00:04:11.784","14055211635","160435933","[PREMIUM]","[PREMIUM]","644","20","_",,,2,"[2]",2124,"Upper Terrace",10,"Mobile Transfer ticket",14,"[PREMIUM]","[PREMIUM]","[PREMIUM]","[PREMIUM]",true,false,"['Clear view']","2026-09-15 22:41:40"
"14043251152","2026-09-15 23:59:12.674","2026-09-19 00:07:02.289","14043251152","160435933","[PREMIUM]","[PREMIUM]","608","16","_",,,4,"[2,4]",2124,"Upper Terrace",10,"Mobile Transfer ticket",14,"[PREMIUM]","[PREMIUM]","[PREMIUM]","[PREMIUM]",true,false,"['Clear view']","2026-09-14 22:06:44"
"14050829347","2026-09-15 23:59:12.674","2026-09-16 00:04:11.784","14050829347","160435933","[PREMIUM]","[PREMIUM]","619","24","_",,,3,"[1,3]",2124,"Upper Terrace",10,"Mobile Transfer ticket",14,"[PREMIUM]","[PREMIUM]","[PREMIUM]","[PREMIUM]",true,false,"['Clear view']","2026-09-15 14:52:32"
"14050829089","2026-09-15 23:59:12.674","2026-09-16 00:04:11.784","14050829089","160435933","[PREMIUM]","[PREMIUM]","606","14","_",,,5,"[1,3,5]",2124,"Upper Terrace",10,"Mobile Transfer ticket",14,"[PREMIUM]","[PREMIUM]","[PREMIUM]","[PREMIUM]",true,false,"['Clear view']","2026-09-15 14:52:30"
"14050829054","2026-09-15 23:59:12.341","2026-09-15 23:59:12.341","14050829054","160435933","[PREMIUM]","[PREMIUM]","651","14","_",,,7,"[1,2,3,5,7]",2124,"Upper Terrace",10,"Mobile Transfer ticket",14,"[PREMIUM]","[PREMIUM]","[PREMIUM]","[PREMIUM]",true,false,"['Clear view']","2026-09-15 14:52:30"
"14050829162","2026-09-15 23:59:12.294","2026-09-19 00:08:04.146","14050829162","160435933","[PREMIUM]","[PREMIUM]","644","22","_",,,6,"[1,2,4,6]",2124,"Upper Terrace",10,"Mobile Transfer ticket",14,"[PREMIUM]","[PREMIUM]","[PREMIUM]","[PREMIUM]",true,false,"['Clear view']","2026-09-15 14:52:30"
"14054971062","2026-09-15 23:59:12.294","2026-09-16 00:04:12.218","14054971062","160435933","[PREMIUM]","[PREMIUM]","643","36","_",,,2,"[2]",2124,"Upper Terrace",10,"Mobile Transfer ticket",14,"[PREMIUM]","[PREMIUM]","[PREMIUM]","[PREMIUM]",true,false,"['Clear view']","2026-09-15 22:16:22"
"14055422970","2026-09-15 23:59:11.954","2026-09-16 00:05:29.350","14055422970","160437150","[PREMIUM]","[PREMIUM]","428","D","_",,,5,"[1,3,5]",5506,"Ring of Honor",10,"Mobile Transfer ticket",1,"[PREMIUM]","[PREMIUM]","[PREMIUM]","[PREMIUM]",true,false,"['Front Row of Section','Clear view']","2026-09-15 23:07:52"
"14055212227","2026-09-15 23:59:11.879","2026-09-15 23:59:11.879","14055212227","160435933","[PREMIUM]","[PREMIUM]","606","15","_",,,3,"[1,3]",2124,"Upper Terrace",10,"Mobile Transfer ticket",14,"[PREMIUM]","[PREMIUM]","[PREMIUM]","[PREMIUM]",true,false,"['Clear view']","2026-09-15 22:41:44"
"13960466459","2026-09-15 23:59:11.606","2026-09-22 00:06:15.879","13960466459","160437150","[PREMIUM]","[PREMIUM]","411","12","7_11","7","11",5,"[1,2,3,5]",1771,"Terrace Level",10,"Mobile Transfer ticket",1,"[PREMIUM]","[PREMIUM]","[PREMIUM]","[PREMIUM]",true,false,"['Clear view']","2026-09-07 21:55:21"
"14054971386","2026-09-15 23:59:11.235","2026-09-16 00:02:12.728","14054971386","160435933","[PREMIUM]","[PREMIUM]","605","15","_",,,3,"[1,3]",2124,"Upper Terrace",10,"Mobile Transfer ticket",14,"[PREMIUM]","[PREMIUM]","[PREMIUM]","[PREMIUM]",true,false,"['Clear view']","2026-09-15 22:16:24"
"13808196939","2026-09-15 23:59:11.088","2026-09-18 00:32:15.396","13808196939","160437153","[PREMIUM]","[PREMIUM]","453","9","_",,,4,"[2,4]",1771,"Terrace Level",10,"Mobile Transfer ticket",1,"[PREMIUM]","[PREMIUM]","[PREMIUM]","[PREMIUM]",true,false,"['Clear view']","2026-08-25 18:26:49"
"14050256465","2026-09-15 23:59:11.088","2026-09-15 23:59:11.088","14050256465","160437153","[PREMIUM]","[PREMIUM]","106","1","9001_9002","9001",,2,"[2]",952,"Main Level",10,"Mobile Transfer ticket",13,"[PREMIUM]","[PREMIUM]","[PREMIUM]","[PREMIUM]",true,false,"['Front Row of Section','Clear view']","2026-09-15 13:55:42"
"14051227656","2026-09-15 23:59:11.088","2026-09-16 00:00:59.738","14051227656","160437153","[PREMIUM]","[PREMIUM]","124","3","9001_9002","9001",,2,"[2]",952,"Main Level",10,"Mobile Transfer ticket",13,"[PREMIUM]","[PREMIUM]","[PREMIUM]","[PREMIUM]",true,false,"['Third Row of Section','Clear view']","2026-09-15 15:29:43"
"14052609678","2026-09-15 23:59:11.088","2026-09-16 00:00:17.608","14052609678","160437153","[PREMIUM]","[PREMIUM]","433","A","9001_9002","9001",,2,"[2]",5506,"Ring of Honor",10,"Mobile Transfer ticket",13,"[PREMIUM]","[PREMIUM]","[PREMIUM]","[PREMIUM]",true,false,"['Front Row of Section','Clear view']","2026-09-15 17:35:31"
"14055211917","2026-09-15 23:59:08.947","2026-09-16 00:02:05.765","14055211917","160435933","[PREMIUM]","[PREMIUM]","625","19","_",,,2,"[2]",2124,"Upper Terrace",10,"Mobile Transfer ticket",14,"[PREMIUM]","[PREMIUM]","[PREMIUM]","[PREMIUM]",true,false,"['Clear view']","2026-09-15 22:41:42"
"14011230575","2026-09-15 23:59:08.612","2026-09-19 00:06:50.679","14011230575","160435933","[PREMIUM]","[PREMIUM]","625",,"998957429_998957432","998957429",,2,"[2]",2124,"Upper Terrace",10,"Mobile Transfer ticket",1,"[PREMIUM]","[PREMIUM]","[PREMIUM]","[PREMIUM]",true,true,"['Clear view']","2026-09-11 22:31:10"
"14043251150","2026-09-15 23:59:08.612","2026-09-19 00:06:51.093","14043251150","160435933","[PREMIUM]","[PREMIUM]","633","20","_",,,7,"[1,2,3,5,7]",2124,"Upper Terrace",10,"Mobile Transfer ticket",14,"[PREMIUM]","[PREMIUM]","[PREMIUM]","[PREMIUM]",true,false,"['Clear view']","2026-09-14 22:06:44"
"14055211757","2026-09-15 23:59:07.492","2026-09-16 00:02:08.491","14055211757","160435933","[PREMIUM]","[PREMIUM]","610","32","_",,,6,"[1,2,4,6]",2124,"Upper Terrace",10,"Mobile Transfer ticket",14,"[PREMIUM]","[PREMIUM]","[PREMIUM]","[PREMIUM]",true,false,"['Clear view']","2026-09-15 22:41:41"
"14045616120","2026-09-15 23:59:06.774","2026-09-16 23:53:49.452","14045616120","160435933","[PREMIUM]","[PREMIUM]","622","21","_",,,2,"[2]",2124,"Upper Terrace",10,"Mobile Transfer ticket",14,"[PREMIUM]","[PREMIUM]","[PREMIUM]","[PREMIUM]",true,false,"['Clear view']","2026-09-15 02:43:38"
"14043251226","2026-09-15 23:59:04.363","2026-09-19 00:06:49.796","14043251226","160435933","[PREMIUM]","[PREMIUM]","634","28","_",,,1,"[1]",2124,"Upper Terrace",10,"Mobile Transfer ticket",14,"[PREMIUM]","[PREMIUM]","[PREMIUM]","[PREMIUM]",false,false,"['Clear view']","2026-09-14 22:06:44"
"14010963520","2026-09-15 23:59:01.164","2026-09-16 00:05:29.758","14010963520","160437150","[PREMIUM]","[PREMIUM]","129",,"998883226_998883229","998883226",,2,"[2]",952,"Main Level",10,"Mobile Transfer ticket",1,"[PREMIUM]","[PREMIUM]","[PREMIUM]","[PREMIUM]",true,true,"['Clear view']","2026-09-11 22:07:15"
"14054000494","2026-09-15 23:59:01.164","2026-09-16 00:05:29.758","14054000494","160437150","[PREMIUM]","[PREMIUM]","137","24","_",,,8,"[1,2,3,4,6,8]",952,"Main Level",10,"Mobile Transfer ticket",1,"[PREMIUM]","[PREMIUM]","[PREMIUM]","[PREMIUM]",true,false,"['Clear view']","2026-09-15 20:12:09"
"14050497916","2026-09-15 23:59:00.786","2026-09-18 00:33:48.868","14050497916","160437150","[PREMIUM]","[PREMIUM]","112","33","_",,,2,"[2]",952,"Main Level",10,"Mobile Transfer ticket",14,"[PREMIUM]","[PREMIUM]","[PREMIUM]","[PREMIUM]",true,false,"['Clear view']","2026-09-15 14:18:47"
"14046966654","2026-09-15 23:59:00.320","2026-09-15 23:59:00.320","14046966654","160427051","[PREMIUM]","[PREMIUM]","341","5","9001_9001","9001","9001",1,"[1]",1724,"Club",10,"Mobile Transfer ticket",1,"[PREMIUM]","[PREMIUM]","[PREMIUM]","[PREMIUM]",false,false,"['Clear view']","2026-09-15 05:38:08"
"13796016857","2026-09-15 23:59:00.058","2026-09-26 05:21:19.505","13796016857","160427051","[PREMIUM]","[PREMIUM]","136",,"_",,,4,"[1,2,3,4]",594,"Lower",10,"Mobile Transfer ticket",1,"[PREMIUM]","[PREMIUM]","[PREMIUM]","[PREMIUM]",true,true,"['Clear view']","2026-08-24 21:41:29"
"13795771413","2026-09-15 23:59:00.058","2026-09-26 05:21:19.505","13795771413","160427051","[PREMIUM]","[PREMIUM]","107",,"_",,,4,"[1,2,3,4]",594,"Lower",10,"Mobile Transfer ticket",1,"[PREMIUM]","[PREMIUM]","[PREMIUM]","[PREMIUM]",true,true,"['Clear view']","2026-08-24 21:27:59"
"12896227364","2026-09-15 23:58:59.244","2026-09-28 05:11:30.640","12896227364","160437150","[PREMIUM]","[PREMIUM]","134","11","11_12","11",,2,"[1,2]",952,"Main Level",10,"Mobile Transfer ticket",1,"[PREMIUM]","[PREMIUM]","[PREMIUM]","[PREMIUM]",true,false,"['Clear view']","2026-06-01 22:01:43"
"14039640422","2026-09-15 23:58:58.497","2026-09-16 23:59:35.997","14039640422","160437150","[PREMIUM]","[PREMIUM]","Ring of Honor WC 452","C","9001_9002","9001",,2,"[2]",39229,"Ring of Honor Accessible",10,"Mobile Transfer ticket",1,"[PREMIUM]","[PREMIUM]","[PREMIUM]","[PREMIUM]",true,false,"['Front Row of Section','Clear view']","2026-09-14 15:04:35"
"14054423155","2026-09-15 23:58:58.497","2026-09-16 00:04:25.416","14054423155","160437150","[PREMIUM]","[PREMIUM]","401","B","9001_9006","9001",,6,"[1,2,3,4,6]",5506,"Ring of Honor",10,"Mobile Transfer ticket",1,"[PREMIUM]","[PREMIUM]","[PREMIUM]","[PREMIUM]",true,false,"['Second Row of Section','Clear view']","2026-09-15 20:58:55"
"14054442525","2026-09-15 23:58:58.497","2026-09-16 00:04:25.416","14054442525","160437150","[PREMIUM]","[PREMIUM]","454","1","_",,,4,"[2,4]",1771,"Terrace Level",10,"Mobile Transfer ticket",1,"[PREMIUM]","[PREMIUM]","[PREMIUM]","[PREMIUM]",true,false,"['Clear view']","2026-09-15 21:01:28"
"14035062201","2026-09-15 23:58:58.163","2026-09-20 00:23:20.522","14035062201","160437150","[PREMIUM]","[PREMIUM]","402","E","9001_9002","9001",,2,"[2]",5506,"Ring of Honor",10,"Mobile Transfer ticket",1,"[PREMIUM]","[PREMIUM]","[PREMIUM]","[PREMIUM]",true,false,"['Clear view']","2026-09-14 02:59:01"
"14043486076","2026-09-15 23:58:58.163","2026-09-16 00:04:27.393","14043486076","160437150","[PREMIUM]","[PREMIUM]","423","E","9001_9002","9001",,2,"[2]",5506,"Ring of Honor",10,"Mobile Transfer ticket",1,"[PREMIUM]","[PREMIUM]","[PREMIUM]","[PREMIUM]",true,false,"['Clear view']","2026-09-14 22:30:02"
"14039929592","2026-09-15 23:58:57.258","2026-09-25 23:04:14.154","14039929592","160437150","[PREMIUM]","[PREMIUM]","132","16","_",,,4,"[2,4]",952,"Main Level",10,"Mobile Transfer ticket",1,"[PREMIUM]","[PREMIUM]","[PREMIUM]","[PREMIUM]",true,false,"['Clear view']","2026-09-14 15:38:02"
"13795400756","2026-09-15 23:58:56.559","2026-09-15 23:58:56.559","13795400756","160427051","[PREMIUM]","[PREMIUM]","121",,"_",,,4,"[1,2,3,4]",594,"Lower",10,"Mobile Transfer ticket",1,"[PREMIUM]","[PREMIUM]","[PREMIUM]","[PREMIUM]",true,true,"['Clear view']","2026-08-24 21:04:58"
"13796136250","2026-09-15 23:58:56.559","2026-09-15 23:58:56.559","13796136250","160427051","[PREMIUM]","[PREMIUM]","121","28","_",,,2,"[1,2]",594,"Lower",10,"Mobile Transfer ticket",1,"[PREMIUM]","[PREMIUM]","[PREMIUM]","[PREMIUM]",true,false,"['Clear view']","2026-08-24 21:50:07"
"14050775698","2026-09-15 23:58:56.131","2026-09-15 23:59:00.775","14050775698","160427051","[PREMIUM]","[PREMIUM]","342","6","_",,,2,"[2]",1724,"Club",10,"Mobile Transfer ticket",1,"[PREMIUM]","[PREMIUM]","[PREMIUM]","[PREMIUM]",true,false,"['Clear view']","2026-09-15 14:46:53"
"14050774609","2026-09-15 23:58:56.131","2026-09-15 23:59:00.775","14050774609","160427051","[PREMIUM]","[PREMIUM]","342","10","_",,,2,"[2]",1724,"Club",10,"Mobile Transfer ticket",1,"[PREMIUM]","[PREMIUM]","[PREMIUM]","[PREMIUM]",true,false,"['Clear view']","2026-09-15 14:46:48"
"14050774484","2026-09-15 23:58:56.131","2026-09-15 23:59:00.775","14050774484","160427051","[PREMIUM]","[PREMIUM]","342","14","_",,,2,"[2]",1724,"Club",10,"Mobile Transfer ticket",1,"[PREMIUM]","[PREMIUM]","[PREMIUM]","[PREMIUM]",true,false,"['Clear view']","2026-09-15 14:46:47"
"14047060291","2026-09-15 23:58:42.139","2026-09-16 00:04:30.870","14047060291","160437150","[PREMIUM]","[PREMIUM]","431","E","_",,,4,"[1,2,3,4]",5506,"Ring of Honor",10,"Mobile Transfer ticket",1,"[PREMIUM]","[PREMIUM]","[PREMIUM]","[PREMIUM]",true,false,"['Clear view']","2026-09-15 05:57:15"
"14054551948","2026-09-15 23:58:42.139","2026-09-16 00:04:30.870","14054551948","160437150","[PREMIUM]","[PREMIUM]","431","B","9001_9002","9001",,2,"[2]",5506,"Ring of Honor",10,"Mobile Transfer ticket",1,"[PREMIUM]","[PREMIUM]","[PREMIUM]","[PREMIUM]",true,false,"['Second Row of Section','Clear view']","2026-09-15 21:22:39"
"14043446467","2026-09-15 23:58:41.778","2026-09-20 00:15:28.987","14043446467","160437150","[PREMIUM]","[PREMIUM]","222","9","_",,,3,"[1,3]",300,"Club Level",10,"Mobile Transfer ticket",14,"[PREMIUM]","[PREMIUM]","[PREMIUM]","[PREMIUM]",true,false,"['Includes club access','Clear view']","2026-09-14 22:26:24"
"13795143822","2026-09-15 23:58:39.567","2026-09-28 05:21:29.191","13795143822","160427051","[PREMIUM]","[PREMIUM]","129",,"_",,,4,"[1,2,3,4]",594,"Lower",10,"Mobile Transfer ticket",1,"[PREMIUM]","[PREMIUM]","[PREMIUM]","[PREMIUM]",true,true,"['Clear view']","2026-08-24 20:48:25"
"13795037489","2026-09-15 23:58:39.567","2026-09-28 05:21:29.191","13795037489","160427051","[PREMIUM]","[PREMIUM]","108",,"_",,,4,"[1,2,3,4]",594,"Lower",10,"Mobile Transfer ticket",1,"[PREMIUM]","[PREMIUM]","[PREMIUM]","[PREMIUM]",true,true,"['Clear view']","2026-08-24 20:42:29"
"12726208766","2026-09-15 23:58:37.966","2026-09-24 00:08:15.366","12726208766","160437150","[PREMIUM]","[PREMIUM]","134","17","_",,,4,"[1,2,4]",952,"Main Level",10,"Mobile Transfer ticket",1,"[PREMIUM]","[PREMIUM]","[PREMIUM]","[PREMIUM]",true,false,"['Clear view']","2026-05-18 02:56:42"
"13961230744","2026-09-15 23:58:37.243","2026-09-16 00:03:15.054","13961230744","160437150","[PREMIUM]","[PREMIUM]","438","6","9001_9006","9001",,6,"[1,2,3,4,6]",1771,"Terrace Level",10,"Mobile Transfer ticket",1,"[PREMIUM]","[PREMIUM]","[PREMIUM]","[PREMIUM]",true,false,"['Clear view']","2026-09-07 23:23:49"
"14051055119","2026-09-15 23:58:32.402","2026-09-16 00:04:11.329","14051055119","160437150","[PREMIUM]","[PREMIUM]","450","1","9001_9004","9001",,4,"[4]",1771,"Terrace Level",10,"Mobile Transfer ticket",13,"[PREMIUM]","[PREMIUM]","[PREMIUM]","[PREMIUM]",true,false,"['Front Row of Section','Clear view']","2026-09-15 15:12:00"
"14046150286","2026-09-15 23:58:31.939","2026-09-22 00:06:15.429","14046150286","160437150","[PREMIUM]","[PREMIUM]","411","14","_",,,12,"[1,2,3,4,5,6,7,8,10,12]",1771,"Terrace Level",10,"Mobile Transfer ticket",14,"[PREMIUM]","[PREMIUM]","[PREMIUM]","[PREMIUM]",true,false,"['Clear view']","2026-09-15 03:53:10"
"14054707529","2026-09-15 23:58:30.008","2026-09-16 00:04:10.073","14054707529","160437150","[PREMIUM]","[PREMIUM]","413","5","_",,,3,"[1,2,3]",1771,"Terrace Level",10,"Mobile Transfer ticket",1,"[PREMIUM]","[PREMIUM]","[PREMIUM]","[PREMIUM]",true,false,"['Clear view']","2026-09-15 21:49:08"
"13928356421","2026-09-15 23:58:29.644","2026-09-23 23:59:07.002","13928356421","160437150","[PREMIUM]","[PREMIUM]","134","19","_",,,5,"[1,2,3,5]",952,"Main Level",10,"Mobile Transfer ticket",1,"[PREMIUM]","[PREMIUM]","[PREMIUM]","[PREMIUM]",true,false,"['Clear view']","2026-09-04 15:27:13"
"14050246824","2026-09-15 23:58:29.161","2026-09-16 00:04:10.795","14050246824","160437150","[PREMIUM]","[PREMIUM]","433","A","9001_9002","9001",,2,"[2]",5506,"Ring of Honor",10,"Mobile Transfer ticket",13,"[PREMIUM]","[PREMIUM]","[PREMIUM]","[PREMIUM]",true,false,"['Front Row of Section','Clear view']","2026-09-15 13:55:05"
"14052161648","2026-09-15 23:58:28.498","2026-09-15 23:58:28.498","14052161648","160437150","[PREMIUM]","[PREMIUM]","442","2","9001_9002","9001",,2,"[2]",1771,"Terrace Level",10,"Mobile Transfer ticket",13,"[PREMIUM]","[PREMIUM]","[PREMIUM]","[PREMIUM]",true,false,"['Clear view']","2026-09-15 16:45:24"
"14043524491","2026-09-15 23:58:22.053","2026-09-18 00:33:18.713","14043524491","160437150","[PREMIUM]","[PREMIUM]","432","10","9001_9006","9001",,6,"[1,2,3,4,6]",1771,"Terrace Level",10,"Mobile Transfer ticket",1,"[PREMIUM]","[PREMIUM]","[PREMIUM]","[PREMIUM]",true,false,"['Clear view']","2026-09-14 22:33:06"
"14047092392","2026-09-15 23:58:21.388","2026-09-20 00:19:05.688","14047092392","160437150","[PREMIUM]","[PREMIUM]","103",,"998883110_998883111","998883110",,2,"[2]",952,"Main Level",10,"Mobile Transfer ticket",1,"[PREMIUM]","[PREMIUM]","[PREMIUM]","[PREMIUM]",true,true,"['Clear view']","2026-09-15 06:03:56"
"14055304770","2026-09-15 23:58:21.030","2026-09-28 05:11:28.829","14055304770","160437150","[PREMIUM]","[PREMIUM]","434","1","_",,,2,"[2]",1771,"Terrace Level",10,"Mobile Transfer ticket",1,"[PREMIUM]","[PREMIUM]","[PREMIUM]","[PREMIUM]",true,false,"['Clear view']","2026-09-15 22:53:15"
"13047882002","2026-09-15 23:58:16.588","2026-09-28 05:11:28.829","13047882002","160437150","[PREMIUM]","[PREMIUM]","118","40","_",,,2,"[2]",952,"Main Level",10,"Mobile Transfer ticket",1,"[PREMIUM]","[PREMIUM]","[PREMIUM]","[PREMIUM]",true,false,"['Clear view']","2026-06-16 20:22:50"
"14055250313","2026-09-15 23:58:12.549","2026-09-28 05:11:20.618","14055250313","160437150","[PREMIUM]","[PREMIUM]","414","16","_",,,12,"[1,2,3,4,5,6,7,8,10,12]",1771,"Terrace Level",10,"Mobile Transfer ticket",14,"[PREMIUM]","[PREMIUM]","[PREMIUM]","[PREMIUM]",true,false,"['Clear view']","2026-09-15 22:46:33"
"14046150285","2026-09-15 23:58:12.213","2026-09-22 00:06:13.659","14046150285","160437150","[PREMIUM]","[PREMIUM]","411","17","_",,,6,"[1,2,4,6]",1771,"Terrace Level",10,"Mobile Transfer ticket",14,"[PREMIUM]","[PREMIUM]","[PREMIUM]","[PREMIUM]",true,false,"['Clear view']","2026-09-15 03:53:10"
"14055250322","2026-09-15 23:58:12.213","2026-09-28 05:11:20.699","14055250322","160437150","[PREMIUM]","[PREMIUM]","414","17","_",,,6,"[1,2,4,6]",1771,"Terrace Level",10,"Mobile Transfer ticket",14,"[PREMIUM]","[PREMIUM]","[PREMIUM]","[PREMIUM]",true,false,"['Clear view']","2026-09-15 22:46:33"
"14049318528","2026-09-15 23:58:11.077","2026-09-26 05:12:06.884","14049318528","160437150","[PREMIUM]","[PREMIUM]","438","10","_",,,4,"[2,4]",1771,"Terrace Level",10,"Mobile Transfer ticket",14,"[PREMIUM]","[PREMIUM]","[PREMIUM]","[PREMIUM]",true,false,"['Clear view']","2026-09-15 12:19:36"
"13521802425","2026-09-15 23:58:09.578","2026-09-28 05:11:19.690","13521802425","160437150","[PREMIUM]","[PREMIUM]","455","7","_",,,9,"[1,2,3,4,5,7,9]",1771,"Terrace Level",10,"Mobile Transfer ticket",14,"[PREMIUM]","[PREMIUM]","[PREMIUM]","[PREMIUM]",true,false,"['Clear view']","2026-07-30 17:36:16"
"14043446470","2026-09-15 23:58:08.680","2026-09-28 05:11:20.011","14043446470","160437150","[PREMIUM]","[PREMIUM]","455","10","_",,,6,"[1,2,4,6]",1771,"Terrace Level",10,"Mobile Transfer ticket",14,"[PREMIUM]","[PREMIUM]","[PREMIUM]","[PREMIUM]",true,false,"['Clear view']","2026-09-14 22:26:24"
"14050524063","2026-09-15 23:58:07.011","2026-09-20 00:16:45.778","14050524063","160437150","[PREMIUM]","[PREMIUM]","406",,"998883485_998883486","998883485",,2,"[2]",1771,"Terrace Level",10,"Mobile Transfer ticket",1,"[PREMIUM]","[PREMIUM]","[PREMIUM]","[PREMIUM]",true,true,"['Clear view']","2026-09-15 14:22:29"
"14053898038","2026-09-15 23:58:01.658","2026-09-15 23:58:01.658","14053898038","160437154","[PREMIUM]","[PREMIUM]","438","6","_",,,2,"[2]",1771,"Terrace Level",10,"Mobile Transfer ticket",1,"[PREMIUM]","[PREMIUM]","[PREMIUM]","[PREMIUM]",true,false,"['Clear view']","2026-09-15 19:59:34"
"14054793431","2026-09-15 23:58:01.658","2026-09-28 05:22:32.234","14054793431","160437154","[PREMIUM]","[PREMIUM]","422","1","_",,,2,"[2]",1771,"Terrace Level",10,"Mobile Transfer ticket",1,"[PREMIUM]","[PREMIUM]","[PREMIUM]","[PREMIUM]",true,false,"['Clear view']","2026-09-15 21:56:59"
"14053915286","2026-09-15 23:57:18.693","2026-09-15 23:57:18.693","14053915286","160437154","[PREMIUM]","[PREMIUM]","409","A","9001_9002","9001",,2,"[2]",5506,"Ring of Honor",10,"Mobile Transfer ticket",13,"[PREMIUM]","[PREMIUM]","[PREMIUM]","[PREMIUM]",true,false,"['Front Row of Section','Clear view']","2026-09-15 20:01:11"
"14051040925","2026-09-15 23:57:18.313","2026-09-20 00:19:29.631","14051040925","160437154","[PREMIUM]","[PREMIUM]","447","A","_",,,2,"[2]",5506,"Ring of Honor",10,"Mobile Transfer ticket",1,"[PREMIUM]","[PREMIUM]","[PREMIUM]","[PREMIUM]",true,false,"['Front Row of Section','Clear view']","2026-09-15 15:10:51"
"14054626509","2026-09-15 23:57:18.313","2026-09-15 23:57:18.313","14054626509","160437154","[PREMIUM]","[PREMIUM]","135","2","9001_9003","9001",,3,"[3]",952,"Main Level",10,"Mobile Transfer ticket",13,"[PREMIUM]","[PREMIUM]","[PREMIUM]","[PREMIUM]",true,false,"['Second Row of Section','Clear view']","2026-09-15 21:34:29"
"14053897924","2026-09-15 23:57:17.938","2026-09-15 23:57:17.938","14053897924","160437154","[PREMIUM]","[PREMIUM]","447","D","_",,,6,"[1,2,3,4,5,6]",5506,"Ring of Honor",10,"Mobile Transfer ticket",1,"[PREMIUM]","[PREMIUM]","[PREMIUM]","[PREMIUM]",true,false,"['Clear view']","2026-09-15 19:59:33"
"14054208572","2026-09-15 23:57:17.580","2026-09-15 23:57:17.580","14054208572","160437154","[PREMIUM]","[PREMIUM]","115","2","9001_9004","9001",,4,"[4]",952,"Main Level",10,"Mobile Transfer ticket",13,"[PREMIUM]","[PREMIUM]","[PREMIUM]","[PREMIUM]",true,false,"['Second Row of Section','Clear view']","2026-09-15 20:34:39"
"14049394103","2026-09-15 23:57:16.407","2026-09-16 23:52:04.744","14049394103","160437154","[PREMIUM]","[PREMIUM]","117","4","_",,,2,"[2]",952,"Main Level",10,"Mobile Transfer ticket",1,"[PREMIUM]","[PREMIUM]","[PREMIUM]","[PREMIUM]",true,false,"['Clear view']","2026-09-15 12:30:30"
"14050226165","2026-09-15 23:57:16.034","2026-09-15 23:57:16.034","14050226165","160437154","[PREMIUM]","[PREMIUM]","121","4","9001_9001","9001",,1,"[1]",952,"Main Level",10,"Mobile Transfer ticket",13,"[PREMIUM]","[PREMIUM]","[PREMIUM]","[PREMIUM]",false,false,"['Clear view']","2026-09-15 13:52:04"
"14044984369","2026-09-15 23:57:15.651","2026-09-18 00:37:58.167","14044984369","160437154","[PREMIUM]","[PREMIUM]","402","B","9001_9006","9001",,6,"[1,2,3,4,6]",5506,"Ring of Honor",10,"Mobile Transfer ticket",1,"[PREMIUM]","[PREMIUM]","[PREMIUM]","[PREMIUM]",true,false,"['Second Row of Section','Clear view']","2026-09-15 01:34:20"
"14048070086","2026-09-15 23:57:15.539","2026-09-15 23:57:15.539","14048070086","160437154","[PREMIUM]","[PREMIUM]","401","B","9001_9006","9001",,6,"[1,2,3,4,6]",5506,"Ring of Honor",10,"Mobile Transfer ticket",1,"[PREMIUM]","[PREMIUM]","[PREMIUM]","[PREMIUM]",true,false,"['Second Row of Section','Clear view']","2026-09-15 08:48:58"
"14052232853","2026-09-15 23:57:15.539","2026-09-15 23:57:15.539","14052232853","160437154","[PREMIUM]","[PREMIUM]","423","E","9001_9002","9001",,2,"[2]",5506,"Ring of Honor",10,"Mobile Transfer ticket",1,"[PREMIUM]","[PREMIUM]","[PREMIUM]","[PREMIUM]",true,false,"['Clear view']","2026-09-15 16:53:24"
"14052237424","2026-09-15 23:57:15.539","2026-09-15 23:57:15.539","14052237424","160437154","[PREMIUM]","[PREMIUM]","431","B","9001_9006","9001",,6,"[1,2,3,4,6]",5506,"Ring of Honor",10,"Mobile Transfer ticket",1,"[PREMIUM]","[PREMIUM]","[PREMIUM]","[PREMIUM]",true,false,"['Second Row of Section','Clear view']","2026-09-15 16:54:14"
"14051445128","2026-09-15 23:57:15.207","2026-09-15 23:57:15.207","14051445128","160437154","[PREMIUM]","[PREMIUM]","408","B","9001_9001","9001",,1,"[1]",5506,"Ring of Honor",10,"Mobile Transfer ticket",13,"[PREMIUM]","[PREMIUM]","[PREMIUM]","[PREMIUM]",false,false,"['Second Row of Section','Clear view']","2026-09-15 15:44:54"
"13969348825","2026-09-15 23:57:14.998","2026-09-28 05:22:32.266","13969348825","160437154","[PREMIUM]","[PREMIUM]","407","3","5_6","5",,2,"[2]",1771,"Terrace Level",10,"Mobile Transfer ticket",14,"[PREMIUM]","[PREMIUM]","[PREMIUM]","[PREMIUM]",true,false,"['Clear view']","2026-09-08 18:20:50"
"14054706374","2026-09-15 23:57:14.906","2026-09-15 23:57:14.906","14054706374","160437154","[PREMIUM]","[PREMIUM]","432","A","_",,,8,"[1,2,3,4,6,8]",5506,"Ring of Honor",10,"Mobile Transfer ticket",1,"[PREMIUM]","[PREMIUM]","[PREMIUM]","[PREMIUM]",true,false,"['Front Row of Section','Clear view']","2026-09-15 21:48:54"
"14054770129","2026-09-15 23:57:14.857","2026-09-28 05:22:32.750","14054770129","160437154","[PREMIUM]","[PREMIUM]","444","1","_",,,4,"[4]",1771,"Terrace Level",10,"Mobile Transfer ticket",1,"[PREMIUM]","[PREMIUM]","[PREMIUM]","[PREMIUM]",true,false,"['Clear view']","2026-09-15 21:55:03"
"14050162706","2026-09-15 23:57:14.318","2026-09-15 23:57:14.318","14050162706","160437154","[PREMIUM]","[PREMIUM]","443","1","9001_9002","9001",,2,"[2]",1771,"Terrace Level",10,"Mobile Transfer ticket",13,"[PREMIUM]","[PREMIUM]","[PREMIUM]","[PREMIUM]",true,false,"['Clear view']","2026-09-15 13:45:57"
"14055756067","2026-09-15 23:57:14.318","2026-09-15 23:57:14.318","14055756067","160437154","[PREMIUM]","[PREMIUM]","414","8","_",,,6,"[1,2,4,6]",1771,"Terrace Level",10,"Mobile Transfer ticket",1,"[PREMIUM]","[PREMIUM]","[PREMIUM]","[PREMIUM]",true,false,"['Clear view']","2026-09-15 23:56:51"
"14050133245","2026-09-15 23:57:13.987","2026-09-15 23:57:13.987","14050133245","160437154","[PREMIUM]","[PREMIUM]","411","2","9001_9004","9001",,4,"[4]",1771,"Terrace Level",10,"Mobile Transfer ticket",13,"[PREMIUM]","[PREMIUM]","[PREMIUM]","[PREMIUM]",true,false,"['Clear view']","2026-09-15 13:42:38"
"14051821839","2026-09-15 23:57:13.987","2026-09-15 23:57:13.987","14051821839","160437154","[PREMIUM]","[PREMIUM]","412","2","9001_9002","9001",,2,"[2]",1771,"Terrace Level",10,"Mobile Transfer ticket",13,"[PREMIUM]","[PREMIUM]","[PREMIUM]","[PREMIUM]",true,false,"['Clear view']","2026-09-15 16:13:35"
"14054659912","2026-09-15 23:57:13.983","2026-09-20 00:18:07.000","14054659912","160437154","[PREMIUM]","[PREMIUM]","Ring of Honor WC 453","C","9001_9001","9001",,1,"[1]",39229,"Ring of Honor Accessible",10,"Mobile Transfer ticket",1,"[PREMIUM]","[PREMIUM]","[PREMIUM]","[PREMIUM]",false,false,"['Front Row of Section','Clear view']","2026-09-15 21:40:02"
"14051995168","2026-09-15 23:57:13.662","2026-09-15 23:57:13.662","14051995168","160437154","[PREMIUM]","[PREMIUM]","445","2","9001_9002","9001",,2,"[2]",1771,"Terrace Level",10,"Mobile Transfer ticket",13,"[PREMIUM]","[PREMIUM]","[PREMIUM]","[PREMIUM]",true,false,"['Clear view']","2026-09-15 16:28:31"
"14053099624","2026-09-15 23:57:13.319","2026-09-16 23:55:39.340","14053099624","160437154","[PREMIUM]","[PREMIUM]","125","28","_",,,4,"[1,2,4]",952,"Main Level",10,"Mobile Transfer ticket",1,"[PREMIUM]","[PREMIUM]","[PREMIUM]","[PREMIUM]",true,false,"['Clear view']","2026-09-15 18:36:01"
"14054843855","2026-09-15 23:57:13.319","2026-09-15 23:57:13.319","14054843855","160437154","[PREMIUM]","[PREMIUM]","424","11","9001_9006","9001",,6,"[1,2,3,4,6]",1771,"Terrace Level",10,"Mobile Transfer ticket",1,"[PREMIUM]","[PREMIUM]","[PREMIUM]","[PREMIUM]",true,false,"['Clear view']","2026-09-15 22:01:58"
"14046986490","2026-09-15 23:57:13.315","2026-09-15 23:57:13.315","14046986490","160437154","[PREMIUM]","[PREMIUM]","424","8","9001_9003","9001",,3,"[1,3]",1771,"Terrace Level",10,"Mobile Transfer ticket",1,"[PREMIUM]","[PREMIUM]","[PREMIUM]","[PREMIUM]",true,false,"['Clear view']","2026-09-15 05:42:29"
"14048812762","2026-09-15 23:57:12.595","2026-09-27 05:24:02.033","14048812762","160437154","[PREMIUM]","[PREMIUM]","125","32","15_16","15","16",2,"[2]",952,"Main Level",10,"Mobile Transfer ticket",1,"[PREMIUM]","[PREMIUM]","[PREMIUM]","[PREMIUM]",true,false,"['Clear view']","2026-09-15 11:03:09"
"14049923284","2026-09-15 23:57:11.746","2026-09-15 23:57:11.746","14049923284","160427051","[PREMIUM]","[PREMIUM]","325","3","_",,,2,"[2]",1724,"Club",10,"Mobile Transfer ticket",1,"[PREMIUM]","[PREMIUM]","[PREMIUM]","[PREMIUM]",true,false,"['Third Row of Section','Clear view']","2026-09-15 13:23:08"
"14055088907","2026-09-15 23:57:11.746","2026-09-15 23:57:11.746","14055088907","160427051","[PREMIUM]","[PREMIUM]","142","4","8_9","8","9",2,"[2]",594,"Lower",10,"Mobile Transfer ticket",1,"[PREMIUM]","[PREMIUM]","[PREMIUM]","[PREMIUM]",true,false,"['Clear view']","2026-09-15 22:28:56"
"14046337472","2026-09-15 23:57:11.366","2026-09-15 23:57:11.366","14046337472","160427051","[PREMIUM]","[PREMIUM]","308","1","9001_9002","9001","9002",2,"[2]",1724,"Club",10,"Mobile Transfer ticket",1,"[PREMIUM]","[PREMIUM]","[PREMIUM]","[PREMIUM]",true,false,"['Front Row of Section','Clear view']","2026-09-15 04:12:45"
"13816540166","2026-09-15 23:57:11.027","2026-09-23 23:58:27.160","13816540166","160436168","[PREMIUM]","[PREMIUM]","226","1","9001_9002","9001",,2,"[2]",11358,"200-Level",10,"Mobile Transfer ticket",13,"[PREMIUM]","[PREMIUM]","[PREMIUM]","[PREMIUM]",true,false,"['Front Row of Section','Clear view']","2026-08-26 10:10:41"
"14052995799","2026-09-15 23:57:10.895","2026-09-28 05:22:26.011","14052995799","160437154","[PREMIUM]","[PREMIUM]","443","8","10_14","10",,5,"[1,2,3,5]",1771,"Terrace Level",10,"Mobile Transfer ticket",1,"[PREMIUM]","[PREMIUM]","[PREMIUM]","[PREMIUM]",true,false,"['Clear view']","2026-09-15 18:24:16"
"14044078182","2026-09-15 23:57:10.765","2026-09-28 05:22:25.833","14044078182","160437154","[PREMIUM]","[PREMIUM]","412","17","_",,,12,"[1,2,3,4,5,6,7,8,10,12]",1771,"Terrace Level",10,"Mobile Transfer ticket",14,"[PREMIUM]","[PREMIUM]","[PREMIUM]","[PREMIUM]",true,false,"['Clear view']","2026-09-14 23:47:42"
"14053690117","2026-09-15 23:57:10.510","2026-09-15 23:57:10.510","14053690117","160427051","[PREMIUM]","[PREMIUM]","308","8","9001_9002","9001","9002",2,"[2]",1724,"Club",10,"Mobile Transfer ticket",1,"[PREMIUM]","[PREMIUM]","[PREMIUM]","[PREMIUM]",true,false,"['Clear view']","2026-09-15 19:40:58"
"13317851877","2026-09-15 23:57:09.842","2026-09-27 05:25:47.000","13317851877","160436168","[PREMIUM]","[PREMIUM]","104","13","1_4","1","4",4,"[1,2,4]",11357,"100-Level",10,"Mobile Transfer ticket",1,"[PREMIUM]","[PREMIUM]","[PREMIUM]","[PREMIUM]",true,false,"['Clear view']","2026-07-10 18:32:17"
"14048508998","2026-09-15 23:57:09.820","2026-09-15 23:57:09.820","14048508998","160427051","[PREMIUM]","[PREMIUM]","137","16","9001_9005","9001","9005",5,"[1,2,3,5]",594,"Lower",10,"Mobile Transfer ticket",1,"[PREMIUM]","[PREMIUM]","[PREMIUM]","[PREMIUM]",true,false,"['Front Row of Section','Clear view']","2026-09-15 10:10:55"
"14049923501","2026-09-15 23:57:09.819","2026-09-15 23:57:09.819","14049923501","160427051","[PREMIUM]","[PREMIUM]","201","3","_",,,2,"[2]",7046,"Terrace Sideline",10,"Mobile Transfer ticket",1,"[PREMIUM]","[PREMIUM]","[PREMIUM]","[PREMIUM]",true,false,"['Third Row of Section','Clear view']","2026-09-15 13:23:10"
"14048942526","2026-09-15 23:57:09.502","2026-09-15 23:57:09.502","14048942526","160427051","[PREMIUM]","[PREMIUM]","118","1","99_100","99","100",2,"[2]",594,"Lower",10,"Mobile Transfer ticket",1,"[PREMIUM]","[PREMIUM]","[PREMIUM]","[PREMIUM]",true,false,"['Front Row of Section','Clear view']","2026-09-15 11:20:55"
"14050774317","2026-09-15 23:57:09.502","2026-09-27 05:22:30.259","14050774317","160427051","[PREMIUM]","[PREMIUM]","329","4","_",,,2,"[2]",1724,"Club",10,"Mobile Transfer ticket",1,"[PREMIUM]","[PREMIUM]","[PREMIUM]","[PREMIUM]",true,false,"['Clear view']","2026-09-15 14:46:47"
"14050775431","2026-09-15 23:57:09.502","2026-09-28 05:21:21.519","14050775431","160427051","[PREMIUM]","[PREMIUM]","335","4","_",,,2,"[2]",1724,"Club",10,"Mobile Transfer ticket",1,"[PREMIUM]","[PREMIUM]","[PREMIUM]","[PREMIUM]",true,false,"['Clear view']","2026-09-15 14:46:52"
"14051405574","2026-09-15 23:57:08.429","2026-09-28 05:22:25.702","14051405574","160437154","[PREMIUM]","[PREMIUM]","403","2","17_19","17",,3,"[1,3]",1771,"Terrace Level",10,"Mobile Transfer ticket",1,"[PREMIUM]","[PREMIUM]","[PREMIUM]","[PREMIUM]",true,false,"['Clear view']","2026-09-15 15:41:46"
"14034898971","2026-09-15 23:57:07.540","2026-09-15 23:57:07.540","14034898971","160427051","[PREMIUM]","[PREMIUM]","213","1","9001_9002","9001","9002",2,"[2]",3831,"Terrace Corner",10,"Mobile Transfer ticket",1,"[PREMIUM]","[PREMIUM]","[PREMIUM]","[PREMIUM]",true,false,"['Front Row of Section','Clear view']","2026-09-14 02:24:40"
"14047569941","2026-09-15 23:57:07.540","2026-09-15 23:57:09.557","14047569941","160427051","[PREMIUM]","[PREMIUM]","303","6","_",,,2,"[2]",1724,"Club",10,"Mobile Transfer ticket",1,"[PREMIUM]","[PREMIUM]","[PREMIUM]","[PREMIUM]",true,false,"['Clear view']","2026-09-15 07:17:00"
"14049338141","2026-09-15 23:57:07.540","2026-09-15 23:57:09.557","14049338141","160427051","[PREMIUM]","[PREMIUM]","115","16","9001_9002","9001","9002",2,"[2]",594,"Lower",10,"Mobile Transfer ticket",1,"[PREMIUM]","[PREMIUM]","[PREMIUM]","[PREMIUM]",true,false,"['Front Row of Section','Clear view']","2026-09-15 12:23:09"
"14034898968","2026-09-15 23:57:05.185","2026-09-15 23:57:09.557","14034898968","160427051","[PREMIUM]","[PREMIUM]","229","6","9001_9002","9001","9002",2,"[2]",3831,"Terrace Corner",10,"Mobile Transfer ticket",1,"[PREMIUM]","[PREMIUM]","[PREMIUM]","[PREMIUM]",true,false,"['Clear view']","2026-09-14 02:24:40"
"14035607654","2026-09-15 23:57:05.185","2026-09-15 23:57:09.557","14035607654","160427051","[PREMIUM]","[PREMIUM]","229","3","9001_9006","9001","9006",6,"[1,2,3,4,6]",3831,"Terrace Corner",10,"Mobile Transfer ticket",1,"[PREMIUM]","[PREMIUM]","[PREMIUM]","[PREMIUM]",true,false,"['Third Row of Section','Clear view']","2026-09-14 04:26:56"
"14045565019","2026-09-15 23:57:05.185","2026-09-15 23:57:09.557","14045565019","160427051","[PREMIUM]","[PREMIUM]","207","8","9001_9003","9001","9003",3,"[1,3]",3831,"Terrace Corner",10,"Mobile Transfer ticket",1,"[PREMIUM]","[PREMIUM]","[PREMIUM]","[PREMIUM]",true,false,"['Clear view']","2026-09-15 02:39:09"
"14050773070","2026-09-15 23:57:05.185","2026-09-28 05:21:21.708","14050773070","160427051","[PREMIUM]","[PREMIUM]","329","6","_",,,2,"[2]",1724,"Club",10,"Mobile Transfer ticket",1,"[PREMIUM]","[PREMIUM]","[PREMIUM]","[PREMIUM]",true,false,"['Clear view']","2026-09-15 14:46:38"
"14052267527","2026-09-15 23:57:05.180","2026-09-15 23:58:30.402","14052267527","160427051","[PREMIUM]","[PREMIUM]","236","7","_",,,3,"[1,2,3]",3831,"Terrace Corner",10,"Mobile Transfer ticket",1,"[PREMIUM]","[PREMIUM]","[PREMIUM]","[PREMIUM]",true,false,"['Clear view']","2026-09-15 16:58:24"
"14045180877","2026-09-15 23:57:01.519","2026-09-16 23:48:09.837","14045180877","160427051","[PREMIUM]","[PREMIUM]","237","5","_",,,3,"[3]",3831,"Terrace Corner",10,"Mobile Transfer ticket",1,"[PREMIUM]","[PREMIUM]","[PREMIUM]","[PREMIUM]",true,false,"['Clear view']","2026-09-15 01:50:38"
"14015453864","2026-09-15 23:57:01.209","2026-09-28 05:21:20.827","14015453864","160427051","[PREMIUM]","[PREMIUM]","104","7","8_9","8","9",2,"[2]",594,"Lower",10,"Mobile Transfer ticket",1,"[PREMIUM]","[PREMIUM]","[PREMIUM]","[PREMIUM]",true,false,"['Home Game','Includes parking','Within 10 Rows of Field','Clear view']","2026-09-12 06:03:53"
"14052081973","2026-09-15 23:56:57.602","2026-09-18 00:26:08.288","14052081973","160436168","[PREMIUM]","[PREMIUM]","122","14","_",,,2,"[2]",11357,"100-Level",10,"Mobile Transfer ticket",14,"[PREMIUM]","[PREMIUM]","[PREMIUM]","[PREMIUM]",true,false,"['Clear view']","2026-09-15 16:37:31"
"14054230298","2026-09-15 23:56:49.433","2026-09-15 23:57:59.114","14054230298","160436027","[PREMIUM]","[PREMIUM]","536","18","_",,,6,"[1,2,3,4,6]",407,"Upper",10,"Mobile Transfer ticket",1,"[PREMIUM]","[PREMIUM]","[PREMIUM]","[PREMIUM]",true,false,"['Clear view']","2026-09-15 20:37:16"
"14011323728","2026-09-15 23:56:45.892","2026-09-18 00:21:47.406","14011323728","160436027","[PREMIUM]","[PREMIUM]","515",,"_",,,2,"[2]",407,"Upper",10,"Mobile Transfer ticket",1,"[PREMIUM]","[PREMIUM]","[PREMIUM]","[PREMIUM]",true,true,"['Clear view']","2026-09-11 22:39:15"
"14039280706","2026-09-15 23:56:15.037","2026-09-23 00:15:44.100","14039280706","160417580","[PREMIUM]","[PREMIUM]","233","2","99_100","99","100",2,"[2]",1724,"Club",10,"Mobile Transfer ticket",1,"[PREMIUM]","[PREMIUM]","[PREMIUM]","[PREMIUM]",true,false,"['Second Row of Section','Clear view']","2026-09-14 14:20:31"
"14048818411","2026-09-15 23:56:14.634","2026-09-15 23:56:14.634","14048818411","160417580","[PREMIUM]","[PREMIUM]","128","5","1005_1006","1005","1006",2,"[2]",594,"Lower",10,"Mobile Transfer ticket",1,"[PREMIUM]","[PREMIUM]","[PREMIUM]","[PREMIUM]",true,false,"['Clear view']","2026-09-15 11:05:01"
"14048818354","2026-09-15 23:56:14.634","2026-09-15 23:56:14.634","14048818354","160417580","[PREMIUM]","[PREMIUM]","128","3","1017_1018","1017","1018",2,"[2]",594,"Lower",10,"Mobile Transfer ticket",1,"[PREMIUM]","[PREMIUM]","[PREMIUM]","[PREMIUM]",true,false,"['Third Row of Section','Clear view']","2026-09-15 11:04:59"
"14050532813","2026-09-15 23:56:14.634","2026-09-15 23:56:14.634","14050532813","160417580","[PREMIUM]","[PREMIUM]","221","9","_",,,2,"[2]",1724,"Club",10,"Mobile Transfer ticket",1,"[PREMIUM]","[PREMIUM]","[PREMIUM]","[PREMIUM]",true,false,"['Clear view']","2026-09-15 14:23:50"
"14035093348","2026-09-15 23:56:11.414","2026-09-18 00:37:10.565","14035093348","160417580","[PREMIUM]","[PREMIUM]","227","10","_",,,4,"[2,4]",1724,"Club",10,"Mobile Transfer ticket",1,"[PREMIUM]","[PREMIUM]","[PREMIUM]","[PREMIUM]",true,false,"['Clear view']","2026-09-14 03:05:04"
"14035093347","2026-09-15 23:56:11.414","2026-09-15 23:56:11.414","14035093347","160417580","[PREMIUM]","[PREMIUM]","227","11","_",,,4,"[2,4]",1724,"Club",10,"Mobile Transfer ticket",1,"[PREMIUM]","[PREMIUM]","[PREMIUM]","[PREMIUM]",true,false,"['Clear view']","2026-09-14 03:05:04"
"14054630655","2026-09-15 23:56:11.414","2026-09-15 23:56:11.414","14054630655","160417580","[PREMIUM]","[PREMIUM]","227","9","_",,,4,"[4]",1724,"Club",10,"Mobile Transfer ticket",1,"[PREMIUM]","[PREMIUM]","[PREMIUM]","[PREMIUM]",true,false,"['Clear view']","2026-09-15 21:35:06"
"14055580315","2026-09-15 23:56:10.582","2026-09-15 23:56:10.582","14055580315","160417580","[PREMIUM]","[PREMIUM]","247","1","_",,,3,"[3]",1724,"Club",10,"Mobile Transfer ticket",1,"[PREMIUM]","[PREMIUM]","[PREMIUM]","[PREMIUM]",true,false,"['Front Row of Section','Clear view']","2026-09-15 23:32:03"
"14048818234","2026-09-15 23:56:09.961","2026-09-15 23:56:09.961","14048818234","160417580","[PREMIUM]","[PREMIUM]","126","2","1007_1010","1007","1010",4,"[1,2,4]",594,"Lower",10,"Mobile Transfer ticket",1,"[PREMIUM]","[PREMIUM]","[PREMIUM]","[PREMIUM]",true,false,"['Second Row of Section','Clear view']","2026-09-15 11:04:57"
"14048818604","2026-09-15 23:56:09.954","2026-09-15 23:56:09.954","14048818604","160417580","[PREMIUM]","[PREMIUM]","225","5","1008_1009","1008","1009",2,"[2]",1724,"Club",10,"Mobile Transfer ticket",1,"[PREMIUM]","[PREMIUM]","[PREMIUM]","[PREMIUM]",true,false,"['Clear view']","2026-09-15 11:05:04"
"14054230301","2026-09-15 23:56:09.803","2026-09-15 23:58:18.122","14054230301","160436027","[PREMIUM]","[PREMIUM]","523","7","_",,,2,"[2]",407,"Upper",10,"Mobile Transfer ticket",1,"[PREMIUM]","[PREMIUM]","[PREMIUM]","[PREMIUM]",true,false,"['Clear view']","2026-09-15 20:37:16"
"14048818256","2026-09-15 23:56:09.739","2026-09-15 23:56:09.739","14048818256","160417580","[PREMIUM]","[PREMIUM]","127","5","1019_1022","1019","1022",4,"[1,2,4]",594,"Lower",10,"Mobile Transfer ticket",1,"[PREMIUM]","[PREMIUM]","[PREMIUM]","[PREMIUM]",true,false,"['Clear view']","2026-09-15 11:04:57"
"14048818244","2026-09-15 23:56:09.739","2026-09-15 23:56:09.739","14048818244","160417580","[PREMIUM]","[PREMIUM]","126","3","1009_1010","1009","1010",2,"[2]",594,"Lower",10,"Mobile Transfer ticket",1,"[PREMIUM]","[PREMIUM]","[PREMIUM]","[PREMIUM]",true,false,"['Third Row of Section','Clear view']","2026-09-15 11:04:57"
"14011323630","2026-09-15 23:56:08.409","2026-09-20 00:22:39.651","14011323630","160436027","[PREMIUM]","[PREMIUM]","537",,"_",,,2,"[2]",407,"Upper",10,"Mobile Transfer ticket",1,"[PREMIUM]","[PREMIUM]","[PREMIUM]","[PREMIUM]",true,true,"['Clear view']","2026-09-11 22:39:15"
"14051405692","2026-09-15 23:56:08.097","2026-09-27 05:24:37.949","14051405692","160417580","[PREMIUM]","[PREMIUM]","229","10","_",,,2,"[2]",1724,"Club",10,"Mobile Transfer ticket",1,"[PREMIUM]","[PREMIUM]","[PREMIUM]","[PREMIUM]",true,false,"['Clear view']","2026-09-15 15:41:47"
"14035095345","2026-09-15 23:56:07.760","2026-09-18 00:37:03.176","14035095345","160417580","[PREMIUM]","[PREMIUM]","248","1","_",,,2,"[2]",1724,"Club",10,"Mobile Transfer ticket",1,"[PREMIUM]","[PREMIUM]","[PREMIUM]","[PREMIUM]",true,false,"['Front Row of Section','Clear view']","2026-09-14 03:05:25"
"14050532812","2026-09-15 23:56:07.760","2026-09-15 23:56:07.760","14050532812","160417580","[PREMIUM]","[PREMIUM]","200","3","_",,,2,"[2]",1724,"Club",10,"Mobile Transfer ticket",1,"[PREMIUM]","[PREMIUM]","[PREMIUM]","[PREMIUM]",true,false,"['Third Row of Section','Clear view']","2026-09-15 14:23:50"
"14048818228","2026-09-15 23:56:07.739","2026-09-15 23:56:44.034","14048818228","160417580","[PREMIUM]","[PREMIUM]","125","6","1017_1020","1017","1020",4,"[1,2,4]",594,"Lower",10,"Mobile Transfer ticket",1,"[PREMIUM]","[PREMIUM]","[PREMIUM]","[PREMIUM]",true,false,"['Clear view']","2026-09-15 11:04:56"
"14050532826","2026-09-15 23:56:07.403","2026-09-15 23:56:07.403","14050532826","160417580","[PREMIUM]","[PREMIUM]","225","8","_",,,2,"[2]",1724,"Club",10,"Mobile Transfer ticket",1,"[PREMIUM]","[PREMIUM]","[PREMIUM]","[PREMIUM]",true,false,"['Clear view']","2026-09-15 14:23:50"
"14050532780","2026-09-15 23:56:07.403","2026-09-15 23:56:07.403","14050532780","160417580","[PREMIUM]","[PREMIUM]","223","7","_",,,2,"[2]",1724,"Club",10,"Mobile Transfer ticket",1,"[PREMIUM]","[PREMIUM]","[PREMIUM]","[PREMIUM]",true,false,"['Clear view']","2026-09-15 14:23:50"
"14011323410","2026-09-15 23:56:06.711","2026-09-19 00:11:44.359","14011323410","160436027","[PREMIUM]","[PREMIUM]","510",,"_",,,2,"[2]",407,"Upper",10,"Mobile Transfer ticket",1,"[PREMIUM]","[PREMIUM]","[PREMIUM]","[PREMIUM]",true,true,"['Clear view']","2026-09-11 22:39:14"
"14011323829","2026-09-15 23:56:06.275","2026-09-19 00:11:29.568","14011323829","160436027","[PREMIUM]","[PREMIUM]","527",,"_",,,2,"[2]",407,"Upper",10,"Mobile Transfer ticket",1,"[PREMIUM]","[PREMIUM]","[PREMIUM]","[PREMIUM]",true,true,"['Clear view']","2026-09-11 22:39:16"
"12698630158","2026-09-15 23:56:05.143","2026-09-24 00:01:02.717","12698630158","160436027","[PREMIUM]","[PREMIUM]","508","30","18_25","18",,8,"[1,2,3,4,6,8]",407,"Upper",10,"Mobile Transfer ticket",1,"[PREMIUM]","[PREMIUM]","[PREMIUM]","[PREMIUM]",true,false,"['Clear view']","2026-05-15 14:31:43"
"12698728306","2026-09-15 23:56:05.143","2026-09-19 00:11:27.025","12698728306","160436027","[PREMIUM]","[PREMIUM]","535","34","9_16","9",,8,"[1,2,3,4,6,8]",407,"Upper",10,"Mobile Transfer ticket",1,"[PREMIUM]","[PREMIUM]","[PREMIUM]","[PREMIUM]",true,false,"['Clear view']","2026-05-15 14:43:40"
"14045466299","2026-09-15 23:56:03.179","2026-09-15 23:56:03.179","14045466299","160427051","[PREMIUM]","[PREMIUM]","222","23","25_26","25","26",2,"[2]",7046,"Terrace Sideline",10,"Mobile Transfer ticket",1,"[PREMIUM]","[PREMIUM]","[PREMIUM]","[PREMIUM]",true,false,"['Limited or Obstructed View (printed on ticket)']","2026-09-15 02:26:53"
"14054506534","2026-09-15 23:55:59.466","2026-09-15 23:55:59.466","14054506534","160417580","[PREMIUM]","[PREMIUM]","153","31","3_4","3","4",2,"[2]",594,"Lower",10,"Mobile Transfer ticket",1,"[PREMIUM]","[PREMIUM]","[PREMIUM]","[PREMIUM]",true,false,"['Clear view']","2026-09-15 21:13:45"
"14036316893","2026-09-15 23:55:55.711","2026-09-15 23:55:55.711","14036316893","160437151","[PREMIUM]","[PREMIUM]","413","C","_",,,3,"[1,3]",5506,"Ring of Honor",10,"Mobile Transfer ticket",1,"[PREMIUM]","[PREMIUM]","[PREMIUM]","[PREMIUM]",true,false,"['Third Row of Section','Clear view']","2026-09-14 06:05:07"
"14035648836","2026-09-15 23:55:23.645","2026-09-15 23:55:23.645","14035648836","160437151","[PREMIUM]","[PREMIUM]","414","A","_",,,4,"[2,4]",5506,"Ring of Honor",10,"Mobile Transfer ticket",1,"[PREMIUM]","[PREMIUM]","[PREMIUM]","[PREMIUM]",true,false,"['Front Row of Section','Clear view']","2026-09-14 04:30:32"
"14035647388","2026-09-15 23:55:23.645","2026-09-15 23:55:23.645","14035647388","160437151","[PREMIUM]","[PREMIUM]","132","2","_",,,2,"[2]",952,"Main Level",10,"Mobile Transfer ticket",1,"[PREMIUM]","[PREMIUM]","[PREMIUM]","[PREMIUM]",true,false,"['Second Row of Section','Clear view']","2026-09-14 04:30:26"
"14046748798","2026-09-15 23:55:23.645","2026-09-15 23:55:23.645","14046748798","160437151","[PREMIUM]","[PREMIUM]","206","4","_",,,2,"[2]",300,"Club Level",10,"Mobile Transfer ticket",1,"[PREMIUM]","[PREMIUM]","[PREMIUM]","[PREMIUM]",true,false,"['Clear view']","2026-09-15 05:07:11"
"14054884398","2026-09-15 23:55:23.645","2026-09-15 23:55:23.645","14054884398","160437151","[PREMIUM]","[PREMIUM]","206","7","_",,,2,"[2]",300,"Club Level",10,"Mobile Transfer ticket",1,"[PREMIUM]","[PREMIUM]","[PREMIUM]","[PREMIUM]",true,false,"['Clear view']","2026-09-15 22:07:07"
"14052158027","2026-09-15 23:55:21.464","2026-09-15 23:55:21.464","14052158027","160437151","[PREMIUM]","[PREMIUM]","236","7","9001_9001","9001",,1,"[1]",300,"Club Level",10,"Mobile Transfer ticket",13,"[PREMIUM]","[PREMIUM]","[PREMIUM]","[PREMIUM]",false,false,"['Clear view']","2026-09-15 16:45:02"
"14052323102","2026-09-15 23:55:21.464","2026-09-15 23:55:21.464","14052323102","160437151","[PREMIUM]","[PREMIUM]","238","9","9001_9002","9001",,2,"[2]",300,"Club Level",10,"Mobile Transfer ticket",13,"[PREMIUM]","[PREMIUM]","[PREMIUM]","[PREMIUM]",true,false,"['Clear view']","2026-09-15 17:05:43"
"14048716811","2026-09-15 23:55:21.062","2026-09-15 23:55:21.062","14048716811","160437151","[PREMIUM]","[PREMIUM]","241","3","9001_9004","9001",,4,"[1,2,4]",300,"Club Level",10,"Mobile Transfer ticket",1,"[PREMIUM]","[PREMIUM]","[PREMIUM]","[PREMIUM]",true,false,"['Third Row of Section','Clear view']","2026-09-15 10:42:13"
"14043364657","2026-09-15 23:55:20.309","2026-09-22 00:05:42.249","14043364657","160437151","[PREMIUM]","[PREMIUM]","218","3","99_100","99",,2,"[2]",300,"Club Level",10,"Mobile Transfer ticket",1,"[PREMIUM]","[PREMIUM]","[PREMIUM]","[PREMIUM]",true,false,"['Third Row of Section','Clear view']","2026-09-14 22:18:26"
"14046657935","2026-09-15 23:55:20.309","2026-09-15 23:55:20.309","14046657935","160437151","[PREMIUM]","[PREMIUM]","130","20","9001_9005","9001",,5,"[1,2,3,5]",952,"Main Level",10,"Mobile Transfer ticket",1,"[PREMIUM]","[PREMIUM]","[PREMIUM]","[PREMIUM]",true,false,"['Clear view']","2026-09-15 04:52:03"
"14043491406","2026-09-15 23:55:20.109","2026-09-15 23:55:20.109","14043491406","160437151","[PREMIUM]","[PREMIUM]","213","6","9001_9002","9001",,2,"[2]",300,"Club Level",10,"Mobile Transfer ticket",1,"[PREMIUM]","[PREMIUM]","[PREMIUM]","[PREMIUM]",true,false,"['Clear view']","2026-09-14 22:30:30"
"14054822833","2026-09-15 23:55:20.109","2026-09-15 23:55:20.109","14054822833","160437151","[PREMIUM]","[PREMIUM]","210","2","_",,,2,"[2]",300,"Club Level",10,"Mobile Transfer ticket",1,"[PREMIUM]","[PREMIUM]","[PREMIUM]","[PREMIUM]",true,false,"['Second Row of Section','Clear view']","2026-09-15 21:59:31"
"14048196512","2026-09-15 23:55:20.056","2026-09-15 23:55:20.056","14048196512","160437151","[PREMIUM]","[PREMIUM]","237","5","9001_9006","9001",,6,"[1,2,3,4,6]",300,"Club Level",10,"Mobile Transfer ticket",1,"[PREMIUM]","[PREMIUM]","[PREMIUM]","[PREMIUM]",true,false,"['Clear view']","2026-09-15 09:15:53"
"14050130561","2026-09-15 23:55:20.056","2026-09-15 23:55:20.056","14050130561","160437151","[PREMIUM]","[PREMIUM]","239","1","9001_9002","9001",,2,"[2]",300,"Club Level",10,"Mobile Transfer ticket",13,"[PREMIUM]","[PREMIUM]","[PREMIUM]","[PREMIUM]",true,false,"['Front Row of Section','Clear view']","2026-09-15 13:42:21"
"14055745908","2026-09-15 23:55:20.056","2026-09-15 23:55:20.056","14055745908","160437151","[PREMIUM]","[PREMIUM]","213","7","_",,,2,"[2]",300,"Club Level",10,"Mobile Transfer ticket",1,"[PREMIUM]","[PREMIUM]","[PREMIUM]","[PREMIUM]",true,false,"['Clear view']","2026-09-15 23:55:02"
"14055746183","2026-09-15 23:55:20.056","2026-09-15 23:55:20.056","14055746183","160437151","[PREMIUM]","[PREMIUM]","211","7","_",,,2,"[2]",300,"Club Level",10,"Mobile Transfer ticket",1,"[PREMIUM]","[PREMIUM]","[PREMIUM]","[PREMIUM]",true,false,"['Clear view']","2026-09-15 23:55:04"
"14035647627","2026-09-15 23:55:19.927","2026-09-15 23:55:19.927","14035647627","160437151","[PREMIUM]","[PREMIUM]","129","22","_",,,4,"[2,4]",952,"Main Level",10,"Mobile Transfer ticket",1,"[PREMIUM]","[PREMIUM]","[PREMIUM]","[PREMIUM]",true,false,"['Clear view']","2026-09-14 04:30:27"
"14054430747","2026-09-15 23:55:19.927","2026-09-15 23:55:19.927","14054430747","160437151","[PREMIUM]","[PREMIUM]","217","7","9001_9006","9001",,6,"[1,2,3,4,6]",300,"Club Level",10,"Mobile Transfer ticket",1,"[PREMIUM]","[PREMIUM]","[PREMIUM]","[PREMIUM]",true,false,"['Clear view']","2026-09-15 20:59:48"
"14055344682","2026-09-15 23:55:19.927","2026-09-15 23:55:19.927","14055344682","160437151","[PREMIUM]","[PREMIUM]","105","29","9001_9004","9001",,4,"[1,2,4]",952,"Main Level",10,"Mobile Transfer ticket",1,"[PREMIUM]","[PREMIUM]","[PREMIUM]","[PREMIUM]",true,false,"['Clear view']","2026-09-15 22:58:25"
"14051225026","2026-09-15 23:55:19.740","2026-09-15 23:55:19.740","14051225026","160437151","[PREMIUM]","[PREMIUM]","212","2","9001_9002","9001",,2,"[2]",300,"Club Level",10,"Mobile Transfer ticket",13,"[PREMIUM]","[PREMIUM]","[PREMIUM]","[PREMIUM]",true,false,"['Second Row of Section','Clear view']","2026-09-15 15:29:02"
"14052186209","2026-09-15 23:55:19.740","2026-09-15 23:55:19.740","14052186209","160437151","[PREMIUM]","[PREMIUM]","207","5","9001_9002","9001",,2,"[2]",300,"Club Level",10,"Mobile Transfer ticket",1,"[PREMIUM]","[PREMIUM]","[PREMIUM]","[PREMIUM]",true,false,"['Clear view']","2026-09-15 16:47:40"
"14055018378","2026-09-15 23:55:19.740","2026-09-15 23:55:19.740","14055018378","160437151","[PREMIUM]","[PREMIUM]","240","7","_",,,2,"[2]",300,"Club Level",10,"Mobile Transfer ticket",1,"[PREMIUM]","[PREMIUM]","[PREMIUM]","[PREMIUM]",true,false,"['Clear view']","2026-09-15 22:21:28"
"14051441889","2026-09-15 23:55:19.697","2026-09-15 23:55:19.697","14051441889","160437151","[PREMIUM]","[PREMIUM]","209","3","9001_9002","9001",,2,"[2]",300,"Club Level",10,"Mobile Transfer ticket",13,"[PREMIUM]","[PREMIUM]","[PREMIUM]","[PREMIUM]",true,false,"['Third Row of Section','Clear view']","2026-09-15 15:44:38"
"14054857947","2026-09-15 23:55:19.696","2026-09-15 23:55:19.696","14054857947","160437151","[PREMIUM]","[PREMIUM]","107","1","9001_9003","9001",,3,"[3]",952,"Main Level",10,"Mobile Transfer ticket",13,"[PREMIUM]","[PREMIUM]","[PREMIUM]","[PREMIUM]",true,false,"['Front Row of Section','Clear view']","2026-09-15 22:04:05"
"14055341672","2026-09-15 23:55:19.385","2026-09-15 23:55:19.385","14055341672","160437151","[PREMIUM]","[PREMIUM]","WC123","41","9001_9004","9001",,4,"[1,2,4]",39378,"Main Level Accessible",10,"Mobile Transfer ticket",1,"[PREMIUM]","[PREMIUM]","[PREMIUM]","[PREMIUM]",true,false,"['Front Row of Section','Clear view']","2026-09-15 22:58:12"
"14035642207","2026-09-15 23:55:19.332","2026-09-15 23:55:19.332","14035642207","160437151","[PREMIUM]","[PREMIUM]","113","3","_",,,2,"[2]",952,"Main Level",10,"Mobile Transfer ticket",1,"[PREMIUM]","[PREMIUM]","[PREMIUM]","[PREMIUM]",true,false,"['Third Row of Section','Clear view']","2026-09-14 04:30:02"
"14035642245","2026-09-15 23:55:19.332","2026-09-22 00:06:46.554","14035642245","160437151","[PREMIUM]","[PREMIUM]","113","2","_",,,2,"[2]",952,"Main Level",10,"Mobile Transfer ticket",1,"[PREMIUM]","[PREMIUM]","[PREMIUM]","[PREMIUM]",true,false,"['Second Row of Section','Clear view']","2026-09-14 04:30:02"
"14049541788","2026-09-15 23:55:19.332","2026-09-15 23:55:19.332","14049541788","160437151","[PREMIUM]","[PREMIUM]","242","3","9001_9002","9001",,2,"[2]",300,"Club Level",10,"Mobile Transfer ticket",1,"[PREMIUM]","[PREMIUM]","[PREMIUM]","[PREMIUM]",true,false,"['Third Row of Section','Clear view']","2026-09-15 12:46:38"
"14025186446","2026-09-15 23:55:19.328","2026-09-28 05:18:33.484","14025186446","160437151","[PREMIUM]","[PREMIUM]","235","1","7_8","7",,2,"[2]",300,"Club Level",10,"Mobile Transfer ticket",1,"[PREMIUM]","[PREMIUM]","[PREMIUM]","[PREMIUM]",true,false,"['Front Row of Section','Clear view']","2026-09-13 02:39:23"
"14043492652","2026-09-15 23:55:19.328","2026-09-15 23:55:19.328","14043492652","160437151","[PREMIUM]","[PREMIUM]","233","2","9001_9002","9001",,2,"[2]",300,"Club Level",10,"Mobile Transfer ticket",1,"[PREMIUM]","[PREMIUM]","[PREMIUM]","[PREMIUM]",true,false,"['Second Row of Section','Clear view']","2026-09-14 22:30:34"
"14053897009","2026-09-15 23:55:19.328","2026-09-15 23:55:19.328","14053897009","160437151","[PREMIUM]","[PREMIUM]","242","7","9001_9006","9001",,6,"[1,2,3,4,6]",300,"Club Level",10,"Mobile Transfer ticket",1,"[PREMIUM]","[PREMIUM]","[PREMIUM]","[PREMIUM]",true,false,"['Clear view']","2026-09-15 19:59:31"
"14054942361","2026-09-15 23:55:19.328","2026-09-15 23:55:19.328","14054942361","160437151","[PREMIUM]","[PREMIUM]","105","1","_",,,2,"[2]",952,"Main Level",10,"Mobile Transfer ticket",1,"[PREMIUM]","[PREMIUM]","[PREMIUM]","[PREMIUM]",true,false,"['Front Row of Section','Clear view']","2026-09-15 22:13:28"
"14051808488","2026-09-15 23:55:18.989","2026-09-15 23:55:18.989","14051808488","160437151","[PREMIUM]","[PREMIUM]","215","2","9001_9002","9001",,2,"[2]",300,"Club Level",10,"Mobile Transfer ticket",13,"[PREMIUM]","[PREMIUM]","[PREMIUM]","[PREMIUM]",true,false,"['Second Row of Section','Clear view']","2026-09-15 16:12:33"
"14051805717","2026-09-15 23:55:18.989","2026-09-15 23:55:18.989","14051805717","160437151","[PREMIUM]","[PREMIUM]","106","2","9001_9002","9001",,2,"[2]",952,"Main Level",10,"Mobile Transfer ticket",13,"[PREMIUM]","[PREMIUM]","[PREMIUM]","[PREMIUM]",true,false,"['Second Row of Section','Clear view']","2026-09-15 16:12:14"
"14049971267","2026-09-15 23:55:18.988","2026-09-15 23:55:18.988","14049971267","160437151","[PREMIUM]","[PREMIUM]","217","8","9001_9002","9001",,2,"[2]",300,"Club Level",10,"Mobile Transfer ticket",13,"[PREMIUM]","[PREMIUM]","[PREMIUM]","[PREMIUM]",true,false,"['Clear view']","2026-09-15 13:27:25"
"14052234134","2026-09-15 23:55:18.988","2026-09-15 23:55:18.988","14052234134","160437151","[PREMIUM]","[PREMIUM]","412","D","99_100","99",,2,"[2]",5506,"Ring of Honor",10,"Mobile Transfer ticket",1,"[PREMIUM]","[PREMIUM]","[PREMIUM]","[PREMIUM]",true,false,"['Clear view']","2026-09-15 16:53:42"
"14051817995","2026-09-15 23:55:18.979","2026-09-15 23:55:18.979","14051817995","160437151","[PREMIUM]","[PREMIUM]","228","1","9001_9002","9001",,2,"[2]",300,"Club Level",10,"Mobile Transfer ticket",13,"[PREMIUM]","[PREMIUM]","[PREMIUM]","[PREMIUM]",true,false,"['Front Row of Section','Clear view']","2026-09-15 16:13:16"
"14054059659","2026-09-15 23:55:18.979","2026-09-15 23:55:18.979","14054059659","160437151","[PREMIUM]","[PREMIUM]","205","2","9001_9002","9001",,2,"[2]",300,"Club Level",10,"Mobile Transfer ticket",13,"[PREMIUM]","[PREMIUM]","[PREMIUM]","[PREMIUM]",true,false,"['Second Row of Section','Clear view']","2026-09-15 20:17:12"
"14055344902","2026-09-15 23:55:18.282","2026-09-15 23:55:18.282","14055344902","160437151","[PREMIUM]","[PREMIUM]","201","1","9001_9006","9001",,6,"[1,2,3,4,6]",300,"Club Level",10,"Mobile Transfer ticket",1,"[PREMIUM]","[PREMIUM]","[PREMIUM]","[PREMIUM]",true,false,"['Front Row of Section','Clear view']","2026-09-15 22:58:26"
"14055344831","2026-09-15 23:55:18.233","2026-09-15 23:55:18.233","14055344831","160437151","[PREMIUM]","[PREMIUM]","218","10","9001_9002","9001",,2,"[2]",300,"Club Level",10,"Mobile Transfer ticket",1,"[PREMIUM]","[PREMIUM]","[PREMIUM]","[PREMIUM]",true,false,"['Clear view']","2026-09-15 22:58:25"
"13759521962","2026-09-15 23:55:14.898","2026-09-15 23:55:14.898","13759521962","160417580","[PREMIUM]","[PREMIUM]","130","26","11_12","11","12",2,"[2]",594,"Lower",10,"Mobile Transfer ticket",1,"[PREMIUM]","[PREMIUM]","[PREMIUM]","[PREMIUM]",true,false,"['Clear view']","2026-08-21 20:23:20"
"14045181274","2026-09-15 23:55:01.073","2026-09-16 23:47:22.861","14045181274","160427051","[PREMIUM]","[PREMIUM]","419","7","_",,,6,"[1,2,4,6]",2443,"Upper Corner",10,"Mobile Transfer ticket",1,"[PREMIUM]","[PREMIUM]","[PREMIUM]","[PREMIUM]",true,false,"['Clear view']","2026-09-15 01:50:40"
"14052320149","2026-09-15 23:54:59.018","2026-09-15 23:54:59.018","14052320149","160427051","[PREMIUM]","[PREMIUM]","226","17","23_24","23","24",2,"[2]",3831,"Terrace Corner",10,"Mobile Transfer ticket",1,"[PREMIUM]","[PREMIUM]","[PREMIUM]","[PREMIUM]",true,false,"['Limited or Obstructed View (printed on ticket)']","2026-09-15 17:05:29"
"14054618155","2026-09-15 23:54:59.018","2026-09-15 23:54:59.018","14054618155","160427051","[PREMIUM]","[PREMIUM]","224","23","1_2","1","2",2,"[2]",7046,"Terrace Sideline",10,"Mobile Transfer ticket",1,"[PREMIUM]","[PREMIUM]","[PREMIUM]","[PREMIUM]",true,false,"['Limited or Obstructed View (printed on ticket)']","2026-09-15 21:33:01"
"14050779102","2026-09-15 23:54:58.600","2026-09-16 23:47:11.094","14050779102","160427051","[PREMIUM]","[PREMIUM]","213","23","24_29","24","29",6,"[1,2,3,4,6]",3831,"Terrace Corner",10,"Mobile Transfer ticket",1,"[PREMIUM]","[PREMIUM]","[PREMIUM]","[PREMIUM]",true,false,"['Limited or Obstructed View (printed on ticket)']","2026-09-15 14:47:14"
"14053671843","2026-09-15 23:54:58.439","2026-09-15 23:54:58.439","14053671843","160427051","[PREMIUM]","[PREMIUM]","214","21","11_12","11","12",2,"[2]",3831,"Terrace Corner",10,"Mobile Transfer ticket",1,"[PREMIUM]","[PREMIUM]","[PREMIUM]","[PREMIUM]",true,false,"['Limited or Obstructed View (printed on ticket)']","2026-09-15 19:38:35"
"14025186734","2026-09-15 23:54:56.952","2026-09-28 05:18:28.312","14025186734","160437151","[PREMIUM]","[PREMIUM]","234","4","13_14","13",,2,"[2]",300,"Club Level",10,"Mobile Transfer ticket",1,"[PREMIUM]","[PREMIUM]","[PREMIUM]","[PREMIUM]",true,false,"['Clear view']","2026-09-13 02:39:27"
"14052326951","2026-09-15 23:54:56.952","2026-09-15 23:54:56.952","14052326951","160437151","[PREMIUM]","[PREMIUM]","135","2","9001_9003","9001",,3,"[3]",952,"Main Level",10,"Mobile Transfer ticket",13,"[PREMIUM]","[PREMIUM]","[PREMIUM]","[PREMIUM]",true,false,"['Second Row of Section','Clear view']","2026-09-15 17:05:58"
"14050774672","2026-09-15 23:54:56.534","2026-09-19 00:08:20.912","14050774672","160436160","[PREMIUM]","[PREMIUM]","104","32","9001_9002","9001",,2,"[2]",11357,"100-Level",10,"Mobile Transfer ticket",1,"[PREMIUM]","[PREMIUM]","[PREMIUM]","[PREMIUM]",true,false,"['Clear view']","2026-09-15 14:46:48"
"14050774319","2026-09-15 23:54:55.606","2026-09-28 22:09:52.842","14050774319","160436160","[PREMIUM]","[PREMIUM]","104","37","9001_9002","9001",,2,"[2]",11357,"100-Level",10,"Mobile Transfer ticket",1,"[PREMIUM]","[PREMIUM]","[PREMIUM]","[PREMIUM]",true,false,"['Clear view']","2026-09-15 14:46:47"
"14050774414","2026-09-15 23:54:51.755","2026-09-28 22:09:52.896","14050774414","160436160","[PREMIUM]","[PREMIUM]","104","36","9001_9002","9001",,2,"[2]",11357,"100-Level",10,"Mobile Transfer ticket",1,"[PREMIUM]","[PREMIUM]","[PREMIUM]","[PREMIUM]",true,false,"['Clear view']","2026-09-15 14:46:47"
"14051059097","2026-09-15 23:54:49.058","2026-09-15 23:54:49.058","14051059097","160437151","[PREMIUM]","[PREMIUM]","442","A","9001_9002","9001",,2,"[2]",5506,"Ring of Honor",10,"Mobile Transfer ticket",13,"[PREMIUM]","[PREMIUM]","[PREMIUM]","[PREMIUM]",true,false,"['Front Row of Section','Clear view']","2026-09-15 15:12:24"
"14055616459","2026-09-15 23:54:43.536","2026-09-19 00:08:00.853","14055616459","160436160","[PREMIUM]","[PREMIUM]","103",,"998981750_998981751","998981750",,2,"[2]",11357,"100-Level",10,"Mobile Transfer ticket",1,"[PREMIUM]","[PREMIUM]","[PREMIUM]","[PREMIUM]",true,true,"['Clear view']","2026-09-15 23:36:19"
"14055227309","2026-09-15 23:54:43.174","2026-09-24 00:05:16.311","14055227309","160436160","[PREMIUM]","[PREMIUM]","115","30","7_8","7","8",2,"[1,2]",11357,"100-Level",10,"Mobile Transfer ticket",1,"[PREMIUM]","[PREMIUM]","[PREMIUM]","[PREMIUM]",true,false,"['Clear view']","2026-09-15 22:43:45"
"14049990897","2026-09-15 23:54:35.764","2026-09-28 22:09:52.528","14049990897","160436160","[PREMIUM]","[PREMIUM]","117","17","13_15","13",,3,"[1,3]",11357,"100-Level",10,"Mobile Transfer ticket",1,"[PREMIUM]","[PREMIUM]","[PREMIUM]","[PREMIUM]",true,false,"['Clear view']","2026-09-15 13:29:22"
"14054229702","2026-09-15 23:54:35.411","2026-09-15 23:54:35.411","14054229702","160436160","[PREMIUM]","[PREMIUM]","118","42","1_4","1",,4,"[1,2,4]",11357,"100-Level",10,"Mobile Transfer ticket",1,"[PREMIUM]","[PREMIUM]","[PREMIUM]","[PREMIUM]",true,false,"['Clear view']","2026-09-15 20:37:12"
"13997665423","2026-09-15 23:54:34.384","2026-09-15 23:58:25.318","13997665423","160436160","[PREMIUM]","[PREMIUM]","343","5","_",,,2,"[2]",13685,"300-Level",10,"Mobile Transfer ticket",1,"[PREMIUM]","[PREMIUM]","[PREMIUM]","[PREMIUM]",true,false,"['Third Row of Section','Clear view']","2026-09-10 22:13:18"
"13997665453","2026-09-15 23:54:34.384","2026-09-15 23:58:25.318","13997665453","160436160","[PREMIUM]","[PREMIUM]","343","7","_",,,4,"[1,2,3,4]",13685,"300-Level",10,"Mobile Transfer ticket",1,"[PREMIUM]","[PREMIUM]","[PREMIUM]","[PREMIUM]",true,false,"['Clear view']","2026-09-10 22:13:18"
"13997665824","2026-09-15 23:54:29.611","2026-09-15 23:54:29.611","13997665824","160436160","[PREMIUM]","[PREMIUM]","317","6","_",,,2,"[2]",13685,"300-Level",10,"Mobile Transfer ticket",1,"[PREMIUM]","[PREMIUM]","[PREMIUM]","[PREMIUM]",true,false,"['Clear view']","2026-09-10 22:13:19"
"13997665821","2026-09-15 23:54:29.611","2026-09-16 23:49:31.616","13997665821","160436160","[PREMIUM]","[PREMIUM]","317","7","_",,,2,"[2]",13685,"300-Level",10,"Mobile Transfer ticket",1,"[PREMIUM]","[PREMIUM]","[PREMIUM]","[PREMIUM]",true,false,"['Clear view']","2026-09-10 22:13:19"
"14054230210","2026-09-15 23:54:20.955","2026-09-15 23:56:12.167","14054230210","160436160","[PREMIUM]","[PREMIUM]","301","14","24_27","24",,4,"[1,2,4]",13685,"300-Level",10,"Mobile Transfer ticket",1,"[PREMIUM]","[PREMIUM]","[PREMIUM]","[PREMIUM]",true,false,"['Clear view']","2026-09-15 20:37:16"
"14054229682","2026-09-15 23:54:20.955","2026-09-15 23:56:12.167","14054229682","160436160","[PREMIUM]","[PREMIUM]","319","16","10_11","10",,2,"[2]",13685,"300-Level",10,"Mobile Transfer ticket",1,"[PREMIUM]","[PREMIUM]","[PREMIUM]","[PREMIUM]",true,false,"['Clear view']","2026-09-15 20:37:12"
"14054230213","2026-09-15 23:54:20.955","2026-09-15 23:56:12.167","14054230213","160436160","[PREMIUM]","[PREMIUM]","320","14","8_11","8",,4,"[1,2,4]",13685,"300-Level",10,"Mobile Transfer ticket",1,"[PREMIUM]","[PREMIUM]","[PREMIUM]","[PREMIUM]",true,false,"['Clear view']","2026-09-15 20:37:16"
"14049441286","2026-09-15 23:54:20.205","2026-09-16 23:49:10.049","14049441286","160436160","[PREMIUM]","[PREMIUM]","321","13","_",,,2,"[2]",13685,"300-Level",10,"Mobile Transfer ticket",1,"[PREMIUM]","[PREMIUM]","[PREMIUM]","[PREMIUM]",true,false,"['Clear view']","2026-09-15 12:35:16"
"14055299715","2026-09-15 23:54:19.885","2026-09-19 00:07:05.893","14055299715","160436160","[PREMIUM]","[PREMIUM]","331","14","_",,,2,"[2]",13685,"300-Level",10,"Mobile Transfer ticket",1,"[PREMIUM]","[PREMIUM]","[PREMIUM]","[PREMIUM]",true,false,"['Clear view']","2026-09-15 22:52:37"
"14043917853","2026-09-15 23:54:18.951","2026-09-16 23:48:12.846","14043917853","160436160","[PREMIUM]","[PREMIUM]","131","7","3_4","3","4",2,"[2]",11357,"100-Level",10,"Mobile Transfer ticket",1,"[PREMIUM]","[PREMIUM]","[PREMIUM]","[PREMIUM]",true,false,"['Clear view']","2026-09-14 23:23:25"
"14045837665","2026-09-15 23:54:18.951","2026-09-15 23:57:30.788","14045837665","160436160","[PREMIUM]","[PREMIUM]","313","16","_",,,2,"[2]",13685,"300-Level",10,"Mobile Transfer ticket",1,"[PREMIUM]","[PREMIUM]","[PREMIUM]","[PREMIUM]",true,false,"['Clear view']","2026-09-15 03:07:12"
"14047385949","2026-09-15 23:54:18.951","2026-09-16 23:48:12.846","14047385949","160436160","[PREMIUM]","[PREMIUM]","329",,"998982245_998982246","998982245",,2,"[2]",13685,"300-Level",10,"Mobile Transfer ticket",1,"[PREMIUM]","[PREMIUM]","[PREMIUM]","[PREMIUM]",true,true,"['Clear view']","2026-09-15 06:55:07"
"14043421195","2026-09-15 23:54:17.687","2026-09-15 23:54:17.687","14043421195","160426601","[PREMIUM]","[PREMIUM]","C235","1","_",,,2,"[2]",8379,"Club Main",10,"Mobile Transfer ticket",1,"[PREMIUM]","[PREMIUM]","[PREMIUM]","[PREMIUM]",true,false,"['Front Row of Section','Clear view']","2026-09-14 22:24:09"
"14055227313","2026-09-15 23:54:16.711","2026-09-23 23:55:34.637","14055227313","160436168","[PREMIUM]","[PREMIUM]","115","30","7_8","7","8",2,"[1,2]",11357,"100-Level",10,"Mobile Transfer ticket",1,"[PREMIUM]","[PREMIUM]","[PREMIUM]","[PREMIUM]",true,false,"['Clear view']","2026-09-15 22:43:45"
"14035524410","2026-09-15 23:53:58.059","2026-09-18 00:24:38.534","14035524410","160437151","[PREMIUM]","[PREMIUM]","426","B","9001_9003","9001",,3,"[1,3]",5506,"Ring of Honor",10,"Mobile Transfer ticket",1,"[PREMIUM]","[PREMIUM]","[PREMIUM]","[PREMIUM]",true,false,"['Second Row of Section','Clear view']","2026-09-14 04:18:06"
"14049974493","2026-09-15 23:53:58.059","2026-09-15 23:53:58.059","14049974493","160437151","[PREMIUM]","[PREMIUM]","426","A","9001_9002","9001",,2,"[2]",5506,"Ring of Honor",10,"Mobile Transfer ticket",13,"[PREMIUM]","[PREMIUM]","[PREMIUM]","[PREMIUM]",true,false,"['Front Row of Section','Clear view']","2026-09-15 13:27:44"
"14044875076","2026-09-15 23:53:54.873","2026-09-28 05:24:30.794","14044875076","160436168","[PREMIUM]","[PREMIUM]","105","4","5_6","5",,2,"[2]",11357,"100-Level",10,"Mobile Transfer ticket",1,"[PREMIUM]","[PREMIUM]","[PREMIUM]","[PREMIUM]",true,false,"['Second Row of Section','Clear view']","2026-09-15 01:24:17"
"14054922252","2026-09-15 23:53:53.656","2026-09-15 23:53:53.656","14054922252","160437151","[PREMIUM]","[PREMIUM]","445","1","_",,,2,"[2]",1771,"Terrace Level",10,"Mobile Transfer ticket",1,"[PREMIUM]","[PREMIUM]","[PREMIUM]","[PREMIUM]",true,false,"['Clear view']","2026-09-15 22:11:45"
"13317851922","2026-09-15 23:53:51.750","2026-09-28 05:24:29.471","13317851922","160436168","[PREMIUM]","[PREMIUM]","104","31","11_12","11","12",2,"[2]",11357,"100-Level",10,"Mobile Transfer ticket",1,"[PREMIUM]","[PREMIUM]","[PREMIUM]","[PREMIUM]",true,false,"['Clear view']","2026-07-10 18:32:17"
"14052080723","2026-09-15 23:53:47.759","2026-09-18 00:26:06.847","14052080723","160436168","[PREMIUM]","[PREMIUM]","122","19","_",,,2,"[2]",11357,"100-Level",10,"Mobile Transfer ticket",14,"[PREMIUM]","[PREMIUM]","[PREMIUM]","[PREMIUM]",true,false,"['Clear view']","2026-09-15 16:37:28"
"13317853853","2026-09-15 23:53:37.747","2026-09-24 22:32:06.869","13317853853","160436168","[PREMIUM]","[PREMIUM]","117","32","20_23","20","23",4,"[1,2,4]",11357,"100-Level",10,"Mobile Transfer ticket",1,"[PREMIUM]","[PREMIUM]","[PREMIUM]","[PREMIUM]",true,false,"['Clear view']","2026-07-10 18:32:27"
"14034639913","2026-09-15 23:53:34.230","2026-09-15 23:53:34.230","14034639913","160426601","[PREMIUM]","[PREMIUM]","C111","5","_",,,2,"[2]",8378,"Club Hall of Fame",10,"Mobile Transfer ticket",1,"[PREMIUM]","[PREMIUM]","[PREMIUM]","[PREMIUM]",true,false,"['Second Row of Section','Clear view']","2026-09-14 01:43:00"
"13707344637","2026-09-15 23:53:32.872","2026-09-15 23:53:32.872","13707344637","160426601","[PREMIUM]","[PREMIUM]","C111","6","9001_9002","9001",,2,"[2]",8378,"Club Hall of Fame",10,"Mobile Transfer ticket",1,"[PREMIUM]","[PREMIUM]","[PREMIUM]","[PREMIUM]",true,false,"['Third Row of Section','Clear view']","2026-08-17 20:35:25"
"14011276235","2026-09-15 23:53:32.204","2026-09-20 00:19:11.004","14011276235","160436168","[PREMIUM]","[PREMIUM]","121",,"998982446_998982449","998982446",,2,"[2]",11357,"100-Level",10,"Mobile Transfer ticket",1,"[PREMIUM]","[PREMIUM]","[PREMIUM]","[PREMIUM]",true,true,"['Clear view']","2026-09-11 22:35:01"
"14052854768","2026-09-15 23:53:30.201","2026-09-15 23:53:30.201","14052854768","160417580","[PREMIUM]","[PREMIUM]","532","18","1_5","1","5",5,"[1,2,3,5]",407,"Upper",10,"Mobile Transfer ticket",1,"[PREMIUM]","[PREMIUM]","[PREMIUM]","[PREMIUM]",true,false,"['Clear view']","2026-09-15 18:07:21"
"14011272770","2026-09-15 23:53:28.066","2026-09-20 00:18:20.185","14011272770","160436168","[PREMIUM]","[PREMIUM]","133",,"998982498_998982501","998982498",,2,"[2]",11357,"100-Level",10,"Mobile Transfer ticket",1,"[PREMIUM]","[PREMIUM]","[PREMIUM]","[PREMIUM]",true,true,"['Clear view']","2026-09-11 22:34:48"
"14011272815","2026-09-15 23:53:27.369","2026-09-16 23:54:45.955","14011272815","160436168","[PREMIUM]","[PREMIUM]","115",,"998982416_998982419","998982416",,2,"[2]",11357,"100-Level",10,"Mobile Transfer ticket",1,"[PREMIUM]","[PREMIUM]","[PREMIUM]","[PREMIUM]",true,true,"['Clear view']","2026-09-11 22:34:48"
"14045733768","2026-09-15 23:53:26.322","2026-09-24 22:32:05.911","14045733768","160436168","[PREMIUM]","[PREMIUM]","205","2","21_22","21",,2,"[2]",11358,"200-Level",10,"Mobile Transfer ticket",1,"[PREMIUM]","[PREMIUM]","[PREMIUM]","[PREMIUM]",true,false,"['Second Row of Section','Clear view']","2026-09-15 02:55:16"
"14049387266","2026-09-15 23:53:24.272","2026-09-18 00:28:38.023","14049387266","160426601","[PREMIUM]","[PREMIUM]","C132","21","5_6","5",,2,"[2]",8378,"Club Hall of Fame",10,"Mobile Transfer ticket",1,"[PREMIUM]","[PREMIUM]","[PREMIUM]","[PREMIUM]",true,false,"['Clear view']","2026-09-15 12:29:48"
"14052082021","2026-09-15 23:53:23.307","2026-09-16 23:53:38.011","14052082021","160436168","[PREMIUM]","[PREMIUM]","315","16","_",,,2,"[2]",13685,"300-Level",10,"Mobile Transfer ticket",14,"[PREMIUM]","[PREMIUM]","[PREMIUM]","[PREMIUM]",true,false,"['Clear view']","2026-09-15 16:37:31"
"14011272824","2026-09-15 23:53:22.143","2026-09-20 00:16:53.765","14011272824","160436168","[PREMIUM]","[PREMIUM]","324",,"998982822_998982825","998982822",,2,"[2]",13685,"300-Level",10,"Mobile Transfer ticket",1,"[PREMIUM]","[PREMIUM]","[PREMIUM]","[PREMIUM]",true,true,"['Clear view']","2026-09-11 22:34:48"
"14039905490","2026-09-15 23:53:17.396","2026-09-28 05:05:30.807","14039905490","160426601","[PREMIUM]","[PREMIUM]","C213","3","12_12","12",,1,"[1]",8379,"Club Main",10,"Mobile Transfer ticket",1,"[PREMIUM]","[PREMIUM]","[PREMIUM]","[PREMIUM]",false,false,"['Third Row of Section','Clear view']","2026-09-14 15:35:37"
"14049395567","2026-09-15 23:53:17.396","2026-09-28 05:05:30.807","14049395567","160426601","[PREMIUM]","[PREMIUM]","C114","18","7_8","7",,2,"[2]",8378,"Club Hall of Fame",10,"Mobile Transfer ticket",1,"[PREMIUM]","[PREMIUM]","[PREMIUM]","[PREMIUM]",true,false,"['Clear view']","2026-09-15 12:30:40"
"14039905505","2026-09-15 23:53:16.958","2026-09-28 05:05:30.688","14039905505","160426601","[PREMIUM]","[PREMIUM]","C238","2","15_16","15",,2,"[2]",8379,"Club Main",10,"Mobile Transfer ticket",1,"[PREMIUM]","[PREMIUM]","[PREMIUM]","[PREMIUM]",true,false,"['Second Row of Section','Clear view']","2026-09-14 15:35:37"
"14053109075","2026-09-15 23:53:16.958","2026-09-15 23:53:16.958","14053109075","160426601","[PREMIUM]","[PREMIUM]","103","5","9001_9002","9001",,2,"[2]",835,"Hall of Fame",10,"Mobile Transfer ticket",13,"[PREMIUM]","[PREMIUM]","[PREMIUM]","[PREMIUM]",true,false,"['Clear view']","2026-09-15 18:36:43"
"14052081240","2026-09-15 23:53:13.458","2026-09-15 23:53:13.458","14052081240","160436168","[PREMIUM]","[PREMIUM]","317","12","_",,,5,"[1,3,5]",13685,"300-Level",10,"Mobile Transfer ticket",14,"[PREMIUM]","[PREMIUM]","[PREMIUM]","[PREMIUM]",true,false,"['Clear view']","2026-09-15 16:37:29"
"12701831752","2026-09-15 23:53:05.918","2026-09-21 00:11:46.609","12701831752","160426601","[PREMIUM]","[PREMIUM]","C137","7","9_10","9","10",2,"[2]",8378,"Club Hall of Fame",10,"Mobile Transfer ticket",1,"[PREMIUM]","[PREMIUM]","[PREMIUM]","[PREMIUM]",true,false,"['Clear view']","2026-05-15 20:05:48"
"14049764600","2026-09-15 23:53:03.817","2026-09-22 23:53:14.052","14049764600","160426601","[PREMIUM]","[PREMIUM]","426","1","9001_9008","9001",,8,"[1,2,3,4,5,6,7,8]",1706,"Upper Concourse",10,"Mobile Transfer ticket",13,"[PREMIUM]","[PREMIUM]","[PREMIUM]","[PREMIUM]",true,false,"['Limited or Obstructed View (printed on ticket)','Front Row of Section']","2026-09-15 13:06:06"
"14033869595","2026-09-15 23:52:57.516","2026-09-16 23:46:02.442","14033869595","160426601","[PREMIUM]","[PREMIUM]","330","3","_",,,2,"[2]",507,"Mezzanine",10,"Mobile Transfer ticket",1,"[PREMIUM]","[PREMIUM]","[PREMIUM]","[PREMIUM]",true,false,"['Third Row of Section','Clear view']","2026-09-13 23:46:16"
"14052080739","2026-09-15 23:52:56.219","2026-09-24 22:31:47.050","14052080739","160436168","[PREMIUM]","[PREMIUM]","306","13","_",,,4,"[2,4]",13685,"300-Level",10,"Mobile Transfer ticket",14,"[PREMIUM]","[PREMIUM]","[PREMIUM]","[PREMIUM]",true,false,"['Clear view']","2026-09-15 16:37:28"
"14052257258","2026-09-15 23:52:40.734","2026-09-15 23:52:40.734","14052257258","160427051","[PREMIUM]","[PREMIUM]","222","8","_",,,2,"[2]",7046,"Terrace Sideline",10,"Mobile Transfer ticket",1,"[PREMIUM]","[PREMIUM]","[PREMIUM]","[PREMIUM]",true,false,"['Clear view']","2026-09-15 16:56:54"
"14050776197","2026-09-15 23:52:40.734","2026-09-28 05:21:21.419","14050776197","160427051","[PREMIUM]","[PREMIUM]","335","9","_",,,2,"[2]",1724,"Club",10,"Mobile Transfer ticket",1,"[PREMIUM]","[PREMIUM]","[PREMIUM]","[PREMIUM]",true,false,"['Clear view']","2026-09-15 14:46:55"
"14050773508","2026-09-15 23:52:40.734","2026-09-28 05:21:21.419","14050773508","160427051","[PREMIUM]","[PREMIUM]","329","9","_",,,2,"[2]",1724,"Club",10,"Mobile Transfer ticket",1,"[PREMIUM]","[PREMIUM]","[PREMIUM]","[PREMIUM]",true,false,"['Clear view']","2026-09-15 14:46:43"
"14039111023","2026-09-15 23:52:39.881","2026-09-28 05:05:26.366","14039111023","160426601","[PREMIUM]","[PREMIUM]","129","13","1_1","1",,1,"[1]",835,"Hall of Fame",10,"Mobile Transfer ticket",1,"[PREMIUM]","[PREMIUM]","[PREMIUM]","[PREMIUM]",false,false,"['Clear view']","2026-09-14 13:59:36"
"14041950110","2026-09-15 23:52:39.881","2026-09-15 23:52:39.881","14041950110","160426601","[PREMIUM]","[PREMIUM]","413","2","_",,,2,"[2]",1706,"Upper Concourse",10,"Mobile Transfer ticket",1,"[PREMIUM]","[PREMIUM]","[PREMIUM]","[PREMIUM]",true,false,"['Second Row of Section','Clear view']","2026-09-14 19:30:17"
"14049923283","2026-09-15 23:52:35.924","2026-09-15 23:57:09.960","14049923283","160427051","[PREMIUM]","[PREMIUM]","106","6","_",,,2,"[2]",594,"Lower",10,"Mobile Transfer ticket",1,"[PREMIUM]","[PREMIUM]","[PREMIUM]","[PREMIUM]",true,false,"['Clear view']","2026-09-15 13:23:08"
"13531775871","2026-09-15 23:52:34.743","2026-09-28 05:05:25.644","13531775871","160426601","[PREMIUM]","[PREMIUM]","230","5","5_6","5",,2,"[2]",4107,"Main",10,"Mobile Transfer ticket",1,"[PREMIUM]","[PREMIUM]","[PREMIUM]","[PREMIUM]",true,false,"['Clear view']","2026-07-31 21:53:22"
"14049923290","2026-09-15 23:52:34.503","2026-09-15 23:57:02.345","14049923290","160427051","[PREMIUM]","[PREMIUM]","222","11","_",,,2,"[2]",7046,"Terrace Sideline",10,"Mobile Transfer ticket",1,"[PREMIUM]","[PREMIUM]","[PREMIUM]","[PREMIUM]",true,false,"['Clear view']","2026-09-15 13:23:08"
"14054229602","2026-09-15 23:52:34.361","2026-09-15 23:52:34.361","14054229602","160427051","[PREMIUM]","[PREMIUM]","125","5","_",,,2,"[2]",594,"Lower",10,"Mobile Transfer ticket",1,"[PREMIUM]","[PREMIUM]","[PREMIUM]","[PREMIUM]",true,false,"['Clear view']","2026-09-15 20:37:12"
"14045406973","2026-09-15 23:52:34.207","2026-09-19 00:04:03.818","14045406973","160426601","[PREMIUM]","[PREMIUM]","119","13","11_12","11",,2,"[2]",835,"Hall of Fame",10,"Mobile Transfer ticket",1,"[PREMIUM]","[PREMIUM]","[PREMIUM]","[PREMIUM]",true,false,"['Clear view']","2026-09-15 02:18:48"
"14033434956","2026-09-15 23:52:34.162","2026-09-15 23:52:34.162","14033434956","160426601","[PREMIUM]","[PREMIUM]","441","2","_",,,2,"[2]",1706,"Upper Concourse",10,"Mobile Transfer ticket",1,"[PREMIUM]","[PREMIUM]","[PREMIUM]","[PREMIUM]",true,false,"['Second Row of Section','Clear view']","2026-09-13 22:50:46"
"14053108370","2026-09-15 23:52:33.695","2026-09-15 23:56:03.179","14053108370","160427051","[PREMIUM]","[PREMIUM]","223","14","14_15","14","15",2,"[2]",7046,"Terrace Sideline",10,"Mobile Transfer ticket",1,"[PREMIUM]","[PREMIUM]","[PREMIUM]","[PREMIUM]",true,false,"['Limited or Obstructed View (printed on ticket)']","2026-09-15 18:36:38"
"12839493975","2026-09-15 23:52:32.968","2026-09-28 05:05:23.748","12839493975","160426601","[PREMIUM]","[PREMIUM]","127","13","19_21","19",,3,"[1,3]",835,"Hall of Fame",10,"Mobile Transfer ticket",14,"[PREMIUM]","[PREMIUM]","[PREMIUM]","[PREMIUM]",true,false,"['Clear view']","2026-05-27 21:26:58"
"13595914593","2026-09-15 23:52:32.968","2026-09-28 05:05:15.661","13595914593","160426601","[PREMIUM]","[PREMIUM]","102","11","3_4","3","4",2,"[2]",835,"Hall of Fame",10,"Mobile Transfer ticket",1,"[PREMIUM]","[PREMIUM]","[PREMIUM]","[PREMIUM]",true,false,"['Clear view']","2026-08-06 16:36:35"
"14044463369","2026-09-15 23:52:32.713","2026-09-15 23:56:10.355","14044463369","160427051","[PREMIUM]","[PREMIUM]","222","15","9_11","9","11",3,"[1,3]",7046,"Terrace Sideline",10,"Mobile Transfer ticket",1,"[PREMIUM]","[PREMIUM]","[PREMIUM]","[PREMIUM]",true,false,"['Limited or Obstructed View (printed on ticket)']","2026-09-15 00:37:58"
"14045953550","2026-09-15 23:52:32.713","2026-09-16 23:47:46.835","14045953550","160427051","[PREMIUM]","[PREMIUM]","222","21","5_10","5","10",6,"[1,2,3,4,6]",7046,"Terrace Sideline",10,"Mobile Transfer ticket",1,"[PREMIUM]","[PREMIUM]","[PREMIUM]","[PREMIUM]",true,false,"['Limited or Obstructed View (printed on ticket)']","2026-09-15 03:23:26"
"14047023977","2026-09-15 23:52:32.713","2026-09-15 23:56:10.355","14047023977","160427051","[PREMIUM]","[PREMIUM]","222","14","11_12","11","12",2,"[2]",7046,"Terrace Sideline",10,"Mobile Transfer ticket",1,"[PREMIUM]","[PREMIUM]","[PREMIUM]","[PREMIUM]",true,false,"['Limited or Obstructed View (printed on ticket)']","2026-09-15 05:48:59"
"14047023880","2026-09-15 23:52:32.713","2026-09-16 23:47:46.835","14047023880","160427051","[PREMIUM]","[PREMIUM]","222","22","7_14","7","14",8,"[1,2,3,4,5,6,8]",7046,"Terrace Sideline",10,"Mobile Transfer ticket",1,"[PREMIUM]","[PREMIUM]","[PREMIUM]","[PREMIUM]",true,false,"['Limited or Obstructed View (printed on ticket)']","2026-09-15 05:48:59"
"14049843218","2026-09-15 23:52:32.713","2026-09-15 23:52:32.713","14049843218","160427051","[PREMIUM]","[PREMIUM]","222","23","23_24","23","24",2,"[2]",7046,"Terrace Sideline",10,"Mobile Transfer ticket",1,"[PREMIUM]","[PREMIUM]","[PREMIUM]","[PREMIUM]",true,false,"['Limited or Obstructed View (printed on ticket)']","2026-09-15 13:12:02"
"14053950046","2026-09-15 23:52:32.713","2026-09-15 23:56:10.355","14053950046","160427051","[PREMIUM]","[PREMIUM]","222","18","1_6","1","6",6,"[1,2,3,4,6]",7046,"Terrace Sideline",10,"Mobile Transfer ticket",1,"[PREMIUM]","[PREMIUM]","[PREMIUM]","[PREMIUM]",true,false,"['Limited or Obstructed View (printed on ticket)']","2026-09-15 20:04:55"
"14054229564","2026-09-15 23:52:32.379","2026-09-15 23:57:00.518","14054229564","160427051","[PREMIUM]","[PREMIUM]","124","11","_",,,2,"[2]",594,"Lower",10,"Mobile Transfer ticket",1,"[PREMIUM]","[PREMIUM]","[PREMIUM]","[PREMIUM]",true,false,"['Clear view']","2026-09-15 20:37:11"
"13447814558","2026-09-15 23:52:31.180","2026-09-22 00:01:01.190","13447814558","160427051","[PREMIUM]","[PREMIUM]","117","24","_",,,5,"[1,2,3,5]",594,"Lower",10,"Mobile Transfer ticket",1,"[PREMIUM]","[PREMIUM]","[PREMIUM]","[PREMIUM]",true,false,"['Clear view']","2026-07-23 16:10:46"
"14039111642","2026-09-15 23:52:30.422","2026-09-28 05:05:26.366","14039111642","160426601","[PREMIUM]","[PREMIUM]","412","2","7_7","7",,1,"[1]",1706,"Upper Concourse",10,"Mobile Transfer ticket",1,"[PREMIUM]","[PREMIUM]","[PREMIUM]","[PREMIUM]",false,false,"['Actual 2nd row of section','Home Side','Clear view']","2026-09-14 13:59:40"
"14045074394","2026-09-15 23:52:29.954","2026-09-16 23:47:24.733","14045074394","160427051","[PREMIUM]","[PREMIUM]","224","14","11_12","11","12",2,"[2]",7046,"Terrace Sideline",10,"Mobile Transfer ticket",1,"[PREMIUM]","[PREMIUM]","[PREMIUM]","[PREMIUM]",true,false,"['Limited or Obstructed View (printed on ticket)']","2026-09-15 01:41:39"
"14049348823","2026-09-15 23:52:29.954","2026-09-15 23:54:59.355","14049348823","160427051","[PREMIUM]","[PREMIUM]","218","15","7_10","7","10",4,"[1,2,4]",7046,"Terrace Sideline",10,"Mobile Transfer ticket",1,"[PREMIUM]","[PREMIUM]","[PREMIUM]","[PREMIUM]",true,false,"['Limited or Obstructed View (printed on ticket)']","2026-09-15 12:24:44"
"14051317840","2026-09-15 23:52:29.234","2026-09-15 23:52:29.234","14051317840","160426601","[PREMIUM]","[PREMIUM]","409","2","9001_9002","9001",,2,"[2]",1706,"Upper Concourse",11,"Mobile ticket",1,"[PREMIUM]","[PREMIUM]","[PREMIUM]","[PREMIUM]",true,false,"['Second Row of Section','Clear view']","2026-09-15 15:35:45"
"14054229565","2026-09-15 23:51:57.295","2026-09-15 23:51:57.295","14054229565","160427051","[PREMIUM]","[PREMIUM]","124","25","_",,,2,"[2]",594,"Lower",10,"Mobile Transfer ticket",1,"[PREMIUM]","[PREMIUM]","[PREMIUM]","[PREMIUM]",true,false,"['Clear view']","2026-09-15 20:37:11"
"12837277153","2026-09-15 23:51:55.486","2026-09-28 05:21:14.745","12837277153","160427051","[PREMIUM]","[PREMIUM]","111","7","_",,,3,"[1,3]",594,"Lower",10,"Mobile Transfer ticket",1,"[PREMIUM]","[PREMIUM]","[PREMIUM]","[PREMIUM]",true,false,"['Clear view']","2026-05-27 17:59:12"
"13602737037","2026-09-15 23:51:54.108","2026-09-28 05:21:14.061","13602737037","160427051","[PREMIUM]","[PREMIUM]","111","8","_",,,10,"[1,2,3,4,5,6,8,10]",594,"Lower",10,"Mobile Transfer ticket",14,"[PREMIUM]","[PREMIUM]","[PREMIUM]","[PREMIUM]",true,false,"['Clear view']","2026-08-07 11:54:49"
"14051061542","2026-09-15 23:51:49.441","2026-09-15 23:51:49.441","14051061542","160426601","[PREMIUM]","[PREMIUM]","441","3","9001_9004","9001",,4,"[4]",1706,"Upper Concourse",10,"Mobile Transfer ticket",13,"[PREMIUM]","[PREMIUM]","[PREMIUM]","[PREMIUM]",true,false,"['Third Row of Section','Clear view']","2026-09-15 15:12:42"
"14051641875","2026-09-15 23:51:49.441","2026-09-15 23:51:49.441","14051641875","160426601","[PREMIUM]","[PREMIUM]","441","5","_",,,2,"[2]",1706,"Upper Concourse",10,"Mobile Transfer ticket",1,"[PREMIUM]","[PREMIUM]","[PREMIUM]","[PREMIUM]",true,false,"['Clear view']","2026-09-15 15:57:21"
"14049375158","2026-09-15 23:51:47.578","2026-09-26 05:05:25.830","14049375158","160426601","[PREMIUM]","[PREMIUM]","303","2","17_17","17",,1,"[1]",507,"Mezzanine",10,"Mobile Transfer ticket",1,"[PREMIUM]","[PREMIUM]","[PREMIUM]","[PREMIUM]",false,false,"['Second Row of Section','Clear view']","2026-09-15 12:27:43"
"14048818356","2026-09-15 23:51:47.578","2026-09-15 23:52:31.427","14048818356","160426601","[PREMIUM]","[PREMIUM]","230","7","1003_1004","1003","1004",2,"[2]",4107,"Main",10,"Mobile Transfer ticket",1,"[PREMIUM]","[PREMIUM]","[PREMIUM]","[PREMIUM]",true,false,"['Clear view']","2026-09-15 11:04:59"
"13531660046","2026-09-15 23:51:47.106","2026-09-23 23:33:10.343","13531660046","160426601","[PREMIUM]","[PREMIUM]","144","18","5_6","5",,2,"[2]",835,"Hall of Fame",10,"Mobile Transfer ticket",1,"[PREMIUM]","[PREMIUM]","[PREMIUM]","[PREMIUM]",true,false,"['Clear view']","2026-07-31 21:41:53"
"14048818489","2026-09-15 23:51:46.987","2026-09-15 23:56:05.519","14048818489","160417580","[PREMIUM]","[PREMIUM]","128","8","1015_1016","1015","1016",2,"[2]",594,"Lower",10,"Mobile Transfer ticket",1,"[PREMIUM]","[PREMIUM]","[PREMIUM]","[PREMIUM]",true,false,"['Clear view']","2026-09-15 11:05:02"
"14048818509","2026-09-15 23:51:46.987","2026-09-15 23:51:46.987","14048818509","160417580","[PREMIUM]","[PREMIUM]","129","5","1017_1018","1017","1018",2,"[2]",594,"Lower",10,"Mobile Transfer ticket",1,"[PREMIUM]","[PREMIUM]","[PREMIUM]","[PREMIUM]",true,false,"['Clear view']","2026-09-15 11:05:02"
"14055421076","2026-09-15 23:51:46.214","2026-09-18 00:17:45.794","14055421076","160427051","[PREMIUM]","[PREMIUM]","419","1","_",,,4,"[2,4]",2443,"Upper Corner",10,"Mobile Transfer ticket",1,"[PREMIUM]","[PREMIUM]","[PREMIUM]","[PREMIUM]",true,false,"['Front Row of Section','Clear view']","2026-09-15 23:07:46"
"14044541048","2026-09-15 23:51:45.847","2026-09-20 00:16:39.355","14044541048","160427051","[PREMIUM]","[PREMIUM]","111","21","_",,,6,"[1,2,4,6]",594,"Lower",10,"Mobile Transfer ticket",14,"[PREMIUM]","[PREMIUM]","[PREMIUM]","[PREMIUM]",true,false,"['Clear view']","2026-09-15 00:48:55"
"14054455350","2026-09-15 23:51:45.847","2026-09-15 23:55:02.432","14054455350","160427051","[PREMIUM]","[PREMIUM]","218","14","14_15","14","15",2,"[2]",7046,"Terrace Sideline",10,"Mobile Transfer ticket",1,"[PREMIUM]","[PREMIUM]","[PREMIUM]","[PREMIUM]",true,false,"['Limited or Obstructed View (printed on ticket)']","2026-09-15 21:03:32"
"14020118048","2026-09-15 23:51:40.792","2026-09-20 00:16:36.314","14020118048","160427051","[PREMIUM]","[PREMIUM]","134","28","_",,,2,"[2]",594,"Lower",10,"Mobile Transfer ticket",14,"[PREMIUM]","[PREMIUM]","[PREMIUM]","[PREMIUM]",true,false,"['Clear view']","2026-09-12 15:42:59"
"14044541068","2026-09-15 23:51:40.792","2026-09-16 23:47:41.758","14044541068","160427051","[PREMIUM]","[PREMIUM]","113","26","_",,,4,"[2,4]",594,"Lower",10,"Mobile Transfer ticket",14,"[PREMIUM]","[PREMIUM]","[PREMIUM]","[PREMIUM]",true,false,"['Clear view']","2026-09-15 00:48:55"
"14051069392","2026-09-15 23:51:40.792","2026-09-15 23:55:01.904","14051069392","160427051","[PREMIUM]","[PREMIUM]","403","5","5_6","5","6",2,"[2]",2442,"Upper Sideline",10,"Mobile Transfer ticket",1,"[PREMIUM]","[PREMIUM]","[PREMIUM]","[PREMIUM]",true,false,"['Clear view']","2026-09-15 15:14:18"
"14055680444","2026-09-15 23:51:40.792","2026-09-15 23:55:50.764","14055680444","160427051","[PREMIUM]","[PREMIUM]","217","14","1_7","1","7",7,"[1,2,3,4,5,7]",3831,"Terrace Corner",10,"Mobile Transfer ticket",1,"[PREMIUM]","[PREMIUM]","[PREMIUM]","[PREMIUM]",true,false,"['Limited or Obstructed View (printed on ticket)']","2026-09-15 23:43:57"
"14045181017","2026-09-15 23:51:38.870","2026-09-16 23:47:23.925","14045181017","160427051","[PREMIUM]","[PREMIUM]","419","2","_",,,6,"[1,2,4,6]",2443,"Upper Corner",10,"Mobile Transfer ticket",1,"[PREMIUM]","[PREMIUM]","[PREMIUM]","[PREMIUM]",true,false,"['Second Row of Section','Clear view']","2026-09-15 01:50:39"
"14053108372","2026-09-15 23:51:38.870","2026-09-15 23:51:38.870","14053108372","160427051","[PREMIUM]","[PREMIUM]","225","14","1_7","1","7",7,"[1,2,3,4,5,7]",7046,"Terrace Sideline",10,"Mobile Transfer ticket",1,"[PREMIUM]","[PREMIUM]","[PREMIUM]","[PREMIUM]",true,false,"['Limited or Obstructed View (printed on ticket)']","2026-09-15 18:36:38"
"14054341438","2026-09-15 23:51:38.434","2026-09-15 23:51:38.434","14054341438","160427051","[PREMIUM]","[PREMIUM]","419","7","_",,,3,"[1,2,3]",2443,"Upper Corner",10,"Mobile Transfer ticket",1,"[PREMIUM]","[PREMIUM]","[PREMIUM]","[PREMIUM]",true,false,"['Clear view']","2026-09-15 20:51:35"
"14055313344","2026-09-15 23:51:38.434","2026-09-16 23:47:22.861","14055313344","160427051","[PREMIUM]","[PREMIUM]","215","14","27_30","27","30",4,"[1,2,4]",3831,"Terrace Corner",10,"Mobile Transfer ticket",1,"[PREMIUM]","[PREMIUM]","[PREMIUM]","[PREMIUM]",true,false,"['Limited or Obstructed View (printed on ticket)']","2026-09-15 22:54:40"
"14054618166","2026-09-15 23:51:38.322","2026-09-15 23:51:38.322","14054618166","160427051","[PREMIUM]","[PREMIUM]","217","15","21_24","21","24",4,"[1,2,4]",3831,"Terrace Corner",10,"Mobile Transfer ticket",1,"[PREMIUM]","[PREMIUM]","[PREMIUM]","[PREMIUM]",true,false,"['Limited or Obstructed View (printed on ticket)']","2026-09-15 21:33:01"
"14054455403","2026-09-15 23:51:38.322","2026-09-16 23:47:24.733","14054455403","160427051","[PREMIUM]","[PREMIUM]","214","15","27_30","27","30",4,"[1,2,4]",3831,"Terrace Corner",10,"Mobile Transfer ticket",1,"[PREMIUM]","[PREMIUM]","[PREMIUM]","[PREMIUM]",true,false,"['Limited or Obstructed View (printed on ticket)']","2026-09-15 21:03:33"
"14055313374","2026-09-15 23:51:38.322","2026-09-15 23:51:38.322","14055313374","160427051","[PREMIUM]","[PREMIUM]","224","19","1_2","1","2",2,"[2]",7046,"Terrace Sideline",10,"Mobile Transfer ticket",1,"[PREMIUM]","[PREMIUM]","[PREMIUM]","[PREMIUM]",true,false,"['Limited or Obstructed View (printed on ticket)']","2026-09-15 22:54:40"
"14055313316","2026-09-15 23:51:38.322","2026-09-15 23:51:38.322","14055313316","160427051","[PREMIUM]","[PREMIUM]","215","15","6_6","6","6",1,"[1]",3831,"Terrace Corner",10,"Mobile Transfer ticket",1,"[PREMIUM]","[PREMIUM]","[PREMIUM]","[PREMIUM]",false,false,"['Limited or Obstructed View (printed on ticket)']","2026-09-15 22:54:40"
"14055487196","2026-09-15 23:51:38.322","2026-09-15 23:51:38.322","14055487196","160427051","[PREMIUM]","[PREMIUM]","215","16","1_6","1","6",6,"[1,2,3,4,6]",3831,"Terrace Corner",10,"Mobile Transfer ticket",1,"[PREMIUM]","[PREMIUM]","[PREMIUM]","[PREMIUM]",true,false,"['Limited or Obstructed View (printed on ticket)']","2026-09-15 23:20:00"
"14043786977","2026-09-15 23:51:38.283","2026-09-15 23:55:01.147","14043786977","160427051","[PREMIUM]","[PREMIUM]","214","14","17_23","17","23",7,"[1,2,3,4,5,7]",3831,"Terrace Corner",10,"Mobile Transfer ticket",1,"[PREMIUM]","[PREMIUM]","[PREMIUM]","[PREMIUM]",true,false,"['Limited or Obstructed View (printed on ticket)']","2026-09-14 23:08:32"
"14049348832","2026-09-15 23:51:38.283","2026-09-16 23:47:22.861","14049348832","160427051","[PREMIUM]","[PREMIUM]","218","16","22_24","22","24",3,"[1,3]",7046,"Terrace Sideline",10,"Mobile Transfer ticket",1,"[PREMIUM]","[PREMIUM]","[PREMIUM]","[PREMIUM]",true,false,"['Limited or Obstructed View (printed on ticket)']","2026-09-15 12:24:44"
"14055313401","2026-09-15 23:51:38.283","2026-09-15 23:51:38.283","14055313401","160427051","[PREMIUM]","[PREMIUM]","225","18","17_24","17","24",8,"[1,2,3,4,5,6,8]",7046,"Terrace Sideline",10,"Mobile Transfer ticket",1,"[PREMIUM]","[PREMIUM]","[PREMIUM]","[PREMIUM]",true,false,"['Limited or Obstructed View (printed on ticket)']","2026-09-15 22:54:41"
"14055313286","2026-09-15 23:51:38.283","2026-09-16 23:47:22.861","14055313286","160427051","[PREMIUM]","[PREMIUM]","216","14","11_18","11","18",8,"[1,2,3,4,5,6,8]",3831,"Terrace Corner",10,"Mobile Transfer ticket",1,"[PREMIUM]","[PREMIUM]","[PREMIUM]","[PREMIUM]",true,false,"['Limited or Obstructed View (printed on ticket)']","2026-09-15 22:54:39"
"14045290331","2026-09-15 23:51:37.948","2026-09-15 23:55:00.681","14045290331","160427051","[PREMIUM]","[PREMIUM]","229","14","9_14","9","14",6,"[1,2,3,4,6]",3831,"Terrace Corner",10,"Mobile Transfer ticket",1,"[PREMIUM]","[PREMIUM]","[PREMIUM]","[PREMIUM]",true,false,"['Limited or Obstructed View (printed on ticket)']","2026-09-15 02:03:50"
"14049843221","2026-09-15 23:51:37.948","2026-09-15 23:51:37.948","14049843221","160427051","[PREMIUM]","[PREMIUM]","228","16","17_19","17","19",3,"[1,3]",3831,"Terrace Corner",10,"Mobile Transfer ticket",1,"[PREMIUM]","[PREMIUM]","[PREMIUM]","[PREMIUM]",true,false,"['Limited or Obstructed View (printed on ticket)']","2026-09-15 13:12:02"
"14050503004","2026-09-15 23:51:37.948","2026-09-15 23:55:00.681","14050503004","160427051","[PREMIUM]","[PREMIUM]","229","15","9_10","9","10",2,"[2]",3831,"Terrace Corner",10,"Mobile Transfer ticket",1,"[PREMIUM]","[PREMIUM]","[PREMIUM]","[PREMIUM]",true,false,"['Limited or Obstructed View (printed on ticket)']","2026-09-15 14:19:27"
"14055313334","2026-09-15 23:51:37.948","2026-09-15 23:55:00.681","14055313334","160427051","[PREMIUM]","[PREMIUM]","227","16","21_22","21","22",2,"[2]",3831,"Terrace Corner",10,"Mobile Transfer ticket",1,"[PREMIUM]","[PREMIUM]","[PREMIUM]","[PREMIUM]",true,false,"['Limited or Obstructed View (printed on ticket)']","2026-09-15 22:54:40"
"14055088889","2026-09-15 23:51:37.948","2026-09-15 23:55:00.681","14055088889","160427051","[PREMIUM]","[PREMIUM]","228","14","26_31","26","31",6,"[1,2,3,4,6]",3831,"Terrace Corner",10,"Mobile Transfer ticket",1,"[PREMIUM]","[PREMIUM]","[PREMIUM]","[PREMIUM]",true,false,"['Limited or Obstructed View (printed on ticket)']","2026-09-15 22:28:55"
"14055487210","2026-09-15 23:51:37.948","2026-09-16 23:47:39.655","14055487210","160427051","[PREMIUM]","[PREMIUM]","213","14","12_13","12","13",2,"[2]",3831,"Terrace Corner",10,"Mobile Transfer ticket",1,"[PREMIUM]","[PREMIUM]","[PREMIUM]","[PREMIUM]",true,false,"['Limited or Obstructed View (printed on ticket)']","2026-09-15 23:20:00"
"14044610359","2026-09-15 23:51:37.804","2026-09-15 23:54:58.641","14044610359","160427051","[PREMIUM]","[PREMIUM]","217","18","19_24","19","24",6,"[1,2,3,4,6]",3831,"Terrace Corner",10,"Mobile Transfer ticket",1,"[PREMIUM]","[PREMIUM]","[PREMIUM]","[PREMIUM]",true,false,"['Limited or Obstructed View (printed on ticket)']","2026-09-15 00:59:19"
"14046273573","2026-09-15 23:51:37.804","2026-09-15 23:55:00.681","14046273573","160427051","[PREMIUM]","[PREMIUM]","216","15","11_15","11","15",5,"[1,2,3,5]",3831,"Terrace Corner",10,"Mobile Transfer ticket",1,"[PREMIUM]","[PREMIUM]","[PREMIUM]","[PREMIUM]",true,false,"['Limited or Obstructed View (printed on ticket)']","2026-09-15 04:05:38"
"14052320209","2026-09-15 23:51:37.804","2026-09-15 23:51:37.804","14052320209","160427051","[PREMIUM]","[PREMIUM]","217","23","1_4","1","4",4,"[1,2,4]",3831,"Terrace Corner",10,"Mobile Transfer ticket",1,"[PREMIUM]","[PREMIUM]","[PREMIUM]","[PREMIUM]",true,false,"['Limited or Obstructed View (printed on ticket)']","2026-09-15 17:05:29"
"14052318979","2026-09-15 23:51:37.804","2026-09-15 23:54:58.641","14052318979","160427051","[PREMIUM]","[PREMIUM]","226","20","5_12","5","12",8,"[1,2,3,4,5,6,8]",3831,"Terrace Corner",10,"Mobile Transfer ticket",1,"[PREMIUM]","[PREMIUM]","[PREMIUM]","[PREMIUM]",true,false,"['Limited or Obstructed View (printed on ticket)']","2026-09-15 17:05:17"
"14054208651","2026-09-15 23:51:37.804","2026-09-15 23:54:58.641","14054208651","160427051","[PREMIUM]","[PREMIUM]","217","19","23_24","23","24",2,"[2]",3831,"Terrace Corner",10,"Mobile Transfer ticket",1,"[PREMIUM]","[PREMIUM]","[PREMIUM]","[PREMIUM]",true,false,"['Limited or Obstructed View (printed on ticket)']","2026-09-15 20:34:40"
"14054618177","2026-09-15 23:51:37.804","2026-09-15 23:51:37.804","14054618177","160427051","[PREMIUM]","[PREMIUM]","217","22","5_10","5","10",6,"[1,2,3,4,6]",3831,"Terrace Corner",10,"Mobile Transfer ticket",1,"[PREMIUM]","[PREMIUM]","[PREMIUM]","[PREMIUM]",true,false,"['Limited or Obstructed View (printed on ticket)']","2026-09-15 21:33:01"
"14043400372","2026-09-15 23:51:37.565","2026-09-15 23:51:37.565","14043400372","160427051","[PREMIUM]","[PREMIUM]","226","17","1_6","1","6",6,"[1,2,3,4,6]",3831,"Terrace Corner",10,"Mobile Transfer ticket",1,"[PREMIUM]","[PREMIUM]","[PREMIUM]","[PREMIUM]",true,false,"['Limited or Obstructed View (printed on ticket)']","2026-09-14 22:22:15"
"14045290493","2026-09-15 23:51:37.565","2026-09-15 23:54:59.018","14045290493","160427051","[PREMIUM]","[PREMIUM]","217","16","12_13","12","13",2,"[2]",3831,"Terrace Corner",10,"Mobile Transfer ticket",1,"[PREMIUM]","[PREMIUM]","[PREMIUM]","[PREMIUM]",true,false,"['Limited or Obstructed View (printed on ticket)']","2026-09-15 02:03:51"
"14049348719","2026-09-15 23:51:37.565","2026-09-16 23:47:21.735","14049348719","160427051","[PREMIUM]","[PREMIUM]","226","15","16_21","16","21",6,"[1,2,3,4,6]",3831,"Terrace Corner",10,"Mobile Transfer ticket",1,"[PREMIUM]","[PREMIUM]","[PREMIUM]","[PREMIUM]",true,false,"['Limited or Obstructed View (printed on ticket)']","2026-09-15 12:24:44"
"14055088895","2026-09-15 23:51:37.565","2026-09-15 23:51:37.565","14055088895","160427051","[PREMIUM]","[PREMIUM]","224","23","3_8","3","8",6,"[1,2,3,4,6]",7046,"Terrace Sideline",10,"Mobile Transfer ticket",1,"[PREMIUM]","[PREMIUM]","[PREMIUM]","[PREMIUM]",true,false,"['Limited or Obstructed View (printed on ticket)']","2026-09-15 22:28:55"
"14044463300","2026-09-15 23:51:37.459","2026-09-15 23:51:37.459","14044463300","160427051","[PREMIUM]","[PREMIUM]","225","19","3_10","3","10",8,"[1,2,3,4,5,6,8]",7046,"Terrace Sideline",10,"Mobile Transfer ticket",1,"[PREMIUM]","[PREMIUM]","[PREMIUM]","[PREMIUM]",true,false,"['Limited or Obstructed View (printed on ticket)']","2026-09-15 00:37:58"
"14052320087","2026-09-15 23:51:37.459","2026-09-15 23:54:59.160","14052320087","160427051","[PREMIUM]","[PREMIUM]","219","16","1_2","1","2",2,"[2]",7046,"Terrace Sideline",10,"Mobile Transfer ticket",1,"[PREMIUM]","[PREMIUM]","[PREMIUM]","[PREMIUM]",true,false,"['Limited or Obstructed View (printed on ticket)']","2026-09-15 17:05:29"
"14054618109","2026-09-15 23:51:37.459","2026-09-15 23:54:59.160","14054618109","160427051","[PREMIUM]","[PREMIUM]","218","20","3_10","3","10",8,"[1,2,3,4,5,6,8]",7046,"Terrace Sideline",10,"Mobile Transfer ticket",1,"[PREMIUM]","[PREMIUM]","[PREMIUM]","[PREMIUM]",true,false,"['Limited or Obstructed View (printed on ticket)']","2026-09-15 21:33:00"
"14055680722","2026-09-15 23:51:37.459","2026-09-15 23:54:59.018","14055680722","160427051","[PREMIUM]","[PREMIUM]","218","23","3_7","3","7",5,"[1,2,3,5]",7046,"Terrace Sideline",10,"Mobile Transfer ticket",1,"[PREMIUM]","[PREMIUM]","[PREMIUM]","[PREMIUM]",true,false,"['Limited or Obstructed View (printed on ticket)']","2026-09-15 23:44:00"
"14049544253","2026-09-15 23:51:36.761","2026-09-20 00:17:12.212","14049544253","160427051","[PREMIUM]","[PREMIUM]","454","13","_",,,11,"[1,2,3,4,5,6,7,9,11]",2442,"Upper Sideline",10,"Mobile Transfer ticket",14,"[PREMIUM]","[PREMIUM]","[PREMIUM]","[PREMIUM]",true,false,"['Clear view']","2026-09-15 12:46:59"
"14050673791","2026-09-15 23:51:36.755","2026-09-15 23:51:36.755","14050673791","160417576","[PREMIUM]","[PREMIUM]","117","15","_",,,2,"[2]",594,"Lower",10,"Mobile Transfer ticket",1,"[PREMIUM]","[PREMIUM]","[PREMIUM]","[PREMIUM]",true,false,"['Clear view']","2026-09-15 14:37:09"
"14050673853","2026-09-15 23:51:36.429","2026-09-15 23:51:36.429","14050673853","160417576","[PREMIUM]","[PREMIUM]","121","26","_",,,2,"[2]",594,"Lower",10,"Mobile Transfer ticket",1,"[PREMIUM]","[PREMIUM]","[PREMIUM]","[PREMIUM]",true,false,"['Clear view']","2026-09-15 14:37:09"
"14050673759","2026-09-15 23:51:36.429","2026-09-15 23:51:36.429","14050673759","160417576","[PREMIUM]","[PREMIUM]","114","7","_",,,2,"[2]",594,"Lower",10,"Mobile Transfer ticket",1,"[PREMIUM]","[PREMIUM]","[PREMIUM]","[PREMIUM]",true,false,"['Clear view']","2026-09-15 14:37:09"
"14043870572","2026-09-15 23:51:36.377","2026-09-23 23:41:15.295","14043870572","160427051","[PREMIUM]","[PREMIUM]","421","2","_",,,2,"[2]",2443,"Upper Corner",10,"Mobile Transfer ticket",1,"[PREMIUM]","[PREMIUM]","[PREMIUM]","[PREMIUM]",true,false,"['Second Row of Section','Clear view']","2026-09-14 23:19:25"
"14054449899","2026-09-15 23:51:36.377","2026-09-27 05:22:09.130","14054449899","160427051","[PREMIUM]","[PREMIUM]","401","15","_",,,3,"[1,3]",2442,"Upper Sideline",10,"Mobile Transfer ticket",14,"[PREMIUM]","[PREMIUM]","[PREMIUM]","[PREMIUM]",true,false,"['Clear view']","2026-09-15 21:02:33"
"14049843276","2026-09-15 23:51:35.605","2026-09-15 23:54:58.786","14049843276","160427051","[PREMIUM]","[PREMIUM]","228","18","29_34","29","34",6,"[1,2,3,4,6]",3831,"Terrace Corner",10,"Mobile Transfer ticket",1,"[PREMIUM]","[PREMIUM]","[PREMIUM]","[PREMIUM]",true,false,"['Limited or Obstructed View (printed on ticket)']","2026-09-15 13:12:03"
"14050779060","2026-09-15 23:51:35.605","2026-09-15 23:51:35.605","14050779060","160427051","[PREMIUM]","[PREMIUM]","230","17","3_5","3","5",3,"[1,3]",3831,"Terrace Corner",10,"Mobile Transfer ticket",1,"[PREMIUM]","[PREMIUM]","[PREMIUM]","[PREMIUM]",true,false,"['Limited or Obstructed View (printed on ticket)']","2026-09-15 14:47:13"
"14054455355","2026-09-15 23:51:35.605","2026-09-15 23:51:35.605","14054455355","160427051","[PREMIUM]","[PREMIUM]","216","17","17_24","17","24",8,"[1,2,3,4,5,6,8]",3831,"Terrace Corner",10,"Mobile Transfer ticket",1,"[PREMIUM]","[PREMIUM]","[PREMIUM]","[PREMIUM]",true,false,"['Limited or Obstructed View (printed on ticket)']","2026-09-15 21:03:32"
"14044463528","2026-09-15 23:51:35.312","2026-09-15 23:54:59.619","14044463528","160427051","[PREMIUM]","[PREMIUM]","227","17","27_32","27","32",6,"[1,2,3,4,6]",3831,"Terrace Corner",10,"Mobile Transfer ticket",1,"[PREMIUM]","[PREMIUM]","[PREMIUM]","[PREMIUM]",true,false,"['Limited or Obstructed View (printed on ticket)']","2026-09-15 00:37:59"
"14045713383","2026-09-15 23:51:35.312","2026-09-15 23:54:59.619","14045713383","160427051","[PREMIUM]","[PREMIUM]","228","20","15_18","15","18",4,"[1,2,4]",3831,"Terrace Corner",10,"Mobile Transfer ticket",1,"[PREMIUM]","[PREMIUM]","[PREMIUM]","[PREMIUM]",true,false,"['Limited or Obstructed View (printed on ticket)']","2026-09-15 02:52:36"
"14053386475","2026-09-15 23:51:35.312","2026-09-16 23:47:11.990","14053386475","160427051","[PREMIUM]","[PREMIUM]","213","17","13_16","13","16",4,"[1,2,4]",3831,"Terrace Corner",10,"Mobile Transfer ticket",1,"[PREMIUM]","[PREMIUM]","[PREMIUM]","[PREMIUM]",true,false,"['Limited or Obstructed View (printed on ticket)']","2026-09-15 19:05:52"
"14051390618","2026-09-15 23:51:35.192","2026-09-15 23:54:59.619","14051390618","160427051","[PREMIUM]","[PREMIUM]","213","19","20_27","20","27",8,"[1,2,3,4,5,6,8]",3831,"Terrace Corner",10,"Mobile Transfer ticket",1,"[PREMIUM]","[PREMIUM]","[PREMIUM]","[PREMIUM]",true,false,"['Limited or Obstructed View (printed on ticket)']","2026-09-15 15:40:34"
"14043786979","2026-09-15 23:51:35.096","2026-09-15 23:54:58.439","14043786979","160427051","[PREMIUM]","[PREMIUM]","214","18","15_22","15","22",8,"[1,2,3,4,5,6,8]",3831,"Terrace Corner",10,"Mobile Transfer ticket",1,"[PREMIUM]","[PREMIUM]","[PREMIUM]","[PREMIUM]",true,false,"['Limited or Obstructed View (printed on ticket)']","2026-09-14 23:08:32"
"14045713430","2026-09-15 23:51:35.096","2026-09-15 23:54:59.061","14045713430","160427051","[PREMIUM]","[PREMIUM]","229","17","21_22","21","22",2,"[2]",3831,"Terrace Corner",10,"Mobile Transfer ticket",1,"[PREMIUM]","[PREMIUM]","[PREMIUM]","[PREMIUM]",true,false,"['Limited or Obstructed View (printed on ticket)']","2026-09-15 02:52:36"
"14049348751","2026-09-15 23:51:35.096","2026-09-16 23:47:51.824","14049348751","160427051","[PREMIUM]","[PREMIUM]","214","23","11_17","11","17",7,"[1,2,3,4,5,7]",3831,"Terrace Corner",10,"Mobile Transfer ticket",1,"[PREMIUM]","[PREMIUM]","[PREMIUM]","[PREMIUM]",true,false,"['Limited or Obstructed View (printed on ticket)']","2026-09-15 12:24:44"
"14051069500","2026-09-15 23:51:35.096","2026-09-16 23:47:51.824","14051069500","160427051","[PREMIUM]","[PREMIUM]","214","17","11_14","11","14",4,"[1,2,4]",3831,"Terrace Corner",10,"Mobile Transfer ticket",1,"[PREMIUM]","[PREMIUM]","[PREMIUM]","[PREMIUM]",true,false,"['Limited or Obstructed View (printed on ticket)']","2026-09-15 15:14:19"
"14054208583","2026-09-15 23:51:35.096","2026-09-15 23:54:58.439","14054208583","160427051","[PREMIUM]","[PREMIUM]","214","19","11_12","11","12",2,"[2]",3831,"Terrace Corner",10,"Mobile Transfer ticket",1,"[PREMIUM]","[PREMIUM]","[PREMIUM]","[PREMIUM]",true,false,"['Limited or Obstructed View (printed on ticket)']","2026-09-15 20:34:39"
"14055680450","2026-09-15 23:51:35.096","2026-09-15 23:51:35.096","14055680450","160427051","[PREMIUM]","[PREMIUM]","214","21","23_30","23","30",8,"[1,2,3,4,5,6,8]",3831,"Terrace Corner",10,"Mobile Transfer ticket",1,"[PREMIUM]","[PREMIUM]","[PREMIUM]","[PREMIUM]",true,false,"['Limited or Obstructed View (printed on ticket)']","2026-09-15 23:43:57"
"14050673863","2026-09-15 23:51:33.232","2026-09-15 23:51:33.232","14050673863","160417576","[PREMIUM]","[PREMIUM]","532","12","_",,,2,"[2]",407,"Upper",10,"Mobile Transfer ticket",1,"[PREMIUM]","[PREMIUM]","[PREMIUM]","[PREMIUM]",true,false,"['Clear view']","2026-09-15 14:37:09"
"14043400845","2026-09-15 23:51:31.883","2026-09-15 23:54:58.285","14043400845","160427051","[PREMIUM]","[PREMIUM]","215","20","29_30","29","30",2,"[2]",3831,"Terrace Corner",10,"Mobile Transfer ticket",1,"[PREMIUM]","[PREMIUM]","[PREMIUM]","[PREMIUM]",true,false,"['Limited or Obstructed View (printed on ticket)']","2026-09-14 22:22:18"
"14043400545","2026-09-15 23:51:31.883","2026-09-15 23:54:58.439","14043400545","160427051","[PREMIUM]","[PREMIUM]","214","22","11_12","11","12",2,"[2]",3831,"Terrace Corner",10,"Mobile Transfer ticket",1,"[PREMIUM]","[PREMIUM]","[PREMIUM]","[PREMIUM]",true,false,"['Limited or Obstructed View (printed on ticket)']","2026-09-14 22:22:16"
"14051069498","2026-09-15 23:51:31.883","2026-09-15 23:54:58.285","14051069498","160427051","[PREMIUM]","[PREMIUM]","215","21","5_10","5","10",6,"[1,2,3,4,6]",3831,"Terrace Corner",10,"Mobile Transfer ticket",1,"[PREMIUM]","[PREMIUM]","[PREMIUM]","[PREMIUM]",true,false,"['Limited or Obstructed View (printed on ticket)']","2026-09-15 15:14:19"
"14051780025","2026-09-15 23:51:31.883","2026-09-15 23:51:31.883","14051780025","160427051","[PREMIUM]","[PREMIUM]","215","17","29_30","29","30",2,"[2]",3831,"Terrace Corner",10,"Mobile Transfer ticket",1,"[PREMIUM]","[PREMIUM]","[PREMIUM]","[PREMIUM]",true,false,"['Limited or Obstructed View (printed on ticket)']","2026-09-15 16:09:54"
"14052319294","2026-09-15 23:51:31.883","2026-09-16 23:47:11.331","14052319294","160427051","[PREMIUM]","[PREMIUM]","229","21","7_8","7","8",2,"[2]",3831,"Terrace Corner",10,"Mobile Transfer ticket",1,"[PREMIUM]","[PREMIUM]","[PREMIUM]","[PREMIUM]",true,false,"['Limited or Obstructed View (printed on ticket)']","2026-09-15 17:05:21"
"14055313403","2026-09-15 23:51:31.883","2026-09-15 23:54:58.439","14055313403","160427051","[PREMIUM]","[PREMIUM]","215","23","9_14","9","14",6,"[1,2,3,4,6]",3831,"Terrace Corner",10,"Mobile Transfer ticket",1,"[PREMIUM]","[PREMIUM]","[PREMIUM]","[PREMIUM]",true,false,"['Limited or Obstructed View (printed on ticket)']","2026-09-15 22:54:41"
"14044305443","2026-09-15 23:51:31.509","2026-09-15 23:54:58.600","14044305443","160427051","[PREMIUM]","[PREMIUM]","229","20","11_12","11","12",2,"[2]",3831,"Terrace Corner",10,"Mobile Transfer ticket",1,"[PREMIUM]","[PREMIUM]","[PREMIUM]","[PREMIUM]",true,false,"['Limited or Obstructed View (printed on ticket)']","2026-09-15 00:16:13"
"14053108752","2026-09-15 23:51:31.509","2026-09-15 23:54:58.600","14053108752","160427051","[PREMIUM]","[PREMIUM]","230","22","10_17","10","17",8,"[1,2,3,4,5,6,8]",3831,"Terrace Corner",10,"Mobile Transfer ticket",1,"[PREMIUM]","[PREMIUM]","[PREMIUM]","[PREMIUM]",true,false,"['Limited or Obstructed View (printed on ticket)']","2026-09-15 18:36:41"
"14053671925","2026-09-15 23:51:31.509","2026-09-16 23:47:11.094","14053671925","160427051","[PREMIUM]","[PREMIUM]","230","23","5_6","5","6",2,"[2]",3831,"Terrace Corner",10,"Mobile Transfer ticket",1,"[PREMIUM]","[PREMIUM]","[PREMIUM]","[PREMIUM]",true,false,"['Limited or Obstructed View (printed on ticket)']","2026-09-15 19:38:36"
"14055088892","2026-09-15 23:51:31.509","2026-09-16 23:47:11.014","14055088892","160427051","[PREMIUM]","[PREMIUM]","213","20","13_14","13","14",2,"[2]",3831,"Terrace Corner",10,"Mobile Transfer ticket",1,"[PREMIUM]","[PREMIUM]","[PREMIUM]","[PREMIUM]",true,false,"['Limited or Obstructed View (printed on ticket)']","2026-09-15 22:28:55"
"14043128727","2026-09-15 23:51:30.846","2026-09-15 23:54:58.586","14043128727","160427051","[PREMIUM]","[PREMIUM]","230","20","13_16","13","16",4,"[1,2,4]",3831,"Terrace Corner",10,"Mobile Transfer ticket",1,"[PREMIUM]","[PREMIUM]","[PREMIUM]","[PREMIUM]",true,false,"['Limited or Obstructed View (printed on ticket)']","2026-09-14 21:54:10"
"14044143456","2026-09-15 23:51:30.846","2026-09-15 23:54:58.586","14044143456","160427051","[PREMIUM]","[PREMIUM]","227","20","1_4","1","4",4,"[1,2,4]",3831,"Terrace Corner",10,"Mobile Transfer ticket",1,"[PREMIUM]","[PREMIUM]","[PREMIUM]","[PREMIUM]",true,false,"['Limited or Obstructed View (printed on ticket)']","2026-09-14 23:54:06"
"14049843186","2026-09-15 23:51:30.846","2026-09-16 23:47:11.014","14049843186","160427051","[PREMIUM]","[PREMIUM]","230","21","12_13","12","13",2,"[2]",3831,"Terrace Corner",10,"Mobile Transfer ticket",1,"[PREMIUM]","[PREMIUM]","[PREMIUM]","[PREMIUM]",true,false,"['Limited or Obstructed View (printed on ticket)']","2026-09-15 13:12:02"
"14051779905","2026-09-15 23:51:30.846","2026-09-15 23:51:30.846","14051779905","160427051","[PREMIUM]","[PREMIUM]","213","21","18_23","18","23",6,"[1,2,3,4,6]",3831,"Terrace Corner",10,"Mobile Transfer ticket",1,"[PREMIUM]","[PREMIUM]","[PREMIUM]","[PREMIUM]",true,false,"['Limited or Obstructed View (printed on ticket)']","2026-09-15 16:09:54"
"14052319162","2026-09-15 23:51:30.846","2026-09-15 23:54:58.600","14052319162","160427051","[PREMIUM]","[PREMIUM]","227","19","45_46","45","46",2,"[2]",3831,"Terrace Corner",10,"Mobile Transfer ticket",1,"[PREMIUM]","[PREMIUM]","[PREMIUM]","[PREMIUM]",true,false,"['Limited or Obstructed View (printed on ticket)']","2026-09-15 17:05:19"
"14055313379","2026-09-15 23:51:30.846","2026-09-15 23:54:58.586","14055313379","160427051","[PREMIUM]","[PREMIUM]","227","18","27_28","27","28",2,"[2]",3831,"Terrace Corner",10,"Mobile Transfer ticket",1,"[PREMIUM]","[PREMIUM]","[PREMIUM]","[PREMIUM]",true,false,"['Limited or Obstructed View (printed on ticket)']","2026-09-15 22:54:40"
"14037674912","2026-09-15 23:51:30.343","2026-09-15 23:54:58.586","14037674912","160427051","[PREMIUM]","[PREMIUM]","230","18","20_21","20","21",2,"[2]",3831,"Terrace Corner",10,"Mobile Transfer ticket",1,"[PREMIUM]","[PREMIUM]","[PREMIUM]","[PREMIUM]",true,false,"['Limited or Obstructed View (printed on ticket)']","2026-09-14 10:23:06"
"14043611628","2026-09-15 23:51:30.343","2026-09-15 23:54:55.770","14043611628","160427051","[PREMIUM]","[PREMIUM]","216","23","33_38","33","38",6,"[1,2,3,4,6]",3831,"Terrace Corner",10,"Mobile Transfer ticket",1,"[PREMIUM]","[PREMIUM]","[PREMIUM]","[PREMIUM]",true,false,"['Limited or Obstructed View (printed on ticket)']","2026-09-14 22:44:13"
"14045713424","2026-09-15 23:51:30.343","2026-09-15 23:54:55.770","14045713424","160427051","[PREMIUM]","[PREMIUM]","216","20","25_30","25","30",6,"[1,2,3,4,6]",3831,"Terrace Corner",10,"Mobile Transfer ticket",1,"[PREMIUM]","[PREMIUM]","[PREMIUM]","[PREMIUM]",true,false,"['Limited or Obstructed View (printed on ticket)']","2026-09-15 02:52:36"
"14054618149","2026-09-15 23:51:30.343","2026-09-15 23:54:55.770","14054618149","160427051","[PREMIUM]","[PREMIUM]","216","19","29_32","29","32",4,"[1,2,4]",3831,"Terrace Corner",10,"Mobile Transfer ticket",1,"[PREMIUM]","[PREMIUM]","[PREMIUM]","[PREMIUM]",true,false,"['Limited or Obstructed View (printed on ticket)']","2026-09-15 21:33:01"
"14054465803","2026-09-15 23:51:06.527","2026-09-23 23:40:17.306","14054465803","160427051","[PREMIUM]","[PREMIUM]","413","3","_",,,2,"[2]",2444,"Upper Endzone",10,"Mobile Transfer ticket",1,"[PREMIUM]","[PREMIUM]","[PREMIUM]","[PREMIUM]",true,false,"['Third Row of Section','Clear view']","2026-09-15 21:06:20"
"14048818081","2026-09-15 23:51:03.709","2026-09-15 23:55:59.014","14048818081","160417580","[PREMIUM]","[PREMIUM]","102","2","1007_1008","1007","1008",2,"[2]",594,"Lower",10,"Mobile Transfer ticket",1,"[PREMIUM]","[PREMIUM]","[PREMIUM]","[PREMIUM]",true,false,"['Second Row of Section','Clear view']","2026-09-15 11:04:54"
"14035088525","2026-09-15 23:50:51.065","2026-09-15 23:50:51.065","14035088525","160417580","[PREMIUM]","[PREMIUM]","117","11","_",,,2,"[2]",594,"Lower",10,"Mobile Transfer ticket",1,"[PREMIUM]","[PREMIUM]","[PREMIUM]","[PREMIUM]",true,false,"['Clear view']","2026-09-14 03:04:08"
"14035092029","2026-09-15 23:50:51.065","2026-09-24 00:09:13.330","14035092029","160417580","[PREMIUM]","[PREMIUM]","146","2","_",,,2,"[2]",594,"Lower",10,"Mobile Transfer ticket",1,"[PREMIUM]","[PREMIUM]","[PREMIUM]","[PREMIUM]",true,false,"['Second Row of Section','Clear view']","2026-09-14 03:04:42"
"14050572010","2026-09-15 23:50:50.951","2026-09-15 23:55:59.000","14050572010","160417580","[PREMIUM]","[PREMIUM]","138","12","_",,,2,"[2]",594,"Lower",10,"Mobile Transfer ticket",1,"[PREMIUM]","[PREMIUM]","[PREMIUM]","[PREMIUM]",true,false,"['Clear view']","2026-09-15 14:27:33"
"14050572007","2026-09-15 23:50:49.634","2026-09-15 23:55:58.924","14050572007","160417580","[PREMIUM]","[PREMIUM]","237","14","_",,,3,"[3]",1724,"Club",10,"Mobile Transfer ticket",1,"[PREMIUM]","[PREMIUM]","[PREMIUM]","[PREMIUM]",true,false,"['Limited or Obstructed View (printed on ticket)']","2026-09-15 14:27:33"
"13914831933","2026-09-15 23:50:47.389","2026-09-28 05:23:17.383","13914831933","160417580","[PREMIUM]","[PREMIUM]","130","22","12_13","12","13",2,"[2]",594,"Lower",10,"Mobile Transfer ticket",1,"[PREMIUM]","[PREMIUM]","[PREMIUM]","[PREMIUM]",true,false,"['Clear view']","2026-09-03 13:23:13"
"14035090526","2026-09-15 23:50:45.955","2026-09-15 23:50:45.955","14035090526","160417580","[PREMIUM]","[PREMIUM]","138","23","_",,,3,"[1,3]",594,"Lower",10,"Mobile Transfer ticket",1,"[PREMIUM]","[PREMIUM]","[PREMIUM]","[PREMIUM]",true,false,"['Clear view']","2026-09-14 03:04:28"
"14052358993","2026-09-15 23:50:45.514","2026-09-15 23:50:45.514","14052358993","160417580","[PREMIUM]","[PREMIUM]","115","11","_",,,1,"[1]",594,"Lower",10,"Mobile Transfer ticket",1,"[PREMIUM]","[PREMIUM]","[PREMIUM]","[PREMIUM]",false,false,"['Clear view']","2026-09-15 17:08:43"
"14035098797","2026-09-15 23:50:44.684","2026-09-24 00:04:58.457","14035098797","160417580","[PREMIUM]","[PREMIUM]","538","1","_",,,2,"[2]",407,"Upper",10,"Mobile Transfer ticket",1,"[PREMIUM]","[PREMIUM]","[PREMIUM]","[PREMIUM]",true,false,"['Front Row of Section','Clear view']","2026-09-14 03:06:04"
"14048859410","2026-09-15 23:50:44.216","2026-09-16 23:54:33.374","14048859410","160418321","[PREMIUM]","[PREMIUM]","307","34","5_11","5","11",7,"[1,2,3,4,5,7]",407,"Upper",10,"Mobile Transfer ticket",1,"[PREMIUM]","[PREMIUM]","[PREMIUM]","[PREMIUM]",true,false,"['Clear view']","2026-09-15 11:09:57"
"14050532824","2026-09-15 23:50:43.998","2026-09-15 23:55:03.690","14050532824","160417580","[PREMIUM]","[PREMIUM]","138","32","_",,,2,"[2]",594,"Lower",10,"Mobile Transfer ticket",1,"[PREMIUM]","[PREMIUM]","[PREMIUM]","[PREMIUM]",true,false,"['Clear view']","2026-09-15 14:23:50"
"13818148925","2026-09-15 23:50:43.323","2026-09-27 05:24:42.210","13818148925","160417576","[PREMIUM]","[PREMIUM]","512","20","_",,,2,"[2]",407,"Upper",10,"Mobile Transfer ticket",1,"[PREMIUM]","[PREMIUM]","[PREMIUM]","[PREMIUM]",true,false,"['Clear view']","2026-08-26 14:05:12"
"14044931702","2026-09-15 23:50:42.510","2026-09-23 00:07:07.158","14044931702","160418321","[PREMIUM]","[PREMIUM]","216","9","1_2","1","2",2,"[2]",1724,"Club",11,"Mobile ticket",1,"[PREMIUM]","[PREMIUM]","[PREMIUM]","[PREMIUM]",true,false,"['Aisle seat','In-Seat Wait Service','Padded Seats','Access to Private Clubs, Restaurant, and Bar','Separate Entrance','Club Amenities Included','Climate-controlled club space','Clear view','Instant download']","2026-09-15 01:29:24"
"12691267303","2026-09-15 23:50:42.335","2026-09-28 05:23:11.253","12691267303","160417580","[PREMIUM]","[PREMIUM]","525","27","_",,,4,"[1,2,4]",407,"Upper",10,"Mobile Transfer ticket",1,"[PREMIUM]","[PREMIUM]","[PREMIUM]","[PREMIUM]",true,false,"['Clear view']","2026-05-15 00:31:30"
"14050214101","2026-09-15 23:50:42.220","2026-09-18 00:28:25.823","14050214101","160417580","[PREMIUM]","[PREMIUM]","516","8","_",,,2,"[2]",407,"Upper",10,"Mobile Transfer ticket",1,"[PREMIUM]","[PREMIUM]","[PREMIUM]","[PREMIUM]",true,false,"['Clear view']","2026-09-15 13:50:56"
"14051590868","2026-09-15 23:50:41.654","2026-09-15 23:50:41.654","14051590868","160417580","[PREMIUM]","[PREMIUM]","531","9","_",,,2,"[2]",407,"Upper",10,"Mobile Transfer ticket",1,"[PREMIUM]","[PREMIUM]","[PREMIUM]","[PREMIUM]",true,false,"['Clear view']","2026-09-15 15:55:03"
"14045326398","2026-09-15 23:50:37.062","2026-09-21 00:16:34.636","14045326398","160418321","[PREMIUM]","[PREMIUM]","124","31","_",,,2,"[1,2]",594,"Lower",10,"Mobile Transfer ticket",1,"[PREMIUM]","[PREMIUM]","[PREMIUM]","[PREMIUM]",true,false,"['Clear view']","2026-09-15 02:08:20"
"14050709239","2026-09-15 23:50:36.467","2026-09-15 23:50:36.467","14050709239","160417576","[PREMIUM]","[PREMIUM]","522","23","_",,,2,"[2]",407,"Upper",10,"Mobile Transfer ticket",1,"[PREMIUM]","[PREMIUM]","[PREMIUM]","[PREMIUM]",true,false,"['Clear view']","2026-09-15 14:40:06"
"14045286297","2026-09-15 23:50:35.427","2026-09-15 23:50:35.427","14045286297","160417576","[PREMIUM]","[PREMIUM]","528","25","20_21","20","21",2,"[2]",407,"Upper",10,"Mobile Transfer ticket",1,"[PREMIUM]","[PREMIUM]","[PREMIUM]","[PREMIUM]",true,false,"['Clear view']","2026-09-15 02:03:17"
"13242868588","2026-09-15 23:50:32.987","2026-09-27 22:28:40.389","13242868588","160418321","[PREMIUM]","[PREMIUM]","158","19","_",,,4,"[2,4]",594,"Lower",11,"Mobile ticket",1,"[PREMIUM]","[PREMIUM]","[PREMIUM]","[PREMIUM]",true,false,"['Clear view']","2026-07-04 14:44:08"
"14050709229","2026-09-15 23:50:25.904","2026-09-15 23:50:25.904","14050709229","160417576","[PREMIUM]","[PREMIUM]","534","11","_",,,1,"[1]",407,"Upper",10,"Mobile Transfer ticket",1,"[PREMIUM]","[PREMIUM]","[PREMIUM]","[PREMIUM]",false,false,"['Clear view']","2026-09-15 14:40:06"
"14045286388","2026-09-15 23:50:25.453","2026-09-15 23:50:25.453","14045286388","160417576","[PREMIUM]","[PREMIUM]","539","23","20_21","20","21",2,"[2]",407,"Upper",10,"Mobile Transfer ticket",1,"[PREMIUM]","[PREMIUM]","[PREMIUM]","[PREMIUM]",true,false,"['Clear view']","2026-09-15 02:03:18"
"14055367349","2026-09-15 23:50:25.166","2026-09-16 23:59:04.598","14055367349","160417576","[PREMIUM]","[PREMIUM]","521","15","18_19","18","19",2,"[2]",407,"Upper",10,"Mobile Transfer ticket",1,"[PREMIUM]","[PREMIUM]","[PREMIUM]","[PREMIUM]",true,false,"['Clear view']","2026-09-15 23:02:52"
"14045286299","2026-09-15 23:50:24.433","2026-09-18 00:33:52.728","14045286299","160417576","[PREMIUM]","[PREMIUM]","511","23","13_16","13","16",4,"[1,2,4]",407,"Upper",10,"Mobile Transfer ticket",1,"[PREMIUM]","[PREMIUM]","[PREMIUM]","[PREMIUM]",true,false,"['Clear view']","2026-09-15 02:03:17"
"14054556579","2026-09-15 23:50:24.433","2026-09-16 23:59:02.974","14054556579","160417576","[PREMIUM]","[PREMIUM]","536","25","8_10","8","10",3,"[1,3]",407,"Upper",10,"Mobile Transfer ticket",1,"[PREMIUM]","[PREMIUM]","[PREMIUM]","[PREMIUM]",true,false,"['Clear view']","2026-09-15 21:23:34"
"14047034490","2026-09-15 23:50:23.442","2026-09-27 22:28:46.214","14047034490","160418321","[PREMIUM]","[PREMIUM]","134","4","11_12","11","12",2,"[2]",594,"Lower",10,"Mobile Transfer ticket",1,"[PREMIUM]","[PREMIUM]","[PREMIUM]","[PREMIUM]",true,false,"['Clear view']","2026-09-15 05:50:59"
"14054325292","2026-09-15 23:50:23.442","2026-09-21 00:17:46.101","14054325292","160418321","[PREMIUM]","[PREMIUM]","140","24","21_22","21","22",2,"[2]",594,"Lower",10,"Mobile Transfer ticket",1,"[PREMIUM]","[PREMIUM]","[PREMIUM]","[PREMIUM]",true,false,"['Clear view']","2026-09-15 20:50:06"
"14043898181","2026-09-15 23:50:23.243","2026-09-28 05:07:22.625","14043898181","160418321","[PREMIUM]","[PREMIUM]","129","22","3_6","3","6",4,"[2,4]",594,"Lower",10,"Mobile Transfer ticket",1,"[PREMIUM]","[PREMIUM]","[PREMIUM]","[PREMIUM]",true,false,"['Clear view']","2026-09-14 23:21:50"
"14050099714","2026-09-15 23:50:23.097","2026-09-20 00:23:56.995","14050099714","160418321","[PREMIUM]","[PREMIUM]","101","21","_",,,2,"[2]",594,"Lower",10,"Mobile Transfer ticket",1,"[PREMIUM]","[PREMIUM]","[PREMIUM]","[PREMIUM]",true,false,"['Clear view']","2026-09-15 13:39:40"
"13184493950","2026-09-15 23:50:22.874","2026-09-28 05:23:11.426","13184493950","160417580","[PREMIUM]","[PREMIUM]","551","11","15_16","15","16",2,"[2]",407,"Upper",10,"Mobile Transfer ticket",1,"[PREMIUM]","[PREMIUM]","[PREMIUM]","[PREMIUM]",true,false,"['Clear view']","2026-06-29 17:22:24"
"14034763006","2026-09-15 23:50:22.367","2026-09-28 05:07:31.309","14034763006","160418321","[PREMIUM]","[PREMIUM]","237","2","13_16","13","16",4,"[1,2,3,4]",1724,"Club",11,"Mobile ticket",1,"[PREMIUM]","[PREMIUM]","[PREMIUM]","[PREMIUM]",true,false,"['Second Row of Section','Clear view','Instant download']","2026-09-14 02:06:17"
"14052359004","2026-09-15 23:50:22.016","2026-09-15 23:54:09.316","14052359004","160417580","[PREMIUM]","[PREMIUM]","523","6","_",,,1,"[1]",407,"Upper",10,"Mobile Transfer ticket",1,"[PREMIUM]","[PREMIUM]","[PREMIUM]","[PREMIUM]",false,false,"['Third Row of Section','Clear view']","2026-09-15 17:08:43"
"14020073725","2026-09-15 23:50:21.272","2026-09-16 23:58:45.881","14020073725","160417576","[PREMIUM]","[PREMIUM]","531","20","15_16","15","16",2,"[2]",407,"Upper",10,"Mobile Transfer ticket",1,"[PREMIUM]","[PREMIUM]","[PREMIUM]","[PREMIUM]",true,false,"['Clear view']","2026-09-12 15:39:05"
"14039929606","2026-09-15 23:50:18.894","2026-09-28 05:07:32.246","14039929606","160418321","[PREMIUM]","[PREMIUM]","138","5","15_16","15",,2,"[2]",594,"Lower",10,"Mobile Transfer ticket",1,"[PREMIUM]","[PREMIUM]","[PREMIUM]","[PREMIUM]",true,false,"['Clear view']","2026-09-14 15:38:02"
"14039932107","2026-09-15 23:50:15.139","2026-09-28 05:07:31.937","14039932107","160418321","[PREMIUM]","[PREMIUM]","150","4","11_14","11",,4,"[2,4]",594,"Lower",10,"Mobile Transfer ticket",1,"[PREMIUM]","[PREMIUM]","[PREMIUM]","[PREMIUM]",true,false,"['Clear view']","2026-09-14 15:38:39"
"14047034489","2026-09-15 23:50:14.776","2026-09-28 05:07:30.771","14047034489","160418321","[PREMIUM]","[PREMIUM]","134","3","11_12","11","12",2,"[2]",594,"Lower",10,"Mobile Transfer ticket",1,"[PREMIUM]","[PREMIUM]","[PREMIUM]","[PREMIUM]",true,false,"['Third Row of Section','Clear view']","2026-09-15 05:50:59"
"14021011921","2026-09-15 23:50:11.877","2026-09-15 23:50:11.877","14021011921","160417580","[PREMIUM]","[PREMIUM]","540","20","19_20","19","20",2,"[2]",407,"Upper",10,"Mobile Transfer ticket",1,"[PREMIUM]","[PREMIUM]","[PREMIUM]","[PREMIUM]",true,false,"['Clear view']","2026-09-12 17:23:41"
"14049765491","2026-09-15 23:50:10.282","2026-09-28 05:07:31.194","14049765491","160418321","[PREMIUM]","[PREMIUM]","134","29","7_14","7","14",8,"[1,2,3,4,5,6,8]",594,"Lower",10,"Mobile Transfer ticket",1,"[PREMIUM]","[PREMIUM]","[PREMIUM]","[PREMIUM]",true,false,"['Clear view']","2026-09-15 13:06:09"
"14011353620","2026-09-15 23:50:09.101","2026-09-19 00:02:15.965","14011353620","160418321","[PREMIUM]","[PREMIUM]","116",,"_",,,2,"[2]",594,"Lower",10,"Mobile Transfer ticket",1,"[PREMIUM]","[PREMIUM]","[PREMIUM]","[PREMIUM]",true,true,"['Clear view']","2026-09-11 22:41:43"
"14051951976","2026-09-15 23:50:07.426","2026-09-15 23:50:07.426","14051951976","160417580","[PREMIUM]","[PREMIUM]","540","18","15_17","15","17",3,"[1,3]",407,"Upper",10,"Mobile Transfer ticket",1,"[PREMIUM]","[PREMIUM]","[PREMIUM]","[PREMIUM]",true,false,"['Clear view']","2026-09-15 16:24:52"
"14048499739","2026-09-15 23:50:06.585","2026-09-19 00:00:24.923","14048499739","160417580","[PREMIUM]","[PREMIUM]","540","21","15_16","15","16",2,"[2]",407,"Upper",10,"Mobile Transfer ticket",1,"[PREMIUM]","[PREMIUM]","[PREMIUM]","[PREMIUM]",true,false,"['Clear view']","2026-09-15 10:08:38"
"14053950114","2026-09-15 23:50:06.585","2026-09-15 23:53:29.038","14053950114","160417580","[PREMIUM]","[PREMIUM]","537","20","5_6","5","6",2,"[2]",407,"Upper",10,"Mobile Transfer ticket",1,"[PREMIUM]","[PREMIUM]","[PREMIUM]","[PREMIUM]",true,false,"['Clear view']","2026-09-15 20:04:56"
"14011354940","2026-09-15 23:49:59.081","2026-09-20 00:23:11.368","14011354940","160418321","[PREMIUM]","[PREMIUM]","118",,"_",,,2,"[2]",594,"Lower",10,"Mobile Transfer ticket",1,"[PREMIUM]","[PREMIUM]","[PREMIUM]","[PREMIUM]",true,true,"['Clear view']","2026-09-11 22:41:49"
"12691085649","2026-09-15 23:49:57.885","2026-09-28 05:23:11.613","12691085649","160417580","[PREMIUM]","[PREMIUM]","542","19","20_21","20","21",2,"[2]",407,"Upper",10,"Mobile Transfer ticket",14,"[PREMIUM]","[PREMIUM]","[PREMIUM]","[PREMIUM]",true,false,"['Clear view']","2026-05-15 00:08:55"
"14043421502","2026-09-15 23:49:57.647","2026-09-16 23:54:07.117","14043421502","160417580","[PREMIUM]","[PREMIUM]","508","21","10_11","10","11",2,"[2]",407,"Upper",10,"Mobile Transfer ticket",1,"[PREMIUM]","[PREMIUM]","[PREMIUM]","[PREMIUM]",true,false,"['Clear view']","2026-09-14 22:24:10"
"14051725011","2026-09-15 23:49:57.548","2026-09-15 23:52:54.431","14051725011","160417580","[PREMIUM]","[PREMIUM]","515","17","_",,,2,"[2]",407,"Upper",10,"Mobile Transfer ticket",1,"[PREMIUM]","[PREMIUM]","[PREMIUM]","[PREMIUM]",true,false,"['Clear view']","2026-09-15 16:06:03"
"14051405707","2026-09-15 23:49:57.254","2026-09-28 05:23:11.613","14051405707","160417580","[PREMIUM]","[PREMIUM]","530","22","_",,,2,"[2]",407,"Upper",10,"Mobile Transfer ticket",1,"[PREMIUM]","[PREMIUM]","[PREMIUM]","[PREMIUM]",true,false,"['Clear view']","2026-09-15 15:41:47"
"13680742417","2026-09-15 23:49:56.944","2026-09-27 05:15:26.252","13680742417","160418144","[PREMIUM]","[PREMIUM]","534","DD","1_4","1",,4,"[4]",407,"Upper",10,"Mobile Transfer ticket",1,"[PREMIUM]","[PREMIUM]","[PREMIUM]","[PREMIUM]",true,false,"['Aisle seat','Clear view']","2026-08-15 03:23:37"
"14011352040","2026-09-15 23:49:56.471","2026-09-20 00:23:44.375","14011352040","160418321","[PREMIUM]","[PREMIUM]","130",,"_",,,2,"[2]",594,"Lower",10,"Mobile Transfer ticket",1,"[PREMIUM]","[PREMIUM]","[PREMIUM]","[PREMIUM]",true,true,"['Clear view']","2026-09-11 22:41:39"
"14050041520","2026-09-15 23:49:56.471","2026-09-22 00:10:16.016","14050041520","160418321","[PREMIUM]","[PREMIUM]","146","19","_",,,3,"[1,3]",594,"Lower",10,"Mobile Transfer ticket",1,"[PREMIUM]","[PREMIUM]","[PREMIUM]","[PREMIUM]",true,false,"['Clear view']","2026-09-15 13:35:01"
"14042537589","2026-09-15 23:49:56.126","2026-09-28 05:07:22.110","14042537589","160418321","[PREMIUM]","[PREMIUM]","152","8","19_20","19","20",2,"[2]",594,"Lower",10,"Mobile Transfer ticket",1,"[PREMIUM]","[PREMIUM]","[PREMIUM]","[PREMIUM]",true,false,"['Aisle seat','Clear view']","2026-09-14 20:33:57"
"14048859368","2026-09-15 23:49:55.791","2026-09-16 23:54:21.988","14048859368","160418321","[PREMIUM]","[PREMIUM]","342","33","22_24","22","24",3,"[1,3]",407,"Upper",10,"Mobile Transfer ticket",1,"[PREMIUM]","[PREMIUM]","[PREMIUM]","[PREMIUM]",true,false,"['Clear view']","2026-09-15 11:09:57"
"14044524836","2026-09-15 23:49:55.514","2026-09-15 23:49:55.514","14044524836","160418321","[PREMIUM]","[PREMIUM]","304","23","_",,,2,"[2]",407,"Upper",10,"Mobile Transfer ticket",1,"[PREMIUM]","[PREMIUM]","[PREMIUM]","[PREMIUM]",true,false,"['Clear view']","2026-09-15 00:46:24"
"14053273183","2026-09-15 23:49:52.452","2026-09-20 00:22:49.181","14053273183","160418321","[PREMIUM]","[PREMIUM]","341","21","6_15","6","15",10,"[1,2,3,4,5,6,7,8,10]",407,"Upper",10,"Mobile Transfer ticket",1,"[PREMIUM]","[PREMIUM]","[PREMIUM]","[PREMIUM]",true,false,"['Clear view']","2026-09-15 18:53:22"
"14053273181","2026-09-15 23:49:52.448","2026-09-20 00:22:47.597","14053273181","160418321","[PREMIUM]","[PREMIUM]","339","23","1_10","1","10",10,"[1,2,3,4,5,6,7,8,10]",407,"Upper",10,"Mobile Transfer ticket",1,"[PREMIUM]","[PREMIUM]","[PREMIUM]","[PREMIUM]",true,false,"['Clear view']","2026-09-15 18:53:22"
"14053273163","2026-09-15 23:49:52.311","2026-09-20 00:22:40.254","14053273163","160418321","[PREMIUM]","[PREMIUM]","339","29","13_22","13","22",10,"[1,2,3,4,5,6,7,8,10]",407,"Upper",10,"Mobile Transfer ticket",1,"[PREMIUM]","[PREMIUM]","[PREMIUM]","[PREMIUM]",true,false,"['Clear view']","2026-09-15 18:53:22"
"14053273207","2026-09-15 23:49:51.989","2026-09-23 00:05:18.970","14053273207","160418321","[PREMIUM]","[PREMIUM]","339","32","3_13","3","13",11,"[1,2,3,4,5,6,7,8,9,11]",407,"Upper",10,"Mobile Transfer ticket",1,"[PREMIUM]","[PREMIUM]","[PREMIUM]","[PREMIUM]",true,false,"['Clear view']","2026-09-15 18:53:22"
"14053273153","2026-09-15 23:49:51.439","2026-09-20 00:22:19.893","14053273153","160418321","[PREMIUM]","[PREMIUM]","339","22","5_8","5","8",4,"[2,4]",407,"Upper",10,"Mobile Transfer ticket",1,"[PREMIUM]","[PREMIUM]","[PREMIUM]","[PREMIUM]",true,false,"['Clear view']","2026-09-15 18:53:22"
"14053273264","2026-09-15 23:49:51.439","2026-09-20 00:22:19.893","14053273264","160418321","[PREMIUM]","[PREMIUM]","339","27","6_11","6","11",6,"[1,2,3,4,6]",407,"Upper",10,"Mobile Transfer ticket",1,"[PREMIUM]","[PREMIUM]","[PREMIUM]","[PREMIUM]",true,false,"['Clear view']","2026-09-15 18:53:23"
"14053273218","2026-09-15 23:49:51.439","2026-09-20 00:22:19.893","14053273218","160418321","[PREMIUM]","[PREMIUM]","339","22","13_16","13","16",4,"[2,4]",407,"Upper",10,"Mobile Transfer ticket",1,"[PREMIUM]","[PREMIUM]","[PREMIUM]","[PREMIUM]",true,false,"['Clear view']","2026-09-15 18:53:22"
"14053273257","2026-09-15 23:49:51.425","2026-09-23 00:04:59.864","14053273257","160418321","[PREMIUM]","[PREMIUM]","341","33","1_8","1","8",8,"[1,2,3,4,5,6,8]",407,"Upper",10,"Mobile Transfer ticket",1,"[PREMIUM]","[PREMIUM]","[PREMIUM]","[PREMIUM]",true,false,"['Clear view']","2026-09-15 18:53:23"
"14053273252","2026-09-15 23:49:51.084","2026-09-20 00:21:56.211","14053273252","160418321","[PREMIUM]","[PREMIUM]","340","23","6_8","6","8",3,"[1,3]",407,"Upper",10,"Mobile Transfer ticket",1,"[PREMIUM]","[PREMIUM]","[PREMIUM]","[PREMIUM]",true,false,"['Clear view']","2026-09-15 18:53:23"
"14053273168","2026-09-15 23:49:51.084","2026-09-23 00:04:58.509","14053273168","160418321","[PREMIUM]","[PREMIUM]","341","32","7_12","7","12",6,"[1,2,3,4,6]",407,"Upper",10,"Mobile Transfer ticket",1,"[PREMIUM]","[PREMIUM]","[PREMIUM]","[PREMIUM]",true,false,"['Clear view']","2026-09-15 18:53:22"
"14053273125","2026-09-15 23:49:50.945","2026-09-23 00:04:59.198","14053273125","160418321","[PREMIUM]","[PREMIUM]","341","29","10_15","10","15",6,"[1,2,3,4,6]",407,"Upper",10,"Mobile Transfer ticket",1,"[PREMIUM]","[PREMIUM]","[PREMIUM]","[PREMIUM]",true,false,"['Clear view']","2026-09-15 18:53:22"
"14053273136","2026-09-15 23:49:50.692","2026-09-23 00:04:58.058","14053273136","160418321","[PREMIUM]","[PREMIUM]","311","33","5_10","5","10",6,"[1,2,3,4,6]",407,"Upper",10,"Mobile Transfer ticket",1,"[PREMIUM]","[PREMIUM]","[PREMIUM]","[PREMIUM]",true,false,"['Clear view']","2026-09-15 18:53:22"
"14053273133","2026-09-15 23:49:50.692","2026-09-23 00:04:58.509","14053273133","160418321","[PREMIUM]","[PREMIUM]","341","32","19_24","19","24",6,"[1,2,3,4,6]",407,"Upper",10,"Mobile Transfer ticket",1,"[PREMIUM]","[PREMIUM]","[PREMIUM]","[PREMIUM]",true,false,"['Clear view']","2026-09-15 18:53:22"
"14048859325","2026-09-15 23:49:50.532","2026-09-16 23:54:33.670","14048859325","160418321","[PREMIUM]","[PREMIUM]","342","33","3_10","3","10",8,"[1,2,3,4,5,6,8]",407,"Upper",10,"Mobile Transfer ticket",1,"[PREMIUM]","[PREMIUM]","[PREMIUM]","[PREMIUM]",true,false,"['Clear view']","2026-09-15 11:09:57"
"14048859389","2026-09-15 23:49:50.532","2026-09-16 23:54:41.979","14048859389","160418321","[PREMIUM]","[PREMIUM]","308","33","13_19","13","19",7,"[1,2,3,4,5,7]",407,"Upper",10,"Mobile Transfer ticket",1,"[PREMIUM]","[PREMIUM]","[PREMIUM]","[PREMIUM]",true,false,"['Clear view']","2026-09-15 11:09:57"
"14011351294","2026-09-15 23:49:50.328","2026-09-15 23:49:50.328","14011351294","160418321","[PREMIUM]","[PREMIUM]","308",,"_",,,2,"[2]",407,"Upper",10,"Mobile Transfer ticket",1,"[PREMIUM]","[PREMIUM]","[PREMIUM]","[PREMIUM]",true,true,"['Clear view']","2026-09-11 22:41:37"
"14053273239","2026-09-15 23:49:50.328","2026-09-23 00:04:38.572","14053273239","160418321","[PREMIUM]","[PREMIUM]","341","33","13_16","13","16",4,"[2,4]",407,"Upper",10,"Mobile Transfer ticket",1,"[PREMIUM]","[PREMIUM]","[PREMIUM]","[PREMIUM]",true,false,"['Clear view']","2026-09-15 18:53:22"
"14053273140","2026-09-15 23:49:50.198","2026-09-23 00:05:00.329","14053273140","160418321","[PREMIUM]","[PREMIUM]","341","29","21_22","21","22",2,"[2]",407,"Upper",10,"Mobile Transfer ticket",1,"[PREMIUM]","[PREMIUM]","[PREMIUM]","[PREMIUM]",true,false,"['Clear view']","2026-09-15 18:53:22"
"14048859427","2026-09-15 23:49:50.030","2026-09-16 23:55:08.517","14048859427","160418321","[PREMIUM]","[PREMIUM]","307","33","3_8","3","8",6,"[1,2,3,4,6]",407,"Upper",10,"Mobile Transfer ticket",1,"[PREMIUM]","[PREMIUM]","[PREMIUM]","[PREMIUM]",true,false,"['Clear view']","2026-09-15 11:09:57"
"14044549223","2026-09-15 23:49:49.669","2026-09-23 00:04:36.486","14044549223","160418321","[PREMIUM]","[PREMIUM]","343","17","_",,,6,"[1,2,3,4,6]",407,"Upper",10,"Mobile Transfer ticket",1,"[PREMIUM]","[PREMIUM]","[PREMIUM]","[PREMIUM]",true,false,"['Clear view']","2026-09-15 00:50:25"
"14048859374","2026-09-15 23:49:49.669","2026-09-15 23:49:55.746","14048859374","160418321","[PREMIUM]","[PREMIUM]","307","32","12_16","12","16",5,"[1,2,3,5]",407,"Upper",10,"Mobile Transfer ticket",1,"[PREMIUM]","[PREMIUM]","[PREMIUM]","[PREMIUM]",true,false,"['Clear view']","2026-09-15 11:09:57"
"14048859396","2026-09-15 23:49:49.629","2026-09-15 23:49:49.629","14048859396","160418321","[PREMIUM]","[PREMIUM]","338","31","17_20","17","20",4,"[2,4]",407,"Upper",10,"Mobile Transfer ticket",1,"[PREMIUM]","[PREMIUM]","[PREMIUM]","[PREMIUM]",true,false,"['Clear view']","2026-09-15 11:09:57"
"14053273238","2026-09-15 23:49:49.629","2026-09-23 00:04:38.218","14053273238","160418321","[PREMIUM]","[PREMIUM]","340","34","13_14","13","14",2,"[2]",407,"Upper",10,"Mobile Transfer ticket",1,"[PREMIUM]","[PREMIUM]","[PREMIUM]","[PREMIUM]",true,false,"['Clear view']","2026-09-15 18:53:22"
"14048859316","2026-09-15 23:49:49.549","2026-09-16 23:54:22.344","14048859316","160418321","[PREMIUM]","[PREMIUM]","312","34","7_10","7","10",4,"[2,4]",407,"Upper",10,"Mobile Transfer ticket",1,"[PREMIUM]","[PREMIUM]","[PREMIUM]","[PREMIUM]",true,false,"['Clear view']","2026-09-15 11:09:57"
"14048859373","2026-09-15 23:49:49.152","2026-09-15 23:49:49.152","14048859373","160418321","[PREMIUM]","[PREMIUM]","342","31","19_20","19","20",2,"[2]",407,"Upper",10,"Mobile Transfer ticket",1,"[PREMIUM]","[PREMIUM]","[PREMIUM]","[PREMIUM]",true,false,"['Clear view']","2026-09-15 11:09:57"
"14053961719","2026-09-15 23:49:37.124","2026-09-16 23:39:58.449","14053961719","160437158","[PREMIUM]","[PREMIUM]","440","17","_",,,2,"[2]",1771,"Terrace Level",10,"Mobile Transfer ticket",14,"[PREMIUM]","[PREMIUM]","[PREMIUM]","[PREMIUM]",true,false,"['Clear view']","2026-09-15 20:06:50"
"14055195323","2026-09-15 23:49:37.124","2026-09-16 23:39:59.249","14055195323","160437158","[PREMIUM]","[PREMIUM]","438","8","_",,,3,"[1,3]",1771,"Terrace Level",10,"Mobile Transfer ticket",14,"[PREMIUM]","[PREMIUM]","[PREMIUM]","[PREMIUM]",true,false,"['Clear view']","2026-09-15 22:39:44"
"13765255990","2026-09-15 23:49:36.977","2026-09-15 23:49:36.977","13765255990","160418144","[PREMIUM]","[PREMIUM]","525","J","7_7","7",,1,"[1]",407,"Upper",10,"Mobile Transfer ticket",1,"[PREMIUM]","[PREMIUM]","[PREMIUM]","[PREMIUM]",false,false,"['Clear view']","2026-08-22 02:37:42"
"13835636927","2026-09-15 23:49:32.828","2026-09-28 05:14:36.239","13835636927","160418144","[PREMIUM]","[PREMIUM]","133","EE","10_13","10","13",4,"[2,4]",594,"Lower",11,"Mobile ticket",1,"[PREMIUM]","[PREMIUM]","[PREMIUM]","[PREMIUM]",true,false,"['Clear view','Instant download']","2026-08-27 22:53:55"
"14045820928","2026-09-15 23:49:32.579","2026-09-15 23:49:32.579","14045820928","160418144","[PREMIUM]","[PREMIUM]","117","N","_",,,2,"[2]",594,"Lower",10,"Mobile Transfer ticket",1,"[PREMIUM]","[PREMIUM]","[PREMIUM]","[PREMIUM]",true,false,"['Second Row of Section','Clear view']","2026-09-15 03:05:34"
"13815485188","2026-09-15 23:49:32.477","2026-09-22 23:55:59.453","13815485188","160418144","[PREMIUM]","[PREMIUM]","140","D","9001_9002","9001",,2,"[2]",594,"Lower",10,"Mobile Transfer ticket",13,"[PREMIUM]","[PREMIUM]","[PREMIUM]","[PREMIUM]",true,false,"['Clear view']","2026-08-26 07:37:12"
"13989077972","2026-09-15 23:49:32.477","2026-09-22 23:55:59.453","13989077972","160418144","[PREMIUM]","[PREMIUM]","228","F","9001_9003","9001",,3,"[3]",8871,"North End Zone",10,"Mobile Transfer ticket",13,"[PREMIUM]","[PREMIUM]","[PREMIUM]","[PREMIUM]",true,false,"['Clear view']","2026-09-10 08:06:49"
"14028487956","2026-09-15 23:49:32.117","2026-09-15 23:49:32.117","14028487956","160418144","[PREMIUM]","[PREMIUM]","128","T","17_18","17","18",2,"[2]",594,"Lower",10,"Mobile Transfer ticket",1,"[PREMIUM]","[PREMIUM]","[PREMIUM]","[PREMIUM]",true,false,"['Clear view']","2026-09-13 12:20:16"
"14045829090","2026-09-15 23:49:31.869","2026-09-18 00:34:04.276","14045829090","160418144","[PREMIUM]","[PREMIUM]","105","M","_",,,2,"[2]",594,"Lower",10,"Mobile Transfer ticket",1,"[PREMIUM]","[PREMIUM]","[PREMIUM]","[PREMIUM]",true,false,"['Front Row of Section','Clear view']","2026-09-15 03:06:16"
"14045822045","2026-09-15 23:49:31.588","2026-09-15 23:49:31.588","14045822045","160418144","[PREMIUM]","[PREMIUM]","105","O","_",,,2,"[2]",594,"Lower",10,"Mobile Transfer ticket",1,"[PREMIUM]","[PREMIUM]","[PREMIUM]","[PREMIUM]",true,false,"['Third Row of Section','Clear view']","2026-09-15 03:05:39"
"14053601102","2026-09-15 23:49:31.343","2026-09-15 23:49:31.343","14053601102","160437158","[PREMIUM]","[PREMIUM]","128","35","_",,,2,"[2]",952,"Main Level",10,"Mobile Transfer ticket",14,"[PREMIUM]","[PREMIUM]","[PREMIUM]","[PREMIUM]",true,false,"['Clear view']","2026-09-15 19:29:11"
"14053564732","2026-09-15 23:49:28.792","2026-09-15 23:49:28.792","14053564732","160418144","[PREMIUM]","[PREMIUM]","525","A","_",,,2,"[2]",407,"Upper",10,"Mobile Transfer ticket",1,"[PREMIUM]","[PREMIUM]","[PREMIUM]","[PREMIUM]",true,false,"['Front Row of Section','Clear view']","2026-09-15 19:26:12"
"14044133631","2026-09-15 23:49:28.745","2026-09-28 05:14:36.741","14044133631","160418144","[PREMIUM]","[PREMIUM]","139","G","11_12","11",,2,"[2]",594,"Lower",10,"Mobile Transfer ticket",1,"[PREMIUM]","[PREMIUM]","[PREMIUM]","[PREMIUM]",true,false,"['Clear view']","2026-09-14 23:53:00"
"14054774526","2026-09-15 23:49:28.398","2026-09-15 23:49:28.398","14054774526","160418144","[PREMIUM]","[PREMIUM]","109","R","_",,,4,"[4]",594,"Lower",10,"Mobile Transfer ticket",1,"[PREMIUM]","[PREMIUM]","[PREMIUM]","[PREMIUM]",true,false,"['Clear view']","2026-09-15 21:55:21"
"14000374930","2026-09-15 23:49:28.330","2026-09-23 23:36:52.389","14000374930","160418144","[PREMIUM]","[PREMIUM]","533","G","17_20","17",,4,"[1,2,3,4]",407,"Upper",10,"Mobile Transfer ticket",1,"[PREMIUM]","[PREMIUM]","[PREMIUM]","[PREMIUM]",true,false,"['Clear view']","2026-09-11 02:22:09"
"14043934274","2026-09-15 23:49:27.630","2026-09-15 23:49:27.630","14043934274","160418144","[PREMIUM]","[PREMIUM]","540","A","_",,,2,"[2]",407,"Upper",10,"Mobile Transfer ticket",1,"[PREMIUM]","[PREMIUM]","[PREMIUM]","[PREMIUM]",true,false,"['Front Row of Section','Clear view']","2026-09-14 23:25:05"
"13640921832","2026-09-15 23:49:27.273","2026-09-15 23:49:27.273","13640921832","160418144","[PREMIUM]","[PREMIUM]","139","X","7_8","7",,2,"[2]",594,"Lower",10,"Mobile Transfer ticket",14,"[PREMIUM]","[PREMIUM]","[PREMIUM]","[PREMIUM]",true,false,"['Clear view']","2026-08-11 21:31:57"
"14051037688","2026-09-15 23:49:26.580","2026-09-23 23:36:18.472","14051037688","160418144","[PREMIUM]","[PREMIUM]","522","B","9001_9004","9001",,4,"[4]",407,"Upper",10,"Mobile Transfer ticket",13,"[PREMIUM]","[PREMIUM]","[PREMIUM]","[PREMIUM]",true,false,"['Second Row of Section','Clear view']","2026-09-15 15:10:37"
"14045294178","2026-09-15 23:49:26.037","2026-09-16 23:53:41.800","14045294178","160418144","[PREMIUM]","[PREMIUM]","535","J","9001_9002","9001",,2,"[2]",407,"Upper",10,"Mobile Transfer ticket",13,"[PREMIUM]","[PREMIUM]","[PREMIUM]","[PREMIUM]",true,false,"['Clear view']","2026-09-15 02:04:21"
"14050757346","2026-09-15 23:49:26.037","2026-09-15 23:49:26.037","14050757346","160418144","[PREMIUM]","[PREMIUM]","510","M","_",,,2,"[2]",407,"Upper",10,"Mobile Transfer ticket",1,"[PREMIUM]","[PREMIUM]","[PREMIUM]","[PREMIUM]",true,false,"['Clear view']","2026-09-15 14:44:47"
"13904233975","2026-09-15 23:49:25.912","2026-09-28 05:05:10.916","13904233975","160437158","[PREMIUM]","[PREMIUM]","124","5","7_9","7",,3,"[3]",952,"Main Level",10,"Mobile Transfer ticket",1,"[PREMIUM]","[PREMIUM]","[PREMIUM]","[PREMIUM]",true,false,"['Clear view']","2026-09-02 14:48:35"
"14053450614","2026-09-15 23:49:25.912","2026-09-15 23:49:25.912","14053450614","160437158","[PREMIUM]","[PREMIUM]","408","1","9001_9005","9001",,5,"[5]",1771,"Terrace Level",10,"Mobile Transfer ticket",13,"[PREMIUM]","[PREMIUM]","[PREMIUM]","[PREMIUM]",true,false,"['Clear view']","2026-09-15 19:13:03"
"14038480004","2026-09-15 23:49:25.771","2026-09-22 00:05:25.470","14038480004","160437151","[PREMIUM]","[PREMIUM]","136","3","_",,,2,"[2]",952,"Main Level",10,"Mobile Transfer ticket",1,"[PREMIUM]","[PREMIUM]","[PREMIUM]","[PREMIUM]",true,false,"['Third Row of Section','Clear view']","2026-09-14 12:36:31"
"14045381078","2026-09-15 23:49:25.771","2026-09-15 23:54:47.803","14045381078","160437151","[PREMIUM]","[PREMIUM]","117","4","_",,,2,"[2]",952,"Main Level",10,"Mobile Transfer ticket",1,"[PREMIUM]","[PREMIUM]","[PREMIUM]","[PREMIUM]",true,false,"['Clear view']","2026-09-15 02:15:34"
"14054714279","2026-09-15 23:49:25.771","2026-09-15 23:54:47.243","14054714279","160437151","[PREMIUM]","[PREMIUM]","447","C","_",,,4,"[2,4]",5506,"Ring of Honor",10,"Mobile Transfer ticket",1,"[PREMIUM]","[PREMIUM]","[PREMIUM]","[PREMIUM]",true,false,"['Third Row of Section','Clear view']","2026-09-15 21:49:53"
"14050058038","2026-09-15 23:49:17.700","2026-09-15 23:49:17.700","14050058038","160437151","[PREMIUM]","[PREMIUM]","121","4","9001_9001","9001",,1,"[1]",952,"Main Level",10,"Mobile Transfer ticket",13,"[PREMIUM]","[PREMIUM]","[PREMIUM]","[PREMIUM]",false,false,"['Clear view']","2026-09-15 13:36:54"
"14051069863","2026-09-15 23:49:16.819","2026-09-16 23:39:41.145","14051069863","160437151","[PREMIUM]","[PREMIUM]","102","16","_",,,2,"[2]",952,"Main Level",10,"Mobile Transfer ticket",14,"[PREMIUM]","[PREMIUM]","[PREMIUM]","[PREMIUM]",true,false,"['Clear view']","2026-09-15 15:14:24"
"13663070321","2026-09-15 23:49:16.370","2026-09-27 22:24:25.191","13663070321","160418144","[PREMIUM]","[PREMIUM]","220","P","11_12","11",,2,"[2]",8871,"North End Zone",10,"Mobile Transfer ticket",1,"[PREMIUM]","[PREMIUM]","[PREMIUM]","[PREMIUM]",true,false,"['Clear view']","2026-08-13 18:25:04"
"14045829742","2026-09-15 23:49:15.143","2026-09-15 23:49:15.143","14045829742","160418144","[PREMIUM]","[PREMIUM]","505","L","_",,,2,"[2]",407,"Upper",10,"Mobile Transfer ticket",1,"[PREMIUM]","[PREMIUM]","[PREMIUM]","[PREMIUM]",true,false,"['Clear view']","2026-09-15 03:06:20"
"14044133414","2026-09-15 23:49:13.647","2026-09-28 05:14:16.217","14044133414","160418144","[PREMIUM]","[PREMIUM]","533","U","99_100","99",,2,"[2]",407,"Upper",10,"Mobile Transfer ticket",1,"[PREMIUM]","[PREMIUM]","[PREMIUM]","[PREMIUM]",true,false,"['Clear view']","2026-09-14 23:52:59"
"14044133366","2026-09-15 23:49:13.647","2026-09-28 05:14:16.217","14044133366","160418144","[PREMIUM]","[PREMIUM]","533","AA","99_100","99",,2,"[2]",407,"Upper",10,"Mobile Transfer ticket",1,"[PREMIUM]","[PREMIUM]","[PREMIUM]","[PREMIUM]",true,false,"['Clear view']","2026-09-14 23:52:59"
"14044132685","2026-09-15 23:49:13.647","2026-09-28 05:14:16.217","14044132685","160418144","[PREMIUM]","[PREMIUM]","536","T","99_100","99",,2,"[2]",407,"Upper",10,"Mobile Transfer ticket",1,"[PREMIUM]","[PREMIUM]","[PREMIUM]","[PREMIUM]",true,false,"['Clear view']","2026-09-14 23:52:56"
"14054056305","2026-09-15 23:49:01.888","2026-09-15 23:49:01.888","14054056305","160418144","[PREMIUM]","[PREMIUM]","532","R","_",,,1,"[1]",407,"Upper",10,"Mobile Transfer ticket",1,"[PREMIUM]","[PREMIUM]","[PREMIUM]","[PREMIUM]",false,false,"['Clear view']","2026-09-15 20:16:59"
"14039921180","2026-09-15 23:49:00.013","2026-09-28 05:14:16.019","14039921180","160418144","[PREMIUM]","[PREMIUM]","530","Q","5_6","5",,2,"[2]",407,"Upper",10,"Mobile Transfer ticket",1,"[PREMIUM]","[PREMIUM]","[PREMIUM]","[PREMIUM]",true,false,"['Clear view']","2026-09-14 15:37:19"
"13820845188","2026-09-15 23:48:58.432","2026-09-28 05:14:16.958","13820845188","160418144","[PREMIUM]","[PREMIUM]","532","GG","_",,,1,"[1]",407,"Upper",10,"Mobile Transfer ticket",1,"[PREMIUM]","[PREMIUM]","[PREMIUM]","[PREMIUM]",false,false,"['Clear view']","2026-08-26 18:52:54"
"12699595481","2026-09-15 23:48:58.080","2026-09-28 05:14:16.958","12699595481","160418144","[PREMIUM]","[PREMIUM]","504","V","_",,,2,"[2]",407,"Upper",10,"Mobile Transfer ticket",1,"[PREMIUM]","[PREMIUM]","[PREMIUM]","[PREMIUM]",true,false,"['Clear view']","2026-05-15 16:34:11"
"13794191231","2026-09-15 23:48:58.080","2026-09-19 00:03:30.142","13794191231","160418144","[PREMIUM]","[PREMIUM]","518","LL","_",,,2,"[2]",407,"Upper",10,"Mobile Transfer ticket",1,"[PREMIUM]","[PREMIUM]","[PREMIUM]","[PREMIUM]",true,false,"['Clear view']","2026-08-24 19:22:36"
"13794174704","2026-09-15 23:48:57.667","2026-09-21 00:11:54.690","13794174704","160418144","[PREMIUM]","[PREMIUM]","529","LL","_",,,2,"[2]",407,"Upper",10,"Mobile Transfer ticket",1,"[PREMIUM]","[PREMIUM]","[PREMIUM]","[PREMIUM]",true,false,"['Clear view']","2026-08-24 19:21:37"
"14035650992","2026-09-15 23:48:56.248","2026-09-15 23:54:52.864","14035650992","160437151","[PREMIUM]","[PREMIUM]","442","B","_",,,2,"[2]",5506,"Ring of Honor",10,"Mobile Transfer ticket",1,"[PREMIUM]","[PREMIUM]","[PREMIUM]","[PREMIUM]",true,false,"['Second Row of Section','Clear view']","2026-09-14 04:30:43"
"14051055825","2026-09-15 23:48:56.111","2026-09-15 23:53:49.254","14051055825","160437151","[PREMIUM]","[PREMIUM]","414","7","9001_9004","9001",,4,"[4]",1771,"Terrace Level",10,"Mobile Transfer ticket",13,"[PREMIUM]","[PREMIUM]","[PREMIUM]","[PREMIUM]",true,false,"['Clear view']","2026-09-15 15:12:04"
"14053596353","2026-09-15 23:48:56.111","2026-09-15 23:48:56.111","14053596353","160437158","[PREMIUM]","[PREMIUM]","445","A","9001_9002","9001",,2,"[2]",5506,"Ring of Honor",10,"Mobile Transfer ticket",13,"[PREMIUM]","[PREMIUM]","[PREMIUM]","[PREMIUM]",true,false,"['Front Row of Section','Clear view']","2026-09-15 19:28:45"
"12692133141","2026-09-15 23:48:55.907","2026-09-18 23:56:09.472","12692133141","160437158","[PREMIUM]","[PREMIUM]","128","39","1_16","1",,16,"[1,2,3,4,5,6,7,8,9,10,11,12,13,14,16]",952,"Main Level",10,"Mobile Transfer ticket",1,"[PREMIUM]","[PREMIUM]","[PREMIUM]","[PREMIUM]",true,false,"['Clear view']","2026-05-15 02:02:03"
"14049101051","2026-09-15 23:48:55.907","2026-09-16 23:41:40.658","14049101051","160437158","[PREMIUM]","[PREMIUM]","448","1","9001_9002","9001",,2,"[2]",1771,"Terrace Level",10,"Mobile Transfer ticket",1,"[PREMIUM]","[PREMIUM]","[PREMIUM]","[PREMIUM]",true,false,"['Clear view']","2026-09-15 11:42:47"
"14052003034","2026-09-15 23:48:55.430","2026-09-15 23:48:55.430","14052003034","160437158","[PREMIUM]","[PREMIUM]","108","19","9001_9002","9001",,2,"[2]",952,"Main Level",10,"Mobile Transfer ticket",13,"[PREMIUM]","[PREMIUM]","[PREMIUM]","[PREMIUM]",true,false,"['Clear view']","2026-09-15 16:29:30"
"14050249235","2026-09-15 23:48:54.994","2026-09-15 23:52:41.540","14050249235","160437151","[PREMIUM]","[PREMIUM]","411","2","9001_9002","9001",,2,"[2]",1771,"Terrace Level",10,"Mobile Transfer ticket",13,"[PREMIUM]","[PREMIUM]","[PREMIUM]","[PREMIUM]",true,false,"['Clear view']","2026-09-15 13:55:14"
"14052966649","2026-09-15 23:48:54.994","2026-09-15 23:52:41.540","14052966649","160437151","[PREMIUM]","[PREMIUM]","438","B","9001_9003","9001",,3,"[3]",5506,"Ring of Honor",10,"Mobile Transfer ticket",13,"[PREMIUM]","[PREMIUM]","[PREMIUM]","[PREMIUM]",true,false,"['Second Row of Section','Clear view']","2026-09-15 18:21:03"
"14052307951","2026-09-15 23:48:54.994","2026-09-15 23:52:42.999","14052307951","160437151","[PREMIUM]","[PREMIUM]","136","36","_",,,7,"[1,2,3,5,7]",952,"Main Level",10,"Mobile Transfer ticket",14,"[PREMIUM]","[PREMIUM]","[PREMIUM]","[PREMIUM]",true,false,"['Clear view']","2026-09-15 17:03:41"
"14025186297","2026-09-15 23:48:54.963","2026-09-28 05:18:33.135","14025186297","160437151","[PREMIUM]","[PREMIUM]","128","6","_",,,1,"[1]",952,"Main Level",10,"Mobile Transfer ticket",1,"[PREMIUM]","[PREMIUM]","[PREMIUM]","[PREMIUM]",false,false,"['Clear view']","2026-09-13 02:39:19"
"14051049613","2026-09-15 23:48:54.963","2026-09-15 23:48:54.963","14051049613","160437151","[PREMIUM]","[PREMIUM]","248","12","9001_9004","9001",,4,"[4]",300,"Club Level",10,"Mobile Transfer ticket",13,"[PREMIUM]","[PREMIUM]","[PREMIUM]","[PREMIUM]",true,false,"['Clear view']","2026-09-15 15:11:33"
"14051816682","2026-09-15 23:48:54.963","2026-09-15 23:48:54.963","14051816682","160437151","[PREMIUM]","[PREMIUM]","206","9","9001_9002","9001",,2,"[2]",300,"Club Level",10,"Mobile Transfer ticket",13,"[PREMIUM]","[PREMIUM]","[PREMIUM]","[PREMIUM]",true,false,"['Clear view']","2026-09-15 16:13:11"
"14052608247","2026-09-15 23:48:54.963","2026-09-15 23:48:54.963","14052608247","160437151","[PREMIUM]","[PREMIUM]","205","5","9001_9003","9001",,3,"[3]",300,"Club Level",10,"Mobile Transfer ticket",13,"[PREMIUM]","[PREMIUM]","[PREMIUM]","[PREMIUM]",true,false,"['Clear view']","2026-09-15 17:35:14"
"14051223485","2026-09-15 23:48:54.752","2026-09-15 23:48:54.752","14051223485","160437158","[PREMIUM]","[PREMIUM]","243","7","9001_9002","9001",,2,"[2]",300,"Club Level",10,"Mobile Transfer ticket",13,"[PREMIUM]","[PREMIUM]","[PREMIUM]","[PREMIUM]",true,false,"['Clear view']","2026-09-15 15:28:55"
"14051441234","2026-09-15 23:48:54.752","2026-09-15 23:48:54.752","14051441234","160437158","[PREMIUM]","[PREMIUM]","203","1","9001_9003","9001",,3,"[3]",300,"Club Level",10,"Mobile Transfer ticket",13,"[PREMIUM]","[PREMIUM]","[PREMIUM]","[PREMIUM]",true,false,"['Front Row of Section','Clear view']","2026-09-15 15:44:34"
"14052567156","2026-09-15 23:48:54.752","2026-09-15 23:48:54.752","14052567156","160437158","[PREMIUM]","[PREMIUM]","245","1","_",,,2,"[2]",300,"Club Level",10,"Mobile Transfer ticket",1,"[PREMIUM]","[PREMIUM]","[PREMIUM]","[PREMIUM]",true,false,"['Front Row of Section','Clear view']","2026-09-15 17:30:34"
"14054206808","2026-09-15 23:48:54.752","2026-09-15 23:48:54.752","14054206808","160437158","[PREMIUM]","[PREMIUM]","230","1","9001_9003","9001",,3,"[3]",300,"Club Level",10,"Mobile Transfer ticket",13,"[PREMIUM]","[PREMIUM]","[PREMIUM]","[PREMIUM]",true,false,"['Front Row of Section','Clear view']","2026-09-15 20:34:25"
"14038196669","2026-09-15 23:48:54.583","2026-09-15 23:48:54.583","14038196669","160437158","[PREMIUM]","[PREMIUM]","431","A","9001_9003","9001",,3,"[1,3]",5506,"Ring of Honor",10,"Mobile Transfer ticket",1,"[PREMIUM]","[PREMIUM]","[PREMIUM]","[PREMIUM]",true,false,"['Front Row of Section','Clear view']","2026-09-14 11:52:46"
"14030723513","2026-09-15 23:48:54.423","2026-09-18 00:34:57.131","14030723513","160437158","[PREMIUM]","[PREMIUM]","105","32","9001_9006","9001",,6,"[1,2,3,4,6]",952,"Main Level",10,"Mobile Transfer ticket",1,"[PREMIUM]","[PREMIUM]","[PREMIUM]","[PREMIUM]",true,false,"['Clear view']","2026-09-13 17:12:45"
"14047803276","2026-09-15 23:48:54.423","2026-09-15 23:48:54.423","14047803276","160437158","[PREMIUM]","[PREMIUM]","228","2","9001_9004","9001",,4,"[1,2,4]",300,"Club Level",10,"Mobile Transfer ticket",1,"[PREMIUM]","[PREMIUM]","[PREMIUM]","[PREMIUM]",true,false,"['Second Row of Section','Clear view']","2026-09-15 08:03:44"
"14054887229","2026-09-15 23:48:54.423","2026-09-15 23:48:54.423","14054887229","160437158","[PREMIUM]","[PREMIUM]","228","3","_",,,2,"[2]",300,"Club Level",10,"Mobile Transfer ticket",1,"[PREMIUM]","[PREMIUM]","[PREMIUM]","[PREMIUM]",true,false,"['Third Row of Section','Clear view']","2026-09-15 22:07:20"
"14043500234","2026-09-15 23:48:52.236","2026-09-15 23:54:39.534","14043500234","160437151","[PREMIUM]","[PREMIUM]","414","1","9001_9001","9001",,1,"[1]",1771,"Terrace Level",10,"Mobile Transfer ticket",1,"[PREMIUM]","[PREMIUM]","[PREMIUM]","[PREMIUM]",false,false,"['Clear view']","2026-09-14 22:31:08"
"14045473786","2026-09-15 23:48:52.236","2026-09-18 23:56:44.940","14045473786","160437151","[PREMIUM]","[PREMIUM]","132","17","_",,,5,"[1,2,3,5]",952,"Main Level",10,"Mobile Transfer ticket",1,"[PREMIUM]","[PREMIUM]","[PREMIUM]","[PREMIUM]",true,false,"['Clear view']","2026-09-15 02:28:20"
"14022365176","2026-09-15 23:48:51.482","2026-09-24 00:05:33.055","14022365176","160437158","[PREMIUM]","[PREMIUM]","131","21","5_8","5",,4,"[1,2,4]",952,"Main Level",10,"Mobile Transfer ticket",1,"[PREMIUM]","[PREMIUM]","[PREMIUM]","[PREMIUM]",true,false,"['Clear view']","2026-09-12 20:26:05"
"14046657813","2026-09-15 23:48:51.119","2026-09-15 23:55:17.026","14046657813","160437151","[PREMIUM]","[PREMIUM]","429","A","9001_9001","9001",,1,"[1]",5506,"Ring of Honor",10,"Mobile Transfer ticket",1,"[PREMIUM]","[PREMIUM]","[PREMIUM]","[PREMIUM]",false,false,"['Front Row of Section','Clear view']","2026-09-15 04:52:02"
"14050576212","2026-09-15 23:48:51.119","2026-09-15 23:54:41.042","14050576212","160437151","[PREMIUM]","[PREMIUM]","120","3","9001_9003","9001",,3,"[3]",952,"Main Level",10,"Mobile Transfer ticket",13,"[PREMIUM]","[PREMIUM]","[PREMIUM]","[PREMIUM]",true,false,"['Third Row of Section','Clear view']","2026-09-15 14:28:05"
"14050204317","2026-09-15 23:48:50.434","2026-09-15 23:48:50.434","14050204317","160437158","[PREMIUM]","[PREMIUM]","220","6","9001_9002","9001",,2,"[2]",300,"Club Level",10,"Mobile Transfer ticket",13,"[PREMIUM]","[PREMIUM]","[PREMIUM]","[PREMIUM]",true,false,"['Clear view']","2026-09-15 13:50:11"
"14050368713","2026-09-15 23:48:50.434","2026-09-15 23:48:50.434","14050368713","160437158","[PREMIUM]","[PREMIUM]","447","C","9001_9004","9001",,4,"[4]",5506,"Ring of Honor",10,"Mobile Transfer ticket",13,"[PREMIUM]","[PREMIUM]","[PREMIUM]","[PREMIUM]",true,false,"['Third Row of Section','Clear view']","2026-09-15 14:05:14"
"14052333574","2026-09-15 23:48:50.434","2026-09-15 23:48:50.434","14052333574","160437158","[PREMIUM]","[PREMIUM]","412","D","9001_9002","9001",,2,"[2]",5506,"Ring of Honor",10,"Mobile Transfer ticket",13,"[PREMIUM]","[PREMIUM]","[PREMIUM]","[PREMIUM]",true,false,"['Clear view']","2026-09-15 17:06:37"
"14046990661","2026-09-15 23:48:50.073","2026-09-15 23:54:54.292","14046990661","160437151","[PREMIUM]","[PREMIUM]","137","24","9001_9004","9001",,4,"[1,2,4]",952,"Main Level",10,"Mobile Transfer ticket",1,"[PREMIUM]","[PREMIUM]","[PREMIUM]","[PREMIUM]",true,false,"['Clear view']","2026-09-15 05:42:58"
"14045381069","2026-09-15 23:48:48.978","2026-09-15 23:48:48.978","14045381069","160437151","[PREMIUM]","[PREMIUM]","118","7","_",,,2,"[2]",952,"Main Level",10,"Mobile Transfer ticket",1,"[PREMIUM]","[PREMIUM]","[PREMIUM]","[PREMIUM]",true,false,"['Clear view']","2026-09-15 02:15:34"
"14051811840","2026-09-15 23:48:48.226","2026-09-15 23:48:48.226","14051811840","160437158","[PREMIUM]","[PREMIUM]","120","3","9001_9003","9001",,3,"[3]",952,"Main Level",10,"Mobile Transfer ticket",13,"[PREMIUM]","[PREMIUM]","[PREMIUM]","[PREMIUM]",true,false,"['Third Row of Section','Clear view']","2026-09-15 16:12:51"
"14051445675","2026-09-15 23:48:48.226","2026-09-15 23:48:48.226","14051445675","160437158","[PREMIUM]","[PREMIUM]","120","4","9001_9003","9001",,3,"[3]",952,"Main Level",10,"Mobile Transfer ticket",13,"[PREMIUM]","[PREMIUM]","[PREMIUM]","[PREMIUM]",true,false,"['Clear view']","2026-09-15 15:44:57"
"14055411048","2026-09-15 23:48:48.226","2026-09-15 23:48:48.226","14055411048","160437158","[PREMIUM]","[PREMIUM]","118","5","9001_9003","9001",,3,"[3]",952,"Main Level",10,"Mobile Transfer ticket",13,"[PREMIUM]","[PREMIUM]","[PREMIUM]","[PREMIUM]",true,false,"['Clear view']","2026-09-15 23:07:09"
"14049950780","2026-09-15 23:48:44.706","2026-09-15 23:48:44.706","14049950780","160437158","[PREMIUM]","[PREMIUM]","108","24","9001_9002","9001",,2,"[2]",952,"Main Level",10,"Mobile Transfer ticket",13,"[PREMIUM]","[PREMIUM]","[PREMIUM]","[PREMIUM]",true,false,"['Clear view']","2026-09-15 13:25:15"
"14051063494","2026-09-15 23:48:43.297","2026-09-15 23:48:43.297","14051063494","160437158","[PREMIUM]","[PREMIUM]","205","4","9001_9004","9001",,4,"[4]",300,"Club Level",10,"Mobile Transfer ticket",13,"[PREMIUM]","[PREMIUM]","[PREMIUM]","[PREMIUM]",true,false,"['Clear view']","2026-09-15 15:12:58"
"14054626809","2026-09-15 23:48:43.153","2026-09-15 23:48:43.153","14054626809","160437158","[PREMIUM]","[PREMIUM]","222","2","9001_9004","9001",,4,"[4]",300,"Club Level",10,"Mobile Transfer ticket",13,"[PREMIUM]","[PREMIUM]","[PREMIUM]","[PREMIUM]",true,false,"['Second Row of Section','Clear view']","2026-09-15 21:34:32"
"14055339791","2026-09-15 23:48:42.599","2026-09-15 23:54:35.041","14055339791","160437151","[PREMIUM]","[PREMIUM]","435","1","9001_9005","9001",,5,"[1,2,3,5]",1771,"Terrace Level",10,"Mobile Transfer ticket",1,"[PREMIUM]","[PREMIUM]","[PREMIUM]","[PREMIUM]",true,false,"['Clear view']","2026-09-15 22:58:07"
"14046975744","2026-09-15 23:48:42.256","2026-09-15 23:48:42.256","14046975744","160437158","[PREMIUM]","[PREMIUM]","402","E","9001_9002","9001",,2,"[2]",5506,"Ring of Honor",10,"Mobile Transfer ticket",1,"[PREMIUM]","[PREMIUM]","[PREMIUM]","[PREMIUM]",true,false,"['Clear view']","2026-09-15 05:40:44"
"14047413470","2026-09-15 23:48:42.256","2026-09-15 23:48:42.256","14047413470","160437158","[PREMIUM]","[PREMIUM]","424","B","9001_9002","9001",,2,"[2]",5506,"Ring of Honor",10,"Mobile Transfer ticket",1,"[PREMIUM]","[PREMIUM]","[PREMIUM]","[PREMIUM]",true,false,"['Second Row of Section','Clear view']","2026-09-15 06:58:48"
"14049923163","2026-09-15 23:48:42.256","2026-09-15 23:48:42.256","14049923163","160437158","[PREMIUM]","[PREMIUM]","117","15","_",,,2,"[2]",952,"Main Level",10,"Mobile Transfer ticket",1,"[PREMIUM]","[PREMIUM]","[PREMIUM]","[PREMIUM]",true,false,"['Clear view']","2026-09-15 13:23:08"
"14051059291","2026-09-15 23:48:41.498","2026-09-15 23:54:40.269","14051059291","160437151","[PREMIUM]","[PREMIUM]","410","B","9001_9003","9001",,3,"[3]",5506,"Ring of Honor",10,"Mobile Transfer ticket",13,"[PREMIUM]","[PREMIUM]","[PREMIUM]","[PREMIUM]",true,false,"['Second Row of Section','Clear view']","2026-09-15 15:12:27"
"14051448712","2026-09-15 23:48:41.498","2026-09-15 23:54:40.269","14051448712","160437151","[PREMIUM]","[PREMIUM]","121","2","9001_9002","9001",,2,"[2]",952,"Main Level",10,"Mobile Transfer ticket",13,"[PREMIUM]","[PREMIUM]","[PREMIUM]","[PREMIUM]",true,false,"['Second Row of Section','Clear view']","2026-09-15 15:45:11"
"14043984375","2026-09-15 23:48:41.142","2026-09-15 23:48:41.142","14043984375","160437158","[PREMIUM]","[PREMIUM]","449","2","9001_9006","9001",,6,"[1,2,3,4,6]",1771,"Terrace Level",10,"Mobile Transfer ticket",1,"[PREMIUM]","[PREMIUM]","[PREMIUM]","[PREMIUM]",true,false,"['Clear view']","2026-09-14 23:34:41"
"14053909252","2026-09-15 23:48:41.142","2026-09-15 23:48:41.142","14053909252","160437158","[PREMIUM]","[PREMIUM]","407","2","9001_9002","9001",,2,"[2]",1771,"Terrace Level",10,"Mobile Transfer ticket",1,"[PREMIUM]","[PREMIUM]","[PREMIUM]","[PREMIUM]",true,false,"['Clear view']","2026-09-15 20:00:34"
"14046580350","2026-09-15 23:48:39.784","2026-09-18 00:26:52.193","14046580350","160437158","[PREMIUM]","[PREMIUM]","414","1","9001_9001","9001",,1,"[1]",1771,"Terrace Level",10,"Mobile Transfer ticket",1,"[PREMIUM]","[PREMIUM]","[PREMIUM]","[PREMIUM]",false,false,"['Clear view']","2026-09-15 04:44:14"
"14050462808","2026-09-15 23:48:39.442","2026-09-15 23:48:39.442","14050462808","160437158","[PREMIUM]","[PREMIUM]","410","B","_",,,1,"[1]",5506,"Ring of Honor",10,"Mobile Transfer ticket",1,"[PREMIUM]","[PREMIUM]","[PREMIUM]","[PREMIUM]",false,false,"['Second Row of Section','Clear view']","2026-09-15 14:15:47"
"14048815791","2026-09-15 23:48:38.784","2026-09-15 23:49:01.097","14048815791","160437158","[PREMIUM]","[PREMIUM]","110","17","1009_1010","1009","1010",2,"[2]",952,"Main Level",10,"Mobile Transfer ticket",1,"[PREMIUM]","[PREMIUM]","[PREMIUM]","[PREMIUM]",true,false,"['Clear view']","2026-09-15 11:04:17"
"14043984377","2026-09-15 23:48:37.065","2026-09-15 23:48:37.065","14043984377","160437158","[PREMIUM]","[PREMIUM]","436","B","9001_9005","9001",,5,"[1,2,3,5]",5506,"Ring of Honor",10,"Mobile Transfer ticket",1,"[PREMIUM]","[PREMIUM]","[PREMIUM]","[PREMIUM]",true,false,"['Second Row of Section','Clear view']","2026-09-14 23:34:41"
"14051045814","2026-09-15 23:48:37.065","2026-09-15 23:48:37.065","14051045814","160437158","[PREMIUM]","[PREMIUM]","117","4","9001_9002","9001",,2,"[2]",952,"Main Level",10,"Mobile Transfer ticket",13,"[PREMIUM]","[PREMIUM]","[PREMIUM]","[PREMIUM]",true,false,"['Clear view']","2026-09-15 15:11:16"
"14055195278","2026-09-15 23:48:37.065","2026-09-16 23:41:24.704","14055195278","160437158","[PREMIUM]","[PREMIUM]","112","26","_",,,2,"[2]",952,"Main Level",10,"Mobile Transfer ticket",14,"[PREMIUM]","[PREMIUM]","[PREMIUM]","[PREMIUM]",true,false,"['Clear view']","2026-09-15 22:39:43"
"14053601088","2026-09-15 23:48:36.722","2026-09-18 00:34:25.946","14053601088","160437158","[PREMIUM]","[PREMIUM]","112","29","_",,,2,"[2]",952,"Main Level",10,"Mobile Transfer ticket",14,"[PREMIUM]","[PREMIUM]","[PREMIUM]","[PREMIUM]",true,false,"['Clear view']","2026-09-15 19:29:11"
"14053193470","2026-09-15 23:48:36.722","2026-09-15 23:48:36.722","14053193470","160437158","[PREMIUM]","[PREMIUM]","415","2","_",,,2,"[2]",1771,"Terrace Level",10,"Mobile Transfer ticket",1,"[PREMIUM]","[PREMIUM]","[PREMIUM]","[PREMIUM]",true,false,"['Clear view']","2026-09-15 18:46:50"
"14035653812","2026-09-15 23:48:36.383","2026-09-15 23:48:36.383","14035653812","160437151","[PREMIUM]","[PREMIUM]","446","A","_",,,2,"[2]",5506,"Ring of Honor",10,"Mobile Transfer ticket",1,"[PREMIUM]","[PREMIUM]","[PREMIUM]","[PREMIUM]",true,false,"['Front Row of Section','Clear view']","2026-09-14 04:30:57"
"14054466949","2026-09-15 23:48:36.019","2026-09-15 23:48:36.019","14054466949","160437158","[PREMIUM]","[PREMIUM]","449","B","_",,,2,"[2]",5506,"Ring of Honor",10,"Mobile Transfer ticket",1,"[PREMIUM]","[PREMIUM]","[PREMIUM]","[PREMIUM]",true,false,"['Second Row of Section','Clear view']","2026-09-15 21:06:33"
"14055604458","2026-09-15 23:48:34.720","2026-09-15 23:48:34.720","14055604458","160437158","[PREMIUM]","[PREMIUM]","443","5","9001_9002","9001",,2,"[2]",1771,"Terrace Level",10,"Mobile Transfer ticket",13,"[PREMIUM]","[PREMIUM]","[PREMIUM]","[PREMIUM]",true,false,"['Clear view']","2026-09-15 23:34:59"
"14042352207","2026-09-15 23:48:34.611","2026-09-16 23:41:18.418","14042352207","160437158","[PREMIUM]","[PREMIUM]","418","1","9001_9002","9001",,2,"[2]",1771,"Terrace Level",10,"Mobile Transfer ticket",1,"[PREMIUM]","[PREMIUM]","[PREMIUM]","[PREMIUM]",true,false,"['Clear view']","2026-09-14 20:14:09"
"14046591455","2026-09-15 23:48:34.399","2026-09-15 23:48:34.399","14046591455","160437158","[PREMIUM]","[PREMIUM]","433","1","_",,,2,"[2]",1771,"Terrace Level",10,"Mobile Transfer ticket",1,"[PREMIUM]","[PREMIUM]","[PREMIUM]","[PREMIUM]",true,false,"['Clear view']","2026-09-15 04:45:12"
"14048034374","2026-09-15 23:48:34.399","2026-09-22 23:50:43.683","14048034374","160437158","[PREMIUM]","[PREMIUM]","446","2","3_4","3","4",2,"[2]",1771,"Terrace Level",11,"Mobile ticket",1,"[PREMIUM]","[PREMIUM]","[PREMIUM]","[PREMIUM]",true,false,"['Actual 2nd row of section','Visitors sideline','Clear view','Instant download']","2026-09-15 08:38:37"
"14049974538","2026-09-15 23:48:34.399","2026-09-15 23:48:34.399","14049974538","160437158","[PREMIUM]","[PREMIUM]","414","4","9001_9002","9001",,2,"[2]",1771,"Terrace Level",10,"Mobile Transfer ticket",13,"[PREMIUM]","[PREMIUM]","[PREMIUM]","[PREMIUM]",true,false,"['Clear view']","2026-09-15 13:27:44"
"14052161217","2026-09-15 23:48:34.054","2026-09-15 23:48:34.054","14052161217","160437158","[PREMIUM]","[PREMIUM]","454","1","9001_9004","9001",,4,"[4]",1771,"Terrace Level",10,"Mobile Transfer ticket",13,"[PREMIUM]","[PREMIUM]","[PREMIUM]","[PREMIUM]",true,false,"['Clear view']","2026-09-15 16:45:21"
"14046998241","2026-09-15 23:48:33.850","2026-09-15 23:48:33.850","14046998241","160437158","[PREMIUM]","[PREMIUM]","449","5","9001_9006","9001",,6,"[1,2,3,4,6]",1771,"Terrace Level",10,"Mobile Transfer ticket",1,"[PREMIUM]","[PREMIUM]","[PREMIUM]","[PREMIUM]",true,false,"['Clear view']","2026-09-15 05:43:45"
"14052322470","2026-09-15 23:48:33.658","2026-09-15 23:48:33.658","14052322470","160437158","[PREMIUM]","[PREMIUM]","409","4","9001_9002","9001",,2,"[2]",1771,"Terrace Level",10,"Mobile Transfer ticket",13,"[PREMIUM]","[PREMIUM]","[PREMIUM]","[PREMIUM]",true,false,"['Clear view']","2026-09-15 17:05:39"
"14054627378","2026-09-15 23:48:32.785","2026-09-15 23:48:32.785","14054627378","160437158","[PREMIUM]","[PREMIUM]","414","5","9001_9002","9001",,2,"[2]",1771,"Terrace Level",10,"Mobile Transfer ticket",13,"[PREMIUM]","[PREMIUM]","[PREMIUM]","[PREMIUM]",true,false,"['Clear view']","2026-09-15 21:34:38"
"14043984341","2026-09-15 23:48:31.905","2026-09-16 23:40:58.127","14043984341","160437158","[PREMIUM]","[PREMIUM]","453","1","9001_9001","9001",,1,"[1]",1771,"Terrace Level",10,"Mobile Transfer ticket",1,"[PREMIUM]","[PREMIUM]","[PREMIUM]","[PREMIUM]",false,false,"['Clear view']","2026-09-14 23:34:41"
"14050248611","2026-09-15 23:48:31.904","2026-09-15 23:48:31.904","14050248611","160437158","[PREMIUM]","[PREMIUM]","117","20","9001_9001","9001",,1,"[1]",952,"Main Level",10,"Mobile Transfer ticket",13,"[PREMIUM]","[PREMIUM]","[PREMIUM]","[PREMIUM]",false,false,"['Clear view']","2026-09-15 13:55:11"
"14054438077","2026-09-15 23:48:31.904","2026-09-15 23:48:31.904","14054438077","160437158","[PREMIUM]","[PREMIUM]","431","D","9001_9002","9001",,2,"[2]",5506,"Ring of Honor",10,"Mobile Transfer ticket",1,"[PREMIUM]","[PREMIUM]","[PREMIUM]","[PREMIUM]",true,false,"['Clear view']","2026-09-15 21:00:42"
"14047756013","2026-09-15 23:48:31.547","2026-09-16 23:40:08.180","14047756013","160437151","[PREMIUM]","[PREMIUM]","431","B","9001_9006","9001",,6,"[1,2,3,4,6]",5506,"Ring of Honor",10,"Mobile Transfer ticket",1,"[PREMIUM]","[PREMIUM]","[PREMIUM]","[PREMIUM]",true,false,"['Second Row of Section','Clear view']","2026-09-15 07:54:48"
"14047286524","2026-09-15 23:48:31.547","2026-09-16 23:39:50.177","14047286524","160437151","[PREMIUM]","[PREMIUM]","429","D","9001_9004","9001",,4,"[1,2,4]",5506,"Ring of Honor",10,"Mobile Transfer ticket",1,"[PREMIUM]","[PREMIUM]","[PREMIUM]","[PREMIUM]",true,false,"['Clear view']","2026-09-15 06:41:42"
"14053290196","2026-09-15 23:48:31.547","2026-09-15 23:53:57.637","14053290196","160437151","[PREMIUM]","[PREMIUM]","429","E","_",,,2,"[2]",5506,"Ring of Honor",10,"Mobile Transfer ticket",1,"[PREMIUM]","[PREMIUM]","[PREMIUM]","[PREMIUM]",true,false,"['Clear view']","2026-09-15 18:54:52"
"14055096218","2026-09-15 23:48:31.178","2026-09-15 23:48:31.178","14055096218","160437158","[PREMIUM]","[PREMIUM]","424","C","_",,,4,"[2,4]",5506,"Ring of Honor",10,"Mobile Transfer ticket",1,"[PREMIUM]","[PREMIUM]","[PREMIUM]","[PREMIUM]",true,false,"['Third Row of Section','Clear view']","2026-09-15 22:29:43"
"14051643950","2026-09-15 23:48:31.158","2026-09-15 23:48:31.158","14051643950","160437158","[PREMIUM]","[PREMIUM]","424","8","9001_9006","9001",,6,"[1,2,3,4,6]",1771,"Terrace Level",10,"Mobile Transfer ticket",1,"[PREMIUM]","[PREMIUM]","[PREMIUM]","[PREMIUM]",true,false,"['Clear view']","2026-09-15 15:57:46"
"14052320827","2026-09-15 23:48:31.158","2026-09-15 23:48:31.158","14052320827","160437158","[PREMIUM]","[PREMIUM]","409","3","9001_9002","9001",,2,"[2]",1771,"Terrace Level",10,"Mobile Transfer ticket",13,"[PREMIUM]","[PREMIUM]","[PREMIUM]","[PREMIUM]",true,false,"['Clear view']","2026-09-15 17:05:32"
"14054059634","2026-09-15 23:48:31.158","2026-09-15 23:48:31.158","14054059634","160437158","[PREMIUM]","[PREMIUM]","448","2","9001_9002","9001",,2,"[2]",1771,"Terrace Level",10,"Mobile Transfer ticket",13,"[PREMIUM]","[PREMIUM]","[PREMIUM]","[PREMIUM]",true,false,"['Clear view']","2026-09-15 20:17:12"
"14051656747","2026-09-15 23:48:30.790","2026-09-15 23:48:30.790","14051656747","160437151","[PREMIUM]","[PREMIUM]","Ring of Honor WC 453","C","9001_9001","9001",,1,"[1]",39229,"Ring of Honor Accessible",10,"Mobile Transfer ticket",1,"[PREMIUM]","[PREMIUM]","[PREMIUM]","[PREMIUM]",false,false,"['Front Row of Section','Clear view']","2026-09-15 15:59:16"
"14046115456","2026-09-15 23:48:29.414","2026-09-15 23:53:47.989","14046115456","160437151","[PREMIUM]","[PREMIUM]","413","5","_",,,3,"[1,2,3]",1771,"Terrace Level",10,"Mobile Transfer ticket",1,"[PREMIUM]","[PREMIUM]","[PREMIUM]","[PREMIUM]",true,false,"['Clear view']","2026-09-15 03:48:51"
"14054768135","2026-09-15 23:48:29.414","2026-09-22 00:02:08.082","14054768135","160437151","[PREMIUM]","[PREMIUM]","422","1","_",,,2,"[2]",1771,"Terrace Level",10,"Mobile Transfer ticket",1,"[PREMIUM]","[PREMIUM]","[PREMIUM]","[PREMIUM]",true,false,"['Clear view']","2026-09-15 21:54:56"
"13993590763","2026-09-15 23:48:28.309","2026-09-15 23:48:28.309","13993590763","160425133","[PREMIUM]","[PREMIUM]","332","15","_",,,4,"[1,2,3,4]",407,"Upper",10,"Mobile Transfer ticket",1,"[PREMIUM]","[PREMIUM]","[PREMIUM]","[PREMIUM]",true,false,"['Side or rear view']","2026-09-10 16:49:19"
"14054493536","2026-09-15 23:48:26.810","2026-09-27 05:05:45.413","14054493536","160437158","[PREMIUM]","[PREMIUM]","121","39","_",,,2,"[2]",952,"Main Level",10,"Mobile Transfer ticket",1,"[PREMIUM]","[PREMIUM]","[PREMIUM]","[PREMIUM]",true,false,"['Clear view']","2026-09-15 21:11:17"
"14051047960","2026-09-15 23:48:26.445","2026-09-15 23:48:26.445","14051047960","160437158","[PREMIUM]","[PREMIUM]","445","5","9001_9002","9001",,2,"[2]",1771,"Terrace Level",10,"Mobile Transfer ticket",13,"[PREMIUM]","[PREMIUM]","[PREMIUM]","[PREMIUM]",true,false,"['Clear view']","2026-09-15 15:11:26"
"14050367020","2026-09-15 23:48:26.445","2026-09-15 23:48:26.445","14050367020","160437158","[PREMIUM]","[PREMIUM]","401","A","9001_9002","9001",,2,"[2]",5506,"Ring of Honor",10,"Mobile Transfer ticket",13,"[PREMIUM]","[PREMIUM]","[PREMIUM]","[PREMIUM]",true,false,"['Front Row of Section','Clear view']","2026-09-15 14:05:06"
"14053265202","2026-09-15 23:48:26.117","2026-09-15 23:48:26.117","14053265202","160437158","[PREMIUM]","[PREMIUM]","440","3","9001_9004","9001",,4,"[4]",1771,"Terrace Level",10,"Mobile Transfer ticket",13,"[PREMIUM]","[PREMIUM]","[PREMIUM]","[PREMIUM]",true,false,"['Clear view']","2026-09-15 18:52:37"
"14052578518","2026-09-15 23:48:25.449","2026-09-28 05:04:59.751","14052578518","160437158","[PREMIUM]","[PREMIUM]","423","2","8_9","8",,2,"[2]",1771,"Terrace Level",10,"Mobile Transfer ticket",14,"[PREMIUM]","[PREMIUM]","[PREMIUM]","[PREMIUM]",true,false,"['Clear view']","2026-09-15 17:31:52"
"14054438029","2026-09-15 23:48:24.752","2026-09-15 23:48:24.752","14054438029","160437158","[PREMIUM]","[PREMIUM]","424","13","9001_9003","9001",,3,"[1,3]",1771,"Terrace Level",10,"Mobile Transfer ticket",1,"[PREMIUM]","[PREMIUM]","[PREMIUM]","[PREMIUM]",true,false,"['Clear view']","2026-09-15 21:00:42"
"14055195297","2026-09-15 23:48:24.081","2026-09-18 23:55:47.043","14055195297","160437158","[PREMIUM]","[PREMIUM]","443","11","_",,,2,"[2]",1771,"Terrace Level",10,"Mobile Transfer ticket",14,"[PREMIUM]","[PREMIUM]","[PREMIUM]","[PREMIUM]",true,false,"['Clear view']","2026-09-15 22:39:44"
"14055095882","2026-09-15 23:48:23.659","2026-09-15 23:53:48.405","14055095882","160437151","[PREMIUM]","[PREMIUM]","428","E","_",,,2,"[2]",5506,"Ring of Honor",10,"Mobile Transfer ticket",1,"[PREMIUM]","[PREMIUM]","[PREMIUM]","[PREMIUM]",true,false,"['Second Row of Section','Clear view']","2026-09-15 22:29:42"
"14055195233","2026-09-15 23:48:22.699","2026-09-16 23:39:47.730","14055195233","160437158","[PREMIUM]","[PREMIUM]","418","19","_",,,2,"[2]",1771,"Terrace Level",10,"Mobile Transfer ticket",14,"[PREMIUM]","[PREMIUM]","[PREMIUM]","[PREMIUM]",true,false,"['Clear view']","2026-09-15 22:39:43"
"14050323599","2026-09-15 23:48:22.374","2026-09-27 05:19:35.261","14050323599","160437151","[PREMIUM]","[PREMIUM]","135","12","9_10","9",,2,"[2]",952,"Main Level",10,"Mobile Transfer ticket",1,"[PREMIUM]","[PREMIUM]","[PREMIUM]","[PREMIUM]",true,false,"['Clear view']","2026-09-15 14:01:20"
"14051449689","2026-09-15 23:48:19.063","2026-09-15 23:48:19.063","14051449689","160437151","[PREMIUM]","[PREMIUM]","403","B","9001_9006","9001",,6,"[6]",5506,"Ring of Honor",10,"Mobile Transfer ticket",13,"[PREMIUM]","[PREMIUM]","[PREMIUM]","[PREMIUM]",true,false,"['Second Row of Section','Clear view']","2026-09-15 15:45:17"
"14053270900","2026-09-15 23:48:16.883","2026-09-15 23:53:54.115","14053270900","160437151","[PREMIUM]","[PREMIUM]","402","A","9001_9004","9001",,4,"[4]",5506,"Ring of Honor",10,"Mobile Transfer ticket",13,"[PREMIUM]","[PREMIUM]","[PREMIUM]","[PREMIUM]",true,false,"['Front Row of Section','Clear view']","2026-09-15 18:53:10"
"14051585404","2026-09-15 23:48:15.533","2026-09-28 05:04:58.763","14051585404","160437158","[PREMIUM]","[PREMIUM]","403","2","17_19","17",,3,"[1,3]",1771,"Terrace Level",10,"Mobile Transfer ticket",1,"[PREMIUM]","[PREMIUM]","[PREMIUM]","[PREMIUM]",true,false,"['Clear view']","2026-09-15 15:54:38"
"14055195298","2026-09-15 23:48:15.533","2026-09-26 22:32:52.726","14055195298","160437158","[PREMIUM]","[PREMIUM]","443","14","_",,,4,"[2,4]",1771,"Terrace Level",10,"Mobile Transfer ticket",14,"[PREMIUM]","[PREMIUM]","[PREMIUM]","[PREMIUM]",true,false,"['Clear view']","2026-09-15 22:39:44"
"14051069853","2026-09-15 23:48:15.191","2026-09-15 23:53:48.895","14051069853","160437151","[PREMIUM]","[PREMIUM]","115","19","_",,,2,"[2]",952,"Main Level",10,"Mobile Transfer ticket",14,"[PREMIUM]","[PREMIUM]","[PREMIUM]","[PREMIUM]",true,false,"['Clear view']","2026-09-15 15:14:23"
"14053600901","2026-09-15 23:48:15.069","2026-09-18 00:31:21.133","14053600901","160437158","[PREMIUM]","[PREMIUM]","443","15","_",,,5,"[1,3,5]",1771,"Terrace Level",10,"Mobile Transfer ticket",14,"[PREMIUM]","[PREMIUM]","[PREMIUM]","[PREMIUM]",true,false,"['Clear view']","2026-09-15 19:29:11"
"14055195216","2026-09-15 23:48:15.069","2026-09-16 23:40:16.300","14055195216","160437158","[PREMIUM]","[PREMIUM]","442","15","_",,,12,"[1,2,3,4,5,6,7,8,10,12]",1771,"Terrace Level",10,"Mobile Transfer ticket",14,"[PREMIUM]","[PREMIUM]","[PREMIUM]","[PREMIUM]",true,false,"['Clear view']","2026-09-15 22:39:43"
"14054110692","2026-09-15 23:48:14.834","2026-09-28 05:05:10.259","14054110692","160437158","[PREMIUM]","[PREMIUM]","424","E","_",,,2,"[2]",5506,"Ring of Honor",10,"Mobile Transfer ticket",1,"[PREMIUM]","[PREMIUM]","[PREMIUM]","[PREMIUM]",true,false,"['Clear view']","2026-09-15 20:20:55"
"14055526391","2026-09-15 23:48:14.745","2026-09-15 23:48:14.745","14055526391","160437158","[PREMIUM]","[PREMIUM]","423","4","_",,,2,"[2]",1771,"Terrace Level",10,"Mobile Transfer ticket",1,"[PREMIUM]","[PREMIUM]","[PREMIUM]","[PREMIUM]",true,false,"['Clear view']","2026-09-15 23:26:35"
"14045409042","2026-09-15 23:48:14.416","2026-09-28 05:04:59.751","14045409042","160437158","[PREMIUM]","[PREMIUM]","412","17","_",,,6,"[1,2,4,6]",1771,"Terrace Level",10,"Mobile Transfer ticket",14,"[PREMIUM]","[PREMIUM]","[PREMIUM]","[PREMIUM]",true,false,"['Clear view']","2026-09-15 02:19:04"
"14044540517","2026-09-15 23:48:14.110","2026-09-26 22:32:52.478","14044540517","160437158","[PREMIUM]","[PREMIUM]","441","10","_",,,2,"[2]",1771,"Terrace Level",10,"Mobile Transfer ticket",14,"[PREMIUM]","[PREMIUM]","[PREMIUM]","[PREMIUM]",true,false,"['Clear view']","2026-09-15 00:48:53"
"14051999068","2026-09-15 23:48:14.110","2026-09-15 23:48:14.110","14051999068","160437158","[PREMIUM]","[PREMIUM]","452","1","9001_9002","9001",,2,"[2]",1771,"Terrace Level",10,"Mobile Transfer ticket",13,"[PREMIUM]","[PREMIUM]","[PREMIUM]","[PREMIUM]",true,false,"['Clear view']","2026-09-15 16:28:58"
"14054869966","2026-09-15 23:48:14.110","2026-09-15 23:48:14.110","14054869966","160437158","[PREMIUM]","[PREMIUM]","436","1","9001_9002","9001",,2,"[2]",1771,"Terrace Level",10,"Mobile Transfer ticket",13,"[PREMIUM]","[PREMIUM]","[PREMIUM]","[PREMIUM]",true,false,"['Clear view']","2026-09-15 22:05:31"
"14044540531","2026-09-15 23:48:13.142","2026-09-18 23:55:16.350","14044540531","160437158","[PREMIUM]","[PREMIUM]","441","12","_",,,4,"[2,4]",1771,"Terrace Level",10,"Mobile Transfer ticket",14,"[PREMIUM]","[PREMIUM]","[PREMIUM]","[PREMIUM]",true,false,"['Clear view']","2026-09-15 00:48:53"
"14045797347","2026-09-15 23:48:12.501","2026-09-28 05:04:58.540","14045797347","160437158","[PREMIUM]","[PREMIUM]","410","13","_",,,4,"[2,4]",1771,"Terrace Level",10,"Mobile Transfer ticket",14,"[PREMIUM]","[PREMIUM]","[PREMIUM]","[PREMIUM]",true,false,"['Clear view']","2026-09-15 03:01:46"
"14052499782","2026-09-15 23:48:08.882","2026-09-27 05:05:40.799","14052499782","160437158","[PREMIUM]","[PREMIUM]","439","15","_",,,4,"[2,4]",1771,"Terrace Level",10,"Mobile Transfer ticket",14,"[PREMIUM]","[PREMIUM]","[PREMIUM]","[PREMIUM]",true,false,"['Clear view']","2026-09-15 17:22:37"
"14053961612","2026-09-15 23:48:08.882","2026-09-16 23:39:59.111","14053961612","160437158","[PREMIUM]","[PREMIUM]","438","9","_",,,4,"[2,4]",1771,"Terrace Level",10,"Mobile Transfer ticket",14,"[PREMIUM]","[PREMIUM]","[PREMIUM]","[PREMIUM]",true,false,"['Clear view']","2026-09-15 20:06:49"
"14052969743","2026-09-15 23:48:07.334","2026-09-15 23:53:00.497","14052969743","160437151","[PREMIUM]","[PREMIUM]","435","A","9001_9002","9001",,2,"[2]",5506,"Ring of Honor",10,"Mobile Transfer ticket",13,"[PREMIUM]","[PREMIUM]","[PREMIUM]","[PREMIUM]",true,false,"['Front Row of Section','Clear view']","2026-09-15 18:21:31"
"14051062627","2026-09-15 23:48:05.326","2026-09-15 23:53:24.211","14051062627","160437151","[PREMIUM]","[PREMIUM]","447","2","9001_9002","9001",,2,"[2]",1771,"Terrace Level",10,"Mobile Transfer ticket",13,"[PREMIUM]","[PREMIUM]","[PREMIUM]","[PREMIUM]",true,false,"['Clear view']","2026-09-15 15:12:51"
"14053596630","2026-09-15 23:48:05.326","2026-09-15 23:53:24.211","14053596630","160437151","[PREMIUM]","[PREMIUM]","442","3","9001_9002","9001",,2,"[2]",1771,"Terrace Level",10,"Mobile Transfer ticket",13,"[PREMIUM]","[PREMIUM]","[PREMIUM]","[PREMIUM]",true,false,"['Clear view']","2026-09-15 19:28:46"
"14046168173","2026-09-15 23:48:05.228","2026-09-15 23:52:42.579","14046168173","160437151","[PREMIUM]","[PREMIUM]","135","39","_",,,3,"[1,3]",952,"Main Level",10,"Mobile Transfer ticket",14,"[PREMIUM]","[PREMIUM]","[PREMIUM]","[PREMIUM]",true,false,"['Clear view']","2026-09-15 03:55:04"
"14053751188","2026-09-15 23:48:05.213","2026-09-28 05:18:15.655","14053751188","160437151","[PREMIUM]","[PREMIUM]","124","13","_",,,2,"[2]",952,"Main Level",10,"Mobile Transfer ticket",1,"[PREMIUM]","[PREMIUM]","[PREMIUM]","[PREMIUM]",true,false,"['Clear view']","2026-09-15 19:46:36"
"14046742867","2026-09-15 23:48:04.766","2026-09-27 22:27:44.297","14046742867","160437158","[PREMIUM]","[PREMIUM]","408","11","_",,,6,"[1,2,4,6]",1771,"Terrace Level",10,"Mobile Transfer ticket",14,"[PREMIUM]","[PREMIUM]","[PREMIUM]","[PREMIUM]",true,false,"['Clear view']","2026-09-15 05:06:08"
"14055195315","2026-09-15 23:48:04.766","2026-09-16 23:39:57.254","14055195315","160437158","[PREMIUM]","[PREMIUM]","438","19","_",,,5,"[1,3,5]",1771,"Terrace Level",10,"Mobile Transfer ticket",14,"[PREMIUM]","[PREMIUM]","[PREMIUM]","[PREMIUM]",true,false,"['Clear view']","2026-09-15 22:39:44"
"14049923179","2026-09-15 23:48:04.546","2026-09-15 23:48:04.546","14049923179","160437158","[PREMIUM]","[PREMIUM]","424","14","_",,,2,"[2]",1771,"Terrace Level",10,"Mobile Transfer ticket",1,"[PREMIUM]","[PREMIUM]","[PREMIUM]","[PREMIUM]",true,false,"['Clear view']","2026-09-15 13:23:08"
"12691244667","2026-09-15 23:48:04.534","2026-09-21 00:03:44.895","12691244667","160437158","[PREMIUM]","[PREMIUM]","404","7","_",,,4,"[2,4]",1771,"Terrace Level",10,"Mobile Transfer ticket",1,"[PREMIUM]","[PREMIUM]","[PREMIUM]","[PREMIUM]",true,false,"['Clear view']","2026-05-15 00:29:20"
"14055195168","2026-09-15 23:48:04.528","2026-09-26 05:05:08.560","14055195168","160437158","[PREMIUM]","[PREMIUM]","408","9","_",,,5,"[1,3,5]",1771,"Terrace Level",10,"Mobile Transfer ticket",14,"[PREMIUM]","[PREMIUM]","[PREMIUM]","[PREMIUM]",true,false,"['Clear view']","2026-09-15 22:39:43"
"14053600978","2026-09-15 23:48:04.068","2026-09-21 23:55:54.728","14053600978","160437158","[PREMIUM]","[PREMIUM]","455","10","_",,,4,"[2,4]",1771,"Terrace Level",10,"Mobile Transfer ticket",14,"[PREMIUM]","[PREMIUM]","[PREMIUM]","[PREMIUM]",true,false,"['Clear view']","2026-09-15 19:29:11"
"13822138075","2026-09-15 23:48:03.743","2026-09-28 05:20:19.175","13822138075","160425133","[PREMIUM]","[PREMIUM]","102","24","_",,,2,"[2]",594,"Lower",10,"Mobile Transfer ticket",1,"[PREMIUM]","[PREMIUM]","[PREMIUM]","[PREMIUM]",true,false,"['Clear view']","2026-08-26 20:58:49"
"14052710392","2026-09-15 23:48:03.743","2026-09-15 23:48:03.743","14052710392","160425133","[PREMIUM]","[PREMIUM]","323","4","_",,,2,"[2]",407,"Upper",10,"Mobile Transfer ticket",1,"[PREMIUM]","[PREMIUM]","[PREMIUM]","[PREMIUM]",true,false,"['Clear view']","2026-09-15 17:49:53"
"14000145344","2026-09-15 23:48:03.737","2026-09-28 05:05:00.074","14000145344","160437158","[PREMIUM]","[PREMIUM]","453","4","17_19","17",,3,"[1,3]",1771,"Terrace Level",10,"Mobile Transfer ticket",14,"[PREMIUM]","[PREMIUM]","[PREMIUM]","[PREMIUM]",true,false,"['Clear view']","2026-09-11 02:00:27"
"14046168184","2026-09-15 23:48:03.586","2026-09-16 23:39:23.863","14046168184","160437151","[PREMIUM]","[PREMIUM]","137","34","_",,,5,"[1,3,5]",952,"Main Level",10,"Mobile Transfer ticket",14,"[PREMIUM]","[PREMIUM]","[PREMIUM]","[PREMIUM]",true,false,"['Clear view']","2026-09-15 03:55:04"
"14049313420","2026-09-15 23:48:03.411","2026-09-15 23:52:42.489","14049313420","160437151","[PREMIUM]","[PREMIUM]","454","1","_",,,4,"[2,4]",1771,"Terrace Level",10,"Mobile Transfer ticket",1,"[PREMIUM]","[PREMIUM]","[PREMIUM]","[PREMIUM]",true,false,"['Clear view']","2026-09-15 12:18:15"
"14054718609","2026-09-15 23:48:03.221","2026-09-16 23:39:08.428","14054718609","160437151","[PREMIUM]","[PREMIUM]","119","26","_",,,2,"[2]",952,"Main Level",10,"Mobile Transfer ticket",1,"[PREMIUM]","[PREMIUM]","[PREMIUM]","[PREMIUM]",true,false,"['Clear view']","2026-09-15 21:50:13"
"14016337047","2026-09-15 23:48:02.843","2026-09-18 00:16:55.470","14016337047","160436162","[PREMIUM]","[PREMIUM]","339","1","9001_9001","9001",,1,"[1]",13685,"300-Level",10,"Mobile Transfer ticket",13,"[PREMIUM]","[PREMIUM]","[PREMIUM]","[PREMIUM]",false,false,"['Limited or Obstructed View (printed on ticket)','Front Row of Section']","2026-09-12 08:12:40"
"14044038231","2026-09-15 23:48:02.843","2026-09-18 00:16:02.154","14044038231","160436162","[PREMIUM]","[PREMIUM]","128C","5","_",,,2,"[2]",17186,"100-Level Club",10,"Mobile Transfer ticket",1,"[PREMIUM]","[PREMIUM]","[PREMIUM]","[PREMIUM]",true,false,"['Second Row of Section','Clear view']","2026-09-14 23:43:01"
"14054714291","2026-09-15 23:48:02.233","2026-09-15 23:52:41.791","14054714291","160437151","[PREMIUM]","[PREMIUM]","433","1","_",,,2,"[2]",1771,"Terrace Level",10,"Mobile Transfer ticket",1,"[PREMIUM]","[PREMIUM]","[PREMIUM]","[PREMIUM]",true,false,"['Clear view']","2026-09-15 21:49:53"
"12708236861","2026-09-15 23:48:02.178","2026-09-16 23:39:00.972","12708236861","160425133","[PREMIUM]","[PREMIUM]","122","38","_",,,2,"[2]",594,"Lower",10,"Mobile Transfer ticket",1,"[PREMIUM]","[PREMIUM]","[PREMIUM]","[PREMIUM]",true,false,"['Clear view']","2026-05-16 09:16:02"
"14051702947","2026-09-15 23:48:01.900","2026-09-28 05:20:17.379","14051702947","160425133","[PREMIUM]","[PREMIUM]","303","1","_",,,2,"[2]",407,"Upper",10,"Mobile Transfer ticket",1,"[PREMIUM]","[PREMIUM]","[PREMIUM]","[PREMIUM]",true,false,"['Side or rear view','Front Row of Section']","2026-09-15 16:03:58"
"13666121672","2026-09-15 23:48:01.531","2026-09-23 23:47:27.467","13666121672","160425133","[PREMIUM]","[PREMIUM]","335","10","1_4","1","4",4,"[2,4]",407,"Upper",10,"Mobile Transfer ticket",1,"[PREMIUM]","[PREMIUM]","[PREMIUM]","[PREMIUM]",true,false,"['Aisle seat','Clear view']","2026-08-13 23:00:26"
"14052962407","2026-09-15 23:48:01.531","2026-09-16 23:38:10.519","14052962407","160425133","[PREMIUM]","[PREMIUM]","329","17","8_16","8","16",9,"[1,2,3,4,5,6,7,9]",407,"Upper",10,"Mobile Transfer ticket",1,"[PREMIUM]","[PREMIUM]","[PREMIUM]","[PREMIUM]",true,false,"['Clear view']","2026-09-15 18:20:32"
"14050358707","2026-09-15 23:48:01.291","2026-09-21 00:03:43.234","14050358707","160437158","[PREMIUM]","[PREMIUM]","432","5","1_2","1","2",2,"[1,2]",1771,"Terrace Level",10,"Mobile Transfer ticket",1,"[PREMIUM]","[PREMIUM]","[PREMIUM]","[PREMIUM]",true,false,"['Clear view']","2026-09-15 14:04:27"
"14051668498","2026-09-15 23:48:01.291","2026-09-21 23:54:50.150","14051668498","160437158","[PREMIUM]","[PREMIUM]","404","20","_",,,2,"[2]",1771,"Terrace Level",10,"Mobile Transfer ticket",1,"[PREMIUM]","[PREMIUM]","[PREMIUM]","[PREMIUM]",true,false,"['Clear view']","2026-09-15 16:00:26"
"14052158652","2026-09-15 23:48:00.777","2026-09-15 23:52:42.170","14052158652","160437151","[PREMIUM]","[PREMIUM]","408","4","9001_9001","9001",,1,"[1]",1771,"Terrace Level",10,"Mobile Transfer ticket",13,"[PREMIUM]","[PREMIUM]","[PREMIUM]","[PREMIUM]",false,false,"['Clear view']","2026-09-15 16:45:06"
"14051975758","2026-09-15 23:48:00.703","2026-09-21 00:02:29.036","14051975758","160437151","[PREMIUM]","[PREMIUM]","404","1","_",,,2,"[2]",1771,"Terrace Level",10,"Mobile Transfer ticket",1,"[PREMIUM]","[PREMIUM]","[PREMIUM]","[PREMIUM]",true,false,"['Clear view']","2026-09-15 16:26:21"
"14055167719","2026-09-15 23:48:00.486","2026-09-15 23:48:00.486","14055167719","160425133","[PREMIUM]","[PREMIUM]","318","1","_",,,2,"[2]",407,"Upper",10,"Mobile Transfer ticket",1,"[PREMIUM]","[PREMIUM]","[PREMIUM]","[PREMIUM]",true,false,"['Front Row of Section','Clear view']","2026-09-15 22:37:21"
"14053315567","2026-09-15 23:47:59.364","2026-09-28 05:18:12.133","14053315567","160437151","[PREMIUM]","[PREMIUM]","444","8","_",,,2,"[2]",1771,"Terrace Level",10,"Mobile Transfer ticket",1,"[PREMIUM]","[PREMIUM]","[PREMIUM]","[PREMIUM]",true,false,"['Clear view']","2026-09-15 18:57:53"
"13819319716","2026-09-15 23:47:59.053","2026-09-28 05:20:17.251","13819319716","160425133","[PREMIUM]","[PREMIUM]","123","25","15_17","15","17",3,"[1,3]",594,"Lower",10,"Mobile Transfer ticket",1,"[PREMIUM]","[PREMIUM]","[PREMIUM]","[PREMIUM]",true,false,"['Clear view']","2026-08-26 16:33:38"
"14011174152","2026-09-15 23:47:58.822","2026-09-15 23:47:58.822","14011174152","160425133","[PREMIUM]","[PREMIUM]","116",,"998868321_998868322","998868321",,2,"[2]",594,"Lower",10,"Mobile Transfer ticket",1,"[PREMIUM]","[PREMIUM]","[PREMIUM]","[PREMIUM]",true,true,"['Clear view']","2026-09-11 22:26:42"
"14046168178","2026-09-15 23:47:58.495","2026-09-27 05:19:24.157","14046168178","160437151","[PREMIUM]","[PREMIUM]","442","7","_",,,5,"[1,3,5]",1771,"Terrace Level",10,"Mobile Transfer ticket",14,"[PREMIUM]","[PREMIUM]","[PREMIUM]","[PREMIUM]",true,false,"['Clear view']","2026-09-15 03:55:04"
"14054707762","2026-09-15 23:47:58.495","2026-09-18 00:24:23.482","14054707762","160437151","[PREMIUM]","[PREMIUM]","420","1","_",,,1,"[1]",1771,"Terrace Level",10,"Mobile Transfer ticket",1,"[PREMIUM]","[PREMIUM]","[PREMIUM]","[PREMIUM]",false,false,"['Aisle seat','Clear view']","2026-09-15 21:49:11"
"13821325935","2026-09-15 23:47:58.206","2026-09-23 23:47:28.815","13821325935","160425133","[PREMIUM]","[PREMIUM]","309","20","_",,,2,"[1,2]",407,"Upper",10,"Mobile Transfer ticket",1,"[PREMIUM]","[PREMIUM]","[PREMIUM]","[PREMIUM]",true,false,"['Clear view']","2026-08-26 19:36:16"
"14011174305","2026-09-15 23:47:58.206","2026-09-18 23:54:19.766","14011174305","160425133","[PREMIUM]","[PREMIUM]","334",,"998868568_998868569","998868568",,2,"[2]",407,"Upper",10,"Mobile Transfer ticket",1,"[PREMIUM]","[PREMIUM]","[PREMIUM]","[PREMIUM]",true,true,"['Clear view']","2026-09-11 22:26:43"
"13759632448","2026-09-15 23:47:58.181","2026-09-21 00:03:19.164","13759632448","160425133","[PREMIUM]","[PREMIUM]","309","1","_",,,2,"[2]",407,"Upper",10,"Mobile Transfer ticket",1,"[PREMIUM]","[PREMIUM]","[PREMIUM]","[PREMIUM]",true,false,"['Side or rear view','Front Row of Section']","2026-08-21 20:34:55"
"14052308051","2026-09-15 23:47:57.849","2026-09-15 23:51:50.451","14052308051","160437151","[PREMIUM]","[PREMIUM]","442","11","_",,,12,"[1,2,3,4,5,6,7,8,10,12]",1771,"Terrace Level",10,"Mobile Transfer ticket",14,"[PREMIUM]","[PREMIUM]","[PREMIUM]","[PREMIUM]",true,false,"['Clear view']","2026-09-15 17:03:41"
"14046071306","2026-09-15 23:47:57.543","2026-09-23 23:49:01.639","14046071306","160425133","[PREMIUM]","[PREMIUM]","134","24","5_6","5",,2,"[2]",594,"Lower",10,"Mobile Transfer ticket",14,"[PREMIUM]","[PREMIUM]","[PREMIUM]","[PREMIUM]",true,false,"['Side view (printed on ticket)']","2026-09-15 03:44:17"
"14024843964","2026-09-15 23:47:57.190","2026-09-15 23:47:57.190","14024843964","160436162","[PREMIUM]","[PREMIUM]","235","9","9001_9002","9001",,2,"[2]",11358,"200-Level",10,"Mobile Transfer ticket",13,"[PREMIUM]","[PREMIUM]","[PREMIUM]","[PREMIUM]",true,false,"['Clear view']","2026-09-13 01:39:25"
"14052308007","2026-09-15 23:47:56.881","2026-09-15 23:51:44.634","14052308007","160437151","[PREMIUM]","[PREMIUM]","442","16","_",,,6,"[1,2,4,6]",1771,"Terrace Level",10,"Mobile Transfer ticket",14,"[PREMIUM]","[PREMIUM]","[PREMIUM]","[PREMIUM]",true,false,"['Clear view']","2026-09-15 17:03:41"
"14052308006","2026-09-15 23:47:56.881","2026-09-16 23:39:00.467","14052308006","160437151","[PREMIUM]","[PREMIUM]","445","16","_",,,12,"[1,2,3,4,5,6,7,8,10,12]",1771,"Terrace Level",10,"Mobile Transfer ticket",14,"[PREMIUM]","[PREMIUM]","[PREMIUM]","[PREMIUM]",true,false,"['Clear view']","2026-09-15 17:03:41"
"14053151424","2026-09-15 23:47:56.565","2026-09-28 05:20:17.185","14053151424","160425133","[PREMIUM]","[PREMIUM]","128","23","1_21","1","21",21,"[1,2,3,4,5,6,7,8,9,10,11,12,13,14,15,16,17,18,19,21]",594,"Lower",10,"Mobile Transfer ticket",1,"[PREMIUM]","[PREMIUM]","[PREMIUM]","[PREMIUM]",true,false,"['Clear view']","2026-09-15 18:41:53"
"13345908219","2026-09-15 23:47:56.408","2026-09-21 00:02:59.733","13345908219","160425133","[PREMIUM]","[PREMIUM]","107","30","_",,,2,"[2]",594,"Lower",10,"Mobile Transfer ticket",1,"[PREMIUM]","[PREMIUM]","[PREMIUM]","[PREMIUM]",true,false,"['Clear view']","2026-07-13 22:54:45"
"13081170443","2026-09-15 23:47:56.087","2026-09-28 05:20:10.917","13081170443","160425133","[PREMIUM]","[PREMIUM]","110","37","22_23","22","23",2,"[1,2]",594,"Lower",10,"Mobile Transfer ticket",1,"[PREMIUM]","[PREMIUM]","[PREMIUM]","[PREMIUM]",true,false,"['Clear view']","2026-06-20 01:46:02"
"14045687456","2026-09-15 23:47:56.087","2026-09-16 23:38:19.914","14045687456","160425133","[PREMIUM]","[PREMIUM]","109","28","28_29","28","29",2,"[2]",594,"Lower",10,"Mobile Transfer ticket",1,"[PREMIUM]","[PREMIUM]","[PREMIUM]","[PREMIUM]",true,false,"['Clear view']","2026-09-15 02:49:35"
"14000615588","2026-09-15 23:47:55.798","2026-09-28 05:20:17.052","14000615588","160425133","[PREMIUM]","[PREMIUM]","128","4","16_20","16","20",5,"[1,2,3,5]",594,"Lower",10,"Mobile Transfer ticket",1,"[PREMIUM]","[PREMIUM]","[PREMIUM]","[PREMIUM]",true,false,"['Clear view']","2026-09-11 03:10:17"
"14050684435","2026-09-15 23:47:55.635","2026-09-16 23:39:56.466","14050684435","160425133","[PREMIUM]","[PREMIUM]","306","5","_",,,4,"[2,4]",407,"Upper",10,"Mobile Transfer ticket",1,"[PREMIUM]","[PREMIUM]","[PREMIUM]","[PREMIUM]",true,false,"['Clear view']","2026-09-15 14:38:10"
"14039762285","2026-09-15 23:47:55.300","2026-09-20 00:00:25.674","14039762285","160425133","[PREMIUM]","[PREMIUM]","115","19","_",,,3,"[1,3]",594,"Lower",10,"Mobile Transfer ticket",1,"[PREMIUM]","[PREMIUM]","[PREMIUM]","[PREMIUM]",true,false,"['Clear view']","2026-09-14 15:18:39"
"14050684155","2026-09-15 23:47:52.717","2026-09-16 23:39:01.809","14050684155","160425133","[PREMIUM]","[PREMIUM]","343","11","_",,,2,"[2]",407,"Upper",10,"Mobile Transfer ticket",1,"[PREMIUM]","[PREMIUM]","[PREMIUM]","[PREMIUM]",true,false,"['Clear view']","2026-09-15 14:38:09"
"13218368198","2026-09-15 23:47:51.871","2026-09-28 05:20:16.893","13218368198","160425133","[PREMIUM]","[PREMIUM]","309","3","_",,,2,"[2]",407,"Upper",10,"Mobile Transfer ticket",1,"[PREMIUM]","[PREMIUM]","[PREMIUM]","[PREMIUM]",true,false,"['Side or rear view','Third Row of Section']","2026-07-02 14:55:55"
"13816921324","2026-09-15 23:47:51.528","2026-09-21 00:03:53.622","13816921324","160425133","[PREMIUM]","[PREMIUM]","134","37","9001_9002","9001",,2,"[2]",594,"Lower",10,"Mobile Transfer ticket",13,"[PREMIUM]","[PREMIUM]","[PREMIUM]","[PREMIUM]",true,false,"['Clear view']","2026-08-26 11:05:48"
"14011174719","2026-09-15 23:47:51.528","2026-09-18 00:26:46.141","14011174719","160425133","[PREMIUM]","[PREMIUM]","134",,"998868406_998868409","998868406",,2,"[2]",594,"Lower",10,"Mobile Transfer ticket",1,"[PREMIUM]","[PREMIUM]","[PREMIUM]","[PREMIUM]",true,true,"['Clear view']","2026-09-11 22:26:44"
"14051210515","2026-09-15 23:47:49.675","2026-09-15 23:47:49.675","14051210515","160425133","[PREMIUM]","[PREMIUM]","124","33","9001_9002","9001",,2,"[2]",594,"Lower",10,"Mobile Transfer ticket",13,"[PREMIUM]","[PREMIUM]","[PREMIUM]","[PREMIUM]",true,false,"['Clear view']","2026-09-15 15:28:11"
"13920430706","2026-09-15 23:47:49.292","2026-09-23 23:48:22.748","13920430706","160425133","[PREMIUM]","[PREMIUM]","346","12","9001_9002","9001",,2,"[2]",407,"Upper",10,"Mobile Transfer ticket",13,"[PREMIUM]","[PREMIUM]","[PREMIUM]","[PREMIUM]",true,false,"['Clear view']","2026-09-03 23:04:01"
"13815333602","2026-09-15 23:47:48.870","2026-09-23 23:48:22.748","13815333602","160425133","[PREMIUM]","[PREMIUM]","338","3","9001_9004","9001",,4,"[4]",407,"Upper",10,"Mobile Transfer ticket",13,"[PREMIUM]","[PREMIUM]","[PREMIUM]","[PREMIUM]",true,false,"['Third Row of Section','Clear view']","2026-08-26 07:18:28"
"14053151366","2026-09-15 23:47:48.870","2026-09-28 05:20:17.185","14053151366","160425133","[PREMIUM]","[PREMIUM]","127","24","7_26","7","26",20,"[1,2,3,4,5,6,7,8,9,10,11,12,13,14,15,16,17,18,20]",594,"Lower",10,"Mobile Transfer ticket",1,"[PREMIUM]","[PREMIUM]","[PREMIUM]","[PREMIUM]",true,false,"['Clear view']","2026-09-15 18:41:53"
"13819321917","2026-09-15 23:47:48.866","2026-09-28 05:20:11.159","13819321917","160425133","[PREMIUM]","[PREMIUM]","112","30","23_23","23","23",1,"[1]",594,"Lower",10,"Mobile Transfer ticket",1,"[PREMIUM]","[PREMIUM]","[PREMIUM]","[PREMIUM]",false,false,"['Clear view']","2026-08-26 16:33:45"
"14054970312","2026-09-15 23:47:48.308","2026-09-15 23:47:48.308","14054970312","160425133","[PREMIUM]","[PREMIUM]","318","2","_",,,2,"[2]",407,"Upper",10,"Mobile Transfer ticket",1,"[PREMIUM]","[PREMIUM]","[PREMIUM]","[PREMIUM]",true,false,"['Second Row of Section','Clear view']","2026-09-15 22:16:19"
"14055610689","2026-09-15 23:47:47.920","2026-09-15 23:47:47.920","14055610689","160425133","[PREMIUM]","[PREMIUM]","312","4","_",,,6,"[1,2,3,4,6]",407,"Upper",10,"Mobile Transfer ticket",1,"[PREMIUM]","[PREMIUM]","[PREMIUM]","[PREMIUM]",true,false,"['Clear view']","2026-09-15 23:35:40"
"14054478377","2026-09-15 23:47:47.370","2026-09-28 05:20:17.185","14054478377","160425133","[PREMIUM]","[PREMIUM]","322","18","5_18","5","18",14,"[1,2,3,4,5,6,7,8,9,10,11,12,14]",407,"Upper",10,"Mobile Transfer ticket",1,"[PREMIUM]","[PREMIUM]","[PREMIUM]","[PREMIUM]",true,false,"['Clear view']","2026-09-15 21:08:23"
"14050200564","2026-09-15 23:47:46.902","2026-09-15 23:47:46.902","14050200564","160437155","[PREMIUM]","[PREMIUM]","445","1","9001_9002","9001",,2,"[2]",1771,"Terrace Level",10,"Mobile Transfer ticket",13,"[PREMIUM]","[PREMIUM]","[PREMIUM]","[PREMIUM]",true,false,"['Clear view']","2026-09-15 13:49:54"
"14030604369","2026-09-15 23:47:46.736","2026-09-26 05:11:55.283","14030604369","160436162","[PREMIUM]","[PREMIUM]","127C","8","15_16","15",,2,"[2]",17186,"100-Level Club",10,"Mobile Transfer ticket",1,"[PREMIUM]","[PREMIUM]","[PREMIUM]","[PREMIUM]",true,false,"['Clear view']","2026-09-13 16:54:58"
"13819318687","2026-09-15 23:47:46.324","2026-09-22 23:50:01.995","13819318687","160425133","[PREMIUM]","[PREMIUM]","132","37","23_25","23","25",3,"[1,3]",594,"Lower",10,"Mobile Transfer ticket",1,"[PREMIUM]","[PREMIUM]","[PREMIUM]","[PREMIUM]",true,false,"['Clear view']","2026-08-26 16:33:32"
"14035778992","2026-09-15 23:47:45.990","2026-09-15 23:47:45.990","14035778992","160436164","[PREMIUM]","[PREMIUM]","110C","6","_",,,2,"[2]",17186,"100-Level Club",10,"Mobile Transfer ticket",1,"[PREMIUM]","[PREMIUM]","[PREMIUM]","[PREMIUM]",true,false,"['Clear view']","2026-09-14 04:43:45"
"13819319993","2026-09-15 23:47:44.865","2026-09-28 05:20:12.795","13819319993","160425133","[PREMIUM]","[PREMIUM]","112","28","5_7","5","7",3,"[1,3]",594,"Lower",10,"Mobile Transfer ticket",1,"[PREMIUM]","[PREMIUM]","[PREMIUM]","[PREMIUM]",true,false,"['Clear view']","2026-08-26 16:33:39"
"13819322285","2026-09-15 23:47:44.865","2026-09-28 05:20:12.795","13819322285","160425133","[PREMIUM]","[PREMIUM]","128","29","20_21","20","21",2,"[2]",594,"Lower",10,"Mobile Transfer ticket",1,"[PREMIUM]","[PREMIUM]","[PREMIUM]","[PREMIUM]",true,false,"['Clear view']","2026-08-26 16:33:48"
"13932596503","2026-09-15 23:47:44.865","2026-09-28 05:20:12.795","13932596503","160425133","[PREMIUM]","[PREMIUM]","127","29","15_17","15","17",3,"[1,3]",594,"Lower",10,"Mobile Transfer ticket",1,"[PREMIUM]","[PREMIUM]","[PREMIUM]","[PREMIUM]",true,false,"['Clear view']","2026-09-04 22:47:56"
"14054380275","2026-09-15 23:47:42.540","2026-09-15 23:47:42.540","14054380275","160425133","[PREMIUM]","[PREMIUM]","303","3","_",,,3,"[3]",407,"Upper",10,"Mobile Transfer ticket",1,"[PREMIUM]","[PREMIUM]","[PREMIUM]","[PREMIUM]",true,false,"['Third Row of Section','Clear view']","2026-09-15 20:55:26"
"14053296225","2026-09-15 23:47:40.128","2026-09-15 23:47:40.128","14053296225","160437155","[PREMIUM]","[PREMIUM]","135","36","_",,,4,"[2,4]",952,"Main Level",10,"Mobile Transfer ticket",14,"[PREMIUM]","[PREMIUM]","[PREMIUM]","[PREMIUM]",true,false,"['Clear view']","2026-09-15 18:55:35"
"14053296232","2026-09-15 23:47:40.128","2026-09-15 23:47:40.128","14053296232","160437155","[PREMIUM]","[PREMIUM]","135","35","_",,,3,"[1,3]",952,"Main Level",10,"Mobile Transfer ticket",14,"[PREMIUM]","[PREMIUM]","[PREMIUM]","[PREMIUM]",true,false,"['Clear view']","2026-09-15 18:55:35"
"14013898713","2026-09-15 23:47:38.988","2026-09-28 05:20:09.984","14013898713","160425133","[PREMIUM]","[PREMIUM]","303","26","_",,,2,"[2]",407,"Upper",10,"Mobile Transfer ticket",1,"[PREMIUM]","[PREMIUM]","[PREMIUM]","[PREMIUM]",true,false,"['Side or rear view']","2026-09-12 02:48:49"
"14052697516","2026-09-15 23:47:38.988","2026-09-15 23:47:38.988","14052697516","160425133","[PREMIUM]","[PREMIUM]","321","28","_",,,2,"[2]",407,"Upper",10,"Mobile Transfer ticket",1,"[PREMIUM]","[PREMIUM]","[PREMIUM]","[PREMIUM]",true,false,"['Side or rear view']","2026-09-15 17:48:46"
"14044173900","2026-09-15 23:47:38.649","2026-09-16 23:38:18.752","14044173900","160425133","[PREMIUM]","[PREMIUM]","320","7","9001_9002","9001",,2,"[2]",407,"Upper",10,"Mobile Transfer ticket",13,"[PREMIUM]","[PREMIUM]","[PREMIUM]","[PREMIUM]",true,false,"['Clear view']","2026-09-14 23:58:04"
"14052992061","2026-09-15 23:47:38.192","2026-09-21 23:54:57.476","14052992061","160425133","[PREMIUM]","[PREMIUM]","328","25","1_21","1","21",21,"[1,2,3,4,5,6,7,8,9,10,11,12,13,14,15,16,17,18,19,21]",407,"Upper",10,"Mobile Transfer ticket",1,"[PREMIUM]","[PREMIUM]","[PREMIUM]","[PREMIUM]",true,false,"['Clear view']","2026-09-15 18:24:00"
"14052992068","2026-09-15 23:47:37.745","2026-09-26 05:19:35.837","14052992068","160425133","[PREMIUM]","[PREMIUM]","328","26","1_20","1","20",20,"[1,2,3,4,5,6,7,8,9,10,11,12,13,14,15,16,17,18,20]",407,"Upper",10,"Mobile Transfer ticket",1,"[PREMIUM]","[PREMIUM]","[PREMIUM]","[PREMIUM]",true,false,"['Clear view']","2026-09-15 18:24:01"
"14051163484","2026-09-15 23:47:37.242","2026-09-28 05:10:46.634","14051163484","160436162","[PREMIUM]","[PREMIUM]","130C","5","3_4","3","4",2,"[2]",17186,"100-Level Club",11,"Mobile ticket",1,"[PREMIUM]","[PREMIUM]","[PREMIUM]","[PREMIUM]",true,false,"['Actual 2nd row of section','Delta Club Seats','Includes unlimited food and soft drinks','VIP Club Access w/ private entrance & restrooms','Clear view','Instant download']","2026-09-15 15:23:07"
"14031547427","2026-09-15 23:47:37.085","2026-09-15 23:47:37.085","14031547427","160436162","[PREMIUM]","[PREMIUM]","122","6","_",,,2,"[2]",11357,"100-Level",10,"Mobile Transfer ticket",1,"[PREMIUM]","[PREMIUM]","[PREMIUM]","[PREMIUM]",true,false,"['Front Row of Section','Clear view']","2026-09-13 18:54:09"
"14052405890","2026-09-15 23:47:37.085","2026-09-18 00:15:16.925","14052405890","160436162","[PREMIUM]","[PREMIUM]","125","2","_",,,2,"[2]",11357,"100-Level",10,"Mobile Transfer ticket",1,"[PREMIUM]","[PREMIUM]","[PREMIUM]","[PREMIUM]",true,false,"['Second Row of Section','Clear view']","2026-09-15 17:13:07"
"14031532800","2026-09-15 23:47:36.716","2026-09-15 23:47:36.716","14031532800","160436162","[PREMIUM]","[PREMIUM]","104","10","_",,,2,"[2]",11357,"100-Level",10,"Mobile Transfer ticket",1,"[PREMIUM]","[PREMIUM]","[PREMIUM]","[PREMIUM]",true,false,"['Clear view']","2026-09-13 18:52:43"
"14044038244","2026-09-15 23:47:36.716","2026-09-18 00:14:32.185","14044038244","160436162","[PREMIUM]","[PREMIUM]","133","9","_",,,2,"[2]",11357,"100-Level",10,"Mobile Transfer ticket",1,"[PREMIUM]","[PREMIUM]","[PREMIUM]","[PREMIUM]",true,false,"['Clear view']","2026-09-14 23:43:01"
"14025340459","2026-09-15 23:47:35.406","2026-09-21 23:54:22.973","14025340459","160425133","[PREMIUM]","[PREMIUM]","318","14","9001_9002","9001",,2,"[2]",407,"Upper",10,"Mobile Transfer ticket",13,"[PREMIUM]","[PREMIUM]","[PREMIUM]","[PREMIUM]",true,false,"['Clear view']","2026-09-13 03:07:02"
"14042848639","2026-09-15 23:47:34.130","2026-09-27 05:12:32.369","14042848639","160436162","[PREMIUM]","[PREMIUM]","236C","9","9_10","9","10",2,"[2]",17187,"200-Level Club",10,"Mobile Transfer ticket",1,"[PREMIUM]","[PREMIUM]","[PREMIUM]","[PREMIUM]",true,false,"['Clear view']","2026-09-14 21:15:11"
"13970338774","2026-09-15 23:47:20.793","2026-09-28 05:20:13.236","13970338774","160425133","[PREMIUM]","[PREMIUM]","318","18","15_20","15","20",6,"[1,2,3,4,6]",407,"Upper",10,"Mobile Transfer ticket",1,"[PREMIUM]","[PREMIUM]","[PREMIUM]","[PREMIUM]",true,false,"['Clear view']","2026-09-08 20:31:30"
"14052878660","2026-09-15 23:47:20.793","2026-09-28 05:20:13.236","14052878660","160425133","[PREMIUM]","[PREMIUM]","333","12","1_21","1","21",21,"[1,2,3,4,5,6,7,8,9,10,11,12,13,14,15,16,17,18,19,21]",407,"Upper",10,"Mobile Transfer ticket",1,"[PREMIUM]","[PREMIUM]","[PREMIUM]","[PREMIUM]",true,false,"['Clear view']","2026-09-15 18:10:06"
"14052878653","2026-09-15 23:47:20.793","2026-09-28 05:20:11.746","14052878653","160425133","[PREMIUM]","[PREMIUM]","338","12","1_17","1","17",17,"[1,2,3,4,5,6,7,8,9,10,11,12,13,14,15,17]",407,"Upper",10,"Mobile Transfer ticket",1,"[PREMIUM]","[PREMIUM]","[PREMIUM]","[PREMIUM]",true,false,"['Clear view']","2026-09-15 18:10:06"
"14052878662","2026-09-15 23:47:20.423","2026-09-28 05:20:11.746","14052878662","160425133","[PREMIUM]","[PREMIUM]","310","12","1_21","1","21",21,"[1,2,3,4,5,6,7,8,9,10,11,12,13,14,15,16,17,18,19,21]",407,"Upper",10,"Mobile Transfer ticket",1,"[PREMIUM]","[PREMIUM]","[PREMIUM]","[PREMIUM]",true,false,"['Clear view']","2026-09-15 18:10:06"
"14052878644","2026-09-15 23:47:20.423","2026-09-28 05:20:11.746","14052878644","160425133","[PREMIUM]","[PREMIUM]","311","12","1_21","1","21",21,"[1,2,3,4,5,6,7,8,9,10,11,12,13,14,15,16,17,18,19,21]",407,"Upper",10,"Mobile Transfer ticket",1,"[PREMIUM]","[PREMIUM]","[PREMIUM]","[PREMIUM]",true,false,"['Clear view']","2026-09-15 18:10:06"
"14052861481","2026-09-15 23:47:20.075","2026-09-28 05:20:11.746","14052861481","160425133","[PREMIUM]","[PREMIUM]","314","12","7_19","7","19",13,"[1,2,3,4,5,6,7,8,9,10,11,13]",407,"Upper",10,"Mobile Transfer ticket",1,"[PREMIUM]","[PREMIUM]","[PREMIUM]","[PREMIUM]",true,false,"['Clear view']","2026-09-15 18:08:44"
"14011174737","2026-09-15 23:47:19.670","2026-09-18 23:55:07.668","14011174737","160425133","[PREMIUM]","[PREMIUM]","332",,"998868558_998868561","998868558",,2,"[2]",407,"Upper",10,"Mobile Transfer ticket",1,"[PREMIUM]","[PREMIUM]","[PREMIUM]","[PREMIUM]",true,true,"['Clear view']","2026-09-11 22:26:44"
"14052861486","2026-09-15 23:47:19.670","2026-09-28 05:20:11.746","14052861486","160425133","[PREMIUM]","[PREMIUM]","312","12","5_18","5","18",14,"[1,2,3,4,5,6,7,8,9,10,11,12,14]",407,"Upper",10,"Mobile Transfer ticket",1,"[PREMIUM]","[PREMIUM]","[PREMIUM]","[PREMIUM]",true,false,"['Clear view']","2026-09-15 18:08:44"
"14052861471","2026-09-15 23:47:19.670","2026-09-28 05:20:11.746","14052861471","160425133","[PREMIUM]","[PREMIUM]","313","12","7_22","7","22",16,"[1,2,3,4,5,6,7,8,9,10,11,12,13,14,16]",407,"Upper",10,"Mobile Transfer ticket",1,"[PREMIUM]","[PREMIUM]","[PREMIUM]","[PREMIUM]",true,false,"['Clear view']","2026-09-15 18:08:44"
"14048568177","2026-09-15 23:47:19.319","2026-09-18 23:54:21.674","14048568177","160425133","[PREMIUM]","[PREMIUM]","304","39","_",,,6,"[1,2,3,4,6]",407,"Upper",10,"Mobile Transfer ticket",1,"[PREMIUM]","[PREMIUM]","[PREMIUM]","[PREMIUM]",true,false,"['Clear view']","2026-09-15 10:22:04"
"12691510715","2026-09-15 23:47:17.833","2026-09-20 00:14:29.812","12691510715","160436162","[PREMIUM]","[PREMIUM]","126C","18","_",,,2,"[2]",17186,"100-Level Club",10,"Mobile Transfer ticket",1,"[PREMIUM]","[PREMIUM]","[PREMIUM]","[PREMIUM]",true,false,"['Clear view']","2026-05-15 00:56:12"
"13854922305","2026-09-15 23:47:16.967","2026-09-27 05:12:32.369","13854922305","160436162","[PREMIUM]","[PREMIUM]","129C","35","_",,,2,"[2]",17186,"100-Level Club",10,"Mobile Transfer ticket",14,"[PREMIUM]","[PREMIUM]","[PREMIUM]","[PREMIUM]",true,false,"['Clear view']","2026-08-29 17:06:55"
"14011175445","2026-09-15 23:47:12.045","2026-09-15 23:47:12.045","14011175445","160425133","[PREMIUM]","[PREMIUM]","320",,"998868504_998868507","998868504",,2,"[2]",407,"Upper",10,"Mobile Transfer ticket",1,"[PREMIUM]","[PREMIUM]","[PREMIUM]","[PREMIUM]",true,true,"['Clear view']","2026-09-11 22:26:47"
"14033202704","2026-09-15 23:47:11.852","2026-09-21 00:02:02.372","14033202704","160425133","[PREMIUM]","[PREMIUM]","341","32","_",,,2,"[2]",407,"Upper",10,"Mobile Transfer ticket",1,"[PREMIUM]","[PREMIUM]","[PREMIUM]","[PREMIUM]",true,false,"['Clear view']","2026-09-13 22:26:32"
"14046516841","2026-09-15 23:47:11.852","2026-09-15 23:47:11.852","14046516841","160425133","[PREMIUM]","[PREMIUM]","307",,"998868454_998868455","998868454",,2,"[2]",407,"Upper",10,"Mobile Transfer ticket",1,"[PREMIUM]","[PREMIUM]","[PREMIUM]","[PREMIUM]",true,true,"['Clear view']","2026-09-15 04:36:52"
"14034625853","2026-09-15 23:47:11.733","2026-09-15 23:47:11.733","14034625853","160425133","[PREMIUM]","[PREMIUM]","307","39","15_18","15","18",4,"[2,4]",407,"Upper",10,"Mobile Transfer ticket",1,"[PREMIUM]","[PREMIUM]","[PREMIUM]","[PREMIUM]",true,false,"['Clear view']","2026-09-14 01:40:22"
"14052942245","2026-09-15 23:47:11.565","2026-09-21 00:02:12.685","14052942245","160425133","[PREMIUM]","[PREMIUM]","307","38","15_28","15","28",14,"[1,2,3,4,5,6,7,8,9,10,11,12,14]",407,"Upper",10,"Mobile Transfer ticket",1,"[PREMIUM]","[PREMIUM]","[PREMIUM]","[PREMIUM]",true,false,"['Clear view']","2026-09-15 18:17:47"
"14011173341","2026-09-15 23:47:11.372","2026-09-18 23:54:21.674","14011173341","160425133","[PREMIUM]","[PREMIUM]","313",,"998868472_998868475","998868472",,2,"[2]",407,"Upper",10,"Mobile Transfer ticket",1,"[PREMIUM]","[PREMIUM]","[PREMIUM]","[PREMIUM]",true,true,"['Clear view']","2026-09-11 22:26:39"
"14052949688","2026-09-15 23:47:11.372","2026-09-28 05:20:12.192","14052949688","160425133","[PREMIUM]","[PREMIUM]","317","28","2_26","2","26",25,"[1,2,3,4,5,6,7,8,9,10,11,12,13,14,15,16,17,18,19,20,21,22,23,25]",407,"Upper",10,"Mobile Transfer ticket",1,"[PREMIUM]","[PREMIUM]","[PREMIUM]","[PREMIUM]",true,false,"['Clear view']","2026-09-15 18:19:06"
"14044591829","2026-09-15 23:47:11.345","2026-09-28 05:20:12.484","14044591829","160425133","[PREMIUM]","[PREMIUM]","314","13","11_13","11","13",3,"[1,3]",407,"Upper",10,"Mobile Transfer ticket",1,"[PREMIUM]","[PREMIUM]","[PREMIUM]","[PREMIUM]",true,false,"['Clear view']","2026-09-15 00:57:09"
"13819321949","2026-09-15 23:47:11.289","2026-09-28 05:20:10.460","13819321949","160425133","[PREMIUM]","[PREMIUM]","342","27","10_12","10","12",3,"[1,3]",407,"Upper",10,"Mobile Transfer ticket",1,"[PREMIUM]","[PREMIUM]","[PREMIUM]","[PREMIUM]",true,false,"['Clear view']","2026-08-26 16:33:45"
"14045195204","2026-09-15 23:47:11.249","2026-09-19 23:59:16.661","14045195204","160425133","[PREMIUM]","[PREMIUM]","306","32","_",,,2,"[2]",407,"Upper",10,"Mobile Transfer ticket",1,"[PREMIUM]","[PREMIUM]","[PREMIUM]","[PREMIUM]",true,false,"['Clear view']","2026-09-15 01:52:02"
"14055478610","2026-09-15 23:47:11.249","2026-09-18 00:26:35.505","14055478610","160425133","[PREMIUM]","[PREMIUM]","318","39","4_14","4","14",11,"[1,2,3,4,5,6,7,8,9,11]",407,"Upper",10,"Mobile Transfer ticket",1,"[PREMIUM]","[PREMIUM]","[PREMIUM]","[PREMIUM]",true,false,"['Clear view']","2026-09-15 23:17:41"
"12708236810","2026-09-15 23:47:11.230","2026-09-18 00:25:46.595","12708236810","160425133","[PREMIUM]","[PREMIUM]","338","20","_",,,2,"[2]",407,"Upper",10,"Mobile Transfer ticket",1,"[PREMIUM]","[PREMIUM]","[PREMIUM]","[PREMIUM]",true,false,"['Clear view']","2026-05-16 09:16:02"
"12692377093","2026-09-15 23:47:11.166","2026-09-21 00:02:13.039","12692377093","160425133","[PREMIUM]","[PREMIUM]","318","30","_",,,4,"[1,2,4]",407,"Upper",10,"Mobile Transfer ticket",1,"[PREMIUM]","[PREMIUM]","[PREMIUM]","[PREMIUM]",true,false,"['Clear view']","2026-05-15 02:24:09"
"14011173283","2026-09-15 23:47:11.166","2026-09-18 23:54:21.226","14011173283","160425133","[PREMIUM]","[PREMIUM]","331",,"998868554_998868557","998868554",,2,"[2]",407,"Upper",10,"Mobile Transfer ticket",1,"[PREMIUM]","[PREMIUM]","[PREMIUM]","[PREMIUM]",true,true,"['Clear view']","2026-09-11 22:26:38"
"14023404081","2026-09-15 23:47:10.916","2026-09-28 05:20:11.716","14023404081","160425133","[PREMIUM]","[PREMIUM]","306","19","1_1","1","1",1,"[1]",407,"Upper",10,"Mobile Transfer ticket",1,"[PREMIUM]","[PREMIUM]","[PREMIUM]","[PREMIUM]",false,false,"['Clear view']","2026-09-12 22:29:56"
"14011172948","2026-09-15 23:47:10.871","2026-09-15 23:47:10.871","14011172948","160425133","[PREMIUM]","[PREMIUM]","308",,"998868456_998868459","998868456",,2,"[2]",407,"Upper",10,"Mobile Transfer ticket",1,"[PREMIUM]","[PREMIUM]","[PREMIUM]","[PREMIUM]",true,true,"['Clear view']","2026-09-11 22:26:38"
"14051056564","2026-09-15 23:47:10.080","2026-09-15 23:47:10.080","14051056564","160437155","[PREMIUM]","[PREMIUM]","447","A","9001_9003","9001",,3,"[3]",5506,"Ring of Honor",10,"Mobile Transfer ticket",13,"[PREMIUM]","[PREMIUM]","[PREMIUM]","[PREMIUM]",true,false,"['Front Row of Section','Clear view']","2026-09-15 15:12:08"
"14040811922","2026-09-15 23:47:10.016","2026-09-15 23:47:10.016","14040811922","160437155","[PREMIUM]","[PREMIUM]","108","36","_",,,3,"[1,3]",952,"Main Level",10,"Mobile Transfer ticket",14,"[PREMIUM]","[PREMIUM]","[PREMIUM]","[PREMIUM]",true,false,"['Clear view']","2026-09-14 17:19:02"
"14050086588","2026-09-15 23:47:10.010","2026-09-15 23:47:10.010","14050086588","160437155","[PREMIUM]","[PREMIUM]","205","8","9001_9002","9001",,2,"[2]",300,"Club Level",10,"Mobile Transfer ticket",13,"[PREMIUM]","[PREMIUM]","[PREMIUM]","[PREMIUM]",true,false,"['Clear view']","2026-09-15 13:38:50"
"14052785362","2026-09-15 23:47:10.010","2026-09-15 23:47:10.010","14052785362","160437155","[PREMIUM]","[PREMIUM]","431","A","9001_9002","9001",,2,"[2]",5506,"Ring of Honor",10,"Mobile Transfer ticket",1,"[PREMIUM]","[PREMIUM]","[PREMIUM]","[PREMIUM]",true,false,"['Front Row of Section','Clear view']","2026-09-15 17:59:01"
"14053450060","2026-09-15 23:47:10.010","2026-09-15 23:47:10.010","14053450060","160437155","[PREMIUM]","[PREMIUM]","109","13","9001_9002","9001",,2,"[2]",952,"Main Level",10,"Mobile Transfer ticket",13,"[PREMIUM]","[PREMIUM]","[PREMIUM]","[PREMIUM]",true,false,"['Clear view']","2026-09-15 19:13:00"
"14047007741","2026-09-15 23:47:09.858","2026-09-15 23:47:09.858","14047007741","160437155","[PREMIUM]","[PREMIUM]","121","2","_",,,2,"[2]",952,"Main Level",10,"Mobile Transfer ticket",1,"[PREMIUM]","[PREMIUM]","[PREMIUM]","[PREMIUM]",true,false,"['Second Row of Section','Clear view']","2026-09-15 05:45:25"
"14050776977","2026-09-15 23:47:09.740","2026-09-15 23:47:09.740","14050776977","160436162","[PREMIUM]","[PREMIUM]","107","10","9001_9002","9001",,2,"[2]",11357,"100-Level",10,"Mobile Transfer ticket",1,"[PREMIUM]","[PREMIUM]","[PREMIUM]","[PREMIUM]",true,false,"['Clear view']","2026-09-15 14:46:58"
"14051060438","2026-09-15 23:47:09.715","2026-09-15 23:47:09.715","14051060438","160437155","[PREMIUM]","[PREMIUM]","222","2","9001_9004","9001",,4,"[4]",300,"Club Level",10,"Mobile Transfer ticket",13,"[PREMIUM]","[PREMIUM]","[PREMIUM]","[PREMIUM]",true,false,"['Second Row of Section','Clear view']","2026-09-15 15:12:35"
"12988394805","2026-09-15 23:47:09.686","2026-09-15 23:47:09.686","12988394805","160436162","[PREMIUM]","[PREMIUM]","235","8","8_11","8","11",4,"[1,2,4]",11358,"200-Level",10,"Mobile Transfer ticket",1,"[PREMIUM]","[PREMIUM]","[PREMIUM]","[PREMIUM]",true,false,"['Clear view']","2026-06-10 12:13:36"
"14045443156","2026-09-15 23:47:09.548","2026-09-28 05:09:29.957","14045443156","160437155","[PREMIUM]","[PREMIUM]","234","4","7_10","7","10",4,"[1,2,4]",300,"Club Level",10,"Mobile Transfer ticket",1,"[PREMIUM]","[PREMIUM]","[PREMIUM]","[PREMIUM]",true,false,"['Clear view']","2026-09-15 02:23:45"
"14043781182","2026-09-15 23:47:09.377","2026-09-15 23:47:09.377","14043781182","160436162","[PREMIUM]","[PREMIUM]","311","1","_",,,2,"[2]",13685,"300-Level",10,"Mobile Transfer ticket",1,"[PREMIUM]","[PREMIUM]","[PREMIUM]","[PREMIUM]",true,false,"['Front Row of Section','Clear view']","2026-09-14 23:07:43"
"14011274765","2026-09-15 23:47:09.294","2026-09-15 23:47:57.190","14011274765","160436162","[PREMIUM]","[PREMIUM]","235",,"998986261_998986264","998986261",,2,"[2]",11358,"200-Level",10,"Mobile Transfer ticket",1,"[PREMIUM]","[PREMIUM]","[PREMIUM]","[PREMIUM]",true,true,"['Clear view']","2026-09-11 22:34:56"
"14011174590","2026-09-15 23:47:09.225","2026-09-18 23:54:18.820","14011174590","160425133","[PREMIUM]","[PREMIUM]","318",,"998868496_998868499","998868496",,2,"[2]",407,"Upper",10,"Mobile Transfer ticket",1,"[PREMIUM]","[PREMIUM]","[PREMIUM]","[PREMIUM]",true,true,"['Clear view']","2026-09-11 22:26:43"
"13816536034","2026-09-15 23:47:08.974","2026-09-23 23:45:57.489","13816536034","160436162","[PREMIUM]","[PREMIUM]","215","6","9001_9001","9001",,1,"[1]",11358,"200-Level",10,"Mobile Transfer ticket",13,"[PREMIUM]","[PREMIUM]","[PREMIUM]","[PREMIUM]",false,false,"['Clear view']","2026-08-26 10:10:20"
"14051229493","2026-09-15 23:47:08.883","2026-09-15 23:47:08.883","14051229493","160437155","[PREMIUM]","[PREMIUM]","127","13","9001_9004","9001",,4,"[4]",952,"Main Level",10,"Mobile Transfer ticket",13,"[PREMIUM]","[PREMIUM]","[PREMIUM]","[PREMIUM]",true,false,"['Clear view']","2026-09-15 15:29:46"
"14053680574","2026-09-15 23:47:08.880","2026-09-15 23:47:08.880","14053680574","160437155","[PREMIUM]","[PREMIUM]","432","A","_",,,2,"[2]",5506,"Ring of Honor",10,"Mobile Transfer ticket",1,"[PREMIUM]","[PREMIUM]","[PREMIUM]","[PREMIUM]",true,false,"['Front Row of Section','Clear view']","2026-09-15 19:39:43"
"14052739009","2026-09-15 23:47:08.553","2026-09-15 23:47:08.553","14052739009","160437155","[PREMIUM]","[PREMIUM]","431","D","_",,,5,"[1,2,3,4,5]",5506,"Ring of Honor",10,"Mobile Transfer ticket",1,"[PREMIUM]","[PREMIUM]","[PREMIUM]","[PREMIUM]",true,false,"['Clear view']","2026-09-15 17:52:29"
"14044813139","2026-09-15 23:47:08.402","2026-09-15 23:47:08.402","14044813139","160437155","[PREMIUM]","[PREMIUM]","426","A","_",,,2,"[2]",5506,"Ring of Honor",10,"Mobile Transfer ticket",1,"[PREMIUM]","[PREMIUM]","[PREMIUM]","[PREMIUM]",true,false,"['Front Row of Section','Clear view']","2026-09-15 01:18:17"
"14051449732","2026-09-15 23:47:08.402","2026-09-15 23:47:08.402","14051449732","160437155","[PREMIUM]","[PREMIUM]","120","3","9001_9003","9001",,3,"[3]",952,"Main Level",10,"Mobile Transfer ticket",13,"[PREMIUM]","[PREMIUM]","[PREMIUM]","[PREMIUM]",true,false,"['Third Row of Section','Clear view']","2026-09-15 15:45:17"
"14050773136","2026-09-15 23:47:07.726","2026-09-28 05:10:41.337","14050773136","160436162","[PREMIUM]","[PREMIUM]","104","20","9001_9002","9001",,2,"[2]",11357,"100-Level",10,"Mobile Transfer ticket",1,"[PREMIUM]","[PREMIUM]","[PREMIUM]","[PREMIUM]",true,false,"['Clear view']","2026-09-15 14:46:39"
"14051449742","2026-09-15 23:47:07.383","2026-09-15 23:47:07.383","14051449742","160437155","[PREMIUM]","[PREMIUM]","441","A","9001_9004","9001",,4,"[4]",5506,"Ring of Honor",10,"Mobile Transfer ticket",13,"[PREMIUM]","[PREMIUM]","[PREMIUM]","[PREMIUM]",true,false,"['Front Row of Section','Clear view']","2026-09-15 15:45:17"
"14035368995","2026-09-15 23:47:07.340","2026-09-15 23:47:07.340","14035368995","160437155","[PREMIUM]","[PREMIUM]","124","3","_",,,2,"[2]",952,"Main Level",10,"Mobile Transfer ticket",1,"[PREMIUM]","[PREMIUM]","[PREMIUM]","[PREMIUM]",true,false,"['Third Row of Section','Clear view']","2026-09-14 03:53:40"
"14050595507","2026-09-15 23:47:07.340","2026-09-15 23:47:07.340","14050595507","160437155","[PREMIUM]","[PREMIUM]","229","3","9001_9004","9001",,4,"[4]",300,"Club Level",10,"Mobile Transfer ticket",13,"[PREMIUM]","[PREMIUM]","[PREMIUM]","[PREMIUM]",true,false,"['Third Row of Section','Clear view']","2026-09-15 14:30:08"
"14052997099","2026-09-15 23:47:07.317","2026-09-15 23:47:07.317","14052997099","160437155","[PREMIUM]","[PREMIUM]","102","7","_",,,2,"[2]",952,"Main Level",10,"Mobile Transfer ticket",1,"[PREMIUM]","[PREMIUM]","[PREMIUM]","[PREMIUM]",true,false,"['Clear view']","2026-09-15 18:24:21"
"14051048057","2026-09-15 23:47:07.312","2026-09-15 23:47:07.312","14051048057","160437155","[PREMIUM]","[PREMIUM]","443","B","9001_9002","9001",,2,"[2]",5506,"Ring of Honor",10,"Mobile Transfer ticket",13,"[PREMIUM]","[PREMIUM]","[PREMIUM]","[PREMIUM]",true,false,"['Second Row of Section','Clear view']","2026-09-15 15:11:27"
"14034041246","2026-09-15 23:47:07.012","2026-09-18 00:24:55.260","14034041246","160437155","[PREMIUM]","[PREMIUM]","421","10","_",,,8,"[1,2,3,4,5,6,7,8]",1771,"Terrace Level",10,"Mobile Transfer ticket",1,"[PREMIUM]","[PREMIUM]","[PREMIUM]","[PREMIUM]",true,false,"['Clear view']","2026-09-14 00:14:37"
"14053296201","2026-09-15 23:47:07.012","2026-09-28 05:09:18.321","14053296201","160437155","[PREMIUM]","[PREMIUM]","423","16","_",,,3,"[1,3]",1771,"Terrace Level",10,"Mobile Transfer ticket",14,"[PREMIUM]","[PREMIUM]","[PREMIUM]","[PREMIUM]",true,false,"['Clear view']","2026-09-15 18:55:35"
"14045547965","2026-09-15 23:47:06.973","2026-09-18 00:23:28.884","14045547965","160437155","[PREMIUM]","[PREMIUM]","Ring of Honor WC 432","C","9001_9002","9001",,2,"[2]",39229,"Ring of Honor Accessible",10,"Mobile Transfer ticket",1,"[PREMIUM]","[PREMIUM]","[PREMIUM]","[PREMIUM]",true,false,"['Front Row of Section','Clear view']","2026-09-15 02:37:42"
"14051447161","2026-09-15 23:47:06.973","2026-09-15 23:47:06.973","14051447161","160437155","[PREMIUM]","[PREMIUM]","119","3","9001_9002","9001",,2,"[2]",952,"Main Level",10,"Mobile Transfer ticket",13,"[PREMIUM]","[PREMIUM]","[PREMIUM]","[PREMIUM]",true,false,"['Clear view']","2026-09-15 15:45:03"
"14054778695","2026-09-15 23:47:06.973","2026-09-15 23:47:06.973","14054778695","160437155","[PREMIUM]","[PREMIUM]","133","23","_",,,2,"[2]",952,"Main Level",10,"Mobile Transfer ticket",1,"[PREMIUM]","[PREMIUM]","[PREMIUM]","[PREMIUM]",true,false,"['Clear view']","2026-09-15 21:55:44"
"14055410461","2026-09-15 23:47:06.973","2026-09-15 23:47:06.973","14055410461","160437155","[PREMIUM]","[PREMIUM]","115","7","9001_9003","9001",,3,"[3]",952,"Main Level",10,"Mobile Transfer ticket",13,"[PREMIUM]","[PREMIUM]","[PREMIUM]","[PREMIUM]",true,false,"['Clear view']","2026-09-15 23:07:06"
"14039729849","2026-09-15 23:47:06.511","2026-09-15 23:47:47.578","14039729849","160436162","[PREMIUM]","[PREMIUM]","345","1","_",,,2,"[2]",13685,"300-Level",10,"Mobile Transfer ticket",1,"[PREMIUM]","[PREMIUM]","[PREMIUM]","[PREMIUM]",true,false,"['Front Row of Section','Clear view']","2026-09-14 15:14:30"
"14044005554","2026-09-15 23:47:06.473","2026-09-27 05:12:17.403","14044005554","160436162","[PREMIUM]","[PREMIUM]","339","4","17_18","17","18",2,"[2]",13685,"300-Level",10,"Mobile Transfer ticket",1,"[PREMIUM]","[PREMIUM]","[PREMIUM]","[PREMIUM]",true,false,"['Clear view']","2026-09-14 23:38:42"
"14054725057","2026-09-15 23:47:04.763","2026-09-21 00:02:56.522","14054725057","160437155","[PREMIUM]","[PREMIUM]","422","1","_",,,2,"[2]",1771,"Terrace Level",10,"Mobile Transfer ticket",1,"[PREMIUM]","[PREMIUM]","[PREMIUM]","[PREMIUM]",true,false,"['Clear view']","2026-09-15 21:51:24"
"14052607891","2026-09-15 23:47:04.541","2026-09-15 23:47:04.541","14052607891","160437155","[PREMIUM]","[PREMIUM]","115","8","9001_9005","9001",,5,"[5]",952,"Main Level",10,"Mobile Transfer ticket",13,"[PREMIUM]","[PREMIUM]","[PREMIUM]","[PREMIUM]",true,false,"['Clear view']","2026-09-15 17:35:11"
"14050748456","2026-09-15 23:47:04.425","2026-09-21 00:02:08.030","14050748456","160437155","[PREMIUM]","[PREMIUM]","405","1","_",,,2,"[2]",1771,"Terrace Level",10,"Mobile Transfer ticket",1,"[PREMIUM]","[PREMIUM]","[PREMIUM]","[PREMIUM]",true,false,"['Clear view']","2026-09-15 14:44:06"
"14050339631","2026-09-15 23:47:04.205","2026-09-15 23:47:04.205","14050339631","160437155","[PREMIUM]","[PREMIUM]","121","4","9001_9001","9001",,1,"[1]",952,"Main Level",10,"Mobile Transfer ticket",13,"[PREMIUM]","[PREMIUM]","[PREMIUM]","[PREMIUM]",false,false,"['Clear view']","2026-09-15 14:03:06"
"14054039640","2026-09-15 23:47:03.872","2026-09-28 05:13:54.377","14054039640","160435673","[PREMIUM]","[PREMIUM]","204","8","_",,,4,"[4]",2438,"Club Purple",10,"Mobile Transfer ticket",1,"[PREMIUM]","[PREMIUM]","[PREMIUM]","[PREMIUM]",true,false,"['Clear view']","2026-09-15 20:15:53"
"14045005766","2026-09-15 23:47:03.129","2026-09-16 23:46:51.489","14045005766","160437155","[PREMIUM]","[PREMIUM]","428","E","9001_9002","9001",,2,"[2]",5506,"Ring of Honor",10,"Mobile Transfer ticket",1,"[PREMIUM]","[PREMIUM]","[PREMIUM]","[PREMIUM]",true,false,"['Second Row of Section','Clear view']","2026-09-15 01:36:00"
"14053621344","2026-09-15 23:46:59.284","2026-09-16 23:45:59.738","14053621344","160437155","[PREMIUM]","[PREMIUM]","125","28","_",,,6,"[1,2,3,4,6]",952,"Main Level",10,"Mobile Transfer ticket",1,"[PREMIUM]","[PREMIUM]","[PREMIUM]","[PREMIUM]",true,false,"['Clear view']","2026-09-15 19:31:39"
"14051808680","2026-09-15 23:46:58.901","2026-09-15 23:46:58.901","14051808680","160437155","[PREMIUM]","[PREMIUM]","408","4","9001_9001","9001",,1,"[1]",1771,"Terrace Level",10,"Mobile Transfer ticket",13,"[PREMIUM]","[PREMIUM]","[PREMIUM]","[PREMIUM]",false,false,"['Clear view']","2026-09-15 16:12:36"
"14054039331","2026-09-15 23:46:58.475","2026-09-20 00:15:56.727","14054039331","160435673","[PREMIUM]","[PREMIUM]","C9","2","_",,,2,"[2]",1724,"Club",10,"Mobile Transfer ticket",1,"[PREMIUM]","[PREMIUM]","[PREMIUM]","[PREMIUM]",true,false,"['Second Row of Section','Clear view']","2026-09-15 20:15:52"
"14050176345","2026-09-15 23:46:57.965","2026-09-15 23:46:57.965","14050176345","160437155","[PREMIUM]","[PREMIUM]","449","B","9001_9002","9001",,2,"[2]",5506,"Ring of Honor",10,"Mobile Transfer ticket",13,"[PREMIUM]","[PREMIUM]","[PREMIUM]","[PREMIUM]",true,false,"['Second Row of Section','Clear view']","2026-09-15 13:47:37"
"14051222548","2026-09-15 23:46:57.965","2026-09-15 23:46:57.965","14051222548","160437155","[PREMIUM]","[PREMIUM]","438","1","9001_9004","9001",,4,"[4]",1771,"Terrace Level",10,"Mobile Transfer ticket",13,"[PREMIUM]","[PREMIUM]","[PREMIUM]","[PREMIUM]",true,false,"['Clear view']","2026-09-15 15:28:52"
"14053296231","2026-09-15 23:46:57.965","2026-09-16 23:45:59.358","14053296231","160437155","[PREMIUM]","[PREMIUM]","135","37","_",,,2,"[2]",952,"Main Level",10,"Mobile Transfer ticket",14,"[PREMIUM]","[PREMIUM]","[PREMIUM]","[PREMIUM]",true,false,"['Clear view']","2026-09-15 18:55:35"
"14046033789","2026-09-15 23:46:57.713","2026-09-16 23:45:58.890","14046033789","160437155","[PREMIUM]","[PREMIUM]","137","30","_",,,2,"[2]",952,"Main Level",10,"Mobile Transfer ticket",14,"[PREMIUM]","[PREMIUM]","[PREMIUM]","[PREMIUM]",true,false,"['Clear view']","2026-09-15 03:40:02"
"14051220141","2026-09-15 23:46:57.713","2026-09-15 23:46:57.713","14051220141","160437155","[PREMIUM]","[PREMIUM]","446","2","9001_9002","9001",,2,"[2]",1771,"Terrace Level",10,"Mobile Transfer ticket",13,"[PREMIUM]","[PREMIUM]","[PREMIUM]","[PREMIUM]",true,false,"['Clear view']","2026-09-15 15:28:45"
"14053275304","2026-09-15 23:46:57.661","2026-09-15 23:46:57.661","14053275304","160437155","[PREMIUM]","[PREMIUM]","432","11","9001_9003","9001",,3,"[1,3]",1771,"Terrace Level",10,"Mobile Transfer ticket",1,"[PREMIUM]","[PREMIUM]","[PREMIUM]","[PREMIUM]",true,false,"['Clear view']","2026-09-15 18:53:32"
"14053949758","2026-09-15 23:46:57.661","2026-09-15 23:46:57.661","14053949758","160437155","[PREMIUM]","[PREMIUM]","137","31","_",,,6,"[1,2,4,6]",952,"Main Level",10,"Mobile Transfer ticket",14,"[PREMIUM]","[PREMIUM]","[PREMIUM]","[PREMIUM]",true,false,"['Clear view']","2026-09-15 20:04:54"
"14052321702","2026-09-15 23:46:57.634","2026-09-15 23:46:57.634","14052321702","160437155","[PREMIUM]","[PREMIUM]","429","B","9001_9002","9001",,2,"[2]",5506,"Ring of Honor",10,"Mobile Transfer ticket",13,"[PREMIUM]","[PREMIUM]","[PREMIUM]","[PREMIUM]",true,false,"['Second Row of Section','Clear view']","2026-09-15 17:05:36"
"14051059000","2026-09-15 23:46:57.278","2026-09-15 23:46:57.278","14051059000","160437155","[PREMIUM]","[PREMIUM]","402","A","9001_9004","9001",,4,"[4]",5506,"Ring of Honor",10,"Mobile Transfer ticket",13,"[PREMIUM]","[PREMIUM]","[PREMIUM]","[PREMIUM]",true,false,"['Front Row of Section','Clear view']","2026-09-15 15:12:23"
"14051596769","2026-09-15 23:46:57.278","2026-09-21 00:01:37.793","14051596769","160437155","[PREMIUM]","[PREMIUM]","415","2","_",,,2,"[2]",1771,"Terrace Level",10,"Mobile Transfer ticket",1,"[PREMIUM]","[PREMIUM]","[PREMIUM]","[PREMIUM]",true,false,"['Clear view']","2026-09-15 15:55:17"
"14054211288","2026-09-15 23:46:56.628","2026-09-15 23:46:56.628","14054211288","160437155","[PREMIUM]","[PREMIUM]","441","B","9001_9002","9001",,2,"[2]",5506,"Ring of Honor",10,"Mobile Transfer ticket",13,"[PREMIUM]","[PREMIUM]","[PREMIUM]","[PREMIUM]",true,false,"['Second Row of Section','Clear view']","2026-09-15 20:35:01"
"14052736280","2026-09-15 23:46:56.600","2026-09-15 23:46:56.600","14052736280","160437155","[PREMIUM]","[PREMIUM]","433","A","9001_9002","9001",,2,"[2]",5506,"Ring of Honor",10,"Mobile Transfer ticket",13,"[PREMIUM]","[PREMIUM]","[PREMIUM]","[PREMIUM]",true,false,"['Front Row of Section','Clear view']","2026-09-15 17:52:07"
"14052320963","2026-09-15 23:46:56.600","2026-09-15 23:46:56.600","14052320963","160437155","[PREMIUM]","[PREMIUM]","442","3","9001_9002","9001",,2,"[2]",1771,"Terrace Level",10,"Mobile Transfer ticket",13,"[PREMIUM]","[PREMIUM]","[PREMIUM]","[PREMIUM]",true,false,"['Clear view']","2026-09-15 17:05:33"
"14050258958","2026-09-15 23:46:56.039","2026-09-15 23:46:56.039","14050258958","160437155","[PREMIUM]","[PREMIUM]","455","A","9001_9002","9001",,2,"[2]",5506,"Ring of Honor",10,"Mobile Transfer ticket",13,"[PREMIUM]","[PREMIUM]","[PREMIUM]","[PREMIUM]",true,false,"['Front Row of Section','Clear view']","2026-09-15 13:55:53"
"14044794147","2026-09-15 23:46:55.686","2026-09-15 23:46:55.686","14044794147","160437155","[PREMIUM]","[PREMIUM]","137","35","_",,,4,"[1,2,4]",952,"Main Level",10,"Mobile Transfer ticket",1,"[PREMIUM]","[PREMIUM]","[PREMIUM]","[PREMIUM]",true,false,"['Clear view']","2026-09-15 01:16:28"
"14051515514","2026-09-15 23:46:54.611","2026-09-16 23:42:13.977","14051515514","160437155","[PREMIUM]","[PREMIUM]","439","17","_",,,5,"[1,3,5]",1771,"Terrace Level",10,"Mobile Transfer ticket",14,"[PREMIUM]","[PREMIUM]","[PREMIUM]","[PREMIUM]",true,false,"['Clear view']","2026-09-15 15:49:26"
"14055369743","2026-09-15 23:46:54.611","2026-09-22 23:48:35.242","14055369743","160437155","[PREMIUM]","[PREMIUM]","407","19","_",,,8,"[1,2,3,4,6,8]",1771,"Terrace Level",10,"Mobile Transfer ticket",14,"[PREMIUM]","[PREMIUM]","[PREMIUM]","[PREMIUM]",true,false,"['Clear view']","2026-09-15 23:03:16"
"14054039763","2026-09-15 23:46:54.564","2026-09-27 05:15:04.738","14054039763","160435673","[PREMIUM]","[PREMIUM]","V4","1","_",,,4,"[2,4]",1724,"Club",10,"Mobile Transfer ticket",1,"[PREMIUM]","[PREMIUM]","[PREMIUM]","[PREMIUM]",true,false,"['Front Row of Section','Clear view']","2026-09-15 20:15:53"
"14054039741","2026-09-15 23:46:54.354","2026-09-16 23:47:06.095","14054039741","160435673","[PREMIUM]","[PREMIUM]","218","1","_",,,4,"[2,4]",471,"Middle",10,"Mobile Transfer ticket",1,"[PREMIUM]","[PREMIUM]","[PREMIUM]","[PREMIUM]",true,false,"['Front Row of Section','Clear view']","2026-09-15 20:15:53"
"14051808395","2026-09-15 23:46:54.186","2026-09-15 23:46:54.186","14051808395","160437155","[PREMIUM]","[PREMIUM]","407","5","9001_9002","9001",,2,"[2]",1771,"Terrace Level",10,"Mobile Transfer ticket",13,"[PREMIUM]","[PREMIUM]","[PREMIUM]","[PREMIUM]",true,false,"['Clear view']","2026-09-15 16:12:33"
"14053488906","2026-09-15 23:46:53.011","2026-09-15 23:46:53.011","14053488906","160437155","[PREMIUM]","[PREMIUM]","454","1","_",,,4,"[2,4]",1771,"Terrace Level",10,"Mobile Transfer ticket",1,"[PREMIUM]","[PREMIUM]","[PREMIUM]","[PREMIUM]",true,false,"['Clear view']","2026-09-15 19:16:50"
"12699144033","2026-09-15 23:46:52.995","2026-09-28 05:09:18.995","12699144033","160437155","[PREMIUM]","[PREMIUM]","448","3","_",,,6,"[1,2,3,4,6]",1771,"Terrace Level",10,"Mobile Transfer ticket",1,"[PREMIUM]","[PREMIUM]","[PREMIUM]","[PREMIUM]",true,false,"['Clear view']","2026-05-15 15:35:48"
"14045991090","2026-09-15 23:46:52.995","2026-09-16 23:44:10.607","14045991090","160437155","[PREMIUM]","[PREMIUM]","122","40","29_30","29","30",2,"[2]",952,"Main Level",10,"Mobile Transfer ticket",1,"[PREMIUM]","[PREMIUM]","[PREMIUM]","[PREMIUM]",true,false,"['Clear view']","2026-09-15 03:32:08"
"14054707738","2026-09-15 23:46:51.223","2026-09-18 00:25:18.017","14054707738","160437155","[PREMIUM]","[PREMIUM]","420","1","_",,,1,"[1]",1771,"Terrace Level",10,"Mobile Transfer ticket",1,"[PREMIUM]","[PREMIUM]","[PREMIUM]","[PREMIUM]",false,false,"['Aisle seat','Clear view']","2026-09-15 21:49:11"
"14051969390","2026-09-15 23:46:50.842","2026-09-21 00:01:11.777","14051969390","160437155","[PREMIUM]","[PREMIUM]","402","1","_",,,4,"[2,4]",1771,"Terrace Level",10,"Mobile Transfer ticket",1,"[PREMIUM]","[PREMIUM]","[PREMIUM]","[PREMIUM]",true,false,"['Clear view']","2026-09-15 16:25:59"
"14055369726","2026-09-15 23:46:45.563","2026-09-15 23:46:45.563","14055369726","160437155","[PREMIUM]","[PREMIUM]","411","15","_",,,12,"[1,2,3,4,5,6,7,8,10,12]",1771,"Terrace Level",10,"Mobile Transfer ticket",14,"[PREMIUM]","[PREMIUM]","[PREMIUM]","[PREMIUM]",true,false,"['Clear view']","2026-09-15 23:03:16"
"14054039195","2026-09-15 23:46:45.188","2026-09-15 23:46:45.188","14054039195","160435673","[PREMIUM]","[PREMIUM]","119","5","_",,,5,"[5]",594,"Lower",10,"Mobile Transfer ticket",1,"[PREMIUM]","[PREMIUM]","[PREMIUM]","[PREMIUM]",true,false,"['Second Row of Section','Clear view']","2026-09-15 20:15:51"
"14054039207","2026-09-15 23:46:45.188","2026-09-21 00:08:55.615","14054039207","160435673","[PREMIUM]","[PREMIUM]","216","1","_",,,4,"[4]",471,"Middle",10,"Mobile Transfer ticket",1,"[PREMIUM]","[PREMIUM]","[PREMIUM]","[PREMIUM]",true,false,"['Front Row of Section','Clear view']","2026-09-15 20:15:51"
"14055369737","2026-09-15 23:46:44.778","2026-09-15 23:46:44.778","14055369737","160437155","[PREMIUM]","[PREMIUM]","414","16","_",,,12,"[1,2,3,4,5,6,7,8,10,12]",1771,"Terrace Level",10,"Mobile Transfer ticket",14,"[PREMIUM]","[PREMIUM]","[PREMIUM]","[PREMIUM]",true,false,"['Clear view']","2026-09-15 23:03:16"
"14055369879","2026-09-15 23:46:44.251","2026-09-15 23:46:44.251","14055369879","160437155","[PREMIUM]","[PREMIUM]","442","17","_",,,10,"[1,2,3,4,5,6,8,10]",1771,"Terrace Level",10,"Mobile Transfer ticket",14,"[PREMIUM]","[PREMIUM]","[PREMIUM]","[PREMIUM]",true,false,"['Clear view']","2026-09-15 23:03:16"
"14054734430","2026-09-15 23:46:43.853","2026-09-15 23:46:43.853","14054734430","160437155","[PREMIUM]","[PREMIUM]","433","1","_",,,2,"[2]",1771,"Terrace Level",10,"Mobile Transfer ticket",1,"[PREMIUM]","[PREMIUM]","[PREMIUM]","[PREMIUM]",true,false,"['Clear view']","2026-09-15 21:52:04"
"14044886677","2026-09-15 23:46:43.526","2026-09-16 23:43:34.537","14044886677","160437155","[PREMIUM]","[PREMIUM]","410","19","_",,,4,"[2,4]",1771,"Terrace Level",10,"Mobile Transfer ticket",14,"[PREMIUM]","[PREMIUM]","[PREMIUM]","[PREMIUM]",true,false,"['Clear view']","2026-09-15 01:25:40"
"14055369727","2026-09-15 23:46:43.526","2026-09-15 23:46:43.526","14055369727","160437155","[PREMIUM]","[PREMIUM]","411","16","_",,,6,"[1,2,4,6]",1771,"Terrace Level",10,"Mobile Transfer ticket",14,"[PREMIUM]","[PREMIUM]","[PREMIUM]","[PREMIUM]",true,false,"['Clear view']","2026-09-15 23:03:16"
"14055369741","2026-09-15 23:46:43.210","2026-09-15 23:46:43.210","14055369741","160437155","[PREMIUM]","[PREMIUM]","411","17","_",,,2,"[2]",1771,"Terrace Level",10,"Mobile Transfer ticket",14,"[PREMIUM]","[PREMIUM]","[PREMIUM]","[PREMIUM]",true,false,"['Clear view']","2026-09-15 23:03:16"
"14055369832","2026-09-15 23:46:43.210","2026-09-16 23:43:35.142","14055369832","160437155","[PREMIUM]","[PREMIUM]","441","15","_",,,6,"[1,2,4,6]",1771,"Terrace Level",10,"Mobile Transfer ticket",14,"[PREMIUM]","[PREMIUM]","[PREMIUM]","[PREMIUM]",true,false,"['Clear view']","2026-09-15 23:03:16"
"14055369787","2026-09-15 23:46:42.161","2026-09-16 23:43:48.112","14055369787","160437155","[PREMIUM]","[PREMIUM]","440","17","_",,,6,"[1,2,4,6]",1771,"Terrace Level",10,"Mobile Transfer ticket",14,"[PREMIUM]","[PREMIUM]","[PREMIUM]","[PREMIUM]",true,false,"['Clear view']","2026-09-15 23:03:16"
"14051515332","2026-09-15 23:46:41.819","2026-09-16 23:38:55.658","14051515332","160437155","[PREMIUM]","[PREMIUM]","439","15","_",,,6,"[1,2,4,6]",1771,"Terrace Level",10,"Mobile Transfer ticket",14,"[PREMIUM]","[PREMIUM]","[PREMIUM]","[PREMIUM]",true,false,"['Clear view']","2026-09-15 15:49:26"
"14054039413","2026-09-15 23:46:28.159","2026-09-15 23:46:28.159","14054039413","160435673","[PREMIUM]","[PREMIUM]","C8","1","_",,,2,"[2]",1724,"Club",10,"Mobile Transfer ticket",1,"[PREMIUM]","[PREMIUM]","[PREMIUM]","[PREMIUM]",true,false,"['Front Row of Section','Clear view']","2026-09-15 20:15:52"
"14054039703","2026-09-15 23:46:27.809","2026-09-15 23:46:27.809","14054039703","160435673","[PREMIUM]","[PREMIUM]","140","1","_",,,2,"[2]",594,"Lower",10,"Mobile Transfer ticket",1,"[PREMIUM]","[PREMIUM]","[PREMIUM]","[PREMIUM]",true,false,"['Front Row of Section','Clear view']","2026-09-15 20:15:53"
"14054039275","2026-09-15 23:46:27.459","2026-09-15 23:46:27.459","14054039275","160435673","[PREMIUM]","[PREMIUM]","C3","1","_",,,4,"[2,4]",1724,"Club",10,"Mobile Transfer ticket",1,"[PREMIUM]","[PREMIUM]","[PREMIUM]","[PREMIUM]",true,false,"['Front Row of Section','Clear view']","2026-09-15 20:15:52"
"14052803365","2026-09-15 23:46:27.111","2026-09-21 00:00:51.710","14052803365","160437155","[PREMIUM]","[PREMIUM]","455","1","5_7","5",,3,"[1,3]",1771,"Terrace Level",10,"Mobile Transfer ticket",14,"[PREMIUM]","[PREMIUM]","[PREMIUM]","[PREMIUM]",true,false,"['Clear view']","2026-09-15 18:00:45"
"14050187527","2026-09-15 23:46:26.383","2026-09-28 05:09:18.184","14050187527","160437155","[PREMIUM]","[PREMIUM]","420","15","_",,,4,"[1,2,4]",1771,"Terrace Level",10,"Mobile Transfer ticket",1,"[PREMIUM]","[PREMIUM]","[PREMIUM]","[PREMIUM]",true,false,"['Clear view']","2026-09-15 13:48:35"
"14045289316","2026-09-15 23:46:25.959","2026-09-28 05:09:18.184","14045289316","160437155","[PREMIUM]","[PREMIUM]","404","5","_",,,2,"[2]",1771,"Terrace Level",10,"Mobile Transfer ticket",1,"[PREMIUM]","[PREMIUM]","[PREMIUM]","[PREMIUM]",true,false,"['Clear view']","2026-09-15 02:03:39"
"14034755059","2026-09-15 23:46:25.460","2026-09-16 23:41:52.243","14034755059","160437155","[PREMIUM]","[PREMIUM]","452","14","_",,,4,"[1,2,4]",1771,"Terrace Level",10,"Mobile Transfer ticket",1,"[PREMIUM]","[PREMIUM]","[PREMIUM]","[PREMIUM]",true,false,"['Clear view']","2026-09-14 02:04:44"
"14034754856","2026-09-15 23:46:24.897","2026-09-21 23:53:29.216","14034754856","160437155","[PREMIUM]","[PREMIUM]","404","16","_",,,6,"[1,2,3,4,6]",1771,"Terrace Level",10,"Mobile Transfer ticket",1,"[PREMIUM]","[PREMIUM]","[PREMIUM]","[PREMIUM]",true,false,"['Clear view']","2026-09-14 02:04:43"
"14034753935","2026-09-15 23:46:24.897","2026-09-21 23:53:29.216","14034753935","160437155","[PREMIUM]","[PREMIUM]","404","17","_",,,10,"[1,2,3,4,5,6,7,8,10]",1771,"Terrace Level",10,"Mobile Transfer ticket",1,"[PREMIUM]","[PREMIUM]","[PREMIUM]","[PREMIUM]",true,false,"['Clear view']","2026-09-14 02:04:23"
"14054487110","2026-09-15 23:46:24.377","2026-09-24 22:29:45.875","14054487110","160437155","[PREMIUM]","[PREMIUM]","453","8","_",,,2,"[2]",1771,"Terrace Level",10,"Mobile Transfer ticket",1,"[PREMIUM]","[PREMIUM]","[PREMIUM]","[PREMIUM]",true,false,"['Clear view']","2026-09-15 21:09:58"
"14054039803","2026-09-15 23:46:23.977","2026-09-15 23:46:23.977","14054039803","160435673","[PREMIUM]","[PREMIUM]","134","1","_",,,2,"[2]",594,"Lower",10,"Mobile Transfer ticket",1,"[PREMIUM]","[PREMIUM]","[PREMIUM]","[PREMIUM]",true,false,"['Front Row of Section','Clear view']","2026-09-15 20:15:53"
"14054039370","2026-09-15 23:46:23.977","2026-09-28 05:13:54.249","14054039370","160435673","[PREMIUM]","[PREMIUM]","C5","1","_",,,2,"[2]",1724,"Club",10,"Mobile Transfer ticket",1,"[PREMIUM]","[PREMIUM]","[PREMIUM]","[PREMIUM]",true,false,"['Front Row of Section','Clear view']","2026-09-15 20:15:52"
"14039663450","2026-09-15 23:46:23.722","2026-09-20 00:15:54.698","14039663450","160435673","[PREMIUM]","[PREMIUM]","121","5","_",,,2,"[2]",594,"Lower",10,"Mobile Transfer ticket",1,"[PREMIUM]","[PREMIUM]","[PREMIUM]","[PREMIUM]",true,false,"['Second Row of Section','Clear view']","2026-09-14 15:07:18"
"14054039686","2026-09-15 23:46:23.605","2026-09-15 23:46:23.605","14054039686","160435673","[PREMIUM]","[PREMIUM]","C10","1","_",,,2,"[2]",1724,"Club",10,"Mobile Transfer ticket",1,"[PREMIUM]","[PREMIUM]","[PREMIUM]","[PREMIUM]",true,false,"['Front Row of Section','Clear view']","2026-09-15 20:15:53"
"14039911029","2026-09-15 23:46:23.367","2026-09-28 05:13:51.176","14039911029","160435673","[PREMIUM]","[PREMIUM]","112","13","17_18","17","18",2,"[2]",594,"Lower",10,"Mobile Transfer ticket",1,"[PREMIUM]","[PREMIUM]","[PREMIUM]","[PREMIUM]",true,false,"['Clear view']","2026-09-14 15:36:32"
"14033483883","2026-09-15 23:46:22.956","2026-09-16 23:47:48.748","14033483883","160435673","[PREMIUM]","[PREMIUM]","220","1","_",,,6,"[2,4,6]",471,"Middle",10,"Mobile Transfer ticket",1,"[PREMIUM]","[PREMIUM]","[PREMIUM]","[PREMIUM]",true,false,"['Front Row of Section','Clear view']","2026-09-13 22:55:48"
"14053408479","2026-09-15 23:46:21.797","2026-09-15 23:46:21.797","14053408479","160437155","[PREMIUM]","[PREMIUM]","421","14","_",,,2,"[2]",1771,"Terrace Level",10,"Mobile Transfer ticket",1,"[PREMIUM]","[PREMIUM]","[PREMIUM]","[PREMIUM]",true,false,"['Clear view']","2026-09-15 19:08:11"
"14055534713","2026-09-15 23:46:20.135","2026-09-24 22:33:56.339","14055534713","160435673","[PREMIUM]","[PREMIUM]","132","8","3_4","3","4",2,"[2]",594,"Lower",10,"Mobile Transfer ticket",1,"[PREMIUM]","[PREMIUM]","[PREMIUM]","[PREMIUM]",true,false,"['Clear view']","2026-09-15 23:27:44"
"14039911210","2026-09-15 23:46:19.339","2026-09-27 05:14:56.173","14039911210","160435673","[PREMIUM]","[PREMIUM]","129","13","17_17","17","17",1,"[1]",594,"Lower",10,"Mobile Transfer ticket",1,"[PREMIUM]","[PREMIUM]","[PREMIUM]","[PREMIUM]",false,false,"['Clear view']","2026-09-14 15:36:33"
"14043964264","2026-09-15 23:46:19.339","2026-09-28 05:13:51.564","14043964264","160435673","[PREMIUM]","[PREMIUM]","C1","7","_",,,2,"[1,2]",1724,"Club",10,"Mobile Transfer ticket",1,"[PREMIUM]","[PREMIUM]","[PREMIUM]","[PREMIUM]",true,false,"['Clear view']","2026-09-14 23:30:53"
"14054039542","2026-09-15 23:46:18.518","2026-09-15 23:46:18.518","14054039542","160435673","[PREMIUM]","[PREMIUM]","339","A","_",,,4,"[4]",306,"Balcony",10,"Mobile Transfer ticket",1,"[PREMIUM]","[PREMIUM]","[PREMIUM]","[PREMIUM]",true,false,"['Front Row of Section','Clear view']","2026-09-15 20:15:53"
"14054039196","2026-09-15 23:46:17.773","2026-09-20 00:15:37.052","14054039196","160435673","[PREMIUM]","[PREMIUM]","141","6","_",,,2,"[2]",594,"Lower",10,"Mobile Transfer ticket",1,"[PREMIUM]","[PREMIUM]","[PREMIUM]","[PREMIUM]",true,false,"['Clear view']","2026-09-15 20:15:51"
"14054039592","2026-09-15 23:46:16.646","2026-09-28 05:13:51.915","14054039592","160435673","[PREMIUM]","[PREMIUM]","222","1","_",,,2,"[2]",471,"Middle",10,"Mobile Transfer ticket",1,"[PREMIUM]","[PREMIUM]","[PREMIUM]","[PREMIUM]",true,false,"['Front Row of Section','Clear view']","2026-09-15 20:15:53"
"14045590383","2026-09-15 23:46:15.653","2026-09-15 23:46:15.653","14045590383","160436164","[PREMIUM]","[PREMIUM]","121","10","_",,,2,"[2]",11357,"100-Level",10,"Mobile Transfer ticket",1,"[PREMIUM]","[PREMIUM]","[PREMIUM]","[PREMIUM]",true,false,"['Front Row of Section','Clear view']","2026-09-15 02:41:25"
"14054002847","2026-09-15 23:46:15.490","2026-09-22 00:11:36.667","14054002847","160436164","[PREMIUM]","[PREMIUM]","125","2","9001_9002","9001",,2,"[2]",11357,"100-Level",10,"Mobile Transfer ticket",13,"[PREMIUM]","[PREMIUM]","[PREMIUM]","[PREMIUM]",true,false,"['Second Row of Section','Clear view']","2026-09-15 20:12:33"
"14054039652","2026-09-15 23:46:14.896","2026-09-15 23:46:14.896","14054039652","160435673","[PREMIUM]","[PREMIUM]","308","A","_",,,2,"[2]",306,"Balcony",10,"Mobile Transfer ticket",1,"[PREMIUM]","[PREMIUM]","[PREMIUM]","[PREMIUM]",true,false,"['Front Row of Section','Clear view']","2026-09-15 20:15:53"
"13772327488","2026-09-15 23:46:14.268","2026-09-16 23:47:05.670","13772327488","160435673","[PREMIUM]","[PREMIUM]","107","32","9_12","9","12",4,"[2,4]",594,"Lower",10,"Mobile Transfer ticket",1,"[PREMIUM]","[PREMIUM]","[PREMIUM]","[PREMIUM]",true,false,"['Clear view']","2026-08-22 14:30:38"
"13981741967","2026-09-15 23:46:14.040","2026-09-22 00:11:21.535","13981741967","160436164","[PREMIUM]","[PREMIUM]","329","4","9001_9001","9001",,1,"[1]",13685,"300-Level",10,"Mobile Transfer ticket",1,"[PREMIUM]","[PREMIUM]","[PREMIUM]","[PREMIUM]",false,false,"['Second Row of Section','Clear view']","2026-09-09 18:42:39"
"14054076421","2026-09-15 23:46:13.423","2026-09-23 00:07:34.953","14054076421","160435673","[PREMIUM]","[PREMIUM]","214","5","1_2","1","2",2,"[2]",471,"Middle",10,"Mobile Transfer ticket",1,"[PREMIUM]","[PREMIUM]","[PREMIUM]","[PREMIUM]",true,false,"['Clear view']","2026-09-15 20:18:19"
"14051251330","2026-09-15 23:46:12.190","2026-09-28 05:09:09.277","14051251330","160436164","[PREMIUM]","[PREMIUM]","130C","5","3_4","3","4",2,"[2]",17186,"100-Level Club",11,"Mobile ticket",1,"[PREMIUM]","[PREMIUM]","[PREMIUM]","[PREMIUM]",true,false,"['Actual 2nd row of section','Delta Club Seats','Includes unlimited food and soft drinks','VIP Club Access w/ private entrance & restrooms','Clear view','Instant download']","2026-09-15 15:31:27"
"13112463598","2026-09-15 23:46:11.870","2026-09-28 05:09:09.277","13112463598","160436164","[PREMIUM]","[PREMIUM]","313","1","14_15","14","15",2,"[2]",13685,"300-Level",10,"Mobile Transfer ticket",1,"[PREMIUM]","[PREMIUM]","[PREMIUM]","[PREMIUM]",true,false,"['Front Row of Section','Clear view']","2026-06-23 00:56:08"
"14054828601","2026-09-15 23:46:11.821","2026-09-28 05:09:07.392","14054828601","160436164","[PREMIUM]","[PREMIUM]","111C","32","13_14","13","14",2,"[2]",17186,"100-Level Club",10,"Mobile Transfer ticket",1,"[PREMIUM]","[PREMIUM]","[PREMIUM]","[PREMIUM]",true,false,"['Clear view']","2026-09-15 22:00:14"
"13914775148","2026-09-15 23:46:10.439","2026-09-16 23:46:52.943","13914775148","160435673","[PREMIUM]","[PREMIUM]","105","8","_",,,4,"[1,2,4]",594,"Lower",10,"Mobile Transfer ticket",1,"[PREMIUM]","[PREMIUM]","[PREMIUM]","[PREMIUM]",true,false,"['Clear view']","2026-09-03 13:18:30"
"14054039423","2026-09-15 23:46:09.698","2026-09-28 05:13:50.981","14054039423","160435673","[PREMIUM]","[PREMIUM]","216","4","_",,,4,"[4]",471,"Middle",10,"Mobile Transfer ticket",1,"[PREMIUM]","[PREMIUM]","[PREMIUM]","[PREMIUM]",true,false,"['Clear view']","2026-09-15 20:15:52"
"14054039177","2026-09-15 23:46:09.698","2026-09-28 05:13:50.981","14054039177","160435673","[PREMIUM]","[PREMIUM]","216","3","_",,,3,"[3]",471,"Middle",10,"Mobile Transfer ticket",1,"[PREMIUM]","[PREMIUM]","[PREMIUM]","[PREMIUM]",true,false,"['Third Row of Section','Clear view']","2026-09-15 20:15:51"
"13706313346","2026-09-15 23:46:09.341","2026-09-27 05:14:53.827","13706313346","160435673","[PREMIUM]","[PREMIUM]","314","B","12_14","12","14",3,"[1,3]",306,"Balcony",10,"Mobile Transfer ticket",1,"[PREMIUM]","[PREMIUM]","[PREMIUM]","[PREMIUM]",true,false,"['Second Row of Section','Clear view']","2026-08-17 19:03:19"
"13997567783","2026-09-15 23:46:08.320","2026-09-15 23:46:08.320","13997567783","160435673","[PREMIUM]","[PREMIUM]","323","A","3_6","3","6",4,"[1,2,3,4]",306,"Balcony",10,"Mobile Transfer ticket",1,"[PREMIUM]","[PREMIUM]","[PREMIUM]","[PREMIUM]",true,false,"['Front Row of Section','Clear view']","2026-09-10 22:03:15"
"14054039303","2026-09-15 23:46:07.869","2026-09-22 00:07:42.140","14054039303","160435673","[PREMIUM]","[PREMIUM]","306","A","_",,,2,"[2]",306,"Balcony",10,"Mobile Transfer ticket",1,"[PREMIUM]","[PREMIUM]","[PREMIUM]","[PREMIUM]",true,false,"['Front Row of Section','Clear view']","2026-09-15 20:15:52"
"14054039239","2026-09-15 23:46:07.869","2026-09-22 00:07:42.140","14054039239","160435673","[PREMIUM]","[PREMIUM]","315","A","_",,,2,"[2]",306,"Balcony",10,"Mobile Transfer ticket",1,"[PREMIUM]","[PREMIUM]","[PREMIUM]","[PREMIUM]",true,false,"['Front Row of Section','Clear view']","2026-09-15 20:15:52"
"13608291006","2026-09-15 23:46:04.772","2026-09-28 05:09:06.965","13608291006","160436164","[PREMIUM]","[PREMIUM]","131","3","3_4","3","4",2,"[2]",11357,"100-Level",10,"Mobile Transfer ticket",1,"[PREMIUM]","[PREMIUM]","[PREMIUM]","[PREMIUM]",true,false,"['Third Row of Section','Clear view']","2026-08-08 01:52:22"
"14052325187","2026-09-15 23:46:04.396","2026-09-28 05:09:07.742","14052325187","160436164","[PREMIUM]","[PREMIUM]","118","10","_",,,2,"[2]",11357,"100-Level",10,"Mobile Transfer ticket",1,"[PREMIUM]","[PREMIUM]","[PREMIUM]","[PREMIUM]",true,false,"['Front Row of Section','Clear view']","2026-09-15 17:05:50"
"14054039323","2026-09-15 23:46:03.641","2026-09-15 23:46:24.105","14054039323","160435673","[PREMIUM]","[PREMIUM]","351","A","_",,,2,"[2]",306,"Balcony",10,"Mobile Transfer ticket",1,"[PREMIUM]","[PREMIUM]","[PREMIUM]","[PREMIUM]",true,false,"['Front Row of Section','Clear view']","2026-09-15 20:15:52"
"14043970224","2026-09-15 23:46:03.628","2026-09-23 23:35:25.883","14043970224","160426601","[PREMIUM]","[PREMIUM]","432","18","_",,,2,"[2]",1706,"Upper Concourse",10,"Mobile Transfer ticket",1,"[PREMIUM]","[PREMIUM]","[PREMIUM]","[PREMIUM]",true,false,"['Clear view']","2026-09-14 23:31:22"
"13815376233","2026-09-15 23:46:03.518","2026-09-15 23:46:14.040","13815376233","160436164","[PREMIUM]","[PREMIUM]","113","11","9001_9004","9001",,4,"[4]",11357,"100-Level",10,"Mobile Transfer ticket",13,"[PREMIUM]","[PREMIUM]","[PREMIUM]","[PREMIUM]",true,false,"['Clear view']","2026-08-26 07:21:50"
"14035778213","2026-09-15 23:46:03.447","2026-09-20 00:15:38.088","14035778213","160436164","[PREMIUM]","[PREMIUM]","120","10","_",,,2,"[2]",11357,"100-Level",10,"Mobile Transfer ticket",1,"[PREMIUM]","[PREMIUM]","[PREMIUM]","[PREMIUM]",true,false,"['Front Row of Section','Clear view']","2026-09-14 04:43:38"
"13815181366","2026-09-15 23:46:02.979","2026-09-23 23:50:37.618","13815181366","160436164","[PREMIUM]","[PREMIUM]","133","6","9001_9002","9001",,2,"[2]",11357,"100-Level",10,"Mobile Transfer ticket",13,"[PREMIUM]","[PREMIUM]","[PREMIUM]","[PREMIUM]",true,false,"['Clear view']","2026-08-26 06:57:11"
"14055276489","2026-09-15 23:46:02.979","2026-09-15 23:46:02.979","14055276489","160436164","[PREMIUM]","[PREMIUM]","114","2","9001_9004","9001",,4,"[4]",11357,"100-Level",10,"Mobile Transfer ticket",13,"[PREMIUM]","[PREMIUM]","[PREMIUM]","[PREMIUM]",true,false,"['Second Row of Section','Clear view']","2026-09-15 22:49:09"
"13942649748","2026-09-15 23:46:02.647","2026-09-28 05:09:06.561","13942649748","160436164","[PREMIUM]","[PREMIUM]","131","6","7_8","7","8",2,"[2]",11357,"100-Level",10,"Mobile Transfer ticket",1,"[PREMIUM]","[PREMIUM]","[PREMIUM]","[PREMIUM]",true,false,"['Clear view']","2026-09-05 23:49:07"
"13596883334","2026-09-15 23:46:01.651","2026-09-15 23:46:01.651","13596883334","160436164","[PREMIUM]","[PREMIUM]","102","15","5_8","5","8",4,"[2,4]",11357,"100-Level",10,"Mobile Transfer ticket",1,"[PREMIUM]","[PREMIUM]","[PREMIUM]","[PREMIUM]",true,false,"['Clear view']","2026-08-06 18:45:02"
"14053045524","2026-09-15 23:46:01.651","2026-09-15 23:46:01.651","14053045524","160436164","[PREMIUM]","[PREMIUM]","215","8","_",,,2,"[2]",11358,"200-Level",10,"Mobile Transfer ticket",14,"[PREMIUM]","[PREMIUM]","[PREMIUM]","[PREMIUM]",true,false,"['Clear view']","2026-09-15 18:29:28"
"13795372191","2026-09-15 23:46:01.343","2026-09-27 05:09:54.308","13795372191","160436164","[PREMIUM]","[PREMIUM]","228","9","_",,,2,"[1,2]",11358,"200-Level",10,"Mobile Transfer ticket",1,"[PREMIUM]","[PREMIUM]","[PREMIUM]","[PREMIUM]",true,false,"['Clear view']","2026-08-24 21:02:26"
"13958270669","2026-09-15 23:46:01.059","2026-09-20 00:15:36.159","13958270669","160436164","[PREMIUM]","[PREMIUM]","243","1","9001_9001","9001",,1,"[1]",11358,"200-Level",10,"Mobile Transfer ticket",1,"[PREMIUM]","[PREMIUM]","[PREMIUM]","[PREMIUM]",false,false,"['Front Row of Section','Clear view']","2026-09-07 16:47:20"
"13317994605","2026-09-15 23:46:00.528","2026-09-26 05:09:32.495","13317994605","160436164","[PREMIUM]","[PREMIUM]","123","11","15_16","15","16",2,"[2]",11357,"100-Level",10,"Mobile Transfer ticket",1,"[PREMIUM]","[PREMIUM]","[PREMIUM]","[PREMIUM]",true,false,"['Clear view']","2026-07-10 18:46:25"
"13289189833","2026-09-15 23:45:59.739","2026-09-27 05:09:51.850","13289189833","160436164","[PREMIUM]","[PREMIUM]","114","20","_",,,1,"[1]",11357,"100-Level",10,"Mobile Transfer ticket",14,"[PREMIUM]","[PREMIUM]","[PREMIUM]","[PREMIUM]",false,false,"['Clear view']","2026-07-08 20:11:58"
"13317996504","2026-09-15 23:45:59.272","2026-09-28 05:08:58.041","13317996504","160436164","[PREMIUM]","[PREMIUM]","205","4","1_2","1","2",2,"[2]",11358,"200-Level",10,"Mobile Transfer ticket",1,"[PREMIUM]","[PREMIUM]","[PREMIUM]","[PREMIUM]",true,false,"['Clear view']","2026-07-10 18:46:35"
"14045565506","2026-09-15 23:45:34.360","2026-09-18 23:54:39.779","14045565506","160436506","[PREMIUM]","[PREMIUM]","114","C","_",,,4,"[2,4]",17337,"Lower 100-Level",10,"Mobile Transfer ticket",1,"[PREMIUM]","[PREMIUM]","[PREMIUM]","[PREMIUM]",true,false,"['Actual 1st row of the section','Clear view']","2026-09-15 02:39:11"
"14045575205","2026-09-15 23:45:34.360","2026-09-18 23:54:39.779","14045575205","160436506","[PREMIUM]","[PREMIUM]","119","B","_",,,2,"[2]",17337,"Lower 100-Level",10,"Mobile Transfer ticket",1,"[PREMIUM]","[PREMIUM]","[PREMIUM]","[PREMIUM]",true,false,"['Second Row of Section','Clear view']","2026-09-15 02:39:53"
"14045565699","2026-09-15 23:45:34.360","2026-09-15 23:45:34.360","14045565699","160436506","[PREMIUM]","[PREMIUM]","127","M","_",,,2,"[2]",17337,"Lower 100-Level",10,"Mobile Transfer ticket",1,"[PREMIUM]","[PREMIUM]","[PREMIUM]","[PREMIUM]",true,false,"['Clear view']","2026-09-15 02:39:12"
"14055355868","2026-09-15 23:45:15.489","2026-09-18 00:08:18.616","14055355868","160436164","[PREMIUM]","[PREMIUM]","115","30","7_8","7","8",2,"[1,2]",11357,"100-Level",10,"Mobile Transfer ticket",1,"[PREMIUM]","[PREMIUM]","[PREMIUM]","[PREMIUM]",true,false,"['Clear view']","2026-09-15 23:00:28"
"14045569652","2026-09-15 23:45:10.245","2026-09-19 23:58:29.265","14045569652","160436506","[PREMIUM]","[PREMIUM]","332","L","_",,,2,"[2]",17345,"Upper 300-Level",10,"Mobile Transfer ticket",1,"[PREMIUM]","[PREMIUM]","[PREMIUM]","[PREMIUM]",true,false,"['Clear view']","2026-09-15 02:39:30"
"14045567323","2026-09-15 23:45:10.245","2026-09-19 23:58:29.509","14045567323","160436506","[PREMIUM]","[PREMIUM]","331","L","_",,,2,"[2]",17345,"Upper 300-Level",10,"Mobile Transfer ticket",1,"[PREMIUM]","[PREMIUM]","[PREMIUM]","[PREMIUM]",true,false,"['Clear view']","2026-09-15 02:39:20"
"14045573351","2026-09-15 23:45:10.245","2026-09-19 23:58:29.509","14045573351","160436506","[PREMIUM]","[PREMIUM]","335","W","_",,,2,"[2]",17345,"Upper 300-Level",10,"Mobile Transfer ticket",1,"[PREMIUM]","[PREMIUM]","[PREMIUM]","[PREMIUM]",true,false,"['Clear view']","2026-09-15 02:39:44"
"14045573155","2026-09-15 23:45:10.245","2026-09-19 23:58:29.265","14045573155","160436506","[PREMIUM]","[PREMIUM]","337","L","_",,,2,"[2]",17345,"Upper 300-Level",10,"Mobile Transfer ticket",1,"[PREMIUM]","[PREMIUM]","[PREMIUM]","[PREMIUM]",true,false,"['Clear view']","2026-09-15 02:39:43"
"14045585764","2026-09-15 23:45:10.069","2026-09-19 23:58:32.831","14045585764","160436506","[PREMIUM]","[PREMIUM]","143","V","_",,,2,"[2]",17337,"Lower 100-Level",10,"Mobile Transfer ticket",1,"[PREMIUM]","[PREMIUM]","[PREMIUM]","[PREMIUM]",true,false,"['Clear view']","2026-09-15 02:40:57"
"14045575778","2026-09-15 23:45:09.880","2026-09-20 00:00:19.122","14045575778","160436506","[PREMIUM]","[PREMIUM]","CLB206","B","_",,,2,"[2]",17344,"Middle 200-Level",10,"Mobile Transfer ticket",1,"[PREMIUM]","[PREMIUM]","[PREMIUM]","[PREMIUM]",true,false,"['Second Row of Section','Clear view']","2026-09-15 02:39:57"
"14045582419","2026-09-15 23:45:09.880","2026-09-20 00:01:10.086","14045582419","160436506","[PREMIUM]","[PREMIUM]","CHR134","E","_",,,2,"[2]",17747,"Lower Charter",10,"Mobile Transfer ticket",1,"[PREMIUM]","[PREMIUM]","[PREMIUM]","[PREMIUM]",true,false,"['Actual 1st row of the section','Clear view']","2026-09-15 02:40:35"
"14045580387","2026-09-15 23:45:09.880","2026-09-20 00:00:19.122","14045580387","160436506","[PREMIUM]","[PREMIUM]","333W","A","_",,,2,"[2]",8724,"Upper Charter",10,"Mobile Transfer ticket",1,"[PREMIUM]","[PREMIUM]","[PREMIUM]","[PREMIUM]",true,false,"['Front Row of Section','Clear view']","2026-09-15 02:40:24"
"14045566299","2026-09-15 23:45:09.880","2026-09-20 00:00:19.122","14045566299","160436506","[PREMIUM]","[PREMIUM]","333W","D","_",,,2,"[2]",8724,"Upper Charter",10,"Mobile Transfer ticket",1,"[PREMIUM]","[PREMIUM]","[PREMIUM]","[PREMIUM]",true,false,"['Clear view']","2026-09-15 02:39:15"
"14045573514","2026-09-15 23:45:08.654","2026-09-20 00:00:08.840","14045573514","160436506","[PREMIUM]","[PREMIUM]","337W","A","_",,,2,"[2]",8724,"Upper Charter",10,"Mobile Transfer ticket",1,"[PREMIUM]","[PREMIUM]","[PREMIUM]","[PREMIUM]",true,false,"['Front Row of Section','Clear view']","2026-09-15 02:39:44"
"14045578040","2026-09-15 23:45:08.654","2026-09-15 23:45:08.654","14045578040","160436506","[PREMIUM]","[PREMIUM]","233","D","_",,,2,"[2]",17344,"Middle 200-Level",10,"Mobile Transfer ticket",1,"[PREMIUM]","[PREMIUM]","[PREMIUM]","[PREMIUM]",true,false,"['Clear view']","2026-09-15 02:40:07"
"14045567219","2026-09-15 23:45:08.654","2026-09-20 00:00:08.840","14045567219","160436506","[PREMIUM]","[PREMIUM]","233","S","_",,,2,"[2]",17344,"Middle 200-Level",10,"Mobile Transfer ticket",1,"[PREMIUM]","[PREMIUM]","[PREMIUM]","[PREMIUM]",true,false,"['Clear view']","2026-09-15 02:39:19"
"14012131115","2026-09-15 23:45:00.411","2026-09-23 23:44:58.427","14012131115","160436506","[PREMIUM]","[PREMIUM]","139","G","_",,,2,"[2]",17337,"Lower 100-Level",10,"Mobile Transfer ticket",1,"[PREMIUM]","[PREMIUM]","[PREMIUM]","[PREMIUM]",true,false,"['Clear view']","2026-09-11 23:37:25"
"14039908509","2026-09-15 23:45:00.411","2026-09-28 05:16:56.335","14039908509","160436506","[PREMIUM]","[PREMIUM]","CHR137","G","_",,,1,"[1]",17747,"Lower Charter",10,"Mobile Transfer ticket",1,"[PREMIUM]","[PREMIUM]","[PREMIUM]","[PREMIUM]",false,false,"['Clear view']","2026-09-14 15:36:11"
"14045566386","2026-09-15 23:45:00.248","2026-09-20 00:01:14.563","14045566386","160436506","[PREMIUM]","[PREMIUM]","232","J","_",,,2,"[2]",17344,"Middle 200-Level",10,"Mobile Transfer ticket",1,"[PREMIUM]","[PREMIUM]","[PREMIUM]","[PREMIUM]",true,false,"['Clear view']","2026-09-15 02:39:16"
"14045566647","2026-09-15 23:45:00.248","2026-09-16 23:38:53.619","14045566647","160436506","[PREMIUM]","[PREMIUM]","122","B","_",,,2,"[2]",17337,"Lower 100-Level",10,"Mobile Transfer ticket",1,"[PREMIUM]","[PREMIUM]","[PREMIUM]","[PREMIUM]",true,false,"['Second Row of Section','Clear view']","2026-09-15 02:39:17"
"14045573267","2026-09-15 23:45:00.248","2026-09-20 00:01:14.563","14045573267","160436506","[PREMIUM]","[PREMIUM]","238","F","_",,,2,"[2]",17344,"Middle 200-Level",10,"Mobile Transfer ticket",1,"[PREMIUM]","[PREMIUM]","[PREMIUM]","[PREMIUM]",true,false,"['Clear view']","2026-09-15 02:39:44"
"14045569753","2026-09-15 23:45:00.248","2026-09-20 00:00:08.207","14045569753","160436506","[PREMIUM]","[PREMIUM]","130","I","_",,,2,"[2]",17337,"Lower 100-Level",10,"Mobile Transfer ticket",1,"[PREMIUM]","[PREMIUM]","[PREMIUM]","[PREMIUM]",true,false,"['Actual 1st row of the section','Clear view']","2026-09-15 02:39:30"
"14045577522","2026-09-15 23:45:00.248","2026-09-20 00:00:08.207","14045577522","160436506","[PREMIUM]","[PREMIUM]","CLB213","V","_",,,2,"[2]",17344,"Middle 200-Level",10,"Mobile Transfer ticket",1,"[PREMIUM]","[PREMIUM]","[PREMIUM]","[PREMIUM]",true,false,"['Clear view']","2026-09-15 02:40:05"
"14045577109","2026-09-15 23:45:00.248","2026-09-15 23:45:00.248","14045577109","160436506","[PREMIUM]","[PREMIUM]","130","Q","_",,,2,"[2]",17337,"Lower 100-Level",10,"Mobile Transfer ticket",1,"[PREMIUM]","[PREMIUM]","[PREMIUM]","[PREMIUM]",true,false,"['Actual 1st row of the section','Clear view']","2026-09-15 02:40:02"
"14045590470","2026-09-15 23:45:00.069","2026-09-19 23:59:38.861","14045590470","160436506","[PREMIUM]","[PREMIUM]","311W","A","_",,,2,"[2]",8724,"Upper Charter",10,"Mobile Transfer ticket",1,"[PREMIUM]","[PREMIUM]","[PREMIUM]","[PREMIUM]",true,false,"['Front Row of Section','Clear view']","2026-09-15 02:41:26"
"14045565755","2026-09-15 23:45:00.069","2026-09-20 00:01:14.563","14045565755","160436506","[PREMIUM]","[PREMIUM]","CLB211","F","_",,,2,"[2]",17344,"Middle 200-Level",10,"Mobile Transfer ticket",1,"[PREMIUM]","[PREMIUM]","[PREMIUM]","[PREMIUM]",true,false,"['Clear view']","2026-09-15 02:39:12"
"14045575423","2026-09-15 23:45:00.069","2026-09-20 00:01:14.563","14045575423","160436506","[PREMIUM]","[PREMIUM]","151","D","_",,,2,"[2]",17337,"Lower 100-Level",10,"Mobile Transfer ticket",1,"[PREMIUM]","[PREMIUM]","[PREMIUM]","[PREMIUM]",true,false,"['Clear view']","2026-09-15 02:39:54"
"12730555686","2026-09-15 23:44:59.736","2026-09-27 05:17:52.449","12730555686","160436506","[PREMIUM]","[PREMIUM]","CHR136","M","3_4","3",,2,"[2]",17747,"Lower Charter",10,"Mobile Transfer ticket",1,"[PREMIUM]","[PREMIUM]","[PREMIUM]","[PREMIUM]",true,false,"['Clear view']","2026-05-18 14:53:18"
"14045575813","2026-09-15 23:44:59.445","2026-09-15 23:44:59.445","14045575813","160436506","[PREMIUM]","[PREMIUM]","CHR133","E","_",,,2,"[2]",17747,"Lower Charter",10,"Mobile Transfer ticket",1,"[PREMIUM]","[PREMIUM]","[PREMIUM]","[PREMIUM]",true,false,"['Actual 1st row of the section','Clear view']","2026-09-15 02:39:58"
"14045577046","2026-09-15 23:44:59.445","2026-09-20 00:00:15.276","14045577046","160436506","[PREMIUM]","[PREMIUM]","337W","B","_",,,2,"[2]",8724,"Upper Charter",10,"Mobile Transfer ticket",1,"[PREMIUM]","[PREMIUM]","[PREMIUM]","[PREMIUM]",true,false,"['Second Row of Section','Clear view']","2026-09-15 02:40:02"
"14045578104","2026-09-15 23:44:59.094","2026-09-15 23:44:59.094","14045578104","160436506","[PREMIUM]","[PREMIUM]","CHR137","J","_",,,2,"[2]",17747,"Lower Charter",10,"Mobile Transfer ticket",1,"[PREMIUM]","[PREMIUM]","[PREMIUM]","[PREMIUM]",true,false,"['Actual 1st row of the section','Clear view']","2026-09-15 02:40:07"
"14045574865","2026-09-15 23:44:57.048","2026-09-15 23:45:50.330","14045574865","160436506","[PREMIUM]","[PREMIUM]","124","D","_",,,2,"[2]",17337,"Lower 100-Level",10,"Mobile Transfer ticket",1,"[PREMIUM]","[PREMIUM]","[PREMIUM]","[PREMIUM]",true,false,"['Clear view']","2026-09-15 02:39:49"
"14045565597","2026-09-15 23:44:56.717","2026-09-19 23:59:30.439","14045565597","160436506","[PREMIUM]","[PREMIUM]","145","B","_",,,2,"[2]",17337,"Lower 100-Level",10,"Mobile Transfer ticket",1,"[PREMIUM]","[PREMIUM]","[PREMIUM]","[PREMIUM]",true,false,"['Second Row of Section','Clear view']","2026-09-15 02:39:11"
"14045578837","2026-09-15 23:44:56.717","2026-09-19 23:59:30.276","14045578837","160436506","[PREMIUM]","[PREMIUM]","120","B","_",,,2,"[2]",17337,"Lower 100-Level",10,"Mobile Transfer ticket",1,"[PREMIUM]","[PREMIUM]","[PREMIUM]","[PREMIUM]",true,false,"['Second Row of Section','Clear view']","2026-09-15 02:40:12"
"14045588661","2026-09-15 23:44:56.628","2026-09-19 23:59:30.568","14045588661","160436506","[PREMIUM]","[PREMIUM]","241","F","_",,,2,"[2]",17344,"Middle 200-Level",10,"Mobile Transfer ticket",1,"[PREMIUM]","[PREMIUM]","[PREMIUM]","[PREMIUM]",true,false,"['Clear view']","2026-09-15 02:41:15"
"14045569414","2026-09-15 23:44:55.362","2026-09-15 23:44:55.362","14045569414","160436506","[PREMIUM]","[PREMIUM]","145","J1","_",,,2,"[2]",17337,"Lower 100-Level",10,"Mobile Transfer ticket",1,"[PREMIUM]","[PREMIUM]","[PREMIUM]","[PREMIUM]",true,false,"['Actual 1st row of the section','ADA Accessible','Wheelchair and companion seat','Clear view']","2026-09-15 02:39:29"
"14045578808","2026-09-15 23:44:55.362","2026-09-19 23:59:29.979","14045578808","160436506","[PREMIUM]","[PREMIUM]","124","E","_",,,2,"[2]",17337,"Lower 100-Level",10,"Mobile Transfer ticket",1,"[PREMIUM]","[PREMIUM]","[PREMIUM]","[PREMIUM]",true,false,"['Clear view']","2026-09-15 02:40:11"
"14045577040","2026-09-15 23:44:55.362","2026-09-20 00:00:18.118","14045577040","160436506","[PREMIUM]","[PREMIUM]","334","P","_",,,2,"[2]",17345,"Upper 300-Level",10,"Mobile Transfer ticket",1,"[PREMIUM]","[PREMIUM]","[PREMIUM]","[PREMIUM]",true,false,"['Clear view']","2026-09-15 02:40:02"
"14045575900","2026-09-15 23:44:55.362","2026-09-19 23:59:29.979","14045575900","160436506","[PREMIUM]","[PREMIUM]","337","G","_",,,2,"[2]",17345,"Upper 300-Level",10,"Mobile Transfer ticket",1,"[PREMIUM]","[PREMIUM]","[PREMIUM]","[PREMIUM]",true,false,"['Clear view']","2026-09-15 02:39:58"
"14045576882","2026-09-15 23:44:55.264","2026-09-18 00:22:21.001","14045576882","160436506","[PREMIUM]","[PREMIUM]","140","G","_",,,4,"[2,4]",17337,"Lower 100-Level",10,"Mobile Transfer ticket",1,"[PREMIUM]","[PREMIUM]","[PREMIUM]","[PREMIUM]",true,false,"['Actual 1st row of the section','Clear view']","2026-09-15 02:40:01"
"14045565611","2026-09-15 23:44:55.264","2026-09-20 00:00:18.118","14045565611","160436506","[PREMIUM]","[PREMIUM]","150","E","_",,,2,"[2]",17337,"Lower 100-Level",10,"Mobile Transfer ticket",1,"[PREMIUM]","[PREMIUM]","[PREMIUM]","[PREMIUM]",true,false,"['Clear view']","2026-09-15 02:39:11"
"14045577185","2026-09-15 23:44:54.899","2026-09-15 23:44:54.899","14045577185","160436506","[PREMIUM]","[PREMIUM]","140","H","_",,,2,"[2]",17337,"Lower 100-Level",10,"Mobile Transfer ticket",1,"[PREMIUM]","[PREMIUM]","[PREMIUM]","[PREMIUM]",true,false,"['Actual 1st row of the section','Clear view']","2026-09-15 02:40:02"
"14045587257","2026-09-15 23:44:54.109","2026-09-19 23:59:29.854","14045587257","160436506","[PREMIUM]","[PREMIUM]","344","D","_",,,2,"[2]",17345,"Upper 300-Level",10,"Mobile Transfer ticket",1,"[PREMIUM]","[PREMIUM]","[PREMIUM]","[PREMIUM]",true,false,"['Clear view']","2026-09-15 02:41:04"
"14045571967","2026-09-15 23:44:54.045","2026-09-19 23:59:24.883","14045571967","160436506","[PREMIUM]","[PREMIUM]","338W","D","_",,,2,"[2]",8724,"Upper Charter",10,"Mobile Transfer ticket",1,"[PREMIUM]","[PREMIUM]","[PREMIUM]","[PREMIUM]",true,false,"['Clear view']","2026-09-15 02:39:38"
"14052452015","2026-09-15 23:44:53.996","2026-09-28 05:16:55.885","14052452015","160436506","[PREMIUM]","[PREMIUM]","CHR111","C","7_8","7",,2,"[2]",17747,"Lower Charter",10,"Mobile Transfer ticket",14,"[PREMIUM]","[PREMIUM]","[PREMIUM]","[PREMIUM]",true,false,"['Third Row of Section','Clear view']","2026-09-15 17:17:31"
"14055415004","2026-09-15 23:44:53.996","2026-09-21 23:54:20.485","14055415004","160436506","[PREMIUM]","[PREMIUM]","103","Y","9001_9002","9001",,2,"[2]",17337,"Lower 100-Level",10,"Mobile Transfer ticket",13,"[PREMIUM]","[PREMIUM]","[PREMIUM]","[PREMIUM]",true,false,"['Clear view']","2026-09-15 23:07:23"
"14045566190","2026-09-15 23:44:53.871","2026-09-19 23:59:19.397","14045566190","160436506","[PREMIUM]","[PREMIUM]","124","H","_",,,2,"[2]",17337,"Lower 100-Level",10,"Mobile Transfer ticket",1,"[PREMIUM]","[PREMIUM]","[PREMIUM]","[PREMIUM]",true,false,"['Clear view']","2026-09-15 02:39:15"
"14045573489","2026-09-15 23:44:53.765","2026-09-18 00:22:12.418","14045573489","160436506","[PREMIUM]","[PREMIUM]","230","B","_",,,2,"[2]",17344,"Middle 200-Level",10,"Mobile Transfer ticket",1,"[PREMIUM]","[PREMIUM]","[PREMIUM]","[PREMIUM]",true,false,"['Second Row of Section','Clear view']","2026-09-15 02:39:44"
"14045575825","2026-09-15 23:44:53.765","2026-09-19 23:59:19.734","14045575825","160436506","[PREMIUM]","[PREMIUM]","120","L","_",,,2,"[2]",17337,"Lower 100-Level",10,"Mobile Transfer ticket",1,"[PREMIUM]","[PREMIUM]","[PREMIUM]","[PREMIUM]",true,false,"['Clear view']","2026-09-15 02:39:58"
"14045585740","2026-09-15 23:44:53.765","2026-09-19 23:59:19.734","14045585740","160436506","[PREMIUM]","[PREMIUM]","312W","B","_",,,2,"[2]",8724,"Upper Charter",10,"Mobile Transfer ticket",1,"[PREMIUM]","[PREMIUM]","[PREMIUM]","[PREMIUM]",true,false,"['Second Row of Section','Clear view']","2026-09-15 02:40:56"
"14045571847","2026-09-15 23:44:53.757","2026-09-19 23:59:20.102","14045571847","160436506","[PREMIUM]","[PREMIUM]","146","C","_",,,2,"[2]",17337,"Lower 100-Level",10,"Mobile Transfer ticket",1,"[PREMIUM]","[PREMIUM]","[PREMIUM]","[PREMIUM]",true,false,"['Third Row of Section','Clear view']","2026-09-15 02:39:38"
"14045574807","2026-09-15 23:44:53.711","2026-09-15 23:44:53.711","14045574807","160436506","[PREMIUM]","[PREMIUM]","302","Q","_",,,2,"[2]",17345,"Upper 300-Level",10,"Mobile Transfer ticket",1,"[PREMIUM]","[PREMIUM]","[PREMIUM]","[PREMIUM]",true,false,"['Clear view']","2026-09-15 02:39:49"
"14045565600","2026-09-15 23:44:52.967","2026-09-19 23:58:29.265","14045565600","160436506","[PREMIUM]","[PREMIUM]","150","R","_",,,2,"[2]",17337,"Lower 100-Level",10,"Mobile Transfer ticket",1,"[PREMIUM]","[PREMIUM]","[PREMIUM]","[PREMIUM]",true,false,"['Clear view']","2026-09-15 02:39:11"
"14045570682","2026-09-15 23:44:52.967","2026-09-19 23:58:29.227","14045570682","160436506","[PREMIUM]","[PREMIUM]","323","D","_",,,2,"[2]",17345,"Upper 300-Level",10,"Mobile Transfer ticket",1,"[PREMIUM]","[PREMIUM]","[PREMIUM]","[PREMIUM]",true,false,"['Clear view']","2026-09-15 02:39:33"
"14045584031","2026-09-15 23:44:52.967","2026-09-19 23:58:29.265","14045584031","160436506","[PREMIUM]","[PREMIUM]","102","BB","_",,,2,"[2]",17337,"Lower 100-Level",10,"Mobile Transfer ticket",1,"[PREMIUM]","[PREMIUM]","[PREMIUM]","[PREMIUM]",true,false,"['Clear view']","2026-09-15 02:40:44"
"14045566319","2026-09-15 23:44:52.967","2026-09-19 23:58:29.227","14045566319","160436506","[PREMIUM]","[PREMIUM]","315","B","_",,,2,"[2]",17345,"Upper 300-Level",10,"Mobile Transfer ticket",1,"[PREMIUM]","[PREMIUM]","[PREMIUM]","[PREMIUM]",true,false,"['Second Row of Section','Clear view']","2026-09-15 02:39:15"
"14045575740","2026-09-15 23:44:52.967","2026-09-19 23:58:29.265","14045575740","160436506","[PREMIUM]","[PREMIUM]","241","Q","_",,,2,"[2]",17344,"Middle 200-Level",10,"Mobile Transfer ticket",1,"[PREMIUM]","[PREMIUM]","[PREMIUM]","[PREMIUM]",true,false,"['Clear view']","2026-09-15 02:39:57"
"14045589554","2026-09-15 23:44:52.932","2026-09-19 23:59:26.106","14045589554","160436506","[PREMIUM]","[PREMIUM]","304","J","_",,,2,"[2]",17345,"Upper 300-Level",10,"Mobile Transfer ticket",1,"[PREMIUM]","[PREMIUM]","[PREMIUM]","[PREMIUM]",true,false,"['Clear view']","2026-09-15 02:41:20"
"13974429713","2026-09-15 23:44:52.640","2026-09-19 23:59:19.295","13974429713","160436506","[PREMIUM]","[PREMIUM]","CHR112","D","12_14","12",,3,"[1,3]",17747,"Lower Charter",10,"Mobile Transfer ticket",14,"[PREMIUM]","[PREMIUM]","[PREMIUM]","[PREMIUM]",true,false,"['Clear view']","2026-09-09 03:27:41"
"14045573745","2026-09-15 23:44:52.640","2026-09-19 23:59:19.295","14045573745","160436506","[PREMIUM]","[PREMIUM]","148","E","_",,,2,"[2]",17337,"Lower 100-Level",10,"Mobile Transfer ticket",1,"[PREMIUM]","[PREMIUM]","[PREMIUM]","[PREMIUM]",true,false,"['Clear view']","2026-09-15 02:39:45"
"14051938206","2026-09-15 23:44:52.640","2026-09-15 23:44:52.640","14051938206","160436506","[PREMIUM]","[PREMIUM]","CHR138","BB","15_15","15",,1,"[1]",17747,"Lower Charter",10,"Mobile Transfer ticket",14,"[PREMIUM]","[PREMIUM]","[PREMIUM]","[PREMIUM]",false,false,"['Clear view']","2026-09-15 16:22:58"
"14045565455","2026-09-15 23:44:52.608","2026-09-19 23:59:19.095","14045565455","160436506","[PREMIUM]","[PREMIUM]","124","P","_",,,2,"[2]",17337,"Lower 100-Level",10,"Mobile Transfer ticket",1,"[PREMIUM]","[PREMIUM]","[PREMIUM]","[PREMIUM]",true,false,"['Clear view']","2026-09-15 02:39:11"
"13842857755","2026-09-15 23:44:52.418","2026-09-15 23:44:52.418","13842857755","160436506","[PREMIUM]","[PREMIUM]","120","V","9_9","9",,1,"[1]",17337,"Lower 100-Level",10,"Mobile Transfer ticket",1,"[PREMIUM]","[PREMIUM]","[PREMIUM]","[PREMIUM]",false,false,"['Clear view']","2026-08-28 14:03:25"
"14045586574","2026-09-15 23:44:52.261","2026-09-19 23:58:59.089","14045586574","160436506","[PREMIUM]","[PREMIUM]","340","G","_",,,2,"[2]",17345,"Upper 300-Level",10,"Mobile Transfer ticket",1,"[PREMIUM]","[PREMIUM]","[PREMIUM]","[PREMIUM]",true,false,"['Clear view']","2026-09-15 02:41:01"
"14045578796","2026-09-15 23:44:52.261","2026-09-19 23:59:18.749","14045578796","160436506","[PREMIUM]","[PREMIUM]","305","J","_",,,2,"[2]",17345,"Upper 300-Level",10,"Mobile Transfer ticket",1,"[PREMIUM]","[PREMIUM]","[PREMIUM]","[PREMIUM]",true,false,"['Clear view']","2026-09-15 02:40:11"
"14045583067","2026-09-15 23:44:52.261","2026-09-19 23:59:18.749","14045583067","160436506","[PREMIUM]","[PREMIUM]","328","D","_",,,2,"[2]",17345,"Upper 300-Level",10,"Mobile Transfer ticket",1,"[PREMIUM]","[PREMIUM]","[PREMIUM]","[PREMIUM]",true,false,"['Clear view']","2026-09-15 02:40:39"
"14045573799","2026-09-15 23:44:51.972","2026-09-19 23:58:58.811","14045573799","160436506","[PREMIUM]","[PREMIUM]","308","G","_",,,2,"[2]",17345,"Upper 300-Level",10,"Mobile Transfer ticket",1,"[PREMIUM]","[PREMIUM]","[PREMIUM]","[PREMIUM]",true,false,"['Second Row of Section','Clear view']","2026-09-15 02:39:45"
"14045578206","2026-09-15 23:44:51.882","2026-09-19 23:59:20.522","14045578206","160436506","[PREMIUM]","[PREMIUM]","230","P","_",,,2,"[2]",17344,"Middle 200-Level",10,"Mobile Transfer ticket",1,"[PREMIUM]","[PREMIUM]","[PREMIUM]","[PREMIUM]",true,false,"['Clear view']","2026-09-15 02:40:07"
"14045575237","2026-09-15 23:44:51.882","2026-09-19 23:59:20.522","14045575237","160436506","[PREMIUM]","[PREMIUM]","313","D","_",,,2,"[2]",17345,"Upper 300-Level",10,"Mobile Transfer ticket",1,"[PREMIUM]","[PREMIUM]","[PREMIUM]","[PREMIUM]",true,false,"['Clear view']","2026-09-15 02:39:53"
"14045580324","2026-09-15 23:44:42.402","2026-09-20 00:00:17.018","14045580324","160436506","[PREMIUM]","[PREMIUM]","204","J","_",,,2,"[2]",17344,"Middle 200-Level",10,"Mobile Transfer ticket",1,"[PREMIUM]","[PREMIUM]","[PREMIUM]","[PREMIUM]",true,false,"['Clear view']","2026-09-15 02:40:24"
"14045572121","2026-09-15 23:44:42.043","2026-09-18 00:21:59.892","14045572121","160436506","[PREMIUM]","[PREMIUM]","215","C","_",,,2,"[2]",17344,"Middle 200-Level",10,"Mobile Transfer ticket",1,"[PREMIUM]","[PREMIUM]","[PREMIUM]","[PREMIUM]",true,false,"['Third Row of Section','Clear view']","2026-09-15 02:39:39"
"14045589639","2026-09-15 23:44:41.638","2026-09-19 23:58:28.548","14045589639","160436506","[PREMIUM]","[PREMIUM]","324","H","_",,,2,"[2]",17345,"Upper 300-Level",10,"Mobile Transfer ticket",1,"[PREMIUM]","[PREMIUM]","[PREMIUM]","[PREMIUM]",true,false,"['Clear view']","2026-09-15 02:41:20"
"14045574641","2026-09-15 23:44:41.638","2026-09-18 23:53:06.800","14045574641","160436506","[PREMIUM]","[PREMIUM]","337","P","_",,,2,"[2]",17345,"Upper 300-Level",10,"Mobile Transfer ticket",1,"[PREMIUM]","[PREMIUM]","[PREMIUM]","[PREMIUM]",true,false,"['Clear view']","2026-09-15 02:39:48"
"14045565614","2026-09-15 23:44:41.638","2026-09-19 23:58:28.953","14045565614","160436506","[PREMIUM]","[PREMIUM]","315","H","_",,,2,"[2]",17345,"Upper 300-Level",10,"Mobile Transfer ticket",1,"[PREMIUM]","[PREMIUM]","[PREMIUM]","[PREMIUM]",true,false,"['Clear view']","2026-09-15 02:39:11"
"12712458240","2026-09-15 23:44:40.702","2026-09-16 23:36:29.385","12712458240","160436506","[PREMIUM]","[PREMIUM]","310","EE","21_22","21","22",2,"[1,2]",17345,"Upper 300-Level",10,"Mobile Transfer ticket",1,"[PREMIUM]","[PREMIUM]","[PREMIUM]","[PREMIUM]",true,false,"['Clear view']","2026-05-16 19:01:59"
"13927050581","2026-09-15 23:44:40.702","2026-09-28 05:16:53.171","13927050581","160436506","[PREMIUM]","[PREMIUM]","341","BB","5_8","5",,4,"[1,2,3,4]",17345,"Upper 300-Level",10,"Mobile Transfer ticket",1,"[PREMIUM]","[PREMIUM]","[PREMIUM]","[PREMIUM]",true,false,"['Clear view']","2026-09-04 13:18:21"
"14045573302","2026-09-15 23:44:40.368","2026-09-19 23:58:21.367","14045573302","160436506","[PREMIUM]","[PREMIUM]","328","H","_",,,2,"[2]",17345,"Upper 300-Level",10,"Mobile Transfer ticket",1,"[PREMIUM]","[PREMIUM]","[PREMIUM]","[PREMIUM]",true,false,"['Clear view']","2026-09-15 02:39:44"
"14045574838","2026-09-15 23:44:40.368","2026-09-19 23:58:21.367","14045574838","160436506","[PREMIUM]","[PREMIUM]","320","I","_",,,2,"[2]",17345,"Upper 300-Level",10,"Mobile Transfer ticket",1,"[PREMIUM]","[PREMIUM]","[PREMIUM]","[PREMIUM]",true,false,"['Clear view']","2026-09-15 02:39:49"
"14035465830","2026-09-15 23:44:40.011","2026-09-19 23:58:34.324","14035465830","160436506","[PREMIUM]","[PREMIUM]","335","U","_",,,2,"[2]",17345,"Upper 300-Level",10,"Mobile Transfer ticket",1,"[PREMIUM]","[PREMIUM]","[PREMIUM]","[PREMIUM]",true,false,"['Clear view']","2026-09-14 04:11:19"
"14045578152","2026-09-15 23:44:40.011","2026-09-19 23:58:34.306","14045578152","160436506","[PREMIUM]","[PREMIUM]","331","J","_",,,2,"[2]",17345,"Upper 300-Level",10,"Mobile Transfer ticket",1,"[PREMIUM]","[PREMIUM]","[PREMIUM]","[PREMIUM]",true,false,"['Clear view']","2026-09-15 02:40:07"
"12704060576","2026-09-15 23:44:38.465","2026-09-28 05:16:53.688","12704060576","160436506","[PREMIUM]","[PREMIUM]","122","CC","_",,,4,"[2,4]",17337,"Lower 100-Level",10,"Mobile Transfer ticket",1,"[PREMIUM]","[PREMIUM]","[PREMIUM]","[PREMIUM]",true,false,"['Clear view']","2026-05-15 23:46:27"
"14045574632","2026-09-15 23:44:38.465","2026-09-18 00:21:59.578","14045574632","160436506","[PREMIUM]","[PREMIUM]","149","P","_",,,2,"[2]",17337,"Lower 100-Level",10,"Mobile Transfer ticket",1,"[PREMIUM]","[PREMIUM]","[PREMIUM]","[PREMIUM]",true,false,"['Clear view']","2026-09-15 02:39:48"
"12754185705","2026-09-15 23:44:38.107","2026-09-28 05:16:53.688","12754185705","160436506","[PREMIUM]","[PREMIUM]","122","QQ","_",,,2,"[2]",17337,"Lower 100-Level",10,"Mobile Transfer ticket",1,"[PREMIUM]","[PREMIUM]","[PREMIUM]","[PREMIUM]",true,false,"['Clear view']","2026-05-20 05:47:48"
"14045578993","2026-09-15 23:44:38.107","2026-09-19 23:58:34.023","14045578993","160436506","[PREMIUM]","[PREMIUM]","305","K","_",,,2,"[2]",17345,"Upper 300-Level",10,"Mobile Transfer ticket",1,"[PREMIUM]","[PREMIUM]","[PREMIUM]","[PREMIUM]",true,false,"['Clear view']","2026-09-15 02:40:12"
"14045572357","2026-09-15 23:44:38.107","2026-09-19 23:58:34.020","14045572357","160436506","[PREMIUM]","[PREMIUM]","300","B","_",,,2,"[2]",17345,"Upper 300-Level",10,"Mobile Transfer ticket",1,"[PREMIUM]","[PREMIUM]","[PREMIUM]","[PREMIUM]",true,false,"['Second Row of Section','Clear view']","2026-09-15 02:39:39"
"14045587213","2026-09-15 23:44:37.168","2026-09-19 23:58:34.023","14045587213","160436506","[PREMIUM]","[PREMIUM]","128","HH","_",,,2,"[2]",17337,"Lower 100-Level",10,"Mobile Transfer ticket",1,"[PREMIUM]","[PREMIUM]","[PREMIUM]","[PREMIUM]",true,false,"['Clear view']","2026-09-15 02:41:04"
"14045574601","2026-09-15 23:44:37.168","2026-09-19 23:58:33.651","14045574601","160436506","[PREMIUM]","[PREMIUM]","337","J","_",,,2,"[2]",17345,"Upper 300-Level",10,"Mobile Transfer ticket",1,"[PREMIUM]","[PREMIUM]","[PREMIUM]","[PREMIUM]",true,false,"['Clear view']","2026-09-15 02:39:48"
"14045575384","2026-09-15 23:44:37.168","2026-09-19 23:58:33.651","14045575384","160436506","[PREMIUM]","[PREMIUM]","313","I","_",,,2,"[2]",17345,"Upper 300-Level",10,"Mobile Transfer ticket",1,"[PREMIUM]","[PREMIUM]","[PREMIUM]","[PREMIUM]",true,false,"['Clear view']","2026-09-15 02:39:53"
"14045575487","2026-09-15 23:44:37.168","2026-09-19 23:58:33.651","14045575487","160436506","[PREMIUM]","[PREMIUM]","340","J","_",,,2,"[2]",17345,"Upper 300-Level",10,"Mobile Transfer ticket",1,"[PREMIUM]","[PREMIUM]","[PREMIUM]","[PREMIUM]",true,false,"['Clear view']","2026-09-15 02:39:54"
"14045588238","2026-09-15 23:44:32.353","2026-09-19 23:58:29.220","14045588238","160436506","[PREMIUM]","[PREMIUM]","335","EE","_",,,2,"[2]",17345,"Upper 300-Level",10,"Mobile Transfer ticket",1,"[PREMIUM]","[PREMIUM]","[PREMIUM]","[PREMIUM]",true,false,"['Clear view']","2026-09-15 02:41:12"
"14045569331","2026-09-15 23:44:32.353","2026-09-19 23:58:29.220","14045569331","160436506","[PREMIUM]","[PREMIUM]","308","M","_",,,2,"[2]",17345,"Upper 300-Level",10,"Mobile Transfer ticket",1,"[PREMIUM]","[PREMIUM]","[PREMIUM]","[PREMIUM]",true,false,"['Clear view']","2026-09-15 02:39:29"
"14045588787","2026-09-15 23:44:32.353","2026-09-18 00:21:57.742","14045588787","160436506","[PREMIUM]","[PREMIUM]","305","L","_",,,2,"[2]",17345,"Upper 300-Level",10,"Mobile Transfer ticket",1,"[PREMIUM]","[PREMIUM]","[PREMIUM]","[PREMIUM]",true,false,"['Clear view']","2026-09-15 02:41:16"
"14045578167","2026-09-15 23:44:32.353","2026-09-19 23:58:29.227","14045578167","160436506","[PREMIUM]","[PREMIUM]","339","G","_",,,2,"[2]",17345,"Upper 300-Level",10,"Mobile Transfer ticket",1,"[PREMIUM]","[PREMIUM]","[PREMIUM]","[PREMIUM]",true,false,"['Clear view']","2026-09-15 02:40:07"
"14045578216","2026-09-15 23:44:32.171","2026-09-19 23:58:28.962","14045578216","160436506","[PREMIUM]","[PREMIUM]","336","W","_",,,2,"[2]",17345,"Upper 300-Level",10,"Mobile Transfer ticket",1,"[PREMIUM]","[PREMIUM]","[PREMIUM]","[PREMIUM]",true,false,"['Clear view']","2026-09-15 02:40:07"
"14045577091","2026-09-15 23:44:32.171","2026-09-19 23:58:28.962","14045577091","160436506","[PREMIUM]","[PREMIUM]","306","I","_",,,2,"[2]",17345,"Upper 300-Level",10,"Mobile Transfer ticket",1,"[PREMIUM]","[PREMIUM]","[PREMIUM]","[PREMIUM]",true,false,"['Clear view']","2026-09-15 02:40:02"
"14046792426","2026-09-15 23:44:32.171","2026-09-15 23:44:32.171","14046792426","160436506","[PREMIUM]","[PREMIUM]","147","S","_",,,2,"[2]",17337,"Lower 100-Level",10,"Mobile Transfer ticket",1,"[PREMIUM]","[PREMIUM]","[PREMIUM]","[PREMIUM]",true,false,"['Clear view']","2026-09-15 05:11:23"
"14045575745","2026-09-15 23:44:31.899","2026-09-19 23:58:28.953","14045575745","160436506","[PREMIUM]","[PREMIUM]","306","K","_",,,2,"[2]",17345,"Upper 300-Level",10,"Mobile Transfer ticket",1,"[PREMIUM]","[PREMIUM]","[PREMIUM]","[PREMIUM]",true,false,"['Clear view']","2026-09-15 02:39:57"
"14045575758","2026-09-15 23:44:31.899","2026-09-19 23:58:28.953","14045575758","160436506","[PREMIUM]","[PREMIUM]","319","B","_",,,2,"[2]",17345,"Upper 300-Level",10,"Mobile Transfer ticket",1,"[PREMIUM]","[PREMIUM]","[PREMIUM]","[PREMIUM]",true,false,"['Second Row of Section','Clear view']","2026-09-15 02:39:57"
"13971841409","2026-09-15 23:44:31.519","2026-09-21 00:00:45.450","13971841409","160436506","[PREMIUM]","[PREMIUM]","309","X","9001_9002","9001",,2,"[2]",17345,"Upper 300-Level",10,"Mobile Transfer ticket",1,"[PREMIUM]","[PREMIUM]","[PREMIUM]","[PREMIUM]",true,false,"['Clear view']","2026-09-08 23:37:40"
"14043842697","2026-09-15 23:44:31.519","2026-09-21 00:00:45.450","14043842697","160436506","[PREMIUM]","[PREMIUM]","204","N","13_14","13","14",2,"[2]",17344,"Middle 200-Level",11,"Mobile ticket",1,"[PREMIUM]","[PREMIUM]","[PREMIUM]","[PREMIUM]",true,false,"['Clear view','Instant download']","2026-09-14 23:15:20"
"14054972142","2026-09-15 23:44:31.519","2026-09-15 23:44:31.519","14054972142","160436506","[PREMIUM]","[PREMIUM]","338","G","_",,,2,"[2]",17345,"Upper 300-Level",10,"Mobile Transfer ticket",1,"[PREMIUM]","[PREMIUM]","[PREMIUM]","[PREMIUM]",true,false,"['Front Row of Section','Clear view']","2026-09-15 22:16:27"
"14045577529","2026-09-15 23:44:31.284","2026-09-18 23:53:06.339","14045577529","160436506","[PREMIUM]","[PREMIUM]","344","I","_",,,2,"[2]",17345,"Upper 300-Level",10,"Mobile Transfer ticket",1,"[PREMIUM]","[PREMIUM]","[PREMIUM]","[PREMIUM]",true,false,"['Clear view']","2026-09-15 02:40:05"
"14045592408","2026-09-15 23:44:31.284","2026-09-19 23:58:28.427","14045592408","160436506","[PREMIUM]","[PREMIUM]","339","M","_",,,2,"[2]",17345,"Upper 300-Level",10,"Mobile Transfer ticket",1,"[PREMIUM]","[PREMIUM]","[PREMIUM]","[PREMIUM]",true,false,"['Clear view']","2026-09-15 02:41:35"
"14045572061","2026-09-15 23:44:30.900","2026-09-19 23:58:28.427","14045572061","160436506","[PREMIUM]","[PREMIUM]","315","J","_",,,2,"[2]",17345,"Upper 300-Level",10,"Mobile Transfer ticket",1,"[PREMIUM]","[PREMIUM]","[PREMIUM]","[PREMIUM]",true,false,"['Clear view']","2026-09-15 02:39:39"
"14045575456","2026-09-15 23:44:30.900","2026-09-19 23:58:27.927","14045575456","160436506","[PREMIUM]","[PREMIUM]","319","K","_",,,2,"[2]",17345,"Upper 300-Level",10,"Mobile Transfer ticket",1,"[PREMIUM]","[PREMIUM]","[PREMIUM]","[PREMIUM]",true,false,"['Clear view']","2026-09-15 02:39:54"
"14045568590","2026-09-15 23:44:30.900","2026-09-19 23:58:27.927","14045568590","160436506","[PREMIUM]","[PREMIUM]","315","M","_",,,2,"[2]",17345,"Upper 300-Level",10,"Mobile Transfer ticket",1,"[PREMIUM]","[PREMIUM]","[PREMIUM]","[PREMIUM]",true,false,"['Clear view']","2026-09-15 02:39:25"
"14045578036","2026-09-15 23:44:30.517","2026-09-19 23:58:27.918","14045578036","160436506","[PREMIUM]","[PREMIUM]","340","M","_",,,2,"[2]",17345,"Upper 300-Level",10,"Mobile Transfer ticket",1,"[PREMIUM]","[PREMIUM]","[PREMIUM]","[PREMIUM]",true,false,"['Clear view']","2026-09-15 02:40:07"
"14055608339","2026-09-15 23:44:30.158","2026-09-15 23:44:30.158","14055608339","160436506","[PREMIUM]","[PREMIUM]","303","J","_",,,2,"[2]",17345,"Upper 300-Level",10,"Mobile Transfer ticket",1,"[PREMIUM]","[PREMIUM]","[PREMIUM]","[PREMIUM]",true,false,"['Clear view']","2026-09-15 23:35:27"
"13528432582","2026-09-15 23:44:30.129","2026-09-16 23:37:03.205","13528432582","160436506","[PREMIUM]","[PREMIUM]","336","FF","18_19","18","19",2,"[2]",17345,"Upper 300-Level",10,"Mobile Transfer ticket",1,"[PREMIUM]","[PREMIUM]","[PREMIUM]","[PREMIUM]",true,false,"['Clear view']","2026-07-31 13:29:05"
"14045573377","2026-09-15 23:44:30.129","2026-09-18 00:21:56.954","14045573377","160436506","[PREMIUM]","[PREMIUM]","330","J","_",,,2,"[2]",17345,"Upper 300-Level",10,"Mobile Transfer ticket",1,"[PREMIUM]","[PREMIUM]","[PREMIUM]","[PREMIUM]",true,false,"['Clear view']","2026-09-15 02:39:44"
"14052475646","2026-09-15 23:44:30.129","2026-09-16 23:37:03.205","14052475646","160436506","[PREMIUM]","[PREMIUM]","307","R","_",,,2,"[2]",17345,"Upper 300-Level",10,"Mobile Transfer ticket",1,"[PREMIUM]","[PREMIUM]","[PREMIUM]","[PREMIUM]",true,false,"['Clear view']","2026-09-15 17:19:49"
"14045577841","2026-09-15 23:44:29.622","2026-09-16 23:37:02.672","14045577841","160436506","[PREMIUM]","[PREMIUM]","337","JJ","_",,,4,"[2,4]",17345,"Upper 300-Level",10,"Mobile Transfer ticket",1,"[PREMIUM]","[PREMIUM]","[PREMIUM]","[PREMIUM]",true,false,"['Clear view']","2026-09-15 02:40:06"
"13629072697","2026-09-15 23:44:29.135","2026-09-16 23:36:30.689","13629072697","160436506","[PREMIUM]","[PREMIUM]","147","QQ","_",,,2,"[2]",17337,"Lower 100-Level",10,"Mobile Transfer ticket",1,"[PREMIUM]","[PREMIUM]","[PREMIUM]","[PREMIUM]",true,false,"['Clear view']","2026-08-10 17:30:18"
"14045577909","2026-09-15 23:44:28.854","2026-09-19 23:58:21.633","14045577909","160436506","[PREMIUM]","[PREMIUM]","341","V","_",,,2,"[2]",17345,"Upper 300-Level",10,"Mobile Transfer ticket",1,"[PREMIUM]","[PREMIUM]","[PREMIUM]","[PREMIUM]",true,false,"['Clear view']","2026-09-15 02:40:06"
"14053219975","2026-09-15 23:44:28.854","2026-09-22 23:48:15.853","14053219975","160436506","[PREMIUM]","[PREMIUM]","301","K","99_99","99",,1,"[1]",17345,"Upper 300-Level",10,"Mobile Transfer ticket",1,"[PREMIUM]","[PREMIUM]","[PREMIUM]","[PREMIUM]",false,false,"['Clear view']","2026-09-15 18:49:09"
"14045568617","2026-09-15 23:44:28.720","2026-09-15 23:44:28.720","14045568617","160436506","[PREMIUM]","[PREMIUM]","302","U","_",,,2,"[2]",17345,"Upper 300-Level",10,"Mobile Transfer ticket",1,"[PREMIUM]","[PREMIUM]","[PREMIUM]","[PREMIUM]",true,false,"['Clear view']","2026-09-15 02:39:25"
"14043201429","2026-09-15 23:44:28.308","2026-09-28 05:16:53.171","14043201429","160436506","[PREMIUM]","[PREMIUM]","301","Q","9_10","9","10",2,"[2]",17345,"Upper 300-Level",10,"Mobile Transfer ticket",1,"[PREMIUM]","[PREMIUM]","[PREMIUM]","[PREMIUM]",true,false,"['Clear view']","2026-09-14 22:01:17"
"12754186751","2026-09-15 23:44:27.446","2026-09-28 05:16:53.171","12754186751","160436506","[PREMIUM]","[PREMIUM]","341","HH","_",,,2,"[2]",17345,"Upper 300-Level",10,"Mobile Transfer ticket",1,"[PREMIUM]","[PREMIUM]","[PREMIUM]","[PREMIUM]",true,false,"['Clear view']","2026-05-20 05:47:51"
"13528464726","2026-09-15 23:44:27.446","2026-09-21 23:53:02.370","13528464726","160436506","[PREMIUM]","[PREMIUM]","310","II","_",,,4,"[1,2,4]",17345,"Upper 300-Level",10,"Mobile Transfer ticket",1,"[PREMIUM]","[PREMIUM]","[PREMIUM]","[PREMIUM]",true,false,"['Clear view']","2026-07-31 13:38:23"
"12753436939","2026-09-15 23:44:27.336","2026-09-21 00:00:15.837","12753436939","160436506","[PREMIUM]","[PREMIUM]","310","CC","_",,,7,"[1,2,3,4,5,6,7]",17345,"Upper 300-Level",10,"Mobile Transfer ticket",14,"[PREMIUM]","[PREMIUM]","[PREMIUM]","[PREMIUM]",true,false,"['Clear view']","2026-05-20 04:59:49"
"14047148275","2026-09-15 23:44:26.968","2026-09-20 23:59:24.137","14047148275","160436506","[PREMIUM]","[PREMIUM]","302","Y","9_12","9","12",4,"[2,4]",17345,"Upper 300-Level",10,"Mobile Transfer ticket",1,"[PREMIUM]","[PREMIUM]","[PREMIUM]","[PREMIUM]",true,false,"['Clear view']","2026-09-15 06:13:30"
"14051644249","2026-09-15 23:44:26.968","2026-09-20 23:59:24.137","14051644249","160436506","[PREMIUM]","[PREMIUM]","326","P","_",,,2,"[2]",17345,"Upper 300-Level",10,"Mobile Transfer ticket",1,"[PREMIUM]","[PREMIUM]","[PREMIUM]","[PREMIUM]",true,false,"['Clear view']","2026-09-15 15:57:46"
"14051229133","2026-09-15 23:44:26.319","2026-09-19 23:58:01.403","14051229133","160436506","[PREMIUM]","[PREMIUM]","302","EE","_",,,2,"[2]",17345,"Upper 300-Level",10,"Mobile Transfer ticket",1,"[PREMIUM]","[PREMIUM]","[PREMIUM]","[PREMIUM]",true,false,"['Clear view']","2026-09-15 15:29:45"
"13316493485","2026-09-15 23:44:19.330","2026-09-28 05:05:15.336","13316493485","160426601","[PREMIUM]","[PREMIUM]","303","3","5_6","5","6",2,"[2]",507,"Mezzanine",10,"Mobile Transfer ticket",1,"[PREMIUM]","[PREMIUM]","[PREMIUM]","[PREMIUM]",true,false,"['Third Row of Section','Clear view']","2026-07-10 16:31:24"
