"_primaryKey","_firstSeenAt","_lastSeenAt","listingId","eventId","price","faceValue","section","row","seat","seatFrom","seatTo","quantity","availableQuantities","ticketClass","ticketClassName","ticketTypeId","ticketTypeName","listingTypeId","starRating","dealScore","discount","seatQualityScore","isSeatedTogether","isSpeculativeRow","listingNotes","createdAt"
"13841781402","2026-08-29 23:59:59.926","2026-09-04 00:04:02.468","13841781402","161699678","[PREMIUM]","[PREMIUM]","126","SRO","_",,,2,"[2]",594,"Lower",10,"Mobile Transfer ticket",1,"[PREMIUM]","[PREMIUM]","[PREMIUM]","[PREMIUM]",true,false,"['Limited or Obstructed View (printed on ticket)']","2026-08-28 11:18:58"
"13854345613","2026-08-29 23:59:59.926","2026-09-01 23:57:55.371","13854345613","161699678","[PREMIUM]","[PREMIUM]","BR 3","2","9001_9003","9001","9003",3,"[1,3]",9155,"Bridge",10,"Mobile Transfer ticket",13,"[PREMIUM]","[PREMIUM]","[PREMIUM]","[PREMIUM]",true,false,"['Second Row of Section','Clear view']","2026-08-29 15:57:15"
"13853466801","2026-08-29 23:59:59.926","2026-09-01 23:57:55.371","13853466801","161699678","[PREMIUM]","[PREMIUM]","BR 2","2","9001_9003","9001","9003",3,"[1,3]",9155,"Bridge",10,"Mobile Transfer ticket",13,"[PREMIUM]","[PREMIUM]","[PREMIUM]","[PREMIUM]",true,false,"['Second Row of Section','Clear view']","2026-08-29 13:22:19"
"13843159322","2026-08-29 23:59:59.834","2026-09-11 23:44:34.018","13843159322","161699678","[PREMIUM]","[PREMIUM]","223","16","_",,,2,"[2]",407,"Upper",10,"Mobile Transfer ticket",1,"[PREMIUM]","[PREMIUM]","[PREMIUM]","[PREMIUM]",true,false,"['Clear view']","2026-08-28 14:35:20"
"13855580490","2026-08-29 23:59:59.137","2026-09-01 23:57:53.378","13855580490","161663481","[PREMIUM]","[PREMIUM]","218","3","_",,,2,"[2]",300,"Club Level",10,"Mobile Transfer ticket",1,"[PREMIUM]","[PREMIUM]","[PREMIUM]","[PREMIUM]",true,false,"['Third Row of Section','Clear view']","2026-08-29 18:34:43"
"13856045550","2026-08-29 23:59:59.137","2026-09-11 23:44:33.093","13856045550","161663481","[PREMIUM]","[PREMIUM]","114","3","_",,,4,"[2,4]",1687,"Lower Level",10,"Mobile Transfer ticket",14,"[PREMIUM]","[PREMIUM]","[PREMIUM]","[PREMIUM]",true,false,"['Clear view']","2026-08-29 19:32:13"
"13856045409","2026-08-29 23:59:59.137","2026-09-11 23:44:33.093","13856045409","161663481","[PREMIUM]","[PREMIUM]","120","5","_",,,4,"[2,4]",1687,"Lower Level",10,"Mobile Transfer ticket",14,"[PREMIUM]","[PREMIUM]","[PREMIUM]","[PREMIUM]",true,false,"['Clear view']","2026-08-29 19:32:12"
"13856045605","2026-08-29 23:59:58.807","2026-09-11 23:44:33.120","13856045605","161663481","[PREMIUM]","[PREMIUM]","106","D","_",,,4,"[2,4]",1687,"Lower Level",10,"Mobile Transfer ticket",14,"[PREMIUM]","[PREMIUM]","[PREMIUM]","[PREMIUM]",true,false,"['Clear view']","2026-08-29 19:32:13"
"13854317235","2026-08-29 23:59:58.092","2026-09-11 23:44:33.581","13854317235","161663481","[PREMIUM]","[PREMIUM]","111","10","_",,,4,"[1,2,4]",1687,"Lower Level",10,"Mobile Transfer ticket",1,"[PREMIUM]","[PREMIUM]","[PREMIUM]","[PREMIUM]",true,false,"['Clear view']","2026-08-29 15:53:25"
"13854317238","2026-08-29 23:59:58.092","2026-09-11 23:44:33.581","13854317238","161663481","[PREMIUM]","[PREMIUM]","217","1","_",,,2,"[2]",300,"Club Level",10,"Mobile Transfer ticket",1,"[PREMIUM]","[PREMIUM]","[PREMIUM]","[PREMIUM]",true,false,"['Front Row of Section','Clear view']","2026-08-29 15:53:25"
"13856045403","2026-08-29 23:59:57.793","2026-09-09 00:01:21.502","13856045403","161663481","[PREMIUM]","[PREMIUM]","102","3","_",,,4,"[2,4]",1687,"Lower Level",10,"Mobile Transfer ticket",14,"[PREMIUM]","[PREMIUM]","[PREMIUM]","[PREMIUM]",true,false,"['Clear view']","2026-08-29 19:32:12"
"13856045431","2026-08-29 23:59:57.509","2026-09-09 00:01:21.502","13856045431","161663481","[PREMIUM]","[PREMIUM]","111","12","_",,,4,"[2,4]",1687,"Lower Level",10,"Mobile Transfer ticket",14,"[PREMIUM]","[PREMIUM]","[PREMIUM]","[PREMIUM]",true,false,"['Clear view']","2026-08-29 19:32:12"
"13856045481","2026-08-29 23:59:55.799","2026-09-11 23:44:32.478","13856045481","161663481","[PREMIUM]","[PREMIUM]","313","4","_",,,8,"[1,2,3,4,6,8]",954,"Upper Level",10,"Mobile Transfer ticket",14,"[PREMIUM]","[PREMIUM]","[PREMIUM]","[PREMIUM]",true,false,"['Clear view']","2026-08-29 19:32:12"
"13854317118","2026-08-29 23:59:55.492","2026-09-10 00:02:21.654","13854317118","161663481","[PREMIUM]","[PREMIUM]","112","6","_",,,4,"[1,2,4]",1687,"Lower Level",10,"Mobile Transfer ticket",1,"[PREMIUM]","[PREMIUM]","[PREMIUM]","[PREMIUM]",true,false,"['Clear view']","2026-08-29 15:53:25"
"13856045511","2026-08-29 23:59:55.492","2026-09-11 00:05:59.022","13856045511","161663481","[PREMIUM]","[PREMIUM]","102","B","_",,,4,"[2,4]",1687,"Lower Level",10,"Mobile Transfer ticket",14,"[PREMIUM]","[PREMIUM]","[PREMIUM]","[PREMIUM]",true,false,"['Second Row of Section','Clear view']","2026-08-29 19:32:13"
"13856045523","2026-08-29 23:59:55.250","2026-09-11 23:44:33.556","13856045523","161663481","[PREMIUM]","[PREMIUM]","113","15","_",,,4,"[2,4]",1687,"Lower Level",10,"Mobile Transfer ticket",14,"[PREMIUM]","[PREMIUM]","[PREMIUM]","[PREMIUM]",true,false,"['Clear view']","2026-08-29 19:32:13"
"13856045397","2026-08-29 23:59:55.188","2026-09-08 00:08:00.220","13856045397","161663481","[PREMIUM]","[PREMIUM]","102","2","_",,,6,"[1,2,4,6]",1687,"Lower Level",10,"Mobile Transfer ticket",14,"[PREMIUM]","[PREMIUM]","[PREMIUM]","[PREMIUM]",true,false,"['Clear view']","2026-08-29 19:32:12"
"13856045395","2026-08-29 23:59:55.188","2026-09-08 00:08:00.220","13856045395","161663481","[PREMIUM]","[PREMIUM]","101","9","_",,,4,"[2,4]",1687,"Lower Level",10,"Mobile Transfer ticket",14,"[PREMIUM]","[PREMIUM]","[PREMIUM]","[PREMIUM]",true,false,"['Clear view']","2026-08-29 19:32:12"
"13838142168","2026-08-29 23:59:54.886","2026-08-31 00:03:48.554","13838142168","161663481","[PREMIUM]","[PREMIUM]","118","D","9_10","9","10",2,"[2]",1687,"Lower Level",10,"Mobile Transfer ticket",1,"[PREMIUM]","[PREMIUM]","[PREMIUM]","[PREMIUM]",true,false,"['Directly over the visitors tunnel','Clear view']","2026-08-28 03:13:28"
"13856045410","2026-08-29 23:59:54.886","2026-09-11 23:44:33.531","13856045410","161663481","[PREMIUM]","[PREMIUM]","102","9","_",,,8,"[1,2,3,4,6,8]",1687,"Lower Level",10,"Mobile Transfer ticket",14,"[PREMIUM]","[PREMIUM]","[PREMIUM]","[PREMIUM]",true,false,"['Clear view']","2026-08-29 19:32:12"
"13842842123","2026-08-29 23:59:54.665","2026-09-11 23:44:30.737","13842842123","161663473","[PREMIUM]","[PREMIUM]","109","12","11_12","11","12",2,"[2]",1687,"Lower Level",10,"Mobile Transfer ticket",1,"[PREMIUM]","[PREMIUM]","[PREMIUM]","[PREMIUM]",true,false,"['Clear view']","2026-08-28 14:00:59"
"13856045238","2026-08-29 23:59:54.665","2026-09-11 23:44:30.737","13856045238","161663473","[PREMIUM]","[PREMIUM]","114","10","_",,,4,"[2,4]",1687,"Lower Level",10,"Mobile Transfer ticket",14,"[PREMIUM]","[PREMIUM]","[PREMIUM]","[PREMIUM]",true,false,"['Clear view']","2026-08-29 19:32:11"
"13856045127","2026-08-29 23:59:54.665","2026-09-11 23:44:30.072","13856045127","161663473","[PREMIUM]","[PREMIUM]","103","16","_",,,5,"[1,3,5]",1687,"Lower Level",10,"Mobile Transfer ticket",14,"[PREMIUM]","[PREMIUM]","[PREMIUM]","[PREMIUM]",true,false,"['Clear view']","2026-08-29 19:32:10"
"13856045123","2026-08-29 23:59:54.665","2026-09-11 23:44:30.737","13856045123","161663473","[PREMIUM]","[PREMIUM]","120","15","_",,,5,"[1,3,5]",1687,"Lower Level",10,"Mobile Transfer ticket",14,"[PREMIUM]","[PREMIUM]","[PREMIUM]","[PREMIUM]",true,false,"['Clear view']","2026-08-29 19:32:10"
"13838142169","2026-08-29 23:59:54.618","2026-09-11 00:05:56.465","13838142169","161663473","[PREMIUM]","[PREMIUM]","118","D","9_10","9","10",2,"[2]",1687,"Lower Level",10,"Mobile Transfer ticket",1,"[PREMIUM]","[PREMIUM]","[PREMIUM]","[PREMIUM]",true,false,"['Directly over the visitors tunnel','Clear view']","2026-08-28 03:13:28"
"13856044701","2026-08-29 23:59:54.618","2026-09-11 00:05:56.465","13856044701","161663473","[PREMIUM]","[PREMIUM]","102","2","_",,,6,"[1,2,4,6]",1687,"Lower Level",10,"Mobile Transfer ticket",14,"[PREMIUM]","[PREMIUM]","[PREMIUM]","[PREMIUM]",true,false,"['Clear view']","2026-08-29 19:32:09"
"13856044660","2026-08-29 23:59:54.618","2026-09-11 00:05:56.438","13856044660","161663473","[PREMIUM]","[PREMIUM]","101","9","_",,,4,"[2,4]",1687,"Lower Level",10,"Mobile Transfer ticket",14,"[PREMIUM]","[PREMIUM]","[PREMIUM]","[PREMIUM]",true,false,"['Clear view']","2026-08-29 19:32:08"
"13854279029","2026-08-29 23:59:54.618","2026-09-11 00:05:56.438","13854279029","161663473","[PREMIUM]","[PREMIUM]","112","6","_",,,4,"[1,2,4]",1687,"Lower Level",10,"Mobile Transfer ticket",1,"[PREMIUM]","[PREMIUM]","[PREMIUM]","[PREMIUM]",true,false,"['Clear view']","2026-08-29 15:47:33"
"13856045330","2026-08-29 23:59:54.387","2026-09-11 23:44:30.606","13856045330","161663473","[PREMIUM]","[PREMIUM]","119","8","_",,,9,"[1,2,3,4,5,7,9]",1687,"Lower Level",10,"Mobile Transfer ticket",14,"[PREMIUM]","[PREMIUM]","[PREMIUM]","[PREMIUM]",true,false,"['Clear view']","2026-08-29 19:32:11"
"13854279025","2026-08-29 23:59:54.350","2026-09-11 23:44:31.243","13854279025","161663473","[PREMIUM]","[PREMIUM]","111","10","_",,,4,"[1,2,4]",1687,"Lower Level",10,"Mobile Transfer ticket",1,"[PREMIUM]","[PREMIUM]","[PREMIUM]","[PREMIUM]",true,false,"['Clear view']","2026-08-29 15:47:33"
"13856045117","2026-08-29 23:59:54.350","2026-09-11 23:44:30.650","13856045117","161663473","[PREMIUM]","[PREMIUM]","102","9","_",,,8,"[1,2,3,4,6,8]",1687,"Lower Level",10,"Mobile Transfer ticket",14,"[PREMIUM]","[PREMIUM]","[PREMIUM]","[PREMIUM]",true,false,"['Clear view']","2026-08-29 19:32:10"
"13856045114","2026-08-29 23:59:54.071","2026-09-11 23:44:31.176","13856045114","161663473","[PREMIUM]","[PREMIUM]","121","17","_",,,8,"[1,2,3,4,6,8]",1687,"Lower Level",10,"Mobile Transfer ticket",14,"[PREMIUM]","[PREMIUM]","[PREMIUM]","[PREMIUM]",true,false,"['Clear view']","2026-08-29 19:32:10"
"13856044730","2026-08-29 23:59:54.071","2026-09-11 23:44:30.571","13856044730","161663473","[PREMIUM]","[PREMIUM]","102","13","_",,,2,"[2]",1687,"Lower Level",10,"Mobile Transfer ticket",14,"[PREMIUM]","[PREMIUM]","[PREMIUM]","[PREMIUM]",true,false,"['Clear view']","2026-08-29 19:32:09"
"13856045374","2026-08-29 23:59:53.826","2026-09-11 23:44:30.036","13856045374","161663473","[PREMIUM]","[PREMIUM]","118","14","_",,,2,"[2]",1687,"Lower Level",10,"Mobile Transfer ticket",14,"[PREMIUM]","[PREMIUM]","[PREMIUM]","[PREMIUM]",true,false,"['Clear view']","2026-08-29 19:32:12"
"13856813970","2026-08-29 23:59:53.787","2026-09-10 00:02:22.975","13856813970","161659148","[PREMIUM]","[PREMIUM]","4","10","_",,,6,"[1,2,4,6]",952,"Main Level",10,"Mobile Transfer ticket",14,"[PREMIUM]","[PREMIUM]","[PREMIUM]","[PREMIUM]",true,false,"['Includes club access','Clear view']","2026-08-29 21:11:21"
"13856813937","2026-08-29 23:59:53.787","2026-09-01 23:57:54.264","13856813937","161659148","[PREMIUM]","[PREMIUM]","6","10","_",,,4,"[2,4]",952,"Main Level",10,"Mobile Transfer ticket",14,"[PREMIUM]","[PREMIUM]","[PREMIUM]","[PREMIUM]",true,false,"['Includes club access','Clear view']","2026-08-29 21:11:21"
"13856814030","2026-08-29 23:59:53.549","2026-09-11 23:44:31.056","13856814030","161659148","[PREMIUM]","[PREMIUM]","19","7","_",,,3,"[1,3]",952,"Main Level",10,"Mobile Transfer ticket",14,"[PREMIUM]","[PREMIUM]","[PREMIUM]","[PREMIUM]",true,false,"['Clear view']","2026-08-29 21:11:22"
"13664742188","2026-08-29 23:59:53.499","2026-09-10 00:02:21.887","13664742188","161659148","[PREMIUM]","[PREMIUM]","15","11","_",,,2,"[2]",952,"Main Level",10,"Mobile Transfer ticket",1,"[PREMIUM]","[PREMIUM]","[PREMIUM]","[PREMIUM]",true,false,"['Clear view']","2026-08-13 21:11:32"
"13856814015","2026-08-29 23:59:53.499","2026-09-11 23:44:31.369","13856814015","161659148","[PREMIUM]","[PREMIUM]","17","15","_",,,8,"[1,2,3,4,6,8]",952,"Main Level",10,"Mobile Transfer ticket",14,"[PREMIUM]","[PREMIUM]","[PREMIUM]","[PREMIUM]",true,false,"['Includes club access','Clear view']","2026-08-29 21:11:22"
"13856814175","2026-08-29 23:59:53.241","2026-09-11 23:44:31.384","13856814175","161659148","[PREMIUM]","[PREMIUM]","13","9","_",,,2,"[2]",952,"Main Level",10,"Mobile Transfer ticket",14,"[PREMIUM]","[PREMIUM]","[PREMIUM]","[PREMIUM]",true,false,"['Clear view']","2026-08-29 21:11:22"
"13856813859","2026-08-29 23:59:52.680","2026-09-11 00:05:58.519","13856813859","161659148","[PREMIUM]","[PREMIUM]","19","14","_",,,8,"[1,2,3,4,6,8]",952,"Main Level",10,"Mobile Transfer ticket",14,"[PREMIUM]","[PREMIUM]","[PREMIUM]","[PREMIUM]",true,false,"['Clear view']","2026-08-29 21:11:21"
"13856813826","2026-08-29 23:59:52.680","2026-09-11 00:05:58.519","13856813826","161659148","[PREMIUM]","[PREMIUM]","1","10","_",,,8,"[1,2,3,4,6,8]",952,"Main Level",10,"Mobile Transfer ticket",14,"[PREMIUM]","[PREMIUM]","[PREMIUM]","[PREMIUM]",true,false,"['Clear view']","2026-08-29 21:11:21"
"13856813824","2026-08-29 23:59:52.383","2026-09-11 23:44:30.991","13856813824","161659148","[PREMIUM]","[PREMIUM]","8","13","_",,,4,"[2,4]",952,"Main Level",10,"Mobile Transfer ticket",14,"[PREMIUM]","[PREMIUM]","[PREMIUM]","[PREMIUM]",true,false,"['Clear view']","2026-08-29 21:11:21"
"13856814008","2026-08-29 23:59:52.340","2026-09-11 23:44:31.025","13856814008","161659148","[PREMIUM]","[PREMIUM]","19","11","_",,,4,"[2,4]",952,"Main Level",10,"Mobile Transfer ticket",14,"[PREMIUM]","[PREMIUM]","[PREMIUM]","[PREMIUM]",true,false,"['Clear view']","2026-08-29 21:11:22"
"13856813952","2026-08-29 23:59:52.073","2026-09-11 23:44:30.991","13856813952","161659148","[PREMIUM]","[PREMIUM]","20","15","_",,,8,"[1,2,3,4,6,8]",952,"Main Level",10,"Mobile Transfer ticket",14,"[PREMIUM]","[PREMIUM]","[PREMIUM]","[PREMIUM]",true,false,"['Clear view']","2026-08-29 21:11:21"
"13856813841","2026-08-29 23:59:52.073","2026-09-11 23:44:30.998","13856813841","161659148","[PREMIUM]","[PREMIUM]","117","4","_",,,8,"[1,2,3,4,6,8]",1724,"Club",10,"Mobile Transfer ticket",14,"[PREMIUM]","[PREMIUM]","[PREMIUM]","[PREMIUM]",true,false,"['Clear view']","2026-08-29 21:11:21"
"13856813954","2026-08-29 23:59:51.795","2026-09-11 23:44:30.991","13856813954","161659148","[PREMIUM]","[PREMIUM]","20","16","_",,,6,"[1,2,4,6]",952,"Main Level",10,"Mobile Transfer ticket",14,"[PREMIUM]","[PREMIUM]","[PREMIUM]","[PREMIUM]",true,false,"['Clear view']","2026-08-29 21:11:21"
"13856813844","2026-08-29 23:59:51.514","2026-09-01 23:57:53.432","13856813844","161659148","[PREMIUM]","[PREMIUM]","11","15","_",,,4,"[2,4]",952,"Main Level",10,"Mobile Transfer ticket",14,"[PREMIUM]","[PREMIUM]","[PREMIUM]","[PREMIUM]",true,false,"['Clear view']","2026-08-29 21:11:21"
"13856813982","2026-08-29 23:59:51.514","2026-09-11 23:44:30.983","13856813982","161659148","[PREMIUM]","[PREMIUM]","2","14","_",,,8,"[1,2,3,4,6,8]",952,"Main Level",10,"Mobile Transfer ticket",14,"[PREMIUM]","[PREMIUM]","[PREMIUM]","[PREMIUM]",true,false,"['Clear view']","2026-08-29 21:11:22"
"13856813904","2026-08-29 23:59:51.514","2026-09-11 23:44:30.929","13856813904","161659148","[PREMIUM]","[PREMIUM]","115","8","_",,,4,"[2,4]",1724,"Club",10,"Mobile Transfer ticket",14,"[PREMIUM]","[PREMIUM]","[PREMIUM]","[PREMIUM]",true,false,"['Clear view']","2026-08-29 21:11:21"
"13856813903","2026-08-29 23:59:51.514","2026-09-11 23:44:30.983","13856813903","161659148","[PREMIUM]","[PREMIUM]","12","16","_",,,9,"[1,2,3,4,5,7,9]",952,"Main Level",10,"Mobile Transfer ticket",14,"[PREMIUM]","[PREMIUM]","[PREMIUM]","[PREMIUM]",true,false,"['Clear view']","2026-08-29 21:11:21"
"13856813837","2026-08-29 23:59:51.514","2026-09-11 23:44:30.929","13856813837","161659148","[PREMIUM]","[PREMIUM]","103","3","_",,,3,"[1,3]",1724,"Club",10,"Mobile Transfer ticket",14,"[PREMIUM]","[PREMIUM]","[PREMIUM]","[PREMIUM]",true,false,"['Third Row of Section','Clear view']","2026-08-29 21:11:21"
"13856045433","2026-08-29 23:59:50.912","2026-08-31 00:03:48.124","13856045433","161663481","[PREMIUM]","[PREMIUM]","105","K","_",,,8,"[1,2,3,4,6,8]",1687,"Lower Level",10,"Mobile Transfer ticket",14,"[PREMIUM]","[PREMIUM]","[PREMIUM]","[PREMIUM]",true,false,"['Clear view']","2026-08-29 19:32:12"
"13856045432","2026-08-29 23:59:50.912","2026-08-31 00:03:48.124","13856045432","161663481","[PREMIUM]","[PREMIUM]","114","10","_",,,4,"[2,4]",1687,"Lower Level",10,"Mobile Transfer ticket",14,"[PREMIUM]","[PREMIUM]","[PREMIUM]","[PREMIUM]",true,false,"['Clear view']","2026-08-29 19:32:12"
"13856045426","2026-08-29 23:59:50.912","2026-09-11 23:44:33.080","13856045426","161663481","[PREMIUM]","[PREMIUM]","120","15","_",,,5,"[1,3,5]",1687,"Lower Level",10,"Mobile Transfer ticket",14,"[PREMIUM]","[PREMIUM]","[PREMIUM]","[PREMIUM]",true,false,"['Clear view']","2026-08-29 19:32:12"
"13856045611","2026-08-29 23:59:50.889","2026-08-31 00:03:47.899","13856045611","161663481","[PREMIUM]","[PREMIUM]","114","14","_",,,4,"[2,4]",1687,"Lower Level",10,"Mobile Transfer ticket",14,"[PREMIUM]","[PREMIUM]","[PREMIUM]","[PREMIUM]",true,false,"['Clear view']","2026-08-29 19:32:13"
"13856045607","2026-08-29 23:59:50.889","2026-09-04 00:03:59.975","13856045607","161663481","[PREMIUM]","[PREMIUM]","202","7","_",,,4,"[2,4]",300,"Club Level",10,"Mobile Transfer ticket",14,"[PREMIUM]","[PREMIUM]","[PREMIUM]","[PREMIUM]",true,false,"['Clear view']","2026-08-29 19:32:13"
"13856045477","2026-08-29 23:59:50.889","2026-09-11 23:44:33.080","13856045477","161663481","[PREMIUM]","[PREMIUM]","219","6","_",,,4,"[2,4]",300,"Club Level",10,"Mobile Transfer ticket",14,"[PREMIUM]","[PREMIUM]","[PREMIUM]","[PREMIUM]",true,false,"['Clear view']","2026-08-29 19:32:12"
"13856045423","2026-08-29 23:59:50.889","2026-09-11 23:44:33.080","13856045423","161663481","[PREMIUM]","[PREMIUM]","103","16","_",,,5,"[1,3,5]",1687,"Lower Level",10,"Mobile Transfer ticket",14,"[PREMIUM]","[PREMIUM]","[PREMIUM]","[PREMIUM]",true,false,"['Clear view']","2026-08-29 19:32:12"
"13855580486","2026-08-29 23:59:50.616","2026-09-01 23:57:53.104","13855580486","161663481","[PREMIUM]","[PREMIUM]","214","1","_",,,4,"[1,2,4]",300,"Club Level",10,"Mobile Transfer ticket",1,"[PREMIUM]","[PREMIUM]","[PREMIUM]","[PREMIUM]",true,false,"['Front Row of Section','Clear view']","2026-08-29 18:34:43"
"13856045459","2026-08-29 23:59:50.616","2026-09-11 23:44:33.068","13856045459","161663481","[PREMIUM]","[PREMIUM]","119","9","_",,,2,"[2]",1687,"Lower Level",10,"Mobile Transfer ticket",14,"[PREMIUM]","[PREMIUM]","[PREMIUM]","[PREMIUM]",true,false,"['Clear view']","2026-08-29 19:32:12"
"13856045386","2026-08-29 23:59:50.616","2026-09-11 23:44:33.068","13856045386","161663481","[PREMIUM]","[PREMIUM]","233","8","_",,,4,"[2,4]",300,"Club Level",10,"Mobile Transfer ticket",14,"[PREMIUM]","[PREMIUM]","[PREMIUM]","[PREMIUM]",true,false,"['Clear view']","2026-08-29 19:32:12"
"13856045468","2026-08-29 23:59:50.613","2026-08-31 00:03:47.873","13856045468","161663481","[PREMIUM]","[PREMIUM]","109","19","_",,,2,"[2]",1687,"Lower Level",10,"Mobile Transfer ticket",14,"[PREMIUM]","[PREMIUM]","[PREMIUM]","[PREMIUM]",true,false,"['Clear view']","2026-08-29 19:32:12"
"13856045532","2026-08-29 23:59:50.613","2026-09-11 23:44:33.063","13856045532","161663481","[PREMIUM]","[PREMIUM]","108","8","_",,,9,"[1,2,3,4,5,7,9]",1687,"Lower Level",10,"Mobile Transfer ticket",14,"[PREMIUM]","[PREMIUM]","[PREMIUM]","[PREMIUM]",true,false,"['Clear view']","2026-08-29 19:32:13"
"13754533156","2026-08-29 23:59:50.482","2026-09-11 23:44:33.051","13754533156","161663481","[PREMIUM]","[PREMIUM]","119","19","_",,,2,"[2]",1687,"Lower Level",10,"Mobile Transfer ticket",1,"[PREMIUM]","[PREMIUM]","[PREMIUM]","[PREMIUM]",true,false,"['Clear view']","2026-08-21 10:05:50"
"13856045655","2026-08-29 23:59:50.482","2026-09-11 23:44:33.052","13856045655","161663481","[PREMIUM]","[PREMIUM]","119","17","_",,,8,"[1,2,3,4,6,8]",1687,"Lower Level",10,"Mobile Transfer ticket",14,"[PREMIUM]","[PREMIUM]","[PREMIUM]","[PREMIUM]",true,false,"['Clear view']","2026-08-29 19:32:13"
"13855580498","2026-08-29 23:59:50.398","2026-09-01 23:57:53.082","13855580498","161663481","[PREMIUM]","[PREMIUM]","204","2","_",,,8,"[1,2,3,4,5,6,8]",300,"Club Level",10,"Mobile Transfer ticket",1,"[PREMIUM]","[PREMIUM]","[PREMIUM]","[PREMIUM]",true,false,"['Second Row of Section','Clear view']","2026-08-29 18:34:43"
"13856045444","2026-08-29 23:59:50.398","2026-09-11 23:44:33.051","13856045444","161663481","[PREMIUM]","[PREMIUM]","215","2","_",,,4,"[2,4]",300,"Club Level",10,"Mobile Transfer ticket",14,"[PREMIUM]","[PREMIUM]","[PREMIUM]","[PREMIUM]",true,false,"['Second Row of Section','Clear view']","2026-08-29 19:32:12"
"13856045525","2026-08-29 23:59:50.329","2026-09-11 23:44:33.009","13856045525","161663481","[PREMIUM]","[PREMIUM]","105","5","_",,,3,"[1,3]",1687,"Lower Level",10,"Mobile Transfer ticket",14,"[PREMIUM]","[PREMIUM]","[PREMIUM]","[PREMIUM]",true,false,"['Clear view']","2026-08-29 19:32:13"
"13856045704","2026-08-29 23:59:50.319","2026-08-31 23:54:37.086","13856045704","161663481","[PREMIUM]","[PREMIUM]","118","14","_",,,2,"[2]",1687,"Lower Level",10,"Mobile Transfer ticket",14,"[PREMIUM]","[PREMIUM]","[PREMIUM]","[PREMIUM]",true,false,"['Clear view']","2026-08-29 19:32:13"
"13854279014","2026-08-29 23:59:50.132","2026-09-11 23:44:30.190","13854279014","161663473","[PREMIUM]","[PREMIUM]","217","1","_",,,2,"[2]",300,"Club Level",10,"Mobile Transfer ticket",1,"[PREMIUM]","[PREMIUM]","[PREMIUM]","[PREMIUM]",true,false,"['Front Row of Section','Clear view']","2026-08-29 15:47:32"
"13856045038","2026-08-29 23:59:50.132","2026-09-11 00:05:55.555","13856045038","161663473","[PREMIUM]","[PREMIUM]","113","15","_",,,4,"[2,4]",1687,"Lower Level",10,"Mobile Transfer ticket",14,"[PREMIUM]","[PREMIUM]","[PREMIUM]","[PREMIUM]",true,false,"['Clear view']","2026-08-29 19:32:10"
"13856045648","2026-08-29 23:59:50.132","2026-09-11 23:44:33.055","13856045648","161663481","[PREMIUM]","[PREMIUM]","222","3","_",,,2,"[2]",300,"Club Level",10,"Mobile Transfer ticket",14,"[PREMIUM]","[PREMIUM]","[PREMIUM]","[PREMIUM]",true,false,"['Third Row of Section','Clear view']","2026-08-29 19:32:13"
"13856045377","2026-08-29 23:59:50.002","2026-09-11 23:44:30.731","13856045377","161663473","[PREMIUM]","[PREMIUM]","120","5","_",,,4,"[2,4]",1687,"Lower Level",10,"Mobile Transfer ticket",14,"[PREMIUM]","[PREMIUM]","[PREMIUM]","[PREMIUM]",true,false,"['Clear view']","2026-08-29 19:32:12"
"13856045312","2026-08-29 23:59:50.002","2026-09-11 23:44:30.731","13856045312","161663473","[PREMIUM]","[PREMIUM]","114","3","_",,,4,"[2,4]",1687,"Lower Level",10,"Mobile Transfer ticket",14,"[PREMIUM]","[PREMIUM]","[PREMIUM]","[PREMIUM]",true,false,"['Clear view']","2026-08-29 19:32:11"
"13847398472","2026-08-29 23:59:49.864","2026-08-31 00:03:44.974","13847398472","161663473","[PREMIUM]","[PREMIUM]","231","1","_",,,2,"[2]",300,"Club Level",10,"Mobile Transfer ticket",1,"[PREMIUM]","[PREMIUM]","[PREMIUM]","[PREMIUM]",true,false,"['Front Row of Section','Clear view']","2026-08-28 22:14:19"
"13854279033","2026-08-29 23:59:49.864","2026-09-11 23:44:30.190","13854279033","161663473","[PREMIUM]","[PREMIUM]","219","4","_",,,5,"[1,2,3,5]",300,"Club Level",10,"Mobile Transfer ticket",1,"[PREMIUM]","[PREMIUM]","[PREMIUM]","[PREMIUM]",true,false,"['Clear view']","2026-08-29 15:47:33"
"13856045333","2026-08-29 23:59:49.864","2026-09-11 23:44:30.246","13856045333","161663473","[PREMIUM]","[PREMIUM]","105","K","_",,,8,"[1,2,3,4,6,8]",1687,"Lower Level",10,"Mobile Transfer ticket",14,"[PREMIUM]","[PREMIUM]","[PREMIUM]","[PREMIUM]",true,false,"['Clear view']","2026-08-29 19:32:11"
"13856045205","2026-08-29 23:59:49.864","2026-09-11 23:44:30.246","13856045205","161663473","[PREMIUM]","[PREMIUM]","106","D","_",,,4,"[2,4]",1687,"Lower Level",10,"Mobile Transfer ticket",14,"[PREMIUM]","[PREMIUM]","[PREMIUM]","[PREMIUM]",true,false,"['Clear view']","2026-08-29 19:32:11"
"13856045191","2026-08-29 23:59:49.842","2026-09-11 23:44:30.190","13856045191","161663473","[PREMIUM]","[PREMIUM]","103","15","_",,,8,"[1,2,3,4,6,8]",1687,"Lower Level",10,"Mobile Transfer ticket",14,"[PREMIUM]","[PREMIUM]","[PREMIUM]","[PREMIUM]",true,false,"['Clear view']","2026-08-29 19:32:11"
"13856045046","2026-08-29 23:59:49.842","2026-09-11 23:44:30.197","13856045046","161663473","[PREMIUM]","[PREMIUM]","120","13","_",,,8,"[1,2,3,4,6,8]",1687,"Lower Level",10,"Mobile Transfer ticket",14,"[PREMIUM]","[PREMIUM]","[PREMIUM]","[PREMIUM]",true,false,"['Clear view']","2026-08-29 19:32:10"
"13837240389","2026-08-29 23:59:49.698","2026-09-11 23:44:30.082","13837240389","161663473","[PREMIUM]","[PREMIUM]","119","1","1_3","1","3",3,"[1,3]",1687,"Lower Level",10,"Mobile Transfer ticket",1,"[PREMIUM]","[PREMIUM]","[PREMIUM]","[PREMIUM]",true,false,"['Front Row of Section','Clear view']","2026-08-28 01:32:41"
"13856045322","2026-08-29 23:59:49.698","2026-09-11 23:44:30.082","13856045322","161663473","[PREMIUM]","[PREMIUM]","114","14","_",,,4,"[2,4]",1687,"Lower Level",10,"Mobile Transfer ticket",14,"[PREMIUM]","[PREMIUM]","[PREMIUM]","[PREMIUM]",true,false,"['Clear view']","2026-08-29 19:32:11"
"13856045053","2026-08-29 23:59:49.698","2026-09-11 23:44:30.082","13856045053","161663473","[PREMIUM]","[PREMIUM]","202","7","_",,,4,"[2,4]",300,"Club Level",10,"Mobile Transfer ticket",14,"[PREMIUM]","[PREMIUM]","[PREMIUM]","[PREMIUM]",true,false,"['Clear view']","2026-08-29 19:32:10"
"13856045315","2026-08-29 23:59:49.576","2026-09-11 23:44:30.606","13856045315","161663473","[PREMIUM]","[PREMIUM]","109","19","_",,,2,"[2]",1687,"Lower Level",10,"Mobile Transfer ticket",14,"[PREMIUM]","[PREMIUM]","[PREMIUM]","[PREMIUM]",true,false,"['Clear view']","2026-08-29 19:32:11"
"13856045121","2026-08-29 23:59:49.576","2026-09-11 23:44:30.606","13856045121","161663473","[PREMIUM]","[PREMIUM]","233","8","_",,,4,"[2,4]",300,"Club Level",10,"Mobile Transfer ticket",14,"[PREMIUM]","[PREMIUM]","[PREMIUM]","[PREMIUM]",true,false,"['Clear view']","2026-08-29 19:32:10"
"13856045229","2026-08-29 23:59:49.301","2026-09-11 23:44:29.964","13856045229","161663473","[PREMIUM]","[PREMIUM]","223","3","_",,,8,"[1,2,3,4,6,8]",300,"Club Level",10,"Mobile Transfer ticket",14,"[PREMIUM]","[PREMIUM]","[PREMIUM]","[PREMIUM]",true,false,"['Third Row of Section','Clear view']","2026-08-29 19:32:11"
"13856045130","2026-08-29 23:59:49.301","2026-09-11 23:44:29.964","13856045130","161663473","[PREMIUM]","[PREMIUM]","222","3","_",,,2,"[2]",300,"Club Level",10,"Mobile Transfer ticket",14,"[PREMIUM]","[PREMIUM]","[PREMIUM]","[PREMIUM]",true,false,"['Third Row of Section','Clear view']","2026-08-29 19:32:10"
"13856045060","2026-08-29 23:59:49.184","2026-08-29 23:59:49.184","13856045060","161663473","[PREMIUM]","[PREMIUM]","302","6","_",,,8,"[1,2,3,4,6,8]",954,"Upper Level",10,"Mobile Transfer ticket",14,"[PREMIUM]","[PREMIUM]","[PREMIUM]","[PREMIUM]",true,false,"['Clear view']","2026-08-29 19:32:10"
"13856045075","2026-08-29 23:59:49.049","2026-09-11 23:44:29.964","13856045075","161663473","[PREMIUM]","[PREMIUM]","229","3","_",,,8,"[1,2,3,4,6,8]",300,"Club Level",10,"Mobile Transfer ticket",14,"[PREMIUM]","[PREMIUM]","[PREMIUM]","[PREMIUM]",true,false,"['Third Row of Section','Clear view']","2026-08-29 19:32:10"
"13854429786","2026-08-29 23:59:48.746","2026-08-29 23:59:48.746","13854429786","161718481","[PREMIUM]","[PREMIUM]","101","FF","20_21","20",,2,"[2]",594,"Lower",10,"Mobile Transfer ticket",1,"[PREMIUM]","[PREMIUM]","[PREMIUM]","[PREMIUM]",true,false,"['Clear view']","2026-08-29 16:07:52"
"13856813870","2026-08-29 23:59:48.587","2026-09-11 23:44:30.910","13856813870","161659148","[PREMIUM]","[PREMIUM]","118","8","_",,,8,"[1,2,3,4,6,8]",1724,"Club",10,"Mobile Transfer ticket",14,"[PREMIUM]","[PREMIUM]","[PREMIUM]","[PREMIUM]",true,false,"['Clear view']","2026-08-29 21:11:21"
"13856814103","2026-08-29 23:59:48.432","2026-09-09 00:01:20.038","13856814103","161659148","[PREMIUM]","[PREMIUM]","13","22","_",,,7,"[1,2,3,5,7]",952,"Main Level",10,"Mobile Transfer ticket",14,"[PREMIUM]","[PREMIUM]","[PREMIUM]","[PREMIUM]",true,false,"['Clear view']","2026-08-29 21:11:22"
"13856813889","2026-08-29 23:59:48.432","2026-09-09 00:01:20.038","13856813889","161659148","[PREMIUM]","[PREMIUM]","8","29","_",,,8,"[1,2,3,4,6,8]",952,"Main Level",10,"Mobile Transfer ticket",14,"[PREMIUM]","[PREMIUM]","[PREMIUM]","[PREMIUM]",true,false,"['Clear view']","2026-08-29 21:11:21"
"13856813828","2026-08-29 23:59:48.432","2026-09-11 23:44:30.910","13856813828","161659148","[PREMIUM]","[PREMIUM]","7","28","_",,,8,"[1,2,3,4,6,8]",952,"Main Level",10,"Mobile Transfer ticket",14,"[PREMIUM]","[PREMIUM]","[PREMIUM]","[PREMIUM]",true,false,"['Clear view']","2026-08-29 21:11:21"
"13857465949","2026-08-29 23:59:48.159","2026-09-11 23:44:27.305","13857465949","161718481","[PREMIUM]","[PREMIUM]","110","Q","_",,,2,"[2]",594,"Lower",10,"Mobile Transfer ticket",1,"[PREMIUM]","[PREMIUM]","[PREMIUM]","[PREMIUM]",true,false,"['Clear view']","2026-08-29 22:22:23"
"13856813902","2026-08-29 23:59:47.765","2026-09-01 23:57:52.854","13856813902","161659148","[PREMIUM]","[PREMIUM]","7","29","_",,,2,"[2]",952,"Main Level",10,"Mobile Transfer ticket",14,"[PREMIUM]","[PREMIUM]","[PREMIUM]","[PREMIUM]",true,false,"['Clear view']","2026-08-29 21:11:21"
"13856814146","2026-08-29 23:59:47.765","2026-09-11 23:44:30.907","13856814146","161659148","[PREMIUM]","[PREMIUM]","13","25","_",,,8,"[1,2,3,4,6,8]",952,"Main Level",10,"Mobile Transfer ticket",14,"[PREMIUM]","[PREMIUM]","[PREMIUM]","[PREMIUM]",true,false,"['Clear view']","2026-08-29 21:11:22"
"13856814022","2026-08-29 23:59:47.765","2026-09-11 23:44:30.907","13856814022","161659148","[PREMIUM]","[PREMIUM]","2","15","_",,,6,"[1,2,4,6]",952,"Main Level",10,"Mobile Transfer ticket",14,"[PREMIUM]","[PREMIUM]","[PREMIUM]","[PREMIUM]",true,false,"['Clear view']","2026-08-29 21:11:22"
"13856814068","2026-08-29 23:59:47.678","2026-09-09 00:01:18.839","13856814068","161659148","[PREMIUM]","[PREMIUM]","13","29","_",,,2,"[2]",952,"Main Level",10,"Mobile Transfer ticket",14,"[PREMIUM]","[PREMIUM]","[PREMIUM]","[PREMIUM]",true,false,"['Clear view']","2026-08-29 21:11:22"
"13856813886","2026-08-29 23:59:47.678","2026-09-09 00:01:18.839","13856813886","161659148","[PREMIUM]","[PREMIUM]","120","8","_",,,8,"[1,2,3,4,6,8]",1724,"Club",10,"Mobile Transfer ticket",14,"[PREMIUM]","[PREMIUM]","[PREMIUM]","[PREMIUM]",true,false,"['Clear view']","2026-08-29 21:11:21"
"13856813827","2026-08-29 23:59:47.678","2026-09-11 23:44:30.468","13856813827","161659148","[PREMIUM]","[PREMIUM]","102","9","_",,,8,"[1,2,3,4,6,8]",1724,"Club",10,"Mobile Transfer ticket",14,"[PREMIUM]","[PREMIUM]","[PREMIUM]","[PREMIUM]",true,false,"['Clear view']","2026-08-29 21:11:21"
"13856813901","2026-08-29 23:59:47.495","2026-09-11 23:44:30.468","13856813901","161659148","[PREMIUM]","[PREMIUM]","119","8","_",,,2,"[2]",1724,"Club",10,"Mobile Transfer ticket",14,"[PREMIUM]","[PREMIUM]","[PREMIUM]","[PREMIUM]",true,false,"['Clear view']","2026-08-29 21:11:21"
"13856813891","2026-08-29 23:59:47.495","2026-09-11 23:44:30.537","13856813891","161659148","[PREMIUM]","[PREMIUM]","12","21","_",,,4,"[2,4]",952,"Main Level",10,"Mobile Transfer ticket",14,"[PREMIUM]","[PREMIUM]","[PREMIUM]","[PREMIUM]",true,false,"['Clear view']","2026-08-29 21:11:21"
"13856813825","2026-08-29 23:59:47.495","2026-09-11 23:44:30.537","13856813825","161659148","[PREMIUM]","[PREMIUM]","9","23","_",,,4,"[2,4]",952,"Main Level",10,"Mobile Transfer ticket",14,"[PREMIUM]","[PREMIUM]","[PREMIUM]","[PREMIUM]",true,false,"['Clear view']","2026-08-29 21:11:21"
"13856813953","2026-08-29 23:59:47.428","2026-08-29 23:59:47.428","13856813953","161659148","[PREMIUM]","[PREMIUM]","207","2","_",,,8,"[1,2,3,4,6,8]",306,"Balcony",10,"Mobile Transfer ticket",14,"[PREMIUM]","[PREMIUM]","[PREMIUM]","[PREMIUM]",true,false,"['Second Row of Section','Clear view']","2026-08-29 21:11:21"
"13856814035","2026-08-29 23:59:47.394","2026-09-09 00:01:18.736","13856814035","161659148","[PREMIUM]","[PREMIUM]","120","9","_",,,5,"[1,3,5]",1724,"Club",10,"Mobile Transfer ticket",14,"[PREMIUM]","[PREMIUM]","[PREMIUM]","[PREMIUM]",true,false,"['Clear view']","2026-08-29 21:11:22"
"13856813860","2026-08-29 23:59:47.394","2026-09-11 23:44:30.474","13856813860","161659148","[PREMIUM]","[PREMIUM]","120","10","_",,,2,"[2]",1724,"Club",10,"Mobile Transfer ticket",14,"[PREMIUM]","[PREMIUM]","[PREMIUM]","[PREMIUM]",true,false,"['Clear view']","2026-08-29 21:11:21"
"13856813823","2026-08-29 23:59:47.394","2026-09-11 23:44:30.459","13856813823","161659148","[PREMIUM]","[PREMIUM]","101","7","_",,,4,"[2,4]",1724,"Club",10,"Mobile Transfer ticket",14,"[PREMIUM]","[PREMIUM]","[PREMIUM]","[PREMIUM]",true,false,"['Clear view']","2026-08-29 21:11:21"
"13715254948","2026-08-29 23:59:47.101","2026-09-11 23:44:30.445","13715254948","161659148","[PREMIUM]","[PREMIUM]","209","5","_",,,8,"[1,2,3,4,6,8]",306,"Balcony",10,"Mobile Transfer ticket",14,"[PREMIUM]","[PREMIUM]","[PREMIUM]","[PREMIUM]",true,false,"['Clear view']","2026-08-18 15:59:56"
"13703965464","2026-08-29 23:59:47.051","2026-09-11 23:44:30.485","13703965464","161659148","[PREMIUM]","[PREMIUM]","207","3","_",,,8,"[1,2,3,4,6,8]",306,"Balcony",10,"Mobile Transfer ticket",14,"[PREMIUM]","[PREMIUM]","[PREMIUM]","[PREMIUM]",true,false,"['Third Row of Section','Clear view']","2026-08-17 15:45:09"
"13856814094","2026-08-29 23:59:46.953","2026-09-11 23:44:30.485","13856814094","161659148","[PREMIUM]","[PREMIUM]","210","4","_",,,4,"[2,4]",306,"Balcony",10,"Mobile Transfer ticket",14,"[PREMIUM]","[PREMIUM]","[PREMIUM]","[PREMIUM]",true,false,"['Clear view']","2026-08-29 21:11:22"
"13856813833","2026-08-29 23:59:46.953","2026-09-11 23:44:30.353","13856813833","161659148","[PREMIUM]","[PREMIUM]","220","2","_",,,2,"[2]",306,"Balcony",10,"Mobile Transfer ticket",14,"[PREMIUM]","[PREMIUM]","[PREMIUM]","[PREMIUM]",true,false,"['Second Row of Section','Clear view']","2026-08-29 21:11:21"
"13856814097","2026-08-29 23:59:46.913","2026-08-31 00:03:44.239","13856814097","161659148","[PREMIUM]","[PREMIUM]","225","8","_",,,4,"[2,4]",306,"Balcony",10,"Mobile Transfer ticket",14,"[PREMIUM]","[PREMIUM]","[PREMIUM]","[PREMIUM]",true,false,"['Clear view']","2026-08-29 21:11:22"
"13856814038","2026-08-29 23:59:46.816","2026-09-11 23:44:30.397","13856814038","161659148","[PREMIUM]","[PREMIUM]","207","6","_",,,4,"[2,4]",306,"Balcony",10,"Mobile Transfer ticket",14,"[PREMIUM]","[PREMIUM]","[PREMIUM]","[PREMIUM]",true,false,"['Clear view']","2026-08-29 21:11:22"
"13856813916","2026-08-29 23:59:46.717","2026-09-02 23:50:16.329","13856813916","161659148","[PREMIUM]","[PREMIUM]","208","17","_",,,8,"[1,2,3,4,6,8]",306,"Balcony",10,"Mobile Transfer ticket",14,"[PREMIUM]","[PREMIUM]","[PREMIUM]","[PREMIUM]",true,false,"['Clear view']","2026-08-29 21:11:21"
"13856814028","2026-08-29 23:59:46.717","2026-09-11 23:44:30.322","13856814028","161659148","[PREMIUM]","[PREMIUM]","214","2","_",,,2,"[2]",306,"Balcony",10,"Mobile Transfer ticket",14,"[PREMIUM]","[PREMIUM]","[PREMIUM]","[PREMIUM]",true,false,"['Second Row of Section','Clear view']","2026-08-29 21:11:22"
"13857186574","2026-08-29 23:59:46.658","2026-08-31 23:54:37.009","13857186574","161663481","[PREMIUM]","[PREMIUM]","204",,"_",,,4,"[1,2,4]",300,"Club Level",11,"Mobile ticket",14,"[PREMIUM]","[PREMIUM]","[PREMIUM]","[PREMIUM]",true,true,"['Clear view']","2026-08-29 21:48:00"
"13856045475","2026-08-29 23:59:46.658","2026-09-11 23:44:33.000","13856045475","161663481","[PREMIUM]","[PREMIUM]","229","3","_",,,8,"[1,2,3,4,6,8]",300,"Club Level",10,"Mobile Transfer ticket",14,"[PREMIUM]","[PREMIUM]","[PREMIUM]","[PREMIUM]",true,false,"['Third Row of Section','Clear view']","2026-08-29 19:32:12"
"13856045400","2026-08-29 23:59:46.658","2026-09-11 23:44:33.055","13856045400","161663481","[PREMIUM]","[PREMIUM]","223","3","_",,,8,"[1,2,3,4,6,8]",300,"Club Level",10,"Mobile Transfer ticket",14,"[PREMIUM]","[PREMIUM]","[PREMIUM]","[PREMIUM]",true,false,"['Third Row of Section','Clear view']","2026-08-29 19:32:12"
"13856045708","2026-08-29 23:59:46.365","2026-09-11 23:44:32.441","13856045708","161663481","[PREMIUM]","[PREMIUM]","304","3","_",,,8,"[1,2,3,4,6,8]",954,"Upper Level",10,"Mobile Transfer ticket",14,"[PREMIUM]","[PREMIUM]","[PREMIUM]","[PREMIUM]",true,false,"['Third Row of Section','Clear view']","2026-08-29 19:32:13"
"13856045559","2026-08-29 23:59:46.266","2026-09-11 23:44:32.459","13856045559","161663481","[PREMIUM]","[PREMIUM]","228","8","_",,,4,"[2,4]",300,"Club Level",10,"Mobile Transfer ticket",14,"[PREMIUM]","[PREMIUM]","[PREMIUM]","[PREMIUM]",true,false,"['Clear view']","2026-08-29 19:32:13"
"13856045455","2026-08-29 23:59:46.266","2026-09-11 23:44:32.459","13856045455","161663481","[PREMIUM]","[PREMIUM]","208","8","_",,,2,"[2]",300,"Club Level",10,"Mobile Transfer ticket",14,"[PREMIUM]","[PREMIUM]","[PREMIUM]","[PREMIUM]",true,false,"['Clear view']","2026-08-29 19:32:12"
"13856045448","2026-08-29 23:59:46.266","2026-09-11 23:44:32.508","13856045448","161663481","[PREMIUM]","[PREMIUM]","226","7","_",,,8,"[1,2,3,4,6,8]",300,"Club Level",10,"Mobile Transfer ticket",14,"[PREMIUM]","[PREMIUM]","[PREMIUM]","[PREMIUM]",true,false,"['Clear view']","2026-08-29 19:32:12"
"13856045681","2026-08-29 23:59:46.230","2026-09-11 23:44:32.441","13856045681","161663481","[PREMIUM]","[PREMIUM]","317","2","_",,,8,"[1,2,3,4,6,8]",954,"Upper Level",10,"Mobile Transfer ticket",14,"[PREMIUM]","[PREMIUM]","[PREMIUM]","[PREMIUM]",true,false,"['Second Row of Section','Clear view']","2026-08-29 19:32:13"
"13856045581","2026-08-29 23:59:46.230","2026-09-11 23:44:32.508","13856045581","161663481","[PREMIUM]","[PREMIUM]","228","7","_",,,8,"[1,2,3,4,6,8]",300,"Club Level",10,"Mobile Transfer ticket",14,"[PREMIUM]","[PREMIUM]","[PREMIUM]","[PREMIUM]",true,false,"['Clear view']","2026-08-29 19:32:13"
"13856045447","2026-08-29 23:59:46.206","2026-08-29 23:59:46.206","13856045447","161663481","[PREMIUM]","[PREMIUM]","302","4","_",,,8,"[1,2,3,4,6,8]",954,"Upper Level",10,"Mobile Transfer ticket",14,"[PREMIUM]","[PREMIUM]","[PREMIUM]","[PREMIUM]",true,false,"['Clear view']","2026-08-29 19:32:12"
"13856045504","2026-08-29 23:59:46.206","2026-09-11 23:44:32.432","13856045504","161663481","[PREMIUM]","[PREMIUM]","317","9","_",,,8,"[1,2,3,4,6,8]",954,"Upper Level",10,"Mobile Transfer ticket",14,"[PREMIUM]","[PREMIUM]","[PREMIUM]","[PREMIUM]",true,false,"['Clear view']","2026-08-29 19:32:12"
"13856045497","2026-08-29 23:59:46.206","2026-09-11 23:44:32.432","13856045497","161663481","[PREMIUM]","[PREMIUM]","334","8","_",,,8,"[1,2,3,4,6,8]",954,"Upper Level",10,"Mobile Transfer ticket",14,"[PREMIUM]","[PREMIUM]","[PREMIUM]","[PREMIUM]",true,false,"['Clear view']","2026-08-29 19:32:12"
"13856076777","2026-08-29 23:59:46.009","2026-08-29 23:59:46.009","13856076777","161663481","[PREMIUM]","[PREMIUM]","303","2","5_6","5",,2,"[2]",954,"Upper Level",10,"Mobile Transfer ticket",1,"[PREMIUM]","[PREMIUM]","[PREMIUM]","[PREMIUM]",true,false,"['Second Row of Section','Clear view']","2026-08-29 19:36:16"
"13856045754","2026-08-29 23:59:46.009","2026-09-11 23:44:32.426","13856045754","161663481","[PREMIUM]","[PREMIUM]","333","5","_",,,6,"[1,2,4,6]",954,"Upper Level",10,"Mobile Transfer ticket",14,"[PREMIUM]","[PREMIUM]","[PREMIUM]","[PREMIUM]",true,false,"['Clear view']","2026-08-29 19:32:13"
"13856045425","2026-08-29 23:59:45.911","2026-09-11 23:44:32.457","13856045425","161663481","[PREMIUM]","[PREMIUM]","305","5","_",,,5,"[1,3,5]",954,"Upper Level",10,"Mobile Transfer ticket",14,"[PREMIUM]","[PREMIUM]","[PREMIUM]","[PREMIUM]",true,false,"['Clear view']","2026-08-29 19:32:12"
"13856045378","2026-08-29 23:59:45.891","2026-09-08 00:07:54.328","13856045378","161663481","[PREMIUM]","[PREMIUM]","312","10","_",,,8,"[1,2,3,4,6,8]",954,"Upper Level",10,"Mobile Transfer ticket",14,"[PREMIUM]","[PREMIUM]","[PREMIUM]","[PREMIUM]",true,false,"['Clear view']","2026-08-29 19:32:12"
"13856045707","2026-08-29 23:59:45.891","2026-09-11 23:44:32.437","13856045707","161663481","[PREMIUM]","[PREMIUM]","330","11","_",,,2,"[2]",954,"Upper Level",10,"Mobile Transfer ticket",14,"[PREMIUM]","[PREMIUM]","[PREMIUM]","[PREMIUM]",true,false,"['Clear view']","2026-08-29 19:32:13"
"13856045573","2026-08-29 23:59:45.891","2026-09-11 23:44:32.443","13856045573","161663481","[PREMIUM]","[PREMIUM]","308","6","_",,,4,"[2,4]",954,"Upper Level",10,"Mobile Transfer ticket",14,"[PREMIUM]","[PREMIUM]","[PREMIUM]","[PREMIUM]",true,false,"['Clear view']","2026-08-29 19:32:13"
"13856045491","2026-08-29 23:59:45.891","2026-09-11 23:44:32.437","13856045491","161663481","[PREMIUM]","[PREMIUM]","311","10","_",,,4,"[2,4]",954,"Upper Level",10,"Mobile Transfer ticket",14,"[PREMIUM]","[PREMIUM]","[PREMIUM]","[PREMIUM]",true,false,"['Clear view']","2026-08-29 19:32:12"
"13856045393","2026-08-29 23:59:45.891","2026-09-11 23:44:32.443","13856045393","161663481","[PREMIUM]","[PREMIUM]","323","9","_",,,8,"[1,2,3,4,6,8]",954,"Upper Level",10,"Mobile Transfer ticket",14,"[PREMIUM]","[PREMIUM]","[PREMIUM]","[PREMIUM]",true,false,"['Clear view']","2026-08-29 19:32:12"
"13856045636","2026-08-29 23:59:45.864","2026-08-31 00:03:45.658","13856045636","161663481","[PREMIUM]","[PREMIUM]","325","9","_",,,4,"[2,4]",954,"Upper Level",10,"Mobile Transfer ticket",14,"[PREMIUM]","[PREMIUM]","[PREMIUM]","[PREMIUM]",true,false,"['Clear view']","2026-08-29 19:32:13"
"13856045396","2026-08-29 23:59:45.864","2026-08-31 23:54:35.684","13856045396","161663481","[PREMIUM]","[PREMIUM]","306","10","_",,,8,"[1,2,3,4,6,8]",954,"Upper Level",10,"Mobile Transfer ticket",14,"[PREMIUM]","[PREMIUM]","[PREMIUM]","[PREMIUM]",true,false,"['Clear view']","2026-08-29 19:32:12"
"13856045703","2026-08-29 23:59:45.864","2026-08-31 23:54:35.637","13856045703","161663481","[PREMIUM]","[PREMIUM]","307","11","_",,,4,"[2,4]",954,"Upper Level",10,"Mobile Transfer ticket",14,"[PREMIUM]","[PREMIUM]","[PREMIUM]","[PREMIUM]",true,false,"['Clear view']","2026-08-29 19:32:13"
"13856045593","2026-08-29 23:59:45.864","2026-09-11 23:44:32.437","13856045593","161663481","[PREMIUM]","[PREMIUM]","322","11","_",,,5,"[1,3,5]",954,"Upper Level",10,"Mobile Transfer ticket",14,"[PREMIUM]","[PREMIUM]","[PREMIUM]","[PREMIUM]",true,false,"['Clear view']","2026-08-29 19:32:13"
"13856045382","2026-08-29 23:59:45.864","2026-09-11 23:44:32.437","13856045382","161663481","[PREMIUM]","[PREMIUM]","327","9","_",,,2,"[2]",954,"Upper Level",10,"Mobile Transfer ticket",14,"[PREMIUM]","[PREMIUM]","[PREMIUM]","[PREMIUM]",true,false,"['Clear view']","2026-08-29 19:32:12"
"13856045735","2026-08-29 23:59:45.669","2026-09-11 23:44:32.492","13856045735","161663481","[PREMIUM]","[PREMIUM]","307","9","_",,,8,"[1,2,3,4,6,8]",954,"Upper Level",10,"Mobile Transfer ticket",14,"[PREMIUM]","[PREMIUM]","[PREMIUM]","[PREMIUM]",true,false,"['Clear view']","2026-08-29 19:32:13"
"13856045638","2026-08-29 23:59:45.669","2026-09-11 23:44:32.492","13856045638","161663481","[PREMIUM]","[PREMIUM]","326","5","_",,,8,"[1,2,3,4,6,8]",954,"Upper Level",10,"Mobile Transfer ticket",14,"[PREMIUM]","[PREMIUM]","[PREMIUM]","[PREMIUM]",true,false,"['Clear view']","2026-08-29 19:32:13"
"13856045591","2026-08-29 23:59:45.669","2026-09-11 23:44:32.443","13856045591","161663481","[PREMIUM]","[PREMIUM]","322","10","_",,,8,"[1,2,3,4,6,8]",954,"Upper Level",10,"Mobile Transfer ticket",14,"[PREMIUM]","[PREMIUM]","[PREMIUM]","[PREMIUM]",true,false,"['Clear view']","2026-08-29 19:32:13"
"13856045545","2026-08-29 23:59:45.669","2026-09-11 23:44:32.492","13856045545","161663481","[PREMIUM]","[PREMIUM]","309","7","_",,,8,"[1,2,3,4,6,8]",954,"Upper Level",10,"Mobile Transfer ticket",14,"[PREMIUM]","[PREMIUM]","[PREMIUM]","[PREMIUM]",true,false,"['Clear view']","2026-08-29 19:32:13"
"13856045479","2026-08-29 23:59:45.669","2026-09-11 23:44:32.492","13856045479","161663481","[PREMIUM]","[PREMIUM]","313","11","_",,,8,"[1,2,3,4,6,8]",954,"Upper Level",10,"Mobile Transfer ticket",14,"[PREMIUM]","[PREMIUM]","[PREMIUM]","[PREMIUM]",true,false,"['Clear view']","2026-08-29 19:32:12"
"13856045612","2026-08-29 23:59:45.548","2026-09-11 23:44:32.481","13856045612","161663481","[PREMIUM]","[PREMIUM]","314","4","_",,,4,"[2,4]",954,"Upper Level",10,"Mobile Transfer ticket",14,"[PREMIUM]","[PREMIUM]","[PREMIUM]","[PREMIUM]",true,false,"['Clear view']","2026-08-29 19:32:13"
"13856045541","2026-08-29 23:59:45.548","2026-09-11 23:44:32.481","13856045541","161663481","[PREMIUM]","[PREMIUM]","304","5","_",,,7,"[1,2,3,5,7]",954,"Upper Level",10,"Mobile Transfer ticket",14,"[PREMIUM]","[PREMIUM]","[PREMIUM]","[PREMIUM]",true,false,"['Clear view']","2026-08-29 19:32:13"
"13856045271","2026-08-29 23:59:45.503","2026-09-11 23:44:29.444","13856045271","161663473","[PREMIUM]","[PREMIUM]","329","10","_",,,8,"[1,2,3,4,6,8]",954,"Upper Level",10,"Mobile Transfer ticket",14,"[PREMIUM]","[PREMIUM]","[PREMIUM]","[PREMIUM]",true,false,"['Clear view']","2026-08-29 19:32:11"
"13856045287","2026-08-29 23:59:45.374","2026-09-11 23:44:29.462","13856045287","161663473","[PREMIUM]","[PREMIUM]","329","3","_",,,2,"[2]",954,"Upper Level",10,"Mobile Transfer ticket",14,"[PREMIUM]","[PREMIUM]","[PREMIUM]","[PREMIUM]",true,false,"['Third Row of Section','Clear view']","2026-08-29 19:32:11"
"13856045129","2026-08-29 23:59:45.256","2026-09-11 23:44:29.439","13856045129","161663473","[PREMIUM]","[PREMIUM]","322","10","_",,,8,"[1,2,3,4,6,8]",954,"Upper Level",10,"Mobile Transfer ticket",14,"[PREMIUM]","[PREMIUM]","[PREMIUM]","[PREMIUM]",true,false,"['Clear view']","2026-08-29 19:32:10"
"13856045051","2026-08-29 23:59:45.256","2026-09-11 23:44:29.376","13856045051","161663473","[PREMIUM]","[PREMIUM]","323","9","_",,,6,"[1,2,4,6]",954,"Upper Level",10,"Mobile Transfer ticket",14,"[PREMIUM]","[PREMIUM]","[PREMIUM]","[PREMIUM]",true,false,"['Clear view']","2026-08-29 19:32:10"
"13856044957","2026-08-29 23:59:45.175","2026-08-31 00:03:41.056","13856044957","161663473","[PREMIUM]","[PREMIUM]","306","11","_",,,8,"[1,2,3,4,6,8]",954,"Upper Level",10,"Mobile Transfer ticket",14,"[PREMIUM]","[PREMIUM]","[PREMIUM]","[PREMIUM]",true,false,"['Clear view']","2026-08-29 19:32:10"
"13856045216","2026-08-29 23:59:45.175","2026-09-11 23:44:29.444","13856045216","161663473","[PREMIUM]","[PREMIUM]","325","7","_",,,6,"[1,2,4,6]",954,"Upper Level",10,"Mobile Transfer ticket",14,"[PREMIUM]","[PREMIUM]","[PREMIUM]","[PREMIUM]",true,false,"['Clear view']","2026-08-29 19:32:11"
"13856045033","2026-08-29 23:59:45.175","2026-09-11 23:44:29.376","13856045033","161663473","[PREMIUM]","[PREMIUM]","330","11","_",,,5,"[1,3,5]",954,"Upper Level",10,"Mobile Transfer ticket",14,"[PREMIUM]","[PREMIUM]","[PREMIUM]","[PREMIUM]",true,false,"['Clear view']","2026-08-29 19:32:10"
"13856044960","2026-08-29 23:59:45.175","2026-09-11 23:44:29.444","13856044960","161663473","[PREMIUM]","[PREMIUM]","322","11","_",,,5,"[1,3,5]",954,"Upper Level",10,"Mobile Transfer ticket",14,"[PREMIUM]","[PREMIUM]","[PREMIUM]","[PREMIUM]",true,false,"['Clear view']","2026-08-29 19:32:10"
"13856044892","2026-08-29 23:59:45.175","2026-09-11 23:44:29.444","13856044892","161663473","[PREMIUM]","[PREMIUM]","308","6","_",,,4,"[2,4]",954,"Upper Level",10,"Mobile Transfer ticket",14,"[PREMIUM]","[PREMIUM]","[PREMIUM]","[PREMIUM]",true,false,"['Clear view']","2026-08-29 19:32:09"
"13856044865","2026-08-29 23:59:45.175","2026-09-11 23:44:29.444","13856044865","161663473","[PREMIUM]","[PREMIUM]","311","10","_",,,4,"[2,4]",954,"Upper Level",10,"Mobile Transfer ticket",14,"[PREMIUM]","[PREMIUM]","[PREMIUM]","[PREMIUM]",true,false,"['Clear view']","2026-08-29 19:32:09"
"13856045281","2026-08-29 23:59:44.990","2026-08-29 23:59:44.990","13856045281","161663473","[PREMIUM]","[PREMIUM]","333","5","_",,,6,"[1,2,4,6]",954,"Upper Level",10,"Mobile Transfer ticket",14,"[PREMIUM]","[PREMIUM]","[PREMIUM]","[PREMIUM]",true,false,"['Clear view']","2026-08-29 19:32:11"
"13856045058","2026-08-29 23:59:44.990","2026-09-09 00:01:10.063","13856045058","161663473","[PREMIUM]","[PREMIUM]","314","2","_",,,8,"[1,2,3,4,6,8]",954,"Upper Level",10,"Mobile Transfer ticket",14,"[PREMIUM]","[PREMIUM]","[PREMIUM]","[PREMIUM]",true,false,"['Second Row of Section','Clear view']","2026-08-29 19:32:10"
"13856045080","2026-08-29 23:59:44.987","2026-09-11 00:05:49.522","13856045080","161663473","[PREMIUM]","[PREMIUM]","228","7","_",,,8,"[1,2,3,4,6,8]",300,"Club Level",10,"Mobile Transfer ticket",14,"[PREMIUM]","[PREMIUM]","[PREMIUM]","[PREMIUM]",true,false,"['Clear view']","2026-08-29 19:32:10"
"13856044840","2026-08-29 23:59:44.987","2026-09-11 00:05:49.522","13856044840","161663473","[PREMIUM]","[PREMIUM]","226","7","_",,,8,"[1,2,3,4,6,8]",300,"Club Level",10,"Mobile Transfer ticket",14,"[PREMIUM]","[PREMIUM]","[PREMIUM]","[PREMIUM]",true,false,"['Clear view']","2026-08-29 19:32:09"
"13837237867","2026-08-29 23:59:44.875","2026-09-11 23:44:30.034","13837237867","161663473","[PREMIUM]","[PREMIUM]","324","1","5_16","5","16",12,"[1,2,3,4,5,6,7,8,9,10,12]",954,"Upper Level",10,"Mobile Transfer ticket",1,"[PREMIUM]","[PREMIUM]","[PREMIUM]","[PREMIUM]",true,false,"['Front Row of Section','Clear view']","2026-08-28 01:32:21"
"13837237864","2026-08-29 23:59:44.875","2026-09-11 23:44:30.034","13837237864","161663473","[PREMIUM]","[PREMIUM]","311","1","3_10","3","10",8,"[1,2,3,4,5,6,8]",954,"Upper Level",10,"Mobile Transfer ticket",1,"[PREMIUM]","[PREMIUM]","[PREMIUM]","[PREMIUM]",true,false,"['Front Row of Section','Clear view']","2026-08-28 01:32:21"
"13837189937","2026-08-29 23:59:44.875","2026-09-11 00:05:49.439","13837189937","161663473","[PREMIUM]","[PREMIUM]","320","3","7_10","7","10",4,"[2,4]",954,"Upper Level",10,"Mobile Transfer ticket",1,"[PREMIUM]","[PREMIUM]","[PREMIUM]","[PREMIUM]",true,false,"['Third Row of Section','Clear view']","2026-08-28 01:27:15"
"13856044971","2026-08-29 23:59:44.875","2026-09-10 00:02:17.680","13856044971","161663473","[PREMIUM]","[PREMIUM]","317","9","_",,,8,"[1,2,3,4,6,8]",954,"Upper Level",10,"Mobile Transfer ticket",14,"[PREMIUM]","[PREMIUM]","[PREMIUM]","[PREMIUM]",true,false,"['Clear view']","2026-08-29 19:32:10"
"13856044967","2026-08-29 23:59:44.698","2026-09-09 00:01:10.414","13856044967","161663473","[PREMIUM]","[PREMIUM]","314","4","_",,,4,"[2,4]",954,"Upper Level",10,"Mobile Transfer ticket",14,"[PREMIUM]","[PREMIUM]","[PREMIUM]","[PREMIUM]",true,false,"['Clear view']","2026-08-29 19:32:10"
"13856045066","2026-08-29 23:59:44.698","2026-09-11 23:44:29.472","13856045066","161663473","[PREMIUM]","[PREMIUM]","304","5","_",,,7,"[1,2,3,5,7]",954,"Upper Level",10,"Mobile Transfer ticket",14,"[PREMIUM]","[PREMIUM]","[PREMIUM]","[PREMIUM]",true,false,"['Clear view']","2026-08-29 19:32:10"
"13856045185","2026-08-29 23:59:44.693","2026-09-11 00:05:49.373","13856045185","161663473","[PREMIUM]","[PREMIUM]","227","8","_",,,4,"[2,4]",300,"Club Level",10,"Mobile Transfer ticket",14,"[PREMIUM]","[PREMIUM]","[PREMIUM]","[PREMIUM]",true,false,"['Clear view']","2026-08-29 19:32:11"
"13856044959","2026-08-29 23:59:44.693","2026-09-11 00:05:49.373","13856044959","161663473","[PREMIUM]","[PREMIUM]","208","8","_",,,2,"[2]",300,"Club Level",10,"Mobile Transfer ticket",14,"[PREMIUM]","[PREMIUM]","[PREMIUM]","[PREMIUM]",true,false,"['Clear view']","2026-08-29 19:32:10"
"13856045134","2026-08-29 23:59:44.693","2026-09-11 23:44:30.034","13856045134","161663473","[PREMIUM]","[PREMIUM]","228","8","_",,,4,"[2,4]",300,"Club Level",10,"Mobile Transfer ticket",14,"[PREMIUM]","[PREMIUM]","[PREMIUM]","[PREMIUM]",true,false,"['Clear view']","2026-08-29 19:32:10"
"13856044915","2026-08-29 23:59:44.675","2026-08-31 23:54:28.569","13856044915","161663473","[PREMIUM]","[PREMIUM]","312","10","_",,,4,"[2,4]",954,"Upper Level",10,"Mobile Transfer ticket",14,"[PREMIUM]","[PREMIUM]","[PREMIUM]","[PREMIUM]",true,false,"['Clear view']","2026-08-29 19:32:09"
"13856045350","2026-08-29 23:59:44.675","2026-09-06 23:59:34.552","13856045350","161663473","[PREMIUM]","[PREMIUM]","324","11","_",,,2,"[2]",954,"Upper Level",10,"Mobile Transfer ticket",14,"[PREMIUM]","[PREMIUM]","[PREMIUM]","[PREMIUM]",true,false,"['Clear view']","2026-08-29 19:32:11"
"13856044767","2026-08-29 23:59:44.675","2026-09-11 00:05:49.176","13856044767","161663473","[PREMIUM]","[PREMIUM]","307","11","_",,,4,"[2,4]",954,"Upper Level",10,"Mobile Transfer ticket",14,"[PREMIUM]","[PREMIUM]","[PREMIUM]","[PREMIUM]",true,false,"['Clear view']","2026-08-29 19:32:09"
"13856045371","2026-08-29 23:59:44.675","2026-09-11 23:44:29.376","13856045371","161663473","[PREMIUM]","[PREMIUM]","327","9","_",,,2,"[2]",954,"Upper Level",10,"Mobile Transfer ticket",14,"[PREMIUM]","[PREMIUM]","[PREMIUM]","[PREMIUM]",true,false,"['Clear view']","2026-08-29 19:32:12"
"13856045348","2026-08-29 23:59:44.675","2026-09-11 23:44:29.376","13856045348","161663473","[PREMIUM]","[PREMIUM]","328","10","_",,,4,"[2,4]",954,"Upper Level",10,"Mobile Transfer ticket",14,"[PREMIUM]","[PREMIUM]","[PREMIUM]","[PREMIUM]",true,false,"['Clear view']","2026-08-29 19:32:11"
"13856813947","2026-08-29 23:59:42.811","2026-09-11 23:44:30.305","13856813947","161659148","[PREMIUM]","[PREMIUM]","204","10","_",,,8,"[1,2,3,4,6,8]",306,"Balcony",10,"Mobile Transfer ticket",14,"[PREMIUM]","[PREMIUM]","[PREMIUM]","[PREMIUM]",true,false,"['Clear view']","2026-08-29 21:11:21"
"13856814130","2026-08-29 23:59:42.739","2026-09-11 23:44:30.334","13856814130","161659148","[PREMIUM]","[PREMIUM]","224","15","_",,,8,"[1,2,3,4,6,8]",306,"Balcony",10,"Mobile Transfer ticket",14,"[PREMIUM]","[PREMIUM]","[PREMIUM]","[PREMIUM]",true,false,"['Clear view']","2026-08-29 21:11:22"
"13855125768","2026-08-29 23:59:42.157","2026-09-11 23:44:28.349","13855125768","161723128","[PREMIUM]","[PREMIUM]","102","DD","_",,,2,"[2]",594,"Lower",10,"Mobile Transfer ticket",1,"[PREMIUM]","[PREMIUM]","[PREMIUM]","[PREMIUM]",true,false,"['Actual 2nd row of section','Includes parking','Behind visitor bench','Courtside Seating','Early Access','In-Seat Wait Service','Clear view']","2026-08-29 17:30:52"
"13787914870","2026-08-29 23:59:42.094","2026-09-11 23:44:28.342","13787914870","161723128","[PREMIUM]","[PREMIUM]","112","B","_",,,4,"[2,4]",594,"Lower",10,"Mobile Transfer ticket",1,"[PREMIUM]","[PREMIUM]","[PREMIUM]","[PREMIUM]",true,false,"['Parking Pass','Actual 2nd row of section','Center court','Clear view']","2026-08-24 04:51:56"
"13856044928","2026-08-29 23:59:41.634","2026-09-06 00:01:30.149","13856044928","161663473","[PREMIUM]","[PREMIUM]","306","12","_",,,4,"[2,4]",954,"Upper Level",10,"Mobile Transfer ticket",14,"[PREMIUM]","[PREMIUM]","[PREMIUM]","[PREMIUM]",true,false,"['Clear view']","2026-08-29 19:32:10"
"13856334768","2026-08-29 23:59:41.532","2026-09-11 23:44:28.267","13856334768","161723128","[PREMIUM]","[PREMIUM]","217","E","_",,,2,"[2]",471,"Middle",10,"Mobile Transfer ticket",1,"[PREMIUM]","[PREMIUM]","[PREMIUM]","[PREMIUM]",true,false,"['Front Row of Section','Clear view']","2026-08-29 20:07:26"
"13810606715","2026-08-29 23:59:39.565","2026-08-29 23:59:39.565","13810606715","161692839","[PREMIUM]","[PREMIUM]","105","9","_",,,4,"[1,2,3,4]",594,"Lower",10,"Mobile Transfer ticket",1,"[PREMIUM]","[PREMIUM]","[PREMIUM]","[PREMIUM]",true,false,"['Clear view']","2026-08-25 21:56:10"
"13848873709","2026-08-29 23:59:38.946","2026-09-11 23:44:26.240","13848873709","161723128","[PREMIUM]","[PREMIUM]","330","A","9001_9002","9001",,2,"[2]",407,"Upper",10,"Mobile Transfer ticket",1,"[PREMIUM]","[PREMIUM]","[PREMIUM]","[PREMIUM]",true,false,"['Front Row of Section','Clear view']","2026-08-29 01:04:28"
"13836775337","2026-08-29 23:59:38.744","2026-09-11 23:44:19.857","13836775337","161667303","[PREMIUM]","[PREMIUM]","203","1","_",,,2,"[2]",407,"Upper",10,"Mobile Transfer ticket",1,"[PREMIUM]","[PREMIUM]","[PREMIUM]","[PREMIUM]",true,false,"['Front Row of Section','Clear view']","2026-08-28 00:48:30"
"13855783729","2026-08-29 23:59:38.744","2026-08-29 23:59:38.744","13855783729","161667303","[PREMIUM]","[PREMIUM]","M123","6","17_18","17",,2,"[2]",507,"Mezzanine",10,"Mobile Transfer ticket",1,"[PREMIUM]","[PREMIUM]","[PREMIUM]","[PREMIUM]",true,false,"['Clear view']","2026-08-29 18:59:35"
"13854674027","2026-08-29 23:59:38.658","2026-08-29 23:59:38.658","13854674027","161723128","[PREMIUM]","[PREMIUM]","315","A","3_4","3",,2,"[2]",407,"Upper",10,"Mobile Transfer ticket",1,"[PREMIUM]","[PREMIUM]","[PREMIUM]","[PREMIUM]",true,false,"['Front Row of Section','Clear view']","2026-08-29 16:38:48"
"13847593384","2026-08-29 23:59:37.796","2026-09-11 23:44:32.749","13847593384","161672728","[PREMIUM]","[PREMIUM]","101","G","_",,,3,"[1,3]",594,"Lower",10,"Mobile Transfer ticket",14,"[PREMIUM]","[PREMIUM]","[PREMIUM]","[PREMIUM]",true,false,"['Clear view']","2026-08-28 22:31:49"
"13847598931","2026-08-29 23:59:37.778","2026-09-11 23:44:32.749","13847598931","161672728","[PREMIUM]","[PREMIUM]","109","K","_",,,8,"[1,2,3,4,6,8]",594,"Lower",10,"Mobile Transfer ticket",14,"[PREMIUM]","[PREMIUM]","[PREMIUM]","[PREMIUM]",true,false,"['Clear view']","2026-08-28 22:32:37"
"13847597227","2026-08-29 23:59:37.778","2026-09-11 23:44:32.749","13847597227","161672728","[PREMIUM]","[PREMIUM]","102","H","_",,,2,"[2]",594,"Lower",10,"Mobile Transfer ticket",14,"[PREMIUM]","[PREMIUM]","[PREMIUM]","[PREMIUM]",true,false,"['Clear view']","2026-08-28 22:32:20"
"13847596198","2026-08-29 23:59:37.618","2026-09-11 00:01:29.995","13847596198","161672728","[PREMIUM]","[PREMIUM]","118","Q","_",,,6,"[1,2,4,6]",594,"Lower",10,"Mobile Transfer ticket",14,"[PREMIUM]","[PREMIUM]","[PREMIUM]","[PREMIUM]",true,false,"['Clear view']","2026-08-28 22:32:03"
"13852716579","2026-08-29 23:59:37.480","2026-09-11 23:44:24.879","13852716579","161672728","[PREMIUM]","[PREMIUM]","116","R","26_28","26","28",3,"[1,3]",594,"Lower",10,"Mobile Transfer ticket",1,"[PREMIUM]","[PREMIUM]","[PREMIUM]","[PREMIUM]",true,false,"['Clear view']","2026-08-29 11:06:44"
"13785102655","2026-08-29 23:59:37.063","2026-09-11 23:44:22.684","13785102655","161667303","[PREMIUM]","[PREMIUM]","121",,"90_91","90",,2,"[1,2]",594,"Lower",10,"Mobile Transfer ticket",1,"[PREMIUM]","[PREMIUM]","[PREMIUM]","[PREMIUM]",true,true,"['Clear view']","2026-08-23 21:09:21"
"13847309921","2026-08-29 23:59:37.063","2026-09-05 00:00:32.906","13847309921","161667303","[PREMIUM]","[PREMIUM]","121","14","_",,,4,"[2,4]",594,"Lower",10,"Mobile Transfer ticket",14,"[PREMIUM]","[PREMIUM]","[PREMIUM]","[PREMIUM]",true,false,"['Clear view']","2026-08-28 22:05:22"
"13824569942","2026-08-29 23:59:36.951","2026-08-29 23:59:36.951","13824569942","161667303","[PREMIUM]","[PREMIUM]","109","2","_",,,4,"[1,2,4]",594,"Lower",10,"Mobile Transfer ticket",1,"[PREMIUM]","[PREMIUM]","[PREMIUM]","[PREMIUM]",true,false,"['Second Row of Section','Clear view']","2026-08-27 01:19:47"
"13851502971","2026-08-29 23:59:36.902","2026-08-29 23:59:36.902","13851502971","161667303","[PREMIUM]","[PREMIUM]","A4","4","_",,,2,"[2]",1201,"Arena",10,"Mobile Transfer ticket",1,"[PREMIUM]","[PREMIUM]","[PREMIUM]","[PREMIUM]",true,false,"['Clear view']","2026-08-29 07:36:17"
"13851914455","2026-08-29 23:59:36.902","2026-08-29 23:59:36.902","13851914455","161667303","[PREMIUM]","[PREMIUM]","A3","5","_",,,4,"[1,2,4]",1201,"Arena",10,"Mobile Transfer ticket",1,"[PREMIUM]","[PREMIUM]","[PREMIUM]","[PREMIUM]",true,false,"['Clear view']","2026-08-29 08:47:12"
"13856182300","2026-08-29 23:59:36.902","2026-08-29 23:59:36.902","13856182300","161667303","[PREMIUM]","[PREMIUM]","Floor 1","2","_",,,4,"[1,2,4]",682,"Floor",10,"Mobile Transfer ticket",1,"[PREMIUM]","[PREMIUM]","[PREMIUM]","[PREMIUM]",true,false,"['Court Club','Clear view']","2026-08-29 19:47:41"
"13836773962","2026-08-29 23:59:36.612","2026-09-11 23:44:20.855","13836773962","161667303","[PREMIUM]","[PREMIUM]","M117","4","_",,,1,"[1]",507,"Mezzanine",10,"Mobile Transfer ticket",1,"[PREMIUM]","[PREMIUM]","[PREMIUM]","[PREMIUM]",false,false,"['Clear view']","2026-08-28 00:48:26"
"13854921583","2026-08-29 23:59:36.550","2026-08-29 23:59:36.550","13854921583","161667303","[PREMIUM]","[PREMIUM]","C121","6","_",,,2,"[2]",1724,"Club",10,"Mobile Transfer ticket",1,"[PREMIUM]","[PREMIUM]","[PREMIUM]","[PREMIUM]",true,false,"['Clear view']","2026-08-29 17:06:52"
"13856182282","2026-08-29 23:59:36.550","2026-08-29 23:59:36.550","13856182282","161667303","[PREMIUM]","[PREMIUM]","C120","4","_",,,4,"[1,2,4]",1724,"Club",10,"Mobile Transfer ticket",1,"[PREMIUM]","[PREMIUM]","[PREMIUM]","[PREMIUM]",true,false,"['Clear view']","2026-08-29 19:47:41"
"13675631336","2026-08-29 23:59:36.042","2026-08-29 23:59:36.042","13675631336","161692839","[PREMIUM]","[PREMIUM]","101","8","_",,,2,"[2]",594,"Lower",10,"Mobile Transfer ticket",1,"[PREMIUM]","[PREMIUM]","[PREMIUM]","[PREMIUM]",true,false,"['Clear view']","2026-08-14 17:36:01"
"13675631321","2026-08-29 23:59:35.997","2026-08-29 23:59:35.997","13675631321","161692839","[PREMIUM]","[PREMIUM]","112","6","_",,,4,"[1,2,3,4]",594,"Lower",10,"Mobile Transfer ticket",1,"[PREMIUM]","[PREMIUM]","[PREMIUM]","[PREMIUM]",true,false,"['Second Row of Section','Clear view']","2026-08-14 17:36:01"
"13855681381","2026-08-29 23:59:35.962","2026-08-29 23:59:35.962","13855681381","161723128","[PREMIUM]","[PREMIUM]","307","A","3_4","3",,2,"[2]",407,"Upper",10,"Mobile Transfer ticket",1,"[PREMIUM]","[PREMIUM]","[PREMIUM]","[PREMIUM]",true,false,"['Front Row of Section','Clear view']","2026-08-29 18:48:44"
"13858245119","2026-08-29 23:59:35.888","2026-08-29 23:59:35.888","13858245119","161723128","[PREMIUM]","[PREMIUM]","327","B","11_12","11",,2,"[2]",407,"Upper",10,"Mobile Transfer ticket",1,"[PREMIUM]","[PREMIUM]","[PREMIUM]","[PREMIUM]",true,false,"['Second Row of Section','Clear view']","2026-08-29 23:54:45"
"13845937742","2026-08-29 23:59:34.690","2026-08-29 23:59:34.690","13845937742","161667303","[PREMIUM]","[PREMIUM]","118","6","_",,,2,"[2]",594,"Lower",10,"Mobile Transfer ticket",1,"[PREMIUM]","[PREMIUM]","[PREMIUM]","[PREMIUM]",true,false,"['Clear view']","2026-08-28 19:27:07"
"13845964121","2026-08-29 23:59:34.690","2026-08-31 23:54:20.702","13845964121","161667303","[PREMIUM]","[PREMIUM]","C120","8","_",,,2,"[2]",1724,"Club",10,"Mobile Transfer ticket",1,"[PREMIUM]","[PREMIUM]","[PREMIUM]","[PREMIUM]",true,false,"['Clear view']","2026-08-28 19:29:47"
"13851319354","2026-08-29 23:59:34.690","2026-08-29 23:59:34.690","13851319354","161667303","[PREMIUM]","[PREMIUM]","118","4","_",,,2,"[2]",594,"Lower",10,"Mobile Transfer ticket",1,"[PREMIUM]","[PREMIUM]","[PREMIUM]","[PREMIUM]",true,false,"['Clear view']","2026-08-29 07:05:43"
"13852006080","2026-08-29 23:59:34.690","2026-08-29 23:59:34.690","13852006080","161667303","[PREMIUM]","[PREMIUM]","C107","8","3_6","3",,4,"[1,2,4]",1724,"Club",10,"Mobile Transfer ticket",1,"[PREMIUM]","[PREMIUM]","[PREMIUM]","[PREMIUM]",true,false,"['Clear view']","2026-08-29 08:59:07"
"13858042716","2026-08-29 23:59:34.690","2026-08-29 23:59:34.690","13858042716","161667303","[PREMIUM]","[PREMIUM]","118","3","_",,,2,"[2]",594,"Lower",10,"Mobile Transfer ticket",1,"[PREMIUM]","[PREMIUM]","[PREMIUM]","[PREMIUM]",true,false,"['Third Row of Section','Clear view']","2026-08-29 23:26:08"
"13824570151","2026-08-29 23:59:34.639","2026-08-29 23:59:34.639","13824570151","161667303","[PREMIUM]","[PREMIUM]","C122","6","_",,,2,"[2]",1724,"Club",10,"Mobile Transfer ticket",1,"[PREMIUM]","[PREMIUM]","[PREMIUM]","[PREMIUM]",true,false,"['Clear view']","2026-08-27 01:19:47"
"13848976399","2026-08-29 23:59:34.639","2026-09-05 00:00:31.305","13848976399","161667303","[PREMIUM]","[PREMIUM]","103","8","_",,,2,"[2]",594,"Lower",10,"Mobile Transfer ticket",1,"[PREMIUM]","[PREMIUM]","[PREMIUM]","[PREMIUM]",true,false,"['Clear view']","2026-08-29 01:18:04"
"13848976392","2026-08-29 23:59:34.639","2026-09-05 00:00:31.305","13848976392","161667303","[PREMIUM]","[PREMIUM]","M117","2","_",,,2,"[2]",507,"Mezzanine",10,"Mobile Transfer ticket",1,"[PREMIUM]","[PREMIUM]","[PREMIUM]","[PREMIUM]",true,false,"['Second Row of Section','Clear view']","2026-08-29 01:18:04"
"13857613295","2026-08-29 23:59:34.639","2026-08-29 23:59:34.639","13857613295","161667303","[PREMIUM]","[PREMIUM]","112","4","_",,,3,"[3]",594,"Lower",10,"Mobile Transfer ticket",1,"[PREMIUM]","[PREMIUM]","[PREMIUM]","[PREMIUM]",true,false,"['Clear view']","2026-08-29 22:39:45"
"13852006280","2026-08-29 23:59:33.727","2026-08-31 23:54:12.104","13852006280","161667303","[PREMIUM]","[PREMIUM]","209","9","13_16","13",,4,"[1,2,4]",407,"Upper",10,"Mobile Transfer ticket",1,"[PREMIUM]","[PREMIUM]","[PREMIUM]","[PREMIUM]",true,false,"['Clear view']","2026-08-29 08:59:08"
"13858270544","2026-08-29 23:59:33.445","2026-09-01 23:58:18.822","13858270544","161667303","[PREMIUM]","[PREMIUM]","105","8","3_4","3",,2,"[2]",594,"Lower",10,"Mobile Transfer ticket",1,"[PREMIUM]","[PREMIUM]","[PREMIUM]","[PREMIUM]",true,false,"['Clear view']","2026-08-29 23:59:26"
"13848976327","2026-08-29 23:59:33.175","2026-08-29 23:59:33.175","13848976327","161667303","[PREMIUM]","[PREMIUM]","M116","6","_",,,4,"[1,2,4]",507,"Mezzanine",10,"Mobile Transfer ticket",1,"[PREMIUM]","[PREMIUM]","[PREMIUM]","[PREMIUM]",true,false,"['Clear view']","2026-08-29 01:18:04"
"13791105508","2026-08-29 23:59:33.173","2026-08-29 23:59:33.173","13791105508","161667303","[PREMIUM]","[PREMIUM]","C119","6","_",,,4,"[2,4]",1724,"Club",10,"Mobile Transfer ticket",1,"[PREMIUM]","[PREMIUM]","[PREMIUM]","[PREMIUM]",true,false,"['Clear view']","2026-08-24 14:32:43"
"13847310074","2026-08-29 23:59:33.020","2026-09-11 23:44:20.079","13847310074","161667303","[PREMIUM]","[PREMIUM]","C109","13","_",,,4,"[2,4]",1724,"Club",10,"Mobile Transfer ticket",14,"[PREMIUM]","[PREMIUM]","[PREMIUM]","[PREMIUM]",true,false,"['Clear view']","2026-08-28 22:05:23"
"13665069286","2026-08-29 23:59:32.188","2026-09-11 23:44:23.751","13665069286","161723128","[PREMIUM]","[PREMIUM]","308","H","15_16","15","16",2,"[2]",407,"Upper",10,"Mobile Transfer ticket",1,"[PREMIUM]","[PREMIUM]","[PREMIUM]","[PREMIUM]",true,false,"['Clear view']","2026-08-13 21:36:51"
"13684808505","2026-08-29 23:59:32.188","2026-09-11 23:44:23.751","13684808505","161723128","[PREMIUM]","[PREMIUM]","311","E","_",,,2,"[2]",407,"Upper",10,"Mobile Transfer ticket",1,"[PREMIUM]","[PREMIUM]","[PREMIUM]","[PREMIUM]",true,false,"['Aisle seat','Clear view']","2026-08-15 13:49:37"
"13846357672","2026-08-29 23:59:31.911","2026-08-31 00:03:32.268","13846357672","161672711","[PREMIUM]","[PREMIUM]","101","A2","_",,,10,"[1,2,3,4,5,6,7,8,9,10]",594,"Lower",10,"Mobile Transfer ticket",1,"[PREMIUM]","[PREMIUM]","[PREMIUM]","[PREMIUM]",true,false,"['Clear view']","2026-08-28 20:15:42"
"13852006171","2026-08-29 23:59:31.369","2026-09-02 23:49:06.012","13852006171","161667303","[PREMIUM]","[PREMIUM]","123","4","10_13","10",,4,"[1,2,4]",594,"Lower",10,"Mobile Transfer ticket",1,"[PREMIUM]","[PREMIUM]","[PREMIUM]","[PREMIUM]",true,false,"['Clear view']","2026-08-29 08:59:07"
"13855651112","2026-08-29 23:59:31.369","2026-09-11 23:44:20.652","13855651112","161667303","[PREMIUM]","[PREMIUM]","110","12","_",,,4,"[2,4]",594,"Lower",10,"Mobile Transfer ticket",14,"[PREMIUM]","[PREMIUM]","[PREMIUM]","[PREMIUM]",true,false,"['Clear view']","2026-08-29 18:45:35"
"13825622680","2026-08-29 23:59:31.279","2026-08-29 23:59:31.279","13825622680","161667303","[PREMIUM]","[PREMIUM]","225","1","_",,,2,"[2]",407,"Upper",10,"Mobile Transfer ticket",1,"[PREMIUM]","[PREMIUM]","[PREMIUM]","[PREMIUM]",true,false,"['Front Row of Section','Clear view']","2026-08-27 03:19:34"
"13855650976","2026-08-29 23:59:31.202","2026-09-11 23:44:20.823","13855650976","161667303","[PREMIUM]","[PREMIUM]","110","15","_",,,4,"[2,4]",594,"Lower",10,"Mobile Transfer ticket",14,"[PREMIUM]","[PREMIUM]","[PREMIUM]","[PREMIUM]",true,false,"['Clear view']","2026-08-29 18:45:34"
"13847309975","2026-08-29 23:59:31.137","2026-09-11 00:01:40.904","13847309975","161667303","[PREMIUM]","[PREMIUM]","115","10","_",,,3,"[1,3]",594,"Lower",10,"Mobile Transfer ticket",14,"[PREMIUM]","[PREMIUM]","[PREMIUM]","[PREMIUM]",true,false,"['Clear view']","2026-08-28 22:05:22"
"13858270610","2026-08-29 23:59:31.137","2026-09-01 23:58:18.573","13858270610","161667303","[PREMIUM]","[PREMIUM]","105","16","14_15","14",,2,"[2]",594,"Lower",10,"Mobile Transfer ticket",1,"[PREMIUM]","[PREMIUM]","[PREMIUM]","[PREMIUM]",true,false,"['Clear view']","2026-08-29 23:59:27"
"13836775451","2026-08-29 23:59:31.101","2026-09-11 23:44:20.557","13836775451","161667303","[PREMIUM]","[PREMIUM]","207","1","_",,,2,"[2]",407,"Upper",10,"Mobile Transfer ticket",1,"[PREMIUM]","[PREMIUM]","[PREMIUM]","[PREMIUM]",true,false,"['Front Row of Section','Clear view']","2026-08-28 00:48:30"
"13848330015","2026-08-29 23:59:30.803","2026-09-11 00:01:40.423","13848330015","161667303","[PREMIUM]","[PREMIUM]","M105","12","_",,,3,"[1,3]",507,"Mezzanine",10,"Mobile Transfer ticket",14,"[PREMIUM]","[PREMIUM]","[PREMIUM]","[PREMIUM]",true,false,"['Clear view']","2026-08-28 23:55:45"
"13847310010","2026-08-29 23:59:28.727","2026-09-05 00:00:27.205","13847310010","161667303","[PREMIUM]","[PREMIUM]","M110","13","_",,,4,"[2,4]",507,"Mezzanine",10,"Mobile Transfer ticket",14,"[PREMIUM]","[PREMIUM]","[PREMIUM]","[PREMIUM]",true,false,"['Clear view']","2026-08-28 22:05:22"
"13834163510","2026-08-29 23:59:28.711","2026-08-29 23:59:28.711","13834163510","161667303","[PREMIUM]","[PREMIUM]","101","14","15_18","15",,4,"[1,2,4]",594,"Lower",10,"Mobile Transfer ticket",1,"[PREMIUM]","[PREMIUM]","[PREMIUM]","[PREMIUM]",true,false,"['Clear view']","2026-08-27 20:31:06"
"13835542535","2026-08-29 23:59:28.711","2026-08-29 23:59:28.711","13835542535","161667303","[PREMIUM]","[PREMIUM]","M114","3","1_4","1",,4,"[1,2,4]",507,"Mezzanine",10,"Mobile Transfer ticket",1,"[PREMIUM]","[PREMIUM]","[PREMIUM]","[PREMIUM]",true,false,"['Third Row of Section','Clear view']","2026-08-27 22:44:26"
"13858042520","2026-08-29 23:59:28.626","2026-08-29 23:59:28.626","13858042520","161667303","[PREMIUM]","[PREMIUM]","218","2","_",,,2,"[2]",407,"Upper",10,"Mobile Transfer ticket",1,"[PREMIUM]","[PREMIUM]","[PREMIUM]","[PREMIUM]",true,false,"['Second Row of Section','Clear view']","2026-08-29 23:26:08"
"13856556467","2026-08-29 23:59:28.448","2026-08-31 23:54:15.112","13856556467","161667303","[PREMIUM]","[PREMIUM]","M103","10","_",,,5,"[1,3,5]",507,"Mezzanine",10,"Mobile Transfer ticket",14,"[PREMIUM]","[PREMIUM]","[PREMIUM]","[PREMIUM]",true,false,"['Clear view']","2026-08-29 20:37:25"
"13835400486","2026-08-29 23:59:28.047","2026-09-05 00:00:14.606","13835400486","161667300","[PREMIUM]","[PREMIUM]","206","2","5_6","5",,2,"[2]",407,"Upper",10,"Mobile Transfer ticket",1,"[PREMIUM]","[PREMIUM]","[PREMIUM]","[PREMIUM]",true,false,"['Second Row of Section','Clear view']","2026-08-27 22:33:53"
"13794911695","2026-08-29 23:59:27.560","2026-09-11 00:01:44.257","13794911695","161667300","[PREMIUM]","[PREMIUM]","114",,"_",,,4,"[1,2,3,4]",594,"Lower",10,"Mobile Transfer ticket",1,"[PREMIUM]","[PREMIUM]","[PREMIUM]","[PREMIUM]",true,true,"['Clear view']","2026-08-24 20:36:07"
"13833958501","2026-08-29 23:59:27.517","2026-09-11 23:44:23.330","13833958501","161692839","[PREMIUM]","[PREMIUM]","212","4","5_10","5",,6,"[1,2,3,4,5,6]",407,"Upper",10,"Mobile Transfer ticket",1,"[PREMIUM]","[PREMIUM]","[PREMIUM]","[PREMIUM]",true,false,"['Clear view']","2026-08-27 20:08:40"
"13847309936","2026-08-29 23:59:27.279","2026-09-11 00:01:41.837","13847309936","161667300","[PREMIUM]","[PREMIUM]","123","3","_",,,3,"[1,3]",594,"Lower",10,"Mobile Transfer ticket",14,"[PREMIUM]","[PREMIUM]","[PREMIUM]","[PREMIUM]",true,false,"['Third Row of Section','Clear view']","2026-08-28 22:05:22"
"13857820130","2026-08-29 23:59:27.279","2026-09-06 23:58:59.628","13857820130","161667300","[PREMIUM]","[PREMIUM]","105","2","9_10","9",,2,"[2]",594,"Lower",10,"Mobile Transfer ticket",1,"[PREMIUM]","[PREMIUM]","[PREMIUM]","[PREMIUM]",true,false,"['Second Row of Section','Clear view']","2026-08-29 23:05:46"
"13821948397","2026-08-29 23:59:27.260","2026-09-08 00:06:37.757","13821948397","161667300","[PREMIUM]","[PREMIUM]","F20","1","_",,,2,"[2]",682,"Floor",10,"Mobile Transfer ticket",1,"[PREMIUM]","[PREMIUM]","[PREMIUM]","[PREMIUM]",true,false,"['VIP Club','Includes club access','Second Row of Section','Clear view']","2026-08-26 20:40:05"
"13839772973","2026-08-29 23:59:27.260","2026-09-08 00:06:37.757","13839772973","161667300","[PREMIUM]","[PREMIUM]","F21","2","9001_9002","9001",,2,"[2]",682,"Floor",10,"Mobile Transfer ticket",1,"[PREMIUM]","[PREMIUM]","[PREMIUM]","[PREMIUM]",true,false,"['Second Row of Section','Clear view']","2026-08-28 06:23:15"
"13809964571","2026-08-29 23:59:26.386","2026-09-08 00:06:33.309","13809964571","161667303","[PREMIUM]","[PREMIUM]","213","7","_",,,2,"[2]",407,"Upper",13,"Mobile ticket",1,"[PREMIUM]","[PREMIUM]","[PREMIUM]","[PREMIUM]",true,false,"['Clear view']","2026-08-25 20:56:46"
"13858042549","2026-08-29 23:59:26.268","2026-08-29 23:59:26.268","13858042549","161667303","[PREMIUM]","[PREMIUM]","217","7","_",,,2,"[2]",407,"Upper",10,"Mobile Transfer ticket",1,"[PREMIUM]","[PREMIUM]","[PREMIUM]","[PREMIUM]",true,false,"['Clear view']","2026-08-29 23:26:08"
"13850039706","2026-08-29 23:59:26.243","2026-08-29 23:59:26.243","13850039706","161667303","[PREMIUM]","[PREMIUM]","212","11","18_21","18",,4,"[1,2,4]",407,"Upper",10,"Mobile Transfer ticket",1,"[PREMIUM]","[PREMIUM]","[PREMIUM]","[PREMIUM]",true,false,"['Clear view']","2026-08-29 03:59:59"
"13847858651","2026-08-29 23:59:26.010","2026-08-29 23:59:26.010","13847858651","161667303","[PREMIUM]","[PREMIUM]","229","8","1_4","1",,4,"[1,2,4]",407,"Upper",10,"Mobile Transfer ticket",1,"[PREMIUM]","[PREMIUM]","[PREMIUM]","[PREMIUM]",true,false,"['Clear view']","2026-08-28 22:59:32"
"13853714315","2026-08-29 23:59:26.010","2026-08-29 23:59:26.010","13853714315","161667303","[PREMIUM]","[PREMIUM]","229","10","1_2","1",,2,"[2]",407,"Upper",10,"Mobile Transfer ticket",1,"[PREMIUM]","[PREMIUM]","[PREMIUM]","[PREMIUM]",true,false,"['Clear view']","2026-08-29 14:00:18"
"13820029017","2026-08-29 23:59:25.726","2026-08-29 23:59:25.726","13820029017","161667300","[PREMIUM]","[PREMIUM]","A3","5","9001_9004","9001",,4,"[1,2,4]",1201,"Arena",11,"Mobile ticket",1,"[PREMIUM]","[PREMIUM]","[PREMIUM]","[PREMIUM]",true,false,"['Clear view']","2026-08-26 17:33:45"
"13823761912","2026-08-29 23:59:25.726","2026-09-06 23:58:54.070","13823761912","161667300","[PREMIUM]","[PREMIUM]","A2","5","_",,,2,"[2]",1201,"Arena",10,"Mobile Transfer ticket",1,"[PREMIUM]","[PREMIUM]","[PREMIUM]","[PREMIUM]",true,false,"['Clear view']","2026-08-26 23:48:31"
"13823758481","2026-08-29 23:59:25.644","2026-09-06 23:58:53.794","13823758481","161667300","[PREMIUM]","[PREMIUM]","113","1","_",,,2,"[2]",594,"Lower",10,"Mobile Transfer ticket",1,"[PREMIUM]","[PREMIUM]","[PREMIUM]","[PREMIUM]",true,false,"['Front Row of Section','Clear view']","2026-08-26 23:48:22"
"13820026897","2026-08-29 23:59:25.518","2026-08-29 23:59:25.518","13820026897","161667300","[PREMIUM]","[PREMIUM]","C121","7","9001_9004","9001",,4,"[1,2,4]",1724,"Club",11,"Mobile ticket",1,"[PREMIUM]","[PREMIUM]","[PREMIUM]","[PREMIUM]",true,false,"['Clear view']","2026-08-26 17:33:17"
"13820026654","2026-08-29 23:59:25.518","2026-08-29 23:59:25.518","13820026654","161667300","[PREMIUM]","[PREMIUM]","C107","7","9001_9002","9001",,2,"[2]",1724,"Club",11,"Mobile ticket",1,"[PREMIUM]","[PREMIUM]","[PREMIUM]","[PREMIUM]",true,false,"['Clear view']","2026-08-26 17:33:12"
"13845965755","2026-08-29 23:59:25.518","2026-08-31 00:03:13.094","13845965755","161667300","[PREMIUM]","[PREMIUM]","C108","10","_",,,2,"[2]",1724,"Club",10,"Mobile Transfer ticket",1,"[PREMIUM]","[PREMIUM]","[PREMIUM]","[PREMIUM]",true,false,"['Clear view']","2026-08-28 19:29:56"
"13842167573","2026-08-29 23:59:25.440","2026-09-06 00:01:31.388","13842167573","161667300","[PREMIUM]","[PREMIUM]","C107","8","3_6","3",,4,"[1,2,4]",1724,"Club",10,"Mobile Transfer ticket",1,"[PREMIUM]","[PREMIUM]","[PREMIUM]","[PREMIUM]",true,false,"['Clear view']","2026-08-28 12:19:37"
"13845848825","2026-08-29 23:59:25.440","2026-09-11 23:44:18.312","13845848825","161667300","[PREMIUM]","[PREMIUM]","M117","2","9001_9002","9001",,2,"[2]",507,"Mezzanine",10,"Mobile Transfer ticket",1,"[PREMIUM]","[PREMIUM]","[PREMIUM]","[PREMIUM]",true,false,"['Second Row of Section','Clear view']","2026-08-28 19:16:08"
"13851740792","2026-08-29 23:59:25.374","2026-09-02 23:49:06.662","13851740792","161667300","[PREMIUM]","[PREMIUM]","105","8","3_4","3",,2,"[2]",594,"Lower",10,"Mobile Transfer ticket",1,"[PREMIUM]","[PREMIUM]","[PREMIUM]","[PREMIUM]",true,false,"['Clear view']","2026-08-29 08:08:38"
"13858076040","2026-08-29 23:59:25.236","2026-08-29 23:59:25.236","13858076040","161667300","[PREMIUM]","[PREMIUM]","208","2","_",,,4,"[1,2,4]",407,"Upper",10,"Mobile Transfer ticket",1,"[PREMIUM]","[PREMIUM]","[PREMIUM]","[PREMIUM]",true,false,"['Second Row of Section','Clear view']","2026-08-29 23:29:30"
"13823696008","2026-08-29 23:59:25.128","2026-08-29 23:59:25.128","13823696008","161667300","[PREMIUM]","[PREMIUM]","M102","4","_",,,2,"[2]",507,"Mezzanine",10,"Mobile Transfer ticket",1,"[PREMIUM]","[PREMIUM]","[PREMIUM]","[PREMIUM]",true,false,"['Clear view']","2026-08-26 23:42:02"
"13845289215","2026-08-29 23:59:24.850","2026-09-11 23:44:16.655","13845289215","161701310","[PREMIUM]","[PREMIUM]","214","E","_",,,6,"[1,2,3,4,6]",7490,"Club Concourse",10,"Mobile Transfer ticket",1,"[PREMIUM]","[PREMIUM]","[PREMIUM]","[PREMIUM]",true,false,"['Clear view']","2026-08-28 18:06:17"
"13845060272","2026-08-29 23:59:24.809","2026-08-29 23:59:24.809","13845060272","161701310","[PREMIUM]","[PREMIUM]","Ultra","5","_",,,2,"[2]",13829,"Ultra Club",10,"Mobile Transfer ticket",1,"[PREMIUM]","[PREMIUM]","[PREMIUM]","[PREMIUM]",true,false,"['Complimentary buffet with beer and champagne included','Clear view']","2026-08-28 17:39:51"
"13840552532","2026-08-29 23:59:24.459","2026-09-01 23:57:49.071","13840552532","161701310","[PREMIUM]","[PREMIUM]","109","J","9001_9002","9001",,2,"[2]",5002,"Main Concourse",10,"Mobile Transfer ticket",1,"[PREMIUM]","[PREMIUM]","[PREMIUM]","[PREMIUM]",true,false,"['Clear view']","2026-08-28 08:18:55"
"13837151204","2026-08-29 23:59:24.459","2026-09-01 23:57:49.082","13837151204","161701310","[PREMIUM]","[PREMIUM]","102","L","9001_9002","9001",,2,"[2]",5002,"Main Concourse",10,"Mobile Transfer ticket",1,"[PREMIUM]","[PREMIUM]","[PREMIUM]","[PREMIUM]",true,false,"['Clear view']","2026-08-28 01:24:22"
"13847309796","2026-08-29 23:59:24.271","2026-09-09 00:00:57.839","13847309796","161667300","[PREMIUM]","[PREMIUM]","123","14","_",,,4,"[2,4]",594,"Lower",10,"Mobile Transfer ticket",14,"[PREMIUM]","[PREMIUM]","[PREMIUM]","[PREMIUM]",true,false,"['Clear view']","2026-08-28 22:05:21"
"13847309879","2026-08-29 23:59:24.244","2026-09-11 23:44:17.410","13847309879","161667300","[PREMIUM]","[PREMIUM]","C109","10","_",,,4,"[2,4]",1724,"Club",10,"Mobile Transfer ticket",14,"[PREMIUM]","[PREMIUM]","[PREMIUM]","[PREMIUM]",true,false,"['Clear view']","2026-08-28 22:05:22"
"13850050468","2026-08-29 23:59:23.981","2026-09-11 23:44:17.456","13850050468","161667300","[PREMIUM]","[PREMIUM]","M117","4","9001_9002","9001",,2,"[2]",507,"Mezzanine",10,"Mobile Transfer ticket",1,"[PREMIUM]","[PREMIUM]","[PREMIUM]","[PREMIUM]",true,false,"['Clear view']","2026-08-29 04:02:28"
"13851740698","2026-08-29 23:59:23.957","2026-08-29 23:59:25.144","13851740698","161667300","[PREMIUM]","[PREMIUM]","118","12","1_4","1",,4,"[1,2,4]",594,"Lower",10,"Mobile Transfer ticket",1,"[PREMIUM]","[PREMIUM]","[PREMIUM]","[PREMIUM]",true,false,"['Clear view']","2026-08-29 08:08:38"
"13847310364","2026-08-29 23:59:23.957","2026-09-11 23:44:17.189","13847310364","161667300","[PREMIUM]","[PREMIUM]","115","10","_",,,3,"[1,3]",594,"Lower",10,"Mobile Transfer ticket",14,"[PREMIUM]","[PREMIUM]","[PREMIUM]","[PREMIUM]",true,false,"['Clear view']","2026-08-28 22:05:24"
"13855381670","2026-08-29 23:59:23.887","2026-08-29 23:59:23.887","13855381670","161667300","[PREMIUM]","[PREMIUM]","M125","3","3_5","3",,3,"[1,3]",507,"Mezzanine",10,"Mobile Transfer ticket",1,"[PREMIUM]","[PREMIUM]","[PREMIUM]","[PREMIUM]",true,false,"['Third Row of Section','Clear view']","2026-08-29 18:05:15"
"13840864287","2026-08-29 23:59:23.636","2026-08-31 23:54:06.468","13840864287","161667300","[PREMIUM]","[PREMIUM]","M118","6","5_6","5",,2,"[2]",507,"Mezzanine",10,"Mobile Transfer ticket",1,"[PREMIUM]","[PREMIUM]","[PREMIUM]","[PREMIUM]",true,false,"['Clear view']","2026-08-28 09:04:14"
"13847309898","2026-08-29 23:59:23.636","2026-09-11 23:44:16.993","13847309898","161667300","[PREMIUM]","[PREMIUM]","M114","2","_",,,4,"[2,4]",507,"Mezzanine",10,"Mobile Transfer ticket",14,"[PREMIUM]","[PREMIUM]","[PREMIUM]","[PREMIUM]",true,false,"['Second Row of Section','Clear view']","2026-08-28 22:05:22"
"13791932011","2026-08-29 23:59:23.533","2026-09-11 23:44:16.655","13791932011","161701310","[PREMIUM]","[PREMIUM]","119","L","_",,,7,"[1,2,3,5,7]",5002,"Main Concourse",10,"Mobile Transfer ticket",14,"[PREMIUM]","[PREMIUM]","[PREMIUM]","[PREMIUM]",true,false,"['Clear view']","2026-08-24 16:07:27"
"13845100420","2026-08-29 23:59:23.533","2026-09-11 23:44:16.765","13845100420","161701310","[PREMIUM]","[PREMIUM]","115","A","_",,,2,"[2]",5002,"Main Concourse",10,"Mobile Transfer ticket",1,"[PREMIUM]","[PREMIUM]","[PREMIUM]","[PREMIUM]",true,false,"['Front Row of Section','Clear view']","2026-08-28 17:48:14"
"13838133426","2026-08-29 23:59:23.220","2026-09-11 00:01:39.744","13838133426","161701310","[PREMIUM]","[PREMIUM]","106","H","8_11","8",,4,"[1,2,4]",5002,"Main Concourse",10,"Mobile Transfer ticket",1,"[PREMIUM]","[PREMIUM]","[PREMIUM]","[PREMIUM]",true,false,"['Clear view']","2026-08-28 03:12:20"
"13845287396","2026-08-29 23:59:23.220","2026-09-11 23:44:14.683","13845287396","161701310","[PREMIUM]","[PREMIUM]","227","B","_",,,2,"[2]",7490,"Club Concourse",10,"Mobile Transfer ticket",1,"[PREMIUM]","[PREMIUM]","[PREMIUM]","[PREMIUM]",true,false,"['Second Row of Section','Clear view']","2026-08-28 18:06:08"
"13845099819","2026-08-29 23:59:23.220","2026-09-11 23:44:15.594","13845099819","161701310","[PREMIUM]","[PREMIUM]","106","B","_",,,3,"[1,3]",5002,"Main Concourse",10,"Mobile Transfer ticket",1,"[PREMIUM]","[PREMIUM]","[PREMIUM]","[PREMIUM]",true,false,"['Second Row of Section','Clear view']","2026-08-28 17:48:12"
"13853060962","2026-08-29 23:59:22.908","2026-08-31 23:54:03.824","13853060962","161701310","[PREMIUM]","[PREMIUM]","219","D","9001_9003","9001",,3,"[1,2,3]",7490,"Club Concourse",10,"Mobile Transfer ticket",1,"[PREMIUM]","[PREMIUM]","[PREMIUM]","[PREMIUM]",true,false,"['Clear view']","2026-08-29 12:07:13"
"13847308949","2026-08-29 23:59:22.857","2026-09-05 00:00:11.309","13847308949","161667319","[PREMIUM]","[PREMIUM]","223","7","_",,,3,"[1,3]",407,"Upper",10,"Mobile Transfer ticket",14,"[PREMIUM]","[PREMIUM]","[PREMIUM]","[PREMIUM]",true,false,"['Clear view']","2026-08-28 22:05:15"
"13847308961","2026-08-29 23:59:22.852","2026-09-11 23:44:19.469","13847308961","161667319","[PREMIUM]","[PREMIUM]","M113","6","_",,,4,"[2,4]",507,"Mezzanine",10,"Mobile Transfer ticket",14,"[PREMIUM]","[PREMIUM]","[PREMIUM]","[PREMIUM]",true,false,"['Clear view']","2026-08-28 22:05:15"
"13847309925","2026-08-29 23:59:22.700","2026-09-11 23:44:16.596","13847309925","161667300","[PREMIUM]","[PREMIUM]","M114","4","_",,,4,"[2,4]",507,"Mezzanine",10,"Mobile Transfer ticket",14,"[PREMIUM]","[PREMIUM]","[PREMIUM]","[PREMIUM]",true,false,"['Clear view']","2026-08-28 22:05:22"
"13823762020","2026-08-29 23:59:22.608","2026-09-06 23:58:48.532","13823762020","161667300","[PREMIUM]","[PREMIUM]","229","2","_",,,2,"[2]",407,"Upper",10,"Mobile Transfer ticket",1,"[PREMIUM]","[PREMIUM]","[PREMIUM]","[PREMIUM]",true,false,"['Second Row of Section','Clear view']","2026-08-26 23:48:31"
"13847335939","2026-08-29 23:59:22.608","2026-08-31 00:03:08.222","13847335939","161667300","[PREMIUM]","[PREMIUM]","M110","10","13_16","13",,4,"[1,2,4]",507,"Mezzanine",10,"Mobile Transfer ticket",1,"[PREMIUM]","[PREMIUM]","[PREMIUM]","[PREMIUM]",true,false,"['Clear view']","2026-08-28 22:08:37"
"13847309870","2026-08-29 23:59:22.608","2026-09-02 23:49:04.932","13847309870","161667300","[PREMIUM]","[PREMIUM]","M126","9","_",,,4,"[2,4]",507,"Mezzanine",10,"Mobile Transfer ticket",14,"[PREMIUM]","[PREMIUM]","[PREMIUM]","[PREMIUM]",true,false,"['Clear view']","2026-08-28 22:05:22"
"13791085359","2026-08-29 23:59:22.572","2026-09-06 00:01:28.556","13791085359","161667300","[PREMIUM]","[PREMIUM]","M103","10","_",,,4,"[2,4]",507,"Mezzanine",10,"Mobile Transfer ticket",1,"[PREMIUM]","[PREMIUM]","[PREMIUM]","[PREMIUM]",true,false,"['Clear view']","2026-08-24 14:31:31"
"13847336754","2026-08-29 23:59:22.572","2026-09-01 23:57:47.103","13847336754","161667300","[PREMIUM]","[PREMIUM]","M113","5","3_5","3",,3,"[1,3]",507,"Mezzanine",10,"Mobile Transfer ticket",1,"[PREMIUM]","[PREMIUM]","[PREMIUM]","[PREMIUM]",true,false,"['Third Row of Section','Clear view']","2026-08-28 22:08:47"
"13823758690","2026-08-29 23:59:22.414","2026-08-31 23:54:06.375","13823758690","161667300","[PREMIUM]","[PREMIUM]","211","8","_",,,2,"[2]",407,"Upper",10,"Mobile Transfer ticket",1,"[PREMIUM]","[PREMIUM]","[PREMIUM]","[PREMIUM]",true,false,"['Clear view']","2026-08-26 23:48:22"
"13853387585","2026-08-29 23:59:22.414","2026-09-06 00:01:28.280","13853387585","161667300","[PREMIUM]","[PREMIUM]","M124","4","3_5","3",,3,"[1,3]",507,"Mezzanine",10,"Mobile Transfer ticket",1,"[PREMIUM]","[PREMIUM]","[PREMIUM]","[PREMIUM]",true,false,"['Clear view']","2026-08-29 13:08:44"
"13823758876","2026-08-29 23:59:22.350","2026-08-31 00:03:08.139","13823758876","161667300","[PREMIUM]","[PREMIUM]","210","4","_",,,2,"[2]",407,"Upper",10,"Mobile Transfer ticket",1,"[PREMIUM]","[PREMIUM]","[PREMIUM]","[PREMIUM]",true,false,"['Clear view']","2026-08-26 23:48:23"
"13849743740","2026-08-29 23:59:22.248","2026-09-11 00:01:38.940","13849743740","161667300","[PREMIUM]","[PREMIUM]","210","6","1_5","1",,5,"[1,2,3,5]",407,"Upper",10,"Mobile Transfer ticket",1,"[PREMIUM]","[PREMIUM]","[PREMIUM]","[PREMIUM]",true,false,"['Clear view']","2026-08-29 03:08:15"
"13857820176","2026-08-29 23:59:22.107","2026-09-01 23:57:45.683","13857820176","161667300","[PREMIUM]","[PREMIUM]","214","2","9_12","9",,4,"[1,2,4]",407,"Upper",10,"Mobile Transfer ticket",1,"[PREMIUM]","[PREMIUM]","[PREMIUM]","[PREMIUM]",true,false,"['Second Row of Section','Clear view']","2026-08-29 23:05:47"
"13743128229","2026-08-29 23:59:21.553","2026-09-11 23:44:14.294","13743128229","161701310","[PREMIUM]","[PREMIUM]","400","D","9001_9004","9001",,4,"[1,2,3,4]",1706,"Upper Concourse",10,"Mobile Transfer ticket",1,"[PREMIUM]","[PREMIUM]","[PREMIUM]","[PREMIUM]",true,false,"['Clear view']","2026-08-20 21:25:13"
"13783409673","2026-08-29 23:59:21.553","2026-08-31 00:03:03.427","13783409673","161701310","[PREMIUM]","[PREMIUM]","400","B","9001_9004","9001",,4,"[1,2,3,4]",1706,"Upper Concourse",11,"Mobile ticket",1,"[PREMIUM]","[PREMIUM]","[PREMIUM]","[PREMIUM]",true,false,"['Second Row of Section','Clear view']","2026-08-23 16:50:30"
"13838565590","2026-08-29 23:59:21.063","2026-08-29 23:59:21.063","13838565590","161667300","[PREMIUM]","[PREMIUM]","211","11","1_4","1",,4,"[1,2,4]",407,"Upper",10,"Mobile Transfer ticket",1,"[PREMIUM]","[PREMIUM]","[PREMIUM]","[PREMIUM]",true,false,"['Clear view']","2026-08-28 04:04:03"
"13856427131","2026-08-29 23:59:21.009","2026-08-29 23:59:21.009","13856427131","161667294","[PREMIUM]","[PREMIUM]","A3","5","_",,,4,"[1,2,4]",1201,"Arena",10,"Mobile Transfer ticket",1,"[PREMIUM]","[PREMIUM]","[PREMIUM]","[PREMIUM]",true,false,"['Clear view']","2026-08-29 20:16:59"
"13808649273","2026-08-29 23:59:20.835","2026-09-08 00:06:32.215","13808649273","161667300","[PREMIUM]","[PREMIUM]","223","8","_",,,2,"[2]",407,"Upper",13,"Mobile ticket",1,"[PREMIUM]","[PREMIUM]","[PREMIUM]","[PREMIUM]",true,false,"['Clear view']","2026-08-25 19:02:19"
"13849743715","2026-08-29 23:59:20.734","2026-09-09 23:59:47.070","13849743715","161667300","[PREMIUM]","[PREMIUM]","212","11","9_13","9",,5,"[1,2,3,5]",407,"Upper",10,"Mobile Transfer ticket",1,"[PREMIUM]","[PREMIUM]","[PREMIUM]","[PREMIUM]",true,false,"['Clear view']","2026-08-29 03:08:14"
"13847310130","2026-08-29 23:59:20.672","2026-09-09 00:00:53.511","13847310130","161667300","[PREMIUM]","[PREMIUM]","216","9","_",,,4,"[2,4]",407,"Upper",10,"Mobile Transfer ticket",14,"[PREMIUM]","[PREMIUM]","[PREMIUM]","[PREMIUM]",true,false,"['Clear view']","2026-08-28 22:05:23"
"13854701175","2026-08-29 23:59:20.651","2026-09-01 23:57:45.547","13854701175","161667300","[PREMIUM]","[PREMIUM]","230","5","9001_9002","9001",,2,"[2]",407,"Upper",10,"Mobile Transfer ticket",1,"[PREMIUM]","[PREMIUM]","[PREMIUM]","[PREMIUM]",true,false,"['Clear view']","2026-08-29 16:40:57"
"13847310071","2026-08-29 23:59:20.476","2026-09-11 23:44:15.625","13847310071","161667300","[PREMIUM]","[PREMIUM]","205","9","_",,,4,"[2,4]",407,"Upper",10,"Mobile Transfer ticket",14,"[PREMIUM]","[PREMIUM]","[PREMIUM]","[PREMIUM]",true,false,"['Clear view']","2026-08-28 22:05:23"
"13847310049","2026-08-29 23:59:20.476","2026-09-11 23:44:15.798","13847310049","161667300","[PREMIUM]","[PREMIUM]","205","8","_",,,2,"[2]",407,"Upper",10,"Mobile Transfer ticket",14,"[PREMIUM]","[PREMIUM]","[PREMIUM]","[PREMIUM]",true,false,"['Clear view']","2026-08-28 22:05:23"
"13853387463","2026-08-29 23:59:20.476","2026-09-08 00:06:32.036","13853387463","161667300","[PREMIUM]","[PREMIUM]","209","8","12_13","12",,2,"[2]",407,"Upper",10,"Mobile Transfer ticket",1,"[PREMIUM]","[PREMIUM]","[PREMIUM]","[PREMIUM]",true,false,"['Clear view']","2026-08-29 13:08:44"
"13835717418","2026-08-29 23:59:20.408","2026-09-06 00:01:25.573","13835717418","161667300","[PREMIUM]","[PREMIUM]","214","9","5_10","5",,6,"[1,2,3,4,6]",407,"Upper",10,"Mobile Transfer ticket",1,"[PREMIUM]","[PREMIUM]","[PREMIUM]","[PREMIUM]",true,false,"['Clear view']","2026-08-27 23:04:13"
"13833637131","2026-08-29 23:59:19.465","2026-08-31 00:03:03.784","13833637131","161667294","[PREMIUM]","[PREMIUM]","Floor 1","3","_",,,2,"[2]",682,"Floor",10,"Mobile Transfer ticket",1,"[PREMIUM]","[PREMIUM]","[PREMIUM]","[PREMIUM]",true,false,"['Court Club','Clear view']","2026-08-27 19:37:22"
"13836924661","2026-08-29 23:59:19.465","2026-09-11 00:01:42.181","13836924661","161667294","[PREMIUM]","[PREMIUM]","F14","3","9001_9004","9001",,4,"[1,2,4]",682,"Floor",10,"Mobile Transfer ticket",1,"[PREMIUM]","[PREMIUM]","[PREMIUM]","[PREMIUM]",true,false,"['Clear view']","2026-08-28 01:02:23"
"13857117280","2026-08-29 23:59:19.465","2026-08-29 23:59:19.465","13857117280","161667294","[PREMIUM]","[PREMIUM]","F22","2","_",,,4,"[1,2,4]",682,"Floor",10,"Mobile Transfer ticket",1,"[PREMIUM]","[PREMIUM]","[PREMIUM]","[PREMIUM]",true,false,"['Court Club','Third Row of Section','Clear view']","2026-08-29 21:40:49"
"13856994131","2026-08-29 23:59:19.459","2026-08-29 23:59:19.459","13856994131","161667294","[PREMIUM]","[PREMIUM]","F14","1","_",,,4,"[1,2,4]",682,"Floor",10,"Mobile Transfer ticket",1,"[PREMIUM]","[PREMIUM]","[PREMIUM]","[PREMIUM]",true,false,"['Court Club','Clear view']","2026-08-29 21:27:33"
"13851325682","2026-08-29 23:59:19.452","2026-08-29 23:59:19.452","13851325682","161667294","[PREMIUM]","[PREMIUM]","F13","3","_",,,2,"[2]",682,"Floor",10,"Mobile Transfer ticket",1,"[PREMIUM]","[PREMIUM]","[PREMIUM]","[PREMIUM]",true,false,"['Court Club','Clear view']","2026-08-29 07:06:24"
"13858041594","2026-08-29 23:59:19.452","2026-08-29 23:59:19.452","13858041594","161667294","[PREMIUM]","[PREMIUM]","Floor 1","2","_",,,4,"[1,2,4]",682,"Floor",10,"Mobile Transfer ticket",1,"[PREMIUM]","[PREMIUM]","[PREMIUM]","[PREMIUM]",true,false,"['Court Club','Clear view']","2026-08-29 23:26:04"
"13821304765","2026-08-29 23:59:19.360","2026-08-29 23:59:19.360","13821304765","161667294","[PREMIUM]","[PREMIUM]","119","4","_",,,2,"[2]",594,"Lower",10,"Mobile Transfer ticket",1,"[PREMIUM]","[PREMIUM]","[PREMIUM]","[PREMIUM]",true,false,"['Clear view']","2026-08-26 19:33:31"
"13676498912","2026-08-29 23:59:19.176","2026-08-29 23:59:19.176","13676498912","161667294","[PREMIUM]","[PREMIUM]","122","4","11_14","11",,4,"[2,4]",594,"Lower",10,"Mobile Transfer ticket",1,"[PREMIUM]","[PREMIUM]","[PREMIUM]","[PREMIUM]",true,false,"['Clear view']","2026-08-14 19:28:40"
"13834609580","2026-08-29 23:59:19.176","2026-08-29 23:59:19.176","13834609580","161667294","[PREMIUM]","[PREMIUM]","121","14","13_16","13",,4,"[1,2,4]",594,"Lower",10,"Mobile Transfer ticket",1,"[PREMIUM]","[PREMIUM]","[PREMIUM]","[PREMIUM]",true,false,"['Clear view']","2026-08-27 21:16:39"
"13855754673","2026-08-29 23:59:19.176","2026-08-29 23:59:19.176","13855754673","161667294","[PREMIUM]","[PREMIUM]","120","12","7_12","7",,6,"[1,2,3,4,6]",594,"Lower",10,"Mobile Transfer ticket",1,"[PREMIUM]","[PREMIUM]","[PREMIUM]","[PREMIUM]",true,false,"['Clear view']","2026-08-29 18:56:42"
"13847308941","2026-08-29 23:59:19.147","2026-09-11 23:44:21.912","13847308941","161667319","[PREMIUM]","[PREMIUM]","109","1","_",,,2,"[2]",594,"Lower",10,"Mobile Transfer ticket",14,"[PREMIUM]","[PREMIUM]","[PREMIUM]","[PREMIUM]",true,false,"['Front Row of Section','Clear view']","2026-08-28 22:05:15"
"13854038531","2026-08-29 23:59:19.147","2026-09-02 23:49:02.823","13854038531","161667319","[PREMIUM]","[PREMIUM]","121","10","5_10","5",,6,"[1,2,3,4,6]",594,"Lower",10,"Mobile Transfer ticket",1,"[PREMIUM]","[PREMIUM]","[PREMIUM]","[PREMIUM]",true,false,"['Clear view']","2026-08-29 15:05:05"
"13851740511","2026-08-29 23:59:19.143","2026-08-31 00:03:04.048","13851740511","161667300","[PREMIUM]","[PREMIUM]","202","13","19_20","19",,2,"[2]",407,"Upper",10,"Mobile Transfer ticket",1,"[PREMIUM]","[PREMIUM]","[PREMIUM]","[PREMIUM]",true,false,"['Clear view']","2026-08-29 08:08:37"
"13847308634","2026-08-29 23:59:19.062","2026-09-11 23:44:21.801","13847308634","161667319","[PREMIUM]","[PREMIUM]","108","11","_",,,2,"[2]",594,"Lower",10,"Mobile Transfer ticket",14,"[PREMIUM]","[PREMIUM]","[PREMIUM]","[PREMIUM]",true,false,"['Clear view']","2026-08-28 22:05:13"
"13856427106","2026-08-29 23:59:19.034","2026-08-29 23:59:19.600","13856427106","161667294","[PREMIUM]","[PREMIUM]","C108","9","_",,,2,"[2]",1724,"Club",10,"Mobile Transfer ticket",1,"[PREMIUM]","[PREMIUM]","[PREMIUM]","[PREMIUM]",true,false,"['Clear view']","2026-08-29 20:16:59"
"13856514101","2026-08-29 23:59:19.034","2026-08-29 23:59:19.600","13856514101","161667294","[PREMIUM]","[PREMIUM]","C121","6","_",,,2,"[2]",1724,"Club",10,"Mobile Transfer ticket",1,"[PREMIUM]","[PREMIUM]","[PREMIUM]","[PREMIUM]",true,false,"['Clear view']","2026-08-29 20:31:02"
"13823764874","2026-08-29 23:59:19.032","2026-08-29 23:59:19.032","13823764874","161667319","[PREMIUM]","[PREMIUM]","M123","6","_",,,2,"[2]",507,"Mezzanine",10,"Mobile Transfer ticket",1,"[PREMIUM]","[PREMIUM]","[PREMIUM]","[PREMIUM]",true,false,"['Clear view']","2026-08-26 23:48:40"
"13857877284","2026-08-29 23:59:19.032","2026-08-29 23:59:19.032","13857877284","161667319","[PREMIUM]","[PREMIUM]","M102","4","_",,,2,"[2]",507,"Mezzanine",10,"Mobile Transfer ticket",1,"[PREMIUM]","[PREMIUM]","[PREMIUM]","[PREMIUM]",true,false,"['Clear view']","2026-08-29 23:11:13"
"13847308945","2026-08-29 23:59:19.027","2026-09-06 00:01:27.678","13847308945","161667319","[PREMIUM]","[PREMIUM]","119","8","_",,,4,"[2,4]",594,"Lower",10,"Mobile Transfer ticket",14,"[PREMIUM]","[PREMIUM]","[PREMIUM]","[PREMIUM]",true,false,"['Clear view']","2026-08-28 22:05:15"
"13847309056","2026-08-29 23:59:19.027","2026-09-06 00:01:27.678","13847309056","161667319","[PREMIUM]","[PREMIUM]","119","7","_",,,2,"[2]",594,"Lower",10,"Mobile Transfer ticket",14,"[PREMIUM]","[PREMIUM]","[PREMIUM]","[PREMIUM]",true,false,"['Clear view']","2026-08-28 22:05:16"
"13823763346","2026-08-29 23:59:18.691","2026-08-29 23:59:18.691","13823763346","161667319","[PREMIUM]","[PREMIUM]","211","2","_",,,4,"[1,2,4]",407,"Upper",10,"Mobile Transfer ticket",1,"[PREMIUM]","[PREMIUM]","[PREMIUM]","[PREMIUM]",true,false,"['Second Row of Section','Clear view']","2026-08-26 23:48:35"
"13835400934","2026-08-29 23:59:18.671","2026-08-31 23:53:54.783","13835400934","161667319","[PREMIUM]","[PREMIUM]","M110","6","5_8","5",,4,"[1,2,4]",507,"Mezzanine",10,"Mobile Transfer ticket",1,"[PREMIUM]","[PREMIUM]","[PREMIUM]","[PREMIUM]",true,false,"['Clear view']","2026-08-27 22:34:00"
"13840948186","2026-08-29 23:59:18.656","2026-09-11 23:44:14.904","13840948186","161667294","[PREMIUM]","[PREMIUM]","103","8","9001_9002","9001",,2,"[2]",594,"Lower",10,"Mobile Transfer ticket",1,"[PREMIUM]","[PREMIUM]","[PREMIUM]","[PREMIUM]",true,false,"['Clear view']","2026-08-28 09:17:37"
"13858262914","2026-08-29 23:59:18.656","2026-08-29 23:59:18.656","13858262914","161667294","[PREMIUM]","[PREMIUM]","105","4","7_11","7",,5,"[1,2,3,5]",594,"Lower",10,"Mobile Transfer ticket",1,"[PREMIUM]","[PREMIUM]","[PREMIUM]","[PREMIUM]",true,false,"['Clear view']","2026-08-29 23:57:55"
"13823765026","2026-08-29 23:59:18.638","2026-08-29 23:59:18.638","13823765026","161667319","[PREMIUM]","[PREMIUM]","115","9","_",,,7,"[1,2,3,4,5,7]",594,"Lower",10,"Mobile Transfer ticket",1,"[PREMIUM]","[PREMIUM]","[PREMIUM]","[PREMIUM]",true,false,"['Clear view']","2026-08-26 23:48:41"
"13818253634","2026-08-29 23:59:18.620","2026-08-31 00:03:03.026","13818253634","161667319","[PREMIUM]","[PREMIUM]","208","1","_",,,3,"[3]",407,"Upper",10,"Mobile Transfer ticket",1,"[PREMIUM]","[PREMIUM]","[PREMIUM]","[PREMIUM]",true,false,"['Front Row of Section','Clear view']","2026-08-26 14:19:18"
"13848561019","2026-08-29 23:59:18.620","2026-08-29 23:59:18.620","13848561019","161667319","[PREMIUM]","[PREMIUM]","M116","1","_",,,2,"[2]",507,"Mezzanine",10,"Mobile Transfer ticket",1,"[PREMIUM]","[PREMIUM]","[PREMIUM]","[PREMIUM]",true,false,"['Front Row of Section','Clear view']","2026-08-29 00:27:22"
"13847308641","2026-08-29 23:59:18.620","2026-09-11 00:01:36.112","13847308641","161667319","[PREMIUM]","[PREMIUM]","101","1","_",,,4,"[2,4]",594,"Lower",10,"Mobile Transfer ticket",14,"[PREMIUM]","[PREMIUM]","[PREMIUM]","[PREMIUM]",true,false,"['Front Row of Section','Clear view']","2026-08-28 22:05:13"
"13847309486","2026-08-29 23:59:18.468","2026-09-11 00:01:40.017","13847309486","161667294","[PREMIUM]","[PREMIUM]","126","2","_",,,3,"[1,3]",594,"Lower",10,"Mobile Transfer ticket",14,"[PREMIUM]","[PREMIUM]","[PREMIUM]","[PREMIUM]",true,false,"['Second Row of Section','Clear view']","2026-08-28 22:05:19"
"13847309445","2026-08-29 23:59:18.468","2026-09-11 00:01:40.017","13847309445","161667294","[PREMIUM]","[PREMIUM]","C106","10","_",,,4,"[2,4]",1724,"Club",10,"Mobile Transfer ticket",14,"[PREMIUM]","[PREMIUM]","[PREMIUM]","[PREMIUM]",true,false,"['Clear view']","2026-08-28 22:05:19"
"13832180373","2026-08-29 23:59:18.403","2026-08-29 23:59:18.403","13832180373","161667294","[PREMIUM]","[PREMIUM]","105","8","3_4","3",,2,"[2]",594,"Lower",10,"Mobile Transfer ticket",1,"[PREMIUM]","[PREMIUM]","[PREMIUM]","[PREMIUM]",true,false,"['Clear view']","2026-08-27 17:09:01"
"13847309328","2026-08-29 23:59:18.403","2026-09-11 23:44:16.105","13847309328","161667294","[PREMIUM]","[PREMIUM]","123","3","_",,,3,"[1,3]",594,"Lower",10,"Mobile Transfer ticket",14,"[PREMIUM]","[PREMIUM]","[PREMIUM]","[PREMIUM]",true,false,"['Third Row of Section','Clear view']","2026-08-28 22:05:18"
"13854496366","2026-08-29 23:59:18.403","2026-08-29 23:59:18.403","13854496366","161667294","[PREMIUM]","[PREMIUM]","C122","8","5_8","5",,4,"[1,2,4]",1724,"Club",10,"Mobile Transfer ticket",1,"[PREMIUM]","[PREMIUM]","[PREMIUM]","[PREMIUM]",true,false,"['Clear view']","2026-08-29 16:16:25"
"13854103510","2026-08-29 23:59:18.371","2026-08-29 23:59:18.371","13854103510","161667294","[PREMIUM]","[PREMIUM]","M125","1","_",,,3,"[3]",507,"Mezzanine",10,"Mobile Transfer ticket",1,"[PREMIUM]","[PREMIUM]","[PREMIUM]","[PREMIUM]",true,false,"['Front Row of Section','Clear view']","2026-08-29 15:17:04"
"13831999998","2026-08-29 23:59:18.318","2026-08-31 23:54:01.142","13831999998","161667294","[PREMIUM]","[PREMIUM]","C120","13","1_8","1",,8,"[1,2,3,4,5,6,8]",1724,"Club",10,"Mobile Transfer ticket",1,"[PREMIUM]","[PREMIUM]","[PREMIUM]","[PREMIUM]",true,false,"['Clear view']","2026-08-27 16:55:32"
"13853983354","2026-08-29 23:59:18.318","2026-08-29 23:59:18.318","13853983354","161667294","[PREMIUM]","[PREMIUM]","115","7","_",,,1,"[1]",594,"Lower",10,"Mobile Transfer ticket",1,"[PREMIUM]","[PREMIUM]","[PREMIUM]","[PREMIUM]",false,false,"['Clear view']","2026-08-29 14:51:17"
"13855756672","2026-08-29 23:59:18.318","2026-09-02 23:49:03.882","13855756672","161667294","[PREMIUM]","[PREMIUM]","M105","4","14_17","14",,4,"[1,2,4]",507,"Mezzanine",10,"Mobile Transfer ticket",1,"[PREMIUM]","[PREMIUM]","[PREMIUM]","[PREMIUM]",true,false,"['Second Row of Section','Clear view']","2026-08-29 18:57:03"
"13791085067","2026-08-29 23:59:18.239","2026-08-29 23:59:18.239","13791085067","161667294","[PREMIUM]","[PREMIUM]","C119","6","_",,,4,"[2,4]",1724,"Club",10,"Mobile Transfer ticket",1,"[PREMIUM]","[PREMIUM]","[PREMIUM]","[PREMIUM]",true,false,"['Clear view']","2026-08-24 14:31:30"
"13821303084","2026-08-29 23:59:18.239","2026-08-29 23:59:18.239","13821303084","161667294","[PREMIUM]","[PREMIUM]","103","16","_",,,2,"[2]",594,"Lower",10,"Mobile Transfer ticket",1,"[PREMIUM]","[PREMIUM]","[PREMIUM]","[PREMIUM]",true,false,"['Clear view']","2026-08-26 19:33:25"
"13854496333","2026-08-29 23:59:18.239","2026-09-08 00:06:25.084","13854496333","161667294","[PREMIUM]","[PREMIUM]","M123","6","17_18","17",,2,"[2]",507,"Mezzanine",10,"Mobile Transfer ticket",1,"[PREMIUM]","[PREMIUM]","[PREMIUM]","[PREMIUM]",true,false,"['Clear view']","2026-08-29 16:16:25"
"13855755035","2026-08-29 23:59:18.174","2026-09-04 00:01:32.607","13855755035","161667294","[PREMIUM]","[PREMIUM]","M117","5","3_6","3",,4,"[1,2,4]",507,"Mezzanine",10,"Mobile Transfer ticket",1,"[PREMIUM]","[PREMIUM]","[PREMIUM]","[PREMIUM]",true,false,"['Clear view']","2026-08-29 18:56:43"
"13854104232","2026-08-29 23:59:18.138","2026-08-31 00:03:02.222","13854104232","161667294","[PREMIUM]","[PREMIUM]","218","1","_",,,2,"[2]",407,"Upper",10,"Mobile Transfer ticket",1,"[PREMIUM]","[PREMIUM]","[PREMIUM]","[PREMIUM]",true,false,"['Front Row of Section','Clear view']","2026-08-29 15:17:07"
"13834609569","2026-08-29 23:59:18.010","2026-09-02 23:49:02.617","13834609569","161667294","[PREMIUM]","[PREMIUM]","C119","13","5_6","5",,2,"[2]",1724,"Club",10,"Mobile Transfer ticket",1,"[PREMIUM]","[PREMIUM]","[PREMIUM]","[PREMIUM]",true,false,"['Clear view']","2026-08-27 21:16:39"
"13847309369","2026-08-29 23:59:18.010","2026-09-11 23:44:14.848","13847309369","161667294","[PREMIUM]","[PREMIUM]","C119","11","_",,,4,"[2,4]",1724,"Club",10,"Mobile Transfer ticket",14,"[PREMIUM]","[PREMIUM]","[PREMIUM]","[PREMIUM]",true,false,"['Clear view']","2026-08-28 22:05:18"
"13849335584","2026-08-29 23:59:17.960","2026-09-11 00:01:36.225","13849335584","161667319","[PREMIUM]","[PREMIUM]","M117","4","9001_9002","9001",,2,"[2]",507,"Mezzanine",10,"Mobile Transfer ticket",1,"[PREMIUM]","[PREMIUM]","[PREMIUM]","[PREMIUM]",true,false,"['Clear view']","2026-08-29 02:00:34"
"13847308959","2026-08-29 23:59:17.841","2026-09-11 23:44:20.773","13847308959","161667319","[PREMIUM]","[PREMIUM]","C120","16","_",,,2,"[2]",1724,"Club",10,"Mobile Transfer ticket",14,"[PREMIUM]","[PREMIUM]","[PREMIUM]","[PREMIUM]",true,false,"['Clear view']","2026-08-28 22:05:15"
"13818489664","2026-08-29 23:59:17.834","2026-08-29 23:59:17.834","13818489664","161667319","[PREMIUM]","[PREMIUM]","227","2","_",,,2,"[2]",407,"Upper",10,"Mobile Transfer ticket",1,"[PREMIUM]","[PREMIUM]","[PREMIUM]","[PREMIUM]",true,false,"['Second Row of Section','Clear view']","2026-08-26 14:44:34"
"13847308824","2026-08-29 23:59:17.817","2026-08-29 23:59:17.817","13847308824","161667319","[PREMIUM]","[PREMIUM]","126","2","_",,,3,"[1,3]",594,"Lower",10,"Mobile Transfer ticket",14,"[PREMIUM]","[PREMIUM]","[PREMIUM]","[PREMIUM]",true,false,"['Second Row of Section','Clear view']","2026-08-28 22:05:14"
"13847309298","2026-08-29 23:59:17.817","2026-09-11 23:44:20.527","13847309298","161667319","[PREMIUM]","[PREMIUM]","123","9","_",,,4,"[2,4]",594,"Lower",10,"Mobile Transfer ticket",14,"[PREMIUM]","[PREMIUM]","[PREMIUM]","[PREMIUM]",true,false,"['Clear view']","2026-08-28 22:05:18"
"13847308881","2026-08-29 23:59:17.817","2026-09-11 23:44:20.415","13847308881","161667319","[PREMIUM]","[PREMIUM]","C109","8","_",,,4,"[2,4]",1724,"Club",10,"Mobile Transfer ticket",14,"[PREMIUM]","[PREMIUM]","[PREMIUM]","[PREMIUM]",true,false,"['Clear view']","2026-08-28 22:05:14"
"13847308554","2026-08-29 23:59:17.817","2026-09-11 23:44:20.415","13847308554","161667319","[PREMIUM]","[PREMIUM]","C106","10","_",,,4,"[2,4]",1724,"Club",10,"Mobile Transfer ticket",14,"[PREMIUM]","[PREMIUM]","[PREMIUM]","[PREMIUM]",true,false,"['Clear view']","2026-08-28 22:05:13"
"13853142427","2026-08-29 23:59:17.726","2026-09-06 23:59:12.002","13853142427","161666888","[PREMIUM]","[PREMIUM]","123","15","5_5","5","5",1,"[1]",1687,"Lower Level",10,"Mobile Transfer ticket",1,"[PREMIUM]","[PREMIUM]","[PREMIUM]","[PREMIUM]",false,false,"['Clear view']","2026-08-29 12:26:30"
"13853142424","2026-08-29 23:59:17.726","2026-09-06 23:59:12.002","13853142424","161666888","[PREMIUM]","[PREMIUM]","123","14","7_7","7","7",1,"[1]",1687,"Lower Level",10,"Mobile Transfer ticket",1,"[PREMIUM]","[PREMIUM]","[PREMIUM]","[PREMIUM]",false,false,"['Clear view']","2026-08-29 12:26:30"
"13853142235","2026-08-29 23:59:17.726","2026-09-11 23:44:06.614","13853142235","161666888","[PREMIUM]","[PREMIUM]","113","18","17_18","17","18",2,"[2]",1687,"Lower Level",10,"Mobile Transfer ticket",1,"[PREMIUM]","[PREMIUM]","[PREMIUM]","[PREMIUM]",true,false,"['Clear view']","2026-08-29 12:26:29"
"13853142464","2026-08-29 23:59:17.726","2026-09-11 23:44:06.614","13853142464","161666888","[PREMIUM]","[PREMIUM]","124","15","1_1","1","1",1,"[1]",1687,"Lower Level",10,"Mobile Transfer ticket",1,"[PREMIUM]","[PREMIUM]","[PREMIUM]","[PREMIUM]",false,false,"['Clear view']","2026-08-29 12:26:30"
"13853142462","2026-08-29 23:59:17.726","2026-09-11 23:44:06.372","13853142462","161666888","[PREMIUM]","[PREMIUM]","124","13","1_1","1","1",1,"[1]",1687,"Lower Level",10,"Mobile Transfer ticket",1,"[PREMIUM]","[PREMIUM]","[PREMIUM]","[PREMIUM]",false,false,"['Clear view']","2026-08-29 12:26:30"
"13853142411","2026-08-29 23:59:17.726","2026-09-11 23:44:06.614","13853142411","161666888","[PREMIUM]","[PREMIUM]","122","26","7_10","7","10",4,"[1,2,4]",1687,"Lower Level",10,"Mobile Transfer ticket",1,"[PREMIUM]","[PREMIUM]","[PREMIUM]","[PREMIUM]",true,false,"['Clear view']","2026-08-29 12:26:30"
"13843120580","2026-08-29 23:59:17.550","2026-09-02 23:49:19.353","13843120580","161666888","[PREMIUM]","[PREMIUM]","307","3","_",,,4,"[2,4]",1713,"Middle Level",10,"Mobile Transfer ticket",1,"[PREMIUM]","[PREMIUM]","[PREMIUM]","[PREMIUM]",true,false,"['Third Row of Section','Clear view']","2026-08-28 14:30:24"
"13853142181","2026-08-29 23:59:17.498","2026-09-11 23:44:05.717","13853142181","161666888","[PREMIUM]","[PREMIUM]","104","20","7_7","7","7",1,"[1]",1687,"Lower Level",10,"Mobile Transfer ticket",1,"[PREMIUM]","[PREMIUM]","[PREMIUM]","[PREMIUM]",false,false,"['Clear view']","2026-08-29 12:26:28"
"13853142202","2026-08-29 23:59:17.498","2026-09-11 23:44:05.728","13853142202","161666888","[PREMIUM]","[PREMIUM]","110","20","5_5","5","5",1,"[1]",1687,"Lower Level",10,"Mobile Transfer ticket",1,"[PREMIUM]","[PREMIUM]","[PREMIUM]","[PREMIUM]",false,false,"['Clear view']","2026-08-29 12:26:28"
"13853142328","2026-08-29 23:59:17.498","2026-09-11 23:44:05.728","13853142328","161666888","[PREMIUM]","[PREMIUM]","115","20","11_11","11","11",1,"[1]",1687,"Lower Level",10,"Mobile Transfer ticket",1,"[PREMIUM]","[PREMIUM]","[PREMIUM]","[PREMIUM]",false,false,"['Clear view']","2026-08-29 12:26:29"
"13853142335","2026-08-29 23:59:17.487","2026-09-11 23:44:06.061","13853142335","161666888","[PREMIUM]","[PREMIUM]","116","20","3_3","3","3",1,"[1]",1687,"Lower Level",10,"Mobile Transfer ticket",1,"[PREMIUM]","[PREMIUM]","[PREMIUM]","[PREMIUM]",false,false,"['Clear view']","2026-08-29 12:26:29"
"13853142213","2026-08-29 23:59:17.487","2026-09-11 23:44:06.061","13853142213","161666888","[PREMIUM]","[PREMIUM]","111","18","7_7","7","7",1,"[1]",1687,"Lower Level",10,"Mobile Transfer ticket",1,"[PREMIUM]","[PREMIUM]","[PREMIUM]","[PREMIUM]",false,false,"['Clear view']","2026-08-29 12:26:28"
"13853142307","2026-08-29 23:59:17.487","2026-09-11 23:44:06.061","13853142307","161666888","[PREMIUM]","[PREMIUM]","114","18","10_10","10","10",1,"[1]",1687,"Lower Level",10,"Mobile Transfer ticket",1,"[PREMIUM]","[PREMIUM]","[PREMIUM]","[PREMIUM]",false,false,"['Clear view']","2026-08-29 12:26:29"
"13856042768","2026-08-29 23:59:17.402","2026-09-11 23:44:10.070","13856042768","161663461","[PREMIUM]","[PREMIUM]","101","9","_",,,4,"[2,4]",1687,"Lower Level",10,"Mobile Transfer ticket",14,"[PREMIUM]","[PREMIUM]","[PREMIUM]","[PREMIUM]",true,false,"['Clear view']","2026-08-29 19:31:10"
"13856042762","2026-08-29 23:59:17.402","2026-09-11 23:44:10.070","13856042762","161663461","[PREMIUM]","[PREMIUM]","102","2","_",,,6,"[1,2,4,6]",1687,"Lower Level",10,"Mobile Transfer ticket",14,"[PREMIUM]","[PREMIUM]","[PREMIUM]","[PREMIUM]",true,false,"['Clear view']","2026-08-29 19:31:10"
"13856043083","2026-08-29 23:59:17.394","2026-09-11 23:44:09.951","13856043083","161663461","[PREMIUM]","[PREMIUM]","102","B","_",,,4,"[2,4]",1687,"Lower Level",10,"Mobile Transfer ticket",14,"[PREMIUM]","[PREMIUM]","[PREMIUM]","[PREMIUM]",true,false,"['Second Row of Section','Clear view']","2026-08-29 19:31:27"
"13837095755","2026-08-29 23:59:17.350","2026-09-11 23:44:10.070","13837095755","161663461","[PREMIUM]","[PREMIUM]","101","10","17_18","17","18",2,"[2]",1687,"Lower Level",10,"Mobile Transfer ticket",1,"[PREMIUM]","[PREMIUM]","[PREMIUM]","[PREMIUM]",true,false,"['Clear view']","2026-08-28 01:19:20"
"13854260531","2026-08-29 23:59:17.350","2026-09-01 23:57:34.661","13854260531","161663461","[PREMIUM]","[PREMIUM]","112","6","_",,,4,"[1,2,4]",1687,"Lower Level",10,"Mobile Transfer ticket",1,"[PREMIUM]","[PREMIUM]","[PREMIUM]","[PREMIUM]",true,false,"['Clear view']","2026-08-29 15:44:05"
"13856042770","2026-08-29 23:59:17.350","2026-09-11 23:44:09.825","13856042770","161663461","[PREMIUM]","[PREMIUM]","102","3","_",,,4,"[2,4]",1687,"Lower Level",10,"Mobile Transfer ticket",14,"[PREMIUM]","[PREMIUM]","[PREMIUM]","[PREMIUM]",true,false,"['Clear view']","2026-08-29 19:31:10"
"13821303114","2026-08-29 23:59:17.277","2026-08-29 23:59:17.277","13821303114","161667294","[PREMIUM]","[PREMIUM]","208","6","_",,,2,"[2]",407,"Upper",10,"Mobile Transfer ticket",1,"[PREMIUM]","[PREMIUM]","[PREMIUM]","[PREMIUM]",true,false,"['Clear view']","2026-08-26 19:33:25"
"13847309472","2026-08-29 23:59:17.214","2026-09-11 23:44:14.001","13847309472","161667294","[PREMIUM]","[PREMIUM]","M105","9","_",,,6,"[1,2,4,6]",507,"Mezzanine",10,"Mobile Transfer ticket",14,"[PREMIUM]","[PREMIUM]","[PREMIUM]","[PREMIUM]",true,false,"['Clear view']","2026-08-28 22:05:19"
"13847309377","2026-08-29 23:59:17.105","2026-09-11 00:01:38.471","13847309377","161667294","[PREMIUM]","[PREMIUM]","M110","10","_",,,3,"[1,3]",507,"Mezzanine",10,"Mobile Transfer ticket",14,"[PREMIUM]","[PREMIUM]","[PREMIUM]","[PREMIUM]",true,false,"['Clear view']","2026-08-28 22:05:18"
"13847309439","2026-08-29 23:59:17.077","2026-09-11 00:01:38.271","13847309439","161667294","[PREMIUM]","[PREMIUM]","M110","13","_",,,4,"[2,4]",507,"Mezzanine",10,"Mobile Transfer ticket",14,"[PREMIUM]","[PREMIUM]","[PREMIUM]","[PREMIUM]",true,false,"['Clear view']","2026-08-28 22:05:19"
"13791084068","2026-08-29 23:59:16.987","2026-09-11 23:44:13.219","13791084068","161667294","[PREMIUM]","[PREMIUM]","M124","9","_",,,4,"[2,4]",507,"Mezzanine",10,"Mobile Transfer ticket",1,"[PREMIUM]","[PREMIUM]","[PREMIUM]","[PREMIUM]",true,false,"['Clear view']","2026-08-24 14:31:27"
"13791084082","2026-08-29 23:59:16.987","2026-09-11 23:44:13.219","13791084082","161667294","[PREMIUM]","[PREMIUM]","M124","8","_",,,3,"[1,3]",507,"Mezzanine",10,"Mobile Transfer ticket",1,"[PREMIUM]","[PREMIUM]","[PREMIUM]","[PREMIUM]",true,false,"['Clear view']","2026-08-24 14:31:27"
"13835621310","2026-08-29 23:59:16.987","2026-08-31 23:53:57.866","13835621310","161667294","[PREMIUM]","[PREMIUM]","207","3","1_4","1",,4,"[1,2,4]",407,"Upper",10,"Mobile Transfer ticket",1,"[PREMIUM]","[PREMIUM]","[PREMIUM]","[PREMIUM]",true,false,"['Third Row of Section','Clear view']","2026-08-27 22:51:29"
"13849743500","2026-08-29 23:59:16.929","2026-08-31 00:03:00.272","13849743500","161667294","[PREMIUM]","[PREMIUM]","210","9","3_6","3",,4,"[1,2,4]",407,"Upper",10,"Mobile Transfer ticket",1,"[PREMIUM]","[PREMIUM]","[PREMIUM]","[PREMIUM]",true,false,"['Clear view']","2026-08-29 03:08:12"
"13847309447","2026-08-29 23:59:16.929","2026-09-11 23:44:13.228","13847309447","161667294","[PREMIUM]","[PREMIUM]","M102","9","_",,,4,"[2,4]",507,"Mezzanine",10,"Mobile Transfer ticket",14,"[PREMIUM]","[PREMIUM]","[PREMIUM]","[PREMIUM]",true,false,"['Clear view']","2026-08-28 22:05:19"
"13848397771","2026-08-29 23:59:16.814","2026-09-01 23:57:46.014","13848397771","161667319","[PREMIUM]","[PREMIUM]","125","12","3_4","3",,2,"[2]",594,"Lower",10,"Mobile Transfer ticket",1,"[PREMIUM]","[PREMIUM]","[PREMIUM]","[PREMIUM]",true,false,"['Clear view']","2026-08-29 00:05:07"
"13847308888","2026-08-29 23:59:16.814","2026-09-11 00:01:35.086","13847308888","161667319","[PREMIUM]","[PREMIUM]","M105","7","_",,,2,"[2]",507,"Mezzanine",10,"Mobile Transfer ticket",14,"[PREMIUM]","[PREMIUM]","[PREMIUM]","[PREMIUM]",true,false,"['Clear view']","2026-08-28 22:05:15"
"13847309465","2026-08-29 23:59:16.814","2026-09-11 23:44:20.229","13847309465","161667319","[PREMIUM]","[PREMIUM]","125","16","_",,,4,"[2,4]",594,"Lower",10,"Mobile Transfer ticket",14,"[PREMIUM]","[PREMIUM]","[PREMIUM]","[PREMIUM]",true,false,"['Clear view']","2026-08-28 22:05:19"
"13856327621","2026-08-29 23:59:16.694","2026-08-29 23:59:16.694","13856327621","161667319","[PREMIUM]","[PREMIUM]","207","3","1_4","1",,4,"[1,2,4]",407,"Upper",10,"Mobile Transfer ticket",1,"[PREMIUM]","[PREMIUM]","[PREMIUM]","[PREMIUM]",true,false,"['Third Row of Section','Clear view']","2026-08-29 20:06:46"
"13858254707","2026-08-29 23:59:16.563","2026-08-29 23:59:16.563","13858254707","161667294","[PREMIUM]","[PREMIUM]","211","7","1_2","1",,2,"[2]",407,"Upper",10,"Mobile Transfer ticket",1,"[PREMIUM]","[PREMIUM]","[PREMIUM]","[PREMIUM]",true,false,"['Clear view']","2026-08-29 23:56:25"
"13847308887","2026-08-29 23:59:16.323","2026-09-11 23:44:19.257","13847308887","161667319","[PREMIUM]","[PREMIUM]","M101","10","_",,,4,"[2,4]",507,"Mezzanine",10,"Mobile Transfer ticket",14,"[PREMIUM]","[PREMIUM]","[PREMIUM]","[PREMIUM]",true,false,"['Clear view']","2026-08-28 22:05:15"
"13823769058","2026-08-29 23:59:16.202","2026-09-06 23:58:41.232","13823769058","161667319","[PREMIUM]","[PREMIUM]","229","5","_",,,2,"[2]",407,"Upper",10,"Mobile Transfer ticket",1,"[PREMIUM]","[PREMIUM]","[PREMIUM]","[PREMIUM]",true,false,"['Clear view']","2026-08-26 23:48:54"
"13856315154","2026-08-29 23:59:16.202","2026-08-29 23:59:16.202","13856315154","161667319","[PREMIUM]","[PREMIUM]","225","7","1_4","1",,4,"[1,2,4]",407,"Upper",10,"Mobile Transfer ticket",1,"[PREMIUM]","[PREMIUM]","[PREMIUM]","[PREMIUM]",true,false,"['Clear view']","2026-08-29 20:04:56"
"13856044652","2026-08-29 23:59:16.086","2026-09-11 23:44:09.957","13856044652","161663461","[PREMIUM]","[PREMIUM]","119","9","_",,,2,"[2]",1687,"Lower Level",10,"Mobile Transfer ticket",14,"[PREMIUM]","[PREMIUM]","[PREMIUM]","[PREMIUM]",true,false,"['Clear view']","2026-08-29 19:32:08"
"13856044530","2026-08-29 23:59:16.076","2026-09-11 00:05:13.457","13856044530","161663461","[PREMIUM]","[PREMIUM]","120","5","_",,,4,"[2,4]",1687,"Lower Level",10,"Mobile Transfer ticket",14,"[PREMIUM]","[PREMIUM]","[PREMIUM]","[PREMIUM]",true,false,"['Clear view']","2026-08-29 19:32:08"
"13854260555","2026-08-29 23:59:16.076","2026-09-11 00:05:13.500","13854260555","161663461","[PREMIUM]","[PREMIUM]","217","1","_",,,2,"[2]",300,"Club Level",10,"Mobile Transfer ticket",1,"[PREMIUM]","[PREMIUM]","[PREMIUM]","[PREMIUM]",true,false,"['Front Row of Section','Clear view']","2026-08-29 15:44:06"
"13856043522","2026-08-29 23:59:16.076","2026-09-11 23:44:09.652","13856043522","161663461","[PREMIUM]","[PREMIUM]","114","3","_",,,4,"[2,4]",1687,"Lower Level",10,"Mobile Transfer ticket",14,"[PREMIUM]","[PREMIUM]","[PREMIUM]","[PREMIUM]",true,false,"['Clear view']","2026-08-29 19:31:38"
"13837093287","2026-08-29 23:59:16.041","2026-09-11 23:44:16.119","13837093287","161663461","[PREMIUM]","[PREMIUM]","216","1","9_12","9","12",4,"[2,4]",300,"Club Level",10,"Mobile Transfer ticket",1,"[PREMIUM]","[PREMIUM]","[PREMIUM]","[PREMIUM]",true,false,"['Front Row of Section','Clear view']","2026-08-28 01:19:11"
"13856043163","2026-08-29 23:59:16.040","2026-09-11 00:05:13.533","13856043163","161663461","[PREMIUM]","[PREMIUM]","222","3","_",,,2,"[2]",300,"Club Level",10,"Mobile Transfer ticket",14,"[PREMIUM]","[PREMIUM]","[PREMIUM]","[PREMIUM]",true,false,"['Third Row of Section','Clear view']","2026-08-29 19:31:27"
"13856044532","2026-08-29 23:59:16.039","2026-09-11 23:44:09.652","13856044532","161663461","[PREMIUM]","[PREMIUM]","120","13","_",,,8,"[1,2,3,4,6,8]",1687,"Lower Level",10,"Mobile Transfer ticket",14,"[PREMIUM]","[PREMIUM]","[PREMIUM]","[PREMIUM]",true,false,"['Clear view']","2026-08-29 19:32:08"
"13856043033","2026-08-29 23:59:16.039","2026-09-11 23:44:09.652","13856043033","161663461","[PREMIUM]","[PREMIUM]","103","15","_",,,8,"[1,2,3,4,6,8]",1687,"Lower Level",10,"Mobile Transfer ticket",14,"[PREMIUM]","[PREMIUM]","[PREMIUM]","[PREMIUM]",true,false,"['Clear view']","2026-08-29 19:31:27"
"13856042769","2026-08-29 23:59:16.039","2026-09-11 23:44:09.652","13856042769","161663461","[PREMIUM]","[PREMIUM]","106","D","_",,,4,"[2,4]",1687,"Lower Level",10,"Mobile Transfer ticket",14,"[PREMIUM]","[PREMIUM]","[PREMIUM]","[PREMIUM]",true,false,"['Clear view']","2026-08-29 19:31:10"
"13856042772","2026-08-29 23:59:16.011","2026-09-04 00:03:00.592","13856042772","161663461","[PREMIUM]","[PREMIUM]","202","7","_",,,4,"[2,4]",300,"Club Level",10,"Mobile Transfer ticket",14,"[PREMIUM]","[PREMIUM]","[PREMIUM]","[PREMIUM]",true,false,"['Clear view']","2026-08-29 19:31:10"
"13856044528","2026-08-29 23:59:16.011","2026-09-11 23:44:09.691","13856044528","161663461","[PREMIUM]","[PREMIUM]","120","15","_",,,5,"[1,3,5]",1687,"Lower Level",10,"Mobile Transfer ticket",14,"[PREMIUM]","[PREMIUM]","[PREMIUM]","[PREMIUM]",true,false,"['Clear view']","2026-08-29 19:32:08"
"13856043027","2026-08-29 23:59:16.011","2026-09-11 23:44:09.691","13856043027","161663461","[PREMIUM]","[PREMIUM]","103","16","_",,,5,"[1,3,5]",1687,"Lower Level",10,"Mobile Transfer ticket",14,"[PREMIUM]","[PREMIUM]","[PREMIUM]","[PREMIUM]",true,false,"['Clear view']","2026-08-29 19:31:27"
"13854578047","2026-08-29 23:59:15.866","2026-09-11 23:44:09.639","13854578047","161663461","[PREMIUM]","[PREMIUM]","110","5","1_4","1","4",4,"[1,2,3,4]",1687,"Lower Level",10,"Mobile Transfer ticket",1,"[PREMIUM]","[PREMIUM]","[PREMIUM]","[PREMIUM]",true,false,"['Clear view']","2026-08-29 16:26:32"
"13856043235","2026-08-29 23:59:15.866","2026-09-11 23:44:09.639","13856043235","161663461","[PREMIUM]","[PREMIUM]","114","10","_",,,4,"[2,4]",1687,"Lower Level",10,"Mobile Transfer ticket",14,"[PREMIUM]","[PREMIUM]","[PREMIUM]","[PREMIUM]",true,false,"['Clear view']","2026-08-29 19:31:28"
"13856042777","2026-08-29 23:59:15.866","2026-09-11 23:44:09.639","13856042777","161663461","[PREMIUM]","[PREMIUM]","105","K","_",,,8,"[1,2,3,4,6,8]",1687,"Lower Level",10,"Mobile Transfer ticket",14,"[PREMIUM]","[PREMIUM]","[PREMIUM]","[PREMIUM]",true,false,"['Clear view']","2026-08-29 19:31:10"
"13854260648","2026-08-29 23:59:15.758","2026-09-11 23:44:09.691","13854260648","161663461","[PREMIUM]","[PREMIUM]","219","2","_",,,4,"[1,2,4]",300,"Club Level",10,"Mobile Transfer ticket",1,"[PREMIUM]","[PREMIUM]","[PREMIUM]","[PREMIUM]",true,false,"['Second Row of Section','Clear view']","2026-08-29 15:44:07"
"13856044535","2026-08-29 23:59:15.758","2026-09-11 23:44:09.585","13856044535","161663461","[PREMIUM]","[PREMIUM]","109","19","_",,,2,"[2]",1687,"Lower Level",10,"Mobile Transfer ticket",14,"[PREMIUM]","[PREMIUM]","[PREMIUM]","[PREMIUM]",true,false,"['Clear view']","2026-08-29 19:32:08"
"13856043485","2026-08-29 23:59:15.758","2026-09-11 23:44:09.957","13856043485","161663461","[PREMIUM]","[PREMIUM]","233","8","_",,,4,"[2,4]",300,"Club Level",10,"Mobile Transfer ticket",14,"[PREMIUM]","[PREMIUM]","[PREMIUM]","[PREMIUM]",true,false,"['Clear view']","2026-08-29 19:31:36"
"13856043216","2026-08-29 23:59:15.758","2026-09-11 23:44:09.691","13856043216","161663461","[PREMIUM]","[PREMIUM]","114","14","_",,,4,"[2,4]",1687,"Lower Level",10,"Mobile Transfer ticket",14,"[PREMIUM]","[PREMIUM]","[PREMIUM]","[PREMIUM]",true,false,"['Clear view']","2026-08-29 19:31:27"
"13854104521","2026-08-29 23:59:15.239","2026-08-29 23:59:15.239","13854104521","161667294","[PREMIUM]","[PREMIUM]","229","4","_",,,1,"[1]",407,"Upper",10,"Mobile Transfer ticket",1,"[PREMIUM]","[PREMIUM]","[PREMIUM]","[PREMIUM]",false,false,"['Clear view']","2026-08-29 15:17:07"
"13847309401","2026-08-29 23:59:15.216","2026-09-11 23:44:19.121","13847309401","161667294","[PREMIUM]","[PREMIUM]","204","7","_",,,2,"[2]",407,"Upper",10,"Mobile Transfer ticket",14,"[PREMIUM]","[PREMIUM]","[PREMIUM]","[PREMIUM]",true,false,"['Clear view']","2026-08-28 22:05:19"
"13808609640","2026-08-29 23:59:15.206","2026-09-11 23:44:12.689","13808609640","161667294","[PREMIUM]","[PREMIUM]","220","6","_",,,3,"[1,3]",407,"Upper",10,"Mobile Transfer ticket",1,"[PREMIUM]","[PREMIUM]","[PREMIUM]","[PREMIUM]",true,false,"['Clear view']","2026-08-25 18:59:49"
"13847309451","2026-08-29 23:59:15.187","2026-09-11 23:44:12.925","13847309451","161667294","[PREMIUM]","[PREMIUM]","204","6","_",,,4,"[2,4]",407,"Upper",10,"Mobile Transfer ticket",14,"[PREMIUM]","[PREMIUM]","[PREMIUM]","[PREMIUM]",true,false,"['Clear view']","2026-08-28 22:05:19"
"13847309446","2026-08-29 23:59:15.166","2026-09-11 23:44:12.689","13847309446","161667294","[PREMIUM]","[PREMIUM]","203","8","_",,,2,"[2]",407,"Upper",10,"Mobile Transfer ticket",14,"[PREMIUM]","[PREMIUM]","[PREMIUM]","[PREMIUM]",true,false,"['Clear view']","2026-08-28 22:05:19"
"13847309516","2026-08-29 23:59:15.135","2026-08-29 23:59:15.135","13847309516","161667294","[PREMIUM]","[PREMIUM]","218","9","_",,,4,"[2,4]",407,"Upper",10,"Mobile Transfer ticket",14,"[PREMIUM]","[PREMIUM]","[PREMIUM]","[PREMIUM]",true,false,"['Clear view']","2026-08-28 22:05:19"
"13847309471","2026-08-29 23:59:15.135","2026-09-11 23:44:12.689","13847309471","161667294","[PREMIUM]","[PREMIUM]","203","6","_",,,4,"[2,4]",407,"Upper",10,"Mobile Transfer ticket",14,"[PREMIUM]","[PREMIUM]","[PREMIUM]","[PREMIUM]",true,false,"['Clear view']","2026-08-28 22:05:19"
"13847309365","2026-08-29 23:59:14.851","2026-08-31 00:02:58.586","13847309365","161667294","[PREMIUM]","[PREMIUM]","201","10","_",,,3,"[1,3]",407,"Upper",10,"Mobile Transfer ticket",14,"[PREMIUM]","[PREMIUM]","[PREMIUM]","[PREMIUM]",true,false,"['Clear view']","2026-08-28 22:05:18"
"13847309426","2026-08-29 23:59:14.851","2026-09-01 23:57:44.909","13847309426","161667294","[PREMIUM]","[PREMIUM]","203","13","_",,,4,"[2,4]",407,"Upper",10,"Mobile Transfer ticket",14,"[PREMIUM]","[PREMIUM]","[PREMIUM]","[PREMIUM]",true,false,"['Clear view']","2026-08-28 22:05:19"
"13854038335","2026-08-29 23:59:14.834","2026-09-08 00:06:19.821","13854038335","161667319","[PREMIUM]","[PREMIUM]","206","11","18_21","18",,4,"[1,2,4]",407,"Upper",10,"Mobile Transfer ticket",1,"[PREMIUM]","[PREMIUM]","[PREMIUM]","[PREMIUM]",true,false,"['Clear view']","2026-08-29 15:05:03"
"13853154134","2026-08-29 23:59:14.251","2026-09-11 23:44:09.312","13853154134","161666869","[PREMIUM]","[PREMIUM]","120","2","19_20","19","20",2,"[2]",1687,"Lower Level",10,"Mobile Transfer ticket",1,"[PREMIUM]","[PREMIUM]","[PREMIUM]","[PREMIUM]",true,false,"['Second Row of Section','Clear view']","2026-08-29 12:30:19"
"13856043387","2026-08-29 23:59:13.899","2026-09-02 23:49:20.932","13856043387","161663461","[PREMIUM]","[PREMIUM]","228","7","_",,,8,"[1,2,3,4,6,8]",300,"Club Level",10,"Mobile Transfer ticket",14,"[PREMIUM]","[PREMIUM]","[PREMIUM]","[PREMIUM]",true,false,"['Clear view']","2026-08-29 19:31:33"
"13856043246","2026-08-29 23:59:13.899","2026-09-11 00:05:13.224","13856043246","161663461","[PREMIUM]","[PREMIUM]","317","2","_",,,8,"[1,2,3,4,6,8]",954,"Upper Level",10,"Mobile Transfer ticket",14,"[PREMIUM]","[PREMIUM]","[PREMIUM]","[PREMIUM]",true,false,"['Second Row of Section','Clear view']","2026-08-29 19:31:28"
"13840157991","2026-08-29 23:59:13.886","2026-09-01 23:57:34.334","13840157991","161666869","[PREMIUM]","[PREMIUM]","Courtside South","BB","_",,,4,"[1,2,3,4]",1679,"Courtside",10,"Mobile Transfer ticket",1,"[PREMIUM]","[PREMIUM]","[PREMIUM]","[PREMIUM]",true,false,"['Clear view']","2026-08-28 07:20:21"
"13853142380","2026-08-29 23:59:13.853","2026-09-08 00:07:21.382","13853142380","161666888","[PREMIUM]","[PREMIUM]","119","10","17_18","17","18",2,"[2]",1687,"Lower Level",10,"Mobile Transfer ticket",1,"[PREMIUM]","[PREMIUM]","[PREMIUM]","[PREMIUM]",true,false,"['Clear view']","2026-08-29 12:26:30"
"13853142356","2026-08-29 23:59:13.853","2026-09-09 00:00:44.688","13853142356","161666888","[PREMIUM]","[PREMIUM]","118","12","10_10","10","10",1,"[1]",1687,"Lower Level",10,"Mobile Transfer ticket",1,"[PREMIUM]","[PREMIUM]","[PREMIUM]","[PREMIUM]",false,false,"['Clear view']","2026-08-29 12:26:30"
"13853142191","2026-08-29 23:59:13.853","2026-09-11 23:44:06.939","13853142191","161666888","[PREMIUM]","[PREMIUM]","107","13","1_4","1","4",4,"[1,2,4]",1687,"Lower Level",10,"Mobile Transfer ticket",1,"[PREMIUM]","[PREMIUM]","[PREMIUM]","[PREMIUM]",true,false,"['Clear view']","2026-08-29 12:26:28"
"13853142224","2026-08-29 23:59:13.853","2026-09-11 23:44:06.939","13853142224","161666888","[PREMIUM]","[PREMIUM]","112","3","12_12","12","12",1,"[1]",1687,"Lower Level",10,"Mobile Transfer ticket",1,"[PREMIUM]","[PREMIUM]","[PREMIUM]","[PREMIUM]",false,false,"['Clear view']","2026-08-29 12:26:29"
"13853142187","2026-08-29 23:59:13.853","2026-09-11 23:44:06.939","13853142187","161666888","[PREMIUM]","[PREMIUM]","106","12","5_5","5","5",1,"[1]",1687,"Lower Level",10,"Mobile Transfer ticket",1,"[PREMIUM]","[PREMIUM]","[PREMIUM]","[PREMIUM]",false,false,"['Clear view']","2026-08-29 12:26:28"
"13853142400","2026-08-29 23:59:13.853","2026-09-11 23:44:06.939","13853142400","161666888","[PREMIUM]","[PREMIUM]","120","2","19_20","19","20",2,"[2]",1687,"Lower Level",10,"Mobile Transfer ticket",1,"[PREMIUM]","[PREMIUM]","[PREMIUM]","[PREMIUM]",true,false,"['Second Row of Section','Clear view']","2026-08-29 12:26:30"
"13856044729","2026-08-29 23:59:13.763","2026-09-06 23:59:13.554","13856044729","161663461","[PREMIUM]","[PREMIUM]","306","10","_",,,8,"[1,2,3,4,6,8]",954,"Upper Level",10,"Mobile Transfer ticket",14,"[PREMIUM]","[PREMIUM]","[PREMIUM]","[PREMIUM]",true,false,"['Clear view']","2026-08-29 19:32:09"
"13856042781","2026-08-29 23:59:13.763","2026-09-09 00:00:42.380","13856042781","161663461","[PREMIUM]","[PREMIUM]","313","11","_",,,5,"[1,3,5]",954,"Upper Level",10,"Mobile Transfer ticket",14,"[PREMIUM]","[PREMIUM]","[PREMIUM]","[PREMIUM]",true,false,"['Clear view']","2026-08-29 19:31:10"
"13856043176","2026-08-29 23:59:13.763","2026-09-11 23:44:08.523","13856043176","161663461","[PREMIUM]","[PREMIUM]","323","9","_",,,5,"[1,3,5]",954,"Upper Level",10,"Mobile Transfer ticket",14,"[PREMIUM]","[PREMIUM]","[PREMIUM]","[PREMIUM]",true,false,"['Clear view']","2026-08-29 19:31:27"
"13856043175","2026-08-29 23:59:13.763","2026-09-11 23:44:08.586","13856043175","161663461","[PREMIUM]","[PREMIUM]","322","11","_",,,5,"[1,3,5]",954,"Upper Level",10,"Mobile Transfer ticket",14,"[PREMIUM]","[PREMIUM]","[PREMIUM]","[PREMIUM]",true,false,"['Clear view']","2026-08-29 19:31:27"
"13856042782","2026-08-29 23:59:13.763","2026-09-11 23:44:08.586","13856042782","161663461","[PREMIUM]","[PREMIUM]","308","6","_",,,4,"[2,4]",954,"Upper Level",10,"Mobile Transfer ticket",14,"[PREMIUM]","[PREMIUM]","[PREMIUM]","[PREMIUM]",true,false,"['Clear view']","2026-08-29 19:31:10"
"13856042776","2026-08-29 23:59:13.763","2026-09-11 23:44:08.586","13856042776","161663461","[PREMIUM]","[PREMIUM]","311","10","_",,,4,"[2,4]",954,"Upper Level",10,"Mobile Transfer ticket",14,"[PREMIUM]","[PREMIUM]","[PREMIUM]","[PREMIUM]",true,false,"['Clear view']","2026-08-29 19:31:10"
"13837077400","2026-08-29 23:59:13.725","2026-09-04 00:02:57.764","13837077400","161663461","[PREMIUM]","[PREMIUM]","Banner Seats","1","53_56","53","56",4,"[2,4]",33755,"Banner Seats",10,"Mobile Transfer ticket",1,"[PREMIUM]","[PREMIUM]","[PREMIUM]","[PREMIUM]",true,true,"['Includes club access','Clear view']","2026-08-28 01:18:17"
"13856043205","2026-08-29 23:59:13.725","2026-09-11 23:44:09.615","13856043205","161663461","[PREMIUM]","[PREMIUM]","226","7","_",,,8,"[1,2,3,4,6,8]",300,"Club Level",10,"Mobile Transfer ticket",14,"[PREMIUM]","[PREMIUM]","[PREMIUM]","[PREMIUM]",true,false,"['Clear view']","2026-08-29 19:31:27"
"13856043707","2026-08-29 23:59:13.693","2026-08-29 23:59:13.693","13856043707","161663461","[PREMIUM]","[PREMIUM]","302","6","_",,,8,"[1,2,3,4,6,8]",954,"Upper Level",10,"Mobile Transfer ticket",14,"[PREMIUM]","[PREMIUM]","[PREMIUM]","[PREMIUM]",true,false,"['Clear view']","2026-08-29 19:31:46"
"13856043529","2026-08-29 23:59:13.693","2026-09-11 23:44:08.751","13856043529","161663461","[PREMIUM]","[PREMIUM]","334","8","_",,,8,"[1,2,3,4,6,8]",954,"Upper Level",10,"Mobile Transfer ticket",14,"[PREMIUM]","[PREMIUM]","[PREMIUM]","[PREMIUM]",true,false,"['Clear view']","2026-08-29 19:31:38"
"13856042788","2026-08-29 23:59:13.693","2026-09-11 23:44:08.751","13856042788","161663461","[PREMIUM]","[PREMIUM]","316","4","_",,,2,"[2]",954,"Upper Level",10,"Mobile Transfer ticket",14,"[PREMIUM]","[PREMIUM]","[PREMIUM]","[PREMIUM]",true,false,"['Clear view']","2026-08-29 19:31:11"
"13856043542","2026-08-29 23:59:13.594","2026-09-11 23:44:08.870","13856043542","161663461","[PREMIUM]","[PREMIUM]","304","3","_",,,8,"[1,2,3,4,6,8]",954,"Upper Level",10,"Mobile Transfer ticket",14,"[PREMIUM]","[PREMIUM]","[PREMIUM]","[PREMIUM]",true,false,"['Third Row of Section','Clear view']","2026-08-29 19:31:38"
"13856044678","2026-08-29 23:59:13.592","2026-09-01 23:57:31.907","13856044678","161663461","[PREMIUM]","[PREMIUM]","305","5","_",,,5,"[1,3,5]",954,"Upper Level",10,"Mobile Transfer ticket",14,"[PREMIUM]","[PREMIUM]","[PREMIUM]","[PREMIUM]",true,false,"['Clear view']","2026-08-29 19:32:09"
"13856043385","2026-08-29 23:59:13.592","2026-09-11 23:44:08.577","13856043385","161663461","[PREMIUM]","[PREMIUM]","326","5","_",,,8,"[1,2,3,4,6,8]",954,"Upper Level",10,"Mobile Transfer ticket",14,"[PREMIUM]","[PREMIUM]","[PREMIUM]","[PREMIUM]",true,false,"['Clear view']","2026-08-29 19:31:33"
"13856043041","2026-08-29 23:59:13.592","2026-09-11 23:44:08.577","13856043041","161663461","[PREMIUM]","[PREMIUM]","313","10","_",,,8,"[1,2,3,4,6,8]",954,"Upper Level",10,"Mobile Transfer ticket",14,"[PREMIUM]","[PREMIUM]","[PREMIUM]","[PREMIUM]",true,false,"['Clear view']","2026-08-29 19:31:27"
"13856043036","2026-08-29 23:59:13.592","2026-09-11 23:44:08.577","13856043036","161663461","[PREMIUM]","[PREMIUM]","309","7","_",,,8,"[1,2,3,4,6,8]",954,"Upper Level",10,"Mobile Transfer ticket",14,"[PREMIUM]","[PREMIUM]","[PREMIUM]","[PREMIUM]",true,false,"['Clear view']","2026-08-29 19:31:27"
"13856043030","2026-08-29 23:59:13.592","2026-09-11 23:44:08.577","13856043030","161663461","[PREMIUM]","[PREMIUM]","307","9","_",,,8,"[1,2,3,4,6,8]",954,"Upper Level",10,"Mobile Transfer ticket",14,"[PREMIUM]","[PREMIUM]","[PREMIUM]","[PREMIUM]",true,false,"['Clear view']","2026-08-29 19:31:27"
"13856043218","2026-08-29 23:59:13.587","2026-08-31 23:53:50.981","13856043218","161663461","[PREMIUM]","[PREMIUM]","307","11","_",,,4,"[2,4]",954,"Upper Level",10,"Mobile Transfer ticket",14,"[PREMIUM]","[PREMIUM]","[PREMIUM]","[PREMIUM]",true,false,"['Clear view']","2026-08-29 19:31:27"
"13856044536","2026-08-29 23:59:13.587","2026-09-11 23:44:08.523","13856044536","161663461","[PREMIUM]","[PREMIUM]","328","8","_",,,4,"[2,4]",954,"Upper Level",10,"Mobile Transfer ticket",14,"[PREMIUM]","[PREMIUM]","[PREMIUM]","[PREMIUM]",true,false,"['Clear view']","2026-08-29 19:32:08"
"13856043386","2026-08-29 23:59:13.587","2026-09-11 23:44:08.586","13856043386","161663461","[PREMIUM]","[PREMIUM]","330","11","_",,,2,"[2]",954,"Upper Level",10,"Mobile Transfer ticket",14,"[PREMIUM]","[PREMIUM]","[PREMIUM]","[PREMIUM]",true,false,"['Clear view']","2026-08-29 19:31:33"
"13856043380","2026-08-29 23:59:13.587","2026-09-11 23:44:08.523","13856043380","161663461","[PREMIUM]","[PREMIUM]","327","9","_",,,2,"[2]",954,"Upper Level",10,"Mobile Transfer ticket",14,"[PREMIUM]","[PREMIUM]","[PREMIUM]","[PREMIUM]",true,false,"['Clear view']","2026-08-29 19:31:33"
"13856043379","2026-08-29 23:59:13.587","2026-09-11 23:44:08.523","13856043379","161663461","[PREMIUM]","[PREMIUM]","324","11","_",,,2,"[2]",954,"Upper Level",10,"Mobile Transfer ticket",14,"[PREMIUM]","[PREMIUM]","[PREMIUM]","[PREMIUM]",true,false,"['Clear view']","2026-08-29 19:31:33"
"13856043026","2026-08-29 23:59:13.572","2026-09-11 23:44:08.866","13856043026","161663461","[PREMIUM]","[PREMIUM]","314","4","_",,,4,"[2,4]",954,"Upper Level",10,"Mobile Transfer ticket",14,"[PREMIUM]","[PREMIUM]","[PREMIUM]","[PREMIUM]",true,false,"['Clear view']","2026-08-29 19:31:27"
"13856043420","2026-08-29 23:59:13.553","2026-09-06 23:59:13.426","13856043420","161663461","[PREMIUM]","[PREMIUM]","330","5","_",,,8,"[1,2,3,4,6,8]",954,"Upper Level",10,"Mobile Transfer ticket",14,"[PREMIUM]","[PREMIUM]","[PREMIUM]","[PREMIUM]",true,false,"['Clear view']","2026-08-29 19:31:33"
"13856043563","2026-08-29 23:59:13.474","2026-09-11 23:44:08.866","13856043563","161663461","[PREMIUM]","[PREMIUM]","304","5","_",,,7,"[1,2,3,5,7]",954,"Upper Level",10,"Mobile Transfer ticket",14,"[PREMIUM]","[PREMIUM]","[PREMIUM]","[PREMIUM]",true,false,"['Clear view']","2026-08-29 19:31:38"
"13856043327","2026-08-29 23:59:13.448","2026-08-31 23:53:51.539","13856043327","161663461","[PREMIUM]","[PREMIUM]","228","8","_",,,4,"[2,4]",300,"Club Level",10,"Mobile Transfer ticket",14,"[PREMIUM]","[PREMIUM]","[PREMIUM]","[PREMIUM]",true,false,"['Clear view']","2026-08-29 19:31:33"
"13856043603","2026-08-29 23:59:13.448","2026-09-11 23:44:08.956","13856043603","161663461","[PREMIUM]","[PREMIUM]","208","8","_",,,2,"[2]",300,"Club Level",10,"Mobile Transfer ticket",14,"[PREMIUM]","[PREMIUM]","[PREMIUM]","[PREMIUM]",true,false,"['Clear view']","2026-08-29 19:31:38"
"13856043382","2026-08-29 23:59:13.409","2026-09-11 23:44:08.575","13856043382","161663461","[PREMIUM]","[PREMIUM]","322","9","_",,,8,"[1,2,3,4,6,8]",954,"Upper Level",10,"Mobile Transfer ticket",14,"[PREMIUM]","[PREMIUM]","[PREMIUM]","[PREMIUM]",true,false,"['Clear view']","2026-08-29 19:31:33"
"13853154083","2026-08-29 23:59:13.316","2026-09-11 23:44:09.312","13853154083","161666869","[PREMIUM]","[PREMIUM]","118","18","5_8","5","8",4,"[1,2,4]",1687,"Lower Level",10,"Mobile Transfer ticket",1,"[PREMIUM]","[PREMIUM]","[PREMIUM]","[PREMIUM]",true,false,"['Clear view']","2026-08-29 12:30:19"
"13843120660","2026-08-29 23:59:13.275","2026-09-09 00:00:44.141","13843120660","161666888","[PREMIUM]","[PREMIUM]","119","11","_",,,2,"[2]",1687,"Lower Level",10,"Mobile Transfer ticket",1,"[PREMIUM]","[PREMIUM]","[PREMIUM]","[PREMIUM]",true,false,"['Clear view']","2026-08-28 14:30:24"
"13853142360","2026-08-29 23:59:13.275","2026-09-09 00:00:44.688","13853142360","161666888","[PREMIUM]","[PREMIUM]","118","16","9_12","9","12",4,"[1,2,4]",1687,"Lower Level",10,"Mobile Transfer ticket",1,"[PREMIUM]","[PREMIUM]","[PREMIUM]","[PREMIUM]",true,false,"['Clear view']","2026-08-29 12:26:30"
"13853142351","2026-08-29 23:59:13.275","2026-09-09 00:00:44.688","13853142351","161666888","[PREMIUM]","[PREMIUM]","118","10","9_12","9","12",4,"[1,2,4]",1687,"Lower Level",10,"Mobile Transfer ticket",1,"[PREMIUM]","[PREMIUM]","[PREMIUM]","[PREMIUM]",true,false,"['Clear view']","2026-08-29 12:26:30"
"13853142283","2026-08-29 23:59:13.275","2026-09-08 00:07:21.382","13853142283","161666888","[PREMIUM]","[PREMIUM]","113","3","10_10","10","10",1,"[1]",1687,"Lower Level",10,"Mobile Transfer ticket",1,"[PREMIUM]","[PREMIUM]","[PREMIUM]","[PREMIUM]",false,false,"['Clear view']","2026-08-29 12:26:29"
"13853142220","2026-08-29 23:59:13.275","2026-09-09 00:00:44.688","13853142220","161666888","[PREMIUM]","[PREMIUM]","112","2","16_16","16","16",1,"[1]",1687,"Lower Level",10,"Mobile Transfer ticket",1,"[PREMIUM]","[PREMIUM]","[PREMIUM]","[PREMIUM]",false,false,"['Clear view']","2026-08-29 12:26:28"
"13853142169","2026-08-29 23:59:13.275","2026-09-09 00:00:44.688","13853142169","161666888","[PREMIUM]","[PREMIUM]","101","3","17_17","17","17",1,"[1]",1687,"Lower Level",10,"Mobile Transfer ticket",1,"[PREMIUM]","[PREMIUM]","[PREMIUM]","[PREMIUM]",false,false,"['Clear view']","2026-08-29 12:26:28"
"13853142361","2026-08-29 23:59:13.274","2026-09-11 23:44:06.886","13853142361","161666888","[PREMIUM]","[PREMIUM]","118","18","5_8","5","8",4,"[1,2,4]",1687,"Lower Level",10,"Mobile Transfer ticket",1,"[PREMIUM]","[PREMIUM]","[PREMIUM]","[PREMIUM]",true,false,"['Clear view']","2026-08-29 12:26:30"
"13853142301","2026-08-29 23:59:13.112","2026-09-11 23:44:06.817","13853142301","161666888","[PREMIUM]","[PREMIUM]","113","7","7_8","7","8",2,"[2]",1687,"Lower Level",10,"Mobile Transfer ticket",1,"[PREMIUM]","[PREMIUM]","[PREMIUM]","[PREMIUM]",true,false,"['Clear view']","2026-08-29 12:26:29"
"13853142207","2026-08-29 23:59:13.112","2026-09-11 23:44:06.817","13853142207","161666888","[PREMIUM]","[PREMIUM]","111","11","3_5","3","5",3,"[1,3]",1687,"Lower Level",10,"Mobile Transfer ticket",1,"[PREMIUM]","[PREMIUM]","[PREMIUM]","[PREMIUM]",true,false,"['Third Row of Section','Clear view']","2026-08-29 12:26:28"
"13853153817","2026-08-29 23:59:13.013","2026-09-04 00:03:02.638","13853153817","161666869","[PREMIUM]","[PREMIUM]","113","3","3_3","3","3",1,"[1]",1687,"Lower Level",10,"Mobile Transfer ticket",1,"[PREMIUM]","[PREMIUM]","[PREMIUM]","[PREMIUM]",false,false,"['Clear view']","2026-08-29 12:30:16"
"13853153644","2026-08-29 23:59:13.013","2026-09-11 23:44:09.167","13853153644","161666869","[PREMIUM]","[PREMIUM]","112","2","16_16","16","16",1,"[1]",1687,"Lower Level",10,"Mobile Transfer ticket",1,"[PREMIUM]","[PREMIUM]","[PREMIUM]","[PREMIUM]",false,false,"['Clear view']","2026-08-29 12:30:10"
"13853153534","2026-08-29 23:59:13.013","2026-09-11 23:44:09.167","13853153534","161666869","[PREMIUM]","[PREMIUM]","101","3","17_17","17","17",1,"[1]",1687,"Lower Level",10,"Mobile Transfer ticket",1,"[PREMIUM]","[PREMIUM]","[PREMIUM]","[PREMIUM]",false,false,"['Clear view']","2026-08-29 12:30:04"
"13853153751","2026-08-29 23:59:12.833","2026-09-11 23:44:08.597","13853153751","161666869","[PREMIUM]","[PREMIUM]","104","5","1_1","1","1",1,"[1]",1687,"Lower Level",10,"Mobile Transfer ticket",1,"[PREMIUM]","[PREMIUM]","[PREMIUM]","[PREMIUM]",false,false,"['Second Row of Section','Clear view']","2026-08-29 12:30:15"
"13853153583","2026-08-29 23:59:12.833","2026-09-11 23:44:08.597","13853153583","161666869","[PREMIUM]","[PREMIUM]","104","8","3_3","3","3",1,"[1]",1687,"Lower Level",10,"Mobile Transfer ticket",1,"[PREMIUM]","[PREMIUM]","[PREMIUM]","[PREMIUM]",false,false,"['Clear view']","2026-08-29 12:30:05"
"13853153582","2026-08-29 23:59:12.833","2026-09-11 23:44:08.597","13853153582","161666869","[PREMIUM]","[PREMIUM]","104","7","1_1","1","1",1,"[1]",1687,"Lower Level",10,"Mobile Transfer ticket",1,"[PREMIUM]","[PREMIUM]","[PREMIUM]","[PREMIUM]",false,false,"['Clear view']","2026-08-29 12:30:05"
"13853153566","2026-08-29 23:59:12.833","2026-09-11 23:44:08.597","13853153566","161666869","[PREMIUM]","[PREMIUM]","101","5","19_19","19","19",1,"[1]",1687,"Lower Level",10,"Mobile Transfer ticket",1,"[PREMIUM]","[PREMIUM]","[PREMIUM]","[PREMIUM]",false,false,"['Clear view']","2026-08-29 12:30:05"
"13853154170","2026-08-29 23:59:12.719","2026-09-08 00:07:20.518","13853154170","161666869","[PREMIUM]","[PREMIUM]","123","14","7_7","7","7",1,"[1]",1687,"Lower Level",10,"Mobile Transfer ticket",1,"[PREMIUM]","[PREMIUM]","[PREMIUM]","[PREMIUM]",false,false,"['Clear view']","2026-08-29 12:30:20"
"13853154169","2026-08-29 23:59:12.719","2026-09-08 00:07:20.518","13853154169","161666869","[PREMIUM]","[PREMIUM]","123","15","5_5","5","5",1,"[1]",1687,"Lower Level",10,"Mobile Transfer ticket",1,"[PREMIUM]","[PREMIUM]","[PREMIUM]","[PREMIUM]",false,false,"['Clear view']","2026-08-29 12:30:20"
"13853154205","2026-08-29 23:59:12.719","2026-09-11 23:44:08.252","13853154205","161666869","[PREMIUM]","[PREMIUM]","124","11","8_8","8","8",1,"[1]",1687,"Lower Level",10,"Mobile Transfer ticket",1,"[PREMIUM]","[PREMIUM]","[PREMIUM]","[PREMIUM]",false,false,"['Clear view']","2026-08-29 12:30:21"
"13853752875","2026-08-29 23:59:12.606","2026-08-29 23:59:12.606","13853752875","161666869","[PREMIUM]","[PREMIUM]","309","3","9001_9002","9001",,2,"[2]",1713,"Middle Level",10,"Mobile Transfer ticket",13,"[PREMIUM]","[PREMIUM]","[PREMIUM]","[PREMIUM]",true,false,"['Third Row of Section','Clear view']","2026-08-29 14:07:39"
"13853153942","2026-08-29 23:59:12.603","2026-08-29 23:59:12.603","13853153942","161666869","[PREMIUM]","[PREMIUM]","115","15","5_5","5","5",1,"[1]",1687,"Lower Level",10,"Mobile Transfer ticket",1,"[PREMIUM]","[PREMIUM]","[PREMIUM]","[PREMIUM]",false,false,"['Second Row of Section','Clear view']","2026-08-29 12:30:18"
"13853154225","2026-08-29 23:59:12.603","2026-09-08 00:07:20.763","13853154225","161666869","[PREMIUM]","[PREMIUM]","123","16","9_9","9","9",1,"[1]",1687,"Lower Level",10,"Mobile Transfer ticket",1,"[PREMIUM]","[PREMIUM]","[PREMIUM]","[PREMIUM]",false,false,"['Clear view']","2026-08-29 12:30:21"
"13853153773","2026-08-29 23:59:12.603","2026-09-10 00:01:49.644","13853153773","161666869","[PREMIUM]","[PREMIUM]","113","13","11_11","11","11",1,"[1]",1687,"Lower Level",10,"Mobile Transfer ticket",1,"[PREMIUM]","[PREMIUM]","[PREMIUM]","[PREMIUM]",false,false,"['Clear view']","2026-08-29 12:30:15"
"13853153615","2026-08-29 23:59:12.603","2026-09-10 00:01:49.812","13853153615","161666869","[PREMIUM]","[PREMIUM]","111","15","9_9","9","9",1,"[1]",1687,"Lower Level",10,"Mobile Transfer ticket",1,"[PREMIUM]","[PREMIUM]","[PREMIUM]","[PREMIUM]",false,false,"['Clear view']","2026-08-29 12:30:08"
"13853154164","2026-08-29 23:59:12.603","2026-09-11 00:05:09.646","13853154164","161666869","[PREMIUM]","[PREMIUM]","123","13","7_7","7","7",1,"[1]",1687,"Lower Level",10,"Mobile Transfer ticket",1,"[PREMIUM]","[PREMIUM]","[PREMIUM]","[PREMIUM]",false,false,"['Clear view']","2026-08-29 12:30:20"
"13853153750","2026-08-29 23:59:12.603","2026-09-11 00:05:09.646","13853153750","161666869","[PREMIUM]","[PREMIUM]","111","18","7_7","7","7",1,"[1]",1687,"Lower Level",10,"Mobile Transfer ticket",1,"[PREMIUM]","[PREMIUM]","[PREMIUM]","[PREMIUM]",false,false,"['Clear view']","2026-08-29 12:30:15"
"13853142164","2026-08-29 23:59:12.531","2026-09-08 00:07:20.148","13853142164","161666888","[PREMIUM]","[PREMIUM]","102","11","3_3","3","3",1,"[1]",1687,"Lower Level",10,"Mobile Transfer ticket",1,"[PREMIUM]","[PREMIUM]","[PREMIUM]","[PREMIUM]",false,false,"['Third Row of Section','Clear view']","2026-08-29 12:26:28"
"13853142174","2026-08-29 23:59:12.531","2026-09-11 23:44:06.581","13853142174","161666888","[PREMIUM]","[PREMIUM]","102","12","6_6","6","6",1,"[1]",1687,"Lower Level",10,"Mobile Transfer ticket",1,"[PREMIUM]","[PREMIUM]","[PREMIUM]","[PREMIUM]",false,false,"['Clear view']","2026-08-29 12:26:28"
"13853142349","2026-08-29 23:59:12.531","2026-09-11 23:44:06.581","13853142349","161666888","[PREMIUM]","[PREMIUM]","117","12","17_18","17","18",2,"[2]",1687,"Lower Level",10,"Mobile Transfer ticket",1,"[PREMIUM]","[PREMIUM]","[PREMIUM]","[PREMIUM]",true,false,"['Clear view']","2026-08-29 12:26:30"
"13853142397","2026-08-29 23:59:12.531","2026-09-11 23:44:06.581","13853142397","161666888","[PREMIUM]","[PREMIUM]","120","15","7_9","7","9",3,"[1,3]",1687,"Lower Level",10,"Mobile Transfer ticket",1,"[PREMIUM]","[PREMIUM]","[PREMIUM]","[PREMIUM]",true,false,"['Clear view']","2026-08-29 12:26:30"
"13853142398","2026-08-29 23:59:12.531","2026-09-11 23:44:06.581","13853142398","161666888","[PREMIUM]","[PREMIUM]","120","14","7_18","7","18",12,"[1,2,3,4,5,6,7,8,9,10,12]",1687,"Lower Level",10,"Mobile Transfer ticket",1,"[PREMIUM]","[PREMIUM]","[PREMIUM]","[PREMIUM]",true,false,"['Clear view']","2026-08-29 12:26:30"
"13853142165","2026-08-29 23:59:12.531","2026-09-11 00:05:10.545","13853142165","161666888","[PREMIUM]","[PREMIUM]","102","10","7_7","7","7",1,"[1]",1687,"Lower Level",10,"Mobile Transfer ticket",1,"[PREMIUM]","[PREMIUM]","[PREMIUM]","[PREMIUM]",false,false,"['Second Row of Section','Clear view']","2026-08-29 12:26:28"
"13854966621","2026-08-29 23:59:12.425","2026-09-11 23:44:08.150","13854966621","161666869","[PREMIUM]","[PREMIUM]","117","15","9_10","9","10",2,"[2]",1687,"Lower Level",10,"Mobile Transfer ticket",1,"[PREMIUM]","[PREMIUM]","[PREMIUM]","[PREMIUM]",true,false,"['Clear view']","2026-08-29 17:11:23"
"13853142404","2026-08-29 23:59:12.353","2026-09-02 23:49:21.044","13853142404","161666888","[PREMIUM]","[PREMIUM]","120","20","7_10","7","10",4,"[1,2,4]",1687,"Lower Level",10,"Mobile Transfer ticket",1,"[PREMIUM]","[PREMIUM]","[PREMIUM]","[PREMIUM]",true,false,"['Clear view']","2026-08-29 12:26:30"
"13853142229","2026-08-29 23:59:12.353","2026-09-11 23:44:06.581","13853142229","161666888","[PREMIUM]","[PREMIUM]","113","11","11_13","11","13",3,"[1,3]",1687,"Lower Level",10,"Mobile Transfer ticket",1,"[PREMIUM]","[PREMIUM]","[PREMIUM]","[PREMIUM]",true,false,"['Clear view']","2026-08-29 12:26:29"
"13853142298","2026-08-29 23:59:12.353","2026-09-11 23:44:06.584","13853142298","161666888","[PREMIUM]","[PREMIUM]","114","12","3_3","3","3",1,"[1]",1687,"Lower Level",10,"Mobile Transfer ticket",1,"[PREMIUM]","[PREMIUM]","[PREMIUM]","[PREMIUM]",false,false,"['Clear view']","2026-08-29 12:26:29"
"13843120692","2026-08-29 23:59:12.329","2026-09-09 00:00:42.926","13843120692","161666888","[PREMIUM]","[PREMIUM]","107","16","_",,,2,"[2]",1687,"Lower Level",10,"Mobile Transfer ticket",1,"[PREMIUM]","[PREMIUM]","[PREMIUM]","[PREMIUM]",true,false,"['Clear view']","2026-08-28 14:30:24"
"13853153541","2026-08-29 23:59:12.321","2026-09-11 23:44:08.252","13853153541","161666869","[PREMIUM]","[PREMIUM]","103","15","5_5","5","5",1,"[1]",1687,"Lower Level",10,"Mobile Transfer ticket",1,"[PREMIUM]","[PREMIUM]","[PREMIUM]","[PREMIUM]",false,false,"['Second Row of Section','Clear view']","2026-08-29 12:30:05"
"13853153744","2026-08-29 23:59:12.321","2026-09-11 23:44:08.252","13853153744","161666869","[PREMIUM]","[PREMIUM]","110","15","3_3","3","3",1,"[1]",1687,"Lower Level",10,"Mobile Transfer ticket",1,"[PREMIUM]","[PREMIUM]","[PREMIUM]","[PREMIUM]",false,false,"['Second Row of Section','Clear view']","2026-08-29 12:30:15"
"13853153630","2026-08-29 23:59:12.321","2026-09-11 23:44:08.252","13853153630","161666869","[PREMIUM]","[PREMIUM]","110","20","5_5","5","5",1,"[1]",1687,"Lower Level",10,"Mobile Transfer ticket",1,"[PREMIUM]","[PREMIUM]","[PREMIUM]","[PREMIUM]",false,false,"['Clear view']","2026-08-29 12:30:09"
"13853153577","2026-08-29 23:59:12.321","2026-09-11 23:44:08.252","13853153577","161666869","[PREMIUM]","[PREMIUM]","104","20","7_7","7","7",1,"[1]",1687,"Lower Level",10,"Mobile Transfer ticket",1,"[PREMIUM]","[PREMIUM]","[PREMIUM]","[PREMIUM]",false,false,"['Clear view']","2026-08-29 12:30:05"
"13706908246","2026-08-29 23:59:12.257","2026-09-06 23:59:11.894","13706908246","161663461","[PREMIUM]","[PREMIUM]","313","16","21_23","21","23",3,"[1,3]",954,"Upper Level",10,"Mobile Transfer ticket",1,"[PREMIUM]","[PREMIUM]","[PREMIUM]","[PREMIUM]",true,false,"['Clear view']","2026-08-17 20:00:04"
"13856044726","2026-08-29 23:59:12.257","2026-09-11 23:44:07.987","13856044726","161663461","[PREMIUM]","[PREMIUM]","306","12","_",,,3,"[1,3]",954,"Upper Level",10,"Mobile Transfer ticket",14,"[PREMIUM]","[PREMIUM]","[PREMIUM]","[PREMIUM]",true,false,"['Clear view']","2026-08-29 19:32:09"
"13790763472","2026-08-29 23:59:12.064","2026-09-11 23:43:57.525","13790763472","161672731","[PREMIUM]","[PREMIUM]","215","I","_",,,4,"[2,4]",407,"Upper",10,"Mobile Transfer ticket",1,"[PREMIUM]","[PREMIUM]","[PREMIUM]","[PREMIUM]",true,false,"['Clear view']","2026-08-24 13:58:31"
"13851979221","2026-08-29 23:59:11.808","2026-09-11 23:44:08.168","13851979221","161666869","[PREMIUM]","[PREMIUM]","331","6","9001_9001","9001",,1,"[1]",1713,"Middle Level",10,"Mobile Transfer ticket",1,"[PREMIUM]","[PREMIUM]","[PREMIUM]","[PREMIUM]",false,false,"['Clear view']","2026-08-29 08:54:27"
"13853154942","2026-08-29 23:59:11.808","2026-09-01 23:57:31.574","13853154942","161666869","[PREMIUM]","[PREMIUM]","308","3","1_2","1","2",2,"[2]",1713,"Middle Level",10,"Mobile Transfer ticket",1,"[PREMIUM]","[PREMIUM]","[PREMIUM]","[PREMIUM]",true,false,"['Third Row of Section','Clear view']","2026-08-29 12:30:28"
"13853931144","2026-08-29 23:59:11.749","2026-08-29 23:59:11.749","13853931144","161666869","[PREMIUM]","[PREMIUM]","302","5","9001_9002","9001",,2,"[2]",1713,"Middle Level",10,"Mobile Transfer ticket",1,"[PREMIUM]","[PREMIUM]","[PREMIUM]","[PREMIUM]",true,false,"['Clear view']","2026-08-29 14:42:37"
"13853155370","2026-08-29 23:59:11.747","2026-09-01 23:57:31.493","13853155370","161666869","[PREMIUM]","[PREMIUM]","314","2","1_14","1","14",14,"[1,2,3,4,5,6,7,8,9,10,11,12,14]",1713,"Middle Level",10,"Mobile Transfer ticket",1,"[PREMIUM]","[PREMIUM]","[PREMIUM]","[PREMIUM]",true,false,"['Second Row of Section','Clear view']","2026-08-29 12:30:30"
"13853155195","2026-08-29 23:59:11.742","2026-09-11 23:44:07.807","13853155195","161666869","[PREMIUM]","[PREMIUM]","311","2","9_10","9","10",2,"[2]",1713,"Middle Level",10,"Mobile Transfer ticket",1,"[PREMIUM]","[PREMIUM]","[PREMIUM]","[PREMIUM]",true,false,"['Second Row of Section','Clear view']","2026-08-29 12:30:30"
"13853154266","2026-08-29 23:59:11.742","2026-09-11 23:44:07.912","13853154266","161666869","[PREMIUM]","[PREMIUM]","304","2","1_10","1","10",10,"[1,2,3,4,5,6,7,8,10]",1713,"Middle Level",10,"Mobile Transfer ticket",1,"[PREMIUM]","[PREMIUM]","[PREMIUM]","[PREMIUM]",true,false,"['Second Row of Section','Clear view']","2026-08-29 12:30:22"
"13853155346","2026-08-29 23:59:11.742","2026-09-11 23:44:07.807","13853155346","161666869","[PREMIUM]","[PREMIUM]","313","2","5_14","5","14",10,"[1,2,3,4,5,6,7,8,10]",1713,"Middle Level",10,"Mobile Transfer ticket",1,"[PREMIUM]","[PREMIUM]","[PREMIUM]","[PREMIUM]",true,false,"['Second Row of Section','Clear view']","2026-08-29 12:30:30"
"13853155201","2026-08-29 23:59:11.742","2026-09-11 23:44:07.912","13853155201","161666869","[PREMIUM]","[PREMIUM]","311","3","10_11","10","11",2,"[2]",1713,"Middle Level",10,"Mobile Transfer ticket",1,"[PREMIUM]","[PREMIUM]","[PREMIUM]","[PREMIUM]",true,false,"['Third Row of Section','Clear view']","2026-08-29 12:30:30"
"13853154233","2026-08-29 23:59:11.742","2026-09-11 23:44:07.807","13853154233","161666869","[PREMIUM]","[PREMIUM]","303","2","1_2","1","2",2,"[2]",1713,"Middle Level",10,"Mobile Transfer ticket",1,"[PREMIUM]","[PREMIUM]","[PREMIUM]","[PREMIUM]",true,false,"['Second Row of Section','Clear view']","2026-08-29 12:30:22"
"13853154268","2026-08-29 23:59:11.742","2026-09-11 00:05:07.077","13853154268","161666869","[PREMIUM]","[PREMIUM]","304","1","12_13","12","13",2,"[2]",1713,"Middle Level",10,"Mobile Transfer ticket",1,"[PREMIUM]","[PREMIUM]","[PREMIUM]","[PREMIUM]",true,false,"['Front Row of Section','Clear view']","2026-08-29 12:30:22"
"13843150013","2026-08-29 23:59:11.714","2026-09-01 23:57:31.476","13843150013","161666869","[PREMIUM]","[PREMIUM]","330","2","_",,,2,"[2]",1713,"Middle Level",10,"Mobile Transfer ticket",1,"[PREMIUM]","[PREMIUM]","[PREMIUM]","[PREMIUM]",true,false,"['Second Row of Section','Clear view']","2026-08-28 14:34:26"
"13843149920","2026-08-29 23:59:11.714","2026-09-10 00:01:47.902","13843149920","161666869","[PREMIUM]","[PREMIUM]","319","1","_",,,2,"[2]",1713,"Middle Level",10,"Mobile Transfer ticket",1,"[PREMIUM]","[PREMIUM]","[PREMIUM]","[PREMIUM]",true,false,"['Front Row of Section','Clear view']","2026-08-28 14:34:25"
"13853154833","2026-08-29 23:59:11.714","2026-09-06 23:59:12.213","13853154833","161666869","[PREMIUM]","[PREMIUM]","303","1","1_2","1","2",2,"[2]",1713,"Middle Level",10,"Mobile Transfer ticket",1,"[PREMIUM]","[PREMIUM]","[PREMIUM]","[PREMIUM]",true,false,"['Front Row of Section','Clear view']","2026-08-29 12:30:27"
"13853155371","2026-08-29 23:59:11.714","2026-08-31 23:53:50.928","13853155371","161666869","[PREMIUM]","[PREMIUM]","314","1","5_9","5","9",5,"[1,2,3,5]",1713,"Middle Level",10,"Mobile Transfer ticket",1,"[PREMIUM]","[PREMIUM]","[PREMIUM]","[PREMIUM]",true,false,"['Front Row of Section','Clear view']","2026-08-29 12:30:30"
"13853155028","2026-08-29 23:59:11.714","2026-09-11 23:44:07.711","13853155028","161666869","[PREMIUM]","[PREMIUM]","310","1","21_22","21","22",2,"[2]",1713,"Middle Level",10,"Mobile Transfer ticket",1,"[PREMIUM]","[PREMIUM]","[PREMIUM]","[PREMIUM]",true,false,"['Front Row of Section','Clear view']","2026-08-29 12:30:29"
"13853154294","2026-08-29 23:59:11.714","2026-09-11 23:44:07.711","13853154294","161666869","[PREMIUM]","[PREMIUM]","305","8","1_5","1","5",5,"[1,2,3,5]",1713,"Middle Level",10,"Mobile Transfer ticket",1,"[PREMIUM]","[PREMIUM]","[PREMIUM]","[PREMIUM]",true,false,"['Clear view']","2026-08-29 12:30:22"
"13853154292","2026-08-29 23:59:11.714","2026-09-11 23:44:07.711","13853154292","161666869","[PREMIUM]","[PREMIUM]","305","7","1_2","1","2",2,"[2]",1713,"Middle Level",10,"Mobile Transfer ticket",1,"[PREMIUM]","[PREMIUM]","[PREMIUM]","[PREMIUM]",true,false,"['Clear view']","2026-08-29 12:30:22"
"13858264922","2026-08-29 23:59:11.595","2026-08-31 23:53:50.810","13858264922","161666869","[PREMIUM]","[PREMIUM]","316","4","9001_9002","9001","9002",2,"[2]",1713,"Middle Level",10,"Mobile Transfer ticket",13,"[PREMIUM]","[PREMIUM]","[PREMIUM]","[PREMIUM]",true,false,"['Clear view']","2026-08-29 23:58:06"
"13853142672","2026-08-29 23:59:11.415","2026-09-01 23:57:30.749","13853142672","161666888","[PREMIUM]","[PREMIUM]","314","2","1_14","1","14",14,"[1,2,3,4,5,6,7,8,9,10,11,12,14]",1713,"Middle Level",10,"Mobile Transfer ticket",1,"[PREMIUM]","[PREMIUM]","[PREMIUM]","[PREMIUM]",true,false,"['Second Row of Section','Clear view']","2026-08-29 12:26:33"
"13853142641","2026-08-29 23:59:11.415","2026-09-11 23:44:06.094","13853142641","161666888","[PREMIUM]","[PREMIUM]","311","3","10_11","10","11",2,"[2]",1713,"Middle Level",10,"Mobile Transfer ticket",1,"[PREMIUM]","[PREMIUM]","[PREMIUM]","[PREMIUM]",true,false,"['Third Row of Section','Clear view']","2026-08-29 12:26:32"
"13853142647","2026-08-29 23:59:11.415","2026-09-11 23:44:06.094","13853142647","161666888","[PREMIUM]","[PREMIUM]","311","4","1_4","1","4",4,"[1,2,4]",1713,"Middle Level",10,"Mobile Transfer ticket",1,"[PREMIUM]","[PREMIUM]","[PREMIUM]","[PREMIUM]",true,false,"['Clear view']","2026-08-29 12:26:32"
"13853142208","2026-08-29 23:59:11.415","2026-09-11 23:44:06.094","13853142208","161666888","[PREMIUM]","[PREMIUM]","111","15","9_9","9","9",1,"[1]",1687,"Lower Level",10,"Mobile Transfer ticket",1,"[PREMIUM]","[PREMIUM]","[PREMIUM]","[PREMIUM]",false,false,"['Clear view']","2026-08-29 12:26:28"
"13853142327","2026-08-29 23:59:11.394","2026-08-31 00:03:10.722","13853142327","161666888","[PREMIUM]","[PREMIUM]","115","15","5_5","5","5",1,"[1]",1687,"Lower Level",10,"Mobile Transfer ticket",1,"[PREMIUM]","[PREMIUM]","[PREMIUM]","[PREMIUM]",false,false,"['Second Row of Section','Clear view']","2026-08-29 12:26:29"
"13853142416","2026-08-29 23:59:11.394","2026-09-04 00:02:54.529","13853142416","161666888","[PREMIUM]","[PREMIUM]","122","27","7_9","7","9",3,"[1,3]",1687,"Lower Level",10,"Mobile Transfer ticket",1,"[PREMIUM]","[PREMIUM]","[PREMIUM]","[PREMIUM]",true,false,"['Clear view']","2026-08-29 12:26:30"
"13853142420","2026-08-29 23:59:11.394","2026-09-11 23:44:06.614","13853142420","161666888","[PREMIUM]","[PREMIUM]","123","13","7_7","7","7",1,"[1]",1687,"Lower Level",10,"Mobile Transfer ticket",1,"[PREMIUM]","[PREMIUM]","[PREMIUM]","[PREMIUM]",false,false,"['Clear view']","2026-08-29 12:26:30"
"13853142203","2026-08-29 23:59:11.394","2026-09-11 23:44:06.614","13853142203","161666888","[PREMIUM]","[PREMIUM]","109","19","7_8","7","8",2,"[2]",1687,"Lower Level",10,"Mobile Transfer ticket",1,"[PREMIUM]","[PREMIUM]","[PREMIUM]","[PREMIUM]",true,false,"['Clear view']","2026-08-29 12:26:28"
"13853142231","2026-08-29 23:59:11.394","2026-09-11 23:44:06.614","13853142231","161666888","[PREMIUM]","[PREMIUM]","113","13","11_11","11","11",1,"[1]",1687,"Lower Level",10,"Mobile Transfer ticket",1,"[PREMIUM]","[PREMIUM]","[PREMIUM]","[PREMIUM]",false,false,"['Clear view']","2026-08-29 12:26:29"
"13853142608","2026-08-29 23:59:11.325","2026-09-11 00:05:08.465","13853142608","161666888","[PREMIUM]","[PREMIUM]","310","1","21_22","21","22",2,"[2]",1713,"Middle Level",10,"Mobile Transfer ticket",1,"[PREMIUM]","[PREMIUM]","[PREMIUM]","[PREMIUM]",true,false,"['Front Row of Section','Clear view']","2026-08-29 12:26:32"
"13858194790","2026-08-29 23:59:11.205","2026-08-31 23:53:48.620","13858194790","161666888","[PREMIUM]","[PREMIUM]","302","5","9001_9004","9001","9004",4,"[1,2,4]",1713,"Middle Level",10,"Mobile Transfer ticket",13,"[PREMIUM]","[PREMIUM]","[PREMIUM]","[PREMIUM]",true,false,"['Clear view']","2026-08-29 23:47:09"
"13853142500","2026-08-29 23:59:11.189","2026-09-11 23:44:06.070","13853142500","161666888","[PREMIUM]","[PREMIUM]","305","7","1_2","1","2",2,"[2]",1713,"Middle Level",10,"Mobile Transfer ticket",1,"[PREMIUM]","[PREMIUM]","[PREMIUM]","[PREMIUM]",true,false,"['Clear view']","2026-08-29 12:26:31"
"13853142501","2026-08-29 23:59:11.189","2026-09-11 23:44:06.070","13853142501","161666888","[PREMIUM]","[PREMIUM]","305","8","1_5","1","5",5,"[1,2,3,5]",1713,"Middle Level",10,"Mobile Transfer ticket",1,"[PREMIUM]","[PREMIUM]","[PREMIUM]","[PREMIUM]",true,false,"['Clear view']","2026-08-29 12:26:31"
"13853142201","2026-08-29 23:59:11.189","2026-09-11 23:44:06.098","13853142201","161666888","[PREMIUM]","[PREMIUM]","110","15","3_3","3","3",1,"[1]",1687,"Lower Level",10,"Mobile Transfer ticket",1,"[PREMIUM]","[PREMIUM]","[PREMIUM]","[PREMIUM]",false,false,"['Second Row of Section','Clear view']","2026-08-29 12:26:28"
"13853142178","2026-08-29 23:59:11.189","2026-09-11 23:44:06.070","13853142178","161666888","[PREMIUM]","[PREMIUM]","104","15","9_9","9","9",1,"[1]",1687,"Lower Level",10,"Mobile Transfer ticket",1,"[PREMIUM]","[PREMIUM]","[PREMIUM]","[PREMIUM]",false,false,"['Clear view']","2026-08-29 12:26:28"
"13853142466","2026-08-29 23:59:11.189","2026-09-11 23:44:06.098","13853142466","161666888","[PREMIUM]","[PREMIUM]","303","1","1_2","1","2",2,"[2]",1713,"Middle Level",10,"Mobile Transfer ticket",1,"[PREMIUM]","[PREMIUM]","[PREMIUM]","[PREMIUM]",true,false,"['Front Row of Section','Clear view']","2026-08-29 12:26:30"
"13853142668","2026-08-29 23:59:11.163","2026-08-31 23:53:48.507","13853142668","161666888","[PREMIUM]","[PREMIUM]","314","1","12_13","12","13",2,"[2]",1713,"Middle Level",10,"Mobile Transfer ticket",1,"[PREMIUM]","[PREMIUM]","[PREMIUM]","[PREMIUM]",true,false,"['Front Row of Section','Clear view']","2026-08-29 12:26:32"
"13853142506","2026-08-29 23:59:11.163","2026-09-11 23:44:06.094","13853142506","161666888","[PREMIUM]","[PREMIUM]","304","2","1_10","1","10",10,"[1,2,3,4,5,6,7,8,10]",1713,"Middle Level",10,"Mobile Transfer ticket",1,"[PREMIUM]","[PREMIUM]","[PREMIUM]","[PREMIUM]",true,false,"['Second Row of Section','Clear view']","2026-08-29 12:26:31"
"13853142646","2026-08-29 23:59:11.163","2026-09-11 23:44:06.098","13853142646","161666888","[PREMIUM]","[PREMIUM]","311","2","9_10","9","10",2,"[2]",1713,"Middle Level",10,"Mobile Transfer ticket",1,"[PREMIUM]","[PREMIUM]","[PREMIUM]","[PREMIUM]",true,false,"['Second Row of Section','Clear view']","2026-08-29 12:26:32"
"13853142670","2026-08-29 23:59:11.163","2026-09-11 23:44:06.098","13853142670","161666888","[PREMIUM]","[PREMIUM]","313","2","5_14","5","14",10,"[1,2,3,4,5,6,7,8,10]",1713,"Middle Level",10,"Mobile Transfer ticket",1,"[PREMIUM]","[PREMIUM]","[PREMIUM]","[PREMIUM]",true,false,"['Second Row of Section','Clear view']","2026-08-29 12:26:32"
"13853142477","2026-08-29 23:59:11.163","2026-09-11 00:05:08.168","13853142477","161666888","[PREMIUM]","[PREMIUM]","304","1","4_5","4","5",2,"[2]",1713,"Middle Level",10,"Mobile Transfer ticket",1,"[PREMIUM]","[PREMIUM]","[PREMIUM]","[PREMIUM]",true,false,"['Front Row of Section','Clear view']","2026-08-29 12:26:30"
"13853142473","2026-08-29 23:59:11.163","2026-09-11 00:05:08.137","13853142473","161666888","[PREMIUM]","[PREMIUM]","303","2","1_2","1","2",2,"[2]",1713,"Middle Level",10,"Mobile Transfer ticket",1,"[PREMIUM]","[PREMIUM]","[PREMIUM]","[PREMIUM]",true,false,"['Second Row of Section','Clear view']","2026-08-29 12:26:30"
"13853142304","2026-08-29 23:59:11.147","2026-09-11 23:44:06.061","13853142304","161666888","[PREMIUM]","[PREMIUM]","114","17","1_1","1","1",1,"[1]",1687,"Lower Level",10,"Mobile Transfer ticket",1,"[PREMIUM]","[PREMIUM]","[PREMIUM]","[PREMIUM]",false,false,"['Clear view']","2026-08-29 12:26:29"
"13853142428","2026-08-29 23:59:11.147","2026-09-11 23:44:06.070","13853142428","161666888","[PREMIUM]","[PREMIUM]","123","16","9_9","9","9",1,"[1]",1687,"Lower Level",10,"Mobile Transfer ticket",1,"[PREMIUM]","[PREMIUM]","[PREMIUM]","[PREMIUM]",false,false,"['Clear view']","2026-08-29 12:26:30"
"13835153054","2026-08-29 23:59:11.045","2026-09-11 00:01:27.355","13835153054","161672731","[PREMIUM]","[PREMIUM]","105","C","_",,,2,"[2]",594,"Lower",10,"Mobile Transfer ticket",1,"[PREMIUM]","[PREMIUM]","[PREMIUM]","[PREMIUM]",true,false,"['Clear view']","2026-08-27 22:10:26"
"13855703450","2026-08-29 23:59:11.026","2026-09-11 23:44:00.653","13855703450","161712052","[PREMIUM]","[PREMIUM]","108","A","_",,,2,"[2]",594,"Lower",10,"Mobile Transfer ticket",1,"[PREMIUM]","[PREMIUM]","[PREMIUM]","[PREMIUM]",true,false,"['Clear view']","2026-08-29 18:50:52"
"13850981745","2026-08-29 23:59:10.893","2026-09-11 23:44:00.653","13850981745","161712052","[PREMIUM]","[PREMIUM]","107","K","9001_9002","9001",,2,"[2]",594,"Lower",10,"Mobile Transfer ticket",13,"[PREMIUM]","[PREMIUM]","[PREMIUM]","[PREMIUM]",true,false,"['Clear view']","2026-08-29 06:08:10"
"13853154204","2026-08-29 23:59:10.874","2026-09-11 23:44:07.439","13853154204","161666869","[PREMIUM]","[PREMIUM]","123","30","15_15","15","15",1,"[1]",1687,"Lower Level",10,"Mobile Transfer ticket",1,"[PREMIUM]","[PREMIUM]","[PREMIUM]","[PREMIUM]",false,false,"['Clear view']","2026-08-29 12:30:21"
"13853153792","2026-08-29 23:59:10.874","2026-09-11 23:44:07.416","13853153792","161666869","[PREMIUM]","[PREMIUM]","113","26","1_1","1","1",1,"[1]",1687,"Lower Level",10,"Mobile Transfer ticket",1,"[PREMIUM]","[PREMIUM]","[PREMIUM]","[PREMIUM]",false,false,"['Clear view']","2026-08-29 12:30:16"
"13853153895","2026-08-29 23:59:10.874","2026-09-11 23:44:07.416","13853153895","161666869","[PREMIUM]","[PREMIUM]","114","28","15_15","15","15",1,"[1]",1687,"Lower Level",10,"Mobile Transfer ticket",1,"[PREMIUM]","[PREMIUM]","[PREMIUM]","[PREMIUM]",false,false,"['Clear view']","2026-08-29 12:30:17"
"13853153910","2026-08-29 23:59:10.874","2026-09-11 23:44:07.439","13853153910","161666869","[PREMIUM]","[PREMIUM]","114","32","21_21","21","21",1,"[1]",1687,"Lower Level",10,"Mobile Transfer ticket",1,"[PREMIUM]","[PREMIUM]","[PREMIUM]","[PREMIUM]",false,false,"['Clear view']","2026-08-29 12:30:17"
"13853154193","2026-08-29 23:59:10.874","2026-09-11 23:44:07.416","13853154193","161666869","[PREMIUM]","[PREMIUM]","123","28","16_16","16","16",1,"[1]",1687,"Lower Level",10,"Mobile Transfer ticket",1,"[PREMIUM]","[PREMIUM]","[PREMIUM]","[PREMIUM]",false,false,"['Clear view']","2026-08-29 12:30:21"
"13853153608","2026-08-29 23:59:10.774","2026-09-11 23:44:07.710","13853153608","161666869","[PREMIUM]","[PREMIUM]","110","28","13_13","13","13",1,"[1]",1687,"Lower Level",10,"Mobile Transfer ticket",1,"[PREMIUM]","[PREMIUM]","[PREMIUM]","[PREMIUM]",false,false,"['Clear view']","2026-08-29 12:30:08"
"13853154034","2026-08-29 23:59:10.774","2026-09-11 23:44:07.416","13853154034","161666869","[PREMIUM]","[PREMIUM]","114","30","15_15","15","15",1,"[1]",1687,"Lower Level",10,"Mobile Transfer ticket",1,"[PREMIUM]","[PREMIUM]","[PREMIUM]","[PREMIUM]",false,false,"['Clear view']","2026-08-29 12:30:18"
"13853154187","2026-08-29 23:59:10.774","2026-09-11 23:44:07.710","13853154187","161666869","[PREMIUM]","[PREMIUM]","122","28","11_11","11","11",1,"[1]",1687,"Lower Level",10,"Mobile Transfer ticket",1,"[PREMIUM]","[PREMIUM]","[PREMIUM]","[PREMIUM]",false,false,"['Clear view']","2026-08-29 12:30:21"
"13853153906","2026-08-29 23:59:10.774","2026-09-11 23:44:07.710","13853153906","161666869","[PREMIUM]","[PREMIUM]","114","25","1_1","1","1",1,"[1]",1687,"Lower Level",10,"Mobile Transfer ticket",1,"[PREMIUM]","[PREMIUM]","[PREMIUM]","[PREMIUM]",false,false,"['Clear view']","2026-08-29 12:30:17"
"13853153756","2026-08-29 23:59:10.774","2026-09-11 23:44:07.416","13853153756","161666869","[PREMIUM]","[PREMIUM]","112","28","15_15","15","15",1,"[1]",1687,"Lower Level",10,"Mobile Transfer ticket",1,"[PREMIUM]","[PREMIUM]","[PREMIUM]","[PREMIUM]",false,false,"['Clear view']","2026-08-29 12:30:15"
"13853153581","2026-08-29 23:59:10.774","2026-09-11 23:44:07.710","13853153581","161666869","[PREMIUM]","[PREMIUM]","104","28","9_9","9","9",1,"[1]",1687,"Lower Level",10,"Mobile Transfer ticket",1,"[PREMIUM]","[PREMIUM]","[PREMIUM]","[PREMIUM]",false,false,"['Clear view']","2026-08-29 12:30:05"
"13849427909","2026-08-29 23:59:10.760","2026-09-06 23:59:11.320","13849427909","161666869","[PREMIUM]","[PREMIUM]","115","28","1_2","1","2",2,"[1,2]",1687,"Lower Level",10,"Mobile Transfer ticket",1,"[PREMIUM]","[PREMIUM]","[PREMIUM]","[PREMIUM]",true,false,"['Clear view']","2026-08-29 02:17:11"
"13853155197","2026-08-29 23:59:10.524","2026-09-01 23:57:30.198","13853155197","161666869","[PREMIUM]","[PREMIUM]","311","10","15_19","15","19",5,"[1,2,3,5]",1713,"Middle Level",10,"Mobile Transfer ticket",1,"[PREMIUM]","[PREMIUM]","[PREMIUM]","[PREMIUM]",true,false,"['Clear view']","2026-08-29 12:30:30"
"13853155194","2026-08-29 23:59:10.524","2026-09-01 23:57:30.198","13853155194","161666869","[PREMIUM]","[PREMIUM]","311","11","1_18","1","18",18,"[1,2,3,4,5,6,7,8,9,10,11,12,13,14,15,16,18]",1713,"Middle Level",10,"Mobile Transfer ticket",1,"[PREMIUM]","[PREMIUM]","[PREMIUM]","[PREMIUM]",true,false,"['Clear view']","2026-08-29 12:30:30"
"13853155192","2026-08-29 23:59:10.524","2026-09-01 23:57:29.942","13853155192","161666869","[PREMIUM]","[PREMIUM]","311","14","11_14","11","14",4,"[1,2,4]",1713,"Middle Level",10,"Mobile Transfer ticket",1,"[PREMIUM]","[PREMIUM]","[PREMIUM]","[PREMIUM]",true,false,"['Clear view']","2026-08-29 12:30:29"
"13853154267","2026-08-29 23:59:10.524","2026-09-11 23:44:07.644","13853154267","161666869","[PREMIUM]","[PREMIUM]","305","10","1_7","1","7",7,"[1,2,3,4,5,7]",1713,"Middle Level",10,"Mobile Transfer ticket",1,"[PREMIUM]","[PREMIUM]","[PREMIUM]","[PREMIUM]",true,false,"['Clear view']","2026-08-29 12:30:22"
"13667776878","2026-08-29 23:59:10.509","2026-09-11 23:44:07.451","13667776878","161666869","[PREMIUM]","[PREMIUM]","307","9","_",,,2,"[2]",1713,"Middle Level",10,"Mobile Transfer ticket",1,"[PREMIUM]","[PREMIUM]","[PREMIUM]","[PREMIUM]",true,false,"['Clear view']","2026-08-14 01:08:17"
"13843149869","2026-08-29 23:59:10.460","2026-09-04 00:02:56.753","13843149869","161666869","[PREMIUM]","[PREMIUM]","323","15","_",,,4,"[4]",1713,"Middle Level",10,"Mobile Transfer ticket",1,"[PREMIUM]","[PREMIUM]","[PREMIUM]","[PREMIUM]",true,false,"['Clear view']","2026-08-28 14:34:25"
"13843149782","2026-08-29 23:59:10.460","2026-09-06 23:59:09.313","13843149782","161666869","[PREMIUM]","[PREMIUM]","306","14","_",,,4,"[4]",1713,"Middle Level",10,"Mobile Transfer ticket",1,"[PREMIUM]","[PREMIUM]","[PREMIUM]","[PREMIUM]",true,false,"['Clear view']","2026-08-28 14:34:25"
"13849427821","2026-08-29 23:59:10.104","2026-09-11 23:44:06.034","13849427821","161666888","[PREMIUM]","[PREMIUM]","115","28","1_2","1","2",2,"[1,2]",1687,"Lower Level",10,"Mobile Transfer ticket",1,"[PREMIUM]","[PREMIUM]","[PREMIUM]","[PREMIUM]",true,false,"['Clear view']","2026-08-29 02:17:09"
"13853142314","2026-08-29 23:59:10.104","2026-09-11 23:44:06.034","13853142314","161666888","[PREMIUM]","[PREMIUM]","114","25","1_1","1","1",1,"[1]",1687,"Lower Level",10,"Mobile Transfer ticket",1,"[PREMIUM]","[PREMIUM]","[PREMIUM]","[PREMIUM]",false,false,"['Clear view']","2026-08-29 12:26:29"
"13853142210","2026-08-29 23:59:10.104","2026-09-11 23:44:06.034","13853142210","161666888","[PREMIUM]","[PREMIUM]","111","23","17_17","17","17",1,"[1]",1687,"Lower Level",10,"Mobile Transfer ticket",1,"[PREMIUM]","[PREMIUM]","[PREMIUM]","[PREMIUM]",false,false,"['Clear view']","2026-08-29 12:26:28"
"13853142260","2026-08-29 23:59:10.104","2026-09-11 23:44:05.717","13853142260","161666888","[PREMIUM]","[PREMIUM]","113","21","17_17","17","17",1,"[1]",1687,"Lower Level",10,"Mobile Transfer ticket",1,"[PREMIUM]","[PREMIUM]","[PREMIUM]","[PREMIUM]",false,false,"['Clear view']","2026-08-29 12:26:29"
"13853142268","2026-08-29 23:59:10.094","2026-09-11 23:44:05.707","13853142268","161666888","[PREMIUM]","[PREMIUM]","113","26","1_1","1","1",1,"[1]",1687,"Lower Level",10,"Mobile Transfer ticket",1,"[PREMIUM]","[PREMIUM]","[PREMIUM]","[PREMIUM]",false,false,"['Clear view']","2026-08-29 12:26:29"
"13853142419","2026-08-29 23:59:10.094","2026-09-11 23:44:05.707","13853142419","161666888","[PREMIUM]","[PREMIUM]","122","28","11_11","11","11",1,"[1]",1687,"Lower Level",10,"Mobile Transfer ticket",1,"[PREMIUM]","[PREMIUM]","[PREMIUM]","[PREMIUM]",false,false,"['Clear view']","2026-08-29 12:26:30"
"13853142449","2026-08-29 23:59:10.094","2026-09-11 23:44:05.707","13853142449","161666888","[PREMIUM]","[PREMIUM]","123","28","16_16","16","16",1,"[1]",1687,"Lower Level",10,"Mobile Transfer ticket",1,"[PREMIUM]","[PREMIUM]","[PREMIUM]","[PREMIUM]",false,false,"['Clear view']","2026-08-29 12:26:30"
"13853142221","2026-08-29 23:59:09.995","2026-09-11 23:44:05.713","13853142221","161666888","[PREMIUM]","[PREMIUM]","112","28","15_15","15","15",1,"[1]",1687,"Lower Level",10,"Mobile Transfer ticket",1,"[PREMIUM]","[PREMIUM]","[PREMIUM]","[PREMIUM]",false,false,"['Clear view']","2026-08-29 12:26:28"
"13853142319","2026-08-29 23:59:09.995","2026-09-11 23:44:05.713","13853142319","161666888","[PREMIUM]","[PREMIUM]","114","28","15_15","15","15",1,"[1]",1687,"Lower Level",10,"Mobile Transfer ticket",1,"[PREMIUM]","[PREMIUM]","[PREMIUM]","[PREMIUM]",false,false,"['Clear view']","2026-08-29 12:26:29"
"13853142180","2026-08-29 23:59:09.995","2026-09-11 23:44:05.983","13853142180","161666888","[PREMIUM]","[PREMIUM]","104","28","9_9","9","9",1,"[1]",1687,"Lower Level",10,"Mobile Transfer ticket",1,"[PREMIUM]","[PREMIUM]","[PREMIUM]","[PREMIUM]",false,false,"['Clear view']","2026-08-29 12:26:28"
"13853142204","2026-08-29 23:59:09.995","2026-09-11 23:44:05.713","13853142204","161666888","[PREMIUM]","[PREMIUM]","110","28","13_13","13","13",1,"[1]",1687,"Lower Level",10,"Mobile Transfer ticket",1,"[PREMIUM]","[PREMIUM]","[PREMIUM]","[PREMIUM]",false,false,"['Clear view']","2026-08-29 12:26:28"
"13848453841","2026-08-29 23:59:09.979","2026-09-01 23:57:28.283","13848453841","161666888","[PREMIUM]","[PREMIUM]","101","27","_",,,2,"[2]",1687,"Lower Level",10,"Mobile Transfer ticket",1,"[PREMIUM]","[PREMIUM]","[PREMIUM]","[PREMIUM]",true,false,"['Clear view']","2026-08-29 00:13:02"
"13853142661","2026-08-29 23:59:09.979","2026-09-01 23:57:28.283","13853142661","161666888","[PREMIUM]","[PREMIUM]","312","12","1_7","1","7",7,"[1,2,3,4,5,7]",1713,"Middle Level",10,"Mobile Transfer ticket",1,"[PREMIUM]","[PREMIUM]","[PREMIUM]","[PREMIUM]",true,false,"['Clear view']","2026-08-29 12:26:32"
"13853142658","2026-08-29 23:59:09.979","2026-09-01 23:57:28.283","13853142658","161666888","[PREMIUM]","[PREMIUM]","312","13","1_6","1","6",6,"[1,2,3,4,6]",1713,"Middle Level",10,"Mobile Transfer ticket",1,"[PREMIUM]","[PREMIUM]","[PREMIUM]","[PREMIUM]",true,false,"['Clear view']","2026-08-29 12:26:32"
"13853142657","2026-08-29 23:59:09.858","2026-09-01 23:57:28.283","13853142657","161666888","[PREMIUM]","[PREMIUM]","312","10","1_7","1","7",7,"[1,2,3,4,5,7]",1713,"Middle Level",10,"Mobile Transfer ticket",1,"[PREMIUM]","[PREMIUM]","[PREMIUM]","[PREMIUM]",true,false,"['Clear view']","2026-08-29 12:26:32"
"13853142656","2026-08-29 23:59:09.858","2026-09-01 23:57:28.283","13853142656","161666888","[PREMIUM]","[PREMIUM]","312","14","1_4","1","4",4,"[1,2,4]",1713,"Middle Level",10,"Mobile Transfer ticket",1,"[PREMIUM]","[PREMIUM]","[PREMIUM]","[PREMIUM]",true,false,"['Clear view']","2026-08-29 12:26:32"
"13853142655","2026-08-29 23:59:09.858","2026-09-01 23:57:28.029","13853142655","161666888","[PREMIUM]","[PREMIUM]","312","11","1_7","1","7",7,"[1,2,3,4,5,7]",1713,"Middle Level",10,"Mobile Transfer ticket",1,"[PREMIUM]","[PREMIUM]","[PREMIUM]","[PREMIUM]",true,false,"['Clear view']","2026-08-29 12:26:32"
"13853142517","2026-08-29 23:59:09.858","2026-09-01 23:57:28.029","13853142517","161666888","[PREMIUM]","[PREMIUM]","306","13","1_21","1","21",21,"[1,2,3,4,5,6,7,8,9,10,11,12,13,14,15,16,17,18,19,21]",1713,"Middle Level",10,"Mobile Transfer ticket",1,"[PREMIUM]","[PREMIUM]","[PREMIUM]","[PREMIUM]",true,false,"['Clear view']","2026-08-29 12:26:31"
"13853142503","2026-08-29 23:59:09.858","2026-08-31 23:53:46.419","13853142503","161666888","[PREMIUM]","[PREMIUM]","306","12","1_6","1","6",6,"[1,2,3,4,6]",1713,"Middle Level",10,"Mobile Transfer ticket",1,"[PREMIUM]","[PREMIUM]","[PREMIUM]","[PREMIUM]",true,false,"['Clear view']","2026-08-29 12:26:31"
"13853142494","2026-08-29 23:59:09.858","2026-09-01 23:57:28.029","13853142494","161666888","[PREMIUM]","[PREMIUM]","306","11","11_20","11","20",10,"[1,2,3,4,5,6,7,8,10]",1713,"Middle Level",10,"Mobile Transfer ticket",1,"[PREMIUM]","[PREMIUM]","[PREMIUM]","[PREMIUM]",true,false,"['Clear view']","2026-08-29 12:26:31"
"13853142329","2026-08-29 23:59:09.800","2026-09-11 23:44:05.994","13853142329","161666888","[PREMIUM]","[PREMIUM]","114","32","21_21","21","21",1,"[1]",1687,"Lower Level",10,"Mobile Transfer ticket",1,"[PREMIUM]","[PREMIUM]","[PREMIUM]","[PREMIUM]",false,false,"['Clear view']","2026-08-29 12:26:29"
"13853142330","2026-08-29 23:59:09.800","2026-09-11 23:44:05.994","13853142330","161666888","[PREMIUM]","[PREMIUM]","114","30","15_15","15","15",1,"[1]",1687,"Lower Level",10,"Mobile Transfer ticket",1,"[PREMIUM]","[PREMIUM]","[PREMIUM]","[PREMIUM]",false,false,"['Clear view']","2026-08-29 12:26:29"
"13853142498","2026-08-29 23:59:09.784","2026-09-01 23:57:28.029","13853142498","161666888","[PREMIUM]","[PREMIUM]","306","10","14_19","14","19",6,"[1,2,3,4,6]",1713,"Middle Level",10,"Mobile Transfer ticket",1,"[PREMIUM]","[PREMIUM]","[PREMIUM]","[PREMIUM]",true,false,"['Clear view']","2026-08-29 12:26:31"
"13853142483","2026-08-29 23:59:09.784","2026-09-11 23:44:05.739","13853142483","161666888","[PREMIUM]","[PREMIUM]","305","10","1_7","1","7",7,"[1,2,3,4,5,7]",1713,"Middle Level",10,"Mobile Transfer ticket",1,"[PREMIUM]","[PREMIUM]","[PREMIUM]","[PREMIUM]",true,false,"['Clear view']","2026-08-29 12:26:30"
"13833502907","2026-08-29 23:59:09.777","2026-09-11 23:44:05.197","13833502907","161666888","[PREMIUM]","[PREMIUM]","322","10","_",,,2,"[2]",1713,"Middle Level",10,"Mobile Transfer ticket",1,"[PREMIUM]","[PREMIUM]","[PREMIUM]","[PREMIUM]",true,false,"['Clear view']","2026-08-27 19:25:26"
"13853142172","2026-08-29 23:59:09.728","2026-09-11 23:44:05.983","13853142172","161666888","[PREMIUM]","[PREMIUM]","102","28","14_14","14","14",1,"[1]",1687,"Lower Level",10,"Mobile Transfer ticket",1,"[PREMIUM]","[PREMIUM]","[PREMIUM]","[PREMIUM]",false,false,"['Clear view']","2026-08-29 12:26:28"
"13853142451","2026-08-29 23:59:09.728","2026-09-11 23:44:05.983","13853142451","161666888","[PREMIUM]","[PREMIUM]","123","30","15_15","15","15",1,"[1]",1687,"Lower Level",10,"Mobile Transfer ticket",1,"[PREMIUM]","[PREMIUM]","[PREMIUM]","[PREMIUM]",false,false,"['Clear view']","2026-08-29 12:26:30"
"13710386978","2026-08-29 23:59:09.674","2026-08-29 23:59:09.674","13710386978","161672731","[PREMIUM]","[PREMIUM]","116","M","_",,,3,"[1,3]",594,"Lower",10,"Mobile Transfer ticket",14,"[PREMIUM]","[PREMIUM]","[PREMIUM]","[PREMIUM]",true,false,"['Clear view']","2026-08-18 02:28:05"
"13710386994","2026-08-29 23:59:09.674","2026-08-29 23:59:09.674","13710386994","161672731","[PREMIUM]","[PREMIUM]","116","N","_",,,5,"[1,3,5]",594,"Lower",10,"Mobile Transfer ticket",14,"[PREMIUM]","[PREMIUM]","[PREMIUM]","[PREMIUM]",true,false,"['Clear view']","2026-08-18 02:28:05"
"13847596421","2026-08-29 23:59:09.490","2026-09-11 23:43:53.324","13847596421","161672731","[PREMIUM]","[PREMIUM]","113","L","_",,,2,"[2]",594,"Lower",10,"Mobile Transfer ticket",14,"[PREMIUM]","[PREMIUM]","[PREMIUM]","[PREMIUM]",true,false,"['Clear view']","2026-08-28 22:32:08"
"13847596531","2026-08-29 23:59:09.468","2026-09-11 23:43:53.238","13847596531","161672731","[PREMIUM]","[PREMIUM]","116","H","_",,,7,"[1,2,3,5,7]",594,"Lower",10,"Mobile Transfer ticket",14,"[PREMIUM]","[PREMIUM]","[PREMIUM]","[PREMIUM]",true,false,"['Clear view']","2026-08-28 22:32:09"
"13847596479","2026-08-29 23:59:09.468","2026-09-11 23:43:53.238","13847596479","161672731","[PREMIUM]","[PREMIUM]","118","E","_",,,5,"[1,3,5]",594,"Lower",10,"Mobile Transfer ticket",14,"[PREMIUM]","[PREMIUM]","[PREMIUM]","[PREMIUM]",true,false,"['Clear view']","2026-08-28 22:32:09"
"13705681450","2026-08-29 23:59:09.418","2026-09-11 00:01:26.334","13705681450","161672731","[PREMIUM]","[PREMIUM]","113","O","_",,,2,"[2]",594,"Lower",10,"Mobile Transfer ticket",1,"[PREMIUM]","[PREMIUM]","[PREMIUM]","[PREMIUM]",true,false,"['Clear view']","2026-08-17 18:02:49"
"13847596530","2026-08-29 23:59:09.400","2026-09-10 00:00:11.452","13847596530","161672731","[PREMIUM]","[PREMIUM]","107","R","_",,,3,"[1,3]",594,"Lower",10,"Mobile Transfer ticket",14,"[PREMIUM]","[PREMIUM]","[PREMIUM]","[PREMIUM]",true,false,"['Clear view']","2026-08-28 22:32:09"
"13847596469","2026-08-29 23:59:09.238","2026-09-11 23:43:52.977","13847596469","161672731","[PREMIUM]","[PREMIUM]","210","A","_",,,8,"[1,2,3,4,6,8]",407,"Upper",10,"Mobile Transfer ticket",14,"[PREMIUM]","[PREMIUM]","[PREMIUM]","[PREMIUM]",true,false,"['Front Row of Section','Clear view']","2026-08-28 22:32:09"
"13855584693","2026-08-29 23:59:09.190","2026-09-09 00:00:38.273","13855584693","161712052","[PREMIUM]","[PREMIUM]","116","L","_",,,3,"[1,3]",594,"Lower",10,"Mobile Transfer ticket",14,"[PREMIUM]","[PREMIUM]","[PREMIUM]","[PREMIUM]",true,false,"['Clear view']","2026-08-29 18:35:03"
"13855584437","2026-08-29 23:59:09.119","2026-09-11 23:44:00.450","13855584437","161712052","[PREMIUM]","[PREMIUM]","108","Y","_",,,9,"[1,2,3,4,5,7,9]",594,"Lower",10,"Mobile Transfer ticket",14,"[PREMIUM]","[PREMIUM]","[PREMIUM]","[PREMIUM]",true,false,"['Clear view']","2026-08-29 18:35:02"
"13853740075","2026-08-29 23:59:09.086","2026-09-11 23:44:00.406","13853740075","161712052","[PREMIUM]","[PREMIUM]","105","W","_",,,3,"[1,3]",594,"Lower",10,"Mobile Transfer ticket",14,"[PREMIUM]","[PREMIUM]","[PREMIUM]","[PREMIUM]",true,false,"['Clear view']","2026-08-29 14:05:01"
"13855584104","2026-08-29 23:59:09.017","2026-09-11 23:44:00.248","13855584104","161712052","[PREMIUM]","[PREMIUM]","109","T","_",,,3,"[1,3]",594,"Lower",10,"Mobile Transfer ticket",14,"[PREMIUM]","[PREMIUM]","[PREMIUM]","[PREMIUM]",true,false,"['Clear view']","2026-08-29 18:35:01"
"13855584436","2026-08-29 23:59:09.011","2026-09-11 23:44:00.247","13855584436","161712052","[PREMIUM]","[PREMIUM]","110","P","_",,,8,"[1,2,3,4,6,8]",594,"Lower",10,"Mobile Transfer ticket",14,"[PREMIUM]","[PREMIUM]","[PREMIUM]","[PREMIUM]",true,false,"['Clear view']","2026-08-29 18:35:02"
"13855584523","2026-08-29 23:59:08.954","2026-09-09 00:00:37.960","13855584523","161712052","[PREMIUM]","[PREMIUM]","207","B","_",,,4,"[2,4]",471,"Middle",10,"Mobile Transfer ticket",14,"[PREMIUM]","[PREMIUM]","[PREMIUM]","[PREMIUM]",true,false,"['Second Row of Section','Clear view']","2026-08-29 18:35:02"
"13855584536","2026-08-29 23:59:08.827","2026-09-11 23:44:00.104","13855584536","161712052","[PREMIUM]","[PREMIUM]","112","J","_",,,8,"[1,2,3,4,6,8]",594,"Lower",10,"Mobile Transfer ticket",14,"[PREMIUM]","[PREMIUM]","[PREMIUM]","[PREMIUM]",true,false,"['Clear view']","2026-08-29 18:35:02"
"13855584118","2026-08-29 23:59:08.827","2026-09-11 23:44:00.104","13855584118","161712052","[PREMIUM]","[PREMIUM]","103","R","_",,,4,"[2,4]",594,"Lower",10,"Mobile Transfer ticket",14,"[PREMIUM]","[PREMIUM]","[PREMIUM]","[PREMIUM]",true,false,"['Clear view']","2026-08-29 18:35:01"
"13855584694","2026-08-29 23:59:08.796","2026-09-11 23:43:59.949","13855584694","161712052","[PREMIUM]","[PREMIUM]","112","K","_",,,5,"[1,3,5]",594,"Lower",10,"Mobile Transfer ticket",14,"[PREMIUM]","[PREMIUM]","[PREMIUM]","[PREMIUM]",true,false,"['Clear view']","2026-08-29 18:35:03"
"13855584652","2026-08-29 23:59:08.796","2026-09-09 00:00:37.938","13855584652","161712052","[PREMIUM]","[PREMIUM]","112","L","_",,,2,"[2]",594,"Lower",10,"Mobile Transfer ticket",14,"[PREMIUM]","[PREMIUM]","[PREMIUM]","[PREMIUM]",true,false,"['Clear view']","2026-08-29 18:35:03"
"13855584345","2026-08-29 23:59:08.796","2026-09-09 00:00:37.938","13855584345","161712052","[PREMIUM]","[PREMIUM]","204","B","_",,,4,"[2,4]",471,"Middle",10,"Mobile Transfer ticket",14,"[PREMIUM]","[PREMIUM]","[PREMIUM]","[PREMIUM]",true,false,"['Second Row of Section','Clear view']","2026-08-29 18:35:02"
"13849504567","2026-08-29 23:59:08.783","2026-09-04 00:02:54.800","13849504567","161712052","[PREMIUM]","[PREMIUM]","111","G","_",,,2,"[1,2]",594,"Lower",10,"Mobile Transfer ticket",1,"[PREMIUM]","[PREMIUM]","[PREMIUM]","[PREMIUM]",true,false,"['Clear view']","2026-08-29 02:29:13"
"13713972408","2026-08-29 23:59:08.677","2026-09-11 23:44:07.912","13713972408","161666869","[PREMIUM]","[PREMIUM]","103","29","7_8","7","8",2,"[2]",1687,"Lower Level",10,"Mobile Transfer ticket",1,"[PREMIUM]","[PREMIUM]","[PREMIUM]","[PREMIUM]",true,false,"['Clear view']","2026-08-18 13:01:15"
"13852365853","2026-08-29 23:59:08.677","2026-08-29 23:59:08.677","13852365853","161666869","[PREMIUM]","[PREMIUM]","415","12","_",,,6,"[1,2,4,6]",954,"Upper Level",10,"Mobile Transfer ticket",1,"[PREMIUM]","[PREMIUM]","[PREMIUM]","[PREMIUM]",true,false,"['Clear view']","2026-08-29 10:10:59"
"13852365829","2026-08-29 23:59:08.677","2026-08-29 23:59:08.677","13852365829","161666869","[PREMIUM]","[PREMIUM]","418","12","_",,,7,"[1,2,3,5,7]",954,"Upper Level",10,"Mobile Transfer ticket",1,"[PREMIUM]","[PREMIUM]","[PREMIUM]","[PREMIUM]",true,false,"['Clear view']","2026-08-29 10:10:59"
"13786735903","2026-08-29 23:59:08.463","2026-08-31 23:54:33.750","13786735903","161672731","[PREMIUM]","[PREMIUM]","103","X","_",,,2,"[2]",594,"Lower",10,"Mobile Transfer ticket",1,"[PREMIUM]","[PREMIUM]","[PREMIUM]","[PREMIUM]",true,false,"['Clear view']","2026-08-24 01:24:59"
"13847596413","2026-08-29 23:59:08.272","2026-09-11 23:43:52.822","13847596413","161672731","[PREMIUM]","[PREMIUM]","208","H","_",,,8,"[1,2,3,4,6,8]",407,"Upper",10,"Mobile Transfer ticket",14,"[PREMIUM]","[PREMIUM]","[PREMIUM]","[PREMIUM]",true,false,"['Clear view']","2026-08-28 22:32:07"
"13847596449","2026-08-29 23:59:08.147","2026-09-11 00:01:24.219","13847596449","161672731","[PREMIUM]","[PREMIUM]","203","A","_",,,2,"[2]",407,"Upper",10,"Mobile Transfer ticket",14,"[PREMIUM]","[PREMIUM]","[PREMIUM]","[PREMIUM]",true,false,"['Front Row of Section','Clear view']","2026-08-28 22:32:08"
"13847596386","2026-08-29 23:59:08.147","2026-09-11 00:01:24.219","13847596386","161672731","[PREMIUM]","[PREMIUM]","231","B","_",,,8,"[1,2,3,4,6,8]",407,"Upper",10,"Mobile Transfer ticket",14,"[PREMIUM]","[PREMIUM]","[PREMIUM]","[PREMIUM]",true,false,"['Clear view']","2026-08-28 22:32:07"
"13847589220","2026-08-29 23:59:08.147","2026-09-11 00:01:24.219","13847589220","161672731","[PREMIUM]","[PREMIUM]","224","I","_",,,8,"[1,2,3,4,6,8]",407,"Upper",10,"Mobile Transfer ticket",14,"[PREMIUM]","[PREMIUM]","[PREMIUM]","[PREMIUM]",true,false,"['Clear view']","2026-08-28 22:31:36"
"13847596552","2026-08-29 23:59:08.147","2026-09-11 23:43:52.744","13847596552","161672731","[PREMIUM]","[PREMIUM]","214","B","_",,,8,"[1,2,3,4,6,8]",407,"Upper",10,"Mobile Transfer ticket",14,"[PREMIUM]","[PREMIUM]","[PREMIUM]","[PREMIUM]",true,false,"['Second Row of Section','Clear view']","2026-08-28 22:32:10"
"13847596493","2026-08-29 23:59:08.147","2026-09-11 23:43:52.744","13847596493","161672731","[PREMIUM]","[PREMIUM]","230","C","_",,,7,"[1,2,3,5,7]",407,"Upper",10,"Mobile Transfer ticket",14,"[PREMIUM]","[PREMIUM]","[PREMIUM]","[PREMIUM]",true,false,"['Third Row of Section','Clear view']","2026-08-28 22:32:09"
"13852149859","2026-08-29 23:59:08.147","2026-09-04 00:02:22.403","13852149859","161672731","[PREMIUM]","[PREMIUM]","214","A","_",,,2,"[2]",407,"Upper",10,"Mobile Transfer ticket",1,"[PREMIUM]","[PREMIUM]","[PREMIUM]","[PREMIUM]",true,false,"['Front Row of Section','Clear view']","2026-08-29 09:27:19"
"13855584347","2026-08-29 23:59:07.990","2026-09-11 23:43:59.698","13855584347","161712052","[PREMIUM]","[PREMIUM]","309","G","_",,,5,"[1,3,5]",407,"Upper",10,"Mobile Transfer ticket",14,"[PREMIUM]","[PREMIUM]","[PREMIUM]","[PREMIUM]",true,false,"['Clear view']","2026-08-29 18:35:02"
"13855584432","2026-08-29 23:59:07.990","2026-08-29 23:59:07.990","13855584432","161712052","[PREMIUM]","[PREMIUM]","323","B","_",,,8,"[1,2,3,4,6,8]",407,"Upper",10,"Mobile Transfer ticket",14,"[PREMIUM]","[PREMIUM]","[PREMIUM]","[PREMIUM]",true,false,"['Second Row of Section','Clear view']","2026-08-29 18:35:02"
"13855584444","2026-08-29 23:59:07.972","2026-09-11 23:43:59.608","13855584444","161712052","[PREMIUM]","[PREMIUM]","327","L","_",,,8,"[1,2,3,4,6,8]",407,"Upper",10,"Mobile Transfer ticket",14,"[PREMIUM]","[PREMIUM]","[PREMIUM]","[PREMIUM]",true,false,"['Clear view']","2026-08-29 18:35:02"
"13855584431","2026-08-29 23:59:07.863","2026-09-11 23:43:59.515","13855584431","161712052","[PREMIUM]","[PREMIUM]","325","L","_",,,7,"[1,2,3,5,7]",407,"Upper",10,"Mobile Transfer ticket",14,"[PREMIUM]","[PREMIUM]","[PREMIUM]","[PREMIUM]",true,false,"['Clear view']","2026-08-29 18:35:02"
"13855584571","2026-08-29 23:59:07.817","2026-09-09 00:00:36.326","13855584571","161712052","[PREMIUM]","[PREMIUM]","308","B","_",,,2,"[2]",407,"Upper",10,"Mobile Transfer ticket",14,"[PREMIUM]","[PREMIUM]","[PREMIUM]","[PREMIUM]",true,false,"['Second Row of Section','Clear view']","2026-08-29 18:35:02"
"13855584358","2026-08-29 23:59:07.798","2026-09-11 23:43:59.794","13855584358","161712052","[PREMIUM]","[PREMIUM]","326","K","_",,,8,"[1,2,3,4,6,8]",407,"Upper",10,"Mobile Transfer ticket",14,"[PREMIUM]","[PREMIUM]","[PREMIUM]","[PREMIUM]",true,false,"['Clear view']","2026-08-29 18:35:02"
"13855584354","2026-08-29 23:59:07.715","2026-09-11 23:43:59.268","13855584354","161712052","[PREMIUM]","[PREMIUM]","302","B","_",,,8,"[1,2,3,4,6,8]",407,"Upper",10,"Mobile Transfer ticket",14,"[PREMIUM]","[PREMIUM]","[PREMIUM]","[PREMIUM]",true,false,"['Clear view']","2026-08-29 18:35:02"
"13855584583","2026-08-29 23:59:07.715","2026-09-09 00:00:35.623","13855584583","161712052","[PREMIUM]","[PREMIUM]","330","G","_",,,8,"[1,2,3,4,6,8]",407,"Upper",10,"Mobile Transfer ticket",14,"[PREMIUM]","[PREMIUM]","[PREMIUM]","[PREMIUM]",true,false,"['Clear view']","2026-08-29 18:35:02"
"13855584517","2026-08-29 23:59:07.715","2026-09-09 00:00:36.016","13855584517","161712052","[PREMIUM]","[PREMIUM]","323","G","_",,,6,"[1,2,4,6]",407,"Upper",10,"Mobile Transfer ticket",14,"[PREMIUM]","[PREMIUM]","[PREMIUM]","[PREMIUM]",true,false,"['Clear view']","2026-08-29 18:35:02"
"13855584588","2026-08-29 23:59:07.679","2026-09-11 23:44:04.499","13855584588","161712052","[PREMIUM]","[PREMIUM]","304","K","_",,,8,"[1,2,3,4,6,8]",407,"Upper",10,"Mobile Transfer ticket",14,"[PREMIUM]","[PREMIUM]","[PREMIUM]","[PREMIUM]",true,false,"['Clear view']","2026-08-29 18:35:02"
"13855584586","2026-08-29 23:59:07.679","2026-09-11 23:43:59.265","13855584586","161712052","[PREMIUM]","[PREMIUM]","333","G","_",,,8,"[1,2,3,4,6,8]",407,"Upper",10,"Mobile Transfer ticket",14,"[PREMIUM]","[PREMIUM]","[PREMIUM]","[PREMIUM]",true,false,"['Clear view']","2026-08-29 18:35:02"
"13855584591","2026-08-29 23:59:07.679","2026-09-09 00:00:35.669","13855584591","161712052","[PREMIUM]","[PREMIUM]","316","K","_",,,8,"[1,2,3,4,6,8]",407,"Upper",10,"Mobile Transfer ticket",14,"[PREMIUM]","[PREMIUM]","[PREMIUM]","[PREMIUM]",true,false,"['Clear view']","2026-08-29 18:35:03"
"13855584441","2026-08-29 23:59:07.679","2026-09-06 23:59:04.062","13855584441","161712052","[PREMIUM]","[PREMIUM]","334","E","_",,,8,"[1,2,3,4,6,8]",407,"Upper",10,"Mobile Transfer ticket",14,"[PREMIUM]","[PREMIUM]","[PREMIUM]","[PREMIUM]",true,false,"['Clear view']","2026-08-29 18:35:02"
"13855584595","2026-08-29 23:59:07.648","2026-09-11 23:43:59.651","13855584595","161712052","[PREMIUM]","[PREMIUM]","313","B","_",,,8,"[1,2,3,4,6,8]",407,"Upper",10,"Mobile Transfer ticket",14,"[PREMIUM]","[PREMIUM]","[PREMIUM]","[PREMIUM]",true,false,"['Second Row of Section','Clear view']","2026-08-29 18:35:03"
"13855584514","2026-08-29 23:59:07.648","2026-09-09 00:00:35.531","13855584514","161712052","[PREMIUM]","[PREMIUM]","325","H","_",,,5,"[1,3,5]",407,"Upper",10,"Mobile Transfer ticket",14,"[PREMIUM]","[PREMIUM]","[PREMIUM]","[PREMIUM]",true,false,"['Clear view']","2026-08-29 18:35:02"
"13855584375","2026-08-29 23:59:07.648","2026-09-09 00:00:36.137","13855584375","161712052","[PREMIUM]","[PREMIUM]","325","J","_",,,3,"[1,3]",407,"Upper",10,"Mobile Transfer ticket",14,"[PREMIUM]","[PREMIUM]","[PREMIUM]","[PREMIUM]",true,false,"['Clear view']","2026-08-29 18:35:02"
"13855584525","2026-08-29 23:59:07.590","2026-09-11 23:43:59.293","13855584525","161712052","[PREMIUM]","[PREMIUM]","332","L","_",,,6,"[1,2,4,6]",407,"Upper",10,"Mobile Transfer ticket",14,"[PREMIUM]","[PREMIUM]","[PREMIUM]","[PREMIUM]",true,false,"['Clear view']","2026-08-29 18:35:02"
"13855584359","2026-08-29 23:59:07.590","2026-09-11 23:43:59.293","13855584359","161712052","[PREMIUM]","[PREMIUM]","333","J","_",,,5,"[1,3,5]",407,"Upper",10,"Mobile Transfer ticket",14,"[PREMIUM]","[PREMIUM]","[PREMIUM]","[PREMIUM]",true,false,"['Clear view']","2026-08-29 18:35:02"
"13855584653","2026-08-29 23:59:07.590","2026-09-09 00:00:35.559","13855584653","161712052","[PREMIUM]","[PREMIUM]","317","K","_",,,6,"[1,2,4,6]",407,"Upper",10,"Mobile Transfer ticket",14,"[PREMIUM]","[PREMIUM]","[PREMIUM]","[PREMIUM]",true,false,"['Clear view']","2026-08-29 18:35:03"
"13855584509","2026-08-29 23:59:07.590","2026-09-09 00:00:35.559","13855584509","161712052","[PREMIUM]","[PREMIUM]","321","K","_",,,3,"[1,3]",407,"Upper",10,"Mobile Transfer ticket",14,"[PREMIUM]","[PREMIUM]","[PREMIUM]","[PREMIUM]",true,false,"['Clear view']","2026-08-29 18:35:02"
"13855584506","2026-08-29 23:59:07.590","2026-09-09 00:00:35.559","13855584506","161712052","[PREMIUM]","[PREMIUM]","321","J","_",,,6,"[1,2,4,6]",407,"Upper",10,"Mobile Transfer ticket",14,"[PREMIUM]","[PREMIUM]","[PREMIUM]","[PREMIUM]",true,false,"['Clear view']","2026-08-29 18:35:02"
"13673442696","2026-08-29 23:59:07.563","2026-09-11 23:43:59.307","13673442696","161712052","[PREMIUM]","[PREMIUM]","316","D","_",,,9,"[1,2,3,4,5,7,9]",407,"Upper",10,"Mobile Transfer ticket",1,"[PREMIUM]","[PREMIUM]","[PREMIUM]","[PREMIUM]",true,false,"['Clear view']","2026-08-14 13:37:01"
"13855584516","2026-08-29 23:59:07.563","2026-09-09 00:00:36.007","13855584516","161712052","[PREMIUM]","[PREMIUM]","322","G","_",,,6,"[1,2,4,6]",407,"Upper",10,"Mobile Transfer ticket",14,"[PREMIUM]","[PREMIUM]","[PREMIUM]","[PREMIUM]",true,false,"['Clear view']","2026-08-29 18:35:02"
"13855584435","2026-08-29 23:59:07.563","2026-09-02 23:49:15.028","13855584435","161712052","[PREMIUM]","[PREMIUM]","302","E","_",,,8,"[1,2,3,4,6,8]",407,"Upper",10,"Mobile Transfer ticket",14,"[PREMIUM]","[PREMIUM]","[PREMIUM]","[PREMIUM]",true,false,"['Clear view']","2026-08-29 18:35:02"
"13855584378","2026-08-29 23:59:07.499","2026-09-11 23:44:04.655","13855584378","161712052","[PREMIUM]","[PREMIUM]","333","H","_",,,6,"[1,2,4,6]",407,"Upper",10,"Mobile Transfer ticket",14,"[PREMIUM]","[PREMIUM]","[PREMIUM]","[PREMIUM]",true,false,"['Clear view']","2026-08-29 18:35:02"
"13855584585","2026-08-29 23:59:07.499","2026-08-31 23:53:44.893","13855584585","161712052","[PREMIUM]","[PREMIUM]","334","F","_",,,7,"[1,2,3,5,7]",407,"Upper",10,"Mobile Transfer ticket",14,"[PREMIUM]","[PREMIUM]","[PREMIUM]","[PREMIUM]",true,false,"['Clear view']","2026-08-29 18:35:02"
"13855584654","2026-08-29 23:59:07.499","2026-09-09 00:00:36.007","13855584654","161712052","[PREMIUM]","[PREMIUM]","319","J","_",,,8,"[1,2,3,4,6,8]",407,"Upper",10,"Mobile Transfer ticket",14,"[PREMIUM]","[PREMIUM]","[PREMIUM]","[PREMIUM]",true,false,"['Clear view']","2026-08-29 18:35:03"
"13855584438","2026-08-29 23:59:07.499","2026-09-09 00:00:36.007","13855584438","161712052","[PREMIUM]","[PREMIUM]","330","K","_",,,5,"[1,3,5]",407,"Upper",10,"Mobile Transfer ticket",14,"[PREMIUM]","[PREMIUM]","[PREMIUM]","[PREMIUM]",true,false,"['Clear view']","2026-08-29 18:35:02"
"13855584304","2026-08-29 23:59:07.499","2026-09-02 23:49:14.719","13855584304","161712052","[PREMIUM]","[PREMIUM]","302","G","_",,,6,"[1,2,4,6]",407,"Upper",10,"Mobile Transfer ticket",14,"[PREMIUM]","[PREMIUM]","[PREMIUM]","[PREMIUM]",true,false,"['Clear view']","2026-08-29 18:35:02"
"13855584534","2026-08-29 23:59:07.362","2026-09-11 23:43:59.652","13855584534","161712052","[PREMIUM]","[PREMIUM]","311","M","_",,,8,"[1,2,3,4,6,8]",407,"Upper",10,"Mobile Transfer ticket",14,"[PREMIUM]","[PREMIUM]","[PREMIUM]","[PREMIUM]",true,false,"['Clear view']","2026-08-29 18:35:02"
"13855584539","2026-08-29 23:59:07.362","2026-09-11 23:43:59.515","13855584539","161712052","[PREMIUM]","[PREMIUM]","310","N","_",,,2,"[2]",407,"Upper",10,"Mobile Transfer ticket",14,"[PREMIUM]","[PREMIUM]","[PREMIUM]","[PREMIUM]",true,false,"['Clear view']","2026-08-29 18:35:02"
"13696658284","2026-08-29 23:59:07.358","2026-09-09 00:00:35.765","13696658284","161712052","[PREMIUM]","[PREMIUM]","317","C","_",,,8,"[1,2,3,4,6,8]",407,"Upper",10,"Mobile Transfer ticket",1,"[PREMIUM]","[PREMIUM]","[PREMIUM]","[PREMIUM]",true,false,"['Third Row of Section','Clear view']","2026-08-16 22:01:14"
"13855584587","2026-08-29 23:59:07.358","2026-09-11 23:43:59.266","13855584587","161712052","[PREMIUM]","[PREMIUM]","320","D","_",,,8,"[1,2,3,4,6,8]",407,"Upper",10,"Mobile Transfer ticket",14,"[PREMIUM]","[PREMIUM]","[PREMIUM]","[PREMIUM]",true,false,"['Clear view']","2026-08-29 18:35:02"
"13847583333","2026-08-29 23:59:07.173","2026-08-31 00:03:19.742","13847583333","161672720","[PREMIUM]","[PREMIUM]","107","R","_",,,3,"[1,3]",594,"Lower",10,"Mobile Transfer ticket",14,"[PREMIUM]","[PREMIUM]","[PREMIUM]","[PREMIUM]",true,false,"['Clear view']","2026-08-28 22:31:15"
"13847583117","2026-08-29 23:59:07.173","2026-09-09 23:59:55.159","13847583117","161672720","[PREMIUM]","[PREMIUM]","102","H","_",,,2,"[2]",594,"Lower",10,"Mobile Transfer ticket",14,"[PREMIUM]","[PREMIUM]","[PREMIUM]","[PREMIUM]",true,false,"['Clear view']","2026-08-28 22:31:14"
"13836494292","2026-08-29 23:59:07.170","2026-09-11 23:43:35.740","13836494292","161666853","[PREMIUM]","[PREMIUM]","S258",,"_",,,16,"[1,2,3,4,5,6,7,8,9,10,11,12,13,14,16]",370,"Suites",10,"Mobile Transfer ticket",1,"[PREMIUM]","[PREMIUM]","[PREMIUM]","[PREMIUM]",true,true,"['Clear view']","2026-08-28 00:18:47"
"13846737370","2026-08-29 23:59:07.170","2026-08-31 00:03:24.409","13846737370","161666853","[PREMIUM]","[PREMIUM]","124","1","17_20","17","20",4,"[1,2,4]",1687,"Lower Level",10,"Mobile Transfer ticket",1,"[PREMIUM]","[PREMIUM]","[PREMIUM]","[PREMIUM]",true,false,"['Clear view']","2026-08-28 20:58:35"
"13797903720","2026-08-29 23:59:06.793","2026-09-02 23:50:09.955","13797903720","161672693","[PREMIUM]","[PREMIUM]","109","A2","_",,,2,"[2]",594,"Lower",10,"Mobile Transfer ticket",1,"[PREMIUM]","[PREMIUM]","[PREMIUM]","[PREMIUM]",true,false,"['Clear view']","2026-08-24 23:51:44"
"13802721499","2026-08-29 23:59:06.793","2026-08-31 00:03:28.123","13802721499","161672693","[PREMIUM]","[PREMIUM]","107","A1","9001_9006","9001",,6,"[1,2,3,4,5,6]",594,"Lower",11,"Mobile ticket",1,"[PREMIUM]","[PREMIUM]","[PREMIUM]","[PREMIUM]",true,false,"['ADA Accessible','Front Row of Section','Clear view']","2026-08-25 08:17:04"
"13815728403","2026-08-29 23:59:06.793","2026-09-02 23:50:09.847","13815728403","161672693","[PREMIUM]","[PREMIUM]","106","B","9001_9002","9001",,2,"[2]",594,"Lower",10,"Mobile Transfer ticket",13,"[PREMIUM]","[PREMIUM]","[PREMIUM]","[PREMIUM]",true,false,"['Clear view']","2026-08-26 08:05:27"
"13815814873","2026-08-29 23:59:06.793","2026-09-02 23:50:09.955","13815814873","161672693","[PREMIUM]","[PREMIUM]","110","A1","9001_9002","9001",,2,"[2]",594,"Lower",10,"Mobile Transfer ticket",13,"[PREMIUM]","[PREMIUM]","[PREMIUM]","[PREMIUM]",true,false,"['Clear view']","2026-08-26 08:18:26"
"13847586840","2026-08-29 23:59:06.562","2026-09-11 00:01:20.623","13847586840","161672693","[PREMIUM]","[PREMIUM]","115","O","_",,,3,"[1,3]",594,"Lower",10,"Mobile Transfer ticket",14,"[PREMIUM]","[PREMIUM]","[PREMIUM]","[PREMIUM]",true,false,"['Clear view']","2026-08-28 22:31:28"
"13847585166","2026-08-29 23:59:06.562","2026-09-11 00:01:20.623","13847585166","161672693","[PREMIUM]","[PREMIUM]","109","B","_",,,6,"[1,2,4,6]",594,"Lower",10,"Mobile Transfer ticket",14,"[PREMIUM]","[PREMIUM]","[PREMIUM]","[PREMIUM]",true,false,"['Clear view']","2026-08-28 22:31:22"
"13847596489","2026-08-29 23:59:06.498","2026-09-11 23:43:52.514","13847596489","161672731","[PREMIUM]","[PREMIUM]","210","K","_",,,4,"[2,4]",407,"Upper",10,"Mobile Transfer ticket",14,"[PREMIUM]","[PREMIUM]","[PREMIUM]","[PREMIUM]",true,false,"['Clear view']","2026-08-28 22:32:09"
"13847596457","2026-08-29 23:59:06.435","2026-09-11 00:01:29.941","13847596457","161672731","[PREMIUM]","[PREMIUM]","206","P","_",,,8,"[1,2,3,4,6,8]",407,"Upper",10,"Mobile Transfer ticket",14,"[PREMIUM]","[PREMIUM]","[PREMIUM]","[PREMIUM]",true,false,"['Clear view']","2026-08-28 22:32:08"
"13847596487","2026-08-29 23:59:06.258","2026-09-11 23:43:52.478","13847596487","161672731","[PREMIUM]","[PREMIUM]","204","I","_",,,9,"[1,2,3,4,5,7,9]",407,"Upper",10,"Mobile Transfer ticket",14,"[PREMIUM]","[PREMIUM]","[PREMIUM]","[PREMIUM]",true,false,"['Clear view']","2026-08-28 22:32:09"
"13847765181","2026-08-29 23:59:06.162","2026-09-11 23:43:52.285","13847765181","161672731","[PREMIUM]","[PREMIUM]","223","X","_",,,10,"[1,2,3,4,5,6,7,8,9,10]",407,"Upper",10,"Mobile Transfer ticket",1,"[PREMIUM]","[PREMIUM]","[PREMIUM]","[PREMIUM]",true,false,"['Clear view']","2026-08-28 22:50:31"
"13847596453","2026-08-29 23:59:06.152","2026-09-11 23:43:52.202","13847596453","161672731","[PREMIUM]","[PREMIUM]","220","Q","_",,,8,"[1,2,3,4,6,8]",407,"Upper",10,"Mobile Transfer ticket",14,"[PREMIUM]","[PREMIUM]","[PREMIUM]","[PREMIUM]",true,false,"['Clear view']","2026-08-28 22:32:08"
"13847589362","2026-08-29 23:59:06.152","2026-09-11 23:43:52.202","13847589362","161672731","[PREMIUM]","[PREMIUM]","222","Q","_",,,3,"[1,3]",407,"Upper",10,"Mobile Transfer ticket",14,"[PREMIUM]","[PREMIUM]","[PREMIUM]","[PREMIUM]",true,false,"['Clear view']","2026-08-28 22:31:36"
"13847596645","2026-08-29 23:59:06.140","2026-09-11 23:43:52.177","13847596645","161672731","[PREMIUM]","[PREMIUM]","229","N","_",,,6,"[1,2,4,6]",407,"Upper",10,"Mobile Transfer ticket",14,"[PREMIUM]","[PREMIUM]","[PREMIUM]","[PREMIUM]",true,false,"['Clear view']","2026-08-28 22:32:12"
"13820766759","2026-08-29 23:59:05.973","2026-09-11 23:43:52.185","13820766759","161672731","[PREMIUM]","[PREMIUM]","222","T","_",,,4,"[1,2,4]",407,"Upper",10,"Mobile Transfer ticket",1,"[PREMIUM]","[PREMIUM]","[PREMIUM]","[PREMIUM]",true,false,"['Clear view']","2026-08-26 18:46:49"
"13790763359","2026-08-29 23:59:05.966","2026-09-11 00:01:29.941","13790763359","161672731","[PREMIUM]","[PREMIUM]","233","K","_",,,4,"[2,4]",407,"Upper",10,"Mobile Transfer ticket",1,"[PREMIUM]","[PREMIUM]","[PREMIUM]","[PREMIUM]",true,false,"['Clear view']","2026-08-24 13:58:30"
"13855584365","2026-08-29 23:59:05.868","2026-09-11 23:43:59.293","13855584365","161712052","[PREMIUM]","[PREMIUM]","301","H","_",,,2,"[2]",407,"Upper",10,"Mobile Transfer ticket",14,"[PREMIUM]","[PREMIUM]","[PREMIUM]","[PREMIUM]",true,false,"['Clear view']","2026-08-29 18:35:02"
"13855584582","2026-08-29 23:59:05.868","2026-09-06 23:59:01.268","13855584582","161712052","[PREMIUM]","[PREMIUM]","334","H","_",,,6,"[1,2,4,6]",407,"Upper",10,"Mobile Transfer ticket",14,"[PREMIUM]","[PREMIUM]","[PREMIUM]","[PREMIUM]",true,false,"['Clear view']","2026-08-29 18:35:02"
"13847585317","2026-08-29 23:59:05.206","2026-09-11 23:43:34.803","13847585317","161672693","[PREMIUM]","[PREMIUM]","224","A","_",,,4,"[2,4]",407,"Upper",10,"Mobile Transfer ticket",14,"[PREMIUM]","[PREMIUM]","[PREMIUM]","[PREMIUM]",true,false,"['Front Row of Section','Clear view']","2026-08-28 22:31:23"
"13847587228","2026-08-29 23:59:05.165","2026-09-11 00:01:19.603","13847587228","161672693","[PREMIUM]","[PREMIUM]","118","Q","_",,,6,"[1,2,4,6]",594,"Lower",10,"Mobile Transfer ticket",14,"[PREMIUM]","[PREMIUM]","[PREMIUM]","[PREMIUM]",true,false,"['Clear view']","2026-08-28 22:31:29"
"13822106226","2026-08-29 23:59:04.825","2026-08-29 23:59:09.490","13822106226","161672731","[PREMIUM]","[PREMIUM]","114","R","9001_9002","9001",,2,"[2]",594,"Lower",11,"Mobile ticket",1,"[PREMIUM]","[PREMIUM]","[PREMIUM]","[PREMIUM]",true,false,"['ADA Accessible','Clear view']","2026-08-26 20:55:47"
"13813590638","2026-08-29 23:59:04.640","2026-08-31 00:03:23.910","13813590638","161675851","[PREMIUM]","[PREMIUM]","105","2","9001_9002","9001",,2,"[2]",519,"Terrace",11,"Mobile ticket",1,"[PREMIUM]","[PREMIUM]","[PREMIUM]","[PREMIUM]",true,false,"['Second Row of Section','Clear view']","2026-08-26 03:23:41"
"13816556074","2026-08-29 23:59:04.399","2026-09-11 23:43:32.356","13816556074","161675851","[PREMIUM]","[PREMIUM]","110","A","9001_9002","9001",,2,"[2]",519,"Terrace",10,"Mobile Transfer ticket",13,"[PREMIUM]","[PREMIUM]","[PREMIUM]","[PREMIUM]",true,false,"['Front Row of Section','Clear view']","2026-08-26 10:11:57"
"13715022771","2026-08-29 23:59:04.353","2026-08-29 23:59:04.353","13715022771","161675851","[PREMIUM]","[PREMIUM]","113","15","_",,,8,"[1,2,3,4,5,6,7,8]",519,"Terrace",10,"Mobile Transfer ticket",1,"[PREMIUM]","[PREMIUM]","[PREMIUM]","[PREMIUM]",true,false,"['Clear view']","2026-08-18 15:29:21"
"13836494248","2026-08-29 23:59:04.246","2026-08-29 23:59:04.246","13836494248","161666853","[PREMIUM]","[PREMIUM]","110","17","_",,,2,"[2]",1687,"Lower Level",10,"Mobile Transfer ticket",1,"[PREMIUM]","[PREMIUM]","[PREMIUM]","[PREMIUM]",true,false,"['Clear view']","2026-08-28 00:18:47"
"13843209667","2026-08-29 23:59:04.044","2026-09-11 23:43:34.025","13843209667","161666853","[PREMIUM]","[PREMIUM]","319","1","_",,,2,"[2]",1713,"Middle Level",10,"Mobile Transfer ticket",1,"[PREMIUM]","[PREMIUM]","[PREMIUM]","[PREMIUM]",true,false,"['Front Row of Section','Clear view']","2026-08-28 14:40:09"
"13836494176","2026-08-29 23:59:04.029","2026-08-31 00:03:21.927","13836494176","161666853","[PREMIUM]","[PREMIUM]","304","1","_",,,3,"[3]",1713,"Middle Level",10,"Mobile Transfer ticket",1,"[PREMIUM]","[PREMIUM]","[PREMIUM]","[PREMIUM]",true,false,"['Front Row of Section','Clear view']","2026-08-28 00:18:47"
"13812573488","2026-08-29 23:59:03.093","2026-08-29 23:59:03.093","13812573488","161672720","[PREMIUM]","[PREMIUM]","103","B","9001_9002","9001",,2,"[2]",594,"Lower",11,"Mobile ticket",1,"[PREMIUM]","[PREMIUM]","[PREMIUM]","[PREMIUM]",true,false,"['Clear view']","2026-08-26 01:06:40"
"13815074667","2026-08-29 23:59:03.093","2026-08-29 23:59:03.093","13815074667","161672720","[PREMIUM]","[PREMIUM]","105","G","9001_9004","9001",,4,"[2,4]",594,"Lower",11,"Mobile ticket",1,"[PREMIUM]","[PREMIUM]","[PREMIUM]","[PREMIUM]",true,false,"['Clear view']","2026-08-26 06:45:49"
"13840251244","2026-08-29 23:59:03.093","2026-09-02 23:49:48.287","13840251244","161672720","[PREMIUM]","[PREMIUM]","114","A","_",,,2,"[2]",594,"Lower",10,"Mobile Transfer ticket",14,"[PREMIUM]","[PREMIUM]","[PREMIUM]","[PREMIUM]",true,false,"['Front Row of Section','Clear view']","2026-08-28 07:35:11"
"13836413728","2026-08-29 23:59:03.093","2026-09-04 00:02:12.497","13836413728","161672720","[PREMIUM]","[PREMIUM]","112","A2","_",,,2,"[2]",594,"Lower",10,"Mobile Transfer ticket",1,"[PREMIUM]","[PREMIUM]","[PREMIUM]","[PREMIUM]",true,false,"['Second Row of Section','Clear view']","2026-08-28 00:07:55"
"13815072480","2026-08-29 23:59:03.087","2026-08-31 00:03:21.465","13815072480","161672720","[PREMIUM]","[PREMIUM]","104","E","9001_9002","9001",,2,"[2]",594,"Lower",11,"Mobile ticket",1,"[PREMIUM]","[PREMIUM]","[PREMIUM]","[PREMIUM]",true,false,"['Clear view']","2026-08-26 06:45:39"
"13815072524","2026-08-29 23:59:03.087","2026-08-31 00:03:21.465","13815072524","161672720","[PREMIUM]","[PREMIUM]","115","A","9001_9002","9001",,2,"[2]",594,"Lower",11,"Mobile ticket",1,"[PREMIUM]","[PREMIUM]","[PREMIUM]","[PREMIUM]",true,false,"['Front Row of Section','Clear view']","2026-08-26 06:45:39"
"13836734144","2026-08-29 23:59:03.087","2026-08-31 23:54:19.950","13836734144","161672720","[PREMIUM]","[PREMIUM]","105","C","_",,,2,"[2]",594,"Lower",10,"Mobile Transfer ticket",1,"[PREMIUM]","[PREMIUM]","[PREMIUM]","[PREMIUM]",true,false,"['Clear view']","2026-08-28 00:42:07"
"13816088295","2026-08-29 23:59:03.010","2026-08-29 23:59:03.010","13816088295","161672720","[PREMIUM]","[PREMIUM]","107","C","9001_9001","9001",,1,"[1]",594,"Lower",10,"Mobile Transfer ticket",13,"[PREMIUM]","[PREMIUM]","[PREMIUM]","[PREMIUM]",false,false,"['Third Row of Section','Clear view']","2026-08-26 08:58:32"
"13812573412","2026-08-29 23:59:02.938","2026-08-29 23:59:02.938","13812573412","161672720","[PREMIUM]","[PREMIUM]","226","C","9001_9002","9001",,2,"[2]",407,"Upper",11,"Mobile ticket",1,"[PREMIUM]","[PREMIUM]","[PREMIUM]","[PREMIUM]",true,false,"['Third Row of Section','Clear view']","2026-08-26 01:06:39"
"13852769939","2026-08-29 23:59:02.938","2026-08-29 23:59:02.938","13852769939","161672720","[PREMIUM]","[PREMIUM]","115","F","17_18","17","18",2,"[2]",594,"Lower",10,"Mobile Transfer ticket",1,"[PREMIUM]","[PREMIUM]","[PREMIUM]","[PREMIUM]",true,false,"['Clear view']","2026-08-29 11:13:52"
"13847583579","2026-08-29 23:59:02.814","2026-08-29 23:59:02.814","13847583579","161672720","[PREMIUM]","[PREMIUM]","115","O","_",,,3,"[1,3]",594,"Lower",10,"Mobile Transfer ticket",14,"[PREMIUM]","[PREMIUM]","[PREMIUM]","[PREMIUM]",true,false,"['Clear view']","2026-08-28 22:31:16"
"13854189088","2026-08-29 23:59:02.807","2026-09-11 23:43:30.842","13854189088","161672720","[PREMIUM]","[PREMIUM]","109","U","3_7","3","7",5,"[1,2,3,5]",594,"Lower",10,"Mobile Transfer ticket",1,"[PREMIUM]","[PREMIUM]","[PREMIUM]","[PREMIUM]",true,false,"['Clear view']","2026-08-29 15:33:47"
"13847583688","2026-08-29 23:59:02.789","2026-09-11 23:43:31.641","13847583688","161672720","[PREMIUM]","[PREMIUM]","109","E","_",,,9,"[1,2,3,4,5,7,9]",594,"Lower",10,"Mobile Transfer ticket",14,"[PREMIUM]","[PREMIUM]","[PREMIUM]","[PREMIUM]",true,false,"['Clear view']","2026-08-28 22:31:17"
"13847583014","2026-08-29 23:59:02.789","2026-09-11 23:43:31.681","13847583014","161672720","[PREMIUM]","[PREMIUM]","118","C","_",,,4,"[2,4]",594,"Lower",10,"Mobile Transfer ticket",14,"[PREMIUM]","[PREMIUM]","[PREMIUM]","[PREMIUM]",true,false,"['Clear view']","2026-08-28 22:31:13"
"13847582933","2026-08-29 23:59:02.789","2026-09-11 23:43:31.641","13847582933","161672720","[PREMIUM]","[PREMIUM]","101","C","_",,,5,"[1,3,5]",594,"Lower",10,"Mobile Transfer ticket",14,"[PREMIUM]","[PREMIUM]","[PREMIUM]","[PREMIUM]",true,false,"['Clear view']","2026-08-28 22:31:13"
"13847583027","2026-08-29 23:59:02.707","2026-09-11 23:43:31.641","13847583027","161672720","[PREMIUM]","[PREMIUM]","101","D","_",,,2,"[2]",594,"Lower",10,"Mobile Transfer ticket",14,"[PREMIUM]","[PREMIUM]","[PREMIUM]","[PREMIUM]",true,false,"['Clear view']","2026-08-28 22:31:13"
"13811300392","2026-08-29 23:59:02.375","2026-08-31 00:03:22.272","13811300392","161675851","[PREMIUM]","[PREMIUM]","110","14","9001_9001","9001",,1,"[1]",519,"Terrace",11,"Mobile ticket",1,"[PREMIUM]","[PREMIUM]","[PREMIUM]","[PREMIUM]",false,false,"['Clear view']","2026-08-25 22:51:10"
"13718687336","2026-08-29 23:59:02.312","2026-09-04 00:02:14.462","13718687336","161675851","[PREMIUM]","[PREMIUM]","110","21","_",,,4,"[1,2,3,4]",519,"Terrace",10,"Mobile Transfer ticket",1,"[PREMIUM]","[PREMIUM]","[PREMIUM]","[PREMIUM]",true,false,"['Clear view']","2026-08-18 22:23:55"
"13722729243","2026-08-29 23:59:02.180","2026-08-31 00:03:20.851","13722729243","161675851","[PREMIUM]","[PREMIUM]","110","20","9001_9002","9001","9002",2,"[2]",519,"Terrace",10,"Mobile Transfer ticket",13,"[PREMIUM]","[PREMIUM]","[PREMIUM]","[PREMIUM]",true,false,"['Clear view']","2026-08-19 07:43:04"
"13717456071","2026-08-29 23:59:02.126","2026-09-05 00:01:19.078","13717456071","161675851","[PREMIUM]","[PREMIUM]","110","15","_",,,4,"[1,2,4]",519,"Terrace",10,"Mobile Transfer ticket",1,"[PREMIUM]","[PREMIUM]","[PREMIUM]","[PREMIUM]",true,false,"['Clear view']","2026-08-18 20:09:05"
"13843209601","2026-08-29 23:59:02.021","2026-09-11 23:43:32.599","13843209601","161666853","[PREMIUM]","[PREMIUM]","322","8","_",,,2,"[2]",1713,"Middle Level",10,"Mobile Transfer ticket",1,"[PREMIUM]","[PREMIUM]","[PREMIUM]","[PREMIUM]",true,false,"['Clear view']","2026-08-28 14:40:08"
"13857338327","2026-08-29 23:59:02.021","2026-08-29 23:59:02.021","13857338327","161666853","[PREMIUM]","[PREMIUM]","406","2","_",,,2,"[2]",954,"Upper Level",10,"Mobile Transfer ticket",1,"[PREMIUM]","[PREMIUM]","[PREMIUM]","[PREMIUM]",true,false,"['Second Row of Section','Clear view']","2026-08-29 22:09:55"
"13685207545","2026-08-29 23:59:01.822","2026-09-11 23:43:33.945","13685207545","161666853","[PREMIUM]","[PREMIUM]","320","2","1_6","1",,6,"[1,2,3,4,6]",1713,"Middle Level",10,"Mobile Transfer ticket",1,"[PREMIUM]","[PREMIUM]","[PREMIUM]","[PREMIUM]",true,false,"['Second Row of Section','Clear view']","2026-08-15 14:55:08"
"13843209775","2026-08-29 23:59:01.822","2026-09-11 23:43:33.945","13843209775","161666853","[PREMIUM]","[PREMIUM]","330","2","_",,,2,"[2]",1713,"Middle Level",10,"Mobile Transfer ticket",1,"[PREMIUM]","[PREMIUM]","[PREMIUM]","[PREMIUM]",true,false,"['Second Row of Section','Clear view']","2026-08-28 14:40:09"
"13843209648","2026-08-29 23:59:01.806","2026-08-31 23:54:21.258","13843209648","161666853","[PREMIUM]","[PREMIUM]","101","13","_",,,2,"[2]",1687,"Lower Level",10,"Mobile Transfer ticket",1,"[PREMIUM]","[PREMIUM]","[PREMIUM]","[PREMIUM]",true,false,"['Clear view']","2026-08-28 14:40:08"
"13857796069","2026-08-29 23:59:01.630","2026-08-31 00:03:20.010","13857796069","161666853","[PREMIUM]","[PREMIUM]","407","3","_",,,2,"[2]",954,"Upper Level",10,"Mobile Transfer ticket",1,"[PREMIUM]","[PREMIUM]","[PREMIUM]","[PREMIUM]",true,false,"['Third Row of Section','Clear view']","2026-08-29 23:03:35"
"13843209622","2026-08-29 23:59:01.585","2026-09-11 23:43:32.719","13843209622","161666853","[PREMIUM]","[PREMIUM]","306","1","_",,,2,"[2]",1713,"Middle Level",10,"Mobile Transfer ticket",1,"[PREMIUM]","[PREMIUM]","[PREMIUM]","[PREMIUM]",true,false,"['Front Row of Section','Clear view']","2026-08-28 14:40:08"
"13843209611","2026-08-29 23:59:01.557","2026-09-09 00:00:10.886","13843209611","161666853","[PREMIUM]","[PREMIUM]","323","15","_",,,4,"[4]",1713,"Middle Level",10,"Mobile Transfer ticket",1,"[PREMIUM]","[PREMIUM]","[PREMIUM]","[PREMIUM]",true,false,"['Clear view']","2026-08-28 14:40:08"
"13667776881","2026-08-29 23:59:01.502","2026-09-09 23:59:56.265","13667776881","161666853","[PREMIUM]","[PREMIUM]","307","9","_",,,2,"[2]",1713,"Middle Level",10,"Mobile Transfer ticket",1,"[PREMIUM]","[PREMIUM]","[PREMIUM]","[PREMIUM]",true,false,"['Clear view']","2026-08-14 01:08:17"
"13853395151","2026-08-29 23:59:01.417","2026-08-29 23:59:01.417","13853395151","161666853","[PREMIUM]","[PREMIUM]","414","3","_",,,4,"[1,2,3,4]",954,"Upper Level",10,"Mobile Transfer ticket",1,"[PREMIUM]","[PREMIUM]","[PREMIUM]","[PREMIUM]",true,false,"['Third Row of Section','Clear view']","2026-08-29 13:09:33"
"13853512846","2026-08-29 23:59:01.085","2026-08-29 23:59:01.085","13853512846","161691845","[PREMIUM]","[PREMIUM]","104","5","9001_9002","9001",,2,"[2]",594,"Lower",10,"Mobile Transfer ticket",13,"[PREMIUM]","[PREMIUM]","[PREMIUM]","[PREMIUM]",true,false,"['Clear view']","2026-08-29 13:27:37"
"13852769981","2026-08-29 23:59:00.865","2026-08-29 23:59:00.865","13852769981","161672720","[PREMIUM]","[PREMIUM]","209","A","3_6","3","6",4,"[2,4]",407,"Upper",10,"Mobile Transfer ticket",1,"[PREMIUM]","[PREMIUM]","[PREMIUM]","[PREMIUM]",true,false,"['Front Row of Section','Clear view']","2026-08-29 11:13:52"
"13852769923","2026-08-29 23:59:00.812","2026-08-29 23:59:00.812","13852769923","161672720","[PREMIUM]","[PREMIUM]","225","B","1_4","1","4",4,"[2,4]",407,"Upper",10,"Mobile Transfer ticket",1,"[PREMIUM]","[PREMIUM]","[PREMIUM]","[PREMIUM]",true,false,"['Second Row of Section','Clear view']","2026-08-29 11:13:52"
"13847583730","2026-08-29 23:59:00.802","2026-09-11 00:01:20.096","13847583730","161672720","[PREMIUM]","[PREMIUM]","232","D","_",,,4,"[2,4]",407,"Upper",10,"Mobile Transfer ticket",14,"[PREMIUM]","[PREMIUM]","[PREMIUM]","[PREMIUM]",true,false,"['Clear view']","2026-08-28 22:31:17"
"13846018063","2026-08-29 23:59:00.795","2026-09-01 23:57:35.172","13846018063","161672720","[PREMIUM]","[PREMIUM]","217","A4","5_8","5",,4,"[2,4]",407,"Upper",10,"Mobile Transfer ticket",1,"[PREMIUM]","[PREMIUM]","[PREMIUM]","[PREMIUM]",true,false,"['Clear view']","2026-08-28 19:36:46"
"13857304379","2026-08-29 23:59:00.768","2026-08-29 23:59:00.768","13857304379","161691845","[PREMIUM]","[PREMIUM]","118","19","1_8","1",,8,"[1,2,3,4,5,6,8]",594,"Lower",10,"Mobile Transfer ticket",1,"[PREMIUM]","[PREMIUM]","[PREMIUM]","[PREMIUM]",true,false,"['Clear view']","2026-08-29 22:03:54"
"13857797661","2026-08-29 23:59:00.768","2026-08-29 23:59:00.768","13857797661","161691845","[PREMIUM]","[PREMIUM]","113","20","5_12","5",,8,"[1,2,3,4,5,6,8]",594,"Lower",10,"Mobile Transfer ticket",1,"[PREMIUM]","[PREMIUM]","[PREMIUM]","[PREMIUM]",true,false,"['Clear view']","2026-08-29 23:03:46"
"13847583349","2026-08-29 23:59:00.614","2026-09-11 23:43:30.910","13847583349","161672720","[PREMIUM]","[PREMIUM]","208","H","_",,,8,"[1,2,3,4,6,8]",407,"Upper",10,"Mobile Transfer ticket",14,"[PREMIUM]","[PREMIUM]","[PREMIUM]","[PREMIUM]",true,false,"['Clear view']","2026-08-28 22:31:15"
"13847583244","2026-08-29 23:59:00.515","2026-09-11 23:43:30.541","13847583244","161672720","[PREMIUM]","[PREMIUM]","223","E","_",,,3,"[1,3]",407,"Upper",10,"Mobile Transfer ticket",14,"[PREMIUM]","[PREMIUM]","[PREMIUM]","[PREMIUM]",true,false,"['Clear view']","2026-08-28 22:31:15"
"13852769990","2026-08-29 23:59:00.510","2026-08-29 23:59:00.510","13852769990","161672720","[PREMIUM]","[PREMIUM]","206","H","4_6","4","6",3,"[1,3]",407,"Upper",10,"Mobile Transfer ticket",1,"[PREMIUM]","[PREMIUM]","[PREMIUM]","[PREMIUM]",true,false,"['Clear view']","2026-08-29 11:13:52"
"13712197596","2026-08-29 23:58:59.846","2026-09-06 00:01:08.355","13712197596","161666853","[PREMIUM]","[PREMIUM]","400GA",,"9001_9006","9001",,6,"[1,2,3,4,6]",954,"Upper Level",10,"Mobile Transfer ticket",1,"[PREMIUM]","[PREMIUM]","[PREMIUM]","[PREMIUM]",false,true,"['Clear view']","2026-08-18 07:05:53"
"13849427939","2026-08-29 23:58:59.846","2026-09-01 23:57:34.943","13849427939","161666853","[PREMIUM]","[PREMIUM]","115","28","1_2","1","2",2,"[1,2]",1687,"Lower Level",10,"Mobile Transfer ticket",1,"[PREMIUM]","[PREMIUM]","[PREMIUM]","[PREMIUM]",true,false,"['Clear view']","2026-08-29 02:17:11"
"13856763178","2026-08-29 23:58:59.766","2026-08-29 23:58:59.766","13856763178","161691845","[PREMIUM]","[PREMIUM]","228","6","1_8","1",,8,"[1,2,3,4,5,6,8]",407,"Upper",10,"Mobile Transfer ticket",1,"[PREMIUM]","[PREMIUM]","[PREMIUM]","[PREMIUM]",true,false,"['Clear view']","2026-08-29 21:04:02"
"13857798361","2026-08-29 23:58:59.766","2026-08-29 23:58:59.766","13857798361","161691845","[PREMIUM]","[PREMIUM]","210","5","4_11","4",,8,"[1,2,3,4,5,6,8]",407,"Upper",10,"Mobile Transfer ticket",1,"[PREMIUM]","[PREMIUM]","[PREMIUM]","[PREMIUM]",true,false,"['Clear view']","2026-08-29 23:03:50"
"13849078168","2026-08-29 23:58:59.466","2026-08-31 23:54:08.727","13849078168","161672720","[PREMIUM]","[PREMIUM]","224","T","5_8","5",,4,"[1,2,3,4]",407,"Upper",10,"Mobile Transfer ticket",14,"[PREMIUM]","[PREMIUM]","[PREMIUM]","[PREMIUM]",true,false,"['Clear view']","2026-08-29 01:29:25"
"13847583251","2026-08-29 23:58:59.466","2026-09-11 23:43:29.567","13847583251","161672720","[PREMIUM]","[PREMIUM]","223","Q","_",,,5,"[1,3,5]",407,"Upper",10,"Mobile Transfer ticket",14,"[PREMIUM]","[PREMIUM]","[PREMIUM]","[PREMIUM]",true,false,"['Clear view']","2026-08-28 22:31:15"
"13815074991","2026-08-29 23:58:59.214","2026-08-31 00:03:18.189","13815074991","161672720","[PREMIUM]","[PREMIUM]","201","I","9001_9004","9001",,4,"[1,2,3,4]",407,"Upper",11,"Mobile ticket",1,"[PREMIUM]","[PREMIUM]","[PREMIUM]","[PREMIUM]",true,false,"['Clear view']","2026-08-26 06:45:53"
"13848598277","2026-08-29 23:58:59.187","2026-09-11 23:43:29.715","13848598277","161672720","[PREMIUM]","[PREMIUM]","211","L","_",,,8,"[1,2,3,4,6,8]",407,"Upper",10,"Mobile Transfer ticket",14,"[PREMIUM]","[PREMIUM]","[PREMIUM]","[PREMIUM]",true,false,"['Clear view']","2026-08-29 00:30:50"
"13857799025","2026-08-29 23:58:58.854","2026-08-29 23:58:58.854","13857799025","161691845","[PREMIUM]","[PREMIUM]","230","1","1_5","1",,5,"[1,2,3,5]",407,"Upper",10,"Mobile Transfer ticket",1,"[PREMIUM]","[PREMIUM]","[PREMIUM]","[PREMIUM]",true,false,"['Front Row of Section','Clear view']","2026-08-29 23:03:54"
"13857798160","2026-08-29 23:58:58.839","2026-08-29 23:58:58.839","13857798160","161691845","[PREMIUM]","[PREMIUM]","M21","4","13_20","13",,8,"[1,2,3,4,5,6,8]",507,"Mezzanine",10,"Mobile Transfer ticket",1,"[PREMIUM]","[PREMIUM]","[PREMIUM]","[PREMIUM]",true,false,"['Clear view']","2026-08-29 23:03:49"
"13851219208","2026-08-29 23:58:58.513","2026-08-31 23:53:34.711","13851219208","161675832","[PREMIUM]","[PREMIUM]","Club C","1","9001_9002","9001",,2,"[2]",3418,"Terrace Club",10,"Mobile Transfer ticket",13,"[PREMIUM]","[PREMIUM]","[PREMIUM]","[PREMIUM]",true,false,"['Front Row of Section','Clear view']","2026-08-29 06:46:36"
"13854252114","2026-08-29 23:58:58.291","2026-09-04 00:01:10.290","13854252114","161675832","[PREMIUM]","[PREMIUM]","111","4","_",,,2,"[2]",519,"Terrace",10,"Mobile Transfer ticket",1,"[PREMIUM]","[PREMIUM]","[PREMIUM]","[PREMIUM]",true,false,"['Clear view']","2026-08-29 15:43:26"
"13815074679","2026-08-29 23:58:58.202","2026-08-29 23:58:58.202","13815074679","161672720","[PREMIUM]","[PREMIUM]","225","L","9001_9003","9001",,3,"[3]",407,"Upper",11,"Mobile ticket",1,"[PREMIUM]","[PREMIUM]","[PREMIUM]","[PREMIUM]",true,false,"['Clear view']","2026-08-26 06:45:49"
"13822030601","2026-08-29 23:58:58.188","2026-08-31 00:02:31.552","13822030601","161691845","[PREMIUM]","[PREMIUM]","117","15","9001_9002","9001",,2,"[2]",594,"Lower",11,"Mobile ticket",1,"[PREMIUM]","[PREMIUM]","[PREMIUM]","[PREMIUM]",true,false,"['Clear view']","2026-08-26 20:48:11"
"13835691012","2026-08-29 23:58:58.094","2026-09-11 23:43:28.041","13835691012","161675832","[PREMIUM]","[PREMIUM]","102","2","9001_9002","9001",,2,"[2]",519,"Terrace",10,"Mobile Transfer ticket",13,"[PREMIUM]","[PREMIUM]","[PREMIUM]","[PREMIUM]",true,false,"['Clear view']","2026-08-27 22:58:47"
"13795105640","2026-08-29 23:58:58.013","2026-09-02 23:48:55.109","13795105640","161667291","[PREMIUM]","[PREMIUM]","107","14","_",,,2,"[1,2]",594,"Lower",10,"Mobile Transfer ticket",1,"[PREMIUM]","[PREMIUM]","[PREMIUM]","[PREMIUM]",true,false,"['Clear view']","2026-08-24 20:47:08"
"13823778856","2026-08-29 23:58:58.013","2026-09-06 00:00:40.158","13823778856","161667291","[PREMIUM]","[PREMIUM]","A3","5","_",,,4,"[1,2,4]",1201,"Arena",10,"Mobile Transfer ticket",1,"[PREMIUM]","[PREMIUM]","[PREMIUM]","[PREMIUM]",true,false,"['Clear view']","2026-08-26 23:49:25"
"13823773168","2026-08-29 23:58:58.013","2026-09-04 00:01:08.818","13823773168","161667291","[PREMIUM]","[PREMIUM]","119","6","_",,,6,"[1,2,3,4,6]",594,"Lower",10,"Mobile Transfer ticket",1,"[PREMIUM]","[PREMIUM]","[PREMIUM]","[PREMIUM]",true,false,"['Clear view']","2026-08-26 23:49:06"
"13838535533","2026-08-29 23:58:57.942","2026-08-29 23:58:57.942","13838535533","161667291","[PREMIUM]","[PREMIUM]","121","10","5_10","5",,6,"[1,2,3,4,6]",594,"Lower",10,"Mobile Transfer ticket",1,"[PREMIUM]","[PREMIUM]","[PREMIUM]","[PREMIUM]",true,false,"['Clear view']","2026-08-28 04:00:39"
"13857943495","2026-08-29 23:58:57.717","2026-08-29 23:58:57.717","13857943495","161667291","[PREMIUM]","[PREMIUM]","M117","2","_",,,2,"[2]",507,"Mezzanine",10,"Mobile Transfer ticket",1,"[PREMIUM]","[PREMIUM]","[PREMIUM]","[PREMIUM]",true,false,"['Second Row of Section','Clear view']","2026-08-29 23:17:19"
"13849027994","2026-08-29 23:58:57.390","2026-09-11 23:43:26.748","13849027994","161675832","[PREMIUM]","[PREMIUM]","110","8","_",,,2,"[2]",519,"Terrace",10,"Mobile Transfer ticket",1,"[PREMIUM]","[PREMIUM]","[PREMIUM]","[PREMIUM]",true,false,"['Clear view']","2026-08-29 01:22:54"
"13849010393","2026-08-29 23:58:57.390","2026-09-11 23:43:26.748","13849010393","161675832","[PREMIUM]","[PREMIUM]","110","7","_",,,2,"[2]",519,"Terrace",10,"Mobile Transfer ticket",1,"[PREMIUM]","[PREMIUM]","[PREMIUM]","[PREMIUM]",true,false,"['Clear view']","2026-08-29 01:20:36"
"13854477675","2026-08-29 23:58:57.183","2026-08-29 23:58:57.183","13854477675","161675832","[PREMIUM]","[PREMIUM]","229","1","_",,,3,"[1,3]",2062,"Promenade",10,"Mobile Transfer ticket",1,"[PREMIUM]","[PREMIUM]","[PREMIUM]","[PREMIUM]",true,false,"['Front Row of Section','Clear view']","2026-08-29 16:13:40"
"13854455025","2026-08-29 23:58:57.183","2026-08-29 23:58:57.183","13854455025","161675832","[PREMIUM]","[PREMIUM]","228","2","_",,,4,"[2,4]",2062,"Promenade",10,"Mobile Transfer ticket",1,"[PREMIUM]","[PREMIUM]","[PREMIUM]","[PREMIUM]",true,false,"['Second Row of Section','Clear view']","2026-08-29 16:10:49"
"13840176898","2026-08-29 23:58:57.168","2026-09-11 23:43:27.620","13840176898","161667291","[PREMIUM]","[PREMIUM]","F14","3","9001_9004","9001",,4,"[1,2,4]",682,"Floor",10,"Mobile Transfer ticket",1,"[PREMIUM]","[PREMIUM]","[PREMIUM]","[PREMIUM]",true,false,"['Clear view']","2026-08-28 07:22:33"
"13856042695","2026-08-29 23:58:57.141","2026-09-11 23:43:18.898","13856042695","161663471","[PREMIUM]","[PREMIUM]","111","12","_",,,4,"[2,4]",1687,"Lower Level",10,"Mobile Transfer ticket",14,"[PREMIUM]","[PREMIUM]","[PREMIUM]","[PREMIUM]",true,false,"['Clear view']","2026-08-29 19:31:09"
"13838535578","2026-08-29 23:58:56.921","2026-08-29 23:58:56.921","13838535578","161667291","[PREMIUM]","[PREMIUM]","F13","6","11_12","11",,2,"[2]",682,"Floor",10,"Mobile Transfer ticket",1,"[PREMIUM]","[PREMIUM]","[PREMIUM]","[PREMIUM]",true,false,"['Clear view']","2026-08-28 04:00:40"
"13840091432","2026-08-29 23:58:56.888","2026-09-11 23:43:22.964","13840091432","161663480","[PREMIUM]","[PREMIUM]","105","D","9001_9002","9001",,2,"[2]",1687,"Lower Level",10,"Mobile Transfer ticket",13,"[PREMIUM]","[PREMIUM]","[PREMIUM]","[PREMIUM]",true,false,"['Clear view']","2026-08-28 07:14:45"
"13854248467","2026-08-29 23:58:56.888","2026-09-10 00:00:54.829","13854248467","161663480","[PREMIUM]","[PREMIUM]","217","1","_",,,2,"[2]",300,"Club Level",10,"Mobile Transfer ticket",1,"[PREMIUM]","[PREMIUM]","[PREMIUM]","[PREMIUM]",true,false,"['Front Row of Section','Clear view']","2026-08-29 15:43:00"
"13856041325","2026-08-29 23:58:56.888","2026-09-10 00:00:54.829","13856041325","161663480","[PREMIUM]","[PREMIUM]","102","3","_",,,4,"[2,4]",1687,"Lower Level",10,"Mobile Transfer ticket",14,"[PREMIUM]","[PREMIUM]","[PREMIUM]","[PREMIUM]",true,false,"['Clear view']","2026-08-29 19:30:30"
"13856041493","2026-08-29 23:58:56.884","2026-09-11 23:43:22.704","13856041493","161663480","[PREMIUM]","[PREMIUM]","114","10","_",,,4,"[2,4]",1687,"Lower Level",10,"Mobile Transfer ticket",14,"[PREMIUM]","[PREMIUM]","[PREMIUM]","[PREMIUM]",true,false,"['Clear view']","2026-08-29 19:30:31"
"13856041506","2026-08-29 23:58:56.828","2026-09-10 00:00:54.738","13856041506","161663480","[PREMIUM]","[PREMIUM]","114","14","_",,,4,"[2,4]",1687,"Lower Level",10,"Mobile Transfer ticket",14,"[PREMIUM]","[PREMIUM]","[PREMIUM]","[PREMIUM]",true,false,"['Clear view']","2026-08-29 19:30:31"
"13856041476","2026-08-29 23:58:56.828","2026-09-04 00:02:35.090","13856041476","161663480","[PREMIUM]","[PREMIUM]","202","7","_",,,4,"[2,4]",300,"Club Level",10,"Mobile Transfer ticket",14,"[PREMIUM]","[PREMIUM]","[PREMIUM]","[PREMIUM]",true,false,"['Clear view']","2026-08-29 19:30:31"
"13856041463","2026-08-29 23:58:56.828","2026-09-10 00:00:49.507","13856041463","161663480","[PREMIUM]","[PREMIUM]","108","8","_",,,9,"[1,2,3,4,5,7,9]",1687,"Lower Level",10,"Mobile Transfer ticket",14,"[PREMIUM]","[PREMIUM]","[PREMIUM]","[PREMIUM]",true,false,"['Clear view']","2026-08-29 19:30:31"
"13856041469","2026-08-29 23:58:56.828","2026-09-11 23:43:22.625","13856041469","161663480","[PREMIUM]","[PREMIUM]","103","16","_",,,5,"[1,3,5]",1687,"Lower Level",10,"Mobile Transfer ticket",14,"[PREMIUM]","[PREMIUM]","[PREMIUM]","[PREMIUM]",true,false,"['Clear view']","2026-08-29 19:30:31"
"13856041416","2026-08-29 23:58:56.828","2026-09-11 23:43:22.625","13856041416","161663480","[PREMIUM]","[PREMIUM]","219","6","_",,,4,"[2,4]",300,"Club Level",10,"Mobile Transfer ticket",14,"[PREMIUM]","[PREMIUM]","[PREMIUM]","[PREMIUM]",true,false,"['Clear view']","2026-08-29 19:30:30"
"13740488832","2026-08-29 23:58:56.646","2026-08-31 23:53:30.484","13740488832","161675832","[PREMIUM]","[PREMIUM]","226","6","12_14","12",,3,"[1,2,3]",2062,"Promenade",10,"Mobile Transfer ticket",14,"[PREMIUM]","[PREMIUM]","[PREMIUM]","[PREMIUM]",true,false,"['Clear view']","2026-08-20 17:46:58"
"13823770985","2026-08-29 23:58:56.620","2026-09-06 00:00:40.319","13823770985","161667291","[PREMIUM]","[PREMIUM]","111","13","_",,,3,"[1,3]",594,"Lower",10,"Mobile Transfer ticket",1,"[PREMIUM]","[PREMIUM]","[PREMIUM]","[PREMIUM]",true,false,"['Clear view']","2026-08-26 23:48:59"
"13854446126","2026-08-29 23:58:56.620","2026-08-29 23:58:56.620","13854446126","161675832","[PREMIUM]","[PREMIUM]","201","4","_",,,6,"[1,2,4,6]",2062,"Promenade",10,"Mobile Transfer ticket",1,"[PREMIUM]","[PREMIUM]","[PREMIUM]","[PREMIUM]",true,false,"['Clear view']","2026-08-29 16:09:59"
"13854452069","2026-08-29 23:58:56.620","2026-08-29 23:58:56.620","13854452069","161675832","[PREMIUM]","[PREMIUM]","205","9","_",,,4,"[2,4]",2062,"Promenade",10,"Mobile Transfer ticket",1,"[PREMIUM]","[PREMIUM]","[PREMIUM]","[PREMIUM]",true,false,"['Clear view']","2026-08-29 16:10:32"
"13854453450","2026-08-29 23:58:56.620","2026-08-29 23:58:56.620","13854453450","161675832","[PREMIUM]","[PREMIUM]","204","7","_",,,8,"[1,2,3,4,6,8]",2062,"Promenade",10,"Mobile Transfer ticket",1,"[PREMIUM]","[PREMIUM]","[PREMIUM]","[PREMIUM]",true,false,"['Clear view']","2026-08-29 16:10:39"
"13854454873","2026-08-29 23:58:56.620","2026-08-29 23:58:56.620","13854454873","161675832","[PREMIUM]","[PREMIUM]","229","9","_",,,2,"[2]",2062,"Promenade",10,"Mobile Transfer ticket",1,"[PREMIUM]","[PREMIUM]","[PREMIUM]","[PREMIUM]",true,false,"['Clear view']","2026-08-29 16:10:48"
"13854458049","2026-08-29 23:58:56.620","2026-08-29 23:58:56.620","13854458049","161675832","[PREMIUM]","[PREMIUM]","214","6","_",,,5,"[1,3,5]",2062,"Promenade",10,"Mobile Transfer ticket",1,"[PREMIUM]","[PREMIUM]","[PREMIUM]","[PREMIUM]",true,false,"['Clear view']","2026-08-29 16:11:05"
"13854467676","2026-08-29 23:58:56.620","2026-08-29 23:58:56.620","13854467676","161675832","[PREMIUM]","[PREMIUM]","213","9","_",,,2,"[2]",2062,"Promenade",10,"Mobile Transfer ticket",1,"[PREMIUM]","[PREMIUM]","[PREMIUM]","[PREMIUM]",true,false,"['Clear view']","2026-08-29 16:11:52"
"13856288431","2026-08-29 23:58:56.620","2026-08-31 23:53:26.601","13856288431","161667291","[PREMIUM]","[PREMIUM]","112","5","1_3","1",,3,"[1,3]",594,"Lower",10,"Mobile Transfer ticket",1,"[PREMIUM]","[PREMIUM]","[PREMIUM]","[PREMIUM]",true,false,"['Clear view']","2026-08-29 20:02:16"
"13854461894","2026-08-29 23:58:56.550","2026-08-29 23:58:56.550","13854461894","161675832","[PREMIUM]","[PREMIUM]","226","8","_",,,4,"[2,4]",2062,"Promenade",10,"Mobile Transfer ticket",1,"[PREMIUM]","[PREMIUM]","[PREMIUM]","[PREMIUM]",true,false,"['Clear view']","2026-08-29 16:11:26"
"13854459765","2026-08-29 23:58:56.550","2026-08-29 23:58:56.550","13854459765","161675832","[PREMIUM]","[PREMIUM]","208","11","_",,,6,"[1,2,4,6]",2062,"Promenade",10,"Mobile Transfer ticket",1,"[PREMIUM]","[PREMIUM]","[PREMIUM]","[PREMIUM]",true,false,"['Clear view']","2026-08-29 16:11:15"
"13854442879","2026-08-29 23:58:56.550","2026-08-29 23:58:56.550","13854442879","161675832","[PREMIUM]","[PREMIUM]","230","3","_",,,2,"[2]",2062,"Promenade",10,"Mobile Transfer ticket",1,"[PREMIUM]","[PREMIUM]","[PREMIUM]","[PREMIUM]",true,false,"['Third Row of Section','Clear view']","2026-08-29 16:09:43"
"13854475883","2026-08-29 23:58:56.456","2026-08-29 23:58:56.456","13854475883","161675832","[PREMIUM]","[PREMIUM]","207","15","_",,,7,"[1,2,3,5,7]",2062,"Promenade",10,"Mobile Transfer ticket",1,"[PREMIUM]","[PREMIUM]","[PREMIUM]","[PREMIUM]",true,false,"['Clear view']","2026-08-29 16:13:24"
"13854460736","2026-08-29 23:58:56.456","2026-08-29 23:58:56.456","13854460736","161675832","[PREMIUM]","[PREMIUM]","215","2","_",,,2,"[2]",2062,"Promenade",10,"Mobile Transfer ticket",1,"[PREMIUM]","[PREMIUM]","[PREMIUM]","[PREMIUM]",true,false,"['Second Row of Section','Clear view']","2026-08-29 16:11:20"
"13854466260","2026-08-29 23:58:56.456","2026-08-29 23:58:56.456","13854466260","161675832","[PREMIUM]","[PREMIUM]","222","6","_",,,4,"[2,4]",2062,"Promenade",10,"Mobile Transfer ticket",1,"[PREMIUM]","[PREMIUM]","[PREMIUM]","[PREMIUM]",true,false,"['Clear view']","2026-08-29 16:11:46"
"13854441555","2026-08-29 23:58:56.456","2026-08-29 23:58:56.456","13854441555","161675832","[PREMIUM]","[PREMIUM]","202","2","_",,,8,"[1,2,3,4,6,8]",2062,"Promenade",10,"Mobile Transfer ticket",1,"[PREMIUM]","[PREMIUM]","[PREMIUM]","[PREMIUM]",true,false,"['Second Row of Section','Clear view']","2026-08-29 16:09:37"
"13854478063","2026-08-29 23:58:56.456","2026-08-29 23:58:56.456","13854478063","161675832","[PREMIUM]","[PREMIUM]","206","11","_",,,8,"[1,2,3,4,6,8]",2062,"Promenade",10,"Mobile Transfer ticket",1,"[PREMIUM]","[PREMIUM]","[PREMIUM]","[PREMIUM]",true,false,"['Clear view']","2026-08-29 16:13:44"
"13854453331","2026-08-29 23:58:56.456","2026-08-29 23:58:56.456","13854453331","161675832","[PREMIUM]","[PREMIUM]","219","3","_",,,8,"[1,2,3,4,6,8]",2062,"Promenade",10,"Mobile Transfer ticket",1,"[PREMIUM]","[PREMIUM]","[PREMIUM]","[PREMIUM]",true,false,"['Third Row of Section','Clear view']","2026-08-29 16:10:38"
"13740488778","2026-08-29 23:58:56.317","2026-08-29 23:58:56.317","13740488778","161675832","[PREMIUM]","[PREMIUM]","223","9","11_12","11",,2,"[2]",2062,"Promenade",10,"Mobile Transfer ticket",14,"[PREMIUM]","[PREMIUM]","[PREMIUM]","[PREMIUM]",true,false,"['Clear view']","2026-08-20 17:46:58"
"13854467741","2026-08-29 23:58:56.305","2026-08-29 23:58:56.305","13854467741","161675832","[PREMIUM]","[PREMIUM]","206","15","_",,,2,"[2]",2062,"Promenade",10,"Mobile Transfer ticket",1,"[PREMIUM]","[PREMIUM]","[PREMIUM]","[PREMIUM]",true,false,"['Clear view']","2026-08-29 16:11:52"
"13854474297","2026-08-29 23:58:56.305","2026-08-29 23:58:56.305","13854474297","161675832","[PREMIUM]","[PREMIUM]","232","2","_",,,8,"[1,2,3,4,6,8]",2062,"Promenade",10,"Mobile Transfer ticket",1,"[PREMIUM]","[PREMIUM]","[PREMIUM]","[PREMIUM]",true,false,"['Second Row of Section','Clear view']","2026-08-29 16:13:11"
"13854475568","2026-08-29 23:58:56.305","2026-08-29 23:58:56.305","13854475568","161675832","[PREMIUM]","[PREMIUM]","218","3","_",,,8,"[1,2,3,4,6,8]",2062,"Promenade",10,"Mobile Transfer ticket",1,"[PREMIUM]","[PREMIUM]","[PREMIUM]","[PREMIUM]",true,false,"['Third Row of Section','Clear view']","2026-08-29 16:13:22"
"13854445490","2026-08-29 23:58:56.305","2026-08-29 23:58:56.305","13854445490","161675832","[PREMIUM]","[PREMIUM]","216","2","_",,,8,"[1,2,3,4,6,8]",2062,"Promenade",10,"Mobile Transfer ticket",1,"[PREMIUM]","[PREMIUM]","[PREMIUM]","[PREMIUM]",true,false,"['Second Row of Section','Clear view']","2026-08-29 16:09:55"
"13854446452","2026-08-29 23:58:56.304","2026-08-29 23:58:56.304","13854446452","161675832","[PREMIUM]","[PREMIUM]","227","10","_",,,5,"[1,3,5]",2062,"Promenade",10,"Mobile Transfer ticket",1,"[PREMIUM]","[PREMIUM]","[PREMIUM]","[PREMIUM]",true,false,"['Clear view']","2026-08-29 16:10:00"
"13854477555","2026-08-29 23:58:56.271","2026-08-29 23:58:56.271","13854477555","161675832","[PREMIUM]","[PREMIUM]","204","11","_",,,7,"[1,2,3,5,7]",2062,"Promenade",10,"Mobile Transfer ticket",1,"[PREMIUM]","[PREMIUM]","[PREMIUM]","[PREMIUM]",true,false,"['Clear view']","2026-08-29 16:13:39"
"13854452012","2026-08-29 23:58:56.271","2026-08-29 23:58:56.271","13854452012","161675832","[PREMIUM]","[PREMIUM]","230","7","_",,,8,"[1,2,3,4,6,8]",2062,"Promenade",10,"Mobile Transfer ticket",1,"[PREMIUM]","[PREMIUM]","[PREMIUM]","[PREMIUM]",true,false,"['Clear view']","2026-08-29 16:10:32"
"13854452295","2026-08-29 23:58:56.271","2026-08-29 23:58:56.271","13854452295","161675832","[PREMIUM]","[PREMIUM]","213","13","_",,,6,"[1,2,4,6]",2062,"Promenade",10,"Mobile Transfer ticket",1,"[PREMIUM]","[PREMIUM]","[PREMIUM]","[PREMIUM]",true,false,"['Clear view']","2026-08-29 16:10:33"
"13854469213","2026-08-29 23:58:56.271","2026-08-29 23:58:56.271","13854469213","161675832","[PREMIUM]","[PREMIUM]","221","11","_",,,6,"[1,2,4,6]",2062,"Promenade",10,"Mobile Transfer ticket",1,"[PREMIUM]","[PREMIUM]","[PREMIUM]","[PREMIUM]",true,false,"['Clear view']","2026-08-29 16:11:58"
"13854448315","2026-08-29 23:58:56.260","2026-08-29 23:58:56.260","13854448315","161675832","[PREMIUM]","[PREMIUM]","216","8","_",,,8,"[1,2,3,4,6,8]",2062,"Promenade",10,"Mobile Transfer ticket",1,"[PREMIUM]","[PREMIUM]","[PREMIUM]","[PREMIUM]",true,false,"['Clear view']","2026-08-29 16:10:12"
"13854476923","2026-08-29 23:58:56.260","2026-08-29 23:58:56.260","13854476923","161675832","[PREMIUM]","[PREMIUM]","201","2","_",,,6,"[1,2,4,6]",2062,"Promenade",10,"Mobile Transfer ticket",1,"[PREMIUM]","[PREMIUM]","[PREMIUM]","[PREMIUM]",true,false,"['Second Row of Section','Clear view']","2026-08-29 16:13:33"
"13854474412","2026-08-29 23:58:56.260","2026-08-29 23:58:56.260","13854474412","161675832","[PREMIUM]","[PREMIUM]","202","9","_",,,5,"[1,3,5]",2062,"Promenade",10,"Mobile Transfer ticket",1,"[PREMIUM]","[PREMIUM]","[PREMIUM]","[PREMIUM]",true,false,"['Clear view']","2026-08-29 16:13:12"
"13854477209","2026-08-29 23:58:56.260","2026-08-29 23:58:56.260","13854477209","161675832","[PREMIUM]","[PREMIUM]","231","12","_",,,6,"[1,2,4,6]",2062,"Promenade",10,"Mobile Transfer ticket",1,"[PREMIUM]","[PREMIUM]","[PREMIUM]","[PREMIUM]",true,false,"['Clear view']","2026-08-29 16:13:35"
"13854467910","2026-08-29 23:58:56.260","2026-08-29 23:58:56.260","13854467910","161675832","[PREMIUM]","[PREMIUM]","218","6","_",,,2,"[2]",2062,"Promenade",10,"Mobile Transfer ticket",1,"[PREMIUM]","[PREMIUM]","[PREMIUM]","[PREMIUM]",true,false,"['Clear view']","2026-08-29 16:11:53"
"13854457405","2026-08-29 23:58:56.260","2026-08-29 23:58:56.260","13854457405","161675832","[PREMIUM]","[PREMIUM]","217","2","_",,,2,"[2]",2062,"Promenade",10,"Mobile Transfer ticket",1,"[PREMIUM]","[PREMIUM]","[PREMIUM]","[PREMIUM]",true,false,"['Second Row of Section','Clear view']","2026-08-29 16:11:00"
"13854476892","2026-08-29 23:58:56.237","2026-08-29 23:58:56.237","13854476892","161675832","[PREMIUM]","[PREMIUM]","207","12","_",,,6,"[1,2,4,6]",2062,"Promenade",10,"Mobile Transfer ticket",1,"[PREMIUM]","[PREMIUM]","[PREMIUM]","[PREMIUM]",true,false,"['Clear view']","2026-08-29 16:13:33"
"13854442717","2026-08-29 23:58:56.237","2026-08-29 23:58:56.237","13854442717","161675832","[PREMIUM]","[PREMIUM]","228","6","_",,,3,"[1,3]",2062,"Promenade",10,"Mobile Transfer ticket",1,"[PREMIUM]","[PREMIUM]","[PREMIUM]","[PREMIUM]",true,false,"['Clear view']","2026-08-29 16:09:42"
"13854442964","2026-08-29 23:58:56.237","2026-08-29 23:58:56.237","13854442964","161675832","[PREMIUM]","[PREMIUM]","227","14","_",,,6,"[1,2,4,6]",2062,"Promenade",10,"Mobile Transfer ticket",1,"[PREMIUM]","[PREMIUM]","[PREMIUM]","[PREMIUM]",true,false,"['Clear view']","2026-08-29 16:09:44"
"13854455967","2026-08-29 23:58:56.237","2026-08-29 23:58:56.237","13854455967","161675832","[PREMIUM]","[PREMIUM]","212","6","_",,,3,"[1,3]",2062,"Promenade",10,"Mobile Transfer ticket",1,"[PREMIUM]","[PREMIUM]","[PREMIUM]","[PREMIUM]",true,false,"['Clear view']","2026-08-29 16:10:54"
"13854445142","2026-08-29 23:58:56.237","2026-08-29 23:58:56.237","13854445142","161675832","[PREMIUM]","[PREMIUM]","211","11","_",,,5,"[1,3,5]",2062,"Promenade",10,"Mobile Transfer ticket",1,"[PREMIUM]","[PREMIUM]","[PREMIUM]","[PREMIUM]",true,false,"['Clear view']","2026-08-29 16:09:53"
"13854443153","2026-08-29 23:58:56.237","2026-08-29 23:58:56.237","13854443153","161675832","[PREMIUM]","[PREMIUM]","223","11","_",,,2,"[2]",2062,"Promenade",10,"Mobile Transfer ticket",1,"[PREMIUM]","[PREMIUM]","[PREMIUM]","[PREMIUM]",true,false,"['Clear view']","2026-08-29 16:09:44"
"13847306238","2026-08-29 23:58:55.948","2026-09-11 23:43:27.266","13847306238","161667291","[PREMIUM]","[PREMIUM]","123","5","_",,,2,"[2]",594,"Lower",10,"Mobile Transfer ticket",14,"[PREMIUM]","[PREMIUM]","[PREMIUM]","[PREMIUM]",true,false,"['Clear view']","2026-08-28 22:05:08"
"13847306450","2026-08-29 23:58:55.935","2026-09-11 23:43:26.403","13847306450","161667291","[PREMIUM]","[PREMIUM]","M110","8","_",,,4,"[2,4]",507,"Mezzanine",10,"Mobile Transfer ticket",14,"[PREMIUM]","[PREMIUM]","[PREMIUM]","[PREMIUM]",true,false,"['Clear view']","2026-08-28 22:05:08"
"13856041512","2026-08-29 23:58:55.774","2026-09-11 23:43:22.211","13856041512","161663480","[PREMIUM]","[PREMIUM]","119","9","_",,,2,"[2]",1687,"Lower Level",10,"Mobile Transfer ticket",14,"[PREMIUM]","[PREMIUM]","[PREMIUM]","[PREMIUM]",true,false,"['Clear view']","2026-08-29 19:30:31"
"13836976578","2026-08-29 23:58:55.671","2026-09-10 00:00:48.825","13836976578","161663480","[PREMIUM]","[PREMIUM]","Banner Seats","1","21_26","21","26",6,"[1,2,3,4,6]",33755,"Banner Seats",10,"Mobile Transfer ticket",1,"[PREMIUM]","[PREMIUM]","[PREMIUM]","[PREMIUM]",true,true,"['Clear view']","2026-08-28 01:09:16"
"13856041522","2026-08-29 23:58:55.669","2026-09-10 00:00:55.312","13856041522","161663480","[PREMIUM]","[PREMIUM]","120","13","_",,,8,"[1,2,3,4,6,8]",1687,"Lower Level",10,"Mobile Transfer ticket",14,"[PREMIUM]","[PREMIUM]","[PREMIUM]","[PREMIUM]",true,false,"['Clear view']","2026-08-29 19:30:31"
"13856041351","2026-08-29 23:58:55.669","2026-09-11 23:43:22.801","13856041351","161663480","[PREMIUM]","[PREMIUM]","103","15","_",,,8,"[1,2,3,4,6,8]",1687,"Lower Level",10,"Mobile Transfer ticket",14,"[PREMIUM]","[PREMIUM]","[PREMIUM]","[PREMIUM]",true,false,"['Clear view']","2026-08-29 19:30:30"
"13856041407","2026-08-29 23:58:55.657","2026-09-11 00:04:59.925","13856041407","161663480","[PREMIUM]","[PREMIUM]","109","19","_",,,2,"[2]",1687,"Lower Level",10,"Mobile Transfer ticket",14,"[PREMIUM]","[PREMIUM]","[PREMIUM]","[PREMIUM]",true,false,"['Clear view']","2026-08-29 19:30:30"
"13856041509","2026-08-29 23:58:55.657","2026-09-11 23:43:22.519","13856041509","161663480","[PREMIUM]","[PREMIUM]","233","8","_",,,4,"[2,4]",300,"Club Level",10,"Mobile Transfer ticket",14,"[PREMIUM]","[PREMIUM]","[PREMIUM]","[PREMIUM]",true,false,"['Clear view']","2026-08-29 19:30:31"
"13856041478","2026-08-29 23:58:55.606","2026-09-11 23:43:22.854","13856041478","161663480","[PREMIUM]","[PREMIUM]","120","5","_",,,4,"[2,4]",1687,"Lower Level",10,"Mobile Transfer ticket",14,"[PREMIUM]","[PREMIUM]","[PREMIUM]","[PREMIUM]",true,false,"['Clear view']","2026-08-29 19:30:31"
"13856041409","2026-08-29 23:58:55.606","2026-09-11 23:43:22.199","13856041409","161663480","[PREMIUM]","[PREMIUM]","114","3","_",,,2,"[2]",1687,"Lower Level",10,"Mobile Transfer ticket",14,"[PREMIUM]","[PREMIUM]","[PREMIUM]","[PREMIUM]",true,false,"['Clear view']","2026-08-29 19:30:30"
"13856041458","2026-08-29 23:58:55.588","2026-09-02 23:48:57.052","13856041458","161663480","[PREMIUM]","[PREMIUM]","105","5","_",,,3,"[1,3]",1687,"Lower Level",10,"Mobile Transfer ticket",14,"[PREMIUM]","[PREMIUM]","[PREMIUM]","[PREMIUM]",true,false,"['Clear view']","2026-08-29 19:30:31"
"13856041459","2026-08-29 23:58:55.552","2026-09-11 23:43:22.704","13856041459","161663480","[PREMIUM]","[PREMIUM]","120","15","_",,,5,"[1,3,5]",1687,"Lower Level",10,"Mobile Transfer ticket",14,"[PREMIUM]","[PREMIUM]","[PREMIUM]","[PREMIUM]",true,false,"['Clear view']","2026-08-29 19:30:31"
"13856041511","2026-08-29 23:58:55.413","2026-09-11 23:43:21.901","13856041511","161663480","[PREMIUM]","[PREMIUM]","223","3","_",,,8,"[1,2,3,4,6,8]",300,"Club Level",10,"Mobile Transfer ticket",14,"[PREMIUM]","[PREMIUM]","[PREMIUM]","[PREMIUM]",true,false,"['Third Row of Section','Clear view']","2026-08-29 19:30:31"
"13856041454","2026-08-29 23:58:55.413","2026-09-11 23:43:21.901","13856041454","161663480","[PREMIUM]","[PREMIUM]","222","3","_",,,2,"[2]",300,"Club Level",10,"Mobile Transfer ticket",14,"[PREMIUM]","[PREMIUM]","[PREMIUM]","[PREMIUM]",true,false,"['Third Row of Section','Clear view']","2026-08-29 19:30:31"
"13794081138","2026-08-29 23:58:55.323","2026-09-11 23:43:23.030","13794081138","161667276","[PREMIUM]","[PREMIUM]","107",,"_",,,4,"[1,2,3,4]",594,"Lower",10,"Mobile Transfer ticket",1,"[PREMIUM]","[PREMIUM]","[PREMIUM]","[PREMIUM]",true,true,"['Clear view']","2026-08-24 19:13:40"
"13795480359","2026-08-29 23:58:55.156","2026-09-09 00:00:28.324","13795480359","161667276","[PREMIUM]","[PREMIUM]","103","16","_",,,2,"[1,2]",594,"Lower",10,"Mobile Transfer ticket",1,"[PREMIUM]","[PREMIUM]","[PREMIUM]","[PREMIUM]",true,false,"['Clear view']","2026-08-24 21:11:57"
"13796127411","2026-08-29 23:58:55.137","2026-09-11 23:43:22.555","13796127411","161667276","[PREMIUM]","[PREMIUM]","112","16","_",,,2,"[1,2]",594,"Lower",10,"Mobile Transfer ticket",1,"[PREMIUM]","[PREMIUM]","[PREMIUM]","[PREMIUM]",true,false,"['Clear view']","2026-08-24 21:49:47"
"13846319508","2026-08-29 23:58:55.012","2026-09-06 23:57:54.152","13846319508","161667276","[PREMIUM]","[PREMIUM]","121","10","5_10","5",,6,"[1,2,3,4,6]",594,"Lower",10,"Mobile Transfer ticket",1,"[PREMIUM]","[PREMIUM]","[PREMIUM]","[PREMIUM]",true,false,"['Clear view']","2026-08-28 20:08:58"
"13847307375","2026-08-29 23:58:54.953","2026-09-11 23:43:25.945","13847307375","161667291","[PREMIUM]","[PREMIUM]","M114","2","_",,,4,"[2,4]",507,"Mezzanine",10,"Mobile Transfer ticket",14,"[PREMIUM]","[PREMIUM]","[PREMIUM]","[PREMIUM]",true,false,"['Second Row of Section','Clear view']","2026-08-28 22:05:10"
"13847308435","2026-08-29 23:58:54.823","2026-09-11 23:43:25.836","13847308435","161667291","[PREMIUM]","[PREMIUM]","M101","6","_",,,2,"[2]",507,"Mezzanine",10,"Mobile Transfer ticket",14,"[PREMIUM]","[PREMIUM]","[PREMIUM]","[PREMIUM]",true,false,"['Clear view']","2026-08-28 22:05:12"
"13847306799","2026-08-29 23:58:54.739","2026-09-11 00:01:00.579","13847306799","161667291","[PREMIUM]","[PREMIUM]","M110","13","_",,,2,"[2]",507,"Mezzanine",10,"Mobile Transfer ticket",14,"[PREMIUM]","[PREMIUM]","[PREMIUM]","[PREMIUM]",true,false,"['Clear view']","2026-08-28 22:05:09"
"13852320313","2026-08-29 23:58:54.727","2026-09-01 23:57:24.221","13852320313","161667291","[PREMIUM]","[PREMIUM]","208","6","3_4","3",,2,"[2]",407,"Upper",10,"Mobile Transfer ticket",1,"[PREMIUM]","[PREMIUM]","[PREMIUM]","[PREMIUM]",true,false,"['Clear view']","2026-08-29 10:01:14"
"13854476372","2026-08-29 23:58:54.690","2026-08-29 23:58:54.690","13854476372","161675832","[PREMIUM]","[PREMIUM]","217","9","_",,,2,"[2]",2062,"Promenade",10,"Mobile Transfer ticket",1,"[PREMIUM]","[PREMIUM]","[PREMIUM]","[PREMIUM]",true,false,"['Clear view']","2026-08-29 16:13:29"
"13854448202","2026-08-29 23:58:54.690","2026-08-29 23:58:54.690","13854448202","161675832","[PREMIUM]","[PREMIUM]","232","6","_",,,3,"[1,3]",2062,"Promenade",10,"Mobile Transfer ticket",1,"[PREMIUM]","[PREMIUM]","[PREMIUM]","[PREMIUM]",true,false,"['Clear view']","2026-08-29 16:10:12"
"13854475172","2026-08-29 23:58:54.690","2026-08-29 23:58:54.690","13854475172","161675832","[PREMIUM]","[PREMIUM]","203","9","_",,,2,"[2]",2062,"Promenade",10,"Mobile Transfer ticket",1,"[PREMIUM]","[PREMIUM]","[PREMIUM]","[PREMIUM]",true,false,"['Clear view']","2026-08-29 16:13:18"
"13854466757","2026-08-29 23:58:54.690","2026-08-29 23:58:54.690","13854466757","161675832","[PREMIUM]","[PREMIUM]","215","9","_",,,3,"[1,3]",2062,"Promenade",10,"Mobile Transfer ticket",1,"[PREMIUM]","[PREMIUM]","[PREMIUM]","[PREMIUM]",true,false,"['Clear view']","2026-08-29 16:11:48"
"13854466788","2026-08-29 23:58:54.690","2026-08-29 23:58:54.690","13854466788","161675832","[PREMIUM]","[PREMIUM]","219","9","_",,,3,"[1,3]",2062,"Promenade",10,"Mobile Transfer ticket",1,"[PREMIUM]","[PREMIUM]","[PREMIUM]","[PREMIUM]",true,false,"['Clear view']","2026-08-29 16:11:48"
"13856041461","2026-08-29 23:58:54.381","2026-09-11 23:43:21.007","13856041461","161663480","[PREMIUM]","[PREMIUM]","304","3","_",,,8,"[1,2,3,4,6,8]",954,"Upper Level",10,"Mobile Transfer ticket",14,"[PREMIUM]","[PREMIUM]","[PREMIUM]","[PREMIUM]",true,false,"['Third Row of Section','Clear view']","2026-08-29 19:30:31"
"13856041519","2026-08-29 23:58:54.371","2026-09-11 23:43:21.239","13856041519","161663480","[PREMIUM]","[PREMIUM]","333","5","_",,,8,"[1,2,3,4,6,8]",954,"Upper Level",10,"Mobile Transfer ticket",14,"[PREMIUM]","[PREMIUM]","[PREMIUM]","[PREMIUM]",true,false,"['Clear view']","2026-08-29 19:30:31"
"13856041491","2026-08-29 23:58:54.371","2026-09-11 23:43:21.239","13856041491","161663480","[PREMIUM]","[PREMIUM]","302","6","_",,,8,"[1,2,3,4,6,8]",954,"Upper Level",10,"Mobile Transfer ticket",14,"[PREMIUM]","[PREMIUM]","[PREMIUM]","[PREMIUM]",true,false,"['Clear view']","2026-08-29 19:30:31"
"13856041479","2026-08-29 23:58:54.371","2026-09-11 23:43:21.239","13856041479","161663480","[PREMIUM]","[PREMIUM]","334","8","_",,,8,"[1,2,3,4,6,8]",954,"Upper Level",10,"Mobile Transfer ticket",14,"[PREMIUM]","[PREMIUM]","[PREMIUM]","[PREMIUM]",true,false,"['Clear view']","2026-08-29 19:30:31"
"13856041523","2026-08-29 23:58:54.332","2026-09-11 23:43:21.383","13856041523","161663480","[PREMIUM]","[PREMIUM]","333","2","_",,,4,"[2,4]",954,"Upper Level",10,"Mobile Transfer ticket",14,"[PREMIUM]","[PREMIUM]","[PREMIUM]","[PREMIUM]",true,false,"['Second Row of Section','Clear view']","2026-08-29 19:30:31"
"13856041483","2026-08-29 23:58:54.332","2026-09-11 23:43:21.239","13856041483","161663480","[PREMIUM]","[PREMIUM]","302","4","_",,,8,"[1,2,3,4,6,8]",954,"Upper Level",10,"Mobile Transfer ticket",14,"[PREMIUM]","[PREMIUM]","[PREMIUM]","[PREMIUM]",true,false,"['Clear view']","2026-08-29 19:30:31"
"13856041486","2026-08-29 23:58:54.232","2026-09-11 23:43:21.011","13856041486","161663480","[PREMIUM]","[PREMIUM]","331","5","_",,,5,"[1,3,5]",954,"Upper Level",10,"Mobile Transfer ticket",14,"[PREMIUM]","[PREMIUM]","[PREMIUM]","[PREMIUM]",true,false,"['Clear view']","2026-08-29 19:30:31"
"13856041373","2026-08-29 23:58:54.232","2026-09-11 23:43:21.011","13856041373","161663480","[PREMIUM]","[PREMIUM]","314","4","_",,,4,"[2,4]",954,"Upper Level",10,"Mobile Transfer ticket",14,"[PREMIUM]","[PREMIUM]","[PREMIUM]","[PREMIUM]",true,false,"['Clear view']","2026-08-29 19:30:30"
"13856041328","2026-08-29 23:58:54.232","2026-09-11 23:43:21.149","13856041328","161663480","[PREMIUM]","[PREMIUM]","304","5","_",,,5,"[1,3,5]",954,"Upper Level",10,"Mobile Transfer ticket",14,"[PREMIUM]","[PREMIUM]","[PREMIUM]","[PREMIUM]",true,false,"['Clear view']","2026-08-29 19:30:30"
"13856042366","2026-08-29 23:58:54.226","2026-09-11 23:43:21.387","13856042366","161663480","[PREMIUM]","[PREMIUM]","324","11","_",,,2,"[2]",954,"Upper Level",10,"Mobile Transfer ticket",14,"[PREMIUM]","[PREMIUM]","[PREMIUM]","[PREMIUM]",true,false,"['Clear view']","2026-08-29 19:31:00"
"13856041527","2026-08-29 23:58:54.226","2026-09-11 23:43:21.142","13856041527","161663480","[PREMIUM]","[PREMIUM]","306","10","_",,,8,"[1,2,3,4,6,8]",954,"Upper Level",10,"Mobile Transfer ticket",14,"[PREMIUM]","[PREMIUM]","[PREMIUM]","[PREMIUM]",true,false,"['Clear view']","2026-08-29 19:30:31"
"13856041455","2026-08-29 23:58:54.226","2026-09-11 23:43:21.387","13856041455","161663480","[PREMIUM]","[PREMIUM]","327","9","_",,,2,"[2]",954,"Upper Level",10,"Mobile Transfer ticket",14,"[PREMIUM]","[PREMIUM]","[PREMIUM]","[PREMIUM]",true,false,"['Clear view']","2026-08-29 19:30:31"
"13856041436","2026-08-29 23:58:54.226","2026-09-11 23:43:21.387","13856041436","161663480","[PREMIUM]","[PREMIUM]","330","11","_",,,5,"[1,3,5]",954,"Upper Level",10,"Mobile Transfer ticket",14,"[PREMIUM]","[PREMIUM]","[PREMIUM]","[PREMIUM]",true,false,"['Clear view']","2026-08-29 19:30:31"
"13856041367","2026-08-29 23:58:54.226","2026-09-11 23:43:21.387","13856041367","161663480","[PREMIUM]","[PREMIUM]","328","8","_",,,6,"[1,2,4,6]",954,"Upper Level",10,"Mobile Transfer ticket",14,"[PREMIUM]","[PREMIUM]","[PREMIUM]","[PREMIUM]",true,false,"['Clear view']","2026-08-29 19:30:30"
"13856041510","2026-08-29 23:58:54.172","2026-09-11 23:43:21.095","13856041510","161663480","[PREMIUM]","[PREMIUM]","322","9","_",,,8,"[1,2,3,4,6,8]",954,"Upper Level",10,"Mobile Transfer ticket",14,"[PREMIUM]","[PREMIUM]","[PREMIUM]","[PREMIUM]",true,false,"['Clear view']","2026-08-29 19:30:31"
"13856041397","2026-08-29 23:58:54.172","2026-09-11 23:43:21.038","13856041397","161663480","[PREMIUM]","[PREMIUM]","313","10","_",,,8,"[1,2,3,4,6,8]",954,"Upper Level",10,"Mobile Transfer ticket",14,"[PREMIUM]","[PREMIUM]","[PREMIUM]","[PREMIUM]",true,false,"['Clear view']","2026-08-29 19:30:30"
"13856041332","2026-08-29 23:58:54.172","2026-09-11 23:43:21.038","13856041332","161663480","[PREMIUM]","[PREMIUM]","305","5","_",,,5,"[1,3,5]",954,"Upper Level",10,"Mobile Transfer ticket",14,"[PREMIUM]","[PREMIUM]","[PREMIUM]","[PREMIUM]",true,false,"['Clear view']","2026-08-29 19:30:30"
"13856041308","2026-08-29 23:58:54.172","2026-09-11 23:43:21.038","13856041308","161663480","[PREMIUM]","[PREMIUM]","309","7","_",,,8,"[1,2,3,4,6,8]",954,"Upper Level",10,"Mobile Transfer ticket",14,"[PREMIUM]","[PREMIUM]","[PREMIUM]","[PREMIUM]",true,false,"['Clear view']","2026-08-29 19:30:30"
"13847297018","2026-08-29 23:58:54.151","2026-09-11 23:43:21.561","13847297018","161667276","[PREMIUM]","[PREMIUM]","109","14","_",,,2,"[2]",594,"Lower",10,"Mobile Transfer ticket",14,"[PREMIUM]","[PREMIUM]","[PREMIUM]","[PREMIUM]",true,false,"['Clear view']","2026-08-28 22:03:46"
"13856041526","2026-08-29 23:58:54.110","2026-09-11 23:43:21.038","13856041526","161663480","[PREMIUM]","[PREMIUM]","326","5","_",,,8,"[1,2,3,4,6,8]",954,"Upper Level",10,"Mobile Transfer ticket",14,"[PREMIUM]","[PREMIUM]","[PREMIUM]","[PREMIUM]",true,false,"['Clear view']","2026-08-29 19:30:31"
"13856041482","2026-08-29 23:58:54.110","2026-09-11 23:43:21.142","13856041482","161663480","[PREMIUM]","[PREMIUM]","322","11","_",,,5,"[1,3,5]",954,"Upper Level",10,"Mobile Transfer ticket",14,"[PREMIUM]","[PREMIUM]","[PREMIUM]","[PREMIUM]",true,false,"['Clear view']","2026-08-29 19:30:31"
"13856041421","2026-08-29 23:58:54.110","2026-09-11 23:43:21.142","13856041421","161663480","[PREMIUM]","[PREMIUM]","323","9","_",,,8,"[1,2,3,4,6,8]",954,"Upper Level",10,"Mobile Transfer ticket",14,"[PREMIUM]","[PREMIUM]","[PREMIUM]","[PREMIUM]",true,false,"['Clear view']","2026-08-29 19:30:30"
"13856041391","2026-08-29 23:58:54.110","2026-09-11 23:43:21.142","13856041391","161663480","[PREMIUM]","[PREMIUM]","311","10","_",,,4,"[2,4]",954,"Upper Level",10,"Mobile Transfer ticket",14,"[PREMIUM]","[PREMIUM]","[PREMIUM]","[PREMIUM]",true,false,"['Clear view']","2026-08-29 19:30:30"
"13856041348","2026-08-29 23:58:54.110","2026-09-11 23:43:21.142","13856041348","161663480","[PREMIUM]","[PREMIUM]","308","6","_",,,4,"[2,4]",954,"Upper Level",10,"Mobile Transfer ticket",14,"[PREMIUM]","[PREMIUM]","[PREMIUM]","[PREMIUM]",true,false,"['Clear view']","2026-08-29 19:30:30"
"13856041475","2026-08-29 23:58:54.082","2026-09-11 23:43:20.992","13856041475","161663480","[PREMIUM]","[PREMIUM]","226","7","_",,,8,"[1,2,3,4,6,8]",300,"Club Level",10,"Mobile Transfer ticket",14,"[PREMIUM]","[PREMIUM]","[PREMIUM]","[PREMIUM]",true,false,"['Clear view']","2026-08-29 19:30:31"
"13856041456","2026-08-29 23:58:54.082","2026-09-11 23:43:21.376","13856041456","161663480","[PREMIUM]","[PREMIUM]","228","7","_",,,8,"[1,2,3,4,6,8]",300,"Club Level",10,"Mobile Transfer ticket",14,"[PREMIUM]","[PREMIUM]","[PREMIUM]","[PREMIUM]",true,false,"['Clear view']","2026-08-29 19:30:31"
"13856041518","2026-08-29 23:58:54.053","2026-09-11 23:43:20.992","13856041518","161663480","[PREMIUM]","[PREMIUM]","225","6","_",,,4,"[2,4]",300,"Club Level",10,"Mobile Transfer ticket",14,"[PREMIUM]","[PREMIUM]","[PREMIUM]","[PREMIUM]",true,false,"['Clear view']","2026-08-29 19:30:31"
"13856041484","2026-08-29 23:58:54.053","2026-09-11 23:43:20.992","13856041484","161663480","[PREMIUM]","[PREMIUM]","228","8","_",,,4,"[2,4]",300,"Club Level",10,"Mobile Transfer ticket",14,"[PREMIUM]","[PREMIUM]","[PREMIUM]","[PREMIUM]",true,false,"['Clear view']","2026-08-29 19:30:31"
"13856041426","2026-08-29 23:58:54.053","2026-09-11 23:43:20.992","13856041426","161663480","[PREMIUM]","[PREMIUM]","208","8","_",,,2,"[2]",300,"Club Level",10,"Mobile Transfer ticket",14,"[PREMIUM]","[PREMIUM]","[PREMIUM]","[PREMIUM]",true,false,"['Clear view']","2026-08-29 19:30:31"
"13856041392","2026-08-29 23:58:53.994","2026-09-11 23:43:21.149","13856041392","161663480","[PREMIUM]","[PREMIUM]","313","4","_",,,8,"[1,2,3,4,6,8]",954,"Upper Level",10,"Mobile Transfer ticket",14,"[PREMIUM]","[PREMIUM]","[PREMIUM]","[PREMIUM]",true,false,"['Clear view']","2026-08-29 19:30:30"
"13823792140","2026-08-29 23:58:53.943","2026-08-29 23:58:53.943","13823792140","161667276","[PREMIUM]","[PREMIUM]","208","2","_",,,4,"[1,2,4]",407,"Upper",10,"Mobile Transfer ticket",1,"[PREMIUM]","[PREMIUM]","[PREMIUM]","[PREMIUM]",true,false,"['Second Row of Section','Clear view']","2026-08-26 23:50:06"
"13834431620","2026-08-29 23:58:53.906","2026-09-01 23:57:17.933","13834431620","161667276","[PREMIUM]","[PREMIUM]","105","2","9_10","9",,2,"[2]",594,"Lower",10,"Mobile Transfer ticket",1,"[PREMIUM]","[PREMIUM]","[PREMIUM]","[PREMIUM]",true,false,"['Second Row of Section','Clear view']","2026-08-27 20:56:55"
"13821916662","2026-08-29 23:58:53.874","2026-09-08 00:05:53.292","13821916662","161667276","[PREMIUM]","[PREMIUM]","F20","1","_",,,2,"[2]",682,"Floor",10,"Mobile Transfer ticket",1,"[PREMIUM]","[PREMIUM]","[PREMIUM]","[PREMIUM]",true,false,"['VIP Club','Includes club access','Second Row of Section','Clear view']","2026-08-26 20:37:06"
"13823791886","2026-08-29 23:58:53.874","2026-08-29 23:58:53.874","13823791886","161667276","[PREMIUM]","[PREMIUM]","F22","2","_",,,4,"[1,2,4]",682,"Floor",10,"Mobile Transfer ticket",1,"[PREMIUM]","[PREMIUM]","[PREMIUM]","[PREMIUM]",true,false,"['Court Club','Third Row of Section','Clear view']","2026-08-26 23:50:06"
"13848893581","2026-08-29 23:58:53.717","2026-09-01 23:57:16.543","13848893581","161667276","[PREMIUM]","[PREMIUM]","118","4","6_9","6",,4,"[1,2,4]",594,"Lower",10,"Mobile Transfer ticket",1,"[PREMIUM]","[PREMIUM]","[PREMIUM]","[PREMIUM]",true,false,"['Clear view']","2026-08-29 01:08:35"
"13847296550","2026-08-29 23:58:53.717","2026-09-11 23:43:22.313","13847296550","161667276","[PREMIUM]","[PREMIUM]","122","12","_",,,2,"[2]",594,"Lower",10,"Mobile Transfer ticket",14,"[PREMIUM]","[PREMIUM]","[PREMIUM]","[PREMIUM]",true,false,"['Clear view']","2026-08-28 22:03:44"
"13856041563","2026-08-29 23:58:53.608","2026-09-08 00:06:57.421","13856041563","161663471","[PREMIUM]","[PREMIUM]","329","11","_",,,5,"[1,3,5]",954,"Upper Level",10,"Mobile Transfer ticket",14,"[PREMIUM]","[PREMIUM]","[PREMIUM]","[PREMIUM]",true,false,"['Clear view']","2026-08-29 19:30:32"
"13856042708","2026-08-29 23:58:53.608","2026-09-11 23:43:16.882","13856042708","161663471","[PREMIUM]","[PREMIUM]","323","10","_",,,4,"[2,4]",954,"Upper Level",10,"Mobile Transfer ticket",14,"[PREMIUM]","[PREMIUM]","[PREMIUM]","[PREMIUM]",true,false,"['Clear view']","2026-08-29 19:31:10"
"13856041575","2026-08-29 23:58:53.608","2026-09-11 23:43:16.882","13856041575","161663471","[PREMIUM]","[PREMIUM]","327","9","_",,,2,"[2]",954,"Upper Level",10,"Mobile Transfer ticket",14,"[PREMIUM]","[PREMIUM]","[PREMIUM]","[PREMIUM]",true,false,"['Clear view']","2026-08-29 19:30:32"
"13856041557","2026-08-29 23:58:53.608","2026-09-11 23:43:16.882","13856041557","161663471","[PREMIUM]","[PREMIUM]","307","11","_",,,4,"[2,4]",954,"Upper Level",10,"Mobile Transfer ticket",14,"[PREMIUM]","[PREMIUM]","[PREMIUM]","[PREMIUM]",true,false,"['Clear view']","2026-08-29 19:30:32"
"13848391544","2026-08-29 23:58:53.341","2026-08-29 23:58:53.341","13848391544","161667291","[PREMIUM]","[PREMIUM]","203","13","1_5","1",,5,"[1,2,3,5]",407,"Upper",10,"Mobile Transfer ticket",1,"[PREMIUM]","[PREMIUM]","[PREMIUM]","[PREMIUM]",true,false,"['Clear view']","2026-08-29 00:04:27"
"13808481340","2026-08-29 23:58:53.196","2026-09-11 00:00:58.260","13808481340","161667291","[PREMIUM]","[PREMIUM]","220","6","_",,,3,"[1,3]",407,"Upper",10,"Mobile Transfer ticket",1,"[PREMIUM]","[PREMIUM]","[PREMIUM]","[PREMIUM]",true,false,"['Clear view']","2026-08-25 18:48:11"
"13856041610","2026-08-29 23:58:53.077","2026-09-11 23:43:17.139","13856041610","161663471","[PREMIUM]","[PREMIUM]","228","8","_",,,4,"[2,4]",300,"Club Level",10,"Mobile Transfer ticket",14,"[PREMIUM]","[PREMIUM]","[PREMIUM]","[PREMIUM]",true,false,"['Clear view']","2026-08-29 19:30:33"
"13840293940","2026-08-29 23:58:53.051","2026-08-31 00:02:22.447","13840293940","161667308","[PREMIUM]","[PREMIUM]","105","2","9_10","9",,2,"[2]",594,"Lower",10,"Mobile Transfer ticket",1,"[PREMIUM]","[PREMIUM]","[PREMIUM]","[PREMIUM]",true,false,"['Second Row of Section','Clear view']","2026-08-28 07:40:33"
"13842989762","2026-08-29 23:58:53.051","2026-09-11 23:43:25.922","13842989762","161667308","[PREMIUM]","[PREMIUM]","M117","2","9001_9002","9001",,2,"[2]",507,"Mezzanine",10,"Mobile Transfer ticket",1,"[PREMIUM]","[PREMIUM]","[PREMIUM]","[PREMIUM]",true,false,"['Second Row of Section','Clear view']","2026-08-28 14:16:37"
"13853526440","2026-08-29 23:58:53.051","2026-09-04 00:01:03.316","13853526440","161667308","[PREMIUM]","[PREMIUM]","C122","7","9001_9002","9001",,2,"[2]",1724,"Club",10,"Mobile Transfer ticket",1,"[PREMIUM]","[PREMIUM]","[PREMIUM]","[PREMIUM]",true,false,"['Clear view']","2026-08-29 13:30:05"
"13852869347","2026-08-29 23:58:52.905","2026-09-02 23:48:49.009","13852869347","161667308","[PREMIUM]","[PREMIUM]","105","16","8_9","8",,2,"[2]",594,"Lower",10,"Mobile Transfer ticket",1,"[PREMIUM]","[PREMIUM]","[PREMIUM]","[PREMIUM]",true,false,"['Clear view']","2026-08-29 11:23:11"
"13676504830","2026-08-29 23:58:52.866","2026-09-11 00:00:59.445","13676504830","161667308","[PREMIUM]","[PREMIUM]","122","4","11_14","11",,4,"[2,4]",594,"Lower",10,"Mobile Transfer ticket",1,"[PREMIUM]","[PREMIUM]","[PREMIUM]","[PREMIUM]",true,false,"['Clear view']","2026-08-14 19:29:06"
"13837883472","2026-08-29 23:58:52.866","2026-08-29 23:58:52.866","13837883472","161667308","[PREMIUM]","[PREMIUM]","109","10","11_14","11",,4,"[1,2,4]",594,"Lower",10,"Mobile Transfer ticket",1,"[PREMIUM]","[PREMIUM]","[PREMIUM]","[PREMIUM]",true,false,"['Clear view']","2026-08-28 02:40:55"
"13845985160","2026-08-29 23:58:52.866","2026-09-06 00:00:37.342","13845985160","161667308","[PREMIUM]","[PREMIUM]","C108","10","_",,,2,"[2]",1724,"Club",10,"Mobile Transfer ticket",1,"[PREMIUM]","[PREMIUM]","[PREMIUM]","[PREMIUM]",true,false,"['Clear view']","2026-08-28 19:32:20"
"13858253165","2026-08-29 23:58:52.866","2026-08-29 23:58:52.866","13858253165","161667308","[PREMIUM]","[PREMIUM]","122","9","_",,,2,"[2]",594,"Lower",10,"Mobile Transfer ticket",1,"[PREMIUM]","[PREMIUM]","[PREMIUM]","[PREMIUM]",true,false,"['Clear view']","2026-08-29 23:55:45"
"13847302959","2026-08-29 23:58:52.823","2026-09-11 23:43:25.993","13847302959","161667308","[PREMIUM]","[PREMIUM]","106","10","_",,,2,"[2]",594,"Lower",10,"Mobile Transfer ticket",14,"[PREMIUM]","[PREMIUM]","[PREMIUM]","[PREMIUM]",true,false,"['Clear view']","2026-08-28 22:04:39"
"13847302951","2026-08-29 23:58:52.823","2026-09-11 23:43:26.054","13847302951","161667308","[PREMIUM]","[PREMIUM]","122","12","_",,,2,"[2]",594,"Lower",10,"Mobile Transfer ticket",14,"[PREMIUM]","[PREMIUM]","[PREMIUM]","[PREMIUM]",true,false,"['Clear view']","2026-08-28 22:04:39"
"13853131567","2026-08-29 23:58:52.823","2026-08-29 23:58:52.823","13853131567","161667308","[PREMIUM]","[PREMIUM]","119","6","1_2","1",,2,"[2]",594,"Lower",10,"Mobile Transfer ticket",1,"[PREMIUM]","[PREMIUM]","[PREMIUM]","[PREMIUM]",true,false,"['Clear view']","2026-08-29 12:21:28"
"13847305000","2026-08-29 23:58:52.767","2026-09-11 23:43:24.353","13847305000","161667308","[PREMIUM]","[PREMIUM]","C106","10","_",,,4,"[2,4]",1724,"Club",10,"Mobile Transfer ticket",14,"[PREMIUM]","[PREMIUM]","[PREMIUM]","[PREMIUM]",true,false,"['Clear view']","2026-08-28 22:05:03"
"13834440548","2026-08-29 23:58:52.577","2026-08-29 23:58:53.631","13834440548","161667276","[PREMIUM]","[PREMIUM]","105","4","7_11","7",,5,"[1,2,3,5]",594,"Lower",10,"Mobile Transfer ticket",1,"[PREMIUM]","[PREMIUM]","[PREMIUM]","[PREMIUM]",true,false,"['Clear view']","2026-08-27 20:57:50"
"13856041481","2026-08-29 23:58:52.530","2026-08-29 23:58:52.530","13856041481","161663480","[PREMIUM]","[PREMIUM]","307","11","_",,,4,"[2,4]",954,"Upper Level",10,"Mobile Transfer ticket",14,"[PREMIUM]","[PREMIUM]","[PREMIUM]","[PREMIUM]",true,false,"['Clear view']","2026-08-29 19:30:31"
"13856041477","2026-08-29 23:58:52.530","2026-09-02 23:48:54.932","13856041477","161663480","[PREMIUM]","[PREMIUM]","306","12","_",,,6,"[1,2,4,6]",954,"Upper Level",10,"Mobile Transfer ticket",14,"[PREMIUM]","[PREMIUM]","[PREMIUM]","[PREMIUM]",true,false,"['Clear view']","2026-08-29 19:30:31"
"13856041340","2026-08-29 23:58:52.530","2026-09-11 23:43:21.387","13856041340","161663480","[PREMIUM]","[PREMIUM]","312","10","_",,,4,"[2,4]",954,"Upper Level",10,"Mobile Transfer ticket",14,"[PREMIUM]","[PREMIUM]","[PREMIUM]","[PREMIUM]",true,false,"['Clear view']","2026-08-29 19:30:30"
"13823791868","2026-08-29 23:58:52.329","2026-08-29 23:58:52.329","13823791868","161667276","[PREMIUM]","[PREMIUM]","M115","4","_",,,2,"[2]",507,"Mezzanine",10,"Mobile Transfer ticket",1,"[PREMIUM]","[PREMIUM]","[PREMIUM]","[PREMIUM]",true,false,"['Second Row of Section','Clear view']","2026-08-26 23:50:06"
"13847297079","2026-08-29 23:58:52.329","2026-08-29 23:58:52.329","13847297079","161667276","[PREMIUM]","[PREMIUM]","C120","16","_",,,2,"[2]",1724,"Club",10,"Mobile Transfer ticket",14,"[PREMIUM]","[PREMIUM]","[PREMIUM]","[PREMIUM]",true,false,"['Clear view']","2026-08-28 22:03:46"
"13848893562","2026-08-29 23:58:52.328","2026-09-02 23:48:46.300","13848893562","161667276","[PREMIUM]","[PREMIUM]","M110","6","15_16","15",,2,"[2]",507,"Mezzanine",10,"Mobile Transfer ticket",1,"[PREMIUM]","[PREMIUM]","[PREMIUM]","[PREMIUM]",true,false,"['Clear view']","2026-08-29 01:08:35"
"13856796037","2026-08-29 23:58:52.328","2026-09-08 00:05:49.391","13856796037","161667276","[PREMIUM]","[PREMIUM]","126","11","5_8","5",,4,"[1,2,4]",594,"Lower",10,"Mobile Transfer ticket",1,"[PREMIUM]","[PREMIUM]","[PREMIUM]","[PREMIUM]",true,false,"['Clear view']","2026-08-29 21:09:00"
"13847296907","2026-08-29 23:58:52.209","2026-09-11 23:43:20.750","13847296907","161667276","[PREMIUM]","[PREMIUM]","C122","14","_",,,4,"[2,4]",1724,"Club",10,"Mobile Transfer ticket",14,"[PREMIUM]","[PREMIUM]","[PREMIUM]","[PREMIUM]",true,false,"['Clear view']","2026-08-28 22:03:45"
"13791029166","2026-08-29 23:58:52.143","2026-09-11 23:43:24.936","13791029166","161667308","[PREMIUM]","[PREMIUM]","C119","10","_",,,3,"[1,3]",1724,"Club",10,"Mobile Transfer ticket",1,"[PREMIUM]","[PREMIUM]","[PREMIUM]","[PREMIUM]",true,false,"['Clear view']","2026-08-24 14:26:19"
"13854952395","2026-08-29 23:58:51.778","2026-08-29 23:58:51.778","13854952395","161667308","[PREMIUM]","[PREMIUM]","M102","4","5_6","5",,2,"[2]",507,"Mezzanine",10,"Mobile Transfer ticket",1,"[PREMIUM]","[PREMIUM]","[PREMIUM]","[PREMIUM]",true,false,"['Clear view']","2026-08-29 17:09:24"
"13794338543","2026-08-29 23:58:51.770","2026-09-11 23:43:24.881","13794338543","161667308","[PREMIUM]","[PREMIUM]","112","16","5_8","5","8",4,"[1,2,4]",594,"Lower",10,"Mobile Transfer ticket",1,"[PREMIUM]","[PREMIUM]","[PREMIUM]","[PREMIUM]",true,false,"['Clear view']","2026-08-24 19:36:17"
"13857613294","2026-08-29 23:58:51.698","2026-08-29 23:58:51.698","13857613294","161667308","[PREMIUM]","[PREMIUM]","M117","8","_",,,2,"[2]",507,"Mezzanine",10,"Mobile Transfer ticket",1,"[PREMIUM]","[PREMIUM]","[PREMIUM]","[PREMIUM]",true,false,"['Clear view']","2026-08-29 22:39:45"
"13858252411","2026-08-29 23:58:51.698","2026-08-29 23:58:51.698","13858252411","161667308","[PREMIUM]","[PREMIUM]","M117","4","_",,,2,"[2]",507,"Mezzanine",10,"Mobile Transfer ticket",1,"[PREMIUM]","[PREMIUM]","[PREMIUM]","[PREMIUM]",true,false,"['Clear view']","2026-08-29 23:55:39"
"13853131442","2026-08-29 23:58:51.643","2026-09-06 00:00:34.825","13853131442","161667308","[PREMIUM]","[PREMIUM]","M123","6","8_12","8",,5,"[1,2,3,5]",507,"Mezzanine",10,"Mobile Transfer ticket",1,"[PREMIUM]","[PREMIUM]","[PREMIUM]","[PREMIUM]",true,false,"['Clear view']","2026-08-29 12:21:28"
"13853131451","2026-08-29 23:58:51.643","2026-09-01 23:57:17.793","13853131451","161667308","[PREMIUM]","[PREMIUM]","102","15","7_10","7",,4,"[1,2,4]",594,"Lower",10,"Mobile Transfer ticket",1,"[PREMIUM]","[PREMIUM]","[PREMIUM]","[PREMIUM]",true,false,"['Clear view']","2026-08-29 12:21:28"
"13856041542","2026-08-29 23:58:51.359","2026-09-11 00:05:01.724","13856041542","161663471","[PREMIUM]","[PREMIUM]","102","2","_",,,6,"[1,2,4,6]",1687,"Lower Level",10,"Mobile Transfer ticket",14,"[PREMIUM]","[PREMIUM]","[PREMIUM]","[PREMIUM]",true,false,"['Clear view']","2026-08-29 19:30:32"
"13856041541","2026-08-29 23:58:51.359","2026-09-11 00:05:01.724","13856041541","161663471","[PREMIUM]","[PREMIUM]","101","9","_",,,4,"[2,4]",1687,"Lower Level",10,"Mobile Transfer ticket",14,"[PREMIUM]","[PREMIUM]","[PREMIUM]","[PREMIUM]",true,false,"['Clear view']","2026-08-29 19:30:32"
"13854255993","2026-08-29 23:58:51.359","2026-09-11 00:05:01.724","13854255993","161663471","[PREMIUM]","[PREMIUM]","217","1","_",,,2,"[2]",300,"Club Level",10,"Mobile Transfer ticket",1,"[PREMIUM]","[PREMIUM]","[PREMIUM]","[PREMIUM]",true,false,"['Front Row of Section','Clear view']","2026-08-29 15:43:39"
"13854256172","2026-08-29 23:58:51.358","2026-09-11 23:43:18.372","13854256172","161663471","[PREMIUM]","[PREMIUM]","112","6","_",,,4,"[1,2,4]",1687,"Lower Level",10,"Mobile Transfer ticket",1,"[PREMIUM]","[PREMIUM]","[PREMIUM]","[PREMIUM]",true,false,"['Clear view']","2026-08-29 15:43:40"
"13856041598","2026-08-29 23:58:51.358","2026-09-11 23:43:19.101","13856041598","161663471","[PREMIUM]","[PREMIUM]","102","B","_",,,4,"[2,4]",1687,"Lower Level",10,"Mobile Transfer ticket",14,"[PREMIUM]","[PREMIUM]","[PREMIUM]","[PREMIUM]",true,false,"['Second Row of Section','Clear view']","2026-08-29 19:30:32"
"13837051287","2026-08-29 23:58:51.259","2026-09-11 23:43:18.898","13837051287","161663471","[PREMIUM]","[PREMIUM]","202","3","5_8","5","8",4,"[2,4]",300,"Club Level",10,"Mobile Transfer ticket",1,"[PREMIUM]","[PREMIUM]","[PREMIUM]","[PREMIUM]",true,false,"['Third Row of Section','Clear view']","2026-08-28 01:16:31"
"13848897162","2026-08-29 23:58:51.138","2026-08-31 00:02:05.853","13848897162","161667276","[PREMIUM]","[PREMIUM]","M101","3","11_12","11",,2,"[2]",507,"Mezzanine",10,"Mobile Transfer ticket",1,"[PREMIUM]","[PREMIUM]","[PREMIUM]","[PREMIUM]",true,false,"['Third Row of Section','Clear view']","2026-08-29 01:08:45"
"13854433808","2026-08-29 23:58:51.138","2026-08-31 23:53:19.608","13854433808","161667276","[PREMIUM]","[PREMIUM]","M102","5","3_5","3",,3,"[1,3]",507,"Mezzanine",10,"Mobile Transfer ticket",1,"[PREMIUM]","[PREMIUM]","[PREMIUM]","[PREMIUM]",true,false,"['Clear view']","2026-08-29 16:09:03"
"13845756850","2026-08-29 23:58:51.017","2026-08-29 23:58:51.017","13845756850","161667276","[PREMIUM]","[PREMIUM]","112","12","7_8","7",,2,"[2]",594,"Lower",10,"Mobile Transfer ticket",1,"[PREMIUM]","[PREMIUM]","[PREMIUM]","[PREMIUM]",true,false,"['Clear view']","2026-08-28 19:05:32"
"13845742425","2026-08-29 23:58:50.885","2026-09-04 00:00:43.308","13845742425","161667276","[PREMIUM]","[PREMIUM]","M111","11","5_11","5",,7,"[1,2,3,4,5,7]",507,"Mezzanine",10,"Mobile Transfer ticket",1,"[PREMIUM]","[PREMIUM]","[PREMIUM]","[PREMIUM]",true,false,"['Clear view']","2026-08-28 19:01:41"
"13856796038","2026-08-29 23:58:50.885","2026-08-29 23:58:50.885","13856796038","161667276","[PREMIUM]","[PREMIUM]","M101","6","5_12","5",,8,"[1,2,3,4,5,6,8]",507,"Mezzanine",10,"Mobile Transfer ticket",1,"[PREMIUM]","[PREMIUM]","[PREMIUM]","[PREMIUM]",true,false,"['Clear view']","2026-08-29 21:09:00"
"13794317925","2026-08-29 23:58:50.772","2026-09-11 23:43:24.211","13794317925","161667308","[PREMIUM]","[PREMIUM]","116","14","8_9","8","9",2,"[2]",594,"Lower",10,"Mobile Transfer ticket",1,"[PREMIUM]","[PREMIUM]","[PREMIUM]","[PREMIUM]",true,false,"['Clear view']","2026-08-24 19:35:10"
"13850984384","2026-08-29 23:58:50.761","2026-08-29 23:58:50.761","13850984384","161667276","[PREMIUM]","[PREMIUM]","M114","5","9_12","9",,4,"[1,2,4]",507,"Mezzanine",10,"Mobile Transfer ticket",1,"[PREMIUM]","[PREMIUM]","[PREMIUM]","[PREMIUM]",true,false,"['Clear view']","2026-08-29 06:09:03"
"13847305024","2026-08-29 23:58:50.584","2026-09-11 23:43:24.093","13847305024","161667308","[PREMIUM]","[PREMIUM]","M114","2","_",,,4,"[2,4]",507,"Mezzanine",10,"Mobile Transfer ticket",14,"[PREMIUM]","[PREMIUM]","[PREMIUM]","[PREMIUM]",true,false,"['Second Row of Section','Clear view']","2026-08-28 22:05:03"
"13856912661","2026-08-29 23:58:50.489","2026-08-29 23:58:50.489","13856912661","161667308","[PREMIUM]","[PREMIUM]","209","7","3_5","3",,3,"[1,3]",407,"Upper",10,"Mobile Transfer ticket",1,"[PREMIUM]","[PREMIUM]","[PREMIUM]","[PREMIUM]",true,false,"['Clear view']","2026-08-29 21:21:27"
"13847305870","2026-08-29 23:58:50.486","2026-09-11 23:43:24.098","13847305870","161667308","[PREMIUM]","[PREMIUM]","M114","4","_",,,4,"[2,4]",507,"Mezzanine",10,"Mobile Transfer ticket",14,"[PREMIUM]","[PREMIUM]","[PREMIUM]","[PREMIUM]",true,false,"['Clear view']","2026-08-28 22:05:07"
"13847303982","2026-08-29 23:58:50.477","2026-09-09 23:59:13.779","13847303982","161667308","[PREMIUM]","[PREMIUM]","223","2","_",,,3,"[1,3]",407,"Upper",10,"Mobile Transfer ticket",14,"[PREMIUM]","[PREMIUM]","[PREMIUM]","[PREMIUM]",true,false,"['Second Row of Section','Clear view']","2026-08-28 22:04:59"
"13847305820","2026-08-29 23:58:50.477","2026-09-09 00:00:22.424","13847305820","161667308","[PREMIUM]","[PREMIUM]","M126","9","_",,,4,"[2,4]",507,"Mezzanine",10,"Mobile Transfer ticket",14,"[PREMIUM]","[PREMIUM]","[PREMIUM]","[PREMIUM]",true,false,"['Clear view']","2026-08-28 22:05:06"
"13847303249","2026-08-29 23:58:50.166","2026-09-08 00:05:55.959","13847303249","161667308","[PREMIUM]","[PREMIUM]","223","10","_",,,4,"[2,4]",407,"Upper",10,"Mobile Transfer ticket",14,"[PREMIUM]","[PREMIUM]","[PREMIUM]","[PREMIUM]",true,false,"['Clear view']","2026-08-28 22:04:47"
"13856041534","2026-08-29 23:58:49.740","2026-09-11 00:05:00.279","13856041534","161663471","[PREMIUM]","[PREMIUM]","102","13","_",,,2,"[2]",1687,"Lower Level",10,"Mobile Transfer ticket",14,"[PREMIUM]","[PREMIUM]","[PREMIUM]","[PREMIUM]",true,false,"['Clear view']","2026-08-29 19:30:31"
"13856042718","2026-08-29 23:58:49.738","2026-09-11 23:43:18.386","13856042718","161663471","[PREMIUM]","[PREMIUM]","121","17","_",,,8,"[1,2,3,4,6,8]",1687,"Lower Level",10,"Mobile Transfer ticket",14,"[PREMIUM]","[PREMIUM]","[PREMIUM]","[PREMIUM]",true,false,"['Clear view']","2026-08-29 19:31:10"
"13856041601","2026-08-29 23:58:49.738","2026-09-11 23:43:18.189","13856041601","161663471","[PREMIUM]","[PREMIUM]","113","15","_",,,4,"[2,4]",1687,"Lower Level",10,"Mobile Transfer ticket",14,"[PREMIUM]","[PREMIUM]","[PREMIUM]","[PREMIUM]",true,false,"['Clear view']","2026-08-29 19:30:33"
"13803956602","2026-08-29 23:58:49.653","2026-08-29 23:58:49.653","13803956602","161713861","[PREMIUM]","[PREMIUM]","105","24","9001_9004","9001",,4,"[2,4]",518,"Plaza",11,"Mobile ticket",1,"[PREMIUM]","[PREMIUM]","[PREMIUM]","[PREMIUM]",true,false,"['Clear view']","2026-08-25 10:58:41"
"13837046401","2026-08-29 23:58:49.603","2026-09-10 00:00:57.534","13837046401","161663471","[PREMIUM]","[PREMIUM]","Banner Seats","1","53_56","53","56",4,"[2,4]",33755,"Banner Seats",10,"Mobile Transfer ticket",1,"[PREMIUM]","[PREMIUM]","[PREMIUM]","[PREMIUM]",true,true,"['Includes club access','Clear view']","2026-08-28 01:15:18"
"13856042361","2026-08-29 23:58:49.603","2026-09-11 23:43:18.138","13856042361","161663471","[PREMIUM]","[PREMIUM]","114","3","_",,,4,"[2,4]",1687,"Lower Level",10,"Mobile Transfer ticket",14,"[PREMIUM]","[PREMIUM]","[PREMIUM]","[PREMIUM]",true,false,"['Clear view']","2026-08-29 19:31:00"
"13856041576","2026-08-29 23:58:49.603","2026-09-11 23:43:18.063","13856041576","161663471","[PREMIUM]","[PREMIUM]","120","13","_",,,8,"[1,2,3,4,6,8]",1687,"Lower Level",10,"Mobile Transfer ticket",14,"[PREMIUM]","[PREMIUM]","[PREMIUM]","[PREMIUM]",true,false,"['Clear view']","2026-08-29 19:30:32"
"13854432629","2026-08-29 23:58:49.259","2026-09-09 00:00:21.751","13854432629","161667276","[PREMIUM]","[PREMIUM]","226","11","1_4","1",,4,"[1,2,4]",407,"Upper",10,"Mobile Transfer ticket",1,"[PREMIUM]","[PREMIUM]","[PREMIUM]","[PREMIUM]",true,false,"['Clear view']","2026-08-29 16:08:31"
"13834359793","2026-08-29 23:58:49.138","2026-08-31 00:02:02.747","13834359793","161667276","[PREMIUM]","[PREMIUM]","206","12","1_2","1",,2,"[2]",407,"Upper",10,"Mobile Transfer ticket",1,"[PREMIUM]","[PREMIUM]","[PREMIUM]","[PREMIUM]",true,false,"['Clear view']","2026-08-27 20:50:49"
"13835652392","2026-08-29 23:58:49.138","2026-08-29 23:58:49.138","13835652392","161667276","[PREMIUM]","[PREMIUM]","216","10","1_4","1",,4,"[1,2,4]",407,"Upper",10,"Mobile Transfer ticket",1,"[PREMIUM]","[PREMIUM]","[PREMIUM]","[PREMIUM]",true,false,"['Clear view']","2026-08-27 22:55:45"
"13834297826","2026-08-29 23:58:49.041","2026-09-04 00:00:39.896","13834297826","161667276","[PREMIUM]","[PREMIUM]","212","11","9_13","9",,5,"[1,2,3,5]",407,"Upper",10,"Mobile Transfer ticket",1,"[PREMIUM]","[PREMIUM]","[PREMIUM]","[PREMIUM]",true,false,"['Clear view']","2026-08-27 20:45:18"
"13847303211","2026-08-29 23:58:48.926","2026-09-11 23:43:23.500","13847303211","161667308","[PREMIUM]","[PREMIUM]","205","8","_",,,2,"[2]",407,"Upper",10,"Mobile Transfer ticket",14,"[PREMIUM]","[PREMIUM]","[PREMIUM]","[PREMIUM]",true,false,"['Clear view']","2026-08-28 22:04:46"
"13847302950","2026-08-29 23:58:48.917","2026-09-02 23:48:46.920","13847302950","161667308","[PREMIUM]","[PREMIUM]","215","3","_",,,2,"[2]",407,"Upper",10,"Mobile Transfer ticket",14,"[PREMIUM]","[PREMIUM]","[PREMIUM]","[PREMIUM]",true,false,"['Third Row of Section','Clear view']","2026-08-28 22:04:39"
"13847304037","2026-08-29 23:58:48.886","2026-09-01 23:57:15.661","13847304037","161667308","[PREMIUM]","[PREMIUM]","223","12","_",,,4,"[2,4]",407,"Upper",10,"Mobile Transfer ticket",14,"[PREMIUM]","[PREMIUM]","[PREMIUM]","[PREMIUM]",true,false,"['Clear view']","2026-08-28 22:05:00"
"13847303242","2026-08-29 23:58:48.886","2026-09-06 23:57:50.069","13847303242","161667308","[PREMIUM]","[PREMIUM]","224","11","_",,,4,"[2,4]",407,"Upper",10,"Mobile Transfer ticket",14,"[PREMIUM]","[PREMIUM]","[PREMIUM]","[PREMIUM]",true,false,"['Clear view']","2026-08-28 22:04:46"
"13847305122","2026-08-29 23:58:48.883","2026-09-11 23:43:23.488","13847305122","161667308","[PREMIUM]","[PREMIUM]","214","2","_",,,2,"[2]",407,"Upper",10,"Mobile Transfer ticket",14,"[PREMIUM]","[PREMIUM]","[PREMIUM]","[PREMIUM]",true,false,"['Second Row of Section','Clear view']","2026-08-28 22:05:04"
"13845987180","2026-08-29 23:58:48.719","2026-08-31 23:53:21.500","13845987180","161667308","[PREMIUM]","[PREMIUM]","228","16","_",,,4,"[1,2,3,4]",407,"Upper",10,"Mobile Transfer ticket",1,"[PREMIUM]","[PREMIUM]","[PREMIUM]","[PREMIUM]",true,false,"['Clear view']","2026-08-28 19:32:25"
"13847305999","2026-08-29 23:58:48.719","2026-09-08 00:05:53.618","13847305999","161667308","[PREMIUM]","[PREMIUM]","204","7","_",,,2,"[2]",407,"Upper",10,"Mobile Transfer ticket",14,"[PREMIUM]","[PREMIUM]","[PREMIUM]","[PREMIUM]",true,false,"['Clear view']","2026-08-28 22:05:07"
"13847303906","2026-08-29 23:58:48.719","2026-09-11 23:43:23.534","13847303906","161667308","[PREMIUM]","[PREMIUM]","205","9","_",,,4,"[2,4]",407,"Upper",10,"Mobile Transfer ticket",14,"[PREMIUM]","[PREMIUM]","[PREMIUM]","[PREMIUM]",true,false,"['Clear view']","2026-08-28 22:04:59"
"13847303000","2026-08-29 23:58:48.621","2026-09-08 00:05:53.914","13847303000","161667308","[PREMIUM]","[PREMIUM]","204","6","_",,,4,"[2,4]",407,"Upper",10,"Mobile Transfer ticket",14,"[PREMIUM]","[PREMIUM]","[PREMIUM]","[PREMIUM]",true,false,"['Clear view']","2026-08-28 22:04:40"
"13847304804","2026-08-29 23:58:48.589","2026-09-11 23:43:23.489","13847304804","161667308","[PREMIUM]","[PREMIUM]","201","6","_",,,2,"[2]",407,"Upper",10,"Mobile Transfer ticket",14,"[PREMIUM]","[PREMIUM]","[PREMIUM]","[PREMIUM]",true,false,"['Clear view']","2026-08-28 22:05:02"
"13854951913","2026-08-29 23:58:48.589","2026-09-06 23:57:49.464","13854951913","161667308","[PREMIUM]","[PREMIUM]","215","9","14_17","14",,4,"[1,2,4]",407,"Upper",10,"Mobile Transfer ticket",1,"[PREMIUM]","[PREMIUM]","[PREMIUM]","[PREMIUM]",true,false,"['Clear view']","2026-08-29 17:09:20"
"13832856956","2026-08-29 23:58:48.509","2026-08-31 00:02:11.466","13832856956","161667308","[PREMIUM]","[PREMIUM]","204","13","18_21","18",,4,"[1,2,4]",407,"Upper",10,"Mobile Transfer ticket",1,"[PREMIUM]","[PREMIUM]","[PREMIUM]","[PREMIUM]",true,false,"['Clear view']","2026-08-27 18:11:02"
"13832691285","2026-08-29 23:58:48.509","2026-08-31 00:02:20.189","13832691285","161667308","[PREMIUM]","[PREMIUM]","203","9","7_10","7",,4,"[1,2,4]",407,"Upper",10,"Mobile Transfer ticket",1,"[PREMIUM]","[PREMIUM]","[PREMIUM]","[PREMIUM]",true,false,"['Clear view']","2026-08-27 17:54:18"
"13847305927","2026-08-29 23:58:48.509","2026-09-08 00:05:53.299","13847305927","161667308","[PREMIUM]","[PREMIUM]","203","8","_",,,2,"[2]",407,"Upper",10,"Mobile Transfer ticket",14,"[PREMIUM]","[PREMIUM]","[PREMIUM]","[PREMIUM]",true,false,"['Clear view']","2026-08-28 22:05:07"
"13847302845","2026-08-29 23:58:48.509","2026-09-02 23:48:47.196","13847302845","161667308","[PREMIUM]","[PREMIUM]","230","7","_",,,3,"[1,3]",407,"Upper",10,"Mobile Transfer ticket",14,"[PREMIUM]","[PREMIUM]","[PREMIUM]","[PREMIUM]",true,false,"['Clear view']","2026-08-28 22:04:37"
"13808374220","2026-08-29 23:58:48.404","2026-09-09 00:00:20.592","13808374220","161667308","[PREMIUM]","[PREMIUM]","215","10","_",,,2,"[2]",407,"Upper",10,"Mobile Transfer ticket",1,"[PREMIUM]","[PREMIUM]","[PREMIUM]","[PREMIUM]",true,false,"['Clear view']","2026-08-25 18:39:13"
"13847304072","2026-08-29 23:58:48.404","2026-09-11 00:00:53.648","13847304072","161667308","[PREMIUM]","[PREMIUM]","203","13","_",,,4,"[2,4]",407,"Upper",10,"Mobile Transfer ticket",14,"[PREMIUM]","[PREMIUM]","[PREMIUM]","[PREMIUM]",true,false,"['Clear view']","2026-08-28 22:05:00"
"13856484506","2026-08-29 23:58:48.329","2026-09-11 23:43:18.753","13856484506","161713861","[PREMIUM]","[PREMIUM]","114","33","_",,,4,"[2,4]",518,"Plaza",10,"Mobile Transfer ticket",1,"[PREMIUM]","[PREMIUM]","[PREMIUM]","[PREMIUM]",true,false,"['Clear view']","2026-08-29 20:27:07"
"13856041605","2026-08-29 23:58:48.116","2026-09-11 23:43:18.015","13856041605","161663471","[PREMIUM]","[PREMIUM]","103","15","_",,,8,"[1,2,3,4,6,8]",1687,"Lower Level",10,"Mobile Transfer ticket",14,"[PREMIUM]","[PREMIUM]","[PREMIUM]","[PREMIUM]",true,false,"['Clear view']","2026-08-29 19:30:33"
"13856041613","2026-08-29 23:58:48.026","2026-08-31 00:02:42.630","13856041613","161663471","[PREMIUM]","[PREMIUM]","105","K","_",,,8,"[1,2,3,4,6,8]",1687,"Lower Level",10,"Mobile Transfer ticket",14,"[PREMIUM]","[PREMIUM]","[PREMIUM]","[PREMIUM]",true,false,"['Clear view']","2026-08-29 19:30:33"
"13856041614","2026-08-29 23:58:48.026","2026-09-11 23:43:18.021","13856041614","161663471","[PREMIUM]","[PREMIUM]","106","D","_",,,4,"[2,4]",1687,"Lower Level",10,"Mobile Transfer ticket",14,"[PREMIUM]","[PREMIUM]","[PREMIUM]","[PREMIUM]",true,false,"['Clear view']","2026-08-29 19:30:33"
"13679649055","2026-08-29 23:58:48.001","2026-09-11 23:43:17.508","13679649055","161663471","[PREMIUM]","[PREMIUM]","105","3","_",,,2,"[2]",1687,"Lower Level",10,"Mobile Transfer ticket",1,"[PREMIUM]","[PREMIUM]","[PREMIUM]","[PREMIUM]",true,false,"['Clear view']","2026-08-15 01:27:08"
"13856042365","2026-08-29 23:58:47.999","2026-08-31 00:02:42.327","13856042365","161663471","[PREMIUM]","[PREMIUM]","109","19","_",,,2,"[2]",1687,"Lower Level",10,"Mobile Transfer ticket",14,"[PREMIUM]","[PREMIUM]","[PREMIUM]","[PREMIUM]",true,false,"['Clear view']","2026-08-29 19:31:00"
"13856041632","2026-08-29 23:58:47.999","2026-09-11 23:43:17.580","13856041632","161663471","[PREMIUM]","[PREMIUM]","119","8","_",,,9,"[1,2,3,4,5,7,9]",1687,"Lower Level",10,"Mobile Transfer ticket",14,"[PREMIUM]","[PREMIUM]","[PREMIUM]","[PREMIUM]",true,false,"['Clear view']","2026-08-29 19:30:33"
"13856042636","2026-08-29 23:58:47.989","2026-08-31 00:02:42.430","13856042636","161663471","[PREMIUM]","[PREMIUM]","114","14","_",,,4,"[2,4]",1687,"Lower Level",10,"Mobile Transfer ticket",14,"[PREMIUM]","[PREMIUM]","[PREMIUM]","[PREMIUM]",true,false,"['Clear view']","2026-08-29 19:31:09"
"13856042399","2026-08-29 23:58:47.989","2026-09-11 23:43:17.580","13856042399","161663471","[PREMIUM]","[PREMIUM]","108","8","_",,,9,"[1,2,3,4,5,7,9]",1687,"Lower Level",10,"Mobile Transfer ticket",14,"[PREMIUM]","[PREMIUM]","[PREMIUM]","[PREMIUM]",true,false,"['Clear view']","2026-08-29 19:31:00"
"13856041568","2026-08-29 23:58:47.989","2026-09-11 23:43:17.580","13856041568","161663471","[PREMIUM]","[PREMIUM]","202","7","_",,,4,"[2,4]",300,"Club Level",10,"Mobile Transfer ticket",14,"[PREMIUM]","[PREMIUM]","[PREMIUM]","[PREMIUM]",true,false,"['Clear view']","2026-08-29 19:30:32"
"13856041608","2026-08-29 23:58:47.975","2026-08-31 00:02:42.617","13856041608","161663471","[PREMIUM]","[PREMIUM]","114","10","_",,,4,"[2,4]",1687,"Lower Level",10,"Mobile Transfer ticket",14,"[PREMIUM]","[PREMIUM]","[PREMIUM]","[PREMIUM]",true,false,"['Clear view']","2026-08-29 19:30:33"
"13856043028","2026-08-29 23:58:47.975","2026-09-11 23:43:17.997","13856043028","161663471","[PREMIUM]","[PREMIUM]","103","16","_",,,5,"[1,3,5]",1687,"Lower Level",10,"Mobile Transfer ticket",14,"[PREMIUM]","[PREMIUM]","[PREMIUM]","[PREMIUM]",true,false,"['Clear view']","2026-08-29 19:31:27"
"13856041628","2026-08-29 23:58:47.975","2026-09-11 23:43:17.997","13856041628","161663471","[PREMIUM]","[PREMIUM]","219","6","_",,,4,"[2,4]",300,"Club Level",10,"Mobile Transfer ticket",14,"[PREMIUM]","[PREMIUM]","[PREMIUM]","[PREMIUM]",true,false,"['Clear view']","2026-08-29 19:30:33"
"13856041551","2026-08-29 23:58:47.975","2026-09-11 23:43:17.997","13856041551","161663471","[PREMIUM]","[PREMIUM]","120","15","_",,,5,"[1,3,5]",1687,"Lower Level",10,"Mobile Transfer ticket",14,"[PREMIUM]","[PREMIUM]","[PREMIUM]","[PREMIUM]",true,false,"['Clear view']","2026-08-29 19:30:32"
"13856042445","2026-08-29 23:58:47.949","2026-09-11 23:43:17.510","13856042445","161663471","[PREMIUM]","[PREMIUM]","233","8","_",,,4,"[2,4]",300,"Club Level",10,"Mobile Transfer ticket",14,"[PREMIUM]","[PREMIUM]","[PREMIUM]","[PREMIUM]",true,false,"['Clear view']","2026-08-29 19:31:00"
"13856042367","2026-08-29 23:58:47.845","2026-09-11 23:43:17.508","13856042367","161663471","[PREMIUM]","[PREMIUM]","115","10","_",,,6,"[1,2,4,6]",1687,"Lower Level",10,"Mobile Transfer ticket",14,"[PREMIUM]","[PREMIUM]","[PREMIUM]","[PREMIUM]",true,false,"['Clear view']","2026-08-29 19:31:00"
"13856041623","2026-08-29 23:58:47.845","2026-09-11 23:43:17.430","13856041623","161663471","[PREMIUM]","[PREMIUM]","105","5","_",,,3,"[1,3]",1687,"Lower Level",10,"Mobile Transfer ticket",14,"[PREMIUM]","[PREMIUM]","[PREMIUM]","[PREMIUM]",true,false,"['Clear view']","2026-08-29 19:30:33"
"13856042649","2026-08-29 23:58:47.805","2026-09-11 23:43:17.295","13856042649","161663471","[PREMIUM]","[PREMIUM]","222","3","_",,,2,"[2]",300,"Club Level",10,"Mobile Transfer ticket",14,"[PREMIUM]","[PREMIUM]","[PREMIUM]","[PREMIUM]",true,false,"['Third Row of Section','Clear view']","2026-08-29 19:31:09"
"13856041617","2026-08-29 23:58:47.805","2026-09-11 23:43:17.295","13856041617","161663471","[PREMIUM]","[PREMIUM]","223","3","_",,,8,"[1,2,3,4,6,8]",300,"Club Level",10,"Mobile Transfer ticket",14,"[PREMIUM]","[PREMIUM]","[PREMIUM]","[PREMIUM]",true,false,"['Third Row of Section','Clear view']","2026-08-29 19:30:33"
"13856484532","2026-08-29 23:58:47.747","2026-09-06 00:00:27.168","13856484532","161713861","[PREMIUM]","[PREMIUM]","210","4","_",,,2,"[2]",329,"Balcony",10,"Mobile Transfer ticket",1,"[PREMIUM]","[PREMIUM]","[PREMIUM]","[PREMIUM]",true,false,"['Clear view']","2026-08-29 20:27:08"
"13715786373","2026-08-29 23:58:47.720","2026-09-01 23:56:47.269","13715786373","161713861","[PREMIUM]","[PREMIUM]","223","13","_",,,4,"[1,2,3,4]",329,"Balcony",10,"Mobile Transfer ticket",1,"[PREMIUM]","[PREMIUM]","[PREMIUM]","[PREMIUM]",true,false,"['Clear view']","2026-08-18 16:56:37"
"13856042429","2026-08-29 23:58:47.718","2026-09-11 23:43:17.262","13856042429","161663471","[PREMIUM]","[PREMIUM]","229","3","_",,,8,"[1,2,3,4,6,8]",300,"Club Level",10,"Mobile Transfer ticket",14,"[PREMIUM]","[PREMIUM]","[PREMIUM]","[PREMIUM]",true,false,"['Third Row of Section','Clear view']","2026-08-29 19:31:00"
"13692467687","2026-08-29 23:58:47.713","2026-08-29 23:58:47.713","13692467687","161713861","[PREMIUM]","[PREMIUM]","208","16","_",,,2,"[2]",329,"Balcony",10,"Mobile Transfer ticket",1,"[PREMIUM]","[PREMIUM]","[PREMIUM]","[PREMIUM]",true,false,"['Clear view']","2026-08-16 10:48:12"
"13856484516","2026-08-29 23:58:47.652","2026-08-29 23:58:47.652","13856484516","161713861","[PREMIUM]","[PREMIUM]","201","9","_",,,3,"[1,3]",329,"Balcony",10,"Mobile Transfer ticket",1,"[PREMIUM]","[PREMIUM]","[PREMIUM]","[PREMIUM]",true,false,"['Clear view']","2026-08-29 20:27:07"
"13856484542","2026-08-29 23:58:47.652","2026-08-31 23:53:43.602","13856484542","161713861","[PREMIUM]","[PREMIUM]","211","9","_",,,4,"[2,4]",329,"Balcony",10,"Mobile Transfer ticket",1,"[PREMIUM]","[PREMIUM]","[PREMIUM]","[PREMIUM]",true,false,"['Clear view']","2026-08-29 20:27:08"
"13692467673","2026-08-29 23:58:47.632","2026-08-29 23:58:47.632","13692467673","161713861","[PREMIUM]","[PREMIUM]","208","15","_",,,2,"[2]",329,"Balcony",10,"Mobile Transfer ticket",1,"[PREMIUM]","[PREMIUM]","[PREMIUM]","[PREMIUM]",true,false,"['Clear view']","2026-08-16 10:48:12"
"13856484524","2026-08-29 23:58:47.575","2026-08-29 23:58:47.575","13856484524","161713861","[PREMIUM]","[PREMIUM]","227","12","_",,,3,"[1,3]",329,"Balcony",10,"Mobile Transfer ticket",1,"[PREMIUM]","[PREMIUM]","[PREMIUM]","[PREMIUM]",true,false,"['Clear view']","2026-08-29 20:27:07"
"13856807842","2026-08-29 23:58:47.467","2026-08-29 23:58:47.467","13856807842","161667276","[PREMIUM]","[PREMIUM]","218","7","5_6","5",,2,"[2]",407,"Upper",10,"Mobile Transfer ticket",1,"[PREMIUM]","[PREMIUM]","[PREMIUM]","[PREMIUM]",true,false,"['Clear view']","2026-08-29 21:10:34"
"13856796055","2026-08-29 23:58:47.467","2026-09-04 23:58:59.207","13856796055","161667276","[PREMIUM]","[PREMIUM]","231","12","16_17","16",,2,"[2]",407,"Upper",10,"Mobile Transfer ticket",1,"[PREMIUM]","[PREMIUM]","[PREMIUM]","[PREMIUM]",true,false,"['Clear view']","2026-08-29 21:09:01"
"13847305698","2026-08-29 23:58:47.439","2026-08-29 23:58:47.439","13847305698","161667308","[PREMIUM]","[PREMIUM]","202","16","_",,,4,"[2,4]",407,"Upper",10,"Mobile Transfer ticket",14,"[PREMIUM]","[PREMIUM]","[PREMIUM]","[PREMIUM]",true,false,"['Clear view']","2026-08-28 22:05:06"
"13856484543","2026-08-29 23:58:47.355","2026-08-29 23:58:47.355","13856484543","161713861","[PREMIUM]","[PREMIUM]","221","12","_",,,8,"[1,2,3,4,6,8]",329,"Balcony",10,"Mobile Transfer ticket",1,"[PREMIUM]","[PREMIUM]","[PREMIUM]","[PREMIUM]",true,false,"['Clear view']","2026-08-29 20:27:08"
"13856484523","2026-08-29 23:58:47.355","2026-08-31 23:53:43.304","13856484523","161713861","[PREMIUM]","[PREMIUM]","226","12","_",,,8,"[1,2,3,4,6,8]",329,"Balcony",10,"Mobile Transfer ticket",1,"[PREMIUM]","[PREMIUM]","[PREMIUM]","[PREMIUM]",true,false,"['Clear view']","2026-08-29 20:27:07"
"13856484553","2026-08-29 23:58:47.340","2026-08-29 23:58:47.340","13856484553","161713861","[PREMIUM]","[PREMIUM]","223","14","_",,,2,"[2]",329,"Balcony",10,"Mobile Transfer ticket",1,"[PREMIUM]","[PREMIUM]","[PREMIUM]","[PREMIUM]",true,false,"['Clear view']","2026-08-29 20:27:08"
"13856485676","2026-08-29 23:58:47.340","2026-08-31 23:53:43.575","13856485676","161713861","[PREMIUM]","[PREMIUM]","225","12","_",,,4,"[2,4]",329,"Balcony",10,"Mobile Transfer ticket",1,"[PREMIUM]","[PREMIUM]","[PREMIUM]","[PREMIUM]",true,false,"['Clear view']","2026-08-29 20:27:29"
"13856485677","2026-08-29 23:58:47.340","2026-08-31 23:53:43.575","13856485677","161713861","[PREMIUM]","[PREMIUM]","210","13","_",,,8,"[1,2,3,4,6,8]",329,"Balcony",10,"Mobile Transfer ticket",1,"[PREMIUM]","[PREMIUM]","[PREMIUM]","[PREMIUM]",true,false,"['Clear view']","2026-08-29 20:27:29"
"13793660238","2026-08-29 23:58:47.322","2026-09-11 23:43:17.898","13793660238","161713861","[PREMIUM]","[PREMIUM]","227","15","_",,,15,"[1,2,3,4,5,6,7,8,9,10,11,12,13,15]",329,"Balcony",10,"Mobile Transfer ticket",1,"[PREMIUM]","[PREMIUM]","[PREMIUM]","[PREMIUM]",true,false,"['Clear view']","2026-08-24 18:39:24"
"13856485711","2026-08-29 23:58:47.312","2026-08-29 23:58:47.312","13856485711","161713861","[PREMIUM]","[PREMIUM]","202","13","_",,,2,"[2]",329,"Balcony",10,"Mobile Transfer ticket",1,"[PREMIUM]","[PREMIUM]","[PREMIUM]","[PREMIUM]",true,false,"['Clear view']","2026-08-29 20:27:30"
"13856484522","2026-08-29 23:58:47.312","2026-08-31 23:53:43.846","13856484522","161713861","[PREMIUM]","[PREMIUM]","206","13","_",,,4,"[2,4]",329,"Balcony",10,"Mobile Transfer ticket",1,"[PREMIUM]","[PREMIUM]","[PREMIUM]","[PREMIUM]",true,false,"['Clear view']","2026-08-29 20:27:07"
"13856484529","2026-08-29 23:58:47.299","2026-08-29 23:58:47.299","13856484529","161713861","[PREMIUM]","[PREMIUM]","208","17","_",,,6,"[1,2,4,6]",329,"Balcony",10,"Mobile Transfer ticket",1,"[PREMIUM]","[PREMIUM]","[PREMIUM]","[PREMIUM]",true,false,"['Clear view']","2026-08-29 20:27:08"
"13856484510","2026-08-29 23:58:47.299","2026-08-31 00:02:43.404","13856484510","161713861","[PREMIUM]","[PREMIUM]","208","19","_",,,4,"[2,4]",329,"Balcony",10,"Mobile Transfer ticket",1,"[PREMIUM]","[PREMIUM]","[PREMIUM]","[PREMIUM]",true,false,"['Clear view']","2026-08-29 20:27:07"
"13856484527","2026-08-29 23:58:47.299","2026-08-31 23:53:43.575","13856484527","161713861","[PREMIUM]","[PREMIUM]","209","12","_",,,4,"[2,4]",329,"Balcony",10,"Mobile Transfer ticket",1,"[PREMIUM]","[PREMIUM]","[PREMIUM]","[PREMIUM]",true,false,"['Clear view']","2026-08-29 20:27:08"
"13856041560","2026-08-29 23:58:47.247","2026-09-11 23:43:17.177","13856041560","161663471","[PREMIUM]","[PREMIUM]","333","5","_",,,6,"[1,2,4,6]",954,"Upper Level",10,"Mobile Transfer ticket",14,"[PREMIUM]","[PREMIUM]","[PREMIUM]","[PREMIUM]",true,false,"['Clear view']","2026-08-29 19:30:32"
"13856042419","2026-08-29 23:58:47.183","2026-09-08 00:06:58.496","13856042419","161663471","[PREMIUM]","[PREMIUM]","329","10","_",,,8,"[1,2,3,4,6,8]",954,"Upper Level",10,"Mobile Transfer ticket",14,"[PREMIUM]","[PREMIUM]","[PREMIUM]","[PREMIUM]",true,false,"['Clear view']","2026-08-29 19:31:00"
"13856042359","2026-08-29 23:58:47.183","2026-09-11 23:43:16.980","13856042359","161663471","[PREMIUM]","[PREMIUM]","322","10","_",,,8,"[1,2,3,4,6,8]",954,"Upper Level",10,"Mobile Transfer ticket",14,"[PREMIUM]","[PREMIUM]","[PREMIUM]","[PREMIUM]",true,false,"['Clear view']","2026-08-29 19:31:00"
"13856041649","2026-08-29 23:58:47.183","2026-09-11 23:43:16.898","13856041649","161663471","[PREMIUM]","[PREMIUM]","323","9","_",,,8,"[1,2,3,4,6,8]",954,"Upper Level",10,"Mobile Transfer ticket",14,"[PREMIUM]","[PREMIUM]","[PREMIUM]","[PREMIUM]",true,false,"['Clear view']","2026-08-29 19:30:34"
"13857142552","2026-08-29 23:58:47.034","2026-08-31 23:53:40.862","13857142552","161663471","[PREMIUM]","[PREMIUM]","204",,"_",,,4,"[1,2,4]",300,"Club Level",11,"Mobile ticket",14,"[PREMIUM]","[PREMIUM]","[PREMIUM]","[PREMIUM]",true,true,"['Clear view']","2026-08-29 21:44:34"
"13856041552","2026-08-29 23:58:46.993","2026-09-11 23:43:16.890","13856041552","161663471","[PREMIUM]","[PREMIUM]","304","3","_",,,8,"[1,2,3,4,6,8]",954,"Upper Level",10,"Mobile Transfer ticket",14,"[PREMIUM]","[PREMIUM]","[PREMIUM]","[PREMIUM]",true,false,"['Third Row of Section','Clear view']","2026-08-29 19:30:32"
"13856044525","2026-08-29 23:58:46.988","2026-09-11 23:43:17.203","13856044525","161663471","[PREMIUM]","[PREMIUM]","317","2","_",,,8,"[1,2,3,4,6,8]",954,"Upper Level",10,"Mobile Transfer ticket",14,"[PREMIUM]","[PREMIUM]","[PREMIUM]","[PREMIUM]",true,false,"['Second Row of Section','Clear view']","2026-08-29 19:32:08"
"13856042405","2026-08-29 23:58:46.988","2026-09-11 23:43:16.918","13856042405","161663471","[PREMIUM]","[PREMIUM]","228","7","_",,,8,"[1,2,3,4,6,8]",300,"Club Level",10,"Mobile Transfer ticket",14,"[PREMIUM]","[PREMIUM]","[PREMIUM]","[PREMIUM]",true,false,"['Clear view']","2026-08-29 19:31:00"
"13856042357","2026-08-29 23:58:46.988","2026-09-11 23:43:16.918","13856042357","161663471","[PREMIUM]","[PREMIUM]","226","7","_",,,8,"[1,2,3,4,6,8]",300,"Club Level",10,"Mobile Transfer ticket",14,"[PREMIUM]","[PREMIUM]","[PREMIUM]","[PREMIUM]",true,false,"['Clear view']","2026-08-29 19:31:00"
"13856042637","2026-08-29 23:58:46.984","2026-09-11 23:43:16.980","13856042637","161663471","[PREMIUM]","[PREMIUM]","326","5","_",,,8,"[1,2,3,4,6,8]",954,"Upper Level",10,"Mobile Transfer ticket",14,"[PREMIUM]","[PREMIUM]","[PREMIUM]","[PREMIUM]",true,false,"['Clear view']","2026-08-29 19:31:09"
"13856041572","2026-08-29 23:58:46.984","2026-09-11 23:43:16.922","13856041572","161663471","[PREMIUM]","[PREMIUM]","305","5","_",,,5,"[1,3,5]",954,"Upper Level",10,"Mobile Transfer ticket",14,"[PREMIUM]","[PREMIUM]","[PREMIUM]","[PREMIUM]",true,false,"['Clear view']","2026-08-29 19:30:32"
"13856041545","2026-08-29 23:58:46.984","2026-09-11 23:43:16.980","13856041545","161663471","[PREMIUM]","[PREMIUM]","309","7","_",,,8,"[1,2,3,4,6,8]",954,"Upper Level",10,"Mobile Transfer ticket",14,"[PREMIUM]","[PREMIUM]","[PREMIUM]","[PREMIUM]",true,false,"['Clear view']","2026-08-29 19:30:32"
