"_primaryKey","_firstSeenAt","_lastSeenAt","listingId","eventId","price","faceValue","section","row","seat","seatFrom","seatTo","quantity","availableQuantities","ticketClass","ticketClassName","ticketTypeId","ticketTypeName","listingTypeId","starRating","dealScore","discount","seatQualityScore","isSeatedTogether","isSpeculativeRow","listingNotes","createdAt"
"14178232108","2026-09-24 23:18:40.469","2026-09-28 02:05:21.584","14178232108","161713877","[PREMIUM]","[PREMIUM]","22","13","_",,,2,"[1,2]",594,"Lower",10,"Mobile Transfer ticket",1,"[PREMIUM]","[PREMIUM]","[PREMIUM]","[PREMIUM]",true,false,"['Clear view']","2026-09-24 20:53:59"
"14159054631","2026-09-24 23:17:07.853","2026-10-07 23:02:07.133","14159054631","161715105","[PREMIUM]","[PREMIUM]","124","3","_",,,2,"[2]",1289,"Loge",10,"Mobile Transfer ticket",1,"[PREMIUM]","[PREMIUM]","[PREMIUM]","[PREMIUM]",true,false,"['Third Row of Section','Clear view']","2026-09-23 18:58:08"
"14158660619","2026-09-24 23:16:40.945","2026-10-06 23:11:18.022","14158660619","161715096","[PREMIUM]","[PREMIUM]","124","11","3_6","3",,4,"[2,4]",1289,"Loge",10,"Mobile Transfer ticket",1,"[PREMIUM]","[PREMIUM]","[PREMIUM]","[PREMIUM]",true,false,"['Clear view']","2026-09-23 18:13:24"
"14158660618","2026-09-24 23:16:40.945","2026-10-07 22:57:54.389","14158660618","161715096","[PREMIUM]","[PREMIUM]","124","12","9_10","9",,2,"[2]",1289,"Loge",10,"Mobile Transfer ticket",1,"[PREMIUM]","[PREMIUM]","[PREMIUM]","[PREMIUM]",true,false,"['Clear view']","2026-09-23 18:13:24"
"14158233560","2026-09-24 23:15:08.569","2026-09-24 23:15:08.569","14158233560","161495899","[PREMIUM]","[PREMIUM]","116","3","_",,,2,"[2]",594,"Lower",10,"Mobile Transfer ticket",1,"[PREMIUM]","[PREMIUM]","[PREMIUM]","[PREMIUM]",true,false,"['Access to VIP Lounge','Third Row of Section','Clear view']","2026-09-23 17:46:40"
"14170392450","2026-09-24 23:14:59.748","2026-10-07 22:39:09.953","14170392450","161564089","[PREMIUM]","[PREMIUM]","103","7","_",,,4,"[1,2,3,4]",594,"Lower",10,"Mobile Transfer ticket",1,"[PREMIUM]","[PREMIUM]","[PREMIUM]","[PREMIUM]",true,false,"['Front Row of Section','Clear view']","2026-09-24 13:03:57"
"14145175254","2026-09-24 23:14:53.905","2026-09-27 00:18:28.138","14145175254","161564093","[PREMIUM]","[PREMIUM]","121","3","9001_9002","9001",,2,"[2]",594,"Lower",11,"Mobile ticket",1,"[PREMIUM]","[PREMIUM]","[PREMIUM]","[PREMIUM]",true,false,"['Third Row of Section','Clear view']","2026-09-22 21:09:53"
"14178755375","2026-09-24 23:14:24.008","2026-09-28 00:08:25.268","14178755375","161379734","[PREMIUM]","[PREMIUM]","206","G","_",,,2,"[1,2]",471,"Middle",10,"Mobile Transfer ticket",1,"[PREMIUM]","[PREMIUM]","[PREMIUM]","[PREMIUM]",true,false,"['Clear view']","2026-09-24 21:25:47"
"14166774346","2026-09-24 23:14:22.234","2026-09-28 22:35:33.837","14166774346","161350120","[PREMIUM]","[PREMIUM]","C40","2","9001_9002","9001","9002",2,"[2]",8046,"St Paul Club End",10,"Mobile Transfer ticket",1,"[PREMIUM]","[PREMIUM]","[PREMIUM]","[PREMIUM]",true,false,"['Second Row of Section','Clear view']","2026-09-24 06:36:15"
"14178737986","2026-09-24 23:14:22.234","2026-09-24 23:14:22.234","14178737986","161350120","[PREMIUM]","[PREMIUM]","C21","7","_",,,2,"[1,2]",8047,"St Paul Club Side",10,"Mobile Transfer ticket",1,"[PREMIUM]","[PREMIUM]","[PREMIUM]","[PREMIUM]",true,false,"['Clear view']","2026-09-24 21:24:39"
"14153090232","2026-09-24 23:14:17.708","2026-10-07 22:32:12.945","14153090232","161319906","[PREMIUM]","[PREMIUM]","CL08","6","_",,,2,"[2]",9060,"Corona Beach House",10,"Mobile Transfer ticket",1,"[PREMIUM]","[PREMIUM]","[PREMIUM]","[PREMIUM]",true,false,"['Clear view']","2026-09-23 08:43:21"
"14153092683","2026-09-24 23:14:17.708","2026-10-07 22:32:12.945","14153092683","161319906","[PREMIUM]","[PREMIUM]","CL13","5","_",,,2,"[2]",9060,"Corona Beach House",10,"Mobile Transfer ticket",1,"[PREMIUM]","[PREMIUM]","[PREMIUM]","[PREMIUM]",true,false,"['Clear view']","2026-09-23 08:43:34"
"14153092611","2026-09-24 23:14:17.708","2026-10-07 22:32:12.945","14153092611","161319906","[PREMIUM]","[PREMIUM]","CL06","6","_",,,3,"[1,2,3]",9060,"Corona Beach House",10,"Mobile Transfer ticket",1,"[PREMIUM]","[PREMIUM]","[PREMIUM]","[PREMIUM]",true,false,"['Clear view']","2026-09-23 08:43:34"
"14153091968","2026-09-24 23:14:17.708","2026-10-07 22:32:12.945","14153091968","161319906","[PREMIUM]","[PREMIUM]","CL11","5","_",,,3,"[1,2,3]",9060,"Corona Beach House",10,"Mobile Transfer ticket",1,"[PREMIUM]","[PREMIUM]","[PREMIUM]","[PREMIUM]",true,false,"['Clear view']","2026-09-23 08:43:31"
"13722226436","2026-09-24 23:14:17.677","2026-09-24 23:14:17.677","13722226436","161319906","[PREMIUM]","[PREMIUM]","CL14","1","9001_9003","9001",,3,"[1,3]",9060,"Corona Beach House",10,"Mobile Transfer ticket",1,"[PREMIUM]","[PREMIUM]","[PREMIUM]","[PREMIUM]",true,false,"['Front Row of Section','Clear view']","2026-08-19 06:31:42"
"14153092030","2026-09-24 23:14:17.677","2026-10-07 22:32:12.945","14153092030","161319906","[PREMIUM]","[PREMIUM]","CL07","6","_",,,3,"[1,2,3]",9060,"Corona Beach House",10,"Mobile Transfer ticket",1,"[PREMIUM]","[PREMIUM]","[PREMIUM]","[PREMIUM]",true,false,"['Clear view']","2026-09-23 08:43:32"
"14165965776","2026-09-24 23:14:14.582","2026-09-24 23:14:14.582","14165965776","161379757","[PREMIUM]","[PREMIUM]","114","DD","9001_9002","9001",,2,"[2]",594,"Lower",10,"Mobile Transfer ticket",13,"[PREMIUM]","[PREMIUM]","[PREMIUM]","[PREMIUM]",true,false,"['Clear view']","2026-09-24 05:33:22"
"14175238464","2026-09-24 23:14:11.951","2026-09-24 23:14:11.951","14175238464","161319885","[PREMIUM]","[PREMIUM]","CL34","1","9001_9002","9001",,2,"[2]",1724,"Club",10,"Mobile Transfer ticket",13,"[PREMIUM]","[PREMIUM]","[PREMIUM]","[PREMIUM]",true,false,"['Front Row of Section','Clear view']","2026-09-24 17:11:17"
"14178725883","2026-09-24 23:14:11.951","2026-09-28 00:01:46.832","14178725883","161319885","[PREMIUM]","[PREMIUM]","CL05","7","_",,,2,"[1,2]",9060,"Corona Beach House",10,"Mobile Transfer ticket",1,"[PREMIUM]","[PREMIUM]","[PREMIUM]","[PREMIUM]",true,true,"['Clear view']","2026-09-24 21:24:14"
"14170327359","2026-09-24 23:14:06.639","2026-10-07 22:29:41.848","14170327359","161452910","[PREMIUM]","[PREMIUM]","103","7","_",,,4,"[1,2,3,4]",594,"Lower",10,"Mobile Transfer ticket",1,"[PREMIUM]","[PREMIUM]","[PREMIUM]","[PREMIUM]",true,false,"['Front Row of Section','Clear view']","2026-09-24 12:57:17"
"14148711720","2026-09-24 23:14:06.624","2026-09-24 23:14:06.624","14148711720","161452910","[PREMIUM]","[PREMIUM]","Hyundai Club","3","9001_9002","9001",,2,"[2]",4257,"Hyundai Club",10,"Mobile Transfer ticket",1,"[PREMIUM]","[PREMIUM]","[PREMIUM]","[PREMIUM]",false,false,"['Third Row of Section','Clear view']","2026-09-23 01:19:22"
"14144810362","2026-09-24 23:14:05.714","2026-09-27 00:00:43.258","14144810362","161463813","[PREMIUM]","[PREMIUM]","C 4","F","_",,,3,"[1,2,3]",1724,"Club",10,"Mobile Transfer ticket",1,"[PREMIUM]","[PREMIUM]","[PREMIUM]","[PREMIUM]",true,false,"['Clear view']","2026-09-22 20:48:36"
"14156519064","2026-09-24 23:14:05.714","2026-10-04 22:29:33.077","14156519064","161463813","[PREMIUM]","[PREMIUM]","C 4","B","_",,,2,"[2]",1724,"Club",10,"Mobile Transfer ticket",1,"[PREMIUM]","[PREMIUM]","[PREMIUM]","[PREMIUM]",true,false,"['Second Row of Section','Clear view']","2026-09-23 15:29:34"
"14144809950","2026-09-24 23:14:03.701","2026-09-24 23:14:03.701","14144809950","161463811","[PREMIUM]","[PREMIUM]","114","H","_",,,6,"[1,2,3,4,5,6]",594,"Lower",10,"Mobile Transfer ticket",1,"[PREMIUM]","[PREMIUM]","[PREMIUM]","[PREMIUM]",true,false,"['Clear view']","2026-09-22 20:48:35"
"14152871894","2026-09-24 23:14:02.710","2026-09-28 22:30:14.234","14152871894","161452880","[PREMIUM]","[PREMIUM]","Hyundai Club","3","_",,,2,"[2]",4257,"Hyundai Club",10,"Mobile Transfer ticket",1,"[PREMIUM]","[PREMIUM]","[PREMIUM]","[PREMIUM]",false,false,"['Third Row of Section','Clear view']","2026-09-23 08:19:19"
"14177027686","2026-09-24 23:13:59.563","2026-09-24 23:13:59.563","14177027686","161349257","[PREMIUM]","[PREMIUM]","117","B","9001_9002","9001",,2,"[2]",8740,"Gold Prime",10,"Mobile Transfer ticket",13,"[PREMIUM]","[PREMIUM]","[PREMIUM]","[PREMIUM]",true,false,"['Second Row of Section','Clear view']","2026-09-24 19:21:20"
"14169099009","2026-09-24 23:13:47.945","2026-09-24 23:13:47.945","14169099009","161328949","[PREMIUM]","[PREMIUM]","121","9","9001_9004","9001",,4,"[4]",17375,"Comerica Players Club",10,"Mobile Transfer ticket",13,"[PREMIUM]","[PREMIUM]","[PREMIUM]","[PREMIUM]",true,false,"['Clear view']","2026-09-24 10:42:03"
"14178686744","2026-09-24 23:13:41.677","2026-09-27 23:41:37.894","14178686744","161413356","[PREMIUM]","[PREMIUM]","220","D","_",,,2,"[1,2]",1724,"Club",10,"Mobile Transfer ticket",1,"[PREMIUM]","[PREMIUM]","[PREMIUM]","[PREMIUM]",true,false,"['Clear view']","2026-09-24 21:22:25"
"14178675954","2026-09-24 23:13:41.555","2026-09-26 23:47:33.280","14178675954","161348629","[PREMIUM]","[PREMIUM]","246","4","_",,,2,"[1,2]",1724,"Club",10,"Mobile Transfer ticket",1,"[PREMIUM]","[PREMIUM]","[PREMIUM]","[PREMIUM]",true,false,"['Clear view']","2026-09-24 21:21:43"
"14173361587","2026-09-24 23:13:40.219","2026-09-24 23:13:40.219","14173361587","161413334","[PREMIUM]","[PREMIUM]","219","C","9001_9002","9001",,2,"[2]",1724,"Club",10,"Mobile Transfer ticket",13,"[PREMIUM]","[PREMIUM]","[PREMIUM]","[PREMIUM]",true,false,"['Third Row of Section','Clear view']","2026-09-24 15:25:47"
"14178686005","2026-09-24 23:13:40.216","2026-09-26 00:06:56.391","14178686005","161413334","[PREMIUM]","[PREMIUM]","204","D","_",,,2,"[1,2]",1724,"Club",10,"Mobile Transfer ticket",1,"[PREMIUM]","[PREMIUM]","[PREMIUM]","[PREMIUM]",true,false,"['Clear view']","2026-09-24 21:22:23"
"14178686729","2026-09-24 23:13:40.216","2026-09-26 00:06:56.391","14178686729","161413334","[PREMIUM]","[PREMIUM]","220","D","_",,,2,"[1,2]",1724,"Club",10,"Mobile Transfer ticket",1,"[PREMIUM]","[PREMIUM]","[PREMIUM]","[PREMIUM]",true,false,"['Clear view']","2026-09-24 21:22:25"
"14125076004","2026-09-24 23:13:13.338","2026-09-29 22:17:54.265","14125076004","161348675","[PREMIUM]","[PREMIUM]","144","6","5_7","5",,3,"[1,3]",1289,"Loge",10,"Mobile Transfer ticket",1,"[PREMIUM]","[PREMIUM]","[PREMIUM]","[PREMIUM]",true,false,"['Clear view']","2026-09-21 12:28:40"
"14167734527","2026-09-24 23:13:13.291","2026-09-24 23:13:13.291","14167734527","161348675","[PREMIUM]","[PREMIUM]","232","3","9001_9002","9001",,2,"[2]",1724,"Club",10,"Mobile Transfer ticket",13,"[PREMIUM]","[PREMIUM]","[PREMIUM]","[PREMIUM]",true,false,"['Third Row of Section','Clear view']","2026-09-24 07:56:19"
"14169519953","2026-09-24 23:13:13.291","2026-09-24 23:13:13.291","14169519953","161348675","[PREMIUM]","[PREMIUM]","104","2","9001_9002","9001",,2,"[2]",1289,"Loge",10,"Mobile Transfer ticket",13,"[PREMIUM]","[PREMIUM]","[PREMIUM]","[PREMIUM]",true,false,"['Second Row of Section','Clear view']","2026-09-24 11:31:46"
"14180233041","2026-09-24 23:13:11.151","2026-09-24 23:13:11.151","14180233041","161315569","[PREMIUM]","[PREMIUM]","122","3","7_8","7","8",2,"[2]",594,"Lower",10,"Mobile Transfer ticket",1,"[PREMIUM]","[PREMIUM]","[PREMIUM]","[PREMIUM]",true,false,"['Third Row of Section','Clear view']","2026-09-24 23:04:28"
"14169095990","2026-09-24 23:13:09.749","2026-09-24 23:13:09.749","14169095990","161348668","[PREMIUM]","[PREMIUM]","144","5","9001_9004","9001",,4,"[4]",1289,"Loge",10,"Mobile Transfer ticket",13,"[PREMIUM]","[PREMIUM]","[PREMIUM]","[PREMIUM]",true,false,"['Clear view']","2026-09-24 10:41:47"
"14169384153","2026-09-24 23:13:09.749","2026-09-24 23:13:09.749","14169384153","161348668","[PREMIUM]","[PREMIUM]","138","8","9001_9002","9001",,2,"[2]",1289,"Loge",10,"Mobile Transfer ticket",13,"[PREMIUM]","[PREMIUM]","[PREMIUM]","[PREMIUM]",true,false,"['Front Row of Section','Clear view']","2026-09-24 11:11:40"
"14176825787","2026-09-24 23:13:09.749","2026-09-24 23:13:09.749","14176825787","161348668","[PREMIUM]","[PREMIUM]","238","2","9001_9002","9001",,2,"[2]",1724,"Club",10,"Mobile Transfer ticket",13,"[PREMIUM]","[PREMIUM]","[PREMIUM]","[PREMIUM]",true,false,"['Second Row of Section','Clear view']","2026-09-24 19:05:48"
"14177776081","2026-09-24 23:13:03.293","2026-09-24 23:13:03.293","14177776081","160427237","[PREMIUM]","[PREMIUM]","112","5","9001_9002","9001",,2,"[2]",594,"Lower",10,"Mobile Transfer ticket",13,"[PREMIUM]","[PREMIUM]","[PREMIUM]","[PREMIUM]",true,false,"['Clear view']","2026-09-24 20:18:56"
"14177640216","2026-09-24 23:13:03.293","2026-09-29 05:08:24.803","14177640216","160427237","[PREMIUM]","[PREMIUM]","113","3","_",,,2,"[2]",594,"Lower",10,"Mobile Transfer ticket",1,"[PREMIUM]","[PREMIUM]","[PREMIUM]","[PREMIUM]",true,false,"['Third Row of Section','Clear view']","2026-09-24 20:05:35"
"13885976703","2026-09-24 23:13:02.809","2026-09-24 23:13:02.809","13885976703","160427237","[PREMIUM]","[PREMIUM]","112","19","_",,,2,"[2]",594,"Lower",10,"Mobile Transfer ticket",1,"[PREMIUM]","[PREMIUM]","[PREMIUM]","[PREMIUM]",true,false,"['Clear view']","2026-09-01 05:39:34"
"14177195857","2026-09-24 23:13:00.800","2026-09-24 23:13:00.800","14177195857","160427237","[PREMIUM]","[PREMIUM]","229","1","9001_9003","9001",,3,"[3]",471,"Middle",10,"Mobile Transfer ticket",13,"[PREMIUM]","[PREMIUM]","[PREMIUM]","[PREMIUM]",true,false,"['Front Row of Section','Clear view']","2026-09-24 19:36:35"
"14178683647","2026-09-24 23:12:58.777","2026-09-27 23:27:56.207","14178683647","161315599","[PREMIUM]","[PREMIUM]","226",,"_",,,2,"[1,2]",1724,"Club",10,"Mobile Transfer ticket",1,"[PREMIUM]","[PREMIUM]","[PREMIUM]","[PREMIUM]",true,true,"['Clear view']","2026-09-24 21:22:12"
"14178682807","2026-09-24 23:12:58.777","2026-09-27 23:27:59.314","14178682807","161315599","[PREMIUM]","[PREMIUM]","210","7","_",,,2,"[1,2]",1724,"Club",10,"Mobile Transfer ticket",1,"[PREMIUM]","[PREMIUM]","[PREMIUM]","[PREMIUM]",true,false,"['Clear view']","2026-09-24 21:22:09"
"14178701472","2026-09-24 23:12:58.448","2026-09-25 23:57:29.711","14178701472","161414923","[PREMIUM]","[PREMIUM]","C8","24","_",,,2,"[1,2]",1724,"Club",10,"Mobile Transfer ticket",1,"[PREMIUM]","[PREMIUM]","[PREMIUM]","[PREMIUM]",true,true,"['Clear view']","2026-09-24 21:23:15"
"14178683617","2026-09-24 23:12:54.989","2026-09-27 23:24:54.786","14178683617","161315588","[PREMIUM]","[PREMIUM]","226",,"_",,,2,"[1,2]",1724,"Club",10,"Mobile Transfer ticket",1,"[PREMIUM]","[PREMIUM]","[PREMIUM]","[PREMIUM]",true,true,"['Clear view']","2026-09-24 21:22:12"
"13733045551","2026-09-24 23:12:54.281","2026-09-24 23:12:54.281","13733045551","160427237","[PREMIUM]","[PREMIUM]","315","5","393_394","393",,2,"[2]",407,"Upper",10,"Mobile Transfer ticket",1,"[PREMIUM]","[PREMIUM]","[PREMIUM]","[PREMIUM]",true,false,"['Clear view']","2026-08-20 05:23:06"
"13852873067","2026-09-24 23:12:54.281","2026-09-25 23:41:47.044","13852873067","160427237","[PREMIUM]","[PREMIUM]","139","12","6_8","6","8",3,"[3]",594,"Lower",11,"Mobile ticket",1,"[PREMIUM]","[PREMIUM]","[PREMIUM]","[PREMIUM]",true,false,"['Clear view','Instant download']","2026-08-29 11:24:34"
"14177107743","2026-09-24 23:12:54.281","2026-09-24 23:12:54.281","14177107743","160427237","[PREMIUM]","[PREMIUM]","104","8","9001_9005","9001",,5,"[5]",594,"Lower",10,"Mobile Transfer ticket",13,"[PREMIUM]","[PREMIUM]","[PREMIUM]","[PREMIUM]",true,false,"['Clear view']","2026-09-24 19:31:12"
"14179603159","2026-09-24 23:12:54.281","2026-09-24 23:12:54.281","14179603159","160427237","[PREMIUM]","[PREMIUM]","233","2","9001_9002","9001",,2,"[2]",471,"Middle",10,"Mobile Transfer ticket",13,"[PREMIUM]","[PREMIUM]","[PREMIUM]","[PREMIUM]",true,false,"['Second Row of Section','Clear view']","2026-09-24 22:22:15"
"13934313902","2026-09-24 23:12:54.277","2026-09-24 23:12:54.277","13934313902","160427237","[PREMIUM]","[PREMIUM]","109","2","_",,,3,"[3]",594,"Lower",10,"Mobile Transfer ticket",1,"[PREMIUM]","[PREMIUM]","[PREMIUM]","[PREMIUM]",true,false,"['Second Row of Section','Clear view']","2026-09-05 02:41:16"
"14177016663","2026-09-24 23:12:54.277","2026-09-24 23:12:54.277","14177016663","160427237","[PREMIUM]","[PREMIUM]","109","1","9001_9002","9001",,2,"[2]",594,"Lower",10,"Mobile Transfer ticket",13,"[PREMIUM]","[PREMIUM]","[PREMIUM]","[PREMIUM]",true,false,"['Front Row of Section','Clear view']","2026-09-24 19:20:09"
"14177292474","2026-09-24 23:12:54.277","2026-09-24 23:12:54.277","14177292474","160427237","[PREMIUM]","[PREMIUM]","133","1","9001_9003","9001",,3,"[3]",594,"Lower",10,"Mobile Transfer ticket",13,"[PREMIUM]","[PREMIUM]","[PREMIUM]","[PREMIUM]",true,false,"['Front Row of Section','Clear view']","2026-09-24 19:43:15"
"14176834822","2026-09-24 23:12:54.277","2026-09-24 23:12:54.277","14176834822","160427237","[PREMIUM]","[PREMIUM]","110","2","9001_9002","9001",,2,"[2]",594,"Lower",10,"Mobile Transfer ticket",13,"[PREMIUM]","[PREMIUM]","[PREMIUM]","[PREMIUM]",true,false,"['Second Row of Section','Clear view']","2026-09-24 19:06:16"
"14178112075","2026-09-24 23:12:54.277","2026-09-24 23:12:54.277","14178112075","160427237","[PREMIUM]","[PREMIUM]","213","2","9001_9002","9001",,2,"[2]",471,"Middle",10,"Mobile Transfer ticket",13,"[PREMIUM]","[PREMIUM]","[PREMIUM]","[PREMIUM]",true,false,"['Second Row of Section','Clear view']","2026-09-24 20:47:30"
"14177110208","2026-09-24 23:12:54.242","2026-09-24 23:12:54.242","14177110208","160427237","[PREMIUM]","[PREMIUM]","116","4","9001_9002","9001",,2,"[2]",594,"Lower",10,"Mobile Transfer ticket",13,"[PREMIUM]","[PREMIUM]","[PREMIUM]","[PREMIUM]",true,false,"['Clear view']","2026-09-24 19:31:23"
"14177181178","2026-09-24 23:12:54.242","2026-09-24 23:12:54.242","14177181178","160427237","[PREMIUM]","[PREMIUM]","219","6","9001_9002","9001",,2,"[2]",471,"Middle",10,"Mobile Transfer ticket",13,"[PREMIUM]","[PREMIUM]","[PREMIUM]","[PREMIUM]",true,false,"['Clear view']","2026-09-24 19:35:40"
"14177231014","2026-09-24 23:12:54.242","2026-09-24 23:12:54.242","14177231014","160427237","[PREMIUM]","[PREMIUM]","235","1","9001_9002","9001",,2,"[2]",471,"Middle",10,"Mobile Transfer ticket",13,"[PREMIUM]","[PREMIUM]","[PREMIUM]","[PREMIUM]",true,false,"['Front Row of Section','Clear view']","2026-09-24 19:40:06"
"14177865884","2026-09-24 23:12:54.242","2026-09-24 23:12:54.242","14177865884","160427237","[PREMIUM]","[PREMIUM]","218","11","9001_9005","9001",,5,"[5]",471,"Middle",10,"Mobile Transfer ticket",13,"[PREMIUM]","[PREMIUM]","[PREMIUM]","[PREMIUM]",true,false,"['Clear view']","2026-09-24 20:30:02"
"14177411265","2026-09-24 23:12:54.230","2026-09-24 23:12:54.230","14177411265","160427237","[PREMIUM]","[PREMIUM]","116","7","9001_9003","9001",,3,"[3]",594,"Lower",10,"Mobile Transfer ticket",13,"[PREMIUM]","[PREMIUM]","[PREMIUM]","[PREMIUM]",true,false,"['Clear view']","2026-09-24 19:51:04"
"14177108135","2026-09-24 23:12:54.230","2026-09-24 23:12:54.230","14177108135","160427237","[PREMIUM]","[PREMIUM]","219","7","9001_9002","9001",,2,"[2]",471,"Middle",10,"Mobile Transfer ticket",13,"[PREMIUM]","[PREMIUM]","[PREMIUM]","[PREMIUM]",true,false,"['Clear view']","2026-09-24 19:31:14"
"14179443794","2026-09-24 23:12:54.230","2026-09-24 23:12:54.230","14179443794","160427237","[PREMIUM]","[PREMIUM]","232C","11","9001_9002","9001",,2,"[2]",471,"Middle",10,"Mobile Transfer ticket",13,"[PREMIUM]","[PREMIUM]","[PREMIUM]","[PREMIUM]",true,false,"['Clear view']","2026-09-24 22:12:57"
"12785624240","2026-09-24 23:12:54.166","2026-10-07 05:08:54.758","12785624240","160427237","[PREMIUM]","[PREMIUM]","237","6","_",,,2,"[2]",471,"Middle",10,"Mobile Transfer ticket",1,"[PREMIUM]","[PREMIUM]","[PREMIUM]","[PREMIUM]",true,false,"['Clear view']","2026-05-22 20:55:23"
"14177029927","2026-09-24 23:12:54.166","2026-09-24 23:12:54.166","14177029927","160427237","[PREMIUM]","[PREMIUM]","115A","5","9001_9002","9001",,2,"[2]",594,"Lower",10,"Mobile Transfer ticket",13,"[PREMIUM]","[PREMIUM]","[PREMIUM]","[PREMIUM]",true,false,"['Clear view']","2026-09-24 19:21:30"
"14178112099","2026-09-24 23:12:54.166","2026-09-24 23:12:54.166","14178112099","160427237","[PREMIUM]","[PREMIUM]","208","5","9001_9004","9001",,4,"[4]",471,"Middle",10,"Mobile Transfer ticket",13,"[PREMIUM]","[PREMIUM]","[PREMIUM]","[PREMIUM]",true,false,"['Clear view']","2026-09-24 20:47:30"
"14178307762","2026-09-24 23:12:53.929","2026-09-28 05:07:05.978","14178307762","160427237","[PREMIUM]","[PREMIUM]","S204B","12","_",,,2,"[1,2]",5648,"Suite Level 200",10,"Mobile Transfer ticket",1,"[PREMIUM]","[PREMIUM]","[PREMIUM]","[PREMIUM]",true,true,"['Clear view']","2026-09-24 20:58:41"
"14179322581","2026-09-24 23:12:53.929","2026-09-24 23:12:53.929","14179322581","160427237","[PREMIUM]","[PREMIUM]","137","8","9001_9001","9001",,1,"[1]",594,"Lower",10,"Mobile Transfer ticket",13,"[PREMIUM]","[PREMIUM]","[PREMIUM]","[PREMIUM]",false,false,"['Third Row of Section','Clear view']","2026-09-24 22:07:26"
"14006054814","2026-09-24 23:12:53.849","2026-09-24 23:12:53.849","14006054814","160427237","[PREMIUM]","[PREMIUM]","110","8","_",,,2,"[2]",594,"Lower",10,"Mobile Transfer ticket",1,"[PREMIUM]","[PREMIUM]","[PREMIUM]","[PREMIUM]",true,false,"['Clear view']","2026-09-11 14:12:46"
"14177105123","2026-09-24 23:12:53.839","2026-09-24 23:12:53.839","14177105123","160427237","[PREMIUM]","[PREMIUM]","217","12","9001_9002","9001",,2,"[2]",471,"Middle",10,"Mobile Transfer ticket",13,"[PREMIUM]","[PREMIUM]","[PREMIUM]","[PREMIUM]",true,false,"['Clear view']","2026-09-24 19:31:03"
"14177369772","2026-09-24 23:12:53.839","2026-09-24 23:12:53.839","14177369772","160427237","[PREMIUM]","[PREMIUM]","111A","13","9001_9002","9001",,2,"[2]",594,"Lower",10,"Mobile Transfer ticket",13,"[PREMIUM]","[PREMIUM]","[PREMIUM]","[PREMIUM]",true,false,"['Clear view']","2026-09-24 19:48:13"
"14178437938","2026-09-24 23:12:53.839","2026-09-24 23:12:53.839","14178437938","160427237","[PREMIUM]","[PREMIUM]","104","2","9001_9002","9001",,2,"[2]",594,"Lower",10,"Mobile Transfer ticket",13,"[PREMIUM]","[PREMIUM]","[PREMIUM]","[PREMIUM]",true,false,"['Second Row of Section','Clear view']","2026-09-24 21:08:53"
"14142892234","2026-09-24 23:12:53.799","2026-09-28 05:07:04.995","14142892234","160427237","[PREMIUM]","[PREMIUM]","312","1","_",,,4,"[1,2,4]",478,"Loge",10,"Mobile Transfer ticket",1,"[PREMIUM]","[PREMIUM]","[PREMIUM]","[PREMIUM]",true,false,"['Front Row of Section','Clear view']","2026-09-22 18:43:18"
"14142892210","2026-09-24 23:12:53.799","2026-09-28 05:07:04.995","14142892210","160427237","[PREMIUM]","[PREMIUM]","135","28","_",,,4,"[1,2,4]",594,"Lower",10,"Mobile Transfer ticket",1,"[PREMIUM]","[PREMIUM]","[PREMIUM]","[PREMIUM]",true,false,"['Clear view']","2026-09-22 18:43:18"
"14176835451","2026-09-24 23:12:53.799","2026-09-24 23:12:53.799","14176835451","160427237","[PREMIUM]","[PREMIUM]","231A","1","9001_9002","9001",,2,"[2]",471,"Middle",10,"Mobile Transfer ticket",13,"[PREMIUM]","[PREMIUM]","[PREMIUM]","[PREMIUM]",true,false,"['Front Row of Section','Clear view']","2026-09-24 19:06:19"
"14178112281","2026-09-24 23:12:53.799","2026-09-24 23:12:53.799","14178112281","160427237","[PREMIUM]","[PREMIUM]","221A","6","9001_9004","9001",,4,"[4]",471,"Middle",10,"Mobile Transfer ticket",13,"[PREMIUM]","[PREMIUM]","[PREMIUM]","[PREMIUM]",true,false,"['Clear view']","2026-09-24 20:47:31"
"14169314533","2026-09-24 23:12:53.747","2026-09-24 23:12:53.747","14169314533","160427237","[PREMIUM]","[PREMIUM]","115A","17","1010_1012","1010","1012",3,"[1,3]",594,"Lower",10,"Mobile Transfer ticket",1,"[PREMIUM]","[PREMIUM]","[PREMIUM]","[PREMIUM]",true,false,"['Clear view']","2026-09-24 11:06:30"
"14177105921","2026-09-24 23:12:53.747","2026-09-24 23:12:53.747","14177105921","160427237","[PREMIUM]","[PREMIUM]","134","5","9001_9002","9001",,2,"[2]",594,"Lower",10,"Mobile Transfer ticket",13,"[PREMIUM]","[PREMIUM]","[PREMIUM]","[PREMIUM]",true,false,"['Clear view']","2026-09-24 19:31:05"
"14154625663","2026-09-24 23:12:53.539","2026-10-07 05:08:38.078","14154625663","160427237","[PREMIUM]","[PREMIUM]","137","23","19_20","19","20",2,"[1,2]",594,"Lower",11,"Mobile ticket",1,"[PREMIUM]","[PREMIUM]","[PREMIUM]","[PREMIUM]",true,false,"['Clear view','Instant download']","2026-09-23 12:02:12"
"14166470266","2026-09-24 23:12:53.489","2026-10-07 05:08:47.421","14166470266","160427237","[PREMIUM]","[PREMIUM]","133","3","_",,,2,"[2]",594,"Lower",10,"Mobile Transfer ticket",1,"[PREMIUM]","[PREMIUM]","[PREMIUM]","[PREMIUM]",true,false,"['Third Row of Section','Clear view']","2026-09-24 06:11:48"
"14177226793","2026-09-24 23:12:53.489","2026-09-24 23:12:53.489","14177226793","160427237","[PREMIUM]","[PREMIUM]","232A","3","9001_9002","9001",,2,"[2]",471,"Middle",10,"Mobile Transfer ticket",13,"[PREMIUM]","[PREMIUM]","[PREMIUM]","[PREMIUM]",true,false,"['Third Row of Section','Clear view']","2026-09-24 19:39:03"
"14177019191","2026-09-24 23:12:53.489","2026-09-24 23:12:53.489","14177019191","160427237","[PREMIUM]","[PREMIUM]","315","1","9001_9004","9001",,4,"[4]",478,"Loge",10,"Mobile Transfer ticket",13,"[PREMIUM]","[PREMIUM]","[PREMIUM]","[PREMIUM]",true,false,"['Front Row of Section','Clear view']","2026-09-24 19:20:30"
"14177362820","2026-09-24 23:12:53.445","2026-09-24 23:12:53.445","14177362820","160427237","[PREMIUM]","[PREMIUM]","149","5","9001_9004","9001",,4,"[4]",594,"Lower",10,"Mobile Transfer ticket",13,"[PREMIUM]","[PREMIUM]","[PREMIUM]","[PREMIUM]",true,false,"['Clear view']","2026-09-24 19:47:11"
"14176834819","2026-09-24 23:12:53.445","2026-09-24 23:12:53.445","14176834819","160427237","[PREMIUM]","[PREMIUM]","146","9","9001_9003","9001",,3,"[3]",594,"Lower",10,"Mobile Transfer ticket",13,"[PREMIUM]","[PREMIUM]","[PREMIUM]","[PREMIUM]",true,false,"['Clear view']","2026-09-24 19:06:16"
"14178818011","2026-09-24 23:12:53.445","2026-09-24 23:12:53.445","14178818011","160427237","[PREMIUM]","[PREMIUM]","206A","1","9001_9002","9001",,2,"[2]",471,"Middle",10,"Mobile Transfer ticket",13,"[PREMIUM]","[PREMIUM]","[PREMIUM]","[PREMIUM]",true,false,"['Front Row of Section','Clear view']","2026-09-24 21:30:32"
"13184962958","2026-09-24 23:12:53.327","2026-09-28 05:07:04.805","13184962958","160427237","[PREMIUM]","[PREMIUM]","140","23","7_10","7","10",4,"[4]",594,"Lower",10,"Mobile Transfer ticket",1,"[PREMIUM]","[PREMIUM]","[PREMIUM]","[PREMIUM]",true,false,"['Clear view']","2026-06-29 18:26:31"
"14169314432","2026-09-24 23:12:53.327","2026-09-24 23:12:53.327","14169314432","160427237","[PREMIUM]","[PREMIUM]","142","15","1013_1014","1013","1014",2,"[2]",594,"Lower",10,"Mobile Transfer ticket",1,"[PREMIUM]","[PREMIUM]","[PREMIUM]","[PREMIUM]",true,false,"['Clear view']","2026-09-24 11:06:29"
"14177400480","2026-09-24 23:12:53.327","2026-09-24 23:12:53.327","14177400480","160427237","[PREMIUM]","[PREMIUM]","128","3","9001_9002","9001",,2,"[2]",594,"Lower",10,"Mobile Transfer ticket",13,"[PREMIUM]","[PREMIUM]","[PREMIUM]","[PREMIUM]",true,false,"['Third Row of Section','Clear view']","2026-09-24 19:50:37"
"14177044904","2026-09-24 23:12:53.260","2026-09-24 23:12:53.260","14177044904","160427237","[PREMIUM]","[PREMIUM]","227A","1","9001_9002","9001",,2,"[2]",471,"Middle",10,"Mobile Transfer ticket",13,"[PREMIUM]","[PREMIUM]","[PREMIUM]","[PREMIUM]",true,false,"['Front Row of Section','Clear view']","2026-09-24 19:23:45"
"14177414346","2026-09-24 23:12:53.260","2026-09-24 23:12:53.260","14177414346","160427237","[PREMIUM]","[PREMIUM]","223","1","9001_9002","9001",,2,"[2]",471,"Middle",10,"Mobile Transfer ticket",13,"[PREMIUM]","[PREMIUM]","[PREMIUM]","[PREMIUM]",true,false,"['Front Row of Section','Clear view']","2026-09-24 19:51:13"
"14177356522","2026-09-24 23:12:53.260","2026-09-24 23:12:53.260","14177356522","160427237","[PREMIUM]","[PREMIUM]","340","1","9001_9003","9001",,3,"[3]",478,"Loge",10,"Mobile Transfer ticket",13,"[PREMIUM]","[PREMIUM]","[PREMIUM]","[PREMIUM]",true,false,"['Front Row of Section','Clear view']","2026-09-24 19:46:30"
"14176843671","2026-09-24 23:12:53.260","2026-09-24 23:12:53.260","14176843671","160427237","[PREMIUM]","[PREMIUM]","225A","3","9001_9002","9001",,2,"[2]",471,"Middle",10,"Mobile Transfer ticket",13,"[PREMIUM]","[PREMIUM]","[PREMIUM]","[PREMIUM]",true,false,"['Third Row of Section','Clear view']","2026-09-24 19:06:49"
"14177356951","2026-09-24 23:12:53.260","2026-09-24 23:12:53.260","14177356951","160427237","[PREMIUM]","[PREMIUM]","204","1","9001_9002","9001",,2,"[2]",471,"Middle",10,"Mobile Transfer ticket",13,"[PREMIUM]","[PREMIUM]","[PREMIUM]","[PREMIUM]",true,false,"['Front Row of Section','Clear view']","2026-09-24 19:46:31"
"14178378893","2026-09-24 23:12:53.260","2026-09-24 23:12:53.260","14178378893","160427237","[PREMIUM]","[PREMIUM]","313","1","9001_9002","9001",,2,"[2]",478,"Loge",10,"Mobile Transfer ticket",13,"[PREMIUM]","[PREMIUM]","[PREMIUM]","[PREMIUM]",true,false,"['Front Row of Section','Clear view']","2026-09-24 21:03:41"
"14177181548","2026-09-24 23:12:53.161","2026-09-24 23:12:53.161","14177181548","160427237","[PREMIUM]","[PREMIUM]","247A","1","9001_9003","9001",,3,"[3]",471,"Middle",10,"Mobile Transfer ticket",13,"[PREMIUM]","[PREMIUM]","[PREMIUM]","[PREMIUM]",true,false,"['Front Row of Section','Clear view']","2026-09-24 19:35:41"
"14177029388","2026-09-24 23:12:53.161","2026-09-24 23:12:53.161","14177029388","160427237","[PREMIUM]","[PREMIUM]","106","8","9001_9003","9001",,3,"[3]",594,"Lower",10,"Mobile Transfer ticket",13,"[PREMIUM]","[PREMIUM]","[PREMIUM]","[PREMIUM]",true,false,"['Clear view']","2026-09-24 19:21:27"
"12690669720","2026-09-24 23:12:53.062","2026-09-27 05:07:50.421","12690669720","160427237","[PREMIUM]","[PREMIUM]","142","16","20_21","20",,2,"[2]",594,"Lower",10,"Mobile Transfer ticket",14,"[PREMIUM]","[PREMIUM]","[PREMIUM]","[PREMIUM]",true,false,"['Clear view']","2026-05-14 23:26:26"
"14177295153","2026-09-24 23:12:53.062","2026-09-24 23:12:53.062","14177295153","160427237","[PREMIUM]","[PREMIUM]","109","15","9001_9002","9001",,2,"[2]",594,"Lower",10,"Mobile Transfer ticket",13,"[PREMIUM]","[PREMIUM]","[PREMIUM]","[PREMIUM]",true,false,"['Clear view']","2026-09-24 19:43:23"
"14178373557","2026-09-24 23:12:52.988","2026-09-24 23:12:52.988","14178373557","160427237","[PREMIUM]","[PREMIUM]","222A","3","9001_9004","9001",,4,"[4]",471,"Middle",10,"Mobile Transfer ticket",13,"[PREMIUM]","[PREMIUM]","[PREMIUM]","[PREMIUM]",true,false,"['Third Row of Section','Clear view']","2026-09-24 21:03:11"
"14178828250","2026-09-24 23:12:52.988","2026-09-24 23:12:52.988","14178828250","160427237","[PREMIUM]","[PREMIUM]","246A","3","9001_9004","9001",,4,"[4]",471,"Middle",10,"Mobile Transfer ticket",13,"[PREMIUM]","[PREMIUM]","[PREMIUM]","[PREMIUM]",true,false,"['Third Row of Section','Clear view']","2026-09-24 21:31:22"
"14177229073","2026-09-24 23:12:52.965","2026-09-24 23:12:52.965","14177229073","160427237","[PREMIUM]","[PREMIUM]","146","10","9001_9002","9001",,2,"[2]",594,"Lower",10,"Mobile Transfer ticket",13,"[PREMIUM]","[PREMIUM]","[PREMIUM]","[PREMIUM]",true,false,"['Clear view']","2026-09-24 19:39:56"
"14177107831","2026-09-24 23:12:52.965","2026-09-24 23:12:52.965","14177107831","160427237","[PREMIUM]","[PREMIUM]","207A","10","9001_9003","9001",,3,"[3]",471,"Middle",10,"Mobile Transfer ticket",13,"[PREMIUM]","[PREMIUM]","[PREMIUM]","[PREMIUM]",true,false,"['Clear view']","2026-09-24 19:31:12"
"14177775992","2026-09-24 23:12:52.965","2026-09-24 23:12:52.965","14177775992","160427237","[PREMIUM]","[PREMIUM]","345","5","9001_9002","9001",,2,"[2]",407,"Upper",10,"Mobile Transfer ticket",13,"[PREMIUM]","[PREMIUM]","[PREMIUM]","[PREMIUM]",true,false,"['Clear view']","2026-09-24 20:18:55"
"14177776059","2026-09-24 23:12:52.965","2026-09-24 23:12:52.965","14177776059","160427237","[PREMIUM]","[PREMIUM]","227A","4","9001_9004","9001",,4,"[4]",471,"Middle",10,"Mobile Transfer ticket",13,"[PREMIUM]","[PREMIUM]","[PREMIUM]","[PREMIUM]",true,false,"['Clear view']","2026-09-24 20:18:56"
"14177776179","2026-09-24 23:12:52.898","2026-09-24 23:12:52.898","14177776179","160427237","[PREMIUM]","[PREMIUM]","250A","1","9001_9002","9001",,2,"[2]",471,"Middle",10,"Mobile Transfer ticket",13,"[PREMIUM]","[PREMIUM]","[PREMIUM]","[PREMIUM]",true,false,"['Front Row of Section','Clear view']","2026-09-24 20:18:57"
"14178724636","2026-09-24 23:12:52.898","2026-09-27 05:07:50.554","14178724636","160427237","[PREMIUM]","[PREMIUM]","128","10","_",,,4,"[4]",594,"Lower",10,"Mobile Transfer ticket",1,"[PREMIUM]","[PREMIUM]","[PREMIUM]","[PREMIUM]",true,false,"['Clear view']","2026-09-24 21:24:11"
"14177231017","2026-09-24 23:12:52.828","2026-09-24 23:12:52.828","14177231017","160427237","[PREMIUM]","[PREMIUM]","341","6","9001_9004","9001",,4,"[4]",407,"Upper",10,"Mobile Transfer ticket",13,"[PREMIUM]","[PREMIUM]","[PREMIUM]","[PREMIUM]",true,false,"['Clear view']","2026-09-24 19:40:06"
"12807115069","2026-09-24 23:12:52.767","2026-09-24 23:12:52.767","12807115069","160427237","[PREMIUM]","[PREMIUM]","116","26","1_2","1","2",2,"[2]",594,"Lower",10,"Mobile Transfer ticket",1,"[PREMIUM]","[PREMIUM]","[PREMIUM]","[PREMIUM]",true,false,"['Aisle seat','Home Game','Home Fans Section','Seats are Socially Distanced','Clear view']","2026-05-25 02:25:22"
"13107308444","2026-09-24 23:12:52.767","2026-09-24 23:12:52.767","13107308444","160427237","[PREMIUM]","[PREMIUM]","101","6","5_6","5","6",2,"[2]",594,"Lower",10,"Mobile Transfer ticket",1,"[PREMIUM]","[PREMIUM]","[PREMIUM]","[PREMIUM]",true,false,"['Clear view']","2026-06-22 15:38:35"
"14179029405","2026-09-24 23:12:52.767","2026-09-24 23:12:52.767","14179029405","160427237","[PREMIUM]","[PREMIUM]","104","16","_",,,2,"[2]",594,"Lower",10,"Mobile Transfer ticket",1,"[PREMIUM]","[PREMIUM]","[PREMIUM]","[PREMIUM]",true,false,"['Clear view']","2026-09-24 21:46:15"
"14177776041","2026-09-24 23:12:52.657","2026-09-24 23:12:52.657","14177776041","160427237","[PREMIUM]","[PREMIUM]","337","2","9001_9002","9001",,2,"[2]",478,"Loge",10,"Mobile Transfer ticket",13,"[PREMIUM]","[PREMIUM]","[PREMIUM]","[PREMIUM]",true,false,"['Second Row of Section','Clear view']","2026-09-24 20:18:55"
"14177022932","2026-09-24 23:12:52.632","2026-09-24 23:12:52.632","14177022932","160427237","[PREMIUM]","[PREMIUM]","133","4","9001_9004","9001",,4,"[4]",594,"Lower",10,"Mobile Transfer ticket",13,"[PREMIUM]","[PREMIUM]","[PREMIUM]","[PREMIUM]",true,false,"['Clear view']","2026-09-24 19:20:54"
"14179321832","2026-09-24 23:12:52.632","2026-09-24 23:12:52.632","14179321832","160427237","[PREMIUM]","[PREMIUM]","229","4","9001_9004","9001",,4,"[4]",471,"Middle",10,"Mobile Transfer ticket",13,"[PREMIUM]","[PREMIUM]","[PREMIUM]","[PREMIUM]",true,false,"['Clear view']","2026-09-24 22:07:24"
"14176835311","2026-09-24 23:12:52.601","2026-09-24 23:12:52.601","14176835311","160427237","[PREMIUM]","[PREMIUM]","131","6","9001_9002","9001",,2,"[2]",594,"Lower",10,"Mobile Transfer ticket",13,"[PREMIUM]","[PREMIUM]","[PREMIUM]","[PREMIUM]",true,false,"['Clear view']","2026-09-24 19:06:19"
"14178373617","2026-09-24 23:12:52.601","2026-09-24 23:12:52.601","14178373617","160427237","[PREMIUM]","[PREMIUM]","203A","1","9001_9002","9001",,2,"[2]",471,"Middle",10,"Mobile Transfer ticket",13,"[PREMIUM]","[PREMIUM]","[PREMIUM]","[PREMIUM]",true,false,"['Front Row of Section','Clear view']","2026-09-24 21:03:11"
"14178373543","2026-09-24 23:12:52.601","2026-09-24 23:12:52.601","14178373543","160427237","[PREMIUM]","[PREMIUM]","106","25","9001_9004","9001",,4,"[4]",594,"Lower",10,"Mobile Transfer ticket",13,"[PREMIUM]","[PREMIUM]","[PREMIUM]","[PREMIUM]",true,false,"['Clear view']","2026-09-24 21:03:11"
"14178682893","2026-09-24 23:12:52.148","2026-09-26 23:24:36.146","14178682893","161315584","[PREMIUM]","[PREMIUM]","215","7","_",,,2,"[1,2]",1724,"Club",10,"Mobile Transfer ticket",1,"[PREMIUM]","[PREMIUM]","[PREMIUM]","[PREMIUM]",true,false,"['Clear view']","2026-09-24 21:22:09"
"14167378242","2026-09-24 23:12:50.925","2026-09-24 23:12:50.925","14167378242","161413319","[PREMIUM]","[PREMIUM]","101","H","9001_9002","9001",,2,"[2]",594,"Lower",10,"Mobile Transfer ticket",13,"[PREMIUM]","[PREMIUM]","[PREMIUM]","[PREMIUM]",true,false,"['Clear view']","2026-09-24 07:24:10"
"14170416506","2026-09-24 23:12:50.925","2026-09-24 23:12:50.925","14170416506","161413319","[PREMIUM]","[PREMIUM]","121","E","9001_9002","9001",,2,"[2]",594,"Lower",10,"Mobile Transfer ticket",13,"[PREMIUM]","[PREMIUM]","[PREMIUM]","[PREMIUM]",true,false,"['Clear view']","2026-09-24 13:08:43"
"14180414734","2026-09-24 23:12:50.754","2026-09-24 23:12:50.754","14180414734","160427237","[PREMIUM]","[PREMIUM]","229","12","17_18","17","18",2,"[2]",471,"Middle",10,"Mobile Transfer ticket",1,"[PREMIUM]","[PREMIUM]","[PREMIUM]","[PREMIUM]",true,false,"['Clear view']","2026-09-24 23:12:17"
"14123708330","2026-09-24 23:12:48.020","2026-09-27 05:34:36.418","14123708330","161315558","[PREMIUM]","[PREMIUM]","202","3","9001_9002","9001",,2,"[2]",1724,"Club",11,"Mobile ticket",1,"[PREMIUM]","[PREMIUM]","[PREMIUM]","[PREMIUM]",true,false,"['Third Row of Section','Clear view']","2026-09-21 08:40:42"
"14148490612","2026-09-24 23:12:48.020","2026-09-27 05:34:36.418","14148490612","161315558","[PREMIUM]","[PREMIUM]","224","5","9001_9002","9001",,2,"[2]",1724,"Club",11,"Mobile ticket",1,"[PREMIUM]","[PREMIUM]","[PREMIUM]","[PREMIUM]",true,false,"['Clear view']","2026-09-23 00:59:13"
"14180172731","2026-09-24 23:12:46.852","2026-09-24 23:12:46.852","14180172731","161328919","[PREMIUM]","[PREMIUM]","119","1","5_10","5","10",6,"[2,4,6]",17372,"Glass Center",10,"Mobile Transfer ticket",1,"[PREMIUM]","[PREMIUM]","[PREMIUM]","[PREMIUM]",true,false,"['Front row','Actual 1st row of the section','Clear view']","2026-09-24 23:00:25"
"14169311620","2026-09-24 23:12:45.201","2026-09-24 23:12:45.201","14169311620","160427234","[PREMIUM]","[PREMIUM]","116","3","1009_1010","1009","1010",2,"[2]",594,"Lower",10,"Mobile Transfer ticket",1,"[PREMIUM]","[PREMIUM]","[PREMIUM]","[PREMIUM]",true,false,"['Third Row of Section','Clear view']","2026-09-24 11:06:17"
"14052678402","2026-09-24 23:12:44.618","2026-09-24 23:12:44.618","14052678402","160427234","[PREMIUM]","[PREMIUM]","137","27","27_30","27","30",4,"[1,2,3,4]",594,"Lower",10,"Mobile Transfer ticket",1,"[PREMIUM]","[PREMIUM]","[PREMIUM]","[PREMIUM]",true,false,"['Clear view']","2026-09-15 17:45:33"
"14158391917","2026-09-24 23:12:44.618","2026-09-25 23:41:59.083","14158391917","160427234","[PREMIUM]","[PREMIUM]","312","24","_",,,8,"[1,2,3,4,5,6,8]",407,"Upper",10,"Mobile Transfer ticket",1,"[PREMIUM]","[PREMIUM]","[PREMIUM]","[PREMIUM]",true,false,"['Clear view']","2026-09-23 17:55:42"
"14167103304","2026-09-24 23:12:44.618","2026-09-24 23:12:44.618","14167103304","160427234","[PREMIUM]","[PREMIUM]","124","8","9001_9002","9001",,2,"[2]",594,"Lower",10,"Mobile Transfer ticket",13,"[PREMIUM]","[PREMIUM]","[PREMIUM]","[PREMIUM]",true,false,"['Clear view']","2026-09-24 07:03:53"
"14169231327","2026-09-24 23:12:44.618","2026-09-24 23:12:44.618","14169231327","160427234","[PREMIUM]","[PREMIUM]","149","4","9001_9004","9001",,4,"[4]",594,"Lower",10,"Mobile Transfer ticket",13,"[PREMIUM]","[PREMIUM]","[PREMIUM]","[PREMIUM]",true,false,"['Clear view']","2026-09-24 10:57:27"
"14178693725","2026-09-24 23:12:38.188","2026-09-27 23:15:23.329","14178693725","161506348","[PREMIUM]","[PREMIUM]","310","D","_",,,2,"[1,2]",300,"Club Level",10,"Mobile Transfer ticket",1,"[PREMIUM]","[PREMIUM]","[PREMIUM]","[PREMIUM]",true,false,"['Clear view']","2026-09-24 21:22:49"
"14143481338","2026-09-24 23:12:38.076","2026-09-28 22:11:24.967","14143481338","160427234","[PREMIUM]","[PREMIUM]","236","4","19_23","19",,5,"[1,2,3,5]",471,"Middle",10,"Mobile Transfer ticket",14,"[PREMIUM]","[PREMIUM]","[PREMIUM]","[PREMIUM]",true,false,"['Clear view']","2026-09-22 19:25:00"
"14143481333","2026-09-24 23:12:38.076","2026-09-25 23:42:15.408","14143481333","160427234","[PREMIUM]","[PREMIUM]","241","6","23_24","23",,2,"[2]",471,"Middle",10,"Mobile Transfer ticket",14,"[PREMIUM]","[PREMIUM]","[PREMIUM]","[PREMIUM]",true,false,"['Clear view']","2026-09-22 19:25:00"
"14167052029","2026-09-24 23:12:38.076","2026-09-24 23:12:38.076","14167052029","160427234","[PREMIUM]","[PREMIUM]","104","2","9001_9002","9001",,2,"[2]",594,"Lower",10,"Mobile Transfer ticket",13,"[PREMIUM]","[PREMIUM]","[PREMIUM]","[PREMIUM]",true,false,"['Second Row of Section','Clear view']","2026-09-24 06:58:27"
"13759831926","2026-09-24 23:12:37.976","2026-09-24 23:12:37.976","13759831926","160427234","[PREMIUM]","[PREMIUM]","237","4","20_23","20","23",4,"[1,2,4]",471,"Middle",10,"Mobile Transfer ticket",1,"[PREMIUM]","[PREMIUM]","[PREMIUM]","[PREMIUM]",true,false,"['Clear view']","2026-08-21 20:46:51"
"13612525529","2026-09-24 23:12:37.808","2026-10-04 22:09:30.774","13612525529","160427234","[PREMIUM]","[PREMIUM]","139","24","9_10","9","10",2,"[2]",594,"Lower",10,"Mobile Transfer ticket",1,"[PREMIUM]","[PREMIUM]","[PREMIUM]","[PREMIUM]",true,false,"['Clear view']","2026-08-08 15:36:17"
"14178307759","2026-09-24 23:12:37.757","2026-09-27 23:08:51.299","14178307759","160427234","[PREMIUM]","[PREMIUM]","S204B","12","_",,,2,"[1,2]",5648,"Suite Level 200",10,"Mobile Transfer ticket",1,"[PREMIUM]","[PREMIUM]","[PREMIUM]","[PREMIUM]",true,true,"['Clear view']","2026-09-24 20:58:41"
"14164995501","2026-09-24 23:12:37.679","2026-09-24 23:12:37.679","14164995501","160427234","[PREMIUM]","[PREMIUM]","235","2","9001_9002","9001",,2,"[2]",471,"Middle",11,"Mobile ticket",1,"[PREMIUM]","[PREMIUM]","[PREMIUM]","[PREMIUM]",true,false,"['Second Row of Section','Clear view']","2026-09-24 03:55:31"
"14166069491","2026-09-24 23:12:37.679","2026-09-24 23:12:37.679","14166069491","160427234","[PREMIUM]","[PREMIUM]","216","2","9001_9002","9001",,2,"[2]",471,"Middle",10,"Mobile Transfer ticket",13,"[PREMIUM]","[PREMIUM]","[PREMIUM]","[PREMIUM]",true,false,"['Second Row of Section','Clear view']","2026-09-24 05:39:16"
"14167409264","2026-09-24 23:12:37.679","2026-09-24 23:12:37.679","14167409264","160427234","[PREMIUM]","[PREMIUM]","140","8","9001_9003","9001",,3,"[3]",594,"Lower",10,"Mobile Transfer ticket",13,"[PREMIUM]","[PREMIUM]","[PREMIUM]","[PREMIUM]",true,false,"['Third Row of Section','Clear view']","2026-09-24 07:26:27"
"14166417951","2026-09-24 23:12:37.679","2026-09-24 23:12:37.679","14166417951","160427234","[PREMIUM]","[PREMIUM]","208","3","9001_9002","9001",,2,"[2]",471,"Middle",10,"Mobile Transfer ticket",13,"[PREMIUM]","[PREMIUM]","[PREMIUM]","[PREMIUM]",true,false,"['Third Row of Section','Clear view']","2026-09-24 06:06:49"
"14158391906","2026-09-24 23:12:37.658","2026-09-27 23:08:48.180","14158391906","160427234","[PREMIUM]","[PREMIUM]","135","28","_",,,4,"[1,2,4]",594,"Lower",10,"Mobile Transfer ticket",1,"[PREMIUM]","[PREMIUM]","[PREMIUM]","[PREMIUM]",true,false,"['Clear view']","2026-09-23 17:55:42"
"14168451376","2026-09-24 23:12:37.603","2026-09-24 23:12:37.603","14168451376","160427234","[PREMIUM]","[PREMIUM]","117","2","9001_9002","9001",,2,"[2]",594,"Lower",10,"Mobile Transfer ticket",13,"[PREMIUM]","[PREMIUM]","[PREMIUM]","[PREMIUM]",true,false,"['Second Row of Section','Clear view']","2026-09-24 09:22:46"
"14158391854","2026-09-24 23:12:37.598","2026-09-27 23:08:47.892","14158391854","160427234","[PREMIUM]","[PREMIUM]","338","1","_",,,3,"[3]",478,"Loge",10,"Mobile Transfer ticket",1,"[PREMIUM]","[PREMIUM]","[PREMIUM]","[PREMIUM]",true,false,"['Front Row of Section','Clear view']","2026-09-23 17:55:42"
"14166269060","2026-09-24 23:12:37.598","2026-09-24 23:12:37.598","14166269060","160427234","[PREMIUM]","[PREMIUM]","144","2","9001_9002","9001",,2,"[2]",594,"Lower",10,"Mobile Transfer ticket",13,"[PREMIUM]","[PREMIUM]","[PREMIUM]","[PREMIUM]",true,false,"['Second Row of Section','Clear view']","2026-09-24 05:56:11"
"14167926850","2026-09-24 23:12:37.493","2026-09-24 23:12:37.493","14167926850","160427234","[PREMIUM]","[PREMIUM]","341","1","9001_9002","9001",,2,"[2]",478,"Loge",10,"Mobile Transfer ticket",13,"[PREMIUM]","[PREMIUM]","[PREMIUM]","[PREMIUM]",true,false,"['Front Row of Section','Clear view']","2026-09-24 08:16:26"
"14168303924","2026-09-24 23:12:37.493","2026-09-24 23:12:37.493","14168303924","160427234","[PREMIUM]","[PREMIUM]","104","4","9001_9002","9001",,2,"[2]",594,"Lower",10,"Mobile Transfer ticket",13,"[PREMIUM]","[PREMIUM]","[PREMIUM]","[PREMIUM]",true,false,"['Clear view']","2026-09-24 09:02:04"
"14071905387","2026-09-24 23:12:37.386","2026-10-07 22:12:15.923","14071905387","160427234","[PREMIUM]","[PREMIUM]","133","1","_",,,2,"[2]",594,"Lower",10,"Mobile Transfer ticket",1,"[PREMIUM]","[PREMIUM]","[PREMIUM]","[PREMIUM]",true,false,"['Actual 1st row of the section','Clear view']","2026-09-17 04:12:27"
"14168216630","2026-09-24 23:12:37.386","2026-09-24 23:12:37.386","14168216630","160427234","[PREMIUM]","[PREMIUM]","218","10","9001_9001","9001",,1,"[1]",471,"Middle",10,"Mobile Transfer ticket",13,"[PREMIUM]","[PREMIUM]","[PREMIUM]","[PREMIUM]",false,false,"['Clear view']","2026-09-24 08:47:20"
"14081452607","2026-09-24 23:12:37.384","2026-09-24 23:12:37.384","14081452607","160427234","[PREMIUM]","[PREMIUM]","207C","12","9001_9001","9001",,1,"[1]",471,"Middle",11,"Mobile ticket",1,"[PREMIUM]","[PREMIUM]","[PREMIUM]","[PREMIUM]",false,false,"['Clear view']","2026-09-17 21:40:16"
"14081452432","2026-09-24 23:12:37.347","2026-09-24 23:12:37.347","14081452432","160427234","[PREMIUM]","[PREMIUM]","207C","13","9001_9001","9001",,1,"[1]",471,"Middle",11,"Mobile ticket",1,"[PREMIUM]","[PREMIUM]","[PREMIUM]","[PREMIUM]",false,false,"['Clear view']","2026-09-17 21:40:15"
"14158391462","2026-09-24 23:12:37.338","2026-09-27 23:08:39.794","14158391462","160427234","[PREMIUM]","[PREMIUM]","314","15","_",,,4,"[1,2,4]",407,"Upper",10,"Mobile Transfer ticket",1,"[PREMIUM]","[PREMIUM]","[PREMIUM]","[PREMIUM]",true,false,"['Clear view']","2026-09-23 17:55:41"
"14158391132","2026-09-24 23:12:37.338","2026-09-27 23:08:47.724","14158391132","160427234","[PREMIUM]","[PREMIUM]","144","34","_",,,2,"[2]",594,"Lower",10,"Mobile Transfer ticket",1,"[PREMIUM]","[PREMIUM]","[PREMIUM]","[PREMIUM]",true,false,"['Clear view']","2026-09-23 17:55:40"
"14143481328","2026-09-24 23:12:37.282","2026-10-07 22:12:15.234","14143481328","160427234","[PREMIUM]","[PREMIUM]","236","7","13_18","13",,6,"[1,2,3,4,6]",471,"Middle",10,"Mobile Transfer ticket",14,"[PREMIUM]","[PREMIUM]","[PREMIUM]","[PREMIUM]",true,false,"['Clear view']","2026-09-22 19:25:00"
"14165772853","2026-09-24 23:12:37.282","2026-09-24 23:12:37.282","14165772853","160427234","[PREMIUM]","[PREMIUM]","339","1","9001_9002","9001",,2,"[2]",478,"Loge",10,"Mobile Transfer ticket",13,"[PREMIUM]","[PREMIUM]","[PREMIUM]","[PREMIUM]",true,false,"['Front Row of Section','Clear view']","2026-09-24 05:15:54"
"14167578378","2026-09-24 23:12:37.282","2026-09-24 23:12:37.282","14167578378","160427234","[PREMIUM]","[PREMIUM]","208","11","9001_9002","9001",,2,"[2]",471,"Middle",10,"Mobile Transfer ticket",13,"[PREMIUM]","[PREMIUM]","[PREMIUM]","[PREMIUM]",true,false,"['Clear view']","2026-09-24 07:40:11"
"14170057279","2026-09-24 23:12:37.282","2026-09-24 23:12:37.282","14170057279","160427234","[PREMIUM]","[PREMIUM]","232C","12","9001_9002","9001",,2,"[2]",471,"Middle",10,"Mobile Transfer ticket",13,"[PREMIUM]","[PREMIUM]","[PREMIUM]","[PREMIUM]",true,false,"['Clear view']","2026-09-24 12:25:33"
"13611782987","2026-09-24 23:12:37.251","2026-10-07 22:12:14.643","13611782987","160427234","[PREMIUM]","[PREMIUM]","110","8","_",,,4,"[2,4]",594,"Lower",10,"Mobile Transfer ticket",1,"[PREMIUM]","[PREMIUM]","[PREMIUM]","[PREMIUM]",true,false,"['Clear view']","2026-08-08 13:19:18"
"14053633809","2026-09-24 23:12:37.251","2026-09-24 23:12:37.251","14053633809","160427234","[PREMIUM]","[PREMIUM]","241","8","15_20","15",,6,"[1,2,3,4,6]",471,"Middle",10,"Mobile Transfer ticket",14,"[PREMIUM]","[PREMIUM]","[PREMIUM]","[PREMIUM]",true,false,"['Clear view']","2026-09-15 19:32:38"
"14157560969","2026-09-24 23:12:37.251","2026-09-24 23:12:37.251","14157560969","160427234","[PREMIUM]","[PREMIUM]","111A","16","_",,,4,"[4]",594,"Lower",10,"Mobile Transfer ticket",1,"[PREMIUM]","[PREMIUM]","[PREMIUM]","[PREMIUM]",true,false,"['Clear view']","2026-09-23 16:53:55"
"14167973111","2026-09-24 23:12:37.251","2026-09-24 23:12:37.251","14167973111","160427234","[PREMIUM]","[PREMIUM]","128","3","9001_9002","9001",,2,"[2]",594,"Lower",10,"Mobile Transfer ticket",13,"[PREMIUM]","[PREMIUM]","[PREMIUM]","[PREMIUM]",true,false,"['Third Row of Section','Clear view']","2026-09-24 08:21:21"
"14158391712","2026-09-24 23:12:37.054","2026-09-25 23:42:09.875","14158391712","160427234","[PREMIUM]","[PREMIUM]","131","36","_",,,3,"[3]",594,"Lower",10,"Mobile Transfer ticket",1,"[PREMIUM]","[PREMIUM]","[PREMIUM]","[PREMIUM]",true,false,"['Clear view']","2026-09-23 17:55:42"
"14169311625","2026-09-24 23:12:37.054","2026-09-24 23:12:37.054","14169311625","160427234","[PREMIUM]","[PREMIUM]","116","5","1001_1003","1001","1003",3,"[1,3]",594,"Lower",10,"Mobile Transfer ticket",1,"[PREMIUM]","[PREMIUM]","[PREMIUM]","[PREMIUM]",true,false,"['Clear view']","2026-09-24 11:06:17"
"14158391329","2026-09-24 23:12:37.033","2026-09-27 23:08:50.585","14158391329","160427234","[PREMIUM]","[PREMIUM]","334","1","_",,,2,"[2]",478,"Loge",10,"Mobile Transfer ticket",1,"[PREMIUM]","[PREMIUM]","[PREMIUM]","[PREMIUM]",true,false,"['Front Row of Section','Clear view']","2026-09-23 17:55:41"
"14168415384","2026-09-24 23:12:37.033","2026-09-24 23:12:37.033","14168415384","160427234","[PREMIUM]","[PREMIUM]","232A","3","9001_9002","9001",,2,"[2]",471,"Middle",10,"Mobile Transfer ticket",13,"[PREMIUM]","[PREMIUM]","[PREMIUM]","[PREMIUM]",true,false,"['Third Row of Section','Clear view']","2026-09-24 09:16:06"
"14169313669","2026-09-24 23:12:37.033","2026-09-24 23:12:37.033","14169313669","160427234","[PREMIUM]","[PREMIUM]","139","28","1024_1026","1024","1026",3,"[1,3]",594,"Lower",10,"Mobile Transfer ticket",1,"[PREMIUM]","[PREMIUM]","[PREMIUM]","[PREMIUM]",true,false,"['Clear view']","2026-09-24 11:06:27"
"14053557092","2026-09-24 23:12:36.951","2026-10-07 22:12:13.600","14053557092","160427234","[PREMIUM]","[PREMIUM]","235","11","17_18","17",,2,"[2]",471,"Middle",10,"Mobile Transfer ticket",14,"[PREMIUM]","[PREMIUM]","[PREMIUM]","[PREMIUM]",true,false,"['Clear view']","2026-09-15 19:25:09"
"14158391145","2026-09-24 23:12:36.951","2026-09-27 23:08:34.367","14158391145","160427234","[PREMIUM]","[PREMIUM]","250A","4","_",,,1,"[1]",471,"Middle",10,"Mobile Transfer ticket",1,"[PREMIUM]","[PREMIUM]","[PREMIUM]","[PREMIUM]",false,false,"['Clear view']","2026-09-23 17:55:40"
"14158391302","2026-09-24 23:12:36.911","2026-09-27 23:08:47.309","14158391302","160427234","[PREMIUM]","[PREMIUM]","309","4","_",,,7,"[1,2,3,4,5,7]",478,"Loge",10,"Mobile Transfer ticket",1,"[PREMIUM]","[PREMIUM]","[PREMIUM]","[PREMIUM]",true,false,"['Clear view']","2026-09-23 17:55:41"
"14147523895","2026-09-24 23:12:36.831","2026-10-06 22:12:59.336","14147523895","160427234","[PREMIUM]","[PREMIUM]","338","1","_",,,2,"[2]",478,"Loge",10,"Mobile Transfer ticket",1,"[PREMIUM]","[PREMIUM]","[PREMIUM]","[PREMIUM]",true,false,"['Front Row of Section','Clear view']","2026-09-22 23:52:55"
"14167614659","2026-09-24 23:12:36.831","2026-09-24 23:12:36.831","14167614659","160427234","[PREMIUM]","[PREMIUM]","320","1","9001_9002","9001",,2,"[2]",478,"Loge",10,"Mobile Transfer ticket",13,"[PREMIUM]","[PREMIUM]","[PREMIUM]","[PREMIUM]",true,false,"['Front Row of Section','Clear view']","2026-09-24 07:43:38"
"14053557089","2026-09-24 23:12:36.788","2026-10-05 22:10:22.250","14053557089","160427234","[PREMIUM]","[PREMIUM]","235","12","13_16","13",,4,"[1,2,4]",471,"Middle",10,"Mobile Transfer ticket",14,"[PREMIUM]","[PREMIUM]","[PREMIUM]","[PREMIUM]",true,false,"['Clear view']","2026-09-15 19:25:09"
"14053557081","2026-09-24 23:12:36.788","2026-10-07 22:12:13.600","14053557081","160427234","[PREMIUM]","[PREMIUM]","235","13","11_13","11",,3,"[1,3]",471,"Middle",10,"Mobile Transfer ticket",14,"[PREMIUM]","[PREMIUM]","[PREMIUM]","[PREMIUM]",true,false,"['Clear view']","2026-09-15 19:25:09"
"14168566417","2026-09-24 23:12:36.788","2026-09-24 23:12:36.788","14168566417","160427234","[PREMIUM]","[PREMIUM]","118","2","9001_9002","9001",,2,"[2]",594,"Lower",10,"Mobile Transfer ticket",13,"[PREMIUM]","[PREMIUM]","[PREMIUM]","[PREMIUM]",true,false,"['Second Row of Section','Clear view']","2026-09-24 09:38:16"
"14158391576","2026-09-24 23:12:36.722","2026-09-26 23:14:21.415","14158391576","160427234","[PREMIUM]","[PREMIUM]","338","9","_",,,4,"[1,2,4]",407,"Upper",10,"Mobile Transfer ticket",1,"[PREMIUM]","[PREMIUM]","[PREMIUM]","[PREMIUM]",true,false,"['Clear view']","2026-09-23 17:55:41"
"14168871608","2026-09-24 23:12:36.592","2026-09-24 23:12:36.592","14168871608","160427234","[PREMIUM]","[PREMIUM]","335","2","9001_9004","9001",,4,"[4]",478,"Loge",10,"Mobile Transfer ticket",13,"[PREMIUM]","[PREMIUM]","[PREMIUM]","[PREMIUM]",true,false,"['Second Row of Section','Clear view']","2026-09-24 10:14:53"
"14158391111","2026-09-24 23:12:36.587","2026-09-27 23:08:31.568","14158391111","160427234","[PREMIUM]","[PREMIUM]","126","42","_",,,2,"[2]",594,"Lower",10,"Mobile Transfer ticket",1,"[PREMIUM]","[PREMIUM]","[PREMIUM]","[PREMIUM]",true,false,"['Clear view']","2026-09-23 17:55:40"
"14166031622","2026-09-24 23:12:36.587","2026-09-24 23:12:36.587","14166031622","160427234","[PREMIUM]","[PREMIUM]","207A","10","9001_9005","9001",,5,"[5]",471,"Middle",10,"Mobile Transfer ticket",13,"[PREMIUM]","[PREMIUM]","[PREMIUM]","[PREMIUM]",true,false,"['Clear view']","2026-09-24 05:37:25"
"14167822503","2026-09-24 23:12:36.587","2026-09-24 23:12:36.587","14167822503","160427234","[PREMIUM]","[PREMIUM]","207A","7","9001_9003","9001",,3,"[3]",471,"Middle",10,"Mobile Transfer ticket",13,"[PREMIUM]","[PREMIUM]","[PREMIUM]","[PREMIUM]",true,false,"['Clear view']","2026-09-24 08:06:04"
"14158391811","2026-09-24 23:12:36.571","2026-09-27 23:08:31.799","14158391811","160427234","[PREMIUM]","[PREMIUM]","338","12","_",,,4,"[1,2,4]",407,"Upper",10,"Mobile Transfer ticket",1,"[PREMIUM]","[PREMIUM]","[PREMIUM]","[PREMIUM]",true,false,"['Clear view']","2026-09-23 17:55:42"
"14165971504","2026-09-24 23:12:36.571","2026-09-24 23:12:36.571","14165971504","160427234","[PREMIUM]","[PREMIUM]","106","7","9001_9002","9001",,2,"[2]",594,"Lower",10,"Mobile Transfer ticket",13,"[PREMIUM]","[PREMIUM]","[PREMIUM]","[PREMIUM]",true,false,"['Clear view']","2026-09-24 05:33:42"
"12720985968","2026-09-24 23:12:36.144","2026-09-24 23:12:36.144","12720985968","160427234","[PREMIUM]","[PREMIUM]","134","7","21_24","21",,4,"[1,2,4]",594,"Lower",10,"Mobile Transfer ticket",1,"[PREMIUM]","[PREMIUM]","[PREMIUM]","[PREMIUM]",true,false,"['Clear view']","2026-05-17 16:28:25"
"14168304312","2026-09-24 23:12:36.144","2026-09-24 23:12:36.144","14168304312","160427234","[PREMIUM]","[PREMIUM]","227A","1","9001_9002","9001",,2,"[2]",471,"Middle",10,"Mobile Transfer ticket",13,"[PREMIUM]","[PREMIUM]","[PREMIUM]","[PREMIUM]",true,false,"['Front Row of Section','Clear view']","2026-09-24 09:02:06"
"14178683586","2026-09-24 23:12:35.690","2026-09-26 23:16:36.602","14178683586","161315563","[PREMIUM]","[PREMIUM]","226",,"_",,,2,"[1,2]",1724,"Club",10,"Mobile Transfer ticket",1,"[PREMIUM]","[PREMIUM]","[PREMIUM]","[PREMIUM]",true,true,"['Clear view']","2026-09-24 21:22:11"
"14168523373","2026-09-24 23:12:35.657","2026-09-24 23:12:35.657","14168523373","160427234","[PREMIUM]","[PREMIUM]","336","1","9001_9002","9001",,2,"[2]",478,"Loge",10,"Mobile Transfer ticket",13,"[PREMIUM]","[PREMIUM]","[PREMIUM]","[PREMIUM]",true,false,"['Front Row of Section','Clear view']","2026-09-24 09:34:00"
"14158391374","2026-09-24 23:12:35.583","2026-09-27 23:08:31.037","14158391374","160427234","[PREMIUM]","[PREMIUM]","312","10","_",,,1,"[1]",407,"Upper",10,"Mobile Transfer ticket",1,"[PREMIUM]","[PREMIUM]","[PREMIUM]","[PREMIUM]",false,false,"['Clear view']","2026-09-23 17:55:41"
"14062097778","2026-09-24 23:12:35.503","2026-10-07 22:12:13.328","14062097778","160427234","[PREMIUM]","[PREMIUM]","108","13","9_11","9",,3,"[1,2,3]",594,"Lower",10,"Mobile Transfer ticket",1,"[PREMIUM]","[PREMIUM]","[PREMIUM]","[PREMIUM]",true,false,"['Clear view']","2026-09-16 13:48:18"
"14168727782","2026-09-24 23:12:35.395","2026-09-24 23:12:35.395","14168727782","160427234","[PREMIUM]","[PREMIUM]","133","19","9001_9004","9001",,4,"[4]",594,"Lower",10,"Mobile Transfer ticket",13,"[PREMIUM]","[PREMIUM]","[PREMIUM]","[PREMIUM]",true,false,"['Clear view']","2026-09-24 09:58:41"
"13816107337","2026-09-24 23:12:35.020","2026-09-24 23:12:35.020","13816107337","160427234","[PREMIUM]","[PREMIUM]","307","1","9001_9003","9001",,3,"[3]",478,"Loge",10,"Mobile Transfer ticket",13,"[PREMIUM]","[PREMIUM]","[PREMIUM]","[PREMIUM]",true,false,"['Front Row of Section','Clear view']","2026-08-26 09:01:22"
"14166797288","2026-09-24 23:12:35.020","2026-09-24 23:12:35.020","14166797288","160427234","[PREMIUM]","[PREMIUM]","318","5","9001_9002","9001",,2,"[2]",407,"Upper",10,"Mobile Transfer ticket",13,"[PREMIUM]","[PREMIUM]","[PREMIUM]","[PREMIUM]",true,false,"['Clear view']","2026-09-24 06:37:21"
"14071904081","2026-09-24 23:12:33.977","2026-09-24 23:12:33.977","14071904081","160427234","[PREMIUM]","[PREMIUM]","115A","32","_",,,2,"[2]",594,"Lower",10,"Mobile Transfer ticket",1,"[PREMIUM]","[PREMIUM]","[PREMIUM]","[PREMIUM]",true,false,"['Clear view']","2026-09-17 04:12:22"
"14167804276","2026-09-24 23:12:33.803","2026-09-24 23:12:33.803","14167804276","160427234","[PREMIUM]","[PREMIUM]","202A","3","9001_9002","9001",,2,"[2]",471,"Middle",10,"Mobile Transfer ticket",13,"[PREMIUM]","[PREMIUM]","[PREMIUM]","[PREMIUM]",true,false,"['Third Row of Section','Clear view']","2026-09-24 08:04:44"
"13533546364","2026-09-24 23:12:33.605","2026-10-07 22:12:12.618","13533546364","160427234","[PREMIUM]","[PREMIUM]","123","33","15_16","15",,2,"[2]",594,"Lower",10,"Mobile Transfer ticket",1,"[PREMIUM]","[PREMIUM]","[PREMIUM]","[PREMIUM]",true,false,"['Clear view']","2026-08-01 01:45:27"
"14168318517","2026-09-24 23:12:33.605","2026-09-24 23:12:33.605","14168318517","160427234","[PREMIUM]","[PREMIUM]","245A","2","9001_9001","9001",,1,"[1]",471,"Middle",10,"Mobile Transfer ticket",13,"[PREMIUM]","[PREMIUM]","[PREMIUM]","[PREMIUM]",false,false,"['Second Row of Section','Clear view']","2026-09-24 09:03:48"
"14169009275","2026-09-24 23:12:33.577","2026-09-24 23:12:33.577","14169009275","160427234","[PREMIUM]","[PREMIUM]","345","5","9001_9002","9001",,2,"[2]",407,"Upper",10,"Mobile Transfer ticket",13,"[PREMIUM]","[PREMIUM]","[PREMIUM]","[PREMIUM]",true,false,"['Clear view']","2026-09-24 10:32:22"
"14170284089","2026-09-24 23:12:33.577","2026-10-07 22:12:12.897","14170284089","160427234","[PREMIUM]","[PREMIUM]","146","12","5_6","5","6",2,"[2]",594,"Lower",10,"Mobile Transfer ticket",1,"[PREMIUM]","[PREMIUM]","[PREMIUM]","[PREMIUM]",true,false,"['Clear view']","2026-09-24 12:52:29"
"12691351173","2026-09-24 23:12:33.380","2026-09-24 23:12:33.380","12691351173","160427234","[PREMIUM]","[PREMIUM]","123","44","_",,,2,"[2]",594,"Lower",10,"Mobile Transfer ticket",1,"[PREMIUM]","[PREMIUM]","[PREMIUM]","[PREMIUM]",true,false,"['Clear view']","2026-05-15 00:40:06"
"14081440728","2026-09-24 23:12:33.283","2026-09-24 23:12:33.283","14081440728","160427234","[PREMIUM]","[PREMIUM]","315","6","9001_9001","9001",,1,"[1]",407,"Upper",11,"Mobile ticket",1,"[PREMIUM]","[PREMIUM]","[PREMIUM]","[PREMIUM]",false,false,"['Clear view']","2026-09-17 21:39:23"
"13533550903","2026-09-24 23:12:33.250","2026-10-05 22:10:11.627","13533550903","160427234","[PREMIUM]","[PREMIUM]","123","23","1_2","1",,2,"[2]",594,"Lower",10,"Mobile Transfer ticket",1,"[PREMIUM]","[PREMIUM]","[PREMIUM]","[PREMIUM]",true,false,"['Clear view']","2026-08-01 01:46:38"
"14166262727","2026-09-24 23:12:30.648","2026-09-24 23:12:30.648","14166262727","161349280","[PREMIUM]","[PREMIUM]","111","B","9001_9002","9001",,2,"[2]",8740,"Gold Prime",10,"Mobile Transfer ticket",13,"[PREMIUM]","[PREMIUM]","[PREMIUM]","[PREMIUM]",true,false,"['Second Row of Section','Clear view']","2026-09-24 05:55:26"
"14169381691","2026-09-24 23:12:30.648","2026-09-24 23:12:30.648","14169381691","161349280","[PREMIUM]","[PREMIUM]","118","F","9001_9002","9001",,2,"[2]",594,"Lower",10,"Mobile Transfer ticket",13,"[PREMIUM]","[PREMIUM]","[PREMIUM]","[PREMIUM]",true,false,"['Clear view']","2026-09-24 11:11:19"
"14178712531","2026-09-24 23:12:30.566","2026-09-26 23:17:43.329","14178712531","161349280","[PREMIUM]","[PREMIUM]","217","H","_",,,2,"[1,2]",34204,"Middle Level 200",10,"Mobile Transfer ticket",1,"[PREMIUM]","[PREMIUM]","[PREMIUM]","[PREMIUM]",true,false,"['Clear view']","2026-09-24 21:23:44"
"14178710447","2026-09-24 23:12:30.566","2026-09-26 23:17:43.329","14178710447","161349280","[PREMIUM]","[PREMIUM]","209","E","_",,,2,"[1,2]",34204,"Middle Level 200",10,"Mobile Transfer ticket",1,"[PREMIUM]","[PREMIUM]","[PREMIUM]","[PREMIUM]",true,false,"['Clear view']","2026-09-24 21:23:38"
"14178710165","2026-09-24 23:12:30.566","2026-09-26 23:17:43.329","14178710165","161349280","[PREMIUM]","[PREMIUM]","201","F","_",,,2,"[1,2]",34204,"Middle Level 200",10,"Mobile Transfer ticket",1,"[PREMIUM]","[PREMIUM]","[PREMIUM]","[PREMIUM]",true,false,"['Clear view']","2026-09-24 21:23:37"
"14178693783","2026-09-24 23:12:30.164","2026-09-27 23:12:18.999","14178693783","161506391","[PREMIUM]","[PREMIUM]","314","D","_",,,2,"[1,2]",39053,"JD Club Reserve",10,"Mobile Transfer ticket",1,"[PREMIUM]","[PREMIUM]","[PREMIUM]","[PREMIUM]",true,false,"['Clear view']","2026-09-24 21:22:49"
"14143130075","2026-09-24 23:12:30.068","2026-09-26 05:16:41.480","14143130075","160436256","[PREMIUM]","[PREMIUM]","322","1","9001_9002","9001",,2,"[2]",1713,"Middle Level",11,"Mobile ticket",1,"[PREMIUM]","[PREMIUM]","[PREMIUM]","[PREMIUM]",true,false,"['Front Row of Section','Clear view']","2026-09-22 18:59:54"
"14145157592","2026-09-24 23:12:30.068","2026-09-26 05:16:41.480","14145157592","160436256","[PREMIUM]","[PREMIUM]","C109","4","9001_9004","9001",,4,"[2,4]",5049,"Club Lower Level",11,"Mobile ticket",1,"[PREMIUM]","[PREMIUM]","[PREMIUM]","[PREMIUM]",true,false,"['Second Row of Section','Clear view']","2026-09-22 21:09:17"
"14148806333","2026-09-24 23:12:30.068","2026-09-26 05:16:41.480","14148806333","160436256","[PREMIUM]","[PREMIUM]","C223","2","9001_9002","9001",,2,"[2]",5050,"Club Plaza Level",11,"Mobile ticket",1,"[PREMIUM]","[PREMIUM]","[PREMIUM]","[PREMIUM]",true,false,"['Second Row of Section','Clear view']","2026-09-23 01:28:01"
"14178683128","2026-09-24 23:12:27.732","2026-09-27 23:11:32.330","14178683128","161315563","[PREMIUM]","[PREMIUM]","218","7","_",,,2,"[1,2]",1724,"Club",10,"Mobile Transfer ticket",1,"[PREMIUM]","[PREMIUM]","[PREMIUM]","[PREMIUM]",true,false,"['Clear view']","2026-09-24 21:22:10"
"14168332283","2026-09-24 23:12:26.795","2026-09-24 23:12:26.795","14168332283","161506354","[PREMIUM]","[PREMIUM]","320","B","9001_9002","9001",,2,"[2]",300,"Club Level",10,"Mobile Transfer ticket",13,"[PREMIUM]","[PREMIUM]","[PREMIUM]","[PREMIUM]",true,false,"['Second Row of Section','Clear view']","2026-09-24 09:05:08"
"14167808566","2026-09-24 23:12:26.390","2026-09-24 23:12:26.390","14167808566","161506354","[PREMIUM]","[PREMIUM]","317","B","9001_9004","9001",,4,"[4]",300,"Club Level",10,"Mobile Transfer ticket",13,"[PREMIUM]","[PREMIUM]","[PREMIUM]","[PREMIUM]",true,false,"['Second Row of Section','Clear view']","2026-09-24 08:04:59"
"14169344628","2026-09-24 23:12:25.540","2026-09-24 23:12:25.540","14169344628","160436256","[PREMIUM]","[PREMIUM]","350","6","1007_1011","1007","1011",5,"[1,2,3,5]",1713,"Middle Level",10,"Mobile Transfer ticket",1,"[PREMIUM]","[PREMIUM]","[PREMIUM]","[PREMIUM]",true,false,"['Clear view']","2026-09-24 11:08:41"
"14128151415","2026-09-24 23:12:25.539","2026-10-07 05:24:57.491","14128151415","160436256","[PREMIUM]","[PREMIUM]","C109","7","_",,,2,"[2]",5049,"Club Lower Level",10,"Mobile Transfer ticket",1,"[PREMIUM]","[PREMIUM]","[PREMIUM]","[PREMIUM]",true,false,"['Clear view']","2026-09-21 19:03:34"
"14169344518","2026-09-24 23:12:25.200","2026-09-24 23:12:25.200","14169344518","160436256","[PREMIUM]","[PREMIUM]","350","5","1005_1008","1005","1008",4,"[1,2,4]",1713,"Middle Level",10,"Mobile Transfer ticket",1,"[PREMIUM]","[PREMIUM]","[PREMIUM]","[PREMIUM]",true,false,"['Clear view']","2026-09-24 11:08:40"
"14179857856","2026-09-24 23:12:25.177","2026-09-24 23:12:25.177","14179857856","160427234","[PREMIUM]","[PREMIUM]","230A","3","_",,,2,"[2]",471,"Middle",10,"Mobile Transfer ticket",1,"[PREMIUM]","[PREMIUM]","[PREMIUM]","[PREMIUM]",true,false,"['Third Row of Section','Clear view']","2026-09-24 22:38:06"
"14166551589","2026-09-24 23:12:24.865","2026-09-24 23:12:24.865","14166551589","160427234","[PREMIUM]","[PREMIUM]","318","8","9001_9004","9001",,4,"[4]",407,"Upper",10,"Mobile Transfer ticket",13,"[PREMIUM]","[PREMIUM]","[PREMIUM]","[PREMIUM]",true,false,"['Clear view']","2026-09-24 06:18:31"
"12691351014","2026-09-24 23:12:24.809","2026-09-24 23:12:24.809","12691351014","160427234","[PREMIUM]","[PREMIUM]","249A","11","_",,,4,"[2,4]",471,"Middle",10,"Mobile Transfer ticket",1,"[PREMIUM]","[PREMIUM]","[PREMIUM]","[PREMIUM]",true,false,"['Clear view']","2026-05-15 00:40:02"
"14053537449","2026-09-24 23:12:24.809","2026-10-04 22:09:11.100","14053537449","160427234","[PREMIUM]","[PREMIUM]","129","48","26_29","26",,4,"[1,2,4]",594,"Lower",10,"Mobile Transfer ticket",14,"[PREMIUM]","[PREMIUM]","[PREMIUM]","[PREMIUM]",true,false,"['Clear view']","2026-09-15 19:22:43"
"14168193445","2026-09-24 23:12:24.809","2026-09-24 23:12:24.809","14168193445","160427234","[PREMIUM]","[PREMIUM]","319","3","9001_9002","9001",,2,"[2]",478,"Loge",10,"Mobile Transfer ticket",13,"[PREMIUM]","[PREMIUM]","[PREMIUM]","[PREMIUM]",true,false,"['Third Row of Section','Clear view']","2026-09-24 08:44:18"
"14177467626","2026-09-24 23:12:24.806","2026-09-25 23:41:07.190","14177467626","160427234","[PREMIUM]","[PREMIUM]","343","6","9001_9004","9001",,4,"[1,2,3,4]",407,"Upper",11,"Mobile ticket",1,"[PREMIUM]","[PREMIUM]","[PREMIUM]","[PREMIUM]",true,false,"['Clear view']","2026-09-24 19:54:25"
"14174998506","2026-09-24 23:12:24.419","2026-10-01 22:09:34.178","14174998506","160427234","[PREMIUM]","[PREMIUM]","146","30","9_11","9","11",3,"[1,3]",594,"Lower",10,"Mobile Transfer ticket",1,"[PREMIUM]","[PREMIUM]","[PREMIUM]","[PREMIUM]",true,false,"['Clear view']","2026-09-24 16:57:11"
"14167075719","2026-09-24 23:12:24.257","2026-09-24 23:12:24.257","14167075719","160427234","[PREMIUM]","[PREMIUM]","345","9","9001_9004","9001",,4,"[4]",407,"Upper",10,"Mobile Transfer ticket",13,"[PREMIUM]","[PREMIUM]","[PREMIUM]","[PREMIUM]",true,false,"['Clear view']","2026-09-24 07:00:54"
"14053537582","2026-09-24 23:12:24.228","2026-10-07 22:12:12.413","14053537582","160427234","[PREMIUM]","[PREMIUM]","123","48","3_4","3",,2,"[2]",594,"Lower",10,"Mobile Transfer ticket",14,"[PREMIUM]","[PREMIUM]","[PREMIUM]","[PREMIUM]",true,false,"['Clear view']","2026-09-15 19:22:46"
"14144238874","2026-09-24 23:12:23.219","2026-09-24 23:12:23.219","14144238874","160436256","[PREMIUM]","[PREMIUM]","VIP131","3","9001_9002","9001",,2,"[2]",5056,"VIP Lower Level",11,"Mobile ticket",1,"[PREMIUM]","[PREMIUM]","[PREMIUM]","[PREMIUM]",true,false,"['Third Row of Section','Clear view']","2026-09-22 20:12:12"
"14160475328","2026-09-24 23:12:23.045","2026-10-07 22:12:31.087","14160475328","161506374","[PREMIUM]","[PREMIUM]","220","D","_",,,1,"[1]",4325,"Plaza Level",10,"Mobile Transfer ticket",1,"[PREMIUM]","[PREMIUM]","[PREMIUM]","[PREMIUM]",false,false,"['Second Row of Section','Clear view']","2026-09-23 20:51:00"
"14178693621","2026-09-24 23:12:23.045","2026-09-27 23:10:09.983","14178693621","161506374","[PREMIUM]","[PREMIUM]","310","D","_",,,2,"[1,2]",300,"Club Level",10,"Mobile Transfer ticket",1,"[PREMIUM]","[PREMIUM]","[PREMIUM]","[PREMIUM]",true,false,"['Clear view']","2026-09-24 21:22:49"
"14136422102","2026-09-24 23:12:22.888","2026-09-30 22:10:32.137","14136422102","161506374","[PREMIUM]","[PREMIUM]","208","M","_",,,2,"[2]",4325,"Plaza Level",10,"Mobile Transfer ticket",1,"[PREMIUM]","[PREMIUM]","[PREMIUM]","[PREMIUM]",true,false,"['Clear view']","2026-09-22 09:24:35"
"14176313759","2026-09-24 23:12:21.829","2026-09-24 23:12:21.829","14176313759","161506384","[PREMIUM]","[PREMIUM]","304","B","9001_9002","9001",,2,"[2]",300,"Club Level",10,"Mobile Transfer ticket",13,"[PREMIUM]","[PREMIUM]","[PREMIUM]","[PREMIUM]",true,false,"['Second Row of Section','Clear view']","2026-09-24 18:28:27"
"14177775101","2026-09-24 23:12:21.829","2026-09-24 23:12:21.829","14177775101","161506384","[PREMIUM]","[PREMIUM]","320","B","9001_9002","9001",,2,"[2]",300,"Club Level",10,"Mobile Transfer ticket",13,"[PREMIUM]","[PREMIUM]","[PREMIUM]","[PREMIUM]",true,false,"['Second Row of Section','Clear view']","2026-09-24 20:18:49"
"14178693626","2026-09-24 23:12:21.829","2026-09-27 23:10:15.081","14178693626","161506384","[PREMIUM]","[PREMIUM]","310","D","_",,,2,"[1,2]",300,"Club Level",10,"Mobile Transfer ticket",1,"[PREMIUM]","[PREMIUM]","[PREMIUM]","[PREMIUM]",true,false,"['Clear view']","2026-09-24 21:22:49"
"14168145920","2026-09-24 23:12:21.136","2026-09-24 23:12:21.136","14168145920","160436256","[PREMIUM]","[PREMIUM]","100","2","9001_9001","9001",,1,"[1]",1687,"Lower Level",10,"Mobile Transfer ticket",13,"[PREMIUM]","[PREMIUM]","[PREMIUM]","[PREMIUM]",false,false,"['Second Row of Section','Clear view']","2026-09-24 08:38:11"
"14169408370","2026-09-24 23:12:21.011","2026-09-24 23:12:21.011","14169408370","160436256","[PREMIUM]","[PREMIUM]","C108","4","9001_9002","9001",,2,"[2]",5049,"Club Lower Level",10,"Mobile Transfer ticket",13,"[PREMIUM]","[PREMIUM]","[PREMIUM]","[PREMIUM]",true,false,"['Clear view']","2026-09-24 11:15:04"
"14168997911","2026-09-24 23:12:20.811","2026-09-24 23:12:20.811","14168997911","160436256","[PREMIUM]","[PREMIUM]","324","6","9001_9002","9001",,2,"[2]",1713,"Middle Level",10,"Mobile Transfer ticket",13,"[PREMIUM]","[PREMIUM]","[PREMIUM]","[PREMIUM]",true,false,"['Clear view']","2026-09-24 10:30:36"
"13797813253","2026-09-24 23:12:20.487","2026-09-26 23:12:02.117","13797813253","160436256","[PREMIUM]","[PREMIUM]","C250","6","_",,,2,"[2]",5050,"Club Plaza Level",10,"Mobile Transfer ticket",1,"[PREMIUM]","[PREMIUM]","[PREMIUM]","[PREMIUM]",true,false,"['Clear view']","2026-08-24 23:44:55"
"14169227871","2026-09-24 23:12:20.345","2026-09-24 23:12:20.345","14169227871","160436256","[PREMIUM]","[PREMIUM]","C136","3","9001_9003","9001",,3,"[3]",5049,"Club Lower Level",10,"Mobile Transfer ticket",13,"[PREMIUM]","[PREMIUM]","[PREMIUM]","[PREMIUM]",true,false,"['Third Row of Section','Clear view']","2026-09-24 10:57:15"
"14166493972","2026-09-24 23:12:19.960","2026-09-24 23:12:19.960","14166493972","160436256","[PREMIUM]","[PREMIUM]","C217","4","9001_9002","9001",,2,"[2]",5050,"Club Plaza Level",10,"Mobile Transfer ticket",13,"[PREMIUM]","[PREMIUM]","[PREMIUM]","[PREMIUM]",true,false,"['Clear view']","2026-09-24 06:13:23"
"14168310149","2026-09-24 23:12:19.960","2026-09-24 23:12:19.960","14168310149","160436256","[PREMIUM]","[PREMIUM]","349","2","9001_9002","9001",,2,"[2]",1713,"Middle Level",10,"Mobile Transfer ticket",13,"[PREMIUM]","[PREMIUM]","[PREMIUM]","[PREMIUM]",true,false,"['Second Row of Section','Clear view']","2026-09-24 09:02:43"
"14053538422","2026-09-24 23:12:19.528","2026-10-04 22:09:04.197","14053538422","160427234","[PREMIUM]","[PREMIUM]","201","14","15_16","15",,2,"[2]",471,"Middle",10,"Mobile Transfer ticket",14,"[PREMIUM]","[PREMIUM]","[PREMIUM]","[PREMIUM]",true,false,"['Clear view']","2026-09-15 19:23:00"
"14167766579","2026-09-24 23:12:19.528","2026-09-24 23:12:19.528","14167766579","160427234","[PREMIUM]","[PREMIUM]","345","19","9001_9002","9001",,2,"[2]",407,"Upper",10,"Mobile Transfer ticket",13,"[PREMIUM]","[PREMIUM]","[PREMIUM]","[PREMIUM]",true,false,"['Clear view']","2026-09-24 08:00:57"
"14143653937","2026-09-24 23:12:18.346","2026-09-24 23:12:23.322","14143653937","160436256","[PREMIUM]","[PREMIUM]","C249","7","9001_9001","9001",,1,"[1]",5050,"Club Plaza Level",11,"Mobile ticket",1,"[PREMIUM]","[PREMIUM]","[PREMIUM]","[PREMIUM]",false,false,"['Clear view']","2026-09-22 19:35:13"
"14130301708","2026-09-24 23:12:18.028","2026-09-24 23:12:23.322","14130301708","160436256","[PREMIUM]","[PREMIUM]","C215","10","9001_9001","9001",,1,"[1]",5050,"Club Plaza Level",11,"Mobile ticket",1,"[PREMIUM]","[PREMIUM]","[PREMIUM]","[PREMIUM]",false,false,"['Clear view']","2026-09-21 22:45:23"
"14166874350","2026-09-24 23:12:18.020","2026-09-24 23:12:18.020","14166874350","160436256","[PREMIUM]","[PREMIUM]","C128","19","9001_9002","9001",,2,"[2]",5049,"Club Lower Level",10,"Mobile Transfer ticket",13,"[PREMIUM]","[PREMIUM]","[PREMIUM]","[PREMIUM]",true,false,"['Clear view']","2026-09-24 06:41:55"
"14167973234","2026-09-24 23:12:18.020","2026-09-24 23:12:18.020","14167973234","160436256","[PREMIUM]","[PREMIUM]","324","7","9001_9004","9001",,4,"[4]",1713,"Middle Level",10,"Mobile Transfer ticket",13,"[PREMIUM]","[PREMIUM]","[PREMIUM]","[PREMIUM]",true,false,"['Clear view']","2026-09-24 08:21:23"
"14167136216","2026-09-24 23:12:17.325","2026-09-24 23:12:17.325","14167136216","160436256","[PREMIUM]","[PREMIUM]","212","3","9001_9002","9001",,2,"[2]",4325,"Plaza Level",10,"Mobile Transfer ticket",13,"[PREMIUM]","[PREMIUM]","[PREMIUM]","[PREMIUM]",true,false,"['Third Row of Section','Clear view']","2026-09-24 07:07:01"
"14168060427","2026-09-24 23:12:17.325","2026-09-24 23:12:17.325","14168060427","160436256","[PREMIUM]","[PREMIUM]","413","1","9001_9002","9001",,2,"[2]",478,"Loge",10,"Mobile Transfer ticket",13,"[PREMIUM]","[PREMIUM]","[PREMIUM]","[PREMIUM]",true,false,"['Front Row of Section','Clear view']","2026-09-24 08:30:09"
"14168778921","2026-09-24 23:12:17.325","2026-09-24 23:12:17.325","14168778921","160436256","[PREMIUM]","[PREMIUM]","343","1","9001_9002","9001",,2,"[2]",1713,"Middle Level",10,"Mobile Transfer ticket",13,"[PREMIUM]","[PREMIUM]","[PREMIUM]","[PREMIUM]",true,false,"['Front Row of Section','Clear view']","2026-09-24 10:03:33"
"14029844670","2026-09-24 23:12:17.193","2026-09-24 23:12:17.193","14029844670","160436256","[PREMIUM]","[PREMIUM]","C107","4","9001_9002","9001",,2,"[2]",5049,"Club Lower Level",10,"Mobile Transfer ticket",13,"[PREMIUM]","[PREMIUM]","[PREMIUM]","[PREMIUM]",true,false,"['Clear view']","2026-09-13 15:26:23"
"14168998494","2026-09-24 23:12:17.193","2026-09-24 23:12:17.193","14168998494","160436256","[PREMIUM]","[PREMIUM]","100","4","9001_9003","9001",,3,"[3]",1687,"Lower Level",10,"Mobile Transfer ticket",13,"[PREMIUM]","[PREMIUM]","[PREMIUM]","[PREMIUM]",true,false,"['Clear view']","2026-09-24 10:30:37"
"14170221571","2026-09-24 23:12:16.994","2026-09-24 23:12:26.777","14170221571","160436256","[PREMIUM]","[PREMIUM]","415","1","9001_9004","9001",,4,"[4]",478,"Loge",10,"Mobile Transfer ticket",13,"[PREMIUM]","[PREMIUM]","[PREMIUM]","[PREMIUM]",true,false,"['Front Row of Section','Clear view']","2026-09-24 12:44:05"
"14167324435","2026-09-24 23:12:16.990","2026-09-24 23:12:25.729","14167324435","160436256","[PREMIUM]","[PREMIUM]","400","2","9001_9002","9001",,2,"[2]",478,"Loge",10,"Mobile Transfer ticket",13,"[PREMIUM]","[PREMIUM]","[PREMIUM]","[PREMIUM]",true,false,"['Second Row of Section','Clear view']","2026-09-24 07:21:01"
"14165805884","2026-09-24 23:12:16.988","2026-09-24 23:12:24.524","14165805884","160436256","[PREMIUM]","[PREMIUM]","352","3","9001_9002","9001",,2,"[2]",1713,"Middle Level",10,"Mobile Transfer ticket",13,"[PREMIUM]","[PREMIUM]","[PREMIUM]","[PREMIUM]",true,false,"['Third Row of Section','Clear view']","2026-09-24 05:18:22"
"14169147511","2026-09-24 23:12:16.923","2026-09-24 23:12:25.589","14169147511","160436256","[PREMIUM]","[PREMIUM]","325","5","9001_9004","9001",,4,"[4]",1713,"Middle Level",10,"Mobile Transfer ticket",13,"[PREMIUM]","[PREMIUM]","[PREMIUM]","[PREMIUM]",true,false,"['Clear view']","2026-09-24 10:47:37"
"14180069804","2026-09-24 23:12:16.923","2026-09-24 23:12:16.923","14180069804","160436256","[PREMIUM]","[PREMIUM]","C242","12","_",,,2,"[2]",5050,"Club Plaza Level",10,"Mobile Transfer ticket",1,"[PREMIUM]","[PREMIUM]","[PREMIUM]","[PREMIUM]",true,false,"['Clear view']","2026-09-24 22:52:10"
"14168060582","2026-09-24 23:12:16.904","2026-09-24 23:12:16.904","14168060582","160436256","[PREMIUM]","[PREMIUM]","237","2","9001_9004","9001",,4,"[4]",4325,"Plaza Level",10,"Mobile Transfer ticket",13,"[PREMIUM]","[PREMIUM]","[PREMIUM]","[PREMIUM]",true,false,"['Second Row of Section','Clear view']","2026-09-24 08:30:09"
"13980079636","2026-09-24 23:12:16.635","2026-09-24 23:12:16.635","13980079636","160436256","[PREMIUM]","[PREMIUM]","100","7","7_8","7",,2,"[2]",1687,"Lower Level",10,"Mobile Transfer ticket",1,"[PREMIUM]","[PREMIUM]","[PREMIUM]","[PREMIUM]",true,false,"['Clear view']","2026-09-09 15:54:55"
"14168069296","2026-09-24 23:12:16.623","2026-09-24 23:12:16.623","14168069296","160436256","[PREMIUM]","[PREMIUM]","303","1","9001_9002","9001",,2,"[2]",1713,"Middle Level",10,"Mobile Transfer ticket",13,"[PREMIUM]","[PREMIUM]","[PREMIUM]","[PREMIUM]",true,false,"['Front Row of Section','Clear view']","2026-09-24 08:30:47"
"14168223802","2026-09-24 23:12:16.623","2026-09-24 23:12:16.623","14168223802","160436256","[PREMIUM]","[PREMIUM]","237","3","9001_9002","9001",,2,"[2]",4325,"Plaza Level",10,"Mobile Transfer ticket",13,"[PREMIUM]","[PREMIUM]","[PREMIUM]","[PREMIUM]",true,false,"['Third Row of Section','Clear view']","2026-09-24 08:48:02"
"14168095159","2026-09-24 23:12:16.623","2026-09-24 23:12:16.623","14168095159","160436256","[PREMIUM]","[PREMIUM]","302","1","9001_9002","9001",,2,"[2]",1713,"Middle Level",10,"Mobile Transfer ticket",13,"[PREMIUM]","[PREMIUM]","[PREMIUM]","[PREMIUM]",true,false,"['Front Row of Section','Clear view']","2026-09-24 08:33:23"
"14175900532","2026-09-24 23:12:16.623","2026-09-24 23:12:16.623","14175900532","160436256","[PREMIUM]","[PREMIUM]","312","8","9001_9002","9001",,2,"[2]",1713,"Middle Level",10,"Mobile Transfer ticket",13,"[PREMIUM]","[PREMIUM]","[PREMIUM]","[PREMIUM]",true,false,"['Front Row of Section','Clear view']","2026-09-24 18:02:51"
"14168753156","2026-09-24 23:12:16.289","2026-09-24 23:12:16.289","14168753156","160436256","[PREMIUM]","[PREMIUM]","225","4","9001_9002","9001",,2,"[2]",4325,"Plaza Level",10,"Mobile Transfer ticket",13,"[PREMIUM]","[PREMIUM]","[PREMIUM]","[PREMIUM]",true,false,"['Clear view']","2026-09-24 10:01:00"
"14033853466","2026-09-24 23:12:16.285","2026-10-01 05:23:38.044","14033853466","160435855","[PREMIUM]","[PREMIUM]","113","C","_",,,2,"[2]",594,"Lower",10,"Mobile Transfer ticket",1,"[PREMIUM]","[PREMIUM]","[PREMIUM]","[PREMIUM]",true,false,"['Third Row of Section','Clear view']","2026-09-13 23:43:57"
"14138548772","2026-09-24 23:12:16.285","2026-10-01 05:23:38.099","14138548772","160435855","[PREMIUM]","[PREMIUM]","310","A","_",,,2,"[2]",407,"Upper",10,"Mobile Transfer ticket",1,"[PREMIUM]","[PREMIUM]","[PREMIUM]","[PREMIUM]",true,false,"['Front Row of Section','Clear view']","2026-09-22 12:47:24"
"14180101142","2026-09-24 23:12:15.621","2026-09-24 23:12:15.621","14180101142","160436256","[PREMIUM]","[PREMIUM]","304","1","_",,,2,"[2]",1713,"Middle Level",10,"Mobile Transfer ticket",1,"[PREMIUM]","[PREMIUM]","[PREMIUM]","[PREMIUM]",true,false,"['Front Row of Section','Clear view']","2026-09-24 22:55:35"
"14179160095","2026-09-24 23:12:15.610","2026-10-05 05:16:12.936","14179160095","160436256","[PREMIUM]","[PREMIUM]","224","16","10_11","10","11",2,"[2]",4325,"Plaza Level",10,"Mobile Transfer ticket",1,"[PREMIUM]","[PREMIUM]","[PREMIUM]","[PREMIUM]",true,false,"['Clear view']","2026-09-24 21:57:10"
"14180075257","2026-09-24 23:12:15.511","2026-09-24 23:12:15.511","14180075257","160436256","[PREMIUM]","[PREMIUM]","C137","17","5_6","5","6",2,"[2]",5049,"Club Lower Level",10,"Mobile Transfer ticket",1,"[PREMIUM]","[PREMIUM]","[PREMIUM]","[PREMIUM]",true,false,"['Clear view']","2026-09-24 22:53:00"
"14179160030","2026-09-24 23:12:15.341","2026-10-05 05:16:11.428","14179160030","160436256","[PREMIUM]","[PREMIUM]","201","15","1_2","1","2",2,"[2]",4325,"Plaza Level",10,"Mobile Transfer ticket",1,"[PREMIUM]","[PREMIUM]","[PREMIUM]","[PREMIUM]",true,false,"['Clear view']","2026-09-24 21:57:10"
"14167408885","2026-09-24 23:12:15.242","2026-09-24 23:12:15.242","14167408885","160436256","[PREMIUM]","[PREMIUM]","416","3","9001_9002","9001",,2,"[2]",478,"Loge",10,"Mobile Transfer ticket",13,"[PREMIUM]","[PREMIUM]","[PREMIUM]","[PREMIUM]",true,false,"['Third Row of Section','Clear view']","2026-09-24 07:26:23"
"14169281076","2026-09-24 23:12:15.242","2026-09-24 23:12:15.242","14169281076","160436256","[PREMIUM]","[PREMIUM]","121","16","9001_9002","9001",,2,"[2]",1687,"Lower Level",10,"Mobile Transfer ticket",13,"[PREMIUM]","[PREMIUM]","[PREMIUM]","[PREMIUM]",true,false,"['Clear view']","2026-09-24 11:04:08"
"14166619045","2026-09-24 23:12:15.202","2026-09-24 23:12:15.202","14166619045","160436256","[PREMIUM]","[PREMIUM]","446","1","9001_9004","9001",,4,"[4]",478,"Loge",10,"Mobile Transfer ticket",13,"[PREMIUM]","[PREMIUM]","[PREMIUM]","[PREMIUM]",true,false,"['Front Row of Section','Clear view']","2026-09-24 06:23:58"
"14163640034","2026-09-24 23:12:15.042","2026-10-07 05:24:42.373","14163640034","160436256","[PREMIUM]","[PREMIUM]","103","10","5_14","5","14",10,"[1,2,3,4,5,6,7,8,10]",1687,"Lower Level",10,"Mobile Transfer ticket",1,"[PREMIUM]","[PREMIUM]","[PREMIUM]","[PREMIUM]",true,false,"['Clear view']","2026-09-24 01:43:35"
"12835674519","2026-09-24 23:12:14.959","2026-09-30 05:18:44.736","12835674519","160436256","[PREMIUM]","[PREMIUM]","104","9","10_16","10","16",7,"[1,2,3,5,7]",1687,"Lower Level",10,"Mobile Transfer ticket",1,"[PREMIUM]","[PREMIUM]","[PREMIUM]","[PREMIUM]",true,false,"['Clear view']","2026-05-27 15:10:53"
"14168424631","2026-09-24 23:12:14.860","2026-09-24 23:12:14.860","14168424631","160436256","[PREMIUM]","[PREMIUM]","330","1","9001_9002","9001",,2,"[2]",1713,"Middle Level",10,"Mobile Transfer ticket",13,"[PREMIUM]","[PREMIUM]","[PREMIUM]","[PREMIUM]",true,false,"['Front Row of Section','Clear view']","2026-09-24 09:17:39"
"14166080582","2026-09-24 23:12:14.642","2026-09-24 23:12:14.642","14166080582","160436256","[PREMIUM]","[PREMIUM]","234","25","9001_9002","9001",,2,"[2]",4325,"Plaza Level",10,"Mobile Transfer ticket",13,"[PREMIUM]","[PREMIUM]","[PREMIUM]","[PREMIUM]",true,false,"['Clear view']","2026-09-24 05:39:53"
"14179160084","2026-09-24 23:12:14.636","2026-09-26 23:11:42.079","14179160084","160436256","[PREMIUM]","[PREMIUM]","316","1","9_18","9","18",10,"[1,2,3,4,5,6,7,8,10]",1713,"Middle Level",10,"Mobile Transfer ticket",1,"[PREMIUM]","[PREMIUM]","[PREMIUM]","[PREMIUM]",true,false,"['Front Row of Section','Clear view']","2026-09-24 21:57:10"
"14180067745","2026-09-24 23:12:14.636","2026-09-24 23:12:14.636","14180067745","160436256","[PREMIUM]","[PREMIUM]","315","2","9001_9004","9001",,4,"[4]",1713,"Middle Level",10,"Mobile Transfer ticket",13,"[PREMIUM]","[PREMIUM]","[PREMIUM]","[PREMIUM]",true,false,"['Second Row of Section','Clear view']","2026-09-24 22:51:51"
"14180188918","2026-09-24 23:12:14.620","2026-09-24 23:12:14.620","14180188918","160436256","[PREMIUM]","[PREMIUM]","105",,"18_19","18","19",2,"[2]",1687,"Lower Level",10,"Mobile Transfer ticket",1,"[PREMIUM]","[PREMIUM]","[PREMIUM]","[PREMIUM]",true,true,"['Clear view']","2026-09-24 23:01:43"
"14180153480","2026-09-24 23:12:13.558","2026-09-24 23:12:13.558","14180153480","160427234","[PREMIUM]","[PREMIUM]","202A","9","11_14","11","14",4,"[4]",471,"Middle",10,"Mobile Transfer ticket",1,"[PREMIUM]","[PREMIUM]","[PREMIUM]","[PREMIUM]",true,false,"['Includes parking','VIP Gold Parking','Clear view']","2026-09-24 22:59:38"
"14143443798","2026-09-24 23:12:13.391","2026-09-24 23:12:13.391","14143443798","160427234","[PREMIUM]","[PREMIUM]","227B","14","5_6","5",,2,"[2]",471,"Middle",10,"Mobile Transfer ticket",14,"[PREMIUM]","[PREMIUM]","[PREMIUM]","[PREMIUM]",true,false,"['Clear view']","2026-09-22 19:21:57"
"14143438792","2026-09-24 23:12:13.391","2026-10-06 22:12:53.501","14143438792","160427234","[PREMIUM]","[PREMIUM]","249B","9","21_22","21",,2,"[2]",471,"Middle",10,"Mobile Transfer ticket",14,"[PREMIUM]","[PREMIUM]","[PREMIUM]","[PREMIUM]",true,false,"['Clear view']","2026-09-22 19:21:40"
"14143443880","2026-09-24 23:12:13.346","2026-10-07 22:12:11.965","14143443880","160427234","[PREMIUM]","[PREMIUM]","226","14","13_14","13",,2,"[2]",471,"Middle",10,"Mobile Transfer ticket",14,"[PREMIUM]","[PREMIUM]","[PREMIUM]","[PREMIUM]",true,false,"['Clear view']","2026-09-22 19:21:57"
"14143438800","2026-09-24 23:12:13.346","2026-10-07 22:12:11.965","14143438800","160427234","[PREMIUM]","[PREMIUM]","203B","7","19_22","19",,4,"[1,2,4]",471,"Middle",10,"Mobile Transfer ticket",14,"[PREMIUM]","[PREMIUM]","[PREMIUM]","[PREMIUM]",true,false,"['Clear view']","2026-09-22 19:21:40"
"14143438803","2026-09-24 23:12:12.102","2026-10-07 22:12:11.784","14143438803","160427234","[PREMIUM]","[PREMIUM]","249B","12","9_14","9",,6,"[1,2,3,4,6]",471,"Middle",10,"Mobile Transfer ticket",14,"[PREMIUM]","[PREMIUM]","[PREMIUM]","[PREMIUM]",true,false,"['Clear view']","2026-09-22 19:21:40"
"14143438790","2026-09-24 23:12:12.063","2026-10-07 22:12:11.784","14143438790","160427234","[PREMIUM]","[PREMIUM]","202B","9","15_16","15",,2,"[2]",471,"Middle",10,"Mobile Transfer ticket",14,"[PREMIUM]","[PREMIUM]","[PREMIUM]","[PREMIUM]",true,false,"['Clear view']","2026-09-22 19:21:40"
"14053538682","2026-09-24 23:12:12.061","2026-10-07 22:12:11.784","14053538682","160427234","[PREMIUM]","[PREMIUM]","203B","13","21_22","21",,2,"[2]",471,"Middle",10,"Mobile Transfer ticket",14,"[PREMIUM]","[PREMIUM]","[PREMIUM]","[PREMIUM]",true,false,"['Clear view']","2026-09-15 19:23:05"
"14143443825","2026-09-24 23:12:11.999","2026-10-07 22:12:11.784","14143443825","160427234","[PREMIUM]","[PREMIUM]","228B","15","11_12","11",,2,"[2]",471,"Middle",10,"Mobile Transfer ticket",14,"[PREMIUM]","[PREMIUM]","[PREMIUM]","[PREMIUM]",true,false,"['Clear view']","2026-09-22 19:21:57"
"14143438788","2026-09-24 23:12:11.999","2026-10-07 22:12:11.784","14143438788","160427234","[PREMIUM]","[PREMIUM]","249B","11","7_8","7",,2,"[2]",471,"Middle",10,"Mobile Transfer ticket",14,"[PREMIUM]","[PREMIUM]","[PREMIUM]","[PREMIUM]",true,false,"['Clear view']","2026-09-22 19:21:40"
"14053538370","2026-09-24 23:12:11.780","2026-10-06 22:12:53.402","14053538370","160427234","[PREMIUM]","[PREMIUM]","249B","13","11_16","11",,6,"[1,2,3,4,6]",471,"Middle",10,"Mobile Transfer ticket",14,"[PREMIUM]","[PREMIUM]","[PREMIUM]","[PREMIUM]",true,false,"['Clear view']","2026-09-15 19:23:00"
"14053538361","2026-09-24 23:12:11.504","2026-10-07 22:12:11.567","14053538361","160427234","[PREMIUM]","[PREMIUM]","203B","14","5_6","5",,2,"[2]",471,"Middle",10,"Mobile Transfer ticket",14,"[PREMIUM]","[PREMIUM]","[PREMIUM]","[PREMIUM]",true,false,"['Clear view']","2026-09-15 19:23:00"
"14062097748","2026-09-24 23:12:11.333","2026-10-07 22:12:11.847","14062097748","160427234","[PREMIUM]","[PREMIUM]","309","3","25_26","25",,2,"[2]",478,"Loge",10,"Mobile Transfer ticket",1,"[PREMIUM]","[PREMIUM]","[PREMIUM]","[PREMIUM]",true,false,"['Actual 3rd row of section','Clear view']","2026-09-16 13:48:18"
"12691350949","2026-09-24 23:12:08.781","2026-09-24 23:12:08.781","12691350949","160427234","[PREMIUM]","[PREMIUM]","316","15","_",,,3,"[3]",407,"Upper",10,"Mobile Transfer ticket",1,"[PREMIUM]","[PREMIUM]","[PREMIUM]","[PREMIUM]",true,false,"['Clear view']","2026-05-15 00:39:59"
"14053538309","2026-09-24 23:12:08.781","2026-10-07 22:12:11.847","14053538309","160427234","[PREMIUM]","[PREMIUM]","202B","16","10_11","10",,2,"[2]",471,"Middle",10,"Mobile Transfer ticket",14,"[PREMIUM]","[PREMIUM]","[PREMIUM]","[PREMIUM]",true,false,"['Clear view']","2026-09-15 19:23:00"
"14173492922","2026-09-24 23:12:08.427","2026-09-26 05:07:05.249","14173492922","160427237","[PREMIUM]","[PREMIUM]","350","22","21_22","21","22",2,"[2]",407,"Upper",10,"Mobile Transfer ticket",1,"[PREMIUM]","[PREMIUM]","[PREMIUM]","[PREMIUM]",true,false,"['Clear view']","2026-09-24 15:32:24"
"13919447784","2026-09-24 23:12:08.297","2026-09-29 05:25:39.056","13919447784","160435855","[PREMIUM]","[PREMIUM]","113","A","_",,,2,"[2]",594,"Lower",10,"Mobile Transfer ticket",1,"[PREMIUM]","[PREMIUM]","[PREMIUM]","[PREMIUM]",true,false,"['Front Row of Section','Clear view']","2026-09-03 21:28:38"
"13920778729","2026-09-24 23:12:08.297","2026-10-01 05:23:41.185","13920778729","160435855","[PREMIUM]","[PREMIUM]","124","A","_",,,2,"[2]",594,"Lower",10,"Mobile Transfer ticket",1,"[PREMIUM]","[PREMIUM]","[PREMIUM]","[PREMIUM]",true,false,"['Front Row of Section','Clear view']","2026-09-03 23:29:59"
"14053538357","2026-09-24 23:12:07.406","2026-10-06 22:12:54.028","14053538357","160427234","[PREMIUM]","[PREMIUM]","203B","17","13_14","13",,2,"[2]",471,"Middle",10,"Mobile Transfer ticket",14,"[PREMIUM]","[PREMIUM]","[PREMIUM]","[PREMIUM]",true,false,"['Clear view']","2026-09-15 19:23:00"
"14142957395","2026-09-24 23:12:07.406","2026-10-07 22:12:11.659","14142957395","160427234","[PREMIUM]","[PREMIUM]","224B","13","9_12","9",,4,"[1,2,4]",471,"Middle",10,"Mobile Transfer ticket",1,"[PREMIUM]","[PREMIUM]","[PREMIUM]","[PREMIUM]",true,false,"['Clear view']","2026-09-22 18:48:35"
"13920779083","2026-09-24 23:12:07.080","2026-09-28 05:22:07.720","13920779083","160435855","[PREMIUM]","[PREMIUM]","110","C","_",,,2,"[2]",594,"Lower",10,"Mobile Transfer ticket",1,"[PREMIUM]","[PREMIUM]","[PREMIUM]","[PREMIUM]",true,false,"['Third Row of Section','Clear view']","2026-09-03 23:30:00"
"13875492009","2026-09-24 23:12:06.903","2026-09-25 23:40:22.820","13875492009","160435855","[PREMIUM]","[PREMIUM]","236","L","_",,,4,"[2,4]",471,"Middle",10,"Mobile Transfer ticket",14,"[PREMIUM]","[PREMIUM]","[PREMIUM]","[PREMIUM]",true,false,"['Includes club access','Clear view']","2026-08-31 14:36:14"
"12802783315","2026-09-24 23:12:06.767","2026-10-07 05:33:15.625","12802783315","160435855","[PREMIUM]","[PREMIUM]","236","G","_",,,2,"[2]",471,"Middle",10,"Mobile Transfer ticket",14,"[PREMIUM]","[PREMIUM]","[PREMIUM]","[PREMIUM]",true,false,"['Includes club access','Clear view']","2026-05-24 17:15:58"
"14028353330","2026-09-24 23:12:06.411","2026-10-01 05:23:36.576","14028353330","160435855","[PREMIUM]","[PREMIUM]","114","D","_",,,2,"[2]",594,"Lower",10,"Mobile Transfer ticket",1,"[PREMIUM]","[PREMIUM]","[PREMIUM]","[PREMIUM]",true,false,"['Clear view']","2026-09-13 11:54:21"
"13920778605","2026-09-24 23:12:06.311","2026-10-01 05:23:33.856","13920778605","160435855","[PREMIUM]","[PREMIUM]","127","G","_",,,4,"[2,4]",594,"Lower",10,"Mobile Transfer ticket",1,"[PREMIUM]","[PREMIUM]","[PREMIUM]","[PREMIUM]",true,false,"['Clear view']","2026-09-03 23:29:59"
"13920779207","2026-09-24 23:12:06.311","2026-10-01 05:23:33.856","13920779207","160435855","[PREMIUM]","[PREMIUM]","106","C","_",,,2,"[2]",594,"Lower",10,"Mobile Transfer ticket",1,"[PREMIUM]","[PREMIUM]","[PREMIUM]","[PREMIUM]",true,false,"['Third Row of Section','Clear view']","2026-09-03 23:30:00"
"14178295296","2026-09-24 23:12:06.106","2026-09-28 05:21:59.443","14178295296","160435855","[PREMIUM]","[PREMIUM]","204",,"_",,,2,"[1,2]",471,"Middle",10,"Mobile Transfer ticket",1,"[PREMIUM]","[PREMIUM]","[PREMIUM]","[PREMIUM]",true,true,"['Clear view']","2026-09-24 20:57:42"
"13983801626","2026-09-24 23:12:05.501","2026-09-27 23:06:10.672","13983801626","160435855","[PREMIUM]","[PREMIUM]","231","B","_",,,2,"[2]",471,"Middle",10,"Mobile Transfer ticket",1,"[PREMIUM]","[PREMIUM]","[PREMIUM]","[PREMIUM]",true,false,"['Second Row of Section','Clear view']","2026-09-09 22:20:10"
"13983806996","2026-09-24 23:12:05.501","2026-09-27 23:06:10.672","13983806996","160435855","[PREMIUM]","[PREMIUM]","231","G","_",,,12,"[1,2,3,4,5,6,7,8,9,10,12]",471,"Middle",10,"Mobile Transfer ticket",1,"[PREMIUM]","[PREMIUM]","[PREMIUM]","[PREMIUM]",true,false,"['Clear view']","2026-09-09 22:20:40"
"13983806998","2026-09-24 23:12:05.501","2026-09-27 23:06:11.435","13983806998","160435855","[PREMIUM]","[PREMIUM]","231","E","_",,,8,"[1,2,3,4,5,6,8]",471,"Middle",10,"Mobile Transfer ticket",1,"[PREMIUM]","[PREMIUM]","[PREMIUM]","[PREMIUM]",true,false,"['Clear view']","2026-09-09 22:20:40"
"14179050761","2026-09-24 23:12:04.825","2026-09-25 23:40:39.740","14179050761","160427234","[PREMIUM]","[PREMIUM]","346","12","9001_9002","9001",,2,"[2]",407,"Upper",11,"Mobile ticket",1,"[PREMIUM]","[PREMIUM]","[PREMIUM]","[PREMIUM]",true,false,"['Clear view']","2026-09-24 21:49:59"
"13983174279","2026-09-24 23:12:04.500","2026-10-07 22:12:12.923","13983174279","160435854","[PREMIUM]","[PREMIUM]","239","P","_",,,10,"[1,2,3,4,5,6,8,10]",471,"Middle",10,"Mobile Transfer ticket",14,"[PREMIUM]","[PREMIUM]","[PREMIUM]","[PREMIUM]",true,false,"['Includes club access','Clear view']","2026-09-09 21:13:32"
"14177062513","2026-09-24 23:12:04.500","2026-10-01 22:09:22.645","14177062513","160435854","[PREMIUM]","[PREMIUM]","109","L","7_8","7",,2,"[2]",594,"Lower",10,"Mobile Transfer ticket",1,"[PREMIUM]","[PREMIUM]","[PREMIUM]","[PREMIUM]",true,false,"['Clear view']","2026-09-24 19:26:09"
"12994706063","2026-09-24 23:12:04.430","2026-10-04 22:09:10.846","12994706063","160427234","[PREMIUM]","[PREMIUM]","326","10","_",,,4,"[2,4]",407,"Upper",10,"Mobile Transfer ticket",1,"[PREMIUM]","[PREMIUM]","[PREMIUM]","[PREMIUM]",true,false,"['Clear view']","2026-06-11 01:59:10"
"14053571344","2026-09-24 23:12:04.370","2026-09-25 23:40:39.695","14053571344","160427234","[PREMIUM]","[PREMIUM]","349","13","3_9","3",,7,"[1,2,3,4,5,7]",407,"Upper",10,"Mobile Transfer ticket",14,"[PREMIUM]","[PREMIUM]","[PREMIUM]","[PREMIUM]",true,false,"['Clear view']","2026-09-15 19:26:52"
"14053571527","2026-09-24 23:12:04.370","2026-10-05 22:10:08.598","14053571527","160427234","[PREMIUM]","[PREMIUM]","347","13","10_13","10",,4,"[1,2,4]",407,"Upper",10,"Mobile Transfer ticket",14,"[PREMIUM]","[PREMIUM]","[PREMIUM]","[PREMIUM]",true,false,"['Clear view']","2026-09-15 19:26:53"
"14143421477","2026-09-24 23:12:04.154","2026-10-04 22:09:07.247","14143421477","160427234","[PREMIUM]","[PREMIUM]","304","13","17_20","17",,4,"[1,2,4]",407,"Upper",10,"Mobile Transfer ticket",14,"[PREMIUM]","[PREMIUM]","[PREMIUM]","[PREMIUM]",true,false,"['Clear view']","2026-09-22 19:20:44"
"14143418683","2026-09-24 23:12:04.154","2026-10-04 22:09:07.247","14143418683","160427234","[PREMIUM]","[PREMIUM]","332","22","5_8","5",,4,"[1,2,4]",407,"Upper",10,"Mobile Transfer ticket",14,"[PREMIUM]","[PREMIUM]","[PREMIUM]","[PREMIUM]",true,false,"['Clear view']","2026-09-22 19:20:28"
"14143418673","2026-09-24 23:12:04.154","2026-10-04 22:09:07.303","14143418673","160427234","[PREMIUM]","[PREMIUM]","332","23","17_18","17",,2,"[2]",407,"Upper",10,"Mobile Transfer ticket",14,"[PREMIUM]","[PREMIUM]","[PREMIUM]","[PREMIUM]",true,false,"['Clear view']","2026-09-22 19:20:28"
"14173456389","2026-09-24 23:12:04.154","2026-10-04 22:09:07.247","14173456389","160427234","[PREMIUM]","[PREMIUM]","332","21","33_34","33",,2,"[2]",407,"Upper",10,"Mobile Transfer ticket",14,"[PREMIUM]","[PREMIUM]","[PREMIUM]","[PREMIUM]",true,false,"['Clear view']","2026-09-24 15:30:14"
"14053588899","2026-09-24 23:12:04.051","2026-10-07 22:12:11.596","14053588899","160427234","[PREMIUM]","[PREMIUM]","306","13","3_7","3",,5,"[1,2,3,5]",407,"Upper",10,"Mobile Transfer ticket",14,"[PREMIUM]","[PREMIUM]","[PREMIUM]","[PREMIUM]",true,false,"['Clear view']","2026-09-15 19:28:05"
"14053588634","2026-09-24 23:12:04.051","2026-10-06 22:12:53.439","14053588634","160427234","[PREMIUM]","[PREMIUM]","323","12","23_26","23",,4,"[1,2,4]",407,"Upper",10,"Mobile Transfer ticket",14,"[PREMIUM]","[PREMIUM]","[PREMIUM]","[PREMIUM]",true,false,"['Clear view']","2026-09-15 19:28:04"
"14143415801","2026-09-24 23:12:04.051","2026-10-04 22:09:06.656","14143415801","160427234","[PREMIUM]","[PREMIUM]","307","21","1_6","1",,6,"[1,2,3,4,6]",407,"Upper",10,"Mobile Transfer ticket",14,"[PREMIUM]","[PREMIUM]","[PREMIUM]","[PREMIUM]",true,false,"['Clear view']","2026-09-22 19:20:10"
"14143415784","2026-09-24 23:12:04.051","2026-10-04 22:09:07.303","14143415784","160427234","[PREMIUM]","[PREMIUM]","307","19","26_31","26",,6,"[1,2,3,4,6]",407,"Upper",10,"Mobile Transfer ticket",14,"[PREMIUM]","[PREMIUM]","[PREMIUM]","[PREMIUM]",true,false,"['Clear view']","2026-09-22 19:20:10"
"14143404048","2026-09-24 23:12:04.027","2026-10-04 22:09:04.665","14143404048","160427234","[PREMIUM]","[PREMIUM]","326","15","5_8","5",,4,"[1,2,4]",407,"Upper",10,"Mobile Transfer ticket",14,"[PREMIUM]","[PREMIUM]","[PREMIUM]","[PREMIUM]",true,false,"['Clear view']","2026-09-22 19:19:07"
"14143404026","2026-09-24 23:12:04.027","2026-10-04 22:09:04.665","14143404026","160427234","[PREMIUM]","[PREMIUM]","327","15","18_19","18",,2,"[2]",407,"Upper",10,"Mobile Transfer ticket",14,"[PREMIUM]","[PREMIUM]","[PREMIUM]","[PREMIUM]",true,false,"['Clear view']","2026-09-22 19:19:07"
"14172529878","2026-09-24 23:12:04.027","2026-10-04 22:09:04.665","14172529878","160427234","[PREMIUM]","[PREMIUM]","302","15","15_16","15",,2,"[2]",407,"Upper",10,"Mobile Transfer ticket",14,"[PREMIUM]","[PREMIUM]","[PREMIUM]","[PREMIUM]",true,false,"['Clear view']","2026-09-24 14:45:06"
"14053528157","2026-09-24 23:12:03.840","2026-10-04 22:09:04.665","14053528157","160427234","[PREMIUM]","[PREMIUM]","307","24","4_9","4",,6,"[1,2,3,4,6]",407,"Upper",10,"Mobile Transfer ticket",14,"[PREMIUM]","[PREMIUM]","[PREMIUM]","[PREMIUM]",true,false,"['Clear view']","2026-09-15 19:21:21"
"14053528180","2026-09-24 23:12:03.840","2026-10-04 22:09:04.665","14053528180","160427234","[PREMIUM]","[PREMIUM]","308","24","7_8","7",,2,"[2]",407,"Upper",10,"Mobile Transfer ticket",14,"[PREMIUM]","[PREMIUM]","[PREMIUM]","[PREMIUM]",true,false,"['Clear view']","2026-09-15 19:21:21"
"14143415786","2026-09-24 23:12:03.840","2026-10-04 22:09:06.656","14143415786","160427234","[PREMIUM]","[PREMIUM]","308","23","11_12","11",,2,"[2]",407,"Upper",10,"Mobile Transfer ticket",14,"[PREMIUM]","[PREMIUM]","[PREMIUM]","[PREMIUM]",true,false,"['Clear view']","2026-09-22 19:20:10"
"14143415779","2026-09-24 23:12:03.840","2026-10-04 22:09:06.656","14143415779","160427234","[PREMIUM]","[PREMIUM]","307","23","27_28","27",,2,"[2]",407,"Upper",10,"Mobile Transfer ticket",14,"[PREMIUM]","[PREMIUM]","[PREMIUM]","[PREMIUM]",true,false,"['Clear view']","2026-09-22 19:20:10"
"14053528187","2026-09-24 23:12:03.746","2026-10-04 22:09:04.665","14053528187","160427234","[PREMIUM]","[PREMIUM]","308","25","8_13","8",,6,"[1,2,3,4,6]",407,"Upper",10,"Mobile Transfer ticket",14,"[PREMIUM]","[PREMIUM]","[PREMIUM]","[PREMIUM]",true,false,"['Clear view']","2026-09-15 19:21:21"
"14053528137","2026-09-24 23:12:03.746","2026-10-07 22:12:11.516","14053528137","160427234","[PREMIUM]","[PREMIUM]","308","26","5_6","5",,2,"[2]",407,"Upper",10,"Mobile Transfer ticket",14,"[PREMIUM]","[PREMIUM]","[PREMIUM]","[PREMIUM]",true,false,"['Clear view']","2026-09-15 19:21:21"
"14053528142","2026-09-24 23:12:03.746","2026-10-05 22:10:07.898","14053528142","160427234","[PREMIUM]","[PREMIUM]","307","25","35_38","35",,4,"[1,2,4]",407,"Upper",10,"Mobile Transfer ticket",14,"[PREMIUM]","[PREMIUM]","[PREMIUM]","[PREMIUM]",true,false,"['Clear view']","2026-09-15 19:21:21"
"14175248864","2026-09-24 23:12:03.746","2026-10-07 22:12:11.596","14175248864","160427234","[PREMIUM]","[PREMIUM]","311","20","11_12","11","12",2,"[2]",407,"Upper",10,"Mobile Transfer ticket",1,"[PREMIUM]","[PREMIUM]","[PREMIUM]","[PREMIUM]",true,false,"['Clear view']","2026-09-24 17:11:50"
"14143304590","2026-09-24 23:12:03.009","2026-09-25 23:39:45.448","14143304590","160436500","[PREMIUM]","[PREMIUM]","337W","A","_",,,2,"[2]",8724,"Upper Charter",10,"Mobile Transfer ticket",1,"[PREMIUM]","[PREMIUM]","[PREMIUM]","[PREMIUM]",true,false,"['Front Row of Section','Clear view']","2026-09-22 19:12:50"
"14173133348","2026-09-24 23:12:03.009","2026-09-25 23:39:45.448","14173133348","160436500","[PREMIUM]","[PREMIUM]","CLB205","B","_",,,2,"[2]",17344,"Middle 200-Level",10,"Mobile Transfer ticket",1,"[PREMIUM]","[PREMIUM]","[PREMIUM]","[PREMIUM]",true,false,"['Second Row of Section','Clear view']","2026-09-24 15:15:01"
"14180140996","2026-09-24 23:12:03.009","2026-09-25 23:39:45.448","14180140996","160436500","[PREMIUM]","[PREMIUM]","145","B","_",,,2,"[2]",17337,"Lower 100-Level",10,"Mobile Transfer ticket",1,"[PREMIUM]","[PREMIUM]","[PREMIUM]","[PREMIUM]",true,false,"['Second Row of Section','Clear view']","2026-09-24 22:58:30"
"14168301255","2026-09-24 23:12:00.896","2026-09-24 23:12:00.896","14168301255","160436256","[PREMIUM]","[PREMIUM]","305","7","9001_9002","9001",,2,"[2]",1713,"Middle Level",10,"Mobile Transfer ticket",13,"[PREMIUM]","[PREMIUM]","[PREMIUM]","[PREMIUM]",true,false,"['Clear view']","2026-09-24 09:01:49"
"14143404093","2026-09-24 23:11:58.616","2026-10-04 22:09:06.873","14143404093","160427234","[PREMIUM]","[PREMIUM]","327","17","17_20","17",,4,"[1,2,4]",407,"Upper",10,"Mobile Transfer ticket",14,"[PREMIUM]","[PREMIUM]","[PREMIUM]","[PREMIUM]",true,false,"['Clear view']","2026-09-22 19:19:07"
"14143404033","2026-09-24 23:11:58.616","2026-10-07 22:12:11.631","14143404033","160427234","[PREMIUM]","[PREMIUM]","325","17","21_28","21",,8,"[1,2,3,4,5,6,8]",407,"Upper",10,"Mobile Transfer ticket",14,"[PREMIUM]","[PREMIUM]","[PREMIUM]","[PREMIUM]",true,false,"['Clear view']","2026-09-22 19:19:07"
"14143404009","2026-09-24 23:11:58.616","2026-10-04 22:09:06.873","14143404009","160427234","[PREMIUM]","[PREMIUM]","350","18","21_22","21",,2,"[2]",407,"Upper",10,"Mobile Transfer ticket",14,"[PREMIUM]","[PREMIUM]","[PREMIUM]","[PREMIUM]",true,false,"['Clear view']","2026-09-22 19:19:07"
"14143404006","2026-09-24 23:11:58.616","2026-10-07 22:12:11.631","14143404006","160427234","[PREMIUM]","[PREMIUM]","302","17","12_13","12",,2,"[2]",407,"Upper",10,"Mobile Transfer ticket",14,"[PREMIUM]","[PREMIUM]","[PREMIUM]","[PREMIUM]",true,false,"['Clear view']","2026-09-22 19:19:07"
"14173465466","2026-09-24 23:11:58.616","2026-10-04 22:09:15.744","14173465466","160427234","[PREMIUM]","[PREMIUM]","331","19","19_22","19",,4,"[1,2,4]",407,"Upper",10,"Mobile Transfer ticket",14,"[PREMIUM]","[PREMIUM]","[PREMIUM]","[PREMIUM]",true,false,"['Clear view']","2026-09-24 15:30:48"
"14053517688","2026-09-24 23:11:58.053","2026-09-30 22:10:07.593","14053517688","160427234","[PREMIUM]","[PREMIUM]","305","25","24_25","24",,2,"[2]",407,"Upper",10,"Mobile Transfer ticket",14,"[PREMIUM]","[PREMIUM]","[PREMIUM]","[PREMIUM]",true,false,"['Clear view']","2026-09-15 19:20:13"
"14053517534","2026-09-24 23:11:58.053","2026-10-07 22:12:13.030","14053517534","160427234","[PREMIUM]","[PREMIUM]","306","25","18_19","18",,2,"[2]",407,"Upper",10,"Mobile Transfer ticket",14,"[PREMIUM]","[PREMIUM]","[PREMIUM]","[PREMIUM]",true,false,"['Clear view']","2026-09-15 19:20:12"
"14053517654","2026-09-24 23:11:58.053","2026-10-07 22:12:13.030","14053517654","160427234","[PREMIUM]","[PREMIUM]","304","26","9_10","9",,2,"[2]",407,"Upper",10,"Mobile Transfer ticket",14,"[PREMIUM]","[PREMIUM]","[PREMIUM]","[PREMIUM]",true,false,"['Clear view']","2026-09-15 19:20:13"
"14053501587","2026-09-24 23:11:58.053","2026-10-07 22:12:10.677","14053501587","160427234","[PREMIUM]","[PREMIUM]","350","25","23_26","23",,4,"[1,2,4]",407,"Upper",10,"Mobile Transfer ticket",14,"[PREMIUM]","[PREMIUM]","[PREMIUM]","[PREMIUM]",true,false,"['Clear view']","2026-09-15 19:18:25"
"14053501493","2026-09-24 23:11:58.053","2026-10-04 22:08:51.580","14053501493","160427234","[PREMIUM]","[PREMIUM]","301","23","3_8","3",,6,"[1,2,3,4,6]",407,"Upper",10,"Mobile Transfer ticket",14,"[PREMIUM]","[PREMIUM]","[PREMIUM]","[PREMIUM]",true,false,"['Clear view']","2026-09-15 19:18:24"
"13919704737","2026-09-24 23:11:57.215","2026-10-07 22:12:24.965","13919704737","160435854","[PREMIUM]","[PREMIUM]","121","C","_",,,2,"[2]",594,"Lower",10,"Mobile Transfer ticket",1,"[PREMIUM]","[PREMIUM]","[PREMIUM]","[PREMIUM]",true,false,"['Third Row of Section','Clear view']","2026-09-03 21:50:58"
"14173063075","2026-09-24 23:11:57.215","2026-09-24 23:11:57.215","14173063075","160435854","[PREMIUM]","[PREMIUM]","238","H","_",,,12,"[1,2,3,4,5,6,7,8,10,12]",471,"Middle",10,"Mobile Transfer ticket",14,"[PREMIUM]","[PREMIUM]","[PREMIUM]","[PREMIUM]",true,false,"['Includes club access','Clear view']","2026-09-24 15:12:15"
"14178559889","2026-09-24 23:11:57.215","2026-09-24 23:11:57.215","14178559889","160435854","[PREMIUM]","[PREMIUM]","233","V","_",,,8,"[1,2,3,4,6,8]",471,"Middle",10,"Mobile Transfer ticket",14,"[PREMIUM]","[PREMIUM]","[PREMIUM]","[PREMIUM]",true,false,"['Includes club access','Clear view']","2026-09-24 21:15:28"
"13919707853","2026-09-24 23:11:56.485","2026-10-03 22:09:54.836","13919707853","160435854","[PREMIUM]","[PREMIUM]","239","D","_",,,2,"[2]",471,"Middle",10,"Mobile Transfer ticket",1,"[PREMIUM]","[PREMIUM]","[PREMIUM]","[PREMIUM]",true,false,"['Clear view']","2026-09-03 21:51:04"
"13919708995","2026-09-24 23:11:56.485","2026-10-03 22:09:54.836","13919708995","160435854","[PREMIUM]","[PREMIUM]","231","B","_",,,2,"[2]",471,"Middle",10,"Mobile Transfer ticket",1,"[PREMIUM]","[PREMIUM]","[PREMIUM]","[PREMIUM]",true,false,"['Second Row of Section','Clear view']","2026-09-03 21:51:08"
"14178559715","2026-09-24 23:11:56.485","2026-09-24 23:11:56.485","14178559715","160435854","[PREMIUM]","[PREMIUM]","238","V","_",,,2,"[2]",471,"Middle",10,"Mobile Transfer ticket",14,"[PREMIUM]","[PREMIUM]","[PREMIUM]","[PREMIUM]",true,false,"['Includes club access','Clear view']","2026-09-24 21:15:27"
"14178559805","2026-09-24 23:11:56.485","2026-09-24 23:11:56.485","14178559805","160435854","[PREMIUM]","[PREMIUM]","233","X","_",,,2,"[2]",471,"Middle",10,"Mobile Transfer ticket",14,"[PREMIUM]","[PREMIUM]","[PREMIUM]","[PREMIUM]",true,false,"['Includes club access','Clear view']","2026-09-24 21:15:27"
"14180390660","2026-09-24 23:11:56.152","2026-09-24 23:11:56.152","14180390660","160435854","[PREMIUM]","[PREMIUM]","240","A","1_2","1","2",2,"[2]",471,"Middle",10,"Mobile Transfer ticket",1,"[PREMIUM]","[PREMIUM]","[PREMIUM]","[PREMIUM]",true,false,"['Clear view']","2026-09-24 23:11:15"
"14180143175","2026-09-24 23:11:55.444","2026-09-24 23:11:56.064","14180143175","160435854","[PREMIUM]","[PREMIUM]","310","A","9_12","9",,4,"[1,2,4]",407,"Upper",10,"Mobile Transfer ticket",1,"[PREMIUM]","[PREMIUM]","[PREMIUM]","[PREMIUM]",true,false,"['Front Row of Section','Clear view']","2026-09-24 22:58:38"
"14143356509","2026-09-24 23:11:55.324","2026-09-25 23:39:42.774","14143356509","160436500","[PREMIUM]","[PREMIUM]","CLB211","U","_",,,2,"[2]",17344,"Middle 200-Level",10,"Mobile Transfer ticket",1,"[PREMIUM]","[PREMIUM]","[PREMIUM]","[PREMIUM]",true,false,"['Clear view']","2026-09-22 19:16:11"
"14172328957","2026-09-24 23:11:55.324","2026-10-07 05:29:23.938","14172328957","160436500","[PREMIUM]","[PREMIUM]","239","E","_",,,4,"[4]",17344,"Middle 200-Level",10,"Mobile Transfer ticket",1,"[PREMIUM]","[PREMIUM]","[PREMIUM]","[PREMIUM]",true,false,"['Home Side','Clear view']","2026-09-24 14:35:45"
"14143137673","2026-09-24 23:11:55.227","2026-09-25 23:39:49.218","14143137673","160436500","[PREMIUM]","[PREMIUM]","235","V","_",,,2,"[2]",17344,"Middle 200-Level",10,"Mobile Transfer ticket",1,"[PREMIUM]","[PREMIUM]","[PREMIUM]","[PREMIUM]",true,false,"['Clear view']","2026-09-22 19:00:25"
"14168319829","2026-09-24 23:11:55.225","2026-09-24 23:11:55.225","14168319829","160436500","[PREMIUM]","[PREMIUM]","128","DD","9001_9003","9001",,3,"[3]",17337,"Lower 100-Level",10,"Mobile Transfer ticket",13,"[PREMIUM]","[PREMIUM]","[PREMIUM]","[PREMIUM]",true,false,"['Clear view']","2026-09-24 09:03:49"
"13918916428","2026-09-24 23:11:55.075","2026-09-25 23:39:08.898","13918916428","160435854","[PREMIUM]","[PREMIUM]","310","B","_",,,2,"[2]",407,"Upper",10,"Mobile Transfer ticket",1,"[PREMIUM]","[PREMIUM]","[PREMIUM]","[PREMIUM]",true,false,"['Second Row of Section','Clear view']","2026-09-03 20:37:33"
"13918916439","2026-09-24 23:11:55.075","2026-10-07 22:12:12.902","13918916439","160435854","[PREMIUM]","[PREMIUM]","309","B","_",,,2,"[2]",407,"Upper",10,"Mobile Transfer ticket",1,"[PREMIUM]","[PREMIUM]","[PREMIUM]","[PREMIUM]",true,false,"['Second Row of Section','Clear view']","2026-09-03 20:37:34"
"14180305847","2026-09-24 23:11:55.062","2026-09-25 23:40:03.136","14180305847","160436500","[PREMIUM]","[PREMIUM]","CLB213","H","_",,,2,"[2]",17344,"Middle 200-Level",10,"Mobile Transfer ticket",1,"[PREMIUM]","[PREMIUM]","[PREMIUM]","[PREMIUM]",true,false,"['Clear view']","2026-09-24 23:07:47"
"14143135957","2026-09-24 23:11:54.846","2026-09-25 23:39:45.530","14143135957","160436500","[PREMIUM]","[PREMIUM]","CLB206","B","_",,,2,"[2]",17344,"Middle 200-Level",10,"Mobile Transfer ticket",1,"[PREMIUM]","[PREMIUM]","[PREMIUM]","[PREMIUM]",true,false,"['Second Row of Section','Clear view']","2026-09-22 19:00:16"
"14175745922","2026-09-24 23:11:54.846","2026-09-29 05:22:02.345","14175745922","160436500","[PREMIUM]","[PREMIUM]","233","J","_",,,4,"[4]",17344,"Middle 200-Level",10,"Mobile Transfer ticket",1,"[PREMIUM]","[PREMIUM]","[PREMIUM]","[PREMIUM]",true,false,"['Clear view']","2026-09-24 17:50:04"
"14168442703","2026-09-24 23:11:54.829","2026-09-26 05:21:23.613","14168442703","160435855","[PREMIUM]","[PREMIUM]","238","T","_",,,12,"[1,2,3,4,5,6,7,8,10,12]",471,"Middle",10,"Mobile Transfer ticket",14,"[PREMIUM]","[PREMIUM]","[PREMIUM]","[PREMIUM]",true,false,"['Includes club access','Clear view']","2026-09-24 09:20:59"
"14168442761","2026-09-24 23:11:54.829","2026-09-26 05:21:23.613","14168442761","160435855","[PREMIUM]","[PREMIUM]","233","T","_",,,11,"[1,2,3,4,5,6,7,9,11]",471,"Middle",10,"Mobile Transfer ticket",14,"[PREMIUM]","[PREMIUM]","[PREMIUM]","[PREMIUM]",true,false,"['Includes club access','Clear view']","2026-09-24 09:21:00"
"14168442777","2026-09-24 23:11:54.829","2026-10-07 05:33:15.628","14168442777","160435855","[PREMIUM]","[PREMIUM]","233","W","_",,,8,"[1,2,3,4,6,8]",471,"Middle",10,"Mobile Transfer ticket",14,"[PREMIUM]","[PREMIUM]","[PREMIUM]","[PREMIUM]",true,false,"['Includes club access','Clear view']","2026-09-24 09:21:00"
"14143147329","2026-09-24 23:11:54.770","2026-09-24 23:11:54.770","14143147329","160436500","[PREMIUM]","[PREMIUM]","CLB206","I","_",,,2,"[2]",17344,"Middle 200-Level",10,"Mobile Transfer ticket",1,"[PREMIUM]","[PREMIUM]","[PREMIUM]","[PREMIUM]",true,false,"['Clear view']","2026-09-22 19:01:29"
"14178386154","2026-09-24 23:11:54.770","2026-09-28 05:18:47.823","14178386154","160436500","[PREMIUM]","[PREMIUM]","236","AA","_",,,2,"[1,2]",17344,"Middle 200-Level",10,"Mobile Transfer ticket",1,"[PREMIUM]","[PREMIUM]","[PREMIUM]","[PREMIUM]",true,false,"['Clear view']","2026-09-24 21:04:11"
"14031465864","2026-09-24 23:11:54.347","2026-09-28 05:18:51.360","14031465864","160436500","[PREMIUM]","[PREMIUM]","CHR133","D","_",,,4,"[4]",17747,"Lower Charter",10,"Mobile Transfer ticket",1,"[PREMIUM]","[PREMIUM]","[PREMIUM]","[PREMIUM]",true,false,"['Clear view']","2026-09-13 18:45:43"
"14179499655","2026-09-24 23:11:54.292","2026-09-24 23:11:54.292","14179499655","160435854","[PREMIUM]","[PREMIUM]","143","S","_",,,13,"[1,2,3,4,5,6,7,8,9,11,13]",594,"Lower",10,"Mobile Transfer ticket",14,"[PREMIUM]","[PREMIUM]","[PREMIUM]","[PREMIUM]",true,false,"['Clear view']","2026-09-24 22:16:18"
"14179499637","2026-09-24 23:11:54.292","2026-10-07 22:12:11.984","14179499637","160435854","[PREMIUM]","[PREMIUM]","143","U","_",,,7,"[1,2,3,5,7]",594,"Lower",10,"Mobile Transfer ticket",14,"[PREMIUM]","[PREMIUM]","[PREMIUM]","[PREMIUM]",true,false,"['Clear view']","2026-09-24 22:16:18"
"14158782633","2026-09-24 23:11:54.176","2026-09-24 23:11:54.176","14158782633","160435854","[PREMIUM]","[PREMIUM]","132","N","_",,,6,"[1,2,4,6]",594,"Lower",10,"Mobile Transfer ticket",14,"[PREMIUM]","[PREMIUM]","[PREMIUM]","[PREMIUM]",true,false,"['Clear view']","2026-09-23 18:29:25"
"14167483473","2026-09-24 23:11:54.153","2026-09-24 23:11:54.153","14167483473","160436500","[PREMIUM]","[PREMIUM]","307W","B","9001_9002","9001",,2,"[2]",8724,"Upper Charter",10,"Mobile Transfer ticket",13,"[PREMIUM]","[PREMIUM]","[PREMIUM]","[PREMIUM]",true,false,"['Second Row of Section','Clear view']","2026-09-24 07:33:19"
"14167889712","2026-09-24 23:11:54.153","2026-09-24 23:11:54.153","14167889712","160436500","[PREMIUM]","[PREMIUM]","148","F","9001_9003","9001",,3,"[3]",17337,"Lower 100-Level",10,"Mobile Transfer ticket",13,"[PREMIUM]","[PREMIUM]","[PREMIUM]","[PREMIUM]",true,false,"['Clear view']","2026-09-24 08:12:46"
"14043058264","2026-09-24 23:11:54.045","2026-09-29 05:22:02.062","14043058264","160436500","[PREMIUM]","[PREMIUM]","CLB211","G","_",,,2,"[2]",17344,"Middle 200-Level",10,"Mobile Transfer ticket",1,"[PREMIUM]","[PREMIUM]","[PREMIUM]","[PREMIUM]",true,false,"['Clear view']","2026-09-14 21:43:17"
"14159508896","2026-09-24 23:11:54.045","2026-10-07 05:29:24.899","14159508896","160436500","[PREMIUM]","[PREMIUM]","CHR136","N","13_16","13","16",4,"[2,4]",17747,"Lower Charter",10,"Mobile Transfer ticket",1,"[PREMIUM]","[PREMIUM]","[PREMIUM]","[PREMIUM]",true,false,"['Clear view']","2026-09-23 19:36:27"
"13919037282","2026-09-24 23:11:53.928","2026-10-07 22:12:12.341","13919037282","160435854","[PREMIUM]","[PREMIUM]","312","D","_",,,2,"[2]",407,"Upper",10,"Mobile Transfer ticket",1,"[PREMIUM]","[PREMIUM]","[PREMIUM]","[PREMIUM]",true,false,"['Clear view']","2026-09-03 20:48:12"
"14057403623","2026-09-24 23:11:53.928","2026-10-01 22:09:21.218","14057403623","160435854","[PREMIUM]","[PREMIUM]","226","A","_",,,2,"[2]",471,"Middle",10,"Mobile Transfer ticket",1,"[PREMIUM]","[PREMIUM]","[PREMIUM]","[PREMIUM]",true,false,"['Front Row of Section','Clear view']","2026-09-16 03:12:47"
"14178559894","2026-09-24 23:11:52.083","2026-09-24 23:11:52.083","14178559894","160435854","[PREMIUM]","[PREMIUM]","132","U","_",,,12,"[1,2,3,4,5,6,7,8,10,12]",594,"Lower",10,"Mobile Transfer ticket",14,"[PREMIUM]","[PREMIUM]","[PREMIUM]","[PREMIUM]",true,false,"['Clear view']","2026-09-24 21:15:28"
"14143386697","2026-09-24 23:11:51.926","2026-09-26 05:19:27.508","14143386697","160436500","[PREMIUM]","[PREMIUM]","312W","B","_",,,2,"[2]",8724,"Upper Charter",10,"Mobile Transfer ticket",1,"[PREMIUM]","[PREMIUM]","[PREMIUM]","[PREMIUM]",true,false,"['Second Row of Section','Clear view']","2026-09-22 19:17:58"
"14143364650","2026-09-24 23:11:51.926","2026-09-25 23:39:42.258","14143364650","160436500","[PREMIUM]","[PREMIUM]","305","B","_",,,2,"[2]",17345,"Upper 300-Level",10,"Mobile Transfer ticket",1,"[PREMIUM]","[PREMIUM]","[PREMIUM]","[PREMIUM]",true,false,"['Second Row of Section','Clear view']","2026-09-22 19:16:51"
"14180105721","2026-09-24 23:11:51.926","2026-09-26 05:19:27.508","14180105721","160436500","[PREMIUM]","[PREMIUM]","127","J","_",,,2,"[2]",17337,"Lower 100-Level",10,"Mobile Transfer ticket",1,"[PREMIUM]","[PREMIUM]","[PREMIUM]","[PREMIUM]",true,false,"['Third Row of Section','Clear view']","2026-09-24 22:56:09"
"14031619916","2026-09-24 23:11:51.908","2026-10-03 22:09:48.273","14031619916","160435854","[PREMIUM]","[PREMIUM]","118","Y","_",,,9,"[1,2,3,4,5,7,9]",594,"Lower",10,"Mobile Transfer ticket",14,"[PREMIUM]","[PREMIUM]","[PREMIUM]","[PREMIUM]",true,false,"['Clear view']","2026-09-13 19:01:09"
"14158782616","2026-09-24 23:11:51.908","2026-10-03 22:09:48.273","14158782616","160435854","[PREMIUM]","[PREMIUM]","118","W","_",,,6,"[1,2,4,6]",594,"Lower",10,"Mobile Transfer ticket",14,"[PREMIUM]","[PREMIUM]","[PREMIUM]","[PREMIUM]",true,false,"['Clear view']","2026-09-23 18:29:25"
"14165888723","2026-09-24 23:11:51.666","2026-10-02 05:23:16.322","14165888723","160436500","[PREMIUM]","[PREMIUM]","306W","A","21_22","21",,2,"[2]",8724,"Upper Charter",10,"Mobile Transfer ticket",14,"[PREMIUM]","[PREMIUM]","[PREMIUM]","[PREMIUM]",true,false,"['Limited or Obstructed View (printed on ticket)','Front Row of Section']","2026-09-24 05:26:24"
"14143495175","2026-09-24 23:11:51.591","2026-09-25 23:39:44.802","14143495175","160436500","[PREMIUM]","[PREMIUM]","338W","D","_",,,2,"[2]",8724,"Upper Charter",10,"Mobile Transfer ticket",1,"[PREMIUM]","[PREMIUM]","[PREMIUM]","[PREMIUM]",true,false,"['Clear view']","2026-09-22 19:25:49"
"14031450287","2026-09-24 23:11:51.280","2026-09-25 23:39:42.603","14031450287","160436500","[PREMIUM]","[PREMIUM]","123","D","_",,,2,"[2]",17337,"Lower 100-Level",10,"Mobile Transfer ticket",1,"[PREMIUM]","[PREMIUM]","[PREMIUM]","[PREMIUM]",true,false,"['Clear view']","2026-09-13 18:44:31"
"14169887769","2026-09-24 23:11:51.280","2026-09-24 23:11:51.280","14169887769","160436500","[PREMIUM]","[PREMIUM]","122","B","_",,,2,"[2]",17337,"Lower 100-Level",10,"Mobile Transfer ticket",1,"[PREMIUM]","[PREMIUM]","[PREMIUM]","[PREMIUM]",true,false,"['Second Row of Section','Clear view']","2026-09-24 12:08:14"
"14143251439","2026-09-24 23:11:51.245","2026-09-25 23:39:42.541","14143251439","160436500","[PREMIUM]","[PREMIUM]","120","B","_",,,2,"[2]",17337,"Lower 100-Level",10,"Mobile Transfer ticket",1,"[PREMIUM]","[PREMIUM]","[PREMIUM]","[PREMIUM]",true,false,"['Second Row of Section','Clear view']","2026-09-22 19:09:26"
"14168302443","2026-09-24 23:11:51.245","2026-09-24 23:11:51.245","14168302443","160436500","[PREMIUM]","[PREMIUM]","123","G","9001_9005","9001",,5,"[5]",17337,"Lower 100-Level",10,"Mobile Transfer ticket",13,"[PREMIUM]","[PREMIUM]","[PREMIUM]","[PREMIUM]",true,false,"['Clear view']","2026-09-24 09:01:54"
"14159371626","2026-09-24 23:11:50.609","2026-09-25 23:39:41.972","14159371626","160436500","[PREMIUM]","[PREMIUM]","CHR106","C","_",,,2,"[2]",17747,"Lower Charter",10,"Mobile Transfer ticket",1,"[PREMIUM]","[PREMIUM]","[PREMIUM]","[PREMIUM]",true,false,"['Actual 1st row of the section','Clear view']","2026-09-23 19:25:44"
"14165368257","2026-09-24 23:11:50.288","2026-10-07 05:33:15.322","14165368257","160435855","[PREMIUM]","[PREMIUM]","114","AA","_",,,11,"[1,2,3,4,5,6,7,8,9,11]",594,"Lower",10,"Mobile Transfer ticket",1,"[PREMIUM]","[PREMIUM]","[PREMIUM]","[PREMIUM]",true,false,"['Clear view']","2026-09-24 04:40:13"
"14050516386","2026-09-24 23:11:49.619","2026-10-07 05:08:02.045","14050516386","160427237","[PREMIUM]","[PREMIUM]","339","9","15_18","15","18",4,"[1,2,4]",407,"Upper",10,"Mobile Transfer ticket",1,"[PREMIUM]","[PREMIUM]","[PREMIUM]","[PREMIUM]",true,false,"['Clear view']","2026-09-15 14:21:31"
"14161084330","2026-09-24 23:11:49.619","2026-10-07 05:08:21.332","14161084330","160427237","[PREMIUM]","[PREMIUM]","123","23","1_2","1",,2,"[2]",594,"Lower",10,"Mobile Transfer ticket",1,"[PREMIUM]","[PREMIUM]","[PREMIUM]","[PREMIUM]",true,false,"['Clear view']","2026-09-23 21:41:25"
"14177411650","2026-09-24 23:11:49.619","2026-09-24 23:11:49.619","14177411650","160427237","[PREMIUM]","[PREMIUM]","342","1","9001_9002","9001",,2,"[2]",478,"Loge",10,"Mobile Transfer ticket",13,"[PREMIUM]","[PREMIUM]","[PREMIUM]","[PREMIUM]",true,false,"['Front Row of Section','Clear view']","2026-09-24 19:51:05"
"14166790300","2026-09-24 23:11:47.865","2026-09-24 23:11:47.865","14166790300","160427238","[PREMIUM]","[PREMIUM]","245A","3","9001_9002","9001",,2,"[2]",471,"Middle",10,"Mobile Transfer ticket",13,"[PREMIUM]","[PREMIUM]","[PREMIUM]","[PREMIUM]",true,false,"['Third Row of Section','Clear view']","2026-09-24 06:36:58"
"13674725764","2026-09-24 23:11:47.730","2026-10-07 05:06:42.407","13674725764","160427238","[PREMIUM]","[PREMIUM]","146","30","18_21","18","21",4,"[4]",594,"Lower",11,"Mobile ticket",1,"[PREMIUM]","[PREMIUM]","[PREMIUM]","[PREMIUM]",true,false,"['Clear view','Instant download']","2026-08-14 16:10:52"
"13962147017","2026-09-24 23:11:47.301","2026-10-07 22:12:20.336","13962147017","160435854","[PREMIUM]","[PREMIUM]","242","K","_",,,2,"[2]",471,"Middle",10,"Mobile Transfer ticket",1,"[PREMIUM]","[PREMIUM]","[PREMIUM]","[PREMIUM]",true,false,"['Clear view']","2026-09-08 01:49:42"
"14180039379","2026-09-24 23:11:47.301","2026-09-27 23:07:36.572","14180039379","160435854","[PREMIUM]","[PREMIUM]","106","P","18_21","18","21",4,"[2,4]",594,"Lower",10,"Mobile Transfer ticket",1,"[PREMIUM]","[PREMIUM]","[PREMIUM]","[PREMIUM]",true,false,"['Clear view']","2026-09-24 22:49:14"
"14159926587","2026-09-24 23:11:47.046","2026-10-05 22:10:09.905","14159926587","160435854","[PREMIUM]","[PREMIUM]","311","D","_",,,2,"[2]",407,"Upper",10,"Mobile Transfer ticket",1,"[PREMIUM]","[PREMIUM]","[PREMIUM]","[PREMIUM]",true,false,"['Clear view']","2026-09-23 20:07:23"
"14158782631","2026-09-24 23:11:46.557","2026-10-07 22:12:11.989","14158782631","160435854","[PREMIUM]","[PREMIUM]","127","J","_",,,4,"[2,4]",594,"Lower",10,"Mobile Transfer ticket",14,"[PREMIUM]","[PREMIUM]","[PREMIUM]","[PREMIUM]",true,false,"['Clear view']","2026-09-23 18:29:25"
"14178910794","2026-09-24 23:11:46.525","2026-09-24 23:11:46.525","14178910794","160427238","[PREMIUM]","[PREMIUM]","123","21","_",,,2,"[2]",594,"Lower",10,"Mobile Transfer ticket",1,"[PREMIUM]","[PREMIUM]","[PREMIUM]","[PREMIUM]",true,false,"['Clear view']","2026-09-24 21:36:29"
"14169586352","2026-09-24 23:11:46.192","2026-09-24 23:11:46.192","14169586352","160427238","[PREMIUM]","[PREMIUM]","346","5","9001_9002","9001",,2,"[2]",407,"Upper",10,"Mobile Transfer ticket",13,"[PREMIUM]","[PREMIUM]","[PREMIUM]","[PREMIUM]",true,false,"['Front Row of Section','Clear view']","2026-09-24 11:40:29"
"14165977688","2026-09-24 23:11:46.169","2026-09-24 23:11:46.169","14165977688","160427238","[PREMIUM]","[PREMIUM]","342","9","9001_9003","9001",,3,"[3]",407,"Upper",10,"Mobile Transfer ticket",13,"[PREMIUM]","[PREMIUM]","[PREMIUM]","[PREMIUM]",true,false,"['Clear view']","2026-09-24 05:34:01"
"14168506891","2026-09-24 23:11:46.169","2026-09-24 23:11:46.169","14168506891","160427238","[PREMIUM]","[PREMIUM]","229","3","9001_9004","9001",,4,"[4]",471,"Middle",10,"Mobile Transfer ticket",13,"[PREMIUM]","[PREMIUM]","[PREMIUM]","[PREMIUM]",true,false,"['Third Row of Section','Clear view']","2026-09-24 09:31:53"
"14170096474","2026-09-24 23:11:46.169","2026-09-24 23:11:46.169","14170096474","160427238","[PREMIUM]","[PREMIUM]","204","3","9001_9002","9001",,2,"[2]",471,"Middle",10,"Mobile Transfer ticket",13,"[PREMIUM]","[PREMIUM]","[PREMIUM]","[PREMIUM]",true,false,"['Third Row of Section','Clear view']","2026-09-24 12:29:16"
"14177778720","2026-09-24 23:11:43.845","2026-09-24 23:12:52.486","14177778720","160427237","[PREMIUM]","[PREMIUM]","336","5","9001_9002","9001",,2,"[2]",407,"Upper",10,"Mobile Transfer ticket",13,"[PREMIUM]","[PREMIUM]","[PREMIUM]","[PREMIUM]",true,false,"['Clear view']","2026-09-24 20:19:38"
"14178935555","2026-09-24 23:11:43.845","2026-09-24 23:12:52.486","14178935555","160427237","[PREMIUM]","[PREMIUM]","128","13","9001_9002","9001",,2,"[2]",594,"Lower",10,"Mobile Transfer ticket",13,"[PREMIUM]","[PREMIUM]","[PREMIUM]","[PREMIUM]",true,false,"['Clear view']","2026-09-24 21:38:34"
"14147704585","2026-09-24 23:11:43.591","2026-09-28 05:06:41.560","14147704585","160427238","[PREMIUM]","[PREMIUM]","149","37","_",,,2,"[2]",594,"Lower",10,"Mobile Transfer ticket",14,"[PREMIUM]","[PREMIUM]","[PREMIUM]","[PREMIUM]",true,false,"['Clear view']","2026-09-23 00:03:17"
"14147944010","2026-09-24 23:11:43.051","2026-09-24 23:11:43.051","14147944010","160427238","[PREMIUM]","[PREMIUM]","223","15","_",,,2,"[2]",471,"Middle",10,"Mobile Transfer ticket",14,"[PREMIUM]","[PREMIUM]","[PREMIUM]","[PREMIUM]",true,false,"['Clear view']","2026-09-23 00:16:42"
"14147589974","2026-09-24 23:11:43.051","2026-09-24 23:11:43.051","14147589974","160427238","[PREMIUM]","[PREMIUM]","121","45","_",,,2,"[2]",594,"Lower",10,"Mobile Transfer ticket",14,"[PREMIUM]","[PREMIUM]","[PREMIUM]","[PREMIUM]",true,false,"['Clear view']","2026-09-22 23:55:47"
"14177450230","2026-09-24 23:11:43.051","2026-09-24 23:11:43.051","14177450230","160427238","[PREMIUM]","[PREMIUM]","230A","9","9001_9002","9001",,2,"[2]",471,"Middle",11,"Mobile ticket",1,"[PREMIUM]","[PREMIUM]","[PREMIUM]","[PREMIUM]",true,false,"['Clear view']","2026-09-24 19:53:31"
"14041556620","2026-09-24 23:11:42.778","2026-09-24 23:11:42.778","14041556620","160427237","[PREMIUM]","[PREMIUM]","315","6","_",,,5,"[1,2,3,5]",407,"Upper",10,"Mobile Transfer ticket",1,"[PREMIUM]","[PREMIUM]","[PREMIUM]","[PREMIUM]",true,false,"['Clear view']","2026-09-14 18:47:08"
"14179008501","2026-09-24 23:11:42.391","2026-09-24 23:12:52.151","14179008501","160427237","[PREMIUM]","[PREMIUM]","246A","10","9001_9002","9001",,2,"[2]",471,"Middle",10,"Mobile Transfer ticket",13,"[PREMIUM]","[PREMIUM]","[PREMIUM]","[PREMIUM]",true,false,"['Clear view']","2026-09-24 21:45:23"
"14177228636","2026-09-24 23:11:41.749","2026-09-24 23:11:41.749","14177228636","160427237","[PREMIUM]","[PREMIUM]","232A","4","9001_9002","9001",,2,"[2]",471,"Middle",10,"Mobile Transfer ticket",13,"[PREMIUM]","[PREMIUM]","[PREMIUM]","[PREMIUM]",true,false,"['Clear view']","2026-09-24 19:39:53"
"14143141930","2026-09-24 23:11:40.195","2026-09-24 23:11:40.195","14143141930","160436500","[PREMIUM]","[PREMIUM]","127","V","_",,,2,"[2]",17337,"Lower 100-Level",10,"Mobile Transfer ticket",1,"[PREMIUM]","[PREMIUM]","[PREMIUM]","[PREMIUM]",true,false,"['Clear view']","2026-09-22 19:00:49"
"14143582006","2026-09-24 23:11:40.195","2026-09-25 23:39:50.430","14143582006","160436500","[PREMIUM]","[PREMIUM]","122","C","_",,,2,"[2]",17337,"Lower 100-Level",10,"Mobile Transfer ticket",1,"[PREMIUM]","[PREMIUM]","[PREMIUM]","[PREMIUM]",true,false,"['Third Row of Section','Clear view']","2026-09-22 19:30:09"
"14177493871","2026-09-24 23:11:40.153","2026-09-27 05:07:28.704","14177493871","160427238","[PREMIUM]","[PREMIUM]","124","37","11_12","11",,2,"[2]",594,"Lower",10,"Mobile Transfer ticket",14,"[PREMIUM]","[PREMIUM]","[PREMIUM]","[PREMIUM]",true,false,"['Clear view']","2026-09-24 19:55:36"
"14177895294","2026-09-24 23:11:40.021","2026-09-24 23:12:51.831","14177895294","160427237","[PREMIUM]","[PREMIUM]","103","10","9001_9002","9001",,2,"[2]",594,"Lower",10,"Mobile Transfer ticket",13,"[PREMIUM]","[PREMIUM]","[PREMIUM]","[PREMIUM]",true,false,"['Clear view']","2026-09-24 20:33:43"
"14167545671","2026-09-24 23:11:39.981","2026-09-24 23:11:39.981","14167545671","160436500","[PREMIUM]","[PREMIUM]","333","F","9001_9003","9001",,3,"[3]",17345,"Upper 300-Level",10,"Mobile Transfer ticket",13,"[PREMIUM]","[PREMIUM]","[PREMIUM]","[PREMIUM]",true,false,"['Second Row of Section','Clear view']","2026-09-24 07:37:21"
"14180114731","2026-09-24 23:11:39.744","2026-09-25 23:39:38.609","14180114731","160436500","[PREMIUM]","[PREMIUM]","120","D","_",,,2,"[2]",17337,"Lower 100-Level",10,"Mobile Transfer ticket",1,"[PREMIUM]","[PREMIUM]","[PREMIUM]","[PREMIUM]",true,false,"['Clear view']","2026-09-24 22:57:14"
"14180109521","2026-09-24 23:11:39.744","2026-09-25 23:39:38.609","14180109521","160436500","[PREMIUM]","[PREMIUM]","124","E","_",,,2,"[2]",17337,"Lower 100-Level",10,"Mobile Transfer ticket",1,"[PREMIUM]","[PREMIUM]","[PREMIUM]","[PREMIUM]",true,false,"['Clear view']","2026-09-24 22:56:42"
"12686405601","2026-09-24 23:11:39.668","2026-10-07 05:29:20.009","12686405601","160436500","[PREMIUM]","[PREMIUM]","CHR108","R","7_8","7",,2,"[2]",17747,"Lower Charter",10,"Mobile Transfer ticket",14,"[PREMIUM]","[PREMIUM]","[PREMIUM]","[PREMIUM]",true,false,"['Clear view']","2026-05-14 18:04:56"
"14180232337","2026-09-24 23:11:39.668","2026-09-26 05:19:12.130","14180232337","160436500","[PREMIUM]","[PREMIUM]","141","Y","_",,,2,"[2]",17337,"Lower 100-Level",10,"Mobile Transfer ticket",1,"[PREMIUM]","[PREMIUM]","[PREMIUM]","[PREMIUM]",true,false,"['Actual 1st row of the section','Clear view']","2026-09-24 23:04:26"
"14173063314","2026-09-24 23:11:39.624","2026-09-27 23:05:38.243","14173063314","160435854","[PREMIUM]","[PREMIUM]","122","M","_",,,1,"[1]",594,"Lower",10,"Mobile Transfer ticket",14,"[PREMIUM]","[PREMIUM]","[PREMIUM]","[PREMIUM]",false,false,"['Clear view']","2026-09-24 15:12:15"
"14179499649","2026-09-24 23:11:39.517","2026-10-04 22:09:08.398","14179499649","160435854","[PREMIUM]","[PREMIUM]","143","AA","_",,,10,"[1,2,3,4,5,6,8,10]",594,"Lower",10,"Mobile Transfer ticket",14,"[PREMIUM]","[PREMIUM]","[PREMIUM]","[PREMIUM]",true,false,"['Clear view']","2026-09-24 22:16:18"
"14163842880","2026-09-24 23:11:39.429","2026-09-27 23:05:55.340","14163842880","160436500","[PREMIUM]","[PREMIUM]","313","F","_",,,2,"[2]",17345,"Upper 300-Level",10,"Mobile Transfer ticket",1,"[PREMIUM]","[PREMIUM]","[PREMIUM]","[PREMIUM]",true,false,"['Clear view']","2026-09-24 02:03:58"
"13973018313","2026-09-24 23:11:39.090","2026-09-24 23:11:47.730","13973018313","160427238","[PREMIUM]","[PREMIUM]","228A","9","1_2","1",,2,"[2]",471,"Middle",10,"Mobile Transfer ticket",1,"[PREMIUM]","[PREMIUM]","[PREMIUM]","[PREMIUM]",true,false,"['Clear view']","2026-09-09 01:07:38"
"14176653946","2026-09-24 23:11:39.090","2026-09-24 23:11:47.730","14176653946","160427238","[PREMIUM]","[PREMIUM]","313","4","9001_9002","9001",,2,"[2]",478,"Loge",10,"Mobile Transfer ticket",13,"[PREMIUM]","[PREMIUM]","[PREMIUM]","[PREMIUM]",true,false,"['Clear view']","2026-09-24 18:54:50"
"14177049287","2026-09-24 23:11:38.853","2026-09-24 23:12:51.980","14177049287","160427237","[PREMIUM]","[PREMIUM]","249B","2","9001_9004","9001",,4,"[4]",471,"Middle",10,"Mobile Transfer ticket",13,"[PREMIUM]","[PREMIUM]","[PREMIUM]","[PREMIUM]",true,false,"['Second Row of Section','Clear view']","2026-09-24 19:24:25"
"14177029311","2026-09-24 23:11:38.853","2026-09-24 23:12:52.354","14177029311","160427237","[PREMIUM]","[PREMIUM]","326","5","9001_9002","9001",,2,"[2]",407,"Upper",10,"Mobile Transfer ticket",13,"[PREMIUM]","[PREMIUM]","[PREMIUM]","[PREMIUM]",true,false,"['Front Row of Section','Clear view']","2026-09-24 19:21:27"
"12824413120","2026-09-24 23:11:38.769","2026-09-29 05:21:54.877","12824413120","160436500","[PREMIUM]","[PREMIUM]","CHR108","U","12_13","12",,2,"[2]",17747,"Lower Charter",10,"Mobile Transfer ticket",1,"[PREMIUM]","[PREMIUM]","[PREMIUM]","[PREMIUM]",true,false,"['Clear view']","2026-05-26 18:07:26"
"14169383121","2026-09-24 23:11:38.769","2026-09-24 23:11:38.769","14169383121","160436500","[PREMIUM]","[PREMIUM]","125","G","9001_9003","9001",,3,"[3]",17337,"Lower 100-Level",10,"Mobile Transfer ticket",13,"[PREMIUM]","[PREMIUM]","[PREMIUM]","[PREMIUM]",true,false,"['Clear view']","2026-09-24 11:11:31"
"12691235284","2026-09-24 23:11:38.467","2026-10-04 22:09:08.299","12691235284","160435854","[PREMIUM]","[PREMIUM]","146","L","_",,,5,"[5]",594,"Lower",10,"Mobile Transfer ticket",1,"[PREMIUM]","[PREMIUM]","[PREMIUM]","[PREMIUM]",true,false,"['Clear view']","2026-05-15 00:28:33"
"14162861099","2026-09-24 23:11:38.149","2026-10-05 05:05:16.606","14162861099","160427238","[PREMIUM]","[PREMIUM]","229","11","_",,,2,"[2]",471,"Middle",10,"Mobile Transfer ticket",1,"[PREMIUM]","[PREMIUM]","[PREMIUM]","[PREMIUM]",true,false,"['Clear view']","2026-09-24 00:14:57"
"14158210649","2026-09-24 23:11:38.016","2026-09-24 23:11:43.906","14158210649","160427238","[PREMIUM]","[PREMIUM]","133","34","_",,,2,"[2]",594,"Lower",10,"Mobile Transfer ticket",1,"[PREMIUM]","[PREMIUM]","[PREMIUM]","[PREMIUM]",true,false,"['Clear view']","2026-09-23 17:45:11"
"14165871641","2026-09-24 23:11:37.838","2026-09-24 23:11:37.838","14165871641","160427238","[PREMIUM]","[PREMIUM]","232A","13","9001_9002","9001",,2,"[2]",471,"Middle",10,"Mobile Transfer ticket",13,"[PREMIUM]","[PREMIUM]","[PREMIUM]","[PREMIUM]",true,false,"['Clear view']","2026-09-24 05:25:16"
"14169385076","2026-09-24 23:11:37.838","2026-09-24 23:11:37.838","14169385076","160427238","[PREMIUM]","[PREMIUM]","232A","12","9001_9002","9001",,2,"[2]",471,"Middle",10,"Mobile Transfer ticket",13,"[PREMIUM]","[PREMIUM]","[PREMIUM]","[PREMIUM]",true,false,"['Clear view']","2026-09-24 11:11:49"
"14170261141","2026-09-24 23:11:37.838","2026-09-24 23:11:37.838","14170261141","160427238","[PREMIUM]","[PREMIUM]","331","5","9001_9002","9001",,2,"[2]",407,"Upper",10,"Mobile Transfer ticket",13,"[PREMIUM]","[PREMIUM]","[PREMIUM]","[PREMIUM]",true,false,"['Front Row of Section','Clear view']","2026-09-24 12:50:10"
"13794492452","2026-09-24 23:11:37.744","2026-09-28 05:06:36.660","13794492452","160427238","[PREMIUM]","[PREMIUM]","106","45","17_18","17","18",2,"[2]",594,"Lower",10,"Mobile Transfer ticket",14,"[PREMIUM]","[PREMIUM]","[PREMIUM]","[PREMIUM]",true,false,"['Clear view']","2026-08-24 19:48:39"
"14170058012","2026-09-24 23:11:37.744","2026-09-24 23:11:37.744","14170058012","160427238","[PREMIUM]","[PREMIUM]","224B","3","9001_9002","9001",,2,"[2]",471,"Middle",10,"Mobile Transfer ticket",13,"[PREMIUM]","[PREMIUM]","[PREMIUM]","[PREMIUM]",true,false,"['Third Row of Section','Clear view']","2026-09-24 12:25:40"
"14172502286","2026-09-24 23:11:37.744","2026-10-05 05:05:12.874","14172502286","160427238","[PREMIUM]","[PREMIUM]","341","2","24_26","24","26",3,"[3]",478,"Loge",11,"Mobile ticket",1,"[PREMIUM]","[PREMIUM]","[PREMIUM]","[PREMIUM]",true,false,"['Actual 2nd row of section','Aisle seat','Clear view','Instant download']","2026-09-24 14:43:02"
"14178393093","2026-09-24 23:11:36.984","2026-09-24 23:11:36.984","14178393093","160435926","[PREMIUM]","[PREMIUM]","626","21","_",,,2,"[1,2]",2124,"Upper Terrace",10,"Mobile Transfer ticket",1,"[PREMIUM]","[PREMIUM]","[PREMIUM]","[PREMIUM]",true,false,"['Clear view']","2026-09-24 21:04:46"
"14063931442","2026-09-24 23:11:36.562","2026-09-24 23:12:51.847","14063931442","160427237","[PREMIUM]","[PREMIUM]","146","35","24_27","24",,4,"[2,4]",594,"Lower",10,"Mobile Transfer ticket",1,"[PREMIUM]","[PREMIUM]","[PREMIUM]","[PREMIUM]",true,false,"['Clear view']","2026-09-16 16:27:16"
"13383655429","2026-09-24 23:11:36.530","2026-10-03 05:06:26.814","13383655429","160427238","[PREMIUM]","[PREMIUM]","131","38","7_8","7","8",2,"[2]",594,"Lower",10,"Mobile Transfer ticket",1,"[PREMIUM]","[PREMIUM]","[PREMIUM]","[PREMIUM]",true,false,"['Clear view']","2026-07-17 15:35:44"
"14143235989","2026-09-24 23:11:36.472","2026-09-25 23:39:36.942","14143235989","160436500","[PREMIUM]","[PREMIUM]","305","I","_",,,2,"[2]",17345,"Upper 300-Level",10,"Mobile Transfer ticket",1,"[PREMIUM]","[PREMIUM]","[PREMIUM]","[PREMIUM]",true,false,"['Clear view']","2026-09-22 19:08:39"
"14173084988","2026-09-24 23:11:36.386","2026-09-24 23:11:36.386","14173084988","160427238","[PREMIUM]","[PREMIUM]","315","7","13_14","13","14",2,"[2]",407,"Upper",10,"Mobile Transfer ticket",1,"[PREMIUM]","[PREMIUM]","[PREMIUM]","[PREMIUM]",true,false,"['Side view (printed on ticket)']","2026-09-24 15:13:05"
"14176833561","2026-09-24 23:11:36.126","2026-09-24 23:12:51.914","14176833561","160427237","[PREMIUM]","[PREMIUM]","311","5","9001_9004","9001",,4,"[4]",407,"Upper",10,"Mobile Transfer ticket",13,"[PREMIUM]","[PREMIUM]","[PREMIUM]","[PREMIUM]",true,false,"['Clear view']","2026-09-24 19:06:12"
"14169314564","2026-09-24 23:11:36.048","2026-09-24 23:12:51.311","14169314564","160427237","[PREMIUM]","[PREMIUM]","310","1","1007_1008","1007","1008",2,"[2]",478,"Loge",10,"Mobile Transfer ticket",1,"[PREMIUM]","[PREMIUM]","[PREMIUM]","[PREMIUM]",true,false,"['Front Row of Section','Clear view']","2026-09-24 11:06:30"
"14158692170","2026-09-24 23:11:35.971","2026-10-05 05:06:31.929","14158692170","160427237","[PREMIUM]","[PREMIUM]","146","37","28_29","28","29",2,"[2]",594,"Lower",11,"Mobile ticket",1,"[PREMIUM]","[PREMIUM]","[PREMIUM]","[PREMIUM]",true,false,"['Clear view','Instant download']","2026-09-23 18:17:06"
"14008147778","2026-09-24 23:11:35.950","2026-09-24 23:12:51.832","14008147778","160427237","[PREMIUM]","[PREMIUM]","224B","3","_",,,2,"[2]",471,"Middle",10,"Mobile Transfer ticket",1,"[PREMIUM]","[PREMIUM]","[PREMIUM]","[PREMIUM]",true,false,"['Third Row of Section','Clear view']","2026-09-11 17:52:45"
"14097066207","2026-09-24 23:11:35.779","2026-09-24 23:11:35.779","14097066207","160427237","[PREMIUM]","[PREMIUM]","224B","4","9001_9002","9001","9002",2,"[2]",471,"Middle",10,"Mobile Transfer ticket",13,"[PREMIUM]","[PREMIUM]","[PREMIUM]","[PREMIUM]",true,false,"['Clear view']","2026-09-19 00:34:21"
"14179857858","2026-09-24 23:11:35.779","2026-09-24 23:12:50.743","14179857858","160427237","[PREMIUM]","[PREMIUM]","230A","3","_",,,2,"[2]",471,"Middle",10,"Mobile Transfer ticket",1,"[PREMIUM]","[PREMIUM]","[PREMIUM]","[PREMIUM]",true,false,"['Third Row of Section','Clear view']","2026-09-24 22:38:06"
"14143368373","2026-09-24 23:11:35.596","2026-09-24 23:11:35.596","14143368373","160436500","[PREMIUM]","[PREMIUM]","124","CC","_",,,2,"[2]",17337,"Lower 100-Level",10,"Mobile Transfer ticket",1,"[PREMIUM]","[PREMIUM]","[PREMIUM]","[PREMIUM]",true,false,"['Clear view']","2026-09-22 19:17:02"
"14149872762","2026-09-24 23:11:35.596","2026-09-27 23:05:40.561","14149872762","160436500","[PREMIUM]","[PREMIUM]","330","L","9001_9001","9001",,1,"[1]",17345,"Upper 300-Level",11,"Mobile ticket",1,"[PREMIUM]","[PREMIUM]","[PREMIUM]","[PREMIUM]",false,false,"['Clear view']","2026-09-23 03:13:46"
"14180126922","2026-09-24 23:11:35.596","2026-09-25 23:39:27.167","14180126922","160436500","[PREMIUM]","[PREMIUM]","339","H","_",,,2,"[2]",17345,"Upper 300-Level",10,"Mobile Transfer ticket",1,"[PREMIUM]","[PREMIUM]","[PREMIUM]","[PREMIUM]",true,false,"['Clear view']","2026-09-24 22:57:53"
"14165261744","2026-09-24 23:11:35.579","2026-09-24 23:11:35.579","14165261744","160436256","[PREMIUM]","[PREMIUM]","208","15","_",,,2,"[2]",4325,"Plaza Level",10,"Mobile Transfer ticket",1,"[PREMIUM]","[PREMIUM]","[PREMIUM]","[PREMIUM]",true,false,"['Clear view']","2026-09-24 04:28:06"
"14177775921","2026-09-24 23:11:35.016","2026-09-24 23:11:35.016","14177775921","160427237","[PREMIUM]","[PREMIUM]","307","6","9001_9002","9001",,2,"[2]",407,"Upper",10,"Mobile Transfer ticket",13,"[PREMIUM]","[PREMIUM]","[PREMIUM]","[PREMIUM]",true,false,"['Clear view']","2026-09-24 20:18:54"
"14160825427","2026-09-24 23:11:34.869","2026-09-24 23:12:50.266","14160825427","160427237","[PREMIUM]","[PREMIUM]","118","34","_",,,2,"[2]",594,"Lower",10,"Mobile Transfer ticket",14,"[PREMIUM]","[PREMIUM]","[PREMIUM]","[PREMIUM]",true,false,"['Clear view']","2026-09-23 21:18:09"
"14179183708","2026-09-24 23:11:34.869","2026-09-24 23:12:50.266","14179183708","160427237","[PREMIUM]","[PREMIUM]","103","27","9001_9004","9001",,4,"[4]",594,"Lower",10,"Mobile Transfer ticket",13,"[PREMIUM]","[PREMIUM]","[PREMIUM]","[PREMIUM]",true,false,"['Clear view']","2026-09-24 21:58:11"
"14170589555","2026-09-24 23:11:34.575","2026-09-25 23:39:35.102","14170589555","160436500","[PREMIUM]","[PREMIUM]","140","U","_",,,2,"[2]",17337,"Lower 100-Level",10,"Mobile Transfer ticket",1,"[PREMIUM]","[PREMIUM]","[PREMIUM]","[PREMIUM]",true,false,"['Actual 1st row of the section','Clear view']","2026-09-24 13:20:08"
"14143486284","2026-09-24 23:11:34.463","2026-09-24 23:11:34.463","14143486284","160436500","[PREMIUM]","[PREMIUM]","124","P","_",,,2,"[2]",17337,"Lower 100-Level",10,"Mobile Transfer ticket",1,"[PREMIUM]","[PREMIUM]","[PREMIUM]","[PREMIUM]",true,false,"['Clear view']","2026-09-22 19:25:16"
"14180168954","2026-09-24 23:11:34.463","2026-09-24 23:11:34.463","14180168954","160436500","[PREMIUM]","[PREMIUM]","335","I","_",,,2,"[2]",17345,"Upper 300-Level",10,"Mobile Transfer ticket",1,"[PREMIUM]","[PREMIUM]","[PREMIUM]","[PREMIUM]",true,false,"['Clear view']","2026-09-24 23:00:13"
"14143134594","2026-09-24 23:11:34.430","2026-09-24 23:11:34.463","14143134594","160436500","[PREMIUM]","[PREMIUM]","332","P","_",,,2,"[2]",17345,"Upper 300-Level",10,"Mobile Transfer ticket",1,"[PREMIUM]","[PREMIUM]","[PREMIUM]","[PREMIUM]",true,false,"['Clear view']","2026-09-22 19:00:12"
"14146755195","2026-09-24 23:11:34.430","2026-09-24 23:11:34.430","14146755195","160436500","[PREMIUM]","[PREMIUM]","149","F","_",,,2,"[2]",17337,"Lower 100-Level",10,"Mobile Transfer ticket",1,"[PREMIUM]","[PREMIUM]","[PREMIUM]","[PREMIUM]",true,false,"['Clear view']","2026-09-22 22:59:02"
"14161710159","2026-09-24 23:11:34.430","2026-09-27 05:20:28.164","14161710159","160436500","[PREMIUM]","[PREMIUM]","113","C","_",,,2,"[2]",17337,"Lower 100-Level",10,"Mobile Transfer ticket",1,"[PREMIUM]","[PREMIUM]","[PREMIUM]","[PREMIUM]",true,false,"['Third Row of Section','Clear view']","2026-09-23 22:25:29"
"14175434698","2026-09-24 23:11:34.289","2026-09-25 23:39:41.739","14175434698","160436500","[PREMIUM]","[PREMIUM]","305","K","_",,,2,"[2]",17345,"Upper 300-Level",10,"Mobile Transfer ticket",1,"[PREMIUM]","[PREMIUM]","[PREMIUM]","[PREMIUM]",true,false,"['Clear view']","2026-09-24 17:24:54"
"14178249579","2026-09-24 23:11:34.197","2026-09-24 23:11:34.197","14178249579","160436500","[PREMIUM]","[PREMIUM]","140","V","_",,,2,"[2]",17337,"Lower 100-Level",10,"Mobile Transfer ticket",1,"[PREMIUM]","[PREMIUM]","[PREMIUM]","[PREMIUM]",true,false,"['Clear view']","2026-09-24 20:55:02"
"14143135959","2026-09-24 23:11:34.085","2026-09-25 23:39:41.782","14143135959","160436500","[PREMIUM]","[PREMIUM]","121","P","_",,,2,"[2]",17337,"Lower 100-Level",10,"Mobile Transfer ticket",1,"[PREMIUM]","[PREMIUM]","[PREMIUM]","[PREMIUM]",true,false,"['Clear view']","2026-09-22 19:00:16"
"14180093586","2026-09-24 23:11:33.999","2026-09-24 23:11:33.999","14180093586","160436500","[PREMIUM]","[PREMIUM]","121","W","_",,,2,"[2]",17337,"Lower 100-Level",10,"Mobile Transfer ticket",1,"[PREMIUM]","[PREMIUM]","[PREMIUM]","[PREMIUM]",true,false,"['Clear view']","2026-09-24 22:54:29"
"14158782647","2026-09-24 23:11:33.752","2026-09-27 23:07:11.586","14158782647","160435854","[PREMIUM]","[PREMIUM]","228","J","_",,,6,"[1,2,4,6]",471,"Middle",10,"Mobile Transfer ticket",14,"[PREMIUM]","[PREMIUM]","[PREMIUM]","[PREMIUM]",true,false,"['Clear view']","2026-09-23 18:29:25"
"14168913565","2026-09-24 23:11:33.384","2026-09-24 23:11:33.384","14168913565","160427238","[PREMIUM]","[PREMIUM]","321","9","9001_9002","9001",,2,"[2]",407,"Upper",10,"Mobile Transfer ticket",13,"[PREMIUM]","[PREMIUM]","[PREMIUM]","[PREMIUM]",true,false,"['Clear view']","2026-09-24 10:20:58"
"14143568023","2026-09-24 23:11:33.220","2026-09-25 23:39:33.337","14143568023","160436500","[PREMIUM]","[PREMIUM]","331","J","_",,,2,"[2]",17345,"Upper 300-Level",10,"Mobile Transfer ticket",1,"[PREMIUM]","[PREMIUM]","[PREMIUM]","[PREMIUM]",true,false,"['Clear view']","2026-09-22 19:29:16"
"14180294723","2026-09-24 23:11:33.220","2026-09-25 23:39:33.337","14180294723","160436500","[PREMIUM]","[PREMIUM]","344","G","_",,,2,"[2]",17345,"Upper 300-Level",10,"Mobile Transfer ticket",1,"[PREMIUM]","[PREMIUM]","[PREMIUM]","[PREMIUM]",true,false,"['Clear view']","2026-09-24 23:07:05"
"14031462366","2026-09-24 23:11:32.887","2026-09-27 23:05:38.562","14031462366","160436500","[PREMIUM]","[PREMIUM]","306","X","_",,,4,"[4]",17345,"Upper 300-Level",10,"Mobile Transfer ticket",1,"[PREMIUM]","[PREMIUM]","[PREMIUM]","[PREMIUM]",true,false,"['Clear view']","2026-09-13 18:45:25"
"14143625129","2026-09-24 23:11:32.282","2026-09-25 23:39:33.317","14143625129","160436500","[PREMIUM]","[PREMIUM]","128","FF","_",,,2,"[2]",17337,"Lower 100-Level",10,"Mobile Transfer ticket",1,"[PREMIUM]","[PREMIUM]","[PREMIUM]","[PREMIUM]",true,false,"['Clear view']","2026-09-22 19:33:48"
"14175483189","2026-09-24 23:11:32.266","2026-09-27 23:07:16.355","14175483189","160435854","[PREMIUM]","[PREMIUM]","124","G","_",,,2,"[1,2]",594,"Lower",10,"Mobile Transfer ticket",1,"[PREMIUM]","[PREMIUM]","[PREMIUM]","[PREMIUM]",true,false,"['Clear view']","2026-09-24 17:28:57"
"14143136302","2026-09-24 23:11:31.597","2026-09-25 23:39:33.317","14143136302","160436500","[PREMIUM]","[PREMIUM]","120","L","_",,,2,"[2]",17337,"Lower 100-Level",10,"Mobile Transfer ticket",1,"[PREMIUM]","[PREMIUM]","[PREMIUM]","[PREMIUM]",true,false,"['Clear view']","2026-09-22 19:00:20"
"14180130923","2026-09-24 23:11:31.597","2026-09-26 05:19:11.489","14180130923","160436500","[PREMIUM]","[PREMIUM]","338","H","_",,,2,"[2]",17345,"Upper 300-Level",10,"Mobile Transfer ticket",1,"[PREMIUM]","[PREMIUM]","[PREMIUM]","[PREMIUM]",true,false,"['Second Row of Section','Clear view']","2026-09-24 22:58:08"
"14179473404","2026-09-24 23:11:31.519","2026-09-28 05:06:36.485","14179473404","160427238","[PREMIUM]","[PREMIUM]","149","39","13_14","13",,2,"[2]",594,"Lower",10,"Mobile Transfer ticket",14,"[PREMIUM]","[PREMIUM]","[PREMIUM]","[PREMIUM]",true,false,"['Clear view']","2026-09-24 22:14:27"
"14044050357","2026-09-24 23:11:31.265","2026-09-26 05:06:36.128","14044050357","160427238","[PREMIUM]","[PREMIUM]","101","36","23_24","23",,2,"[2]",594,"Lower",10,"Mobile Transfer ticket",14,"[PREMIUM]","[PREMIUM]","[PREMIUM]","[PREMIUM]",true,false,"['Clear view']","2026-09-14 23:44:20"
"14165674120","2026-09-24 23:11:31.265","2026-09-24 23:11:31.265","14165674120","160427238","[PREMIUM]","[PREMIUM]","304","5","9001_9002","9001",,2,"[2]",407,"Upper",10,"Mobile Transfer ticket",13,"[PREMIUM]","[PREMIUM]","[PREMIUM]","[PREMIUM]",true,false,"['Front Row of Section','Clear view']","2026-09-24 05:10:20"
"14166216236","2026-09-24 23:11:31.265","2026-09-24 23:11:31.265","14166216236","160427238","[PREMIUM]","[PREMIUM]","307","6","9001_9004","9001",,4,"[4]",407,"Upper",10,"Mobile Transfer ticket",13,"[PREMIUM]","[PREMIUM]","[PREMIUM]","[PREMIUM]",true,false,"['Clear view']","2026-09-24 05:51:24"
"14143187144","2026-09-24 23:11:31.232","2026-09-26 05:19:04.254","14143187144","160436500","[PREMIUM]","[PREMIUM]","302","Q","_",,,2,"[2]",17345,"Upper 300-Level",10,"Mobile Transfer ticket",1,"[PREMIUM]","[PREMIUM]","[PREMIUM]","[PREMIUM]",true,false,"['Clear view']","2026-09-22 19:05:01"
"14143564427","2026-09-24 23:11:31.232","2026-09-25 23:39:26.910","14143564427","160436500","[PREMIUM]","[PREMIUM]","308","Q","_",,,2,"[2]",17345,"Upper 300-Level",10,"Mobile Transfer ticket",1,"[PREMIUM]","[PREMIUM]","[PREMIUM]","[PREMIUM]",true,false,"['Clear view']","2026-09-22 19:29:04"
"14180285541","2026-09-24 23:11:31.232","2026-09-25 23:39:27.021","14180285541","160436500","[PREMIUM]","[PREMIUM]","305","L","_",,,2,"[2]",17345,"Upper 300-Level",10,"Mobile Transfer ticket",1,"[PREMIUM]","[PREMIUM]","[PREMIUM]","[PREMIUM]",true,false,"['Clear view']","2026-09-24 23:06:37"
"14180197974","2026-09-24 23:11:31.232","2026-09-24 23:11:31.232","14180197974","160436500","[PREMIUM]","[PREMIUM]","300","I","_",,,2,"[2]",17345,"Upper 300-Level",10,"Mobile Transfer ticket",1,"[PREMIUM]","[PREMIUM]","[PREMIUM]","[PREMIUM]",true,false,"['Clear view']","2026-09-24 23:02:22"
"13789942451","2026-09-24 23:11:31.146","2026-09-24 23:11:31.146","13789942451","160435926","[PREMIUM]","[PREMIUM]","652","20","_",,,2,"[2]",2124,"Upper Terrace",10,"Mobile Transfer ticket",14,"[PREMIUM]","[PREMIUM]","[PREMIUM]","[PREMIUM]",true,false,"['Clear view']","2026-08-24 12:10:32"
"14118318164","2026-09-24 23:11:31.098","2026-09-24 23:11:31.098","14118318164","160427238","[PREMIUM]","[PREMIUM]","305","9","9001_9002","9001",,2,"[2]",407,"Upper",10,"Mobile Transfer ticket",13,"[PREMIUM]","[PREMIUM]","[PREMIUM]","[PREMIUM]",true,false,"['Clear view']","2026-09-20 19:57:16"
"14180371064","2026-09-24 23:11:30.583","2026-09-24 23:11:30.583","14180371064","160427238","[PREMIUM]","[PREMIUM]","310","9","9_10","9","10",2,"[2]",407,"Upper",10,"Mobile Transfer ticket",1,"[PREMIUM]","[PREMIUM]","[PREMIUM]","[PREMIUM]",true,false,"['Clear view']","2026-09-24 23:10:30"
"14177411685","2026-09-24 23:11:30.541","2026-09-24 23:11:30.541","14177411685","160427237","[PREMIUM]","[PREMIUM]","304","5","9001_9002","9001",,2,"[2]",407,"Upper",10,"Mobile Transfer ticket",13,"[PREMIUM]","[PREMIUM]","[PREMIUM]","[PREMIUM]",true,false,"['Front Row of Section','Clear view']","2026-09-24 19:51:05"
"14143413661","2026-09-24 23:11:30.492","2026-10-04 22:09:06.873","14143413661","160427234","[PREMIUM]","[PREMIUM]","346","21","21_28","21",,8,"[1,2,3,4,5,6,8]",407,"Upper",10,"Mobile Transfer ticket",14,"[PREMIUM]","[PREMIUM]","[PREMIUM]","[PREMIUM]",true,false,"['Clear view']","2026-09-22 19:19:57"
"14143404153","2026-09-24 23:11:30.492","2026-10-04 22:09:06.873","14143404153","160427234","[PREMIUM]","[PREMIUM]","327","19","9_12","9",,4,"[1,2,4]",407,"Upper",10,"Mobile Transfer ticket",14,"[PREMIUM]","[PREMIUM]","[PREMIUM]","[PREMIUM]",true,false,"['Clear view']","2026-09-22 19:19:07"
"14143404005","2026-09-24 23:11:30.492","2026-10-06 22:12:53.660","14143404005","160427234","[PREMIUM]","[PREMIUM]","302","18","26_28","26",,3,"[1,3]",407,"Upper",10,"Mobile Transfer ticket",14,"[PREMIUM]","[PREMIUM]","[PREMIUM]","[PREMIUM]",true,false,"['Clear view']","2026-09-22 19:19:07"
"14173465463","2026-09-24 23:11:30.492","2026-10-04 22:09:06.873","14173465463","160427234","[PREMIUM]","[PREMIUM]","347","20","1_2","1",,2,"[2]",407,"Upper",10,"Mobile Transfer ticket",14,"[PREMIUM]","[PREMIUM]","[PREMIUM]","[PREMIUM]",true,false,"['Clear view']","2026-09-24 15:30:48"
"14173465847","2026-09-24 23:11:30.492","2026-10-04 22:09:06.873","14173465847","160427234","[PREMIUM]","[PREMIUM]","346","20","27_28","27",,2,"[2]",407,"Upper",10,"Mobile Transfer ticket",14,"[PREMIUM]","[PREMIUM]","[PREMIUM]","[PREMIUM]",true,false,"['Clear view']","2026-09-24 15:30:49"
"14177138734","2026-09-24 23:11:30.484","2026-09-24 23:11:30.484","14177138734","160427237","[PREMIUM]","[PREMIUM]","204","5","9001_9002","9001",,2,"[2]",471,"Middle",10,"Mobile Transfer ticket",13,"[PREMIUM]","[PREMIUM]","[PREMIUM]","[PREMIUM]",true,false,"['Clear view']","2026-09-24 19:32:54"
"14174756346","2026-09-24 23:11:30.407","2026-10-05 05:06:31.594","14174756346","160427237","[PREMIUM]","[PREMIUM]","131","18","17_18","17","18",2,"[2]",594,"Lower",10,"Mobile Transfer ticket",1,"[PREMIUM]","[PREMIUM]","[PREMIUM]","[PREMIUM]",true,false,"['Clear view']","2026-09-24 16:42:28"
"14177114646","2026-09-24 23:11:30.216","2026-09-24 23:12:50.570","14177114646","160427237","[PREMIUM]","[PREMIUM]","318","8","9001_9002","9001",,2,"[2]",407,"Upper",10,"Mobile Transfer ticket",13,"[PREMIUM]","[PREMIUM]","[PREMIUM]","[PREMIUM]",true,false,"['Clear view']","2026-09-24 19:31:35"
"14179007022","2026-09-24 23:11:30.216","2026-09-24 23:12:50.760","14179007022","160427237","[PREMIUM]","[PREMIUM]","344","4","9001_9002","9001",,2,"[2]",478,"Loge",10,"Mobile Transfer ticket",13,"[PREMIUM]","[PREMIUM]","[PREMIUM]","[PREMIUM]",true,false,"['Clear view']","2026-09-24 21:45:19"
"14180057984","2026-09-24 23:11:30.126","2026-09-24 23:12:50.570","14180057984","160427237","[PREMIUM]","[PREMIUM]","320","2","9001_9002","9001",,2,"[2]",478,"Loge",10,"Mobile Transfer ticket",13,"[PREMIUM]","[PREMIUM]","[PREMIUM]","[PREMIUM]",true,false,"['Second Row of Section','Clear view']","2026-09-24 22:51:19"
"14174066227","2026-09-24 23:11:30.009","2026-09-27 05:07:47.607","14174066227","160427237","[PREMIUM]","[PREMIUM]","315","7","_",,,2,"[2]",407,"Upper",10,"Mobile Transfer ticket",1,"[PREMIUM]","[PREMIUM]","[PREMIUM]","[PREMIUM]",true,false,"['Clear view']","2026-09-24 16:00:20"
"14177020507","2026-09-24 23:11:30.009","2026-09-24 23:11:30.009","14177020507","160427237","[PREMIUM]","[PREMIUM]","324","5","9001_9004","9001",,4,"[4]",407,"Upper",10,"Mobile Transfer ticket",13,"[PREMIUM]","[PREMIUM]","[PREMIUM]","[PREMIUM]",true,false,"['Front Row of Section','Clear view']","2026-09-24 19:20:42"
"14053501441","2026-09-24 23:11:29.913","2026-10-04 22:09:06.197","14053501441","160427234","[PREMIUM]","[PREMIUM]","327","20","23_24","23",,2,"[2]",407,"Upper",10,"Mobile Transfer ticket",14,"[PREMIUM]","[PREMIUM]","[PREMIUM]","[PREMIUM]",true,false,"['Clear view']","2026-09-15 19:18:24"
"14053501438","2026-09-24 23:11:29.913","2026-10-07 22:12:11.516","14053501438","160427234","[PREMIUM]","[PREMIUM]","325","20","27_28","27",,2,"[2]",407,"Upper",10,"Mobile Transfer ticket",14,"[PREMIUM]","[PREMIUM]","[PREMIUM]","[PREMIUM]",true,false,"['Clear view']","2026-09-15 19:18:24"
"14143413610","2026-09-24 23:11:29.913","2026-10-04 22:09:06.197","14143413610","160427234","[PREMIUM]","[PREMIUM]","346","22","13_14","13",,2,"[2]",407,"Upper",10,"Mobile Transfer ticket",14,"[PREMIUM]","[PREMIUM]","[PREMIUM]","[PREMIUM]",true,false,"['Clear view']","2026-09-22 19:19:57"
"14143413498","2026-09-24 23:11:29.913","2026-10-04 22:09:06.197","14143413498","160427234","[PREMIUM]","[PREMIUM]","329","22","28_29","28",,2,"[2]",407,"Upper",10,"Mobile Transfer ticket",14,"[PREMIUM]","[PREMIUM]","[PREMIUM]","[PREMIUM]",true,false,"['Clear view']","2026-09-22 19:19:57"
"14173472198","2026-09-24 23:11:29.913","2026-10-04 22:09:06.197","14173472198","160427234","[PREMIUM]","[PREMIUM]","305","21","9_13","9",,5,"[1,2,3,5]",407,"Upper",10,"Mobile Transfer ticket",14,"[PREMIUM]","[PREMIUM]","[PREMIUM]","[PREMIUM]",true,false,"['Clear view']","2026-09-24 15:31:07"
"14173471861","2026-09-24 23:11:29.913","2026-10-04 22:09:06.197","14173471861","160427234","[PREMIUM]","[PREMIUM]","306","22","24_25","24",,2,"[2]",407,"Upper",10,"Mobile Transfer ticket",14,"[PREMIUM]","[PREMIUM]","[PREMIUM]","[PREMIUM]",true,false,"['Clear view']","2026-09-24 15:31:06"
"14143413572","2026-09-24 23:11:29.776","2026-10-04 22:09:06.873","14143413572","160427234","[PREMIUM]","[PREMIUM]","347","21","7_14","7",,8,"[1,2,3,4,5,6,8]",407,"Upper",10,"Mobile Transfer ticket",14,"[PREMIUM]","[PREMIUM]","[PREMIUM]","[PREMIUM]",true,false,"['Clear view']","2026-09-22 19:19:57"
"14143404140","2026-09-24 23:11:29.776","2026-10-07 22:12:11.596","14143404140","160427234","[PREMIUM]","[PREMIUM]","301","19","6_9","6",,4,"[1,2,4]",407,"Upper",10,"Mobile Transfer ticket",14,"[PREMIUM]","[PREMIUM]","[PREMIUM]","[PREMIUM]",true,false,"['Clear view']","2026-09-22 19:19:07"
"14143404045","2026-09-24 23:11:29.776","2026-10-07 22:12:11.657","14143404045","160427234","[PREMIUM]","[PREMIUM]","350","20","21_28","21",,8,"[1,2,3,4,5,6,8]",407,"Upper",10,"Mobile Transfer ticket",14,"[PREMIUM]","[PREMIUM]","[PREMIUM]","[PREMIUM]",true,false,"['Clear view']","2026-09-22 19:19:07"
"14143404028","2026-09-24 23:11:29.776","2026-10-04 22:09:06.873","14143404028","160427234","[PREMIUM]","[PREMIUM]","325","19","27_28","27",,2,"[2]",407,"Upper",10,"Mobile Transfer ticket",14,"[PREMIUM]","[PREMIUM]","[PREMIUM]","[PREMIUM]",true,false,"['Clear view']","2026-09-22 19:19:07"
"14173471844","2026-09-24 23:11:29.776","2026-10-04 22:09:06.197","14173471844","160427234","[PREMIUM]","[PREMIUM]","304","21","3_6","3",,4,"[1,2,4]",407,"Upper",10,"Mobile Transfer ticket",14,"[PREMIUM]","[PREMIUM]","[PREMIUM]","[PREMIUM]",true,false,"['Clear view']","2026-09-24 15:31:06"
"14173471863","2026-09-24 23:11:29.776","2026-10-04 22:09:06.197","14173471863","160427234","[PREMIUM]","[PREMIUM]","323","21","5_8","5",,4,"[1,2,4]",407,"Upper",10,"Mobile Transfer ticket",14,"[PREMIUM]","[PREMIUM]","[PREMIUM]","[PREMIUM]",true,false,"['Clear view']","2026-09-24 15:31:06"
"14053517559","2026-09-24 23:11:29.670","2026-10-07 22:12:13.030","14053517559","160427234","[PREMIUM]","[PREMIUM]","304","25","22_29","22",,4,"[1,2,4]",407,"Upper",10,"Mobile Transfer ticket",14,"[PREMIUM]","[PREMIUM]","[PREMIUM]","[PREMIUM]",true,false,"['Clear view']","2026-09-15 19:20:12"
"14053501395","2026-09-24 23:11:29.670","2026-10-03 22:09:47.452","14053501395","160427234","[PREMIUM]","[PREMIUM]","301","22","19_22","19",,2,"[2]",407,"Upper",10,"Mobile Transfer ticket",14,"[PREMIUM]","[PREMIUM]","[PREMIUM]","[PREMIUM]",true,false,"['Clear view']","2026-09-15 19:18:24"
"14176336751","2026-09-24 23:11:29.670","2026-10-07 22:12:11.596","14176336751","160427234","[PREMIUM]","[PREMIUM]","309","12","21_22","21","22",2,"[2]",407,"Upper",10,"Mobile Transfer ticket",1,"[PREMIUM]","[PREMIUM]","[PREMIUM]","[PREMIUM]",true,false,"['Clear view']","2026-09-24 18:29:42"
"14053507306","2026-09-24 23:11:29.502","2026-10-07 22:12:10.677","14053507306","160427234","[PREMIUM]","[PREMIUM]","329","25","28_29","28",,2,"[2]",407,"Upper",10,"Mobile Transfer ticket",14,"[PREMIUM]","[PREMIUM]","[PREMIUM]","[PREMIUM]",true,false,"['Clear view']","2026-09-15 19:19:07"
"14053517530","2026-09-24 23:11:29.502","2026-10-04 22:08:51.580","14053517530","160427234","[PREMIUM]","[PREMIUM]","306","26","30_31","30",,2,"[2]",407,"Upper",10,"Mobile Transfer ticket",14,"[PREMIUM]","[PREMIUM]","[PREMIUM]","[PREMIUM]",true,false,"['Clear view']","2026-09-15 19:20:12"
"14053501528","2026-09-24 23:11:29.502","2026-10-06 22:12:48.581","14053501528","160427234","[PREMIUM]","[PREMIUM]","327","26","22_25","22",,2,"[2]",407,"Upper",10,"Mobile Transfer ticket",14,"[PREMIUM]","[PREMIUM]","[PREMIUM]","[PREMIUM]",true,false,"['Clear view']","2026-09-15 19:18:25"
"14053501418","2026-09-24 23:11:29.459","2026-10-04 22:09:06.768","14053501418","160427234","[PREMIUM]","[PREMIUM]","327","22","1_8","1",,6,"[1,2,3,4,6]",407,"Upper",10,"Mobile Transfer ticket",14,"[PREMIUM]","[PREMIUM]","[PREMIUM]","[PREMIUM]",true,false,"['Clear view']","2026-09-15 19:18:24"
"14053507443","2026-09-24 23:11:29.459","2026-10-06 22:12:53.439","14053507443","160427234","[PREMIUM]","[PREMIUM]","347","23","3_6","3",,4,"[1,2,4]",407,"Upper",10,"Mobile Transfer ticket",14,"[PREMIUM]","[PREMIUM]","[PREMIUM]","[PREMIUM]",true,false,"['Clear view']","2026-09-15 19:19:08"
"14143413495","2026-09-24 23:11:29.459","2026-10-04 22:09:02.346","14143413495","160427234","[PREMIUM]","[PREMIUM]","329","23","13_14","13",,2,"[2]",407,"Upper",10,"Mobile Transfer ticket",14,"[PREMIUM]","[PREMIUM]","[PREMIUM]","[PREMIUM]",true,false,"['Clear view']","2026-09-22 19:19:56"
"14143408107","2026-09-24 23:11:29.459","2026-10-03 22:09:47.032","14143408107","160427234","[PREMIUM]","[PREMIUM]","304","23","8_15","8",,8,"[1,2,3,4,5,6,8]",407,"Upper",10,"Mobile Transfer ticket",14,"[PREMIUM]","[PREMIUM]","[PREMIUM]","[PREMIUM]",true,false,"['Clear view']","2026-09-22 19:19:26"
"14143407995","2026-09-24 23:11:29.459","2026-10-04 22:09:02.346","14143407995","160427234","[PREMIUM]","[PREMIUM]","322","23","23_24","23",,2,"[2]",407,"Upper",10,"Mobile Transfer ticket",14,"[PREMIUM]","[PREMIUM]","[PREMIUM]","[PREMIUM]",true,false,"['Clear view']","2026-09-22 19:19:26"
"14143407993","2026-09-24 23:11:29.459","2026-10-04 22:09:02.346","14143407993","160427234","[PREMIUM]","[PREMIUM]","323","23","23_26","23",,4,"[1,2,4]",407,"Upper",10,"Mobile Transfer ticket",14,"[PREMIUM]","[PREMIUM]","[PREMIUM]","[PREMIUM]",true,false,"['Clear view']","2026-09-22 19:19:26"
"14053501377","2026-09-24 23:11:29.379","2026-10-07 22:12:11.516","14053501377","160427234","[PREMIUM]","[PREMIUM]","325","21","21_24","21",,4,"[1,2,4]",407,"Upper",10,"Mobile Transfer ticket",14,"[PREMIUM]","[PREMIUM]","[PREMIUM]","[PREMIUM]",true,false,"['Clear view']","2026-09-15 19:18:24"
"14143413644","2026-09-24 23:11:29.379","2026-10-05 22:10:08.246","14143413644","160427234","[PREMIUM]","[PREMIUM]","347","22","26_29","26",,4,"[1,2,4]",407,"Upper",10,"Mobile Transfer ticket",14,"[PREMIUM]","[PREMIUM]","[PREMIUM]","[PREMIUM]",true,false,"['Clear view']","2026-09-22 19:19:57"
"14173471858","2026-09-24 23:11:29.379","2026-10-04 22:09:02.346","14173471858","160427234","[PREMIUM]","[PREMIUM]","322","22","1_6","1",,6,"[1,2,3,4,6]",407,"Upper",10,"Mobile Transfer ticket",14,"[PREMIUM]","[PREMIUM]","[PREMIUM]","[PREMIUM]",true,false,"['Clear view']","2026-09-24 15:31:06"
"14173471839","2026-09-24 23:11:29.379","2026-10-04 22:09:02.346","14173471839","160427234","[PREMIUM]","[PREMIUM]","306","23","24_25","24",,2,"[2]",407,"Upper",10,"Mobile Transfer ticket",14,"[PREMIUM]","[PREMIUM]","[PREMIUM]","[PREMIUM]",true,false,"['Clear view']","2026-09-24 15:31:06"
"14173471893","2026-09-24 23:11:29.379","2026-10-04 22:09:06.197","14173471893","160427234","[PREMIUM]","[PREMIUM]","323","22","13_20","13",,8,"[1,2,3,4,5,6,8]",407,"Upper",10,"Mobile Transfer ticket",14,"[PREMIUM]","[PREMIUM]","[PREMIUM]","[PREMIUM]",true,false,"['Clear view']","2026-09-24 15:31:06"
"14143404220","2026-09-24 23:11:29.073","2026-09-25 23:40:30.320","14143404220","160427234","[PREMIUM]","[PREMIUM]","350","16","7_8","7",,2,"[2]",407,"Upper",10,"Mobile Transfer ticket",14,"[PREMIUM]","[PREMIUM]","[PREMIUM]","[PREMIUM]",true,false,"['Clear view']","2026-09-22 19:19:08"
"14143404120","2026-09-24 23:11:29.073","2026-10-04 22:09:15.744","14143404120","160427234","[PREMIUM]","[PREMIUM]","302","16","19_23","19",,5,"[1,2,3,5]",407,"Upper",10,"Mobile Transfer ticket",14,"[PREMIUM]","[PREMIUM]","[PREMIUM]","[PREMIUM]",true,false,"['Clear view']","2026-09-22 19:19:07"
"14143404032","2026-09-24 23:11:29.073","2026-10-04 22:09:15.744","14143404032","160427234","[PREMIUM]","[PREMIUM]","327","16","13_14","13",,2,"[2]",407,"Upper",10,"Mobile Transfer ticket",14,"[PREMIUM]","[PREMIUM]","[PREMIUM]","[PREMIUM]",true,false,"['Clear view']","2026-09-22 19:19:07"
"14143404012","2026-09-24 23:11:29.073","2026-10-04 22:09:15.744","14143404012","160427234","[PREMIUM]","[PREMIUM]","301","16","9_10","9",,2,"[2]",407,"Upper",10,"Mobile Transfer ticket",14,"[PREMIUM]","[PREMIUM]","[PREMIUM]","[PREMIUM]",true,false,"['Clear view']","2026-09-22 19:19:07"
"14170023463","2026-09-24 23:11:29.073","2026-10-04 22:09:15.744","14170023463","160427234","[PREMIUM]","[PREMIUM]","350","13","9_11","9",,3,"[1,3]",407,"Upper",10,"Mobile Transfer ticket",1,"[PREMIUM]","[PREMIUM]","[PREMIUM]","[PREMIUM]",true,false,"['Clear view']","2026-09-24 12:21:06"
"14175150198","2026-09-24 23:11:29.060","2026-09-27 23:07:15.278","14175150198","160427234","[PREMIUM]","[PREMIUM]","302","19","1_5","1","5",5,"[1,2,3,5]",407,"Upper",10,"Mobile Transfer ticket",1,"[PREMIUM]","[PREMIUM]","[PREMIUM]","[PREMIUM]",true,false,"['Clear view']","2026-09-24 17:06:05"
"14143404221","2026-09-24 23:11:29.036","2026-10-04 22:09:15.744","14143404221","160427234","[PREMIUM]","[PREMIUM]","350","17","5_6","5",,2,"[2]",407,"Upper",10,"Mobile Transfer ticket",14,"[PREMIUM]","[PREMIUM]","[PREMIUM]","[PREMIUM]",true,false,"['Clear view']","2026-09-22 19:19:08"
"14143404039","2026-09-24 23:11:29.036","2026-10-04 22:09:06.873","14143404039","160427234","[PREMIUM]","[PREMIUM]","326","17","17_19","17",,3,"[1,3]",407,"Upper",10,"Mobile Transfer ticket",14,"[PREMIUM]","[PREMIUM]","[PREMIUM]","[PREMIUM]",true,false,"['Clear view']","2026-09-22 19:19:07"
"14173465875","2026-09-24 23:11:29.036","2026-10-02 22:10:20.468","14173465875","160427234","[PREMIUM]","[PREMIUM]","346","18","21_28","21",,8,"[1,2,3,4,5,6,8]",407,"Upper",10,"Mobile Transfer ticket",14,"[PREMIUM]","[PREMIUM]","[PREMIUM]","[PREMIUM]",true,false,"['Clear view']","2026-09-24 15:30:49"
"14173465491","2026-09-24 23:11:29.036","2026-10-04 22:09:15.744","14173465491","160427234","[PREMIUM]","[PREMIUM]","331","18","26_28","26",,3,"[1,3]",407,"Upper",10,"Mobile Transfer ticket",14,"[PREMIUM]","[PREMIUM]","[PREMIUM]","[PREMIUM]",true,false,"['Clear view']","2026-09-24 15:30:48"
"14173465500","2026-09-24 23:11:29.036","2026-10-04 22:09:15.744","14173465500","160427234","[PREMIUM]","[PREMIUM]","347","19","21_28","21",,8,"[1,2,3,4,5,6,8]",407,"Upper",10,"Mobile Transfer ticket",14,"[PREMIUM]","[PREMIUM]","[PREMIUM]","[PREMIUM]",true,false,"['Clear view']","2026-09-24 15:30:48"
"14180198681","2026-09-24 23:11:28.751","2026-09-24 23:11:28.751","14180198681","160427237","[PREMIUM]","[PREMIUM]","126","8","13_14","13",,2,"[2]",594,"Lower",10,"Mobile Transfer ticket",1,"[PREMIUM]","[PREMIUM]","[PREMIUM]","[PREMIUM]",true,false,"['Clear view']","2026-09-24 23:02:26"
"14155188257","2026-09-24 23:11:28.716","2026-10-03 22:09:44.146","14155188257","160427234","[PREMIUM]","[PREMIUM]","328","20","1_4","1","4",4,"[2,4]",407,"Upper",10,"Mobile Transfer ticket",1,"[PREMIUM]","[PREMIUM]","[PREMIUM]","[PREMIUM]",true,false,"['Clear view']","2026-09-23 13:16:29"
"14180271607","2026-09-24 23:11:28.431","2026-09-25 23:39:33.200","14180271607","160436500","[PREMIUM]","[PREMIUM]","333","K","_",,,2,"[2]",17345,"Upper 300-Level",10,"Mobile Transfer ticket",1,"[PREMIUM]","[PREMIUM]","[PREMIUM]","[PREMIUM]",true,false,"['Clear view']","2026-09-24 23:05:58"
"14177403102","2026-09-24 23:11:28.169","2026-09-24 23:12:40.678","14177403102","160427237","[PREMIUM]","[PREMIUM]","319","6","9001_9002","9001",,2,"[2]",407,"Upper",10,"Mobile Transfer ticket",13,"[PREMIUM]","[PREMIUM]","[PREMIUM]","[PREMIUM]",true,false,"['Clear view']","2026-09-24 19:50:46"
"14143329366","2026-09-24 23:11:28.024","2026-09-26 05:19:11.441","14143329366","160436500","[PREMIUM]","[PREMIUM]","337","J","_",,,2,"[2]",17345,"Upper 300-Level",10,"Mobile Transfer ticket",1,"[PREMIUM]","[PREMIUM]","[PREMIUM]","[PREMIUM]",true,false,"['Clear view']","2026-09-22 19:14:34"
"14180322177","2026-09-24 23:11:28.024","2026-09-26 05:19:11.441","14180322177","160436500","[PREMIUM]","[PREMIUM]","324","B","_",,,2,"[2]",17345,"Upper 300-Level",10,"Mobile Transfer ticket",1,"[PREMIUM]","[PREMIUM]","[PREMIUM]","[PREMIUM]",true,false,"['Second Row of Section','Clear view']","2026-09-24 23:08:39"
"14031461905","2026-09-24 23:11:27.944","2026-09-25 23:39:32.846","14031461905","160436500","[PREMIUM]","[PREMIUM]","313","L","_",,,2,"[2]",17345,"Upper 300-Level",10,"Mobile Transfer ticket",1,"[PREMIUM]","[PREMIUM]","[PREMIUM]","[PREMIUM]",true,false,"['Clear view']","2026-09-13 18:45:24"
"14143580730","2026-09-24 23:11:27.944","2026-09-24 23:11:27.944","14143580730","160436500","[PREMIUM]","[PREMIUM]","323","B","_",,,2,"[2]",17345,"Upper 300-Level",10,"Mobile Transfer ticket",1,"[PREMIUM]","[PREMIUM]","[PREMIUM]","[PREMIUM]",true,false,"['Second Row of Section','Clear view']","2026-09-22 19:30:04"
"14143377649","2026-09-24 23:11:27.736","2026-09-24 23:11:27.736","14143377649","160436500","[PREMIUM]","[PREMIUM]","323","D","_",,,2,"[2]",17345,"Upper 300-Level",10,"Mobile Transfer ticket",1,"[PREMIUM]","[PREMIUM]","[PREMIUM]","[PREMIUM]",true,false,"['Clear view']","2026-09-22 19:17:29"
"14174974210","2026-09-24 23:11:27.736","2026-09-29 05:21:45.571","14174974210","160436500","[PREMIUM]","[PREMIUM]","102","BB","_",,,2,"[2]",17337,"Lower 100-Level",10,"Mobile Transfer ticket",1,"[PREMIUM]","[PREMIUM]","[PREMIUM]","[PREMIUM]",true,false,"['Clear view']","2026-09-24 16:55:46"
"14143335151","2026-09-24 23:11:27.703","2026-09-24 23:11:27.703","14143335151","160436500","[PREMIUM]","[PREMIUM]","310","U","_",,,2,"[2]",17345,"Upper 300-Level",10,"Mobile Transfer ticket",1,"[PREMIUM]","[PREMIUM]","[PREMIUM]","[PREMIUM]",true,false,"['Clear view']","2026-09-22 19:14:56"
"14143631107","2026-09-24 23:11:27.465","2026-09-25 23:39:27.524","14143631107","160436500","[PREMIUM]","[PREMIUM]","328","D","_",,,2,"[2]",17345,"Upper 300-Level",10,"Mobile Transfer ticket",1,"[PREMIUM]","[PREMIUM]","[PREMIUM]","[PREMIUM]",true,false,"['Clear view']","2026-09-22 19:34:03"
"14171659998","2026-09-24 23:11:26.828","2026-09-29 22:08:38.455","14171659998","160435854","[PREMIUM]","[PREMIUM]","328","G","_",,,2,"[1,2]",407,"Upper",10,"Mobile Transfer ticket",1,"[PREMIUM]","[PREMIUM]","[PREMIUM]","[PREMIUM]",true,false,"['Clear view']","2026-09-24 14:01:21"
"14178686865","2026-09-24 23:11:25.962","2026-09-24 23:11:25.962","14178686865","160427238","[PREMIUM]","[PREMIUM]","338","25","_",,,1,"[1]",407,"Upper",10,"Mobile Transfer ticket",1,"[PREMIUM]","[PREMIUM]","[PREMIUM]","[PREMIUM]",false,false,"['Clear view']","2026-09-24 21:22:25"
"14168442775","2026-09-24 23:11:25.782","2026-10-07 05:33:05.874","14168442775","160435855","[PREMIUM]","[PREMIUM]","102","R","_",,,4,"[2,4]",594,"Lower",10,"Mobile Transfer ticket",14,"[PREMIUM]","[PREMIUM]","[PREMIUM]","[PREMIUM]",true,false,"['Clear view']","2026-09-24 09:21:00"
"14180190372","2026-09-24 23:11:25.596","2026-09-24 23:11:25.596","14180190372","160436500","[PREMIUM]","[PREMIUM]","CHR106",,"18_18","18","18",1,"[1]",17747,"Lower Charter",10,"Mobile Transfer ticket",1,"[PREMIUM]","[PREMIUM]","[PREMIUM]","[PREMIUM]",false,true,"['Clear view']","2026-09-24 23:01:59"
"14031462037","2026-09-24 23:11:22.889","2026-09-25 23:39:27.206","14031462037","160436500","[PREMIUM]","[PREMIUM]","311","R","_",,,2,"[2]",17345,"Upper 300-Level",10,"Mobile Transfer ticket",1,"[PREMIUM]","[PREMIUM]","[PREMIUM]","[PREMIUM]",true,false,"['Clear view']","2026-09-13 18:45:24"
"14149888531","2026-09-24 23:11:22.889","2026-09-24 23:11:22.889","14149888531","160436500","[PREMIUM]","[PREMIUM]","321","B","9001_9002","9001",,2,"[2]",17345,"Upper 300-Level",11,"Mobile ticket",1,"[PREMIUM]","[PREMIUM]","[PREMIUM]","[PREMIUM]",true,false,"['Second Row of Section','Clear view']","2026-09-23 03:14:57"
"14162803950","2026-09-24 23:11:22.889","2026-09-25 23:39:27.021","14162803950","160436500","[PREMIUM]","[PREMIUM]","319","D","_",,,2,"[2]",17345,"Upper 300-Level",10,"Mobile Transfer ticket",1,"[PREMIUM]","[PREMIUM]","[PREMIUM]","[PREMIUM]",true,false,"['Clear view']","2026-09-24 00:07:51"
"14180127591","2026-09-24 23:11:22.889","2026-09-25 23:39:27.021","14180127591","160436500","[PREMIUM]","[PREMIUM]","315","M","_",,,2,"[2]",17345,"Upper 300-Level",10,"Mobile Transfer ticket",1,"[PREMIUM]","[PREMIUM]","[PREMIUM]","[PREMIUM]",true,false,"['Clear view']","2026-09-24 22:57:54"
"14167406827","2026-09-24 23:11:22.568","2026-09-24 23:11:22.568","14167406827","160427238","[PREMIUM]","[PREMIUM]","306","11","9001_9003","9001",,3,"[3]",407,"Upper",10,"Mobile Transfer ticket",13,"[PREMIUM]","[PREMIUM]","[PREMIUM]","[PREMIUM]",true,false,"['Clear view']","2026-09-24 07:26:06"
"14143294773","2026-09-24 23:11:22.228","2026-10-07 05:06:36.475","14143294773","160427238","[PREMIUM]","[PREMIUM]","225B","5","19_20","19",,2,"[2]",471,"Middle",10,"Mobile Transfer ticket",14,"[PREMIUM]","[PREMIUM]","[PREMIUM]","[PREMIUM]",true,false,"['Third Row of Section','Clear view']","2026-09-22 19:11:59"
"14143294829","2026-09-24 23:11:22.228","2026-09-29 05:06:32.613","14143294829","160427238","[PREMIUM]","[PREMIUM]","224B","5","16_19","16",,4,"[1,2,4]",471,"Middle",10,"Mobile Transfer ticket",14,"[PREMIUM]","[PREMIUM]","[PREMIUM]","[PREMIUM]",true,false,"['Clear view']","2026-09-22 19:11:59"
"14143294816","2026-09-24 23:11:22.165","2026-10-07 05:06:35.955","14143294816","160427238","[PREMIUM]","[PREMIUM]","224B","6","17_18","17",,2,"[2]",471,"Middle",10,"Mobile Transfer ticket",14,"[PREMIUM]","[PREMIUM]","[PREMIUM]","[PREMIUM]",true,false,"['Clear view']","2026-09-22 19:11:59"
"13980606486","2026-09-24 23:11:21.920","2026-09-24 23:11:21.920","13980606486","160427238","[PREMIUM]","[PREMIUM]","224B","7","9_12","9",,4,"[1,2,4]",471,"Middle",10,"Mobile Transfer ticket",14,"[PREMIUM]","[PREMIUM]","[PREMIUM]","[PREMIUM]",true,false,"['Clear view']","2026-09-09 16:51:12"
"14168565853","2026-09-24 23:11:21.920","2026-09-24 23:11:21.920","14168565853","160427238","[PREMIUM]","[PREMIUM]","332","13","9001_9002","9001",,2,"[2]",407,"Upper",10,"Mobile Transfer ticket",13,"[PREMIUM]","[PREMIUM]","[PREMIUM]","[PREMIUM]",true,false,"['Clear view']","2026-09-24 09:38:14"
"14173444717","2026-09-24 23:11:21.920","2026-09-29 05:06:32.588","14173444717","160427238","[PREMIUM]","[PREMIUM]","344","14","11_12","11",,2,"[2]",407,"Upper",10,"Mobile Transfer ticket",14,"[PREMIUM]","[PREMIUM]","[PREMIUM]","[PREMIUM]",true,false,"['Side view (printed on ticket)']","2026-09-24 15:29:36"
"14175567964","2026-09-24 23:11:21.539","2026-10-02 05:08:07.936","14175567964","160427237","[PREMIUM]","[PREMIUM]","343","7","9001_9002","9001","9002",2,"[2]",407,"Upper",10,"Mobile Transfer ticket",13,"[PREMIUM]","[PREMIUM]","[PREMIUM]","[PREMIUM]",true,false,"['Clear view']","2026-09-24 17:35:13"
"14177411504","2026-09-24 23:11:21.539","2026-09-24 23:11:21.539","14177411504","160427237","[PREMIUM]","[PREMIUM]","328","5","9001_9002","9001",,2,"[2]",407,"Upper",10,"Mobile Transfer ticket",13,"[PREMIUM]","[PREMIUM]","[PREMIUM]","[PREMIUM]",true,false,"['Front Row of Section','Clear view']","2026-09-24 19:51:05"
"14038127351","2026-09-24 23:11:21.281","2026-09-24 23:11:21.281","14038127351","160427237","[PREMIUM]","[PREMIUM]","346","5","18_20","18",,3,"[3]",407,"Upper",10,"Mobile Transfer ticket",1,"[PREMIUM]","[PREMIUM]","[PREMIUM]","[PREMIUM]",true,false,"['Front Row of Section','Clear view']","2026-09-14 11:34:27"
"14132708389","2026-09-24 23:11:21.156","2026-09-24 23:11:21.156","14132708389","160436256","[PREMIUM]","[PREMIUM]","517","1","_",,,2,"[2]",954,"Upper Level",10,"Mobile Transfer ticket",1,"[PREMIUM]","[PREMIUM]","[PREMIUM]","[PREMIUM]",true,false,"['Front Row of Section','Clear view']","2026-09-22 02:41:44"
"14176558314","2026-09-24 23:11:21.115","2026-10-03 05:07:37.556","14176558314","160427237","[PREMIUM]","[PREMIUM]","121","44","5_6","5","6",2,"[2]",594,"Lower",10,"Mobile Transfer ticket",1,"[PREMIUM]","[PREMIUM]","[PREMIUM]","[PREMIUM]",true,false,"['Clear view']","2026-09-24 18:48:31"
"14172545982","2026-09-24 23:11:20.794","2026-10-07 05:08:04.938","14172545982","160427237","[PREMIUM]","[PREMIUM]","341","2","24_26","24","26",3,"[3]",478,"Loge",11,"Mobile ticket",1,"[PREMIUM]","[PREMIUM]","[PREMIUM]","[PREMIUM]",true,false,"['Actual 2nd row of section','Aisle seat','Clear view','Instant download']","2026-09-24 14:46:28"
"14177029873","2026-09-24 23:11:20.724","2026-09-24 23:12:40.176","14177029873","160427237","[PREMIUM]","[PREMIUM]","308","6","9001_9002","9001",,2,"[2]",407,"Upper",10,"Mobile Transfer ticket",13,"[PREMIUM]","[PREMIUM]","[PREMIUM]","[PREMIUM]",true,false,"['Clear view']","2026-09-24 19:21:30"
"14175291924","2026-09-24 23:11:20.419","2026-09-24 23:11:56.019","14175291924","160427234","[PREMIUM]","[PREMIUM]","309","16","9_12","9","12",4,"[2,4]",407,"Upper",10,"Mobile Transfer ticket",1,"[PREMIUM]","[PREMIUM]","[PREMIUM]","[PREMIUM]",true,false,"['Clear view']","2026-09-24 17:14:49"
"14180258430","2026-09-24 23:11:19.918","2026-09-24 23:11:19.918","14180258430","160436500","[PREMIUM]","[PREMIUM]","303","J","_",,,2,"[2]",17345,"Upper 300-Level",10,"Mobile Transfer ticket",1,"[PREMIUM]","[PREMIUM]","[PREMIUM]","[PREMIUM]",true,false,"['Clear view']","2026-09-24 23:05:24"
"14143446776","2026-09-24 23:11:19.832","2026-09-25 23:39:27.081","14143446776","160436500","[PREMIUM]","[PREMIUM]","339","M","_",,,2,"[2]",17345,"Upper 300-Level",10,"Mobile Transfer ticket",1,"[PREMIUM]","[PREMIUM]","[PREMIUM]","[PREMIUM]",true,false,"['Clear view']","2026-09-22 19:22:08"
"14149878306","2026-09-24 23:11:19.832","2026-09-27 23:05:38.249","14149878306","160436500","[PREMIUM]","[PREMIUM]","336","R","9001_9001","9001",,1,"[1]",17345,"Upper 300-Level",11,"Mobile ticket",1,"[PREMIUM]","[PREMIUM]","[PREMIUM]","[PREMIUM]",false,false,"['Clear view']","2026-09-23 03:14:24"
"14180135809","2026-09-24 23:11:19.787","2026-09-25 23:39:27.081","14180135809","160436500","[PREMIUM]","[PREMIUM]","344","I","_",,,2,"[2]",17345,"Upper 300-Level",10,"Mobile Transfer ticket",1,"[PREMIUM]","[PREMIUM]","[PREMIUM]","[PREMIUM]",true,false,"['Clear view']","2026-09-24 22:58:18"
"14180165000","2026-09-24 23:11:19.776","2026-09-25 23:39:22.883","14180165000","160436500","[PREMIUM]","[PREMIUM]","304","D","_",,,2,"[2]",17345,"Upper 300-Level",10,"Mobile Transfer ticket",1,"[PREMIUM]","[PREMIUM]","[PREMIUM]","[PREMIUM]",true,false,"['Clear view']","2026-09-24 23:00:01"
"14180100299","2026-09-24 23:11:19.776","2026-09-26 05:19:03.860","14180100299","160436500","[PREMIUM]","[PREMIUM]","215","U","_",,,2,"[2]",17344,"Middle 200-Level",10,"Mobile Transfer ticket",1,"[PREMIUM]","[PREMIUM]","[PREMIUM]","[PREMIUM]",true,false,"['Clear view']","2026-09-24 22:55:33"
"14143560218","2026-09-24 23:11:19.642","2026-09-26 05:19:03.860","14143560218","160436500","[PREMIUM]","[PREMIUM]","333","R","_",,,4,"[2,4]",17345,"Upper 300-Level",10,"Mobile Transfer ticket",1,"[PREMIUM]","[PREMIUM]","[PREMIUM]","[PREMIUM]",true,false,"['Clear view']","2026-09-22 19:28:54"
"14143354783","2026-09-24 23:11:19.518","2026-09-25 23:39:22.598","14143354783","160436500","[PREMIUM]","[PREMIUM]","307","V","_",,,2,"[2]",17345,"Upper 300-Level",10,"Mobile Transfer ticket",1,"[PREMIUM]","[PREMIUM]","[PREMIUM]","[PREMIUM]",true,false,"['Clear view']","2026-09-22 19:16:06"
"14180316145","2026-09-24 23:11:19.518","2026-09-25 23:39:22.702","14180316145","160436500","[PREMIUM]","[PREMIUM]","337","N","_",,,2,"[2]",17345,"Upper 300-Level",10,"Mobile Transfer ticket",1,"[PREMIUM]","[PREMIUM]","[PREMIUM]","[PREMIUM]",true,false,"['Clear view']","2026-09-24 23:08:22"
"14031461907","2026-09-24 23:11:19.501","2026-09-27 23:05:33.143","14031461907","160436500","[PREMIUM]","[PREMIUM]","313","T","_",,,2,"[2]",17345,"Upper 300-Level",10,"Mobile Transfer ticket",1,"[PREMIUM]","[PREMIUM]","[PREMIUM]","[PREMIUM]",true,false,"['Clear view']","2026-09-13 18:45:24"
"14180097138","2026-09-24 23:11:19.500","2026-09-26 05:19:04.111","14180097138","160436500","[PREMIUM]","[PREMIUM]","336","W","_",,,2,"[2]",17345,"Upper 300-Level",10,"Mobile Transfer ticket",1,"[PREMIUM]","[PREMIUM]","[PREMIUM]","[PREMIUM]",true,false,"['Clear view']","2026-09-24 22:54:48"
"14171164118","2026-09-24 23:11:19.344","2026-09-25 23:39:22.015","14171164118","160436500","[PREMIUM]","[PREMIUM]","338","Q","_",,,2,"[2]",17345,"Upper 300-Level",10,"Mobile Transfer ticket",1,"[PREMIUM]","[PREMIUM]","[PREMIUM]","[PREMIUM]",true,false,"['Clear view']","2026-09-24 13:41:33"
"14143134375","2026-09-24 23:11:18.980","2026-09-25 23:39:21.950","14143134375","160436500","[PREMIUM]","[PREMIUM]","302","X","_",,,2,"[2]",17345,"Upper 300-Level",10,"Mobile Transfer ticket",1,"[PREMIUM]","[PREMIUM]","[PREMIUM]","[PREMIUM]",true,false,"['Clear view']","2026-09-22 19:00:10"
"14143397479","2026-09-24 23:11:18.980","2026-09-25 23:39:21.950","14143397479","160436500","[PREMIUM]","[PREMIUM]","320","I","_",,,2,"[2]",17345,"Upper 300-Level",10,"Mobile Transfer ticket",1,"[PREMIUM]","[PREMIUM]","[PREMIUM]","[PREMIUM]",true,false,"['Clear view']","2026-09-22 19:18:41"
"14155205522","2026-09-24 23:11:18.239","2026-09-28 22:10:58.576","14155205522","160435854","[PREMIUM]","[PREMIUM]","328","K","_",,,2,"[1,2]",407,"Upper",10,"Mobile Transfer ticket",1,"[PREMIUM]","[PREMIUM]","[PREMIUM]","[PREMIUM]",true,false,"['Clear view']","2026-09-23 13:17:49"
"14180315028","2026-09-24 23:11:18.239","2026-10-07 22:12:08.946","14180315028","160435854","[PREMIUM]","[PREMIUM]","328","H","_",,,2,"[1,2]",407,"Upper",10,"Mobile Transfer ticket",1,"[PREMIUM]","[PREMIUM]","[PREMIUM]","[PREMIUM]",true,false,"['Clear view']","2026-09-24 23:08:17"
"13589863427","2026-09-24 23:11:17.814","2026-10-07 05:06:35.955","13589863427","160427238","[PREMIUM]","[PREMIUM]","224B","9","7_8","7",,2,"[2]",471,"Middle",10,"Mobile Transfer ticket",14,"[PREMIUM]","[PREMIUM]","[PREMIUM]","[PREMIUM]",true,false,"['Clear view']","2026-08-06 01:33:39"
"14149275943","2026-09-24 23:11:17.751","2026-09-26 05:04:00.288","14149275943","160427232","[PREMIUM]","[PREMIUM]","143","23","_",,,2,"[2]",594,"Lower",10,"Mobile Transfer ticket",1,"[PREMIUM]","[PREMIUM]","[PREMIUM]","[PREMIUM]",true,false,"['Side view (printed on ticket)']","2026-09-23 02:06:43"
"13364259686","2026-09-24 23:11:17.677","2026-09-24 23:11:17.677","13364259686","160427238","[PREMIUM]","[PREMIUM]","325","11","13_14","13",,2,"[2]",407,"Upper",10,"Mobile Transfer ticket",14,"[PREMIUM]","[PREMIUM]","[PREMIUM]","[PREMIUM]",true,false,"['Clear view']","2026-07-15 21:34:18"
"13327839235","2026-09-24 23:11:17.428","2026-10-05 05:05:10.450","13327839235","160427238","[PREMIUM]","[PREMIUM]","250B","9","11_12","11",,2,"[2]",471,"Middle",10,"Mobile Transfer ticket",14,"[PREMIUM]","[PREMIUM]","[PREMIUM]","[PREMIUM]",true,false,"['Clear view']","2026-07-11 14:43:40"
"14174693265","2026-09-24 23:11:17.246","2026-09-27 05:07:17.838","14174693265","160427238","[PREMIUM]","[PREMIUM]","324","6","9001_9002","9001","9002",2,"[2]",407,"Upper",10,"Mobile Transfer ticket",13,"[PREMIUM]","[PREMIUM]","[PREMIUM]","[PREMIUM]",true,false,"['Second Row of Section','Clear view']","2026-09-24 16:37:27"
"14179090928","2026-09-24 23:11:17.246","2026-09-24 23:11:17.246","14179090928","160427238","[PREMIUM]","[PREMIUM]","124","39","11_14","11","14",4,"[2,4]",594,"Lower",10,"Mobile Transfer ticket",1,"[PREMIUM]","[PREMIUM]","[PREMIUM]","[PREMIUM]",true,false,"['Clear view']","2026-09-24 21:52:59"
"14178148720","2026-09-24 23:11:17.023","2026-09-24 23:11:17.023","14178148720","160427238","[PREMIUM]","[PREMIUM]","319","12","9001_9002","9001",,2,"[2]",407,"Upper",10,"Mobile Transfer ticket",13,"[PREMIUM]","[PREMIUM]","[PREMIUM]","[PREMIUM]",true,false,"['Clear view']","2026-09-24 20:49:30"
"12691534860","2026-09-24 23:11:16.996","2026-10-04 05:07:33.154","12691534860","160427237","[PREMIUM]","[PREMIUM]","329","14","11_14","11",,4,"[2,4]",407,"Upper",10,"Mobile Transfer ticket",1,"[PREMIUM]","[PREMIUM]","[PREMIUM]","[PREMIUM]",true,false,"['Clear view']","2026-05-15 00:57:40"
"14175522240","2026-09-24 23:11:15.927","2026-10-06 05:06:07.446","14175522240","160427237","[PREMIUM]","[PREMIUM]","227B","13","5_5","5","5",1,"[1]",471,"Middle",10,"Mobile Transfer ticket",1,"[PREMIUM]","[PREMIUM]","[PREMIUM]","[PREMIUM]",false,false,"['Clear view']","2026-09-24 17:32:21"
"14180287429","2026-09-24 23:11:15.876","2026-09-24 23:11:15.876","14180287429","160427237","[PREMIUM]","[PREMIUM]","338","12","24_27","24","27",4,"[4]",407,"Upper",10,"Mobile Transfer ticket",1,"[PREMIUM]","[PREMIUM]","[PREMIUM]","[PREMIUM]",true,false,"['Clear view']","2026-09-24 23:06:41"
"14010949097","2026-09-24 23:11:15.557","2026-09-28 22:11:20.523","14010949097","160426306","[PREMIUM]","[PREMIUM]","C1","12","_",,,2,"[2]",300,"Club Level",10,"Mobile Transfer ticket",1,"[PREMIUM]","[PREMIUM]","[PREMIUM]","[PREMIUM]",true,false,"['Clear view']","2026-09-11 22:06:23"
"13759865535","2026-09-24 23:11:15.534","2026-09-24 23:12:29.480","13759865535","160427237","[PREMIUM]","[PREMIUM]","332","15","15_20","15","20",6,"[1,2,3,4,6]",407,"Upper",10,"Mobile Transfer ticket",1,"[PREMIUM]","[PREMIUM]","[PREMIUM]","[PREMIUM]",true,false,"['Clear view']","2026-08-21 20:49:02"
"14177862196","2026-09-24 23:11:15.466","2026-09-30 05:22:17.316","14177862196","160436500","[PREMIUM]","[PREMIUM]","303","EE","23_24","23",,2,"[2]",17345,"Upper 300-Level",10,"Mobile Transfer ticket",1,"[PREMIUM]","[PREMIUM]","[PREMIUM]","[PREMIUM]",true,false,"['Clear view']","2026-09-24 20:29:33"
"14178486254","2026-09-24 23:11:15.188","2026-09-28 05:18:42.371","14178486254","160436500","[PREMIUM]","[PREMIUM]","301","BB","_",,,4,"[1,2,4]",17345,"Upper 300-Level",10,"Mobile Transfer ticket",1,"[PREMIUM]","[PREMIUM]","[PREMIUM]","[PREMIUM]",true,false,"['Clear view']","2026-09-24 21:11:50"
"14180103490","2026-09-24 23:11:15.185","2026-09-24 23:11:15.185","14180103490","160436500","[PREMIUM]","[PREMIUM]","341","C","9_10","9","10",2,"[2]",17345,"Upper 300-Level",10,"Mobile Transfer ticket",1,"[PREMIUM]","[PREMIUM]","[PREMIUM]","[PREMIUM]",true,false,"['Third Row of Section','Clear view']","2026-09-24 22:55:55"
"14160828940","2026-09-24 23:11:14.981","2026-09-24 23:11:14.981","14160828940","160436500","[PREMIUM]","[PREMIUM]","303","P","_",,,4,"[1,2,4]",17345,"Upper 300-Level",10,"Mobile Transfer ticket",1,"[PREMIUM]","[PREMIUM]","[PREMIUM]","[PREMIUM]",true,false,"['Clear view']","2026-09-23 21:18:30"
"14180152303","2026-09-24 23:11:14.803","2026-09-24 23:11:14.803","14180152303","160436500","[PREMIUM]","[PREMIUM]","340","P","15_16","15","16",2,"[2]",17345,"Upper 300-Level",10,"Mobile Transfer ticket",1,"[PREMIUM]","[PREMIUM]","[PREMIUM]","[PREMIUM]",true,false,"['Clear view']","2026-09-24 22:59:34"
"13961217320","2026-09-24 23:11:14.674","2026-09-29 05:21:29.900","13961217320","160436500","[PREMIUM]","[PREMIUM]","317","U","_",,,3,"[1,3]",17345,"Upper 300-Level",11,"Mobile ticket",14,"[PREMIUM]","[PREMIUM]","[PREMIUM]","[PREMIUM]",true,false,"['Clear view']","2026-09-07 23:21:39"
"14179132459","2026-09-24 23:11:14.674","2026-09-24 23:11:14.674","14179132459","160436500","[PREMIUM]","[PREMIUM]","300","DD","_",,,5,"[1,2,3,5]",17345,"Upper 300-Level",10,"Mobile Transfer ticket",1,"[PREMIUM]","[PREMIUM]","[PREMIUM]","[PREMIUM]",true,false,"['Clear view']","2026-09-24 21:56:02"
"14178486236","2026-09-24 23:11:14.587","2026-10-02 05:22:49.612","14178486236","160436500","[PREMIUM]","[PREMIUM]","328","CC","_",,,3,"[1,3]",17345,"Upper 300-Level",10,"Mobile Transfer ticket",1,"[PREMIUM]","[PREMIUM]","[PREMIUM]","[PREMIUM]",true,false,"['Clear view']","2026-09-24 21:11:50"
"14178540106","2026-09-24 23:11:14.587","2026-09-24 23:11:14.587","14178540106","160436500","[PREMIUM]","[PREMIUM]","328","EE","_",,,5,"[1,2,3,5]",17345,"Upper 300-Level",10,"Mobile Transfer ticket",1,"[PREMIUM]","[PREMIUM]","[PREMIUM]","[PREMIUM]",true,false,"['Clear view']","2026-09-24 21:14:25"
"14165054444","2026-09-24 23:11:14.568","2026-09-27 23:05:26.280","14165054444","160436500","[PREMIUM]","[PREMIUM]","328","G","1_2","1",,2,"[2]",17345,"Upper 300-Level",10,"Mobile Transfer ticket",14,"[PREMIUM]","[PREMIUM]","[PREMIUM]","[PREMIUM]",true,false,"['Limited or Obstructed View (printed on ticket)']","2026-09-24 03:59:09"
"14175515795","2026-09-24 23:11:14.568","2026-09-24 23:11:14.568","14175515795","160436500","[PREMIUM]","[PREMIUM]","300","Q","_",,,3,"[3]",17345,"Upper 300-Level",10,"Mobile Transfer ticket",1,"[PREMIUM]","[PREMIUM]","[PREMIUM]","[PREMIUM]",true,false,"['Aisle seat','Clear view']","2026-09-24 17:31:58"
"14154283238","2026-09-24 23:11:14.520","2026-09-29 22:08:35.460","14154283238","160435854","[PREMIUM]","[PREMIUM]","327","H","_",,,1,"[1]",407,"Upper",10,"Mobile Transfer ticket",1,"[PREMIUM]","[PREMIUM]","[PREMIUM]","[PREMIUM]",false,false,"['Clear view']","2026-09-23 11:13:35"
"14154790496","2026-09-24 23:11:14.520","2026-10-07 22:12:08.946","14154790496","160435854","[PREMIUM]","[PREMIUM]","303","L","_",,,2,"[1,2]",407,"Upper",10,"Mobile Transfer ticket",1,"[PREMIUM]","[PREMIUM]","[PREMIUM]","[PREMIUM]",true,false,"['Clear view']","2026-09-23 12:22:04"
"13841253493","2026-09-24 23:11:14.420","2026-09-24 23:11:14.420","13841253493","160427237","[PREMIUM]","[PREMIUM]","332","16","6_11","6",,6,"[1,2,4,6]",407,"Upper",10,"Mobile Transfer ticket",1,"[PREMIUM]","[PREMIUM]","[PREMIUM]","[PREMIUM]",true,false,"['Clear view']","2026-08-28 10:04:55"
"14143247622","2026-09-24 23:11:14.107","2026-10-05 05:04:58.528","14143247622","160427238","[PREMIUM]","[PREMIUM]","345","16","5_10","5",,6,"[1,2,3,4,6]",407,"Upper",10,"Mobile Transfer ticket",14,"[PREMIUM]","[PREMIUM]","[PREMIUM]","[PREMIUM]",true,false,"['Clear view']","2026-09-22 19:09:16"
"14143247558","2026-09-24 23:11:14.107","2026-10-05 05:04:58.262","14143247558","160427238","[PREMIUM]","[PREMIUM]","332","18","24_29","24",,6,"[1,2,3,4,6]",407,"Upper",10,"Mobile Transfer ticket",14,"[PREMIUM]","[PREMIUM]","[PREMIUM]","[PREMIUM]",true,false,"['Clear view']","2026-09-22 19:09:16"
"14143247579","2026-09-24 23:11:14.022","2026-10-05 05:04:58.262","14143247579","160427238","[PREMIUM]","[PREMIUM]","345","20","11_12","11",,2,"[2]",407,"Upper",10,"Mobile Transfer ticket",14,"[PREMIUM]","[PREMIUM]","[PREMIUM]","[PREMIUM]",true,false,"['Clear view']","2026-09-22 19:09:16"
"14143247660","2026-09-24 23:11:13.980","2026-09-25 23:39:19.510","14143247660","160427238","[PREMIUM]","[PREMIUM]","343","21","9_16","9",,8,"[1,2,3,4,5,6,8]",407,"Upper",10,"Mobile Transfer ticket",14,"[PREMIUM]","[PREMIUM]","[PREMIUM]","[PREMIUM]",true,false,"['Clear view']","2026-09-22 19:09:16"
"14175553269","2026-09-24 23:11:13.980","2026-09-25 23:39:19.216","14175553269","160427238","[PREMIUM]","[PREMIUM]","341","16","21_24","21","24",4,"[2,4]",407,"Upper",10,"Mobile Transfer ticket",1,"[PREMIUM]","[PREMIUM]","[PREMIUM]","[PREMIUM]",true,false,"['Clear view']","2026-09-24 17:33:37"
"13980570918","2026-09-24 23:11:13.823","2026-10-04 05:06:11.778","13980570918","160427238","[PREMIUM]","[PREMIUM]","318","19","3_7","3",,2,"[2]",407,"Upper",10,"Mobile Transfer ticket",14,"[PREMIUM]","[PREMIUM]","[PREMIUM]","[PREMIUM]",true,false,"['Clear view']","2026-09-09 16:48:38"
"13980570908","2026-09-24 23:11:13.823","2026-10-07 05:06:36.093","13980570908","160427238","[PREMIUM]","[PREMIUM]","308","18","13_16","13",,3,"[1,3]",407,"Upper",10,"Mobile Transfer ticket",14,"[PREMIUM]","[PREMIUM]","[PREMIUM]","[PREMIUM]",true,false,"['Clear view']","2026-09-09 16:48:38"
"14177749485","2026-09-24 23:11:13.823","2026-09-29 05:06:32.762","14177749485","160427238","[PREMIUM]","[PREMIUM]","316","21","25_26","25","26",2,"[2]",407,"Upper",10,"Mobile Transfer ticket",1,"[PREMIUM]","[PREMIUM]","[PREMIUM]","[PREMIUM]",true,false,"['Clear view']","2026-09-24 20:15:32"
"12701222236","2026-09-24 23:11:13.804","2026-09-27 05:07:17.811","12701222236","160427238","[PREMIUM]","[PREMIUM]","342","23","15_16","15",,2,"[2]",407,"Upper",10,"Mobile Transfer ticket",14,"[PREMIUM]","[PREMIUM]","[PREMIUM]","[PREMIUM]",true,false,"['Clear view']","2026-05-15 18:59:06"
"13805666962","2026-09-24 23:11:13.804","2026-09-24 23:11:13.804","13805666962","160427238","[PREMIUM]","[PREMIUM]","335","24","27_28","27",,2,"[2]",407,"Upper",10,"Mobile Transfer ticket",14,"[PREMIUM]","[PREMIUM]","[PREMIUM]","[PREMIUM]",true,false,"['Clear view']","2026-08-25 14:03:55"
"13980574723","2026-09-24 23:11:13.804","2026-10-05 05:04:58.272","13980574723","160427238","[PREMIUM]","[PREMIUM]","334","21","9_10","9",,2,"[2]",407,"Upper",10,"Mobile Transfer ticket",14,"[PREMIUM]","[PREMIUM]","[PREMIUM]","[PREMIUM]",true,false,"['Clear view']","2026-09-09 16:48:50"
"13295589806","2026-09-24 23:11:13.783","2026-10-03 05:06:18.278","13295589806","160427238","[PREMIUM]","[PREMIUM]","310","22","17_18","17",,2,"[2]",407,"Upper",10,"Mobile Transfer ticket",14,"[PREMIUM]","[PREMIUM]","[PREMIUM]","[PREMIUM]",true,false,"['Clear view']","2026-07-09 03:43:20"
"13980574728","2026-09-24 23:11:13.783","2026-10-07 05:06:35.265","13980574728","160427238","[PREMIUM]","[PREMIUM]","334","22","23_24","23",,2,"[2]",407,"Upper",10,"Mobile Transfer ticket",14,"[PREMIUM]","[PREMIUM]","[PREMIUM]","[PREMIUM]",true,false,"['Clear view']","2026-09-09 16:48:50"
"13980574713","2026-09-24 23:11:13.783","2026-10-05 05:04:58.272","13980574713","160427238","[PREMIUM]","[PREMIUM]","343","22","7_10","7",,4,"[1,2,4]",407,"Upper",10,"Mobile Transfer ticket",14,"[PREMIUM]","[PREMIUM]","[PREMIUM]","[PREMIUM]",true,false,"['Clear view']","2026-09-09 16:48:50"
"14144084933","2026-09-24 23:11:13.783","2026-09-30 05:07:28.690","14144084933","160427238","[PREMIUM]","[PREMIUM]","310","21","21_22","21","22",2,"[2]",407,"Upper",10,"Mobile Transfer ticket",1,"[PREMIUM]","[PREMIUM]","[PREMIUM]","[PREMIUM]",true,false,"['Clear view']","2026-09-22 20:05:48"
"14143231240","2026-09-24 23:11:13.689","2026-10-05 05:04:58.462","14143231240","160427238","[PREMIUM]","[PREMIUM]","348","20","25_28","25",,4,"[1,2,4]",407,"Upper",10,"Mobile Transfer ticket",14,"[PREMIUM]","[PREMIUM]","[PREMIUM]","[PREMIUM]",true,false,"['Clear view']","2026-09-22 19:08:17"
"14143321696","2026-09-24 23:11:13.689","2026-10-05 05:04:58.095","14143321696","160427238","[PREMIUM]","[PREMIUM]","304","21","3_6","3",,4,"[1,2,4]",407,"Upper",10,"Mobile Transfer ticket",14,"[PREMIUM]","[PREMIUM]","[PREMIUM]","[PREMIUM]",true,false,"['Clear view']","2026-09-22 19:13:57"
"13980085540","2026-09-24 23:11:13.123","2026-10-07 05:07:40.633","13980085540","160427237","[PREMIUM]","[PREMIUM]","314","18","15_15","15",,1,"[1]",407,"Upper",10,"Mobile Transfer ticket",1,"[PREMIUM]","[PREMIUM]","[PREMIUM]","[PREMIUM]",false,false,"['Clear view']","2026-09-09 15:55:20"
"14180198777","2026-09-24 23:11:13.123","2026-09-24 23:12:28.599","14180198777","160427237","[PREMIUM]","[PREMIUM]","225B","11","7_8","7",,2,"[2]",471,"Middle",10,"Mobile Transfer ticket",1,"[PREMIUM]","[PREMIUM]","[PREMIUM]","[PREMIUM]",true,false,"['Clear view']","2026-09-24 23:02:26"
"12689777271","2026-09-24 23:11:12.956","2026-09-24 23:11:12.956","12689777271","160427237","[PREMIUM]","[PREMIUM]","332","18","5_8","5",,4,"[2,4]",407,"Upper",10,"Mobile Transfer ticket",1,"[PREMIUM]","[PREMIUM]","[PREMIUM]","[PREMIUM]",true,false,"['Clear view']","2026-05-14 22:16:00"
"13922932085","2026-09-24 23:11:12.820","2026-09-28 05:06:45.695","13922932085","160427237","[PREMIUM]","[PREMIUM]","335","20","17_18","17","18",2,"[2]",407,"Upper",10,"Mobile Transfer ticket",1,"[PREMIUM]","[PREMIUM]","[PREMIUM]","[PREMIUM]",true,false,"['Clear view']","2026-09-04 05:02:46"
"13364939097","2026-09-24 23:11:12.759","2026-09-24 23:11:12.759","13364939097","160427232","[PREMIUM]","[PREMIUM]","133","33","13_14","13",,2,"[2]",594,"Lower",10,"Mobile Transfer ticket",1,"[PREMIUM]","[PREMIUM]","[PREMIUM]","[PREMIUM]",true,false,"['Clear view']","2026-07-15 23:23:18"
"14167960405","2026-09-24 23:11:12.759","2026-09-24 23:11:12.759","14167960405","160427232","[PREMIUM]","[PREMIUM]","203A","2","9001_9002","9001",,2,"[2]",471,"Middle",10,"Mobile Transfer ticket",13,"[PREMIUM]","[PREMIUM]","[PREMIUM]","[PREMIUM]",true,false,"['Second Row of Section','Clear view']","2026-09-24 08:19:51"
"14179006365","2026-09-24 23:11:12.759","2026-09-24 23:11:12.759","14179006365","160427232","[PREMIUM]","[PREMIUM]","207A","7","9001_9002","9001",,2,"[2]",471,"Middle",10,"Mobile Transfer ticket",13,"[PREMIUM]","[PREMIUM]","[PREMIUM]","[PREMIUM]",true,false,"['Clear view']","2026-09-24 21:45:17"
"13893696578","2026-09-24 23:11:12.626","2026-10-07 05:07:50.047","13893696578","160427237","[PREMIUM]","[PREMIUM]","320","14","11_12","11","12",2,"[2]",407,"Upper",10,"Mobile Transfer ticket",1,"[PREMIUM]","[PREMIUM]","[PREMIUM]","[PREMIUM]",true,false,"['Clear view']","2026-09-01 19:31:16"
"13980567339","2026-09-24 23:11:12.529","2026-10-07 05:06:35.865","13980567339","160427238","[PREMIUM]","[PREMIUM]","303","25","20_25","20",,4,"[1,2,4]",407,"Upper",10,"Mobile Transfer ticket",14,"[PREMIUM]","[PREMIUM]","[PREMIUM]","[PREMIUM]",true,false,"['Clear view']","2026-09-09 16:48:27"
"14170023471","2026-09-24 23:11:12.529","2026-09-27 05:07:12.313","14170023471","160427238","[PREMIUM]","[PREMIUM]","350","13","9_11","9",,3,"[1,3]",407,"Upper",10,"Mobile Transfer ticket",1,"[PREMIUM]","[PREMIUM]","[PREMIUM]","[PREMIUM]",true,false,"['Clear view']","2026-09-24 12:21:06"
"12701212000","2026-09-24 23:11:12.299","2026-10-05 05:04:52.799","12701212000","160427238","[PREMIUM]","[PREMIUM]","304","26","9_10","9",,2,"[2]",407,"Upper",10,"Mobile Transfer ticket",14,"[PREMIUM]","[PREMIUM]","[PREMIUM]","[PREMIUM]",true,false,"['Clear view']","2026-05-15 18:57:43"
"14170023371","2026-09-24 23:11:12.298","2026-09-27 23:06:17.697","14170023371","160427238","[PREMIUM]","[PREMIUM]","328","18","13_16","13",,4,"[2,4]",407,"Upper",10,"Mobile Transfer ticket",1,"[PREMIUM]","[PREMIUM]","[PREMIUM]","[PREMIUM]",true,false,"['Clear view']","2026-09-24 12:21:06"
"14179550541","2026-09-24 23:11:11.971","2026-09-24 23:11:11.971","14179550541","160417386","[PREMIUM]","[PREMIUM]","340","13","_",,,4,"[2,4]",407,"Upper",10,"Mobile Transfer ticket",14,"[PREMIUM]","[PREMIUM]","[PREMIUM]","[PREMIUM]",true,false,"['Clear view']","2026-09-24 22:18:48"
"14170023439","2026-09-24 23:11:11.853","2026-09-28 05:06:19.256","14170023439","160427238","[PREMIUM]","[PREMIUM]","330","24","1_2","1",,2,"[2]",407,"Upper",10,"Mobile Transfer ticket",1,"[PREMIUM]","[PREMIUM]","[PREMIUM]","[PREMIUM]",true,false,"['Clear view']","2026-09-24 12:21:06"
"14170023388","2026-09-24 23:11:11.853","2026-09-27 05:07:12.313","14170023388","160427238","[PREMIUM]","[PREMIUM]","330","19","13_14","13",,2,"[2]",407,"Upper",10,"Mobile Transfer ticket",1,"[PREMIUM]","[PREMIUM]","[PREMIUM]","[PREMIUM]",true,false,"['Clear view']","2026-09-24 12:21:06"
"14180301107","2026-09-24 23:11:11.853","2026-09-24 23:11:11.853","14180301107","160427238","[PREMIUM]","[PREMIUM]","306","21","1_2","1","2",2,"[2]",407,"Upper",10,"Mobile Transfer ticket",1,"[PREMIUM]","[PREMIUM]","[PREMIUM]","[PREMIUM]",true,false,"['Clear view']","2026-09-24 23:07:30"
"14052691281","2026-09-24 23:11:11.796","2026-09-27 05:07:17.142","14052691281","160427238","[PREMIUM]","[PREMIUM]","310","23","1_2","1",,2,"[1,2]",407,"Upper",10,"Mobile Transfer ticket",1,"[PREMIUM]","[PREMIUM]","[PREMIUM]","[PREMIUM]",true,false,"['Clear view']","2026-09-15 17:47:53"
"14034953699","2026-09-24 23:11:11.753","2026-09-29 05:06:32.762","14034953699","160427238","[PREMIUM]","[PREMIUM]","348","22","21_25","21",,5,"[1,2,3,5]",407,"Upper",10,"Mobile Transfer ticket",14,"[PREMIUM]","[PREMIUM]","[PREMIUM]","[PREMIUM]",true,false,"['Clear view']","2026-09-14 02:33:33"
"14143231295","2026-09-24 23:11:11.753","2026-10-05 05:04:58.462","14143231295","160427238","[PREMIUM]","[PREMIUM]","348","21","1_4","1",,2,"[2]",407,"Upper",10,"Mobile Transfer ticket",14,"[PREMIUM]","[PREMIUM]","[PREMIUM]","[PREMIUM]",true,false,"['Clear view']","2026-09-22 19:08:17"
"14143235857","2026-09-24 23:11:11.694","2026-10-07 05:06:36.552","14143235857","160427238","[PREMIUM]","[PREMIUM]","327","16","13_14","13",,2,"[2]",407,"Upper",10,"Mobile Transfer ticket",14,"[PREMIUM]","[PREMIUM]","[PREMIUM]","[PREMIUM]",true,false,"['Clear view']","2026-09-22 19:08:38"
"12701212267","2026-09-24 23:11:11.528","2026-09-26 05:06:30.359","12701212267","160427238","[PREMIUM]","[PREMIUM]","347","13","10_13","10",,4,"[1,2,4]",407,"Upper",10,"Mobile Transfer ticket",14,"[PREMIUM]","[PREMIUM]","[PREMIUM]","[PREMIUM]",true,false,"['Clear view']","2026-05-15 18:57:43"
"14143197518","2026-09-24 23:11:11.528","2026-10-07 05:06:36.552","14143197518","160427238","[PREMIUM]","[PREMIUM]","302","16","24_27","24",,4,"[1,2,4]",407,"Upper",10,"Mobile Transfer ticket",14,"[PREMIUM]","[PREMIUM]","[PREMIUM]","[PREMIUM]",true,false,"['Clear view']","2026-09-22 19:05:45"
"13980564920","2026-09-24 23:11:11.328","2026-10-07 05:06:36.552","13980564920","160427238","[PREMIUM]","[PREMIUM]","346","22","13_14","13",,2,"[2]",407,"Upper",10,"Mobile Transfer ticket",14,"[PREMIUM]","[PREMIUM]","[PREMIUM]","[PREMIUM]",true,false,"['Clear view']","2026-09-09 16:48:19"
"14143235856","2026-09-24 23:11:11.328","2026-10-02 05:07:06.026","14143235856","160427238","[PREMIUM]","[PREMIUM]","302","15","15_16","15",,2,"[2]",407,"Upper",10,"Mobile Transfer ticket",14,"[PREMIUM]","[PREMIUM]","[PREMIUM]","[PREMIUM]",true,false,"['Clear view']","2026-09-22 19:08:38"
"14143200298","2026-09-24 23:11:11.328","2026-09-24 23:11:11.328","14143200298","160427238","[PREMIUM]","[PREMIUM]","304","23","22_23","22",,2,"[2]",407,"Upper",10,"Mobile Transfer ticket",14,"[PREMIUM]","[PREMIUM]","[PREMIUM]","[PREMIUM]",true,false,"['Clear view']","2026-09-22 19:06:00"
"14143762033","2026-09-24 23:11:11.328","2026-10-05 05:04:59.979","14143762033","160427238","[PREMIUM]","[PREMIUM]","326","15","5_8","5",,4,"[1,2,4]",407,"Upper",10,"Mobile Transfer ticket",14,"[PREMIUM]","[PREMIUM]","[PREMIUM]","[PREMIUM]",true,false,"['Clear view']","2026-09-22 19:44:44"
"13867709427","2026-09-24 23:11:11.290","2026-09-25 23:39:11.060","13867709427","160427238","[PREMIUM]","[PREMIUM]","325","21","8_10","8",,3,"[1,3]",407,"Upper",10,"Mobile Transfer ticket",14,"[PREMIUM]","[PREMIUM]","[PREMIUM]","[PREMIUM]",true,false,"['Clear view']","2026-08-30 22:24:25"
"13924559301","2026-09-24 23:11:11.290","2026-10-07 05:06:34.440","13924559301","160427238","[PREMIUM]","[PREMIUM]","325","20","1_2","1",,2,"[2]",407,"Upper",10,"Mobile Transfer ticket",14,"[PREMIUM]","[PREMIUM]","[PREMIUM]","[PREMIUM]",true,false,"['Clear view']","2026-09-04 08:44:09"
"13980567329","2026-09-24 23:11:11.207","2026-09-24 23:11:11.207","13980567329","160427238","[PREMIUM]","[PREMIUM]","323","23","23_26","23",,4,"[1,2,4]",407,"Upper",10,"Mobile Transfer ticket",14,"[PREMIUM]","[PREMIUM]","[PREMIUM]","[PREMIUM]",true,false,"['Clear view']","2026-09-09 16:48:27"
"14143197544","2026-09-24 23:11:11.207","2026-10-07 05:06:35.265","14143197544","160427238","[PREMIUM]","[PREMIUM]","302","17","12_13","12",,2,"[2]",407,"Upper",10,"Mobile Transfer ticket",14,"[PREMIUM]","[PREMIUM]","[PREMIUM]","[PREMIUM]",true,false,"['Clear view']","2026-09-22 19:05:45"
"14143197542","2026-09-24 23:11:11.207","2026-10-07 05:06:35.265","14143197542","160427238","[PREMIUM]","[PREMIUM]","327","17","17_20","17",,4,"[1,2,4]",407,"Upper",10,"Mobile Transfer ticket",14,"[PREMIUM]","[PREMIUM]","[PREMIUM]","[PREMIUM]",true,false,"['Clear view']","2026-09-22 19:05:45"
"14143619433","2026-09-24 23:11:10.791","2026-09-29 05:04:11.804","14143619433","160427232","[PREMIUM]","[PREMIUM]","135","18","_",,,2,"[2]",594,"Lower",10,"Mobile Transfer ticket",1,"[PREMIUM]","[PREMIUM]","[PREMIUM]","[PREMIUM]",true,false,"['Side view (printed on ticket)']","2026-09-22 19:33:29"
"14161078672","2026-09-24 23:11:10.791","2026-09-25 23:38:17.290","14161078672","160427232","[PREMIUM]","[PREMIUM]","126","2","12_13","12",,2,"[2]",594,"Lower",10,"Mobile Transfer ticket",1,"[PREMIUM]","[PREMIUM]","[PREMIUM]","[PREMIUM]",true,false,"['Second Row of Section','Clear view']","2026-09-23 21:40:49"
"14180141528","2026-09-24 23:11:10.791","2026-10-07 05:03:18.714","14180141528","160427232","[PREMIUM]","[PREMIUM]","126","5","5_8","5",,4,"[1,2,4]",594,"Lower",10,"Mobile Transfer ticket",1,"[PREMIUM]","[PREMIUM]","[PREMIUM]","[PREMIUM]",true,false,"['Clear view']","2026-09-24 22:58:32"
"14160189083","2026-09-24 23:11:10.616","2026-09-27 05:04:23.578","14160189083","160427232","[PREMIUM]","[PREMIUM]","142","24","15_16","15",,2,"[2]",594,"Lower",10,"Mobile Transfer ticket",1,"[PREMIUM]","[PREMIUM]","[PREMIUM]","[PREMIUM]",true,false,"['Clear view']","2026-09-23 20:26:49"
"14161515270","2026-09-24 23:11:10.616","2026-09-24 23:11:10.616","14161515270","160427232","[PREMIUM]","[PREMIUM]","117","8","9001_9001","9001",,1,"[1]",594,"Lower",10,"Mobile Transfer ticket",13,"[PREMIUM]","[PREMIUM]","[PREMIUM]","[PREMIUM]",false,false,"['Clear view']","2026-09-23 22:12:47"
"14162403858","2026-09-24 23:11:10.525","2026-09-24 23:11:10.525","14162403858","160427232","[PREMIUM]","[PREMIUM]","140","31","7_10","7","10",4,"[4]",594,"Lower",11,"Mobile ticket",1,"[PREMIUM]","[PREMIUM]","[PREMIUM]","[PREMIUM]",true,false,"['Clear view','Instant download']","2026-09-23 23:17:42"
"14166625490","2026-09-24 23:11:10.525","2026-09-24 23:11:10.525","14166625490","160427232","[PREMIUM]","[PREMIUM]","118","2","9001_9002","9001",,2,"[2]",594,"Lower",10,"Mobile Transfer ticket",13,"[PREMIUM]","[PREMIUM]","[PREMIUM]","[PREMIUM]",true,false,"['Second Row of Section','Clear view']","2026-09-24 06:25:03"
"14167732854","2026-09-24 23:11:10.525","2026-09-24 23:11:10.525","14167732854","160427232","[PREMIUM]","[PREMIUM]","135","19","9001_9002","9001",,2,"[2]",594,"Lower",10,"Mobile Transfer ticket",13,"[PREMIUM]","[PREMIUM]","[PREMIUM]","[PREMIUM]",true,false,"['Clear view']","2026-09-24 07:56:00"
"14169476044","2026-09-24 23:11:10.525","2026-09-24 23:11:10.525","14169476044","160427232","[PREMIUM]","[PREMIUM]","222A","3","9001_9004","9001",,4,"[4]",471,"Middle",10,"Mobile Transfer ticket",13,"[PREMIUM]","[PREMIUM]","[PREMIUM]","[PREMIUM]",true,false,"['Third Row of Section','Clear view']","2026-09-24 11:26:07"
"14158122931","2026-09-24 23:11:10.479","2026-09-24 23:11:10.479","14158122931","160427232","[PREMIUM]","[PREMIUM]","104","15","_",,,2,"[2]",594,"Lower",10,"Mobile Transfer ticket",1,"[PREMIUM]","[PREMIUM]","[PREMIUM]","[PREMIUM]",true,false,"['Clear view']","2026-09-23 17:39:16"
"14160190376","2026-09-24 23:11:10.479","2026-10-01 05:03:44.155","14160190376","160427232","[PREMIUM]","[PREMIUM]","142","28","15_16","15",,2,"[2]",594,"Lower",10,"Mobile Transfer ticket",1,"[PREMIUM]","[PREMIUM]","[PREMIUM]","[PREMIUM]",true,false,"['Clear view']","2026-09-23 20:26:53"
"14168636350","2026-09-24 23:11:10.479","2026-09-24 23:11:10.479","14168636350","160427232","[PREMIUM]","[PREMIUM]","146","3","9001_9002","9001",,2,"[2]",594,"Lower",10,"Mobile Transfer ticket",13,"[PREMIUM]","[PREMIUM]","[PREMIUM]","[PREMIUM]",true,false,"['Front Row of Section','Clear view']","2026-09-24 09:45:58"
"14179183377","2026-09-24 23:11:10.479","2026-09-24 23:11:10.479","14179183377","160427232","[PREMIUM]","[PREMIUM]","146","11","9001_9002","9001",,2,"[2]",594,"Lower",10,"Mobile Transfer ticket",13,"[PREMIUM]","[PREMIUM]","[PREMIUM]","[PREMIUM]",true,false,"['Clear view']","2026-09-24 21:58:11"
"14166853094","2026-09-24 23:11:10.281","2026-09-24 23:11:10.281","14166853094","160427232","[PREMIUM]","[PREMIUM]","223","1","9001_9002","9001",,2,"[2]",471,"Middle",10,"Mobile Transfer ticket",13,"[PREMIUM]","[PREMIUM]","[PREMIUM]","[PREMIUM]",true,false,"['Front Row of Section','Clear view']","2026-09-24 06:40:33"
"14180141522","2026-09-24 23:11:10.281","2026-10-07 05:03:22.880","14180141522","160427232","[PREMIUM]","[PREMIUM]","126","8","3_4","3",,2,"[2]",594,"Lower",10,"Mobile Transfer ticket",1,"[PREMIUM]","[PREMIUM]","[PREMIUM]","[PREMIUM]",true,false,"['Clear view']","2026-09-24 22:58:32"
"14167896809","2026-09-24 23:11:10.149","2026-09-24 23:11:10.149","14167896809","160427232","[PREMIUM]","[PREMIUM]","335","1","9001_9004","9001",,4,"[4]",478,"Loge",10,"Mobile Transfer ticket",13,"[PREMIUM]","[PREMIUM]","[PREMIUM]","[PREMIUM]",true,false,"['Front Row of Section','Clear view']","2026-09-24 08:13:37"
"14168098487","2026-09-24 23:11:10.109","2026-09-24 23:11:10.109","14168098487","160427232","[PREMIUM]","[PREMIUM]","149","7","9001_9002","9001",,2,"[2]",594,"Lower",10,"Mobile Transfer ticket",13,"[PREMIUM]","[PREMIUM]","[PREMIUM]","[PREMIUM]",true,false,"['Clear view']","2026-09-24 08:33:38"
"14178858333","2026-09-24 23:11:10.109","2026-09-24 23:11:10.109","14178858333","160427232","[PREMIUM]","[PREMIUM]","128","3","9001_9002","9001",,2,"[2]",594,"Lower",10,"Mobile Transfer ticket",13,"[PREMIUM]","[PREMIUM]","[PREMIUM]","[PREMIUM]",true,false,"['Third Row of Section','Clear view']","2026-09-24 21:33:09"
"14169388197","2026-09-24 23:11:10.083","2026-09-24 23:11:10.083","14169388197","160427232","[PREMIUM]","[PREMIUM]","232A","3","9001_9002","9001",,2,"[2]",471,"Middle",10,"Mobile Transfer ticket",13,"[PREMIUM]","[PREMIUM]","[PREMIUM]","[PREMIUM]",true,false,"['Third Row of Section','Clear view']","2026-09-24 11:12:14"
"14175005100","2026-09-24 23:11:10.083","2026-09-24 23:11:10.083","14175005100","160427232","[PREMIUM]","[PREMIUM]","103","17","9001_9002","9001",,2,"[2]",594,"Lower",10,"Mobile Transfer ticket",13,"[PREMIUM]","[PREMIUM]","[PREMIUM]","[PREMIUM]",true,false,"['Clear view']","2026-09-24 16:57:26"
"14180141524","2026-09-24 23:11:10.083","2026-10-02 05:04:31.734","14180141524","160427232","[PREMIUM]","[PREMIUM]","123","8","13_14","13",,2,"[2]",594,"Lower",10,"Mobile Transfer ticket",1,"[PREMIUM]","[PREMIUM]","[PREMIUM]","[PREMIUM]",true,false,"['Clear view']","2026-09-24 22:58:32"
"14168459114","2026-09-24 23:11:09.816","2026-09-24 23:11:09.816","14168459114","160427232","[PREMIUM]","[PREMIUM]","220A","8","9001_9002","9001",,2,"[2]",471,"Middle",10,"Mobile Transfer ticket",13,"[PREMIUM]","[PREMIUM]","[PREMIUM]","[PREMIUM]",true,false,"['Clear view']","2026-09-24 09:23:53"
"14173371193","2026-09-24 23:11:09.816","2026-09-24 23:11:09.816","14173371193","160427232","[PREMIUM]","[PREMIUM]","106","13","9001_9002","9001",,2,"[2]",594,"Lower",10,"Mobile Transfer ticket",13,"[PREMIUM]","[PREMIUM]","[PREMIUM]","[PREMIUM]",true,false,"['Clear view']","2026-09-24 15:26:08"
"14180187010","2026-09-24 23:11:09.816","2026-10-03 05:03:41.842","14180187010","160427232","[PREMIUM]","[PREMIUM]","108","9","3_4","3",,2,"[2]",594,"Lower",10,"Mobile Transfer ticket",1,"[PREMIUM]","[PREMIUM]","[PREMIUM]","[PREMIUM]",true,false,"['Clear view']","2026-09-24 23:01:21"
"12476856985","2026-09-24 23:11:09.771","2026-09-24 23:11:09.771","12476856985","160427232","[PREMIUM]","[PREMIUM]","204","5","1_2","1","2",2,"[2]",471,"Middle",10,"Mobile Transfer ticket",1,"[PREMIUM]","[PREMIUM]","[PREMIUM]","[PREMIUM]",true,false,"['Aisle seat','Clear view']","2026-04-25 13:10:51"
"14175593013","2026-09-24 23:11:09.585","2026-10-04 05:07:33.154","14175593013","160427237","[PREMIUM]","[PREMIUM]","306","10","11_12","11","12",2,"[2]",407,"Upper",10,"Mobile Transfer ticket",1,"[PREMIUM]","[PREMIUM]","[PREMIUM]","[PREMIUM]",true,false,"['Clear view']","2026-09-24 17:37:29"
"14145779129","2026-09-24 23:11:09.362","2026-10-07 05:07:50.047","14145779129","160427237","[PREMIUM]","[PREMIUM]","348","12","11_12","11","12",2,"[2]",407,"Upper",10,"Mobile Transfer ticket",1,"[PREMIUM]","[PREMIUM]","[PREMIUM]","[PREMIUM]",true,false,"['Clear view']","2026-09-22 21:50:04"
"14158621492","2026-09-24 23:11:09.362","2026-10-07 05:07:34.588","14158621492","160427237","[PREMIUM]","[PREMIUM]","342","22","21_24","21","24",4,"[4]",407,"Upper",11,"Mobile ticket",1,"[PREMIUM]","[PREMIUM]","[PREMIUM]","[PREMIUM]",true,false,"['Clear view','Instant download']","2026-09-23 18:09:07"
"13352224681","2026-09-24 23:11:09.239","2026-10-07 05:07:40.119","13352224681","160427237","[PREMIUM]","[PREMIUM]","319","17","_",,,4,"[1,2,4]",407,"Upper",10,"Mobile Transfer ticket",1,"[PREMIUM]","[PREMIUM]","[PREMIUM]","[PREMIUM]",true,false,"['Clear view']","2026-07-14 18:32:15"
"14035035494","2026-09-24 23:11:09.239","2026-10-04 05:07:32.939","14035035494","160427237","[PREMIUM]","[PREMIUM]","329","16","11_14","11","14",4,"[2,4]",407,"Upper",10,"Mobile Transfer ticket",1,"[PREMIUM]","[PREMIUM]","[PREMIUM]","[PREMIUM]",true,false,"['Clear view']","2026-09-14 02:52:58"
"14175551389","2026-09-24 23:11:08.584","2026-10-04 05:07:33.240","14175551389","160427237","[PREMIUM]","[PREMIUM]","317","24","21_22","21","22",2,"[2]",407,"Upper",10,"Mobile Transfer ticket",1,"[PREMIUM]","[PREMIUM]","[PREMIUM]","[PREMIUM]",true,false,"['Clear view']","2026-09-24 17:33:33"
"14175553258","2026-09-24 23:11:08.584","2026-09-30 05:08:17.211","14175553258","160427237","[PREMIUM]","[PREMIUM]","341","16","21_24","21","24",4,"[2,4]",407,"Upper",10,"Mobile Transfer ticket",1,"[PREMIUM]","[PREMIUM]","[PREMIUM]","[PREMIUM]",true,false,"['Clear view']","2026-09-24 17:33:37"
"14174604057","2026-09-24 23:11:08.571","2026-09-28 05:06:45.911","14174604057","160427237","[PREMIUM]","[PREMIUM]","304","23","_",,,2,"[2]",407,"Upper",10,"Mobile Transfer ticket",1,"[PREMIUM]","[PREMIUM]","[PREMIUM]","[PREMIUM]",true,false,"['Clear view']","2026-09-24 16:30:42"
"14170023389","2026-09-24 23:11:08.411","2026-09-27 05:07:31.915","14170023389","160427237","[PREMIUM]","[PREMIUM]","330","19","13_14","13",,2,"[2]",407,"Upper",10,"Mobile Transfer ticket",1,"[PREMIUM]","[PREMIUM]","[PREMIUM]","[PREMIUM]",true,false,"['Clear view']","2026-09-24 12:21:06"
"14175150169","2026-09-24 23:11:08.411","2026-09-30 05:08:08.462","14175150169","160427237","[PREMIUM]","[PREMIUM]","302","19","1_5","1","5",5,"[1,2,3,5]",407,"Upper",10,"Mobile Transfer ticket",1,"[PREMIUM]","[PREMIUM]","[PREMIUM]","[PREMIUM]",true,false,"['Clear view']","2026-09-24 17:06:05"
"14170023352","2026-09-24 23:11:08.243","2026-09-24 23:12:09.234","14170023352","160427237","[PREMIUM]","[PREMIUM]","328","18","13_16","13",,4,"[2,4]",407,"Upper",10,"Mobile Transfer ticket",1,"[PREMIUM]","[PREMIUM]","[PREMIUM]","[PREMIUM]",true,false,"['Clear view']","2026-09-24 12:21:06"
"14170023402","2026-09-24 23:11:08.243","2026-10-05 05:06:11.830","14170023402","160427237","[PREMIUM]","[PREMIUM]","329","20","23_26","23",,4,"[2,4]",407,"Upper",10,"Mobile Transfer ticket",1,"[PREMIUM]","[PREMIUM]","[PREMIUM]","[PREMIUM]",true,false,"['Clear view']","2026-09-24 12:21:06"
"14179029418","2026-09-24 23:11:08.243","2026-09-24 23:12:09.234","14179029418","160427237","[PREMIUM]","[PREMIUM]","328","24","_",,,1,"[1]",407,"Upper",10,"Mobile Transfer ticket",1,"[PREMIUM]","[PREMIUM]","[PREMIUM]","[PREMIUM]",false,false,"['Clear view']","2026-09-24 21:46:15"
"14178545248","2026-09-24 23:11:08.198","2026-09-24 23:11:08.198","14178545248","160427047","[PREMIUM]","[PREMIUM]","125","2","_",,,2,"[2]",594,"Lower",10,"Mobile Transfer ticket",1,"[PREMIUM]","[PREMIUM]","[PREMIUM]","[PREMIUM]",true,false,"['Side view (printed on ticket)','Second Row of Section']","2026-09-24 21:14:43"
"14108157632","2026-09-24 23:11:07.814","2026-09-24 23:11:07.814","14108157632","160427047","[PREMIUM]","[PREMIUM]","140","6","99_99","99","99",1,"[1]",594,"Lower",10,"Mobile Transfer ticket",1,"[PREMIUM]","[PREMIUM]","[PREMIUM]","[PREMIUM]",false,false,"['Clear view']","2026-09-19 21:01:54"
"14178551346","2026-09-24 23:11:07.814","2026-09-24 23:11:07.814","14178551346","160427047","[PREMIUM]","[PREMIUM]","302","14","_",,,2,"[2]",1724,"Club",10,"Mobile Transfer ticket",1,"[PREMIUM]","[PREMIUM]","[PREMIUM]","[PREMIUM]",true,false,"['Clear view']","2026-09-24 21:14:59"
"14178545813","2026-09-24 23:11:07.814","2026-09-24 23:11:07.814","14178545813","160427047","[PREMIUM]","[PREMIUM]","112","4","_",,,2,"[2]",594,"Lower",10,"Mobile Transfer ticket",1,"[PREMIUM]","[PREMIUM]","[PREMIUM]","[PREMIUM]",true,false,"['Clear view']","2026-09-24 21:14:44"
"14167074603","2026-09-24 23:11:07.564","2026-09-24 23:11:07.564","14167074603","160427232","[PREMIUM]","[PREMIUM]","201","1","9001_9002","9001",,2,"[2]",471,"Middle",10,"Mobile Transfer ticket",13,"[PREMIUM]","[PREMIUM]","[PREMIUM]","[PREMIUM]",true,false,"['Front Row of Section','Clear view']","2026-09-24 07:00:48"
"14168301489","2026-09-24 23:11:07.564","2026-09-24 23:11:07.564","14168301489","160427232","[PREMIUM]","[PREMIUM]","232A","13","9001_9002","9001",,2,"[2]",471,"Middle",10,"Mobile Transfer ticket",13,"[PREMIUM]","[PREMIUM]","[PREMIUM]","[PREMIUM]",true,false,"['Clear view']","2026-09-24 09:01:50"
"14170647635","2026-09-24 23:11:07.564","2026-09-24 23:11:07.564","14170647635","160427232","[PREMIUM]","[PREMIUM]","341","6","9001_9004","9001",,4,"[4]",407,"Upper",10,"Mobile Transfer ticket",13,"[PREMIUM]","[PREMIUM]","[PREMIUM]","[PREMIUM]",true,false,"['Clear view']","2026-09-24 13:22:00"
"14180141644","2026-09-24 23:11:07.564","2026-09-28 05:03:30.845","14180141644","160427232","[PREMIUM]","[PREMIUM]","124","17","14_16","14",,3,"[1,3]",594,"Lower",10,"Mobile Transfer ticket",1,"[PREMIUM]","[PREMIUM]","[PREMIUM]","[PREMIUM]",true,false,"['Clear view']","2026-09-24 22:58:32"
"14166195074","2026-09-24 23:11:07.095","2026-09-24 23:11:07.095","14166195074","160427238","[PREMIUM]","[PREMIUM]","118","16","9001_9002","9001",,2,"[2]",594,"Lower",10,"Mobile Transfer ticket",13,"[PREMIUM]","[PREMIUM]","[PREMIUM]","[PREMIUM]",true,false,"['Clear view']","2026-09-24 05:50:04"
"14168638182","2026-09-24 23:11:07.095","2026-09-24 23:11:17.428","14168638182","160427238","[PREMIUM]","[PREMIUM]","347","9","9001_9002","9001",,2,"[2]",407,"Upper",10,"Mobile Transfer ticket",13,"[PREMIUM]","[PREMIUM]","[PREMIUM]","[PREMIUM]",true,false,"['Clear view']","2026-09-24 09:46:08"
"14173304985","2026-09-24 23:11:07.095","2026-09-24 23:11:07.095","14173304985","160427238","[PREMIUM]","[PREMIUM]","322","20","27_28","27","28",2,"[2]",407,"Upper",10,"Mobile Transfer ticket",1,"[PREMIUM]","[PREMIUM]","[PREMIUM]","[PREMIUM]",true,false,"['Clear view']","2026-09-24 15:23:21"
"14173492919","2026-09-24 23:11:07.095","2026-09-24 23:11:07.095","14173492919","160427238","[PREMIUM]","[PREMIUM]","350","24","25_27","25","27",3,"[1,3]",407,"Upper",10,"Mobile Transfer ticket",1,"[PREMIUM]","[PREMIUM]","[PREMIUM]","[PREMIUM]",true,false,"['Clear view']","2026-09-24 15:32:24"
"14174386255","2026-09-24 23:11:07.095","2026-09-24 23:11:07.095","14174386255","160427238","[PREMIUM]","[PREMIUM]","142","14","9001_9002","9001",,2,"[2]",594,"Lower",10,"Mobile Transfer ticket",13,"[PREMIUM]","[PREMIUM]","[PREMIUM]","[PREMIUM]",true,false,"['Clear view']","2026-09-24 16:16:36"
"14175570598","2026-09-24 23:11:07.095","2026-09-27 05:07:12.313","14175570598","160427238","[PREMIUM]","[PREMIUM]","325","26","27_28","27","28",2,"[2]",407,"Upper",10,"Mobile Transfer ticket",1,"[PREMIUM]","[PREMIUM]","[PREMIUM]","[PREMIUM]",true,false,"['Clear view']","2026-09-24 17:35:34"
"14168439852","2026-09-24 23:11:06.612","2026-09-24 23:11:06.612","14168439852","160426306","[PREMIUM]","[PREMIUM]","136","20","9001_9002","9001",,2,"[2]",594,"Lower",10,"Mobile Transfer ticket",13,"[PREMIUM]","[PREMIUM]","[PREMIUM]","[PREMIUM]",true,false,"['Clear view']","2026-09-24 09:20:35"
"14066228090","2026-09-24 23:11:06.476","2026-10-03 22:09:50.601","14066228090","160426306","[PREMIUM]","[PREMIUM]","101","10","15_16","15","16",2,"[2]",594,"Lower",10,"Mobile Transfer ticket",1,"[PREMIUM]","[PREMIUM]","[PREMIUM]","[PREMIUM]",true,false,"['Clear view']","2026-09-16 19:29:01"
"14159323263","2026-09-24 23:11:06.476","2026-09-28 22:11:20.429","14159323263","160426306","[PREMIUM]","[PREMIUM]","104","4","_",,,3,"[3]",594,"Lower",10,"Mobile Transfer ticket",1,"[PREMIUM]","[PREMIUM]","[PREMIUM]","[PREMIUM]",true,false,"['Clear view']","2026-09-23 19:21:45"
"14178336437","2026-09-24 23:11:06.476","2026-09-26 23:11:17.041","14178336437","160426306","[PREMIUM]","[PREMIUM]","C40","19","_",,,2,"[1,2]",300,"Club Level",10,"Mobile Transfer ticket",1,"[PREMIUM]","[PREMIUM]","[PREMIUM]","[PREMIUM]",true,false,"['Clear view']","2026-09-24 21:00:03"
"14168189447","2026-09-24 23:11:06.169","2026-09-24 23:11:06.169","14168189447","160427232","[PREMIUM]","[PREMIUM]","229","2","9001_9004","9001",,4,"[4]",471,"Middle",10,"Mobile Transfer ticket",13,"[PREMIUM]","[PREMIUM]","[PREMIUM]","[PREMIUM]",true,false,"['Second Row of Section','Clear view']","2026-09-24 08:43:53"
"14179740994","2026-09-24 23:11:06.169","2026-09-24 23:11:06.169","14179740994","160427232","[PREMIUM]","[PREMIUM]","338","7","_",,,2,"[2]",407,"Upper",10,"Mobile Transfer ticket",1,"[PREMIUM]","[PREMIUM]","[PREMIUM]","[PREMIUM]",true,false,"['Clear view']","2026-09-24 22:29:36"
"14179182788","2026-09-24 23:11:06.169","2026-09-24 23:11:06.169","14179182788","160427232","[PREMIUM]","[PREMIUM]","149","18","9001_9002","9001",,2,"[2]",594,"Lower",10,"Mobile Transfer ticket",13,"[PREMIUM]","[PREMIUM]","[PREMIUM]","[PREMIUM]",true,false,"['Clear view']","2026-09-24 21:58:10"
"13971838217","2026-09-24 23:11:05.726","2026-09-26 23:11:17.031","13971838217","160426306","[PREMIUM]","[PREMIUM]","101","21","9001_9002","9001",,2,"[2]",594,"Lower",10,"Mobile Transfer ticket",1,"[PREMIUM]","[PREMIUM]","[PREMIUM]","[PREMIUM]",true,false,"['Clear view']","2026-09-08 23:37:34"
"13971838813","2026-09-24 23:11:05.726","2026-09-26 23:11:17.041","13971838813","160426306","[PREMIUM]","[PREMIUM]","101","18","9001_9002","9001",,2,"[2]",594,"Lower",10,"Mobile Transfer ticket",1,"[PREMIUM]","[PREMIUM]","[PREMIUM]","[PREMIUM]",true,false,"['Clear view']","2026-09-08 23:37:35"
"13971848437","2026-09-24 23:11:05.726","2026-10-01 22:09:25.863","13971848437","160426306","[PREMIUM]","[PREMIUM]","101","15","9001_9002","9001",,2,"[2]",594,"Lower",10,"Mobile Transfer ticket",1,"[PREMIUM]","[PREMIUM]","[PREMIUM]","[PREMIUM]",true,false,"['Clear view']","2026-09-08 23:37:57"
"14169037845","2026-09-24 23:11:05.726","2026-09-24 23:11:05.726","14169037845","160426306","[PREMIUM]","[PREMIUM]","138","5","9001_9002","9001",,2,"[2]",594,"Lower",10,"Mobile Transfer ticket",13,"[PREMIUM]","[PREMIUM]","[PREMIUM]","[PREMIUM]",true,false,"['Clear view']","2026-09-24 10:34:48"
"14167171952","2026-09-24 23:11:05.712","2026-09-24 23:11:05.712","14167171952","160426306","[PREMIUM]","[PREMIUM]","240","1","9001_9002","9001",,2,"[2]",407,"Upper",10,"Mobile Transfer ticket",13,"[PREMIUM]","[PREMIUM]","[PREMIUM]","[PREMIUM]",true,false,"['Front Row of Section','Clear view']","2026-09-24 07:10:22"
"14170414452","2026-09-24 23:11:05.712","2026-09-24 23:11:05.712","14170414452","160426306","[PREMIUM]","[PREMIUM]","205","1","9001_9002","9001",,2,"[2]",407,"Upper",10,"Mobile Transfer ticket",13,"[PREMIUM]","[PREMIUM]","[PREMIUM]","[PREMIUM]",true,false,"['Front Row of Section','Clear view']","2026-09-24 13:08:32"
"14143818021","2026-09-24 23:11:05.429","2026-10-05 22:10:08.845","14143818021","160426306","[PREMIUM]","[PREMIUM]","C37","1","20_21","20",,2,"[2]",300,"Club Level",10,"Mobile Transfer ticket",1,"[PREMIUM]","[PREMIUM]","[PREMIUM]","[PREMIUM]",true,false,"['Front Row of Section','Clear view']","2026-09-22 19:48:35"
"14141014605","2026-09-24 23:11:05.226","2026-09-25 23:38:45.134","14141014605","160426306","[PREMIUM]","[PREMIUM]","120","1","1_2","1","2",2,"[2]",594,"Lower",10,"Mobile Transfer ticket",1,"[PREMIUM]","[PREMIUM]","[PREMIUM]","[PREMIUM]",true,false,"['Actual 1st row of the section','Aisle seat','Front row','Within 10 Rows of Field','Clear view']","2026-09-22 16:11:40"
"14162772867","2026-09-24 23:11:04.918","2026-09-24 23:11:04.918","14162772867","160426306","[PREMIUM]","[PREMIUM]","116","6","_",,,3,"[1,3]",594,"Lower",10,"Mobile Transfer ticket",1,"[PREMIUM]","[PREMIUM]","[PREMIUM]","[PREMIUM]",true,false,"['Clear view']","2026-09-24 00:04:52"
"14168523700","2026-09-24 23:11:04.918","2026-09-24 23:11:04.918","14168523700","160426306","[PREMIUM]","[PREMIUM]","136","8","9001_9003","9001",,3,"[3]",594,"Lower",10,"Mobile Transfer ticket",13,"[PREMIUM]","[PREMIUM]","[PREMIUM]","[PREMIUM]",true,false,"['Clear view']","2026-09-24 09:34:01"
"14167118861","2026-09-24 23:11:04.835","2026-09-24 23:11:04.835","14167118861","160427232","[PREMIUM]","[PREMIUM]","202B","6","9001_9002","9001",,2,"[2]",471,"Middle",10,"Mobile Transfer ticket",13,"[PREMIUM]","[PREMIUM]","[PREMIUM]","[PREMIUM]",true,false,"['Clear view']","2026-09-24 07:05:41"
"14177246393","2026-09-24 23:11:04.835","2026-10-01 05:03:43.676","14177246393","160427232","[PREMIUM]","[PREMIUM]","225A","1","_",,,4,"[4]",471,"Middle",10,"Mobile Transfer ticket",1,"[PREMIUM]","[PREMIUM]","[PREMIUM]","[PREMIUM]",true,false,"['Front Row of Section','Clear view']","2026-09-24 19:40:49"
"14177246388","2026-09-24 23:11:04.835","2026-10-04 05:03:23.778","14177246388","160427232","[PREMIUM]","[PREMIUM]","250A","1","_",,,6,"[2,4,6]",471,"Middle",10,"Mobile Transfer ticket",1,"[PREMIUM]","[PREMIUM]","[PREMIUM]","[PREMIUM]",true,false,"['Front Row of Section','Clear view']","2026-09-24 19:40:49"
"14137591873","2026-09-24 23:11:04.598","2026-09-24 23:11:04.598","14137591873","160427047","[PREMIUM]","[PREMIUM]","418","2","_",,,2,"[2]",2444,"Upper Endzone",10,"Mobile Transfer ticket",13,"[PREMIUM]","[PREMIUM]","[PREMIUM]","[PREMIUM]",true,false,"['Limited or Obstructed View (printed on ticket)','Second Row of Section']","2026-09-22 11:30:39"
"14158277549","2026-09-24 23:11:04.598","2026-09-24 23:11:04.598","14158277549","160427047","[PREMIUM]","[PREMIUM]","101","1","_",,,2,"[2]",594,"Lower",10,"Mobile Transfer ticket",1,"[PREMIUM]","[PREMIUM]","[PREMIUM]","[PREMIUM]",true,false,"['Front Row of Section','Clear view']","2026-09-23 17:48:40"
"12432079452","2026-09-24 23:11:04.458","2026-09-29 05:04:07.082","12432079452","160427232","[PREMIUM]","[PREMIUM]","103","20","24_27","24",,4,"[1,2,3,4]",594,"Lower",10,"Mobile Transfer ticket",1,"[PREMIUM]","[PREMIUM]","[PREMIUM]","[PREMIUM]",true,false,"['Clear view']","2026-04-21 23:23:21"
"14164655325","2026-09-24 23:11:04.458","2026-09-27 05:04:31.132","14164655325","160427232","[PREMIUM]","[PREMIUM]","245A","2","99_99","99",,1,"[1]",471,"Middle",10,"Mobile Transfer ticket",1,"[PREMIUM]","[PREMIUM]","[PREMIUM]","[PREMIUM]",false,false,"['Second Row of Section','Clear view']","2026-09-24 03:22:52"
"14169106731","2026-09-24 23:11:04.458","2026-09-24 23:11:04.458","14169106731","160427232","[PREMIUM]","[PREMIUM]","247A","6","9001_9002","9001",,2,"[2]",471,"Middle",10,"Mobile Transfer ticket",13,"[PREMIUM]","[PREMIUM]","[PREMIUM]","[PREMIUM]",true,false,"['Clear view']","2026-09-24 10:44:07"
"14168873073","2026-09-24 23:11:04.458","2026-09-24 23:11:04.458","14168873073","160427232","[PREMIUM]","[PREMIUM]","205A","4","9001_9004","9001",,4,"[4]",471,"Middle",10,"Mobile Transfer ticket",13,"[PREMIUM]","[PREMIUM]","[PREMIUM]","[PREMIUM]",true,false,"['Clear view']","2026-09-24 10:14:58"
"14161808332","2026-09-24 23:11:04.371","2026-09-24 23:11:04.371","14161808332","160427047","[PREMIUM]","[PREMIUM]","139","1","9001_9002","9001","9002",2,"[2]",594,"Lower",10,"Mobile Transfer ticket",1,"[PREMIUM]","[PREMIUM]","[PREMIUM]","[PREMIUM]",true,false,"['Front Row of Section','Clear view']","2026-09-23 22:31:13"
"14174968588","2026-09-24 23:11:04.305","2026-09-24 23:11:04.305","14174968588","160427232","[PREMIUM]","[PREMIUM]","117","23","_",,,2,"[2]",594,"Lower",10,"Mobile Transfer ticket",1,"[PREMIUM]","[PREMIUM]","[PREMIUM]","[PREMIUM]",true,false,"['Side view (printed on ticket)']","2026-09-24 16:55:33"
"14050419187","2026-09-24 23:11:04.256","2026-10-03 05:03:36.660","14050419187","160427232","[PREMIUM]","[PREMIUM]","247A","12","9_11","9",,3,"[1,3]",471,"Middle",10,"Mobile Transfer ticket",1,"[PREMIUM]","[PREMIUM]","[PREMIUM]","[PREMIUM]",true,false,"['Clear view']","2026-09-15 14:09:37"
"14169472967","2026-09-24 23:11:04.256","2026-09-24 23:11:04.256","14169472967","160427232","[PREMIUM]","[PREMIUM]","339","3","9001_9002","9001",,2,"[2]",478,"Loge",10,"Mobile Transfer ticket",13,"[PREMIUM]","[PREMIUM]","[PREMIUM]","[PREMIUM]",true,false,"['Third Row of Section','Clear view']","2026-09-24 11:25:43"
"14123065636","2026-09-24 23:11:04.227","2026-09-24 23:11:04.227","14123065636","160427232","[PREMIUM]","[PREMIUM]","230A","5","9001_9002","9001",,2,"[2]",471,"Middle",10,"Mobile Transfer ticket",13,"[PREMIUM]","[PREMIUM]","[PREMIUM]","[PREMIUM]",true,false,"['Clear view']","2026-09-21 06:53:43"
"14154400264","2026-09-24 23:11:04.164","2026-09-28 05:03:28.575","14154400264","160427232","[PREMIUM]","[PREMIUM]","103","22","_",,,2,"[2]",594,"Lower",10,"Mobile Transfer ticket",1,"[PREMIUM]","[PREMIUM]","[PREMIUM]","[PREMIUM]",true,false,"['Clear view']","2026-09-23 11:32:05"
"14169751728","2026-09-24 23:11:04.164","2026-09-24 23:11:04.164","14169751728","160427232","[PREMIUM]","[PREMIUM]","230A","12","9001_9002","9001",,2,"[2]",471,"Middle",10,"Mobile Transfer ticket",13,"[PREMIUM]","[PREMIUM]","[PREMIUM]","[PREMIUM]",true,false,"['Clear view']","2026-09-24 11:56:30"
"14178298238","2026-09-24 23:11:04.050","2026-09-24 23:11:04.050","14178298238","160427232","[PREMIUM]","[PREMIUM]","249B","1","17_19","17",,3,"[1,3]",471,"Middle",10,"Mobile Transfer ticket",14,"[PREMIUM]","[PREMIUM]","[PREMIUM]","[PREMIUM]",true,false,"['Front Row of Section','Clear view']","2026-09-24 20:57:56"
"14180293950","2026-09-24 23:11:04.050","2026-09-24 23:11:04.050","14180293950","160427232","[PREMIUM]","[PREMIUM]","149","25","3_4","3","4",2,"[2]",594,"Lower",10,"Mobile Transfer ticket",1,"[PREMIUM]","[PREMIUM]","[PREMIUM]","[PREMIUM]",true,false,"['Clear view']","2026-09-24 23:07:00"
"13920048655","2026-09-24 23:11:04.026","2026-09-24 23:11:04.026","13920048655","160427232","[PREMIUM]","[PREMIUM]","204","8","9001_9002","9001",,2,"[2]",471,"Middle",10,"Mobile Transfer ticket",13,"[PREMIUM]","[PREMIUM]","[PREMIUM]","[PREMIUM]",true,false,"['Clear view']","2026-09-03 22:28:11"
"14165539479","2026-09-24 23:11:03.930","2026-09-24 23:11:03.930","14165539479","160427232","[PREMIUM]","[PREMIUM]","248","1","9001_9002","9001",,2,"[2]",471,"Middle",10,"Mobile Transfer ticket",13,"[PREMIUM]","[PREMIUM]","[PREMIUM]","[PREMIUM]",true,false,"['Front Row of Section','Clear view']","2026-09-24 05:01:25"
"14167923555","2026-09-24 23:11:03.930","2026-09-24 23:11:03.930","14167923555","160427232","[PREMIUM]","[PREMIUM]","333","5","9001_9002","9001",,2,"[2]",407,"Upper",10,"Mobile Transfer ticket",13,"[PREMIUM]","[PREMIUM]","[PREMIUM]","[PREMIUM]",true,false,"['Clear view']","2026-09-24 08:16:09"
"14168583649","2026-09-24 23:11:03.930","2026-09-24 23:11:03.930","14168583649","160427232","[PREMIUM]","[PREMIUM]","202A","6","9001_9002","9001",,2,"[2]",471,"Middle",10,"Mobile Transfer ticket",13,"[PREMIUM]","[PREMIUM]","[PREMIUM]","[PREMIUM]",true,false,"['Clear view']","2026-09-24 09:39:54"
"14178555078","2026-09-24 23:11:03.816","2026-09-24 23:11:03.816","14178555078","160427047","[PREMIUM]","[PREMIUM]","340","10","_",,,2,"[2]",1724,"Club",10,"Mobile Transfer ticket",1,"[PREMIUM]","[PREMIUM]","[PREMIUM]","[PREMIUM]",true,false,"['Clear view']","2026-09-24 21:15:10"
"14175291919","2026-09-24 23:11:03.722","2026-09-26 23:11:10.396","14175291919","160427237","[PREMIUM]","[PREMIUM]","309","16","9_10","9","10",2,"[2]",407,"Upper",10,"Mobile Transfer ticket",1,"[PREMIUM]","[PREMIUM]","[PREMIUM]","[PREMIUM]",true,false,"['Clear view']","2026-09-24 17:14:49"
"14167733641","2026-09-24 23:11:03.712","2026-09-24 23:11:03.712","14167733641","160427232","[PREMIUM]","[PREMIUM]","228A","8","9001_9002","9001",,2,"[2]",471,"Middle",10,"Mobile Transfer ticket",13,"[PREMIUM]","[PREMIUM]","[PREMIUM]","[PREMIUM]",true,false,"['Clear view']","2026-09-24 07:56:07"
"14168635925","2026-09-24 23:11:03.712","2026-09-24 23:11:03.712","14168635925","160427232","[PREMIUM]","[PREMIUM]","228A","10","9001_9002","9001",,2,"[2]",471,"Middle",10,"Mobile Transfer ticket",13,"[PREMIUM]","[PREMIUM]","[PREMIUM]","[PREMIUM]",true,false,"['Clear view']","2026-09-24 09:45:55"
"14168635315","2026-09-24 23:11:03.712","2026-09-24 23:11:03.712","14168635315","160427232","[PREMIUM]","[PREMIUM]","312","5","9001_9002","9001",,2,"[2]",407,"Upper",10,"Mobile Transfer ticket",13,"[PREMIUM]","[PREMIUM]","[PREMIUM]","[PREMIUM]",true,false,"['Clear view']","2026-09-24 09:45:51"
"14175005105","2026-09-24 23:11:03.712","2026-09-24 23:11:03.712","14175005105","160427232","[PREMIUM]","[PREMIUM]","228A","12","9001_9002","9001",,2,"[2]",471,"Middle",10,"Mobile Transfer ticket",13,"[PREMIUM]","[PREMIUM]","[PREMIUM]","[PREMIUM]",true,false,"['Clear view']","2026-09-24 16:57:26"
"12807091670","2026-09-24 23:11:03.639","2026-09-24 23:11:03.639","12807091670","160427232","[PREMIUM]","[PREMIUM]","116","26","1_2","1","2",2,"[2]",594,"Lower",10,"Mobile Transfer ticket",1,"[PREMIUM]","[PREMIUM]","[PREMIUM]","[PREMIUM]",true,false,"['Aisle seat','Home Game','Home Fans Section','Seats are Socially Distanced','Clear view']","2026-05-25 02:20:09"
"14177205888","2026-09-24 23:11:03.639","2026-09-30 05:04:45.557","14177205888","160427232","[PREMIUM]","[PREMIUM]","313","4","_",,,2,"[2]",478,"Loge",10,"Mobile Transfer ticket",1,"[PREMIUM]","[PREMIUM]","[PREMIUM]","[PREMIUM]",true,false,"['Clear view']","2026-09-24 19:37:29"
"14167717458","2026-09-24 23:11:03.586","2026-09-24 23:11:03.586","14167717458","160426306","[PREMIUM]","[PREMIUM]","C26","2","9001_9002","9001",,2,"[2]",300,"Club Level",10,"Mobile Transfer ticket",13,"[PREMIUM]","[PREMIUM]","[PREMIUM]","[PREMIUM]",true,false,"['Second Row of Section','Clear view']","2026-09-24 07:54:12"
"14168173597","2026-09-24 23:11:03.586","2026-09-24 23:11:03.586","14168173597","160426306","[PREMIUM]","[PREMIUM]","135","3","9001_9002","9001",,2,"[2]",594,"Lower",10,"Mobile Transfer ticket",13,"[PREMIUM]","[PREMIUM]","[PREMIUM]","[PREMIUM]",true,false,"['Third Row of Section','Clear view']","2026-09-24 08:41:49"
"14177457682","2026-09-24 23:11:03.586","2026-10-07 22:12:04.494","14177457682","160426306","[PREMIUM]","[PREMIUM]","C36","1","13_14","13",,2,"[2]",300,"Club Level",10,"Mobile Transfer ticket",14,"[PREMIUM]","[PREMIUM]","[PREMIUM]","[PREMIUM]",true,false,"['Front Row of Section','Clear view']","2026-09-24 19:53:56"
"13172948835","2026-09-24 23:11:03.464","2026-09-27 23:04:51.606","13172948835","160426306","[PREMIUM]","[PREMIUM]","136","11","1_2","1","2",2,"[2]",594,"Lower",10,"Mobile Transfer ticket",1,"[PREMIUM]","[PREMIUM]","[PREMIUM]","[PREMIUM]",true,false,"['Aisle seat','Clear view']","2026-06-28 17:34:57"
"14166407136","2026-09-24 23:11:03.464","2026-09-24 23:11:03.464","14166407136","160426306","[PREMIUM]","[PREMIUM]","135","5","9001_9003","9001",,3,"[3]",594,"Lower",10,"Mobile Transfer ticket",13,"[PREMIUM]","[PREMIUM]","[PREMIUM]","[PREMIUM]",true,false,"['Clear view']","2026-09-24 06:05:39"
"14166620221","2026-09-24 23:11:03.464","2026-09-24 23:11:03.464","14166620221","160426306","[PREMIUM]","[PREMIUM]","C4","2","9001_9002","9001",,2,"[2]",300,"Club Level",10,"Mobile Transfer ticket",13,"[PREMIUM]","[PREMIUM]","[PREMIUM]","[PREMIUM]",true,false,"['Second Row of Section','Clear view']","2026-09-24 06:24:05"
"14168454900","2026-09-24 23:11:03.464","2026-09-24 23:11:03.464","14168454900","160426306","[PREMIUM]","[PREMIUM]","123","7","9001_9002","9001",,2,"[2]",594,"Lower",10,"Mobile Transfer ticket",13,"[PREMIUM]","[PREMIUM]","[PREMIUM]","[PREMIUM]",true,false,"['Clear view']","2026-09-24 09:23:27"
"13968551679","2026-09-24 23:11:03.360","2026-09-28 22:11:14.367","13968551679","160427047","[PREMIUM]","[PREMIUM]","142","1","8_9","8","9",2,"[2]",594,"Lower",10,"Mobile Transfer ticket",1,"[PREMIUM]","[PREMIUM]","[PREMIUM]","[PREMIUM]",true,false,"['Front Row of Section','Clear view']","2026-09-08 16:23:36"
"14171330581","2026-09-24 23:11:03.360","2026-09-28 22:11:14.367","14171330581","160427047","[PREMIUM]","[PREMIUM]","323","4","_",,,2,"[2]",1724,"Club",10,"Mobile Transfer ticket",1,"[PREMIUM]","[PREMIUM]","[PREMIUM]","[PREMIUM]",true,false,"['Clear view']","2026-09-24 13:47:59"
"14175158816","2026-09-24 23:11:03.360","2026-09-24 23:11:03.360","14175158816","160427047","[PREMIUM]","[PREMIUM]","120","1","_",,,4,"[4]",594,"Lower",10,"Mobile Transfer ticket",1,"[PREMIUM]","[PREMIUM]","[PREMIUM]","[PREMIUM]",true,false,"['Front Row of Section','Clear view']","2026-09-24 17:06:30"
"14178546568","2026-09-24 23:11:03.360","2026-09-24 23:11:03.360","14178546568","160427047","[PREMIUM]","[PREMIUM]","127","2","_",,,2,"[2]",594,"Lower",10,"Mobile Transfer ticket",1,"[PREMIUM]","[PREMIUM]","[PREMIUM]","[PREMIUM]",true,false,"['Second Row of Section','Clear view']","2026-09-24 21:14:47"
"14155895982","2026-09-24 23:11:03.335","2026-10-04 22:09:03.464","14155895982","160427047","[PREMIUM]","[PREMIUM]","121","1","9_10","9","10",2,"[2]",594,"Lower",11,"Mobile ticket",14,"[PREMIUM]","[PREMIUM]","[PREMIUM]","[PREMIUM]",true,false,"['Front Row of Section','Clear view']","2026-09-23 14:37:36"
"14172443721","2026-09-24 23:11:03.335","2026-10-01 22:09:23.824","14172443721","160427047","[PREMIUM]","[PREMIUM]","238","1","_",,,2,"[2]",3831,"Terrace Corner",10,"Mobile Transfer ticket",1,"[PREMIUM]","[PREMIUM]","[PREMIUM]","[PREMIUM]",true,false,"['Front Row of Section','Clear view']","2026-09-24 14:40:38"
"14174450679","2026-09-24 23:11:03.335","2026-09-24 23:11:03.335","14174450679","160427047","[PREMIUM]","[PREMIUM]","313","6","9001_9001","9001","9001",1,"[1]",1724,"Club",10,"Mobile Transfer ticket",1,"[PREMIUM]","[PREMIUM]","[PREMIUM]","[PREMIUM]",false,false,"['Clear view']","2026-09-24 16:20:01"
"14178545545","2026-09-24 23:11:03.335","2026-09-24 23:11:03.335","14178545545","160427047","[PREMIUM]","[PREMIUM]","121","2","_",,,2,"[2]",594,"Lower",10,"Mobile Transfer ticket",1,"[PREMIUM]","[PREMIUM]","[PREMIUM]","[PREMIUM]",true,false,"['Second Row of Section','Clear view']","2026-09-24 21:14:44"
"14177196387","2026-09-24 23:11:03.264","2026-10-02 22:10:18.641","14177196387","160427047","[PREMIUM]","[PREMIUM]","307","1","_",,,3,"[3]",1724,"Club",10,"Mobile Transfer ticket",1,"[PREMIUM]","[PREMIUM]","[PREMIUM]","[PREMIUM]",true,false,"['Front Row of Section','Clear view']","2026-09-24 19:36:37"
"14178544185","2026-09-24 23:11:03.264","2026-09-24 23:11:03.264","14178544185","160427047","[PREMIUM]","[PREMIUM]","DS19","3","_",,,2,"[2]",2973,"Dream Seats",10,"Mobile Transfer ticket",1,"[PREMIUM]","[PREMIUM]","[PREMIUM]","[PREMIUM]",true,false,"['Third Row of Section','Clear view']","2026-09-24 21:14:39"
"14155730140","2026-09-24 23:11:03.178","2026-09-25 23:38:52.847","14155730140","160426306","[PREMIUM]","[PREMIUM]","135","7","_",,,4,"[4]",594,"Lower",10,"Mobile Transfer ticket",1,"[PREMIUM]","[PREMIUM]","[PREMIUM]","[PREMIUM]",true,false,"['Clear view']","2026-09-23 14:24:46"
"14168207158","2026-09-24 23:11:03.178","2026-09-24 23:11:03.178","14168207158","160426306","[PREMIUM]","[PREMIUM]","106","3","9001_9002","9001",,2,"[2]",594,"Lower",10,"Mobile Transfer ticket",13,"[PREMIUM]","[PREMIUM]","[PREMIUM]","[PREMIUM]",true,false,"['Third Row of Section','Clear view']","2026-09-24 08:46:24"
"14172443645","2026-09-24 23:11:02.994","2026-09-25 23:38:47.144","14172443645","160427047","[PREMIUM]","[PREMIUM]","308","1","_",,,2,"[2]",1724,"Club",10,"Mobile Transfer ticket",1,"[PREMIUM]","[PREMIUM]","[PREMIUM]","[PREMIUM]",true,false,"['Front Row of Section','Clear view']","2026-09-24 14:40:38"
"14161382098","2026-09-24 23:11:02.886","2026-09-29 22:08:37.958","14161382098","160426306","[PREMIUM]","[PREMIUM]","103","4","10_12","10","12",3,"[1,3]",594,"Lower",10,"Mobile Transfer ticket",1,"[PREMIUM]","[PREMIUM]","[PREMIUM]","[PREMIUM]",true,false,"['Clear view']","2026-09-23 22:03:55"
"14169477157","2026-09-24 23:11:02.719","2026-09-24 23:11:02.719","14169477157","160426306","[PREMIUM]","[PREMIUM]","134","4","9001_9002","9001",,2,"[2]",594,"Lower",10,"Mobile Transfer ticket",13,"[PREMIUM]","[PREMIUM]","[PREMIUM]","[PREMIUM]",true,false,"['Clear view']","2026-09-24 11:26:18"
"14168557379","2026-09-24 23:11:02.719","2026-09-24 23:11:02.719","14168557379","160426306","[PREMIUM]","[PREMIUM]","115","5","9001_9003","9001",,3,"[3]",594,"Lower",10,"Mobile Transfer ticket",13,"[PREMIUM]","[PREMIUM]","[PREMIUM]","[PREMIUM]",true,false,"['Clear view']","2026-09-24 09:37:38"
"14169270649","2026-09-24 23:11:02.719","2026-09-24 23:11:02.719","14169270649","160426306","[PREMIUM]","[PREMIUM]","107","4","9001_9002","9001",,2,"[2]",594,"Lower",10,"Mobile Transfer ticket",13,"[PREMIUM]","[PREMIUM]","[PREMIUM]","[PREMIUM]",true,false,"['Clear view']","2026-09-24 11:03:25"
"14172226484","2026-09-24 23:11:02.713","2026-09-24 23:11:02.713","14172226484","160427047","[PREMIUM]","[PREMIUM]","314","3","_",,,1,"[1]",1724,"Club",10,"Mobile Transfer ticket",1,"[PREMIUM]","[PREMIUM]","[PREMIUM]","[PREMIUM]",false,false,"['Third Row of Section','Clear view']","2026-09-24 14:28:52"
"14178545872","2026-09-24 23:11:02.713","2026-09-24 23:11:02.713","14178545872","160427047","[PREMIUM]","[PREMIUM]","110","3","_",,,2,"[2]",594,"Lower",10,"Mobile Transfer ticket",1,"[PREMIUM]","[PREMIUM]","[PREMIUM]","[PREMIUM]",true,false,"['Third Row of Section','Clear view']","2026-09-24 21:14:45"
"14165869221","2026-09-24 23:11:01.045","2026-09-24 23:11:01.045","14165869221","160426306","[PREMIUM]","[PREMIUM]","M11","13","9001_9004","9001",,4,"[4]",1774,"Mezzanine Level",10,"Mobile Transfer ticket",13,"[PREMIUM]","[PREMIUM]","[PREMIUM]","[PREMIUM]",true,false,"['Front Row of Section','Clear view']","2026-09-24 05:25:01"
"14166873468","2026-09-24 23:11:01.045","2026-09-24 23:11:01.045","14166873468","160426306","[PREMIUM]","[PREMIUM]","202","7","9001_9003","9001",,3,"[3]",407,"Upper",10,"Mobile Transfer ticket",13,"[PREMIUM]","[PREMIUM]","[PREMIUM]","[PREMIUM]",true,false,"['Clear view']","2026-09-24 06:41:49"
"14168099398","2026-09-24 23:11:01.045","2026-09-24 23:11:01.045","14168099398","160426306","[PREMIUM]","[PREMIUM]","132","9","9001_9002","9001",,2,"[2]",594,"Lower",10,"Mobile Transfer ticket",13,"[PREMIUM]","[PREMIUM]","[PREMIUM]","[PREMIUM]",true,false,"['Clear view']","2026-09-24 08:33:41"
"14165845154","2026-09-24 23:11:00.926","2026-09-24 23:11:12.698","14165845154","160426306","[PREMIUM]","[PREMIUM]","109","6","9001_9002","9001",,2,"[2]",594,"Lower",10,"Mobile Transfer ticket",13,"[PREMIUM]","[PREMIUM]","[PREMIUM]","[PREMIUM]",true,false,"['Clear view']","2026-09-24 05:22:48"
"14168301167","2026-09-24 23:11:00.926","2026-09-24 23:11:12.698","14168301167","160426306","[PREMIUM]","[PREMIUM]","129","7","9001_9002","9001",,2,"[2]",594,"Lower",10,"Mobile Transfer ticket",13,"[PREMIUM]","[PREMIUM]","[PREMIUM]","[PREMIUM]",true,false,"['Clear view']","2026-09-24 09:01:49"
"14159324687","2026-09-24 23:11:00.719","2026-09-27 23:04:53.166","14159324687","160426306","[PREMIUM]","[PREMIUM]","130","3","_",,,2,"[2]",594,"Lower",10,"Mobile Transfer ticket",1,"[PREMIUM]","[PREMIUM]","[PREMIUM]","[PREMIUM]",true,false,"['Third Row of Section','Clear view']","2026-09-23 19:21:48"
"14178549966","2026-09-24 23:11:00.502","2026-09-24 23:11:00.502","14178549966","160427047","[PREMIUM]","[PREMIUM]","139","4","_",,,2,"[2]",594,"Lower",10,"Mobile Transfer ticket",1,"[PREMIUM]","[PREMIUM]","[PREMIUM]","[PREMIUM]",true,false,"['Side view (printed on ticket)']","2026-09-24 21:14:55"
"14178545824","2026-09-24 23:11:00.502","2026-09-24 23:11:00.502","14178545824","160427047","[PREMIUM]","[PREMIUM]","112","2","_",,,2,"[2]",594,"Lower",10,"Mobile Transfer ticket",1,"[PREMIUM]","[PREMIUM]","[PREMIUM]","[PREMIUM]",true,false,"['Second Row of Section','Clear view']","2026-09-24 21:14:44"
"14178550054","2026-09-24 23:11:00.502","2026-09-24 23:11:00.502","14178550054","160427047","[PREMIUM]","[PREMIUM]","138","2","_",,,2,"[2]",594,"Lower",10,"Mobile Transfer ticket",1,"[PREMIUM]","[PREMIUM]","[PREMIUM]","[PREMIUM]",true,false,"['Second Row of Section','Clear view']","2026-09-24 21:14:55"
"14169474515","2026-09-24 23:11:00.373","2026-09-24 23:11:00.373","14169474515","160426306","[PREMIUM]","[PREMIUM]","113","4","9001_9002","9001",,2,"[2]",594,"Lower",10,"Mobile Transfer ticket",13,"[PREMIUM]","[PREMIUM]","[PREMIUM]","[PREMIUM]",true,false,"['Clear view']","2026-09-24 11:25:54"
"14172919034","2026-09-24 23:11:00.344","2026-09-26 23:10:29.146","14172919034","160427047","[PREMIUM]","[PREMIUM]","106","2","_",,,6,"[2,4,6]",594,"Lower",10,"Mobile Transfer ticket",1,"[PREMIUM]","[PREMIUM]","[PREMIUM]","[PREMIUM]",true,false,"['Second Row of Section','Clear view']","2026-09-24 15:05:18"
"14178102668","2026-09-24 23:11:00.344","2026-09-24 23:11:00.344","14178102668","160427047","[PREMIUM]","[PREMIUM]","201","1","_",,,3,"[1,3]",7046,"Terrace Sideline",10,"Mobile Transfer ticket",1,"[PREMIUM]","[PREMIUM]","[PREMIUM]","[PREMIUM]",true,false,"['Front Row of Section','Clear view']","2026-09-24 20:46:19"
"14178549438","2026-09-24 23:11:00.344","2026-09-24 23:11:00.344","14178549438","160427047","[PREMIUM]","[PREMIUM]","142","21","_",,,4,"[2,4]",594,"Lower",10,"Mobile Transfer ticket",1,"[PREMIUM]","[PREMIUM]","[PREMIUM]","[PREMIUM]",true,false,"['Clear view']","2026-09-24 21:14:54"
"14178555364","2026-09-24 23:11:00.344","2026-09-24 23:11:00.344","14178555364","160427047","[PREMIUM]","[PREMIUM]","323","7","_",,,2,"[2]",1724,"Club",10,"Mobile Transfer ticket",1,"[PREMIUM]","[PREMIUM]","[PREMIUM]","[PREMIUM]",true,false,"['Clear view']","2026-09-24 21:15:10"
"14180060979","2026-09-24 23:11:00.203","2026-09-24 23:11:00.203","14180060979","160427232","[PREMIUM]","[PREMIUM]","149","31","9001_9004","9001",,4,"[4]",594,"Lower",10,"Mobile Transfer ticket",13,"[PREMIUM]","[PREMIUM]","[PREMIUM]","[PREMIUM]",true,false,"['Clear view']","2026-09-24 22:51:29"
"14178555085","2026-09-24 23:11:00.073","2026-09-24 23:11:00.073","14178555085","160427047","[PREMIUM]","[PREMIUM]","337","6","_",,,2,"[2]",1724,"Club",10,"Mobile Transfer ticket",1,"[PREMIUM]","[PREMIUM]","[PREMIUM]","[PREMIUM]",true,false,"['Clear view']","2026-09-24 21:15:10"
"14178546569","2026-09-24 23:11:00.073","2026-09-24 23:11:00.073","14178546569","160427047","[PREMIUM]","[PREMIUM]","127","3","_",,,2,"[2]",594,"Lower",10,"Mobile Transfer ticket",1,"[PREMIUM]","[PREMIUM]","[PREMIUM]","[PREMIUM]",true,false,"['Third Row of Section','Clear view']","2026-09-24 21:14:47"
"14171459779","2026-09-24 23:10:59.586","2026-09-24 23:10:59.586","14171459779","160427047","[PREMIUM]","[PREMIUM]","327","8","_",,,2,"[2]",1724,"Club",10,"Mobile Transfer ticket",1,"[PREMIUM]","[PREMIUM]","[PREMIUM]","[PREMIUM]",true,false,"['Clear view']","2026-09-24 13:53:47"
"14172919032","2026-09-24 23:10:59.586","2026-09-26 23:10:29.137","14172919032","160427047","[PREMIUM]","[PREMIUM]","106","4","_",,,3,"[1,3]",594,"Lower",10,"Mobile Transfer ticket",1,"[PREMIUM]","[PREMIUM]","[PREMIUM]","[PREMIUM]",true,false,"['Clear view']","2026-09-24 15:05:18"
"14178549925","2026-09-24 23:10:59.586","2026-09-24 23:10:59.586","14178549925","160427047","[PREMIUM]","[PREMIUM]","140","5","_",,,2,"[2]",594,"Lower",10,"Mobile Transfer ticket",1,"[PREMIUM]","[PREMIUM]","[PREMIUM]","[PREMIUM]",true,false,"['Side view (printed on ticket)']","2026-09-24 21:14:55"
"14180276174","2026-09-24 23:10:59.586","2026-09-24 23:10:59.586","14180276174","160427047","[PREMIUM]","[PREMIUM]","321","1","5_6","5","6",2,"[2]",1724,"Club",10,"Mobile Transfer ticket",1,"[PREMIUM]","[PREMIUM]","[PREMIUM]","[PREMIUM]",true,false,"['Front Row of Section','Clear view']","2026-09-24 23:06:12"
"14171043146","2026-09-24 23:10:59.419","2026-10-03 22:09:47.452","14171043146","160427047","[PREMIUM]","[PREMIUM]","105","1","_",,,2,"[2]",594,"Lower",10,"Mobile Transfer ticket",1,"[PREMIUM]","[PREMIUM]","[PREMIUM]","[PREMIUM]",true,false,"['Front Row of Section','Clear view']","2026-09-24 13:36:15"
"14162629325","2026-09-24 23:10:59.229","2026-10-04 05:03:19.023","14162629325","160427232","[PREMIUM]","[PREMIUM]","126","24","26_29","26","29",4,"[1,2,4]",594,"Lower",10,"Mobile Transfer ticket",1,"[PREMIUM]","[PREMIUM]","[PREMIUM]","[PREMIUM]",true,false,"['Clear view']","2026-09-23 23:48:02"
"14176397304","2026-09-24 23:10:59.189","2026-09-24 23:10:59.189","14176397304","160427232","[PREMIUM]","[PREMIUM]","103","27","9001_9004","9001",,4,"[4]",594,"Lower",10,"Mobile Transfer ticket",13,"[PREMIUM]","[PREMIUM]","[PREMIUM]","[PREMIUM]",true,false,"['Clear view']","2026-09-24 18:34:18"
"13980426358","2026-09-24 23:10:59.175","2026-09-26 05:03:56.778","13980426358","160427232","[PREMIUM]","[PREMIUM]","126","35","9_10","9",,2,"[2]",594,"Lower",10,"Mobile Transfer ticket",14,"[PREMIUM]","[PREMIUM]","[PREMIUM]","[PREMIUM]",true,false,"['Clear view']","2026-09-09 16:34:12"
"14050516389","2026-09-24 23:10:59.175","2026-09-26 05:03:56.474","14050516389","160427232","[PREMIUM]","[PREMIUM]","339","9","15_18","15","18",4,"[1,2,4]",407,"Upper",10,"Mobile Transfer ticket",1,"[PREMIUM]","[PREMIUM]","[PREMIUM]","[PREMIUM]",true,false,"['Clear view']","2026-09-15 14:21:31"
"14158778462","2026-09-24 23:10:59.175","2026-10-04 05:03:18.294","14158778462","160427232","[PREMIUM]","[PREMIUM]","228B","8","9_10","9","10",2,"[2]",471,"Middle",10,"Mobile Transfer ticket",1,"[PREMIUM]","[PREMIUM]","[PREMIUM]","[PREMIUM]",true,false,"['Clear view']","2026-09-23 18:28:18"
"13920279975","2026-09-24 23:10:59.104","2026-09-24 23:10:59.104","13920279975","160427232","[PREMIUM]","[PREMIUM]","316","10","_",,,2,"[2]",407,"Upper",10,"Mobile Transfer ticket",1,"[PREMIUM]","[PREMIUM]","[PREMIUM]","[PREMIUM]",true,false,"['Clear view']","2026-09-03 22:47:52"
"14035023622","2026-09-24 23:10:58.862","2026-09-24 23:10:58.862","14035023622","160427232","[PREMIUM]","[PREMIUM]","324","6","_",,,4,"[4]",407,"Upper",10,"Mobile Transfer ticket",1,"[PREMIUM]","[PREMIUM]","[PREMIUM]","[PREMIUM]",true,false,"['Second Row of Section','Clear view']","2026-09-14 02:50:16"
"14050516387","2026-09-24 23:10:58.862","2026-10-01 05:03:44.676","14050516387","160427232","[PREMIUM]","[PREMIUM]","313","12","7_10","7","10",4,"[1,2,4]",407,"Upper",10,"Mobile Transfer ticket",1,"[PREMIUM]","[PREMIUM]","[PREMIUM]","[PREMIUM]",true,false,"['Clear view']","2026-09-15 14:21:31"
"14170369090","2026-09-24 23:10:58.862","2026-09-28 05:03:25.267","14170369090","160427232","[PREMIUM]","[PREMIUM]","121","39","21_22","21","22",2,"[2]",594,"Lower",10,"Mobile Transfer ticket",1,"[PREMIUM]","[PREMIUM]","[PREMIUM]","[PREMIUM]",true,false,"['Clear view']","2026-09-24 13:01:58"
"13175478341","2026-09-24 23:10:58.798","2026-09-24 23:10:58.798","13175478341","160427232","[PREMIUM]","[PREMIUM]","228B","15","19_22","19","22",4,"[2,4]",471,"Middle",10,"Mobile Transfer ticket",1,"[PREMIUM]","[PREMIUM]","[PREMIUM]","[PREMIUM]",true,false,"['Clear view']","2026-06-28 20:35:30"
"14146104040","2026-09-24 23:10:58.798","2026-10-06 05:02:56.859","14146104040","160427232","[PREMIUM]","[PREMIUM]","228B","13","_",,,2,"[2]",471,"Middle",10,"Mobile Transfer ticket",1,"[PREMIUM]","[PREMIUM]","[PREMIUM]","[PREMIUM]",true,false,"['Clear view']","2026-09-22 22:13:17"
"14174707299","2026-09-24 23:10:58.739","2026-09-24 23:10:58.739","14174707299","160427232","[PREMIUM]","[PREMIUM]","131","18","17_18","17","18",2,"[2]",594,"Lower",10,"Mobile Transfer ticket",1,"[PREMIUM]","[PREMIUM]","[PREMIUM]","[PREMIUM]",true,false,"['Clear view']","2026-09-24 16:38:45"
"13759701669","2026-09-24 23:10:58.664","2026-10-04 05:03:18.731","13759701669","160427232","[PREMIUM]","[PREMIUM]","313","13","13_15","13","15",3,"[1,3]",407,"Upper",10,"Mobile Transfer ticket",1,"[PREMIUM]","[PREMIUM]","[PREMIUM]","[PREMIUM]",true,false,"['Clear view']","2026-08-21 20:39:57"
"14172682709","2026-09-24 23:10:58.664","2026-10-03 05:03:36.093","14172682709","160427232","[PREMIUM]","[PREMIUM]","310","6","_",,,4,"[2,4]",407,"Upper",10,"Mobile Transfer ticket",1,"[PREMIUM]","[PREMIUM]","[PREMIUM]","[PREMIUM]",true,false,"['Side view (printed on ticket)']","2026-09-24 14:52:11"
"13120633757","2026-09-24 23:10:58.470","2026-09-24 23:11:05.133","13120633757","160426306","[PREMIUM]","[PREMIUM]","201","7","11_14","11","14",4,"[1,2,4]",407,"Upper",10,"Mobile Transfer ticket",1,"[PREMIUM]","[PREMIUM]","[PREMIUM]","[PREMIUM]",true,false,"['Clear view']","2026-06-23 17:30:41"
"14169584008","2026-09-24 23:10:58.199","2026-09-24 23:10:58.199","14169584008","160426306","[PREMIUM]","[PREMIUM]","125","12","9001_9002","9001",,2,"[2]",594,"Lower",10,"Mobile Transfer ticket",13,"[PREMIUM]","[PREMIUM]","[PREMIUM]","[PREMIUM]",true,false,"['Clear view']","2026-09-24 11:40:17"
"14177922883","2026-09-24 23:10:58.199","2026-09-25 23:38:33.724","14177922883","160426306","[PREMIUM]","[PREMIUM]","123","9","3_4","3",,2,"[2]",594,"Lower",10,"Mobile Transfer ticket",1,"[PREMIUM]","[PREMIUM]","[PREMIUM]","[PREMIUM]",true,false,"['Clear view']","2026-09-24 20:35:44"
"14178555130","2026-09-24 23:10:58.164","2026-09-24 23:10:58.164","14178555130","160427047","[PREMIUM]","[PREMIUM]","335","3","_",,,2,"[2]",1724,"Club",10,"Mobile Transfer ticket",1,"[PREMIUM]","[PREMIUM]","[PREMIUM]","[PREMIUM]",true,false,"['Third Row of Section','Clear view']","2026-09-24 21:15:10"
"14178555575","2026-09-24 23:10:58.164","2026-09-24 23:10:58.164","14178555575","160427047","[PREMIUM]","[PREMIUM]","307","2","_",,,2,"[2]",1724,"Club",10,"Mobile Transfer ticket",1,"[PREMIUM]","[PREMIUM]","[PREMIUM]","[PREMIUM]",true,false,"['Second Row of Section','Clear view']","2026-09-24 21:15:11"
"14178199170","2026-09-24 23:10:58.164","2026-09-24 23:10:58.164","14178199170","160427047","[PREMIUM]","[PREMIUM]","335","1","_",,,2,"[2]",1724,"Club",10,"Mobile Transfer ticket",1,"[PREMIUM]","[PREMIUM]","[PREMIUM]","[PREMIUM]",true,false,"['Front Row of Section','Clear view']","2026-09-24 20:52:03"
"14178555120","2026-09-24 23:10:58.164","2026-09-24 23:10:58.164","14178555120","160427047","[PREMIUM]","[PREMIUM]","336","5","_",,,2,"[2]",1724,"Club",10,"Mobile Transfer ticket",1,"[PREMIUM]","[PREMIUM]","[PREMIUM]","[PREMIUM]",true,false,"['Clear view']","2026-09-24 21:15:10"
"14178555421","2026-09-24 23:10:58.050","2026-09-24 23:10:58.050","14178555421","160427047","[PREMIUM]","[PREMIUM]","319","7","_",,,2,"[2]",1724,"Club",10,"Mobile Transfer ticket",1,"[PREMIUM]","[PREMIUM]","[PREMIUM]","[PREMIUM]",true,false,"['Clear view']","2026-09-24 21:15:11"
"14178555501","2026-09-24 23:10:58.050","2026-09-24 23:10:58.050","14178555501","160427047","[PREMIUM]","[PREMIUM]","317","4","_",,,2,"[2]",1724,"Club",10,"Mobile Transfer ticket",1,"[PREMIUM]","[PREMIUM]","[PREMIUM]","[PREMIUM]",true,false,"['Side view (printed on ticket)']","2026-09-24 21:15:11"
"14178551396","2026-09-24 23:10:58.050","2026-09-24 23:10:58.050","14178551396","160427047","[PREMIUM]","[PREMIUM]","238","3","_",,,2,"[2]",3831,"Terrace Corner",10,"Mobile Transfer ticket",1,"[PREMIUM]","[PREMIUM]","[PREMIUM]","[PREMIUM]",true,false,"['Third Row of Section','Clear view']","2026-09-24 21:14:59"
"14178555377","2026-09-24 23:10:58.050","2026-09-24 23:10:58.050","14178555377","160427047","[PREMIUM]","[PREMIUM]","321","3","_",,,2,"[2]",1724,"Club",10,"Mobile Transfer ticket",1,"[PREMIUM]","[PREMIUM]","[PREMIUM]","[PREMIUM]",true,false,"['Third Row of Section','Clear view']","2026-09-24 21:15:10"
"14165841919","2026-09-24 23:10:57.866","2026-09-24 23:10:57.866","14165841919","160426306","[PREMIUM]","[PREMIUM]","NETER3","3","9001_9004","9001",,4,"[4]",1771,"Terrace Level",10,"Mobile Transfer ticket",13,"[PREMIUM]","[PREMIUM]","[PREMIUM]","[PREMIUM]",true,false,"['Third Row of Section','Clear view']","2026-09-24 05:22:19"
"13309609982","2026-09-24 23:10:57.863","2026-10-04 22:08:59.924","13309609982","160427047","[PREMIUM]","[PREMIUM]","102","28","_",,,4,"[2,4]",594,"Lower",10,"Mobile Transfer ticket",1,"[PREMIUM]","[PREMIUM]","[PREMIUM]","[PREMIUM]",true,false,"['Clear view']","2026-07-10 01:09:03"
"14178549359","2026-09-24 23:10:57.863","2026-09-24 23:10:57.863","14178549359","160427047","[PREMIUM]","[PREMIUM]","202","2","_",,,4,"[2,4]",7046,"Terrace Sideline",10,"Mobile Transfer ticket",1,"[PREMIUM]","[PREMIUM]","[PREMIUM]","[PREMIUM]",true,false,"['Side view (printed on ticket)','Second Row of Section']","2026-09-24 21:14:54"
"14178546376","2026-09-24 23:10:57.863","2026-09-24 23:10:57.863","14178546376","160427047","[PREMIUM]","[PREMIUM]","132","2","_",,,2,"[2]",594,"Lower",10,"Mobile Transfer ticket",1,"[PREMIUM]","[PREMIUM]","[PREMIUM]","[PREMIUM]",true,false,"['Second Row of Section','Clear view']","2026-09-24 21:14:46"
"14150370224","2026-09-24 23:10:57.860","2026-10-01 22:09:21.584","14150370224","160427047","[PREMIUM]","[PREMIUM]","318","9","_",,,2,"[1,2]",1724,"Club",10,"Mobile Transfer ticket",1,"[PREMIUM]","[PREMIUM]","[PREMIUM]","[PREMIUM]",true,false,"['Clear view']","2026-09-23 04:09:49"
"14172076967","2026-09-24 23:10:57.860","2026-09-24 23:10:57.860","14172076967","160427047","[PREMIUM]","[PREMIUM]","142","26","_",,,4,"[4]",594,"Lower",10,"Mobile Transfer ticket",1,"[PREMIUM]","[PREMIUM]","[PREMIUM]","[PREMIUM]",true,false,"['Clear view']","2026-09-24 14:20:23"
"14174672183","2026-09-24 23:10:57.860","2026-09-24 23:10:57.860","14174672183","160427047","[PREMIUM]","[PREMIUM]","109","25","9001_9003","9001","9003",3,"[1,3]",594,"Lower",10,"Mobile Transfer ticket",1,"[PREMIUM]","[PREMIUM]","[PREMIUM]","[PREMIUM]",true,false,"['Clear view']","2026-09-24 16:35:58"
"14178555555","2026-09-24 23:10:57.860","2026-09-24 23:10:57.860","14178555555","160427047","[PREMIUM]","[PREMIUM]","308","2","_",,,2,"[2]",1724,"Club",10,"Mobile Transfer ticket",1,"[PREMIUM]","[PREMIUM]","[PREMIUM]","[PREMIUM]",true,false,"['Second Row of Section','Clear view']","2026-09-24 21:15:11"
"14159324364","2026-09-24 23:10:57.732","2026-09-24 23:11:03.023","14159324364","160426306","[PREMIUM]","[PREMIUM]","201","10","_",,,2,"[2]",407,"Upper",10,"Mobile Transfer ticket",1,"[PREMIUM]","[PREMIUM]","[PREMIUM]","[PREMIUM]",true,false,"['Clear view']","2026-09-23 19:21:47"
"14169644917","2026-09-24 23:10:57.732","2026-09-24 23:11:03.023","14169644917","160426306","[PREMIUM]","[PREMIUM]","117","22","9001_9002","9001",,2,"[2]",594,"Lower",10,"Mobile Transfer ticket",13,"[PREMIUM]","[PREMIUM]","[PREMIUM]","[PREMIUM]",true,false,"['Clear view']","2026-09-24 11:46:06"
"14172076845","2026-09-24 23:10:57.552","2026-09-24 23:10:57.552","14172076845","160427047","[PREMIUM]","[PREMIUM]","141","5","_",,,2,"[2]",594,"Lower",10,"Mobile Transfer ticket",1,"[PREMIUM]","[PREMIUM]","[PREMIUM]","[PREMIUM]",true,false,"['Clear view']","2026-09-24 14:20:22"
"14178555390","2026-09-24 23:10:57.552","2026-09-24 23:10:57.552","14178555390","160427047","[PREMIUM]","[PREMIUM]","320","15","_",,,4,"[2,4]",1724,"Club",10,"Mobile Transfer ticket",1,"[PREMIUM]","[PREMIUM]","[PREMIUM]","[PREMIUM]",true,false,"['Clear view']","2026-09-24 21:15:11"
"14178515626","2026-09-24 23:10:57.542","2026-09-24 23:10:57.542","14178515626","160427053","[PREMIUM]","[PREMIUM]","DS22","1","_",,,4,"[4]",2973,"Dream Seats",10,"Mobile Transfer ticket",1,"[PREMIUM]","[PREMIUM]","[PREMIUM]","[PREMIUM]",true,false,"['Front Row of Section','Clear view']","2026-09-24 21:13:13"
"13187545213","2026-09-24 23:10:57.477","2026-10-07 22:11:59.872","13187545213","160426306","[PREMIUM]","[PREMIUM]","136","28","_",,,3,"[3]",594,"Lower",10,"Mobile Transfer ticket",1,"[PREMIUM]","[PREMIUM]","[PREMIUM]","[PREMIUM]",true,false,"['Clear view']","2026-06-29 23:39:35"
"14165626928","2026-09-24 23:10:57.477","2026-09-24 23:10:57.477","14165626928","160426306","[PREMIUM]","[PREMIUM]","129","3","9001_9001","9001",,1,"[1]",594,"Lower",10,"Mobile Transfer ticket",13,"[PREMIUM]","[PREMIUM]","[PREMIUM]","[PREMIUM]",false,false,"['Third Row of Section','Clear view']","2026-09-24 05:07:40"
"14178545896","2026-09-24 23:10:57.369","2026-09-24 23:10:57.369","14178545896","160427047","[PREMIUM]","[PREMIUM]","106","10","_",,,2,"[2]",594,"Lower",10,"Mobile Transfer ticket",1,"[PREMIUM]","[PREMIUM]","[PREMIUM]","[PREMIUM]",true,false,"['Clear view']","2026-09-24 21:14:45"
"14178093265","2026-09-24 23:10:57.369","2026-09-24 23:10:57.369","14178093265","160427047","[PREMIUM]","[PREMIUM]","103","5","_",,,2,"[2]",594,"Lower",10,"Mobile Transfer ticket",1,"[PREMIUM]","[PREMIUM]","[PREMIUM]","[PREMIUM]",true,false,"['Clear view']","2026-09-24 20:45:44"
"14056877749","2026-09-24 23:10:57.179","2026-10-04 05:08:22.937","14056877749","160427053","[PREMIUM]","[PREMIUM]","342","3","_",,,2,"[2]",1724,"Club",10,"Mobile Transfer ticket",1,"[PREMIUM]","[PREMIUM]","[PREMIUM]","[PREMIUM]",true,false,"['Third Row of Section','Clear view']","2026-09-16 02:05:31"
"14094203615","2026-09-24 23:10:57.072","2026-10-07 05:09:08.098","14094203615","160427053","[PREMIUM]","[PREMIUM]","DS23","2","_",,,2,"[2]",2973,"Dream Seats",10,"Mobile Transfer ticket",1,"[PREMIUM]","[PREMIUM]","[PREMIUM]","[PREMIUM]",true,false,"['Alcohol free area','Second Row of Section','Clear view']","2026-09-18 19:47:11"
"14102509321","2026-09-24 23:10:57.072","2026-10-07 05:09:08.280","14102509321","160427053","[PREMIUM]","[PREMIUM]","304","1","_",,,1,"[1]",1724,"Club",10,"Mobile Transfer ticket",13,"[PREMIUM]","[PREMIUM]","[PREMIUM]","[PREMIUM]",false,false,"['Front Row of Section','Clear view']","2026-09-19 10:16:50"
"14153808368","2026-09-24 23:10:56.951","2026-10-07 05:09:07.985","14153808368","160427053","[PREMIUM]","[PREMIUM]","201","2","_",,,2,"[2]",7046,"Terrace Sideline",10,"Mobile Transfer ticket",1,"[PREMIUM]","[PREMIUM]","[PREMIUM]","[PREMIUM]",true,false,"['Second Row of Section','Clear view']","2026-09-23 10:17:22"
"14168878893","2026-09-24 23:10:56.951","2026-09-26 05:08:39.580","14168878893","160427053","[PREMIUM]","[PREMIUM]","340","3","9001_9001","9001","9001",1,"[1]",1724,"Club",10,"Mobile Transfer ticket",1,"[PREMIUM]","[PREMIUM]","[PREMIUM]","[PREMIUM]",false,false,"['Third Row of Section','Clear view']","2026-09-24 10:15:24"
"14141312971","2026-09-24 23:10:56.919","2026-09-26 05:08:38.781","14141312971","160427053","[PREMIUM]","[PREMIUM]","121","26","_",,,4,"[2,4]",594,"Lower",10,"Mobile Transfer ticket",1,"[PREMIUM]","[PREMIUM]","[PREMIUM]","[PREMIUM]",true,false,"['Clear view']","2026-09-22 16:43:59"
"14165062655","2026-09-24 23:10:56.919","2026-09-26 05:08:38.781","14165062655","160427053","[PREMIUM]","[PREMIUM]","325","5","_",,,1,"[1]",1724,"Club",10,"Mobile Transfer ticket",1,"[PREMIUM]","[PREMIUM]","[PREMIUM]","[PREMIUM]",false,false,"['Clear view']","2026-09-24 03:59:53"
"14087671354","2026-09-24 23:10:56.848","2026-10-05 05:06:40.446","14087671354","160427053","[PREMIUM]","[PREMIUM]","112","1","_",,,2,"[2]",594,"Lower",10,"Mobile Transfer ticket",1,"[PREMIUM]","[PREMIUM]","[PREMIUM]","[PREMIUM]",true,false,"['Front Row of Section','Clear view']","2026-09-18 08:51:08"
"14129617831","2026-09-24 23:10:56.848","2026-09-26 05:08:30.975","14129617831","160427053","[PREMIUM]","[PREMIUM]","342","4","_",,,2,"[2]",1724,"Club",10,"Mobile Transfer ticket",1,"[PREMIUM]","[PREMIUM]","[PREMIUM]","[PREMIUM]",true,false,"['Clear view']","2026-09-21 21:43:39"
"14176888426","2026-09-24 23:10:56.848","2026-09-24 23:10:56.848","14176888426","160427053","[PREMIUM]","[PREMIUM]","139","1","_",,,2,"[2]",594,"Lower",10,"Mobile Transfer ticket",1,"[PREMIUM]","[PREMIUM]","[PREMIUM]","[PREMIUM]",true,false,"['Front Row of Section','Clear view']","2026-09-24 19:11:04"
"14096501375","2026-09-24 23:10:56.642","2026-10-01 05:08:28.144","14096501375","160427053","[PREMIUM]","[PREMIUM]","303","7","_",,,3,"[3]",1724,"Club",10,"Mobile Transfer ticket",1,"[PREMIUM]","[PREMIUM]","[PREMIUM]","[PREMIUM]",true,false,"['Clear view']","2026-09-18 23:32:08"
"14119528249","2026-09-24 23:10:56.642","2026-10-04 05:08:21.991","14119528249","160427053","[PREMIUM]","[PREMIUM]","134","1","_",,,2,"[2]",594,"Lower",10,"Mobile Transfer ticket",1,"[PREMIUM]","[PREMIUM]","[PREMIUM]","[PREMIUM]",true,false,"['Front Row of Section','Clear view']","2026-09-20 22:32:07"
"14119822736","2026-09-24 23:10:56.599","2026-09-24 23:10:56.599","14119822736","160427053","[PREMIUM]","[PREMIUM]","307","6","_",,,2,"[2]",1724,"Club",10,"Mobile Transfer ticket",1,"[PREMIUM]","[PREMIUM]","[PREMIUM]","[PREMIUM]",true,false,"['Clear view']","2026-09-20 23:01:24"
"13971844319","2026-09-24 23:10:56.530","2026-10-06 05:06:41.440","13971844319","160427053","[PREMIUM]","[PREMIUM]","324","14","_",,,2,"[2]",1724,"Club",10,"Mobile Transfer ticket",1,"[PREMIUM]","[PREMIUM]","[PREMIUM]","[PREMIUM]",true,false,"['Clear view']","2026-09-08 23:37:46"
"14156399275","2026-09-24 23:10:56.530","2026-10-05 05:06:40.023","14156399275","160427053","[PREMIUM]","[PREMIUM]","104","2","_",,,2,"[2]",594,"Lower",10,"Mobile Transfer ticket",1,"[PREMIUM]","[PREMIUM]","[PREMIUM]","[PREMIUM]",true,false,"['Second Row of Section','Clear view']","2026-09-23 15:19:33"
"14155895928","2026-09-24 23:10:56.416","2026-09-27 23:04:47.246","14155895928","160427053","[PREMIUM]","[PREMIUM]","121","1","9_10","9","10",2,"[2]",594,"Lower",11,"Mobile ticket",14,"[PREMIUM]","[PREMIUM]","[PREMIUM]","[PREMIUM]",true,false,"['Front Row of Section','Clear view']","2026-09-23 14:37:36"
"14178522613","2026-09-24 23:10:56.416","2026-09-24 23:10:56.416","14178522613","160427053","[PREMIUM]","[PREMIUM]","109","5","_",,,2,"[2]",594,"Lower",10,"Mobile Transfer ticket",1,"[PREMIUM]","[PREMIUM]","[PREMIUM]","[PREMIUM]",true,false,"['Clear view']","2026-09-24 21:13:36"
"14174416509","2026-09-24 23:10:56.243","2026-10-02 22:10:19.868","14174416509","160426306","[PREMIUM]","[PREMIUM]","C4","14","17_18","17","18",2,"[2]",300,"Club Level",10,"Mobile Transfer ticket",1,"[PREMIUM]","[PREMIUM]","[PREMIUM]","[PREMIUM]",true,false,"['Clear view']","2026-09-24 16:17:53"
"14169916124","2026-09-24 23:10:56.243","2026-10-07 22:11:58.984","14169916124","160426306","[PREMIUM]","[PREMIUM]","C17","1","17_18","17","18",2,"[2]",300,"Club Level",11,"Mobile ticket",1,"[PREMIUM]","[PREMIUM]","[PREMIUM]","[PREMIUM]",true,false,"['Actual 1st row of the section','Clear view','Instant download']","2026-09-24 12:10:44"
"14176364092","2026-09-24 23:10:56.243","2026-10-04 22:09:00.284","14176364092","160426306","[PREMIUM]","[PREMIUM]","115","18","_",,,3,"[1,3]",594,"Lower",10,"Mobile Transfer ticket",1,"[PREMIUM]","[PREMIUM]","[PREMIUM]","[PREMIUM]",true,false,"['Clear view']","2026-09-24 18:32:06"
"14167750322","2026-09-24 23:10:56.234","2026-09-24 23:10:56.234","14167750322","160426306","[PREMIUM]","[PREMIUM]","223","9","9001_9002","9001",,2,"[2]",407,"Upper",10,"Mobile Transfer ticket",13,"[PREMIUM]","[PREMIUM]","[PREMIUM]","[PREMIUM]",true,false,"['Clear view']","2026-09-24 07:58:36"
"14175005070","2026-09-24 23:10:56.234","2026-09-24 23:10:56.234","14175005070","160426306","[PREMIUM]","[PREMIUM]","201","11","9001_9002","9001",,2,"[2]",407,"Upper",10,"Mobile Transfer ticket",13,"[PREMIUM]","[PREMIUM]","[PREMIUM]","[PREMIUM]",true,false,"['Clear view']","2026-09-24 16:57:26"
"14168803733","2026-09-24 23:10:56.145","2026-09-24 23:10:56.145","14168803733","160426306","[PREMIUM]","[PREMIUM]","244","3","9001_9004","9001",,4,"[4]",407,"Upper",10,"Mobile Transfer ticket",13,"[PREMIUM]","[PREMIUM]","[PREMIUM]","[PREMIUM]",true,false,"['Third Row of Section','Clear view']","2026-09-24 10:06:43"
"13604888684","2026-09-24 23:10:56.102","2026-09-26 23:11:09.942","13604888684","160426306","[PREMIUM]","[PREMIUM]","107","22","3_8","3","8",6,"[1,2,3,4,6]",594,"Lower",10,"Mobile Transfer ticket",1,"[PREMIUM]","[PREMIUM]","[PREMIUM]","[PREMIUM]",true,false,"['Clear view']","2026-08-07 17:17:23"
"14165552190","2026-09-24 23:10:56.071","2026-09-24 23:10:56.071","14165552190","160426306","[PREMIUM]","[PREMIUM]","125","31","9001_9004","9001",,4,"[4]",594,"Lower",10,"Mobile Transfer ticket",13,"[PREMIUM]","[PREMIUM]","[PREMIUM]","[PREMIUM]",true,false,"['Clear view']","2026-09-24 05:02:45"
"14169098934","2026-09-24 23:10:56.071","2026-09-24 23:10:56.071","14169098934","160426306","[PREMIUM]","[PREMIUM]","127","9","9001_9002","9001",,2,"[2]",594,"Lower",10,"Mobile Transfer ticket",13,"[PREMIUM]","[PREMIUM]","[PREMIUM]","[PREMIUM]",true,false,"['Clear view']","2026-09-24 10:42:03"
"14176364115","2026-09-24 23:10:56.071","2026-10-04 22:09:00.284","14176364115","160426306","[PREMIUM]","[PREMIUM]","125","28","_",,,4,"[2,4]",594,"Lower",10,"Mobile Transfer ticket",1,"[PREMIUM]","[PREMIUM]","[PREMIUM]","[PREMIUM]",true,false,"['Clear view']","2026-09-24 18:32:07"
"12929438264","2026-09-24 23:10:55.919","2026-10-07 22:11:59.353","12929438264","160426306","[PREMIUM]","[PREMIUM]","127","13","10_13","10",,4,"[2,4]",594,"Lower",10,"Mobile Transfer ticket",1,"[PREMIUM]","[PREMIUM]","[PREMIUM]","[PREMIUM]",true,false,"['Clear view']","2026-06-04 14:11:15"
"14165832547","2026-09-24 23:10:55.919","2026-09-24 23:10:55.919","14165832547","160426306","[PREMIUM]","[PREMIUM]","131","21","9001_9002","9001",,2,"[2]",594,"Lower",10,"Mobile Transfer ticket",13,"[PREMIUM]","[PREMIUM]","[PREMIUM]","[PREMIUM]",true,false,"['Clear view']","2026-09-24 05:21:02"
"14172432536","2026-09-24 23:10:55.867","2026-09-24 23:10:55.867","14172432536","160427047","[PREMIUM]","[PREMIUM]","133","2","_",,,1,"[1]",594,"Lower",10,"Mobile Transfer ticket",1,"[PREMIUM]","[PREMIUM]","[PREMIUM]","[PREMIUM]",false,false,"['Second Row of Section','Clear view']","2026-09-24 14:40:08"
"14178550067","2026-09-24 23:10:55.867","2026-09-24 23:10:55.867","14178550067","160427047","[PREMIUM]","[PREMIUM]","138","7","_",,,2,"[2]",594,"Lower",10,"Mobile Transfer ticket",1,"[PREMIUM]","[PREMIUM]","[PREMIUM]","[PREMIUM]",true,false,"['Clear view']","2026-09-24 21:14:55"
"14178696042","2026-09-24 23:10:55.867","2026-09-24 23:10:55.867","14178696042","160427047","[PREMIUM]","[PREMIUM]","141","17","_",,,2,"[2]",594,"Lower",10,"Mobile Transfer ticket",1,"[PREMIUM]","[PREMIUM]","[PREMIUM]","[PREMIUM]",true,false,"['Side view (printed on ticket)']","2026-09-24 21:22:56"
"14178555096","2026-09-24 23:10:55.805","2026-09-24 23:10:55.805","14178555096","160427047","[PREMIUM]","[PREMIUM]","336","10","_",,,2,"[2]",1724,"Club",10,"Mobile Transfer ticket",1,"[PREMIUM]","[PREMIUM]","[PREMIUM]","[PREMIUM]",true,false,"['Clear view']","2026-09-24 21:15:10"
"12691437438","2026-09-24 23:10:55.766","2026-09-28 22:11:05.493","12691437438","160426306","[PREMIUM]","[PREMIUM]","128","27","9_10","9","10",2,"[2]",594,"Lower",10,"Mobile Transfer ticket",1,"[PREMIUM]","[PREMIUM]","[PREMIUM]","[PREMIUM]",true,false,"['Clear view']","2026-05-15 00:46:58"
"14167044114","2026-09-24 23:10:55.766","2026-09-24 23:10:55.766","14167044114","160426306","[PREMIUM]","[PREMIUM]","244","18","9001_9002","9001",,2,"[2]",407,"Upper",10,"Mobile Transfer ticket",13,"[PREMIUM]","[PREMIUM]","[PREMIUM]","[PREMIUM]",true,false,"['Clear view']","2026-09-24 06:58:02"
"14170233755","2026-09-24 23:10:55.613","2026-09-24 23:10:55.613","14170233755","160427232","[PREMIUM]","[PREMIUM]","106","33","7_8","7","8",2,"[2]",594,"Lower",10,"Mobile Transfer ticket",1,"[PREMIUM]","[PREMIUM]","[PREMIUM]","[PREMIUM]",true,false,"['Clear view']","2026-09-24 12:45:23"
"14175746430","2026-09-24 23:10:55.613","2026-09-24 23:10:55.613","14175746430","160427232","[PREMIUM]","[PREMIUM]","106","38","17_20","17","20",4,"[4]",594,"Lower",10,"Mobile Transfer ticket",1,"[PREMIUM]","[PREMIUM]","[PREMIUM]","[PREMIUM]",true,false,"['Clear view']","2026-09-24 17:50:07"
"14178549442","2026-09-24 23:10:55.564","2026-09-24 23:10:55.564","14178549442","160427047","[PREMIUM]","[PREMIUM]","201","2","_",,,2,"[2]",7046,"Terrace Sideline",10,"Mobile Transfer ticket",1,"[PREMIUM]","[PREMIUM]","[PREMIUM]","[PREMIUM]",true,false,"['Second Row of Section','Clear view']","2026-09-24 21:14:54"
"14171716437","2026-09-24 23:10:55.510","2026-09-24 23:10:55.510","14171716437","160427047","[PREMIUM]","[PREMIUM]","139","7","_",,,3,"[1,3]",594,"Lower",10,"Mobile Transfer ticket",1,"[PREMIUM]","[PREMIUM]","[PREMIUM]","[PREMIUM]",true,false,"['Clear view']","2026-09-24 14:03:56"
"14178544131","2026-09-24 23:10:55.510","2026-09-24 23:10:55.510","14178544131","160427047","[PREMIUM]","[PREMIUM]","105","5","_",,,2,"[2]",594,"Lower",10,"Mobile Transfer ticket",1,"[PREMIUM]","[PREMIUM]","[PREMIUM]","[PREMIUM]",true,false,"['Clear view']","2026-09-24 21:14:39"
"14177123955","2026-09-24 23:10:55.446","2026-09-25 23:38:17.064","14177123955","160417386","[PREMIUM]","[PREMIUM]","331","11","_",,,6,"[1,2,4,6]",407,"Upper",10,"Mobile Transfer ticket",14,"[PREMIUM]","[PREMIUM]","[PREMIUM]","[PREMIUM]",true,false,"['Clear view']","2026-09-24 19:32:16"
"14177123913","2026-09-24 23:10:55.396","2026-09-24 23:10:55.396","14177123913","160417386","[PREMIUM]","[PREMIUM]","347","16","_",,,6,"[1,2,4,6]",407,"Upper",10,"Mobile Transfer ticket",14,"[PREMIUM]","[PREMIUM]","[PREMIUM]","[PREMIUM]",true,false,"['Clear view']","2026-09-24 19:32:16"
"14177123954","2026-09-24 23:10:55.396","2026-09-24 23:10:55.396","14177123954","160417386","[PREMIUM]","[PREMIUM]","330","16","_",,,6,"[1,2,4,6]",407,"Upper",10,"Mobile Transfer ticket",14,"[PREMIUM]","[PREMIUM]","[PREMIUM]","[PREMIUM]",true,false,"['Clear view']","2026-09-24 19:32:16"
"14179550376","2026-09-24 23:10:55.396","2026-09-25 23:38:16.420","14179550376","160417386","[PREMIUM]","[PREMIUM]","315","16","_",,,4,"[2,4]",407,"Upper",10,"Mobile Transfer ticket",14,"[PREMIUM]","[PREMIUM]","[PREMIUM]","[PREMIUM]",true,false,"['Clear view']","2026-09-24 22:18:47"
"14177123969","2026-09-24 23:10:55.283","2026-09-28 05:18:14.089","14177123969","160417386","[PREMIUM]","[PREMIUM]","339","14","_",,,3,"[1,3]",407,"Upper",10,"Mobile Transfer ticket",14,"[PREMIUM]","[PREMIUM]","[PREMIUM]","[PREMIUM]",true,false,"['Clear view']","2026-09-24 19:32:16"
"14174415654","2026-09-24 23:10:55.269","2026-09-28 05:18:14.696","14174415654","160417386","[PREMIUM]","[PREMIUM]","305","7","_",,,4,"[2,4]",407,"Upper",10,"Mobile Transfer ticket",14,"[PREMIUM]","[PREMIUM]","[PREMIUM]","[PREMIUM]",true,false,"['Third Row of Section','Clear view']","2026-09-24 16:17:50"
"14136990313","2026-09-24 23:10:54.926","2026-10-06 05:17:15.984","14136990313","160417386","[PREMIUM]","[PREMIUM]","309","19","_",,,2,"[2]",407,"Upper",10,"Mobile Transfer ticket",1,"[PREMIUM]","[PREMIUM]","[PREMIUM]","[PREMIUM]",true,false,"['Clear view']","2026-09-22 10:29:26"
"14179062491","2026-09-24 23:10:54.848","2026-09-24 23:10:54.848","14179062491","160417386","[PREMIUM]","[PREMIUM]","326","19","_",,,2,"[2]",407,"Upper",10,"Mobile Transfer ticket",14,"[PREMIUM]","[PREMIUM]","[PREMIUM]","[PREMIUM]",true,false,"['Clear view']","2026-09-24 21:51:01"
"14174415598","2026-09-24 23:10:54.708","2026-09-24 23:10:54.708","14174415598","160417386","[PREMIUM]","[PREMIUM]","329","17","_",,,4,"[2,4]",407,"Upper",10,"Mobile Transfer ticket",14,"[PREMIUM]","[PREMIUM]","[PREMIUM]","[PREMIUM]",true,false,"['Clear view']","2026-09-24 16:17:49"
"13917475281","2026-09-24 23:10:54.612","2026-09-28 22:11:15.539","13917475281","160427047","[PREMIUM]","[PREMIUM]","316","18","_",,,2,"[2]",1724,"Club",10,"Mobile Transfer ticket",14,"[PREMIUM]","[PREMIUM]","[PREMIUM]","[PREMIUM]",true,false,"['Includes club access','Clear view']","2026-09-03 18:16:49"
"14177848638","2026-09-24 23:10:54.572","2026-10-07 05:26:09.155","14177848638","160417386","[PREMIUM]","[PREMIUM]","346","5","10_10","10",,1,"[1]",407,"Upper",10,"Mobile Transfer ticket",1,"[PREMIUM]","[PREMIUM]","[PREMIUM]","[PREMIUM]",false,false,"['Front Row of Section','Clear view']","2026-09-24 20:27:43"
"14170037934","2026-09-24 23:10:54.141","2026-09-24 23:10:54.141","14170037934","160427232","[PREMIUM]","[PREMIUM]","315","7","1_4","1","4",4,"[2,4]",407,"Upper",10,"Mobile Transfer ticket",1,"[PREMIUM]","[PREMIUM]","[PREMIUM]","[PREMIUM]",true,false,"['Aisle seat','Clear view']","2026-09-24 12:22:34"
"14164502502","2026-09-24 23:10:54.123","2026-09-24 23:10:54.123","14164502502","160427232","[PREMIUM]","[PREMIUM]","335","8","_",,,2,"[2]",407,"Upper",10,"Mobile Transfer ticket",1,"[PREMIUM]","[PREMIUM]","[PREMIUM]","[PREMIUM]",true,false,"['Clear view']","2026-09-24 03:06:57"
"14008872686","2026-09-24 23:10:53.608","2026-10-04 05:03:10.553","14008872686","160427232","[PREMIUM]","[PREMIUM]","224B","18","21_22","21",,2,"[2]",471,"Middle",10,"Mobile Transfer ticket",14,"[PREMIUM]","[PREMIUM]","[PREMIUM]","[PREMIUM]",true,false,"['Clear view']","2026-09-11 18:54:29"
"14179067863","2026-09-24 23:10:53.608","2026-10-05 05:02:39.047","14179067863","160427232","[PREMIUM]","[PREMIUM]","308","14","11_13","11",,3,"[1,3]",407,"Upper",10,"Mobile Transfer ticket",14,"[PREMIUM]","[PREMIUM]","[PREMIUM]","[PREMIUM]",true,false,"['Clear view']","2026-09-24 21:51:20"
"14166551511","2026-09-24 23:10:53.445","2026-09-24 23:10:53.445","14166551511","160426306","[PREMIUM]","[PREMIUM]","243","7","9001_9003","9001",,3,"[3]",407,"Upper",10,"Mobile Transfer ticket",13,"[PREMIUM]","[PREMIUM]","[PREMIUM]","[PREMIUM]",true,false,"['Clear view']","2026-09-24 06:18:31"
"14166551673","2026-09-24 23:10:53.445","2026-09-24 23:10:53.445","14166551673","160426306","[PREMIUM]","[PREMIUM]","243","8","9001_9003","9001",,3,"[3]",407,"Upper",10,"Mobile Transfer ticket",13,"[PREMIUM]","[PREMIUM]","[PREMIUM]","[PREMIUM]",true,false,"['Clear view']","2026-09-24 06:18:31"
"14168257635","2026-09-24 23:10:53.445","2026-09-24 23:10:53.445","14168257635","160426306","[PREMIUM]","[PREMIUM]","243","5","9001_9002","9001",,2,"[2]",407,"Upper",10,"Mobile Transfer ticket",13,"[PREMIUM]","[PREMIUM]","[PREMIUM]","[PREMIUM]",true,false,"['Second Row of Section','Clear view']","2026-09-24 08:56:34"
"14178555998","2026-09-24 23:10:52.688","2026-09-24 23:10:52.688","14178555998","160427047","[PREMIUM]","[PREMIUM]","306","10","_",,,2,"[2]",1724,"Club",10,"Mobile Transfer ticket",1,"[PREMIUM]","[PREMIUM]","[PREMIUM]","[PREMIUM]",true,false,"['Clear view']","2026-09-24 21:15:12"
"14173385332","2026-09-24 23:10:52.407","2026-10-05 05:02:38.153","14173385332","160427232","[PREMIUM]","[PREMIUM]","306","8","11_12","11","12",2,"[2]",407,"Upper",11,"Mobile ticket",1,"[PREMIUM]","[PREMIUM]","[PREMIUM]","[PREMIUM]",true,false,"['Actual 3rd row of section','Clear view','Instant download']","2026-09-24 15:26:42"
"14178555526","2026-09-24 23:10:52.405","2026-09-24 23:10:52.405","14178555526","160427047","[PREMIUM]","[PREMIUM]","316","6","_",,,2,"[2]",1724,"Club",10,"Mobile Transfer ticket",1,"[PREMIUM]","[PREMIUM]","[PREMIUM]","[PREMIUM]",true,false,"['Clear view']","2026-09-24 21:15:11"
"14178542588","2026-09-24 23:10:52.405","2026-09-24 23:10:52.405","14178542588","160427047","[PREMIUM]","[PREMIUM]","121","23","_",,,2,"[2]",594,"Lower",10,"Mobile Transfer ticket",1,"[PREMIUM]","[PREMIUM]","[PREMIUM]","[PREMIUM]",true,false,"['Clear view']","2026-09-24 21:14:33"
"14167837349","2026-09-24 23:10:52.303","2026-09-24 23:10:52.303","14167837349","160426306","[PREMIUM]","[PREMIUM]","224","6","9001_9002","9001",,2,"[2]",407,"Upper",10,"Mobile Transfer ticket",13,"[PREMIUM]","[PREMIUM]","[PREMIUM]","[PREMIUM]",true,false,"['Clear view']","2026-09-24 08:07:07"
"14173742543","2026-09-24 23:10:52.303","2026-10-05 22:10:05.170","14173742543","160426306","[PREMIUM]","[PREMIUM]","222","8","1_10","1",,10,"[1,2,3,4,5,6,7,8,10]",407,"Upper",10,"Mobile Transfer ticket",1,"[PREMIUM]","[PREMIUM]","[PREMIUM]","[PREMIUM]",true,false,"['Clear view']","2026-09-24 15:43:44"
"14158758967","2026-09-24 23:10:52.248","2026-10-03 22:09:45.222","14158758967","160427047","[PREMIUM]","[PREMIUM]","320","17","_",,,2,"[2]",1724,"Club",10,"Mobile Transfer ticket",14,"[PREMIUM]","[PREMIUM]","[PREMIUM]","[PREMIUM]",true,false,"['Includes club access','Clear view']","2026-09-23 18:24:43"
"14178730148","2026-09-24 23:10:52.248","2026-09-24 23:10:52.248","14178730148","160427047","[PREMIUM]","[PREMIUM]","104","6","_",,,2,"[2]",594,"Lower",10,"Mobile Transfer ticket",1,"[PREMIUM]","[PREMIUM]","[PREMIUM]","[PREMIUM]",true,false,"['Side view (printed on ticket)']","2026-09-24 21:24:23"
"14168091944","2026-09-24 23:10:52.207","2026-09-24 23:10:52.207","14168091944","160426306","[PREMIUM]","[PREMIUM]","225","10","9001_9002","9001",,2,"[2]",407,"Upper",10,"Mobile Transfer ticket",13,"[PREMIUM]","[PREMIUM]","[PREMIUM]","[PREMIUM]",true,false,"['Clear view']","2026-09-24 08:33:09"
"14176364100","2026-09-24 23:10:52.207","2026-10-04 22:08:56.961","14176364100","160426306","[PREMIUM]","[PREMIUM]","129","25","_",,,2,"[2]",594,"Lower",10,"Mobile Transfer ticket",1,"[PREMIUM]","[PREMIUM]","[PREMIUM]","[PREMIUM]",true,false,"['Clear view']","2026-09-24 18:32:06"
"14177769711","2026-09-24 23:10:52.207","2026-09-24 23:10:52.207","14177769711","160426306","[PREMIUM]","[PREMIUM]","210","1","9001_9002","9001",,2,"[2]",407,"Upper",10,"Mobile Transfer ticket",13,"[PREMIUM]","[PREMIUM]","[PREMIUM]","[PREMIUM]",true,false,"['Front Row of Section','Clear view']","2026-09-24 20:18:01"
"14141312025","2026-09-24 23:10:52.091","2026-09-27 05:08:54.067","14141312025","160427053","[PREMIUM]","[PREMIUM]","141","25","_",,,3,"[1,3]",594,"Lower",10,"Mobile Transfer ticket",1,"[PREMIUM]","[PREMIUM]","[PREMIUM]","[PREMIUM]",true,false,"['Clear view']","2026-09-22 16:43:57"
"14141312014","2026-09-24 23:10:52.091","2026-09-27 05:08:54.067","14141312014","160427053","[PREMIUM]","[PREMIUM]","122","4","_",,,1,"[1]",594,"Lower",10,"Mobile Transfer ticket",1,"[PREMIUM]","[PREMIUM]","[PREMIUM]","[PREMIUM]",false,false,"['Clear view']","2026-09-22 16:43:57"
"14149828816","2026-09-24 23:10:52.091","2026-09-24 23:10:59.443","14149828816","160427053","[PREMIUM]","[PREMIUM]","228","6","9001_9002","9001","9002",2,"[2]",3831,"Terrace Corner",10,"Mobile Transfer ticket",1,"[PREMIUM]","[PREMIUM]","[PREMIUM]","[PREMIUM]",true,false,"['Clear view']","2026-09-23 03:09:29"
"14172974546","2026-09-24 23:10:52.069","2026-09-24 23:10:52.069","14172974546","160427047","[PREMIUM]","[PREMIUM]","304","8","_",,,3,"[3]",1724,"Club",10,"Mobile Transfer ticket",1,"[PREMIUM]","[PREMIUM]","[PREMIUM]","[PREMIUM]",true,false,"['Clear view']","2026-09-24 15:08:26"
"14179127273","2026-09-24 23:10:52.069","2026-09-24 23:10:52.069","14179127273","160427047","[PREMIUM]","[PREMIUM]","429","5","_",,,4,"[2,4]",2442,"Upper Sideline",10,"Mobile Transfer ticket",1,"[PREMIUM]","[PREMIUM]","[PREMIUM]","[PREMIUM]",true,false,"['Second Row of Section','Clear view']","2026-09-24 21:55:47"
"13894783325","2026-09-24 23:10:51.965","2026-10-07 05:09:07.263","13894783325","160427053","[PREMIUM]","[PREMIUM]","121","5","6_7","6","7",2,"[2]",594,"Lower",10,"Mobile Transfer ticket",1,"[PREMIUM]","[PREMIUM]","[PREMIUM]","[PREMIUM]",true,false,"['Clear view']","2026-09-01 21:14:33"
"14120371206","2026-09-24 23:10:51.965","2026-10-07 05:08:59.897","14120371206","160427053","[PREMIUM]","[PREMIUM]","202","4","_",,,2,"[2]",7046,"Terrace Sideline",10,"Mobile Transfer ticket",1,"[PREMIUM]","[PREMIUM]","[PREMIUM]","[PREMIUM]",true,false,"['Clear view']","2026-09-21 00:01:40"
"14141311938","2026-09-24 23:10:51.965","2026-09-27 05:08:53.781","14141311938","160427053","[PREMIUM]","[PREMIUM]","121","19","_",,,3,"[1,3]",594,"Lower",10,"Mobile Transfer ticket",1,"[PREMIUM]","[PREMIUM]","[PREMIUM]","[PREMIUM]",true,false,"['Clear view']","2026-09-22 16:43:57"
"14180261521","2026-09-24 23:10:51.965","2026-09-24 23:10:51.965","14180261521","160427053","[PREMIUM]","[PREMIUM]","222","3","_",,,5,"[1,2,3,5]",7046,"Terrace Sideline",10,"Mobile Transfer ticket",1,"[PREMIUM]","[PREMIUM]","[PREMIUM]","[PREMIUM]",true,false,"['Third Row of Section','Clear view']","2026-09-24 23:05:30"
"14123920059","2026-09-24 23:10:51.809","2026-09-27 23:04:37.225","14123920059","160427053","[PREMIUM]","[PREMIUM]","305","7","_",,,2,"[2]",1724,"Club",10,"Mobile Transfer ticket",1,"[PREMIUM]","[PREMIUM]","[PREMIUM]","[PREMIUM]",true,false,"['Clear view']","2026-09-21 09:17:26"
"14131460941","2026-09-24 23:10:51.809","2026-10-07 05:08:59.897","14131460941","160427053","[PREMIUM]","[PREMIUM]","320","7","_",,,2,"[2]",1724,"Club",10,"Mobile Transfer ticket",1,"[PREMIUM]","[PREMIUM]","[PREMIUM]","[PREMIUM]",true,false,"['Clear view']","2026-09-22 00:22:28"
"14177614154","2026-09-24 23:10:51.809","2026-09-24 23:10:51.809","14177614154","160427053","[PREMIUM]","[PREMIUM]","133","2","_",,,1,"[1]",594,"Lower",10,"Mobile Transfer ticket",1,"[PREMIUM]","[PREMIUM]","[PREMIUM]","[PREMIUM]",false,false,"['Second Row of Section','Clear view']","2026-09-24 20:04:11"
"14063004876","2026-09-24 23:10:51.769","2026-10-07 05:09:04.971","14063004876","160427053","[PREMIUM]","[PREMIUM]","101","6","14_15","14","15",2,"[2]",594,"Lower",10,"Mobile Transfer ticket",1,"[PREMIUM]","[PREMIUM]","[PREMIUM]","[PREMIUM]",true,false,"['Clear view']","2026-09-16 15:18:29"
"14129617832","2026-09-24 23:10:51.769","2026-09-27 05:08:53.881","14129617832","160427053","[PREMIUM]","[PREMIUM]","131","2","_",,,2,"[2]",594,"Lower",10,"Mobile Transfer ticket",1,"[PREMIUM]","[PREMIUM]","[PREMIUM]","[PREMIUM]",true,false,"['Second Row of Section','Clear view']","2026-09-21 21:43:39"
"14178509997","2026-09-24 23:10:51.769","2026-09-24 23:10:51.769","14178509997","160427053","[PREMIUM]","[PREMIUM]","206","3","_",,,2,"[2]",3831,"Terrace Corner",10,"Mobile Transfer ticket",1,"[PREMIUM]","[PREMIUM]","[PREMIUM]","[PREMIUM]",true,false,"['Third Row of Section','Clear view']","2026-09-24 21:12:53"
"13784897105","2026-09-24 23:10:51.660","2026-10-01 05:08:35.694","13784897105","160427053","[PREMIUM]","[PREMIUM]","108","18","9001_9002","9001","9002",2,"[2]",594,"Lower",10,"Mobile Transfer ticket",1,"[PREMIUM]","[PREMIUM]","[PREMIUM]","[PREMIUM]",true,false,"['Third Row of Section','Clear view']","2026-08-23 20:37:57"
"14150927475","2026-09-24 23:10:51.660","2026-09-30 05:08:48.823","14150927475","160427053","[PREMIUM]","[PREMIUM]","328","1","_",,,2,"[2]",1724,"Club",10,"Mobile Transfer ticket",1,"[PREMIUM]","[PREMIUM]","[PREMIUM]","[PREMIUM]",true,false,"['Front Row of Section','Clear view']","2026-09-23 05:02:23"
"14141311977","2026-09-24 23:10:51.646","2026-09-26 05:08:39.014","14141311977","160427053","[PREMIUM]","[PREMIUM]","121","24","_",,,4,"[2,4]",594,"Lower",10,"Mobile Transfer ticket",1,"[PREMIUM]","[PREMIUM]","[PREMIUM]","[PREMIUM]",true,false,"['Clear view']","2026-09-22 16:43:57"
"14141312988","2026-09-24 23:10:51.494","2026-09-27 05:08:58.247","14141312988","160427053","[PREMIUM]","[PREMIUM]","123","24","_",,,8,"[1,2,3,4,5,6,8]",594,"Lower",10,"Mobile Transfer ticket",1,"[PREMIUM]","[PREMIUM]","[PREMIUM]","[PREMIUM]",true,false,"['Clear view']","2026-09-22 16:43:59"
"13625129119","2026-09-24 23:10:51.449","2026-09-29 05:08:45.946","13625129119","160427053","[PREMIUM]","[PREMIUM]","122","2","_",,,3,"[1,3]",594,"Lower",10,"Mobile Transfer ticket",1,"[PREMIUM]","[PREMIUM]","[PREMIUM]","[PREMIUM]",true,false,"['Second Row of Section','Clear view']","2026-08-10 06:21:22"
"14139868124","2026-09-24 23:10:51.449","2026-09-24 23:10:57.085","14139868124","160427053","[PREMIUM]","[PREMIUM]","313","6","9001_9001","9001","9001",1,"[1]",1724,"Club",10,"Mobile Transfer ticket",1,"[PREMIUM]","[PREMIUM]","[PREMIUM]","[PREMIUM]",false,false,"['Clear view']","2026-09-22 14:47:19"
"14156356020","2026-09-24 23:10:51.449","2026-09-24 23:10:57.085","14156356020","160427053","[PREMIUM]","[PREMIUM]","330","3","9001_9001","9001","9001",1,"[1]",1724,"Club",10,"Mobile Transfer ticket",1,"[PREMIUM]","[PREMIUM]","[PREMIUM]","[PREMIUM]",false,false,"['Third Row of Section','Clear view']","2026-09-23 15:15:01"
"14165557818","2026-09-24 23:10:51.314","2026-09-24 23:10:52.303","14165557818","160426306","[PREMIUM]","[PREMIUM]","127","29","9001_9002","9001",,2,"[2]",594,"Lower",10,"Mobile Transfer ticket",13,"[PREMIUM]","[PREMIUM]","[PREMIUM]","[PREMIUM]",true,false,"['Clear view']","2026-09-24 05:03:15"
"14167135938","2026-09-24 23:10:51.314","2026-09-24 23:10:52.604","14167135938","160426306","[PREMIUM]","[PREMIUM]","232","2","9001_9002","9001",,2,"[2]",407,"Upper",10,"Mobile Transfer ticket",13,"[PREMIUM]","[PREMIUM]","[PREMIUM]","[PREMIUM]",true,false,"['Second Row of Section','Clear view']","2026-09-24 07:07:01"
"14168502931","2026-09-24 23:10:51.314","2026-09-24 23:10:52.303","14168502931","160426306","[PREMIUM]","[PREMIUM]","M10","15","9001_9002","9001",,2,"[2]",1774,"Mezzanine Level",10,"Mobile Transfer ticket",13,"[PREMIUM]","[PREMIUM]","[PREMIUM]","[PREMIUM]",true,false,"['Third Row of Section','Clear view']","2026-09-24 09:31:29"
"14170200045","2026-09-24 23:10:51.166","2026-09-27 05:02:23.618","14170200045","160427235","[PREMIUM]","[PREMIUM]","221A","1","9_10","9","10",2,"[2]",471,"Middle",10,"Mobile Transfer ticket",1,"[PREMIUM]","[PREMIUM]","[PREMIUM]","[PREMIUM]",true,false,"['Front Row of Section','Clear view']","2026-09-24 12:41:25"
"14177236718","2026-09-24 23:10:51.166","2026-09-25 12:01:56.722","14177236718","160427235","[PREMIUM]","[PREMIUM]","131","5","_",,,2,"[2]",594,"Lower",10,"Mobile Transfer ticket",1,"[PREMIUM]","[PREMIUM]","[PREMIUM]","[PREMIUM]",true,false,"['Third Row of Section','Clear view']","2026-09-24 19:40:25"
"14039924500","2026-09-24 23:10:50.867","2026-09-30 22:10:04.878","14039924500","160426306","[PREMIUM]","[PREMIUM]","131","23","13_14","13",,2,"[2]",594,"Lower",10,"Mobile Transfer ticket",1,"[PREMIUM]","[PREMIUM]","[PREMIUM]","[PREMIUM]",true,false,"['Clear view']","2026-09-14 15:37:34"
"14180190228","2026-09-24 23:10:50.867","2026-09-24 23:10:50.867","14180190228","160426306","[PREMIUM]","[PREMIUM]","110","35","13_14","13","14",2,"[2]",594,"Lower",10,"Mobile Transfer ticket",1,"[PREMIUM]","[PREMIUM]","[PREMIUM]","[PREMIUM]",true,false,"['Clear view']","2026-09-24 23:01:59"
"14168332653","2026-09-24 23:10:50.865","2026-09-24 23:10:50.865","14168332653","160426306","[PREMIUM]","[PREMIUM]","205","4","9001_9002","9001",,2,"[2]",407,"Upper",10,"Mobile Transfer ticket",13,"[PREMIUM]","[PREMIUM]","[PREMIUM]","[PREMIUM]",true,false,"['Clear view']","2026-09-24 09:05:11"
"14168369668","2026-09-24 23:10:50.865","2026-09-24 23:10:50.865","14168369668","160426306","[PREMIUM]","[PREMIUM]","229","2","9001_9002","9001",,2,"[2]",407,"Upper",10,"Mobile Transfer ticket",13,"[PREMIUM]","[PREMIUM]","[PREMIUM]","[PREMIUM]",true,false,"['Second Row of Section','Clear view']","2026-09-24 09:10:36"
"14177850930","2026-09-24 23:10:50.865","2026-10-06 22:12:35.337","14177850930","160426306","[PREMIUM]","[PREMIUM]","M11","17","20_21","20",,2,"[2]",1774,"Mezzanine Level",10,"Mobile Transfer ticket",1,"[PREMIUM]","[PREMIUM]","[PREMIUM]","[PREMIUM]",true,false,"['Clear view']","2026-09-24 20:27:56"
"14173676560","2026-09-24 23:10:50.844","2026-10-03 22:09:43.222","14173676560","160426306","[PREMIUM]","[PREMIUM]","108","35","8_9","8",,2,"[2]",594,"Lower",10,"Mobile Transfer ticket",1,"[PREMIUM]","[PREMIUM]","[PREMIUM]","[PREMIUM]",true,false,"['Clear view']","2026-09-24 15:40:52"
"14178554767","2026-09-24 23:10:50.753","2026-09-24 23:10:50.753","14178554767","160427047","[PREMIUM]","[PREMIUM]","428","5","_",,,2,"[2]",2442,"Upper Sideline",10,"Mobile Transfer ticket",1,"[PREMIUM]","[PREMIUM]","[PREMIUM]","[PREMIUM]",true,false,"['Side view (printed on ticket)']","2026-09-24 21:15:09"
"13796372666","2026-09-24 23:10:50.752","2026-09-27 23:04:21.105","13796372666","160427047","[PREMIUM]","[PREMIUM]","221","12","_",,,2,"[2]",7046,"Terrace Sideline",10,"Mobile Transfer ticket",14,"[PREMIUM]","[PREMIUM]","[PREMIUM]","[PREMIUM]",true,false,"['Limited or Obstructed View (printed on ticket)']","2026-08-24 22:13:00"
"14172076947","2026-09-24 23:10:50.752","2026-09-24 23:10:50.752","14172076947","160427047","[PREMIUM]","[PREMIUM]","123","14","_",,,1,"[1]",594,"Lower",10,"Mobile Transfer ticket",1,"[PREMIUM]","[PREMIUM]","[PREMIUM]","[PREMIUM]",false,false,"['Clear view']","2026-09-24 14:20:22"
"14176545887","2026-09-24 23:10:50.752","2026-09-24 23:10:50.752","14176545887","160427047","[PREMIUM]","[PREMIUM]","229","3","_",,,2,"[2]",3831,"Terrace Corner",10,"Mobile Transfer ticket",1,"[PREMIUM]","[PREMIUM]","[PREMIUM]","[PREMIUM]",true,false,"['Third Row of Section','Clear view']","2026-09-24 18:47:54"
"14172076870","2026-09-24 23:10:50.567","2026-09-24 23:10:50.567","14172076870","160427047","[PREMIUM]","[PREMIUM]","339","3","_",,,2,"[2]",1724,"Club",10,"Mobile Transfer ticket",1,"[PREMIUM]","[PREMIUM]","[PREMIUM]","[PREMIUM]",true,false,"['Third Row of Section','Clear view']","2026-09-24 14:20:22"
"14172432691","2026-09-24 23:10:50.493","2026-09-24 23:10:50.493","14172432691","160427047","[PREMIUM]","[PREMIUM]","105","8","_",,,2,"[2]",594,"Lower",10,"Mobile Transfer ticket",1,"[PREMIUM]","[PREMIUM]","[PREMIUM]","[PREMIUM]",true,false,"['Clear view']","2026-09-24 14:40:09"
"14178093214","2026-09-24 23:10:50.278","2026-09-24 23:10:50.278","14178093214","160427047","[PREMIUM]","[PREMIUM]","335","5","_",,,1,"[1]",1724,"Club",10,"Mobile Transfer ticket",1,"[PREMIUM]","[PREMIUM]","[PREMIUM]","[PREMIUM]",false,false,"['Clear view']","2026-09-24 20:45:43"
"14178555574","2026-09-24 23:10:50.278","2026-09-24 23:10:50.278","14178555574","160427047","[PREMIUM]","[PREMIUM]","307","4","_",,,2,"[2]",1724,"Club",10,"Mobile Transfer ticket",1,"[PREMIUM]","[PREMIUM]","[PREMIUM]","[PREMIUM]",true,false,"['Clear view']","2026-09-24 21:15:11"
"14179141037","2026-09-24 23:10:50.278","2026-09-24 23:10:50.278","14179141037","160427047","[PREMIUM]","[PREMIUM]","315","1","_",,,2,"[2]",1724,"Club",10,"Mobile Transfer ticket",1,"[PREMIUM]","[PREMIUM]","[PREMIUM]","[PREMIUM]",true,false,"['Front Row of Section','Clear view']","2026-09-24 21:56:27"
"14175645520","2026-09-24 23:10:49.955","2026-10-01 05:03:36.344","14175645520","160427232","[PREMIUM]","[PREMIUM]","333","8","_",,,4,"[4]",407,"Upper",10,"Mobile Transfer ticket",1,"[PREMIUM]","[PREMIUM]","[PREMIUM]","[PREMIUM]",true,false,"['Clear view']","2026-09-24 17:42:04"
"14179794939","2026-09-24 23:10:49.705","2026-10-07 05:03:06.416","14179794939","160427232","[PREMIUM]","[PREMIUM]","342","20","5_6","5",,2,"[2]",407,"Upper",10,"Mobile Transfer ticket",14,"[PREMIUM]","[PREMIUM]","[PREMIUM]","[PREMIUM]",true,false,"['Clear view']","2026-09-24 22:34:18"
"14044810755","2026-09-24 23:10:48.392","2026-09-28 22:11:05.300","14044810755","160426306","[PREMIUM]","[PREMIUM]","131","28","_",,,2,"[2]",594,"Lower",10,"Mobile Transfer ticket",1,"[PREMIUM]","[PREMIUM]","[PREMIUM]","[PREMIUM]",true,false,"['Clear view']","2026-09-15 01:18:08"
"14175703707","2026-09-24 23:10:48.392","2026-09-27 23:04:33.825","14175703707","160426306","[PREMIUM]","[PREMIUM]","132","17","3_4","3","4",2,"[2]",594,"Lower",10,"Mobile Transfer ticket",1,"[PREMIUM]","[PREMIUM]","[PREMIUM]","[PREMIUM]",true,false,"['Clear view']","2026-09-24 17:47:07"
"14178555532","2026-09-24 23:10:48.154","2026-09-24 23:10:48.154","14178555532","160427047","[PREMIUM]","[PREMIUM]","315","4","_",,,2,"[2]",1724,"Club",10,"Mobile Transfer ticket",1,"[PREMIUM]","[PREMIUM]","[PREMIUM]","[PREMIUM]",true,false,"['Clear view']","2026-09-24 21:15:11"
"14172956308","2026-09-24 23:10:48.136","2026-09-24 23:10:48.136","14172956308","160427047","[PREMIUM]","[PREMIUM]","322","16","_",,,2,"[2]",1724,"Club",10,"Mobile Transfer ticket",14,"[PREMIUM]","[PREMIUM]","[PREMIUM]","[PREMIUM]",true,false,"['Includes club access','Clear view']","2026-09-24 15:07:23"
"14172432680","2026-09-24 23:10:48.129","2026-09-24 23:10:48.129","14172432680","160427047","[PREMIUM]","[PREMIUM]","234","2","_",,,1,"[1]",3831,"Terrace Corner",10,"Mobile Transfer ticket",1,"[PREMIUM]","[PREMIUM]","[PREMIUM]","[PREMIUM]",false,false,"['Limited or Obstructed View (printed on ticket)','Second Row of Section']","2026-09-24 14:40:09"
"14179515440","2026-09-24 23:10:48.069","2026-09-24 23:10:48.069","14179515440","160427047","[PREMIUM]","[PREMIUM]","223","17","1_2","1","2",2,"[2]",7046,"Terrace Sideline",10,"Mobile Transfer ticket",1,"[PREMIUM]","[PREMIUM]","[PREMIUM]","[PREMIUM]",true,false,"['Limited or Obstructed View (printed on ticket)']","2026-09-24 22:17:09"
"14178066651","2026-09-24 23:10:47.739","2026-10-07 22:11:52.900","14178066651","160426306","[PREMIUM]","[PREMIUM]","243","16","16_17","16","17",2,"[2]",407,"Upper",10,"Mobile Transfer ticket",1,"[PREMIUM]","[PREMIUM]","[PREMIUM]","[PREMIUM]",true,false,"['Clear view']","2026-09-24 20:44:09"
"14157415935","2026-09-24 23:10:47.464","2026-09-26 05:02:14.936","14157415935","160427235","[PREMIUM]","[PREMIUM]","137","19","23_25","23","25",3,"[3]",594,"Lower",11,"Mobile ticket",1,"[PREMIUM]","[PREMIUM]","[PREMIUM]","[PREMIUM]",true,false,"['Clear view','Instant download']","2026-09-23 16:42:56"
"14173183819","2026-09-24 23:10:47.464","2026-09-27 05:02:11.339","14173183819","160427235","[PREMIUM]","[PREMIUM]","135","8","9_8","9",,2,"[2]",594,"Lower",11,"Mobile ticket",1,"[PREMIUM]","[PREMIUM]","[PREMIUM]","[PREMIUM]",true,false,"['Clear view','Instant download']","2026-09-24 15:17:14"
"14173378947","2026-09-24 23:10:47.464","2026-09-24 23:10:47.464","14173378947","160427235","[PREMIUM]","[PREMIUM]","149","8","_",,,2,"[2]",594,"Lower",10,"Mobile Transfer ticket",1,"[PREMIUM]","[PREMIUM]","[PREMIUM]","[PREMIUM]",true,false,"['Clear view']","2026-09-24 15:26:26"
"14119822734","2026-09-24 23:10:47.356","2026-09-27 05:08:54.097","14119822734","160427053","[PREMIUM]","[PREMIUM]","301","18","_",,,2,"[2]",1724,"Club",10,"Mobile Transfer ticket",1,"[PREMIUM]","[PREMIUM]","[PREMIUM]","[PREMIUM]",true,false,"['Clear view']","2026-09-20 23:01:24"
"14121100667","2026-09-24 23:10:47.356","2026-09-29 05:08:33.656","14121100667","160427053","[PREMIUM]","[PREMIUM]","317","8","_",,,2,"[2]",1724,"Club",10,"Mobile Transfer ticket",1,"[PREMIUM]","[PREMIUM]","[PREMIUM]","[PREMIUM]",true,false,"['Clear view']","2026-09-21 01:47:10"
"14170181092","2026-09-24 23:10:47.201","2026-09-24 23:10:47.201","14170181092","160426306","[PREMIUM]","[PREMIUM]","234","7","9001_9002","9001",,2,"[2]",407,"Upper",10,"Mobile Transfer ticket",13,"[PREMIUM]","[PREMIUM]","[PREMIUM]","[PREMIUM]",true,false,"['Clear view']","2026-09-24 12:39:17"
"14173548039","2026-09-24 23:10:47.201","2026-09-29 22:08:33.856","14173548039","160426306","[PREMIUM]","[PREMIUM]","110","37","25_25","25",,1,"[1]",594,"Lower",10,"Mobile Transfer ticket",1,"[PREMIUM]","[PREMIUM]","[PREMIUM]","[PREMIUM]",false,false,"['Clear view']","2026-09-24 15:34:54"
"14168208128","2026-09-24 23:10:47.097","2026-09-24 23:10:47.097","14168208128","160426306","[PREMIUM]","[PREMIUM]","214","8","9001_9002","9001",,2,"[2]",407,"Upper",10,"Mobile Transfer ticket",13,"[PREMIUM]","[PREMIUM]","[PREMIUM]","[PREMIUM]",true,false,"['Clear view']","2026-09-24 08:46:29"
"14169099528","2026-09-24 23:10:47.097","2026-09-24 23:10:47.097","14169099528","160426306","[PREMIUM]","[PREMIUM]","236","10","9001_9002","9001",,2,"[2]",407,"Upper",10,"Mobile Transfer ticket",13,"[PREMIUM]","[PREMIUM]","[PREMIUM]","[PREMIUM]",true,false,"['Clear view']","2026-09-24 10:42:05"
"14170155360","2026-09-24 23:10:47.086","2026-09-24 23:10:47.086","14170155360","160426306","[PREMIUM]","[PREMIUM]","234","10","9001_9002","9001",,2,"[2]",407,"Upper",10,"Mobile Transfer ticket",13,"[PREMIUM]","[PREMIUM]","[PREMIUM]","[PREMIUM]",true,false,"['Clear view']","2026-09-24 12:35:36"
"13675404498","2026-09-24 23:10:46.890","2026-09-28 22:11:05.557","13675404498","160426306","[PREMIUM]","[PREMIUM]","243","23","20_22","20","22",3,"[1,3]",407,"Upper",10,"Mobile Transfer ticket",1,"[PREMIUM]","[PREMIUM]","[PREMIUM]","[PREMIUM]",true,false,"['Clear view']","2026-08-14 17:13:43"
"13605004164","2026-09-24 23:10:46.884","2026-10-07 22:11:52.578","13605004164","160426306","[PREMIUM]","[PREMIUM]","222","16","9_14","9",,6,"[1,2,3,4,6]",407,"Upper",10,"Mobile Transfer ticket",1,"[PREMIUM]","[PREMIUM]","[PREMIUM]","[PREMIUM]",true,false,"['Clear view']","2026-08-07 17:39:19"
"14118190948","2026-09-24 23:10:46.764","2026-10-07 22:11:53.141","14118190948","160426306","[PREMIUM]","[PREMIUM]","243","22","3_4","3","4",2,"[2]",407,"Upper",10,"Mobile Transfer ticket",1,"[PREMIUM]","[PREMIUM]","[PREMIUM]","[PREMIUM]",true,false,"['Clear view']","2026-09-20 19:43:55"
"14166836552","2026-09-24 23:10:46.764","2026-09-24 23:10:46.764","14166836552","160426306","[PREMIUM]","[PREMIUM]","206","19","9001_9002","9001",,2,"[2]",407,"Upper",10,"Mobile Transfer ticket",13,"[PREMIUM]","[PREMIUM]","[PREMIUM]","[PREMIUM]",true,false,"['Clear view']","2026-09-24 06:39:53"
"14168337754","2026-09-24 23:10:46.764","2026-09-24 23:10:46.764","14168337754","160426306","[PREMIUM]","[PREMIUM]","206","17","9001_9001","9001",,1,"[1]",407,"Upper",10,"Mobile Transfer ticket",13,"[PREMIUM]","[PREMIUM]","[PREMIUM]","[PREMIUM]",false,false,"['Clear view']","2026-09-24 09:05:44"
"14174059584","2026-09-24 23:10:46.764","2026-09-24 23:10:46.764","14174059584","160426306","[PREMIUM]","[PREMIUM]","236","15","9001_9002","9001",,2,"[2]",407,"Upper",10,"Mobile Transfer ticket",13,"[PREMIUM]","[PREMIUM]","[PREMIUM]","[PREMIUM]",true,false,"['Clear view']","2026-09-24 15:59:54"
"14175963566","2026-09-24 23:10:46.764","2026-09-26 23:10:50.208","14175963566","160426306","[PREMIUM]","[PREMIUM]","201","26","_",,,1,"[1]",407,"Upper",10,"Mobile Transfer ticket",1,"[PREMIUM]","[PREMIUM]","[PREMIUM]","[PREMIUM]",false,false,"['Clear view']","2026-09-24 18:06:44"
"14174758998","2026-09-24 23:10:46.578","2026-09-25 23:38:32.880","14174758998","160427047","[PREMIUM]","[PREMIUM]","205","1","11_12","11","12",2,"[2]",3831,"Terrace Corner",11,"Mobile ticket",1,"[PREMIUM]","[PREMIUM]","[PREMIUM]","[PREMIUM]",true,false,"['Actual 1st row of the section','Clear view','Instant download']","2026-09-24 16:42:43"
"14175898238","2026-09-24 23:10:46.578","2026-09-24 23:10:46.578","14175898238","160427047","[PREMIUM]","[PREMIUM]","453","6","_",,,2,"[2]",2442,"Upper Sideline",10,"Mobile Transfer ticket",1,"[PREMIUM]","[PREMIUM]","[PREMIUM]","[PREMIUM]",true,false,"['Clear view']","2026-09-24 18:02:42"
"14177855457","2026-09-24 23:10:46.578","2026-09-24 23:10:46.578","14177855457","160427047","[PREMIUM]","[PREMIUM]","222","15","14_16","14","16",3,"[1,3]",7046,"Terrace Sideline",10,"Mobile Transfer ticket",1,"[PREMIUM]","[PREMIUM]","[PREMIUM]","[PREMIUM]",true,false,"['Limited or Obstructed View (printed on ticket)']","2026-09-24 20:28:23"
"14168976265","2026-09-24 23:10:46.435","2026-09-26 23:10:22.263","14168976265","160427047","[PREMIUM]","[PREMIUM]","451","1","99_100","99","100",2,"[2]",2442,"Upper Sideline",10,"Mobile Transfer ticket",1,"[PREMIUM]","[PREMIUM]","[PREMIUM]","[PREMIUM]",true,false,"['Front Row of Section','Clear view']","2026-09-24 10:28:06"
"14172974529","2026-09-24 23:10:46.422","2026-09-24 23:10:46.422","14172974529","160427047","[PREMIUM]","[PREMIUM]","118","18","_",,,2,"[2]",594,"Lower",10,"Mobile Transfer ticket",1,"[PREMIUM]","[PREMIUM]","[PREMIUM]","[PREMIUM]",true,false,"['Clear view']","2026-09-24 15:08:26"
"14176231297","2026-09-24 23:10:46.422","2026-09-24 23:10:46.422","14176231297","160427047","[PREMIUM]","[PREMIUM]","222","16","13_17","13","17",5,"[1,2,3,5]",7046,"Terrace Sideline",10,"Mobile Transfer ticket",1,"[PREMIUM]","[PREMIUM]","[PREMIUM]","[PREMIUM]",true,false,"['Limited or Obstructed View (printed on ticket)']","2026-09-24 18:21:32"
"14177836894","2026-09-24 23:10:46.414","2026-10-06 22:12:33.608","14177836894","160426306","[PREMIUM]","[PREMIUM]","222","25","11_12","11",,2,"[2]",407,"Upper",10,"Mobile Transfer ticket",1,"[PREMIUM]","[PREMIUM]","[PREMIUM]","[PREMIUM]",true,false,"['Clear view']","2026-09-24 20:25:38"
"14172956307","2026-09-24 23:10:46.251","2026-09-24 23:10:46.251","14172956307","160427047","[PREMIUM]","[PREMIUM]","117","12","_",,,3,"[1,3]",594,"Lower",10,"Mobile Transfer ticket",14,"[PREMIUM]","[PREMIUM]","[PREMIUM]","[PREMIUM]",true,false,"['Clear view']","2026-09-24 15:07:23"
