"_primaryKey","_firstSeenAt","_lastSeenAt","listingId","eventId","price","faceValue","section","row","seat","seatFrom","seatTo","quantity","availableQuantities","ticketClass","ticketClassName","ticketTypeId","ticketTypeName","listingTypeId","starRating","dealScore","discount","seatQualityScore","isSeatedTogether","isSpeculativeRow","listingNotes","createdAt"
"13394555651","2026-07-20 23:59:57.858","2026-08-03 22:34:57.076","13394555651","159263744","[PREMIUM]","[PREMIUM]","115","B","_",,,2,"[2]",3359,"Dugout Box",20,"Mobile ticket",1,"[PREMIUM]","[PREMIUM]","[PREMIUM]","[PREMIUM]",true,false,"['Actual 2nd row of section','Clear view']","2026-07-19 03:44:24"
"13403831221","2026-07-20 23:59:57.510","2026-07-20 23:59:57.510","13403831221","159263744","[PREMIUM]","[PREMIUM]","218","A","_",,,4,"[1,2,3,4]",17157,"FIS Champions Club",20,"Mobile ticket",13,"[PREMIUM]","[PREMIUM]","[PREMIUM]","[PREMIUM]",true,false,"['Limited or Obstructed View (printed on ticket)','Front Row of Section']","2026-07-20 10:41:31"
"13411428480","2026-07-20 23:59:57.510","2026-07-20 23:59:57.510","13411428480","159263744","[PREMIUM]","[PREMIUM]","118","CC","_",,,1,"[1]",2498,"Infield Box",20,"Mobile ticket",13,"[PREMIUM]","[PREMIUM]","[PREMIUM]","[PREMIUM]",false,false,"['Limited or Obstructed View (printed on ticket)']","2026-07-20 21:38:26"
"13411375489","2026-07-20 23:59:57.510","2026-07-20 23:59:57.510","13411375489","159263744","[PREMIUM]","[PREMIUM]","116","AA","_",,,3,"[1,3]",2498,"Infield Box",20,"Mobile ticket",13,"[PREMIUM]","[PREMIUM]","[PREMIUM]","[PREMIUM]",true,false,"['Limited or Obstructed View (printed on ticket)']","2026-07-20 21:33:23"
"13399768775","2026-07-20 23:59:56.443","2026-08-03 22:34:55.470","13399768775","159263744","[PREMIUM]","[PREMIUM]","HP120","L","6_10","6","10",5,"[1,3,5]",17247,"Home Plate Infield Box",20,"Mobile ticket",1,"[PREMIUM]","[PREMIUM]","[PREMIUM]","[PREMIUM]",true,false,"['Second Row of Section','Clear view']","2026-07-19 20:30:32"
"13401639524","2026-07-20 23:59:56.282","2026-07-20 23:59:56.282","13401639524","159263744","[PREMIUM]","[PREMIUM]","130","G","9001_9004","9001","9004",4,"[4]",3359,"Dugout Box",20,"Mobile ticket",13,"[PREMIUM]","[PREMIUM]","[PREMIUM]","[PREMIUM]",true,false,"['Clear view']","2026-07-20 02:58:42"
"13403802775","2026-07-20 23:59:55.562","2026-07-22 00:28:07.018","13403802775","159263744","[PREMIUM]","[PREMIUM]","106","A","_",,,4,"[2,4]",3704,"Outfield Reserved",20,"Mobile ticket",13,"[PREMIUM]","[PREMIUM]","[PREMIUM]","[PREMIUM]",true,false,"['Limited or Obstructed View (printed on ticket)','Front Row of Section']","2026-07-20 10:39:49"
"13400765077","2026-07-20 23:59:55.399","2026-08-01 22:28:33.229","13400765077","159263744","[PREMIUM]","[PREMIUM]","112","A","99_99","99","99",1,"[1]",2495,"Baseline Box",20,"Mobile ticket",1,"[PREMIUM]","[PREMIUM]","[PREMIUM]","[PREMIUM]",false,false,"['Front Row of Section','Clear view']","2026-07-19 23:37:02"
"13401528213","2026-07-20 23:59:54.263","2026-08-03 22:34:42.076","13401528213","159263744","[PREMIUM]","[PREMIUM]","135","H","5_8","5","8",4,"[2,4]",4615,"Corner",20,"Mobile ticket",1,"[PREMIUM]","[PREMIUM]","[PREMIUM]","[PREMIUM]",true,false,"['Clear view']","2026-07-20 02:38:05"
"13397504841","2026-07-20 23:59:46.274","2026-07-20 23:59:46.274","13397504841","159257443","[PREMIUM]","[PREMIUM]","122","9","9001_9003","9001","9003",3,"[1,3]",1754,"Field MVP",20,"Mobile ticket",13,"[PREMIUM]","[PREMIUM]","[PREMIUM]","[PREMIUM]",true,false,"['Clear view']","2026-07-19 13:54:16"
"13397372466","2026-07-20 23:59:46.274","2026-07-22 00:23:21.503","13397372466","159257443","[PREMIUM]","[PREMIUM]","122","10","9001_9004","9001","9004",4,"[1,2]",1754,"Field MVP",20,"Mobile ticket",13,"[PREMIUM]","[PREMIUM]","[PREMIUM]","[PREMIUM]",true,false,"['Clear view']","2026-07-19 13:43:03"
"13397713727","2026-07-20 23:59:46.274","2026-07-22 00:23:21.503","13397713727","159257443","[PREMIUM]","[PREMIUM]","123","8","9001_9005","9001","9005",5,"[1,2,3,5]",1754,"Field MVP",20,"Mobile ticket",13,"[PREMIUM]","[PREMIUM]","[PREMIUM]","[PREMIUM]",true,false,"['Clear view']","2026-07-19 14:12:38"
"13397664617","2026-07-20 23:59:46.274","2026-07-22 00:23:21.503","13397664617","159257443","[PREMIUM]","[PREMIUM]","123","6","9001_9002","9001","9002",2,"[2]",1754,"Field MVP",20,"Mobile ticket",13,"[PREMIUM]","[PREMIUM]","[PREMIUM]","[PREMIUM]",true,false,"['Clear view']","2026-07-19 14:07:09"
"13397741528","2026-07-20 23:59:46.274","2026-07-25 05:19:27.414","13397741528","159257443","[PREMIUM]","[PREMIUM]","123","7","9001_9005","9001","9005",5,"[1,2]",1754,"Field MVP",20,"Mobile ticket",13,"[PREMIUM]","[PREMIUM]","[PREMIUM]","[PREMIUM]",true,false,"['Clear view']","2026-07-19 14:15:30"
"13397704759","2026-07-20 23:59:45.688","2026-07-22 00:23:21.403","13397704759","159257443","[PREMIUM]","[PREMIUM]","123","14","9001_9004","9001","9004",4,"[1,2,4]",1754,"Field MVP",20,"Mobile ticket",13,"[PREMIUM]","[PREMIUM]","[PREMIUM]","[PREMIUM]",true,false,"['Clear view']","2026-07-19 14:12:04"
"13397701226","2026-07-20 23:59:45.370","2026-07-22 00:23:21.403","13397701226","159257443","[PREMIUM]","[PREMIUM]","123","15","9001_9002","9001","9002",2,"[2]",1754,"Field MVP",20,"Mobile ticket",13,"[PREMIUM]","[PREMIUM]","[PREMIUM]","[PREMIUM]",true,false,"['Clear view']","2026-07-19 14:11:36"
"13397700204","2026-07-20 23:59:45.370","2026-07-22 00:23:21.403","13397700204","159257443","[PREMIUM]","[PREMIUM]","123","12","9001_9002","9001","9002",2,"[2]",1754,"Field MVP",20,"Mobile ticket",13,"[PREMIUM]","[PREMIUM]","[PREMIUM]","[PREMIUM]",true,false,"['Clear view']","2026-07-19 14:11:29"
"13408693357","2026-07-20 23:59:45.370","2026-08-04 05:07:49.750","13408693357","159257443","[PREMIUM]","[PREMIUM]","120B","1","5_7","5","7",3,"[1,3]",1754,"Field MVP",20,"Mobile ticket",1,"[PREMIUM]","[PREMIUM]","[PREMIUM]","[PREMIUM]",true,false,"['Front Row of Section','Clear view']","2026-07-20 17:26:24"
"13394435905","2026-07-20 23:59:45.274","2026-07-22 00:23:21.922","13394435905","159257443","[PREMIUM]","[PREMIUM]","26","5","5_6","5","6",2,"[2]",1750,"Legends Suite",20,"Mobile ticket",1,"[PREMIUM]","[PREMIUM]","[PREMIUM]","[PREMIUM]",true,false,"['Legends Suite','In-Seat Wait Service','All You Care To Enjoy (food and soft drinks)','Clear view']","2026-07-19 03:13:24"
"13397498300","2026-07-20 23:59:45.274","2026-07-22 00:23:21.922","13397498300","159257443","[PREMIUM]","[PREMIUM]","123","9","9001_9003","9001","9003",3,"[1,3]",1754,"Field MVP",20,"Mobile ticket",13,"[PREMIUM]","[PREMIUM]","[PREMIUM]","[PREMIUM]",true,false,"['Clear view']","2026-07-19 13:53:44"
"13397705231","2026-07-20 23:59:45.274","2026-07-22 00:23:21.503","13397705231","159257443","[PREMIUM]","[PREMIUM]","123","10","9001_9003","9001","9003",3,"[1,3]",1754,"Field MVP",20,"Mobile ticket",13,"[PREMIUM]","[PREMIUM]","[PREMIUM]","[PREMIUM]",true,false,"['Clear view']","2026-07-19 14:12:06"
"13409863625","2026-07-20 23:59:45.144","2026-07-23 22:37:18.064","13409863625","159257443","[PREMIUM]","[PREMIUM]","115","4","1_4","1","4",4,"[1,2,4]",1754,"Field MVP",20,"Mobile ticket",1,"[PREMIUM]","[PREMIUM]","[PREMIUM]","[PREMIUM]",true,false,"['In-Seat Wait Service','Padded Seats','Ford Field MVP Club Access','Clear view']","2026-07-20 19:27:22"
"12303851017","2026-07-20 23:59:45.059","2026-08-03 12:01:21.042","12303851017","159257443","[PREMIUM]","[PREMIUM]","117A","7","_",,,2,"[1,2]",1754,"Field MVP",20,"Mobile ticket",1,"[PREMIUM]","[PREMIUM]","[PREMIUM]","[PREMIUM]",true,false,"['Ford Field MVP Club Access','Pepsi Lounge Access','Audi Yankees Club Access - Food and soft drinks not included','Clear view']","2026-04-09 14:22:10"
"13409863645","2026-07-20 23:59:45.059","2026-07-31 00:13:34.954","13409863645","159257443","[PREMIUM]","[PREMIUM]","115","2","5_8","5","8",4,"[1,2,4]",1754,"Field MVP",20,"Mobile ticket",1,"[PREMIUM]","[PREMIUM]","[PREMIUM]","[PREMIUM]",true,false,"['In-Seat Wait Service','Padded Seats','Ford Field MVP Club Access','Actual 2nd row of section','Clear view']","2026-07-20 19:27:22"
"12363690846","2026-07-20 23:59:44.899","2026-08-04 05:07:44.047","12363690846","159257443","[PREMIUM]","[PREMIUM]","113","3","8_11","8","11",4,"[2,4]",4099,"Field Infield",20,"Mobile ticket",1,"[PREMIUM]","[PREMIUM]","[PREMIUM]","[PREMIUM]",true,false,"['Third Row of Section','Clear view']","2026-04-15 20:32:11"
"11442148650","2026-07-20 23:59:44.866","2026-07-27 22:30:04.541","11442148650","159257443","[PREMIUM]","[PREMIUM]","216","5","1_2","1","2",2,"[2]",4106,"Main Infield",20,"Mobile ticket",1,"[PREMIUM]","[PREMIUM]","[PREMIUM]","[PREMIUM]",true,false,"['Pepsi Lounge Access','Audi Yankees Club Access - Food and soft drinks not included','Along First-Base Line','Clear view']","2026-01-10 06:35:12"
"13353048441","2026-07-20 23:59:44.866","2026-07-22 00:23:20.912","13353048441","159257443","[PREMIUM]","[PREMIUM]","233B","1","5_7","5","7",3,"[1,3]",4109,"Main Outfield",20,"Mobile ticket",1,"[PREMIUM]","[PREMIUM]","[PREMIUM]","[PREMIUM]",true,false,"['Front Row of Section','Clear view']","2026-07-14 21:07:55"
"13409863637","2026-07-20 23:59:44.426","2026-08-03 12:01:20.082","13409863637","159257443","[PREMIUM]","[PREMIUM]","115","5","3_6","3","6",4,"[1,2,4]",1754,"Field MVP",20,"Mobile ticket",1,"[PREMIUM]","[PREMIUM]","[PREMIUM]","[PREMIUM]",true,false,"['In-Seat Wait Service','Padded Seats','Ford Field MVP Club Access','Clear view']","2026-07-20 19:27:22"
"13406832056","2026-07-20 23:59:44.405","2026-08-04 05:07:48.264","13406832056","159257443","[PREMIUM]","[PREMIUM]","124","1","9_10","9","10",2,"[2]",1754,"Field MVP",20,"Mobile ticket",1,"[PREMIUM]","[PREMIUM]","[PREMIUM]","[PREMIUM]",true,false,"['In-Seat Wait Service','Ford Field MVP Club Access','1st Row of Section','Clear view']","2026-07-20 14:36:14"
"13408157653","2026-07-20 23:59:44.405","2026-07-26 05:19:22.456","13408157653","159257443","[PREMIUM]","[PREMIUM]","220B","7","_",,,2,"[2]",4117,"Delta Suite",20,"Mobile ticket",1,"[PREMIUM]","[PREMIUM]","[PREMIUM]","[PREMIUM]",true,false,"['Clear view']","2026-07-20 16:17:42"
"13406826249","2026-07-20 23:59:43.955","2026-07-20 23:59:43.955","13406826249","159257443","[PREMIUM]","[PREMIUM]","322","2","_",,,8,"[8]",1745,"Terrace Infield",20,"Mobile ticket",1,"[PREMIUM]","[PREMIUM]","[PREMIUM]","[PREMIUM]",true,false,"['Second Row of Section','Clear view']","2026-07-20 14:35:58"
"12849183731","2026-07-20 23:59:43.916","2026-08-03 12:01:24.080","12849183731","159257443","[PREMIUM]","[PREMIUM]","103","1","_",,,2,"[2]",4100,"Field Outfield",20,"Mobile ticket",1,"[PREMIUM]","[PREMIUM]","[PREMIUM]","[PREMIUM]",true,false,"['Front Row of Section','Clear view']","2026-05-28 18:06:44"
"13397696463","2026-07-20 23:59:43.916","2026-07-25 05:19:22.110","13397696463","159257443","[PREMIUM]","[PREMIUM]","107","5","9001_9002","9001","9002",2,"[2]",4100,"Field Outfield",20,"Mobile ticket",13,"[PREMIUM]","[PREMIUM]","[PREMIUM]","[PREMIUM]",true,false,"['Clear view']","2026-07-19 14:10:36"
"13406212599","2026-07-20 23:59:43.916","2026-08-04 05:07:44.061","13406212599","159257443","[PREMIUM]","[PREMIUM]","115","13","4_5","4","5",2,"[2]",1754,"Field MVP",20,"Mobile ticket",1,"[PREMIUM]","[PREMIUM]","[PREMIUM]","[PREMIUM]",true,false,"['In-Seat Wait Service','Padded Seats','Clear view']","2026-07-20 13:48:14"
"13409197121","2026-07-20 23:59:43.651","2026-07-27 01:16:13.436","13409197121","159261061","[PREMIUM]","[PREMIUM]","404","2","_",,,2,"[2]",17120,"Promenade Baseline",20,"Mobile ticket",1,"[PREMIUM]","[PREMIUM]","[PREMIUM]","[PREMIUM]",true,false,"['Actual 2nd row of section','Clear view']","2026-07-20 18:14:22"
"13397504204","2026-07-20 23:59:43.626","2026-07-22 00:23:20.814","13397504204","159257443","[PREMIUM]","[PREMIUM]","207","13","9001_9008","9001","9008",8,"[1,2,3,4]",4109,"Main Outfield",20,"Mobile ticket",13,"[PREMIUM]","[PREMIUM]","[PREMIUM]","[PREMIUM]",true,false,"['Clear view']","2026-07-19 13:54:12"
"13397515042","2026-07-20 23:59:43.626","2026-07-22 00:23:20.814","13397515042","159257443","[PREMIUM]","[PREMIUM]","207","12","9001_9005","9001","9005",5,"[1,2,3]",4109,"Main Outfield",20,"Mobile ticket",13,"[PREMIUM]","[PREMIUM]","[PREMIUM]","[PREMIUM]",true,false,"['Clear view']","2026-07-19 13:55:12"
"13397287049","2026-07-20 23:59:43.626","2026-07-22 00:23:20.814","13397287049","159257443","[PREMIUM]","[PREMIUM]","207","11","9001_9003","9001","9003",3,"[1,3]",4109,"Main Outfield",20,"Mobile ticket",13,"[PREMIUM]","[PREMIUM]","[PREMIUM]","[PREMIUM]",true,false,"['Clear view']","2026-07-19 13:35:24"
"12181482453","2026-07-20 23:59:43.156","2026-08-04 05:07:42.317","12181482453","159257443","[PREMIUM]","[PREMIUM]","208","1","5_9","5","9",5,"[1,2,3,4,5]",4109,"Main Outfield",20,"Mobile ticket",1,"[PREMIUM]","[PREMIUM]","[PREMIUM]","[PREMIUM]",true,false,"['Front Row of Section','Clear view']","2026-03-28 00:33:03"
"13327332348","2026-07-20 23:59:43.098","2026-07-22 00:23:20.912","13327332348","159257443","[PREMIUM]","[PREMIUM]","233B","2","8_10","8","10",3,"[1,3]",4109,"Main Outfield",20,"Mobile ticket",1,"[PREMIUM]","[PREMIUM]","[PREMIUM]","[PREMIUM]",true,false,"['Second Row of Section','Clear view']","2026-07-11 13:55:53"
"13397263931","2026-07-20 23:59:42.817","2026-07-20 23:59:42.817","13397263931","159257443","[PREMIUM]","[PREMIUM]","233A","13","9001_9008","9001","9008",8,"[1,2,3,4,5,6,8]",4109,"Main Outfield",20,"Mobile ticket",13,"[PREMIUM]","[PREMIUM]","[PREMIUM]","[PREMIUM]",true,false,"['Clear view']","2026-07-19 13:32:48"
"13397245759","2026-07-20 23:59:42.817","2026-07-23 22:37:16.202","13397245759","159257443","[PREMIUM]","[PREMIUM]","233B","4","9001_9005","9001","9005",5,"[1,2,3,5]",4109,"Main Outfield",20,"Mobile ticket",13,"[PREMIUM]","[PREMIUM]","[PREMIUM]","[PREMIUM]",true,false,"['Clear view']","2026-07-19 13:31:09"
"13397673221","2026-07-20 23:59:42.817","2026-07-20 23:59:42.817","13397673221","159257443","[PREMIUM]","[PREMIUM]","233A","12","9001_9008","9001","9008",8,"[1,2,3,4,5,6,8]",4109,"Main Outfield",20,"Mobile ticket",13,"[PREMIUM]","[PREMIUM]","[PREMIUM]","[PREMIUM]",true,false,"['Clear view']","2026-07-19 14:08:08"
"12373310721","2026-07-20 23:59:42.753","2026-08-03 22:37:55.532","12373310721","159263252","[PREMIUM]","[PREMIUM]","101","W","_",,,2,"[2]",609,"Lower Box",20,"Mobile ticket",1,"[PREMIUM]","[PREMIUM]","[PREMIUM]","[PREMIUM]",true,false,"['Clear view']","2026-04-16 15:02:18"
"13353176650","2026-07-20 23:59:42.388","2026-07-20 23:59:42.388","13353176650","159257442","[PREMIUM]","[PREMIUM]","221A","11","5_7","5","7",3,"[1,3]",4117,"Delta Suite",20,"Mobile ticket",1,"[PREMIUM]","[PREMIUM]","[PREMIUM]","[PREMIUM]",true,false,"['Delta Sky360 Club','Clear view']","2026-07-14 21:36:57"
"13380003487","2026-07-20 23:59:42.388","2026-07-20 23:59:42.388","13380003487","159257442","[PREMIUM]","[PREMIUM]","222","9","_",,,5,"[1,2,3,4,5]",4117,"Delta Suite",20,"Mobile ticket",1,"[PREMIUM]","[PREMIUM]","[PREMIUM]","[PREMIUM]",true,false,"['Clear view']","2026-07-17 04:37:12"
"13408858044","2026-07-20 23:59:42.388","2026-07-23 22:37:12.143","13408858044","159257442","[PREMIUM]","[PREMIUM]","221B","1","_",,,3,"[3]",4117,"Delta Suite",20,"Mobile ticket",1,"[PREMIUM]","[PREMIUM]","[PREMIUM]","[PREMIUM]",true,false,"['Front Row of Section','Clear view']","2026-07-20 17:43:26"
"13408847699","2026-07-20 23:59:42.388","2026-07-23 22:37:12.216","13408847699","159257442","[PREMIUM]","[PREMIUM]","121A","1","_",,,4,"[2,4]",1754,"Field MVP",20,"Mobile ticket",1,"[PREMIUM]","[PREMIUM]","[PREMIUM]","[PREMIUM]",true,false,"['Front Row of Section','Clear view']","2026-07-20 17:42:35"
"13397369137","2026-07-20 23:59:42.370","2026-07-20 23:59:42.370","13397369137","159257442","[PREMIUM]","[PREMIUM]","123","7","9001_9003","9001","9003",3,"[1,3]",1754,"Field MVP",20,"Mobile ticket",13,"[PREMIUM]","[PREMIUM]","[PREMIUM]","[PREMIUM]",true,false,"['Clear view']","2026-07-19 13:42:45"
"13397364532","2026-07-20 23:59:42.370","2026-07-20 23:59:42.370","13397364532","159257442","[PREMIUM]","[PREMIUM]","123","8","9001_9005","9001","9005",5,"[1,2,3,5]",1754,"Field MVP",20,"Mobile ticket",13,"[PREMIUM]","[PREMIUM]","[PREMIUM]","[PREMIUM]",true,false,"['Clear view']","2026-07-19 13:42:22"
"13397467558","2026-07-20 23:59:42.370","2026-07-20 23:59:42.370","13397467558","159257442","[PREMIUM]","[PREMIUM]","123","6","9001_9002","9001","9002",2,"[2]",1754,"Field MVP",20,"Mobile ticket",13,"[PREMIUM]","[PREMIUM]","[PREMIUM]","[PREMIUM]",true,false,"['Clear view']","2026-07-19 13:51:09"
"13408854773","2026-07-20 23:59:42.370","2026-07-23 22:37:11.956","13408854773","159257442","[PREMIUM]","[PREMIUM]","220B","2","_",,,4,"[2,4]",4117,"Delta Suite",20,"Mobile ticket",1,"[PREMIUM]","[PREMIUM]","[PREMIUM]","[PREMIUM]",true,false,"['Second Row of Section','Clear view']","2026-07-20 17:43:09"
"13412765804","2026-07-20 23:59:42.370","2026-07-29 23:21:26.905","13412765804","159257442","[PREMIUM]","[PREMIUM]","115","1","_",,,4,"[4]",1754,"Field MVP",20,"Mobile ticket",1,"[PREMIUM]","[PREMIUM]","[PREMIUM]","[PREMIUM]",true,false,"['Front Row of Section','Clear view']","2026-07-20 23:00:08"
"13397510547","2026-07-20 23:59:42.361","2026-07-22 00:23:17.951","13397510547","159257443","[PREMIUM]","[PREMIUM]","233A","11","9001_9008","9001","9008",8,"[1,2,3,4,5,6,8]",4109,"Main Outfield",20,"Mobile ticket",13,"[PREMIUM]","[PREMIUM]","[PREMIUM]","[PREMIUM]",true,false,"['Clear view']","2026-07-19 13:54:45"
"13397604905","2026-07-20 23:59:42.361","2026-07-22 00:23:17.951","13397604905","159257443","[PREMIUM]","[PREMIUM]","233A","9","9001_9005","9001","9005",5,"[1,2,3,5]",4109,"Main Outfield",20,"Mobile ticket",13,"[PREMIUM]","[PREMIUM]","[PREMIUM]","[PREMIUM]",true,false,"['Clear view']","2026-07-19 14:03:28"
"13397730089","2026-07-20 23:59:42.361","2026-07-25 05:19:12.751","13397730089","159257443","[PREMIUM]","[PREMIUM]","233A","8","9001_9005","9001","9005",5,"[1,2,3,5]",4109,"Main Outfield",20,"Mobile ticket",13,"[PREMIUM]","[PREMIUM]","[PREMIUM]","[PREMIUM]",true,false,"['Clear view']","2026-07-19 14:13:54"
"13397409854","2026-07-20 23:59:42.334","2026-07-23 22:37:16.137","13397409854","159257443","[PREMIUM]","[PREMIUM]","233B","18","9001_9008","9001","9008",8,"[1,2,3,4,5,6,8]",4109,"Main Outfield",20,"Mobile ticket",13,"[PREMIUM]","[PREMIUM]","[PREMIUM]","[PREMIUM]",true,false,"['Clear view']","2026-07-19 13:45:07"
"13392828865","2026-07-20 23:59:42.244","2026-07-22 00:23:20.889","13392828865","159257443","[PREMIUM]","[PREMIUM]","234","6","_",,,4,"[2,4]",4109,"Main Outfield",20,"Mobile ticket",1,"[PREMIUM]","[PREMIUM]","[PREMIUM]","[PREMIUM]",true,false,"['Clear view']","2026-07-18 20:45:45"
"13353091466","2026-07-20 23:59:42.234","2026-07-20 23:59:42.234","13353091466","159257442","[PREMIUM]","[PREMIUM]","221A","8","5_8","5","8",4,"[1,2,4]",4117,"Delta Suite",20,"Mobile ticket",1,"[PREMIUM]","[PREMIUM]","[PREMIUM]","[PREMIUM]",true,false,"['Delta Sky360 Club','Clear view']","2026-07-14 21:19:08"
"13373839808","2026-07-20 23:59:42.077","2026-07-20 23:59:42.077","13373839808","159257442","[PREMIUM]","[PREMIUM]","123","3","_",,,2,"[2]",1754,"Field MVP",20,"Mobile ticket",1,"[PREMIUM]","[PREMIUM]","[PREMIUM]","[PREMIUM]",true,false,"['Third Row of Section','Clear view']","2026-07-16 16:20:04"
"13408345540","2026-07-20 23:59:42.077","2026-07-20 23:59:42.077","13408345540","159257442","[PREMIUM]","[PREMIUM]","221A","13","_",,,5,"[5]",4117,"Delta Suite",20,"Mobile ticket",1,"[PREMIUM]","[PREMIUM]","[PREMIUM]","[PREMIUM]",true,false,"['Clear view']","2026-07-20 16:37:46"
"13412368933","2026-07-20 23:59:42.006","2026-08-03 22:37:51.814","13412368933","159263252","[PREMIUM]","[PREMIUM]","106","W","_",,,2,"[2]",609,"Lower Box",20,"Mobile ticket",1,"[PREMIUM]","[PREMIUM]","[PREMIUM]","[PREMIUM]",true,false,"['Clear view']","2026-07-20 22:43:31"
"13408856079","2026-07-20 23:59:41.916","2026-07-23 00:55:42.623","13408856079","159257442","[PREMIUM]","[PREMIUM]","119","2","_",,,3,"[3]",1754,"Field MVP",20,"Mobile ticket",1,"[PREMIUM]","[PREMIUM]","[PREMIUM]","[PREMIUM]",true,false,"['Second Row of Section','Clear view']","2026-07-20 17:43:15"
"13397432245","2026-07-20 23:59:41.847","2026-07-20 23:59:41.847","13397432245","159257442","[PREMIUM]","[PREMIUM]","122","7","9001_9002","9001","9002",2,"[2]",1754,"Field MVP",20,"Mobile ticket",13,"[PREMIUM]","[PREMIUM]","[PREMIUM]","[PREMIUM]",true,false,"['Clear view']","2026-07-19 13:47:43"
"13397489190","2026-07-20 23:59:41.847","2026-07-20 23:59:41.847","13397489190","159257442","[PREMIUM]","[PREMIUM]","122","10","9001_9004","9001","9004",4,"[1,2,4]",1754,"Field MVP",20,"Mobile ticket",13,"[PREMIUM]","[PREMIUM]","[PREMIUM]","[PREMIUM]",true,false,"['Clear view']","2026-07-19 13:52:57"
"13408693353","2026-07-20 23:59:41.833","2026-07-23 22:37:12.130","13408693353","159257442","[PREMIUM]","[PREMIUM]","120B","1","7_8","7","8",2,"[2]",1754,"Field MVP",20,"Mobile ticket",1,"[PREMIUM]","[PREMIUM]","[PREMIUM]","[PREMIUM]",true,false,"['Front Row of Section','Clear view']","2026-07-20 17:26:24"
"13412368849","2026-07-20 23:59:41.750","2026-08-03 22:38:38.624","13412368849","159263252","[PREMIUM]","[PREMIUM]","103","JJ","_",,,3,"[1,3]",609,"Lower Box",20,"Mobile ticket",1,"[PREMIUM]","[PREMIUM]","[PREMIUM]","[PREMIUM]",true,false,"['Clear view']","2026-07-20 22:43:30"
"13264988052","2026-07-20 23:59:41.584","2026-07-20 23:59:41.584","13264988052","159257442","[PREMIUM]","[PREMIUM]","122","11","_",,,8,"[8]",1754,"Field MVP",20,"Mobile ticket",1,"[PREMIUM]","[PREMIUM]","[PREMIUM]","[PREMIUM]",true,false,"['Clear view']","2026-07-06 19:29:52"
"13306695781","2026-07-20 23:59:41.584","2026-07-20 23:59:41.584","13306695781","159257442","[PREMIUM]","[PREMIUM]","123","11","_",,,7,"[7]",1754,"Field MVP",20,"Mobile ticket",1,"[PREMIUM]","[PREMIUM]","[PREMIUM]","[PREMIUM]",true,false,"['Clear view']","2026-07-09 20:28:35"
"13353165230","2026-07-20 23:59:41.584","2026-07-20 23:59:41.584","13353165230","159257442","[PREMIUM]","[PREMIUM]","127A","1","3_5","3","5",3,"[1,3]",4099,"Field Infield",20,"Mobile ticket",1,"[PREMIUM]","[PREMIUM]","[PREMIUM]","[PREMIUM]",true,false,"['Front Row of Section','Clear view']","2026-07-14 21:35:25"
"13408852403","2026-07-20 23:59:41.584","2026-07-20 23:59:41.584","13408852403","159257442","[PREMIUM]","[PREMIUM]","220C","2","_",,,2,"[2]",4117,"Delta Suite",20,"Mobile ticket",1,"[PREMIUM]","[PREMIUM]","[PREMIUM]","[PREMIUM]",true,false,"['Second Row of Section','Clear view']","2026-07-20 17:43:01"
"13412789659","2026-07-20 23:59:41.582","2026-08-03 05:06:56.960","13412789659","159257443","[PREMIUM]","[PREMIUM]","106","12","8_15","8","15",8,"[1,2,3,4,5,6,8]",4100,"Field Outfield",20,"Mobile ticket",1,"[PREMIUM]","[PREMIUM]","[PREMIUM]","[PREMIUM]",true,false,"['Clear view']","2026-07-20 23:01:23"
"13403196419","2026-07-20 23:59:41.351","2026-07-20 23:59:41.351","13403196419","159263253","[PREMIUM]","[PREMIUM]","111",,"_",,,5,"[5]",609,"Lower Box",20,"Mobile ticket",1,"[PREMIUM]","[PREMIUM]","[PREMIUM]","[PREMIUM]",true,true,"['Clear view']","2026-07-20 10:02:34"
"13397519888","2026-07-20 23:59:41.312","2026-07-22 00:23:20.117","13397519888","159257442","[PREMIUM]","[PREMIUM]","122","14","9001_9002","9001","9002",2,"[2]",1754,"Field MVP",20,"Mobile ticket",13,"[PREMIUM]","[PREMIUM]","[PREMIUM]","[PREMIUM]",true,false,"['Clear view']","2026-07-19 13:55:38"
"13397454430","2026-07-20 23:59:41.312","2026-07-22 00:23:20.117","13397454430","159257442","[PREMIUM]","[PREMIUM]","122","15","9001_9002","9001","9002",2,"[2]",1754,"Field MVP",20,"Mobile ticket",13,"[PREMIUM]","[PREMIUM]","[PREMIUM]","[PREMIUM]",true,false,"['Clear view']","2026-07-19 13:49:51"
"13397512579","2026-07-20 23:59:41.312","2026-07-22 00:23:20.117","13397512579","159257442","[PREMIUM]","[PREMIUM]","122","12","9001_9002","9001","9002",2,"[2]",1754,"Field MVP",20,"Mobile ticket",13,"[PREMIUM]","[PREMIUM]","[PREMIUM]","[PREMIUM]",true,false,"['Clear view']","2026-07-19 13:54:57"
"13397249985","2026-07-20 23:59:41.312","2026-07-20 23:59:41.312","13397249985","159257442","[PREMIUM]","[PREMIUM]","123","12","9001_9002","9001","9002",2,"[2]",1754,"Field MVP",20,"Mobile ticket",13,"[PREMIUM]","[PREMIUM]","[PREMIUM]","[PREMIUM]",true,false,"['Clear view']","2026-07-19 13:31:30"
"13397401349","2026-07-20 23:59:41.312","2026-07-20 23:59:41.312","13397401349","159257442","[PREMIUM]","[PREMIUM]","123","14","9001_9005","9001","9005",5,"[1,2,3,5]",1754,"Field MVP",20,"Mobile ticket",13,"[PREMIUM]","[PREMIUM]","[PREMIUM]","[PREMIUM]",true,false,"['Clear view']","2026-07-19 13:44:35"
"13397249390","2026-07-20 23:59:41.312","2026-07-22 00:23:20.117","13397249390","159257442","[PREMIUM]","[PREMIUM]","123","13","9001_9003","9001","9003",3,"[1,3]",1754,"Field MVP",20,"Mobile ticket",13,"[PREMIUM]","[PREMIUM]","[PREMIUM]","[PREMIUM]",true,false,"['Clear view']","2026-07-19 13:31:27"
"12373310350","2026-07-20 23:59:41.300","2026-08-03 22:37:54.687","12373310350","159263252","[PREMIUM]","[PREMIUM]","104","GG","_",,,8,"[1,2,3,4,6,8]",609,"Lower Box",20,"Mobile ticket",1,"[PREMIUM]","[PREMIUM]","[PREMIUM]","[PREMIUM]",true,false,"['Clear view']","2026-04-16 15:02:16"
"13412368872","2026-07-20 23:59:41.300","2026-08-03 22:37:52.635","13412368872","159263252","[PREMIUM]","[PREMIUM]","101","JJ","_",,,4,"[2,4]",609,"Lower Box",20,"Mobile ticket",1,"[PREMIUM]","[PREMIUM]","[PREMIUM]","[PREMIUM]",true,false,"['Clear view']","2026-07-20 22:43:31"
"13401330978","2026-07-20 23:59:41.233","2026-07-23 22:37:15.134","13401330978","159257443","[PREMIUM]","[PREMIUM]","213","3","15_16","15","16",2,"[2]",4106,"Main Infield",20,"Mobile ticket",1,"[PREMIUM]","[PREMIUM]","[PREMIUM]","[PREMIUM]",true,false,"['Third Row of Section','Clear view']","2026-07-20 01:49:43"
"13406832070","2026-07-20 23:59:41.074","2026-07-28 22:31:18.727","13406832070","159257442","[PREMIUM]","[PREMIUM]","124","1","9_11","9","11",3,"[1,3]",1754,"Field MVP",20,"Mobile ticket",1,"[PREMIUM]","[PREMIUM]","[PREMIUM]","[PREMIUM]",true,false,"['In-Seat Wait Service','Ford Field MVP Club Access','1st Row of Section','Clear view']","2026-07-20 14:36:14"
"13408847250","2026-07-20 23:59:40.947","2026-07-23 22:37:11.096","13408847250","159257442","[PREMIUM]","[PREMIUM]","109","1","_",,,2,"[2]",4100,"Field Outfield",20,"Mobile ticket",1,"[PREMIUM]","[PREMIUM]","[PREMIUM]","[PREMIUM]",true,false,"['Front Row of Section','Clear view']","2026-07-20 17:42:33"
"13412368878","2026-07-20 23:59:40.872","2026-08-03 22:37:49.726","13412368878","159263252","[PREMIUM]","[PREMIUM]","104","JJ","_",,,7,"[1,2,3,5,7]",609,"Lower Box",20,"Mobile ticket",1,"[PREMIUM]","[PREMIUM]","[PREMIUM]","[PREMIUM]",true,false,"['Clear view']","2026-07-20 22:43:31"
"12849180908","2026-07-20 23:59:40.698","2026-07-26 05:09:44.169","12849180908","159257442","[PREMIUM]","[PREMIUM]","103","1","_",,,2,"[2]",4100,"Field Outfield",20,"Mobile ticket",1,"[PREMIUM]","[PREMIUM]","[PREMIUM]","[PREMIUM]",true,false,"['Front Row of Section','Clear view']","2026-05-28 18:06:25"
"13409839542","2026-07-20 23:59:40.698","2026-08-04 05:05:50.902","13409839542","159257442","[PREMIUM]","[PREMIUM]","115","10","9_10","9","10",2,"[2]",1754,"Field MVP",20,"Mobile ticket",1,"[PREMIUM]","[PREMIUM]","[PREMIUM]","[PREMIUM]",true,false,"['In-Seat Wait Service','Padded Seats','Ford Field MVP Club Access','Clear view']","2026-07-20 19:25:20"
"13398060495","2026-07-20 23:59:40.622","2026-07-20 23:59:40.622","13398060495","159257442","[PREMIUM]","[PREMIUM]","321","3","_",,,2,"[2]",1745,"Terrace Infield",20,"Mobile ticket",1,"[PREMIUM]","[PREMIUM]","[PREMIUM]","[PREMIUM]",true,false,"['Third Row of Section','Clear view']","2026-07-19 15:23:27"
"13409839539","2026-07-20 23:59:40.622","2026-07-29 23:21:26.769","13409839539","159257442","[PREMIUM]","[PREMIUM]","115","5","3_4","3","4",2,"[2]",1754,"Field MVP",20,"Mobile ticket",1,"[PREMIUM]","[PREMIUM]","[PREMIUM]","[PREMIUM]",true,false,"['In-Seat Wait Service','Padded Seats','Ford Field MVP Club Access','Clear view']","2026-07-20 19:25:20"
"12374171178","2026-07-20 23:59:40.494","2026-08-03 22:37:55.005","12374171178","159263253","[PREMIUM]","[PREMIUM]","L117","UU","_",,,6,"[1,2,4,6]",478,"Loge",20,"Mobile ticket",1,"[PREMIUM]","[PREMIUM]","[PREMIUM]","[PREMIUM]",true,false,"['Clear view']","2026-04-16 17:03:09"
"13406832218","2026-07-20 23:59:40.474","2026-07-28 22:31:18.641","13406832218","159257442","[PREMIUM]","[PREMIUM]","124","2","11_13","11","13",3,"[1,3]",1754,"Field MVP",20,"Mobile ticket",1,"[PREMIUM]","[PREMIUM]","[PREMIUM]","[PREMIUM]",true,false,"['In-Seat Wait Service','Ford Field MVP Club Access','Actual 2nd row of section','Clear view']","2026-07-20 14:36:15"
"12083837158","2026-07-20 23:59:40.352","2026-08-04 05:05:47.876","12083837158","159257442","[PREMIUM]","[PREMIUM]","133","1","5_6","5","6",2,"[2]",4100,"Field Outfield",20,"Mobile ticket",1,"[PREMIUM]","[PREMIUM]","[PREMIUM]","[PREMIUM]",true,false,"['Front Row of Section','Pepsi Lounge Access','Clear view']","2026-03-17 09:26:36"
"13220136978","2026-07-20 23:59:40.176","2026-07-27 06:10:25.964","13220136978","159257443","[PREMIUM]","[PREMIUM]","230","4","5_8","5","8",4,"[1,2,4]",4109,"Main Outfield",20,"Mobile ticket",1,"[PREMIUM]","[PREMIUM]","[PREMIUM]","[PREMIUM]",true,false,"['Clear view']","2026-07-02 18:24:16"
"13397670660","2026-07-20 23:59:40.113","2026-07-20 23:59:40.113","13397670660","159257441","[PREMIUM]","[PREMIUM]","123","10","9001_9003","9001","9003",3,"[1,3]",1754,"Field MVP",20,"Mobile ticket",13,"[PREMIUM]","[PREMIUM]","[PREMIUM]","[PREMIUM]",true,false,"['Clear view']","2026-07-19 14:07:39"
"13408831326","2026-07-20 23:59:40.113","2026-07-23 00:55:24.018","13408831326","159257441","[PREMIUM]","[PREMIUM]","115","1","_",,,4,"[2,4]",1754,"Field MVP",20,"Mobile ticket",1,"[PREMIUM]","[PREMIUM]","[PREMIUM]","[PREMIUM]",true,false,"['Front Row of Section','Clear view']","2026-07-20 17:39:23"
"13410455825","2026-07-20 23:59:40.113","2026-07-31 00:14:13.032","13410455825","159257441","[PREMIUM]","[PREMIUM]","121B","2","_",,,2,"[2]",1754,"Field MVP",20,"Mobile ticket",1,"[PREMIUM]","[PREMIUM]","[PREMIUM]","[PREMIUM]",true,false,"['Second Row of Section','Clear view']","2026-07-20 20:10:16"
"13397487201","2026-07-20 23:59:40.070","2026-07-22 00:23:18.516","13397487201","159257442","[PREMIUM]","[PREMIUM]","107","11","9001_9008","9001","9008",8,"[1,2,3,4,5,6,8]",4100,"Field Outfield",20,"Mobile ticket",13,"[PREMIUM]","[PREMIUM]","[PREMIUM]","[PREMIUM]",true,false,"['Clear view']","2026-07-19 13:52:49"
"13397405943","2026-07-20 23:59:40.070","2026-07-22 00:23:18.516","13397405943","159257442","[PREMIUM]","[PREMIUM]","107","8","9001_9005","9001","9005",5,"[1,2,3,5]",4100,"Field Outfield",20,"Mobile ticket",13,"[PREMIUM]","[PREMIUM]","[PREMIUM]","[PREMIUM]",true,false,"['Clear view']","2026-07-19 13:44:52"
"13397339408","2026-07-20 23:59:40.070","2026-07-22 00:23:18.516","13397339408","159257442","[PREMIUM]","[PREMIUM]","107","10","9001_9007","9001","9007",7,"[1,2,3,4,5,7]",4100,"Field Outfield",20,"Mobile ticket",13,"[PREMIUM]","[PREMIUM]","[PREMIUM]","[PREMIUM]",true,false,"['Clear view']","2026-07-19 13:40:19"
"13402054806","2026-07-20 23:59:39.988","2026-08-02 12:01:23.556","13402054806","159257442","[PREMIUM]","[PREMIUM]","126","3","11_12","11","12",2,"[2]",4099,"Field Infield",20,"Mobile ticket",1,"[PREMIUM]","[PREMIUM]","[PREMIUM]","[PREMIUM]",true,false,"['Third Row of Section','Clear view']","2026-07-20 05:01:14"
"13408855047","2026-07-20 23:59:39.988","2026-07-23 00:55:41.335","13408855047","159257442","[PREMIUM]","[PREMIUM]","134","1","_",,,4,"[2,4]",4100,"Field Outfield",20,"Mobile ticket",1,"[PREMIUM]","[PREMIUM]","[PREMIUM]","[PREMIUM]",true,false,"['Front Row of Section','Clear view']","2026-07-20 17:43:10"
"13353061089","2026-07-20 23:59:39.975","2026-07-20 23:59:39.975","13353061089","159257441","[PREMIUM]","[PREMIUM]","121B","11","7_8","7","8",2,"[2]",1754,"Field MVP",20,"Mobile ticket",1,"[PREMIUM]","[PREMIUM]","[PREMIUM]","[PREMIUM]",true,false,"['Clear view']","2026-07-14 21:11:34"
"13408832415","2026-07-20 23:59:39.975","2026-07-23 00:55:23.963","13408832415","159257441","[PREMIUM]","[PREMIUM]","220B","2","_",,,4,"[2,4]",4117,"Delta Suite",20,"Mobile ticket",1,"[PREMIUM]","[PREMIUM]","[PREMIUM]","[PREMIUM]",true,false,"['Second Row of Section','Clear view']","2026-07-20 17:39:31"
"13408828810","2026-07-20 23:59:39.975","2026-07-22 00:23:21.344","13408828810","159257441","[PREMIUM]","[PREMIUM]","220C","2","_",,,2,"[2]",4117,"Delta Suite",20,"Mobile ticket",1,"[PREMIUM]","[PREMIUM]","[PREMIUM]","[PREMIUM]",true,false,"['Second Row of Section','Clear view']","2026-07-20 17:39:10"
"13400571790","2026-07-20 23:59:39.527","2026-08-03 05:06:57.040","13400571790","159257443","[PREMIUM]","[PREMIUM]","130","20","17_20","17","20",4,"[1,2,4]",4100,"Field Outfield",20,"Mobile ticket",1,"[PREMIUM]","[PREMIUM]","[PREMIUM]","[PREMIUM]",true,false,"['Clear view']","2026-07-19 23:01:48"
"13400732977","2026-07-20 23:59:39.419","2026-07-20 23:59:39.419","13400732977","159257441","[PREMIUM]","[PREMIUM]","221B","13","_",,,4,"[4]",4117,"Delta Suite",20,"Mobile ticket",1,"[PREMIUM]","[PREMIUM]","[PREMIUM]","[PREMIUM]",true,false,"['Clear view']","2026-07-19 23:27:47"
"13412117819","2026-07-20 23:59:39.382","2026-07-20 23:59:39.382","13412117819","159257443","[PREMIUM]","[PREMIUM]","429","1","_",,,6,"[1,2,3,4,5,6]",1179,"Grandstand Outfield",20,"Mobile ticket",1,"[PREMIUM]","[PREMIUM]","[PREMIUM]","[PREMIUM]",true,false,"['Front Row of Section','Clear view']","2026-07-20 22:27:29"
"13397685672","2026-07-20 23:59:39.315","2026-07-22 00:23:21.344","13397685672","159257441","[PREMIUM]","[PREMIUM]","123","9","9001_9003","9001","9003",3,"[1,3]",1754,"Field MVP",20,"Mobile ticket",13,"[PREMIUM]","[PREMIUM]","[PREMIUM]","[PREMIUM]",true,false,"['Clear view']","2026-07-19 14:09:12"
"13352027401","2026-07-20 23:59:39.243","2026-08-03 22:38:07.006","13352027401","159263253","[PREMIUM]","[PREMIUM]","144","GG","_",,,12,"[1,2,3,4,5,6,7,8,10,12]",2082,"Outfield",20,"Mobile ticket",1,"[PREMIUM]","[PREMIUM]","[PREMIUM]","[PREMIUM]",true,false,"['Clear view']","2026-07-14 18:01:47"
"13406832184","2026-07-20 23:59:38.913","2026-08-02 05:06:26.774","13406832184","159257441","[PREMIUM]","[PREMIUM]","124","2","9_11","9","11",3,"[1,3]",1754,"Field MVP",20,"Mobile ticket",1,"[PREMIUM]","[PREMIUM]","[PREMIUM]","[PREMIUM]",true,false,"['In-Seat Wait Service','Ford Field MVP Club Access','Actual 2nd row of section','Clear view']","2026-07-20 14:36:14"
"13412788446","2026-07-20 23:59:38.853","2026-08-03 05:05:05.054","13412788446","159257442","[PREMIUM]","[PREMIUM]","127B","5","7_10","7","10",4,"[1,2,4]",4099,"Field Infield",20,"Mobile ticket",1,"[PREMIUM]","[PREMIUM]","[PREMIUM]","[PREMIUM]",true,false,"['Clear view']","2026-07-20 23:01:18"
"13398248136","2026-07-20 23:59:38.832","2026-07-27 22:30:12.655","13398248136","159257441","[PREMIUM]","[PREMIUM]","119","4","_",,,2,"[2]",1754,"Field MVP",20,"Mobile ticket",1,"[PREMIUM]","[PREMIUM]","[PREMIUM]","[PREMIUM]",true,false,"['Clear view']","2026-07-19 15:58:57"
"13408693362","2026-07-20 23:59:38.832","2026-07-20 23:59:38.832","13408693362","159257441","[PREMIUM]","[PREMIUM]","120B","1","5_8","5","8",4,"[1,2,4]",1754,"Field MVP",20,"Mobile ticket",1,"[PREMIUM]","[PREMIUM]","[PREMIUM]","[PREMIUM]",true,false,"['Front Row of Section','Clear view']","2026-07-20 17:26:24"
"13398300727","2026-07-20 23:59:38.629","2026-07-20 23:59:38.629","13398300727","159257441","[PREMIUM]","[PREMIUM]","AUDI3","3","_",,,12,"[12]",1723,"Clubs",20,"Mobile ticket",1,"[PREMIUM]","[PREMIUM]","[PREMIUM]","[PREMIUM]",true,false,"['Third Row of Section','Clear view']","2026-07-19 16:09:00"
"13397265865","2026-07-20 23:59:38.622","2026-07-22 00:23:21.298","13397265865","159257441","[PREMIUM]","[PREMIUM]","123","14","9001_9002","9001","9002",2,"[2]",1754,"Field MVP",20,"Mobile ticket",13,"[PREMIUM]","[PREMIUM]","[PREMIUM]","[PREMIUM]",true,false,"['Clear view']","2026-07-19 13:33:05"
"13397653657","2026-07-20 23:59:38.622","2026-07-22 00:23:21.298","13397653657","159257441","[PREMIUM]","[PREMIUM]","123","15","9001_9004","9001","9004",4,"[1,2,4]",1754,"Field MVP",20,"Mobile ticket",13,"[PREMIUM]","[PREMIUM]","[PREMIUM]","[PREMIUM]",true,false,"['Clear view']","2026-07-19 14:06:20"
"13408831534","2026-07-20 23:59:38.622","2026-07-26 05:14:13.388","13408831534","159257441","[PREMIUM]","[PREMIUM]","218A","1","_",,,3,"[1,3]",4117,"Delta Suite",20,"Mobile ticket",1,"[PREMIUM]","[PREMIUM]","[PREMIUM]","[PREMIUM]",true,false,"['Front Row of Section','Clear view']","2026-07-20 17:39:24"
"13397457204","2026-07-20 23:59:38.504","2026-07-22 00:22:50.757","13397457204","159257442","[PREMIUM]","[PREMIUM]","233A","13","9001_9005","9001","9005",5,"[1,2,3,5]",4109,"Main Outfield",20,"Mobile ticket",13,"[PREMIUM]","[PREMIUM]","[PREMIUM]","[PREMIUM]",true,false,"['Clear view']","2026-07-19 13:50:05"
"13397454382","2026-07-20 23:59:38.504","2026-07-22 00:22:50.757","13397454382","159257442","[PREMIUM]","[PREMIUM]","233A","12","9001_9005","9001","9005",5,"[1,2,3,5]",4109,"Main Outfield",20,"Mobile ticket",13,"[PREMIUM]","[PREMIUM]","[PREMIUM]","[PREMIUM]",true,false,"['Clear view']","2026-07-19 13:49:51"
"13397473022","2026-07-20 23:59:38.504","2026-07-22 00:22:50.105","13397473022","159257442","[PREMIUM]","[PREMIUM]","233A","14","9001_9008","9001","9008",8,"[1,2,3,4,5,6,8]",4109,"Main Outfield",20,"Mobile ticket",13,"[PREMIUM]","[PREMIUM]","[PREMIUM]","[PREMIUM]",true,false,"['Clear view']","2026-07-19 13:51:40"
"13397514608","2026-07-20 23:59:38.504","2026-07-20 23:59:38.504","13397514608","159257442","[PREMIUM]","[PREMIUM]","232B","10","9001_9004","9001","9004",4,"[1,2]",4109,"Main Outfield",20,"Mobile ticket",13,"[PREMIUM]","[PREMIUM]","[PREMIUM]","[PREMIUM]",true,false,"['Clear view']","2026-07-19 13:55:09"
"13408829584","2026-07-20 23:59:38.455","2026-07-25 05:14:41.852","13408829584","159257441","[PREMIUM]","[PREMIUM]","318","2","_",,,2,"[2]",1745,"Terrace Infield",20,"Mobile ticket",1,"[PREMIUM]","[PREMIUM]","[PREMIUM]","[PREMIUM]",true,false,"['Second Row of Section','Clear view']","2026-07-20 17:39:15"
"13402054796","2026-07-20 23:59:38.412","2026-07-26 05:09:36.600","13402054796","159257442","[PREMIUM]","[PREMIUM]","216","6","1_2","1","2",2,"[2]",4106,"Main Infield",20,"Mobile ticket",1,"[PREMIUM]","[PREMIUM]","[PREMIUM]","[PREMIUM]",true,false,"['Clear view']","2026-07-20 05:01:14"
"13412785922","2026-07-20 23:59:38.384","2026-08-04 05:05:46.636","13412785922","159257442","[PREMIUM]","[PREMIUM]","127B","8","3_4","3","4",2,"[2]",4099,"Field Infield",20,"Mobile ticket",1,"[PREMIUM]","[PREMIUM]","[PREMIUM]","[PREMIUM]",true,false,"['Clear view']","2026-07-20 23:01:11"
"13209739030","2026-07-20 23:59:38.193","2026-07-25 05:10:47.757","13209739030","159257442","[PREMIUM]","[PREMIUM]","128","4","1_6","1","6",6,"[1,2,3,4,6]",4099,"Field Infield",20,"Mobile ticket",14,"[PREMIUM]","[PREMIUM]","[PREMIUM]","[PREMIUM]",true,false,"['Clear view']","2026-07-01 19:31:12"
"13408829792","2026-07-20 23:59:38.183","2026-07-29 23:21:23.000","13408829792","159257441","[PREMIUM]","[PREMIUM]","134","1","_",,,3,"[1,3]",4100,"Field Outfield",20,"Mobile ticket",1,"[PREMIUM]","[PREMIUM]","[PREMIUM]","[PREMIUM]",true,false,"['Front Row of Section','Clear view']","2026-07-20 17:39:15"
"13408831293","2026-07-20 23:59:38.030","2026-07-22 00:23:20.476","13408831293","159257441","[PREMIUM]","[PREMIUM]","320B","1","_",,,2,"[2]",1745,"Terrace Infield",20,"Mobile ticket",1,"[PREMIUM]","[PREMIUM]","[PREMIUM]","[PREMIUM]",true,false,"['Front Row of Section','Clear view']","2026-07-20 17:39:23"
"13378699344","2026-07-20 23:59:38.021","2026-07-20 23:59:38.021","13378699344","159257443","[PREMIUM]","[PREMIUM]","203","4","15_16","15","16",2,"[2]",1345,"Bleachers",20,"Mobile ticket",1,"[PREMIUM]","[PREMIUM]","[PREMIUM]","[PREMIUM]",true,false,"['Clear view']","2026-07-17 01:34:28"
"13373228991","2026-07-20 23:59:38.010","2026-07-20 23:59:38.010","13373228991","159257441","[PREMIUM]","[PREMIUM]","323","3","_",,,6,"[6]",1745,"Terrace Infield",20,"Mobile ticket",1,"[PREMIUM]","[PREMIUM]","[PREMIUM]","[PREMIUM]",true,false,"['Third Row of Section','Clear view']","2026-07-16 15:12:11"
"13412786217","2026-07-20 23:59:37.991","2026-07-31 00:13:51.481","13412786217","159257442","[PREMIUM]","[PREMIUM]","216","8","18_20","18","20",3,"[1,3]",4106,"Main Infield",20,"Mobile ticket",1,"[PREMIUM]","[PREMIUM]","[PREMIUM]","[PREMIUM]",true,false,"['Clear view']","2026-07-20 23:01:11"
"13400866307","2026-07-20 23:59:37.939","2026-07-20 23:59:37.939","13400866307","159257441","[PREMIUM]","[PREMIUM]","226","5","_",,,5,"[5]",4106,"Main Infield",20,"Mobile ticket",1,"[PREMIUM]","[PREMIUM]","[PREMIUM]","[PREMIUM]",true,false,"['Clear view']","2026-07-20 00:03:16"
"12849183597","2026-07-20 23:59:37.832","2026-07-20 23:59:37.832","12849183597","159257443","[PREMIUM]","[PREMIUM]","420A","1","_",,,3,"[1,3]",1743,"Grandstand Infield",20,"Mobile ticket",1,"[PREMIUM]","[PREMIUM]","[PREMIUM]","[PREMIUM]",true,false,"['Front Row of Section','Clear view']","2026-05-28 18:06:43"
"13144764731","2026-07-20 23:59:37.832","2026-07-23 22:37:12.663","13144764731","159257443","[PREMIUM]","[PREMIUM]","202","6","_",,,4,"[1,2,4]",1345,"Bleachers",20,"Mobile ticket",1,"[PREMIUM]","[PREMIUM]","[PREMIUM]","[PREMIUM]",true,false,"['Clear view']","2026-06-25 18:39:36"
"13356373583","2026-07-20 23:59:37.752","2026-07-22 00:23:20.305","13356373583","159257441","[PREMIUM]","[PREMIUM]","323","2","10_12","10","12",3,"[1,3]",1745,"Terrace Infield",20,"Mobile ticket",1,"[PREMIUM]","[PREMIUM]","[PREMIUM]","[PREMIUM]",true,false,"['Second Row of Section','Clear view']","2026-07-15 04:04:26"
"13408829636","2026-07-20 23:59:37.752","2026-07-27 22:30:11.449","13408829636","159257441","[PREMIUM]","[PREMIUM]","320A","2","_",,,1,"[1]",1745,"Terrace Infield",20,"Mobile ticket",1,"[PREMIUM]","[PREMIUM]","[PREMIUM]","[PREMIUM]",false,false,"['Second Row of Section','Clear view']","2026-07-20 17:39:15"
"13408279461","2026-07-20 23:59:37.692","2026-07-22 00:23:20.521","13408279461","159257441","[PREMIUM]","[PREMIUM]","132","3","4_6","4","6",3,"[1,3]",4100,"Field Outfield",20,"Mobile ticket",1,"[PREMIUM]","[PREMIUM]","[PREMIUM]","[PREMIUM]",true,false,"['Third Row of Section','Clear view']","2026-07-20 16:30:57"
"13402054852","2026-07-20 23:59:37.545","2026-08-04 05:05:46.313","13402054852","159257442","[PREMIUM]","[PREMIUM]","225","8","4_20","4","20",17,"[1,2,3,4,5,6,7,8,9,10,11,12,13,14,15,17]",4106,"Main Infield",20,"Mobile ticket",1,"[PREMIUM]","[PREMIUM]","[PREMIUM]","[PREMIUM]",true,false,"['Clear view']","2026-07-20 05:01:16"
"13408836180","2026-07-20 23:59:37.410","2026-07-23 00:55:22.615","13408836180","159257441","[PREMIUM]","[PREMIUM]","114B","7","15_16","15","16",2,"[2]",4099,"Field Infield",20,"Mobile ticket",1,"[PREMIUM]","[PREMIUM]","[PREMIUM]","[PREMIUM]",true,false,"['Clear view']","2026-07-20 17:40:33"
"13397163663","2026-07-20 23:59:37.223","2026-07-20 23:59:37.223","13397163663","159257441","[PREMIUM]","[PREMIUM]","323","4","_",,,18,"[18]",1745,"Terrace Infield",20,"Mobile ticket",1,"[PREMIUM]","[PREMIUM]","[PREMIUM]","[PREMIUM]",true,false,"['Clear view']","2026-07-19 13:23:27"
"13401494040","2026-07-20 23:59:37.223","2026-07-23 00:55:22.397","13401494040","159257441","[PREMIUM]","[PREMIUM]","323","5","_",,,5,"[5]",1745,"Terrace Infield",20,"Mobile ticket",1,"[PREMIUM]","[PREMIUM]","[PREMIUM]","[PREMIUM]",true,false,"['Clear view']","2026-07-20 02:30:44"
"13408218101","2026-07-20 23:59:37.223","2026-07-20 23:59:37.223","13408218101","159257441","[PREMIUM]","[PREMIUM]","322","2","_",,,7,"[7]",1745,"Terrace Infield",20,"Mobile ticket",1,"[PREMIUM]","[PREMIUM]","[PREMIUM]","[PREMIUM]",true,false,"['Second Row of Section','Clear view']","2026-07-20 16:23:56"
"13407656505","2026-07-20 23:59:37.100","2026-07-20 23:59:37.100","13407656505","159257441","[PREMIUM]","[PREMIUM]","216","7","1_6","1","6",6,"[1,2,3,4,6]",4106,"Main Infield",20,"Mobile ticket",1,"[PREMIUM]","[PREMIUM]","[PREMIUM]","[PREMIUM]",true,false,"['Clear view']","2026-07-20 15:33:46"
"13402041638","2026-07-20 23:59:36.355","2026-07-23 00:55:21.519","13402041638","159257441","[PREMIUM]","[PREMIUM]","113","8","13_14","13","14",2,"[2]",4099,"Field Infield",20,"Mobile ticket",1,"[PREMIUM]","[PREMIUM]","[PREMIUM]","[PREMIUM]",true,false,"['Clear view']","2026-07-20 04:56:59"
"13397379449","2026-07-20 23:59:35.435","2026-07-22 00:22:11.401","13397379449","159257442","[PREMIUM]","[PREMIUM]","332B","2","9001_9005","9001","9005",5,"[1,2,3]",1744,"Terrace Outfield",20,"Mobile ticket",13,"[PREMIUM]","[PREMIUM]","[PREMIUM]","[PREMIUM]",true,false,"['Second Row of Section','Clear view']","2026-07-19 13:43:22"
"13397702298","2026-07-20 23:59:35.346","2026-07-20 23:59:35.346","13397702298","159257441","[PREMIUM]","[PREMIUM]","233B","14","9001_9008","9001","9008",8,"[1,2,3,4,5,6,8]",4109,"Main Outfield",20,"Mobile ticket",13,"[PREMIUM]","[PREMIUM]","[PREMIUM]","[PREMIUM]",true,false,"['Clear view']","2026-07-19 14:11:55"
"13397698849","2026-07-20 23:59:35.346","2026-07-20 23:59:35.346","13397698849","159257441","[PREMIUM]","[PREMIUM]","233B","17","9001_9008","9001","9008",8,"[1,2,3,4,5,6,8]",4109,"Main Outfield",20,"Mobile ticket",13,"[PREMIUM]","[PREMIUM]","[PREMIUM]","[PREMIUM]",true,false,"['Clear view']","2026-07-19 14:10:54"
"13352901228","2026-07-20 23:59:35.302","2026-07-22 00:23:20.058","13352901228","159257441","[PREMIUM]","[PREMIUM]","233B","2","10_11","10","11",2,"[2]",4109,"Main Outfield",20,"Mobile ticket",1,"[PREMIUM]","[PREMIUM]","[PREMIUM]","[PREMIUM]",true,false,"['Second Row of Section','Clear view']","2026-07-14 20:35:39"
"13387772850","2026-07-20 23:59:34.916","2026-07-22 00:21:18.678","13387772850","159257443","[PREMIUM]","[PREMIUM]","423","3","6_12","6","12",7,"[1,2,3,4,5,7]",1743,"Grandstand Infield",20,"Mobile ticket",1,"[PREMIUM]","[PREMIUM]","[PREMIUM]","[PREMIUM]",true,false,"['Third Row of Section','Clear view']","2026-07-18 00:50:07"
"13397599684","2026-07-20 23:59:34.795","2026-07-22 00:22:36.421","13397599684","159257442","[PREMIUM]","[PREMIUM]","332A","2","9001_9005","9001","9005",5,"[1,2,3,5]",1744,"Terrace Outfield",20,"Mobile ticket",13,"[PREMIUM]","[PREMIUM]","[PREMIUM]","[PREMIUM]",true,false,"['Second Row of Section','Clear view']","2026-07-19 14:03:06"
"13397642185","2026-07-20 23:59:34.795","2026-07-22 00:22:36.421","13397642185","159257442","[PREMIUM]","[PREMIUM]","332A","3","9001_9006","9001","9006",6,"[1,2,3,4,6]",1744,"Terrace Outfield",20,"Mobile ticket",13,"[PREMIUM]","[PREMIUM]","[PREMIUM]","[PREMIUM]",true,false,"['Third Row of Section','Clear view']","2026-07-19 14:05:24"
"13397365325","2026-07-20 23:59:34.795","2026-07-20 23:59:34.795","13397365325","159257442","[PREMIUM]","[PREMIUM]","332A","5","9001_9008","9001","9008",8,"[1,2,3,4,5,6,8]",1744,"Terrace Outfield",20,"Mobile ticket",13,"[PREMIUM]","[PREMIUM]","[PREMIUM]","[PREMIUM]",true,false,"['Clear view']","2026-07-19 13:42:26"
"13402505981","2026-07-20 23:59:34.694","2026-07-27 01:15:39.600","13402505981","159257441","[PREMIUM]","[PREMIUM]","202","1","9_14","9","14",6,"[1,2,3,4,6]",1345,"Bleachers",20,"Mobile ticket",1,"[PREMIUM]","[PREMIUM]","[PREMIUM]","[PREMIUM]",true,false,"['Front Row of Section','Clear view']","2026-07-20 07:24:16"
"13405938225","2026-07-20 23:59:34.694","2026-07-25 05:14:34.467","13405938225","159257441","[PREMIUM]","[PREMIUM]","214A","9","3_4","3","4",2,"[2]",4106,"Main Infield",20,"Mobile ticket",1,"[PREMIUM]","[PREMIUM]","[PREMIUM]","[PREMIUM]",true,false,"['Clear view']","2026-07-20 13:21:51"
"13381468029","2026-07-20 23:59:34.660","2026-07-20 23:59:34.660","13381468029","159257441","[PREMIUM]","[PREMIUM]","234","13","_",,,5,"[1,2,3,4,5]",4109,"Main Outfield",20,"Mobile ticket",1,"[PREMIUM]","[PREMIUM]","[PREMIUM]","[PREMIUM]",true,false,"['Clear view']","2026-07-17 08:22:39"
"13118778509","2026-07-20 23:59:34.514","2026-07-26 05:19:02.087","13118778509","159257443","[PREMIUM]","[PREMIUM]","418","7","17_18","17","18",2,"[2]",1743,"Grandstand Infield",20,"Mobile ticket",1,"[PREMIUM]","[PREMIUM]","[PREMIUM]","[PREMIUM]",true,false,"['Clear view']","2026-06-23 14:37:31"
"13118778508","2026-07-20 23:59:34.514","2026-07-26 05:19:02.015","13118778508","159257443","[PREMIUM]","[PREMIUM]","418","8","1_2","1","2",2,"[2]",1743,"Grandstand Infield",20,"Mobile ticket",1,"[PREMIUM]","[PREMIUM]","[PREMIUM]","[PREMIUM]",true,false,"['Clear view']","2026-06-23 14:37:31"
"13407850279","2026-07-20 23:59:34.514","2026-07-20 23:59:34.514","13407850279","159257443","[PREMIUM]","[PREMIUM]","411","4","1_14","1","14",14,"[1,2,3,4,5,6,7,8,9,10,11,12,14]",1179,"Grandstand Outfield",20,"Mobile ticket",1,"[PREMIUM]","[PREMIUM]","[PREMIUM]","[PREMIUM]",true,false,"['Pepsi Lounge Access','Clear view']","2026-07-20 15:50:08"
"13411535384","2026-07-20 23:59:34.204","2026-08-01 05:12:34.564","13411535384","159257443","[PREMIUM]","[PREMIUM]","237","6","21_22","21","22",2,"[2]",1345,"Bleachers",20,"Mobile ticket",1,"[PREMIUM]","[PREMIUM]","[PREMIUM]","[PREMIUM]",true,false,"['Clear view']","2026-07-20 21:46:48"
"13404149829","2026-07-20 23:59:34.181","2026-07-23 22:37:06.902","13404149829","159257442","[PREMIUM]","[PREMIUM]","227B","13","23_24","23","24",2,"[2]",4106,"Main Infield",20,"Mobile ticket",1,"[PREMIUM]","[PREMIUM]","[PREMIUM]","[PREMIUM]",true,false,"['Clear view']","2026-07-20 11:01:14"
"13397355383","2026-07-20 23:59:34.094","2026-07-20 23:59:34.094","13397355383","159257441","[PREMIUM]","[PREMIUM]","232B","9","9001_9008","9001","9008",8,"[1,2,3,4,5,6,8]",4109,"Main Outfield",20,"Mobile ticket",13,"[PREMIUM]","[PREMIUM]","[PREMIUM]","[PREMIUM]",true,false,"['Clear view']","2026-07-19 13:41:34"
"13408438234","2026-07-20 23:59:34.023","2026-07-23 00:55:38.462","13408438234","159257442","[PREMIUM]","[PREMIUM]","333","1","_",,,14,"[1,2,3,4,5,6,7,8,9,10,11,12,13,14]",1744,"Terrace Outfield",20,"Mobile ticket",1,"[PREMIUM]","[PREMIUM]","[PREMIUM]","[PREMIUM]",true,false,"['Front Row of Section','Clear view']","2026-07-20 16:44:47"
"13401521910","2026-07-20 23:59:34.004","2026-07-28 22:31:15.817","13401521910","159257442","[PREMIUM]","[PREMIUM]","324","9","3_9","3","9",7,"[1,2,3,4,5,7]",1745,"Terrace Infield",20,"Mobile ticket",1,"[PREMIUM]","[PREMIUM]","[PREMIUM]","[PREMIUM]",true,false,"['Clear view']","2026-07-20 02:36:58"
"13380669846","2026-07-20 23:59:34.003","2026-07-22 00:22:08.278","13380669846","159257442","[PREMIUM]","[PREMIUM]","334","1","_",,,2,"[2]",1744,"Terrace Outfield",20,"Mobile ticket",1,"[PREMIUM]","[PREMIUM]","[PREMIUM]","[PREMIUM]",true,false,"['Front Row of Section','Clear view']","2026-07-17 05:55:25"
"13412998813","2026-07-20 23:59:34.003","2026-07-26 05:09:28.366","13412998813","159257442","[PREMIUM]","[PREMIUM]","332B","1","_",,,4,"[1,2,3,4]",1744,"Terrace Outfield",20,"Mobile ticket",1,"[PREMIUM]","[PREMIUM]","[PREMIUM]","[PREMIUM]",true,false,"['Front Row of Section','Clear view']","2026-07-20 23:20:56"
"13412140494","2026-07-20 23:59:33.983","2026-07-20 23:59:33.983","13412140494","159257442","[PREMIUM]","[PREMIUM]","429","1","_",,,6,"[1,2,3,4,5,6]",1179,"Grandstand Outfield",20,"Mobile ticket",1,"[PREMIUM]","[PREMIUM]","[PREMIUM]","[PREMIUM]",true,false,"['Front Row of Section','Clear view']","2026-07-20 22:28:23"
"13397554270","2026-07-20 23:59:33.968","2026-07-22 00:23:14.043","13397554270","159257441","[PREMIUM]","[PREMIUM]","308","4","9001_9008","9001","9008",8,"[1,2,3,4,5,6,8]",1744,"Terrace Outfield",20,"Mobile ticket",13,"[PREMIUM]","[PREMIUM]","[PREMIUM]","[PREMIUM]",true,false,"['Clear view']","2026-07-19 13:59:10"
"13397690561","2026-07-20 23:59:33.968","2026-07-20 23:59:33.968","13397690561","159257441","[PREMIUM]","[PREMIUM]","308","2","9001_9006","9001","9006",6,"[1,2,3,4,6]",1744,"Terrace Outfield",20,"Mobile ticket",13,"[PREMIUM]","[PREMIUM]","[PREMIUM]","[PREMIUM]",true,false,"['Second Row of Section','Clear view']","2026-07-19 14:09:36"
"13397347917","2026-07-20 23:59:33.958","2026-07-22 00:23:18.534","13397347917","159257441","[PREMIUM]","[PREMIUM]","233B","5","9001_9003","9001","9003",3,"[1]",4109,"Main Outfield",20,"Mobile ticket",13,"[PREMIUM]","[PREMIUM]","[PREMIUM]","[PREMIUM]",true,false,"['Clear view']","2026-07-19 13:40:59"
"13397371705","2026-07-20 23:59:33.958","2026-07-22 00:23:18.534","13397371705","159257441","[PREMIUM]","[PREMIUM]","233B","6","9001_9005","9001","9005",5,"[1,2,3,5]",4109,"Main Outfield",20,"Mobile ticket",13,"[PREMIUM]","[PREMIUM]","[PREMIUM]","[PREMIUM]",true,false,"['Clear view']","2026-07-19 13:42:59"
"13397683317","2026-07-20 23:59:33.958","2026-07-22 00:23:16.111","13397683317","159257441","[PREMIUM]","[PREMIUM]","233B","7","9001_9005","9001","9005",5,"[1,2,3,5]",4109,"Main Outfield",20,"Mobile ticket",13,"[PREMIUM]","[PREMIUM]","[PREMIUM]","[PREMIUM]",true,false,"['Clear view']","2026-07-19 14:09:01"
"13397492715","2026-07-20 23:59:33.908","2026-07-22 00:22:50.725","13397492715","159257442","[PREMIUM]","[PREMIUM]","307","4","9001_9005","9001","9005",5,"[1,2,3,5]",1744,"Terrace Outfield",20,"Mobile ticket",13,"[PREMIUM]","[PREMIUM]","[PREMIUM]","[PREMIUM]",true,false,"['Clear view']","2026-07-19 13:53:12"
"13401332846","2026-07-20 23:59:33.908","2026-07-23 22:37:07.091","13401332846","159257442","[PREMIUM]","[PREMIUM]","104","10","9_10","9","10",2,"[2]",4100,"Field Outfield",20,"Mobile ticket",1,"[PREMIUM]","[PREMIUM]","[PREMIUM]","[PREMIUM]",true,false,"['Clear view']","2026-07-20 01:50:44"
"13388546674","2026-07-20 23:59:33.368","2026-07-31 00:13:39.737","13388546674","159257442","[PREMIUM]","[PREMIUM]","420B","1","5_8","5","8",4,"[2,4]",1743,"Grandstand Infield",20,"Mobile ticket",1,"[PREMIUM]","[PREMIUM]","[PREMIUM]","[PREMIUM]",true,false,"['Pepsi Lounge Access','Front Row of Section','Clear view']","2026-07-18 04:02:06"
"13388546672","2026-07-20 23:59:33.267","2026-07-27 22:30:07.296","13388546672","159257441","[PREMIUM]","[PREMIUM]","420B","1","5_8","5","8",4,"[2,4]",1743,"Grandstand Infield",20,"Mobile ticket",1,"[PREMIUM]","[PREMIUM]","[PREMIUM]","[PREMIUM]",true,false,"['Pepsi Lounge Access','Front Row of Section','Clear view']","2026-07-18 04:02:06"
"13380877348","2026-07-20 23:59:33.243","2026-07-23 00:55:18.433","13380877348","159257441","[PREMIUM]","[PREMIUM]","407B","1","_",,,2,"[2]",1179,"Grandstand Outfield",20,"Mobile ticket",1,"[PREMIUM]","[PREMIUM]","[PREMIUM]","[PREMIUM]",true,false,"['Front Row of Section','Clear view']","2026-07-17 06:22:13"
"13409804036","2026-07-20 23:59:33.243","2026-07-23 00:55:18.433","13409804036","159257441","[PREMIUM]","[PREMIUM]","432B","1","_",,,8,"[1,2,3,4,5,6,7,8]",1179,"Grandstand Outfield",20,"Mobile ticket",1,"[PREMIUM]","[PREMIUM]","[PREMIUM]","[PREMIUM]",true,false,"['Front Row of Section','Clear view']","2026-07-20 19:22:24"
"13409804033","2026-07-20 23:59:33.243","2026-07-23 00:55:18.433","13409804033","159257441","[PREMIUM]","[PREMIUM]","432B","3","_",,,3,"[1,2,3]",1179,"Grandstand Outfield",20,"Mobile ticket",1,"[PREMIUM]","[PREMIUM]","[PREMIUM]","[PREMIUM]",true,false,"['Third Row of Section','Clear view']","2026-07-20 19:22:24"
"13378701847","2026-07-20 23:59:33.200","2026-08-03 05:04:49.727","13378701847","159257442","[PREMIUM]","[PREMIUM]","328","1","21_24","21","24",4,"[2,4]",1744,"Terrace Outfield",20,"Mobile ticket",1,"[PREMIUM]","[PREMIUM]","[PREMIUM]","[PREMIUM]",true,false,"['Front Row of Section','Clear view']","2026-07-17 01:34:52"
"13402054417","2026-07-20 23:59:32.908","2026-08-03 05:05:27.887","13402054417","159257441","[PREMIUM]","[PREMIUM]","108","10","1_2","1","2",2,"[2]",4100,"Field Outfield",20,"Mobile ticket",1,"[PREMIUM]","[PREMIUM]","[PREMIUM]","[PREMIUM]",true,false,"['Clear view']","2026-07-20 05:01:01"
"13408640444","2026-07-20 23:59:32.677","2026-07-22 00:22:46.450","13408640444","159257441","[PREMIUM]","[PREMIUM]","211","10","14_19","14","19",6,"[1,2,3,4,6]",4109,"Main Outfield",20,"Mobile ticket",1,"[PREMIUM]","[PREMIUM]","[PREMIUM]","[PREMIUM]",true,false,"['Clear view']","2026-07-20 17:12:32"
"13408869048","2026-07-20 23:59:24.653","2026-07-29 23:21:21.403","13408869048","159257442","[PREMIUM]","[PREMIUM]","416","5","15_16","15","16",2,"[2]",1743,"Grandstand Infield",20,"Mobile ticket",1,"[PREMIUM]","[PREMIUM]","[PREMIUM]","[PREMIUM]",true,false,"['Clear view']","2026-07-20 17:44:32"
"13408691827","2026-07-20 23:59:24.616","2026-07-29 23:21:19.204","13408691827","159257441","[PREMIUM]","[PREMIUM]","230","6","13_15","13","15",3,"[1,3]",4109,"Main Outfield",20,"Mobile ticket",1,"[PREMIUM]","[PREMIUM]","[PREMIUM]","[PREMIUM]",true,false,"['Clear view']","2026-07-20 17:26:16"
"13406974678","2026-07-20 23:59:23.975","2026-07-20 23:59:23.975","13406974678","159257442","[PREMIUM]","[PREMIUM]","407A","14","_",,,23,"[1,2,3,4,5,6,7,8,9,10,11,12,13,14,15,16,17,18,19,20,21,22,23]",1179,"Grandstand Outfield",20,"Mobile ticket",1,"[PREMIUM]","[PREMIUM]","[PREMIUM]","[PREMIUM]",true,false,"['Clear view']","2026-07-20 14:45:55"
"13407928140","2026-07-20 23:59:23.975","2026-07-20 23:59:23.975","13407928140","159257442","[PREMIUM]","[PREMIUM]","434A","3","_",,,6,"[1,2,3,4,5,6]",1179,"Grandstand Outfield",20,"Mobile ticket",1,"[PREMIUM]","[PREMIUM]","[PREMIUM]","[PREMIUM]",true,false,"['Third Row of Section','Clear view']","2026-07-20 15:56:22"
"13411383749","2026-07-20 23:59:23.975","2026-07-20 23:59:23.975","13411383749","159257442","[PREMIUM]","[PREMIUM]","433","12","_",,,4,"[1,2,3,4]",1179,"Grandstand Outfield",20,"Mobile ticket",1,"[PREMIUM]","[PREMIUM]","[PREMIUM]","[PREMIUM]",true,false,"['Clear view']","2026-07-20 21:33:55"
"13401856394","2026-07-20 23:59:23.957","2026-07-22 00:20:20.497","13401856394","159257442","[PREMIUM]","[PREMIUM]","434B","4","_",,,9,"[1,2,3,4,5,6,7,8,9]",1179,"Grandstand Outfield",20,"Mobile ticket",1,"[PREMIUM]","[PREMIUM]","[PREMIUM]","[PREMIUM]",true,false,"['Clear view']","2026-07-20 04:13:03"
"13403214503","2026-07-20 23:59:23.957","2026-07-20 23:59:23.957","13403214503","159257442","[PREMIUM]","[PREMIUM]","405","6","_",,,14,"[1,2,3,4,5,6,7,8,9,10,11,12,13,14]",1179,"Grandstand Outfield",20,"Mobile ticket",1,"[PREMIUM]","[PREMIUM]","[PREMIUM]","[PREMIUM]",true,false,"['Clear view']","2026-07-20 10:03:38"
"13403214552","2026-07-20 23:59:23.957","2026-07-20 23:59:23.957","13403214552","159257442","[PREMIUM]","[PREMIUM]","405","5","_",,,10,"[1,2,3,4,5,6,7,8,9,10]",1179,"Grandstand Outfield",20,"Mobile ticket",1,"[PREMIUM]","[PREMIUM]","[PREMIUM]","[PREMIUM]",true,false,"['Clear view']","2026-07-20 10:03:38"
"13407926959","2026-07-20 23:59:23.957","2026-07-22 00:20:20.838","13407926959","159257442","[PREMIUM]","[PREMIUM]","434A","9","_",,,4,"[1,2,3,4]",1179,"Grandstand Outfield",20,"Mobile ticket",1,"[PREMIUM]","[PREMIUM]","[PREMIUM]","[PREMIUM]",true,false,"['Clear view']","2026-07-20 15:56:20"
"13409814093","2026-07-20 23:59:23.957","2026-07-22 00:20:20.497","13409814093","159257442","[PREMIUM]","[PREMIUM]","434B","3","_",,,13,"[1,2,3,4,5,6,7,8,9,10,11,12,13]",1179,"Grandstand Outfield",20,"Mobile ticket",1,"[PREMIUM]","[PREMIUM]","[PREMIUM]","[PREMIUM]",true,false,"['Third Row of Section','Clear view']","2026-07-20 19:23:25"
"13289358236","2026-07-20 23:59:23.776","2026-07-29 05:29:23.015","13289358236","159261053","[PREMIUM]","[PREMIUM]","135","1","_",,,2,"[2]",17106,"Field Reserved Platinum",20,"Mobile ticket",1,"[PREMIUM]","[PREMIUM]","[PREMIUM]","[PREMIUM]",true,false,"['Front Row of Section','Clear view']","2026-07-08 20:27:04"
"13395140299","2026-07-20 23:59:23.557","2026-07-23 22:38:28.251","13395140299","159261053","[PREMIUM]","[PREMIUM]","121",,"_",,,10,"[1,2,3,4,5,6,7,8,9,10]",4261,"Metropolitan Platinum",20,"Mobile ticket",1,"[PREMIUM]","[PREMIUM]","[PREMIUM]","[PREMIUM]",true,true,"['Clear view']","2026-07-19 05:38:16"
"13394256619","2026-07-20 23:59:23.528","2026-08-01 05:27:09.807","13394256619","159261053","[PREMIUM]","[PREMIUM]","14","1","_",,,2,"[2]",23671,"Clover/Fiserv Platinum",20,"Mobile ticket",1,"[PREMIUM]","[PREMIUM]","[PREMIUM]","[PREMIUM]",true,false,"['Front Row of Section','Clear view']","2026-07-19 02:27:06"
"13383702570","2026-07-20 23:59:23.499","2026-07-20 23:59:23.499","13383702570","159261053","[PREMIUM]","[PREMIUM]","119","6","_",,,2,"[2]",4257,"Hyundai Club",20,"Mobile ticket",1,"[PREMIUM]","[PREMIUM]","[PREMIUM]","[PREMIUM]",true,false,"['Third Row of Section','Clear view']","2026-07-17 15:42:28"
"13404977268","2026-07-20 23:59:23.492","2026-07-20 23:59:23.492","13404977268","159263251","[PREMIUM]","[PREMIUM]","210","D","_",,,4,"[2,4]",1433,"Press Level",20,"Mobile ticket",1,"[PREMIUM]","[PREMIUM]","[PREMIUM]","[PREMIUM]",true,false,"['Clear view']","2026-07-20 11:44:22"
"12096685168","2026-07-20 23:59:23.299","2026-07-20 23:59:23.299","12096685168","159257441","[PREMIUM]","[PREMIUM]","238","18","_",,,4,"[1,2,4]",1345,"Bleachers",20,"Mobile ticket",1,"[PREMIUM]","[PREMIUM]","[PREMIUM]","[PREMIUM]",true,false,"['Clear view']","2026-03-18 18:22:27"
"13262816435","2026-07-20 23:59:23.299","2026-07-27 01:15:35.722","13262816435","159257441","[PREMIUM]","[PREMIUM]","238","9","5_8","5","8",4,"[1,2,4]",1345,"Bleachers",20,"Mobile ticket",1,"[PREMIUM]","[PREMIUM]","[PREMIUM]","[PREMIUM]",true,false,"['Clear view']","2026-07-06 15:20:16"
"13373862766","2026-07-20 23:59:22.727","2026-08-04 05:26:23.584","13373862766","159261053","[PREMIUM]","[PREMIUM]","113","8","5_8","5","8",4,"[1,2,4]",4259,"Metropolitan Bronze",20,"Mobile ticket",1,"[PREMIUM]","[PREMIUM]","[PREMIUM]","[PREMIUM]",true,false,"['Clear view']","2026-07-16 16:23:10"
"13409500464","2026-07-20 23:59:22.209","2026-07-22 00:20:55.901","13409500464","159257441","[PREMIUM]","[PREMIUM]","411","4","1_5","1","5",5,"[1,2,3,5]",1179,"Grandstand Outfield",20,"Mobile ticket",1,"[PREMIUM]","[PREMIUM]","[PREMIUM]","[PREMIUM]",true,false,"['Pepsi Lounge Access','Clear view']","2026-07-20 18:58:32"
"13373857520","2026-07-20 23:59:22.127","2026-08-02 05:26:18.909","13373857520","159261053","[PREMIUM]","[PREMIUM]","114","20","7_13","7","13",7,"[1,2,3,4,5,7]",4258,"Metropolitan Box",20,"Mobile ticket",1,"[PREMIUM]","[PREMIUM]","[PREMIUM]","[PREMIUM]",true,false,"['Clear view']","2026-07-16 16:22:45"
"13410822690","2026-07-20 23:59:21.902","2026-07-20 23:59:21.902","13410822690","159257441","[PREMIUM]","[PREMIUM]","407A","11","_",,,17,"[1,2,3,4,5,6,7,8,9,10,11,12,13,14,15,16,17]",1179,"Grandstand Outfield",20,"Mobile ticket",1,"[PREMIUM]","[PREMIUM]","[PREMIUM]","[PREMIUM]",true,false,"['Clear view']","2026-07-20 20:44:08"
"13411093747","2026-07-20 23:59:21.902","2026-07-22 00:20:59.403","13411093747","159257441","[PREMIUM]","[PREMIUM]","434A","5","_",,,14,"[1,2,3,4,5,6,7,8,9,10,11,12,13,14]",1179,"Grandstand Outfield",20,"Mobile ticket",1,"[PREMIUM]","[PREMIUM]","[PREMIUM]","[PREMIUM]",true,false,"['Clear view']","2026-07-20 21:14:14"
"13413099910","2026-07-20 23:59:21.902","2026-07-22 00:20:59.403","13413099910","159257441","[PREMIUM]","[PREMIUM]","434A","6","_",,,2,"[2]",1179,"Grandstand Outfield",20,"Mobile ticket",1,"[PREMIUM]","[PREMIUM]","[PREMIUM]","[PREMIUM]",true,false,"['Clear view']","2026-07-20 23:28:30"
"13413207610","2026-07-20 23:59:21.584","2026-07-31 00:13:18.673","13413207610","159257441","[PREMIUM]","[PREMIUM]","430","2","3_5","3","5",3,"[1,3]",1179,"Grandstand Outfield",20,"Mobile ticket",1,"[PREMIUM]","[PREMIUM]","[PREMIUM]","[PREMIUM]",true,false,"['Second Row of Section','Clear view']","2026-07-20 23:36:43"
"13052302748","2026-07-20 23:59:21.580","2026-08-03 05:05:24.077","13052302748","159257441","[PREMIUM]","[PREMIUM]","423","7","9_10","9","10",2,"[2]",1743,"Grandstand Infield",20,"Mobile ticket",1,"[PREMIUM]","[PREMIUM]","[PREMIUM]","[PREMIUM]",true,false,"['Clear view']","2026-06-17 05:03:47"
"13262824064","2026-07-20 23:59:21.385","2026-07-31 00:13:20.408","13262824064","159257441","[PREMIUM]","[PREMIUM]","411","3","14_15","14","15",2,"[2]",1179,"Grandstand Outfield",20,"Mobile ticket",1,"[PREMIUM]","[PREMIUM]","[PREMIUM]","[PREMIUM]",true,false,"['Third Row of Section','Clear view']","2026-07-06 15:21:20"
"13407938618","2026-07-20 23:59:21.385","2026-07-31 00:13:20.408","13407938618","159257441","[PREMIUM]","[PREMIUM]","420A","3","6_7","6","7",2,"[2]",1743,"Grandstand Infield",20,"Mobile ticket",1,"[PREMIUM]","[PREMIUM]","[PREMIUM]","[PREMIUM]",true,false,"['Third Row of Section','Clear view']","2026-07-20 15:57:02"
"13407938620","2026-07-20 23:59:21.223","2026-07-22 00:19:07.759","13407938620","159257441","[PREMIUM]","[PREMIUM]","429","7","19_20","19","20",2,"[2]",1179,"Grandstand Outfield",20,"Mobile ticket",1,"[PREMIUM]","[PREMIUM]","[PREMIUM]","[PREMIUM]",true,false,"['Clear view']","2026-07-20 15:57:02"
"13407938610","2026-07-20 23:59:21.223","2026-07-20 23:59:21.223","13407938610","159257441","[PREMIUM]","[PREMIUM]","413","4","7_8","7","8",2,"[2]",1179,"Grandstand Outfield",20,"Mobile ticket",1,"[PREMIUM]","[PREMIUM]","[PREMIUM]","[PREMIUM]",true,false,"['Clear view']","2026-07-20 15:57:02"
"13413019440","2026-07-20 23:59:20.662","2026-08-04 05:26:21.075","13413019440","159261053","[PREMIUM]","[PREMIUM]","123","13","3_8","3","8",6,"[1,2,3,4,6]",4258,"Metropolitan Box",20,"Mobile ticket",1,"[PREMIUM]","[PREMIUM]","[PREMIUM]","[PREMIUM]",true,false,"['Clear view']","2026-07-20 23:22:22"
"13373856603","2026-07-20 23:59:19.862","2026-08-04 05:26:17.096","13373856603","159261053","[PREMIUM]","[PREMIUM]","109","15","3_8","3","8",6,"[1,2,3,4,6]",3361,"Field Box",20,"Mobile ticket",1,"[PREMIUM]","[PREMIUM]","[PREMIUM]","[PREMIUM]",true,false,"['Clear view']","2026-07-16 16:22:39"
"13407071737","2026-07-20 23:59:19.818","2026-08-02 05:26:15.227","13407071737","159261053","[PREMIUM]","[PREMIUM]","112","27","3_5","3","5",3,"[1,3]",4258,"Metropolitan Box",20,"Mobile ticket",1,"[PREMIUM]","[PREMIUM]","[PREMIUM]","[PREMIUM]",true,false,"['Clear view']","2026-07-20 14:52:12"
"13387035923","2026-07-20 23:59:19.675","2026-07-25 05:18:56.079","13387035923","159257443","[PREMIUM]","[PREMIUM]","422","8","7_8","7","8",2,"[2]",1743,"Grandstand Infield",20,"Mobile ticket",1,"[PREMIUM]","[PREMIUM]","[PREMIUM]","[PREMIUM]",true,false,"['Clear view']","2026-07-17 23:00:58"
"13373855795","2026-07-20 23:59:17.496","2026-07-23 00:55:33.518","13373855795","159261053","[PREMIUM]","[PREMIUM]","101","10","12_19","12","19",8,"[1,2,3,4,5,6,8]",3852,"Field Reserved",20,"Mobile ticket",1,"[PREMIUM]","[PREMIUM]","[PREMIUM]","[PREMIUM]",true,false,"['Clear view']","2026-07-16 16:22:35"
"13361839248","2026-07-20 23:59:17.480","2026-07-20 23:59:17.480","13361839248","159261053","[PREMIUM]","[PREMIUM]","134","6","11_12","11","12",2,"[2]",3852,"Field Reserved",20,"Mobile ticket",1,"[PREMIUM]","[PREMIUM]","[PREMIUM]","[PREMIUM]",true,false,"['Clear view']","2026-07-15 16:03:42"
"13394272574","2026-07-20 23:59:17.480","2026-07-22 00:23:26.513","13394272574","159261053","[PREMIUM]","[PREMIUM]","136","3","_",,,2,"[2]",3852,"Field Reserved",20,"Mobile ticket",1,"[PREMIUM]","[PREMIUM]","[PREMIUM]","[PREMIUM]",true,false,"['Third Row of Section','Clear view']","2026-07-19 02:31:50"
"13410836840","2026-07-20 23:59:17.093","2026-07-20 23:59:17.093","13410836840","159257442","[PREMIUM]","[PREMIUM]","203","13","_",,,2,"[1,2]",1345,"Bleachers",20,"Mobile ticket",1,"[PREMIUM]","[PREMIUM]","[PREMIUM]","[PREMIUM]",true,false,"['Aisle seat','Pepsi Lounge Access','Audi Yankees Club Access - Food and soft drinks not included','Clear view']","2026-07-20 20:45:12"
"13373854592","2026-07-20 23:59:16.158","2026-07-20 23:59:16.158","13373854592","159261053","[PREMIUM]","[PREMIUM]","336","3","13_20","13","20",8,"[1,2,3,4,5,6,8]",18089,"The Porch Presented by Hijole!",20,"Mobile ticket",1,"[PREMIUM]","[PREMIUM]","[PREMIUM]","[PREMIUM]",true,false,"['Third Row of Section','Clear view']","2026-07-16 16:22:29"
"13134480364","2026-07-20 23:59:16.120","2026-08-03 05:21:39.686","13134480364","159261052","[PREMIUM]","[PREMIUM]","CADI","2","21_22","21","22",2,"[2]",18093,"The Cadillac Club at Payson's Gold",20,"Mobile ticket",1,"[PREMIUM]","[PREMIUM]","[PREMIUM]","[PREMIUM]",true,false,"['Second Row of Section','Clear view']","2026-06-24 20:57:45"
"13408055471","2026-07-20 23:59:15.989","2026-07-31 06:47:20.876","13408055471","159261053","[PREMIUM]","[PREMIUM]","131","28","1_4","1","4",4,"[1,2,4]",2495,"Baseline Box",20,"Mobile ticket",1,"[PREMIUM]","[PREMIUM]","[PREMIUM]","[PREMIUM]",true,false,"['Clear view']","2026-07-20 16:08:21"
"13408273901","2026-07-20 23:59:15.928","2026-07-22 00:23:25.722","13408273901","159261053","[PREMIUM]","[PREMIUM]","138","6","_",,,4,"[2,4]",3852,"Field Reserved",20,"Mobile ticket",1,"[PREMIUM]","[PREMIUM]","[PREMIUM]","[PREMIUM]",true,false,"['Clear view']","2026-07-20 16:30:09"
"13344969324","2026-07-20 23:59:15.913","2026-08-04 05:26:17.656","13344969324","159261053","[PREMIUM]","[PREMIUM]","301","8","3_5","3","5",3,"[1,3]",17112,"Coca-Cola Corner",20,"Mobile ticket",1,"[PREMIUM]","[PREMIUM]","[PREMIUM]","[PREMIUM]",true,false,"['Clear view']","2026-07-13 19:12:23"
"13100204652","2026-07-20 23:59:15.556","2026-07-23 00:55:47.537","13100204652","159261054","[PREMIUM]","[PREMIUM]","15","1","_",,,4,"[4]",23671,"Clover/Fiserv Platinum",20,"Mobile ticket",1,"[PREMIUM]","[PREMIUM]","[PREMIUM]","[PREMIUM]",true,false,"['Front Row of Section','Clear view']","2026-06-21 22:23:10"
"13373862449","2026-07-20 23:59:14.738","2026-08-04 05:26:11.248","13373862449","159261053","[PREMIUM]","[PREMIUM]","302","10","13_18","13","18",6,"[1,2,3,4,6]",17112,"Coca-Cola Corner",20,"Mobile ticket",1,"[PREMIUM]","[PREMIUM]","[PREMIUM]","[PREMIUM]",true,false,"['Clear view']","2026-07-16 16:23:09"
"13399743688","2026-07-20 23:59:14.722","2026-07-28 06:20:27.941","13399743688","159261054","[PREMIUM]","[PREMIUM]","14","1","_",,,2,"[2]",23671,"Clover/Fiserv Platinum",20,"Mobile ticket",1,"[PREMIUM]","[PREMIUM]","[PREMIUM]","[PREMIUM]",true,false,"['Front Row of Section','Clear view']","2026-07-19 20:26:07"
"13399866222","2026-07-20 23:59:14.658","2026-08-03 05:23:52.539","13399866222","159261054","[PREMIUM]","[PREMIUM]","112","2","_",,,2,"[2]",17108,"Metropolitan Field Diamond",20,"Mobile ticket",1,"[PREMIUM]","[PREMIUM]","[PREMIUM]","[PREMIUM]",true,false,"['Second Row of Section','Clear view']","2026-07-19 20:42:05"
"13409583820","2026-07-20 23:59:12.863","2026-08-04 05:27:31.305","13409583820","159261054","[PREMIUM]","[PREMIUM]","125","A-WC","_",,,3,"[1,2,3]",4255,"Field Gold",20,"Mobile ticket",1,"[PREMIUM]","[PREMIUM]","[PREMIUM]","[PREMIUM]",true,false,"['Actual 1st row of the section','ADA Wheelchair Accessible','Clear view']","2026-07-20 19:07:45"
"13052304111","2026-07-20 23:59:12.779","2026-08-01 12:01:23.352","13052304111","159257441","[PREMIUM]","[PREMIUM]","423","5","15_16","15","16",2,"[2]",1743,"Grandstand Infield",20,"Mobile ticket",1,"[PREMIUM]","[PREMIUM]","[PREMIUM]","[PREMIUM]",true,false,"['Clear view']","2026-06-17 05:03:55"
"13209734546","2026-07-20 23:59:12.779","2026-07-20 23:59:12.779","13209734546","159257441","[PREMIUM]","[PREMIUM]","424","3","18_19","18","19",2,"[2]",1743,"Grandstand Infield",20,"Mobile ticket",14,"[PREMIUM]","[PREMIUM]","[PREMIUM]","[PREMIUM]",true,false,"['Third Row of Section','Clear view']","2026-07-01 19:30:31"
"13209734131","2026-07-20 23:59:12.779","2026-07-20 23:59:12.779","13209734131","159257441","[PREMIUM]","[PREMIUM]","416","2","18_19","18","19",2,"[2]",1743,"Grandstand Infield",20,"Mobile ticket",14,"[PREMIUM]","[PREMIUM]","[PREMIUM]","[PREMIUM]",true,false,"['Second Row of Section','Clear view']","2026-07-01 19:30:26"
"13409179776","2026-07-20 23:59:12.612","2026-08-04 05:26:08.895","13409179776","159261053","[PREMIUM]","[PREMIUM]","425","2","15_16","15","16",2,"[2]",17120,"Promenade Baseline",20,"Mobile ticket",1,"[PREMIUM]","[PREMIUM]","[PREMIUM]","[PREMIUM]",true,false,"['Second Row of Section','Clear view']","2026-07-20 18:12:12"
"13373864129","2026-07-20 23:59:12.610","2026-07-20 23:59:12.610","13373864129","159261053","[PREMIUM]","[PREMIUM]","505","1","5_10","5","10",6,"[1,2,3,4,6]",17123,"Promenade Outfield Gold",20,"Mobile ticket",1,"[PREMIUM]","[PREMIUM]","[PREMIUM]","[PREMIUM]",true,false,"['Front Row of Section','Clear view']","2026-07-16 16:23:18"
"13410939859","2026-07-20 23:59:08.110","2026-07-20 23:59:08.110","13410939859","159261054","[PREMIUM]","[PREMIUM]","121",,"_",,,10,"[10]",4261,"Metropolitan Platinum",20,"Mobile ticket",1,"[PREMIUM]","[PREMIUM]","[PREMIUM]","[PREMIUM]",true,true,"['Clear view']","2026-07-20 20:55:10"
"13373866399","2026-07-20 23:59:07.991","2026-08-03 05:21:34.307","13373866399","159261052","[PREMIUM]","[PREMIUM]","109","4","1_12","1","12",12,"[1,2,3,4,5,6,7,8,9,10,12]",4256,"Field Silver",20,"Mobile ticket",1,"[PREMIUM]","[PREMIUM]","[PREMIUM]","[PREMIUM]",true,false,"['Clear view']","2026-07-16 16:23:31"
"13394272439","2026-07-20 23:59:07.234","2026-07-23 22:38:12.345","13394272439","159261052","[PREMIUM]","[PREMIUM]","125","4","_",,,2,"[2]",4256,"Field Silver",20,"Mobile ticket",1,"[PREMIUM]","[PREMIUM]","[PREMIUM]","[PREMIUM]",true,false,"['Clear view']","2026-07-19 02:31:50"
"13402021629","2026-07-20 23:59:07.135","2026-08-04 05:25:46.539","13402021629","159261052","[PREMIUM]","[PREMIUM]","122","24","1_6","1","6",6,"[1,2,3,4,6]",4258,"Metropolitan Box",20,"Mobile ticket",1,"[PREMIUM]","[PREMIUM]","[PREMIUM]","[PREMIUM]",true,false,"['Clear view']","2026-07-20 04:52:06"
"13398321754","2026-07-20 23:59:06.686","2026-08-04 05:27:29.149","13398321754","159261054","[PREMIUM]","[PREMIUM]","320","5","5_10","5","10",6,"[1,2,3,4,6]",13821,"Excelsior Silver",20,"Mobile ticket",1,"[PREMIUM]","[PREMIUM]","[PREMIUM]","[PREMIUM]",true,false,"['Clear view']","2026-07-19 16:13:06"
"13172182794","2026-07-20 23:59:05.147","2026-08-04 05:25:40.638","13172182794","159261052","[PREMIUM]","[PREMIUM]","328","7","12_12","12","12",1,"[1]",17116,"Excelsior Box",20,"Mobile ticket",1,"[PREMIUM]","[PREMIUM]","[PREMIUM]","[PREMIUM]",false,false,"['Clear view']","2026-06-28 14:05:26"
"13399801161","2026-07-20 23:59:05.134","2026-07-20 23:59:05.134","13399801161","159261052","[PREMIUM]","[PREMIUM]","326","5","_",,,2,"[2]",17116,"Excelsior Box",20,"Mobile ticket",1,"[PREMIUM]","[PREMIUM]","[PREMIUM]","[PREMIUM]",true,false,"['Clear view']","2026-07-19 20:34:57"
"13410568103","2026-07-20 23:59:05.077","2026-07-20 23:59:05.077","13410568103","159261054","[PREMIUM]","[PREMIUM]","327","5","13_21","13","21",9,"[1,2,3,4,5,6,7,9]",17116,"Excelsior Box",20,"Mobile ticket",1,"[PREMIUM]","[PREMIUM]","[PREMIUM]","[PREMIUM]",true,false,"['Clear view']","2026-07-20 20:22:16"
"13412233386","2026-07-20 23:59:04.725","2026-08-04 05:25:38.489","13412233386","159261052","[PREMIUM]","[PREMIUM]","409","2","_",,,3,"[3]",17120,"Promenade Baseline",20,"Mobile ticket",14,"[PREMIUM]","[PREMIUM]","[PREMIUM]","[PREMIUM]",true,false,"['Actual 2nd row of section','Clear view']","2026-07-20 22:35:10"
"13409934897","2026-07-20 23:59:03.683","2026-07-20 23:59:03.683","13409934897","159261054","[PREMIUM]","[PREMIUM]","329","9","7_12","7","12",6,"[1,2,3,4,6]",17116,"Excelsior Box",20,"Mobile ticket",1,"[PREMIUM]","[PREMIUM]","[PREMIUM]","[PREMIUM]",true,false,"['Clear view']","2026-07-20 19:32:37"
"13230088679","2026-07-20 23:59:03.537","2026-07-26 05:39:02.593","13230088679","159261052","[PREMIUM]","[PREMIUM]","134","2","17_19","17","19",3,"[1,3]",3852,"Field Reserved",20,"Mobile ticket",1,"[PREMIUM]","[PREMIUM]","[PREMIUM]","[PREMIUM]",true,false,"['Second Row of Section','Clear view']","2026-07-03 15:08:55"
"13373860136","2026-07-20 23:59:02.636","2026-07-20 23:59:02.636","13373860136","159261052","[PREMIUM]","[PREMIUM]","301","5","14_15","14","15",2,"[2]",17112,"Coca-Cola Corner",20,"Mobile ticket",1,"[PREMIUM]","[PREMIUM]","[PREMIUM]","[PREMIUM]",true,false,"['Clear view']","2026-07-16 16:22:56"
"13230116330","2026-07-20 23:59:02.372","2026-07-29 05:29:53.931","13230116330","159261054","[PREMIUM]","[PREMIUM]","134","2","18_19","18","19",2,"[2]",3852,"Field Reserved",20,"Mobile ticket",1,"[PREMIUM]","[PREMIUM]","[PREMIUM]","[PREMIUM]",true,false,"['Second Row of Section','Clear view']","2026-07-03 15:12:17"
"13389042378","2026-07-20 23:59:01.253","2026-08-04 05:25:35.242","13389042378","159261052","[PREMIUM]","[PREMIUM]","514","13","11_14","11","14",4,"[1,2,4]",4267,"Promenade Infield",20,"Mobile ticket",1,"[PREMIUM]","[PREMIUM]","[PREMIUM]","[PREMIUM]",true,false,"['Clear view']","2026-07-18 05:12:11"
"13413312071","2026-07-20 23:59:01.031","2026-07-20 23:59:01.031","13413312071","159261051","[PREMIUM]","[PREMIUM]","121",,"_",,,12,"[12]",4261,"Metropolitan Platinum",20,"Mobile ticket",1,"[PREMIUM]","[PREMIUM]","[PREMIUM]","[PREMIUM]",true,true,"['Clear view']","2026-07-20 23:47:05"
"13410684753","2026-07-20 23:59:01.013","2026-07-20 23:59:01.013","13410684753","159261051","[PREMIUM]","[PREMIUM]","114",,"_",,,12,"[12]",4261,"Metropolitan Platinum",20,"Mobile ticket",1,"[PREMIUM]","[PREMIUM]","[PREMIUM]","[PREMIUM]",true,true,"['Clear view']","2026-07-20 20:31:02"
"13407783462","2026-07-20 23:59:00.958","2026-08-04 05:25:33.451","13407783462","159261052","[PREMIUM]","[PREMIUM]","432","2","_",,,2,"[2]",4265,"Promenade Box",20,"Mobile ticket",1,"[PREMIUM]","[PREMIUM]","[PREMIUM]","[PREMIUM]",true,false,"['Second Row of Section','Clear view']","2026-07-20 15:44:46"
"13402596276","2026-07-20 23:59:00.427","2026-08-04 05:27:34.892","13402596276","159261051","[PREMIUM]","[PREMIUM]","338L",,"_",,,7,"[1,2,3,4,5,6,7]",18091,"The Porch Lounge Presented by Hijole!",20,"Mobile ticket",1,"[PREMIUM]","[PREMIUM]","[PREMIUM]","[PREMIUM]",true,true,"['Clear view']","2026-07-20 08:04:52"
"13408281462","2026-07-20 23:58:59.131","2026-08-04 05:27:33.493","13408281462","159261051","[PREMIUM]","[PREMIUM]","317","3","1_2","1","2",2,"[2]",13821,"Excelsior Silver",20,"Mobile ticket",1,"[PREMIUM]","[PREMIUM]","[PREMIUM]","[PREMIUM]",true,false,"['Third Row of Section','Clear view']","2026-07-20 16:32:19"
"13406721642","2026-07-20 23:58:58.977","2026-08-04 05:27:32.522","13406721642","159261051","[PREMIUM]","[PREMIUM]","413","2","_",,,2,"[2]",17121,"Promenade Silver",20,"Mobile ticket",1,"[PREMIUM]","[PREMIUM]","[PREMIUM]","[PREMIUM]",true,false,"['Second Row of Section','Clear view']","2026-07-20 14:28:50"
"13394272581","2026-07-20 23:58:58.971","2026-07-22 00:21:19.546","13394272581","159261051","[PREMIUM]","[PREMIUM]","125","4","_",,,2,"[2]",4256,"Field Silver",20,"Mobile ticket",1,"[PREMIUM]","[PREMIUM]","[PREMIUM]","[PREMIUM]",true,false,"['Clear view']","2026-07-19 02:31:50"
"13402587955","2026-07-20 23:58:58.656","2026-07-20 23:58:58.656","13402587955","159261051","[PREMIUM]","[PREMIUM]","528",,"_",,,2,"[1,2]",4269,"Promenade Reserved",20,"Mobile ticket",1,"[PREMIUM]","[PREMIUM]","[PREMIUM]","[PREMIUM]",true,true,"['Clear view']","2026-07-20 08:02:42"
"13278659288","2026-07-20 23:58:58.262","2026-08-02 05:28:00.556","13278659288","159261051","[PREMIUM]","[PREMIUM]","327","7","7_9","7","9",3,"[1,3]",17116,"Excelsior Box",20,"Mobile ticket",1,"[PREMIUM]","[PREMIUM]","[PREMIUM]","[PREMIUM]",true,false,"['Clear view']","2026-07-08 00:32:49"
"13364196475","2026-07-20 23:58:58.050","2026-08-04 05:27:30.989","13364196475","159261051","[PREMIUM]","[PREMIUM]","328","3","_",,,2,"[2]",17116,"Excelsior Box",20,"Mobile ticket",1,"[PREMIUM]","[PREMIUM]","[PREMIUM]","[PREMIUM]",true,false,"['Third Row of Section','Clear view']","2026-07-15 21:25:54"
"13230112704","2026-07-20 23:58:57.956","2026-07-31 06:47:11.771","13230112704","159261053","[PREMIUM]","[PREMIUM]","510","6","11_13","11","13",3,"[1,3]",4267,"Promenade Infield",20,"Mobile ticket",1,"[PREMIUM]","[PREMIUM]","[PREMIUM]","[PREMIUM]",true,false,"['Clear view']","2026-07-03 15:11:48"
"13389838517","2026-07-20 23:58:56.902","2026-08-02 05:27:47.614","13389838517","159261051","[PREMIUM]","[PREMIUM]","136","15","1_2","1","2",2,"[2]",3852,"Field Reserved",20,"Mobile ticket",1,"[PREMIUM]","[PREMIUM]","[PREMIUM]","[PREMIUM]",true,false,"['Clear view']","2026-07-18 09:22:10"
"13412001430","2026-07-20 23:58:56.849","2026-08-03 05:23:46.545","13412001430","159261051","[PREMIUM]","[PREMIUM]","302","2","_",,,2,"[2]",17112,"Coca-Cola Corner",20,"Mobile ticket",1,"[PREMIUM]","[PREMIUM]","[PREMIUM]","[PREMIUM]",true,false,"['Second Row of Section','Clear view']","2026-07-20 22:19:18"
"13410804167","2026-07-20 23:58:56.792","2026-08-04 05:27:28.708","13410804167","159261051","[PREMIUM]","[PREMIUM]","423","1","1_6","1","6",6,"[1,2,3,4,6]",17119,"Promenade Baseline Gold",20,"Mobile ticket",1,"[PREMIUM]","[PREMIUM]","[PREMIUM]","[PREMIUM]",true,false,"['Front Row of Section','Clear view']","2026-07-20 20:42:28"
"13364196474","2026-07-20 23:58:55.438","2026-08-04 05:27:26.214","13364196474","159261051","[PREMIUM]","[PREMIUM]","408",,"_",,,4,"[1,2,4]",17120,"Promenade Baseline",20,"Mobile ticket",1,"[PREMIUM]","[PREMIUM]","[PREMIUM]","[PREMIUM]",true,true,"['Clear view']","2026-07-15 21:25:54"
"13230116309","2026-07-20 23:58:53.320","2026-07-28 06:20:10.584","13230116309","159261054","[PREMIUM]","[PREMIUM]","510","6","11_13","11","13",3,"[1,3]",4267,"Promenade Infield",20,"Mobile ticket",1,"[PREMIUM]","[PREMIUM]","[PREMIUM]","[PREMIUM]",true,false,"['Clear view']","2026-07-03 15:12:17"
"13370467076","2026-07-20 23:58:47.812","2026-07-20 23:58:47.812","13370467076","159262893","[PREMIUM]","[PREMIUM]","226","3","_",,,1,"[1]",3418,"Terrace Club",20,"Mobile ticket",13,"[PREMIUM]","[PREMIUM]","[PREMIUM]","[PREMIUM]",false,false,"['Limited or Obstructed View (printed on ticket)','Third Row of Section']","2026-07-16 10:10:08"
"13335574796","2026-07-20 23:58:47.678","2026-07-20 23:58:47.678","13335574796","159262895","[PREMIUM]","[PREMIUM]","218","1","9001_9003","9001","9003",3,"[1,3]",3418,"Terrace Club",20,"Mobile ticket",13,"[PREMIUM]","[PREMIUM]","[PREMIUM]","[PREMIUM]",true,false,"['Front Row of Section','Clear view']","2026-07-12 07:51:29"
"13402950081","2026-07-20 23:58:47.678","2026-07-20 23:58:47.678","13402950081","159262895","[PREMIUM]","[PREMIUM]","ICAFLO","1","_",,,2,"[2]",17256,"Hit it Here Cafe - Inside Lower Counter",20,"Mobile ticket",13,"[PREMIUM]","[PREMIUM]","[PREMIUM]","[PREMIUM]",true,false,"['Limited or Obstructed View (printed on ticket)','Front Row of Section']","2026-07-20 09:46:58"
"12035692399","2026-07-20 23:58:47.296","2026-08-03 22:32:05.003","12035692399","159262895","[PREMIUM]","[PREMIUM]","27","3","9_11","9","11",3,"[3]",2408,"Diamond Club",20,"Mobile ticket",1,"[PREMIUM]","[PREMIUM]","[PREMIUM]","[PREMIUM]",true,false,"['KeyBank Diamond Club','Third Row of Section','Clear view']","2026-03-11 21:08:15"
"13335574934","2026-07-20 23:58:47.296","2026-07-20 23:58:47.296","13335574934","159262895","[PREMIUM]","[PREMIUM]","218","3","9001_9003","9001","9003",3,"[1,3]",3418,"Terrace Club",20,"Mobile ticket",13,"[PREMIUM]","[PREMIUM]","[PREMIUM]","[PREMIUM]",true,false,"['Limited or Obstructed View (printed on ticket)','Third Row of Section']","2026-07-12 07:51:30"
"13402964342","2026-07-20 23:58:47.211","2026-07-23 22:38:56.264","13402964342","159262895","[PREMIUM]","[PREMIUM]","238","1","_",,,4,"[1,2,3,4]",3418,"Terrace Club",20,"Mobile ticket",13,"[PREMIUM]","[PREMIUM]","[PREMIUM]","[PREMIUM]",true,false,"['Limited or Obstructed View (printed on ticket)','Front Row of Section']","2026-07-20 09:47:39"
"11162467571","2026-07-20 23:58:46.759","2026-08-01 22:27:42.957","11162467571","159262895","[PREMIUM]","[PREMIUM]","121","12","9_12","9","12",4,"[2,4]",609,"Lower Box",20,"Mobile ticket",1,"[PREMIUM]","[PREMIUM]","[PREMIUM]","[PREMIUM]",true,false,"['Clear view']","2025-12-16 18:32:50"
"11162467723","2026-07-20 23:58:46.686","2026-08-01 22:27:42.080","11162467723","159262895","[PREMIUM]","[PREMIUM]","136","24","1_8","1","8",8,"[1,2,3,4,6,8]",609,"Lower Box",20,"Mobile ticket",1,"[PREMIUM]","[PREMIUM]","[PREMIUM]","[PREMIUM]",true,false,"['Clear view']","2025-12-16 18:32:52"
"13410203441","2026-07-20 23:58:46.686","2026-07-20 23:58:46.686","13410203441","159262893","[PREMIUM]","[PREMIUM]","133","17","9001_9002","9001","9002",2,"[2]",609,"Lower Box",20,"Mobile ticket",13,"[PREMIUM]","[PREMIUM]","[PREMIUM]","[PREMIUM]",true,false,"['Front Row of Section','Clear view']","2026-07-20 19:49:16"
"13353628910","2026-07-20 23:58:46.645","2026-08-01 22:27:43.368","13353628910","159262895","[PREMIUM]","[PREMIUM]","136","23","_",,,2,"[2]",609,"Lower Box",20,"Mobile ticket",1,"[PREMIUM]","[PREMIUM]","[PREMIUM]","[PREMIUM]",true,false,"['Clear view']","2026-07-14 23:15:57"
"13402408740","2026-07-20 23:58:46.618","2026-07-20 23:58:46.618","13402408740","159262893","[PREMIUM]","[PREMIUM]","227","3","9001_9002","9001","9002",2,"[2]",3418,"Terrace Club",20,"Mobile ticket",13,"[PREMIUM]","[PREMIUM]","[PREMIUM]","[PREMIUM]",true,false,"['Third Row of Section','Clear view']","2026-07-20 06:44:29"
"13306008642","2026-07-20 23:58:46.614","2026-07-20 23:58:46.614","13306008642","159262893","[PREMIUM]","[PREMIUM]","138","20","5_6","5","6",2,"[2]",609,"Lower Box",20,"Mobile ticket",1,"[PREMIUM]","[PREMIUM]","[PREMIUM]","[PREMIUM]",true,false,"['Clear view']","2026-07-09 19:21:20"
"13352985085","2026-07-20 23:58:46.614","2026-07-20 23:58:46.614","13352985085","159262893","[PREMIUM]","[PREMIUM]","122","22","5_6","5","6",2,"[2]",609,"Lower Box",20,"Mobile ticket",1,"[PREMIUM]","[PREMIUM]","[PREMIUM]","[PREMIUM]",true,false,"['Clear view']","2026-07-14 20:53:11"
"13353110491","2026-07-20 23:58:46.614","2026-07-20 23:58:46.614","13353110491","159262893","[PREMIUM]","[PREMIUM]","140","11","5_6","5","6",2,"[2]",609,"Lower Box",20,"Mobile ticket",1,"[PREMIUM]","[PREMIUM]","[PREMIUM]","[PREMIUM]",true,false,"['Clear view']","2026-07-14 21:22:49"
"13408580423","2026-07-20 23:58:46.605","2026-07-20 23:58:46.605","13408580423","159262893","[PREMIUM]","[PREMIUM]","237","1","99_100","99","100",2,"[2]",3418,"Terrace Club",20,"Mobile ticket",1,"[PREMIUM]","[PREMIUM]","[PREMIUM]","[PREMIUM]",true,false,"['Front Row of Section','Clear view']","2026-07-20 17:04:26"
"13409980182","2026-07-20 23:58:46.605","2026-07-20 23:58:46.605","13409980182","159262893","[PREMIUM]","[PREMIUM]","121","10","9001_9003","9001","9003",3,"[3]",609,"Lower Box",20,"Mobile ticket",13,"[PREMIUM]","[PREMIUM]","[PREMIUM]","[PREMIUM]",true,false,"['Clear view']","2026-07-20 19:34:56"
"13409713030","2026-07-20 23:58:46.161","2026-07-23 00:56:03.609","13409713030","159262893","[PREMIUM]","[PREMIUM]","140","15","_",,,6,"[1,2,3,4,5,6]",609,"Lower Box",20,"Mobile ticket",1,"[PREMIUM]","[PREMIUM]","[PREMIUM]","[PREMIUM]",true,false,"['Clear view']","2026-07-20 19:16:21"
"10943774522","2026-07-20 23:58:46.115","2026-08-03 22:31:40.563","10943774522","159262893","[PREMIUM]","[PREMIUM]","135","31","1_8","1","8",8,"[1,2,3,4,6,8]",609,"Lower Box",20,"Mobile ticket",1,"[PREMIUM]","[PREMIUM]","[PREMIUM]","[PREMIUM]",true,false,"['Clear view']","2025-11-24 18:44:49"
"13373635470","2026-07-20 23:58:46.078","2026-08-03 22:31:45.123","13373635470","159262893","[PREMIUM]","[PREMIUM]","122","24","_",,,5,"[1,2,3,4,5]",609,"Lower Box",20,"Mobile ticket",1,"[PREMIUM]","[PREMIUM]","[PREMIUM]","[PREMIUM]",true,false,"['Clear view']","2026-07-16 15:55:59"
"13410226812","2026-07-20 23:58:45.954","2026-07-20 23:58:45.954","13410226812","159262894","[PREMIUM]","[PREMIUM]","133","17","9001_9002","9001","9002",2,"[2]",609,"Lower Box",20,"Mobile ticket",13,"[PREMIUM]","[PREMIUM]","[PREMIUM]","[PREMIUM]",true,false,"['Front Row of Section','Clear view']","2026-07-20 19:51:08"
"13398802025","2026-07-20 23:58:45.842","2026-07-22 00:26:44.711","13398802025","159262895","[PREMIUM]","[PREMIUM]","215","6","_",,,3,"[1,2,3]",3418,"Terrace Club",20,"Mobile ticket",1,"[PREMIUM]","[PREMIUM]","[PREMIUM]","[PREMIUM]",true,false,"['Clear view']","2026-07-19 17:56:20"
"13001906118","2026-07-20 23:58:45.791","2026-08-02 22:28:04.507","13001906118","159262895","[PREMIUM]","[PREMIUM]","215","4","9001_9002","9001","9002",2,"[1,2]",3418,"Terrace Club",20,"Mobile ticket",1,"[PREMIUM]","[PREMIUM]","[PREMIUM]","[PREMIUM]",true,false,"['Clear view']","2026-06-11 21:56:20"
"13408397444","2026-07-20 23:58:45.700","2026-08-03 22:31:19.705","13408397444","159262894","[PREMIUM]","[PREMIUM]","237","1","_",,,2,"[2]",3418,"Terrace Club",20,"Mobile ticket",1,"[PREMIUM]","[PREMIUM]","[PREMIUM]","[PREMIUM]",true,false,"['Front Row of Section','Clear view']","2026-07-20 16:41:31"
"13385077994","2026-07-20 23:58:45.664","2026-08-01 22:27:38.023","13385077994","159262893","[PREMIUM]","[PREMIUM]","217","6","_",,,4,"[1,2,3,4]",3418,"Terrace Club",20,"Mobile ticket",1,"[PREMIUM]","[PREMIUM]","[PREMIUM]","[PREMIUM]",true,false,"['Clear view']","2026-07-17 18:40:39"
"10973578545","2026-07-20 23:58:45.658","2026-08-03 22:31:56.173","10973578545","159262895","[PREMIUM]","[PREMIUM]","127","14","8_9","8","9",2,"[2]",609,"Lower Box",20,"Mobile ticket",1,"[PREMIUM]","[PREMIUM]","[PREMIUM]","[PREMIUM]",true,false,"['Clear view']","2025-11-27 18:48:25"
"11162469767","2026-07-20 23:58:45.286","2026-08-01 22:27:40.912","11162469767","159262895","[PREMIUM]","[PREMIUM]","147","10","1_4","1","4",4,"[2,4]",1524,"Field",20,"Mobile ticket",1,"[PREMIUM]","[PREMIUM]","[PREMIUM]","[PREMIUM]",true,false,"['Front Row of Section','Clear view']","2025-12-16 18:33:20"
"13375884740","2026-07-20 23:58:45.266","2026-07-31 22:27:52.059","13375884740","159262893","[PREMIUM]","[PREMIUM]","242","6","_",,,10,"[1,2,3,4,5,6,7,8,9,10]",3418,"Terrace Club",20,"Mobile ticket",1,"[PREMIUM]","[PREMIUM]","[PREMIUM]","[PREMIUM]",true,false,"['Clear view']","2026-07-16 20:01:21"
"13403270210","2026-07-20 23:58:45.064","2026-07-22 00:26:37.822","13403270210","159262894","[PREMIUM]","[PREMIUM]","238","5","_",,,2,"[2]",3418,"Terrace Club",20,"Mobile ticket",1,"[PREMIUM]","[PREMIUM]","[PREMIUM]","[PREMIUM]",true,false,"['Clear view']","2026-07-20 10:05:59"
"13378651638","2026-07-20 23:58:45.026","2026-07-20 23:58:45.026","13378651638","159262893","[PREMIUM]","[PREMIUM]","132","33","_",,,8,"[1,2,3,4,5,6,7,8]",609,"Lower Box",20,"Mobile ticket",1,"[PREMIUM]","[PREMIUM]","[PREMIUM]","[PREMIUM]",true,false,"['Clear view']","2026-07-17 01:27:47"
"13407538178","2026-07-20 23:58:44.993","2026-07-20 23:58:44.993","13407538178","159262247","[PREMIUM]","[PREMIUM]","145","2","9001_9001","9001","9001",1,"[1]",1749,"Field Level Outfield",20,"Mobile ticket",13,"[PREMIUM]","[PREMIUM]","[PREMIUM]","[PREMIUM]",false,false,"['Limited or Obstructed View (printed on ticket)','Second Row of Section']","2026-07-20 15:24:50"
"13407534157","2026-07-20 23:58:44.993","2026-07-22 00:26:01.019","13407534157","159262247","[PREMIUM]","[PREMIUM]","420","1","9001_9001","9001","9001",1,"[1]",2402,"Terrace Deck",20,"Mobile ticket",13,"[PREMIUM]","[PREMIUM]","[PREMIUM]","[PREMIUM]",false,false,"['Front Row of Section','Clear view']","2026-07-20 15:24:34"
"13407533430","2026-07-20 23:58:44.993","2026-07-22 00:25:51.627","13407533430","159262247","[PREMIUM]","[PREMIUM]","107","5","9001_9003","9001","9003",3,"[3]",1749,"Field Level Outfield",20,"Mobile ticket",13,"[PREMIUM]","[PREMIUM]","[PREMIUM]","[PREMIUM]",true,false,"['Second Row of Section','Clear view']","2026-07-20 15:24:31"
"13407526605","2026-07-20 23:58:44.993","2026-07-22 00:26:01.019","13407526605","159262247","[PREMIUM]","[PREMIUM]","135","1","9001_9002","9001","9002",2,"[2]",17265,"Field Level Baseline",20,"Mobile ticket",13,"[PREMIUM]","[PREMIUM]","[PREMIUM]","[PREMIUM]",true,false,"['Limited or Obstructed View (printed on ticket)','Front Row of Section']","2026-07-20 15:23:57"
"13407524187","2026-07-20 23:58:44.993","2026-07-22 00:25:51.627","13407524187","159262247","[PREMIUM]","[PREMIUM]","329","1","9001_9001","9001","9001",1,"[1]",519,"Terrace",20,"Mobile ticket",13,"[PREMIUM]","[PREMIUM]","[PREMIUM]","[PREMIUM]",false,false,"['Limited or Obstructed View (printed on ticket)','Front Row of Section']","2026-07-20 15:23:45"
"13407522038","2026-07-20 23:58:44.993","2026-07-22 00:26:01.019","13407522038","159262247","[PREMIUM]","[PREMIUM]","138","1","9001_9003","9001","9003",3,"[1,3]",17265,"Field Level Baseline",20,"Mobile ticket",13,"[PREMIUM]","[PREMIUM]","[PREMIUM]","[PREMIUM]",true,false,"['Limited or Obstructed View (printed on ticket)','Front Row of Section']","2026-07-20 15:23:34"
"13407553873","2026-07-20 23:58:44.794","2026-07-22 00:26:05.817","13407553873","159262247","[PREMIUM]","[PREMIUM]","210","1","9001_9001","9001","9001",1,"[1]",1297,"Pavilion",20,"Mobile ticket",13,"[PREMIUM]","[PREMIUM]","[PREMIUM]","[PREMIUM]",false,false,"['Limited or Obstructed View (printed on ticket)','Front Row of Section']","2026-07-20 15:26:01"
"13407551001","2026-07-20 23:58:44.794","2026-07-22 00:26:05.817","13407551001","159262247","[PREMIUM]","[PREMIUM]","325","1","9001_9002","9001","9002",2,"[2]",519,"Terrace",20,"Mobile ticket",13,"[PREMIUM]","[PREMIUM]","[PREMIUM]","[PREMIUM]",true,false,"['Limited or Obstructed View (printed on ticket)','Front Row of Section']","2026-07-20 15:25:51"
"13407547716","2026-07-20 23:58:44.794","2026-07-20 23:58:44.794","13407547716","159262247","[PREMIUM]","[PREMIUM]","134","1","9001_9002","9001","9002",2,"[2]",17265,"Field Level Baseline",20,"Mobile ticket",13,"[PREMIUM]","[PREMIUM]","[PREMIUM]","[PREMIUM]",true,false,"['Limited or Obstructed View (printed on ticket)','Front Row of Section']","2026-07-20 15:25:35"
"13407534912","2026-07-20 23:58:44.794","2026-07-22 00:25:51.627","13407534912","159262247","[PREMIUM]","[PREMIUM]","206","1","9001_9003","9001","9003",3,"[1,3]",1297,"Pavilion",20,"Mobile ticket",13,"[PREMIUM]","[PREMIUM]","[PREMIUM]","[PREMIUM]",true,false,"['Limited or Obstructed View (printed on ticket)','Front Row of Section']","2026-07-20 15:24:37"
"13407532458","2026-07-20 23:58:44.794","2026-07-22 00:25:51.627","13407532458","159262247","[PREMIUM]","[PREMIUM]","244","1","9001_9001","9001","9001",1,"[1]",37613,"GHOST Energy Deck",20,"Mobile ticket",13,"[PREMIUM]","[PREMIUM]","[PREMIUM]","[PREMIUM]",false,false,"['Limited or Obstructed View (printed on ticket)','Front Row of Section']","2026-07-20 15:24:25"
"13407521862","2026-07-20 23:58:44.794","2026-07-22 00:25:51.627","13407521862","159262247","[PREMIUM]","[PREMIUM]","229","3","9001_9002","9001","9002",2,"[2]",3671,"Hall of Fame Club",20,"Mobile ticket",13,"[PREMIUM]","[PREMIUM]","[PREMIUM]","[PREMIUM]",true,false,"['Limited or Obstructed View (printed on ticket)','Third Row of Section']","2026-07-20 15:23:33"
"10943774314","2026-07-20 23:58:44.735","2026-07-20 23:58:44.735","10943774314","159262893","[PREMIUM]","[PREMIUM]","131","35","5_12","5","12",8,"[1,2,3,4,6,8]",609,"Lower Box",20,"Mobile ticket",1,"[PREMIUM]","[PREMIUM]","[PREMIUM]","[PREMIUM]",true,false,"['Clear view']","2025-11-24 18:44:47"
"13398330481","2026-07-20 23:58:44.477","2026-07-28 22:31:30.383","13398330481","159262894","[PREMIUM]","[PREMIUM]","138","19","_",,,2,"[2]",609,"Lower Box",20,"Mobile ticket",1,"[PREMIUM]","[PREMIUM]","[PREMIUM]","[PREMIUM]",true,false,"['Clear view']","2026-07-19 16:16:09"
"11162468378","2026-07-20 23:58:44.452","2026-07-31 00:20:38.161","11162468378","159262895","[PREMIUM]","[PREMIUM]","147","11","1_4","1","4",4,"[2,4]",1524,"Field",20,"Mobile ticket",1,"[PREMIUM]","[PREMIUM]","[PREMIUM]","[PREMIUM]",true,false,"['Second Row of Section','Clear view']","2025-12-16 18:33:02"
"13410015385","2026-07-20 23:58:44.409","2026-07-20 23:58:44.409","13410015385","159262247","[PREMIUM]","[PREMIUM]","422","1","_",,,2,"[2]",2402,"Terrace Deck",20,"Mobile ticket",1,"[PREMIUM]","[PREMIUM]","[PREMIUM]","[PREMIUM]",true,false,"['Front Row of Section','Clear view']","2026-07-20 19:37:53"
"12609272031","2026-07-20 23:58:44.318","2026-07-27 22:30:22.052","12609272031","159262895","[PREMIUM]","[PREMIUM]","320","4","_",,,8,"[1,2,3,4,5,6,7,8]",407,"Upper",20,"Mobile ticket",1,"[PREMIUM]","[PREMIUM]","[PREMIUM]","[PREMIUM]",true,false,"['Clear view']","2026-05-07 18:58:51"
"10943779924","2026-07-20 23:58:44.189","2026-08-02 22:28:02.984","10943779924","159262894","[PREMIUM]","[PREMIUM]","236","12","1_8","1","8",8,"[1,2,3,4,6,8]",3418,"Terrace Club",20,"Mobile ticket",1,"[PREMIUM]","[PREMIUM]","[PREMIUM]","[PREMIUM]",true,false,"['Clear view']","2025-11-24 18:45:14"
"10943779829","2026-07-20 23:58:44.033","2026-08-03 22:31:14.669","10943779829","159262894","[PREMIUM]","[PREMIUM]","138","31","1_8","1","8",8,"[1,2,3,4,6,8]",609,"Lower Box",20,"Mobile ticket",1,"[PREMIUM]","[PREMIUM]","[PREMIUM]","[PREMIUM]",true,false,"['Clear view']","2025-11-24 18:45:14"
"13391878508","2026-07-20 23:58:43.969","2026-08-04 05:26:14.085","13391878508","159262247","[PREMIUM]","[PREMIUM]","215","8","_",,,2,"[2]",3671,"Hall of Fame Club",20,"Mobile ticket",1,"[PREMIUM]","[PREMIUM]","[PREMIUM]","[PREMIUM]",true,false,"['Clear view']","2026-07-18 17:01:38"
"13386389577","2026-07-20 23:58:43.848","2026-07-28 06:18:12.544","13386389577","159262247","[PREMIUM]","[PREMIUM]","109","7","_",,,4,"[1,2,4]",17265,"Field Level Baseline",20,"Mobile ticket",1,"[PREMIUM]","[PREMIUM]","[PREMIUM]","[PREMIUM]",true,false,"['Clear view']","2026-07-17 21:34:50"
"13407530610","2026-07-20 23:58:43.848","2026-08-04 05:26:11.828","13407530610","159262247","[PREMIUM]","[PREMIUM]","131","6","9998_9999","9998","9999",2,"[2]",1714,"Field Level",20,"Mobile ticket",1,"[PREMIUM]","[PREMIUM]","[PREMIUM]","[PREMIUM]",true,false,"['Clear view']","2026-07-20 15:24:17"
"13403933876","2026-07-20 23:58:43.748","2026-07-23 00:56:05.019","13403933876","159262894","[PREMIUM]","[PREMIUM]","137","17","_",,,2,"[2]",609,"Lower Box",20,"Mobile ticket",1,"[PREMIUM]","[PREMIUM]","[PREMIUM]","[PREMIUM]",true,false,"['Clear view']","2026-07-20 10:49:11"
"13407390013","2026-07-20 23:58:43.627","2026-07-27 06:37:41.125","13407390013","159262247","[PREMIUM]","[PREMIUM]","A","14","_",,,4,"[1,2,4]",37612,"PHLY Insurance Club",20,"Mobile ticket",1,"[PREMIUM]","[PREMIUM]","[PREMIUM]","[PREMIUM]",true,false,"['Clear view']","2026-07-20 15:14:27"
"13373336231","2026-07-20 23:58:43.247","2026-07-20 23:58:43.247","13373336231","159262894","[PREMIUM]","[PREMIUM]","114","2","5_6","5","6",2,"[2]",1524,"Field",20,"Mobile ticket",1,"[PREMIUM]","[PREMIUM]","[PREMIUM]","[PREMIUM]",true,false,"['Second Row of Section','Clear view']","2026-07-16 15:21:54"
"13410799278","2026-07-20 23:58:43.107","2026-08-04 05:26:11.987","13410799278","159262247","[PREMIUM]","[PREMIUM]","219","3","_",,,4,"[2,4]",3671,"Hall of Fame Club",20,"Mobile ticket",1,"[PREMIUM]","[PREMIUM]","[PREMIUM]","[PREMIUM]",true,false,"['Third Row of Section','Clear view']","2026-07-20 20:42:00"
"10943779987","2026-07-20 23:58:42.716","2026-08-03 22:31:15.110","10943779987","159262894","[PREMIUM]","[PREMIUM]","240","13","1_3","1","3",3,"[1,3]",3418,"Terrace Club",20,"Mobile ticket",1,"[PREMIUM]","[PREMIUM]","[PREMIUM]","[PREMIUM]",true,false,"['Clear view']","2025-11-24 18:45:15"
"13402011539","2026-07-20 23:58:42.523","2026-07-20 23:58:42.523","13402011539","159262247","[PREMIUM]","[PREMIUM]","213","6","9001_9002","9001","9002",2,"[2]",3671,"Hall of Fame Club",20,"Mobile ticket",13,"[PREMIUM]","[PREMIUM]","[PREMIUM]","[PREMIUM]",true,false,"['Clear view']","2026-07-20 04:48:55"
"13410554974","2026-07-20 23:58:42.469","2026-07-20 23:58:42.469","13410554974","159262247","[PREMIUM]","[PREMIUM]","232","9","9001_9002","9001","9002",2,"[2]",3671,"Hall of Fame Club",20,"Mobile ticket",13,"[PREMIUM]","[PREMIUM]","[PREMIUM]","[PREMIUM]",true,false,"['Clear view']","2026-07-20 20:21:12"
"13400798182","2026-07-20 23:58:42.434","2026-07-20 23:58:42.434","13400798182","159262247","[PREMIUM]","[PREMIUM]","120","24","9001_9002","9001","9002",2,"[2]",1714,"Field Level",20,"Mobile ticket",13,"[PREMIUM]","[PREMIUM]","[PREMIUM]","[PREMIUM]",true,false,"['Clear view']","2026-07-19 23:43:27"
"13410164165","2026-07-20 23:58:42.434","2026-08-03 05:22:26.991","13410164165","159262247","[PREMIUM]","[PREMIUM]","115","1","_",,,2,"[1,2]",1714,"Field Level",20,"Mobile ticket",1,"[PREMIUM]","[PREMIUM]","[PREMIUM]","[PREMIUM]",true,false,"['Front Row of Section','Clear view']","2026-07-20 19:46:55"
"13408909318","2026-07-20 23:58:42.345","2026-07-23 00:56:07.073","13408909318","159262895","[PREMIUM]","[PREMIUM]","191","2","_",,,12,"[1,2,3,4,5,6,7,8,9,10,11,12]",3998,"Center Field Bleachers",20,"Mobile ticket",1,"[PREMIUM]","[PREMIUM]","[PREMIUM]","[PREMIUM]",true,false,"['Second Row of Section','Clear view']","2026-07-20 17:50:28"
"13192647424","2026-07-20 23:58:42.336","2026-07-29 23:21:34.041","13192647424","159262893","[PREMIUM]","[PREMIUM]","149","14","_",,,2,"[2]",1524,"Field",20,"Mobile ticket",1,"[PREMIUM]","[PREMIUM]","[PREMIUM]","[PREMIUM]",true,false,"['Third Row of Section','Clear view']","2026-06-30 08:01:55"
"13387451593","2026-07-20 23:58:42.065","2026-07-20 23:58:42.065","13387451593","159262893","[PREMIUM]","[PREMIUM]","142","11","5_11","5","11",7,"[1,2,3,5,7]",1524,"Field",20,"Mobile ticket",1,"[PREMIUM]","[PREMIUM]","[PREMIUM]","[PREMIUM]",true,false,"['Clear view']","2026-07-17 23:42:11"
"13402016366","2026-07-20 23:58:41.800","2026-07-29 23:21:33.813","13402016366","159262893","[PREMIUM]","[PREMIUM]","142","8","3_4","3","4",2,"[2]",1524,"Field",20,"Mobile ticket",1,"[PREMIUM]","[PREMIUM]","[PREMIUM]","[PREMIUM]",true,false,"['Clear view']","2026-07-20 04:50:39"
"13410194521","2026-07-20 23:58:41.792","2026-07-23 22:38:44.926","13410194521","159262247","[PREMIUM]","[PREMIUM]","115","2","_",,,4,"[1,2,3,4]",1714,"Field Level",20,"Mobile ticket",1,"[PREMIUM]","[PREMIUM]","[PREMIUM]","[PREMIUM]",true,false,"['Second Row of Section','Clear view']","2026-07-20 19:48:42"
"13398791314","2026-07-20 23:58:41.343","2026-07-20 23:58:41.343","13398791314","159262895","[PREMIUM]","[PREMIUM]","320","9","_",,,3,"[1,2,3]",407,"Upper",20,"Mobile ticket",1,"[PREMIUM]","[PREMIUM]","[PREMIUM]","[PREMIUM]",true,false,"['Clear view']","2026-07-19 17:53:21"
"10973578589","2026-07-20 23:58:41.322","2026-08-03 22:31:16.459","10973578589","159262894","[PREMIUM]","[PREMIUM]","127","14","8_9","8","9",2,"[2]",609,"Lower Box",20,"Mobile ticket",1,"[PREMIUM]","[PREMIUM]","[PREMIUM]","[PREMIUM]",true,false,"['Clear view']","2025-11-27 18:48:25"
"13380795558","2026-07-20 23:58:39.333","2026-07-22 00:26:37.248","13380795558","159262895","[PREMIUM]","[PREMIUM]","306","2","_",,,3,"[1,2,3]",407,"Upper",20,"Mobile ticket",1,"[PREMIUM]","[PREMIUM]","[PREMIUM]","[PREMIUM]",true,false,"['Second Row of Section','Clear view']","2026-07-17 06:11:24"
"13401591279","2026-07-20 23:58:39.333","2026-07-22 00:26:37.248","13401591279","159262895","[PREMIUM]","[PREMIUM]","182","2","_",,,2,"[2]",3460,"Left Field Bleachers",20,"Mobile ticket",1,"[PREMIUM]","[PREMIUM]","[PREMIUM]","[PREMIUM]",true,false,"['Second Row of Section','Clear view']","2026-07-20 02:50:13"
"13388396278","2026-07-20 23:58:38.117","2026-07-31 00:16:40.883","13388396278","159262893","[PREMIUM]","[PREMIUM]","316","12","_",,,5,"[1,2,3,4,5]",407,"Upper",20,"Mobile ticket",1,"[PREMIUM]","[PREMIUM]","[PREMIUM]","[PREMIUM]",true,false,"['Limited or Obstructed View (printed on ticket)']","2026-07-18 03:24:51"
"13390006327","2026-07-20 23:58:38.020","2026-08-04 05:26:11.545","13390006327","159262247","[PREMIUM]","[PREMIUM]","135","3","1_4","1","4",4,"[2,4]",17265,"Field Level Baseline",20,"Mobile ticket",1,"[PREMIUM]","[PREMIUM]","[PREMIUM]","[PREMIUM]",true,false,"['Third Row of Section','Clear view']","2026-07-18 10:26:15"
"13401965695","2026-07-20 23:58:37.935","2026-08-04 05:26:09.326","13401965695","159262247","[PREMIUM]","[PREMIUM]","117","13","9_10","9","10",2,"[2]",1714,"Field Level",20,"Mobile ticket",1,"[PREMIUM]","[PREMIUM]","[PREMIUM]","[PREMIUM]",true,false,"['Clear view']","2026-07-20 04:41:16"
"13407390166","2026-07-20 23:58:37.441","2026-08-04 05:26:09.283","13407390166","159262247","[PREMIUM]","[PREMIUM]","146","9","3_4","3","4",2,"[2]",1749,"Field Level Outfield",20,"Mobile ticket",1,"[PREMIUM]","[PREMIUM]","[PREMIUM]","[PREMIUM]",true,false,"['Clear view']","2026-07-20 15:14:28"
"13392375400","2026-07-20 23:58:37.369","2026-07-20 23:58:37.369","13392375400","159262894","[PREMIUM]","[PREMIUM]","331","1","_",,,2,"[2]",407,"Upper",20,"Mobile ticket",1,"[PREMIUM]","[PREMIUM]","[PREMIUM]","[PREMIUM]",true,false,"['Front Row of Section','Clear view']","2026-07-18 18:48:19"
"13390006192","2026-07-20 23:58:37.327","2026-07-20 23:58:37.327","13390006192","159262247","[PREMIUM]","[PREMIUM]","110","7","1_8","1","8",8,"[1,2,3,4,5,6,8]",17265,"Field Level Baseline",20,"Mobile ticket",1,"[PREMIUM]","[PREMIUM]","[PREMIUM]","[PREMIUM]",true,false,"['Clear view']","2026-07-18 10:25:44"
"13401959308","2026-07-20 23:58:37.327","2026-07-22 00:25:37.437","13401959308","159262247","[PREMIUM]","[PREMIUM]","133","13","1_4","1","4",4,"[2,4]",17265,"Field Level Baseline",20,"Mobile ticket",1,"[PREMIUM]","[PREMIUM]","[PREMIUM]","[PREMIUM]",true,false,"['Clear view']","2026-07-20 04:39:27"
"13399766316","2026-07-20 23:58:36.931","2026-07-29 23:21:32.673","13399766316","159262894","[PREMIUM]","[PREMIUM]","142","40","7_8","7","8",2,"[2]",1524,"Field",20,"Mobile ticket",1,"[PREMIUM]","[PREMIUM]","[PREMIUM]","[PREMIUM]",true,false,"['Clear view']","2026-07-19 20:30:01"
"13341203227","2026-07-20 23:58:36.732","2026-07-27 01:15:55.219","13341203227","159262894","[PREMIUM]","[PREMIUM]","144","24","6_13","6","13",8,"[1,2,3,4,6,8]",1524,"Field",20,"Mobile ticket",1,"[PREMIUM]","[PREMIUM]","[PREMIUM]","[PREMIUM]",true,false,"['Clear view']","2026-07-13 00:45:05"
"13390005964","2026-07-20 23:58:36.706","2026-08-04 05:26:03.613","13390005964","159262247","[PREMIUM]","[PREMIUM]","431","7","17_18","17","18",2,"[2]",2402,"Terrace Deck",20,"Mobile ticket",1,"[PREMIUM]","[PREMIUM]","[PREMIUM]","[PREMIUM]",true,false,"['Clear view']","2026-07-18 10:25:26"
"13411763774","2026-07-20 23:58:35.807","2026-07-20 23:58:35.807","13411763774","159262247","[PREMIUM]","[PREMIUM]","206","2","9001_9002","9001","9002",2,"[2]",1297,"Pavilion",20,"Mobile ticket",13,"[PREMIUM]","[PREMIUM]","[PREMIUM]","[PREMIUM]",true,false,"['Second Row of Section','Clear view']","2026-07-20 22:03:12"
"13407390486","2026-07-20 23:58:35.747","2026-08-04 05:26:06.627","13407390486","159262247","[PREMIUM]","[PREMIUM]","327","2","17_18","17","18",2,"[2]",519,"Terrace",20,"Mobile ticket",1,"[PREMIUM]","[PREMIUM]","[PREMIUM]","[PREMIUM]",true,false,"['Second Row of Section','Clear view']","2026-07-20 15:14:29"
"13400531546","2026-07-20 23:58:35.722","2026-08-04 05:26:06.666","13400531546","159262247","[PREMIUM]","[PREMIUM]","109","30","_",,,2,"[2]",17265,"Field Level Baseline",20,"Mobile ticket",1,"[PREMIUM]","[PREMIUM]","[PREMIUM]","[PREMIUM]",true,false,"['Clear view']","2026-07-19 22:51:49"
"13408529722","2026-07-20 23:58:35.646","2026-07-23 00:56:02.731","13408529722","159262894","[PREMIUM]","[PREMIUM]","191","2","_",,,12,"[1,2,3,4,5,6,7,8,9,10,11,12]",3998,"Center Field Bleachers",20,"Mobile ticket",1,"[PREMIUM]","[PREMIUM]","[PREMIUM]","[PREMIUM]",true,false,"['Second Row of Section','Clear view']","2026-07-20 16:58:07"
"13400748104","2026-07-20 23:58:35.422","2026-07-23 00:56:02.331","13400748104","159262894","[PREMIUM]","[PREMIUM]","326","15","_",,,5,"[1,2,3,5]",407,"Upper",20,"Mobile ticket",1,"[PREMIUM]","[PREMIUM]","[PREMIUM]","[PREMIUM]",true,false,"['Clear view']","2026-07-19 23:34:13"
"13407391226","2026-07-20 23:58:35.390","2026-08-04 05:26:03.671","13407391226","159262247","[PREMIUM]","[PREMIUM]","417","2","15_18","15","18",4,"[1,2,4]",2402,"Terrace Deck",20,"Mobile ticket",1,"[PREMIUM]","[PREMIUM]","[PREMIUM]","[PREMIUM]",true,false,"['Second Row of Section','Clear view']","2026-07-20 15:14:32"
"13390010508","2026-07-20 23:58:35.334","2026-08-04 05:26:03.427","13390010508","159262247","[PREMIUM]","[PREMIUM]","431","1","8_9","8","9",2,"[2]",2402,"Terrace Deck",20,"Mobile ticket",1,"[PREMIUM]","[PREMIUM]","[PREMIUM]","[PREMIUM]",true,false,"['Front Row of Section','Clear view']","2026-07-18 10:28:22"
"13411136852","2026-07-20 23:58:34.955","2026-08-02 05:25:38.407","13411136852","159262247","[PREMIUM]","[PREMIUM]","417","9","7_10","7","10",4,"[2,4]",2402,"Terrace Deck",20,"Mobile ticket",1,"[PREMIUM]","[PREMIUM]","[PREMIUM]","[PREMIUM]",true,false,"['Clear view']","2026-07-20 21:16:24"
"13411039547","2026-07-20 23:58:34.934","2026-08-02 05:25:35.860","13411039547","159262247","[PREMIUM]","[PREMIUM]","423","8","12_13","12","13",2,"[2]",2402,"Terrace Deck",20,"Mobile ticket",1,"[PREMIUM]","[PREMIUM]","[PREMIUM]","[PREMIUM]",true,false,"['Clear view']","2026-07-20 21:08:34"
"13412232904","2026-07-20 23:58:34.914","2026-07-25 05:38:08.921","13412232904","159261050","[PREMIUM]","[PREMIUM]","409","2","_",,,3,"[3]",17120,"Promenade Baseline",20,"Mobile ticket",14,"[PREMIUM]","[PREMIUM]","[PREMIUM]","[PREMIUM]",true,false,"['Actual 2nd row of section','Clear view']","2026-07-20 22:35:05"
"13401431236","2026-07-20 23:58:34.836","2026-08-04 05:26:03.613","13401431236","159262247","[PREMIUM]","[PREMIUM]","145","21","_",,,2,"[2]",1749,"Field Level Outfield",20,"Mobile ticket",1,"[PREMIUM]","[PREMIUM]","[PREMIUM]","[PREMIUM]",true,false,"['Clear view']","2026-07-20 02:12:16"
"13399912386","2026-07-20 23:58:32.681","2026-07-25 05:38:25.970","13399912386","159261050","[PREMIUM]","[PREMIUM]","14","12","_",,,2,"[2]",23674,"Clover/Fiserv Silver",20,"Mobile ticket",1,"[PREMIUM]","[PREMIUM]","[PREMIUM]","[PREMIUM]",true,false,"['Clear view']","2026-07-19 20:50:13"
"13367147001","2026-07-20 23:58:32.540","2026-07-23 00:55:27.837","13367147001","159261050","[PREMIUM]","[PREMIUM]","331","2","9001_9003","9001","9003",3,"[1,3]",17114,"Excelsior Reserved",20,"Mobile ticket",1,"[PREMIUM]","[PREMIUM]","[PREMIUM]","[PREMIUM]",true,false,"['Second Row of Section','Clear view']","2026-07-16 04:28:17"
"13377734939","2026-07-20 23:58:32.079","2026-07-22 00:19:05.778","13377734939","159261049","[PREMIUM]","[PREMIUM]","421","3","_",,,3,"[1,2,3]",17120,"Promenade Baseline",20,"Mobile ticket",13,"[PREMIUM]","[PREMIUM]","[PREMIUM]","[PREMIUM]",true,false,"['Limited or Obstructed View (printed on ticket)','Third Row of Section']","2026-07-16 23:43:32"
"13408631659","2026-07-20 23:58:31.952","2026-07-20 23:58:31.952","13408631659","159261049","[PREMIUM]","[PREMIUM]","114",,"_",,,12,"[12]",4261,"Metropolitan Platinum",20,"Mobile ticket",1,"[PREMIUM]","[PREMIUM]","[PREMIUM]","[PREMIUM]",true,true,"['Clear view']","2026-07-20 17:11:18"
"13402342392","2026-07-20 23:58:31.919","2026-07-20 23:58:31.919","13402342392","159261049","[PREMIUM]","[PREMIUM]","121",,"_",,,6,"[6]",4261,"Metropolitan Platinum",20,"Mobile ticket",1,"[PREMIUM]","[PREMIUM]","[PREMIUM]","[PREMIUM]",true,true,"['Clear view']","2026-07-20 06:14:02"
"13409295471","2026-07-20 23:58:31.919","2026-08-03 05:21:36.273","13409295471","159261049","[PREMIUM]","[PREMIUM]","119","5","_",,,1,"[1]",4257,"Hyundai Club",20,"Mobile ticket",1,"[PREMIUM]","[PREMIUM]","[PREMIUM]","[PREMIUM]",false,false,"['Second Row of Section','Clear view']","2026-07-20 18:29:37"
"13393539021","2026-07-20 23:58:31.788","2026-08-03 05:21:27.505","13393539021","159261049","[PREMIUM]","[PREMIUM]","114","9","11_12","11","12",2,"[2]",4259,"Metropolitan Bronze",20,"Mobile ticket",1,"[PREMIUM]","[PREMIUM]","[PREMIUM]","[PREMIUM]",true,false,"['Clear view']","2026-07-18 23:12:05"
"13376477417","2026-07-20 23:58:31.757","2026-08-04 05:13:23.243","13376477417","159261050","[PREMIUM]","[PREMIUM]","113","25","1_4","1","4",4,"[1,2,4]",4258,"Metropolitan Box",20,"Mobile ticket",1,"[PREMIUM]","[PREMIUM]","[PREMIUM]","[PREMIUM]",true,false,"['Clear view']","2026-07-16 21:12:16"
"13323396560","2026-07-20 23:58:31.520","2026-07-22 00:19:06.173","13323396560","159261049","[PREMIUM]","[PREMIUM]","535","17","_",,,4,"[1,2,3,4]",4268,"Promenade Outfield",20,"Mobile ticket",13,"[PREMIUM]","[PREMIUM]","[PREMIUM]","[PREMIUM]",true,false,"['Limited or Obstructed View (printed on ticket)']","2026-07-11 04:57:56"
"13401603498","2026-07-20 23:58:31.388","2026-07-23 22:38:40.109","13401603498","159262893","[PREMIUM]","[PREMIUM]","320","11","1_7","1","7",7,"[1,2,3,5,7]",407,"Upper",20,"Mobile ticket",1,"[PREMIUM]","[PREMIUM]","[PREMIUM]","[PREMIUM]",true,false,"['Clear view']","2026-07-20 02:52:41"
"13413291086","2026-07-20 23:58:31.302","2026-08-04 05:13:21.456","13413291086","159261050","[PREMIUM]","[PREMIUM]","324","5","_",,,2,"[2]",13821,"Excelsior Silver",20,"Mobile ticket",1,"[PREMIUM]","[PREMIUM]","[PREMIUM]","[PREMIUM]",true,false,"['Clear view']","2026-07-20 23:44:46"
"13410567668","2026-07-20 23:58:31.108","2026-08-04 05:13:21.440","13410567668","159261050","[PREMIUM]","[PREMIUM]","124","17","5_14","5","14",10,"[1,2,3,4,5,6,7,8,10]",4258,"Metropolitan Box",20,"Mobile ticket",1,"[PREMIUM]","[PREMIUM]","[PREMIUM]","[PREMIUM]",true,false,"['Clear view']","2026-07-20 20:22:13"
"13411760419","2026-07-20 23:58:31.088","2026-08-04 05:12:57.517","13411760419","159261049","[PREMIUM]","[PREMIUM]","121","22","1_8","1","8",8,"[1,2,3,4,5,6,8]",4258,"Metropolitan Box",20,"Mobile ticket",1,"[PREMIUM]","[PREMIUM]","[PREMIUM]","[PREMIUM]",true,false,"['Clear view']","2026-07-20 22:02:26"
"13409509140","2026-07-20 23:58:30.635","2026-07-23 00:56:00.671","13409509140","159262894","[PREMIUM]","[PREMIUM]","106","28","_",,,2,"[2]",2014,"Lower Outfield",20,"Mobile ticket",1,"[PREMIUM]","[PREMIUM]","[PREMIUM]","[PREMIUM]",true,false,"['Clear view']","2026-07-20 18:59:31"
"13278463820","2026-07-20 23:58:30.288","2026-08-04 05:13:19.260","13278463820","159261050","[PREMIUM]","[PREMIUM]","416","1","5_6","5","6",2,"[2]",4266,"Promenade Gold",20,"Mobile ticket",1,"[PREMIUM]","[PREMIUM]","[PREMIUM]","[PREMIUM]",true,false,"['Front Row of Section','Clear view']","2026-07-08 00:13:30"
"13394272376","2026-07-20 23:58:30.226","2026-07-23 22:37:53.291","13394272376","159261049","[PREMIUM]","[PREMIUM]","125","4","_",,,2,"[2]",4256,"Field Silver",20,"Mobile ticket",1,"[PREMIUM]","[PREMIUM]","[PREMIUM]","[PREMIUM]",true,false,"['Clear view']","2026-07-19 02:31:50"
"13172184443","2026-07-20 23:58:29.817","2026-07-20 23:58:29.817","13172184443","159261049","[PREMIUM]","[PREMIUM]","123","24","5_8","5","8",4,"[1,2,4]",4258,"Metropolitan Box",20,"Mobile ticket",1,"[PREMIUM]","[PREMIUM]","[PREMIUM]","[PREMIUM]",true,false,"['Clear view']","2026-06-28 14:05:57"
"13406670935","2026-07-20 23:58:29.817","2026-07-31 06:46:27.829","13406670935","159261049","[PREMIUM]","[PREMIUM]","413","2","_",,,2,"[2]",17121,"Promenade Silver",20,"Mobile ticket",1,"[PREMIUM]","[PREMIUM]","[PREMIUM]","[PREMIUM]",true,false,"['Second Row of Section','Clear view']","2026-07-20 14:24:56"
"13410804808","2026-07-20 23:58:29.817","2026-07-29 05:28:10.484","13410804808","159261049","[PREMIUM]","[PREMIUM]","111","24","9_11","9","11",3,"[1,3]",4258,"Metropolitan Box",20,"Mobile ticket",1,"[PREMIUM]","[PREMIUM]","[PREMIUM]","[PREMIUM]",true,false,"['Clear view']","2026-07-20 20:42:32"
"13353945877","2026-07-20 23:58:29.717","2026-07-22 00:21:09.367","13353945877","159261050","[PREMIUM]","[PREMIUM]","330","1","15_19","15","19",5,"[1,2,3,5]",17113,"Excelsior Reserved Gold",20,"Mobile ticket",1,"[PREMIUM]","[PREMIUM]","[PREMIUM]","[PREMIUM]",true,false,"['Front Row of Section','Clear view']","2026-07-14 23:52:23"
"13405499006","2026-07-20 23:58:29.646","2026-08-04 05:13:21.254","13405499006","159261050","[PREMIUM]","[PREMIUM]","413","2","99_100","99","100",2,"[2]",17121,"Promenade Silver",20,"Mobile ticket",1,"[PREMIUM]","[PREMIUM]","[PREMIUM]","[PREMIUM]",true,false,"['Second Row of Section','Clear view']","2026-07-20 12:43:47"
"13266176674","2026-07-20 23:58:29.551","2026-07-25 05:38:46.608","13266176674","159261049","[PREMIUM]","[PREMIUM]","312","3","17_18","17","18",2,"[2]",17116,"Excelsior Box",20,"Mobile ticket",1,"[PREMIUM]","[PREMIUM]","[PREMIUM]","[PREMIUM]",true,false,"['Third Row of Section','Clear view']","2026-07-06 21:29:59"
"13393727240","2026-07-20 23:58:29.551","2026-08-03 05:21:19.441","13393727240","159261049","[PREMIUM]","[PREMIUM]","137","2","9_18","9","18",10,"[1,2,3,4,5,6,7,8,10]",3852,"Field Reserved",20,"Mobile ticket",1,"[PREMIUM]","[PREMIUM]","[PREMIUM]","[PREMIUM]",true,false,"['Second Row of Section','Clear view']","2026-07-19 00:02:17"
"13075591675","2026-07-20 23:58:29.469","2026-08-02 05:25:12.375","13075591675","159261049","[PREMIUM]","[PREMIUM]","312","2","17_18","17","18",2,"[2]",17116,"Excelsior Box",20,"Mobile ticket",1,"[PREMIUM]","[PREMIUM]","[PREMIUM]","[PREMIUM]",true,false,"['Second Row of Section','Clear view']","2026-06-19 13:17:27"
"13401951437","2026-07-20 23:58:29.346","2026-07-23 22:37:52.245","13401951437","159261050","[PREMIUM]","[PREMIUM]","125","16","_",,,5,"[1,2,3,5]",3361,"Field Box",20,"Mobile ticket",1,"[PREMIUM]","[PREMIUM]","[PREMIUM]","[PREMIUM]",true,false,"['Clear view']","2026-07-20 04:37:30"
"13403976708","2026-07-20 23:58:28.707","2026-08-04 05:13:18.770","13403976708","159261050","[PREMIUM]","[PREMIUM]","132","25","5_9","5","9",5,"[1,2,3,5]",2495,"Baseline Box",20,"Mobile ticket",1,"[PREMIUM]","[PREMIUM]","[PREMIUM]","[PREMIUM]",true,false,"['Second Row of Section','Clear view']","2026-07-20 10:51:59"
"13393538961","2026-07-20 23:58:28.491","2026-07-28 06:17:54.374","13393538961","159261049","[PREMIUM]","[PREMIUM]","135","2","5_6","5","6",2,"[2]",3852,"Field Reserved",20,"Mobile ticket",1,"[PREMIUM]","[PREMIUM]","[PREMIUM]","[PREMIUM]",true,false,"['Second Row of Section','Clear view']","2026-07-18 23:12:04"
"13372960185","2026-07-20 23:58:28.477","2026-07-22 00:18:43.370","13372960185","159263322","[PREMIUM]","[PREMIUM]","219","B","_",,,2,"[2]",3710,"Pittsburgh Baseball Club Home Plate",20,"Mobile ticket",13,"[PREMIUM]","[PREMIUM]","[PREMIUM]","[PREMIUM]",true,false,"['Limited or Obstructed View (printed on ticket)','Second Row of Section']","2026-07-16 14:50:20"
"13410650414","2026-07-20 23:58:28.477","2026-07-22 00:18:43.384","13410650414","159263322","[PREMIUM]","[PREMIUM]","140","A","9001_9003","9001","9003",3,"[1,3]",3705,"Center Field Reserved",20,"Mobile ticket",13,"[PREMIUM]","[PREMIUM]","[PREMIUM]","[PREMIUM]",true,false,"['Limited or Obstructed View (printed on ticket)','Front Row of Section']","2026-07-20 20:28:20"
"13409758067","2026-07-20 23:58:28.034","2026-08-02 05:28:46.203","13409758067","159263322","[PREMIUM]","[PREMIUM]","7","F","9_12","9","12",4,"[1,2,4]",3687,"Field Level Box",20,"Mobile ticket",1,"[PREMIUM]","[PREMIUM]","[PREMIUM]","[PREMIUM]",true,false,"['Clear view']","2026-07-20 19:19:23"
"13406531103","2026-07-20 23:58:27.924","2026-07-25 05:42:24.147","13406531103","159263322","[PREMIUM]","[PREMIUM]","17","L","_",,,2,"[2]",22007,"Home Plate Club Row K-M",20,"Mobile ticket",1,"[PREMIUM]","[PREMIUM]","[PREMIUM]","[PREMIUM]",true,false,"['Clear view']","2026-07-20 14:15:40"
"13410376883","2026-07-20 23:58:27.924","2026-07-26 05:44:08.929","13410376883","159263322","[PREMIUM]","[PREMIUM]","20","B","_",,,4,"[4]",22005,"Home Plate Club Row B",20,"Mobile ticket",1,"[PREMIUM]","[PREMIUM]","[PREMIUM]","[PREMIUM]",true,false,"['Second Row of Section','Clear view']","2026-07-20 20:03:42"
"13410379749","2026-07-20 23:58:27.924","2026-07-22 00:18:43.370","13410379749","159263322","[PREMIUM]","[PREMIUM]","16","B","_",,,2,"[2]",22005,"Home Plate Club Row B",20,"Mobile ticket",1,"[PREMIUM]","[PREMIUM]","[PREMIUM]","[PREMIUM]",true,false,"['Second Row of Section','Clear view']","2026-07-20 20:03:53"
"13410635082","2026-07-20 23:58:27.546","2026-07-22 00:18:43.620","13410635082","159263322","[PREMIUM]","[PREMIUM]","135","A","9001_9001","9001","9001",1,"[1]",3690,"Bleacher Reserved",20,"Mobile ticket",13,"[PREMIUM]","[PREMIUM]","[PREMIUM]","[PREMIUM]",false,false,"['Limited or Obstructed View (printed on ticket)','Front Row of Section']","2026-07-20 20:27:21"
"13411774795","2026-07-20 23:58:27.546","2026-07-22 00:18:43.620","13411774795","159263322","[PREMIUM]","[PREMIUM]","220","A","9001_9003","9001","9003",3,"[1,3]",3710,"Pittsburgh Baseball Club Home Plate",20,"Mobile ticket",13,"[PREMIUM]","[PREMIUM]","[PREMIUM]","[PREMIUM]",true,false,"['Limited or Obstructed View (printed on ticket)','Front Row of Section']","2026-07-20 22:03:48"
"13409741004","2026-07-20 23:58:27.388","2026-08-03 05:24:53.211","13409741004","159263322","[PREMIUM]","[PREMIUM]","8","F","1_4","1","4",4,"[1,2,4]",3687,"Field Level Box",20,"Mobile ticket",1,"[PREMIUM]","[PREMIUM]","[PREMIUM]","[PREMIUM]",true,false,"['Clear view']","2026-07-20 19:18:30"
"13409923843","2026-07-20 23:58:26.504","2026-07-23 22:37:26.119","13409923843","159262240","[PREMIUM]","[PREMIUM]","326","2","_",,,2,"[2]",519,"Terrace",20,"Mobile ticket",1,"[PREMIUM]","[PREMIUM]","[PREMIUM]","[PREMIUM]",true,false,"['Second Row of Section','Clear view']","2026-07-20 19:31:49"
"13408842034","2026-07-20 23:58:26.038","2026-07-23 22:37:37.152","13408842034","159263322","[PREMIUM]","[PREMIUM]","23","F","_",,,2,"[2]",3694,"Third Base Dugout",20,"Mobile ticket",1,"[PREMIUM]","[PREMIUM]","[PREMIUM]","[PREMIUM]",true,false,"['Actual 1st row of the section','Aisle seat','Clear view']","2026-07-20 17:41:07"
"13303678708","2026-07-20 23:58:25.805","2026-07-20 23:58:25.805","13303678708","159263322","[PREMIUM]","[PREMIUM]","207","A","9001_9002","9001","9002",2,"[2]",3709,"Pittsburgh Baseball Club 1st Base",20,"Mobile ticket",13,"[PREMIUM]","[PREMIUM]","[PREMIUM]","[PREMIUM]",true,false,"['Front Row of Section','Clear view']","2026-07-09 16:06:36"
"13367269510","2026-07-20 23:58:25.524","2026-08-02 05:28:46.238","13367269510","159263322","[PREMIUM]","[PREMIUM]","204","F","9001_9002","9001","9002",2,"[2]",2493,"Pirates Cove",20,"Mobile ticket",1,"[PREMIUM]","[PREMIUM]","[PREMIUM]","[PREMIUM]",true,false,"['Clear view']","2026-07-16 04:35:06"
"13367269483","2026-07-20 23:58:25.524","2026-07-31 06:49:39.133","13367269483","159263322","[PREMIUM]","[PREMIUM]","204","G","9001_9006","9001","9006",6,"[1,2,3,4,6]",2493,"Pirates Cove",20,"Mobile ticket",1,"[PREMIUM]","[PREMIUM]","[PREMIUM]","[PREMIUM]",true,false,"['Clear view']","2026-07-16 04:35:06"
"13410228249","2026-07-20 23:58:25.172","2026-07-20 23:58:25.172","13410228249","159263322","[PREMIUM]","[PREMIUM]","5","B","9001_9003","9001","9003",3,"[3]",3687,"Field Level Box",20,"Mobile ticket",13,"[PREMIUM]","[PREMIUM]","[PREMIUM]","[PREMIUM]",true,false,"['Second Row of Section','Clear view']","2026-07-20 19:51:25"
"13367269494","2026-07-20 23:58:25.006","2026-08-02 05:28:46.238","13367269494","159263322","[PREMIUM]","[PREMIUM]","204","H","9001_9006","9001","9006",6,"[1,2,3,4,6]",2493,"Pirates Cove",20,"Mobile ticket",1,"[PREMIUM]","[PREMIUM]","[PREMIUM]","[PREMIUM]",true,false,"['Clear view']","2026-07-16 04:35:06"
"13413023759","2026-07-20 23:58:24.323","2026-08-04 05:12:44.114","13413023759","159261049","[PREMIUM]","[PREMIUM]","514","12","11_12","11","12",2,"[2]",4267,"Promenade Infield",20,"Mobile ticket",1,"[PREMIUM]","[PREMIUM]","[PREMIUM]","[PREMIUM]",true,false,"['Clear view']","2026-07-20 23:22:37"
"13406313477","2026-07-20 23:58:24.288","2026-07-20 23:58:24.288","13406313477","159263322","[PREMIUM]","[PREMIUM]","314","D","9001_9002","9001","9002",2,"[2]",3696,"Home Plate Grandstand",20,"Mobile ticket",13,"[PREMIUM]","[PREMIUM]","[PREMIUM]","[PREMIUM]",true,false,"['Front Row of Section','Clear view']","2026-07-20 13:58:12"
"13221527137","2026-07-20 23:58:23.757","2026-07-23 22:37:34.574","13221527137","159263322","[PREMIUM]","[PREMIUM]","113","L","9_16","9","16",8,"[1,2,3,4,5,6,8]",2684,"Lower Infield Box",20,"Mobile ticket",1,"[PREMIUM]","[PREMIUM]","[PREMIUM]","[PREMIUM]",true,false,"['Clear view']","2026-07-02 20:50:42"
"13400536434","2026-07-20 23:58:23.058","2026-08-04 05:12:39.991","13400536434","159261049","[PREMIUM]","[PREMIUM]","525","3","17_20","17","20",4,"[1,2,4]",4269,"Promenade Reserved",20,"Mobile ticket",1,"[PREMIUM]","[PREMIUM]","[PREMIUM]","[PREMIUM]",true,false,"['Third Row of Section','Clear view']","2026-07-19 22:52:58"
"13409778382","2026-07-20 23:58:23.053","2026-07-23 00:54:41.784","13409778382","159263322","[PREMIUM]","[PREMIUM]","117","GG","33_36","33","36",4,"[1,2,4]",1808,"Home Plate Box",20,"Mobile ticket",1,"[PREMIUM]","[PREMIUM]","[PREMIUM]","[PREMIUM]",true,false,"['Clear view']","2026-07-20 19:20:44"
"13400978281","2026-07-20 23:58:22.770","2026-07-23 00:54:42.041","13400978281","159263322","[PREMIUM]","[PREMIUM]","108","AA","11_12","11","12",2,"[2]",3698,"Infield Box 1st Base",20,"Mobile ticket",1,"[PREMIUM]","[PREMIUM]","[PREMIUM]","[PREMIUM]",true,false,"['Clear view']","2026-07-20 00:30:36"
"13400978300","2026-07-20 23:58:22.765","2026-07-31 06:49:33.318","13400978300","159263322","[PREMIUM]","[PREMIUM]","107","W","10_15","10","15",6,"[1,2,3,4,6]",3701,"Outfield Box 1st Base",20,"Mobile ticket",1,"[PREMIUM]","[PREMIUM]","[PREMIUM]","[PREMIUM]",true,false,"['Clear view']","2026-07-20 00:30:38"
"13409778383","2026-07-20 23:58:22.733","2026-07-28 06:22:05.591","13409778383","159263322","[PREMIUM]","[PREMIUM]","120","DD","5_8","5","8",4,"[1,2,4]",3698,"Infield Box 1st Base",20,"Mobile ticket",1,"[PREMIUM]","[PREMIUM]","[PREMIUM]","[PREMIUM]",true,false,"['Clear view']","2026-07-20 19:20:44"
"13401468652","2026-07-20 23:58:22.707","2026-07-28 06:22:03.796","13401468652","159263322","[PREMIUM]","[PREMIUM]","309","V","23_24","23","24",2,"[2]",4409,"Infield Grandstand",20,"Mobile ticket",1,"[PREMIUM]","[PREMIUM]","[PREMIUM]","[PREMIUM]",true,false,"['Clear view']","2026-07-20 02:24:27"
"13409805584","2026-07-20 23:58:22.702","2026-07-20 23:58:22.702","13409805584","159263322","[PREMIUM]","[PREMIUM]","315","P","11_14","11","14",4,"[1,2,4]",3696,"Home Plate Grandstand",20,"Mobile ticket",1,"[PREMIUM]","[PREMIUM]","[PREMIUM]","[PREMIUM]",true,false,"['Clear view']","2026-07-20 19:22:30"
"13409827561","2026-07-20 23:58:22.603","2026-08-04 05:28:42.443","13409827561","159263322","[PREMIUM]","[PREMIUM]","325","H","21_24","21","24",4,"[1,2,4]",4409,"Infield Grandstand",20,"Mobile ticket",1,"[PREMIUM]","[PREMIUM]","[PREMIUM]","[PREMIUM]",true,false,"['Clear view']","2026-07-20 19:24:28"
"13409805580","2026-07-20 23:58:22.599","2026-08-04 05:28:42.417","13409805580","159263322","[PREMIUM]","[PREMIUM]","319","J","11_14","11","14",4,"[1,2,4]",3696,"Home Plate Grandstand",20,"Mobile ticket",1,"[PREMIUM]","[PREMIUM]","[PREMIUM]","[PREMIUM]",true,false,"['Third Row of Section','Clear view']","2026-07-20 19:22:30"
"13409778384","2026-07-20 23:58:22.596","2026-07-22 00:18:40.598","13409778384","159263322","[PREMIUM]","[PREMIUM]","124","EE","13_16","13","16",4,"[1,2,4]",3698,"Infield Box 1st Base",20,"Mobile ticket",1,"[PREMIUM]","[PREMIUM]","[PREMIUM]","[PREMIUM]",true,false,"['Clear view']","2026-07-20 19:20:44"
"13408240232","2026-07-20 23:58:22.588","2026-07-27 06:41:35.741","13408240232","159263322","[PREMIUM]","[PREMIUM]","315","K","1_2","1","2",2,"[2]",3696,"Home Plate Grandstand",20,"Mobile ticket",1,"[PREMIUM]","[PREMIUM]","[PREMIUM]","[PREMIUM]",true,false,"['Clear view']","2026-07-20 16:27:07"
"13409827418","2026-07-20 23:58:22.588","2026-08-04 05:28:40.432","13409827418","159263322","[PREMIUM]","[PREMIUM]","311","Q","21_22","21","22",2,"[2]",4409,"Infield Grandstand",20,"Mobile ticket",1,"[PREMIUM]","[PREMIUM]","[PREMIUM]","[PREMIUM]",true,false,"['Clear view']","2026-07-20 19:24:27"
"13409827433","2026-07-20 23:58:22.581","2026-08-03 05:24:46.505","13409827433","159263322","[PREMIUM]","[PREMIUM]","311","L","1_4","1","4",4,"[1,2,4]",4409,"Infield Grandstand",20,"Mobile ticket",1,"[PREMIUM]","[PREMIUM]","[PREMIUM]","[PREMIUM]",true,false,"['Clear view']","2026-07-20 19:24:27"
"13393400076","2026-07-20 23:58:19.348","2026-08-04 05:26:35.118","13393400076","159262246","[PREMIUM]","[PREMIUM]","129","12","_",,,2,"[2]",1714,"Field Level",20,"Mobile ticket",1,"[PREMIUM]","[PREMIUM]","[PREMIUM]","[PREMIUM]",true,false,"['Clear view']","2026-07-18 22:52:50"
"13400562803","2026-07-20 23:58:18.760","2026-08-03 05:22:50.177","13400562803","159262246","[PREMIUM]","[PREMIUM]","130","3","1_4","1","4",4,"[2,4]",1714,"Field Level",20,"Mobile ticket",1,"[PREMIUM]","[PREMIUM]","[PREMIUM]","[PREMIUM]",true,false,"['Third Row of Section','Clear view']","2026-07-19 22:57:11"
"13407359279","2026-07-20 23:58:18.760","2026-08-02 05:26:20.079","13407359279","159262246","[PREMIUM]","[PREMIUM]","131","3","7_14","7","14",8,"[1,2,3,4,5,6,8]",1714,"Field Level",20,"Mobile ticket",1,"[PREMIUM]","[PREMIUM]","[PREMIUM]","[PREMIUM]",true,false,"['Third Row of Section','Clear view']","2026-07-20 15:12:08"
"13273473979","2026-07-20 23:58:18.730","2026-07-30 05:29:27.930","13273473979","159262246","[PREMIUM]","[PREMIUM]","318","2","_",,,2,"[2]",519,"Terrace",20,"Mobile ticket",1,"[PREMIUM]","[PREMIUM]","[PREMIUM]","[PREMIUM]",true,false,"['Second Row of Section','Clear view']","2026-07-07 14:36:49"
"13406010311","2026-07-20 23:58:18.468","2026-07-20 23:58:18.468","13406010311","159262246","[PREMIUM]","[PREMIUM]","230","2","9001_9004","9001","9004",4,"[4]",3671,"Hall of Fame Club",20,"Mobile ticket",13,"[PREMIUM]","[PREMIUM]","[PREMIUM]","[PREMIUM]",true,false,"['Second Row of Section','Clear view']","2026-07-20 13:27:17"
"13407359110","2026-07-20 23:58:18.468","2026-07-28 06:18:50.831","13407359110","159262246","[PREMIUM]","[PREMIUM]","131","2","6_7","6","7",2,"[2]",1714,"Field Level",20,"Mobile ticket",1,"[PREMIUM]","[PREMIUM]","[PREMIUM]","[PREMIUM]",true,false,"['Second Row of Section','Clear view']","2026-07-20 15:12:07"
"13410571976","2026-07-20 23:58:18.244","2026-07-20 23:58:18.244","13410571976","159262246","[PREMIUM]","[PREMIUM]","232","1","9001_9002","9001","9002",2,"[2]",3671,"Hall of Fame Club",20,"Mobile ticket",13,"[PREMIUM]","[PREMIUM]","[PREMIUM]","[PREMIUM]",true,false,"['Front Row of Section','Clear view']","2026-07-20 20:22:34"
"13391104180","2026-07-20 23:58:18.198","2026-07-26 05:40:48.465","13391104180","159262246","[PREMIUM]","[PREMIUM]","225","5","11_12","11","12",2,"[2]",3671,"Hall of Fame Club",20,"Mobile ticket",1,"[PREMIUM]","[PREMIUM]","[PREMIUM]","[PREMIUM]",true,false,"['Clear view']","2026-07-18 13:59:26"
"13401951232","2026-07-20 23:58:18.198","2026-08-04 05:26:31.532","13401951232","159262246","[PREMIUM]","[PREMIUM]","117","13","9_10","9","10",2,"[2]",1714,"Field Level",20,"Mobile ticket",1,"[PREMIUM]","[PREMIUM]","[PREMIUM]","[PREMIUM]",true,false,"['Clear view']","2026-07-20 04:37:26"
"13410013689","2026-07-20 23:58:17.903","2026-07-25 05:39:03.965","13410013689","159262246","[PREMIUM]","[PREMIUM]","115","1","_",,,2,"[1,2]",1714,"Field Level",20,"Mobile ticket",1,"[PREMIUM]","[PREMIUM]","[PREMIUM]","[PREMIUM]",true,false,"['Front Row of Section','Clear view']","2026-07-20 19:37:49"
"13389997487","2026-07-20 23:58:17.431","2026-07-27 06:37:54.807","13389997487","159262246","[PREMIUM]","[PREMIUM]","117","11","7_10","7","10",4,"[2,4]",1714,"Field Level",20,"Mobile ticket",1,"[PREMIUM]","[PREMIUM]","[PREMIUM]","[PREMIUM]",true,false,"['Clear view']","2026-07-18 10:20:31"
"13410064452","2026-07-20 23:58:17.431","2026-08-04 05:26:31.716","13410064452","159262246","[PREMIUM]","[PREMIUM]","115","2","_",,,1,"[1]",1714,"Field Level",20,"Mobile ticket",1,"[PREMIUM]","[PREMIUM]","[PREMIUM]","[PREMIUM]",false,false,"['Second Row of Section','Clear view']","2026-07-20 19:40:33"
"13400730363","2026-07-20 23:58:16.789","2026-08-03 05:22:42.697","13400730363","159262246","[PREMIUM]","[PREMIUM]","116","22","_",,,1,"[1]",1714,"Field Level",20,"Mobile ticket",1,"[PREMIUM]","[PREMIUM]","[PREMIUM]","[PREMIUM]",false,false,"['Clear view']","2026-07-19 23:26:50"
"13389997852","2026-07-20 23:58:16.069","2026-07-23 00:55:56.054","13389997852","159262246","[PREMIUM]","[PREMIUM]","144","3","9_16","9","16",8,"[1,2,3,4,5,6,8]",1749,"Field Level Outfield",20,"Mobile ticket",1,"[PREMIUM]","[PREMIUM]","[PREMIUM]","[PREMIUM]",true,false,"['Third Row of Section','Clear view']","2026-07-18 10:20:35"
"13401945652","2026-07-20 23:58:16.041","2026-08-04 05:26:27.363","13401945652","159262246","[PREMIUM]","[PREMIUM]","133","13","3_4","3","4",2,"[2]",17265,"Field Level Baseline",20,"Mobile ticket",1,"[PREMIUM]","[PREMIUM]","[PREMIUM]","[PREMIUM]",true,false,"['Clear view']","2026-07-20 04:35:48"
"13155109047","2026-07-20 23:58:15.838","2026-07-20 23:58:15.838","13155109047","159262246","[PREMIUM]","[PREMIUM]","111","9","7_12","7","12",6,"[1,2,3,4,6]",17265,"Field Level Baseline",20,"Mobile ticket",1,"[PREMIUM]","[PREMIUM]","[PREMIUM]","[PREMIUM]",true,false,"['Clear view']","2026-06-26 14:09:13"
"13155110234","2026-07-20 23:58:15.643","2026-07-20 23:58:15.643","13155110234","159262246","[PREMIUM]","[PREMIUM]","111","8","5_10","5","10",6,"[1,2,3,4,6]",17265,"Field Level Baseline",20,"Mobile ticket",1,"[PREMIUM]","[PREMIUM]","[PREMIUM]","[PREMIUM]",true,false,"['Clear view']","2026-06-26 14:09:20"
"13350834440","2026-07-20 23:58:15.538","2026-07-20 23:58:15.538","13350834440","159262246","[PREMIUM]","[PREMIUM]","111","12","_",,,4,"[1,2,4]",17265,"Field Level Baseline",20,"Mobile ticket",1,"[PREMIUM]","[PREMIUM]","[PREMIUM]","[PREMIUM]",true,false,"['Clear view']","2026-07-14 16:41:12"
"13350813729","2026-07-20 23:58:15.538","2026-07-20 23:58:15.538","13350813729","159262246","[PREMIUM]","[PREMIUM]","111","30","_",,,2,"[2]",17265,"Field Level Baseline",20,"Mobile ticket",1,"[PREMIUM]","[PREMIUM]","[PREMIUM]","[PREMIUM]",true,false,"['Clear view']","2026-07-14 16:40:10"
"13394261010","2026-07-20 23:58:15.538","2026-07-22 00:25:37.608","13394261010","159262246","[PREMIUM]","[PREMIUM]","109","7","7_12","7","12",6,"[1,2,3,4,6]",17265,"Field Level Baseline",20,"Mobile ticket",1,"[PREMIUM]","[PREMIUM]","[PREMIUM]","[PREMIUM]",true,false,"['Clear view']","2026-07-19 02:28:24"
"13371773201","2026-07-20 23:58:14.800","2026-07-20 23:58:14.800","13371773201","159262245","[PREMIUM]","[PREMIUM]","416","3","_",,,2,"[1,2]",2402,"Terrace Deck",20,"Mobile ticket",13,"[PREMIUM]","[PREMIUM]","[PREMIUM]","[PREMIUM]",true,false,"['Limited or Obstructed View (printed on ticket)','Third Row of Section']","2026-07-16 12:23:04"
"13409994064","2026-07-20 23:58:14.742","2026-07-22 00:25:22.172","13409994064","159262245","[PREMIUM]","[PREMIUM]","115","2","_",,,4,"[1,2,3,4]",1714,"Field Level",20,"Mobile ticket",1,"[PREMIUM]","[PREMIUM]","[PREMIUM]","[PREMIUM]",true,false,"['Second Row of Section','Clear view']","2026-07-20 19:35:45"
"13393657815","2026-07-20 23:58:14.442","2026-08-03 22:31:49.817","13393657815","159262245","[PREMIUM]","[PREMIUM]","119","23","_",,,3,"[3]",1714,"Field Level",20,"Mobile ticket",1,"[PREMIUM]","[PREMIUM]","[PREMIUM]","[PREMIUM]",true,false,"['Third Row of Section','Clear view']","2026-07-18 23:39:42"
"13341902868","2026-07-20 23:58:14.190","2026-07-20 23:58:14.190","13341902868","159262245","[PREMIUM]","[PREMIUM]","141",,"_",,,2,"[1,2]",1749,"Field Level Outfield",20,"Mobile ticket",1,"[PREMIUM]","[PREMIUM]","[PREMIUM]","[PREMIUM]",true,true,"['Clear view']","2026-07-13 03:43:04"
"13155120286","2026-07-20 23:58:13.373","2026-08-04 05:26:20.815","13155120286","159262246","[PREMIUM]","[PREMIUM]","309","2","17_24","17","24",8,"[1,2,3,4,5,6,8]",3674,"Pavilion Deck",20,"Mobile ticket",1,"[PREMIUM]","[PREMIUM]","[PREMIUM]","[PREMIUM]",true,false,"['Second Row of Section','Clear view']","2026-06-26 14:10:11"
"12700289286","2026-07-20 23:58:12.894","2026-08-02 22:27:52.848","12700289286","159262245","[PREMIUM]","[PREMIUM]","102","16","_",,,2,"[1,2]",1749,"Field Level Outfield",20,"Mobile ticket",1,"[PREMIUM]","[PREMIUM]","[PREMIUM]","[PREMIUM]",true,false,"['Clear view']","2026-05-15 17:42:57"
"13400293021","2026-07-20 23:58:12.824","2026-07-20 23:58:12.824","13400293021","159262245","[PREMIUM]","[PREMIUM]","102","5","9001_9002","9001","9002",2,"[2]",1749,"Field Level Outfield",20,"Mobile ticket",13,"[PREMIUM]","[PREMIUM]","[PREMIUM]","[PREMIUM]",true,false,"['Clear view']","2026-07-19 21:53:42"
"13402773531","2026-07-20 23:58:12.824","2026-07-29 23:21:31.406","13402773531","159262245","[PREMIUM]","[PREMIUM]","139","22","9001_9002","9001","9002",2,"[2]",17265,"Field Level Baseline",20,"Mobile ticket",1,"[PREMIUM]","[PREMIUM]","[PREMIUM]","[PREMIUM]",true,false,"['Clear view']","2026-07-20 09:27:52"
"13409160592","2026-07-20 23:58:12.774","2026-08-04 05:26:17.723","13409160592","159262246","[PREMIUM]","[PREMIUM]","426","1","15_19","15","19",5,"[1,2,3,5]",2402,"Terrace Deck",20,"Mobile ticket",1,"[PREMIUM]","[PREMIUM]","[PREMIUM]","[PREMIUM]",true,false,"['Front Row of Section','Clear view']","2026-07-20 18:10:43"
"13400842684","2026-07-20 23:58:12.645","2026-08-02 22:27:53.128","13400842684","159262245","[PREMIUM]","[PREMIUM]","125","29","9_10","9","10",2,"[2]",1714,"Field Level",20,"Mobile ticket",1,"[PREMIUM]","[PREMIUM]","[PREMIUM]","[PREMIUM]",true,false,"['Clear view']","2026-07-19 23:57:23"
"13401319590","2026-07-20 23:58:12.645","2026-08-03 22:31:48.276","13401319590","159262245","[PREMIUM]","[PREMIUM]","105","5","_",,,2,"[2]",1749,"Field Level Outfield",20,"Mobile ticket",1,"[PREMIUM]","[PREMIUM]","[PREMIUM]","[PREMIUM]",true,false,"['Aisle seat','Clear view']","2026-07-20 01:45:24"
"13401257186","2026-07-20 23:58:12.466","2026-07-20 23:58:12.466","13401257186","159262245","[PREMIUM]","[PREMIUM]","233","7","9001_9002","9001","9002",2,"[2]",3669,"Arcade",20,"Mobile ticket",13,"[PREMIUM]","[PREMIUM]","[PREMIUM]","[PREMIUM]",true,false,"['Clear view']","2026-07-20 01:33:48"
"13368347179","2026-07-20 23:58:12.416","2026-08-02 22:27:52.880","13368347179","159262245","[PREMIUM]","[PREMIUM]","205","4","9001_9003","9001","9003",3,"[1,3]",1297,"Pavilion",20,"Mobile ticket",1,"[PREMIUM]","[PREMIUM]","[PREMIUM]","[PREMIUM]",true,false,"['Clear view']","2026-07-16 05:45:40"
"13368425758","2026-07-20 23:58:12.416","2026-07-29 23:21:30.970","13368425758","159262245","[PREMIUM]","[PREMIUM]","205","3","9001_9002","9001","9002",2,"[2]",1297,"Pavilion",20,"Mobile ticket",1,"[PREMIUM]","[PREMIUM]","[PREMIUM]","[PREMIUM]",true,false,"['Third Row of Section','Clear view']","2026-07-16 05:51:23"
"13402773567","2026-07-20 23:58:12.324","2026-07-27 01:15:50.481","13402773567","159262245","[PREMIUM]","[PREMIUM]","207","7","9001_9002","9001","9002",2,"[2]",1297,"Pavilion",20,"Mobile ticket",1,"[PREMIUM]","[PREMIUM]","[PREMIUM]","[PREMIUM]",true,false,"['Clear view']","2026-07-20 09:27:54"
"13402773557","2026-07-20 23:58:12.324","2026-07-27 01:15:50.481","13402773557","159262245","[PREMIUM]","[PREMIUM]","207","10","9001_9002","9001","9002",2,"[2]",1297,"Pavilion",20,"Mobile ticket",1,"[PREMIUM]","[PREMIUM]","[PREMIUM]","[PREMIUM]",true,false,"['Clear view']","2026-07-20 09:27:53"
"13402773532","2026-07-20 23:58:12.324","2026-07-29 23:21:30.971","13402773532","159262245","[PREMIUM]","[PREMIUM]","205","10","9001_9007","9001","9007",7,"[1,2,3,4,5,7]",1297,"Pavilion",20,"Mobile ticket",1,"[PREMIUM]","[PREMIUM]","[PREMIUM]","[PREMIUM]",true,false,"['Clear view']","2026-07-20 09:27:53"
"13402773556","2026-07-20 23:58:12.324","2026-07-29 23:21:30.971","13402773556","159262245","[PREMIUM]","[PREMIUM]","205","11","9001_9005","9001","9005",5,"[1,2,3,5]",1297,"Pavilion",20,"Mobile ticket",1,"[PREMIUM]","[PREMIUM]","[PREMIUM]","[PREMIUM]",true,false,"['Clear view']","2026-07-20 09:27:53"
"13402773558","2026-07-20 23:58:12.324","2026-08-03 22:31:42.863","13402773558","159262245","[PREMIUM]","[PREMIUM]","206","6","9001_9002","9001","9002",2,"[2]",1297,"Pavilion",20,"Mobile ticket",1,"[PREMIUM]","[PREMIUM]","[PREMIUM]","[PREMIUM]",true,false,"['Clear view']","2026-07-20 09:27:53"
"13382696091","2026-07-20 23:58:12.294","2026-08-02 22:27:53.014","13382696091","159262245","[PREMIUM]","[PREMIUM]","107","6","1_4","1","4",4,"[4]",1749,"Field Level Outfield",20,"Mobile ticket",1,"[PREMIUM]","[PREMIUM]","[PREMIUM]","[PREMIUM]",true,false,"['Third Row of Section','Clear view']","2026-07-17 12:40:29"
"13412811419","2026-07-20 23:58:12.294","2026-07-20 23:58:12.294","13412811419","159262245","[PREMIUM]","[PREMIUM]","322","2","9001_9002","9001","9002",2,"[2]",519,"Terrace",20,"Mobile ticket",13,"[PREMIUM]","[PREMIUM]","[PREMIUM]","[PREMIUM]",true,false,"['Second Row of Section','Clear view']","2026-07-20 23:03:17"
"13409954801","2026-07-20 23:58:12.131","2026-07-23 22:38:31.092","13409954801","159262245","[PREMIUM]","[PREMIUM]","115","1","_",,,2,"[1,2]",1714,"Field Level",20,"Mobile ticket",1,"[PREMIUM]","[PREMIUM]","[PREMIUM]","[PREMIUM]",true,false,"['Front Row of Section','Clear view']","2026-07-20 19:33:42"
"13411508128","2026-07-20 23:58:12.117","2026-07-20 23:58:12.117","13411508128","159262245","[PREMIUM]","[PREMIUM]","315","6","9001_9002","9001","9002",2,"[2]",519,"Terrace",20,"Mobile ticket",13,"[PREMIUM]","[PREMIUM]","[PREMIUM]","[PREMIUM]",true,false,"['Clear view']","2026-07-20 21:44:30"
"13401930172","2026-07-20 23:58:12.115","2026-07-23 22:38:29.411","13401930172","159262245","[PREMIUM]","[PREMIUM]","117","13","9_10","9","10",2,"[1,2]",1714,"Field Level",20,"Mobile ticket",1,"[PREMIUM]","[PREMIUM]","[PREMIUM]","[PREMIUM]",true,false,"['Clear view']","2026-07-20 04:32:37"
"13406548154","2026-07-20 23:58:12.115","2026-07-22 00:25:30.710","13406548154","159262245","[PREMIUM]","[PREMIUM]","333","1","_",,,4,"[1,2,3,4]",519,"Terrace",20,"Mobile ticket",13,"[PREMIUM]","[PREMIUM]","[PREMIUM]","[PREMIUM]",true,false,"['Limited or Obstructed View (printed on ticket)','Front Row of Section']","2026-07-20 14:16:50"
"13412281686","2026-07-20 23:58:12.115","2026-07-20 23:58:12.115","13412281686","159262245","[PREMIUM]","[PREMIUM]","244","9","9001_9003","9001","9003",3,"[3]",37613,"GHOST Energy Deck",20,"Mobile ticket",13,"[PREMIUM]","[PREMIUM]","[PREMIUM]","[PREMIUM]",true,false,"['Clear view']","2026-07-20 22:38:05"
"13395034221","2026-07-20 23:58:11.508","2026-07-28 22:31:22.810","13395034221","159262245","[PREMIUM]","[PREMIUM]","137","3","1_2","1","2",2,"[2]",17265,"Field Level Baseline",20,"Mobile ticket",1,"[PREMIUM]","[PREMIUM]","[PREMIUM]","[PREMIUM]",true,false,"['Third Row of Section','Clear view']","2026-07-19 05:13:15"
"13402773741","2026-07-20 23:58:10.721","2026-07-29 23:21:30.565","13402773741","159262245","[PREMIUM]","[PREMIUM]","429","11","9001_9002","9001","9002",2,"[2]",2402,"Terrace Deck",20,"Mobile ticket",1,"[PREMIUM]","[PREMIUM]","[PREMIUM]","[PREMIUM]",true,false,"['Clear view']","2026-07-20 09:27:59"
"13402773742","2026-07-20 23:58:10.721","2026-07-29 23:21:30.497","13402773742","159262245","[PREMIUM]","[PREMIUM]","429","6","9001_9002","9001","9002",2,"[2]",2402,"Terrace Deck",20,"Mobile ticket",1,"[PREMIUM]","[PREMIUM]","[PREMIUM]","[PREMIUM]",true,false,"['Clear view']","2026-07-20 09:27:59"
"13409377013","2026-07-20 23:58:10.721","2026-07-20 23:58:10.721","13409377013","159262245","[PREMIUM]","[PREMIUM]","209","2","6_9","6","9",4,"[2,4]",1297,"Pavilion",20,"Mobile ticket",1,"[PREMIUM]","[PREMIUM]","[PREMIUM]","[PREMIUM]",true,false,"['Second Row of Section','Clear view']","2026-07-20 18:45:47"
"13407359287","2026-07-20 23:58:10.609","2026-07-26 05:15:18.501","13407359287","159262245","[PREMIUM]","[PREMIUM]","413","1","17_24","17","24",8,"[1,2,3,4,5,6,8]",2402,"Terrace Deck",20,"Mobile ticket",1,"[PREMIUM]","[PREMIUM]","[PREMIUM]","[PREMIUM]",true,false,"['Front Row of Section','Clear view']","2026-07-20 15:12:08"
"13405509375","2026-07-20 23:58:10.595","2026-08-04 05:10:51.047","13405509375","159262240","[PREMIUM]","[PREMIUM]","131","12","5_8","5","8",4,"[2,4]",1714,"Field Level",20,"Mobile ticket",1,"[PREMIUM]","[PREMIUM]","[PREMIUM]","[PREMIUM]",true,false,"['Clear view']","2026-07-20 12:44:24"
"13402773686","2026-07-20 23:58:10.436","2026-07-29 23:21:30.870","13402773686","159262245","[PREMIUM]","[PREMIUM]","306","2","9001_9005","9001","9005",5,"[1,2,3,5]",3674,"Pavilion Deck",20,"Mobile ticket",1,"[PREMIUM]","[PREMIUM]","[PREMIUM]","[PREMIUM]",true,false,"['Second Row of Section','Clear view']","2026-07-20 09:27:56"
"13403732371","2026-07-20 23:58:10.388","2026-07-20 23:58:10.388","13403732371","159262245","[PREMIUM]","[PREMIUM]","301","1","_",,,8,"[1,2,3,4,5,6,8]",3674,"Pavilion Deck",20,"Mobile ticket",13,"[PREMIUM]","[PREMIUM]","[PREMIUM]","[PREMIUM]",true,false,"['Limited or Obstructed View (printed on ticket)','Front Row of Section']","2026-07-20 10:35:31"
"13402773731","2026-07-20 23:58:10.388","2026-07-29 23:21:30.855","13402773731","159262245","[PREMIUM]","[PREMIUM]","421","13","9001_9003","9001","9003",3,"[1,3]",2402,"Terrace Deck",20,"Mobile ticket",1,"[PREMIUM]","[PREMIUM]","[PREMIUM]","[PREMIUM]",true,false,"['Clear view']","2026-07-20 09:27:58"
"13405450939","2026-07-20 23:58:10.260","2026-07-22 00:25:17.152","13405450939","159262245","[PREMIUM]","[PREMIUM]","208","1","_",,,2,"[2]",1297,"Pavilion",20,"Mobile ticket",13,"[PREMIUM]","[PREMIUM]","[PREMIUM]","[PREMIUM]",true,false,"['Limited or Obstructed View (printed on ticket)','Front Row of Section']","2026-07-20 12:38:26"
"13408459323","2026-07-20 23:58:10.260","2026-07-31 00:16:28.026","13408459323","159262245","[PREMIUM]","[PREMIUM]","114","40","_",,,2,"[2]",17265,"Field Level Baseline",20,"Mobile ticket",1,"[PREMIUM]","[PREMIUM]","[PREMIUM]","[PREMIUM]",true,false,"['Aisle seat','Clear view']","2026-07-20 16:46:31"
"13366233686","2026-07-20 23:58:10.240","2026-07-22 00:25:12.199","13366233686","159262245","[PREMIUM]","[PREMIUM]","305","3","9001_9010","9001","9010",10,"[1,2,3,4,5,6,7,8,10]",3674,"Pavilion Deck",20,"Mobile ticket",1,"[PREMIUM]","[PREMIUM]","[PREMIUM]","[PREMIUM]",true,false,"['Third Row of Section','Clear view']","2026-07-16 03:18:30"
"13369398069","2026-07-20 23:58:10.240","2026-07-29 23:21:30.405","13369398069","159262245","[PREMIUM]","[PREMIUM]","305","4","9001_9010","9001","9010",10,"[1,2,3,4,5,6,7,8,10]",3674,"Pavilion Deck",20,"Mobile ticket",1,"[PREMIUM]","[PREMIUM]","[PREMIUM]","[PREMIUM]",true,false,"['Clear view']","2026-07-16 07:10:16"
"13402773646","2026-07-20 23:58:10.130","2026-07-29 23:21:30.430","13402773646","159262245","[PREMIUM]","[PREMIUM]","306","6","9001_9004","9001","9004",4,"[1,2,4]",3674,"Pavilion Deck",20,"Mobile ticket",1,"[PREMIUM]","[PREMIUM]","[PREMIUM]","[PREMIUM]",true,false,"['Clear view']","2026-07-20 09:27:56"
"13402773648","2026-07-20 23:58:10.130","2026-07-29 23:21:30.430","13402773648","159262245","[PREMIUM]","[PREMIUM]","306","5","9001_9004","9001","9004",4,"[1,2,4]",3674,"Pavilion Deck",20,"Mobile ticket",1,"[PREMIUM]","[PREMIUM]","[PREMIUM]","[PREMIUM]",true,false,"['Clear view']","2026-07-20 09:27:56"
"13413343694","2026-07-20 23:58:10.130","2026-07-20 23:58:10.130","13413343694","159262245","[PREMIUM]","[PREMIUM]","104","13","9001_9004","9001","9004",4,"[4]",1749,"Field Level Outfield",20,"Mobile ticket",13,"[PREMIUM]","[PREMIUM]","[PREMIUM]","[PREMIUM]",true,false,"['Clear view']","2026-07-20 23:52:16"
"13237491427","2026-07-20 23:58:09.988","2026-07-20 23:58:09.988","13237491427","159262730","[PREMIUM]","[PREMIUM]","168","7","9001_9002","9001","9002",2,"[2]",3566,"Lower Left Field Box",20,"Mobile ticket",13,"[PREMIUM]","[PREMIUM]","[PREMIUM]","[PREMIUM]",true,false,"['Clear view']","2026-07-04 04:22:25"
"13145336912","2026-07-20 23:58:09.796","2026-08-03 22:31:25.960","13145336912","159262245","[PREMIUM]","[PREMIUM]","416","5","15_16","15","16",2,"[2]",2402,"Terrace Deck",20,"Mobile ticket",1,"[PREMIUM]","[PREMIUM]","[PREMIUM]","[PREMIUM]",true,false,"['Clear view']","2026-06-25 19:31:59"
"13389988415","2026-07-20 23:58:09.762","2026-07-23 22:38:25.707","13389988415","159262245","[PREMIUM]","[PREMIUM]","416","7","8_15","8","15",8,"[1,2,3,4,5,6,8]",2402,"Terrace Deck",20,"Mobile ticket",1,"[PREMIUM]","[PREMIUM]","[PREMIUM]","[PREMIUM]",true,false,"['Clear view']","2026-07-18 10:15:28"
"13406165627","2026-07-20 23:58:09.603","2026-07-20 23:58:09.603","13406165627","159262245","[PREMIUM]","[PREMIUM]","417","5","6_9","6","9",4,"[2,4]",2402,"Terrace Deck",20,"Mobile ticket",1,"[PREMIUM]","[PREMIUM]","[PREMIUM]","[PREMIUM]",true,false,"['Clear view']","2026-07-20 13:42:40"
"13409554705","2026-07-20 23:58:09.600","2026-08-03 22:31:26.610","13409554705","159262245","[PREMIUM]","[PREMIUM]","308","2","14_16","14","16",3,"[1,3]",3674,"Pavilion Deck",20,"Mobile ticket",1,"[PREMIUM]","[PREMIUM]","[PREMIUM]","[PREMIUM]",true,false,"['Second Row of Section','Clear view']","2026-07-20 19:04:58"
"13411004403","2026-07-20 23:58:09.594","2026-07-29 05:31:58.246","13411004403","159262731","[PREMIUM]","[PREMIUM]","4","B","_",,,2,"[2]",3547,"Cardinals Club",20,"Mobile ticket",1,"[PREMIUM]","[PREMIUM]","[PREMIUM]","[PREMIUM]",true,false,"['Second Row of Section','Clear view']","2026-07-20 21:01:47"
"13405828281","2026-07-20 23:58:09.379","2026-07-20 23:58:09.379","13405828281","159262731","[PREMIUM]","[PREMIUM]","270","2","9001_9003","9001","9003",3,"[1,3]",3581,"Left Field Loge",20,"Mobile ticket",13,"[PREMIUM]","[PREMIUM]","[PREMIUM]","[PREMIUM]",true,false,"['Limited or Obstructed View (printed on ticket)','Second Row of Section']","2026-07-20 13:11:40"
"13405827327","2026-07-20 23:58:09.379","2026-07-20 23:58:09.379","13405827327","159262731","[PREMIUM]","[PREMIUM]","233","3","9001_9002","9001","9002",2,"[2]",3589,"Right Field Loge",20,"Mobile ticket",13,"[PREMIUM]","[PREMIUM]","[PREMIUM]","[PREMIUM]",true,false,"['Limited or Obstructed View (printed on ticket)','Third Row of Section']","2026-07-20 13:11:35"
"13405823028","2026-07-20 23:58:09.379","2026-07-20 23:58:09.379","13405823028","159262731","[PREMIUM]","[PREMIUM]","161D","C","9001_9004","9001","9004",4,"[2,4]",36988,"Visitor Dugout Box",20,"Mobile ticket",13,"[PREMIUM]","[PREMIUM]","[PREMIUM]","[PREMIUM]",true,false,"['Limited or Obstructed View (printed on ticket)','Third Row of Section']","2026-07-20 13:11:14"
"13405825045","2026-07-20 23:58:09.375","2026-07-20 23:58:09.375","13405825045","159262731","[PREMIUM]","[PREMIUM]","359","3","9001_9003","9001","9003",3,"[1,3]",3593,"Third Base Pavilion",20,"Mobile ticket",13,"[PREMIUM]","[PREMIUM]","[PREMIUM]","[PREMIUM]",true,false,"['Limited or Obstructed View (printed on ticket)','Third Row of Section']","2026-07-20 13:11:24"
"13405810538","2026-07-20 23:58:09.375","2026-07-20 23:58:09.375","13405810538","159262731","[PREMIUM]","[PREMIUM]","350","2","9001_9003","9001","9003",3,"[1,3]",3573,"Home Pavilion",20,"Mobile ticket",13,"[PREMIUM]","[PREMIUM]","[PREMIUM]","[PREMIUM]",true,false,"['Limited or Obstructed View (printed on ticket)','Second Row of Section']","2026-07-20 13:10:36"
"13405809814","2026-07-20 23:58:09.375","2026-07-20 23:58:09.375","13405809814","159262731","[PREMIUM]","[PREMIUM]","140D","B","9001_9004","9001","9004",4,"[2,4]",36989,"Cardinals Diamond Box",20,"Mobile ticket",13,"[PREMIUM]","[PREMIUM]","[PREMIUM]","[PREMIUM]",true,false,"['Limited or Obstructed View (printed on ticket)','Second Row of Section']","2026-07-20 13:10:33"
"13401327997","2026-07-20 23:58:09.344","2026-07-23 00:55:36.440","13401327997","159262731","[PREMIUM]","[PREMIUM]","454","2","1270822584_1270822589","1270822584",,6,"[1,2,4,6]",3578,"Infield Terrace",20,"Mobile ticket",1,"[PREMIUM]","[PREMIUM]","[PREMIUM]","[PREMIUM]",true,false,"['Second Row of Section','Clear view']","2026-07-20 01:48:32"
"13408356435","2026-07-20 23:58:09.344","2026-07-30 05:32:41.651","13408356435","159262731","[PREMIUM]","[PREMIUM]","7","H","8_11","8","11",4,"[2,4]",3547,"Cardinals Club",20,"Mobile ticket",1,"[PREMIUM]","[PREMIUM]","[PREMIUM]","[PREMIUM]",true,false,"['Clear view']","2026-07-20 16:39:18"
"13408347334","2026-07-20 23:58:09.344","2026-08-01 05:29:57.926","13408347334","159262731","[PREMIUM]","[PREMIUM]","2","H","3_6","3","6",4,"[2,4]",3547,"Cardinals Club",20,"Mobile ticket",1,"[PREMIUM]","[PREMIUM]","[PREMIUM]","[PREMIUM]",true,false,"['Clear view']","2026-07-20 16:38:18"
"13408352942","2026-07-20 23:58:09.344","2026-08-04 05:29:18.949","13408352942","159262731","[PREMIUM]","[PREMIUM]","1","K","5_6","5","6",2,"[2]",3547,"Cardinals Club",20,"Mobile ticket",1,"[PREMIUM]","[PREMIUM]","[PREMIUM]","[PREMIUM]",true,false,"['Clear view']","2026-07-20 16:39:01"
"13403928311","2026-07-20 23:58:09.301","2026-07-22 00:23:26.688","13403928311","159262731","[PREMIUM]","[PREMIUM]","453","1","_",,,3,"[1,2,3]",3578,"Infield Terrace",20,"Mobile ticket",13,"[PREMIUM]","[PREMIUM]","[PREMIUM]","[PREMIUM]",true,false,"['Limited or Obstructed View (printed on ticket)','Front Row of Section']","2026-07-20 10:48:53"
"13403926623","2026-07-20 23:58:09.301","2026-07-20 23:58:09.301","13403926623","159262731","[PREMIUM]","[PREMIUM]","453","3","_",,,2,"[1,2]",3578,"Infield Terrace",20,"Mobile ticket",13,"[PREMIUM]","[PREMIUM]","[PREMIUM]","[PREMIUM]",true,false,"['Third Row of Section','Clear view']","2026-07-20 10:48:49"
"13403924328","2026-07-20 23:58:09.301","2026-07-20 23:58:09.301","13403924328","159262731","[PREMIUM]","[PREMIUM]","191","12","_",,,3,"[1,2,3]",17216,"Lower Left Field Bleachers",20,"Mobile ticket",13,"[PREMIUM]","[PREMIUM]","[PREMIUM]","[PREMIUM]",true,false,"['Second Row of Section','Clear view']","2026-07-20 10:48:43"
"13411000481","2026-07-20 23:58:09.259","2026-08-01 05:29:57.943","13411000481","159262731","[PREMIUM]","[PREMIUM]","7","A","_",,,3,"[1,3]",3547,"Cardinals Club",20,"Mobile ticket",1,"[PREMIUM]","[PREMIUM]","[PREMIUM]","[PREMIUM]",true,false,"['Front Row of Section','Clear view']","2026-07-20 21:01:25"
"13403926245","2026-07-20 23:58:09.147","2026-07-20 23:58:09.147","13403926245","159262731","[PREMIUM]","[PREMIUM]","RT2","1","_",,,1,"[1]",21958,"Hoffman Brothers Rooftop",20,"Mobile ticket",13,"[PREMIUM]","[PREMIUM]","[PREMIUM]","[PREMIUM]",false,false,"['Limited or Obstructed View (printed on ticket)','Front Row of Section']","2026-07-20 10:48:48"
"13403922459","2026-07-20 23:58:09.147","2026-07-22 00:23:26.899","13403922459","159262731","[PREMIUM]","[PREMIUM]","RT2","3","_",,,4,"[1,2,3,4]",21958,"Hoffman Brothers Rooftop",20,"Mobile ticket",13,"[PREMIUM]","[PREMIUM]","[PREMIUM]","[PREMIUM]",true,false,"['Limited or Obstructed View (printed on ticket)','Third Row of Section']","2026-07-20 10:48:38"
"13408347380","2026-07-20 23:58:09.147","2026-08-04 05:29:18.949","13408347380","159262731","[PREMIUM]","[PREMIUM]","3","D","9_10","9","10",2,"[2]",3547,"Cardinals Club",20,"Mobile ticket",1,"[PREMIUM]","[PREMIUM]","[PREMIUM]","[PREMIUM]",true,false,"['Clear view']","2026-07-20 16:38:24"
"13408352378","2026-07-20 23:58:09.147","2026-08-04 05:29:19.962","13408352378","159262731","[PREMIUM]","[PREMIUM]","4","H","5_9","5","9",5,"[1,2,3,5]",3547,"Cardinals Club",20,"Mobile ticket",1,"[PREMIUM]","[PREMIUM]","[PREMIUM]","[PREMIUM]",true,false,"['Clear view']","2026-07-20 16:38:59"
"13408354418","2026-07-20 23:58:09.147","2026-08-04 05:29:19.962","13408354418","159262731","[PREMIUM]","[PREMIUM]","6","E","9_12","9","12",4,"[2,4]",3547,"Cardinals Club",20,"Mobile ticket",1,"[PREMIUM]","[PREMIUM]","[PREMIUM]","[PREMIUM]",true,false,"['Clear view']","2026-07-20 16:39:08"
"13371095470","2026-07-20 23:58:09.063","2026-07-20 23:58:09.063","13371095470","159262730","[PREMIUM]","[PREMIUM]","158D","B","_",,,2,"[1,2]",36987,"Visitor Diamond Box",20,"Mobile ticket",13,"[PREMIUM]","[PREMIUM]","[PREMIUM]","[PREMIUM]",true,false,"['Limited or Obstructed View (printed on ticket)','Second Row of Section']","2026-07-16 11:14:09"
"13408168562","2026-07-20 23:58:09.063","2026-07-20 23:58:09.063","13408168562","159262730","[PREMIUM]","[PREMIUM]","234","3","9001_9001","9001","9001",1,"[1]",3589,"Right Field Loge",20,"Mobile ticket",13,"[PREMIUM]","[PREMIUM]","[PREMIUM]","[PREMIUM]",false,false,"['Limited or Obstructed View (printed on ticket)','Third Row of Section']","2026-07-20 16:18:23"
"13408358594","2026-07-20 23:58:08.840","2026-08-04 05:29:18.703","13408358594","159262731","[PREMIUM]","[PREMIUM]","139D","A","4_5","4","5",2,"[2]",36983,"Cardinals Dugout Box",20,"Mobile ticket",1,"[PREMIUM]","[PREMIUM]","[PREMIUM]","[PREMIUM]",true,false,"['Front Row of Section','Clear view']","2026-07-20 16:39:27"
"13408362902","2026-07-20 23:58:08.840","2026-08-04 05:29:18.734","13408362902","159262731","[PREMIUM]","[PREMIUM]","146","1","3_5","3","5",3,"[3]",36982,"Cardinals Home Box",20,"Mobile ticket",1,"[PREMIUM]","[PREMIUM]","[PREMIUM]","[PREMIUM]",true,false,"['Front Row of Section','Clear view']","2026-07-20 16:39:36"
"13408360243","2026-07-20 23:58:08.839","2026-07-23 00:55:36.168","13408360243","159262731","[PREMIUM]","[PREMIUM]","162D","A","1_4","1","4",4,"[2,4]",36988,"Visitor Dugout Box",20,"Mobile ticket",1,"[PREMIUM]","[PREMIUM]","[PREMIUM]","[PREMIUM]",true,false,"['Front Row of Section','Clear view']","2026-07-20 16:39:31"
"13408368043","2026-07-20 23:58:08.839","2026-08-04 05:29:18.684","13408368043","159262731","[PREMIUM]","[PREMIUM]","153","1","7_10","7","10",4,"[2,4]",36985,"Visitor Home Box",20,"Mobile ticket",1,"[PREMIUM]","[PREMIUM]","[PREMIUM]","[PREMIUM]",true,false,"['Front Row of Section','Clear view']","2026-07-20 16:39:52"
"13408347327","2026-07-20 23:58:08.759","2026-08-04 05:29:04.748","13408347327","159262730","[PREMIUM]","[PREMIUM]","2","H","3_6","3","6",4,"[2,4]",3547,"Cardinals Club",20,"Mobile ticket",1,"[PREMIUM]","[PREMIUM]","[PREMIUM]","[PREMIUM]",true,false,"['Clear view']","2026-07-20 16:38:17"
"13408347216","2026-07-20 23:58:08.759","2026-08-04 05:29:04.748","13408347216","159262730","[PREMIUM]","[PREMIUM]","1","K","3_6","3","6",4,"[2,4]",3547,"Cardinals Club",20,"Mobile ticket",1,"[PREMIUM]","[PREMIUM]","[PREMIUM]","[PREMIUM]",true,false,"['Clear view']","2026-07-20 16:38:11"
"13408347378","2026-07-20 23:58:08.747","2026-08-02 05:28:43.963","13408347378","159262730","[PREMIUM]","[PREMIUM]","3","D","9_10","9","10",2,"[2]",3547,"Cardinals Club",20,"Mobile ticket",1,"[PREMIUM]","[PREMIUM]","[PREMIUM]","[PREMIUM]",true,false,"['Clear view']","2026-07-20 16:38:23"
"13408356194","2026-07-20 23:58:08.747","2026-08-04 05:29:04.748","13408356194","159262730","[PREMIUM]","[PREMIUM]","7","H","8_11","8","11",4,"[2,4]",3547,"Cardinals Club",20,"Mobile ticket",1,"[PREMIUM]","[PREMIUM]","[PREMIUM]","[PREMIUM]",true,false,"['Clear view']","2026-07-20 16:39:17"
"13408365775","2026-07-20 23:58:08.532","2026-07-23 00:55:36.147","13408365775","159262731","[PREMIUM]","[PREMIUM]","148","2","1_4","1","4",4,"[2,4]",36982,"Cardinals Home Box",20,"Mobile ticket",1,"[PREMIUM]","[PREMIUM]","[PREMIUM]","[PREMIUM]",true,false,"['Second Row of Section','Clear view']","2026-07-20 16:39:46"
"13184240432","2026-07-20 23:58:08.498","2026-07-27 06:42:17.989","13184240432","159262731","[PREMIUM]","[PREMIUM]","155","2","9_10","9","10",2,"[2]",36985,"Visitor Home Box",20,"Mobile ticket",1,"[PREMIUM]","[PREMIUM]","[PREMIUM]","[PREMIUM]",true,false,"['Second Row of Section','Clear view']","2026-06-29 16:57:36"
"13408365537","2026-07-20 23:58:08.478","2026-07-22 00:23:24.495","13408365537","159262730","[PREMIUM]","[PREMIUM]","148","2","1_4","1","4",4,"[2,4]",36982,"Cardinals Home Box",20,"Mobile ticket",1,"[PREMIUM]","[PREMIUM]","[PREMIUM]","[PREMIUM]",true,false,"['Second Row of Section','Clear view']","2026-07-20 16:39:46"
"13408364379","2026-07-20 23:58:08.158","2026-07-30 05:32:33.438","13408364379","159262731","[PREMIUM]","[PREMIUM]","146","2","1_3","1","3",3,"[1,3]",36982,"Cardinals Home Box",20,"Mobile ticket",1,"[PREMIUM]","[PREMIUM]","[PREMIUM]","[PREMIUM]",true,false,"['Second Row of Section','Clear view']","2026-07-20 16:39:41"
"13406225638","2026-07-20 23:58:08.031","2026-07-23 22:38:24.243","13406225638","159262731","[PREMIUM]","[PREMIUM]","252","12","14_18","14","18",5,"[1,3,5]",3562,"Home Redbird Club",20,"Mobile ticket",1,"[PREMIUM]","[PREMIUM]","[PREMIUM]","[PREMIUM]",true,false,"['Clear view']","2026-07-20 13:49:29"
"13408362970","2026-07-20 23:58:07.839","2026-08-04 05:29:03.338","13408362970","159262730","[PREMIUM]","[PREMIUM]","146","1","3_5","3","5",3,"[3]",36982,"Cardinals Home Box",20,"Mobile ticket",1,"[PREMIUM]","[PREMIUM]","[PREMIUM]","[PREMIUM]",true,false,"['Front Row of Section','Clear view']","2026-07-20 16:39:36"
"13398796538","2026-07-20 23:58:07.506","2026-07-26 05:44:22.927","13398796538","159262730","[PREMIUM]","[PREMIUM]","149","3","_",,,4,"[4]",1808,"Home Plate Box",20,"Mobile ticket",1,"[PREMIUM]","[PREMIUM]","[PREMIUM]","[PREMIUM]",true,false,"['Aisle seat','Third Row of Section','Clear view']","2026-07-19 17:54:30"
"13408360137","2026-07-20 23:58:07.400","2026-07-20 23:58:07.400","13408360137","159262730","[PREMIUM]","[PREMIUM]","162D","A","1_4","1","4",4,"[2,4]",36988,"Visitor Dugout Box",20,"Mobile ticket",1,"[PREMIUM]","[PREMIUM]","[PREMIUM]","[PREMIUM]",true,false,"['Front Row of Section','Clear view']","2026-07-20 16:39:31"
"13401234203","2026-07-20 23:58:07.268","2026-07-22 00:18:48.244","13401234203","159262240","[PREMIUM]","[PREMIUM]","107","5","9001_9004","9001","9004",4,"[1,2,4]",1749,"Field Level Outfield",20,"Mobile ticket",1,"[PREMIUM]","[PREMIUM]","[PREMIUM]","[PREMIUM]",true,false,"['Second Row of Section','Clear view']","2026-07-20 01:25:48"
"13405509512","2026-07-20 23:58:07.268","2026-07-31 06:30:12.149","13405509512","159262240","[PREMIUM]","[PREMIUM]","128","24","3_6","3","6",4,"[2,4]",1714,"Field Level",20,"Mobile ticket",1,"[PREMIUM]","[PREMIUM]","[PREMIUM]","[PREMIUM]",true,false,"['Clear view']","2026-07-20 12:44:26"
"13413147372","2026-07-20 23:58:07.268","2026-07-20 23:58:07.268","13413147372","159262240","[PREMIUM]","[PREMIUM]","104","3","9001_9002","9001","9002",2,"[2]",1749,"Field Level Outfield",20,"Mobile ticket",13,"[PREMIUM]","[PREMIUM]","[PREMIUM]","[PREMIUM]",true,false,"['Clear view']","2026-07-20 23:32:18"
"13389986540","2026-07-20 23:58:06.198","2026-07-22 00:23:35.826","13389986540","159262245","[PREMIUM]","[PREMIUM]","426","12","13_14","13","14",2,"[2]",2402,"Terrace Deck",20,"Mobile ticket",1,"[PREMIUM]","[PREMIUM]","[PREMIUM]","[PREMIUM]",true,false,"['Clear view']","2026-07-18 10:14:05"
"13411842173","2026-07-20 23:58:06.198","2026-07-22 00:23:35.826","13411842173","159262245","[PREMIUM]","[PREMIUM]","412","5","1_5","1","5",5,"[1,2,3,5]",2402,"Terrace Deck",20,"Mobile ticket",1,"[PREMIUM]","[PREMIUM]","[PREMIUM]","[PREMIUM]",true,false,"['Clear view']","2026-07-20 22:08:38"
"13411842060","2026-07-20 23:58:06.198","2026-07-20 23:58:06.198","13411842060","159262245","[PREMIUM]","[PREMIUM]","413","6","11_17","11","17",7,"[1,2,3,4,5,7]",2402,"Terrace Deck",20,"Mobile ticket",1,"[PREMIUM]","[PREMIUM]","[PREMIUM]","[PREMIUM]",true,false,"['Clear view']","2026-07-20 22:08:37"
"13407138930","2026-07-20 23:58:06.131","2026-08-04 05:28:59.055","13407138930","159262730","[PREMIUM]","[PREMIUM]","137","2","5_6","5","6",2,"[2]",3556,"First Base Field Box",20,"Mobile ticket",1,"[PREMIUM]","[PREMIUM]","[PREMIUM]","[PREMIUM]",true,false,"['Second Row of Section','Clear view']","2026-07-20 14:56:25"
"13407138127","2026-07-20 23:58:05.947","2026-08-04 05:29:00.919","13407138127","159262730","[PREMIUM]","[PREMIUM]","137","1","7_9","7","9",3,"[1,3]",3556,"First Base Field Box",20,"Mobile ticket",1,"[PREMIUM]","[PREMIUM]","[PREMIUM]","[PREMIUM]",true,false,"['Front Row of Section','Clear view']","2026-07-20 14:56:23"
"13400515036","2026-07-20 23:58:05.433","2026-08-04 05:29:13.392","13400515036","159262731","[PREMIUM]","[PREMIUM]","440","3","1_2","1","2",2,"[2]",3570,"First Base Terrace",20,"Mobile ticket",1,"[PREMIUM]","[PREMIUM]","[PREMIUM]","[PREMIUM]",true,false,"['Third Row of Section','Clear view']","2026-07-19 22:49:27"
"13405050435","2026-07-20 23:58:05.433","2026-08-04 05:29:13.523","13405050435","159262731","[PREMIUM]","[PREMIUM]","440","9","1_8","1","8",8,"[1,2,3,4,6,8]",3570,"First Base Terrace",20,"Mobile ticket",1,"[PREMIUM]","[PREMIUM]","[PREMIUM]","[PREMIUM]",true,false,"['Clear view']","2026-07-20 11:50:26"
"13407982605","2026-07-20 23:58:04.864","2026-08-04 05:28:57.030","13407982605","159262730","[PREMIUM]","[PREMIUM]","265","10","15_19","15","19",5,"[1,2,3,4,5]",3581,"Left Field Loge",20,"Mobile ticket",1,"[PREMIUM]","[PREMIUM]","[PREMIUM]","[PREMIUM]",true,false,"['Tickets include $6 concession value per ticket','Clear view']","2026-07-20 16:01:46"
"13405562171","2026-07-20 23:58:04.821","2026-08-04 05:28:56.865","13405562171","159262730","[PREMIUM]","[PREMIUM]","357","6","3_4","3","4",2,"[2]",3575,"Infield Pavilion",20,"Mobile ticket",1,"[PREMIUM]","[PREMIUM]","[PREMIUM]","[PREMIUM]",true,false,"['Clear view']","2026-07-20 12:49:20"
"13405049890","2026-07-20 23:58:04.765","2026-08-04 05:28:56.862","13405049890","159262730","[PREMIUM]","[PREMIUM]","354","4","5_6","5","6",2,"[2]",3575,"Infield Pavilion",20,"Mobile ticket",1,"[PREMIUM]","[PREMIUM]","[PREMIUM]","[PREMIUM]",true,false,"['Clear view']","2026-07-20 11:50:23"
"13258344309","2026-07-20 23:58:04.709","2026-07-22 00:18:53.172","13258344309","159262240","[PREMIUM]","[PREMIUM]","103","1","9001_9001","9001","9001",1,"[1]",1749,"Field Level Outfield",20,"Mobile ticket",13,"[PREMIUM]","[PREMIUM]","[PREMIUM]","[PREMIUM]",false,false,"['Limited or Obstructed View (printed on ticket)','Front Row of Section']","2026-07-06 04:33:54"
"13409888386","2026-07-20 23:58:04.709","2026-07-22 00:18:53.172","13409888386","159262240","[PREMIUM]","[PREMIUM]","E","10","_",,,4,"[4]",37612,"PHLY Insurance Club",20,"Mobile ticket",1,"[PREMIUM]","[PREMIUM]","[PREMIUM]","[PREMIUM]",true,false,"['Clear view']","2026-07-20 19:28:38"
"13409887745","2026-07-20 23:58:04.709","2026-07-28 06:00:11.123","13409887745","159262240","[PREMIUM]","[PREMIUM]","133","1","_",,,2,"[2]",17265,"Field Level Baseline",20,"Mobile ticket",1,"[PREMIUM]","[PREMIUM]","[PREMIUM]","[PREMIUM]",true,false,"['Front Row of Section','Clear view']","2026-07-20 19:28:36"
"13405049910","2026-07-20 23:58:04.503","2026-08-04 05:28:58.877","13405049910","159262730","[PREMIUM]","[PREMIUM]","356","1","7_10","7","10",4,"[2,4]",3575,"Infield Pavilion",20,"Mobile ticket",1,"[PREMIUM]","[PREMIUM]","[PREMIUM]","[PREMIUM]",true,false,"['Front Row of Section','Clear view']","2026-07-20 11:50:23"
"13403720990","2026-07-20 23:58:04.005","2026-07-22 00:23:25.841","13403720990","159262729","[PREMIUM]","[PREMIUM]","168","3","_",,,4,"[2,4]",3566,"Lower Left Field Box",20,"Mobile ticket",13,"[PREMIUM]","[PREMIUM]","[PREMIUM]","[PREMIUM]",true,false,"['Limited or Obstructed View (printed on ticket)','Front Row of Section']","2026-07-20 10:34:46"
"13403673111","2026-07-20 23:58:04.005","2026-07-20 23:58:04.005","13403673111","159262729","[PREMIUM]","[PREMIUM]","166","1","_",,,4,"[1,2,4]",3566,"Lower Left Field Box",20,"Mobile ticket",13,"[PREMIUM]","[PREMIUM]","[PREMIUM]","[PREMIUM]",true,false,"['Limited or Obstructed View (printed on ticket)','Front Row of Section']","2026-07-20 10:31:16"
"13403678874","2026-07-20 23:58:04.005","2026-07-29 05:32:57.475","13403678874","159262729","[PREMIUM]","[PREMIUM]","140D","A","_",,,2,"[2]",36989,"Cardinals Diamond Box",20,"Mobile ticket",13,"[PREMIUM]","[PREMIUM]","[PREMIUM]","[PREMIUM]",true,false,"['Limited or Obstructed View (printed on ticket)','Front Row of Section']","2026-07-20 10:31:38"
"13408368128","2026-07-20 23:58:03.954","2026-08-02 05:29:28.851","13408368128","159262729","[PREMIUM]","[PREMIUM]","153","1","7_10","7","10",4,"[2,4]",36985,"Visitor Home Box",20,"Mobile ticket",1,"[PREMIUM]","[PREMIUM]","[PREMIUM]","[PREMIUM]",true,false,"['Front Row of Section','Clear view']","2026-07-20 16:39:52"
"13413330841","2026-07-20 23:58:03.941","2026-07-30 05:33:12.486","13413330841","159262729","[PREMIUM]","[PREMIUM]","150","4","7_7","7","7",1,"[1]",1808,"Home Plate Box",20,"Mobile ticket",1,"[PREMIUM]","[PREMIUM]","[PREMIUM]","[PREMIUM]",false,false,"['Clear view']","2026-07-20 23:49:34"
"13403712440","2026-07-20 23:58:03.609","2026-07-20 23:58:03.609","13403712440","159262729","[PREMIUM]","[PREMIUM]","149","3","_",,,1,"[1]",1808,"Home Plate Box",20,"Mobile ticket",13,"[PREMIUM]","[PREMIUM]","[PREMIUM]","[PREMIUM]",false,false,"['Limited or Obstructed View (printed on ticket)','Third Row of Section']","2026-07-20 10:34:00"
"13403706384","2026-07-20 23:58:03.609","2026-07-20 23:58:03.609","13403706384","159262729","[PREMIUM]","[PREMIUM]","143","1","_",,,4,"[2,4]",36981,"Cardinals Infield Box",20,"Mobile ticket",13,"[PREMIUM]","[PREMIUM]","[PREMIUM]","[PREMIUM]",true,false,"['Limited or Obstructed View (printed on ticket)','Front Row of Section']","2026-07-20 10:33:32"
"13403684937","2026-07-20 23:58:03.609","2026-07-20 23:58:03.609","13403684937","159262729","[PREMIUM]","[PREMIUM]","155D","B","_",,,1,"[1]",36987,"Visitor Diamond Box",20,"Mobile ticket",13,"[PREMIUM]","[PREMIUM]","[PREMIUM]","[PREMIUM]",false,false,"['Limited or Obstructed View (printed on ticket)','Second Row of Section']","2026-07-20 10:32:03"
"13403683895","2026-07-20 23:58:03.609","2026-07-20 23:58:03.609","13403683895","159262729","[PREMIUM]","[PREMIUM]","103","1","_",,,1,"[1]",17215,"Lower Right Field Bleachers",20,"Mobile ticket",13,"[PREMIUM]","[PREMIUM]","[PREMIUM]","[PREMIUM]",false,false,"['Limited or Obstructed View (printed on ticket)','Front Row of Section']","2026-07-20 10:31:59"
"13403676253","2026-07-20 23:58:03.609","2026-07-29 05:32:57.475","13403676253","159262729","[PREMIUM]","[PREMIUM]","350","1","_",,,4,"[1,2,3,4]",3573,"Home Pavilion",20,"Mobile ticket",13,"[PREMIUM]","[PREMIUM]","[PREMIUM]","[PREMIUM]",true,false,"['Limited or Obstructed View (printed on ticket)','Front Row of Section']","2026-07-20 10:31:28"
"13350246118","2026-07-20 23:58:03.543","2026-07-30 05:14:10.083","13350246118","159262240","[PREMIUM]","[PREMIUM]","117","21","_",,,4,"[1,2,4]",1714,"Field Level",20,"Mobile ticket",1,"[PREMIUM]","[PREMIUM]","[PREMIUM]","[PREMIUM]",true,false,"['Clear view']","2026-07-14 16:22:16"
"13401906494","2026-07-20 23:58:03.543","2026-07-29 05:13:24.963","13401906494","159262240","[PREMIUM]","[PREMIUM]","117","13","9_10","9","10",2,"[2]",1714,"Field Level",20,"Mobile ticket",1,"[PREMIUM]","[PREMIUM]","[PREMIUM]","[PREMIUM]",true,false,"['Clear view']","2026-07-20 04:24:44"
"13300216909","2026-07-20 23:58:03.283","2026-07-20 23:58:03.283","13300216909","159262729","[PREMIUM]","[PREMIUM]","144D","C","9001_9002","9001","9002",2,"[2]",36989,"Cardinals Diamond Box",20,"Mobile ticket",13,"[PREMIUM]","[PREMIUM]","[PREMIUM]","[PREMIUM]",true,false,"['Third Row of Section','Clear view']","2026-07-09 10:13:01"
"13409886259","2026-07-20 23:58:03.276","2026-07-28 06:00:42.476","13409886259","159262240","[PREMIUM]","[PREMIUM]","E","6","_",,,5,"[1,2,3,5]",37612,"PHLY Insurance Club",20,"Mobile ticket",1,"[PREMIUM]","[PREMIUM]","[PREMIUM]","[PREMIUM]",true,false,"['Second Row of Section','Clear view']","2026-07-20 19:28:31"
"13409886545","2026-07-20 23:58:03.181","2026-07-28 06:00:01.285","13409886545","159262240","[PREMIUM]","[PREMIUM]","112","1","_",,,2,"[2]",17265,"Field Level Baseline",20,"Mobile ticket",1,"[PREMIUM]","[PREMIUM]","[PREMIUM]","[PREMIUM]",true,false,"['Front Row of Section','Clear view']","2026-07-20 19:28:32"
"13404579204","2026-07-20 23:58:03.111","2026-07-22 00:18:53.414","13404579204","159262240","[PREMIUM]","[PREMIUM]","320","2","_",,,3,"[1,2,3]",519,"Terrace",20,"Mobile ticket",13,"[PREMIUM]","[PREMIUM]","[PREMIUM]","[PREMIUM]",true,false,"['Limited or Obstructed View (printed on ticket)','Second Row of Section']","2026-07-20 11:20:35"
"13405884659","2026-07-20 23:58:03.111","2026-07-22 00:18:53.414","13405884659","159262240","[PREMIUM]","[PREMIUM]","225","4","_",,,3,"[1,3]",3671,"Hall of Fame Club",20,"Mobile ticket",13,"[PREMIUM]","[PREMIUM]","[PREMIUM]","[PREMIUM]",true,false,"['Clear view']","2026-07-20 13:16:21"
"13403674625","2026-07-20 23:58:02.943","2026-07-22 00:23:25.682","13403674625","159262729","[PREMIUM]","[PREMIUM]","127","1","_",,,1,"[1]",22238,"Home Run Box",20,"Mobile ticket",13,"[PREMIUM]","[PREMIUM]","[PREMIUM]","[PREMIUM]",false,false,"['Limited or Obstructed View (printed on ticket)','Front Row of Section']","2026-07-20 10:31:21"
"13408160865","2026-07-20 23:58:02.943","2026-07-20 23:58:02.943","13408160865","159262729","[PREMIUM]","[PREMIUM]","233","1","9001_9002","9001","9002",2,"[2]",3589,"Right Field Loge",20,"Mobile ticket",13,"[PREMIUM]","[PREMIUM]","[PREMIUM]","[PREMIUM]",true,false,"['Limited or Obstructed View (printed on ticket)','Front Row of Section']","2026-07-20 16:17:56"
"13409890056","2026-07-20 23:58:02.577","2026-07-25 05:19:49.751","13409890056","159262240","[PREMIUM]","[PREMIUM]","322","2","_",,,2,"[2]",519,"Terrace",20,"Mobile ticket",1,"[PREMIUM]","[PREMIUM]","[PREMIUM]","[PREMIUM]",true,false,"['Second Row of Section','Clear view']","2026-07-20 19:28:44"
"13409889918","2026-07-20 23:58:02.577","2026-07-20 23:58:02.577","13409889918","159262240","[PREMIUM]","[PREMIUM]","230","1","_",,,2,"[2]",3671,"Hall of Fame Club",20,"Mobile ticket",1,"[PREMIUM]","[PREMIUM]","[PREMIUM]","[PREMIUM]",true,false,"['Front Row of Section','Clear view']","2026-07-20 19:28:44"
"13409886312","2026-07-20 23:58:02.515","2026-07-23 00:55:15.132","13409886312","159262240","[PREMIUM]","[PREMIUM]","222","3","_",,,2,"[2]",3671,"Hall of Fame Club",20,"Mobile ticket",1,"[PREMIUM]","[PREMIUM]","[PREMIUM]","[PREMIUM]",true,false,"['Third Row of Section','Clear view']","2026-07-20 19:28:31"
"13409876713","2026-07-20 23:58:02.515","2026-07-25 05:19:49.881","13409876713","159262240","[PREMIUM]","[PREMIUM]","144","1","_",,,2,"[2]",1749,"Field Level Outfield",20,"Mobile ticket",1,"[PREMIUM]","[PREMIUM]","[PREMIUM]","[PREMIUM]",true,false,"['Front Row of Section','Clear view']","2026-07-20 19:28:02"
"13409922141","2026-07-20 23:58:02.473","2026-07-26 05:19:24.064","13409922141","159262240","[PREMIUM]","[PREMIUM]","225","5","_",,,2,"[2]",3671,"Hall of Fame Club",20,"Mobile ticket",1,"[PREMIUM]","[PREMIUM]","[PREMIUM]","[PREMIUM]",true,false,"['Clear view']","2026-07-20 19:31:44"
"13410471013","2026-07-20 23:58:02.426","2026-07-23 22:37:31.508","13410471013","159262729","[PREMIUM]","[PREMIUM]","7","B","_",,,3,"[3]",3547,"Cardinals Club",20,"Mobile ticket",1,"[PREMIUM]","[PREMIUM]","[PREMIUM]","[PREMIUM]",true,false,"['Second Row of Section','Clear view']","2026-07-20 20:11:47"
"13401367127","2026-07-20 23:58:02.390","2026-07-20 23:58:02.390","13401367127","159262240","[PREMIUM]","[PREMIUM]","212","6","9001_9002","9001","9002",2,"[2]",3671,"Hall of Fame Club",20,"Mobile ticket",13,"[PREMIUM]","[PREMIUM]","[PREMIUM]","[PREMIUM]",true,false,"['Clear view']","2026-07-20 02:02:34"
"13408354449","2026-07-20 23:58:02.288","2026-07-30 05:33:15.539","13408354449","159262729","[PREMIUM]","[PREMIUM]","6","E","9_12","9","12",4,"[2,4]",3547,"Cardinals Club",20,"Mobile ticket",1,"[PREMIUM]","[PREMIUM]","[PREMIUM]","[PREMIUM]",true,false,"['Clear view']","2026-07-20 16:39:08"
"13408347221","2026-07-20 23:58:02.221","2026-08-02 05:29:34.735","13408347221","159262729","[PREMIUM]","[PREMIUM]","1","K","3_6","3","6",4,"[2,4]",3547,"Cardinals Club",20,"Mobile ticket",1,"[PREMIUM]","[PREMIUM]","[PREMIUM]","[PREMIUM]",true,false,"['Clear view']","2026-07-20 16:38:12"
"13408353025","2026-07-20 23:58:02.221","2026-08-01 05:30:19.957","13408353025","159262729","[PREMIUM]","[PREMIUM]","3","G","8_11","8","11",4,"[2,4]",3547,"Cardinals Club",20,"Mobile ticket",1,"[PREMIUM]","[PREMIUM]","[PREMIUM]","[PREMIUM]",true,false,"['Clear view']","2026-07-20 16:39:01"
"13408356132","2026-07-20 23:58:02.221","2026-08-04 05:29:27.751","13408356132","159262729","[PREMIUM]","[PREMIUM]","7","H","10_11","10","11",2,"[2]",3547,"Cardinals Club",20,"Mobile ticket",1,"[PREMIUM]","[PREMIUM]","[PREMIUM]","[PREMIUM]",true,false,"['Clear view']","2026-07-20 16:39:16"
"13411230451","2026-07-20 23:58:02.221","2026-08-02 05:29:34.958","13411230451","159262729","[PREMIUM]","[PREMIUM]","6","H","_",,,2,"[2]",3547,"Cardinals Club",20,"Mobile ticket",1,"[PREMIUM]","[PREMIUM]","[PREMIUM]","[PREMIUM]",true,false,"['In-Seat Wait Service','Complimentary buffet with beer and champagne included','Cardinals Club','Behind Home Plate','Clear view']","2026-07-20 21:23:39"
"13398990852","2026-07-20 23:58:02.131","2026-07-20 23:58:02.131","13398990852","159262240","[PREMIUM]","[PREMIUM]","232","5","9001_9002","9001","9002",2,"[2]",3671,"Hall of Fame Club",20,"Mobile ticket",13,"[PREMIUM]","[PREMIUM]","[PREMIUM]","[PREMIUM]",true,false,"['Clear view']","2026-07-19 18:24:44"
"13409890360","2026-07-20 23:58:02.131","2026-07-27 06:12:37.371","13409890360","159262240","[PREMIUM]","[PREMIUM]","101","1","_",,,2,"[2]",1749,"Field Level Outfield",20,"Mobile ticket",1,"[PREMIUM]","[PREMIUM]","[PREMIUM]","[PREMIUM]",true,false,"['Front Row of Section','Clear view']","2026-07-20 19:28:45"
"13409889900","2026-07-20 23:58:02.131","2026-07-20 23:58:02.131","13409889900","159262240","[PREMIUM]","[PREMIUM]","312","1","_",,,1,"[1]",519,"Terrace",20,"Mobile ticket",1,"[PREMIUM]","[PREMIUM]","[PREMIUM]","[PREMIUM]",false,false,"['Front Row of Section','Clear view']","2026-07-20 19:28:44"
"13409924430","2026-07-20 23:58:02.050","2026-07-23 22:37:27.637","13409924430","159262240","[PREMIUM]","[PREMIUM]","212","1","_",,,1,"[1]",3671,"Hall of Fame Club",20,"Mobile ticket",1,"[PREMIUM]","[PREMIUM]","[PREMIUM]","[PREMIUM]",false,false,"['Front Row of Section','Clear view']","2026-07-20 19:31:51"
"13409881937","2026-07-20 23:58:02.050","2026-07-25 05:19:49.753","13409881937","159262240","[PREMIUM]","[PREMIUM]","147","4","_",,,2,"[2]",1749,"Field Level Outfield",20,"Mobile ticket",1,"[PREMIUM]","[PREMIUM]","[PREMIUM]","[PREMIUM]",true,false,"['Front Row of Section','Clear view']","2026-07-20 19:28:17"
"13404556924","2026-07-20 23:58:02.017","2026-07-22 00:18:49.155","13404556924","159262240","[PREMIUM]","[PREMIUM]","325","1","_",,,4,"[1,2,4]",519,"Terrace",20,"Mobile ticket",13,"[PREMIUM]","[PREMIUM]","[PREMIUM]","[PREMIUM]",true,false,"['Limited or Obstructed View (printed on ticket)','Front Row of Section']","2026-07-20 11:19:03"
"13408366441","2026-07-20 23:58:01.309","2026-07-23 22:37:30.488","13408366441","159262729","[PREMIUM]","[PREMIUM]","150","1","1_2","1","2",2,"[2]",1808,"Home Plate Box",20,"Mobile ticket",1,"[PREMIUM]","[PREMIUM]","[PREMIUM]","[PREMIUM]",true,false,"['Front Row of Section','Clear view']","2026-07-20 16:39:48"
"13410398385","2026-07-20 23:58:01.285","2026-07-20 23:58:01.285","13410398385","159262240","[PREMIUM]","[PREMIUM]","136","1","9001_9002","9001","9002",2,"[2]",17265,"Field Level Baseline",20,"Mobile ticket",13,"[PREMIUM]","[PREMIUM]","[PREMIUM]","[PREMIUM]",true,false,"['Front Row of Section','Clear view']","2026-07-20 20:05:01"
"13405508908","2026-07-20 23:58:01.272","2026-07-22 00:18:51.105","13405508908","159262240","[PREMIUM]","[PREMIUM]","223","4","5_8","5","8",4,"[2,4]",3671,"Hall of Fame Club",20,"Mobile ticket",1,"[PREMIUM]","[PREMIUM]","[PREMIUM]","[PREMIUM]",true,false,"['Clear view']","2026-07-20 12:44:18"
"13409882855","2026-07-20 23:58:01.272","2026-07-20 23:58:01.272","13409882855","159262240","[PREMIUM]","[PREMIUM]","105","1","_",,,2,"[2]",1749,"Field Level Outfield",20,"Mobile ticket",1,"[PREMIUM]","[PREMIUM]","[PREMIUM]","[PREMIUM]",true,false,"['Front Row of Section','Clear view']","2026-07-20 19:28:20"
"12840090816","2026-07-20 23:58:00.912","2026-08-04 05:10:51.247","12840090816","159262240","[PREMIUM]","[PREMIUM]","115","9","7_8","7","8",2,"[2]",1714,"Field Level",20,"Mobile ticket",1,"[PREMIUM]","[PREMIUM]","[PREMIUM]","[PREMIUM]",true,false,"['Clear view']","2026-05-27 22:34:06"
"13400521324","2026-07-20 23:58:00.912","2026-07-27 06:10:37.221","13400521324","159262240","[PREMIUM]","[PREMIUM]","142","1","_",,,4,"[4]",1749,"Field Level Outfield",20,"Mobile ticket",1,"[PREMIUM]","[PREMIUM]","[PREMIUM]","[PREMIUM]",true,false,"['Actual 1st row of the section','Aisle seat','Clear view']","2026-07-19 22:50:54"
"13401895286","2026-07-20 23:58:00.699","2026-07-26 05:19:21.172","13401895286","159262240","[PREMIUM]","[PREMIUM]","133","13","1_4","1","4",4,"[2,4]",17265,"Field Level Baseline",20,"Mobile ticket",1,"[PREMIUM]","[PREMIUM]","[PREMIUM]","[PREMIUM]",true,false,"['Clear view']","2026-07-20 04:22:49"
"13406610716","2026-07-20 23:58:00.676","2026-07-22 00:19:03.031","13406610716","159262241","[PREMIUM]","[PREMIUM]","216","3","9001_9004","9001","9004",4,"[1,2,4]",3671,"Hall of Fame Club",20,"Mobile ticket",13,"[PREMIUM]","[PREMIUM]","[PREMIUM]","[PREMIUM]",true,false,"['Limited or Obstructed View (printed on ticket)','Third Row of Section']","2026-07-20 14:20:56"
"12916799816","2026-07-20 23:58:00.589","2026-08-04 05:10:51.081","12916799816","159262240","[PREMIUM]","[PREMIUM]","101","2","3_4","3","4",2,"[2]",1749,"Field Level Outfield",20,"Mobile ticket",1,"[PREMIUM]","[PREMIUM]","[PREMIUM]","[PREMIUM]",true,false,"['Second Row of Section','Clear view']","2026-06-03 15:03:15"
"13300624200","2026-07-20 23:58:00.589","2026-07-20 23:58:00.589","13300624200","159262240","[PREMIUM]","[PREMIUM]","329","1","9001_9003","9001","9003",3,"[3]",519,"Terrace",20,"Mobile ticket",13,"[PREMIUM]","[PREMIUM]","[PREMIUM]","[PREMIUM]",true,false,"['Front Row of Section','Clear view']","2026-07-09 10:42:08"
"13409886031","2026-07-20 23:58:00.589","2026-07-23 00:55:11.105","13409886031","159262240","[PREMIUM]","[PREMIUM]","327","3","_",,,2,"[2]",519,"Terrace",20,"Mobile ticket",1,"[PREMIUM]","[PREMIUM]","[PREMIUM]","[PREMIUM]",true,false,"['Third Row of Section','Clear view']","2026-07-20 19:28:30"
"13382857387","2026-07-20 23:58:00.478","2026-07-22 00:18:48.807","13382857387","159262240","[PREMIUM]","[PREMIUM]","122","31","_",,,3,"[1,3]",1714,"Field Level",20,"Mobile ticket",1,"[PREMIUM]","[PREMIUM]","[PREMIUM]","[PREMIUM]",true,false,"['Clear view']","2026-07-17 13:23:16"
"13399148254","2026-07-20 23:58:00.230","2026-07-26 05:22:00.768","13399148254","159262241","[PREMIUM]","[PREMIUM]","125","27","_",,,2,"[2]",1714,"Field Level",20,"Mobile ticket",1,"[PREMIUM]","[PREMIUM]","[PREMIUM]","[PREMIUM]",true,false,"['Limited or Obstructed View (printed on ticket)']","2026-07-19 19:00:05"
"13303058811","2026-07-20 23:58:00.142","2026-07-20 23:58:00.142","13303058811","159262240","[PREMIUM]","[PREMIUM]","143","6","9001_9002","9001","9002",2,"[2]",1749,"Field Level Outfield",20,"Mobile ticket",13,"[PREMIUM]","[PREMIUM]","[PREMIUM]","[PREMIUM]",true,false,"['Clear view']","2026-07-09 15:10:46"
"13405508488","2026-07-20 23:57:59.939","2026-08-02 05:11:24.422","13405508488","159262240","[PREMIUM]","[PREMIUM]","112","2","15_16","15","16",2,"[2]",17265,"Field Level Baseline",20,"Mobile ticket",1,"[PREMIUM]","[PREMIUM]","[PREMIUM]","[PREMIUM]",true,false,"['Second Row of Section','Clear view']","2026-07-20 12:44:15"
"13405509631","2026-07-20 23:57:59.939","2026-07-23 22:37:25.965","13405509631","159262240","[PREMIUM]","[PREMIUM]","113","15","9_14","9","14",6,"[1,2,3,4,6]",17265,"Field Level Baseline",20,"Mobile ticket",1,"[PREMIUM]","[PREMIUM]","[PREMIUM]","[PREMIUM]",true,false,"['Clear view']","2026-07-20 12:44:28"
"13405508634","2026-07-20 23:57:59.939","2026-07-26 05:19:21.172","13405508634","159262240","[PREMIUM]","[PREMIUM]","103","3","3_4","3","4",2,"[2]",1749,"Field Level Outfield",20,"Mobile ticket",1,"[PREMIUM]","[PREMIUM]","[PREMIUM]","[PREMIUM]",true,false,"['Third Row of Section','Clear view']","2026-07-20 12:44:17"
"13405509350","2026-07-20 23:57:59.939","2026-07-30 05:14:09.031","13405509350","159262240","[PREMIUM]","[PREMIUM]","105","3","9_10","9","10",2,"[2]",1749,"Field Level Outfield",20,"Mobile ticket",1,"[PREMIUM]","[PREMIUM]","[PREMIUM]","[PREMIUM]",true,false,"['Third Row of Section','Clear view']","2026-07-20 12:44:24"
"13370535944","2026-07-20 23:57:59.820","2026-07-20 23:57:59.820","13370535944","159262241","[PREMIUM]","[PREMIUM]","218","2","_",,,3,"[1,3]",3671,"Hall of Fame Club",20,"Mobile ticket",13,"[PREMIUM]","[PREMIUM]","[PREMIUM]","[PREMIUM]",true,false,"['Limited or Obstructed View (printed on ticket)','Second Row of Section']","2026-07-16 10:16:08"
"13406608364","2026-07-20 23:57:59.820","2026-07-22 00:19:03.835","13406608364","159262241","[PREMIUM]","[PREMIUM]","330","2","9001_9004","9001","9004",4,"[4]",519,"Terrace",20,"Mobile ticket",13,"[PREMIUM]","[PREMIUM]","[PREMIUM]","[PREMIUM]",true,false,"['Limited or Obstructed View (printed on ticket)','Second Row of Section']","2026-07-20 14:20:49"
"13402244868","2026-07-20 23:57:59.508","2026-07-26 05:19:18.447","13402244868","159262240","[PREMIUM]","[PREMIUM]","131","24","_",,,2,"[2]",1714,"Field Level",20,"Mobile ticket",1,"[PREMIUM]","[PREMIUM]","[PREMIUM]","[PREMIUM]",true,false,"['Clear view']","2026-07-20 05:49:51"
"13406722915","2026-07-20 23:57:59.508","2026-07-20 23:57:59.508","13406722915","159262240","[PREMIUM]","[PREMIUM]","104","10","9001_9002","9001","9002",2,"[2]",1749,"Field Level Outfield",20,"Mobile ticket",13,"[PREMIUM]","[PREMIUM]","[PREMIUM]","[PREMIUM]",true,false,"['Clear view']","2026-07-20 14:28:57"
"13158930144","2026-07-20 23:57:59.498","2026-08-04 05:10:46.104","13158930144","159262240","[PREMIUM]","[PREMIUM]","110","8","9_10","9","10",2,"[2]",17265,"Field Level Baseline",20,"Mobile ticket",1,"[PREMIUM]","[PREMIUM]","[PREMIUM]","[PREMIUM]",true,false,"['Clear view']","2026-06-26 19:47:45"
"13220542858","2026-07-20 23:57:59.498","2026-08-04 05:10:46.371","13220542858","159262240","[PREMIUM]","[PREMIUM]","133","19","7_8","7","8",2,"[2]",17265,"Field Level Baseline",20,"Mobile ticket",1,"[PREMIUM]","[PREMIUM]","[PREMIUM]","[PREMIUM]",true,false,"['Clear view']","2026-07-02 19:04:49"
"13405509267","2026-07-20 23:57:59.498","2026-07-20 23:57:59.498","13405509267","159262240","[PREMIUM]","[PREMIUM]","112","3","5_7","5","7",3,"[1,3]",17265,"Field Level Baseline",20,"Mobile ticket",1,"[PREMIUM]","[PREMIUM]","[PREMIUM]","[PREMIUM]",true,false,"['Third Row of Section','Clear view']","2026-07-20 12:44:22"
"13405509478","2026-07-20 23:57:59.498","2026-08-04 05:10:46.242","13405509478","159262240","[PREMIUM]","[PREMIUM]","147","5","3_4","3","4",2,"[2]",1749,"Field Level Outfield",20,"Mobile ticket",1,"[PREMIUM]","[PREMIUM]","[PREMIUM]","[PREMIUM]",true,false,"['Second Row of Section','Clear view']","2026-07-20 12:44:25"
"13405508542","2026-07-20 23:57:59.472","2026-07-23 22:37:24.809","13405508542","159262240","[PREMIUM]","[PREMIUM]","142","2","5_12","5","12",8,"[1,2,3,4,5,6,8]",1749,"Field Level Outfield",20,"Mobile ticket",1,"[PREMIUM]","[PREMIUM]","[PREMIUM]","[PREMIUM]",true,false,"['Second Row of Section','Clear view']","2026-07-20 12:44:15"
"13405507868","2026-07-20 23:57:59.472","2026-07-28 05:59:24.794","13405507868","159262240","[PREMIUM]","[PREMIUM]","144","4","15_20","15","20",6,"[1,2,3,4,6]",1749,"Field Level Outfield",20,"Mobile ticket",1,"[PREMIUM]","[PREMIUM]","[PREMIUM]","[PREMIUM]",true,false,"['Clear view']","2026-07-20 12:44:12"
"13405509356","2026-07-20 23:57:59.472","2026-08-03 05:09:33.224","13405509356","159262240","[PREMIUM]","[PREMIUM]","140","7","14_15","14","15",2,"[2]",1749,"Field Level Outfield",20,"Mobile ticket",1,"[PREMIUM]","[PREMIUM]","[PREMIUM]","[PREMIUM]",true,false,"['Front Row of Section','Clear view']","2026-07-20 12:44:24"
"13405509242","2026-07-20 23:57:59.472","2026-08-03 05:09:22.686","13405509242","159262240","[PREMIUM]","[PREMIUM]","148","13","9_10","9","10",2,"[2]",1749,"Field Level Outfield",20,"Mobile ticket",1,"[PREMIUM]","[PREMIUM]","[PREMIUM]","[PREMIUM]",true,false,"['Clear view']","2026-07-20 12:44:21"
"13406610183","2026-07-20 23:57:59.448","2026-07-22 00:19:02.608","13406610183","159262241","[PREMIUM]","[PREMIUM]","428","3","_",,,4,"[2,4]",2402,"Terrace Deck",20,"Mobile ticket",13,"[PREMIUM]","[PREMIUM]","[PREMIUM]","[PREMIUM]",true,false,"['Limited or Obstructed View (printed on ticket)','Third Row of Section']","2026-07-20 14:20:55"
"13413086495","2026-07-20 23:57:59.448","2026-07-22 00:19:01.917","13413086495","159262241","[PREMIUM]","[PREMIUM]","326","2","_",,,4,"[4]",519,"Terrace",20,"Mobile ticket",13,"[PREMIUM]","[PREMIUM]","[PREMIUM]","[PREMIUM]",true,false,"['Limited or Obstructed View (printed on ticket)','Second Row of Section']","2026-07-20 23:27:30"
"13410378287","2026-07-20 23:57:59.423","2026-07-26 05:22:06.571","13410378287","159262241","[PREMIUM]","[PREMIUM]","222","3","_",,,2,"[2]",3671,"Hall of Fame Club",20,"Mobile ticket",1,"[PREMIUM]","[PREMIUM]","[PREMIUM]","[PREMIUM]",true,false,"['Third Row of Section','Clear view']","2026-07-20 20:03:48"
"13410387929","2026-07-20 23:57:59.423","2026-07-23 00:55:15.508","13410387929","159262241","[PREMIUM]","[PREMIUM]","228","1","_",,,2,"[2]",3671,"Hall of Fame Club",20,"Mobile ticket",1,"[PREMIUM]","[PREMIUM]","[PREMIUM]","[PREMIUM]",true,false,"['Front Row of Section','Clear view']","2026-07-20 20:04:23"
"13410380021","2026-07-20 23:57:59.321","2026-07-25 05:36:54.196","13410380021","159262241","[PREMIUM]","[PREMIUM]","C","9","_",,,3,"[3]",37612,"PHLY Insurance Club",20,"Mobile ticket",1,"[PREMIUM]","[PREMIUM]","[PREMIUM]","[PREMIUM]",true,false,"['Clear view']","2026-07-20 20:03:54"
"13410380412","2026-07-20 23:57:59.321","2026-07-27 06:21:42.609","13410380412","159262241","[PREMIUM]","[PREMIUM]","227","1","_",,,2,"[2]",3671,"Hall of Fame Club",20,"Mobile ticket",1,"[PREMIUM]","[PREMIUM]","[PREMIUM]","[PREMIUM]",true,false,"['Front Row of Section','Clear view']","2026-07-20 20:03:56"
"13410376761","2026-07-20 23:57:59.278","2026-07-23 00:55:15.778","13410376761","159262241","[PREMIUM]","[PREMIUM]","E","6","_",,,5,"[1,2,3,5]",37612,"PHLY Insurance Club",20,"Mobile ticket",1,"[PREMIUM]","[PREMIUM]","[PREMIUM]","[PREMIUM]",true,false,"['Second Row of Section','Clear view']","2026-07-20 20:03:42"
"13406252407","2026-07-20 23:57:59.167","2026-07-30 05:33:09.063","13406252407","159262729","[PREMIUM]","[PREMIUM]","171","1","11_13","11","13",3,"[1,3]",22238,"Home Run Box",20,"Mobile ticket",1,"[PREMIUM]","[PREMIUM]","[PREMIUM]","[PREMIUM]",true,false,"['Front Row of Section','Clear view']","2026-07-20 13:52:16"
"13410385565","2026-07-20 23:57:59.158","2026-07-26 05:22:00.520","13410385565","159262241","[PREMIUM]","[PREMIUM]","139","16","_",,,3,"[1,3]",17265,"Field Level Baseline",20,"Mobile ticket",1,"[PREMIUM]","[PREMIUM]","[PREMIUM]","[PREMIUM]",true,false,"['Clear view']","2026-07-20 20:04:16"
"13410376409","2026-07-20 23:57:59.158","2026-08-04 05:13:05.050","13410376409","159262241","[PREMIUM]","[PREMIUM]","333","2","_",,,2,"[2]",519,"Terrace",20,"Mobile ticket",1,"[PREMIUM]","[PREMIUM]","[PREMIUM]","[PREMIUM]",true,false,"['Second Row of Section','Clear view']","2026-07-20 20:03:40"
"13405508489","2026-07-20 23:57:59.115","2026-07-25 05:19:39.102","13405508489","159262240","[PREMIUM]","[PREMIUM]","313","4","4_9","4","9",6,"[1,2,3,4,6]",519,"Terrace",20,"Mobile ticket",1,"[PREMIUM]","[PREMIUM]","[PREMIUM]","[PREMIUM]",true,false,"['Clear view']","2026-07-20 12:44:15"
"13405507460","2026-07-20 23:57:59.115","2026-07-27 06:07:16.226","13405507460","159262240","[PREMIUM]","[PREMIUM]","207","1","16_18","16","18",3,"[1,3]",1297,"Pavilion",20,"Mobile ticket",1,"[PREMIUM]","[PREMIUM]","[PREMIUM]","[PREMIUM]",true,false,"['Front Row of Section','Clear view']","2026-07-20 12:44:10"
"13407508175","2026-07-20 23:57:59.115","2026-07-23 00:55:04.297","13407508175","159262240","[PREMIUM]","[PREMIUM]","109","7","13_14","13","14",2,"[2]",17265,"Field Level Baseline",20,"Mobile ticket",1,"[PREMIUM]","[PREMIUM]","[PREMIUM]","[PREMIUM]",true,false,"['Clear view']","2026-07-20 15:22:45"
"13393689814","2026-07-20 23:57:59.032","2026-07-20 23:57:59.032","13393689814","159262241","[PREMIUM]","[PREMIUM]","119","23","9001_9003","9001","9003",3,"[3]",1714,"Field Level",20,"Mobile ticket",13,"[PREMIUM]","[PREMIUM]","[PREMIUM]","[PREMIUM]",true,false,"['Third Row of Section','Clear view']","2026-07-18 23:47:43"
"13410376448","2026-07-20 23:57:59.032","2026-07-23 22:37:29.223","13410376448","159262241","[PREMIUM]","[PREMIUM]","145","1","_",,,4,"[1,2,4]",1749,"Field Level Outfield",20,"Mobile ticket",1,"[PREMIUM]","[PREMIUM]","[PREMIUM]","[PREMIUM]",true,false,"['Front Row of Section','Clear view']","2026-07-20 20:03:40"
"13410395633","2026-07-20 23:57:59.032","2026-07-23 00:55:14.074","13410395633","159262241","[PREMIUM]","[PREMIUM]","412","1","_",,,4,"[2,4]",2402,"Terrace Deck",20,"Mobile ticket",1,"[PREMIUM]","[PREMIUM]","[PREMIUM]","[PREMIUM]",true,false,"['Front Row of Section','Clear view']","2026-07-20 20:04:51"
"13410376906","2026-07-20 23:57:58.826","2026-07-20 23:57:58.826","13410376906","159262241","[PREMIUM]","[PREMIUM]","E","16","_",,,2,"[2]",37612,"PHLY Insurance Club",20,"Mobile ticket",1,"[PREMIUM]","[PREMIUM]","[PREMIUM]","[PREMIUM]",true,false,"['Clear view']","2026-07-20 20:03:42"
"13144947818","2026-07-20 23:57:58.810","2026-07-27 06:07:50.790","13144947818","159262240","[PREMIUM]","[PREMIUM]","112","9","5_6","5","6",2,"[2]",17265,"Field Level Baseline",20,"Mobile ticket",1,"[PREMIUM]","[PREMIUM]","[PREMIUM]","[PREMIUM]",true,false,"['Clear view']","2026-06-25 18:57:46"
"13407012440","2026-07-20 23:57:58.702","2026-07-22 00:18:58.391","13407012440","159262241","[PREMIUM]","[PREMIUM]","413","1","_",,,8,"[1,2,3,4,5,6,7,8]",2402,"Terrace Deck",20,"Mobile ticket",13,"[PREMIUM]","[PREMIUM]","[PREMIUM]","[PREMIUM]",true,false,"['Limited or Obstructed View (printed on ticket)','Front Row of Section']","2026-07-20 14:48:38"
"13410377824","2026-07-20 23:57:58.702","2026-07-25 05:36:49.505","13410377824","159262241","[PREMIUM]","[PREMIUM]","144","1","_",,,2,"[2]",1749,"Field Level Outfield",20,"Mobile ticket",1,"[PREMIUM]","[PREMIUM]","[PREMIUM]","[PREMIUM]",true,false,"['Front Row of Section','Clear view']","2026-07-20 20:03:47"
"13410377909","2026-07-20 23:57:58.702","2026-07-26 05:22:06.413","13410377909","159262241","[PREMIUM]","[PREMIUM]","225","5","_",,,2,"[2]",3671,"Hall of Fame Club",20,"Mobile ticket",1,"[PREMIUM]","[PREMIUM]","[PREMIUM]","[PREMIUM]",true,false,"['Clear view']","2026-07-20 20:03:47"
"13405925394","2026-07-20 23:57:58.691","2026-07-22 00:18:47.181","13405925394","159262240","[PREMIUM]","[PREMIUM]","414","1","_",,,4,"[1,2,4]",2402,"Terrace Deck",20,"Mobile ticket",13,"[PREMIUM]","[PREMIUM]","[PREMIUM]","[PREMIUM]",true,false,"['Limited or Obstructed View (printed on ticket)','Front Row of Section']","2026-07-20 13:21:13"
"13405509301","2026-07-20 23:57:58.526","2026-07-29 05:13:20.983","13405509301","159262240","[PREMIUM]","[PREMIUM]","141","8","5_7","5","7",3,"[1,3]",1749,"Field Level Outfield",20,"Mobile ticket",1,"[PREMIUM]","[PREMIUM]","[PREMIUM]","[PREMIUM]",true,false,"['Clear view']","2026-07-20 12:44:23"
"13405509579","2026-07-20 23:57:58.523","2026-07-23 22:37:24.610","13405509579","159262240","[PREMIUM]","[PREMIUM]","101","5","10_13","10","13",4,"[2,4]",1749,"Field Level Outfield",20,"Mobile ticket",1,"[PREMIUM]","[PREMIUM]","[PREMIUM]","[PREMIUM]",true,false,"['Clear view']","2026-07-20 12:44:27"
"13405509249","2026-07-20 23:57:58.523","2026-08-04 05:10:46.104","13405509249","159262240","[PREMIUM]","[PREMIUM]","319","1","8_10","8","10",3,"[1,3]",519,"Terrace",20,"Mobile ticket",1,"[PREMIUM]","[PREMIUM]","[PREMIUM]","[PREMIUM]",true,false,"['Front Row of Section','Clear view']","2026-07-20 12:44:21"
"13411319663","2026-07-20 23:57:58.523","2026-07-31 06:29:58.046","13411319663","159262240","[PREMIUM]","[PREMIUM]","139","23","5_6","5","6",2,"[2]",17265,"Field Level Baseline",20,"Mobile ticket",1,"[PREMIUM]","[PREMIUM]","[PREMIUM]","[PREMIUM]",true,false,"['Clear view']","2026-07-20 21:29:47"
"13391974820","2026-07-20 23:57:58.506","2026-07-27 06:21:42.444","13391974820","159262241","[PREMIUM]","[PREMIUM]","215","8","_",,,2,"[2]",3671,"Hall of Fame Club",20,"Mobile ticket",1,"[PREMIUM]","[PREMIUM]","[PREMIUM]","[PREMIUM]",true,false,"['Clear view']","2026-07-18 17:21:02"
"13405554448","2026-07-20 23:57:58.506","2026-07-20 23:57:58.506","13405554448","159262241","[PREMIUM]","[PREMIUM]","116","5","9001_9002","9001","9002",2,"[2]",1714,"Field Level",20,"Mobile ticket",13,"[PREMIUM]","[PREMIUM]","[PREMIUM]","[PREMIUM]",true,false,"['Clear view']","2026-07-20 12:48:57"
"13410380652","2026-07-20 23:57:58.506","2026-07-23 22:37:29.241","13410380652","159262241","[PREMIUM]","[PREMIUM]","221","2","_",,,2,"[2]",3671,"Hall of Fame Club",20,"Mobile ticket",1,"[PREMIUM]","[PREMIUM]","[PREMIUM]","[PREMIUM]",true,false,"['Second Row of Section','Clear view']","2026-07-20 20:03:57"
"13392825551","2026-07-20 23:57:58.412","2026-07-26 05:19:18.300","13392825551","159262240","[PREMIUM]","[PREMIUM]","113","30","_",,,2,"[2]",17265,"Field Level Baseline",20,"Mobile ticket",1,"[PREMIUM]","[PREMIUM]","[PREMIUM]","[PREMIUM]",true,false,"['Aisle seat','Clear view']","2026-07-18 20:44:47"
"13400533177","2026-07-20 23:57:58.402","2026-07-20 23:57:58.402","13400533177","159262240","[PREMIUM]","[PREMIUM]","115","34","5_6","5","6",2,"[2]",1714,"Field Level",20,"Mobile ticket",1,"[PREMIUM]","[PREMIUM]","[PREMIUM]","[PREMIUM]",true,false,"['Clear view']","2026-07-19 22:52:07"
"13407220009","2026-07-20 23:57:58.402","2026-08-04 05:10:46.085","13407220009","159262240","[PREMIUM]","[PREMIUM]","425","1","_",,,8,"[1,2,3,4,5,6,8]",2402,"Terrace Deck",20,"Mobile ticket",1,"[PREMIUM]","[PREMIUM]","[PREMIUM]","[PREMIUM]",true,false,"['Front Row of Section','Clear view']","2026-07-20 15:01:45"
"13407731578","2026-07-20 23:57:58.360","2026-07-23 00:55:04.480","13407731578","159262240","[PREMIUM]","[PREMIUM]","133","25","3_5","3","5",3,"[3]",17265,"Field Level Baseline",20,"Mobile ticket",1,"[PREMIUM]","[PREMIUM]","[PREMIUM]","[PREMIUM]",true,false,"['Clear view']","2026-07-20 15:40:26"
"13400515022","2026-07-20 23:57:58.036","2026-08-04 05:29:13.412","13400515022","159262731","[PREMIUM]","[PREMIUM]","439","5","1_6","1","6",6,"[1,2,4,6]",3570,"First Base Terrace",20,"Mobile ticket",1,"[PREMIUM]","[PREMIUM]","[PREMIUM]","[PREMIUM]",true,false,"['Clear view']","2026-07-19 22:49:27"
"13410885056","2026-07-20 23:57:57.956","2026-07-20 23:57:57.956","13410885056","159262241","[PREMIUM]","[PREMIUM]","136","1","9001_9002","9001","9002",2,"[2]",17265,"Field Level Baseline",20,"Mobile ticket",13,"[PREMIUM]","[PREMIUM]","[PREMIUM]","[PREMIUM]",true,false,"['Front Row of Section','Clear view']","2026-07-20 20:49:58"
"13410376881","2026-07-20 23:57:57.686","2026-07-26 05:22:00.519","13410376881","159262241","[PREMIUM]","[PREMIUM]","105","1","_",,,2,"[2]",1749,"Field Level Outfield",20,"Mobile ticket",1,"[PREMIUM]","[PREMIUM]","[PREMIUM]","[PREMIUM]",true,false,"['Front Row of Section','Clear view']","2026-07-20 20:03:42"
"13409543502","2026-07-20 23:57:57.686","2026-08-04 05:13:03.599","13409543502","159262241","[PREMIUM]","[PREMIUM]","123","25","7_10","7","10",4,"[1,2,4]",1714,"Field Level",20,"Mobile ticket",1,"[PREMIUM]","[PREMIUM]","[PREMIUM]","[PREMIUM]",true,false,"['Clear view']","2026-07-20 19:03:51"
"13411077206","2026-07-20 23:57:57.596","2026-07-30 05:13:56.579","13411077206","159262240","[PREMIUM]","[PREMIUM]","142","7","10_11","10","11",2,"[2]",1749,"Field Level Outfield",20,"Mobile ticket",1,"[PREMIUM]","[PREMIUM]","[PREMIUM]","[PREMIUM]",true,false,"['Clear view']","2026-07-20 21:13:16"
"13330738512","2026-07-20 23:57:57.370","2026-07-29 05:32:50.268","13330738512","159262729","[PREMIUM]","[PREMIUM]","239","2","17_24","17","24",8,"[1,2,3,4,6,8]",3567,"First Base Loge",20,"Mobile ticket",1,"[PREMIUM]","[PREMIUM]","[PREMIUM]","[PREMIUM]",true,false,"['Second Row of Section','Clear view']","2026-07-11 21:19:03"
"13393954571","2026-07-20 23:57:57.294","2026-07-20 23:57:57.294","13393954571","159262241","[PREMIUM]","[PREMIUM]","124","22","9001_9004","9001","9004",4,"[4]",1714,"Field Level",20,"Mobile ticket",13,"[PREMIUM]","[PREMIUM]","[PREMIUM]","[PREMIUM]",true,false,"['Second Row of Section','Clear view']","2026-07-19 00:57:26"
"13398788670","2026-07-20 23:57:57.294","2026-07-20 23:57:57.294","13398788670","159262241","[PREMIUM]","[PREMIUM]","147","4","9001_9004","9001","9004",4,"[4]",1749,"Field Level Outfield",20,"Mobile ticket",13,"[PREMIUM]","[PREMIUM]","[PREMIUM]","[PREMIUM]",true,false,"['Front Row of Section','Clear view']","2026-07-19 17:52:22"
"13413015004","2026-07-20 23:57:57.294","2026-07-22 00:18:57.081","13413015004","159262241","[PREMIUM]","[PREMIUM]","320","1","_",,,2,"[2]",519,"Terrace",20,"Mobile ticket",13,"[PREMIUM]","[PREMIUM]","[PREMIUM]","[PREMIUM]",true,false,"['Limited or Obstructed View (printed on ticket)','Front Row of Section']","2026-07-20 23:22:07"
"13401914672","2026-07-20 23:57:56.239","2026-07-27 06:21:38.655","13401914672","159262241","[PREMIUM]","[PREMIUM]","117","13","9_10","9","10",2,"[2]",1714,"Field Level",20,"Mobile ticket",1,"[PREMIUM]","[PREMIUM]","[PREMIUM]","[PREMIUM]",true,false,"['Clear view']","2026-07-20 04:28:34"
"13405509448","2026-07-20 23:57:55.855","2026-07-23 00:55:03.895","13405509448","159262240","[PREMIUM]","[PREMIUM]","242","1","5_7","5","7",3,"[1,3]",37613,"GHOST Energy Deck",20,"Mobile ticket",1,"[PREMIUM]","[PREMIUM]","[PREMIUM]","[PREMIUM]",true,false,"['Front Row of Section','Clear view']","2026-07-20 12:44:25"
"13405509396","2026-07-20 23:57:55.855","2026-07-26 05:19:14.203","13405509396","159262240","[PREMIUM]","[PREMIUM]","245","2","9_13","9","13",5,"[1,2,3,5]",37613,"GHOST Energy Deck",20,"Mobile ticket",1,"[PREMIUM]","[PREMIUM]","[PREMIUM]","[PREMIUM]",true,false,"['Second Row of Section','Clear view']","2026-07-20 12:44:24"
"13406257991","2026-07-20 23:57:55.830","2026-08-01 05:14:21.817","13406257991","159262240","[PREMIUM]","[PREMIUM]","203","2","_",,,2,"[2]",1297,"Pavilion",20,"Mobile ticket",1,"[PREMIUM]","[PREMIUM]","[PREMIUM]","[PREMIUM]",true,false,"['Second Row of Section','Clear view']","2026-07-20 13:52:44"
"13405508671","2026-07-20 23:57:55.605","2026-07-20 23:57:55.605","13405508671","159262240","[PREMIUM]","[PREMIUM]","330","1","1_3","1","3",3,"[1,3]",519,"Terrace",20,"Mobile ticket",1,"[PREMIUM]","[PREMIUM]","[PREMIUM]","[PREMIUM]",true,false,"['Front Row of Section','Clear view']","2026-07-20 12:44:17"
"13405507775","2026-07-20 23:57:55.605","2026-07-22 00:18:46.455","13405507775","159262240","[PREMIUM]","[PREMIUM]","203","1","8_9","8","9",2,"[2]",1297,"Pavilion",20,"Mobile ticket",1,"[PREMIUM]","[PREMIUM]","[PREMIUM]","[PREMIUM]",true,false,"['Front Row of Section','Clear view']","2026-07-20 12:44:12"
"13405509013","2026-07-20 23:57:55.605","2026-08-03 05:09:19.712","13405509013","159262240","[PREMIUM]","[PREMIUM]","237","1","18_19","18","19",2,"[2]",3669,"Arcade",20,"Mobile ticket",1,"[PREMIUM]","[PREMIUM]","[PREMIUM]","[PREMIUM]",true,false,"['Front Row of Section','Clear view']","2026-07-20 12:44:19"
"13373630513","2026-07-20 23:57:55.339","2026-08-04 05:13:02.610","13373630513","159262241","[PREMIUM]","[PREMIUM]","143","2","_",,,4,"[2,4]",1749,"Field Level Outfield",20,"Mobile ticket",1,"[PREMIUM]","[PREMIUM]","[PREMIUM]","[PREMIUM]",true,false,"['Actual 2nd row of section','Clear view']","2026-07-16 15:54:51"
"13405509175","2026-07-20 23:57:55.323","2026-08-01 05:14:21.747","13405509175","159262240","[PREMIUM]","[PREMIUM]","303","5","17_24","17","24",8,"[1,2,3,4,5,6,8]",3674,"Pavilion Deck",20,"Mobile ticket",1,"[PREMIUM]","[PREMIUM]","[PREMIUM]","[PREMIUM]",true,false,"['Clear view']","2026-07-20 12:44:20"
"13405507456","2026-07-20 23:57:55.300","2026-07-28 05:59:11.335","13405507456","159262240","[PREMIUM]","[PREMIUM]","302","1","23_24","23","24",2,"[2]",3674,"Pavilion Deck",20,"Mobile ticket",1,"[PREMIUM]","[PREMIUM]","[PREMIUM]","[PREMIUM]",true,false,"['Front Row of Section','Clear view']","2026-07-20 12:44:10"
"13410385597","2026-07-20 23:57:55.276","2026-07-23 00:55:13.535","13410385597","159262241","[PREMIUM]","[PREMIUM]","328","2","_",,,5,"[1,2,3,5]",519,"Terrace",20,"Mobile ticket",1,"[PREMIUM]","[PREMIUM]","[PREMIUM]","[PREMIUM]",true,false,"['Second Row of Section','Clear view']","2026-07-20 20:04:16"
"13413069871","2026-07-20 23:57:55.153","2026-07-23 22:37:23.639","13413069871","159262240","[PREMIUM]","[PREMIUM]","137","36","_",,,2,"[2]",17265,"Field Level Baseline",20,"Mobile ticket",1,"[PREMIUM]","[PREMIUM]","[PREMIUM]","[PREMIUM]",true,false,"['Clear view']","2026-07-20 23:26:20"
"13385697994","2026-07-20 23:57:55.126","2026-07-30 05:13:47.227","13385697994","159262240","[PREMIUM]","[PREMIUM]","415","2","7_10","7","10",4,"[2,4]",2402,"Terrace Deck",20,"Mobile ticket",1,"[PREMIUM]","[PREMIUM]","[PREMIUM]","[PREMIUM]",true,false,"['Second Row of Section','Clear view']","2026-07-17 19:48:51"
"13405509459","2026-07-20 23:57:55.126","2026-08-04 05:10:35.146","13405509459","159262240","[PREMIUM]","[PREMIUM]","308","3","9_16","9","16",8,"[1,2,3,4,5,6,8]",3674,"Pavilion Deck",20,"Mobile ticket",1,"[PREMIUM]","[PREMIUM]","[PREMIUM]","[PREMIUM]",true,false,"['Third Row of Section','Clear view']","2026-07-20 12:44:25"
"13385701953","2026-07-20 23:57:55.030","2026-07-22 00:18:45.781","13385701953","159262240","[PREMIUM]","[PREMIUM]","415","3","9_14","9","14",6,"[1,2,3,4,6]",2402,"Terrace Deck",20,"Mobile ticket",1,"[PREMIUM]","[PREMIUM]","[PREMIUM]","[PREMIUM]",true,false,"['Third Row of Section','Clear view']","2026-07-17 19:49:06"
"13409543680","2026-07-20 23:57:55.013","2026-08-04 05:13:00.398","13409543680","159262241","[PREMIUM]","[PREMIUM]","320","2","13_20","13","20",8,"[1,2,3,4,5,6,8]",519,"Terrace",20,"Mobile ticket",1,"[PREMIUM]","[PREMIUM]","[PREMIUM]","[PREMIUM]",true,false,"['Second Row of Section','Clear view']","2026-07-20 19:03:53"
"13385700259","2026-07-20 23:57:54.860","2026-07-27 06:05:05.849","13385700259","159262240","[PREMIUM]","[PREMIUM]","304","6","17_23","17","23",7,"[1,2,3,4,5,7]",3674,"Pavilion Deck",20,"Mobile ticket",1,"[PREMIUM]","[PREMIUM]","[PREMIUM]","[PREMIUM]",true,false,"['Clear view']","2026-07-17 19:48:58"
"13405509495","2026-07-20 23:57:54.777","2026-07-31 06:29:52.474","13405509495","159262240","[PREMIUM]","[PREMIUM]","333","1","24_25","24","25",2,"[2]",519,"Terrace",20,"Mobile ticket",1,"[PREMIUM]","[PREMIUM]","[PREMIUM]","[PREMIUM]",true,false,"['Front Row of Section','Clear view']","2026-07-20 12:44:26"
"13407249451","2026-07-20 23:57:54.774","2026-08-01 05:15:37.829","13407249451","159262241","[PREMIUM]","[PREMIUM]","146","9","3_4","3","4",2,"[2]",1749,"Field Level Outfield",20,"Mobile ticket",1,"[PREMIUM]","[PREMIUM]","[PREMIUM]","[PREMIUM]",true,false,"['Clear view']","2026-07-20 15:04:02"
"13389920775","2026-07-20 23:57:54.633","2026-08-04 05:13:00.121","13389920775","159262241","[PREMIUM]","[PREMIUM]","134","16","8_9","8","9",2,"[2]",17265,"Field Level Baseline",20,"Mobile ticket",1,"[PREMIUM]","[PREMIUM]","[PREMIUM]","[PREMIUM]",true,false,"['Clear view']","2026-07-18 10:05:59"
"13407249442","2026-07-20 23:57:54.403","2026-07-31 06:32:27.308","13407249442","159262241","[PREMIUM]","[PREMIUM]","327","2","17_18","17","18",2,"[2]",519,"Terrace",20,"Mobile ticket",1,"[PREMIUM]","[PREMIUM]","[PREMIUM]","[PREMIUM]",true,false,"['Second Row of Section','Clear view']","2026-07-20 15:04:02"
"13405509440","2026-07-20 23:57:54.393","2026-07-27 06:05:23.875","13405509440","159262240","[PREMIUM]","[PREMIUM]","303","9","20_21","20","21",2,"[2]",3674,"Pavilion Deck",20,"Mobile ticket",1,"[PREMIUM]","[PREMIUM]","[PREMIUM]","[PREMIUM]",true,false,"['Clear view']","2026-07-20 12:44:25"
"13405509288","2026-07-20 23:57:54.393","2026-07-28 05:59:08.200","13405509288","159262240","[PREMIUM]","[PREMIUM]","431","6","4_11","4","11",8,"[1,2,3,4,5,6,8]",2402,"Terrace Deck",20,"Mobile ticket",1,"[PREMIUM]","[PREMIUM]","[PREMIUM]","[PREMIUM]",true,false,"['Clear view']","2026-07-20 12:44:23"
"13405508487","2026-07-20 23:57:54.393","2026-07-23 22:37:22.207","13405508487","159262240","[PREMIUM]","[PREMIUM]","303","8","12_19","12","19",8,"[1,2,3,4,5,6,8]",3674,"Pavilion Deck",20,"Mobile ticket",1,"[PREMIUM]","[PREMIUM]","[PREMIUM]","[PREMIUM]",true,false,"['Clear view']","2026-07-20 12:44:15"
"13158804304","2026-07-20 23:57:54.372","2026-08-02 05:29:29.015","13158804304","159262729","[PREMIUM]","[PREMIUM]","134","15","1_6","1","6",6,"[1,2,4,6]",3563,"Lower Right Field Box",20,"Mobile ticket",1,"[PREMIUM]","[PREMIUM]","[PREMIUM]","[PREMIUM]",true,false,"['Clear view']","2026-06-26 19:36:52"
"13409554927","2026-07-20 23:57:54.276","2026-07-25 05:19:34.306","13409554927","159262240","[PREMIUM]","[PREMIUM]","429","14","21_22","21","22",2,"[2]",2402,"Terrace Deck",20,"Mobile ticket",1,"[PREMIUM]","[PREMIUM]","[PREMIUM]","[PREMIUM]",true,false,"['Clear view']","2026-07-20 19:04:59"
"13410531491","2026-07-20 23:57:54.276","2026-07-30 05:13:47.205","13410531491","159262240","[PREMIUM]","[PREMIUM]","416","3","11_12","11","12",2,"[2]",2402,"Terrace Deck",20,"Mobile ticket",1,"[PREMIUM]","[PREMIUM]","[PREMIUM]","[PREMIUM]",true,false,"['Third Row of Section','Clear view']","2026-07-20 20:18:04"
"13405070828","2026-07-20 23:57:54.205","2026-08-01 05:15:35.414","13405070828","159262241","[PREMIUM]","[PREMIUM]","147","14","9_12","9","12",4,"[1,2,3,4]",1749,"Field Level Outfield",20,"Mobile ticket",1,"[PREMIUM]","[PREMIUM]","[PREMIUM]","[PREMIUM]",true,false,"['Clear view']","2026-07-20 11:52:20"
"13409543689","2026-07-20 23:57:54.159","2026-07-23 22:37:26.596","13409543689","159262241","[PREMIUM]","[PREMIUM]","320","3","15_22","15","22",8,"[1,2,3,4,5,6,8]",519,"Terrace",20,"Mobile ticket",1,"[PREMIUM]","[PREMIUM]","[PREMIUM]","[PREMIUM]",true,false,"['Third Row of Section','Clear view']","2026-07-20 19:03:53"
"13405509235","2026-07-20 23:57:54.097","2026-07-27 06:05:05.849","13405509235","159262240","[PREMIUM]","[PREMIUM]","310","6","1_8","1","8",8,"[1,2,3,4,5,6,8]",3674,"Pavilion Deck",20,"Mobile ticket",1,"[PREMIUM]","[PREMIUM]","[PREMIUM]","[PREMIUM]",true,false,"['Clear view']","2026-07-20 12:44:20"
"13405509239","2026-07-20 23:57:54.097","2026-08-03 05:09:17.355","13405509239","159262240","[PREMIUM]","[PREMIUM]","308","6","9_10","9","10",2,"[2]",3674,"Pavilion Deck",20,"Mobile ticket",1,"[PREMIUM]","[PREMIUM]","[PREMIUM]","[PREMIUM]",true,false,"['Clear view']","2026-07-20 12:44:21"
"13405509565","2026-07-20 23:57:54.089","2026-07-22 00:18:45.800","13405509565","159262240","[PREMIUM]","[PREMIUM]","310","9","3_10","3","10",8,"[1,2,3,4,5,6,8]",3674,"Pavilion Deck",20,"Mobile ticket",1,"[PREMIUM]","[PREMIUM]","[PREMIUM]","[PREMIUM]",true,false,"['Clear view']","2026-07-20 12:44:26"
"13405509257","2026-07-20 23:57:54.089","2026-07-20 23:57:54.089","13405509257","159262240","[PREMIUM]","[PREMIUM]","310","8","11_17","11","17",7,"[1,2,3,4,5,7]",3674,"Pavilion Deck",20,"Mobile ticket",1,"[PREMIUM]","[PREMIUM]","[PREMIUM]","[PREMIUM]",true,false,"['Clear view']","2026-07-20 12:44:22"
"13405508673","2026-07-20 23:57:53.964","2026-07-27 06:05:06.306","13405508673","159262240","[PREMIUM]","[PREMIUM]","332","1","20_21","20","21",2,"[2]",519,"Terrace",20,"Mobile ticket",1,"[PREMIUM]","[PREMIUM]","[PREMIUM]","[PREMIUM]",true,false,"['Front Row of Section','Clear view']","2026-07-20 12:44:17"
"13405509743","2026-07-20 23:57:53.877","2026-08-02 05:11:12.455","13405509743","159262240","[PREMIUM]","[PREMIUM]","310","5","18_19","18","19",2,"[2]",3674,"Pavilion Deck",20,"Mobile ticket",1,"[PREMIUM]","[PREMIUM]","[PREMIUM]","[PREMIUM]",true,false,"['Clear view']","2026-07-20 12:44:28"
"13408782105","2026-07-20 23:57:53.877","2026-07-20 23:57:53.877","13408782105","159262240","[PREMIUM]","[PREMIUM]","307","6","22_24","22","24",3,"[1,3]",3674,"Pavilion Deck",20,"Mobile ticket",1,"[PREMIUM]","[PREMIUM]","[PREMIUM]","[PREMIUM]",true,false,"['Clear view']","2026-07-20 17:35:20"
"13405508125","2026-07-20 23:57:53.872","2026-07-31 06:29:55.286","13405508125","159262240","[PREMIUM]","[PREMIUM]","309","3","1_8","1","8",8,"[1,2,3,4,5,6,8]",3674,"Pavilion Deck",20,"Mobile ticket",1,"[PREMIUM]","[PREMIUM]","[PREMIUM]","[PREMIUM]",true,false,"['Third Row of Section','Clear view']","2026-07-20 12:44:13"
"13405509278","2026-07-20 23:57:53.846","2026-07-25 05:19:34.306","13405509278","159262240","[PREMIUM]","[PREMIUM]","431","8","4_11","4","11",8,"[1,2,3,4,5,6,8]",2402,"Terrace Deck",20,"Mobile ticket",1,"[PREMIUM]","[PREMIUM]","[PREMIUM]","[PREMIUM]",true,false,"['Clear view']","2026-07-20 12:44:23"
"13405509002","2026-07-20 23:57:53.846","2026-07-26 05:19:10.968","13405509002","159262240","[PREMIUM]","[PREMIUM]","432","8","12_19","12","19",8,"[1,2,3,4,5,6,8]",2402,"Terrace Deck",20,"Mobile ticket",1,"[PREMIUM]","[PREMIUM]","[PREMIUM]","[PREMIUM]",true,false,"['Clear view']","2026-07-20 12:44:19"
"13405507452","2026-07-20 23:57:53.846","2026-07-25 05:19:34.306","13405507452","159262240","[PREMIUM]","[PREMIUM]","431","9","4_11","4","11",8,"[1,2,3,4,5,6,8]",2402,"Terrace Deck",20,"Mobile ticket",1,"[PREMIUM]","[PREMIUM]","[PREMIUM]","[PREMIUM]",true,false,"['Clear view']","2026-07-20 12:44:10"
"13411446820","2026-07-20 23:57:53.846","2026-08-03 05:09:25.182","13411446820","159262240","[PREMIUM]","[PREMIUM]","419","4","_",,,1,"[1]",2402,"Terrace Deck",20,"Mobile ticket",1,"[PREMIUM]","[PREMIUM]","[PREMIUM]","[PREMIUM]",false,false,"['Clear view']","2026-07-20 21:39:57"
"13146331414","2026-07-20 23:57:53.727","2026-07-23 00:55:00.996","13146331414","159262240","[PREMIUM]","[PREMIUM]","304","1","1_6","1","6",6,"[1,2,3,4,6]",3674,"Pavilion Deck",20,"Mobile ticket",1,"[PREMIUM]","[PREMIUM]","[PREMIUM]","[PREMIUM]",true,false,"['Front Row of Section','Clear view']","2026-06-25 20:50:45"
"13405508817","2026-07-20 23:57:53.727","2026-07-28 05:59:08.800","13405508817","159262240","[PREMIUM]","[PREMIUM]","302","4","1_8","1","8",8,"[1,2,3,4,5,6,8]",3674,"Pavilion Deck",20,"Mobile ticket",1,"[PREMIUM]","[PREMIUM]","[PREMIUM]","[PREMIUM]",true,false,"['Clear view']","2026-07-20 12:44:18"
"13405509774","2026-07-20 23:57:53.727","2026-07-30 05:13:46.906","13405509774","159262240","[PREMIUM]","[PREMIUM]","308","5","17_24","17","24",8,"[1,2,3,4,5,6,8]",3674,"Pavilion Deck",20,"Mobile ticket",1,"[PREMIUM]","[PREMIUM]","[PREMIUM]","[PREMIUM]",true,false,"['Clear view']","2026-07-20 12:44:29"
"13399944827","2026-07-20 23:57:53.651","2026-07-20 23:57:53.651","13399944827","159262241","[PREMIUM]","[PREMIUM]","333","3","9001_9004","9001","9004",4,"[4]",519,"Terrace",20,"Mobile ticket",13,"[PREMIUM]","[PREMIUM]","[PREMIUM]","[PREMIUM]",true,false,"['Third Row of Section','Clear view']","2026-07-19 20:54:39"
"13407250828","2026-07-20 23:57:53.651","2026-08-03 05:21:08.908","13407250828","159262241","[PREMIUM]","[PREMIUM]","417","2","15_18","15","18",4,"[1,2,4]",2402,"Terrace Deck",20,"Mobile ticket",1,"[PREMIUM]","[PREMIUM]","[PREMIUM]","[PREMIUM]",true,false,"['Second Row of Section','Clear view']","2026-07-20 15:04:08"
"13401492768","2026-07-20 23:57:53.597","2026-07-20 23:57:53.597","13401492768","159262241","[PREMIUM]","[PREMIUM]","116","24","_",,,4,"[2,4]",1714,"Field Level",20,"Mobile ticket",1,"[PREMIUM]","[PREMIUM]","[PREMIUM]","[PREMIUM]",true,false,"['Clear view']","2026-07-20 02:30:14"
"13299487693","2026-07-20 23:57:53.584","2026-07-20 23:57:53.584","13299487693","159262241","[PREMIUM]","[PREMIUM]","236","6","9001_9002","9001","9002",2,"[2]",3669,"Arcade",20,"Mobile ticket",13,"[PREMIUM]","[PREMIUM]","[PREMIUM]","[PREMIUM]",true,false,"['Clear view']","2026-07-09 09:08:15"
"13401369808","2026-07-20 23:57:53.584","2026-07-20 23:57:53.584","13401369808","159262241","[PREMIUM]","[PREMIUM]","233","6","9001_9002","9001","9002",2,"[2]",3669,"Arcade",20,"Mobile ticket",13,"[PREMIUM]","[PREMIUM]","[PREMIUM]","[PREMIUM]",true,false,"['Clear view']","2026-07-20 02:03:23"
"13350520093","2026-07-20 23:57:53.455","2026-07-30 05:15:48.820","13350520093","159262241","[PREMIUM]","[PREMIUM]","103","5","_",,,3,"[1,3]",1749,"Field Level Outfield",20,"Mobile ticket",1,"[PREMIUM]","[PREMIUM]","[PREMIUM]","[PREMIUM]",true,false,"['Clear view']","2026-07-14 16:29:35"
"13409543498","2026-07-20 23:57:53.455","2026-08-04 05:12:58.254","13409543498","159262241","[PREMIUM]","[PREMIUM]","322","3","14_17","14","17",4,"[1,2,4]",519,"Terrace",20,"Mobile ticket",1,"[PREMIUM]","[PREMIUM]","[PREMIUM]","[PREMIUM]",true,false,"['Third Row of Section','Clear view']","2026-07-20 19:03:51"
"13402422568","2026-07-20 23:57:53.323","2026-07-29 05:14:46.728","13402422568","159262241","[PREMIUM]","[PREMIUM]","146","13","12_15","12","15",4,"[4]",1749,"Field Level Outfield",20,"Mobile ticket",1,"[PREMIUM]","[PREMIUM]","[PREMIUM]","[PREMIUM]",true,false,"['Aisle seat','Clear view']","2026-07-20 06:52:28"
"13409543499","2026-07-20 23:57:53.198","2026-07-23 22:37:25.234","13409543499","159262241","[PREMIUM]","[PREMIUM]","317","2","1_4","1","4",4,"[1,2,4]",519,"Terrace",20,"Mobile ticket",1,"[PREMIUM]","[PREMIUM]","[PREMIUM]","[PREMIUM]",true,false,"['Second Row of Section','Clear view']","2026-07-20 19:03:51"
"13407249516","2026-07-20 23:57:52.790","2026-08-04 05:12:58.299","13407249516","159262241","[PREMIUM]","[PREMIUM]","415","2","3_4","3","4",2,"[2]",2402,"Terrace Deck",20,"Mobile ticket",1,"[PREMIUM]","[PREMIUM]","[PREMIUM]","[PREMIUM]",true,false,"['Second Row of Section','Clear view']","2026-07-20 15:04:03"
"13411780188","2026-07-20 23:57:52.769","2026-07-20 23:57:52.769","13411780188","159262241","[PREMIUM]","[PREMIUM]","206","2","9001_9002","9001","9002",2,"[2]",1297,"Pavilion",20,"Mobile ticket",13,"[PREMIUM]","[PREMIUM]","[PREMIUM]","[PREMIUM]",true,false,"['Second Row of Section','Clear view']","2026-07-20 22:04:07"
"13255799358","2026-07-20 23:57:52.329","2026-07-20 23:57:52.329","13255799358","159262239","[PREMIUM]","[PREMIUM]","323",,"9001_9004","9001","9004",4,"[1,2,4]",519,"Terrace",20,"Mobile ticket",13,"[PREMIUM]","[PREMIUM]","[PREMIUM]","[PREMIUM]",true,true,"['Clear view']","2026-07-05 23:10:01"
"13409636113","2026-07-20 23:57:52.329","2026-07-25 05:11:16.813","13409636113","159262239","[PREMIUM]","[PREMIUM]","G","9","_",,,2,"[2]",37612,"PHLY Insurance Club",20,"Mobile ticket",1,"[PREMIUM]","[PREMIUM]","[PREMIUM]","[PREMIUM]",true,false,"['Clear view']","2026-07-20 19:10:39"
"12944872273","2026-07-20 23:57:52.291","2026-07-31 00:14:20.545","12944872273","159262239","[PREMIUM]","[PREMIUM]","137","40","_",,,2,"[2]",17265,"Field Level Baseline",20,"Mobile ticket",1,"[PREMIUM]","[PREMIUM]","[PREMIUM]","[PREMIUM]",true,false,"['Clear view']","2026-06-05 18:11:29"
"13411843103","2026-07-20 23:57:52.229","2026-07-27 01:15:45.952","13411843103","159262239","[PREMIUM]","[PREMIUM]","118","11","_",,,2,"[2]",1714,"Field Level",20,"Mobile ticket",1,"[PREMIUM]","[PREMIUM]","[PREMIUM]","[PREMIUM]",true,false,"['Clear view']","2026-07-20 22:08:40"
"13370332224","2026-07-20 23:57:52.196","2026-07-22 00:18:46.744","13370332224","159262239","[PREMIUM]","[PREMIUM]","322","2","_",,,8,"[1,2,3,4,5,6,7,8]",519,"Terrace",20,"Mobile ticket",13,"[PREMIUM]","[PREMIUM]","[PREMIUM]","[PREMIUM]",true,false,"['Second Row of Section','Clear view']","2026-07-16 09:59:09"
"13409623862","2026-07-20 23:57:52.196","2026-07-27 01:15:46.247","13409623862","159262239","[PREMIUM]","[PREMIUM]","146","2","_",,,1,"[1]",1749,"Field Level Outfield",20,"Mobile ticket",1,"[PREMIUM]","[PREMIUM]","[PREMIUM]","[PREMIUM]",false,false,"['Second Row of Section','Clear view']","2026-07-20 19:09:52"
"13411843275","2026-07-20 23:57:52.167","2026-07-25 05:11:15.535","13411843275","159262239","[PREMIUM]","[PREMIUM]","119","23","_",,,3,"[3]",1714,"Field Level",20,"Mobile ticket",1,"[PREMIUM]","[PREMIUM]","[PREMIUM]","[PREMIUM]",true,false,"['Third Row of Section','Clear view']","2026-07-20 22:08:40"
"13401230329","2026-07-20 23:57:52.118","2026-08-02 22:27:47.278","13401230329","159262239","[PREMIUM]","[PREMIUM]","214","1","_",,,4,"[4]",3671,"Hall of Fame Club",20,"Mobile ticket",1,"[PREMIUM]","[PREMIUM]","[PREMIUM]","[PREMIUM]",true,false,"['Access to Private Clubs, Restaurant, and Bar','Actual 1st row of the section','Aisle seat','Food and drink delivered to seats','Hall of Fame Club','Indoor Lounge','VIP Club Access w/ private entrance & restrooms','Padded Seats','Clear view']","2026-07-20 01:25:12"
"13407191090","2026-07-20 23:57:52.118","2026-07-29 23:21:26.505","13407191090","159262239","[PREMIUM]","[PREMIUM]","A","14","_",,,2,"[2]",37612,"PHLY Insurance Club",20,"Mobile ticket",1,"[PREMIUM]","[PREMIUM]","[PREMIUM]","[PREMIUM]",true,false,"['Clear view']","2026-07-20 14:59:28"
"13389921044","2026-07-20 23:57:51.932","2026-07-20 23:57:51.932","13389921044","159262241","[PREMIUM]","[PREMIUM]","243","1","9_12","9","12",4,"[2,4]",37613,"GHOST Energy Deck",20,"Mobile ticket",1,"[PREMIUM]","[PREMIUM]","[PREMIUM]","[PREMIUM]",true,false,"['Front Row of Section','Clear view']","2026-07-18 10:06:02"
"13409119715","2026-07-20 23:57:51.829","2026-07-20 23:57:51.829","13409119715","159262239","[PREMIUM]","[PREMIUM]","216","5","9001_9002","9001","9002",2,"[2]",3671,"Hall of Fame Club",20,"Mobile ticket",13,"[PREMIUM]","[PREMIUM]","[PREMIUM]","[PREMIUM]",true,false,"['Clear view']","2026-07-20 18:07:24"
"13409628092","2026-07-20 23:57:51.829","2026-07-23 22:37:25.251","13409628092","159262239","[PREMIUM]","[PREMIUM]","222","1","_",,,1,"[1]",3671,"Hall of Fame Club",20,"Mobile ticket",1,"[PREMIUM]","[PREMIUM]","[PREMIUM]","[PREMIUM]",false,false,"['Front Row of Section','Clear view']","2026-07-20 19:10:07"
"13409623913","2026-07-20 23:57:51.829","2026-07-20 23:57:51.829","13409623913","159262239","[PREMIUM]","[PREMIUM]","134","2","_",,,2,"[2]",17265,"Field Level Baseline",20,"Mobile ticket",1,"[PREMIUM]","[PREMIUM]","[PREMIUM]","[PREMIUM]",true,false,"['Second Row of Section','Clear view']","2026-07-20 19:09:52"
"13409628119","2026-07-20 23:57:51.668","2026-07-23 00:55:13.919","13409628119","159262239","[PREMIUM]","[PREMIUM]","105","1","_",,,2,"[2]",1749,"Field Level Outfield",20,"Mobile ticket",1,"[PREMIUM]","[PREMIUM]","[PREMIUM]","[PREMIUM]",true,false,"['Front Row of Section','Clear view']","2026-07-20 19:10:07"
"13404180315","2026-07-20 23:57:51.656","2026-07-22 00:18:46.574","13404180315","159262239","[PREMIUM]","[PREMIUM]","422","2","_",,,8,"[1,2,3,4,5,6,7,8]",2402,"Terrace Deck",20,"Mobile ticket",13,"[PREMIUM]","[PREMIUM]","[PREMIUM]","[PREMIUM]",true,false,"['Limited or Obstructed View (printed on ticket)','Second Row of Section']","2026-07-20 11:02:39"
"13408112641","2026-07-20 23:57:51.656","2026-07-27 22:30:07.859","13408112641","159262239","[PREMIUM]","[PREMIUM]","123","26","_",,,4,"[4]",1714,"Field Level",20,"Mobile ticket",1,"[PREMIUM]","[PREMIUM]","[PREMIUM]","[PREMIUM]",true,false,"['Clear view']","2026-07-20 16:13:10"
"13408916384","2026-07-20 23:57:51.656","2026-08-03 22:31:06.432","13408916384","159262239","[PREMIUM]","[PREMIUM]","221","1","_",,,1,"[1]",3671,"Hall of Fame Club",20,"Mobile ticket",1,"[PREMIUM]","[PREMIUM]","[PREMIUM]","[PREMIUM]",false,false,"['Front Row of Section','Clear view']","2026-07-20 17:51:04"
"13409621894","2026-07-20 23:57:51.656","2026-07-25 05:11:15.357","13409621894","159262239","[PREMIUM]","[PREMIUM]","144","1","_",,,2,"[2]",1749,"Field Level Outfield",20,"Mobile ticket",1,"[PREMIUM]","[PREMIUM]","[PREMIUM]","[PREMIUM]",true,false,"['Front Row of Section','Clear view']","2026-07-20 19:09:46"
"13409632139","2026-07-20 23:57:51.611","2026-08-01 22:27:20.939","13409632139","159262239","[PREMIUM]","[PREMIUM]","416","1","_",,,2,"[2]",2402,"Terrace Deck",20,"Mobile ticket",1,"[PREMIUM]","[PREMIUM]","[PREMIUM]","[PREMIUM]",true,false,"['Front Row of Section','Clear view']","2026-07-20 19:10:22"
"13409639451","2026-07-20 23:57:51.533","2026-07-27 01:15:45.105","13409639451","159262239","[PREMIUM]","[PREMIUM]","145","1","_",,,2,"[2]",1749,"Field Level Outfield",20,"Mobile ticket",1,"[PREMIUM]","[PREMIUM]","[PREMIUM]","[PREMIUM]",true,false,"['Front Row of Section','Clear view']","2026-07-20 19:10:53"
"13409636094","2026-07-20 23:57:51.533","2026-07-25 05:11:14.934","13409636094","159262239","[PREMIUM]","[PREMIUM]","101","1","_",,,2,"[2]",1749,"Field Level Outfield",20,"Mobile ticket",1,"[PREMIUM]","[PREMIUM]","[PREMIUM]","[PREMIUM]",true,false,"['Front Row of Section','Clear view']","2026-07-20 19:10:39"
"12599435652","2026-07-20 23:57:51.368","2026-07-26 05:17:04.552","12599435652","159262238","[PREMIUM]","[PREMIUM]","117","2","_",,,4,"[2,4]",1714,"Field Level",20,"Mobile ticket",1,"[PREMIUM]","[PREMIUM]","[PREMIUM]","[PREMIUM]",true,false,"['Second Row of Section','Clear view']","2026-05-06 19:26:54"
"13412973212","2026-07-20 23:57:51.368","2026-08-01 05:12:24.422","13412973212","159262238","[PREMIUM]","[PREMIUM]","132","2","_",,,6,"[6]",1714,"Field Level",20,"Mobile ticket",1,"[PREMIUM]","[PREMIUM]","[PREMIUM]","[PREMIUM]",true,false,"['Second Row of Section','Clear view']","2026-07-20 23:18:16"
"13398172763","2026-07-20 23:57:51.347","2026-08-01 22:27:20.999","13398172763","159262239","[PREMIUM]","[PREMIUM]","132","3","5_6","5","6",2,"[2]",1714,"Field Level",20,"Mobile ticket",14,"[PREMIUM]","[PREMIUM]","[PREMIUM]","[PREMIUM]",true,false,"['Third Row of Section','Clear view']","2026-07-19 15:43:55"
"13405411180","2026-07-20 23:57:51.347","2026-07-27 01:15:44.986","13405411180","159262239","[PREMIUM]","[PREMIUM]","131","9","7_12","7","12",6,"[1,2,3,4,6]",1714,"Field Level",20,"Mobile ticket",1,"[PREMIUM]","[PREMIUM]","[PREMIUM]","[PREMIUM]",true,false,"['Clear view']","2026-07-20 12:35:11"
"13336563599","2026-07-20 23:57:51.308","2026-08-02 05:08:21.444","13336563599","159262238","[PREMIUM]","[PREMIUM]","133","1","_",,,2,"[2]",17265,"Field Level Baseline",20,"Mobile ticket",1,"[PREMIUM]","[PREMIUM]","[PREMIUM]","[PREMIUM]",true,false,"['Front Row of Section','Clear view']","2026-07-12 11:09:26"
"13405930208","2026-07-20 23:57:51.290","2026-07-27 22:30:07.469","13405930208","159262239","[PREMIUM]","[PREMIUM]","102","1","_",,,2,"[2]",1749,"Field Level Outfield",20,"Mobile ticket",1,"[PREMIUM]","[PREMIUM]","[PREMIUM]","[PREMIUM]",true,false,"['Actual 1st row of the section','Clear view']","2026-07-20 13:21:32"
"13400713221","2026-07-20 23:57:51.289","2026-07-22 00:18:46.046","13400713221","159262239","[PREMIUM]","[PREMIUM]","212","8","_",,,2,"[2]",3671,"Hall of Fame Club",20,"Mobile ticket",1,"[PREMIUM]","[PREMIUM]","[PREMIUM]","[PREMIUM]",true,false,"['Clear view']","2026-07-19 23:23:55"
"13401709410","2026-07-20 23:57:51.289","2026-07-25 05:11:13.186","13401709410","159262239","[PREMIUM]","[PREMIUM]","119","29","_",,,4,"[4]",1714,"Field Level",20,"Mobile ticket",1,"[PREMIUM]","[PREMIUM]","[PREMIUM]","[PREMIUM]",true,false,"['Clear view']","2026-07-20 03:20:54"
"13409628079","2026-07-20 23:57:51.289","2026-08-02 22:27:46.532","13409628079","159262239","[PREMIUM]","[PREMIUM]","418","1","_",,,2,"[2]",2402,"Terrace Deck",20,"Mobile ticket",1,"[PREMIUM]","[PREMIUM]","[PREMIUM]","[PREMIUM]",true,false,"['Front Row of Section','Clear view']","2026-07-20 19:10:07"
"13372310996","2026-07-20 23:57:51.166","2026-07-20 23:57:51.166","13372310996","159262239","[PREMIUM]","[PREMIUM]","232","7","9001_9004","9001","9004",4,"[4]",3671,"Hall of Fame Club",20,"Mobile ticket",13,"[PREMIUM]","[PREMIUM]","[PREMIUM]","[PREMIUM]",true,false,"['Clear view']","2026-07-16 13:45:33"
"13398172782","2026-07-20 23:57:51.166","2026-08-03 22:31:06.430","13398172782","159262239","[PREMIUM]","[PREMIUM]","103","2","3_4","3","4",2,"[2]",1749,"Field Level Outfield",20,"Mobile ticket",14,"[PREMIUM]","[PREMIUM]","[PREMIUM]","[PREMIUM]",true,false,"['Second Row of Section','Clear view']","2026-07-19 15:43:55"
"13401252106","2026-07-20 23:57:51.166","2026-07-23 22:37:23.319","13401252106","159262239","[PREMIUM]","[PREMIUM]","125","34","_",,,2,"[2]",1714,"Field Level",20,"Mobile ticket",1,"[PREMIUM]","[PREMIUM]","[PREMIUM]","[PREMIUM]",true,false,"['Clear view']","2026-07-20 01:32:48"
"13403477018","2026-07-20 23:57:51.145","2026-07-20 23:57:51.145","13403477018","159262239","[PREMIUM]","[PREMIUM]","425","1","_",,,8,"[1,2,3,4,5,6,7,8]",2402,"Terrace Deck",20,"Mobile ticket",13,"[PREMIUM]","[PREMIUM]","[PREMIUM]","[PREMIUM]",true,false,"['Limited or Obstructed View (printed on ticket)','Front Row of Section']","2026-07-20 10:19:11"
"13409648471","2026-07-20 23:57:51.145","2026-07-31 00:14:34.856","13409648471","159262239","[PREMIUM]","[PREMIUM]","326","5","_",,,2,"[2]",519,"Terrace",20,"Mobile ticket",1,"[PREMIUM]","[PREMIUM]","[PREMIUM]","[PREMIUM]",true,false,"['Clear view']","2026-07-20 19:11:31"
"13242021825","2026-07-20 23:57:51.113","2026-07-25 05:11:13.661","13242021825","159262239","[PREMIUM]","[PREMIUM]","120","32","_",,,4,"[4]",1714,"Field Level",20,"Mobile ticket",1,"[PREMIUM]","[PREMIUM]","[PREMIUM]","[PREMIUM]",true,false,"['Clear view']","2026-07-04 12:46:19"
"13403557590","2026-07-20 23:57:51.113","2026-07-27 01:15:50.849","13403557590","159262239","[PREMIUM]","[PREMIUM]","123","31","_",,,4,"[4]",1714,"Field Level",20,"Mobile ticket",1,"[PREMIUM]","[PREMIUM]","[PREMIUM]","[PREMIUM]",true,false,"['Clear view']","2026-07-20 10:24:02"
"13409630271","2026-07-20 23:57:51.113","2026-07-20 23:57:51.113","13409630271","159262239","[PREMIUM]","[PREMIUM]","145","3","_",,,2,"[2]",1749,"Field Level Outfield",20,"Mobile ticket",1,"[PREMIUM]","[PREMIUM]","[PREMIUM]","[PREMIUM]",true,false,"['Third Row of Section','Clear view']","2026-07-20 19:10:15"
"13400713219","2026-07-20 23:57:51.092","2026-07-27 05:50:47.543","13400713219","159262238","[PREMIUM]","[PREMIUM]","214","1","_",,,2,"[2]",3671,"Hall of Fame Club",20,"Mobile ticket",1,"[PREMIUM]","[PREMIUM]","[PREMIUM]","[PREMIUM]",true,false,"['Front Row of Section','Clear view']","2026-07-19 23:23:55"
"13409639635","2026-07-20 23:57:50.767","2026-07-27 22:30:07.625","13409639635","159262239","[PREMIUM]","[PREMIUM]","314","1","_",,,2,"[2]",519,"Terrace",20,"Mobile ticket",1,"[PREMIUM]","[PREMIUM]","[PREMIUM]","[PREMIUM]",true,false,"['Front Row of Section','Clear view']","2026-07-20 19:10:54"
"13412043304","2026-07-20 23:57:50.767","2026-07-20 23:57:50.767","13412043304","159262239","[PREMIUM]","[PREMIUM]","305","1","_",,,4,"[4]",3674,"Pavilion Deck",20,"Mobile ticket",1,"[PREMIUM]","[PREMIUM]","[PREMIUM]","[PREMIUM]",true,false,"['Limited or Obstructed View (printed on ticket)','Front Row of Section']","2026-07-20 22:22:15"
"13275760775","2026-07-20 23:57:50.727","2026-07-28 22:31:13.141","13275760775","159262239","[PREMIUM]","[PREMIUM]","124","25","_",,,4,"[1,2,4]",1714,"Field Level",20,"Mobile ticket",1,"[PREMIUM]","[PREMIUM]","[PREMIUM]","[PREMIUM]",true,false,"['Clear view']","2026-07-07 19:44:19"
"13405410408","2026-07-20 23:57:50.657","2026-08-03 22:31:05.981","13405410408","159262239","[PREMIUM]","[PREMIUM]","129","14","5_6","5","6",2,"[2]",1714,"Field Level",20,"Mobile ticket",1,"[PREMIUM]","[PREMIUM]","[PREMIUM]","[PREMIUM]",true,false,"['Clear view']","2026-07-20 12:35:09"
"13407715036","2026-07-20 23:57:50.657","2026-07-27 22:30:06.004","13407715036","159262239","[PREMIUM]","[PREMIUM]","333","6","_",,,2,"[2]",519,"Terrace",20,"Mobile ticket",1,"[PREMIUM]","[PREMIUM]","[PREMIUM]","[PREMIUM]",true,false,"['Clear view']","2026-07-20 15:38:40"
"13409630638","2026-07-20 23:57:50.657","2026-07-23 00:55:09.193","13409630638","159262239","[PREMIUM]","[PREMIUM]","328","1","_",,,2,"[2]",519,"Terrace",20,"Mobile ticket",1,"[PREMIUM]","[PREMIUM]","[PREMIUM]","[PREMIUM]",true,false,"['Front Row of Section','Clear view']","2026-07-20 19:10:16"
"13405410002","2026-07-20 23:57:50.570","2026-07-29 23:21:25.530","13405410002","159262239","[PREMIUM]","[PREMIUM]","114","18","6_8","6","8",3,"[1,3]",17265,"Field Level Baseline",20,"Mobile ticket",1,"[PREMIUM]","[PREMIUM]","[PREMIUM]","[PREMIUM]",true,false,"['Clear view']","2026-07-20 12:35:08"
"13410208432","2026-07-20 23:57:50.570","2026-07-20 23:57:50.570","13410208432","159262239","[PREMIUM]","[PREMIUM]","318","2","9001_9002","9001","9002",2,"[2]",519,"Terrace",20,"Mobile ticket",13,"[PREMIUM]","[PREMIUM]","[PREMIUM]","[PREMIUM]",true,false,"['Second Row of Section','Clear view']","2026-07-20 19:49:36"
"13401504482","2026-07-20 23:57:50.311","2026-07-20 23:57:50.311","13401504482","159262239","[PREMIUM]","[PREMIUM]","141","3","9001_9002","9001","9002",2,"[2]",1749,"Field Level Outfield",20,"Mobile ticket",13,"[PREMIUM]","[PREMIUM]","[PREMIUM]","[PREMIUM]",true,false,"['Third Row of Section','Clear view']","2026-07-20 02:32:48"
"13405410939","2026-07-20 23:57:50.311","2026-07-31 22:27:39.969","13405410939","159262239","[PREMIUM]","[PREMIUM]","104","2","13_16","13","16",4,"[2,4]",1749,"Field Level Outfield",20,"Mobile ticket",1,"[PREMIUM]","[PREMIUM]","[PREMIUM]","[PREMIUM]",true,false,"['Second Row of Section','Clear view']","2026-07-20 12:35:10"
"13395558057","2026-07-20 23:57:49.948","2026-07-20 23:57:49.948","13395558057","159262238","[PREMIUM]","[PREMIUM]","C","13","9_10","9","10",2,"[2]",37612,"PHLY Insurance Club",20,"Mobile ticket",1,"[PREMIUM]","[PREMIUM]","[PREMIUM]","[PREMIUM]",true,false,"['Clear view']","2026-07-19 07:06:29"
"13409638816","2026-07-20 23:57:49.863","2026-07-23 22:37:23.856","13409638816","159262239","[PREMIUM]","[PREMIUM]","139","16","_",,,1,"[1]",17265,"Field Level Baseline",20,"Mobile ticket",1,"[PREMIUM]","[PREMIUM]","[PREMIUM]","[PREMIUM]",false,false,"['Clear view']","2026-07-20 19:10:50"
"13409633642","2026-07-20 23:57:49.863","2026-07-23 00:55:05.792","13409633642","159262239","[PREMIUM]","[PREMIUM]","428","3","_",,,2,"[2]",2402,"Terrace Deck",20,"Mobile ticket",1,"[PREMIUM]","[PREMIUM]","[PREMIUM]","[PREMIUM]",true,false,"['Third Row of Section','Clear view']","2026-07-20 19:10:31"
"13408627552","2026-07-20 23:57:49.560","2026-07-23 22:37:23.319","13408627552","159262239","[PREMIUM]","[PREMIUM]","131","24","_",,,2,"[2]",1714,"Field Level",20,"Mobile ticket",1,"[PREMIUM]","[PREMIUM]","[PREMIUM]","[PREMIUM]",true,false,"['Clear view']","2026-07-20 17:10:43"
"13409642075","2026-07-20 23:57:49.536","2026-07-27 22:30:04.330","13409642075","159262239","[PREMIUM]","[PREMIUM]","428","4","_",,,2,"[2]",2402,"Terrace Deck",20,"Mobile ticket",1,"[PREMIUM]","[PREMIUM]","[PREMIUM]","[PREMIUM]",true,false,"['Clear view']","2026-07-20 19:11:02"
"13349286325","2026-07-20 23:57:49.444","2026-08-04 05:07:54.937","13349286325","159262238","[PREMIUM]","[PREMIUM]","219","7","_",,,5,"[1,2,3,5]",3671,"Hall of Fame Club",20,"Mobile ticket",1,"[PREMIUM]","[PREMIUM]","[PREMIUM]","[PREMIUM]",true,false,"['Clear view']","2026-07-14 15:47:36"
"13411463077","2026-07-20 23:57:49.379","2026-07-20 23:57:49.379","13411463077","159262239","[PREMIUM]","[PREMIUM]","105","11","9001_9002","9001","9002",2,"[2]",1749,"Field Level Outfield",20,"Mobile ticket",13,"[PREMIUM]","[PREMIUM]","[PREMIUM]","[PREMIUM]",true,false,"['Clear view']","2026-07-20 21:41:22"
"13405407924","2026-07-20 23:57:49.365","2026-08-02 22:27:46.229","13405407924","159262239","[PREMIUM]","[PREMIUM]","102","2","11_14","11","14",4,"[2,4]",1749,"Field Level Outfield",20,"Mobile ticket",1,"[PREMIUM]","[PREMIUM]","[PREMIUM]","[PREMIUM]",true,false,"['Second Row of Section','Clear view']","2026-07-20 12:35:03"
"13299940739","2026-07-20 23:57:49.354","2026-07-20 23:57:49.354","13299940739","159262238","[PREMIUM]","[PREMIUM]","219","5","_",,,4,"[4]",3671,"Hall of Fame Club",20,"Mobile ticket",1,"[PREMIUM]","[PREMIUM]","[PREMIUM]","[PREMIUM]",true,false,"['Clear view']","2026-07-09 09:51:40"
"13405409085","2026-07-20 23:57:49.351","2026-07-31 22:27:39.855","13405409085","159262239","[PREMIUM]","[PREMIUM]","102","3","5_10","5","10",6,"[1,2,3,4,6]",1749,"Field Level Outfield",20,"Mobile ticket",1,"[PREMIUM]","[PREMIUM]","[PREMIUM]","[PREMIUM]",true,false,"['Third Row of Section','Clear view']","2026-07-20 12:35:06"
"13408299225","2026-07-20 23:57:46.227","2026-08-04 05:07:52.614","13408299225","159262238","[PREMIUM]","[PREMIUM]","213","4","_",,,2,"[2]",3671,"Hall of Fame Club",20,"Mobile ticket",1,"[PREMIUM]","[PREMIUM]","[PREMIUM]","[PREMIUM]",true,false,"['Aisle seat','Clear view']","2026-07-20 16:33:55"
"13411620301","2026-07-20 23:57:46.227","2026-07-20 23:57:46.227","13411620301","159262238","[PREMIUM]","[PREMIUM]","136","1","9001_9002","9001","9002",2,"[2]",17265,"Field Level Baseline",20,"Mobile ticket",13,"[PREMIUM]","[PREMIUM]","[PREMIUM]","[PREMIUM]",true,false,"['Front Row of Section','Clear view']","2026-07-20 21:51:56"
"13185385103","2026-07-20 23:57:46.208","2026-07-29 23:21:24.867","13185385103","159262239","[PREMIUM]","[PREMIUM]","136","9","_",,,4,"[1,2,4]",17265,"Field Level Baseline",20,"Mobile ticket",1,"[PREMIUM]","[PREMIUM]","[PREMIUM]","[PREMIUM]",true,false,"['Clear view']","2026-06-29 19:18:45"
"13398688327","2026-07-20 23:57:45.901","2026-07-20 23:57:45.901","13398688327","159262238","[PREMIUM]","[PREMIUM]","227","2","9001_9002","9001","9002",2,"[2]",3671,"Hall of Fame Club",20,"Mobile ticket",13,"[PREMIUM]","[PREMIUM]","[PREMIUM]","[PREMIUM]",true,false,"['Second Row of Section','Clear view']","2026-07-19 17:28:32"
"13407955012","2026-07-20 23:57:45.901","2026-07-22 00:18:46.199","13407955012","159262238","[PREMIUM]","[PREMIUM]","125","27","_",,,2,"[2]",1714,"Field Level",20,"Mobile ticket",1,"[PREMIUM]","[PREMIUM]","[PREMIUM]","[PREMIUM]",true,false,"['Limited or Obstructed View (printed on ticket)']","2026-07-20 15:59:36"
"13409643324","2026-07-20 23:57:45.894","2026-07-31 22:27:39.115","13409643324","159262239","[PREMIUM]","[PREMIUM]","206","5","_",,,2,"[2]",1297,"Pavilion",20,"Mobile ticket",1,"[PREMIUM]","[PREMIUM]","[PREMIUM]","[PREMIUM]",true,false,"['Clear view']","2026-07-20 19:11:07"
"13409622464","2026-07-20 23:57:45.856","2026-07-31 22:27:39.016","13409622464","159262239","[PREMIUM]","[PREMIUM]","429","5","_",,,2,"[2]",2402,"Terrace Deck",20,"Mobile ticket",1,"[PREMIUM]","[PREMIUM]","[PREMIUM]","[PREMIUM]",true,false,"['Clear view']","2026-07-20 19:09:47"
"13409626256","2026-07-20 23:57:45.843","2026-07-27 22:30:04.238","13409626256","159262239","[PREMIUM]","[PREMIUM]","306","5","_",,,5,"[1,2,3,5]",3674,"Pavilion Deck",20,"Mobile ticket",1,"[PREMIUM]","[PREMIUM]","[PREMIUM]","[PREMIUM]",true,false,"['Clear view']","2026-07-20 19:10:00"
"13364935216","2026-07-20 23:57:45.836","2026-07-22 00:18:45.570","13364935216","159262238","[PREMIUM]","[PREMIUM]","115","5","7_8","7","8",2,"[2]",1714,"Field Level",20,"Mobile ticket",1,"[PREMIUM]","[PREMIUM]","[PREMIUM]","[PREMIUM]",true,false,"['Clear view']","2026-07-15 23:22:45"
"13401492775","2026-07-20 23:57:45.780","2026-07-20 23:57:45.780","13401492775","159262239","[PREMIUM]","[PREMIUM]","116","24","_",,,4,"[2,4]",1714,"Field Level",20,"Mobile ticket",1,"[PREMIUM]","[PREMIUM]","[PREMIUM]","[PREMIUM]",true,false,"['Clear view']","2026-07-20 02:30:14"
"13399048696","2026-07-20 23:57:45.553","2026-07-22 00:18:44.110","13399048696","159262239","[PREMIUM]","[PREMIUM]","140","15","_",,,1,"[1]",1749,"Field Level Outfield",20,"Mobile ticket",1,"[PREMIUM]","[PREMIUM]","[PREMIUM]","[PREMIUM]",false,false,"['Clear view']","2026-07-19 18:40:01"
"13314780707","2026-07-20 23:57:45.457","2026-07-22 00:18:45.388","13314780707","159262238","[PREMIUM]","[PREMIUM]","143","1","_",,,2,"[2]",1749,"Field Level Outfield",20,"Mobile ticket",1,"[PREMIUM]","[PREMIUM]","[PREMIUM]","[PREMIUM]",true,false,"['Actual 1st row of the section','Clear view']","2026-07-10 13:37:21"
"13385542265","2026-07-20 23:57:45.457","2026-07-22 00:18:45.421","13385542265","159262238","[PREMIUM]","[PREMIUM]","130","18","5_12","5","12",8,"[1,2,3,4,5,6,8]",1714,"Field Level",20,"Mobile ticket",1,"[PREMIUM]","[PREMIUM]","[PREMIUM]","[PREMIUM]",true,false,"['Clear view']","2026-07-17 19:37:44"
"13368376262","2026-07-20 23:57:45.419","2026-08-04 05:07:53.208","13368376262","159262238","[PREMIUM]","[PREMIUM]","107","16","9001_9006","9001","9006",6,"[1,2,3,4,6]",1749,"Field Level Outfield",20,"Mobile ticket",1,"[PREMIUM]","[PREMIUM]","[PREMIUM]","[PREMIUM]",true,false,"['Clear view']","2026-07-16 05:47:50"
"13345372311","2026-07-20 23:57:45.257","2026-07-25 05:18:14.740","13345372311","159262238","[PREMIUM]","[PREMIUM]","127","23","_",,,2,"[2]",1714,"Field Level",20,"Mobile ticket",1,"[PREMIUM]","[PREMIUM]","[PREMIUM]","[PREMIUM]",true,false,"['Third Row of Section','Clear view']","2026-07-13 20:33:58"
"13403932397","2026-07-20 23:57:45.257","2026-07-20 23:57:45.257","13403932397","159262238","[PREMIUM]","[PREMIUM]","414","1","_",,,1,"[1]",2402,"Terrace Deck",20,"Mobile ticket",13,"[PREMIUM]","[PREMIUM]","[PREMIUM]","[PREMIUM]",false,false,"['Limited or Obstructed View (printed on ticket)','Front Row of Section']","2026-07-20 10:49:05"
"13407189971","2026-07-20 23:57:45.238","2026-08-03 22:31:04.322","13407189971","159262239","[PREMIUM]","[PREMIUM]","208","11","_",,,3,"[1,3]",1297,"Pavilion",20,"Mobile ticket",1,"[PREMIUM]","[PREMIUM]","[PREMIUM]","[PREMIUM]",true,false,"['Clear view']","2026-07-20 14:59:22"
"13409629043","2026-07-20 23:57:45.201","2026-07-20 23:57:45.201","13409629043","159262239","[PREMIUM]","[PREMIUM]","420","1","_",,,2,"[2]",2402,"Terrace Deck",20,"Mobile ticket",1,"[PREMIUM]","[PREMIUM]","[PREMIUM]","[PREMIUM]",true,false,"['Front Row of Section','Clear view']","2026-07-20 19:10:10"
"12682650354","2026-07-20 23:57:45.119","2026-07-26 05:17:04.170","12682650354","159262238","[PREMIUM]","[PREMIUM]","127","27","_",,,2,"[2]",1714,"Field Level",20,"Mobile ticket",1,"[PREMIUM]","[PREMIUM]","[PREMIUM]","[PREMIUM]",true,false,"['Clear view']","2026-05-14 12:27:49"
"13220984720","2026-07-20 23:57:45.119","2026-07-20 23:57:45.119","13220984720","159262238","[PREMIUM]","[PREMIUM]","116","20","5_7","5","7",3,"[1,3]",1714,"Field Level",20,"Mobile ticket",1,"[PREMIUM]","[PREMIUM]","[PREMIUM]","[PREMIUM]",true,false,"['Clear view']","2026-07-02 19:56:44"
"13406887427","2026-07-20 23:57:45.032","2026-07-20 23:57:45.032","13406887427","159262239","[PREMIUM]","[PREMIUM]","420","3","9001_9002","9001","9002",2,"[2]",2402,"Terrace Deck",20,"Mobile ticket",13,"[PREMIUM]","[PREMIUM]","[PREMIUM]","[PREMIUM]",true,false,"['Third Row of Section','Clear view']","2026-07-20 14:39:36"
"13407602638","2026-07-20 23:57:44.872","2026-07-20 23:57:44.872","13407602638","159262239","[PREMIUM]","[PREMIUM]","136","30","9001_9002","9001","9002",2,"[2]",17265,"Field Level Baseline",20,"Mobile ticket",13,"[PREMIUM]","[PREMIUM]","[PREMIUM]","[PREMIUM]",true,false,"['Clear view']","2026-07-20 15:29:21"
"13145504292","2026-07-20 23:57:44.804","2026-07-27 05:50:38.568","13145504292","159262238","[PREMIUM]","[PREMIUM]","130","13","7_10","7","10",4,"[2,4]",1714,"Field Level",20,"Mobile ticket",1,"[PREMIUM]","[PREMIUM]","[PREMIUM]","[PREMIUM]",true,false,"['Clear view']","2026-06-25 19:51:07"
"13401884267","2026-07-20 23:57:44.500","2026-07-27 05:50:38.460","13401884267","159262238","[PREMIUM]","[PREMIUM]","117","13","9_10","9","10",2,"[2]",1714,"Field Level",20,"Mobile ticket",1,"[PREMIUM]","[PREMIUM]","[PREMIUM]","[PREMIUM]",true,false,"['Clear view']","2026-07-20 04:19:49"
"13247184548","2026-07-20 23:57:44.371","2026-07-20 23:57:44.371","13247184548","159262239","[PREMIUM]","[PREMIUM]","207","8","11_15","11","15",5,"[1,2,3,5]",1297,"Pavilion",20,"Mobile ticket",1,"[PREMIUM]","[PREMIUM]","[PREMIUM]","[PREMIUM]",true,false,"['Clear view']","2026-07-05 01:04:16"
"13405740187","2026-07-20 23:57:44.371","2026-07-20 23:57:44.371","13405740187","159262239","[PREMIUM]","[PREMIUM]","424","12","_",,,2,"[2]",2402,"Terrace Deck",20,"Mobile ticket",13,"[PREMIUM]","[PREMIUM]","[PREMIUM]","[PREMIUM]",true,false,"['Clear view']","2026-07-20 13:04:51"
"13405411101","2026-07-20 23:57:44.210","2026-07-27 01:15:39.064","13405411101","159262239","[PREMIUM]","[PREMIUM]","434","1","17_21","17","21",5,"[1,2,3,5]",2402,"Terrace Deck",20,"Mobile ticket",1,"[PREMIUM]","[PREMIUM]","[PREMIUM]","[PREMIUM]",true,false,"['Front Row of Section','Clear view']","2026-07-20 12:35:11"
"13405407921","2026-07-20 23:57:44.210","2026-07-23 00:55:01.278","13405407921","159262239","[PREMIUM]","[PREMIUM]","307","2","3_8","3","8",6,"[1,2,3,4,6]",3674,"Pavilion Deck",20,"Mobile ticket",1,"[PREMIUM]","[PREMIUM]","[PREMIUM]","[PREMIUM]",true,false,"['Second Row of Section','Clear view']","2026-07-20 12:35:03"
"13368376166","2026-07-20 23:57:44.163","2026-07-25 05:18:08.244","13368376166","159262238","[PREMIUM]","[PREMIUM]","427","16","9001_9010","9001","9010",10,"[1,2,3,4,5,6,7,8,10]",2402,"Terrace Deck",20,"Mobile ticket",1,"[PREMIUM]","[PREMIUM]","[PREMIUM]","[PREMIUM]",true,false,"['Clear view']","2026-07-16 05:47:50"
"13385533381","2026-07-20 23:57:44.069","2026-07-31 06:25:10.816","13385533381","159262238","[PREMIUM]","[PREMIUM]","130","21","7_8","7","8",2,"[2]",1714,"Field Level",20,"Mobile ticket",1,"[PREMIUM]","[PREMIUM]","[PREMIUM]","[PREMIUM]",true,false,"['Clear view']","2026-07-17 19:37:04"
"13413141929","2026-07-20 23:57:44.069","2026-07-20 23:57:44.069","13413141929","159262238","[PREMIUM]","[PREMIUM]","140","9","9001_9002","9001","9002",2,"[2]",1749,"Field Level Outfield",20,"Mobile ticket",13,"[PREMIUM]","[PREMIUM]","[PREMIUM]","[PREMIUM]",true,false,"['Third Row of Section','Clear view']","2026-07-20 23:31:38"
"13146775615","2026-07-20 23:57:44.004","2026-08-03 22:31:01.364","13146775615","159262239","[PREMIUM]","[PREMIUM]","431","3","14_17","14","17",4,"[2,4]",2402,"Terrace Deck",20,"Mobile ticket",1,"[PREMIUM]","[PREMIUM]","[PREMIUM]","[PREMIUM]",true,false,"['Third Row of Section','Clear view']","2026-06-25 21:32:51"
"13195232311","2026-07-20 23:57:44.004","2026-08-03 22:31:00.928","13195232311","159262239","[PREMIUM]","[PREMIUM]","431","4","14_21","14","21",8,"[1,2,3,4,5,6,8]",2402,"Terrace Deck",20,"Mobile ticket",1,"[PREMIUM]","[PREMIUM]","[PREMIUM]","[PREMIUM]",true,false,"['Clear view']","2026-06-30 13:59:29"
"13405407221","2026-07-20 23:57:43.909","2026-07-25 05:11:03.664","13405407221","159262239","[PREMIUM]","[PREMIUM]","310","14","10_14","10","14",5,"[1,2,3,5]",3674,"Pavilion Deck",20,"Mobile ticket",1,"[PREMIUM]","[PREMIUM]","[PREMIUM]","[PREMIUM]",true,false,"['Clear view']","2026-07-20 12:35:02"
"13405408637","2026-07-20 23:57:43.909","2026-07-28 22:31:11.028","13405408637","159262239","[PREMIUM]","[PREMIUM]","310","2","9_10","9","10",2,"[2]",3674,"Pavilion Deck",20,"Mobile ticket",1,"[PREMIUM]","[PREMIUM]","[PREMIUM]","[PREMIUM]",true,false,"['Second Row of Section','Clear view']","2026-07-20 12:35:05"
"13405407697","2026-07-20 23:57:43.888","2026-07-29 23:21:23.382","13405407697","159262239","[PREMIUM]","[PREMIUM]","309","16","13_20","13","20",8,"[1,2,3,4,5,6,8]",3674,"Pavilion Deck",20,"Mobile ticket",1,"[PREMIUM]","[PREMIUM]","[PREMIUM]","[PREMIUM]",true,false,"['Clear view']","2026-07-20 12:35:03"
"13405408751","2026-07-20 23:57:43.888","2026-08-03 22:31:00.290","13405408751","159262239","[PREMIUM]","[PREMIUM]","433","7","11_12","11","12",2,"[2]",2402,"Terrace Deck",20,"Mobile ticket",1,"[PREMIUM]","[PREMIUM]","[PREMIUM]","[PREMIUM]",true,false,"['Clear view']","2026-07-20 12:35:05"
"13413278267","2026-07-20 23:57:43.888","2026-07-26 05:10:37.189","13413278267","159262239","[PREMIUM]","[PREMIUM]","418","14","7_10","7","10",4,"[2,4]",2402,"Terrace Deck",20,"Mobile ticket",1,"[PREMIUM]","[PREMIUM]","[PREMIUM]","[PREMIUM]",true,false,"['Clear view']","2026-07-20 23:43:18"
"13405411085","2026-07-20 23:57:43.801","2026-08-02 22:27:44.579","13405411085","159262239","[PREMIUM]","[PREMIUM]","306","12","6_13","6","13",8,"[1,2,3,4,5,6,8]",3674,"Pavilion Deck",20,"Mobile ticket",1,"[PREMIUM]","[PREMIUM]","[PREMIUM]","[PREMIUM]",true,false,"['Clear view']","2026-07-20 12:35:10"
"13405411108","2026-07-20 23:57:43.571","2026-07-23 22:37:21.019","13405411108","159262239","[PREMIUM]","[PREMIUM]","428","11","13_20","13","20",8,"[1,2,3,4,5,6,8]",2402,"Terrace Deck",20,"Mobile ticket",1,"[PREMIUM]","[PREMIUM]","[PREMIUM]","[PREMIUM]",true,false,"['Clear view']","2026-07-20 12:35:11"
"13405410959","2026-07-20 23:57:43.571","2026-07-20 23:57:43.571","13405410959","159262239","[PREMIUM]","[PREMIUM]","425","13","12_18","12","18",7,"[1,2,3,4,5,7]",2402,"Terrace Deck",20,"Mobile ticket",1,"[PREMIUM]","[PREMIUM]","[PREMIUM]","[PREMIUM]",true,false,"['Clear view']","2026-07-20 12:35:10"
"13405409913","2026-07-20 23:57:43.571","2026-07-20 23:57:43.571","13405409913","159262239","[PREMIUM]","[PREMIUM]","427","12","20_22","20","22",3,"[1,3]",2402,"Terrace Deck",20,"Mobile ticket",1,"[PREMIUM]","[PREMIUM]","[PREMIUM]","[PREMIUM]",true,false,"['Clear view']","2026-07-20 12:35:08"
"13405408334","2026-07-20 23:57:43.571","2026-07-22 00:18:42.783","13405408334","159262239","[PREMIUM]","[PREMIUM]","426","16","17_24","17","24",8,"[1,2,3,4,5,6,8]",2402,"Terrace Deck",20,"Mobile ticket",1,"[PREMIUM]","[PREMIUM]","[PREMIUM]","[PREMIUM]",true,false,"['Clear view']","2026-07-20 12:35:04"
"13405411134","2026-07-20 23:57:43.571","2026-08-03 22:31:01.350","13405411134","159262239","[PREMIUM]","[PREMIUM]","427","13","16_17","16","17",2,"[2]",2402,"Terrace Deck",20,"Mobile ticket",1,"[PREMIUM]","[PREMIUM]","[PREMIUM]","[PREMIUM]",true,false,"['Clear view']","2026-07-20 12:35:11"
"13408254511","2026-07-20 23:57:43.571","2026-07-23 22:37:21.019","13408254511","159262239","[PREMIUM]","[PREMIUM]","425","15","1_2","1","2",2,"[2]",2402,"Terrace Deck",20,"Mobile ticket",1,"[PREMIUM]","[PREMIUM]","[PREMIUM]","[PREMIUM]",true,false,"['Clear view']","2026-07-20 16:28:26"
"13405411051","2026-07-20 23:57:43.555","2026-07-31 22:27:38.208","13405411051","159262239","[PREMIUM]","[PREMIUM]","427","10","11_16","11","16",6,"[1,2,3,4,6]",2402,"Terrace Deck",20,"Mobile ticket",1,"[PREMIUM]","[PREMIUM]","[PREMIUM]","[PREMIUM]",true,false,"['Clear view']","2026-07-20 12:35:10"
"13405411070","2026-07-20 23:57:43.555","2026-07-23 00:54:58.595","13405411070","159262239","[PREMIUM]","[PREMIUM]","423","16","21_28","21","28",8,"[1,2,3,4,5,6,8]",2402,"Terrace Deck",20,"Mobile ticket",1,"[PREMIUM]","[PREMIUM]","[PREMIUM]","[PREMIUM]",true,false,"['Clear view']","2026-07-20 12:35:10"
"13405410531","2026-07-20 23:57:43.555","2026-07-22 00:18:42.797","13405410531","159262239","[PREMIUM]","[PREMIUM]","426","12","13_16","13","16",4,"[2,4]",2402,"Terrace Deck",20,"Mobile ticket",1,"[PREMIUM]","[PREMIUM]","[PREMIUM]","[PREMIUM]",true,false,"['Clear view']","2026-07-20 12:35:09"
"13405407748","2026-07-20 23:57:43.555","2026-07-25 05:11:03.682","13405407748","159262239","[PREMIUM]","[PREMIUM]","423","15","19_26","19","26",8,"[1,2,3,4,5,6,8]",2402,"Terrace Deck",20,"Mobile ticket",1,"[PREMIUM]","[PREMIUM]","[PREMIUM]","[PREMIUM]",true,false,"['Clear view']","2026-07-20 12:35:03"
"13405321621","2026-07-20 23:57:43.555","2026-07-27 01:15:38.938","13405321621","159262239","[PREMIUM]","[PREMIUM]","427","11","12_14","12","14",3,"[1,3]",2402,"Terrace Deck",20,"Mobile ticket",1,"[PREMIUM]","[PREMIUM]","[PREMIUM]","[PREMIUM]",true,false,"['Clear view']","2026-07-20 12:27:38"
"13405408939","2026-07-20 23:57:43.480","2026-07-31 00:14:07.650","13405408939","159262239","[PREMIUM]","[PREMIUM]","434","2","11_12","11","12",2,"[2]",2402,"Terrace Deck",20,"Mobile ticket",1,"[PREMIUM]","[PREMIUM]","[PREMIUM]","[PREMIUM]",true,false,"['Second Row of Section','Clear view']","2026-07-20 12:35:05"
"13405407695","2026-07-20 23:57:43.480","2026-08-01 22:27:18.484","13405407695","159262239","[PREMIUM]","[PREMIUM]","302","12","15_17","15","17",3,"[1,3]",3674,"Pavilion Deck",20,"Mobile ticket",1,"[PREMIUM]","[PREMIUM]","[PREMIUM]","[PREMIUM]",true,false,"['Clear view']","2026-07-20 12:35:03"
"13405409805","2026-07-20 23:57:43.332","2026-08-03 22:31:00.928","13405409805","159262239","[PREMIUM]","[PREMIUM]","304","14","5_12","5","12",8,"[1,2,3,4,5,6,8]",3674,"Pavilion Deck",20,"Mobile ticket",1,"[PREMIUM]","[PREMIUM]","[PREMIUM]","[PREMIUM]",true,false,"['Clear view']","2026-07-20 12:35:07"
"13405409399","2026-07-20 23:57:43.123","2026-08-03 22:31:00.856","13405409399","159262239","[PREMIUM]","[PREMIUM]","428","8","15_17","15","17",3,"[1,3]",2402,"Terrace Deck",20,"Mobile ticket",1,"[PREMIUM]","[PREMIUM]","[PREMIUM]","[PREMIUM]",true,false,"['Clear view']","2026-07-20 12:35:06"
"13368375997","2026-07-20 23:57:43.104","2026-07-25 05:18:07.885","13368375997","159262238","[PREMIUM]","[PREMIUM]","412","16","9001_9009","9001","9009",9,"[1,2,3,4,5,6,7,9]",2402,"Terrace Deck",20,"Mobile ticket",1,"[PREMIUM]","[PREMIUM]","[PREMIUM]","[PREMIUM]",true,false,"['Clear view']","2026-07-16 05:47:50"
"13405411084","2026-07-20 23:57:43.083","2026-07-27 22:30:03.874","13405411084","159262239","[PREMIUM]","[PREMIUM]","309","17","20_24","20","24",5,"[1,2,3,5]",3674,"Pavilion Deck",20,"Mobile ticket",1,"[PREMIUM]","[PREMIUM]","[PREMIUM]","[PREMIUM]",true,false,"['Clear view']","2026-07-20 12:35:10"
"13400716029","2026-07-20 23:57:41.244","2026-07-22 00:18:44.881","13400716029","159262240","[PREMIUM]","[PREMIUM]","304","8","14_17","14","17",4,"[2,4]",3674,"Pavilion Deck",20,"Mobile ticket",1,"[PREMIUM]","[PREMIUM]","[PREMIUM]","[PREMIUM]",true,false,"['Clear view']","2026-07-19 23:24:26"
"13410971532","2026-07-20 23:57:41.244","2026-07-25 05:19:30.817","13410971532","159262240","[PREMIUM]","[PREMIUM]","429","16","8_9","8","9",2,"[2]",2402,"Terrace Deck",20,"Mobile ticket",1,"[PREMIUM]","[PREMIUM]","[PREMIUM]","[PREMIUM]",true,false,"['Clear view']","2026-07-20 20:58:22"
"13401877349","2026-07-20 23:57:38.456","2026-07-31 06:24:21.013","13401877349","159262238","[PREMIUM]","[PREMIUM]","133","13","3_4","3","4",2,"[1,2]",17265,"Field Level Baseline",20,"Mobile ticket",1,"[PREMIUM]","[PREMIUM]","[PREMIUM]","[PREMIUM]",true,false,"['Clear view']","2026-07-20 04:17:37"
"13400580002","2026-07-20 23:57:37.725","2026-07-20 23:57:37.725","13400580002","159262238","[PREMIUM]","[PREMIUM]","322","2","9001_9002","9001","9002",2,"[2]",519,"Terrace",20,"Mobile ticket",13,"[PREMIUM]","[PREMIUM]","[PREMIUM]","[PREMIUM]",true,false,"['Second Row of Section','Clear view']","2026-07-19 23:04:33"
"13145798983","2026-07-20 23:57:37.456","2026-07-20 23:57:37.456","13145798983","159262238","[PREMIUM]","[PREMIUM]","209","1","9_16","9","16",8,"[1,2,3,4,5,6,8]",1297,"Pavilion",20,"Mobile ticket",1,"[PREMIUM]","[PREMIUM]","[PREMIUM]","[PREMIUM]",true,false,"['Front Row of Section','Clear view']","2026-06-25 20:20:12"
"13407822306","2026-07-20 23:57:37.219","2026-07-20 23:57:37.219","13407822306","159262238","[PREMIUM]","[PREMIUM]","137","15","9001_9002","9001","9002",2,"[2]",17265,"Field Level Baseline",20,"Mobile ticket",13,"[PREMIUM]","[PREMIUM]","[PREMIUM]","[PREMIUM]",true,false,"['Clear view']","2026-07-20 15:48:06"
"13412323725","2026-07-20 23:57:37.219","2026-07-20 23:57:37.219","13412323725","159262238","[PREMIUM]","[PREMIUM]","328","3","9001_9002","9001","9002",2,"[2]",519,"Terrace",20,"Mobile ticket",13,"[PREMIUM]","[PREMIUM]","[PREMIUM]","[PREMIUM]",true,false,"['Third Row of Section','Clear view']","2026-07-20 22:39:53"
"13412867498","2026-07-20 23:57:37.219","2026-07-20 23:57:37.219","13412867498","159262238","[PREMIUM]","[PREMIUM]","321","2","9001_9002","9001","9002",2,"[2]",519,"Terrace",20,"Mobile ticket",13,"[PREMIUM]","[PREMIUM]","[PREMIUM]","[PREMIUM]",true,false,"['Second Row of Section','Clear view']","2026-07-20 23:10:35"
"13412574579","2026-07-20 23:57:36.495","2026-07-26 05:16:48.090","13412574579","159262238","[PREMIUM]","[PREMIUM]","110","18","_",,,6,"[2,4,6]",17265,"Field Level Baseline",20,"Mobile ticket",1,"[PREMIUM]","[PREMIUM]","[PREMIUM]","[PREMIUM]",true,false,"['Clear view']","2026-07-20 22:52:54"
"13401676856","2026-07-20 23:57:35.695","2026-07-26 05:16:48.046","13401676856","159262238","[PREMIUM]","[PREMIUM]","234","2","9_12","9","12",4,"[2,4]",3669,"Arcade",20,"Mobile ticket",1,"[PREMIUM]","[PREMIUM]","[PREMIUM]","[PREMIUM]",true,false,"['Second Row of Section','Clear view']","2026-07-20 03:08:26"
"13385089347","2026-07-20 23:57:34.210","2026-07-22 00:18:42.173","13385089347","159262238","[PREMIUM]","[PREMIUM]","209","2","10_11","10","11",2,"[2]",1297,"Pavilion",20,"Mobile ticket",1,"[PREMIUM]","[PREMIUM]","[PREMIUM]","[PREMIUM]",true,false,"['Second Row of Section','Clear view']","2026-07-17 18:41:33"
"13412432298","2026-07-20 23:57:34.068","2026-07-20 23:57:34.068","13412432298","159262238","[PREMIUM]","[PREMIUM]","422","6","6_11","6","11",6,"[1,2,3,4,6]",2402,"Terrace Deck",20,"Mobile ticket",1,"[PREMIUM]","[PREMIUM]","[PREMIUM]","[PREMIUM]",true,false,"['Clear view']","2026-07-20 22:47:39"
"13405226559","2026-07-20 23:57:30.404","2026-07-30 05:15:09.321","13405226559","159262236","[PREMIUM]","[PREMIUM]","143","3","13_14","13","14",2,"[2]",1749,"Field Level Outfield",20,"Mobile ticket",1,"[PREMIUM]","[PREMIUM]","[PREMIUM]","[PREMIUM]",true,false,"['Third Row of Section','Clear view']","2026-07-20 12:18:27"
"13406723169","2026-07-20 23:57:30.404","2026-07-20 23:57:30.404","13406723169","159262236","[PREMIUM]","[PREMIUM]","104","10","9001_9002","9001","9002",2,"[2]",1749,"Field Level Outfield",20,"Mobile ticket",13,"[PREMIUM]","[PREMIUM]","[PREMIUM]","[PREMIUM]",true,false,"['Clear view']","2026-07-20 14:28:59"
"13410136863","2026-07-20 23:57:28.812","2026-07-20 23:57:28.812","13410136863","159262237","[PREMIUM]","[PREMIUM]","424","1","9001_9004","9001","9004",4,"[2,4]",2402,"Terrace Deck",20,"Mobile ticket",13,"[PREMIUM]","[PREMIUM]","[PREMIUM]","[PREMIUM]",true,false,"['Limited or Obstructed View (printed on ticket)','Front Row of Section']","2026-07-20 19:44:43"
"13408881295","2026-07-20 23:57:28.233","2026-07-25 05:38:32.192","13408881295","159262237","[PREMIUM]","[PREMIUM]","144","1","_",,,2,"[2]",1749,"Field Level Outfield",20,"Mobile ticket",1,"[PREMIUM]","[PREMIUM]","[PREMIUM]","[PREMIUM]",true,false,"['Front Row of Section','Clear view']","2026-07-20 17:46:13"
"13408882263","2026-07-20 23:57:28.093","2026-07-25 05:38:32.881","13408882263","159262237","[PREMIUM]","[PREMIUM]","C","9","_",,,4,"[1,2,4]",37612,"PHLY Insurance Club",20,"Mobile ticket",1,"[PREMIUM]","[PREMIUM]","[PREMIUM]","[PREMIUM]",true,false,"['Clear view']","2026-07-20 17:46:20"
"13408882177","2026-07-20 23:57:28.093","2026-08-01 05:15:42.987","13408882177","159262237","[PREMIUM]","[PREMIUM]","E","6","_",,,5,"[1,2,3,5]",37612,"PHLY Insurance Club",20,"Mobile ticket",1,"[PREMIUM]","[PREMIUM]","[PREMIUM]","[PREMIUM]",true,false,"['Second Row of Section','Clear view']","2026-07-20 17:46:19"
"13411828104","2026-07-20 23:57:28.093","2026-07-27 06:37:31.059","13411828104","159262237","[PREMIUM]","[PREMIUM]","412",,"_",,,4,"[1,2,3,4]",2402,"Terrace Deck",20,"Mobile ticket",1,"[PREMIUM]","[PREMIUM]","[PREMIUM]","[PREMIUM]",true,true,"['Clear view']","2026-07-20 22:07:12"
"13408886172","2026-07-20 23:57:27.955","2026-07-23 00:54:59.237","13408886172","159262237","[PREMIUM]","[PREMIUM]","228","1","_",,,2,"[2]",3671,"Hall of Fame Club",20,"Mobile ticket",1,"[PREMIUM]","[PREMIUM]","[PREMIUM]","[PREMIUM]",true,false,"['Front Row of Section','Clear view']","2026-07-20 17:46:39"
"13405092087","2026-07-20 23:57:27.790","2026-07-28 06:17:44.663","13405092087","159262237","[PREMIUM]","[PREMIUM]","217","2","1_6","1","6",6,"[1,2,3,4,6]",3671,"Hall of Fame Club",20,"Mobile ticket",1,"[PREMIUM]","[PREMIUM]","[PREMIUM]","[PREMIUM]",true,false,"['Second Row of Section','Clear view']","2026-07-20 11:54:20"
"13405965649","2026-07-20 23:57:27.790","2026-08-01 05:15:41.323","13405965649","159262237","[PREMIUM]","[PREMIUM]","312","1","9001_9002","9001","9002",2,"[2]",519,"Terrace",20,"Mobile ticket",1,"[PREMIUM]","[PREMIUM]","[PREMIUM]","[PREMIUM]",true,false,"['Front Row of Section','Clear view']","2026-07-20 13:23:13"
"13403354429","2026-07-20 23:57:27.560","2026-07-20 23:57:27.560","13403354429","159262237","[PREMIUM]","[PREMIUM]","218","1","_",,,4,"[1,2,4]",3671,"Hall of Fame Club",20,"Mobile ticket",13,"[PREMIUM]","[PREMIUM]","[PREMIUM]","[PREMIUM]",true,false,"['Limited or Obstructed View (printed on ticket)','Front Row of Section']","2026-07-20 10:11:15"
"13408880845","2026-07-20 23:57:27.560","2026-07-26 05:40:09.976","13408880845","159262237","[PREMIUM]","[PREMIUM]","147","4","_",,,4,"[1,2,4]",1749,"Field Level Outfield",20,"Mobile ticket",1,"[PREMIUM]","[PREMIUM]","[PREMIUM]","[PREMIUM]",true,false,"['Front Row of Section','Clear view']","2026-07-20 17:46:11"
"13408885226","2026-07-20 23:57:27.560","2026-07-22 00:18:44.961","13408885226","159262237","[PREMIUM]","[PREMIUM]","120","30","_",,,1,"[1]",1714,"Field Level",20,"Mobile ticket",1,"[PREMIUM]","[PREMIUM]","[PREMIUM]","[PREMIUM]",false,false,"['Clear view']","2026-07-20 17:46:33"
"13401870239","2026-07-20 23:57:27.472","2026-07-31 06:32:40.369","13401870239","159262237","[PREMIUM]","[PREMIUM]","117","13","9_10","9","10",2,"[2]",1714,"Field Level",20,"Mobile ticket",1,"[PREMIUM]","[PREMIUM]","[PREMIUM]","[PREMIUM]",true,false,"['Clear view']","2026-07-20 04:15:40"
"13410648749","2026-07-20 23:57:27.302","2026-07-20 23:57:27.302","13410648749","159262237","[PREMIUM]","[PREMIUM]","136","1","9001_9002","9001","9002",2,"[2]",17265,"Field Level Baseline",20,"Mobile ticket",13,"[PREMIUM]","[PREMIUM]","[PREMIUM]","[PREMIUM]",true,false,"['Front Row of Section','Clear view']","2026-07-20 20:28:12"
"13408194385","2026-07-20 23:57:27.242","2026-07-26 05:40:03.323","13408194385","159262237","[PREMIUM]","[PREMIUM]","116","5","11_13","11","13",3,"[1,3]",1714,"Field Level",20,"Mobile ticket",1,"[PREMIUM]","[PREMIUM]","[PREMIUM]","[PREMIUM]",true,false,"['Clear view']","2026-07-20 16:21:18"
"13404956733","2026-07-20 23:57:27.194","2026-08-03 05:10:24.028","13404956733","159262237","[PREMIUM]","[PREMIUM]","125","27","11_12","11","12",2,"[2]",1714,"Field Level",20,"Mobile ticket",1,"[PREMIUM]","[PREMIUM]","[PREMIUM]","[PREMIUM]",true,false,"['Clear view']","2026-07-20 11:43:00"
"13405291392","2026-07-20 23:57:26.887","2026-07-20 23:57:26.887","13405291392","159262237","[PREMIUM]","[PREMIUM]","212","1","17_22","17","22",6,"[1,2,3,4,6]",3671,"Hall of Fame Club",20,"Mobile ticket",1,"[PREMIUM]","[PREMIUM]","[PREMIUM]","[PREMIUM]",true,false,"['Front Row of Section','Clear view']","2026-07-20 12:25:07"
"13366809923","2026-07-20 23:57:26.788","2026-08-01 05:15:41.364","13366809923","159262237","[PREMIUM]","[PREMIUM]","312","8","9001_9010","9001","9010",10,"[1,2,3,4,5,6,7,8,10]",519,"Terrace",20,"Mobile ticket",1,"[PREMIUM]","[PREMIUM]","[PREMIUM]","[PREMIUM]",true,false,"['Clear view']","2026-07-16 04:05:38"
"13120398898","2026-07-20 23:57:26.702","2026-07-30 05:16:22.659","13120398898","159262237","[PREMIUM]","[PREMIUM]","131","9","1_6","1","6",6,"[1,2,3,4,6]",1714,"Field Level",20,"Mobile ticket",1,"[PREMIUM]","[PREMIUM]","[PREMIUM]","[PREMIUM]",true,false,"['Clear view']","2026-06-23 17:12:04"
"13404793198","2026-07-20 23:57:26.702","2026-07-20 23:57:26.702","13404793198","159262237","[PREMIUM]","[PREMIUM]","120","32","9001_9004","9001","9004",4,"[4]",1714,"Field Level",20,"Mobile ticket",13,"[PREMIUM]","[PREMIUM]","[PREMIUM]","[PREMIUM]",true,false,"['Clear view']","2026-07-20 11:32:51"
"13146507917","2026-07-20 23:57:26.511","2026-08-04 05:11:39.326","13146507917","159262237","[PREMIUM]","[PREMIUM]","115","6","7_10","7","10",4,"[2,4]",1714,"Field Level",20,"Mobile ticket",1,"[PREMIUM]","[PREMIUM]","[PREMIUM]","[PREMIUM]",true,false,"['Clear view']","2026-06-25 21:06:24"
"13146785294","2026-07-20 23:57:26.489","2026-08-04 05:11:39.164","13146785294","159262237","[PREMIUM]","[PREMIUM]","115","8","7_10","7","10",4,"[2,4]",1714,"Field Level",20,"Mobile ticket",1,"[PREMIUM]","[PREMIUM]","[PREMIUM]","[PREMIUM]",true,false,"['Clear view']","2026-06-25 21:34:28"
"13405039429","2026-07-20 23:57:26.489","2026-07-23 00:54:56.895","13405039429","159262237","[PREMIUM]","[PREMIUM]","217","4","11_12","11","12",2,"[2]",3671,"Hall of Fame Club",20,"Mobile ticket",1,"[PREMIUM]","[PREMIUM]","[PREMIUM]","[PREMIUM]",true,false,"['Clear view']","2026-07-20 11:49:22"
"13410747553","2026-07-20 23:57:26.489","2026-07-20 23:57:26.489","13410747553","159262237","[PREMIUM]","[PREMIUM]","106","3","9001_9002","9001","9002",2,"[2]",1749,"Field Level Outfield",20,"Mobile ticket",13,"[PREMIUM]","[PREMIUM]","[PREMIUM]","[PREMIUM]",true,false,"['Third Row of Section','Clear view']","2026-07-20 20:36:43"
"13405290583","2026-07-20 23:57:25.678","2026-07-20 23:57:25.678","13405290583","159262237","[PREMIUM]","[PREMIUM]","118","16","5_8","5","8",4,"[2,4]",1714,"Field Level",20,"Mobile ticket",1,"[PREMIUM]","[PREMIUM]","[PREMIUM]","[PREMIUM]",true,false,"['Clear view']","2026-07-20 12:25:04"
"13405291238","2026-07-20 23:57:25.646","2026-07-23 22:37:11.536","13405291238","159262237","[PREMIUM]","[PREMIUM]","130","21","7_8","7","8",2,"[2]",1714,"Field Level",20,"Mobile ticket",1,"[PREMIUM]","[PREMIUM]","[PREMIUM]","[PREMIUM]",true,false,"['Clear view']","2026-07-20 12:25:06"
"13405290258","2026-07-20 23:57:25.646","2026-07-30 05:16:17.687","13405290258","159262237","[PREMIUM]","[PREMIUM]","135","3","5_6","5","6",2,"[2]",17265,"Field Level Baseline",20,"Mobile ticket",1,"[PREMIUM]","[PREMIUM]","[PREMIUM]","[PREMIUM]",true,false,"['Third Row of Section','Clear view']","2026-07-20 12:25:02"
"13145498306","2026-07-20 23:57:25.595","2026-07-22 00:18:43.806","13145498306","159262237","[PREMIUM]","[PREMIUM]","216","6","7_10","7","10",4,"[2,4]",3671,"Hall of Fame Club",20,"Mobile ticket",1,"[PREMIUM]","[PREMIUM]","[PREMIUM]","[PREMIUM]",true,false,"['Clear view']","2026-06-25 19:50:43"
"13396413975","2026-07-20 23:57:25.415","2026-07-27 06:37:26.268","13396413975","159262237","[PREMIUM]","[PREMIUM]","109","10","_",,,2,"[2]",17265,"Field Level Baseline",20,"Mobile ticket",1,"[PREMIUM]","[PREMIUM]","[PREMIUM]","[PREMIUM]",true,false,"['Clear view']","2026-07-19 11:31:32"
"13120401775","2026-07-20 23:57:25.338","2026-07-23 22:37:19.347","13120401775","159262239","[PREMIUM]","[PREMIUM]","Standing Room Only",,"1_2","1","2",2,"[2]",3338,"Standing Room Only",20,"Mobile ticket",1,"[PREMIUM]","[PREMIUM]","[PREMIUM]","[PREMIUM]",true,true,"['Clear view']","2026-06-23 17:12:12"
"13400535600","2026-07-20 23:57:25.338","2026-07-20 23:57:25.338","13400535600","159262239","[PREMIUM]","[PREMIUM]","304","20","6_13","6","13",8,"[1,2,3,4,5,6,8]",3674,"Pavilion Deck",20,"Mobile ticket",1,"[PREMIUM]","[PREMIUM]","[PREMIUM]","[PREMIUM]",true,false,"['Clear view']","2026-07-19 22:52:43"
"13146174076","2026-07-20 23:57:25.215","2026-07-29 05:15:47.984","13146174076","159262237","[PREMIUM]","[PREMIUM]","307","1","1_3","1","3",3,"[1,3]",3674,"Pavilion Deck",20,"Mobile ticket",1,"[PREMIUM]","[PREMIUM]","[PREMIUM]","[PREMIUM]",true,false,"['Front Row of Section','Clear view']","2026-06-25 20:40:40"
"13405290047","2026-07-20 23:57:25.215","2026-08-03 05:10:21.211","13405290047","159262237","[PREMIUM]","[PREMIUM]","208","1","12_14","12","14",3,"[1,3]",1297,"Pavilion",20,"Mobile ticket",1,"[PREMIUM]","[PREMIUM]","[PREMIUM]","[PREMIUM]",true,false,"['Front Row of Section','Clear view']","2026-07-20 12:25:01"
"13145279258","2026-07-20 23:57:25.107","2026-07-22 00:18:42.765","13145279258","159262237","[PREMIUM]","[PREMIUM]","133","15","5_10","5","10",6,"[1,2,3,4,6]",17265,"Field Level Baseline",20,"Mobile ticket",1,"[PREMIUM]","[PREMIUM]","[PREMIUM]","[PREMIUM]",true,false,"['Clear view']","2026-06-25 19:28:17"
"13403075399","2026-07-20 23:57:25.096","2026-07-20 23:57:25.096","13403075399","159262237","[PREMIUM]","[PREMIUM]","109","23","9001_9002","9001","9002",2,"[2]",17265,"Field Level Baseline",20,"Mobile ticket",13,"[PREMIUM]","[PREMIUM]","[PREMIUM]","[PREMIUM]",true,false,"['Clear view']","2026-07-20 09:54:42"
"13403231379","2026-07-20 23:57:24.560","2026-07-27 06:37:21.765","13403231379","159262237","[PREMIUM]","[PREMIUM]","106","4","_",,,4,"[2,4]",1749,"Field Level Outfield",20,"Mobile ticket",1,"[PREMIUM]","[PREMIUM]","[PREMIUM]","[PREMIUM]",true,false,"['Clear view']","2026-07-20 10:04:25"
"13405290692","2026-07-20 23:57:24.206","2026-07-22 00:18:42.600","13405290692","159262237","[PREMIUM]","[PREMIUM]","111","11","5_11","5","11",7,"[1,2,3,4,5,7]",17265,"Field Level Baseline",20,"Mobile ticket",1,"[PREMIUM]","[PREMIUM]","[PREMIUM]","[PREMIUM]",true,false,"['Clear view']","2026-07-20 12:25:04"
"13405290062","2026-07-20 23:57:24.206","2026-07-30 05:16:17.687","13405290062","159262237","[PREMIUM]","[PREMIUM]","112","9","5_6","5","6",2,"[2]",17265,"Field Level Baseline",20,"Mobile ticket",1,"[PREMIUM]","[PREMIUM]","[PREMIUM]","[PREMIUM]",true,false,"['Clear view']","2026-07-20 12:25:01"
"13412949680","2026-07-20 23:57:22.193","2026-07-20 23:57:22.193","13412949680","159262238","[PREMIUM]","[PREMIUM]","304","9","6_9","6","9",4,"[2,4]",3674,"Pavilion Deck",20,"Mobile ticket",1,"[PREMIUM]","[PREMIUM]","[PREMIUM]","[PREMIUM]",true,false,"['Clear view']","2026-07-20 23:16:29"
"13405291500","2026-07-20 23:57:21.893","2026-07-23 22:37:11.134","13405291500","159262237","[PREMIUM]","[PREMIUM]","136","9","9_12","9","12",4,"[2,4]",17265,"Field Level Baseline",20,"Mobile ticket",1,"[PREMIUM]","[PREMIUM]","[PREMIUM]","[PREMIUM]",true,false,"['Clear view']","2026-07-20 12:25:08"
"13405290033","2026-07-20 23:57:21.893","2026-07-20 23:57:21.893","13405290033","159262237","[PREMIUM]","[PREMIUM]","134","14","13_14","13","14",2,"[2]",17265,"Field Level Baseline",20,"Mobile ticket",1,"[PREMIUM]","[PREMIUM]","[PREMIUM]","[PREMIUM]",true,false,"['Clear view']","2026-07-20 12:25:01"
"13318101190","2026-07-20 23:57:21.622","2026-07-20 23:57:21.622","13318101190","159262236","[PREMIUM]","[PREMIUM]","232","2","9001_9002","9001","9002",2,"[2]",3671,"Hall of Fame Club",20,"Mobile ticket",13,"[PREMIUM]","[PREMIUM]","[PREMIUM]","[PREMIUM]",true,false,"['Limited or Obstructed View (printed on ticket)','Second Row of Section']","2026-07-10 18:58:18"
"13408857051","2026-07-20 23:57:21.622","2026-07-26 05:39:14.988","13408857051","159262236","[PREMIUM]","[PREMIUM]","E","6","_",,,4,"[1,2,4]",37612,"PHLY Insurance Club",20,"Mobile ticket",1,"[PREMIUM]","[PREMIUM]","[PREMIUM]","[PREMIUM]",true,false,"['Second Row of Section','Clear view']","2026-07-20 17:43:20"
"13408849805","2026-07-20 23:57:21.622","2026-07-30 05:15:32.861","13408849805","159262236","[PREMIUM]","[PREMIUM]","130","1","_",,,2,"[2]",1714,"Field Level",20,"Mobile ticket",1,"[PREMIUM]","[PREMIUM]","[PREMIUM]","[PREMIUM]",true,false,"['Front Row of Section','Clear view']","2026-07-20 17:42:47"
"13411310504","2026-07-20 23:57:21.622","2026-07-27 06:36:33.300","13411310504","159262236","[PREMIUM]","[PREMIUM]","C","9","_",,,4,"[1,2,4]",37612,"PHLY Insurance Club",20,"Mobile ticket",1,"[PREMIUM]","[PREMIUM]","[PREMIUM]","[PREMIUM]",true,false,"['Clear view']","2026-07-20 21:29:08"
"13408856529","2026-07-20 23:57:21.457","2026-07-26 05:39:14.836","13408856529","159262236","[PREMIUM]","[PREMIUM]","218","1","_",,,2,"[2]",3671,"Hall of Fame Club",20,"Mobile ticket",1,"[PREMIUM]","[PREMIUM]","[PREMIUM]","[PREMIUM]",true,false,"['Front Row of Section','Clear view']","2026-07-20 17:43:17"
"13408853317","2026-07-20 23:57:21.457","2026-07-25 05:37:37.586","13408853317","159262236","[PREMIUM]","[PREMIUM]","144","1","_",,,2,"[2]",1749,"Field Level Outfield",20,"Mobile ticket",1,"[PREMIUM]","[PREMIUM]","[PREMIUM]","[PREMIUM]",true,false,"['Front Row of Section','Clear view']","2026-07-20 17:43:04"
"13405290136","2026-07-20 23:57:21.240","2026-08-04 05:11:33.401","13405290136","159262237","[PREMIUM]","[PREMIUM]","242","1","10_17","10","17",8,"[1,2,3,4,5,6,8]",37613,"GHOST Energy Deck",20,"Mobile ticket",1,"[PREMIUM]","[PREMIUM]","[PREMIUM]","[PREMIUM]",true,false,"['Front Row of Section','Clear view']","2026-07-20 12:25:01"
"13407630748","2026-07-20 23:57:21.184","2026-07-22 00:18:45.290","13407630748","159262236","[PREMIUM]","[PREMIUM]","416","1","_",,,8,"[2,4,6,8]",2402,"Terrace Deck",20,"Mobile ticket",13,"[PREMIUM]","[PREMIUM]","[PREMIUM]","[PREMIUM]",true,false,"['Limited or Obstructed View (printed on ticket)','Front Row of Section']","2026-07-20 15:31:53"
"13408858204","2026-07-20 23:57:21.184","2026-07-28 06:16:59.461","13408858204","159262236","[PREMIUM]","[PREMIUM]","F","16","_",,,4,"[1,2,4]",37612,"PHLY Insurance Club",20,"Mobile ticket",1,"[PREMIUM]","[PREMIUM]","[PREMIUM]","[PREMIUM]",true,false,"['Clear view']","2026-07-20 17:43:26"
"13405290664","2026-07-20 23:57:21.141","2026-07-27 06:37:21.931","13405290664","159262237","[PREMIUM]","[PREMIUM]","417","1","3_10","3","10",8,"[1,2,3,4,5,6,8]",2402,"Terrace Deck",20,"Mobile ticket",1,"[PREMIUM]","[PREMIUM]","[PREMIUM]","[PREMIUM]",true,false,"['Front Row of Section','Clear view']","2026-07-20 12:25:04"
"13400721958","2026-07-20 23:57:21.029","2026-07-23 22:37:11.399","13400721958","159262237","[PREMIUM]","[PREMIUM]","113","27","_",,,2,"[2]",17265,"Field Level Baseline",20,"Mobile ticket",1,"[PREMIUM]","[PREMIUM]","[PREMIUM]","[PREMIUM]",true,false,"['Clear view']","2026-07-19 23:25:27"
"13408828336","2026-07-20 23:57:20.876","2026-07-27 05:59:35.197","13408828336","159262235","[PREMIUM]","[PREMIUM]","222","3","_",,,2,"[2]",3671,"Hall of Fame Club",20,"Mobile ticket",1,"[PREMIUM]","[PREMIUM]","[PREMIUM]","[PREMIUM]",true,false,"['Third Row of Section','Clear view']","2026-07-20 17:39:08"
"13393647280","2026-07-20 23:57:20.857","2026-07-20 23:57:20.857","13393647280","159262236","[PREMIUM]","[PREMIUM]","119","23","9001_9003","9001","9003",3,"[3]",1714,"Field Level",20,"Mobile ticket",13,"[PREMIUM]","[PREMIUM]","[PREMIUM]","[PREMIUM]",true,false,"['Third Row of Section','Clear view']","2026-07-18 23:37:13"
"13409579156","2026-07-20 23:57:20.857","2026-07-23 00:54:53.911","13409579156","159262236","[PREMIUM]","[PREMIUM]","117","2","_",,,4,"[2,4]",1714,"Field Level",20,"Mobile ticket",1,"[PREMIUM]","[PREMIUM]","[PREMIUM]","[PREMIUM]",true,false,"['Second Row of Section','Clear view']","2026-07-20 19:07:33"
"13384878878","2026-07-20 23:57:20.833","2026-08-04 05:11:33.134","13384878878","159262237","[PREMIUM]","[PREMIUM]","423","4","10_11","10","11",2,"[2]",2402,"Terrace Deck",20,"Mobile ticket",1,"[PREMIUM]","[PREMIUM]","[PREMIUM]","[PREMIUM]",true,false,"['Clear view']","2026-07-17 18:09:55"
"13405290497","2026-07-20 23:57:20.803","2026-07-23 22:37:10.523","13405290497","159262237","[PREMIUM]","[PREMIUM]","329","1","14_20","14","20",7,"[1,2,3,4,5,7]",519,"Terrace",20,"Mobile ticket",1,"[PREMIUM]","[PREMIUM]","[PREMIUM]","[PREMIUM]",true,false,"['Front Row of Section','Clear view']","2026-07-20 12:25:03"
"13411777026","2026-07-20 23:57:20.803","2026-07-31 06:32:31.145","13411777026","159262237","[PREMIUM]","[PREMIUM]","301","1","17_19","17","19",3,"[1,3]",3674,"Pavilion Deck",20,"Mobile ticket",1,"[PREMIUM]","[PREMIUM]","[PREMIUM]","[PREMIUM]",true,false,"['Front Row of Section','Clear view']","2026-07-20 22:03:56"
"13408852926","2026-07-20 23:57:20.794","2026-07-31 06:31:11.908","13408852926","159262236","[PREMIUM]","[PREMIUM]","114","1","_",,,2,"[2]",17265,"Field Level Baseline",20,"Mobile ticket",1,"[PREMIUM]","[PREMIUM]","[PREMIUM]","[PREMIUM]",true,false,"['Front Row of Section','Clear view']","2026-07-20 17:43:03"
"13408853217","2026-07-20 23:57:20.794","2026-07-29 05:15:04.274","13408853217","159262236","[PREMIUM]","[PREMIUM]","133","1","_",,,2,"[2]",17265,"Field Level Baseline",20,"Mobile ticket",1,"[PREMIUM]","[PREMIUM]","[PREMIUM]","[PREMIUM]",true,false,"['Front Row of Section','Clear view']","2026-07-20 17:43:04"
"13405226572","2026-07-20 23:57:20.647","2026-07-20 23:57:20.647","13405226572","159262236","[PREMIUM]","[PREMIUM]","117","11","11_12","11","12",2,"[2]",1714,"Field Level",20,"Mobile ticket",1,"[PREMIUM]","[PREMIUM]","[PREMIUM]","[PREMIUM]",true,false,"['Clear view']","2026-07-20 12:18:28"
"13247481935","2026-07-20 23:57:20.582","2026-07-31 06:31:07.345","13247481935","159262236","[PREMIUM]","[PREMIUM]","123","25","_",,,2,"[2]",1714,"Field Level",20,"Mobile ticket",1,"[PREMIUM]","[PREMIUM]","[PREMIUM]","[PREMIUM]",true,false,"['Clear view']","2026-07-05 02:00:11"
"13408853100","2026-07-20 23:57:20.582","2026-07-31 06:31:07.660","13408853100","159262236","[PREMIUM]","[PREMIUM]","114","2","_",,,2,"[2]",17265,"Field Level Baseline",20,"Mobile ticket",1,"[PREMIUM]","[PREMIUM]","[PREMIUM]","[PREMIUM]",true,false,"['Second Row of Section','Clear view']","2026-07-20 17:43:04"
"13408852215","2026-07-20 23:57:20.477","2026-07-23 22:37:10.301","13408852215","159262236","[PREMIUM]","[PREMIUM]","230","1","_",,,2,"[2]",3671,"Hall of Fame Club",20,"Mobile ticket",1,"[PREMIUM]","[PREMIUM]","[PREMIUM]","[PREMIUM]",true,false,"['Front Row of Section','Clear view']","2026-07-20 17:43:00"
"13408932346","2026-07-20 23:57:20.465","2026-07-28 06:17:39.025","13408932346","159262237","[PREMIUM]","[PREMIUM]","332","2","11_12","11","12",2,"[2]",519,"Terrace",20,"Mobile ticket",1,"[PREMIUM]","[PREMIUM]","[PREMIUM]","[PREMIUM]",true,false,"['Second Row of Section','Clear view']","2026-07-20 17:52:32"
"13396102743","2026-07-20 23:57:20.461","2026-07-20 23:57:20.461","13396102743","159262236","[PREMIUM]","[PREMIUM]","226","1","9001_9002","9001","9002",2,"[2]",3671,"Hall of Fame Club",20,"Mobile ticket",13,"[PREMIUM]","[PREMIUM]","[PREMIUM]","[PREMIUM]",true,false,"['Front Row of Section','Clear view']","2026-07-19 10:10:58"
"13405291387","2026-07-20 23:57:20.442","2026-07-30 05:16:11.000","13405291387","159262237","[PREMIUM]","[PREMIUM]","236","1","19_22","19","22",4,"[2,4]",3669,"Arcade",20,"Mobile ticket",1,"[PREMIUM]","[PREMIUM]","[PREMIUM]","[PREMIUM]",true,false,"['Front Row of Section','Clear view']","2026-07-20 12:25:07"
"13408829687","2026-07-20 23:57:20.426","2026-07-26 05:19:04.436","13408829687","159262235","[PREMIUM]","[PREMIUM]","218","1","_",,,2,"[2]",3671,"Hall of Fame Club",20,"Mobile ticket",1,"[PREMIUM]","[PREMIUM]","[PREMIUM]","[PREMIUM]",true,false,"['Front Row of Section','Clear view']","2026-07-20 17:39:15"
"13408833614","2026-07-20 23:57:20.426","2026-07-25 05:36:40.982","13408833614","159262235","[PREMIUM]","[PREMIUM]","144","1","_",,,2,"[2]",1749,"Field Level Outfield",20,"Mobile ticket",1,"[PREMIUM]","[PREMIUM]","[PREMIUM]","[PREMIUM]",true,false,"['Front Row of Section','Clear view']","2026-07-20 17:39:55"
"13372875754","2026-07-20 23:57:20.424","2026-07-27 06:37:21.700","13372875754","159262237","[PREMIUM]","[PREMIUM]","325","2","1_4","1","4",4,"[1,2,4]",519,"Terrace",20,"Mobile ticket",1,"[PREMIUM]","[PREMIUM]","[PREMIUM]","[PREMIUM]",true,false,"['Second Row of Section','Clear view']","2026-07-16 14:43:31"
"13405290902","2026-07-20 23:57:20.424","2026-08-04 05:11:33.401","13405290902","159262237","[PREMIUM]","[PREMIUM]","244","1","15_20","15","20",6,"[1,2,3,4,6]",37613,"GHOST Energy Deck",20,"Mobile ticket",1,"[PREMIUM]","[PREMIUM]","[PREMIUM]","[PREMIUM]",true,false,"['Front Row of Section','Clear view']","2026-07-20 12:25:05"
"13366810525","2026-07-20 23:57:20.349","2026-07-23 00:54:38.178","13366810525","159262235","[PREMIUM]","[PREMIUM]","107","16","9001_9006","9001","9006",6,"[1,2,3,4,6]",1749,"Field Level Outfield",20,"Mobile ticket",1,"[PREMIUM]","[PREMIUM]","[PREMIUM]","[PREMIUM]",true,false,"['Clear view']","2026-07-16 04:05:42"
"13146602490","2026-07-20 23:57:20.326","2026-07-28 06:17:39.010","13146602490","159262237","[PREMIUM]","[PREMIUM]","301","6","21_22","21","22",2,"[2]",3674,"Pavilion Deck",20,"Mobile ticket",1,"[PREMIUM]","[PREMIUM]","[PREMIUM]","[PREMIUM]",true,false,"['Clear view']","2026-06-25 21:17:45"
"13405291054","2026-07-20 23:57:20.326","2026-07-29 05:15:47.862","13405291054","159262237","[PREMIUM]","[PREMIUM]","416","2","10_11","10","11",2,"[2]",2402,"Terrace Deck",20,"Mobile ticket",1,"[PREMIUM]","[PREMIUM]","[PREMIUM]","[PREMIUM]",true,false,"['Second Row of Section','Clear view']","2026-07-20 12:25:05"
"13408191579","2026-07-20 23:57:20.326","2026-07-25 05:38:17.861","13408191579","159262237","[PREMIUM]","[PREMIUM]","301","2","22_23","22","23",2,"[2]",3674,"Pavilion Deck",20,"Mobile ticket",1,"[PREMIUM]","[PREMIUM]","[PREMIUM]","[PREMIUM]",true,false,"['Second Row of Section','Clear view']","2026-07-20 16:21:02"
"13408855121","2026-07-20 23:57:20.326","2026-07-23 22:37:10.163","13408855121","159262236","[PREMIUM]","[PREMIUM]","222","1","_",,,1,"[1]",3671,"Hall of Fame Club",20,"Mobile ticket",1,"[PREMIUM]","[PREMIUM]","[PREMIUM]","[PREMIUM]",false,false,"['Front Row of Section','Clear view']","2026-07-20 17:43:10"
"13408847669","2026-07-20 23:57:20.252","2026-07-23 00:54:53.842","13408847669","159262236","[PREMIUM]","[PREMIUM]","228","1","_",,,2,"[2]",3671,"Hall of Fame Club",20,"Mobile ticket",1,"[PREMIUM]","[PREMIUM]","[PREMIUM]","[PREMIUM]",true,false,"['Front Row of Section','Clear view']","2026-07-20 17:42:35"
"13409861778","2026-07-20 23:57:20.252","2026-07-20 23:57:20.252","13409861778","159262236","[PREMIUM]","[PREMIUM]","147","4","9001_9004","9001","9004",4,"[4]",1749,"Field Level Outfield",20,"Mobile ticket",13,"[PREMIUM]","[PREMIUM]","[PREMIUM]","[PREMIUM]",true,false,"['Front Row of Section','Clear view']","2026-07-20 19:27:16"
"13382864967","2026-07-20 23:57:20.184","2026-07-26 05:39:46.796","13382864967","159262237","[PREMIUM]","[PREMIUM]","434","2","9_12","9","12",4,"[2,4]",2402,"Terrace Deck",20,"Mobile ticket",1,"[PREMIUM]","[PREMIUM]","[PREMIUM]","[PREMIUM]",true,false,"['Second Row of Section','Clear view']","2026-07-17 13:25:11"
"13294609346","2026-07-20 23:57:19.994","2026-08-04 05:15:54.447","13294609346","159263321","[PREMIUM]","[PREMIUM]","10","F","_",,,4,"[4]",3722,"First Base Dugout Box",20,"Mobile ticket",1,"[PREMIUM]","[PREMIUM]","[PREMIUM]","[PREMIUM]",true,false,"['Front Row of Section','Clear view']","2026-07-09 02:41:18"
"13370367316","2026-07-20 23:57:19.979","2026-07-22 00:18:39.645","13370367316","159262235","[PREMIUM]","[PREMIUM]","214","1","_",,,2,"[1,2]",3671,"Hall of Fame Club",20,"Mobile ticket",13,"[PREMIUM]","[PREMIUM]","[PREMIUM]","[PREMIUM]",true,false,"['Limited or Obstructed View (printed on ticket)','Front Row of Section']","2026-07-16 10:02:28"
"13375888767","2026-07-20 23:57:19.979","2026-07-20 23:57:19.979","13375888767","159262235","[PREMIUM]","[PREMIUM]","221","3","_",,,2,"[2]",3671,"Hall of Fame Club",20,"Mobile ticket",13,"[PREMIUM]","[PREMIUM]","[PREMIUM]","[PREMIUM]",true,false,"['Limited or Obstructed View (printed on ticket)','Third Row of Section']","2026-07-16 20:02:27"
"13411020229","2026-07-20 23:57:19.909","2026-07-20 23:57:19.909","13411020229","159262236","[PREMIUM]","[PREMIUM]","145","4","9001_9002","9001","9002",2,"[2]",1749,"Field Level Outfield",20,"Mobile ticket",13,"[PREMIUM]","[PREMIUM]","[PREMIUM]","[PREMIUM]",true,false,"['Clear view']","2026-07-20 21:03:04"
"13382841964","2026-07-20 23:57:19.879","2026-07-30 05:15:16.238","13382841964","159262236","[PREMIUM]","[PREMIUM]","111","2","1_2","1","2",2,"[2]",17265,"Field Level Baseline",20,"Mobile ticket",1,"[PREMIUM]","[PREMIUM]","[PREMIUM]","[PREMIUM]",true,false,"['Second Row of Section','Clear view']","2026-07-17 13:19:32"
"13405227496","2026-07-20 23:57:19.879","2026-07-29 05:15:00.241","13405227496","159262236","[PREMIUM]","[PREMIUM]","117","9","12_13","12","13",2,"[2]",1714,"Field Level",20,"Mobile ticket",1,"[PREMIUM]","[PREMIUM]","[PREMIUM]","[PREMIUM]",true,false,"['Clear view']","2026-07-20 12:18:39"
"13146330501","2026-07-20 23:57:19.836","2026-07-31 06:31:03.768","13146330501","159262236","[PREMIUM]","[PREMIUM]","229","3","16_18","16","18",3,"[1,3]",3671,"Hall of Fame Club",20,"Mobile ticket",1,"[PREMIUM]","[PREMIUM]","[PREMIUM]","[PREMIUM]",true,false,"['Third Row of Section','Clear view']","2026-06-25 20:50:42"
"13409886067","2026-07-20 23:57:19.808","2026-07-23 00:54:54.695","13409886067","159263321","[PREMIUM]","[PREMIUM]","209","A","_",,,2,"[2]",3709,"Pittsburgh Baseball Club 1st Base",20,"Mobile ticket",1,"[PREMIUM]","[PREMIUM]","[PREMIUM]","[PREMIUM]",true,false,"['Front Row of Section','Clear view']","2026-07-20 19:28:31"
"13412319983","2026-07-20 23:57:19.808","2026-07-22 00:18:40.435","13412319983","159263321","[PREMIUM]","[PREMIUM]","214","B","9001_9001","9001","9001",1,"[1]",3710,"Pittsburgh Baseball Club Home Plate",20,"Mobile ticket",1,"[PREMIUM]","[PREMIUM]","[PREMIUM]","[PREMIUM]",false,false,"['Second Row of Section','Clear view']","2026-07-20 22:39:44"
"13412693933","2026-07-20 23:57:19.808","2026-08-03 05:22:32.522","13412693933","159263321","[PREMIUM]","[PREMIUM]","13","H","5_7","5","7",3,"[1,3]",3722,"First Base Dugout Box",20,"Mobile ticket",1,"[PREMIUM]","[PREMIUM]","[PREMIUM]","[PREMIUM]",true,false,"['Actual 3rd row of section','3rd Row of Section','Clear view']","2026-07-20 22:57:17"
"13300749036","2026-07-20 23:57:19.803","2026-07-20 23:57:19.803","13300749036","159262236","[PREMIUM]","[PREMIUM]","230","2","9001_9004","9001","9004",4,"[4]",3671,"Hall of Fame Club",20,"Mobile ticket",13,"[PREMIUM]","[PREMIUM]","[PREMIUM]","[PREMIUM]",true,false,"['Second Row of Section','Clear view']","2026-07-09 10:57:33"
"13411500992","2026-07-20 23:57:19.803","2026-07-20 23:57:19.803","13411500992","159262236","[PREMIUM]","[PREMIUM]","136","1","9001_9002","9001","9002",2,"[2]",17265,"Field Level Baseline",20,"Mobile ticket",13,"[PREMIUM]","[PREMIUM]","[PREMIUM]","[PREMIUM]",true,false,"['Front Row of Section','Clear view']","2026-07-20 21:43:57"
"13407150703","2026-07-20 23:57:19.710","2026-07-27 06:38:58.842","13407150703","159263321","[PREMIUM]","[PREMIUM]","123","C","9001_9002","9001","9002",2,"[1,2]",2684,"Lower Infield Box",20,"Mobile ticket",13,"[PREMIUM]","[PREMIUM]","[PREMIUM]","[PREMIUM]",true,false,"['Limited or Obstructed View (printed on ticket)','Third Row of Section']","2026-07-20 14:56:56"
"13407160324","2026-07-20 23:57:19.710","2026-08-02 05:26:11.954","13407160324","159263321","[PREMIUM]","[PREMIUM]","146","A","9001_9001","9001","9001",1,"[1]",3707,"Corner Reserved",20,"Mobile ticket",13,"[PREMIUM]","[PREMIUM]","[PREMIUM]","[PREMIUM]",false,false,"['Limited or Obstructed View (printed on ticket)','Front Row of Section']","2026-07-20 14:57:20"
"13371141474","2026-07-20 23:57:19.663","2026-07-20 23:57:19.663","13371141474","159262235","[PREMIUM]","[PREMIUM]","319","1","_",,,4,"[1,2,4]",519,"Terrace",20,"Mobile ticket",13,"[PREMIUM]","[PREMIUM]","[PREMIUM]","[PREMIUM]",true,false,"['Limited or Obstructed View (printed on ticket)','Front Row of Section']","2026-07-16 11:18:42"
"13397814251","2026-07-20 23:57:19.603","2026-08-01 05:26:40.636","13397814251","159263321","[PREMIUM]","[PREMIUM]","12","G","_",,,2,"[2]",3722,"First Base Dugout Box",20,"Mobile ticket",1,"[PREMIUM]","[PREMIUM]","[PREMIUM]","[PREMIUM]",true,false,"['Second Row of Section','Clear view']","2026-07-19 14:30:45"
"13400701663","2026-07-20 23:57:19.596","2026-07-20 23:57:19.596","13400701663","159263321","[PREMIUM]","[PREMIUM]","213","A","9001_9002","9001","9002",2,"[2]",3710,"Pittsburgh Baseball Club Home Plate",20,"Mobile ticket",13,"[PREMIUM]","[PREMIUM]","[PREMIUM]","[PREMIUM]",true,false,"['Front Row of Section','Clear view']","2026-07-19 23:22:21"
"13401310240","2026-07-20 23:57:19.596","2026-07-20 23:57:19.596","13401310240","159263321","[PREMIUM]","[PREMIUM]","115","A","9001_9002","9001","9002",2,"[2]",2684,"Lower Infield Box",20,"Mobile ticket",13,"[PREMIUM]","[PREMIUM]","[PREMIUM]","[PREMIUM]",true,false,"['Front Row of Section','Clear view']","2026-07-20 01:44:19"
"13409622037","2026-07-20 23:57:19.477","2026-07-22 00:18:39.901","13409622037","159263320","[PREMIUM]","[PREMIUM]","216",,"_",,,4,"[1,2,4]",3710,"Pittsburgh Baseball Club Home Plate",20,"Mobile ticket",1,"[PREMIUM]","[PREMIUM]","[PREMIUM]","[PREMIUM]",true,true,"['Clear view']","2026-07-20 19:09:46"
"13412568541","2026-07-20 23:57:19.448","2026-07-22 00:18:40.303","13412568541","159263321","[PREMIUM]","[PREMIUM]","107","B","9001_9008","9001","9008",8,"[1,2,3,4,5,6,8]",3701,"Outfield Box 1st Base",20,"Mobile ticket",1,"[PREMIUM]","[PREMIUM]","[PREMIUM]","[PREMIUM]",true,false,"['Second Row of Section','Clear view']","2026-07-20 22:52:42"
"13412395901","2026-07-20 23:57:19.448","2026-07-22 00:18:40.303","13412395901","159263321","[PREMIUM]","[PREMIUM]","113","R","9001_9006","9001","9006",6,"[1,2,3,4,6]",3698,"Infield Box 1st Base",20,"Mobile ticket",1,"[PREMIUM]","[PREMIUM]","[PREMIUM]","[PREMIUM]",true,false,"['Clear view']","2026-07-20 22:44:26"
"13412285230","2026-07-20 23:57:19.448","2026-07-22 00:18:40.303","13412285230","159263321","[PREMIUM]","[PREMIUM]","109","R","9001_9007","9001","9007",7,"[1,2,3,4,5,7]",3698,"Infield Box 1st Base",20,"Mobile ticket",1,"[PREMIUM]","[PREMIUM]","[PREMIUM]","[PREMIUM]",true,false,"['Clear view']","2026-07-20 22:38:15"
"13408828606","2026-07-20 23:57:19.375","2026-07-22 00:18:38.912","13408828606","159262235","[PREMIUM]","[PREMIUM]","108","15","_",,,1,"[1]",17265,"Field Level Baseline",20,"Mobile ticket",1,"[PREMIUM]","[PREMIUM]","[PREMIUM]","[PREMIUM]",false,false,"['Clear view']","2026-07-20 17:39:09"
"13408752749","2026-07-20 23:57:19.241","2026-08-03 05:09:34.947","13408752749","159262236","[PREMIUM]","[PREMIUM]","227","3","8_9","8","9",2,"[2]",3671,"Hall of Fame Club",20,"Mobile ticket",1,"[PREMIUM]","[PREMIUM]","[PREMIUM]","[PREMIUM]",true,false,"['Third Row of Section','Clear view']","2026-07-20 17:32:43"
"13410606033","2026-07-20 23:57:19.048","2026-07-20 23:57:19.048","13410606033","159262235","[PREMIUM]","[PREMIUM]","228","1","9001_9002","9001","9002",2,"[2]",3671,"Hall of Fame Club",20,"Mobile ticket",13,"[PREMIUM]","[PREMIUM]","[PREMIUM]","[PREMIUM]",true,false,"['Front Row of Section','Clear view']","2026-07-20 20:25:23"
"13412539871","2026-07-20 23:57:19.048","2026-07-26 05:19:01.296","13412539871","159262235","[PREMIUM]","[PREMIUM]","128","28","_",,,4,"[4]",1714,"Field Level",20,"Mobile ticket",1,"[PREMIUM]","[PREMIUM]","[PREMIUM]","[PREMIUM]",true,false,"['Clear view']","2026-07-20 22:51:41"
"13410574111","2026-07-20 23:57:18.859","2026-07-20 23:57:18.859","13410574111","159262235","[PREMIUM]","[PREMIUM]","136","1","9001_9002","9001","9002",2,"[2]",17265,"Field Level Baseline",20,"Mobile ticket",13,"[PREMIUM]","[PREMIUM]","[PREMIUM]","[PREMIUM]",true,false,"['Front Row of Section','Clear view']","2026-07-20 20:22:43"
"13326748949","2026-07-20 23:57:18.782","2026-07-22 00:18:39.903","13326748949","159263320","[PREMIUM]","[PREMIUM]","139","C","_",,,3,"[1,2,3]",3705,"Center Field Reserved",20,"Mobile ticket",13,"[PREMIUM]","[PREMIUM]","[PREMIUM]","[PREMIUM]",true,false,"['Limited or Obstructed View (printed on ticket)','Third Row of Section']","2026-07-11 12:39:55"
"13409627724","2026-07-20 23:57:18.782","2026-07-20 23:57:18.782","13409627724","159263320","[PREMIUM]","[PREMIUM]","11","F","_",,,2,"[2]",3722,"First Base Dugout Box",20,"Mobile ticket",1,"[PREMIUM]","[PREMIUM]","[PREMIUM]","[PREMIUM]",true,false,"['Front Row of Section','Clear view']","2026-07-20 19:10:05"
"13412562257","2026-07-20 23:57:18.758","2026-07-22 00:18:40.303","13412562257","159263321","[PREMIUM]","[PREMIUM]","123","R","9001_9003","9001","9003",3,"[1,3]",3698,"Infield Box 1st Base",20,"Mobile ticket",1,"[PREMIUM]","[PREMIUM]","[PREMIUM]","[PREMIUM]",true,false,"['Clear view']","2026-07-20 22:52:28"
"12916789636","2026-07-20 23:57:18.718","2026-08-03 05:08:34.882","12916789636","159262235","[PREMIUM]","[PREMIUM]","101","2","3_4","3","4",2,"[2]",1749,"Field Level Outfield",20,"Mobile ticket",1,"[PREMIUM]","[PREMIUM]","[PREMIUM]","[PREMIUM]",true,false,"['Second Row of Section','Clear view']","2026-06-03 15:01:21"
"13410682311","2026-07-20 23:57:18.718","2026-07-20 23:57:18.718","13410682311","159262235","[PREMIUM]","[PREMIUM]","120","32","9001_9004","9001","9004",4,"[4]",1714,"Field Level",20,"Mobile ticket",13,"[PREMIUM]","[PREMIUM]","[PREMIUM]","[PREMIUM]",true,false,"['Clear view']","2026-07-20 20:30:35"
"13412381463","2026-07-20 23:57:18.598","2026-07-22 00:18:40.167","13412381463","159263321","[PREMIUM]","[PREMIUM]","108","K","9001_9008","9001","9008",8,"[1,2,3,4,5,6,8]",3698,"Infield Box 1st Base",20,"Mobile ticket",1,"[PREMIUM]","[PREMIUM]","[PREMIUM]","[PREMIUM]",true,false,"['Clear view']","2026-07-20 22:43:56"
"13405086783","2026-07-20 23:57:18.517","2026-07-27 05:59:24.809","13405086783","159262235","[PREMIUM]","[PREMIUM]","225","2","5_8","5","8",4,"[2,4]",3671,"Hall of Fame Club",20,"Mobile ticket",1,"[PREMIUM]","[PREMIUM]","[PREMIUM]","[PREMIUM]",true,false,"['Second Row of Section','Clear view']","2026-07-20 11:53:45"
"13412385164","2026-07-20 23:57:18.420","2026-07-22 00:18:40.382","13412385164","159263321","[PREMIUM]","[PREMIUM]","208","A","9001_9001","9001","9001",1,"[1]",3709,"Pittsburgh Baseball Club 1st Base",20,"Mobile ticket",1,"[PREMIUM]","[PREMIUM]","[PREMIUM]","[PREMIUM]",false,false,"['Front Row of Section','Clear view']","2026-07-20 22:44:04"
"13412358623","2026-07-20 23:57:18.420","2026-07-22 00:18:40.382","13412358623","159263321","[PREMIUM]","[PREMIUM]","124","F","9001_9003","9001","9003",3,"[1,3]",2684,"Lower Infield Box",20,"Mobile ticket",1,"[PREMIUM]","[PREMIUM]","[PREMIUM]","[PREMIUM]",true,false,"['Clear view']","2026-07-20 22:43:02"
"13409633552","2026-07-20 23:57:18.364","2026-07-23 22:37:34.187","13409633552","159263320","[PREMIUM]","[PREMIUM]","115","A","_",,,2,"[2]",2684,"Lower Infield Box",20,"Mobile ticket",1,"[PREMIUM]","[PREMIUM]","[PREMIUM]","[PREMIUM]",true,false,"['Front Row of Section','Clear view']","2026-07-20 19:10:29"
"13368546632","2026-07-20 23:57:18.349","2026-08-03 05:10:43.598","13368546632","159263320","[PREMIUM]","[PREMIUM]","108","E","9001_9010","9001","9010",10,"[1,2,3,4,5,6,7,8,10]",3698,"Infield Box 1st Base",20,"Mobile ticket",1,"[PREMIUM]","[PREMIUM]","[PREMIUM]","[PREMIUM]",true,false,"['Clear view']","2026-07-16 05:59:38"
"13368546652","2026-07-20 23:57:18.349","2026-08-03 05:10:43.598","13368546652","159263320","[PREMIUM]","[PREMIUM]","108","F","9001_9010","9001","9010",10,"[1,2,3,4,5,6,7,8,10]",3698,"Infield Box 1st Base",20,"Mobile ticket",1,"[PREMIUM]","[PREMIUM]","[PREMIUM]","[PREMIUM]",true,false,"['Clear view']","2026-07-16 05:59:38"
"13413320896","2026-07-20 23:57:18.310","2026-07-20 23:57:18.310","13413320896","159263320","[PREMIUM]","[PREMIUM]","119","E","9001_9002","9001","9002",2,"[2]",2684,"Lower Infield Box",20,"Mobile ticket",13,"[PREMIUM]","[PREMIUM]","[PREMIUM]","[PREMIUM]",true,false,"['Clear view']","2026-07-20 23:48:20"
"13405227492","2026-07-20 23:57:18.201","2026-07-23 00:54:49.598","13405227492","159262236","[PREMIUM]","[PREMIUM]","227","5","10_11","10","11",2,"[2]",3671,"Hall of Fame Club",20,"Mobile ticket",1,"[PREMIUM]","[PREMIUM]","[PREMIUM]","[PREMIUM]",true,false,"['Clear view']","2026-07-20 12:18:39"
"13405226705","2026-07-20 23:57:18.201","2026-07-20 23:57:18.201","13405226705","159262236","[PREMIUM]","[PREMIUM]","216","3","16_17","16","17",2,"[2]",3671,"Hall of Fame Club",20,"Mobile ticket",1,"[PREMIUM]","[PREMIUM]","[PREMIUM]","[PREMIUM]",true,false,"['Third Row of Section','Clear view']","2026-07-20 12:18:29"
"13405103081","2026-07-20 23:57:18.201","2026-07-25 05:37:32.660","13405103081","159262236","[PREMIUM]","[PREMIUM]","124","24","_",,,4,"[2,4]",1714,"Field Level",20,"Mobile ticket",1,"[PREMIUM]","[PREMIUM]","[PREMIUM]","[PREMIUM]",true,false,"['Clear view']","2026-07-20 11:55:29"
"13410518127","2026-07-20 23:57:18.175","2026-07-20 23:57:18.175","13410518127","159262235","[PREMIUM]","[PREMIUM]","137","2","9001_9002","9001","9002",2,"[2]",17265,"Field Level Baseline",20,"Mobile ticket",13,"[PREMIUM]","[PREMIUM]","[PREMIUM]","[PREMIUM]",true,false,"['Second Row of Section','Clear view']","2026-07-20 20:16:14"
"13405087608","2026-07-20 23:57:18.162","2026-07-20 23:57:18.162","13405087608","159262235","[PREMIUM]","[PREMIUM]","116","18","13_16","13","16",4,"[2,4]",1714,"Field Level",20,"Mobile ticket",1,"[PREMIUM]","[PREMIUM]","[PREMIUM]","[PREMIUM]",true,false,"['Clear view']","2026-07-20 11:53:49"
"13406030870","2026-07-20 23:57:18.162","2026-07-20 23:57:18.162","13406030870","159262235","[PREMIUM]","[PREMIUM]","127","22","9001_9004","9001","9004",4,"[2]",1714,"Field Level",20,"Mobile ticket",13,"[PREMIUM]","[PREMIUM]","[PREMIUM]","[PREMIUM]",true,false,"['Second Row of Section','Clear view']","2026-07-20 13:29:12"
"13412653556","2026-07-20 23:57:18.115","2026-07-20 23:57:18.115","13412653556","159262235","[PREMIUM]","[PREMIUM]","125","27","9001_9002","9001","9002",2,"[2]",1714,"Field Level",20,"Mobile ticket",13,"[PREMIUM]","[PREMIUM]","[PREMIUM]","[PREMIUM]",true,false,"['Clear view']","2026-07-20 22:55:47"
"13159620660","2026-07-20 23:57:18.109","2026-08-03 05:08:34.677","13159620660","159262235","[PREMIUM]","[PREMIUM]","228","3","15_16","15","16",2,"[2]",3671,"Hall of Fame Club",20,"Mobile ticket",1,"[PREMIUM]","[PREMIUM]","[PREMIUM]","[PREMIUM]",true,false,"['Third Row of Section','Clear view']","2026-06-26 20:48:24"
"13408833703","2026-07-20 23:57:18.052","2026-08-01 05:13:31.542","13408833703","159262235","[PREMIUM]","[PREMIUM]","129","16","1_4","1","4",4,"[1,2,4]",1714,"Field Level",20,"Mobile ticket",1,"[PREMIUM]","[PREMIUM]","[PREMIUM]","[PREMIUM]",true,false,"['Clear view']","2026-07-20 17:40:03"
"13406660550","2026-07-20 23:57:17.979","2026-07-20 23:57:17.979","13406660550","159263320","[PREMIUM]","[PREMIUM]","141","B","_",,,1,"[1]",3705,"Center Field Reserved",20,"Mobile ticket",13,"[PREMIUM]","[PREMIUM]","[PREMIUM]","[PREMIUM]",false,false,"['Limited or Obstructed View (printed on ticket)','Second Row of Section']","2026-07-20 14:23:44"
"13409598095","2026-07-20 23:57:17.979","2026-07-22 00:18:39.931","13409598095","159263320","[PREMIUM]","[PREMIUM]","123","C","9001_9004","9001","9004",4,"[2,4]",2684,"Lower Infield Box",20,"Mobile ticket",13,"[PREMIUM]","[PREMIUM]","[PREMIUM]","[PREMIUM]",true,false,"['Limited or Obstructed View (printed on ticket)','Third Row of Section']","2026-07-20 19:08:26"
"13410579559","2026-07-20 23:57:17.979","2026-07-22 00:18:39.931","13410579559","159263320","[PREMIUM]","[PREMIUM]","127","A","9001_9003","9001","9003",3,"[1,2,3]",3702,"Outfield Box 3rd Base",20,"Mobile ticket",13,"[PREMIUM]","[PREMIUM]","[PREMIUM]","[PREMIUM]",true,false,"['Limited or Obstructed View (printed on ticket)','Front Row of Section']","2026-07-20 20:23:23"
"13410457383","2026-07-20 23:57:17.979","2026-07-20 23:57:17.979","13410457383","159263320","[PREMIUM]","[PREMIUM]","135","A","9001_9004","9001","9004",4,"[4]",3690,"Bleacher Reserved",20,"Mobile ticket",13,"[PREMIUM]","[PREMIUM]","[PREMIUM]","[PREMIUM]",true,false,"['Limited or Obstructed View (printed on ticket)','Front Row of Section']","2026-07-20 20:10:35"
"13368546821","2026-07-20 23:57:17.925","2026-07-31 06:34:41.052","13368546821","159263320","[PREMIUM]","[PREMIUM]","25","H","9001_9001","9001","9001",1,"[1]",3687,"Field Level Box",20,"Mobile ticket",1,"[PREMIUM]","[PREMIUM]","[PREMIUM]","[PREMIUM]",false,false,"['Clear view']","2026-07-16 05:59:38"
"13368380320","2026-07-20 23:57:17.790","2026-07-23 22:37:34.843","13368380320","159263321","[PREMIUM]","[PREMIUM]","108","E","9001_9010","9001","9010",10,"[1,2,3,4,5,6,7,8,10]",3698,"Infield Box 1st Base",20,"Mobile ticket",1,"[PREMIUM]","[PREMIUM]","[PREMIUM]","[PREMIUM]",true,false,"['Clear view']","2026-07-16 05:48:07"
"13368380300","2026-07-20 23:57:17.790","2026-07-23 22:37:34.843","13368380300","159263321","[PREMIUM]","[PREMIUM]","108","D","9001_9010","9001","9010",10,"[1,2,3,4,5,6,7,8,10]",3698,"Infield Box 1st Base",20,"Mobile ticket",1,"[PREMIUM]","[PREMIUM]","[PREMIUM]","[PREMIUM]",true,false,"['Clear view']","2026-07-16 05:48:07"
"13368380698","2026-07-20 23:57:17.780","2026-07-23 22:37:34.851","13368380698","159263321","[PREMIUM]","[PREMIUM]","108","F","9001_9010","9001","9010",10,"[1,2,3,4,5,6,7,8,10]",3698,"Infield Box 1st Base",20,"Mobile ticket",1,"[PREMIUM]","[PREMIUM]","[PREMIUM]","[PREMIUM]",true,false,"['Clear view']","2026-07-16 05:48:07"
"13368380427","2026-07-20 23:57:17.780","2026-07-23 22:37:34.851","13368380427","159263321","[PREMIUM]","[PREMIUM]","108","H","9001_9010","9001","9010",10,"[1,2,3,4,5,6,7,8,10]",3698,"Infield Box 1st Base",20,"Mobile ticket",1,"[PREMIUM]","[PREMIUM]","[PREMIUM]","[PREMIUM]",true,false,"['Clear view']","2026-07-16 05:48:07"
"13368380394","2026-07-20 23:57:17.780","2026-07-23 22:37:34.851","13368380394","159263321","[PREMIUM]","[PREMIUM]","108","G","9001_9010","9001","9010",10,"[1,2,3,4,5,6,7,8,10]",3698,"Infield Box 1st Base",20,"Mobile ticket",1,"[PREMIUM]","[PREMIUM]","[PREMIUM]","[PREMIUM]",true,false,"['Clear view']","2026-07-16 05:48:07"
"13409641527","2026-07-20 23:57:17.762","2026-07-25 05:38:49.519","13409641527","159263320","[PREMIUM]","[PREMIUM]","114","A","_",,,2,"[2]",2684,"Lower Infield Box",20,"Mobile ticket",1,"[PREMIUM]","[PREMIUM]","[PREMIUM]","[PREMIUM]",true,false,"['Front Row of Section','Clear view']","2026-07-20 19:11:00"
"13348991826","2026-07-20 23:57:17.560","2026-07-31 06:28:38.098","13348991826","159262235","[PREMIUM]","[PREMIUM]","136","5","_",,,6,"[1,2,3,4,6]",17265,"Field Level Baseline",20,"Mobile ticket",1,"[PREMIUM]","[PREMIUM]","[PREMIUM]","[PREMIUM]",true,false,"['Clear view']","2026-07-14 15:19:54"
"13146939934","2026-07-20 23:57:17.509","2026-07-23 00:54:46.874","13146939934","159262236","[PREMIUM]","[PREMIUM]","123","28","5_8","5","8",4,"[2,4]",1714,"Field Level",20,"Mobile ticket",1,"[PREMIUM]","[PREMIUM]","[PREMIUM]","[PREMIUM]",true,false,"['Clear view']","2026-06-25 21:51:16"
"13397814253","2026-07-20 23:57:17.509","2026-07-20 23:57:17.509","13397814253","159262236","[PREMIUM]","[PREMIUM]","146","17","_",,,4,"[4]",1749,"Field Level Outfield",20,"Mobile ticket",1,"[PREMIUM]","[PREMIUM]","[PREMIUM]","[PREMIUM]",true,false,"['Clear view']","2026-07-19 14:30:45"
"12913441124","2026-07-20 23:57:17.463","2026-07-25 05:37:32.635","12913441124","159262236","[PREMIUM]","[PREMIUM]","122","28","_",,,3,"[1,3]",1714,"Field Level",20,"Mobile ticket",1,"[PREMIUM]","[PREMIUM]","[PREMIUM]","[PREMIUM]",true,false,"['Clear view']","2026-06-03 05:46:58"
"13299704697","2026-07-20 23:57:17.463","2026-07-20 23:57:17.463","13299704697","159262236","[PREMIUM]","[PREMIUM]","233","3","9001_9002","9001","9002",2,"[2]",3669,"Arcade",20,"Mobile ticket",13,"[PREMIUM]","[PREMIUM]","[PREMIUM]","[PREMIUM]",true,false,"['Third Row of Section','Clear view']","2026-07-09 09:29:00"
"13413343461","2026-07-20 23:57:17.463","2026-07-20 23:57:17.463","13413343461","159262236","[PREMIUM]","[PREMIUM]","139","18","9001_9002","9001","9002",2,"[2]",17265,"Field Level Baseline",20,"Mobile ticket",13,"[PREMIUM]","[PREMIUM]","[PREMIUM]","[PREMIUM]",true,false,"['Clear view']","2026-07-20 23:52:14"
"13367588998","2026-07-20 23:57:17.441","2026-07-23 22:37:07.576","13367588998","159262235","[PREMIUM]","[PREMIUM]","427","16","9001_9010","9001","9010",10,"[1,2,3,4,5,6,7,8,10]",2402,"Terrace Deck",20,"Mobile ticket",1,"[PREMIUM]","[PREMIUM]","[PREMIUM]","[PREMIUM]",true,false,"['Clear view']","2026-07-16 04:56:02"
"13323999346","2026-07-20 23:57:17.405","2026-07-22 00:18:43.250","13323999346","159262236","[PREMIUM]","[PREMIUM]","145","8","_",,,2,"[2]",1749,"Field Level Outfield",20,"Mobile ticket",1,"[PREMIUM]","[PREMIUM]","[PREMIUM]","[PREMIUM]",true,false,"['Clear view']","2026-07-11 05:57:07"
"13411336595","2026-07-20 23:57:17.405","2026-07-26 05:39:08.414","13411336595","159262236","[PREMIUM]","[PREMIUM]","123","29","_",,,2,"[2]",1714,"Field Level",20,"Mobile ticket",1,"[PREMIUM]","[PREMIUM]","[PREMIUM]","[PREMIUM]",true,false,"['Behind Home Plate','Clear view']","2026-07-20 21:30:52"
"13408831862","2026-07-20 23:57:17.392","2026-07-28 06:19:05.836","13408831862","159263321","[PREMIUM]","[PREMIUM]","23","F","_",,,2,"[2]",3694,"Third Base Dugout",20,"Mobile ticket",1,"[PREMIUM]","[PREMIUM]","[PREMIUM]","[PREMIUM]",true,false,"['Actual 1st row of the section','Aisle seat','Clear view']","2026-07-20 17:39:29"
"13408816116","2026-07-20 23:57:17.383","2026-07-26 05:40:26.670","13408816116","159263320","[PREMIUM]","[PREMIUM]","23","F","_",,,2,"[2]",3694,"Third Base Dugout",20,"Mobile ticket",1,"[PREMIUM]","[PREMIUM]","[PREMIUM]","[PREMIUM]",true,false,"['Actual 1st row of the section','Aisle seat','Clear view']","2026-07-20 17:38:04"
"13405226688","2026-07-20 23:57:17.121","2026-07-20 23:57:17.121","13405226688","159262236","[PREMIUM]","[PREMIUM]","132","11","3_8","3","8",6,"[1,2,3,4,6]",1714,"Field Level",20,"Mobile ticket",1,"[PREMIUM]","[PREMIUM]","[PREMIUM]","[PREMIUM]",true,false,"['Clear view']","2026-07-20 12:18:29"
"13383336343","2026-07-20 23:57:16.975","2026-07-20 23:57:16.975","13383336343","159262235","[PREMIUM]","[PREMIUM]","147","15","_",,,2,"[2]",1749,"Field Level Outfield",20,"Mobile ticket",1,"[PREMIUM]","[PREMIUM]","[PREMIUM]","[PREMIUM]",true,false,"['Clear view']","2026-07-17 14:51:10"
"13382818351","2026-07-20 23:57:16.975","2026-07-29 05:12:32.706","13382818351","159262235","[PREMIUM]","[PREMIUM]","114","18","6_8","6","8",3,"[1,3]",17265,"Field Level Baseline",20,"Mobile ticket",1,"[PREMIUM]","[PREMIUM]","[PREMIUM]","[PREMIUM]",true,false,"['Clear view']","2026-07-17 13:13:42"
"13407714658","2026-07-20 23:57:16.975","2026-07-20 23:57:16.975","13407714658","159262235","[PREMIUM]","[PREMIUM]","139","18","9001_9002","9001","9002",2,"[2]",17265,"Field Level Baseline",20,"Mobile ticket",13,"[PREMIUM]","[PREMIUM]","[PREMIUM]","[PREMIUM]",true,false,"['Clear view']","2026-07-20 15:38:39"
"13408534892","2026-07-20 23:57:16.975","2026-07-20 23:57:16.975","13408534892","159262235","[PREMIUM]","[PREMIUM]","141","7","_",,,2,"[2]",1749,"Field Level Outfield",20,"Mobile ticket",1,"[PREMIUM]","[PREMIUM]","[PREMIUM]","[PREMIUM]",true,false,"['Clear view']","2026-07-20 16:58:37"
"13146537452","2026-07-20 23:57:16.965","2026-08-03 05:09:29.742","13146537452","159262236","[PREMIUM]","[PREMIUM]","318","1","9_12","9","12",4,"[2,4]",519,"Terrace",20,"Mobile ticket",1,"[PREMIUM]","[PREMIUM]","[PREMIUM]","[PREMIUM]",true,false,"['Front Row of Section','Clear view']","2026-06-25 21:10:41"
"13146563269","2026-07-20 23:57:16.938","2026-07-25 05:37:30.735","13146563269","159262236","[PREMIUM]","[PREMIUM]","318","2","7_8","7","8",2,"[2]",519,"Terrace",20,"Mobile ticket",1,"[PREMIUM]","[PREMIUM]","[PREMIUM]","[PREMIUM]",true,false,"['Second Row of Section','Clear view']","2026-06-25 21:12:59"
"13145492873","2026-07-20 23:57:16.904","2026-07-28 06:19:05.769","13145492873","159263321","[PREMIUM]","[PREMIUM]","22","K","5_8","5","8",4,"[2,4]",3694,"Third Base Dugout",20,"Mobile ticket",1,"[PREMIUM]","[PREMIUM]","[PREMIUM]","[PREMIUM]",true,false,"['Clear view']","2026-06-25 19:50:20"
"13411552864","2026-07-20 23:57:16.859","2026-07-20 23:57:16.859","13411552864","159262235","[PREMIUM]","[PREMIUM]","106","6","9001_9002","9001","9002",2,"[2]",1749,"Field Level Outfield",20,"Mobile ticket",13,"[PREMIUM]","[PREMIUM]","[PREMIUM]","[PREMIUM]",true,false,"['Clear view']","2026-07-20 21:48:30"
"13400594758","2026-07-20 23:57:16.813","2026-07-20 23:57:16.813","13400594758","159263320","[PREMIUM]","[PREMIUM]","235","A","9001_9002","9001","9002",2,"[2]",3725,"Upper Bleacher Reserved",20,"Mobile ticket",13,"[PREMIUM]","[PREMIUM]","[PREMIUM]","[PREMIUM]",true,false,"['Front Row of Section','Clear view']","2026-07-19 23:06:06"
"13405424120","2026-07-20 23:57:16.813","2026-07-22 00:18:39.742","13405424120","159263320","[PREMIUM]","[PREMIUM]","25","A","_",,,2,"[2]",3687,"Field Level Box",20,"Mobile ticket",1,"[PREMIUM]","[PREMIUM]","[PREMIUM]","[PREMIUM]",true,false,"['Actual 1st row of the section','Aisle seat','Clear view']","2026-07-20 12:35:59"
"13400520937","2026-07-20 23:57:16.720","2026-07-23 22:37:06.207","13400520937","159262235","[PREMIUM]","[PREMIUM]","125","29","3_5","3","5",3,"[1,3]",1714,"Field Level",20,"Mobile ticket",1,"[PREMIUM]","[PREMIUM]","[PREMIUM]","[PREMIUM]",true,false,"['Clear view']","2026-07-19 22:50:51"
"13409641643","2026-07-20 23:57:16.621","2026-07-23 00:54:46.405","13409641643","159263320","[PREMIUM]","[PREMIUM]","329","W","_",,,6,"[1,2,3,4,6]",4421,"Outfield Grandstand",20,"Mobile ticket",1,"[PREMIUM]","[PREMIUM]","[PREMIUM]","[PREMIUM]",true,false,"['Clear view']","2026-07-20 19:11:01"
"13412075369","2026-07-20 23:57:16.619","2026-07-28 05:57:11.434","13412075369","159262235","[PREMIUM]","[PREMIUM]","147","5","19_20","19","20",2,"[2]",1749,"Field Level Outfield",20,"Mobile ticket",1,"[PREMIUM]","[PREMIUM]","[PREMIUM]","[PREMIUM]",true,false,"['Second Row of Section','Clear view']","2026-07-20 22:24:40"
"13146782855","2026-07-20 23:57:16.613","2026-08-03 05:09:34.462","13146782855","159262236","[PREMIUM]","[PREMIUM]","110","9","8_9","8","9",2,"[2]",17265,"Field Level Baseline",20,"Mobile ticket",1,"[PREMIUM]","[PREMIUM]","[PREMIUM]","[PREMIUM]",true,false,"['Clear view']","2026-06-25 21:33:29"
"13405227497","2026-07-20 23:57:16.559","2026-08-03 05:09:29.670","13405227497","159262236","[PREMIUM]","[PREMIUM]","143","6","11_12","11","12",2,"[2]",1749,"Field Level Outfield",20,"Mobile ticket",1,"[PREMIUM]","[PREMIUM]","[PREMIUM]","[PREMIUM]",true,false,"['Clear view']","2026-07-20 12:18:39"
"13401491211","2026-07-20 23:57:16.300","2026-07-20 23:57:16.300","13401491211","159262236","[PREMIUM]","[PREMIUM]","116","24","_",,,2,"[2]",1714,"Field Level",20,"Mobile ticket",1,"[PREMIUM]","[PREMIUM]","[PREMIUM]","[PREMIUM]",true,false,"['Clear view']","2026-07-20 02:28:46"
"13405227503","2026-07-20 23:57:16.300","2026-07-28 06:16:40.971","13405227503","159262236","[PREMIUM]","[PREMIUM]","144","4","15_20","15","20",6,"[1,2,3,4,6]",1749,"Field Level Outfield",20,"Mobile ticket",1,"[PREMIUM]","[PREMIUM]","[PREMIUM]","[PREMIUM]",true,false,"['Clear view']","2026-07-20 12:18:40"
"13146546265","2026-07-20 23:57:16.243","2026-07-20 23:57:16.243","13146546265","159262235","[PREMIUM]","[PREMIUM]","103","2","17_18","17","18",2,"[2]",1749,"Field Level Outfield",20,"Mobile ticket",1,"[PREMIUM]","[PREMIUM]","[PREMIUM]","[PREMIUM]",true,false,"['Second Row of Section','Clear view']","2026-06-25 21:11:07"
"13405087457","2026-07-20 23:57:16.243","2026-07-20 23:57:16.243","13405087457","159262235","[PREMIUM]","[PREMIUM]","135","3","5_10","5","10",6,"[1,2,3,4,6]",17265,"Field Level Baseline",20,"Mobile ticket",1,"[PREMIUM]","[PREMIUM]","[PREMIUM]","[PREMIUM]",true,false,"['Third Row of Section','Clear view']","2026-07-20 11:53:48"
"13405087192","2026-07-20 23:57:16.243","2026-07-20 23:57:16.243","13405087192","159262235","[PREMIUM]","[PREMIUM]","122","30","6_9","6","9",4,"[2,4]",1714,"Field Level",20,"Mobile ticket",1,"[PREMIUM]","[PREMIUM]","[PREMIUM]","[PREMIUM]",true,false,"['Clear view']","2026-07-20 11:53:46"
"13409595343","2026-07-20 23:57:16.127","2026-07-22 00:18:41.900","13409595343","159262236","[PREMIUM]","[PREMIUM]","131","24","_",,,2,"[2]",1714,"Field Level",20,"Mobile ticket",1,"[PREMIUM]","[PREMIUM]","[PREMIUM]","[PREMIUM]",true,false,"['Clear view']","2026-07-20 19:08:18"
"13402409234","2026-07-20 23:57:16.086","2026-07-20 23:57:16.086","13402409234","159262236","[PREMIUM]","[PREMIUM]","316","3","9001_9002","9001","9002",2,"[2]",519,"Terrace",20,"Mobile ticket",13,"[PREMIUM]","[PREMIUM]","[PREMIUM]","[PREMIUM]",true,false,"['Third Row of Section','Clear view']","2026-07-20 06:44:36"
"13405226939","2026-07-20 23:57:16.086","2026-08-03 05:09:33.730","13405226939","159262236","[PREMIUM]","[PREMIUM]","208","1","6_9","6","9",4,"[2,4]",1297,"Pavilion",20,"Mobile ticket",1,"[PREMIUM]","[PREMIUM]","[PREMIUM]","[PREMIUM]",true,false,"['Front Row of Section','Clear view']","2026-07-20 12:18:33"
"13405226956","2026-07-20 23:57:16.019","2026-07-31 06:30:59.578","13405226956","159262236","[PREMIUM]","[PREMIUM]","323","1","5_8","5","8",4,"[2,4]",519,"Terrace",20,"Mobile ticket",1,"[PREMIUM]","[PREMIUM]","[PREMIUM]","[PREMIUM]",true,false,"['Front Row of Section','Clear view']","2026-07-20 12:18:34"
