"_primaryKey","_firstSeenAt","_lastSeenAt","listingId","eventId","price","faceValue","section","row","seat","seatFrom","seatTo","quantity","availableQuantities","ticketClass","ticketClassName","ticketTypeId","ticketTypeName","listingTypeId","starRating","dealScore","discount","seatQualityScore","isSeatedTogether","isSpeculativeRow","listingNotes","createdAt"
"13393892735","2026-07-19 23:46:23.240","2026-07-21 02:37:08.622","13393892735","160789750","[PREMIUM]","[PREMIUM]","112","W","9001_9001","9001",,1,"[1]",594,"Lower",11,"Mobile ticket",1,"[PREMIUM]","[PREMIUM]","[PREMIUM]","[PREMIUM]",false,false,"['Clear view']","2026-07-19 00:39:40"
"13393891398","2026-07-19 23:46:23.240","2026-07-21 02:37:08.622","13393891398","160789750","[PREMIUM]","[PREMIUM]","113","K","9001_9001","9001",,1,"[1]",594,"Lower",11,"Mobile ticket",1,"[PREMIUM]","[PREMIUM]","[PREMIUM]","[PREMIUM]",false,false,"['Clear view']","2026-07-19 00:39:34"
"13393893047","2026-07-19 23:46:23.240","2026-07-21 02:37:08.947","13393893047","160789750","[PREMIUM]","[PREMIUM]","108","N","9001_9001","9001",,1,"[1]",594,"Lower",11,"Mobile ticket",1,"[PREMIUM]","[PREMIUM]","[PREMIUM]","[PREMIUM]",false,false,"['Clear view']","2026-07-19 00:39:42"
"13393891388","2026-07-19 23:46:23.240","2026-07-21 02:37:08.947","13393891388","160789750","[PREMIUM]","[PREMIUM]","113","H","9001_9001","9001",,1,"[1]",594,"Lower",11,"Mobile ticket",1,"[PREMIUM]","[PREMIUM]","[PREMIUM]","[PREMIUM]",false,false,"['Clear view']","2026-07-19 00:39:34"
"13393892399","2026-07-19 23:46:23.240","2026-07-21 02:37:08.947","13393892399","160789750","[PREMIUM]","[PREMIUM]","112","U","9001_9001","9001",,1,"[1]",594,"Lower",11,"Mobile ticket",1,"[PREMIUM]","[PREMIUM]","[PREMIUM]","[PREMIUM]",false,false,"['Clear view']","2026-07-19 00:39:38"
"13393893062","2026-07-19 23:46:23.240","2026-07-21 02:37:08.947","13393893062","160789750","[PREMIUM]","[PREMIUM]","108","P","9001_9001","9001",,1,"[1]",594,"Lower",11,"Mobile ticket",1,"[PREMIUM]","[PREMIUM]","[PREMIUM]","[PREMIUM]",false,false,"['Clear view']","2026-07-19 00:39:42"
"13399392776","2026-07-19 23:46:23.207","2026-07-19 23:46:23.207","13399392776","160789750","[PREMIUM]","[PREMIUM]","105","A","_",,,1,"[1]",594,"Lower",10,"Mobile Transfer ticket",1,"[PREMIUM]","[PREMIUM]","[PREMIUM]","[PREMIUM]",false,false,"['Front Row of Section','Clear view']","2026-07-19 19:37:10"
"13393893039","2026-07-19 23:46:23.199","2026-07-21 02:37:09.701","13393893039","160789750","[PREMIUM]","[PREMIUM]","111","P","9001_9001","9001",,1,"[1]",594,"Lower",11,"Mobile ticket",1,"[PREMIUM]","[PREMIUM]","[PREMIUM]","[PREMIUM]",false,false,"['Clear view']","2026-07-19 00:39:42"
"13393893043","2026-07-19 23:46:23.199","2026-07-21 02:37:09.861","13393893043","160789750","[PREMIUM]","[PREMIUM]","109","M","9001_9001","9001",,1,"[1]",594,"Lower",11,"Mobile ticket",1,"[PREMIUM]","[PREMIUM]","[PREMIUM]","[PREMIUM]",false,false,"['Clear view']","2026-07-19 00:39:42"
"13393893041","2026-07-19 23:46:23.199","2026-07-21 02:37:09.701","13393893041","160789750","[PREMIUM]","[PREMIUM]","111","T","9001_9001","9001",,1,"[1]",594,"Lower",11,"Mobile ticket",1,"[PREMIUM]","[PREMIUM]","[PREMIUM]","[PREMIUM]",false,false,"['Clear view']","2026-07-19 00:39:42"
"13393892550","2026-07-19 23:46:23.199","2026-07-21 02:37:09.861","13393892550","160789750","[PREMIUM]","[PREMIUM]","109","P","9001_9001","9001",,1,"[1]",594,"Lower",11,"Mobile ticket",1,"[PREMIUM]","[PREMIUM]","[PREMIUM]","[PREMIUM]",false,false,"['Clear view']","2026-07-19 00:39:39"
"13393893058","2026-07-19 23:46:23.199","2026-07-21 02:37:09.861","13393893058","160789750","[PREMIUM]","[PREMIUM]","111","U","9001_9001","9001",,1,"[1]",594,"Lower",11,"Mobile ticket",1,"[PREMIUM]","[PREMIUM]","[PREMIUM]","[PREMIUM]",false,false,"['Clear view']","2026-07-19 00:39:42"
"13393892381","2026-07-19 23:46:23.177","2026-07-21 02:37:08.922","13393892381","160789750","[PREMIUM]","[PREMIUM]","112","Q","9001_9001","9001",,1,"[1]",594,"Lower",11,"Mobile ticket",1,"[PREMIUM]","[PREMIUM]","[PREMIUM]","[PREMIUM]",false,false,"['Clear view']","2026-07-19 00:39:38"
"13393892733","2026-07-19 23:46:23.177","2026-07-21 02:37:08.922","13393892733","160789750","[PREMIUM]","[PREMIUM]","112","R","9001_9001","9001",,1,"[1]",594,"Lower",11,"Mobile ticket",1,"[PREMIUM]","[PREMIUM]","[PREMIUM]","[PREMIUM]",false,false,"['Clear view']","2026-07-19 00:39:40"
"13393891447","2026-07-19 23:46:23.177","2026-07-21 02:37:08.947","13393891447","160789750","[PREMIUM]","[PREMIUM]","113","G","9001_9001","9001",,1,"[1]",594,"Lower",11,"Mobile ticket",1,"[PREMIUM]","[PREMIUM]","[PREMIUM]","[PREMIUM]",false,false,"['Clear view']","2026-07-19 00:39:35"
"13393893063","2026-07-19 23:46:23.177","2026-07-21 02:37:08.947","13393893063","160789750","[PREMIUM]","[PREMIUM]","108","L","9001_9001","9001",,1,"[1]",594,"Lower",11,"Mobile ticket",1,"[PREMIUM]","[PREMIUM]","[PREMIUM]","[PREMIUM]",false,false,"['Clear view']","2026-07-19 00:39:42"
"13393892727","2026-07-19 23:46:23.177","2026-07-21 02:37:08.922","13393892727","160789750","[PREMIUM]","[PREMIUM]","112","K","9001_9001","9001",,1,"[1]",594,"Lower",11,"Mobile ticket",1,"[PREMIUM]","[PREMIUM]","[PREMIUM]","[PREMIUM]",false,false,"['Clear view']","2026-07-19 00:39:40"
"13393892719","2026-07-19 23:46:23.177","2026-07-21 02:37:08.922","13393892719","160789750","[PREMIUM]","[PREMIUM]","112","P","9001_9001","9001",,1,"[1]",594,"Lower",11,"Mobile ticket",1,"[PREMIUM]","[PREMIUM]","[PREMIUM]","[PREMIUM]",false,false,"['Clear view']","2026-07-19 00:39:40"
"13386461507","2026-07-19 23:46:23.174","2026-07-19 23:46:23.174","13386461507","160789750","[PREMIUM]","[PREMIUM]","122","L","17_17","17",,1,"[1]",594,"Lower",10,"Mobile Transfer ticket",1,"[PREMIUM]","[PREMIUM]","[PREMIUM]","[PREMIUM]",false,false,"['Clear view']","2026-07-17 21:46:51"
"13389355409","2026-07-19 23:46:23.174","2026-07-19 23:46:23.174","13389355409","160789750","[PREMIUM]","[PREMIUM]","122","U","7_7","7",,1,"[1]",594,"Lower",10,"Mobile Transfer ticket",1,"[PREMIUM]","[PREMIUM]","[PREMIUM]","[PREMIUM]",false,false,"['Clear view']","2026-07-18 06:08:14"
"13393893045","2026-07-19 23:46:23.174","2026-07-21 02:37:09.861","13393893045","160789750","[PREMIUM]","[PREMIUM]","109","U","9001_9001","9001",,1,"[1]",594,"Lower",11,"Mobile ticket",1,"[PREMIUM]","[PREMIUM]","[PREMIUM]","[PREMIUM]",false,false,"['Clear view']","2026-07-19 00:39:42"
"13393893044","2026-07-19 23:46:23.174","2026-07-21 02:37:10.373","13393893044","160789750","[PREMIUM]","[PREMIUM]","111","L","9001_9001","9001",,1,"[1]",594,"Lower",11,"Mobile ticket",1,"[PREMIUM]","[PREMIUM]","[PREMIUM]","[PREMIUM]",false,false,"['Clear view']","2026-07-19 00:39:42"
"13395736521","2026-07-19 23:46:23.174","2026-07-21 02:37:10.373","13395736521","160789750","[PREMIUM]","[PREMIUM]","109","G","9001_9001","9001",,1,"[1]",594,"Lower",11,"Mobile ticket",1,"[PREMIUM]","[PREMIUM]","[PREMIUM]","[PREMIUM]",false,false,"['Clear view']","2026-07-19 08:06:40"
"13400421501","2026-07-19 23:46:23.174","2026-08-02 23:19:27.761","13400421501","160789750","[PREMIUM]","[PREMIUM]","S14","C","1_2","1","2",2,"[2]",370,"Suites",10,"Mobile Transfer ticket",1,"[PREMIUM]","[PREMIUM]","[PREMIUM]","[PREMIUM]",true,true,"['Clear view']","2026-07-19 22:30:14"
"13399392960","2026-07-19 23:46:23.124","2026-07-22 04:07:04.168","13399392960","160789750","[PREMIUM]","[PREMIUM]","104","K","_",,,1,"[1]",594,"Lower",10,"Mobile Transfer ticket",1,"[PREMIUM]","[PREMIUM]","[PREMIUM]","[PREMIUM]",false,false,"['Clear view']","2026-07-19 19:37:21"
"13393891535","2026-07-19 23:46:23.109","2026-07-19 23:46:23.109","13393891535","160789750","[PREMIUM]","[PREMIUM]","119","X","9001_9001","9001",,1,"[1]",594,"Lower",11,"Mobile ticket",1,"[PREMIUM]","[PREMIUM]","[PREMIUM]","[PREMIUM]",false,false,"['Clear view']","2026-07-19 00:39:35"
"13393893050","2026-07-19 23:46:23.109","2026-07-21 02:37:09.583","13393893050","160789750","[PREMIUM]","[PREMIUM]","102","E","9001_9001","9001",,1,"[1]",594,"Lower",11,"Mobile ticket",1,"[PREMIUM]","[PREMIUM]","[PREMIUM]","[PREMIUM]",false,false,"['Second Row of Section','Clear view']","2026-07-19 00:39:42"
"13395569999","2026-07-19 23:46:23.109","2026-08-04 02:03:06.896","13395569999","160789750","[PREMIUM]","[PREMIUM]","114","L","_",,,1,"[1]",594,"Lower",10,"Mobile Transfer ticket",1,"[PREMIUM]","[PREMIUM]","[PREMIUM]","[PREMIUM]",false,false,"['Clear view']","2026-07-19 07:08:34"
"13395569998","2026-07-19 23:46:23.109","2026-08-04 02:03:06.896","13395569998","160789750","[PREMIUM]","[PREMIUM]","114","K","_",,,1,"[1]",594,"Lower",10,"Mobile Transfer ticket",1,"[PREMIUM]","[PREMIUM]","[PREMIUM]","[PREMIUM]",false,false,"['Clear view']","2026-07-19 07:08:34"
"13393891386","2026-07-19 23:46:23.051","2026-07-21 02:37:09.583","13393891386","160789750","[PREMIUM]","[PREMIUM]","102","T","9001_9001","9001",,1,"[1]",594,"Lower",11,"Mobile ticket",1,"[PREMIUM]","[PREMIUM]","[PREMIUM]","[PREMIUM]",false,false,"['Clear view']","2026-07-19 00:39:34"
"13393892723","2026-07-19 23:46:23.051","2026-07-21 02:37:08.922","13393892723","160789750","[PREMIUM]","[PREMIUM]","112","F","9001_9001","9001",,1,"[1]",594,"Lower",11,"Mobile ticket",1,"[PREMIUM]","[PREMIUM]","[PREMIUM]","[PREMIUM]",false,false,"['Clear view']","2026-07-19 00:39:40"
"13393893048","2026-07-19 23:46:23.051","2026-07-21 02:37:09.583","13393893048","160789750","[PREMIUM]","[PREMIUM]","101","G","9001_9001","9001",,1,"[1]",594,"Lower",11,"Mobile ticket",1,"[PREMIUM]","[PREMIUM]","[PREMIUM]","[PREMIUM]",false,false,"['Clear view']","2026-07-19 00:39:42"
"13393891473","2026-07-19 23:46:23.051","2026-07-21 02:37:09.583","13393891473","160789750","[PREMIUM]","[PREMIUM]","102","L","9001_9001","9001",,1,"[1]",594,"Lower",11,"Mobile ticket",1,"[PREMIUM]","[PREMIUM]","[PREMIUM]","[PREMIUM]",false,false,"['Clear view']","2026-07-19 00:39:35"
"13393893064","2026-07-19 23:46:23.051","2026-07-21 02:37:09.583","13393893064","160789750","[PREMIUM]","[PREMIUM]","102","U","9001_9001","9001",,1,"[1]",594,"Lower",11,"Mobile ticket",1,"[PREMIUM]","[PREMIUM]","[PREMIUM]","[PREMIUM]",false,false,"['Clear view']","2026-07-19 00:39:42"
"13394894586","2026-07-19 23:46:23.051","2026-07-21 02:37:08.922","13394894586","160789750","[PREMIUM]","[PREMIUM]","112","C","9001_9001","9001",,1,"[1]",594,"Lower",11,"Mobile ticket",1,"[PREMIUM]","[PREMIUM]","[PREMIUM]","[PREMIUM]",false,false,"['Third Row of Section','Clear view']","2026-07-19 04:49:10"
"13393891523","2026-07-19 23:46:23.002","2026-07-21 02:37:08.716","13393891523","160789750","[PREMIUM]","[PREMIUM]","328","C","9001_9001","9001",,1,"[1]",407,"Upper",11,"Mobile ticket",1,"[PREMIUM]","[PREMIUM]","[PREMIUM]","[PREMIUM]",false,false,"['ADA Accessible','Third Row of Section','Clear view']","2026-07-19 00:39:35"
"13393892540","2026-07-19 23:46:23.002","2026-07-21 02:37:08.716","13393892540","160789750","[PREMIUM]","[PREMIUM]","327","C","9001_9001","9001",,1,"[1]",407,"Upper",11,"Mobile ticket",1,"[PREMIUM]","[PREMIUM]","[PREMIUM]","[PREMIUM]",false,false,"['ADA Accessible','Third Row of Section','Clear view']","2026-07-19 00:39:39"
"13395760305","2026-07-19 23:46:22.994","2026-07-19 23:46:22.994","13395760305","160789750","[PREMIUM]","[PREMIUM]","115","L","_",,,1,"[1]",594,"Lower",10,"Mobile Transfer ticket",1,"[PREMIUM]","[PREMIUM]","[PREMIUM]","[PREMIUM]",false,false,"['Clear view']","2026-07-19 08:09:23"
"13395570001","2026-07-19 23:46:22.994","2026-07-19 23:46:22.994","13395570001","160789750","[PREMIUM]","[PREMIUM]","116","B","_",,,1,"[1]",594,"Lower",10,"Mobile Transfer ticket",1,"[PREMIUM]","[PREMIUM]","[PREMIUM]","[PREMIUM]",false,false,"['Second Row of Section','Clear view']","2026-07-19 07:08:34"
"13395569997","2026-07-19 23:46:22.994","2026-07-21 02:37:08.645","13395569997","160789750","[PREMIUM]","[PREMIUM]","116","J","_",,,1,"[1]",594,"Lower",10,"Mobile Transfer ticket",1,"[PREMIUM]","[PREMIUM]","[PREMIUM]","[PREMIUM]",false,false,"['Clear view']","2026-07-19 07:08:34"
"13393994522","2026-07-19 23:46:22.994","2026-08-04 02:03:06.806","13393994522","160789750","[PREMIUM]","[PREMIUM]","116","L","_",,,1,"[1]",594,"Lower",10,"Mobile Transfer ticket",1,"[PREMIUM]","[PREMIUM]","[PREMIUM]","[PREMIUM]",false,false,"['Clear view']","2026-07-19 01:09:15"
"13396572029","2026-07-19 23:46:22.764","2026-07-19 23:46:22.764","13396572029","160789750","[PREMIUM]","[PREMIUM]","308","T","_",,,8,"[1,2,3,4,6,8]",407,"Upper",10,"Mobile Transfer ticket",1,"[PREMIUM]","[PREMIUM]","[PREMIUM]","[PREMIUM]",true,false,"['Clear view']","2026-07-19 12:06:09"
"13396613084","2026-07-19 23:46:22.764","2026-07-19 23:46:22.764","13396613084","160789750","[PREMIUM]","[PREMIUM]","301","J","_",,,8,"[1,2,3,4,6,8]",407,"Upper",10,"Mobile Transfer ticket",1,"[PREMIUM]","[PREMIUM]","[PREMIUM]","[PREMIUM]",true,false,"['Clear view']","2026-07-19 12:13:07"
"13396610469","2026-07-19 23:46:22.764","2026-07-19 23:46:22.764","13396610469","160789750","[PREMIUM]","[PREMIUM]","311","K","_",,,8,"[1,2,3,4,6,8]",407,"Upper",10,"Mobile Transfer ticket",1,"[PREMIUM]","[PREMIUM]","[PREMIUM]","[PREMIUM]",true,false,"['Clear view']","2026-07-19 12:12:41"
"13396548337","2026-07-19 23:46:22.764","2026-07-19 23:46:22.764","13396548337","160789750","[PREMIUM]","[PREMIUM]","313","S","_",,,8,"[1,2,3,4,6,8]",407,"Upper",10,"Mobile Transfer ticket",1,"[PREMIUM]","[PREMIUM]","[PREMIUM]","[PREMIUM]",true,false,"['Clear view']","2026-07-19 12:01:57"
"13396550861","2026-07-19 23:46:22.764","2026-07-19 23:46:22.764","13396550861","160789750","[PREMIUM]","[PREMIUM]","313","T","_",,,3,"[1,3]",407,"Upper",10,"Mobile Transfer ticket",1,"[PREMIUM]","[PREMIUM]","[PREMIUM]","[PREMIUM]",true,false,"['Clear view']","2026-07-19 12:02:44"
"13396554813","2026-07-19 23:46:22.764","2026-07-19 23:46:22.764","13396554813","160789750","[PREMIUM]","[PREMIUM]","304","S","_",,,8,"[1,2,3,4,6,8]",407,"Upper",10,"Mobile Transfer ticket",1,"[PREMIUM]","[PREMIUM]","[PREMIUM]","[PREMIUM]",true,false,"['Clear view']","2026-07-19 12:03:49"
"13396632892","2026-07-19 23:46:22.764","2026-07-19 23:46:22.764","13396632892","160789750","[PREMIUM]","[PREMIUM]","310","T","_",,,8,"[1,2,3,4,6,8]",407,"Upper",10,"Mobile Transfer ticket",1,"[PREMIUM]","[PREMIUM]","[PREMIUM]","[PREMIUM]",true,false,"['Clear view']","2026-07-19 12:18:22"
"13399584221","2026-07-19 23:46:22.764","2026-07-19 23:46:22.764","13399584221","160789750","[PREMIUM]","[PREMIUM]","302","D","9_11","9",,3,"[1,3]",407,"Upper",10,"Mobile Transfer ticket",14,"[PREMIUM]","[PREMIUM]","[PREMIUM]","[PREMIUM]",true,false,"['Clear view']","2026-07-19 20:01:33"
"13396630834","2026-07-19 23:46:22.751","2026-07-19 23:46:22.751","13396630834","160789750","[PREMIUM]","[PREMIUM]","309","T","_",,,8,"[1,2,3,4,6,8]",407,"Upper",10,"Mobile Transfer ticket",1,"[PREMIUM]","[PREMIUM]","[PREMIUM]","[PREMIUM]",true,false,"['Clear view']","2026-07-19 12:17:56"
"13396540241","2026-07-19 23:46:22.751","2026-07-19 23:46:22.751","13396540241","160789750","[PREMIUM]","[PREMIUM]","318","T","_",,,8,"[1,2,3,4,6,8]",407,"Upper",10,"Mobile Transfer ticket",1,"[PREMIUM]","[PREMIUM]","[PREMIUM]","[PREMIUM]",true,false,"['Clear view']","2026-07-19 11:59:54"
"13396538544","2026-07-19 23:46:22.751","2026-07-19 23:46:22.751","13396538544","160789750","[PREMIUM]","[PREMIUM]","324","M","_",,,8,"[1,2,3,4,6,8]",407,"Upper",10,"Mobile Transfer ticket",1,"[PREMIUM]","[PREMIUM]","[PREMIUM]","[PREMIUM]",true,false,"['Clear view']","2026-07-19 11:59:27"
"13396541124","2026-07-19 23:46:22.751","2026-07-19 23:46:22.751","13396541124","160789750","[PREMIUM]","[PREMIUM]","304","C","_",,,4,"[2,4]",407,"Upper",10,"Mobile Transfer ticket",1,"[PREMIUM]","[PREMIUM]","[PREMIUM]","[PREMIUM]",true,false,"['Third Row of Section','Clear view']","2026-07-19 12:00:09"
"13396546355","2026-07-19 23:46:22.751","2026-07-19 23:46:22.751","13396546355","160789750","[PREMIUM]","[PREMIUM]","303","T","_",,,8,"[1,2,3,4,6,8]",407,"Upper",10,"Mobile Transfer ticket",1,"[PREMIUM]","[PREMIUM]","[PREMIUM]","[PREMIUM]",true,false,"['Clear view']","2026-07-19 12:01:26"
"13397430741","2026-07-19 23:46:22.751","2026-07-19 23:46:22.751","13397430741","160789750","[PREMIUM]","[PREMIUM]","308","C","_",,,6,"[1,2,4,6]",407,"Upper",10,"Mobile Transfer ticket",1,"[PREMIUM]","[PREMIUM]","[PREMIUM]","[PREMIUM]",true,false,"['Third Row of Section','Clear view']","2026-07-19 13:47:35"
"13396537249","2026-07-19 23:46:22.718","2026-07-19 23:46:22.718","13396537249","160789750","[PREMIUM]","[PREMIUM]","303","G","_",,,8,"[1,2,3,4,6,8]",407,"Upper",10,"Mobile Transfer ticket",1,"[PREMIUM]","[PREMIUM]","[PREMIUM]","[PREMIUM]",true,false,"['Clear view']","2026-07-19 11:59:09"
"13396547419","2026-07-19 23:46:22.718","2026-07-19 23:46:22.718","13396547419","160789750","[PREMIUM]","[PREMIUM]","323","T","_",,,8,"[1,2,3,4,6,8]",407,"Upper",10,"Mobile Transfer ticket",1,"[PREMIUM]","[PREMIUM]","[PREMIUM]","[PREMIUM]",true,false,"['Clear view']","2026-07-19 12:01:43"
"13396614857","2026-07-19 23:46:22.718","2026-07-19 23:46:22.718","13396614857","160789750","[PREMIUM]","[PREMIUM]","309","G","_",,,2,"[2]",407,"Upper",10,"Mobile Transfer ticket",1,"[PREMIUM]","[PREMIUM]","[PREMIUM]","[PREMIUM]",true,false,"['Clear view']","2026-07-19 12:13:51"
"13396624476","2026-07-19 23:46:22.718","2026-07-19 23:46:22.718","13396624476","160789750","[PREMIUM]","[PREMIUM]","317","4","_",,,8,"[1,2,3,4,6,8]",407,"Upper",10,"Mobile Transfer ticket",1,"[PREMIUM]","[PREMIUM]","[PREMIUM]","[PREMIUM]",true,false,"['Clear view']","2026-07-19 12:16:35"
"13396535699","2026-07-19 23:46:22.718","2026-07-19 23:46:22.718","13396535699","160789750","[PREMIUM]","[PREMIUM]","322","T","_",,,8,"[1,2,3,4,6,8]",407,"Upper",10,"Mobile Transfer ticket",1,"[PREMIUM]","[PREMIUM]","[PREMIUM]","[PREMIUM]",true,false,"['Clear view']","2026-07-19 11:58:39"
"13398230018","2026-07-19 23:46:22.718","2026-07-19 23:46:22.718","13398230018","160789750","[PREMIUM]","[PREMIUM]","318","4","_",,,3,"[1,3]",407,"Upper",10,"Mobile Transfer ticket",1,"[PREMIUM]","[PREMIUM]","[PREMIUM]","[PREMIUM]",true,false,"['Clear view']","2026-07-19 15:56:27"
"13396480509","2026-07-19 23:46:22.700","2026-07-19 23:46:22.700","13396480509","160789750","[PREMIUM]","[PREMIUM]","315","H","_",,,5,"[1,3,5]",407,"Upper",10,"Mobile Transfer ticket",1,"[PREMIUM]","[PREMIUM]","[PREMIUM]","[PREMIUM]",true,false,"['Clear view']","2026-07-19 11:46:18"
"13396550035","2026-07-19 23:46:22.700","2026-07-19 23:46:22.700","13396550035","160789750","[PREMIUM]","[PREMIUM]","311","T","_",,,8,"[1,2,3,4,6,8]",407,"Upper",10,"Mobile Transfer ticket",1,"[PREMIUM]","[PREMIUM]","[PREMIUM]","[PREMIUM]",true,false,"['Clear view']","2026-07-19 12:02:29"
"13396530638","2026-07-19 23:46:22.700","2026-07-19 23:46:22.700","13396530638","160789750","[PREMIUM]","[PREMIUM]","301","T","_",,,8,"[1,2,3,4,6,8]",407,"Upper",10,"Mobile Transfer ticket",1,"[PREMIUM]","[PREMIUM]","[PREMIUM]","[PREMIUM]",true,false,"['Clear view']","2026-07-19 11:55:42"
"13396609951","2026-07-19 23:46:22.700","2026-07-19 23:46:22.700","13396609951","160789750","[PREMIUM]","[PREMIUM]","314","N","_",,,8,"[1,2,3,4,6,8]",407,"Upper",10,"Mobile Transfer ticket",1,"[PREMIUM]","[PREMIUM]","[PREMIUM]","[PREMIUM]",true,false,"['Clear view']","2026-07-19 12:12:28"
"13396546478","2026-07-19 23:46:22.700","2026-07-19 23:46:22.700","13396546478","160789750","[PREMIUM]","[PREMIUM]","314","T","_",,,8,"[1,2,3,4,6,8]",407,"Upper",10,"Mobile Transfer ticket",1,"[PREMIUM]","[PREMIUM]","[PREMIUM]","[PREMIUM]",true,false,"['Clear view']","2026-07-19 12:01:27"
"13396629061","2026-07-19 23:46:22.700","2026-07-19 23:46:22.700","13396629061","160789750","[PREMIUM]","[PREMIUM]","312","Q","_",,,8,"[1,2,3,4,6,8]",407,"Upper",10,"Mobile Transfer ticket",1,"[PREMIUM]","[PREMIUM]","[PREMIUM]","[PREMIUM]",true,false,"['Clear view']","2026-07-19 12:17:34"
"13393892038","2026-07-19 23:46:22.693","2026-07-21 02:37:07.725","13393892038","160789750","[PREMIUM]","[PREMIUM]","318","2","9001_9001","9001",,1,"[1]",407,"Upper",11,"Mobile ticket",1,"[PREMIUM]","[PREMIUM]","[PREMIUM]","[PREMIUM]",false,false,"['Second Row of Section','Clear view']","2026-07-19 00:39:35"
"13393892915","2026-07-19 23:46:22.693","2026-07-21 02:37:07.388","13393892915","160789750","[PREMIUM]","[PREMIUM]","309","A","9001_9001","9001",,1,"[1]",407,"Upper",11,"Mobile ticket",1,"[PREMIUM]","[PREMIUM]","[PREMIUM]","[PREMIUM]",false,false,"['Front Row of Section','Clear view']","2026-07-19 00:39:41"
"13393891517","2026-07-19 23:46:22.693","2026-07-21 02:37:07.725","13393891517","160789750","[PREMIUM]","[PREMIUM]","323","4","9001_9001","9001",,1,"[1]",407,"Upper",11,"Mobile ticket",1,"[PREMIUM]","[PREMIUM]","[PREMIUM]","[PREMIUM]",false,false,"['Clear view']","2026-07-19 00:39:35"
"13393892520","2026-07-19 23:46:22.693","2026-07-21 02:37:07.388","13393892520","160789750","[PREMIUM]","[PREMIUM]","317","2","9001_9001","9001",,1,"[1]",407,"Upper",11,"Mobile ticket",1,"[PREMIUM]","[PREMIUM]","[PREMIUM]","[PREMIUM]",false,false,"['Second Row of Section','Clear view']","2026-07-19 00:39:39"
"13396560702","2026-07-19 23:46:22.686","2026-07-19 23:46:22.686","13396560702","160789750","[PREMIUM]","[PREMIUM]","325","S","_",,,8,"[1,2,3,4,6,8]",407,"Upper",10,"Mobile Transfer ticket",1,"[PREMIUM]","[PREMIUM]","[PREMIUM]","[PREMIUM]",true,false,"['Clear view']","2026-07-19 12:04:38"
"13396548702","2026-07-19 23:46:22.686","2026-07-19 23:46:22.686","13396548702","160789750","[PREMIUM]","[PREMIUM]","326","T","_",,,7,"[1,2,3,5,7]",407,"Upper",10,"Mobile Transfer ticket",1,"[PREMIUM]","[PREMIUM]","[PREMIUM]","[PREMIUM]",true,false,"['Clear view']","2026-07-19 12:02:04"
"13396534613","2026-07-19 23:46:22.686","2026-07-19 23:46:22.686","13396534613","160789750","[PREMIUM]","[PREMIUM]","312","T","_",,,6,"[1,2,4,6]",407,"Upper",10,"Mobile Transfer ticket",1,"[PREMIUM]","[PREMIUM]","[PREMIUM]","[PREMIUM]",true,false,"['Clear view']","2026-07-19 11:58:17"
"13396613600","2026-07-19 23:46:22.686","2026-07-19 23:46:22.686","13396613600","160789750","[PREMIUM]","[PREMIUM]","325","K","_",,,8,"[1,2,3,4,6,8]",407,"Upper",10,"Mobile Transfer ticket",1,"[PREMIUM]","[PREMIUM]","[PREMIUM]","[PREMIUM]",true,false,"['Clear view']","2026-07-19 12:13:19"
"13396617640","2026-07-19 23:46:22.686","2026-07-19 23:46:22.686","13396617640","160789750","[PREMIUM]","[PREMIUM]","315","S","_",,,8,"[1,2,3,4,6,8]",407,"Upper",10,"Mobile Transfer ticket",1,"[PREMIUM]","[PREMIUM]","[PREMIUM]","[PREMIUM]",true,false,"['Clear view']","2026-07-19 12:14:55"
"13398704695","2026-07-19 23:46:22.686","2026-07-19 23:46:22.686","13398704695","160789750","[PREMIUM]","[PREMIUM]","326","M","_",,,4,"[2,4]",407,"Upper",10,"Mobile Transfer ticket",1,"[PREMIUM]","[PREMIUM]","[PREMIUM]","[PREMIUM]",true,false,"['Clear view']","2026-07-19 17:34:32"
"13396544367","2026-07-19 23:46:22.665","2026-07-19 23:46:22.665","13396544367","160789750","[PREMIUM]","[PREMIUM]","317","T","_",,,8,"[1,2,3,4,6,8]",407,"Upper",10,"Mobile Transfer ticket",1,"[PREMIUM]","[PREMIUM]","[PREMIUM]","[PREMIUM]",true,false,"['Clear view']","2026-07-19 12:01:04"
"13396584627","2026-07-19 23:46:22.665","2026-07-19 23:46:22.665","13396584627","160789750","[PREMIUM]","[PREMIUM]","316","M","_",,,8,"[1,2,3,4,6,8]",407,"Upper",10,"Mobile Transfer ticket",1,"[PREMIUM]","[PREMIUM]","[PREMIUM]","[PREMIUM]",true,false,"['Clear view']","2026-07-19 12:07:29"
"13396554746","2026-07-19 23:46:22.665","2026-07-19 23:46:22.665","13396554746","160789750","[PREMIUM]","[PREMIUM]","310","F","_",,,7,"[1,2,3,5,7]",407,"Upper",10,"Mobile Transfer ticket",1,"[PREMIUM]","[PREMIUM]","[PREMIUM]","[PREMIUM]",true,false,"['Clear view']","2026-07-19 12:03:48"
"13396609927","2026-07-19 23:46:22.665","2026-07-19 23:46:22.665","13396609927","160789750","[PREMIUM]","[PREMIUM]","316","T","_",,,8,"[1,2,3,4,6,8]",407,"Upper",10,"Mobile Transfer ticket",1,"[PREMIUM]","[PREMIUM]","[PREMIUM]","[PREMIUM]",true,false,"['Clear view']","2026-07-19 12:12:28"
"13396626425","2026-07-19 23:46:22.665","2026-07-19 23:46:22.665","13396626425","160789750","[PREMIUM]","[PREMIUM]","324","T","_",,,8,"[1,2,3,4,6,8]",407,"Upper",10,"Mobile Transfer ticket",1,"[PREMIUM]","[PREMIUM]","[PREMIUM]","[PREMIUM]",true,false,"['Clear view']","2026-07-19 12:17:02"
"13396559711","2026-07-19 23:46:22.665","2026-07-19 23:46:22.665","13396559711","160789750","[PREMIUM]","[PREMIUM]","302","T","_",,,4,"[2,4]",407,"Upper",10,"Mobile Transfer ticket",1,"[PREMIUM]","[PREMIUM]","[PREMIUM]","[PREMIUM]",true,false,"['Clear view']","2026-07-19 12:04:30"
"13394590492","2026-07-19 23:46:22.664","2026-08-04 02:03:06.840","13394590492","160789750","[PREMIUM]","[PREMIUM]","312","M","_",,,1,"[1]",407,"Upper",10,"Mobile Transfer ticket",1,"[PREMIUM]","[PREMIUM]","[PREMIUM]","[PREMIUM]",false,false,"['Clear view']","2026-07-19 03:55:19"
"13396537747","2026-07-19 23:46:22.656","2026-07-19 23:46:22.656","13396537747","160789750","[PREMIUM]","[PREMIUM]","321","T","_",,,8,"[1,2,3,4,6,8]",407,"Upper",10,"Mobile Transfer ticket",1,"[PREMIUM]","[PREMIUM]","[PREMIUM]","[PREMIUM]",true,false,"['Clear view']","2026-07-19 11:59:16"
"13396566262","2026-07-19 23:46:22.656","2026-07-19 23:46:22.656","13396566262","160789750","[PREMIUM]","[PREMIUM]","320","S","_",,,8,"[1,2,3,4,6,8]",407,"Upper",10,"Mobile Transfer ticket",1,"[PREMIUM]","[PREMIUM]","[PREMIUM]","[PREMIUM]",true,false,"['Clear view']","2026-07-19 12:05:25"
"13396558157","2026-07-19 23:46:22.656","2026-07-19 23:46:22.656","13396558157","160789750","[PREMIUM]","[PREMIUM]","306","R","_",,,8,"[1,2,3,4,6,8]",407,"Upper",10,"Mobile Transfer ticket",1,"[PREMIUM]","[PREMIUM]","[PREMIUM]","[PREMIUM]",true,false,"['Clear view']","2026-07-19 12:04:21"
"13396617191","2026-07-19 23:46:22.656","2026-07-19 23:46:22.656","13396617191","160789750","[PREMIUM]","[PREMIUM]","305","R","_",,,8,"[1,2,3,4,6,8]",407,"Upper",10,"Mobile Transfer ticket",1,"[PREMIUM]","[PREMIUM]","[PREMIUM]","[PREMIUM]",true,false,"['Clear view']","2026-07-19 12:14:44"
"13396530295","2026-07-19 23:46:22.630","2026-07-19 23:46:22.630","13396530295","160789750","[PREMIUM]","[PREMIUM]","322","C","_",,,8,"[1,2,3,4,6,8]",407,"Upper",10,"Mobile Transfer ticket",1,"[PREMIUM]","[PREMIUM]","[PREMIUM]","[PREMIUM]",true,false,"['Clear view']","2026-07-19 11:55:37"
"13396625556","2026-07-19 23:46:22.630","2026-07-19 23:46:22.630","13396625556","160789750","[PREMIUM]","[PREMIUM]","323","G","_",,,8,"[1,2,3,4,6,8]",407,"Upper",10,"Mobile Transfer ticket",1,"[PREMIUM]","[PREMIUM]","[PREMIUM]","[PREMIUM]",true,false,"['Clear view']","2026-07-19 12:16:50"
"13394513922","2026-07-19 23:46:22.620","2026-07-19 23:46:22.620","13394513922","160789750","[PREMIUM]","[PREMIUM]","328","L","6_7","6",,2,"[2]",407,"Upper",10,"Mobile Transfer ticket",14,"[PREMIUM]","[PREMIUM]","[PREMIUM]","[PREMIUM]",true,false,"['Clear view']","2026-07-19 03:37:06"
"13400692255","2026-07-19 23:46:22.620","2026-07-21 02:37:09.103","13400692255","160789750","[PREMIUM]","[PREMIUM]","327","F","_",,,1,"[1]",407,"Upper",10,"Mobile Transfer ticket",1,"[PREMIUM]","[PREMIUM]","[PREMIUM]","[PREMIUM]",false,false,"['Clear view']","2026-07-19 23:21:09"
"13400732314","2026-07-19 23:46:22.620","2026-08-02 23:19:26.436","13400732314","160789750","[PREMIUM]","[PREMIUM]","305","P","5_16","5",,12,"[1,2,3,4,5,6,7,8,9,10,12]",407,"Upper",10,"Mobile Transfer ticket",14,"[PREMIUM]","[PREMIUM]","[PREMIUM]","[PREMIUM]",true,false,"['Clear view']","2026-07-19 23:27:27"
"13393892178","2026-07-19 23:46:22.619","2026-07-21 02:37:07.388","13393892178","160789750","[PREMIUM]","[PREMIUM]","302","A","9001_9001","9001",,1,"[1]",407,"Upper",11,"Mobile ticket",1,"[PREMIUM]","[PREMIUM]","[PREMIUM]","[PREMIUM]",false,false,"['Front Row of Section','Clear view']","2026-07-19 00:39:36"
"13393892260","2026-07-19 23:46:22.619","2026-07-21 02:37:07.388","13393892260","160789750","[PREMIUM]","[PREMIUM]","303","C","9001_9001","9001",,1,"[1]",407,"Upper",11,"Mobile ticket",1,"[PREMIUM]","[PREMIUM]","[PREMIUM]","[PREMIUM]",false,false,"['ADA Accessible','Third Row of Section','Clear view']","2026-07-19 00:39:37"
"13393892898","2026-07-19 23:46:22.619","2026-07-21 02:37:07.388","13393892898","160789750","[PREMIUM]","[PREMIUM]","324","1","9001_9001","9001",,1,"[1]",407,"Upper",11,"Mobile ticket",1,"[PREMIUM]","[PREMIUM]","[PREMIUM]","[PREMIUM]",false,false,"['Front Row of Section','Clear view']","2026-07-19 00:39:41"
"13393893120","2026-07-19 23:46:22.619","2026-07-21 02:37:07.388","13393893120","160789750","[PREMIUM]","[PREMIUM]","310","D","9001_9001","9001",,1,"[1]",407,"Upper",11,"Mobile ticket",1,"[PREMIUM]","[PREMIUM]","[PREMIUM]","[PREMIUM]",false,false,"['Clear view']","2026-07-19 00:39:43"
"13396615403","2026-07-19 23:46:22.075","2026-07-19 23:46:22.075","13396615403","160789750","[PREMIUM]","[PREMIUM]","319","K","_",,,8,"[1,2,3,4,6,8]",407,"Upper",10,"Mobile Transfer ticket",1,"[PREMIUM]","[PREMIUM]","[PREMIUM]","[PREMIUM]",true,false,"['Clear view']","2026-07-19 12:14:09"
"13396535904","2026-07-19 23:46:22.075","2026-07-19 23:46:22.075","13396535904","160789750","[PREMIUM]","[PREMIUM]","321","L","_",,,2,"[2]",407,"Upper",10,"Mobile Transfer ticket",1,"[PREMIUM]","[PREMIUM]","[PREMIUM]","[PREMIUM]",true,false,"['Clear view']","2026-07-19 11:58:42"
"13396568657","2026-07-19 23:46:22.075","2026-07-19 23:46:22.075","13396568657","160789750","[PREMIUM]","[PREMIUM]","306","K","_",,,4,"[2,4]",407,"Upper",10,"Mobile Transfer ticket",1,"[PREMIUM]","[PREMIUM]","[PREMIUM]","[PREMIUM]",true,false,"['Clear view']","2026-07-19 12:05:44"
"13396535759","2026-07-19 23:46:22.075","2026-07-19 23:46:22.075","13396535759","160789750","[PREMIUM]","[PREMIUM]","319","T","_",,,8,"[1,2,3,4,6,8]",407,"Upper",10,"Mobile Transfer ticket",1,"[PREMIUM]","[PREMIUM]","[PREMIUM]","[PREMIUM]",true,false,"['Clear view']","2026-07-19 11:58:39"
"13399175368","2026-07-19 23:46:22.075","2026-07-19 23:46:22.075","13399175368","160789750","[PREMIUM]","[PREMIUM]","320","G","_",,,3,"[1,3]",407,"Upper",10,"Mobile Transfer ticket",1,"[PREMIUM]","[PREMIUM]","[PREMIUM]","[PREMIUM]",true,false,"['Clear view']","2026-07-19 19:06:33"
"13399765065","2026-07-19 23:46:22.021","2026-07-19 23:46:22.021","13399765065","161097009","[PREMIUM]","[PREMIUM]","124","9","11_11","11",,1,"[1]",1687,"Lower Level",10,"Mobile Transfer ticket",1,"[PREMIUM]","[PREMIUM]","[PREMIUM]","[PREMIUM]",false,false,"['Clear view']","2026-07-19 20:29:44"
"13393822013","2026-07-19 23:46:21.987","2026-07-21 02:37:07.092","13393822013","161421422","[PREMIUM]","[PREMIUM]","106","16","_",,,2,"[2]",519,"Terrace",10,"Mobile Transfer ticket",1,"[PREMIUM]","[PREMIUM]","[PREMIUM]","[PREMIUM]",true,false,"['Clear view']","2026-07-19 00:19:37"
"13396529551","2026-07-19 23:46:21.987","2026-07-19 23:46:21.987","13396529551","161421422","[PREMIUM]","[PREMIUM]","114","15","9001_9002","9001",,2,"[2]",519,"Terrace",10,"Mobile Transfer ticket",1,"[PREMIUM]","[PREMIUM]","[PREMIUM]","[PREMIUM]",true,false,"['Clear view']","2026-07-19 11:55:26"
"13395549370","2026-07-19 23:46:21.987","2026-07-19 23:46:21.987","13395549370","161421422","[PREMIUM]","[PREMIUM]","115","15","9001_9002","9001",,2,"[2]",519,"Terrace",10,"Mobile Transfer ticket",1,"[PREMIUM]","[PREMIUM]","[PREMIUM]","[PREMIUM]",true,false,"['Clear view']","2026-07-19 07:00:24"
"13400807979","2026-07-19 23:46:21.987","2026-07-19 23:46:21.987","13400807979","161421422","[PREMIUM]","[PREMIUM]","115","16","_",,,4,"[2,4]",519,"Terrace",10,"Mobile Transfer ticket",1,"[PREMIUM]","[PREMIUM]","[PREMIUM]","[PREMIUM]",true,false,"['Clear view']","2026-07-19 23:46:08"
"13396529549","2026-07-19 23:46:21.981","2026-07-19 23:46:21.981","13396529549","161421422","[PREMIUM]","[PREMIUM]","229","2","9001_9002","9001",,2,"[2]",2062,"Promenade",10,"Mobile Transfer ticket",1,"[PREMIUM]","[PREMIUM]","[PREMIUM]","[PREMIUM]",true,false,"['Second Row of Section','Clear view']","2026-07-19 11:55:26"
"13396529558","2026-07-19 23:46:21.981","2026-07-19 23:46:21.981","13396529558","161421422","[PREMIUM]","[PREMIUM]","206","3","9001_9002","9001",,2,"[2]",2062,"Promenade",10,"Mobile Transfer ticket",1,"[PREMIUM]","[PREMIUM]","[PREMIUM]","[PREMIUM]",true,false,"['Third Row of Section','Clear view']","2026-07-19 11:55:26"
"13399344027","2026-07-19 23:46:21.955","2026-07-21 02:37:02.086","13399344027","161097018","[PREMIUM]","[PREMIUM]","112","13","_",,,1,"[1]",1687,"Lower Level",10,"Mobile Transfer ticket",1,"[PREMIUM]","[PREMIUM]","[PREMIUM]","[PREMIUM]",false,false,"['Clear view']","2026-07-19 19:31:17"
"13400770738","2026-07-19 23:46:21.647","2026-07-19 23:46:21.647","13400770738","161421422","[PREMIUM]","[PREMIUM]","220","3","9001_9008","9001",,8,"[1,2,3,4,5,6,7,8]",2062,"Promenade",10,"Mobile Transfer ticket",1,"[PREMIUM]","[PREMIUM]","[PREMIUM]","[PREMIUM]",true,false,"['Third Row of Section','Clear view']","2026-07-19 23:37:47"
"13399095625","2026-07-19 23:46:21.550","2026-07-19 23:46:21.550","13399095625","161097009","[PREMIUM]","[PREMIUM]","318","6","_",,,6,"[1,2,3,4,5,6]",1713,"Middle Level",10,"Mobile Transfer ticket",1,"[PREMIUM]","[PREMIUM]","[PREMIUM]","[PREMIUM]",true,false,"['Clear view']","2026-07-19 18:52:26"
"13399808708","2026-07-19 23:46:21.550","2026-07-19 23:46:21.550","13399808708","161097009","[PREMIUM]","[PREMIUM]","318","5","4_8","4",,5,"[1,2,3,5]",1713,"Middle Level",10,"Mobile Transfer ticket",1,"[PREMIUM]","[PREMIUM]","[PREMIUM]","[PREMIUM]",true,false,"['Clear view']","2026-07-19 20:35:37"
"13399775044","2026-07-19 23:46:21.550","2026-07-19 23:46:21.550","13399775044","161097009","[PREMIUM]","[PREMIUM]","315","6","15_15","15",,1,"[1]",1713,"Middle Level",10,"Mobile Transfer ticket",1,"[PREMIUM]","[PREMIUM]","[PREMIUM]","[PREMIUM]",false,false,"['Clear view']","2026-07-19 20:31:39"
"13400102909","2026-07-19 23:46:21.550","2026-07-19 23:46:21.550","13400102909","161097009","[PREMIUM]","[PREMIUM]","316","6","_",,,2,"[2]",1713,"Middle Level",10,"Mobile Transfer ticket",1,"[PREMIUM]","[PREMIUM]","[PREMIUM]","[PREMIUM]",true,false,"['Clear view']","2026-07-19 21:21:01"
"13394414721","2026-07-19 23:46:21.490","2026-07-19 23:46:21.490","13394414721","161421422","[PREMIUM]","[PREMIUM]","104","9","9001_9002","9001",,2,"[2]",519,"Terrace",10,"Mobile Transfer ticket",1,"[PREMIUM]","[PREMIUM]","[PREMIUM]","[PREMIUM]",true,false,"['Clear view']","2026-07-19 03:07:48"
"13396466873","2026-07-19 23:46:21.490","2026-07-19 23:46:21.490","13396466873","161421422","[PREMIUM]","[PREMIUM]","Club C","7","9001_9002","9001",,2,"[2]",3418,"Terrace Club",10,"Mobile Transfer ticket",1,"[PREMIUM]","[PREMIUM]","[PREMIUM]","[PREMIUM]",true,false,"['Clear view']","2026-07-19 11:43:21"
"13396467134","2026-07-19 23:46:21.490","2026-07-19 23:46:21.490","13396467134","161421422","[PREMIUM]","[PREMIUM]","Club D","6","9001_9003","9001",,3,"[1,2,3]",3418,"Terrace Club",10,"Mobile Transfer ticket",1,"[PREMIUM]","[PREMIUM]","[PREMIUM]","[PREMIUM]",true,false,"['Clear view']","2026-07-19 11:43:25"
"13396438356","2026-07-19 23:46:21.490","2026-07-21 02:37:06.621","13396438356","161421422","[PREMIUM]","[PREMIUM]","113","10","_",,,2,"[2]",519,"Terrace",10,"Mobile Transfer ticket",1,"[PREMIUM]","[PREMIUM]","[PREMIUM]","[PREMIUM]",true,false,"['Clear view']","2026-07-19 11:37:28"
"13394868453","2026-07-19 23:46:21.444","2026-07-24 00:24:39.803","13394868453","161421422","[PREMIUM]","[PREMIUM]","117","8","9001_9001","9001",,1,"[1]",519,"Terrace",11,"Mobile ticket",1,"[PREMIUM]","[PREMIUM]","[PREMIUM]","[PREMIUM]",false,false,"['Clear view']","2026-07-19 04:45:19"
"13396529654","2026-07-19 23:46:21.444","2026-07-19 23:46:21.444","13396529654","161421422","[PREMIUM]","[PREMIUM]","Club E","4","9001_9002","9001",,2,"[2]",3418,"Terrace Club",10,"Mobile Transfer ticket",1,"[PREMIUM]","[PREMIUM]","[PREMIUM]","[PREMIUM]",true,false,"['Clear view']","2026-07-19 11:55:27"
"13394868451","2026-07-19 23:46:21.398","2026-07-24 00:24:38.212","13394868451","161421422","[PREMIUM]","[PREMIUM]","117","14","9001_9002","9001",,2,"[2]",519,"Terrace",11,"Mobile ticket",1,"[PREMIUM]","[PREMIUM]","[PREMIUM]","[PREMIUM]",true,false,"['Clear view']","2026-07-19 04:45:19"
"13393135117","2026-07-19 23:46:21.273","2026-07-23 01:50:48.994","13393135117","161421422","[PREMIUM]","[PREMIUM]","105","15","9001_9003","9001",,3,"[1,3]",519,"Terrace",10,"Mobile Transfer ticket",1,"[PREMIUM]","[PREMIUM]","[PREMIUM]","[PREMIUM]",true,false,"['Clear view']","2026-07-18 22:07:59"
"13393822016","2026-07-19 23:46:21.273","2026-07-19 23:46:21.273","13393822016","161421422","[PREMIUM]","[PREMIUM]","116","2","_",,,2,"[2]",519,"Terrace",10,"Mobile Transfer ticket",1,"[PREMIUM]","[PREMIUM]","[PREMIUM]","[PREMIUM]",true,false,"['Second Row of Section','Clear view']","2026-07-19 00:19:37"
"13396466878","2026-07-19 23:46:21.273","2026-07-19 23:46:21.273","13396466878","161421422","[PREMIUM]","[PREMIUM]","106","13","9001_9002","9001",,2,"[2]",519,"Terrace",10,"Mobile Transfer ticket",1,"[PREMIUM]","[PREMIUM]","[PREMIUM]","[PREMIUM]",true,false,"['Clear view']","2026-07-19 11:43:21"
"13365676450","2026-07-19 23:46:21.230","2026-07-24 00:24:39.803","13365676450","161421422","[PREMIUM]","[PREMIUM]","Club F","5","9001_9004","9001",,4,"[1,2,3,4]",3418,"Terrace Club",10,"Mobile Transfer ticket",1,"[PREMIUM]","[PREMIUM]","[PREMIUM]","[PREMIUM]",true,false,"['Clear view']","2026-07-16 01:42:33"
"13396466872","2026-07-19 23:46:21.230","2026-07-19 23:46:21.230","13396466872","161421422","[PREMIUM]","[PREMIUM]","Club A","3","9001_9002","9001",,2,"[2]",3418,"Terrace Club",10,"Mobile Transfer ticket",1,"[PREMIUM]","[PREMIUM]","[PREMIUM]","[PREMIUM]",true,false,"['Third Row of Section','Clear view']","2026-07-19 11:43:21"
"13320133668","2026-07-19 23:46:21.167","2026-07-25 23:11:53.237","13320133668","161097018","[PREMIUM]","[PREMIUM]","103","26","3_4","3",,2,"[2]",1687,"Lower Level",10,"Mobile Transfer ticket",1,"[PREMIUM]","[PREMIUM]","[PREMIUM]","[PREMIUM]",true,false,"['Clear view']","2026-07-10 23:06:06"
"13320133679","2026-07-19 23:46:21.167","2026-07-19 23:46:21.167","13320133679","161097018","[PREMIUM]","[PREMIUM]","103","25","3_6","3",,4,"[1,2,4]",1687,"Lower Level",10,"Mobile Transfer ticket",1,"[PREMIUM]","[PREMIUM]","[PREMIUM]","[PREMIUM]",true,false,"['Clear view']","2026-07-10 23:06:06"
"13399569734","2026-07-19 23:46:21.134","2026-07-19 23:46:21.134","13399569734","161421422","[PREMIUM]","[PREMIUM]","202","4","_",,,8,"[8]",2062,"Promenade",10,"Mobile Transfer ticket",1,"[PREMIUM]","[PREMIUM]","[PREMIUM]","[PREMIUM]",true,false,"['Clear view']","2026-07-19 19:58:23"
"13398001269","2026-07-19 23:46:21.077","2026-07-19 23:46:21.077","13398001269","161097018","[PREMIUM]","[PREMIUM]","314","3","9001_9001","9001",,1,"[1]",1713,"Middle Level",11,"Mobile ticket",1,"[PREMIUM]","[PREMIUM]","[PREMIUM]","[PREMIUM]",false,false,"['ADA Accessible','Third Row of Section','Clear view']","2026-07-19 15:07:46"
"13400459274","2026-07-19 23:46:20.781","2026-07-27 02:13:42.827","13400459274","161097009","[PREMIUM]","[PREMIUM]","402","10","9001_9001","9001",,1,"[1]",954,"Upper Level",11,"Mobile ticket",1,"[PREMIUM]","[PREMIUM]","[PREMIUM]","[PREMIUM]",false,false,"['Clear view']","2026-07-19 22:38:51"
"13394162491","2026-07-19 23:46:20.416","2026-07-19 23:46:20.416","13394162491","161421422","[PREMIUM]","[PREMIUM]","221","13","_",,,2,"[2]",2062,"Promenade",10,"Mobile Transfer ticket",1,"[PREMIUM]","[PREMIUM]","[PREMIUM]","[PREMIUM]",true,false,"['Clear view']","2026-07-19 02:03:00"
"13400162937","2026-07-19 23:46:20.416","2026-07-19 23:46:20.416","13400162937","161421422","[PREMIUM]","[PREMIUM]","220","14","_",,,17,"[17]",2062,"Promenade",10,"Mobile Transfer ticket",1,"[PREMIUM]","[PREMIUM]","[PREMIUM]","[PREMIUM]",true,false,"['Clear view']","2026-07-19 21:31:40"
"13399773014","2026-07-19 23:46:19.151","2026-07-19 23:46:19.151","13399773014","161474786","[PREMIUM]","[PREMIUM]","120","DD","17_17","17",,1,"[1]",594,"Lower",10,"Mobile Transfer ticket",1,"[PREMIUM]","[PREMIUM]","[PREMIUM]","[PREMIUM]",false,false,"['Clear view']","2026-07-19 20:31:22"
"13399773156","2026-07-19 23:46:19.151","2026-07-19 23:46:19.151","13399773156","161474786","[PREMIUM]","[PREMIUM]","120","FF","13_13","13",,1,"[1]",594,"Lower",10,"Mobile Transfer ticket",1,"[PREMIUM]","[PREMIUM]","[PREMIUM]","[PREMIUM]",false,false,"['Clear view']","2026-07-19 20:31:23"
"13399758469","2026-07-19 23:46:19.151","2026-07-19 23:46:19.151","13399758469","161474786","[PREMIUM]","[PREMIUM]","118","EE","11_11","11",,1,"[1]",594,"Lower",10,"Mobile Transfer ticket",1,"[PREMIUM]","[PREMIUM]","[PREMIUM]","[PREMIUM]",false,false,"['Clear view']","2026-07-19 20:28:38"
"13368063670","2026-07-19 23:46:18.891","2026-07-31 06:41:31.275","13368063670","161474786","[PREMIUM]","[PREMIUM]","T24","AA","9001_9001","9001",,1,"[1]",1725,"Terrace Suites",10,"Mobile Transfer ticket",1,"[PREMIUM]","[PREMIUM]","[PREMIUM]","[PREMIUM]",false,false,"['Front Row of Section','Clear view']","2026-07-16 05:26:15"
"13368059787","2026-07-19 23:46:18.891","2026-07-19 23:46:18.891","13368059787","161474786","[PREMIUM]","[PREMIUM]","106","AA","9001_9002","9001",,2,"[2]",594,"Lower",10,"Mobile Transfer ticket",1,"[PREMIUM]","[PREMIUM]","[PREMIUM]","[PREMIUM]",true,false,"['Front Row of Section','Clear view']","2026-07-16 05:26:03"
"13368060195","2026-07-19 23:46:18.891","2026-08-04 02:02:50.301","13368060195","161474786","[PREMIUM]","[PREMIUM]","110","BB","9001_9002","9001",,2,"[2]",594,"Lower",10,"Mobile Transfer ticket",1,"[PREMIUM]","[PREMIUM]","[PREMIUM]","[PREMIUM]",true,false,"['Second Row of Section','Clear view']","2026-07-16 05:26:06"
"13399413722","2026-07-19 23:46:18.882","2026-07-19 23:46:18.882","13399413722","161421420","[PREMIUM]","[PREMIUM]","115","14","_",,,4,"[1,2,4]",519,"Terrace",10,"Mobile Transfer ticket",1,"[PREMIUM]","[PREMIUM]","[PREMIUM]","[PREMIUM]",true,false,"['Clear view']","2026-07-19 19:39:58"
"13397867736","2026-07-19 23:46:18.850","2026-07-19 23:46:18.850","13397867736","161474786","[PREMIUM]","[PREMIUM]","T13","BX5","_",,,2,"[2]",1725,"Terrace Suites",10,"Mobile Transfer ticket",1,"[PREMIUM]","[PREMIUM]","[PREMIUM]","[PREMIUM]",true,false,"['Clear view']","2026-07-19 14:42:37"
"13395584120","2026-07-19 23:46:18.841","2026-08-04 02:02:51.077","13395584120","161421420","[PREMIUM]","[PREMIUM]","Club C","5","9001_9003","9001",,3,"[1,3]",3418,"Terrace Club",10,"Mobile Transfer ticket",1,"[PREMIUM]","[PREMIUM]","[PREMIUM]","[PREMIUM]",true,false,"['Clear view']","2026-07-19 07:18:22"
"13372657352","2026-07-19 23:46:18.781","2026-07-19 23:46:18.781","13372657352","161474786","[PREMIUM]","[PREMIUM]","118","JJ","_",,,2,"[2]",594,"Lower",10,"Mobile Transfer ticket",1,"[PREMIUM]","[PREMIUM]","[PREMIUM]","[PREMIUM]",true,false,"['Clear view']","2026-07-16 14:24:16"
"13398437927","2026-07-19 23:46:18.781","2026-07-22 04:06:26.949","13398437927","161474786","[PREMIUM]","[PREMIUM]","119","QQ","_",,,2,"[2]",594,"Lower",10,"Mobile Transfer ticket",1,"[PREMIUM]","[PREMIUM]","[PREMIUM]","[PREMIUM]",true,false,"['Clear view']","2026-07-19 16:32:52"
"13400229122","2026-07-19 23:46:18.752","2026-07-19 23:46:18.752","13400229122","161421420","[PREMIUM]","[PREMIUM]","214","2","_",,,4,"[1,2,3,4]",2062,"Promenade",10,"Mobile Transfer ticket",1,"[PREMIUM]","[PREMIUM]","[PREMIUM]","[PREMIUM]",true,false,"['Second Row of Section','Clear view']","2026-07-19 21:41:08"
"13399801452","2026-07-19 23:46:18.682","2026-07-19 23:46:18.682","13399801452","161421420","[PREMIUM]","[PREMIUM]","110","20","22_22","22",,1,"[1]",519,"Terrace",10,"Mobile Transfer ticket",1,"[PREMIUM]","[PREMIUM]","[PREMIUM]","[PREMIUM]",false,false,"['Clear view']","2026-07-19 20:34:58"
"13399800312","2026-07-19 23:46:18.681","2026-07-19 23:46:18.681","13399800312","161421420","[PREMIUM]","[PREMIUM]","111A","28","33_33","33",,1,"[1]",519,"Terrace",10,"Mobile Transfer ticket",1,"[PREMIUM]","[PREMIUM]","[PREMIUM]","[PREMIUM]",false,false,"['Clear view']","2026-07-19 20:34:52"
"13368572032","2026-07-19 23:46:18.625","2026-07-19 23:46:18.625","13368572032","161421420","[PREMIUM]","[PREMIUM]","213","2","9001_9005","9001",,5,"[1,2,3,5]",2062,"Promenade",10,"Mobile Transfer ticket",1,"[PREMIUM]","[PREMIUM]","[PREMIUM]","[PREMIUM]",true,false,"['Second Row of Section','Clear view']","2026-07-16 06:02:01"
"13399785643","2026-07-19 23:46:18.583","2026-07-19 23:46:18.583","13399785643","161421420","[PREMIUM]","[PREMIUM]","212","2","6_6","6",,1,"[1]",2062,"Promenade",10,"Mobile Transfer ticket",1,"[PREMIUM]","[PREMIUM]","[PREMIUM]","[PREMIUM]",false,false,"['Second Row of Section','Clear view']","2026-07-19 20:33:06"
"13372666702","2026-07-19 23:46:18.281","2026-07-19 23:46:18.281","13372666702","161474786","[PREMIUM]","[PREMIUM]","103L","G","_",,,2,"[2]",1427,"Risers",10,"Mobile Transfer ticket",1,"[PREMIUM]","[PREMIUM]","[PREMIUM]","[PREMIUM]",true,false,"['Clear view']","2026-07-16 14:24:59"
"13372653249","2026-07-19 23:46:18.281","2026-07-19 23:46:18.281","13372653249","161474786","[PREMIUM]","[PREMIUM]","110","W","_",,,4,"[2,4]",594,"Lower",10,"Mobile Transfer ticket",1,"[PREMIUM]","[PREMIUM]","[PREMIUM]","[PREMIUM]",true,false,"['Clear view']","2026-07-16 14:23:58"
"13369502499","2026-07-19 23:46:18.241","2026-07-19 23:46:18.241","13369502499","161474786","[PREMIUM]","[PREMIUM]","103L","F","9001_9004","9001",,4,"[1,2,3,4]",1427,"Risers",11,"Mobile ticket",1,"[PREMIUM]","[PREMIUM]","[PREMIUM]","[PREMIUM]",true,false,"['Clear view']","2026-07-16 07:19:31"
"13399779304","2026-07-19 23:46:18.177","2026-07-19 23:46:18.177","13399779304","161474785","[PREMIUM]","[PREMIUM]","109","DD","6_6","6",,1,"[1]",594,"Lower",10,"Mobile Transfer ticket",1,"[PREMIUM]","[PREMIUM]","[PREMIUM]","[PREMIUM]",false,false,"['Clear view']","2026-07-19 20:32:10"
"13399786240","2026-07-19 23:46:18.177","2026-07-19 23:46:18.177","13399786240","161474785","[PREMIUM]","[PREMIUM]","106","BB","1_2","1",,2,"[2]",594,"Lower",10,"Mobile Transfer ticket",1,"[PREMIUM]","[PREMIUM]","[PREMIUM]","[PREMIUM]",true,false,"['Second Row of Section','Clear view']","2026-07-19 20:33:15"
"13373961002","2026-07-19 23:46:18.102","2026-07-21 02:36:48.550","13373961002","161421420","[PREMIUM]","[PREMIUM]","203","3","_",,,4,"[2,4]",2062,"Promenade",10,"Mobile Transfer ticket",1,"[PREMIUM]","[PREMIUM]","[PREMIUM]","[PREMIUM]",true,false,"['Third Row of Section','Clear view']","2026-07-16 16:34:01"
"13399467333","2026-07-19 23:46:18.102","2026-07-19 23:46:18.102","13399467333","161421420","[PREMIUM]","[PREMIUM]","203","2","_",,,2,"[2]",2062,"Promenade",10,"Mobile Transfer ticket",1,"[PREMIUM]","[PREMIUM]","[PREMIUM]","[PREMIUM]",true,false,"['Second Row of Section','Clear view']","2026-07-19 19:45:45"
"13399782635","2026-07-19 23:46:18.022","2026-07-19 23:46:18.022","13399782635","161474785","[PREMIUM]","[PREMIUM]","103L","E","5_6","5",,2,"[2]",1427,"Risers",10,"Mobile Transfer ticket",1,"[PREMIUM]","[PREMIUM]","[PREMIUM]","[PREMIUM]",true,false,"['Clear view']","2026-07-19 20:32:32"
"13399741959","2026-07-19 23:46:18.022","2026-07-19 23:46:18.022","13399741959","161474785","[PREMIUM]","[PREMIUM]","103L","D","5_5","5",,1,"[1]",1427,"Risers",10,"Mobile Transfer ticket",1,"[PREMIUM]","[PREMIUM]","[PREMIUM]","[PREMIUM]",false,false,"['Clear view']","2026-07-19 20:25:46"
"13372628019","2026-07-19 23:46:17.967","2026-07-21 02:36:48.872","13372628019","161474785","[PREMIUM]","[PREMIUM]","119","WW","_",,,4,"[2,4]",594,"Lower",10,"Mobile Transfer ticket",1,"[PREMIUM]","[PREMIUM]","[PREMIUM]","[PREMIUM]",true,false,"['Clear view']","2026-07-16 14:21:56"
"13399742026","2026-07-19 23:46:17.967","2026-07-19 23:46:17.967","13399742026","161474785","[PREMIUM]","[PREMIUM]","120","V","1_1","1",,1,"[1]",594,"Lower",10,"Mobile Transfer ticket",1,"[PREMIUM]","[PREMIUM]","[PREMIUM]","[PREMIUM]",false,false,"['Clear view']","2026-07-19 20:25:47"
"13398981335","2026-07-19 23:46:17.923","2026-07-19 23:46:17.923","13398981335","161474785","[PREMIUM]","[PREMIUM]","112","B","9001_9003","9001",,3,"[1,2,3]",594,"Lower",10,"Mobile Transfer ticket",1,"[PREMIUM]","[PREMIUM]","[PREMIUM]","[PREMIUM]",true,false,"['Second Row of Section','Clear view']","2026-07-19 18:20:38"
"13398826075","2026-07-19 23:46:17.707","2026-07-19 23:46:17.707","13398826075","161474786","[PREMIUM]","[PREMIUM]","103","M","_",,,2,"[2]",594,"Lower",10,"Mobile Transfer ticket",1,"[PREMIUM]","[PREMIUM]","[PREMIUM]","[PREMIUM]",true,false,"['Clear view']","2026-07-19 18:01:41"
"13399588757","2026-07-19 23:46:17.707","2026-07-19 23:46:17.707","13399588757","161474786","[PREMIUM]","[PREMIUM]","T3","B","9001_9002","9001",,2,"[2]",1725,"Terrace Suites",10,"Mobile Transfer ticket",1,"[PREMIUM]","[PREMIUM]","[PREMIUM]","[PREMIUM]",true,false,"['Second Row of Section','Clear view']","2026-07-19 20:03:04"
"13399152075","2026-07-19 23:46:17.664","2026-07-27 23:24:26.905","13399152075","161474786","[PREMIUM]","[PREMIUM]","103","E","9001_9002","9001","9002",2,"[2]",594,"Lower",10,"Mobile Transfer ticket",13,"[PREMIUM]","[PREMIUM]","[PREMIUM]","[PREMIUM]",true,false,"['Clear view']","2026-07-19 19:01:01"
"13399588746","2026-07-19 23:46:17.638","2026-07-19 23:46:17.638","13399588746","161474786","[PREMIUM]","[PREMIUM]","T4","C","9001_9002","9001",,2,"[2]",1725,"Terrace Suites",10,"Mobile Transfer ticket",1,"[PREMIUM]","[PREMIUM]","[PREMIUM]","[PREMIUM]",true,false,"['Second Row of Section','Clear view']","2026-07-19 20:03:04"
"13399581689","2026-07-19 23:46:17.603","2026-07-19 23:46:17.603","13399581689","161474786","[PREMIUM]","[PREMIUM]","209","B","9001_9002","9001",,2,"[2]",407,"Upper",10,"Mobile Transfer ticket",1,"[PREMIUM]","[PREMIUM]","[PREMIUM]","[PREMIUM]",true,false,"['Second Row of Section','Clear view']","2026-07-19 20:00:53"
"13399579684","2026-07-19 23:46:17.603","2026-07-19 23:46:17.603","13399579684","161474786","[PREMIUM]","[PREMIUM]","208","A","9001_9002","9001",,2,"[2]",407,"Upper",10,"Mobile Transfer ticket",1,"[PREMIUM]","[PREMIUM]","[PREMIUM]","[PREMIUM]",true,false,"['Front Row of Section','Clear view']","2026-07-19 20:00:04"
"13378876781","2026-07-19 23:46:17.482","2026-07-19 23:46:17.482","13378876781","161474786","[PREMIUM]","[PREMIUM]","210","H","9001_9003","9001","9003",3,"[1,3]",407,"Upper",10,"Mobile Transfer ticket",13,"[PREMIUM]","[PREMIUM]","[PREMIUM]","[PREMIUM]",true,false,"['Clear view']","2026-07-17 01:58:18"
"13372628925","2026-07-19 23:46:17.391","2026-07-19 23:46:17.391","13372628925","161474785","[PREMIUM]","[PREMIUM]","115","H","_",,,6,"[6]",594,"Lower",10,"Mobile Transfer ticket",1,"[PREMIUM]","[PREMIUM]","[PREMIUM]","[PREMIUM]",true,false,"['Clear view']","2026-07-16 14:21:59"
"13398981345","2026-07-19 23:46:17.292","2026-07-19 23:46:17.292","13398981345","161474785","[PREMIUM]","[PREMIUM]","222","B","9001_9002","9001",,2,"[2]",407,"Upper",10,"Mobile Transfer ticket",1,"[PREMIUM]","[PREMIUM]","[PREMIUM]","[PREMIUM]",true,false,"['Second Row of Section','Clear view']","2026-07-19 18:20:38"
"13398981021","2026-07-19 23:46:17.292","2026-07-19 23:46:17.292","13398981021","161474785","[PREMIUM]","[PREMIUM]","210","B","9001_9002","9001",,2,"[2]",407,"Upper",10,"Mobile Transfer ticket",1,"[PREMIUM]","[PREMIUM]","[PREMIUM]","[PREMIUM]",true,false,"['Second Row of Section','Clear view']","2026-07-19 18:20:27"
"13398981926","2026-07-19 23:46:17.292","2026-07-19 23:46:17.292","13398981926","161474785","[PREMIUM]","[PREMIUM]","221","C","9001_9003","9001",,3,"[1,2,3]",407,"Upper",10,"Mobile Transfer ticket",1,"[PREMIUM]","[PREMIUM]","[PREMIUM]","[PREMIUM]",true,false,"['Third Row of Section','Clear view']","2026-07-19 18:21:06"
"13398981916","2026-07-19 23:46:17.234","2026-07-19 23:46:17.234","13398981916","161474785","[PREMIUM]","[PREMIUM]","T4","B","9001_9002","9001",,2,"[2]",1725,"Terrace Suites",10,"Mobile Transfer ticket",1,"[PREMIUM]","[PREMIUM]","[PREMIUM]","[PREMIUM]",true,false,"['Front Row of Section','Clear view']","2026-07-19 18:21:06"
"13398981917","2026-07-19 23:46:17.234","2026-07-19 23:46:17.234","13398981917","161474785","[PREMIUM]","[PREMIUM]","T6","F","9001_9003","9001",,3,"[1,2,3]",1725,"Terrace Suites",10,"Mobile Transfer ticket",1,"[PREMIUM]","[PREMIUM]","[PREMIUM]","[PREMIUM]",true,false,"['Clear view']","2026-07-19 18:21:06"
"13398981924","2026-07-19 23:46:17.234","2026-07-19 23:46:17.234","13398981924","161474785","[PREMIUM]","[PREMIUM]","T4","H","9001_9002","9001",,2,"[2]",1725,"Terrace Suites",10,"Mobile Transfer ticket",1,"[PREMIUM]","[PREMIUM]","[PREMIUM]","[PREMIUM]",true,false,"['Clear view']","2026-07-19 18:21:06"
"13398982367","2026-07-19 23:46:17.211","2026-07-19 23:46:17.211","13398982367","161474785","[PREMIUM]","[PREMIUM]","T2","D","9001_9002","9001",,2,"[2]",1725,"Terrace Suites",10,"Mobile Transfer ticket",1,"[PREMIUM]","[PREMIUM]","[PREMIUM]","[PREMIUM]",true,false,"['Third Row of Section','Clear view']","2026-07-19 18:21:40"
"13399581720","2026-07-19 23:46:16.963","2026-07-19 23:46:16.963","13399581720","161474786","[PREMIUM]","[PREMIUM]","207","D","9001_9002","9001",,2,"[2]",407,"Upper",10,"Mobile Transfer ticket",1,"[PREMIUM]","[PREMIUM]","[PREMIUM]","[PREMIUM]",true,false,"['Clear view']","2026-07-19 20:00:53"
"13399579681","2026-07-19 23:46:16.963","2026-07-19 23:46:16.963","13399579681","161474786","[PREMIUM]","[PREMIUM]","207","A","9001_9002","9001",,2,"[2]",407,"Upper",10,"Mobile Transfer ticket",1,"[PREMIUM]","[PREMIUM]","[PREMIUM]","[PREMIUM]",true,false,"['Front Row of Section','Clear view']","2026-07-19 20:00:04"
"12690593091","2026-07-19 23:46:16.888","2026-07-27 02:13:31.496","12690593091","161097029","[PREMIUM]","[PREMIUM]","119","19","11_12","11",,2,"[2]",1687,"Lower Level",10,"Mobile Transfer ticket",1,"[PREMIUM]","[PREMIUM]","[PREMIUM]","[PREMIUM]",true,false,"['Clear view']","2026-05-14 23:20:06"
"12690593104","2026-07-19 23:46:16.888","2026-08-04 02:02:45.480","12690593104","161097029","[PREMIUM]","[PREMIUM]","119","16","13_14","13",,2,"[2]",1687,"Lower Level",10,"Mobile Transfer ticket",1,"[PREMIUM]","[PREMIUM]","[PREMIUM]","[PREMIUM]",true,false,"['Clear view']","2026-05-14 23:20:06"
"13399579685","2026-07-19 23:46:16.776","2026-07-19 23:46:16.776","13399579685","161474786","[PREMIUM]","[PREMIUM]","211","C","9001_9002","9001",,2,"[2]",407,"Upper",10,"Mobile Transfer ticket",1,"[PREMIUM]","[PREMIUM]","[PREMIUM]","[PREMIUM]",true,false,"['Third Row of Section','Clear view']","2026-07-19 20:00:04"
"13381992315","2026-07-19 23:46:16.270","2026-07-22 04:06:22.428","13381992315","161493119","[PREMIUM]","[PREMIUM]","226","14","_",,,8,"[1,2,3,4,5,6,7,8]",329,"Balcony",10,"Mobile Transfer ticket",1,"[PREMIUM]","[PREMIUM]","[PREMIUM]","[PREMIUM]",true,false,"['Clear view']","2026-07-17 10:23:04"
"13393803166","2026-07-19 23:46:16.270","2026-07-19 23:46:16.270","13393803166","161493119","[PREMIUM]","[PREMIUM]","231","8","9001_9013","9001",,13,"[1,2,3,4,5,6,7,8,9,10,11,12,13]",329,"Balcony",11,"Mobile ticket",1,"[PREMIUM]","[PREMIUM]","[PREMIUM]","[PREMIUM]",true,false,"['Clear view']","2026-07-19 00:13:05"
"13393803101","2026-07-19 23:46:16.270","2026-07-19 23:46:16.270","13393803101","161493119","[PREMIUM]","[PREMIUM]","200","8","9001_9008","9001",,8,"[1,2,3,4,5,6,7,8]",329,"Balcony",11,"Mobile ticket",1,"[PREMIUM]","[PREMIUM]","[PREMIUM]","[PREMIUM]",true,false,"['Clear view']","2026-07-19 00:13:05"
"13381992312","2026-07-19 23:46:16.229","2026-07-22 04:06:22.438","13381992312","161493119","[PREMIUM]","[PREMIUM]","213","9","_",,,4,"[1,2,3,4]",329,"Balcony",10,"Mobile Transfer ticket",1,"[PREMIUM]","[PREMIUM]","[PREMIUM]","[PREMIUM]",true,false,"['Clear view']","2026-07-17 10:23:04"
"13381992303","2026-07-19 23:46:16.229","2026-07-19 23:46:16.229","13381992303","161493119","[PREMIUM]","[PREMIUM]","211","10","_",,,8,"[1,2,3,4,5,6,7,8]",329,"Balcony",10,"Mobile Transfer ticket",1,"[PREMIUM]","[PREMIUM]","[PREMIUM]","[PREMIUM]",true,false,"['Clear view']","2026-07-17 10:23:04"
"13381992278","2026-07-19 23:46:16.229","2026-07-22 04:06:22.438","13381992278","161493119","[PREMIUM]","[PREMIUM]","229","9","_",,,8,"[1,2,3,4,5,6,7,8]",329,"Balcony",10,"Mobile Transfer ticket",1,"[PREMIUM]","[PREMIUM]","[PREMIUM]","[PREMIUM]",true,false,"['Clear view']","2026-07-17 10:23:04"
"13386212851","2026-07-19 23:46:16.229","2026-07-19 23:46:16.229","13386212851","161493119","[PREMIUM]","[PREMIUM]","204","10","_",,,8,"[1,2,3,4,5,6,7,8]",329,"Balcony",10,"Mobile Transfer ticket",1,"[PREMIUM]","[PREMIUM]","[PREMIUM]","[PREMIUM]",true,false,"['Clear view']","2026-07-17 20:56:48"
"13399475425","2026-07-19 23:46:16.229","2026-07-22 04:06:22.438","13399475425","161493119","[PREMIUM]","[PREMIUM]","201","7","_",,,2,"[2]",329,"Balcony",10,"Mobile Transfer ticket",1,"[PREMIUM]","[PREMIUM]","[PREMIUM]","[PREMIUM]",true,false,"['Clear view']","2026-07-19 19:46:49"
"13387935915","2026-07-19 23:46:15.887","2026-07-19 23:46:15.887","13387935915","161493119","[PREMIUM]","[PREMIUM]","201","10","9001_9008","9001",,8,"[1,2,3,4,5,6,7,8]",329,"Balcony",10,"Mobile Transfer ticket",1,"[PREMIUM]","[PREMIUM]","[PREMIUM]","[PREMIUM]",true,false,"['Clear view']","2026-07-18 01:25:41"
"13389486330","2026-07-19 23:46:15.887","2026-07-19 23:46:15.887","13389486330","161493119","[PREMIUM]","[PREMIUM]","231","10","9001_9008","9001",,8,"[1,2,3,4,5,6,7,8]",329,"Balcony",10,"Mobile Transfer ticket",1,"[PREMIUM]","[PREMIUM]","[PREMIUM]","[PREMIUM]",true,false,"['Clear view']","2026-07-18 06:49:58"
"13389484414","2026-07-19 23:46:15.887","2026-07-19 23:46:15.887","13389484414","161493119","[PREMIUM]","[PREMIUM]","229","13","9001_9004","9001",,4,"[1,2,3,4]",329,"Balcony",10,"Mobile Transfer ticket",1,"[PREMIUM]","[PREMIUM]","[PREMIUM]","[PREMIUM]",true,false,"['Clear view']","2026-07-18 06:49:54"
"13387935883","2026-07-19 23:46:15.756","2026-07-19 23:46:15.756","13387935883","161493119","[PREMIUM]","[PREMIUM]","203","13","9001_9004","9001",,4,"[1,2,3,4]",329,"Balcony",10,"Mobile Transfer ticket",1,"[PREMIUM]","[PREMIUM]","[PREMIUM]","[PREMIUM]",true,false,"['Clear view']","2026-07-18 01:25:41"
"13388895126","2026-07-19 23:46:15.756","2026-07-22 04:06:22.292","13388895126","161493119","[PREMIUM]","[PREMIUM]","205","15","_",,,8,"[1,2,3,4,5,6,7,8]",329,"Balcony",10,"Mobile Transfer ticket",1,"[PREMIUM]","[PREMIUM]","[PREMIUM]","[PREMIUM]",true,false,"['Clear view']","2026-07-18 04:53:06"
"13394022747","2026-07-19 23:46:15.756","2026-07-22 04:06:22.292","13394022747","161493119","[PREMIUM]","[PREMIUM]","212","16","_",,,4,"[1,2,3,4]",329,"Balcony",10,"Mobile Transfer ticket",1,"[PREMIUM]","[PREMIUM]","[PREMIUM]","[PREMIUM]",true,false,"['Clear view']","2026-07-19 01:17:02"
"13394367389","2026-07-19 23:46:15.700","2026-08-04 02:02:45.081","13394367389","161097029","[PREMIUM]","[PREMIUM]","301","6","_",,,8,"[1,2,3,4,5,6,7,8]",1713,"Middle Level",10,"Mobile Transfer ticket",1,"[PREMIUM]","[PREMIUM]","[PREMIUM]","[PREMIUM]",true,false,"['Clear view']","2026-07-19 02:55:19"
"13381992343","2026-07-19 23:46:15.690","2026-07-19 23:46:15.690","13381992343","161493119","[PREMIUM]","[PREMIUM]","227","11","_",,,8,"[1,2,3,4,5,6,7,8]",329,"Balcony",10,"Mobile Transfer ticket",1,"[PREMIUM]","[PREMIUM]","[PREMIUM]","[PREMIUM]",true,false,"['Clear view']","2026-07-17 10:23:04"
"13381992318","2026-07-19 23:46:15.690","2026-07-19 23:46:15.690","13381992318","161493119","[PREMIUM]","[PREMIUM]","230","11","_",,,3,"[1,2,3]",329,"Balcony",10,"Mobile Transfer ticket",1,"[PREMIUM]","[PREMIUM]","[PREMIUM]","[PREMIUM]",true,false,"['Clear view']","2026-07-17 10:23:04"
"13394817931","2026-07-19 23:46:15.690","2026-07-19 23:46:15.690","13394817931","161493119","[PREMIUM]","[PREMIUM]","209","14","9001_9002","9001",,2,"[2]",329,"Balcony",10,"Mobile Transfer ticket",1,"[PREMIUM]","[PREMIUM]","[PREMIUM]","[PREMIUM]",true,false,"['Clear view']","2026-07-19 04:39:23"
"13398154031","2026-07-19 23:46:15.690","2026-07-19 23:46:15.690","13398154031","161493119","[PREMIUM]","[PREMIUM]","225","14","9001_9001","9001",,1,"[1]",329,"Balcony",11,"Mobile ticket",1,"[PREMIUM]","[PREMIUM]","[PREMIUM]","[PREMIUM]",false,false,"['Clear view']","2026-07-19 15:41:21"
"13399880586","2026-07-19 23:46:15.630","2026-08-04 02:02:44.982","13399880586","161097029","[PREMIUM]","[PREMIUM]","122","34","_",,,1,"[1]",1687,"Lower Level",10,"Mobile Transfer ticket",1,"[PREMIUM]","[PREMIUM]","[PREMIUM]","[PREMIUM]",false,false,"['Clear view']","2026-07-19 20:45:04"
"13396396098","2026-07-19 23:46:14.246","2026-07-24 00:24:13.582","13396396098","161400558","[PREMIUM]","[PREMIUM]","128","12","_",,,2,"[1,2]",267,"Upper Tier",10,"Mobile Transfer ticket",14,"[PREMIUM]","[PREMIUM]","[PREMIUM]","[PREMIUM]",true,false,"['Clear view']","2026-07-19 11:20:37"
"13399018322","2026-07-19 23:46:14.246","2026-08-04 02:02:37.331","13399018322","161400558","[PREMIUM]","[PREMIUM]","131","4","_",,,6,"[1,2,4,6]",267,"Upper Tier",10,"Mobile Transfer ticket",14,"[PREMIUM]","[PREMIUM]","[PREMIUM]","[PREMIUM]",true,false,"['Clear view']","2026-07-19 18:34:12"
"13396389312","2026-07-19 23:46:14.224","2026-07-19 23:46:14.224","13396389312","161400558","[PREMIUM]","[PREMIUM]","111","9","_",,,1,"[1]",267,"Upper Tier",10,"Mobile Transfer ticket",14,"[PREMIUM]","[PREMIUM]","[PREMIUM]","[PREMIUM]",false,false,"['Clear view']","2026-07-19 11:17:07"
"13396384377","2026-07-19 23:46:14.206","2026-07-19 23:46:14.206","13396384377","161400558","[PREMIUM]","[PREMIUM]","115","11","_",,,2,"[1,2]",267,"Upper Tier",10,"Mobile Transfer ticket",14,"[PREMIUM]","[PREMIUM]","[PREMIUM]","[PREMIUM]",true,false,"['Clear view']","2026-07-19 11:15:35"
"13396393508","2026-07-19 23:46:14.205","2026-07-19 23:46:14.205","13396393508","161400558","[PREMIUM]","[PREMIUM]","130","15","_",,,2,"[1,2]",267,"Upper Tier",10,"Mobile Transfer ticket",14,"[PREMIUM]","[PREMIUM]","[PREMIUM]","[PREMIUM]",true,false,"['Clear view']","2026-07-19 11:19:08"
"13399106094","2026-07-19 23:46:14.205","2026-07-19 23:46:14.205","13399106094","161400558","[PREMIUM]","[PREMIUM]","110","12","_",,,2,"[1,2]",267,"Upper Tier",10,"Mobile Transfer ticket",14,"[PREMIUM]","[PREMIUM]","[PREMIUM]","[PREMIUM]",true,false,"['Clear view']","2026-07-19 18:54:20"
"13396354452","2026-07-19 23:46:14.192","2026-07-19 23:46:14.192","13396354452","161400558","[PREMIUM]","[PREMIUM]","11","10","_",,,4,"[1,2,3,4]",265,"Lower Tier",10,"Mobile Transfer ticket",14,"[PREMIUM]","[PREMIUM]","[PREMIUM]","[PREMIUM]",true,false,"['Clear view']","2026-07-19 11:12:03"
"13396368164","2026-07-19 23:46:14.192","2026-07-24 00:24:14.969","13396368164","161400558","[PREMIUM]","[PREMIUM]","2","8","_",,,3,"[1,2,3]",265,"Lower Tier",10,"Mobile Transfer ticket",14,"[PREMIUM]","[PREMIUM]","[PREMIUM]","[PREMIUM]",true,false,"['Clear view']","2026-07-19 11:13:34"
"13396380530","2026-07-19 23:46:14.177","2026-07-19 23:46:14.177","13396380530","161400558","[PREMIUM]","[PREMIUM]","129","11","_",,,2,"[1,2]",267,"Upper Tier",10,"Mobile Transfer ticket",14,"[PREMIUM]","[PREMIUM]","[PREMIUM]","[PREMIUM]",true,false,"['Clear view']","2026-07-19 11:15:04"
"13396394418","2026-07-19 23:46:14.177","2026-07-19 23:46:14.177","13396394418","161400558","[PREMIUM]","[PREMIUM]","117","15","_",,,2,"[1,2]",267,"Upper Tier",10,"Mobile Transfer ticket",14,"[PREMIUM]","[PREMIUM]","[PREMIUM]","[PREMIUM]",true,false,"['Clear view']","2026-07-19 11:19:38"
"13396398947","2026-07-19 23:46:14.177","2026-07-19 23:46:14.177","13396398947","161400558","[PREMIUM]","[PREMIUM]","116","10","_",,,1,"[1]",267,"Upper Tier",10,"Mobile Transfer ticket",14,"[PREMIUM]","[PREMIUM]","[PREMIUM]","[PREMIUM]",false,false,"['Third Row of Section','Clear view']","2026-07-19 11:22:37"
"13396364220","2026-07-19 23:46:14.177","2026-07-19 23:46:14.177","13396364220","161400558","[PREMIUM]","[PREMIUM]","136","14","_",,,3,"[1,2,3]",267,"Upper Tier",10,"Mobile Transfer ticket",14,"[PREMIUM]","[PREMIUM]","[PREMIUM]","[PREMIUM]",true,false,"['Clear view']","2026-07-19 11:13:04"
"13396395553","2026-07-19 23:46:14.177","2026-07-19 23:46:14.177","13396395553","161400558","[PREMIUM]","[PREMIUM]","127","15","_",,,1,"[1]",267,"Upper Tier",10,"Mobile Transfer ticket",14,"[PREMIUM]","[PREMIUM]","[PREMIUM]","[PREMIUM]",false,false,"['Clear view']","2026-07-19 11:20:08"
"13396393119","2026-07-19 23:46:14.009","2026-07-19 23:46:14.009","13396393119","161400558","[PREMIUM]","[PREMIUM]","114","13","_",,,2,"[1,2]",267,"Upper Tier",10,"Mobile Transfer ticket",14,"[PREMIUM]","[PREMIUM]","[PREMIUM]","[PREMIUM]",true,false,"['Clear view']","2026-07-19 11:19:01"
"13396402745","2026-07-19 23:46:13.984","2026-07-19 23:46:13.984","13396402745","161400558","[PREMIUM]","[PREMIUM]","135","3","_",,,1,"[1]",267,"Upper Tier",10,"Mobile Transfer ticket",14,"[PREMIUM]","[PREMIUM]","[PREMIUM]","[PREMIUM]",false,false,"['Third Row of Section','Clear view']","2026-07-19 11:25:10"
"13396359208","2026-07-19 23:46:13.905","2026-07-19 23:46:13.905","13396359208","161400558","[PREMIUM]","[PREMIUM]","134","18","_",,,4,"[1,2,3,4]",267,"Upper Tier",10,"Mobile Transfer ticket",14,"[PREMIUM]","[PREMIUM]","[PREMIUM]","[PREMIUM]",true,false,"['Clear view']","2026-07-19 11:12:34"
"13396403316","2026-07-19 23:46:13.905","2026-07-19 23:46:13.905","13396403316","161400558","[PREMIUM]","[PREMIUM]","108","9","_",,,1,"[1]",267,"Upper Tier",10,"Mobile Transfer ticket",14,"[PREMIUM]","[PREMIUM]","[PREMIUM]","[PREMIUM]",false,false,"['Second Row of Section','Clear view']","2026-07-19 11:25:40"
"13396442568","2026-07-19 23:46:13.620","2026-07-19 23:46:13.620","13396442568","161400543","[PREMIUM]","[PREMIUM]","127","15","_",,,2,"[1,2]",267,"Upper Tier",10,"Mobile Transfer ticket",14,"[PREMIUM]","[PREMIUM]","[PREMIUM]","[PREMIUM]",true,false,"['Clear view']","2026-07-19 11:38:08"
"13396460165","2026-07-19 23:46:13.620","2026-07-19 23:46:13.620","13396460165","161400543","[PREMIUM]","[PREMIUM]","116","10","_",,,1,"[1]",267,"Upper Tier",10,"Mobile Transfer ticket",14,"[PREMIUM]","[PREMIUM]","[PREMIUM]","[PREMIUM]",false,false,"['Third Row of Section','Clear view']","2026-07-19 11:41:10"
"13396462061","2026-07-19 23:46:13.620","2026-07-19 23:46:13.620","13396462061","161400543","[PREMIUM]","[PREMIUM]","117","15","_",,,2,"[1,2]",267,"Upper Tier",10,"Mobile Transfer ticket",14,"[PREMIUM]","[PREMIUM]","[PREMIUM]","[PREMIUM]",true,false,"['Clear view']","2026-07-19 11:41:39"
"13396432685","2026-07-19 23:46:13.576","2026-07-19 23:46:13.576","13396432685","161400543","[PREMIUM]","[PREMIUM]","111","6","_",,,2,"[1,2]",267,"Upper Tier",10,"Mobile Transfer ticket",14,"[PREMIUM]","[PREMIUM]","[PREMIUM]","[PREMIUM]",true,false,"['Clear view']","2026-07-19 11:36:07"
"13396451895","2026-07-19 23:46:13.559","2026-07-28 23:22:11.686","13396451895","161400543","[PREMIUM]","[PREMIUM]","21",,"_",,,1,"[1]",265,"Lower Tier",10,"Mobile Transfer ticket",14,"[PREMIUM]","[PREMIUM]","[PREMIUM]","[PREMIUM]",false,true,"['Clear view']","2026-07-19 11:39:39"
"13398897989","2026-07-19 23:46:13.395","2026-07-27 02:13:16.645","13398897989","161400543","[PREMIUM]","[PREMIUM]","22","10","_",,,2,"[2]",265,"Lower Tier",10,"Mobile Transfer ticket",14,"[PREMIUM]","[PREMIUM]","[PREMIUM]","[PREMIUM]",true,false,"['Clear view']","2026-07-19 18:08:55"
"13396463663","2026-07-19 23:46:13.381","2026-07-19 23:46:13.381","13396463663","161400543","[PREMIUM]","[PREMIUM]","12","8","_",,,2,"[1,2]",265,"Lower Tier",10,"Mobile Transfer ticket",14,"[PREMIUM]","[PREMIUM]","[PREMIUM]","[PREMIUM]",true,false,"['Clear view']","2026-07-19 11:42:09"
"13396412612","2026-07-19 23:46:13.381","2026-07-19 23:46:13.381","13396412612","161400543","[PREMIUM]","[PREMIUM]","11","8","_",,,3,"[1,2,3]",265,"Lower Tier",10,"Mobile Transfer ticket",14,"[PREMIUM]","[PREMIUM]","[PREMIUM]","[PREMIUM]",true,false,"['Clear view']","2026-07-19 11:31:05"
"13396417379","2026-07-19 23:46:13.381","2026-07-27 02:13:17.085","13396417379","161400543","[PREMIUM]","[PREMIUM]","2","8","_",,,3,"[1,2,3]",265,"Lower Tier",10,"Mobile Transfer ticket",14,"[PREMIUM]","[PREMIUM]","[PREMIUM]","[PREMIUM]",true,false,"['Clear view']","2026-07-19 11:32:36"
"13375148419","2026-07-19 23:46:13.314","2026-07-30 00:15:18.907","13375148419","161400543","[PREMIUM]","[PREMIUM]","9","21","_",,,3,"[1,3]",265,"Lower Tier",10,"Mobile Transfer ticket",1,"[PREMIUM]","[PREMIUM]","[PREMIUM]","[PREMIUM]",true,false,"['Clear view']","2026-07-16 18:31:37"
"13396469430","2026-07-19 23:46:13.314","2026-07-19 23:46:13.314","13396469430","161400543","[PREMIUM]","[PREMIUM]","135","3","_",,,2,"[1,2]",267,"Upper Tier",10,"Mobile Transfer ticket",14,"[PREMIUM]","[PREMIUM]","[PREMIUM]","[PREMIUM]",true,false,"['Third Row of Section','Clear view']","2026-07-19 11:44:11"
"13388080970","2026-07-19 23:46:13.267","2026-08-02 23:18:56.520","13388080970","161470418","[PREMIUM]","[PREMIUM]","104",,"_",,,4,"[1,2,3,4]",471,"Middle",10,"Mobile Transfer ticket",1,"[PREMIUM]","[PREMIUM]","[PREMIUM]","[PREMIUM]",true,true,"['Clear view']","2026-07-18 01:57:46"
"13396439152","2026-07-19 23:46:13.227","2026-07-19 23:46:13.227","13396439152","161400543","[PREMIUM]","[PREMIUM]","114","13","_",,,2,"[1,2]",267,"Upper Tier",10,"Mobile Transfer ticket",14,"[PREMIUM]","[PREMIUM]","[PREMIUM]","[PREMIUM]",true,false,"['Clear view']","2026-07-19 11:37:37"
"13396436564","2026-07-19 23:46:13.227","2026-07-19 23:46:13.227","13396436564","161400543","[PREMIUM]","[PREMIUM]","130","15","_",,,1,"[1]",267,"Upper Tier",10,"Mobile Transfer ticket",14,"[PREMIUM]","[PREMIUM]","[PREMIUM]","[PREMIUM]",false,false,"['Clear view']","2026-07-19 11:37:07"
"13396434431","2026-07-19 23:46:13.227","2026-07-19 23:46:13.227","13396434431","161400543","[PREMIUM]","[PREMIUM]","110","12","_",,,1,"[1]",267,"Upper Tier",10,"Mobile Transfer ticket",14,"[PREMIUM]","[PREMIUM]","[PREMIUM]","[PREMIUM]",false,false,"['Clear view']","2026-07-19 11:36:37"
"13396415915","2026-07-19 23:46:13.120","2026-07-19 23:46:13.120","13396415915","161400543","[PREMIUM]","[PREMIUM]","136","14","_",,,3,"[1,2,3]",267,"Upper Tier",10,"Mobile Transfer ticket",14,"[PREMIUM]","[PREMIUM]","[PREMIUM]","[PREMIUM]",true,false,"['Clear view']","2026-07-19 11:32:05"
"13396419159","2026-07-19 23:46:13.120","2026-07-19 23:46:13.120","13396419159","161400543","[PREMIUM]","[PREMIUM]","129","11","_",,,2,"[1,2]",267,"Upper Tier",10,"Mobile Transfer ticket",14,"[PREMIUM]","[PREMIUM]","[PREMIUM]","[PREMIUM]",true,false,"['Clear view']","2026-07-19 11:33:08"
"13396471597","2026-07-19 23:46:13.120","2026-07-19 23:46:13.120","13396471597","161400543","[PREMIUM]","[PREMIUM]","108","9","_",,,1,"[1]",267,"Upper Tier",10,"Mobile Transfer ticket",14,"[PREMIUM]","[PREMIUM]","[PREMIUM]","[PREMIUM]",false,false,"['Second Row of Section','Clear view']","2026-07-19 11:44:40"
"13396414293","2026-07-19 23:46:13.120","2026-07-19 23:46:13.120","13396414293","161400543","[PREMIUM]","[PREMIUM]","134","18","_",,,4,"[1,2,3,4]",267,"Upper Tier",10,"Mobile Transfer ticket",14,"[PREMIUM]","[PREMIUM]","[PREMIUM]","[PREMIUM]",true,false,"['Clear view']","2026-07-19 11:31:35"
"13389316180","2026-07-19 23:46:13.100","2026-08-04 02:02:37.108","13389316180","161400543","[PREMIUM]","[PREMIUM]","109","6","1_2","1","2",2,"[2]",267,"Upper Tier",10,"Mobile Transfer ticket",1,"[PREMIUM]","[PREMIUM]","[PREMIUM]","[PREMIUM]",true,false,"['Clear view']","2026-07-18 06:04:30"
"13396424817","2026-07-19 23:46:13.100","2026-08-04 02:02:37.215","13396424817","161400543","[PREMIUM]","[PREMIUM]","115","11","_",,,3,"[1,2,3]",267,"Upper Tier",10,"Mobile Transfer ticket",14,"[PREMIUM]","[PREMIUM]","[PREMIUM]","[PREMIUM]",true,false,"['Clear view']","2026-07-19 11:34:44"
"13396446067","2026-07-19 23:46:13.083","2026-07-19 23:46:13.083","13396446067","161400543","[PREMIUM]","[PREMIUM]","128","12","_",,,2,"[1,2]",267,"Upper Tier",10,"Mobile Transfer ticket",14,"[PREMIUM]","[PREMIUM]","[PREMIUM]","[PREMIUM]",true,false,"['Clear view']","2026-07-19 11:38:38"
"13399018327","2026-07-19 23:46:12.711","2026-08-04 02:02:37.449","13399018327","161400558","[PREMIUM]","[PREMIUM]","135","20","_",,,10,"[1,2,3,4,5,6,8,10]",267,"Upper Tier",10,"Mobile Transfer ticket",14,"[PREMIUM]","[PREMIUM]","[PREMIUM]","[PREMIUM]",true,false,"['Clear view']","2026-07-19 18:34:12"
"13398897860","2026-07-19 23:46:12.513","2026-07-23 01:50:23.539","13398897860","161400543","[PREMIUM]","[PREMIUM]","116","20","_",,,2,"[2]",267,"Upper Tier",10,"Mobile Transfer ticket",14,"[PREMIUM]","[PREMIUM]","[PREMIUM]","[PREMIUM]",true,false,"['Clear view']","2026-07-19 18:08:55"
"13397584499","2026-07-19 23:46:12.513","2026-07-30 00:15:17.401","13397584499","161400543","[PREMIUM]","[PREMIUM]","128","19","_",,,2,"[2]",267,"Upper Tier",10,"Mobile Transfer ticket",14,"[PREMIUM]","[PREMIUM]","[PREMIUM]","[PREMIUM]",true,false,"['Clear view']","2026-07-19 14:01:53"
"13399994104","2026-07-19 23:46:12.513","2026-07-23 01:50:23.539","13399994104","161400543","[PREMIUM]","[PREMIUM]","136","18","_",,,2,"[2]",267,"Upper Tier",10,"Mobile Transfer ticket",14,"[PREMIUM]","[PREMIUM]","[PREMIUM]","[PREMIUM]",true,false,"['Clear view']","2026-07-19 21:01:49"
"13399991465","2026-07-19 23:46:11.972","2026-08-04 02:02:34.950","13399991465","161461293","[PREMIUM]","[PREMIUM]","106","X","_",,,2,"[2]",5002,"Main Concourse",10,"Mobile Transfer ticket",1,"[PREMIUM]","[PREMIUM]","[PREMIUM]","[PREMIUM]",true,false,"['Clear view']","2026-07-19 21:01:17"
"13397961623","2026-07-19 23:46:11.651","2026-07-19 23:46:11.651","13397961623","161400550","[PREMIUM]","[PREMIUM]","109","5","_",,,2,"[1,2]",267,"Upper Tier",10,"Mobile Transfer ticket",14,"[PREMIUM]","[PREMIUM]","[PREMIUM]","[PREMIUM]",true,false,"['Clear view']","2026-07-19 14:59:03"
"13397961622","2026-07-19 23:46:11.650","2026-07-19 23:46:11.650","13397961622","161400550","[PREMIUM]","[PREMIUM]","117","15","_",,,2,"[1,2]",267,"Upper Tier",10,"Mobile Transfer ticket",14,"[PREMIUM]","[PREMIUM]","[PREMIUM]","[PREMIUM]",true,false,"['Clear view']","2026-07-19 14:59:03"
"13399744339","2026-07-19 23:46:11.650","2026-08-04 02:02:32.527","13399744339","161400550","[PREMIUM]","[PREMIUM]","109","6","1_2","1","2",2,"[2]",267,"Upper Tier",10,"Mobile Transfer ticket",1,"[PREMIUM]","[PREMIUM]","[PREMIUM]","[PREMIUM]",true,false,"['Clear view']","2026-07-19 20:26:14"
"13397961616","2026-07-19 23:46:11.645","2026-07-19 23:46:11.645","13397961616","161400550","[PREMIUM]","[PREMIUM]","115","11","_",,,2,"[1,2]",267,"Upper Tier",10,"Mobile Transfer ticket",14,"[PREMIUM]","[PREMIUM]","[PREMIUM]","[PREMIUM]",true,false,"['Clear view']","2026-07-19 14:59:02"
"13397961625","2026-07-19 23:46:11.622","2026-07-19 23:46:11.622","13397961625","161400550","[PREMIUM]","[PREMIUM]","11","10","_",,,4,"[1,2,3,4]",265,"Lower Tier",10,"Mobile Transfer ticket",14,"[PREMIUM]","[PREMIUM]","[PREMIUM]","[PREMIUM]",true,false,"['Clear view']","2026-07-19 14:59:03"
"13397961731","2026-07-19 23:46:11.622","2026-07-19 23:46:11.622","13397961731","161400550","[PREMIUM]","[PREMIUM]","12","8","_",,,2,"[1,2]",265,"Lower Tier",10,"Mobile Transfer ticket",14,"[PREMIUM]","[PREMIUM]","[PREMIUM]","[PREMIUM]",true,false,"['Clear view']","2026-07-19 14:59:04"
"13397961721","2026-07-19 23:46:11.622","2026-07-22 04:06:11.246","13397961721","161400550","[PREMIUM]","[PREMIUM]","2","8","_",,,3,"[1,2,3]",265,"Lower Tier",10,"Mobile Transfer ticket",14,"[PREMIUM]","[PREMIUM]","[PREMIUM]","[PREMIUM]",true,false,"['Clear view']","2026-07-19 14:59:03"
"13397961608","2026-07-19 23:46:11.611","2026-07-19 23:46:11.611","13397961608","161400550","[PREMIUM]","[PREMIUM]","108","9","_",,,1,"[1]",267,"Upper Tier",10,"Mobile Transfer ticket",14,"[PREMIUM]","[PREMIUM]","[PREMIUM]","[PREMIUM]",false,false,"['Second Row of Section','Clear view']","2026-07-19 14:59:02"
"13397961683","2026-07-19 23:46:11.611","2026-07-19 23:46:11.611","13397961683","161400550","[PREMIUM]","[PREMIUM]","137","14","_",,,1,"[1]",267,"Upper Tier",10,"Mobile Transfer ticket",14,"[PREMIUM]","[PREMIUM]","[PREMIUM]","[PREMIUM]",false,false,"['Clear view']","2026-07-19 14:59:03"
"13397961741","2026-07-19 23:46:11.611","2026-07-19 23:46:11.611","13397961741","161400550","[PREMIUM]","[PREMIUM]","134","18","_",,,3,"[1,2,3]",267,"Upper Tier",10,"Mobile Transfer ticket",14,"[PREMIUM]","[PREMIUM]","[PREMIUM]","[PREMIUM]",true,false,"['Clear view']","2026-07-19 14:59:04"
"13397961768","2026-07-19 23:46:11.611","2026-07-19 23:46:11.611","13397961768","161400550","[PREMIUM]","[PREMIUM]","136","14","_",,,3,"[1,2,3]",267,"Upper Tier",10,"Mobile Transfer ticket",14,"[PREMIUM]","[PREMIUM]","[PREMIUM]","[PREMIUM]",true,false,"['Clear view']","2026-07-19 14:59:04"
"13397961689","2026-07-19 23:46:11.607","2026-07-19 23:46:11.607","13397961689","161400550","[PREMIUM]","[PREMIUM]","116","10","_",,,2,"[1,2]",267,"Upper Tier",10,"Mobile Transfer ticket",14,"[PREMIUM]","[PREMIUM]","[PREMIUM]","[PREMIUM]",true,false,"['Third Row of Section','Clear view']","2026-07-19 14:59:03"
"13397961666","2026-07-19 23:46:11.607","2026-07-19 23:46:11.607","13397961666","161400550","[PREMIUM]","[PREMIUM]","129","11","_",,,3,"[1,2,3]",267,"Upper Tier",10,"Mobile Transfer ticket",14,"[PREMIUM]","[PREMIUM]","[PREMIUM]","[PREMIUM]",true,false,"['Clear view']","2026-07-19 14:59:03"
"13397961751","2026-07-19 23:46:11.607","2026-07-19 23:46:11.607","13397961751","161400550","[PREMIUM]","[PREMIUM]","128","12","_",,,2,"[1,2]",267,"Upper Tier",10,"Mobile Transfer ticket",14,"[PREMIUM]","[PREMIUM]","[PREMIUM]","[PREMIUM]",true,false,"['Clear view']","2026-07-19 14:59:04"
"13397961743","2026-07-19 23:46:11.602","2026-07-19 23:46:11.602","13397961743","161400550","[PREMIUM]","[PREMIUM]","127","15","_",,,1,"[1]",267,"Upper Tier",10,"Mobile Transfer ticket",14,"[PREMIUM]","[PREMIUM]","[PREMIUM]","[PREMIUM]",false,false,"['Clear view']","2026-07-19 14:59:04"
"13397961671","2026-07-19 23:46:11.587","2026-07-19 23:46:11.587","13397961671","161400550","[PREMIUM]","[PREMIUM]","135","3","_",,,2,"[1,2]",267,"Upper Tier",10,"Mobile Transfer ticket",14,"[PREMIUM]","[PREMIUM]","[PREMIUM]","[PREMIUM]",true,false,"['Third Row of Section','Clear view']","2026-07-19 14:59:03"
"13397961685","2026-07-19 23:46:11.546","2026-07-19 23:46:11.546","13397961685","161400550","[PREMIUM]","[PREMIUM]","114","13","_",,,1,"[1]",267,"Upper Tier",10,"Mobile Transfer ticket",14,"[PREMIUM]","[PREMIUM]","[PREMIUM]","[PREMIUM]",false,false,"['Clear view']","2026-07-19 14:59:03"
"13397961679","2026-07-19 23:46:11.546","2026-07-19 23:46:11.546","13397961679","161400550","[PREMIUM]","[PREMIUM]","130","15","_",,,1,"[1]",267,"Upper Tier",10,"Mobile Transfer ticket",14,"[PREMIUM]","[PREMIUM]","[PREMIUM]","[PREMIUM]",false,false,"['Clear view']","2026-07-19 14:59:03"
"13397961678","2026-07-19 23:46:11.546","2026-07-19 23:46:11.546","13397961678","161400550","[PREMIUM]","[PREMIUM]","133","15","_",,,1,"[1]",267,"Upper Tier",10,"Mobile Transfer ticket",14,"[PREMIUM]","[PREMIUM]","[PREMIUM]","[PREMIUM]",false,false,"['Clear view']","2026-07-19 14:59:03"
"13397961649","2026-07-19 23:46:11.546","2026-07-19 23:46:11.546","13397961649","161400550","[PREMIUM]","[PREMIUM]","110","12","_",,,1,"[1]",267,"Upper Tier",10,"Mobile Transfer ticket",14,"[PREMIUM]","[PREMIUM]","[PREMIUM]","[PREMIUM]",false,false,"['Clear view']","2026-07-19 14:59:03"
"13388081011","2026-07-19 23:46:11.230","2026-07-22 04:06:09.132","13388081011","161470401","[PREMIUM]","[PREMIUM]","104",,"_",,,4,"[1,2,3,4]",471,"Middle",10,"Mobile Transfer ticket",1,"[PREMIUM]","[PREMIUM]","[PREMIUM]","[PREMIUM]",true,true,"['Clear view']","2026-07-18 01:57:46"
"13400750180","2026-07-19 23:46:10.868","2026-08-04 02:02:34.380","13400750180","161470434","[PREMIUM]","[PREMIUM]","1","D","_",,,2,"[1,2]",594,"Lower",10,"Mobile Transfer ticket",1,"[PREMIUM]","[PREMIUM]","[PREMIUM]","[PREMIUM]",true,false,"['Clear view']","2026-07-19 23:34:56"
"13392799226","2026-07-19 23:46:10.432","2026-08-04 02:02:30.920","13392799226","161470398","[PREMIUM]","[PREMIUM]","104",,"_",,,2,"[1,2]",471,"Middle",10,"Mobile Transfer ticket",1,"[PREMIUM]","[PREMIUM]","[PREMIUM]","[PREMIUM]",true,true,"['Clear view']","2026-07-18 20:39:47"
"13394604115","2026-07-19 23:46:10.423","2026-08-02 23:18:53.522","13394604115","161470398","[PREMIUM]","[PREMIUM]","6","K","_",,,2,"[2]",594,"Lower",9,"Mobile Transfer ticket",1,"[PREMIUM]","[PREMIUM]","[PREMIUM]","[PREMIUM]",true,false,"['Includes VIP pass','Access to VIP Lounge','Paperless Tickets','VIP Club Access w/ private entrance & restrooms','Tickets give you access to a private VIP bar','Padded Seats','Clear view']","2026-07-19 03:59:51"
"13376420907","2026-07-19 23:46:10.209","2026-07-24 00:24:08.495","13376420907","161470398","[PREMIUM]","[PREMIUM]","216","E","_",,,4,"[2,4]",407,"Upper",9,"Mobile Transfer ticket",1,"[PREMIUM]","[PREMIUM]","[PREMIUM]","[PREMIUM]",true,false,"['Clear view']","2026-07-16 21:05:23"
"13382342493","2026-07-19 23:46:10.096","2026-07-23 01:50:28.032","13382342493","161470398","[PREMIUM]","[PREMIUM]","222","E","_",,,4,"[1,2,3,4]",407,"Upper",10,"Mobile Transfer ticket",1,"[PREMIUM]","[PREMIUM]","[PREMIUM]","[PREMIUM]",true,false,"['Clear view']","2026-07-17 11:18:43"
"13398696934","2026-07-19 23:46:10.096","2026-07-27 23:24:11.814","13398696934","161470398","[PREMIUM]","[PREMIUM]","211","K","_",,,2,"[2]",407,"Upper",10,"Mobile Transfer ticket",1,"[PREMIUM]","[PREMIUM]","[PREMIUM]","[PREMIUM]",true,false,"['Clear view']","2026-07-19 17:31:45"
"13400716291","2026-07-19 23:46:10.089","2026-07-30 00:15:13.720","13400716291","161470398","[PREMIUM]","[PREMIUM]","1","D","_",,,3,"[1,3]",594,"Lower",10,"Mobile Transfer ticket",1,"[PREMIUM]","[PREMIUM]","[PREMIUM]","[PREMIUM]",true,false,"['Clear view']","2026-07-19 23:24:30"
"13393813337","2026-07-19 23:46:10.072","2026-07-24 00:24:08.643","13393813337","161470398","[PREMIUM]","[PREMIUM]","20","Y","3_4","3",,2,"[2]",594,"Lower",9,"Mobile Transfer ticket",1,"[PREMIUM]","[PREMIUM]","[PREMIUM]","[PREMIUM]",true,false,"['Clear view']","2026-07-19 00:16:46"
"13377623297","2026-07-19 23:46:09.952","2026-08-04 02:02:30.943","13377623297","161470398","[PREMIUM]","[PREMIUM]","13","Z","_",,,2,"[1,2]",594,"Lower",10,"Mobile Transfer ticket",1,"[PREMIUM]","[PREMIUM]","[PREMIUM]","[PREMIUM]",true,false,"['Clear view']","2026-07-16 23:27:24"
"13400721593","2026-07-19 23:46:09.952","2026-08-04 02:02:30.883","13400721593","161470398","[PREMIUM]","[PREMIUM]","L4","C","1_4","1","4",4,"[4]",3600,"Loge Box",9,"Mobile Transfer ticket",1,"[PREMIUM]","[PREMIUM]","[PREMIUM]","[PREMIUM]",true,false,"['4 person box','Access to VIP Lounge','Clear view']","2026-07-19 23:25:23"
"13387535968","2026-07-19 23:46:09.399","2026-07-27 02:13:09.100","13387535968","161470416","[PREMIUM]","[PREMIUM]","20","Y","3_6","3",,4,"[1,2,4]",594,"Lower",9,"Mobile Transfer ticket",1,"[PREMIUM]","[PREMIUM]","[PREMIUM]","[PREMIUM]",true,false,"['Clear view']","2026-07-18 00:02:30"
"13400755410","2026-07-19 23:46:09.399","2026-08-04 02:02:30.057","13400755410","161470416","[PREMIUM]","[PREMIUM]","1","D","_",,,2,"[2]",594,"Lower",10,"Mobile Transfer ticket",1,"[PREMIUM]","[PREMIUM]","[PREMIUM]","[PREMIUM]",true,false,"['Clear view']","2026-07-19 23:36:18"
"13396514707","2026-07-19 23:46:09.200","2026-07-19 23:46:09.200","13396514707","161400525","[PREMIUM]","[PREMIUM]","109","5","_",,,1,"[1]",267,"Upper Tier",10,"Mobile Transfer ticket",14,"[PREMIUM]","[PREMIUM]","[PREMIUM]","[PREMIUM]",false,false,"['Clear view']","2026-07-19 11:51:42"
"13375924279","2026-07-19 23:46:09.176","2026-07-30 00:15:12.257","13375924279","161400525","[PREMIUM]","[PREMIUM]","109","14","5_8","5","8",4,"[2,4]",267,"Upper Tier",10,"Mobile Transfer ticket",1,"[PREMIUM]","[PREMIUM]","[PREMIUM]","[PREMIUM]",true,false,"['Clear view']","2026-07-16 20:06:22"
"13398328981","2026-07-19 23:46:09.175","2026-07-31 06:40:31.205","13398328981","161470434","[PREMIUM]","[PREMIUM]","214",,"_",,,2,"[1,2]",407,"Upper",10,"Mobile Transfer ticket",1,"[PREMIUM]","[PREMIUM]","[PREMIUM]","[PREMIUM]",true,true,"['Clear view']","2026-07-19 16:15:37"
"13396469434","2026-07-19 23:46:09.112","2026-07-19 23:46:09.112","13396469434","161400525","[PREMIUM]","[PREMIUM]","136","14","_",,,3,"[1,2,3]",267,"Upper Tier",10,"Mobile Transfer ticket",14,"[PREMIUM]","[PREMIUM]","[PREMIUM]","[PREMIUM]",true,false,"['Clear view']","2026-07-19 11:44:11"
"13397197871","2026-07-19 23:46:09.112","2026-07-19 23:46:09.112","13397197871","161400525","[PREMIUM]","[PREMIUM]","108","9","_",,,1,"[1]",267,"Upper Tier",10,"Mobile Transfer ticket",14,"[PREMIUM]","[PREMIUM]","[PREMIUM]","[PREMIUM]",false,false,"['Second Row of Section','Clear view']","2026-07-19 13:26:42"
"13396465672","2026-07-19 23:46:09.098","2026-07-19 23:46:09.098","13396465672","161400525","[PREMIUM]","[PREMIUM]","11","10","_",,,4,"[1,2,3,4]",265,"Lower Tier",10,"Mobile Transfer ticket",14,"[PREMIUM]","[PREMIUM]","[PREMIUM]","[PREMIUM]",true,false,"['Clear view']","2026-07-19 11:42:41"
"13396516268","2026-07-19 23:46:09.098","2026-07-19 23:46:09.098","13396516268","161400525","[PREMIUM]","[PREMIUM]","12","8","_",,,1,"[1]",265,"Lower Tier",10,"Mobile Transfer ticket",14,"[PREMIUM]","[PREMIUM]","[PREMIUM]","[PREMIUM]",false,false,"['Clear view']","2026-07-19 11:52:13"
"13396471625","2026-07-19 23:46:09.098","2026-07-21 02:36:23.448","13396471625","161400525","[PREMIUM]","[PREMIUM]","2","8","_",,,2,"[1,2]",265,"Lower Tier",10,"Mobile Transfer ticket",14,"[PREMIUM]","[PREMIUM]","[PREMIUM]","[PREMIUM]",true,false,"['Clear view']","2026-07-19 11:44:41"
"13396476175","2026-07-19 23:46:08.800","2026-07-19 23:46:08.800","13396476175","161400525","[PREMIUM]","[PREMIUM]","129","11","_",,,3,"[1,2,3]",267,"Upper Tier",10,"Mobile Transfer ticket",14,"[PREMIUM]","[PREMIUM]","[PREMIUM]","[PREMIUM]",true,false,"['Clear view']","2026-07-19 11:45:41"
"13396485181","2026-07-19 23:46:08.800","2026-07-19 23:46:08.800","13396485181","161400525","[PREMIUM]","[PREMIUM]","115","10","_",,,3,"[1,2,3]",267,"Upper Tier",10,"Mobile Transfer ticket",14,"[PREMIUM]","[PREMIUM]","[PREMIUM]","[PREMIUM]",true,false,"['Clear view']","2026-07-19 11:47:11"
"13396521987","2026-07-19 23:46:08.800","2026-07-19 23:46:08.800","13396521987","161400525","[PREMIUM]","[PREMIUM]","116","10","_",,,2,"[1,2]",267,"Upper Tier",10,"Mobile Transfer ticket",14,"[PREMIUM]","[PREMIUM]","[PREMIUM]","[PREMIUM]",true,false,"['Third Row of Section','Clear view']","2026-07-19 11:53:43"
"13396501985","2026-07-19 23:46:08.761","2026-07-19 23:46:08.761","13396501985","161400525","[PREMIUM]","[PREMIUM]","110","12","_",,,1,"[1]",267,"Upper Tier",10,"Mobile Transfer ticket",14,"[PREMIUM]","[PREMIUM]","[PREMIUM]","[PREMIUM]",false,false,"['Clear view']","2026-07-19 11:48:42"
"13396504661","2026-07-19 23:46:08.761","2026-07-19 23:46:08.761","13396504661","161400525","[PREMIUM]","[PREMIUM]","114","13","_",,,2,"[1,2]",267,"Upper Tier",10,"Mobile Transfer ticket",14,"[PREMIUM]","[PREMIUM]","[PREMIUM]","[PREMIUM]",true,false,"['Clear view']","2026-07-19 11:49:12"
"13396490949","2026-07-19 23:46:08.761","2026-07-19 23:46:08.761","13396490949","161400525","[PREMIUM]","[PREMIUM]","133","15","_",,,1,"[1]",267,"Upper Tier",10,"Mobile Transfer ticket",14,"[PREMIUM]","[PREMIUM]","[PREMIUM]","[PREMIUM]",false,false,"['Clear view']","2026-07-19 11:47:40"
"13396507238","2026-07-19 23:46:08.761","2026-07-19 23:46:08.761","13396507238","161400525","[PREMIUM]","[PREMIUM]","130","15","_",,,2,"[1,2]",267,"Upper Tier",10,"Mobile Transfer ticket",14,"[PREMIUM]","[PREMIUM]","[PREMIUM]","[PREMIUM]",true,false,"['Clear view']","2026-07-19 11:49:41"
"13396510550","2026-07-19 23:46:08.761","2026-07-19 23:46:08.761","13396510550","161400525","[PREMIUM]","[PREMIUM]","127","15","_",,,2,"[1,2]",267,"Upper Tier",10,"Mobile Transfer ticket",14,"[PREMIUM]","[PREMIUM]","[PREMIUM]","[PREMIUM]",true,false,"['Clear view']","2026-07-19 11:50:41"
"13396467637","2026-07-19 23:46:08.709","2026-07-19 23:46:08.709","13396467637","161400525","[PREMIUM]","[PREMIUM]","134","18","_",,,3,"[1,2,3]",267,"Upper Tier",10,"Mobile Transfer ticket",14,"[PREMIUM]","[PREMIUM]","[PREMIUM]","[PREMIUM]",true,false,"['Clear view']","2026-07-19 11:43:41"
"13396524458","2026-07-19 23:46:08.709","2026-07-21 02:36:21.238","13396524458","161400525","[PREMIUM]","[PREMIUM]","128","12","_",,,1,"[1]",267,"Upper Tier",10,"Mobile Transfer ticket",14,"[PREMIUM]","[PREMIUM]","[PREMIUM]","[PREMIUM]",false,false,"['Clear view']","2026-07-19 11:54:14"
"13398202669","2026-07-19 23:46:08.709","2026-07-21 02:36:20.964","13398202669","161400525","[PREMIUM]","[PREMIUM]","111","6","1_4","1","4",4,"[2,4]",267,"Upper Tier",10,"Mobile Transfer ticket",1,"[PREMIUM]","[PREMIUM]","[PREMIUM]","[PREMIUM]",true,false,"['Clear view']","2026-07-19 15:49:27"
"13399326349","2026-07-19 23:46:08.540","2026-07-25 23:11:37.400","13399326349","161470398","[PREMIUM]","[PREMIUM]","216","L","_",,,2,"[2]",407,"Upper",10,"Mobile Transfer ticket",1,"[PREMIUM]","[PREMIUM]","[PREMIUM]","[PREMIUM]",true,false,"['Clear view']","2026-07-19 19:28:56"
"13398578260","2026-07-19 23:46:07.487","2026-08-04 02:02:28.630","13398578260","161461313","[PREMIUM]","[PREMIUM]","104","L","_",,,2,"[2]",5002,"Main Concourse",10,"Mobile Transfer ticket",1,"[PREMIUM]","[PREMIUM]","[PREMIUM]","[PREMIUM]",true,false,"['Clear view']","2026-07-19 17:05:34"
"13398179229","2026-07-19 23:46:07.462","2026-08-04 02:02:28.309","13398179229","161436389","[PREMIUM]","[PREMIUM]","217","C","_",,,4,"[1,2,3,4]",407,"Upper",10,"Mobile Transfer ticket",1,"[PREMIUM]","[PREMIUM]","[PREMIUM]","[PREMIUM]",true,false,"['Third Row of Section','Clear view']","2026-07-19 15:46:26"
"13374975807","2026-07-19 23:46:07.039","2026-07-23 01:50:16.264","13374975807","161436389","[PREMIUM]","[PREMIUM]","204",,"_",,,4,"[1,2,3,4]",407,"Upper",10,"Mobile Transfer ticket",1,"[PREMIUM]","[PREMIUM]","[PREMIUM]","[PREMIUM]",true,true,"['Clear view']","2026-07-16 18:16:53"
"13386092285","2026-07-19 23:46:07.039","2026-07-23 01:50:16.264","13386092285","161436389","[PREMIUM]","[PREMIUM]","214","N","9998_9999","9998","9999",2,"[2]",407,"Upper",10,"Mobile Transfer ticket",1,"[PREMIUM]","[PREMIUM]","[PREMIUM]","[PREMIUM]",true,false,"['Clear view']","2026-07-17 20:38:56"
"13393678374","2026-07-19 23:46:07.039","2026-08-04 02:02:28.754","13393678374","161436389","[PREMIUM]","[PREMIUM]","6","K","_",,,4,"[2,4]",594,"Lower",9,"Mobile Transfer ticket",1,"[PREMIUM]","[PREMIUM]","[PREMIUM]","[PREMIUM]",true,false,"['Access to VIP Lounge','Includes VIP pass','Tickets give you access to a private VIP bar','VIP Club Access w/ private entrance & restrooms','Padded Seats','Paperless Tickets','Clear view']","2026-07-18 23:45:22"
"13399508957","2026-07-19 23:46:07.036","2026-07-31 06:40:26.114","13399508957","161436389","[PREMIUM]","[PREMIUM]","14","J","1_4","1",,4,"[2,4]",594,"Lower",9,"Mobile Transfer ticket",1,"[PREMIUM]","[PREMIUM]","[PREMIUM]","[PREMIUM]",true,false,"['Aisle seat','Clear view']","2026-07-19 19:52:24"
"13398687475","2026-07-19 23:46:06.873","2026-08-04 02:02:27.366","13398687475","161311331","[PREMIUM]","[PREMIUM]","114","H","_",,,4,"[1,2,4]",7764,"Plaza Middle",10,"Mobile Transfer ticket",1,"[PREMIUM]","[PREMIUM]","[PREMIUM]","[PREMIUM]",true,false,"['Clear view']","2026-07-19 17:28:14"
"13400347806","2026-07-19 23:46:06.723","2026-08-04 02:02:28.403","13400347806","161436389","[PREMIUM]","[PREMIUM]","225","C","_",,,3,"[1,3]",407,"Upper",10,"Mobile Transfer ticket",1,"[PREMIUM]","[PREMIUM]","[PREMIUM]","[PREMIUM]",true,false,"['Third Row of Section','Clear view']","2026-07-19 22:06:09"
"13378177959","2026-07-19 23:46:06.691","2026-07-21 02:36:17.317","13378177959","161311331","[PREMIUM]","[PREMIUM]","101","H","_",,,2,"[2]",4861,"Plaza Center",10,"Mobile Transfer ticket",1,"[PREMIUM]","[PREMIUM]","[PREMIUM]","[PREMIUM]",true,false,"['Clear view']","2026-07-17 00:31:20"
"13398687473","2026-07-19 23:46:06.691","2026-07-23 01:50:13.236","13398687473","161311331","[PREMIUM]","[PREMIUM]","103","P","_",,,6,"[1,2,3,4,6]",7764,"Plaza Middle",10,"Mobile Transfer ticket",1,"[PREMIUM]","[PREMIUM]","[PREMIUM]","[PREMIUM]",true,false,"['Clear view']","2026-07-19 17:28:14"
"13384755253","2026-07-19 23:46:06.670","2026-08-02 23:18:49.350","13384755253","161461313","[PREMIUM]","[PREMIUM]","433","Q","_",,,2,"[2]",1706,"Upper Concourse",10,"Mobile Transfer ticket",1,"[PREMIUM]","[PREMIUM]","[PREMIUM]","[PREMIUM]",true,false,"['Clear view']","2026-07-17 17:49:38"
"13398687474","2026-07-19 23:46:05.945","2026-08-04 02:02:26.798","13398687474","161311331","[PREMIUM]","[PREMIUM]","126","G","_",,,4,"[1,2,4]",7220,"Plaza Endzone",10,"Mobile Transfer ticket",1,"[PREMIUM]","[PREMIUM]","[PREMIUM]","[PREMIUM]",true,false,"['Clear view']","2026-07-19 17:28:14"
"13398687472","2026-07-19 23:46:05.880","2026-07-24 00:24:06.412","13398687472","161311331","[PREMIUM]","[PREMIUM]","118","J","_",,,6,"[1,2,3,4,6]",7764,"Plaza Middle",10,"Mobile Transfer ticket",1,"[PREMIUM]","[PREMIUM]","[PREMIUM]","[PREMIUM]",true,false,"['Clear view']","2026-07-19 17:28:14"
"13375852128","2026-07-19 23:46:05.600","2026-08-04 02:02:27.251","13375852128","161311331","[PREMIUM]","[PREMIUM]","311",,"_",,,4,"[1,2,3,4]",3831,"Terrace Corner",10,"Mobile Transfer ticket",1,"[PREMIUM]","[PREMIUM]","[PREMIUM]","[PREMIUM]",true,true,"['Clear view']","2026-07-16 19:57:30"
"13375852279","2026-07-19 23:46:05.600","2026-08-04 02:02:27.251","13375852279","161311331","[PREMIUM]","[PREMIUM]","326",,"_",,,4,"[1,2,3,4]",3831,"Terrace Corner",10,"Mobile Transfer ticket",1,"[PREMIUM]","[PREMIUM]","[PREMIUM]","[PREMIUM]",true,true,"['Clear view']","2026-07-16 19:57:31"
"13375852314","2026-07-19 23:46:05.600","2026-08-04 02:02:27.251","13375852314","161311331","[PREMIUM]","[PREMIUM]","321",,"_",,,4,"[1,2,3,4]",3831,"Terrace Corner",10,"Mobile Transfer ticket",1,"[PREMIUM]","[PREMIUM]","[PREMIUM]","[PREMIUM]",true,true,"['Clear view']","2026-07-16 19:57:31"
"13393682143","2026-07-19 23:46:04.899","2026-07-24 00:24:06.254","13393682143","161311390","[PREMIUM]","[PREMIUM]","103","P","_",,,6,"[1,2,3,4,6]",7764,"Plaza Middle",10,"Mobile Transfer ticket",1,"[PREMIUM]","[PREMIUM]","[PREMIUM]","[PREMIUM]",true,false,"['Clear view']","2026-07-18 23:46:31"
"13393682147","2026-07-19 23:46:04.831","2026-08-04 02:02:26.340","13393682147","161311390","[PREMIUM]","[PREMIUM]","114","H","_",,,4,"[1,2,4]",7764,"Plaza Middle",10,"Mobile Transfer ticket",1,"[PREMIUM]","[PREMIUM]","[PREMIUM]","[PREMIUM]",true,false,"['Clear view']","2026-07-18 23:46:31"
"13377478611","2026-07-19 23:46:04.820","2026-07-28 23:21:54.168","13377478611","161311384","[PREMIUM]","[PREMIUM]","101",,"_",,,2,"[1,2]",4861,"Plaza Center",10,"Mobile Transfer ticket",1,"[PREMIUM]","[PREMIUM]","[PREMIUM]","[PREMIUM]",true,true,"['Clear view']","2026-07-16 23:12:38"
"13377479930","2026-07-19 23:46:04.646","2026-07-28 23:21:52.508","13377479930","161311384","[PREMIUM]","[PREMIUM]","116",,"_",,,2,"[1,2]",4861,"Plaza Center",10,"Mobile Transfer ticket",1,"[PREMIUM]","[PREMIUM]","[PREMIUM]","[PREMIUM]",true,true,"['Clear view']","2026-07-16 23:12:44"
"13399967635","2026-07-19 23:46:04.646","2026-08-04 02:02:25.441","13399967635","161311384","[PREMIUM]","[PREMIUM]","117","J","13_14","13","14",2,"[2]",4861,"Plaza Center",10,"Mobile Transfer ticket",14,"[PREMIUM]","[PREMIUM]","[PREMIUM]","[PREMIUM]",true,false,"['Clear view']","2026-07-19 20:57:05"
"13393682254","2026-07-19 23:46:04.568","2026-07-24 00:24:05.467","13393682254","161311390","[PREMIUM]","[PREMIUM]","129","E","_",,,4,"[1,2,4]",7764,"Plaza Middle",10,"Mobile Transfer ticket",1,"[PREMIUM]","[PREMIUM]","[PREMIUM]","[PREMIUM]",true,false,"['Clear view']","2026-07-18 23:46:32"
"13393685105","2026-07-19 23:46:04.568","2026-07-21 02:35:53.448","13393685105","161311390","[PREMIUM]","[PREMIUM]","118","H","_",,,6,"[1,2,3,4,6]",7764,"Plaza Middle",10,"Mobile Transfer ticket",1,"[PREMIUM]","[PREMIUM]","[PREMIUM]","[PREMIUM]",true,false,"['Clear view']","2026-07-18 23:46:48"
"13393682145","2026-07-19 23:46:04.426","2026-08-04 02:02:26.430","13393682145","161311390","[PREMIUM]","[PREMIUM]","126","G","_",,,4,"[1,2,4]",7220,"Plaza Endzone",10,"Mobile Transfer ticket",1,"[PREMIUM]","[PREMIUM]","[PREMIUM]","[PREMIUM]",true,false,"['Clear view']","2026-07-18 23:46:31"
"13377487016","2026-07-19 23:46:04.322","2026-08-04 02:02:24.860","13377487016","161311384","[PREMIUM]","[PREMIUM]","320",,"_",,,2,"[1,2]",3831,"Terrace Corner",10,"Mobile Transfer ticket",1,"[PREMIUM]","[PREMIUM]","[PREMIUM]","[PREMIUM]",true,true,"['Clear view']","2026-07-16 23:13:20"
"13375856702","2026-07-19 23:46:04.050","2026-08-02 23:18:46.777","13375856702","161311346","[PREMIUM]","[PREMIUM]","319",,"_",,,4,"[1,2,3,4]",3831,"Terrace Corner",10,"Mobile Transfer ticket",1,"[PREMIUM]","[PREMIUM]","[PREMIUM]","[PREMIUM]",true,true,"['Clear view']","2026-07-16 19:57:53"
"13375860287","2026-07-19 23:46:04.050","2026-08-04 02:02:24.246","13375860287","161311346","[PREMIUM]","[PREMIUM]","313",,"_",,,4,"[1,2,3,4]",3831,"Terrace Corner",10,"Mobile Transfer ticket",1,"[PREMIUM]","[PREMIUM]","[PREMIUM]","[PREMIUM]",true,true,"['Clear view']","2026-07-16 19:58:13"
"13377478985","2026-07-19 23:46:04.046","2026-08-04 02:02:25.180","13377478985","161311384","[PREMIUM]","[PREMIUM]","104","X","_",,,2,"[1,2]",7764,"Plaza Middle",10,"Mobile Transfer ticket",1,"[PREMIUM]","[PREMIUM]","[PREMIUM]","[PREMIUM]",true,false,"['Clear view']","2026-07-16 23:12:39"
"13377480503","2026-07-19 23:46:04.046","2026-08-04 02:02:25.138","13377480503","161311384","[PREMIUM]","[PREMIUM]","120","X","_",,,2,"[1,2]",7764,"Plaza Middle",10,"Mobile Transfer ticket",1,"[PREMIUM]","[PREMIUM]","[PREMIUM]","[PREMIUM]",true,false,"['Clear view']","2026-07-16 23:12:47"
"13394085687","2026-07-19 23:46:04.030","2026-07-24 00:24:05.882","13394085687","161311346","[PREMIUM]","[PREMIUM]","116",,"_",,,2,"[1,2]",4861,"Plaza Center",10,"Mobile Transfer ticket",1,"[PREMIUM]","[PREMIUM]","[PREMIUM]","[PREMIUM]",true,true,"['Clear view']","2026-07-19 01:39:20"
"13377484517","2026-07-19 23:46:03.988","2026-07-23 01:50:05.989","13377484517","161311384","[PREMIUM]","[PREMIUM]","301","T","_",,,2,"[1,2]",4813,"Terrace Center",10,"Mobile Transfer ticket",1,"[PREMIUM]","[PREMIUM]","[PREMIUM]","[PREMIUM]",true,false,"['Clear view']","2026-07-16 23:13:08"
"13377481117","2026-07-19 23:46:03.948","2026-08-04 02:02:25.364","13377481117","161311384","[PREMIUM]","[PREMIUM]","128","X","_",,,2,"[1,2]",7764,"Plaza Middle",10,"Mobile Transfer ticket",1,"[PREMIUM]","[PREMIUM]","[PREMIUM]","[PREMIUM]",true,false,"['Clear view']","2026-07-16 23:12:50"
"13398115881","2026-07-19 23:46:03.770","2026-08-04 02:02:25.245","13398115881","161311384","[PREMIUM]","[PREMIUM]","126","K","5_7","5","7",3,"[1,3]",7220,"Plaza Endzone",10,"Mobile Transfer ticket",1,"[PREMIUM]","[PREMIUM]","[PREMIUM]","[PREMIUM]",true,false,"['Clear view']","2026-07-19 15:33:41"
"13377486796","2026-07-19 23:46:03.709","2026-08-04 02:02:24.646","13377486796","161311384","[PREMIUM]","[PREMIUM]","316",,"_",,,2,"[1,2]",4813,"Terrace Center",10,"Mobile Transfer ticket",1,"[PREMIUM]","[PREMIUM]","[PREMIUM]","[PREMIUM]",true,true,"['Clear view']","2026-07-16 23:13:18"
"13377484885","2026-07-19 23:46:03.688","2026-07-23 01:50:06.048","13377484885","161311384","[PREMIUM]","[PREMIUM]","305",,"_",,,2,"[1,2]",3831,"Terrace Corner",10,"Mobile Transfer ticket",1,"[PREMIUM]","[PREMIUM]","[PREMIUM]","[PREMIUM]",true,true,"['Clear view']","2026-07-16 23:13:09"
"13394145362","2026-07-19 23:46:03.676","2026-08-04 02:02:24.696","13394145362","161311384","[PREMIUM]","[PREMIUM]","312","A","_",,,4,"[2,4]",3831,"Terrace Corner",10,"Mobile Transfer ticket",1,"[PREMIUM]","[PREMIUM]","[PREMIUM]","[PREMIUM]",true,false,"['Actual 1st row of the section','Clear view']","2026-07-19 01:55:50"
"13399063589","2026-07-19 23:46:03.673","2026-08-04 02:02:24.727","13399063589","161311384","[PREMIUM]","[PREMIUM]","314","H","19_20","19","20",2,"[2]",4813,"Terrace Center",10,"Mobile Transfer ticket",14,"[PREMIUM]","[PREMIUM]","[PREMIUM]","[PREMIUM]",true,false,"['Clear view']","2026-07-19 18:43:31"
"13377486444","2026-07-19 23:46:03.653","2026-07-23 01:50:05.781","13377486444","161311384","[PREMIUM]","[PREMIUM]","312",,"_",,,2,"[1,2]",3831,"Terrace Corner",10,"Mobile Transfer ticket",1,"[PREMIUM]","[PREMIUM]","[PREMIUM]","[PREMIUM]",true,true,"['Clear view']","2026-07-16 23:13:16"
"13387683793","2026-07-19 23:46:03.396","2026-07-25 23:11:29.110","13387683793","161470403","[PREMIUM]","[PREMIUM]","104",,"_",,,2,"[1,2]",471,"Middle",10,"Mobile Transfer ticket",1,"[PREMIUM]","[PREMIUM]","[PREMIUM]","[PREMIUM]",true,true,"['Clear view']","2026-07-18 00:27:55"
"13383819155","2026-07-19 23:46:03.199","2026-07-19 23:46:03.199","13383819155","161311346","[PREMIUM]","[PREMIUM]","122","V","8_11","8","11",4,"[1,2,4]",7220,"Plaza Endzone",10,"Mobile Transfer ticket",14,"[PREMIUM]","[PREMIUM]","[PREMIUM]","[PREMIUM]",true,false,"['Clear view']","2026-07-17 15:57:53"
"13383818627","2026-07-19 23:46:03.199","2026-08-04 02:02:24.326","13383818627","161311346","[PREMIUM]","[PREMIUM]","109","W","13_14","13","14",2,"[2]",7220,"Plaza Endzone",10,"Mobile Transfer ticket",14,"[PREMIUM]","[PREMIUM]","[PREMIUM]","[PREMIUM]",true,false,"['Clear view']","2026-07-17 15:57:51"
"13386105300","2026-07-19 23:46:03.199","2026-08-04 02:02:23.587","13386105300","161311346","[PREMIUM]","[PREMIUM]","106","U","_",,,4,"[1,2,4]",7220,"Plaza Endzone",10,"Mobile Transfer ticket",1,"[PREMIUM]","[PREMIUM]","[PREMIUM]","[PREMIUM]",true,false,"['Clear view']","2026-07-17 20:40:30"
"13388384713","2026-07-19 23:46:03.199","2026-08-04 02:02:23.587","13388384713","161311346","[PREMIUM]","[PREMIUM]","126","G","_",,,2,"[2]",7220,"Plaza Endzone",10,"Mobile Transfer ticket",1,"[PREMIUM]","[PREMIUM]","[PREMIUM]","[PREMIUM]",true,false,"['Clear view']","2026-07-18 03:20:06"
"13383818550","2026-07-19 23:46:03.024","2026-08-02 23:18:46.367","13383818550","161311346","[PREMIUM]","[PREMIUM]","108","L","3_8","3","8",6,"[1,2,3,4,6]",7220,"Plaza Endzone",10,"Mobile Transfer ticket",14,"[PREMIUM]","[PREMIUM]","[PREMIUM]","[PREMIUM]",true,false,"['Clear view']","2026-07-17 15:57:51"
"13383818693","2026-07-19 23:46:03.024","2026-08-02 23:18:46.367","13383818693","161311346","[PREMIUM]","[PREMIUM]","112","W","5_7","5","7",3,"[1,3]",7764,"Plaza Middle",10,"Mobile Transfer ticket",14,"[PREMIUM]","[PREMIUM]","[PREMIUM]","[PREMIUM]",true,false,"['Clear view']","2026-07-17 15:57:51"
"13387796345","2026-07-19 23:46:03.024","2026-07-30 00:15:07.684","13387796345","161311346","[PREMIUM]","[PREMIUM]","122","E","_",,,2,"[2]",7220,"Plaza Endzone",10,"Mobile Transfer ticket",1,"[PREMIUM]","[PREMIUM]","[PREMIUM]","[PREMIUM]",true,false,"['Clear view']","2026-07-18 00:55:04"
"13375845582","2026-07-19 23:46:03.023","2026-08-04 02:02:23.882","13375845582","161311346","[PREMIUM]","[PREMIUM]","322","S","_",,,2,"[1,2]",17158,"Terrace Endzone",10,"Mobile Transfer ticket",1,"[PREMIUM]","[PREMIUM]","[PREMIUM]","[PREMIUM]",true,false,"['Clear view']","2026-07-16 19:56:40"
"13375852164","2026-07-19 23:46:03.023","2026-08-04 02:02:23.532","13375852164","161311346","[PREMIUM]","[PREMIUM]","310","S","_",,,2,"[1,2]",17158,"Terrace Endzone",10,"Mobile Transfer ticket",1,"[PREMIUM]","[PREMIUM]","[PREMIUM]","[PREMIUM]",true,false,"['Clear view']","2026-07-16 19:57:30"
"13375860105","2026-07-19 23:46:03.023","2026-08-04 02:02:23.882","13375860105","161311346","[PREMIUM]","[PREMIUM]","309",,"_",,,4,"[1,2,3,4]",17158,"Terrace Endzone",10,"Mobile Transfer ticket",1,"[PREMIUM]","[PREMIUM]","[PREMIUM]","[PREMIUM]",true,true,"['Clear view']","2026-07-16 19:58:11"
"13377479908","2026-07-19 23:46:02.995","2026-08-02 23:18:46.775","13377479908","161311346","[PREMIUM]","[PREMIUM]","112","X","_",,,2,"[1,2]",7764,"Plaza Middle",10,"Mobile Transfer ticket",1,"[PREMIUM]","[PREMIUM]","[PREMIUM]","[PREMIUM]",true,false,"['Clear view']","2026-07-16 23:12:44"
"13377480771","2026-07-19 23:46:02.995","2026-08-02 23:18:46.360","13377480771","161311346","[PREMIUM]","[PREMIUM]","120","X","_",,,2,"[1,2]",7764,"Plaza Middle",10,"Mobile Transfer ticket",1,"[PREMIUM]","[PREMIUM]","[PREMIUM]","[PREMIUM]",true,false,"['Clear view']","2026-07-16 23:12:48"
"13377479089","2026-07-19 23:46:02.995","2026-08-02 23:18:46.360","13377479089","161311346","[PREMIUM]","[PREMIUM]","104","X","_",,,2,"[1,2]",7764,"Plaza Middle",10,"Mobile Transfer ticket",1,"[PREMIUM]","[PREMIUM]","[PREMIUM]","[PREMIUM]",true,false,"['Clear view']","2026-07-16 23:12:39"
"13383819941","2026-07-19 23:46:02.995","2026-08-04 02:02:24.254","13383819941","161311346","[PREMIUM]","[PREMIUM]","317","A","9_11","9","11",3,"[1,3]",4813,"Terrace Center",10,"Mobile Transfer ticket",14,"[PREMIUM]","[PREMIUM]","[PREMIUM]","[PREMIUM]",true,false,"['Front Row of Section','Clear view']","2026-07-17 15:57:59"
"13383819417","2026-07-19 23:46:02.995","2026-08-04 02:02:24.214","13383819417","161311346","[PREMIUM]","[PREMIUM]","303","A","11_12","11","12",2,"[2]",4813,"Terrace Center",10,"Mobile Transfer ticket",14,"[PREMIUM]","[PREMIUM]","[PREMIUM]","[PREMIUM]",true,false,"['Front Row of Section','Clear view']","2026-07-17 15:57:55"
"13392613684","2026-07-19 23:46:02.995","2026-08-04 02:02:24.254","13392613684","161311346","[PREMIUM]","[PREMIUM]","212","B","4_5","4","5",2,"[2]",7689,"Club Endzone",10,"Mobile Transfer ticket",1,"[PREMIUM]","[PREMIUM]","[PREMIUM]","[PREMIUM]",true,false,"['Actual 2nd row of section','Clear view']","2026-07-18 19:51:03"
"13377487459","2026-07-19 23:46:02.433","2026-07-23 01:50:04.678","13377487459","161311384","[PREMIUM]","[PREMIUM]","327",,"_",,,2,"[1,2]",3831,"Terrace Corner",10,"Mobile Transfer ticket",1,"[PREMIUM]","[PREMIUM]","[PREMIUM]","[PREMIUM]",true,true,"['Clear view']","2026-07-16 23:13:21"
"13378118834","2026-07-19 23:46:02.348","2026-07-24 00:24:01.785","13378118834","161311386","[PREMIUM]","[PREMIUM]","311","J","11_15","11","15",5,"[1,2,3,5]",3831,"Terrace Corner",10,"Mobile Transfer ticket",1,"[PREMIUM]","[PREMIUM]","[PREMIUM]","[PREMIUM]",true,false,"['Clear view']","2026-07-17 00:25:46"
"13383981315","2026-07-19 23:46:01.822","2026-07-31 06:39:47.695","13383981315","161311386","[PREMIUM]","[PREMIUM]","124","P","_",,,5,"[1,2,3,4,5]",7220,"Plaza Endzone",10,"Mobile Transfer ticket",1,"[PREMIUM]","[PREMIUM]","[PREMIUM]","[PREMIUM]",true,false,"['Clear view']","2026-07-17 16:22:43"
"13375846785","2026-07-19 23:46:01.813","2026-08-04 02:02:19.210","13375846785","161311386","[PREMIUM]","[PREMIUM]","322","S","_",,,2,"[1,2]",17158,"Terrace Endzone",10,"Mobile Transfer ticket",1,"[PREMIUM]","[PREMIUM]","[PREMIUM]","[PREMIUM]",true,false,"['Clear view']","2026-07-16 19:56:48"
"13375863303","2026-07-19 23:46:01.813","2026-08-04 02:02:19.174","13375863303","161311386","[PREMIUM]","[PREMIUM]","308","S","_",,,2,"[1,2]",17158,"Terrace Endzone",10,"Mobile Transfer ticket",1,"[PREMIUM]","[PREMIUM]","[PREMIUM]","[PREMIUM]",true,false,"['Clear view']","2026-07-16 19:58:47"
"13375863292","2026-07-19 23:46:01.813","2026-08-04 02:02:19.056","13375863292","161311386","[PREMIUM]","[PREMIUM]","308",,"_",,,4,"[1,2,3,4]",17158,"Terrace Endzone",10,"Mobile Transfer ticket",1,"[PREMIUM]","[PREMIUM]","[PREMIUM]","[PREMIUM]",true,true,"['Clear view']","2026-07-16 19:58:46"
"13396467157","2026-07-19 23:46:01.443","2026-07-19 23:46:01.443","13396467157","161400560","[PREMIUM]","[PREMIUM]","110","18","_",,,2,"[1,2]",267,"Upper Tier",10,"Mobile Transfer ticket",14,"[PREMIUM]","[PREMIUM]","[PREMIUM]","[PREMIUM]",true,false,"['Clear view']","2026-07-19 11:43:27"
"13396456385","2026-07-19 23:46:01.443","2026-07-19 23:46:01.443","13396456385","161400560","[PREMIUM]","[PREMIUM]","115","10","_",,,2,"[1,2]",267,"Upper Tier",10,"Mobile Transfer ticket",14,"[PREMIUM]","[PREMIUM]","[PREMIUM]","[PREMIUM]",true,false,"['Clear view']","2026-07-19 11:40:28"
"13396447777","2026-07-19 23:46:01.443","2026-07-19 23:46:01.443","13396447777","161400560","[PREMIUM]","[PREMIUM]","136","14","_",,,2,"[1,2]",267,"Upper Tier",10,"Mobile Transfer ticket",14,"[PREMIUM]","[PREMIUM]","[PREMIUM]","[PREMIUM]",true,false,"['Clear view']","2026-07-19 11:38:57"
"13396445099","2026-07-19 23:46:01.443","2026-07-19 23:46:01.443","13396445099","161400560","[PREMIUM]","[PREMIUM]","134","18","_",,,3,"[1,2,3]",267,"Upper Tier",10,"Mobile Transfer ticket",14,"[PREMIUM]","[PREMIUM]","[PREMIUM]","[PREMIUM]",true,false,"['Clear view']","2026-07-19 11:38:26"
"13396511806","2026-07-19 23:46:01.443","2026-07-19 23:46:01.443","13396511806","161400560","[PREMIUM]","[PREMIUM]","108","9","_",,,2,"[1,2]",267,"Upper Tier",10,"Mobile Transfer ticket",14,"[PREMIUM]","[PREMIUM]","[PREMIUM]","[PREMIUM]",true,false,"['Second Row of Section','Clear view']","2026-07-19 11:51:00"
"13396458780","2026-07-19 23:46:01.443","2026-07-19 23:46:01.443","13396458780","161400560","[PREMIUM]","[PREMIUM]","129","11","_",,,2,"[1,2]",267,"Upper Tier",10,"Mobile Transfer ticket",14,"[PREMIUM]","[PREMIUM]","[PREMIUM]","[PREMIUM]",true,false,"['Clear view']","2026-07-19 11:40:57"
"13396481665","2026-07-19 23:46:01.391","2026-07-19 23:46:01.391","13396481665","161400560","[PREMIUM]","[PREMIUM]","109","5","_",,,2,"[1,2]",267,"Upper Tier",10,"Mobile Transfer ticket",14,"[PREMIUM]","[PREMIUM]","[PREMIUM]","[PREMIUM]",true,false,"['Clear view']","2026-07-19 11:46:28"
"13396477989","2026-07-19 23:46:01.365","2026-07-19 23:46:01.365","13396477989","161400560","[PREMIUM]","[PREMIUM]","128","12","_",,,2,"[1,2]",267,"Upper Tier",10,"Mobile Transfer ticket",14,"[PREMIUM]","[PREMIUM]","[PREMIUM]","[PREMIUM]",true,false,"['Clear view']","2026-07-19 11:45:58"
"13398176141","2026-07-19 23:46:01.365","2026-07-21 02:35:35.293","13398176141","161400560","[PREMIUM]","[PREMIUM]","111","6","1_4","1","4",4,"[2,4]",267,"Upper Tier",10,"Mobile Transfer ticket",1,"[PREMIUM]","[PREMIUM]","[PREMIUM]","[PREMIUM]",true,false,"['Clear view']","2026-07-19 15:44:34"
"13396468788","2026-07-19 23:46:01.345","2026-07-19 23:46:01.345","13396468788","161400560","[PREMIUM]","[PREMIUM]","130","15","_",,,2,"[1,2]",267,"Upper Tier",10,"Mobile Transfer ticket",14,"[PREMIUM]","[PREMIUM]","[PREMIUM]","[PREMIUM]",true,false,"['Clear view']","2026-07-19 11:43:58"
"13394001720","2026-07-19 23:46:01.155","2026-08-04 02:02:21.853","13394001720","161400560","[PREMIUM]","[PREMIUM]","13","12","_",,,4,"[4]",265,"Lower Tier",10,"Mobile Transfer ticket",1,"[PREMIUM]","[PREMIUM]","[PREMIUM]","[PREMIUM]",true,false,"['Clear view']","2026-07-19 01:10:56"
"13396461233","2026-07-19 23:46:01.114","2026-07-19 23:46:01.114","13396461233","161400560","[PREMIUM]","[PREMIUM]","22","9","_",,,2,"[1,2]",265,"Lower Tier",10,"Mobile Transfer ticket",14,"[PREMIUM]","[PREMIUM]","[PREMIUM]","[PREMIUM]",true,false,"['Clear view']","2026-07-19 11:41:27"
"13396450794","2026-07-19 23:46:01.114","2026-07-27 23:24:00.441","13396450794","161400560","[PREMIUM]","[PREMIUM]","2","8","_",,,2,"[1,2]",265,"Lower Tier",10,"Mobile Transfer ticket",14,"[PREMIUM]","[PREMIUM]","[PREMIUM]","[PREMIUM]",true,false,"['Clear view']","2026-07-19 11:39:27"
"13396484242","2026-07-19 23:46:01.105","2026-07-19 23:46:01.105","13396484242","161400560","[PREMIUM]","[PREMIUM]","12","8","_",,,1,"[1]",265,"Lower Tier",10,"Mobile Transfer ticket",14,"[PREMIUM]","[PREMIUM]","[PREMIUM]","[PREMIUM]",false,false,"['Clear view']","2026-07-19 11:46:59"
"13399392945","2026-07-19 23:46:01.105","2026-07-19 23:46:01.105","13399392945","161400560","[PREMIUM]","[PREMIUM]","11","8","_",,,3,"[1,2,3]",265,"Lower Tier",10,"Mobile Transfer ticket",14,"[PREMIUM]","[PREMIUM]","[PREMIUM]","[PREMIUM]",true,false,"['Clear view']","2026-07-19 19:37:21"
"13378384139","2026-07-19 23:46:00.877","2026-07-21 02:36:14.527","13378384139","161400577","[PREMIUM]","[PREMIUM]","3","5","_",,,2,"[2]",265,"Lower Tier",10,"Mobile Transfer ticket",1,"[PREMIUM]","[PREMIUM]","[PREMIUM]","[PREMIUM]",true,false,"['Second Row of Section','Clear view']","2026-07-17 01:02:03"
"13396465671","2026-07-19 23:46:00.877","2026-07-19 23:46:00.877","13396465671","161400577","[PREMIUM]","[PREMIUM]","11","10","_",,,3,"[1,2,3]",265,"Lower Tier",10,"Mobile Transfer ticket",14,"[PREMIUM]","[PREMIUM]","[PREMIUM]","[PREMIUM]",true,false,"['Clear view']","2026-07-19 11:42:41"
"13396520481","2026-07-19 23:46:00.877","2026-07-19 23:46:00.877","13396520481","161400577","[PREMIUM]","[PREMIUM]","12","8","_",,,2,"[1,2]",265,"Lower Tier",10,"Mobile Transfer ticket",14,"[PREMIUM]","[PREMIUM]","[PREMIUM]","[PREMIUM]",true,false,"['Clear view']","2026-07-19 11:53:14"
"13396469393","2026-07-19 23:46:00.877","2026-07-24 00:24:01.939","13396469393","161400577","[PREMIUM]","[PREMIUM]","2","8","_",,,3,"[1,2,3]",265,"Lower Tier",10,"Mobile Transfer ticket",14,"[PREMIUM]","[PREMIUM]","[PREMIUM]","[PREMIUM]",true,false,"['Clear view']","2026-07-19 11:44:10"
"13396470694","2026-07-19 23:46:00.848","2026-07-23 01:50:05.393","13396470694","161400560","[PREMIUM]","[PREMIUM]","114","18","_",,,2,"[1,2]",267,"Upper Tier",10,"Mobile Transfer ticket",14,"[PREMIUM]","[PREMIUM]","[PREMIUM]","[PREMIUM]",true,false,"['Clear view']","2026-07-19 11:44:28"
"13396482999","2026-07-19 23:46:00.758","2026-07-19 23:46:00.758","13396482999","161400577","[PREMIUM]","[PREMIUM]","133","15","_",,,1,"[1]",267,"Upper Tier",10,"Mobile Transfer ticket",14,"[PREMIUM]","[PREMIUM]","[PREMIUM]","[PREMIUM]",false,false,"['Clear view']","2026-07-19 11:46:42"
"13396466689","2026-07-19 23:46:00.757","2026-07-19 23:46:00.757","13396466689","161400577","[PREMIUM]","[PREMIUM]","134","18","_",,,3,"[1,2,3]",267,"Upper Tier",10,"Mobile Transfer ticket",14,"[PREMIUM]","[PREMIUM]","[PREMIUM]","[PREMIUM]",true,false,"['Clear view']","2026-07-19 11:43:12"
"13396497191","2026-07-19 23:46:00.757","2026-07-19 23:46:00.757","13396497191","161400577","[PREMIUM]","[PREMIUM]","110","18","_",,,1,"[1]",267,"Upper Tier",10,"Mobile Transfer ticket",14,"[PREMIUM]","[PREMIUM]","[PREMIUM]","[PREMIUM]",false,false,"['Clear view']","2026-07-19 11:48:14"
"13396530817","2026-07-19 23:46:00.757","2026-07-19 23:46:00.757","13396530817","161400577","[PREMIUM]","[PREMIUM]","108","9","_",,,2,"[1,2]",267,"Upper Tier",10,"Mobile Transfer ticket",14,"[PREMIUM]","[PREMIUM]","[PREMIUM]","[PREMIUM]",true,false,"['Second Row of Section','Clear view']","2026-07-19 11:55:44"
"13396467605","2026-07-19 23:46:00.757","2026-07-19 23:46:00.757","13396467605","161400577","[PREMIUM]","[PREMIUM]","136","14","_",,,2,"[1,2]",267,"Upper Tier",10,"Mobile Transfer ticket",14,"[PREMIUM]","[PREMIUM]","[PREMIUM]","[PREMIUM]",true,false,"['Clear view']","2026-07-19 11:43:41"
"13396501834","2026-07-19 23:46:00.755","2026-07-19 23:46:00.755","13396501834","161400577","[PREMIUM]","[PREMIUM]","114","13","_",,,1,"[1]",267,"Upper Tier",10,"Mobile Transfer ticket",14,"[PREMIUM]","[PREMIUM]","[PREMIUM]","[PREMIUM]",false,false,"['Clear view']","2026-07-19 11:48:41"
"13396504569","2026-07-19 23:46:00.755","2026-07-19 23:46:00.755","13396504569","161400577","[PREMIUM]","[PREMIUM]","130","15","_",,,2,"[1,2]",267,"Upper Tier",10,"Mobile Transfer ticket",14,"[PREMIUM]","[PREMIUM]","[PREMIUM]","[PREMIUM]",true,false,"['Clear view']","2026-07-19 11:49:11"
"13395191510","2026-07-19 23:46:00.755","2026-08-04 02:02:22.743","13395191510","161311377","[PREMIUM]","[PREMIUM]","102","K","_",,,3,"[1,3]",4861,"Plaza Center",10,"Mobile Transfer ticket",1,"[PREMIUM]","[PREMIUM]","[PREMIUM]","[PREMIUM]",true,false,"['Clear view']","2026-07-19 05:46:21"
"13395187662","2026-07-19 23:46:00.755","2026-08-04 02:02:23.169","13395187662","161311377","[PREMIUM]","[PREMIUM]","102","H","_",,,2,"[2]",4861,"Plaza Center",10,"Mobile Transfer ticket",1,"[PREMIUM]","[PREMIUM]","[PREMIUM]","[PREMIUM]",true,false,"['Clear view']","2026-07-19 05:45:24"
"13396500229","2026-07-19 23:46:00.751","2026-07-19 23:46:00.751","13396500229","161400560","[PREMIUM]","[PREMIUM]","116","10","_",,,1,"[1]",267,"Upper Tier",10,"Mobile Transfer ticket",14,"[PREMIUM]","[PREMIUM]","[PREMIUM]","[PREMIUM]",false,false,"['Third Row of Section','Clear view']","2026-07-19 11:48:31"
"13396474953","2026-07-19 23:46:00.751","2026-07-19 23:46:00.751","13396474953","161400560","[PREMIUM]","[PREMIUM]","127","15","_",,,2,"[1,2]",267,"Upper Tier",10,"Mobile Transfer ticket",14,"[PREMIUM]","[PREMIUM]","[PREMIUM]","[PREMIUM]",true,false,"['Clear view']","2026-07-19 11:45:28"
"13396494772","2026-07-19 23:46:00.751","2026-07-19 23:46:00.751","13396494772","161400560","[PREMIUM]","[PREMIUM]","112","12","_",,,2,"[1,2]",267,"Upper Tier",10,"Mobile Transfer ticket",14,"[PREMIUM]","[PREMIUM]","[PREMIUM]","[PREMIUM]",true,false,"['Clear view']","2026-07-19 11:47:59"
"13396512371","2026-07-19 23:46:00.638","2026-07-19 23:46:00.638","13396512371","161400577","[PREMIUM]","[PREMIUM]","128","10","_",,,1,"[1]",267,"Upper Tier",10,"Mobile Transfer ticket",14,"[PREMIUM]","[PREMIUM]","[PREMIUM]","[PREMIUM]",false,false,"['Third Row of Section','Clear view']","2026-07-19 11:51:12"
"13396510564","2026-07-19 23:46:00.638","2026-07-19 23:46:00.638","13396510564","161400577","[PREMIUM]","[PREMIUM]","127","15","_",,,2,"[1,2]",267,"Upper Tier",10,"Mobile Transfer ticket",14,"[PREMIUM]","[PREMIUM]","[PREMIUM]","[PREMIUM]",true,false,"['Clear view']","2026-07-19 11:50:42"
"13396471595","2026-07-19 23:46:00.638","2026-07-19 23:46:00.638","13396471595","161400577","[PREMIUM]","[PREMIUM]","129","11","_",,,3,"[1,2,3]",267,"Upper Tier",10,"Mobile Transfer ticket",14,"[PREMIUM]","[PREMIUM]","[PREMIUM]","[PREMIUM]",true,false,"['Clear view']","2026-07-19 11:44:40"
"13396476162","2026-07-19 23:46:00.638","2026-07-19 23:46:00.638","13396476162","161400577","[PREMIUM]","[PREMIUM]","115","10","_",,,3,"[1,2,3]",267,"Upper Tier",10,"Mobile Transfer ticket",14,"[PREMIUM]","[PREMIUM]","[PREMIUM]","[PREMIUM]",true,false,"['Clear view']","2026-07-19 11:45:40"
"13396507314","2026-07-19 23:46:00.638","2026-07-19 23:46:00.638","13396507314","161400577","[PREMIUM]","[PREMIUM]","117","15","_",,,2,"[1,2]",267,"Upper Tier",10,"Mobile Transfer ticket",14,"[PREMIUM]","[PREMIUM]","[PREMIUM]","[PREMIUM]",true,false,"['Clear view']","2026-07-19 11:49:43"
"13396489235","2026-07-19 23:46:00.555","2026-08-01 23:17:31.818","13396489235","161400560","[PREMIUM]","[PREMIUM]","105",,"_",,,2,"[1,2]",267,"Upper Tier",10,"Mobile Transfer ticket",14,"[PREMIUM]","[PREMIUM]","[PREMIUM]","[PREMIUM]",true,true,"['Clear view']","2026-07-19 11:47:30"
"13377478568","2026-07-19 23:46:00.470","2026-07-27 02:12:57.155","13377478568","161311377","[PREMIUM]","[PREMIUM]","101",,"_",,,2,"[1,2]",4861,"Plaza Center",10,"Mobile Transfer ticket",1,"[PREMIUM]","[PREMIUM]","[PREMIUM]","[PREMIUM]",true,true,"['Clear view']","2026-07-16 23:12:37"
"13396528907","2026-07-19 23:46:00.470","2026-07-19 23:46:00.470","13396528907","161400577","[PREMIUM]","[PREMIUM]","135","3","_",,,1,"[1]",267,"Upper Tier",10,"Mobile Transfer ticket",14,"[PREMIUM]","[PREMIUM]","[PREMIUM]","[PREMIUM]",false,false,"['Third Row of Section','Clear view']","2026-07-19 11:55:15"
"13377486482","2026-07-19 23:46:00.442","2026-07-23 01:50:05.371","13377486482","161311377","[PREMIUM]","[PREMIUM]","312",,"_",,,2,"[1,2]",3831,"Terrace Corner",10,"Mobile Transfer ticket",1,"[PREMIUM]","[PREMIUM]","[PREMIUM]","[PREMIUM]",true,true,"['Clear view']","2026-07-16 23:13:17"
"13377487018","2026-07-19 23:46:00.442","2026-08-04 02:02:22.350","13377487018","161311377","[PREMIUM]","[PREMIUM]","320",,"_",,,2,"[1,2]",3831,"Terrace Corner",10,"Mobile Transfer ticket",1,"[PREMIUM]","[PREMIUM]","[PREMIUM]","[PREMIUM]",true,true,"['Clear view']","2026-07-16 23:13:20"
"13377486801","2026-07-19 23:46:00.428","2026-07-31 06:40:01.459","13377486801","161311377","[PREMIUM]","[PREMIUM]","316",,"_",,,2,"[1,2]",4813,"Terrace Center",10,"Mobile Transfer ticket",1,"[PREMIUM]","[PREMIUM]","[PREMIUM]","[PREMIUM]",true,true,"['Clear view']","2026-07-16 23:13:19"
"13377479927","2026-07-19 23:46:00.377","2026-07-23 01:50:06.327","13377479927","161311377","[PREMIUM]","[PREMIUM]","116",,"_",,,2,"[1,2]",4861,"Plaza Center",10,"Mobile Transfer ticket",1,"[PREMIUM]","[PREMIUM]","[PREMIUM]","[PREMIUM]",true,true,"['Clear view']","2026-07-16 23:12:44"
"13377478979","2026-07-19 23:46:00.213","2026-08-04 02:02:22.797","13377478979","161311377","[PREMIUM]","[PREMIUM]","104","X","_",,,2,"[1,2]",7764,"Plaza Middle",10,"Mobile Transfer ticket",1,"[PREMIUM]","[PREMIUM]","[PREMIUM]","[PREMIUM]",true,false,"['Clear view']","2026-07-16 23:12:39"
"13398107994","2026-07-19 23:46:00.213","2026-07-31 06:40:05.014","13398107994","161311377","[PREMIUM]","[PREMIUM]","126","K","5_7","5","7",3,"[1,3]",7220,"Plaza Endzone",10,"Mobile Transfer ticket",1,"[PREMIUM]","[PREMIUM]","[PREMIUM]","[PREMIUM]",true,false,"['Clear view']","2026-07-19 15:31:47"
"13377480494","2026-07-19 23:46:00.155","2026-07-23 01:50:04.983","13377480494","161311377","[PREMIUM]","[PREMIUM]","120","X","_",,,2,"[1,2]",7764,"Plaza Middle",10,"Mobile Transfer ticket",1,"[PREMIUM]","[PREMIUM]","[PREMIUM]","[PREMIUM]",true,false,"['Clear view']","2026-07-16 23:12:47"
"13377481048","2026-07-19 23:46:00.155","2026-08-04 02:02:28.596","13377481048","161311377","[PREMIUM]","[PREMIUM]","128","X","_",,,2,"[1,2]",7764,"Plaza Middle",10,"Mobile Transfer ticket",1,"[PREMIUM]","[PREMIUM]","[PREMIUM]","[PREMIUM]",true,false,"['Clear view']","2026-07-16 23:12:50"
"13377487338","2026-07-19 23:46:00.125","2026-07-19 23:46:00.125","13377487338","161311377","[PREMIUM]","[PREMIUM]","322",,"_",,,2,"[1,2]",17158,"Terrace Endzone",10,"Mobile Transfer ticket",1,"[PREMIUM]","[PREMIUM]","[PREMIUM]","[PREMIUM]",true,true,"['Clear view']","2026-07-16 23:13:21"
"13377484825","2026-07-19 23:46:00.125","2026-07-23 01:50:05.023","13377484825","161311377","[PREMIUM]","[PREMIUM]","305",,"_",,,2,"[1,2]",3831,"Terrace Corner",10,"Mobile Transfer ticket",1,"[PREMIUM]","[PREMIUM]","[PREMIUM]","[PREMIUM]",true,true,"['Clear view']","2026-07-16 23:13:09"
"13397013900","2026-07-19 23:46:00.054","2026-07-31 06:40:01.244","13397013900","161311377","[PREMIUM]","[PREMIUM]","317","E","5_8","5","8",4,"[1,2,4]",4813,"Terrace Center",10,"Mobile Transfer ticket",14,"[PREMIUM]","[PREMIUM]","[PREMIUM]","[PREMIUM]",true,false,"['Clear view']","2026-07-19 13:05:56"
"13394133207","2026-07-19 23:45:59.929","2026-08-04 02:02:22.797","13394133207","161311377","[PREMIUM]","[PREMIUM]","312","A","_",,,4,"[2,4]",3831,"Terrace Corner",10,"Mobile Transfer ticket",1,"[PREMIUM]","[PREMIUM]","[PREMIUM]","[PREMIUM]",true,false,"['Actual 1st row of the section','Clear view']","2026-07-19 01:52:48"
"13377484515","2026-07-19 23:45:59.914","2026-07-23 01:50:05.347","13377484515","161311377","[PREMIUM]","[PREMIUM]","301","T","_",,,2,"[1,2]",4813,"Terrace Center",10,"Mobile Transfer ticket",1,"[PREMIUM]","[PREMIUM]","[PREMIUM]","[PREMIUM]",true,false,"['Clear view']","2026-07-16 23:13:08"
"13375924188","2026-07-19 23:45:59.859","2026-07-30 00:14:57.542","13375924188","161400560","[PREMIUM]","[PREMIUM]","109","14","5_8","5","8",4,"[2,4]",267,"Upper Tier",10,"Mobile Transfer ticket",1,"[PREMIUM]","[PREMIUM]","[PREMIUM]","[PREMIUM]",true,false,"['Clear view']","2026-07-16 20:06:22"
"13377487439","2026-07-19 23:45:59.413","2026-07-19 23:45:59.413","13377487439","161311377","[PREMIUM]","[PREMIUM]","327",,"_",,,2,"[1,2]",3831,"Terrace Corner",10,"Mobile Transfer ticket",1,"[PREMIUM]","[PREMIUM]","[PREMIUM]","[PREMIUM]",true,true,"['Clear view']","2026-07-16 23:13:21"
"13383800361","2026-07-19 23:45:59.413","2026-07-21 02:35:35.230","13383800361","161311377","[PREMIUM]","[PREMIUM]","325","L","14_16","14","16",3,"[1,3]",17158,"Terrace Endzone",10,"Mobile Transfer ticket",14,"[PREMIUM]","[PREMIUM]","[PREMIUM]","[PREMIUM]",true,false,"['Clear view']","2026-07-17 15:55:04"
"13394463032","2026-07-19 23:45:59.399","2026-08-04 02:02:20.265","13394463032","161470435","[PREMIUM]","[PREMIUM]","6","K","_",,,4,"[2,4]",594,"Lower",9,"Mobile Transfer ticket",1,"[PREMIUM]","[PREMIUM]","[PREMIUM]","[PREMIUM]",true,false,"['Includes VIP pass','Access to VIP Lounge','Paperless Tickets','VIP Club Access w/ private entrance & restrooms','Tickets give you access to a private VIP bar','Padded Seats','Clear view']","2026-07-19 03:21:19"
"13388080972","2026-07-19 23:45:59.260","2026-08-02 23:18:41.746","13388080972","161470435","[PREMIUM]","[PREMIUM]","104",,"_",,,1,"[1]",471,"Middle",10,"Mobile Transfer ticket",1,"[PREMIUM]","[PREMIUM]","[PREMIUM]","[PREMIUM]",false,true,"['Clear view']","2026-07-18 01:57:46"
"13400685201","2026-07-19 23:45:59.243","2026-07-19 23:45:59.243","13400685201","161470435","[PREMIUM]","[PREMIUM]","1","D","_",,,4,"[1,2,4]",594,"Lower",10,"Mobile Transfer ticket",1,"[PREMIUM]","[PREMIUM]","[PREMIUM]","[PREMIUM]",true,false,"['Clear view']","2026-07-19 23:19:26"
"13395151485","2026-07-19 23:45:58.897","2026-08-04 02:02:16.919","13395151485","161311373","[PREMIUM]","[PREMIUM]","116","F","_",,,2,"[2]",4861,"Plaza Center",10,"Mobile Transfer ticket",1,"[PREMIUM]","[PREMIUM]","[PREMIUM]","[PREMIUM]",true,false,"['Clear view']","2026-07-19 05:39:21"
"13377478557","2026-07-19 23:45:58.834","2026-07-24 00:23:42.396","13377478557","161311373","[PREMIUM]","[PREMIUM]","101",,"_",,,2,"[1,2]",4861,"Plaza Center",10,"Mobile Transfer ticket",1,"[PREMIUM]","[PREMIUM]","[PREMIUM]","[PREMIUM]",true,true,"['Clear view']","2026-07-16 23:12:37"
"13364488645","2026-07-19 23:45:58.814","2026-07-19 23:45:58.814","13364488645","161311373","[PREMIUM]","[PREMIUM]","118","W","7_10","7","10",4,"[2]",7764,"Plaza Middle",10,"Mobile Transfer ticket",1,"[PREMIUM]","[PREMIUM]","[PREMIUM]","[PREMIUM]",true,false,"['Clear view']","2026-07-15 22:17:44"
"13377478936","2026-07-19 23:45:58.171","2026-08-04 02:02:16.973","13377478936","161311373","[PREMIUM]","[PREMIUM]","104","X","_",,,2,"[1,2]",7764,"Plaza Middle",10,"Mobile Transfer ticket",1,"[PREMIUM]","[PREMIUM]","[PREMIUM]","[PREMIUM]",true,false,"['Clear view']","2026-07-16 23:12:39"
"13377480485","2026-07-19 23:45:58.171","2026-08-04 02:02:16.919","13377480485","161311373","[PREMIUM]","[PREMIUM]","120","X","_",,,2,"[1,2]",7764,"Plaza Middle",10,"Mobile Transfer ticket",1,"[PREMIUM]","[PREMIUM]","[PREMIUM]","[PREMIUM]",true,false,"['Clear view']","2026-07-16 23:12:47"
"13377481063","2026-07-19 23:45:58.171","2026-08-04 02:02:16.028","13377481063","161311373","[PREMIUM]","[PREMIUM]","128","X","_",,,2,"[1,2]",7764,"Plaza Middle",10,"Mobile Transfer ticket",1,"[PREMIUM]","[PREMIUM]","[PREMIUM]","[PREMIUM]",true,false,"['Clear view']","2026-07-16 23:12:50"
"13394484611","2026-07-19 23:45:58.157","2026-07-24 00:23:53.586","13394484611","161470435","[PREMIUM]","[PREMIUM]","209","R","3_4","3","4",2,"[2]",407,"Upper",9,"Mobile Transfer ticket",1,"[PREMIUM]","[PREMIUM]","[PREMIUM]","[PREMIUM]",true,false,"['Clear view']","2026-07-19 03:27:34"
"13377480782","2026-07-19 23:45:57.796","2026-07-24 00:23:41.950","13377480782","161311373","[PREMIUM]","[PREMIUM]","123","X","_",,,2,"[1,2]",7220,"Plaza Endzone",10,"Mobile Transfer ticket",1,"[PREMIUM]","[PREMIUM]","[PREMIUM]","[PREMIUM]",true,false,"['Clear view']","2026-07-16 23:12:48"
"13394121058","2026-07-19 23:45:57.796","2026-07-21 02:35:21.555","13394121058","161311373","[PREMIUM]","[PREMIUM]","312","A","_",,,4,"[2,4]",3831,"Terrace Corner",10,"Mobile Transfer ticket",1,"[PREMIUM]","[PREMIUM]","[PREMIUM]","[PREMIUM]",true,false,"['Actual 1st row of the section','Clear view']","2026-07-19 01:49:01"
"13377486721","2026-07-19 23:45:57.561","2026-08-04 02:02:15.991","13377486721","161311373","[PREMIUM]","[PREMIUM]","316",,"_",,,2,"[1,2]",4813,"Terrace Center",10,"Mobile Transfer ticket",1,"[PREMIUM]","[PREMIUM]","[PREMIUM]","[PREMIUM]",true,true,"['Clear view']","2026-07-16 23:13:18"
"13382936569","2026-07-19 23:45:57.561","2026-07-23 01:50:01.913","13382936569","161311373","[PREMIUM]","[PREMIUM]","304","P","_",,,1,"[1]",3831,"Terrace Corner",10,"Mobile Transfer ticket",1,"[PREMIUM]","[PREMIUM]","[PREMIUM]","[PREMIUM]",false,false,"['Clear view']","2026-07-17 13:41:46"
"13383786009","2026-07-19 23:45:57.561","2026-07-21 02:35:21.164","13383786009","161311373","[PREMIUM]","[PREMIUM]","315","M","11_13","11","13",3,"[1,3]",4813,"Terrace Center",10,"Mobile Transfer ticket",14,"[PREMIUM]","[PREMIUM]","[PREMIUM]","[PREMIUM]",true,false,"['Clear view']","2026-07-17 15:53:02"
"13377484798","2026-07-19 23:45:57.550","2026-07-22 04:05:35.357","13377484798","161311373","[PREMIUM]","[PREMIUM]","305",,"_",,,2,"[1,2]",3831,"Terrace Corner",10,"Mobile Transfer ticket",1,"[PREMIUM]","[PREMIUM]","[PREMIUM]","[PREMIUM]",true,true,"['Clear view']","2026-07-16 23:13:09"
"13377485540","2026-07-19 23:45:57.550","2026-08-04 02:02:15.666","13377485540","161311373","[PREMIUM]","[PREMIUM]","312",,"_",,,2,"[1,2]",3831,"Terrace Corner",10,"Mobile Transfer ticket",1,"[PREMIUM]","[PREMIUM]","[PREMIUM]","[PREMIUM]",true,true,"['Clear view']","2026-07-16 23:13:12"
"13377487331","2026-07-19 23:45:57.543","2026-07-19 23:45:57.543","13377487331","161311373","[PREMIUM]","[PREMIUM]","322",,"_",,,2,"[1,2]",17158,"Terrace Endzone",10,"Mobile Transfer ticket",1,"[PREMIUM]","[PREMIUM]","[PREMIUM]","[PREMIUM]",true,true,"['Clear view']","2026-07-16 23:13:21"
"13377486985","2026-07-19 23:45:57.530","2026-08-04 02:02:15.720","13377486985","161311373","[PREMIUM]","[PREMIUM]","320",,"_",,,2,"[1,2]",3831,"Terrace Corner",10,"Mobile Transfer ticket",1,"[PREMIUM]","[PREMIUM]","[PREMIUM]","[PREMIUM]",true,true,"['Clear view']","2026-07-16 23:13:19"
"13394064724","2026-07-19 23:45:57.530","2026-08-04 02:02:15.606","13394064724","161311373","[PREMIUM]","[PREMIUM]","309","G","13_14","13","14",2,"[2]",17158,"Terrace Endzone",10,"Mobile Transfer ticket",1,"[PREMIUM]","[PREMIUM]","[PREMIUM]","[PREMIUM]",true,false,"['Clear view']","2026-07-19 01:32:16"
"13378117852","2026-07-19 23:45:57.524","2026-07-31 06:39:40.962","13378117852","161311373","[PREMIUM]","[PREMIUM]","304","L","16_19","16","19",4,"[1,2,4]",3831,"Terrace Corner",10,"Mobile Transfer ticket",1,"[PREMIUM]","[PREMIUM]","[PREMIUM]","[PREMIUM]",true,false,"['Clear view']","2026-07-17 00:25:42"
"13377484497","2026-07-19 23:45:57.524","2026-08-04 02:02:15.855","13377484497","161311373","[PREMIUM]","[PREMIUM]","301","T","_",,,2,"[1,2]",4813,"Terrace Center",10,"Mobile Transfer ticket",1,"[PREMIUM]","[PREMIUM]","[PREMIUM]","[PREMIUM]",true,false,"['Clear view']","2026-07-16 23:13:08"
"13377487422","2026-07-19 23:45:56.656","2026-07-24 00:23:41.269","13377487422","161311373","[PREMIUM]","[PREMIUM]","327",,"_",,,2,"[1,2]",3831,"Terrace Corner",10,"Mobile Transfer ticket",1,"[PREMIUM]","[PREMIUM]","[PREMIUM]","[PREMIUM]",true,true,"['Clear view']","2026-07-16 23:13:21"
"13396049681","2026-07-19 23:45:56.656","2026-07-19 23:45:56.656","13396049681","161311373","[PREMIUM]","[PREMIUM]","325","N","1_2","1","2",2,"[2]",17158,"Terrace Endzone",10,"Mobile Transfer ticket",14,"[PREMIUM]","[PREMIUM]","[PREMIUM]","[PREMIUM]",true,false,"['Clear view']","2026-07-19 09:53:18"
"13396436584","2026-07-19 23:45:56.375","2026-07-27 02:12:46.837","13396436584","161400546","[PREMIUM]","[PREMIUM]","12","8","_",,,1,"[1]",265,"Lower Tier",10,"Mobile Transfer ticket",14,"[PREMIUM]","[PREMIUM]","[PREMIUM]","[PREMIUM]",false,false,"['Clear view']","2026-07-19 11:37:08"
"13388929506","2026-07-19 23:45:56.374","2026-08-04 02:02:15.479","13388929506","161400546","[PREMIUM]","[PREMIUM]","109","6","1_2","1","2",2,"[2]",267,"Upper Tier",10,"Mobile Transfer ticket",1,"[PREMIUM]","[PREMIUM]","[PREMIUM]","[PREMIUM]",true,false,"['Clear view']","2026-07-18 04:58:44"
"13398179251","2026-07-19 23:45:56.374","2026-07-21 02:36:07.869","13398179251","161400546","[PREMIUM]","[PREMIUM]","111","6","1_4","1","4",4,"[2,4]",267,"Upper Tier",10,"Mobile Transfer ticket",1,"[PREMIUM]","[PREMIUM]","[PREMIUM]","[PREMIUM]",true,false,"['Clear view']","2026-07-19 15:46:27"
"13396408565","2026-07-19 23:45:56.372","2026-07-19 23:45:56.372","13396408565","161400546","[PREMIUM]","[PREMIUM]","134","18","_",,,3,"[1,2,3]",267,"Upper Tier",10,"Mobile Transfer ticket",14,"[PREMIUM]","[PREMIUM]","[PREMIUM]","[PREMIUM]",true,false,"['Clear view']","2026-07-19 11:28:35"
"13396462058","2026-07-19 23:45:56.372","2026-07-19 23:45:56.372","13396462058","161400546","[PREMIUM]","[PREMIUM]","108","9","_",,,1,"[1]",267,"Upper Tier",10,"Mobile Transfer ticket",14,"[PREMIUM]","[PREMIUM]","[PREMIUM]","[PREMIUM]",false,false,"['Second Row of Section','Clear view']","2026-07-19 11:41:39"
"13396409669","2026-07-19 23:45:56.372","2026-07-19 23:45:56.372","13396409669","161400546","[PREMIUM]","[PREMIUM]","136","14","_",,,3,"[1,2,3]",267,"Upper Tier",10,"Mobile Transfer ticket",14,"[PREMIUM]","[PREMIUM]","[PREMIUM]","[PREMIUM]",true,false,"['Clear view']","2026-07-19 11:29:04"
"13396425080","2026-07-19 23:45:56.353","2026-07-19 23:45:56.353","13396425080","161400546","[PREMIUM]","[PREMIUM]","130","15","_",,,1,"[1]",267,"Upper Tier",10,"Mobile Transfer ticket",14,"[PREMIUM]","[PREMIUM]","[PREMIUM]","[PREMIUM]",false,false,"['Clear view']","2026-07-19 11:34:46"
"13396423098","2026-07-19 23:45:56.353","2026-07-22 04:05:32.789","13396423098","161400546","[PREMIUM]","[PREMIUM]","114","13","_",,,1,"[1]",267,"Upper Tier",10,"Mobile Transfer ticket",14,"[PREMIUM]","[PREMIUM]","[PREMIUM]","[PREMIUM]",false,false,"['Clear view']","2026-07-19 11:34:06"
"13396421010","2026-07-19 23:45:56.353","2026-07-19 23:45:56.353","13396421010","161400546","[PREMIUM]","[PREMIUM]","110","12","_",,,1,"[1]",267,"Upper Tier",10,"Mobile Transfer ticket",14,"[PREMIUM]","[PREMIUM]","[PREMIUM]","[PREMIUM]",false,false,"['Clear view']","2026-07-19 11:33:36"
"13396410290","2026-07-19 23:45:56.335","2026-07-27 02:12:52.704","13396410290","161400546","[PREMIUM]","[PREMIUM]","2","8","_",,,2,"[1,2]",265,"Lower Tier",10,"Mobile Transfer ticket",14,"[PREMIUM]","[PREMIUM]","[PREMIUM]","[PREMIUM]",true,false,"['Clear view']","2026-07-19 11:29:36"
"13396406404","2026-07-19 23:45:56.335","2026-07-19 23:45:56.335","13396406404","161400546","[PREMIUM]","[PREMIUM]","11","10","_",,,3,"[1,2,3]",265,"Lower Tier",10,"Mobile Transfer ticket",14,"[PREMIUM]","[PREMIUM]","[PREMIUM]","[PREMIUM]",true,false,"['Clear view']","2026-07-19 11:27:33"
"13396460110","2026-07-19 23:45:56.331","2026-07-19 23:45:56.331","13396460110","161400546","[PREMIUM]","[PREMIUM]","135","3","_",,,2,"[1,2]",267,"Upper Tier",10,"Mobile Transfer ticket",14,"[PREMIUM]","[PREMIUM]","[PREMIUM]","[PREMIUM]",true,false,"['Third Row of Section','Clear view']","2026-07-19 11:41:09"
"13396442546","2026-07-19 23:45:56.232","2026-07-23 01:50:01.521","13396442546","161400546","[PREMIUM]","[PREMIUM]","109","9","_",,,1,"[1]",267,"Upper Tier",10,"Mobile Transfer ticket",14,"[PREMIUM]","[PREMIUM]","[PREMIUM]","[PREMIUM]",false,false,"['Clear view']","2026-07-19 11:38:07"
"13396434439","2026-07-19 23:45:56.224","2026-07-30 00:14:55.956","13396434439","161400546","[PREMIUM]","[PREMIUM]","21",,"_",,,1,"[1]",265,"Lower Tier",10,"Mobile Transfer ticket",14,"[PREMIUM]","[PREMIUM]","[PREMIUM]","[PREMIUM]",false,true,"['Clear view']","2026-07-19 11:36:38"
"13396412090","2026-07-19 23:45:56.113","2026-07-19 23:45:56.113","13396412090","161400546","[PREMIUM]","[PREMIUM]","129","11","_",,,2,"[1,2]",267,"Upper Tier",10,"Mobile Transfer ticket",14,"[PREMIUM]","[PREMIUM]","[PREMIUM]","[PREMIUM]",true,false,"['Clear view']","2026-07-19 11:30:35"
"13396432716","2026-07-19 23:45:56.113","2026-07-19 23:45:56.113","13396432716","161400546","[PREMIUM]","[PREMIUM]","128","12","_",,,2,"[1,2]",267,"Upper Tier",10,"Mobile Transfer ticket",14,"[PREMIUM]","[PREMIUM]","[PREMIUM]","[PREMIUM]",true,false,"['Clear view']","2026-07-19 11:36:07"
"13396430907","2026-07-19 23:45:56.113","2026-07-19 23:45:56.113","13396430907","161400546","[PREMIUM]","[PREMIUM]","127","15","_",,,1,"[1]",267,"Upper Tier",10,"Mobile Transfer ticket",14,"[PREMIUM]","[PREMIUM]","[PREMIUM]","[PREMIUM]",false,false,"['Clear view']","2026-07-19 11:35:37"
"13396415880","2026-07-19 23:45:56.113","2026-07-19 23:45:56.113","13396415880","161400546","[PREMIUM]","[PREMIUM]","115","10","_",,,2,"[1,2]",267,"Upper Tier",10,"Mobile Transfer ticket",14,"[PREMIUM]","[PREMIUM]","[PREMIUM]","[PREMIUM]",true,false,"['Clear view']","2026-07-19 11:32:05"
"13400571721","2026-07-19 23:45:56.113","2026-07-19 23:45:56.113","13400571721","161400546","[PREMIUM]","[PREMIUM]","116","10","_",,,1,"[1]",267,"Upper Tier",10,"Mobile Transfer ticket",14,"[PREMIUM]","[PREMIUM]","[PREMIUM]","[PREMIUM]",false,false,"['Third Row of Section','Clear view']","2026-07-19 23:01:47"
"13394640932","2026-07-19 23:45:55.810","2026-07-22 04:05:32.850","13394640932","161470395","[PREMIUM]","[PREMIUM]","4","N","9_12","9","12",4,"[4]",594,"Lower",9,"Mobile Transfer ticket",1,"[PREMIUM]","[PREMIUM]","[PREMIUM]","[PREMIUM]",true,false,"['Clear view']","2026-07-19 04:09:42"
"13388080946","2026-07-19 23:45:55.784","2026-08-01 23:17:27.118","13388080946","161470395","[PREMIUM]","[PREMIUM]","104",,"_",,,4,"[1,2,3,4]",471,"Middle",10,"Mobile Transfer ticket",1,"[PREMIUM]","[PREMIUM]","[PREMIUM]","[PREMIUM]",true,true,"['Clear view']","2026-07-18 01:57:46"
"13400733639","2026-07-19 23:45:55.751","2026-08-04 02:02:14.141","13400733639","161470395","[PREMIUM]","[PREMIUM]","1","D","_",,,4,"[1,2,4]",594,"Lower",10,"Mobile Transfer ticket",1,"[PREMIUM]","[PREMIUM]","[PREMIUM]","[PREMIUM]",true,false,"['Clear view']","2026-07-19 23:28:18"
"13394045706","2026-07-19 23:45:55.744","2026-08-04 02:02:14.420","13394045706","161470395","[PREMIUM]","[PREMIUM]","L4","C","1_4","1","4",4,"[4]",3600,"Loge Box",9,"Mobile Transfer ticket",1,"[PREMIUM]","[PREMIUM]","[PREMIUM]","[PREMIUM]",true,false,"['4 person box','Access to VIP Lounge','Clear view']","2026-07-19 01:24:10"
"13375681079","2026-07-19 23:45:55.473","2026-08-04 02:02:16.514","13375681079","161311374","[PREMIUM]","[PREMIUM]","328","S","_",,,2,"[1,2]",3831,"Terrace Corner",10,"Mobile Transfer ticket",1,"[PREMIUM]","[PREMIUM]","[PREMIUM]","[PREMIUM]",true,false,"['Clear view']","2026-07-16 19:36:48"
"13377479922","2026-07-19 23:45:55.397","2026-08-01 23:17:27.419","13377479922","161311374","[PREMIUM]","[PREMIUM]","116",,"_",,,2,"[1,2]",4861,"Plaza Center",10,"Mobile Transfer ticket",1,"[PREMIUM]","[PREMIUM]","[PREMIUM]","[PREMIUM]",true,true,"['Clear view']","2026-07-16 23:12:44"
"13377478528","2026-07-19 23:45:55.397","2026-08-04 02:02:17.571","13377478528","161311374","[PREMIUM]","[PREMIUM]","101",,"_",,,2,"[1,2]",4861,"Plaza Center",10,"Mobile Transfer ticket",1,"[PREMIUM]","[PREMIUM]","[PREMIUM]","[PREMIUM]",true,true,"['Clear view']","2026-07-16 23:12:37"
"13395182457","2026-07-19 23:45:55.397","2026-08-04 02:02:17.461","13395182457","161311374","[PREMIUM]","[PREMIUM]","102","K","_",,,3,"[1,3]",4861,"Plaza Center",10,"Mobile Transfer ticket",1,"[PREMIUM]","[PREMIUM]","[PREMIUM]","[PREMIUM]",true,false,"['Clear view']","2026-07-19 05:44:23"
"13386020970","2026-07-19 23:45:55.385","2026-08-02 23:18:35.594","13386020970","161311374","[PREMIUM]","[PREMIUM]","116","D","_",,,4,"[2,4]",4861,"Plaza Center",10,"Mobile Transfer ticket",14,"[PREMIUM]","[PREMIUM]","[PREMIUM]","[PREMIUM]",true,false,"['Second Row of Section','Clear view']","2026-07-17 20:27:52"
"13377484518","2026-07-19 23:45:55.267","2026-07-23 01:49:59.653","13377484518","161311374","[PREMIUM]","[PREMIUM]","301","T","_",,,2,"[1,2]",4813,"Terrace Center",10,"Mobile Transfer ticket",1,"[PREMIUM]","[PREMIUM]","[PREMIUM]","[PREMIUM]",true,false,"['Clear view']","2026-07-16 23:13:08"
"13377486715","2026-07-19 23:45:55.267","2026-08-04 02:02:15.313","13377486715","161311374","[PREMIUM]","[PREMIUM]","316",,"_",,,2,"[1,2]",4813,"Terrace Center",10,"Mobile Transfer ticket",1,"[PREMIUM]","[PREMIUM]","[PREMIUM]","[PREMIUM]",true,true,"['Clear view']","2026-07-16 23:13:18"
"13377484814","2026-07-19 23:45:55.106","2026-08-04 02:02:15.460","13377484814","161311374","[PREMIUM]","[PREMIUM]","305",,"_",,,2,"[1,2]",3831,"Terrace Corner",10,"Mobile Transfer ticket",1,"[PREMIUM]","[PREMIUM]","[PREMIUM]","[PREMIUM]",true,true,"['Clear view']","2026-07-16 23:13:09"
"13377486993","2026-07-19 23:45:55.106","2026-08-04 02:02:15.095","13377486993","161311374","[PREMIUM]","[PREMIUM]","320",,"_",,,2,"[1,2]",3831,"Terrace Corner",10,"Mobile Transfer ticket",1,"[PREMIUM]","[PREMIUM]","[PREMIUM]","[PREMIUM]",true,true,"['Clear view']","2026-07-16 23:13:19"
"13377487436","2026-07-19 23:45:55.044","2026-07-21 02:35:28.804","13377487436","161311374","[PREMIUM]","[PREMIUM]","327",,"_",,,2,"[1,2]",3831,"Terrace Corner",10,"Mobile Transfer ticket",1,"[PREMIUM]","[PREMIUM]","[PREMIUM]","[PREMIUM]",true,true,"['Clear view']","2026-07-16 23:13:21"
"13382961004","2026-07-19 23:45:55.032","2026-07-19 23:45:55.032","13382961004","161311374","[PREMIUM]","[PREMIUM]","304","P","_",,,1,"[1]",3831,"Terrace Corner",10,"Mobile Transfer ticket",1,"[PREMIUM]","[PREMIUM]","[PREMIUM]","[PREMIUM]",false,false,"['Clear view']","2026-07-17 13:46:50"
"13387681550","2026-07-19 23:45:55.010","2026-08-04 02:02:16.514","13387681550","161311374","[PREMIUM]","[PREMIUM]","128","X","_",,,2,"[1,2]",7764,"Plaza Middle",10,"Mobile Transfer ticket",1,"[PREMIUM]","[PREMIUM]","[PREMIUM]","[PREMIUM]",true,false,"['Clear view']","2026-07-18 00:27:38"
"13394133133","2026-07-19 23:45:55.008","2026-08-04 02:02:16.637","13394133133","161311374","[PREMIUM]","[PREMIUM]","312","A","_",,,4,"[2,4]",3831,"Terrace Corner",10,"Mobile Transfer ticket",1,"[PREMIUM]","[PREMIUM]","[PREMIUM]","[PREMIUM]",true,false,"['Actual 1st row of the section','Clear view']","2026-07-19 01:52:48"
"13396531188","2026-07-19 23:45:54.870","2026-07-19 23:45:54.870","13396531188","161400539","[PREMIUM]","[PREMIUM]","12","8","_",,,1,"[1]",265,"Lower Tier",10,"Mobile Transfer ticket",14,"[PREMIUM]","[PREMIUM]","[PREMIUM]","[PREMIUM]",false,false,"['Clear view']","2026-07-19 11:55:57"
"13396477444","2026-07-19 23:45:54.870","2026-07-19 23:45:54.870","13396477444","161400539","[PREMIUM]","[PREMIUM]","11","10","_",,,4,"[1,2,3,4]",265,"Lower Tier",10,"Mobile Transfer ticket",14,"[PREMIUM]","[PREMIUM]","[PREMIUM]","[PREMIUM]",true,false,"['Clear view']","2026-07-19 11:45:53"
"13396493426","2026-07-19 23:45:54.870","2026-07-23 01:50:00.621","13396493426","161400539","[PREMIUM]","[PREMIUM]","2","8","_",,,2,"[1,2]",265,"Lower Tier",10,"Mobile Transfer ticket",14,"[PREMIUM]","[PREMIUM]","[PREMIUM]","[PREMIUM]",true,false,"['Clear view']","2026-07-19 11:47:53"
"13396529569","2026-07-19 23:45:54.665","2026-07-19 23:45:54.665","13396529569","161400539","[PREMIUM]","[PREMIUM]","109","5","_",,,2,"[1,2]",267,"Upper Tier",10,"Mobile Transfer ticket",14,"[PREMIUM]","[PREMIUM]","[PREMIUM]","[PREMIUM]",true,false,"['Clear view']","2026-07-19 11:55:26"
"13398170672","2026-07-19 23:45:54.627","2026-07-21 02:35:08.710","13398170672","161400539","[PREMIUM]","[PREMIUM]","111","6","1_4","1","4",4,"[2,4]",267,"Upper Tier",10,"Mobile Transfer ticket",1,"[PREMIUM]","[PREMIUM]","[PREMIUM]","[PREMIUM]",true,false,"['Clear view']","2026-07-19 15:43:37"
"13396505676","2026-07-19 23:45:54.613","2026-07-19 23:45:54.613","13396505676","161400539","[PREMIUM]","[PREMIUM]","115","11","_",,,3,"[1,2,3]",267,"Upper Tier",10,"Mobile Transfer ticket",14,"[PREMIUM]","[PREMIUM]","[PREMIUM]","[PREMIUM]",true,false,"['Clear view']","2026-07-19 11:49:23"
"13396525380","2026-07-19 23:45:54.613","2026-07-19 23:45:54.613","13396525380","161400539","[PREMIUM]","[PREMIUM]","128","10","_",,,2,"[1,2]",267,"Upper Tier",10,"Mobile Transfer ticket",14,"[PREMIUM]","[PREMIUM]","[PREMIUM]","[PREMIUM]",true,false,"['Third Row of Section','Clear view']","2026-07-19 11:54:26"
"13396487395","2026-07-19 23:45:54.613","2026-07-19 23:45:54.613","13396487395","161400539","[PREMIUM]","[PREMIUM]","136","14","_",,,2,"[1,2]",267,"Upper Tier",10,"Mobile Transfer ticket",14,"[PREMIUM]","[PREMIUM]","[PREMIUM]","[PREMIUM]",true,false,"['Clear view']","2026-07-19 11:47:23"
"13395180688","2026-07-19 23:45:54.613","2026-07-19 23:45:54.613","13395180688","161400539","[PREMIUM]","[PREMIUM]","129","11","_",,,3,"[1,2,3]",267,"Upper Tier",10,"Mobile Transfer ticket",14,"[PREMIUM]","[PREMIUM]","[PREMIUM]","[PREMIUM]",true,false,"['Clear view']","2026-07-19 05:43:47"
"13377576129","2026-07-19 23:45:54.556","2026-07-21 02:35:03.509","13377576129","161400539","[PREMIUM]","[PREMIUM]","117","20","_",,,2,"[1,2]",267,"Upper Tier",10,"Mobile Transfer ticket",1,"[PREMIUM]","[PREMIUM]","[PREMIUM]","[PREMIUM]",true,false,"['Clear view']","2026-07-16 23:21:46"
"13382888728","2026-07-19 23:45:54.556","2026-08-04 02:02:13.279","13382888728","161400539","[PREMIUM]","[PREMIUM]","133","18","_",,,2,"[2]",267,"Upper Tier",10,"Mobile Transfer ticket",1,"[PREMIUM]","[PREMIUM]","[PREMIUM]","[PREMIUM]",true,false,"['Clear view']","2026-07-17 13:34:24"
"13396521109","2026-07-19 23:45:54.555","2026-07-19 23:45:54.555","13396521109","161400539","[PREMIUM]","[PREMIUM]","117","15","_",,,1,"[1]",267,"Upper Tier",10,"Mobile Transfer ticket",14,"[PREMIUM]","[PREMIUM]","[PREMIUM]","[PREMIUM]",false,false,"['Clear view']","2026-07-19 11:53:25"
"13396522917","2026-07-19 23:45:54.555","2026-07-19 23:45:54.555","13396522917","161400539","[PREMIUM]","[PREMIUM]","127","15","_",,,2,"[1,2]",267,"Upper Tier",10,"Mobile Transfer ticket",14,"[PREMIUM]","[PREMIUM]","[PREMIUM]","[PREMIUM]",true,false,"['Clear view']","2026-07-19 11:53:55"
"13396483958","2026-07-19 23:45:54.531","2026-07-19 23:45:54.531","13396483958","161400539","[PREMIUM]","[PREMIUM]","134","18","_",,,3,"[1,2,3]",267,"Upper Tier",10,"Mobile Transfer ticket",14,"[PREMIUM]","[PREMIUM]","[PREMIUM]","[PREMIUM]",true,false,"['Clear view']","2026-07-19 11:46:54"
"13396536544","2026-07-19 23:45:54.528","2026-07-19 23:45:54.528","13396536544","161400539","[PREMIUM]","[PREMIUM]","135","5","_",,,2,"[1,2]",267,"Upper Tier",10,"Mobile Transfer ticket",14,"[PREMIUM]","[PREMIUM]","[PREMIUM]","[PREMIUM]",true,false,"['Clear view']","2026-07-19 11:58:57"
"13396516984","2026-07-19 23:45:54.491","2026-07-19 23:45:54.491","13396516984","161400539","[PREMIUM]","[PREMIUM]","114","13","_",,,1,"[1]",267,"Upper Tier",10,"Mobile Transfer ticket",14,"[PREMIUM]","[PREMIUM]","[PREMIUM]","[PREMIUM]",false,false,"['Clear view']","2026-07-19 11:52:25"
"13396515319","2026-07-19 23:45:54.491","2026-07-19 23:45:54.491","13396515319","161400539","[PREMIUM]","[PREMIUM]","110","12","_",,,1,"[1]",267,"Upper Tier",10,"Mobile Transfer ticket",14,"[PREMIUM]","[PREMIUM]","[PREMIUM]","[PREMIUM]",false,false,"['Clear view']","2026-07-19 11:51:55"
"13396519252","2026-07-19 23:45:54.491","2026-07-19 23:45:54.491","13396519252","161400539","[PREMIUM]","[PREMIUM]","130","15","_",,,2,"[1,2]",267,"Upper Tier",10,"Mobile Transfer ticket",14,"[PREMIUM]","[PREMIUM]","[PREMIUM]","[PREMIUM]",true,false,"['Clear view']","2026-07-19 11:52:54"
"13377485260","2026-07-19 23:45:54.449","2026-07-19 23:45:54.449","13377485260","161311374","[PREMIUM]","[PREMIUM]","309",,"_",,,2,"[1,2]",17158,"Terrace Endzone",10,"Mobile Transfer ticket",1,"[PREMIUM]","[PREMIUM]","[PREMIUM]","[PREMIUM]",true,true,"['Clear view']","2026-07-16 23:13:11"
"13395553165","2026-07-19 23:45:53.669","2026-07-23 01:49:58.319","13395553165","161470409","[PREMIUM]","[PREMIUM]","222","E","_",,,2,"[1,2]",407,"Upper",10,"Mobile Transfer ticket",1,"[PREMIUM]","[PREMIUM]","[PREMIUM]","[PREMIUM]",true,false,"['Clear view']","2026-07-19 07:03:36"
"13388080986","2026-07-19 23:45:53.622","2026-07-19 23:45:53.622","13388080986","161470409","[PREMIUM]","[PREMIUM]","104",,"_",,,4,"[1,2,3,4]",471,"Middle",10,"Mobile Transfer ticket",1,"[PREMIUM]","[PREMIUM]","[PREMIUM]","[PREMIUM]",true,true,"['Clear view']","2026-07-18 01:57:46"
"13400626443","2026-07-19 23:45:53.608","2026-08-04 02:02:11.826","13400626443","161470409","[PREMIUM]","[PREMIUM]","1","D","_",,,4,"[1,2,4]",594,"Lower",10,"Mobile Transfer ticket",1,"[PREMIUM]","[PREMIUM]","[PREMIUM]","[PREMIUM]",true,false,"['Clear view']","2026-07-19 23:10:08"
"13399867818","2026-07-19 23:45:53.408","2026-08-02 23:18:26.952","13399867818","161482416","[PREMIUM]","[PREMIUM]","26","R","1_2","1","2",2,"[2]",594,"Lower",10,"Mobile Transfer ticket",1,"[PREMIUM]","[PREMIUM]","[PREMIUM]","[PREMIUM]",true,false,"['Access to VIP Lounge','Aisle seat','Clear view']","2026-07-19 20:42:16"
"13395479091","2026-07-19 23:45:53.366","2026-08-04 02:02:08.548","13395479091","161482416","[PREMIUM]","[PREMIUM]","126","A","3_6","3","6",4,"[2,4]",471,"Middle",10,"Mobile Transfer ticket",1,"[PREMIUM]","[PREMIUM]","[PREMIUM]","[PREMIUM]",true,false,"['Actual 1st row of the section','Clear view']","2026-07-19 06:26:45"
"13399084690","2026-07-19 23:45:52.955","2026-07-19 23:45:52.955","13399084690","161470409","[PREMIUM]","[PREMIUM]","216","L","_",,,3,"[1,3]",407,"Upper",10,"Mobile Transfer ticket",1,"[PREMIUM]","[PREMIUM]","[PREMIUM]","[PREMIUM]",true,false,"['Clear view']","2026-07-19 18:48:50"
"13394116452","2026-07-19 23:45:52.955","2026-08-01 23:17:24.284","13394116452","161470409","[PREMIUM]","[PREMIUM]","209","R","3_4","3","4",2,"[2]",407,"Upper",9,"Mobile Transfer ticket",1,"[PREMIUM]","[PREMIUM]","[PREMIUM]","[PREMIUM]",true,false,"['Clear view']","2026-07-19 01:46:49"
"13398209124","2026-07-19 23:45:52.781","2026-07-19 23:45:52.781","13398209124","161482396","[PREMIUM]","[PREMIUM]","216","J","_",,,4,"[1,2,4]",407,"Upper",10,"Mobile Transfer ticket",14,"[PREMIUM]","[PREMIUM]","[PREMIUM]","[PREMIUM]",true,false,"['Clear view']","2026-07-19 15:51:01"
"13395480755","2026-07-19 23:45:52.715","2026-08-04 02:02:08.830","13395480755","161482396","[PREMIUM]","[PREMIUM]","126","A","3_6","3","6",4,"[2,4]",471,"Middle",10,"Mobile Transfer ticket",1,"[PREMIUM]","[PREMIUM]","[PREMIUM]","[PREMIUM]",true,false,"['Actual 1st row of the section','Clear view']","2026-07-19 06:27:48"
"13377429166","2026-07-19 23:45:52.102","2026-08-02 23:18:29.466","13377429166","161400527","[PREMIUM]","[PREMIUM]","15","11","_",,,2,"[2]",265,"Lower Tier",10,"Mobile Transfer ticket",1,"[PREMIUM]","[PREMIUM]","[PREMIUM]","[PREMIUM]",true,false,"['Front Row of Section','Clear view']","2026-07-16 23:08:01"
"13396364116","2026-07-19 23:45:52.102","2026-07-24 00:23:30.392","13396364116","161400527","[PREMIUM]","[PREMIUM]","2","8","_",,,3,"[1,2,3]",265,"Lower Tier",10,"Mobile Transfer ticket",14,"[PREMIUM]","[PREMIUM]","[PREMIUM]","[PREMIUM]",true,false,"['Clear view']","2026-07-19 11:13:04"
"13396368070","2026-07-19 23:45:52.102","2026-07-19 23:45:52.102","13396368070","161400527","[PREMIUM]","[PREMIUM]","11","10","_",,,2,"[1,2]",265,"Lower Tier",10,"Mobile Transfer ticket",14,"[PREMIUM]","[PREMIUM]","[PREMIUM]","[PREMIUM]",true,false,"['Clear view']","2026-07-19 11:13:34"
"13400499541","2026-07-19 23:45:52.102","2026-07-19 23:45:52.102","13400499541","161400527","[PREMIUM]","[PREMIUM]","12","8","_",,,1,"[1]",265,"Lower Tier",10,"Mobile Transfer ticket",14,"[PREMIUM]","[PREMIUM]","[PREMIUM]","[PREMIUM]",false,false,"['Clear view']","2026-07-19 22:46:18"
"13396392015","2026-07-19 23:45:52.044","2026-07-19 23:45:52.044","13396392015","161400527","[PREMIUM]","[PREMIUM]","114","13","_",,,2,"[1,2]",267,"Upper Tier",10,"Mobile Transfer ticket",14,"[PREMIUM]","[PREMIUM]","[PREMIUM]","[PREMIUM]",true,false,"['Clear view']","2026-07-19 11:18:06"
"13396400058","2026-07-19 23:45:52.036","2026-07-19 23:45:52.036","13396400058","161400527","[PREMIUM]","[PREMIUM]","116","10","_",,,2,"[1,2]",267,"Upper Tier",10,"Mobile Transfer ticket",14,"[PREMIUM]","[PREMIUM]","[PREMIUM]","[PREMIUM]",true,false,"['Third Row of Section','Clear view']","2026-07-19 11:23:09"
"13396384545","2026-07-19 23:45:52.036","2026-07-19 23:45:52.036","13396384545","161400527","[PREMIUM]","[PREMIUM]","115","10","_",,,3,"[1,2,3]",267,"Upper Tier",10,"Mobile Transfer ticket",14,"[PREMIUM]","[PREMIUM]","[PREMIUM]","[PREMIUM]",true,false,"['Clear view']","2026-07-19 11:15:36"
"13396393456","2026-07-19 23:45:52.036","2026-07-19 23:45:52.036","13396393456","161400527","[PREMIUM]","[PREMIUM]","117","15","_",,,2,"[1,2]",267,"Upper Tier",10,"Mobile Transfer ticket",14,"[PREMIUM]","[PREMIUM]","[PREMIUM]","[PREMIUM]",true,false,"['Clear view']","2026-07-19 11:19:06"
"13396376549","2026-07-19 23:45:52.036","2026-07-19 23:45:52.036","13396376549","161400527","[PREMIUM]","[PREMIUM]","129","11","_",,,3,"[1,2,3]",267,"Upper Tier",10,"Mobile Transfer ticket",14,"[PREMIUM]","[PREMIUM]","[PREMIUM]","[PREMIUM]",true,false,"['Clear view']","2026-07-19 11:14:36"
"13396394383","2026-07-19 23:45:52.036","2026-07-19 23:45:52.036","13396394383","161400527","[PREMIUM]","[PREMIUM]","127","15","_",,,2,"[1,2]",267,"Upper Tier",10,"Mobile Transfer ticket",14,"[PREMIUM]","[PREMIUM]","[PREMIUM]","[PREMIUM]",true,false,"['Clear view']","2026-07-19 11:19:37"
"13396389303","2026-07-19 23:45:51.952","2026-07-19 23:45:51.952","13396389303","161400527","[PREMIUM]","[PREMIUM]","111","9","_",,,1,"[1]",267,"Upper Tier",10,"Mobile Transfer ticket",14,"[PREMIUM]","[PREMIUM]","[PREMIUM]","[PREMIUM]",false,false,"['Clear view']","2026-07-19 11:17:07"
"13396402721","2026-07-19 23:45:51.848","2026-07-19 23:45:51.848","13396402721","161400527","[PREMIUM]","[PREMIUM]","135","3","_",,,2,"[1,2]",267,"Upper Tier",10,"Mobile Transfer ticket",14,"[PREMIUM]","[PREMIUM]","[PREMIUM]","[PREMIUM]",true,false,"['Third Row of Section','Clear view']","2026-07-19 11:25:09"
"13399254323","2026-07-19 23:45:51.848","2026-07-21 02:34:55.216","13399254323","161400527","[PREMIUM]","[PREMIUM]","7","23","_",,,2,"[1,2]",265,"Lower Tier",10,"Mobile Transfer ticket",1,"[PREMIUM]","[PREMIUM]","[PREMIUM]","[PREMIUM]",true,false,"['Clear view']","2026-07-19 19:17:34"
"13396403294","2026-07-19 23:45:51.760","2026-07-19 23:45:51.760","13396403294","161400527","[PREMIUM]","[PREMIUM]","108","9","_",,,2,"[1,2]",267,"Upper Tier",10,"Mobile Transfer ticket",14,"[PREMIUM]","[PREMIUM]","[PREMIUM]","[PREMIUM]",true,false,"['Second Row of Section','Clear view']","2026-07-19 11:25:40"
"13396354785","2026-07-19 23:45:51.760","2026-07-19 23:45:51.760","13396354785","161400527","[PREMIUM]","[PREMIUM]","134","18","_",,,3,"[1,2,3]",267,"Upper Tier",10,"Mobile Transfer ticket",14,"[PREMIUM]","[PREMIUM]","[PREMIUM]","[PREMIUM]",true,false,"['Clear view']","2026-07-19 11:12:05"
"13396359088","2026-07-19 23:45:51.760","2026-07-19 23:45:51.760","13396359088","161400527","[PREMIUM]","[PREMIUM]","136","14","_",,,3,"[1,2,3]",267,"Upper Tier",10,"Mobile Transfer ticket",14,"[PREMIUM]","[PREMIUM]","[PREMIUM]","[PREMIUM]",true,false,"['Clear view']","2026-07-19 11:12:34"
"13396393046","2026-07-19 23:45:51.739","2026-07-19 23:45:51.739","13396393046","161400527","[PREMIUM]","[PREMIUM]","130","15","_",,,2,"[1,2]",267,"Upper Tier",10,"Mobile Transfer ticket",14,"[PREMIUM]","[PREMIUM]","[PREMIUM]","[PREMIUM]",true,false,"['Clear view']","2026-07-19 11:19:00"
"13396391071","2026-07-19 23:45:51.739","2026-07-19 23:45:51.739","13396391071","161400527","[PREMIUM]","[PREMIUM]","110","12","_",,,2,"[1,2]",267,"Upper Tier",10,"Mobile Transfer ticket",14,"[PREMIUM]","[PREMIUM]","[PREMIUM]","[PREMIUM]",true,false,"['Clear view']","2026-07-19 11:17:37"
"13396395479","2026-07-19 23:45:51.619","2026-07-22 04:05:09.645","13396395479","161400527","[PREMIUM]","[PREMIUM]","128","12","_",,,2,"[1,2]",267,"Upper Tier",10,"Mobile Transfer ticket",14,"[PREMIUM]","[PREMIUM]","[PREMIUM]","[PREMIUM]",true,false,"['Clear view']","2026-07-19 11:20:07"
"13399715531","2026-07-19 23:45:51.619","2026-08-04 02:02:01.674","13399715531","161400527","[PREMIUM]","[PREMIUM]","109","6","1_2","1","2",2,"[2]",267,"Upper Tier",10,"Mobile Transfer ticket",1,"[PREMIUM]","[PREMIUM]","[PREMIUM]","[PREMIUM]",true,false,"['Clear view']","2026-07-19 20:20:41"
"13385135766","2026-07-19 23:45:51.583","2026-08-04 02:02:06.912","13385135766","161381089","[PREMIUM]","[PREMIUM]","122","K","1_2","1",,2,"[2]",4325,"Plaza Level",10,"Mobile Transfer ticket",1,"[PREMIUM]","[PREMIUM]","[PREMIUM]","[PREMIUM]",true,false,"['Clear view']","2026-07-17 18:49:17"
"13394796335","2026-07-19 23:45:51.450","2026-07-27 23:23:33.236","13394796335","161381044","[PREMIUM]","[PREMIUM]","101","M","_",,,5,"[1,2,3,5]",4325,"Plaza Level",10,"Mobile Transfer ticket",1,"[PREMIUM]","[PREMIUM]","[PREMIUM]","[PREMIUM]",true,false,"['Clear view']","2026-07-19 04:37:26"
"13394796288","2026-07-19 23:45:51.450","2026-08-04 02:01:57.723","13394796288","161381044","[PREMIUM]","[PREMIUM]","118","H","_",,,7,"[1,2,3,4,5,7]",4325,"Plaza Level",10,"Mobile Transfer ticket",1,"[PREMIUM]","[PREMIUM]","[PREMIUM]","[PREMIUM]",true,false,"['Clear view']","2026-07-19 04:37:25"
"13394817687","2026-07-19 23:45:50.836","2026-08-04 02:02:06.233","13394817687","161381089","[PREMIUM]","[PREMIUM]","101","M","_",,,5,"[1,2,3,5]",4325,"Plaza Level",10,"Mobile Transfer ticket",1,"[PREMIUM]","[PREMIUM]","[PREMIUM]","[PREMIUM]",true,false,"['Clear view']","2026-07-19 04:39:20"
"13394817667","2026-07-19 23:45:50.836","2026-08-04 02:02:06.233","13394817667","161381089","[PREMIUM]","[PREMIUM]","118","H","_",,,7,"[1,2,3,4,5,7]",4325,"Plaza Level",10,"Mobile Transfer ticket",1,"[PREMIUM]","[PREMIUM]","[PREMIUM]","[PREMIUM]",true,false,"['Clear view']","2026-07-19 04:39:20"
"13394817664","2026-07-19 23:45:50.235","2026-07-27 23:23:50.249","13394817664","161381048","[PREMIUM]","[PREMIUM]","101","M","_",,,5,"[1,2,3,5]",4325,"Plaza Level",10,"Mobile Transfer ticket",1,"[PREMIUM]","[PREMIUM]","[PREMIUM]","[PREMIUM]",true,false,"['Clear view']","2026-07-19 04:39:20"
"13394817676","2026-07-19 23:45:50.235","2026-08-04 02:02:05.871","13394817676","161381048","[PREMIUM]","[PREMIUM]","118","H","_",,,7,"[1,2,3,4,5,7]",4325,"Plaza Level",10,"Mobile Transfer ticket",1,"[PREMIUM]","[PREMIUM]","[PREMIUM]","[PREMIUM]",true,false,"['Clear view']","2026-07-19 04:39:20"
"13396214948","2026-07-19 23:45:49.727","2026-07-27 23:23:43.873","13396214948","161482381","[PREMIUM]","[PREMIUM]","204","A","9001_9004","9001","9004",4,"[4]",407,"Upper",10,"Mobile Transfer ticket",13,"[PREMIUM]","[PREMIUM]","[PREMIUM]","[PREMIUM]",true,false,"['Front Row of Section','Clear view']","2026-07-19 10:42:55"
"13399839928","2026-07-19 23:45:49.593","2026-08-04 02:02:06.576","13399839928","161482381","[PREMIUM]","[PREMIUM]","26","R","1_2","1","2",2,"[2]",594,"Lower",10,"Mobile Transfer ticket",1,"[PREMIUM]","[PREMIUM]","[PREMIUM]","[PREMIUM]",true,false,"['Access to VIP Lounge','Aisle seat','Clear view']","2026-07-19 20:39:06"
"13378324671","2026-07-19 23:45:49.493","2026-07-19 23:45:49.493","13378324671","161482381","[PREMIUM]","[PREMIUM]","21","C","11_12","11",,2,"[2]",594,"Lower",10,"Mobile Transfer ticket",1,"[PREMIUM]","[PREMIUM]","[PREMIUM]","[PREMIUM]",true,false,"['Front Row of Section','Clear view']","2026-07-17 00:53:26"
"13394326734","2026-07-19 23:45:49.493","2026-07-25 23:11:05.529","13394326734","161482381","[PREMIUM]","[PREMIUM]","7","C","9_10","9",,2,"[2]",594,"Lower",10,"Mobile Transfer ticket",1,"[PREMIUM]","[PREMIUM]","[PREMIUM]","[PREMIUM]",true,false,"['Front Row of Section','Clear view']","2026-07-19 02:47:00"
"13380424580","2026-07-19 23:45:49.457","2026-07-30 00:14:35.896","13380424580","161482381","[PREMIUM]","[PREMIUM]","213","H","21_24","21","24",4,"[1,2,4]",407,"Upper",10,"Mobile Transfer ticket",1,"[PREMIUM]","[PREMIUM]","[PREMIUM]","[PREMIUM]",true,false,"['Clear view']","2026-07-17 05:21:29"
"13395473136","2026-07-19 23:45:49.457","2026-08-04 02:02:05.941","13395473136","161482381","[PREMIUM]","[PREMIUM]","126","A","3_6","3","6",4,"[2,4]",471,"Middle",10,"Mobile Transfer ticket",1,"[PREMIUM]","[PREMIUM]","[PREMIUM]","[PREMIUM]",true,false,"['Actual 1st row of the section','Clear view']","2026-07-19 06:24:44"
"13380424592","2026-07-19 23:45:49.440","2026-07-19 23:45:49.440","13380424592","161482381","[PREMIUM]","[PREMIUM]","226","G","1_4","1","4",4,"[1,2,4]",407,"Upper",10,"Mobile Transfer ticket",1,"[PREMIUM]","[PREMIUM]","[PREMIUM]","[PREMIUM]",true,false,"['Clear view']","2026-07-17 05:21:29"
"13377868795","2026-07-19 23:45:48.961","2026-07-19 23:45:48.961","13377868795","161495894","[PREMIUM]","[PREMIUM]","121","1","_",,,2,"[2]",594,"Lower",10,"Mobile Transfer ticket",1,"[PREMIUM]","[PREMIUM]","[PREMIUM]","[PREMIUM]",true,false,"['Front Row of Section','Clear view']","2026-07-17 00:02:56"
"13382790505","2026-07-19 23:45:48.961","2026-07-19 23:45:48.961","13382790505","161495894","[PREMIUM]","[PREMIUM]","117","2","9001_9002","9001",,2,"[2]",594,"Lower",11,"Mobile ticket",1,"[PREMIUM]","[PREMIUM]","[PREMIUM]","[PREMIUM]",true,false,"['Second Row of Section','Clear view']","2026-07-17 13:07:59"
"13383122634","2026-07-19 23:45:48.871","2026-07-19 23:45:48.871","13383122634","161495894","[PREMIUM]","[PREMIUM]","127","21","_",,,6,"[1,2,3,4,6]",594,"Lower",10,"Mobile Transfer ticket",1,"[PREMIUM]","[PREMIUM]","[PREMIUM]","[PREMIUM]",true,false,"['Clear view']","2026-07-17 14:18:00"
"13395996692","2026-07-19 23:45:48.764","2026-08-04 02:02:03.963","13395996692","161381048","[PREMIUM]","[PREMIUM]","301","Q","12_14","12","14",3,"[1,3]",507,"Mezzanine",10,"Mobile Transfer ticket",1,"[PREMIUM]","[PREMIUM]","[PREMIUM]","[PREMIUM]",true,false,"['Clear view']","2026-07-19 09:38:18"
"13395756932","2026-07-19 23:45:48.387","2026-07-22 04:04:28.332","13395756932","161495894","[PREMIUM]","[PREMIUM]","124","12","9001_9002","9001",,2,"[2]",594,"Lower",11,"Mobile ticket",1,"[PREMIUM]","[PREMIUM]","[PREMIUM]","[PREMIUM]",true,false,"['Clear view']","2026-07-19 08:07:57"
"13383122360","2026-07-19 23:45:48.353","2026-07-19 23:45:48.353","13383122360","161495894","[PREMIUM]","[PREMIUM]","225","7","_",,,4,"[2,4]",407,"Upper",10,"Mobile Transfer ticket",1,"[PREMIUM]","[PREMIUM]","[PREMIUM]","[PREMIUM]",true,false,"['Clear view']","2026-07-17 14:17:59"
"13382790785","2026-07-19 23:45:48.339","2026-07-22 04:04:28.422","13382790785","161495894","[PREMIUM]","[PREMIUM]","228","2","9001_9002","9001",,2,"[2]",407,"Upper",11,"Mobile ticket",1,"[PREMIUM]","[PREMIUM]","[PREMIUM]","[PREMIUM]",true,false,"['Second Row of Section','Clear view']","2026-07-17 13:08:02"
"13388081042","2026-07-19 23:45:48.145","2026-07-22 04:04:25.175","13388081042","161470393","[PREMIUM]","[PREMIUM]","104",,"_",,,4,"[1,2,3,4]",471,"Middle",10,"Mobile Transfer ticket",1,"[PREMIUM]","[PREMIUM]","[PREMIUM]","[PREMIUM]",true,true,"['Clear view']","2026-07-18 01:57:46"
"13383122607","2026-07-19 23:45:48.139","2026-07-19 23:45:48.139","13383122607","161495894","[PREMIUM]","[PREMIUM]","227","6","_",,,4,"[2,4]",407,"Upper",10,"Mobile Transfer ticket",1,"[PREMIUM]","[PREMIUM]","[PREMIUM]","[PREMIUM]",true,false,"['Clear view']","2026-07-17 14:18:00"
"13383122560","2026-07-19 23:45:48.139","2026-07-19 23:45:48.139","13383122560","161495894","[PREMIUM]","[PREMIUM]","217","6","_",,,6,"[1,2,3,4,6]",407,"Upper",10,"Mobile Transfer ticket",1,"[PREMIUM]","[PREMIUM]","[PREMIUM]","[PREMIUM]",true,false,"['Clear view']","2026-07-17 14:18:00"
"13395757666","2026-07-19 23:45:47.602","2026-07-21 02:33:19.257","13395757666","161495894","[PREMIUM]","[PREMIUM]","202","13","9001_9003","9001",,3,"[1,2,3]",407,"Upper",11,"Mobile ticket",1,"[PREMIUM]","[PREMIUM]","[PREMIUM]","[PREMIUM]",true,false,"['Clear view']","2026-07-19 08:09:00"
"13387683798","2026-07-19 23:45:47.594","2026-07-23 01:49:40.748","13387683798","161470382","[PREMIUM]","[PREMIUM]","104",,"_",,,2,"[1,2]",471,"Middle",10,"Mobile Transfer ticket",1,"[PREMIUM]","[PREMIUM]","[PREMIUM]","[PREMIUM]",true,true,"['Clear view']","2026-07-18 00:27:55"
"13383122423","2026-07-19 23:45:47.175","2026-07-19 23:45:47.175","13383122423","161495894","[PREMIUM]","[PREMIUM]","217","14","_",,,4,"[2,4]",407,"Upper",10,"Mobile Transfer ticket",1,"[PREMIUM]","[PREMIUM]","[PREMIUM]","[PREMIUM]",true,false,"['Clear view']","2026-07-17 14:18:00"
"13383121491","2026-07-19 23:45:47.175","2026-07-19 23:45:47.175","13383121491","161495894","[PREMIUM]","[PREMIUM]","225","9","_",,,4,"[2,4]",407,"Upper",10,"Mobile Transfer ticket",1,"[PREMIUM]","[PREMIUM]","[PREMIUM]","[PREMIUM]",true,false,"['Clear view']","2026-07-17 14:17:55"
"13395465195","2026-07-19 23:45:44.548","2026-08-04 02:01:58.297","13395465195","161482426","[PREMIUM]","[PREMIUM]","126","A","3_6","3","6",4,"[2,4]",471,"Middle",10,"Mobile Transfer ticket",1,"[PREMIUM]","[PREMIUM]","[PREMIUM]","[PREMIUM]",true,false,"['Actual 1st row of the section','Clear view']","2026-07-19 06:21:35"
"13383121085","2026-07-19 23:45:44.213","2026-07-19 23:45:44.213","13383121085","161495916","[PREMIUM]","[PREMIUM]","127","21","_",,,6,"[1,2,3,4,6]",594,"Lower",10,"Mobile Transfer ticket",1,"[PREMIUM]","[PREMIUM]","[PREMIUM]","[PREMIUM]",true,false,"['Clear view']","2026-07-17 14:17:54"
"13383122384","2026-07-19 23:45:44.080","2026-07-19 23:45:44.080","13383122384","161495916","[PREMIUM]","[PREMIUM]","117","25","_",,,5,"[1,2,3,5]",594,"Lower",10,"Mobile Transfer ticket",1,"[PREMIUM]","[PREMIUM]","[PREMIUM]","[PREMIUM]",true,false,"['Clear view']","2026-07-17 14:17:59"
"13383123171","2026-07-19 23:45:44.014","2026-07-19 23:45:44.014","13383123171","161495916","[PREMIUM]","[PREMIUM]","117","23","_",,,4,"[2,4]",594,"Lower",10,"Mobile Transfer ticket",1,"[PREMIUM]","[PREMIUM]","[PREMIUM]","[PREMIUM]",true,false,"['Clear view']","2026-07-17 14:18:04"
"13383332138","2026-07-19 23:45:43.607","2026-07-21 02:34:53.440","13383332138","161495916","[PREMIUM]","[PREMIUM]","207","2","9001_9002","9001",,2,"[2]",407,"Upper",11,"Mobile ticket",1,"[PREMIUM]","[PREMIUM]","[PREMIUM]","[PREMIUM]",true,false,"['Second Row of Section','Clear view']","2026-07-17 14:50:31"
"13383324187","2026-07-19 23:45:43.421","2026-07-21 02:34:53.401","13383324187","161495916","[PREMIUM]","[PREMIUM]","223","3","9001_9003","9001",,3,"[1,2,3]",407,"Upper",11,"Mobile ticket",1,"[PREMIUM]","[PREMIUM]","[PREMIUM]","[PREMIUM]",true,false,"['Limited or Obstructed View (printed on ticket)','Third Row of Section']","2026-07-17 14:49:06"
"13394754555","2026-07-19 23:45:43.227","2026-07-23 01:49:39.576","13394754555","161381080","[PREMIUM]","[PREMIUM]","101","M","_",,,5,"[1,2,3,5]",4325,"Plaza Level",10,"Mobile Transfer ticket",1,"[PREMIUM]","[PREMIUM]","[PREMIUM]","[PREMIUM]",true,false,"['Clear view']","2026-07-19 04:31:33"
"13394754554","2026-07-19 23:45:43.227","2026-08-04 02:01:51.333","13394754554","161381080","[PREMIUM]","[PREMIUM]","118","H","_",,,7,"[1,2,3,4,5,7]",4325,"Plaza Level",10,"Mobile Transfer ticket",1,"[PREMIUM]","[PREMIUM]","[PREMIUM]","[PREMIUM]",true,false,"['Clear view']","2026-07-19 04:31:33"
"13394758172","2026-07-19 23:45:42.830","2026-07-27 23:23:29.617","13394758172","161381094","[PREMIUM]","[PREMIUM]","118","H","_",,,7,"[1,2,3,4,5,7]",4325,"Plaza Level",10,"Mobile Transfer ticket",1,"[PREMIUM]","[PREMIUM]","[PREMIUM]","[PREMIUM]",true,false,"['Clear view']","2026-07-19 04:32:30"
"13394758171","2026-07-19 23:45:42.830","2026-07-27 23:23:29.617","13394758171","161381094","[PREMIUM]","[PREMIUM]","101","M","_",,,5,"[1,2,3,5]",4325,"Plaza Level",10,"Mobile Transfer ticket",1,"[PREMIUM]","[PREMIUM]","[PREMIUM]","[PREMIUM]",true,false,"['Clear view']","2026-07-19 04:32:30"
"13399795892","2026-07-19 23:45:42.646","2026-08-04 02:01:56.570","13399795892","161482424","[PREMIUM]","[PREMIUM]","26","R","1_2","1","2",2,"[2]",594,"Lower",10,"Mobile Transfer ticket",1,"[PREMIUM]","[PREMIUM]","[PREMIUM]","[PREMIUM]",true,false,"['Access to VIP Lounge','Aisle seat','Clear view']","2026-07-19 20:34:27"
"13376199748","2026-07-19 23:45:39.588","2026-07-31 06:37:58.101","13376199748","161381086","[PREMIUM]","[PREMIUM]","Box L","E","21_24","21","24",4,"[2,4]",4318,"Theater Box",10,"Mobile Transfer ticket",1,"[PREMIUM]","[PREMIUM]","[PREMIUM]","[PREMIUM]",true,false,"['Access to VIP Lounge','VIP Club Access w/ private entrance & restrooms','Complimentary Food & Soft drinks','Tickets give you access to a private VIP bar','Includes unlimited food and drinks (beer, wine and liquor)','Parking Pass','Includes food, beer and wine','Food and Beverage Included','All-Inclusive Food','VIP Parking Pass','Clear view']","2026-07-16 20:38:33"
"13394630548","2026-07-19 23:45:39.351","2026-08-04 02:01:45.766","13394630548","161381086","[PREMIUM]","[PREMIUM]","118","H","_",,,7,"[1,2,3,4,5,7]",4325,"Plaza Level",10,"Mobile Transfer ticket",1,"[PREMIUM]","[PREMIUM]","[PREMIUM]","[PREMIUM]",true,false,"['Clear view']","2026-07-19 04:07:28"
"13394630546","2026-07-19 23:45:39.351","2026-08-04 02:01:45.766","13394630546","161381086","[PREMIUM]","[PREMIUM]","101","M","_",,,5,"[1,2,3,5]",4325,"Plaza Level",10,"Mobile Transfer ticket",1,"[PREMIUM]","[PREMIUM]","[PREMIUM]","[PREMIUM]",true,false,"['Clear view']","2026-07-19 04:07:28"
"13399702522","2026-07-19 23:45:39.044","2026-08-04 02:01:53.846","13399702522","161400562","[PREMIUM]","[PREMIUM]","109","6","1_2","1","2",2,"[2]",267,"Upper Tier",10,"Mobile Transfer ticket",1,"[PREMIUM]","[PREMIUM]","[PREMIUM]","[PREMIUM]",true,false,"['Clear view']","2026-07-19 20:17:37"
"13396483814","2026-07-19 23:45:39.025","2026-07-19 23:45:39.025","13396483814","161400562","[PREMIUM]","[PREMIUM]","128","10","_",,,2,"[1,2]",267,"Upper Tier",10,"Mobile Transfer ticket",14,"[PREMIUM]","[PREMIUM]","[PREMIUM]","[PREMIUM]",true,false,"['Third Row of Section','Clear view']","2026-07-19 11:46:54"
"13396480988","2026-07-19 23:45:39.025","2026-07-19 23:45:39.025","13396480988","161400562","[PREMIUM]","[PREMIUM]","127","15","_",,,2,"[1,2]",267,"Upper Tier",10,"Mobile Transfer ticket",14,"[PREMIUM]","[PREMIUM]","[PREMIUM]","[PREMIUM]",true,false,"['Clear view']","2026-07-19 11:46:22"
"13396474606","2026-07-19 23:45:39.025","2026-07-19 23:45:39.025","13396474606","161400562","[PREMIUM]","[PREMIUM]","130","15","_",,,1,"[1]",267,"Upper Tier",10,"Mobile Transfer ticket",14,"[PREMIUM]","[PREMIUM]","[PREMIUM]","[PREMIUM]",false,false,"['Clear view']","2026-07-19 11:45:25"
"13396507831","2026-07-19 23:45:39.025","2026-07-19 23:45:39.025","13396507831","161400562","[PREMIUM]","[PREMIUM]","116","10","_",,,2,"[1,2]",267,"Upper Tier",10,"Mobile Transfer ticket",14,"[PREMIUM]","[PREMIUM]","[PREMIUM]","[PREMIUM]",true,false,"['Third Row of Section','Clear view']","2026-07-19 11:49:53"
"13396472151","2026-07-19 23:45:39.025","2026-07-19 23:45:39.025","13396472151","161400562","[PREMIUM]","[PREMIUM]","114","13","_",,,1,"[1]",267,"Upper Tier",10,"Mobile Transfer ticket",14,"[PREMIUM]","[PREMIUM]","[PREMIUM]","[PREMIUM]",false,false,"['Clear view']","2026-07-19 11:44:52"
"13396460801","2026-07-19 23:45:39.025","2026-07-19 23:45:39.025","13396460801","161400562","[PREMIUM]","[PREMIUM]","129","11","_",,,2,"[1,2]",267,"Upper Tier",10,"Mobile Transfer ticket",14,"[PREMIUM]","[PREMIUM]","[PREMIUM]","[PREMIUM]",true,false,"['Clear view']","2026-07-19 11:41:20"
"13396470256","2026-07-19 23:45:38.990","2026-07-19 23:45:38.990","13396470256","161400562","[PREMIUM]","[PREMIUM]","110","12","_",,,1,"[1]",267,"Upper Tier",10,"Mobile Transfer ticket",14,"[PREMIUM]","[PREMIUM]","[PREMIUM]","[PREMIUM]",false,false,"['Clear view']","2026-07-19 11:44:22"
"13396515298","2026-07-19 23:45:38.990","2026-07-19 23:45:38.990","13396515298","161400562","[PREMIUM]","[PREMIUM]","135","3","_",,,1,"[1]",267,"Upper Tier",10,"Mobile Transfer ticket",14,"[PREMIUM]","[PREMIUM]","[PREMIUM]","[PREMIUM]",false,false,"['Third Row of Section','Clear view']","2026-07-19 11:51:55"
"13396455674","2026-07-19 23:45:38.990","2026-07-27 23:23:30.173","13396455674","161400562","[PREMIUM]","[PREMIUM]","2","8","_",,,2,"[1,2]",265,"Lower Tier",10,"Mobile Transfer ticket",14,"[PREMIUM]","[PREMIUM]","[PREMIUM]","[PREMIUM]",true,false,"['Clear view']","2026-07-19 11:40:22"
"13396468572","2026-07-19 23:45:38.990","2026-07-19 23:45:38.990","13396468572","161400562","[PREMIUM]","[PREMIUM]","111","9","_",,,2,"[1,2]",267,"Upper Tier",10,"Mobile Transfer ticket",14,"[PREMIUM]","[PREMIUM]","[PREMIUM]","[PREMIUM]",true,false,"['Clear view']","2026-07-19 11:43:53"
"13396516969","2026-07-19 23:45:38.905","2026-07-19 23:45:38.905","13396516969","161400562","[PREMIUM]","[PREMIUM]","108","9","_",,,2,"[1,2]",267,"Upper Tier",10,"Mobile Transfer ticket",14,"[PREMIUM]","[PREMIUM]","[PREMIUM]","[PREMIUM]",true,false,"['Second Row of Section','Clear view']","2026-07-19 11:52:25"
"13396452958","2026-07-19 23:45:38.905","2026-07-19 23:45:38.905","13396452958","161400562","[PREMIUM]","[PREMIUM]","136","14","_",,,3,"[1,2,3]",267,"Upper Tier",10,"Mobile Transfer ticket",14,"[PREMIUM]","[PREMIUM]","[PREMIUM]","[PREMIUM]",true,false,"['Clear view']","2026-07-19 11:39:52"
"13396450044","2026-07-19 23:45:38.905","2026-07-19 23:45:38.905","13396450044","161400562","[PREMIUM]","[PREMIUM]","134","18","_",,,4,"[1,2,3,4]",267,"Upper Tier",10,"Mobile Transfer ticket",14,"[PREMIUM]","[PREMIUM]","[PREMIUM]","[PREMIUM]",true,false,"['Clear view']","2026-07-19 11:39:20"
"13396466178","2026-07-19 23:45:38.905","2026-07-19 23:45:38.905","13396466178","161400562","[PREMIUM]","[PREMIUM]","115","10","_",,,2,"[1,2]",267,"Upper Tier",10,"Mobile Transfer ticket",14,"[PREMIUM]","[PREMIUM]","[PREMIUM]","[PREMIUM]",true,false,"['Clear view']","2026-07-19 11:42:51"
"13375852456","2026-07-19 23:45:38.871","2026-07-23 01:49:56.132","13375852456","161311365","[PREMIUM]","[PREMIUM]","101",,"_",,,4,"[1,2,3,4]",4861,"Plaza Center",10,"Mobile Transfer ticket",1,"[PREMIUM]","[PREMIUM]","[PREMIUM]","[PREMIUM]",true,true,"['Clear view']","2026-07-16 19:57:32"
"13375860148","2026-07-19 23:45:38.871","2026-07-23 01:49:56.132","13375860148","161311365","[PREMIUM]","[PREMIUM]","116",,"_",,,4,"[1,2,3,4]",4861,"Plaza Center",10,"Mobile Transfer ticket",1,"[PREMIUM]","[PREMIUM]","[PREMIUM]","[PREMIUM]",true,true,"['Clear view']","2026-07-16 19:58:12"
"13375859471","2026-07-19 23:45:38.871","2026-08-04 02:01:59.027","13375859471","161311365","[PREMIUM]","[PREMIUM]","101","W","_",,,2,"[1,2]",4861,"Plaza Center",10,"Mobile Transfer ticket",1,"[PREMIUM]","[PREMIUM]","[PREMIUM]","[PREMIUM]",true,false,"['Clear view']","2026-07-16 19:58:07"
"13383623241","2026-07-19 23:45:38.871","2026-07-23 01:49:56.132","13383623241","161311365","[PREMIUM]","[PREMIUM]","C7","A","_",,,2,"[2]",7742,"Chase Club",10,"Mobile Transfer ticket",1,"[PREMIUM]","[PREMIUM]","[PREMIUM]","[PREMIUM]",true,false,"['Aisle seat','VIP Club Access w/ private entrance & restrooms','Unlimited Food and Drinks','Actual 1st row of the section','Priority Entry','Early Access','Includes unlimited food and drinks (beer, wine and liquor)','Padded Seats','Clear view']","2026-07-17 15:28:57"
"13375851216","2026-07-19 23:45:37.915","2026-08-04 02:01:58.892","13375851216","161311365","[PREMIUM]","[PREMIUM]","108",,"_",,,4,"[1,2,3,4]",7220,"Plaza Endzone",10,"Mobile Transfer ticket",1,"[PREMIUM]","[PREMIUM]","[PREMIUM]","[PREMIUM]",true,true,"['Clear view']","2026-07-16 19:57:25"
"13375854716","2026-07-19 23:45:37.915","2026-07-30 00:14:27.144","13375854716","161311365","[PREMIUM]","[PREMIUM]","312",,"_",,,4,"[1,2,3,4]",3831,"Terrace Corner",10,"Mobile Transfer ticket",1,"[PREMIUM]","[PREMIUM]","[PREMIUM]","[PREMIUM]",true,true,"['Clear view']","2026-07-16 19:57:42"
"13375859596","2026-07-19 23:45:37.915","2026-07-30 00:14:27.144","13375859596","161311365","[PREMIUM]","[PREMIUM]","124","X","_",,,2,"[1,2]",7220,"Plaza Endzone",10,"Mobile Transfer ticket",1,"[PREMIUM]","[PREMIUM]","[PREMIUM]","[PREMIUM]",true,false,"['Clear view']","2026-07-16 19:58:08"
"13375857608","2026-07-19 23:45:37.915","2026-08-04 02:01:58.892","13375857608","161311365","[PREMIUM]","[PREMIUM]","123",,"_",,,4,"[1,2,3,4]",7220,"Plaza Endzone",10,"Mobile Transfer ticket",1,"[PREMIUM]","[PREMIUM]","[PREMIUM]","[PREMIUM]",true,true,"['Clear view']","2026-07-16 19:57:57"
"13375858556","2026-07-19 23:45:37.915","2026-08-04 02:01:58.892","13375858556","161311365","[PREMIUM]","[PREMIUM]","109",,"_",,,4,"[1,2,3,4]",7220,"Plaza Endzone",10,"Mobile Transfer ticket",1,"[PREMIUM]","[PREMIUM]","[PREMIUM]","[PREMIUM]",true,true,"['Clear view']","2026-07-16 19:58:02"
"13378118879","2026-07-19 23:45:37.466","2026-07-23 01:49:56.157","13378118879","161311365","[PREMIUM]","[PREMIUM]","311","J","11_15","11","15",5,"[1,2,3,5]",3831,"Terrace Corner",10,"Mobile Transfer ticket",1,"[PREMIUM]","[PREMIUM]","[PREMIUM]","[PREMIUM]",true,false,"['Clear view']","2026-07-17 00:25:46"
"13378118903","2026-07-19 23:45:37.466","2026-07-19 23:45:37.466","13378118903","161311365","[PREMIUM]","[PREMIUM]","325","J","21_24","21","24",4,"[1,2,4]",17158,"Terrace Endzone",10,"Mobile Transfer ticket",1,"[PREMIUM]","[PREMIUM]","[PREMIUM]","[PREMIUM]",true,false,"['Clear view']","2026-07-17 00:25:46"
"13398584731","2026-07-19 23:45:37.131","2026-08-04 02:01:57.322","13398584731","161311365","[PREMIUM]","[PREMIUM]","129","D","_",,,4,"[1,2,4]",7764,"Plaza Middle",10,"Mobile Transfer ticket",1,"[PREMIUM]","[PREMIUM]","[PREMIUM]","[PREMIUM]",true,false,"['Clear view']","2026-07-19 17:06:15"
"13394205628","2026-07-19 23:45:36.988","2026-08-04 02:01:48.590","13394205628","161461342","[PREMIUM]","[PREMIUM]","102","E","_",,,2,"[2]",5002,"Main Concourse",10,"Mobile Transfer ticket",1,"[PREMIUM]","[PREMIUM]","[PREMIUM]","[PREMIUM]",true,false,"['Clear view']","2026-07-19 02:12:20"
"13381826680","2026-07-19 23:45:36.552","2026-07-19 23:45:36.552","13381826680","161495913","[PREMIUM]","[PREMIUM]","117","2","_",,,2,"[2]",594,"Lower",10,"Mobile Transfer ticket",1,"[PREMIUM]","[PREMIUM]","[PREMIUM]","[PREMIUM]",true,false,"['Second Row of Section','Clear view']","2026-07-17 09:40:32"
"13395863677","2026-07-19 23:45:36.424","2026-08-04 02:01:39.701","13395863677","161482370","[PREMIUM]","[PREMIUM]","4","E","9001_9002","9001","9002",2,"[2]",594,"Lower",10,"Mobile Transfer ticket",13,"[PREMIUM]","[PREMIUM]","[PREMIUM]","[PREMIUM]",true,false,"['Third Row of Section','Clear view']","2026-07-19 08:50:26"
"13383177690","2026-07-19 23:45:36.330","2026-07-19 23:45:36.330","13383177690","161495913","[PREMIUM]","[PREMIUM]","127","22","_",,,8,"[1,2,3,4,5,6,8]",594,"Lower",10,"Mobile Transfer ticket",1,"[PREMIUM]","[PREMIUM]","[PREMIUM]","[PREMIUM]",true,false,"['Clear view']","2026-07-17 14:27:48"
"13383178032","2026-07-19 23:45:36.306","2026-07-19 23:45:36.306","13383178032","161495913","[PREMIUM]","[PREMIUM]","127","25","_",,,11,"[1,2,3,4,5,6,7,8,9,11]",594,"Lower",10,"Mobile Transfer ticket",1,"[PREMIUM]","[PREMIUM]","[PREMIUM]","[PREMIUM]",true,false,"['Clear view']","2026-07-17 14:27:50"
"13398670677","2026-07-19 23:45:35.659","2026-07-21 02:35:25.099","13398670677","161461342","[PREMIUM]","[PREMIUM]","416","G","_",,,5,"[1,3,5]",1706,"Upper Concourse",10,"Mobile Transfer ticket",1,"[PREMIUM]","[PREMIUM]","[PREMIUM]","[PREMIUM]",true,false,"['Clear view']","2026-07-19 17:22:13"
"13383177684","2026-07-19 23:45:34.865","2026-07-19 23:45:34.865","13383177684","161495913","[PREMIUM]","[PREMIUM]","127","21","_",,,6,"[1,2,3,4,6]",594,"Lower",10,"Mobile Transfer ticket",1,"[PREMIUM]","[PREMIUM]","[PREMIUM]","[PREMIUM]",true,false,"['Clear view']","2026-07-17 14:27:48"
"13383177325","2026-07-19 23:45:34.702","2026-07-19 23:45:34.702","13383177325","161495913","[PREMIUM]","[PREMIUM]","227","6","_",,,4,"[2,4]",407,"Upper",10,"Mobile Transfer ticket",1,"[PREMIUM]","[PREMIUM]","[PREMIUM]","[PREMIUM]",true,false,"['Clear view']","2026-07-17 14:27:44"
"13388262408","2026-07-19 23:45:34.565","2026-07-19 23:45:34.565","13388262408","161495882","[PREMIUM]","[PREMIUM]","117","2","9001_9002","9001",,2,"[2]",594,"Lower",11,"Mobile ticket",1,"[PREMIUM]","[PREMIUM]","[PREMIUM]","[PREMIUM]",true,false,"['Second Row of Section','Clear view']","2026-07-18 02:43:34"
"13388254605","2026-07-19 23:45:34.565","2026-07-19 23:45:34.565","13388254605","161495882","[PREMIUM]","[PREMIUM]","107","1","9001_9002","9001",,2,"[2]",594,"Lower",11,"Mobile ticket",1,"[PREMIUM]","[PREMIUM]","[PREMIUM]","[PREMIUM]",true,false,"['Front Row of Section','Clear view']","2026-07-18 02:42:01"
"13399772146","2026-07-19 23:45:34.386","2026-08-02 23:18:12.682","13399772146","161482371","[PREMIUM]","[PREMIUM]","26","R","1_2","1","2",2,"[2]",594,"Lower",10,"Mobile Transfer ticket",1,"[PREMIUM]","[PREMIUM]","[PREMIUM]","[PREMIUM]",true,false,"['Access to VIP Lounge','Aisle seat','Clear view']","2026-07-19 20:31:07"
"13399067414","2026-07-19 23:45:34.272","2026-07-19 23:45:34.272","13399067414","161482371","[PREMIUM]","[PREMIUM]","26","Q","5_8","5","8",4,"[1,2,4]",594,"Lower",10,"Mobile Transfer ticket",1,"[PREMIUM]","[PREMIUM]","[PREMIUM]","[PREMIUM]",true,false,"['Clear view']","2026-07-19 18:44:40"
"13383122594","2026-07-19 23:45:33.820","2026-07-19 23:45:33.820","13383122594","161495882","[PREMIUM]","[PREMIUM]","127","25","_",,,11,"[1,2,3,4,5,6,7,8,9,11]",594,"Lower",10,"Mobile Transfer ticket",1,"[PREMIUM]","[PREMIUM]","[PREMIUM]","[PREMIUM]",true,false,"['Clear view']","2026-07-17 14:18:00"
"13383121268","2026-07-19 23:45:33.387","2026-07-19 23:45:33.387","13383121268","161495882","[PREMIUM]","[PREMIUM]","118","21","_",,,4,"[2,4]",594,"Lower",10,"Mobile Transfer ticket",1,"[PREMIUM]","[PREMIUM]","[PREMIUM]","[PREMIUM]",true,false,"['Clear view']","2026-07-17 14:17:54"
"13383121517","2026-07-19 23:45:33.361","2026-07-19 23:45:33.361","13383121517","161495882","[PREMIUM]","[PREMIUM]","117","25","_",,,5,"[1,2,3,5]",594,"Lower",10,"Mobile Transfer ticket",1,"[PREMIUM]","[PREMIUM]","[PREMIUM]","[PREMIUM]",true,false,"['Clear view']","2026-07-17 14:17:55"
"13394605505","2026-07-19 23:45:33.134","2026-07-31 06:37:37.938","13394605505","161381076","[PREMIUM]","[PREMIUM]","118","H","_",,,7,"[1,2,3,4,5,7]",4325,"Plaza Level",10,"Mobile Transfer ticket",1,"[PREMIUM]","[PREMIUM]","[PREMIUM]","[PREMIUM]",true,false,"['Clear view']","2026-07-19 04:00:24"
"13394605423","2026-07-19 23:45:33.134","2026-08-04 02:01:38.358","13394605423","161381076","[PREMIUM]","[PREMIUM]","101","M","_",,,5,"[1,2,3,5]",4325,"Plaza Level",10,"Mobile Transfer ticket",1,"[PREMIUM]","[PREMIUM]","[PREMIUM]","[PREMIUM]",true,false,"['Clear view']","2026-07-19 04:00:24"
"13388257942","2026-07-19 23:45:33.051","2026-07-19 23:45:33.051","13388257942","161495882","[PREMIUM]","[PREMIUM]","228","2","9001_9002","9001",,2,"[2]",407,"Upper",11,"Mobile ticket",1,"[PREMIUM]","[PREMIUM]","[PREMIUM]","[PREMIUM]",true,false,"['Limited or Obstructed View (printed on ticket)','Second Row of Section']","2026-07-18 02:42:45"
"13388263417","2026-07-19 23:45:32.745","2026-07-19 23:45:32.745","13388263417","161495882","[PREMIUM]","[PREMIUM]","223","4","9001_9002","9001",,2,"[2]",407,"Upper",11,"Mobile ticket",1,"[PREMIUM]","[PREMIUM]","[PREMIUM]","[PREMIUM]",true,false,"['Limited or Obstructed View (printed on ticket)']","2026-07-18 02:43:43"
"13388264081","2026-07-19 23:45:32.558","2026-07-19 23:45:32.558","13388264081","161495882","[PREMIUM]","[PREMIUM]","226","3","9001_9004","9001",,4,"[1,2,3,4]",407,"Upper",11,"Mobile ticket",1,"[PREMIUM]","[PREMIUM]","[PREMIUM]","[PREMIUM]",true,false,"['Limited or Obstructed View (printed on ticket)','Third Row of Section']","2026-07-18 02:43:58"
"13390148517","2026-07-19 23:45:32.513","2026-07-22 04:04:08.601","13390148517","161495882","[PREMIUM]","[PREMIUM]","217","3","9001_9001","9001",,1,"[1]",407,"Upper",11,"Mobile ticket",1,"[PREMIUM]","[PREMIUM]","[PREMIUM]","[PREMIUM]",false,false,"['Third Row of Section','Clear view']","2026-07-18 11:09:17"
"13383122550","2026-07-19 23:45:31.623","2026-07-21 02:34:32.505","13383122550","161495882","[PREMIUM]","[PREMIUM]","225","9","_",,,4,"[2,4]",407,"Upper",10,"Mobile Transfer ticket",1,"[PREMIUM]","[PREMIUM]","[PREMIUM]","[PREMIUM]",true,false,"['Clear view']","2026-07-17 14:18:00"
"13380424226","2026-07-19 23:45:30.628","2026-08-02 23:18:04.870","13380424226","161482370","[PREMIUM]","[PREMIUM]","215","G","19_22","19","22",4,"[1,2,4]",407,"Upper",10,"Mobile Transfer ticket",1,"[PREMIUM]","[PREMIUM]","[PREMIUM]","[PREMIUM]",true,false,"['Clear view']","2026-07-17 05:21:27"
"13395860356","2026-07-19 23:45:30.628","2026-07-19 23:45:30.628","13395860356","161482370","[PREMIUM]","[PREMIUM]","12","BAR","9001_9002","9001","9002",2,"[2]",594,"Lower",10,"Mobile Transfer ticket",13,"[PREMIUM]","[PREMIUM]","[PREMIUM]","[PREMIUM]",true,false,"['Clear view']","2026-07-19 08:49:42"
"13395864028","2026-07-19 23:45:30.554","2026-07-24 00:23:18.648","13395864028","161482370","[PREMIUM]","[PREMIUM]","204","A","9001_9004","9001","9004",4,"[4]",407,"Upper",10,"Mobile Transfer ticket",13,"[PREMIUM]","[PREMIUM]","[PREMIUM]","[PREMIUM]",true,false,"['Front Row of Section','Clear view']","2026-07-19 08:50:34"
"13399751354","2026-07-19 23:45:30.554","2026-08-04 02:01:39.420","13399751354","161482370","[PREMIUM]","[PREMIUM]","26","R","1_2","1","2",2,"[2]",594,"Lower",10,"Mobile Transfer ticket",1,"[PREMIUM]","[PREMIUM]","[PREMIUM]","[PREMIUM]",true,false,"['Access to VIP Lounge','Aisle seat','Clear view']","2026-07-19 20:27:13"
"13398664286","2026-07-19 23:45:30.497","2026-08-04 02:01:36.514","13398664286","161482370","[PREMIUM]","[PREMIUM]","214","H","10_20","10","20",11,"[1,2,3,4,5,6,7,8,9,11]",407,"Upper",10,"Mobile Transfer ticket",1,"[PREMIUM]","[PREMIUM]","[PREMIUM]","[PREMIUM]",true,false,"['Clear view']","2026-07-19 17:19:35"
"13395860397","2026-07-19 23:45:30.422","2026-07-24 00:23:18.331","13395860397","161482370","[PREMIUM]","[PREMIUM]","106","G","9001_9002","9001","9002",2,"[2]",471,"Middle",10,"Mobile Transfer ticket",13,"[PREMIUM]","[PREMIUM]","[PREMIUM]","[PREMIUM]",true,false,"['Clear view']","2026-07-19 08:49:43"
"13399063311","2026-07-19 23:45:30.358","2026-08-01 23:16:56.783","13399063311","161482370","[PREMIUM]","[PREMIUM]","26","Q","5_8","5","8",4,"[1,2,4]",594,"Lower",10,"Mobile Transfer ticket",1,"[PREMIUM]","[PREMIUM]","[PREMIUM]","[PREMIUM]",true,false,"['Clear view']","2026-07-19 18:43:29"
"13395860253","2026-07-19 23:45:30.332","2026-07-31 06:36:14.838","13395860253","161482370","[PREMIUM]","[PREMIUM]","108","G","9001_9003","9001","9003",3,"[3]",471,"Middle",10,"Mobile Transfer ticket",13,"[PREMIUM]","[PREMIUM]","[PREMIUM]","[PREMIUM]",true,false,"['Clear view']","2026-07-19 08:49:39"
"13399772535","2026-07-19 23:45:29.845","2026-07-31 06:36:08.078","13399772535","161482370","[PREMIUM]","[PREMIUM]","123","L","_",,,2,"[2]",471,"Middle",10,"Mobile Transfer ticket",1,"[PREMIUM]","[PREMIUM]","[PREMIUM]","[PREMIUM]",true,false,"['Clear view']","2026-07-19 20:31:13"
"13377624473","2026-07-19 23:45:28.912","2026-08-04 02:01:23.095","13377624473","161470433","[PREMIUM]","[PREMIUM]","209","R","_",,,2,"[1,2]",407,"Upper",10,"Mobile Transfer ticket",1,"[PREMIUM]","[PREMIUM]","[PREMIUM]","[PREMIUM]",true,false,"['Clear view']","2026-07-16 23:27:32"
"13400795598","2026-07-19 23:45:28.879","2026-08-01 23:16:50.940","13400795598","161470433","[PREMIUM]","[PREMIUM]","1","D","_",,,2,"[2]",594,"Lower",10,"Mobile Transfer ticket",1,"[PREMIUM]","[PREMIUM]","[PREMIUM]","[PREMIUM]",true,false,"['Clear view']","2026-07-19 23:42:38"
"13383122461","2026-07-19 23:45:27.281","2026-07-19 23:45:27.281","13383122461","161495932","[PREMIUM]","[PREMIUM]","101","23","_",,,4,"[2,4]",594,"Lower",10,"Mobile Transfer ticket",1,"[PREMIUM]","[PREMIUM]","[PREMIUM]","[PREMIUM]",true,false,"['Clear view']","2026-07-17 14:18:00"
"13383121565","2026-07-19 23:45:27.281","2026-07-19 23:45:27.281","13383121565","161495932","[PREMIUM]","[PREMIUM]","115","25","_",,,10,"[1,2,3,4,5,6,7,8,10]",594,"Lower",10,"Mobile Transfer ticket",1,"[PREMIUM]","[PREMIUM]","[PREMIUM]","[PREMIUM]",true,false,"['Clear view']","2026-07-17 14:17:55"
"13396207969","2026-07-19 23:45:27.281","2026-07-25 23:10:19.964","13396207969","161495932","[PREMIUM]","[PREMIUM]","127","15","9001_9002","9001",,2,"[2]",594,"Lower",11,"Mobile ticket",1,"[PREMIUM]","[PREMIUM]","[PREMIUM]","[PREMIUM]",true,false,"['Clear view']","2026-07-19 10:41:18"
"13399995067","2026-07-19 23:45:27.128","2026-07-19 23:45:27.128","13399995067","161495932","[PREMIUM]","[PREMIUM]","116","8","_",,,2,"[2]",594,"Lower",10,"Mobile Transfer ticket",1,"[PREMIUM]","[PREMIUM]","[PREMIUM]","[PREMIUM]",true,false,"['Clear view']","2026-07-19 21:02:02"
"13398252706","2026-07-19 23:45:26.986","2026-07-19 23:45:26.986","13398252706","161495932","[PREMIUM]","[PREMIUM]","124","18","_",,,2,"[2]",594,"Lower",10,"Mobile Transfer ticket",1,"[PREMIUM]","[PREMIUM]","[PREMIUM]","[PREMIUM]",true,false,"['Clear view']","2026-07-19 16:00:57"
"13383726412","2026-07-19 23:45:26.843","2026-08-01 23:17:02.537","13383726412","161495932","[PREMIUM]","[PREMIUM]","215","8","_",,,2,"[2]",407,"Upper",10,"Mobile Transfer ticket",1,"[PREMIUM]","[PREMIUM]","[PREMIUM]","[PREMIUM]",true,false,"['Clear view']","2026-07-17 15:45:46"
"13376744799","2026-07-19 23:45:26.678","2026-08-04 02:01:24.480","13376744799","161311391","[PREMIUM]","[PREMIUM]","129","D","10_13","10",,4,"[4]",7764,"Plaza Middle",10,"Mobile Transfer ticket",1,"[PREMIUM]","[PREMIUM]","[PREMIUM]","[PREMIUM]",true,false,"['Clear view']","2026-07-16 21:40:38"
"13377483113","2026-07-19 23:45:26.596","2026-08-04 02:01:25.323","13377483113","161311391","[PREMIUM]","[PREMIUM]","219","J","_",,,2,"[1,2]",7689,"Club Endzone",10,"Mobile Transfer ticket",1,"[PREMIUM]","[PREMIUM]","[PREMIUM]","[PREMIUM]",true,false,"['Clear view']","2026-07-16 23:13:00"
"13375859166","2026-07-19 23:45:26.541","2026-08-04 02:01:24.225","13375859166","161311391","[PREMIUM]","[PREMIUM]","320",,"_",,,4,"[1,2,3,4]",3831,"Terrace Corner",10,"Mobile Transfer ticket",1,"[PREMIUM]","[PREMIUM]","[PREMIUM]","[PREMIUM]",true,true,"['Clear view']","2026-07-16 19:58:06"
"13383122371","2026-07-19 23:45:26.453","2026-07-19 23:45:26.453","13383122371","161495926","[PREMIUM]","[PREMIUM]","101","23","_",,,4,"[2,4]",594,"Lower",10,"Mobile Transfer ticket",1,"[PREMIUM]","[PREMIUM]","[PREMIUM]","[PREMIUM]",true,false,"['Clear view']","2026-07-17 14:17:59"
"13377791179","2026-07-19 23:45:26.312","2026-07-19 23:45:26.312","13377791179","161495879","[PREMIUM]","[PREMIUM]","123","6","_",,,2,"[2]",594,"Lower",10,"Mobile Transfer ticket",1,"[PREMIUM]","[PREMIUM]","[PREMIUM]","[PREMIUM]",true,false,"['Clear view']","2026-07-16 23:50:45"
"13395839493","2026-07-19 23:45:26.249","2026-07-19 23:45:26.249","13395839493","161495932","[PREMIUM]","[PREMIUM]","217","4","9001_9003","9001",,3,"[1,2,3]",407,"Upper",11,"Mobile ticket",1,"[PREMIUM]","[PREMIUM]","[PREMIUM]","[PREMIUM]",true,false,"['Clear view']","2026-07-19 08:42:19"
"13381716675","2026-07-19 23:45:26.193","2026-07-19 23:45:26.193","13381716675","161495932","[PREMIUM]","[PREMIUM]","223","3","9001_9003","9001",,3,"[1,2,3]",407,"Upper",11,"Mobile ticket",1,"[PREMIUM]","[PREMIUM]","[PREMIUM]","[PREMIUM]",true,false,"['Limited or Obstructed View (printed on ticket)','Third Row of Section']","2026-07-17 09:12:08"
"13395839500","2026-07-19 23:45:26.128","2026-07-19 23:45:26.128","13395839500","161495932","[PREMIUM]","[PREMIUM]","220","8","9001_9006","9001",,6,"[1,2,3,4,5,6]",407,"Upper",11,"Mobile ticket",1,"[PREMIUM]","[PREMIUM]","[PREMIUM]","[PREMIUM]",true,false,"['Clear view']","2026-07-19 08:42:19"
"13381716667","2026-07-19 23:45:25.909","2026-07-19 23:45:25.909","13381716667","161495932","[PREMIUM]","[PREMIUM]","223","4","9001_9002","9001",,2,"[2]",407,"Upper",11,"Mobile ticket",1,"[PREMIUM]","[PREMIUM]","[PREMIUM]","[PREMIUM]",true,false,"['Limited or Obstructed View (printed on ticket)']","2026-07-17 09:12:08"
"13383122518","2026-07-19 23:45:25.750","2026-08-04 02:01:37.425","13383122518","161495932","[PREMIUM]","[PREMIUM]","227","6","_",,,4,"[2,4]",407,"Upper",10,"Mobile Transfer ticket",1,"[PREMIUM]","[PREMIUM]","[PREMIUM]","[PREMIUM]",true,false,"['Clear view']","2026-07-17 14:18:00"
"13384668639","2026-07-19 23:45:25.567","2026-07-19 23:45:25.567","13384668639","161495879","[PREMIUM]","[PREMIUM]","101","20","_",,,3,"[3]",594,"Lower",10,"Mobile Transfer ticket",1,"[PREMIUM]","[PREMIUM]","[PREMIUM]","[PREMIUM]",true,false,"['Clear view']","2026-07-17 17:36:48"
"13383121412","2026-07-19 23:45:25.418","2026-07-19 23:45:25.418","13383121412","161495879","[PREMIUM]","[PREMIUM]","127","21","_",,,6,"[1,2,3,4,6]",594,"Lower",10,"Mobile Transfer ticket",1,"[PREMIUM]","[PREMIUM]","[PREMIUM]","[PREMIUM]",true,false,"['Clear view']","2026-07-17 14:17:55"
"13375841371","2026-07-19 23:45:24.953","2026-08-02 23:18:08.250","13375841371","161311391","[PREMIUM]","[PREMIUM]","311","S","_",,,2,"[1,2]",3831,"Terrace Corner",10,"Mobile Transfer ticket",1,"[PREMIUM]","[PREMIUM]","[PREMIUM]","[PREMIUM]",true,false,"['Clear view']","2026-07-16 19:56:11"
"13383806635","2026-07-19 23:45:24.953","2026-08-04 02:01:22.255","13383806635","161311391","[PREMIUM]","[PREMIUM]","316","G","3_4","3","4",2,"[2]",4813,"Terrace Center",10,"Mobile Transfer ticket",14,"[PREMIUM]","[PREMIUM]","[PREMIUM]","[PREMIUM]",true,false,"['Clear view']","2026-07-17 15:56:22"
"13398751036","2026-07-19 23:45:24.603","2026-07-27 02:12:11.384","13398751036","161495926","[PREMIUM]","[PREMIUM]","124","12","9001_9002","9001",,2,"[2]",594,"Lower",11,"Mobile ticket",1,"[PREMIUM]","[PREMIUM]","[PREMIUM]","[PREMIUM]",true,false,"['Clear view']","2026-07-19 17:41:58"
"13383123148","2026-07-19 23:45:24.575","2026-07-19 23:45:24.575","13383123148","161495879","[PREMIUM]","[PREMIUM]","117","23","_",,,4,"[2,4]",594,"Lower",10,"Mobile Transfer ticket",1,"[PREMIUM]","[PREMIUM]","[PREMIUM]","[PREMIUM]",true,false,"['Clear view']","2026-07-17 14:18:04"
"13383121400","2026-07-19 23:45:23.885","2026-08-02 23:17:51.942","13383121400","161495879","[PREMIUM]","[PREMIUM]","118","21","_",,,4,"[2,4]",594,"Lower",10,"Mobile Transfer ticket",1,"[PREMIUM]","[PREMIUM]","[PREMIUM]","[PREMIUM]",true,false,"['Clear view']","2026-07-17 14:17:55"
"13399699897","2026-07-19 23:45:23.776","2026-07-27 02:12:07.498","13399699897","161495932","[PREMIUM]","[PREMIUM]","219","6","3_4","3","4",2,"[2]",407,"Upper",11,"Mobile ticket",1,"[PREMIUM]","[PREMIUM]","[PREMIUM]","[PREMIUM]",true,false,"['Clear view']","2026-07-19 20:17:03"
"13384669641","2026-07-19 23:45:23.576","2026-07-22 04:03:26.618","13384669641","161495879","[PREMIUM]","[PREMIUM]","225","3","_",,,2,"[2]",407,"Upper",10,"Mobile Transfer ticket",1,"[PREMIUM]","[PREMIUM]","[PREMIUM]","[PREMIUM]",true,false,"['Limited or Obstructed View (printed on ticket)','Third Row of Section']","2026-07-17 17:36:54"
"13398798731","2026-07-19 23:45:23.404","2026-07-19 23:45:23.404","13398798731","161495879","[PREMIUM]","[PREMIUM]","225","10","_",,,8,"[8]",407,"Upper",10,"Mobile Transfer ticket",1,"[PREMIUM]","[PREMIUM]","[PREMIUM]","[PREMIUM]",true,false,"['Clear view']","2026-07-19 17:55:16"
"13400560775","2026-07-19 23:45:23.305","2026-07-23 01:49:36.945","13400560775","161495879","[PREMIUM]","[PREMIUM]","226","10","_",,,4,"[2,4]",407,"Upper",10,"Mobile Transfer ticket",1,"[PREMIUM]","[PREMIUM]","[PREMIUM]","[PREMIUM]",true,false,"['Clear view']","2026-07-19 22:56:36"
"13384667663","2026-07-19 23:45:23.035","2026-07-19 23:45:23.035","13384667663","161495879","[PREMIUM]","[PREMIUM]","203","16","_",,,2,"[2]",407,"Upper",10,"Mobile Transfer ticket",1,"[PREMIUM]","[PREMIUM]","[PREMIUM]","[PREMIUM]",true,false,"['Clear view']","2026-07-17 17:36:41"
"13384669539","2026-07-19 23:45:22.934","2026-07-19 23:45:22.934","13384669539","161495879","[PREMIUM]","[PREMIUM]","228","14","_",,,8,"[8]",407,"Upper",10,"Mobile Transfer ticket",1,"[PREMIUM]","[PREMIUM]","[PREMIUM]","[PREMIUM]",true,false,"['Clear view']","2026-07-17 17:36:53"
"13394931113","2026-07-19 23:45:22.826","2026-08-04 02:01:33.958","13394931113","161470384","[PREMIUM]","[PREMIUM]","2","Z","_",,,3,"[1,2,3]",594,"Lower",10,"Mobile Transfer ticket",1,"[PREMIUM]","[PREMIUM]","[PREMIUM]","[PREMIUM]",true,false,"['Clear view']","2026-07-19 04:58:20"
"13400530927","2026-07-19 23:45:22.813","2026-08-04 02:01:33.896","13400530927","161470384","[PREMIUM]","[PREMIUM]","212","A","9_10","9","10",2,"[2]",407,"Upper",9,"Mobile Transfer ticket",1,"[PREMIUM]","[PREMIUM]","[PREMIUM]","[PREMIUM]",true,false,"['Actual 1st row of the section','Clear view']","2026-07-19 22:51:45"
"13400530889","2026-07-19 23:45:22.723","2026-08-04 02:01:33.699","13400530889","161470384","[PREMIUM]","[PREMIUM]","117","H","7_8","7","8",2,"[2]",471,"Middle",9,"Mobile Transfer ticket",1,"[PREMIUM]","[PREMIUM]","[PREMIUM]","[PREMIUM]",true,false,"['Aisle seat','Clear view']","2026-07-19 22:51:45"
"13400394384","2026-07-19 23:45:22.634","2026-07-28 23:21:02.898","13400394384","161470384","[PREMIUM]","[PREMIUM]","226","E","1_2","1","2",2,"[2]",407,"Upper",9,"Mobile Transfer ticket",1,"[PREMIUM]","[PREMIUM]","[PREMIUM]","[PREMIUM]",true,false,"['Aisle seat','Clear view']","2026-07-19 22:23:03"
"13395155879","2026-07-19 23:45:22.519","2026-08-04 02:01:33.958","13395155879","161470384","[PREMIUM]","[PREMIUM]","2","V","_",,,3,"[1,2,3]",594,"Lower",10,"Mobile Transfer ticket",1,"[PREMIUM]","[PREMIUM]","[PREMIUM]","[PREMIUM]",true,false,"['Clear view']","2026-07-19 05:39:43"
"13400770298","2026-07-19 23:45:22.435","2026-08-04 02:01:26.804","13400770298","161470386","[PREMIUM]","[PREMIUM]","1","D","_",,,3,"[1,2,3]",594,"Lower",10,"Mobile Transfer ticket",1,"[PREMIUM]","[PREMIUM]","[PREMIUM]","[PREMIUM]",true,false,"['Clear view']","2026-07-19 23:37:42"
"13398209114","2026-07-19 23:45:22.109","2026-08-04 02:01:29.088","13398209114","161482413","[PREMIUM]","[PREMIUM]","216","J","_",,,4,"[1,2,4]",407,"Upper",10,"Mobile Transfer ticket",14,"[PREMIUM]","[PREMIUM]","[PREMIUM]","[PREMIUM]",true,false,"['Clear view']","2026-07-19 15:51:01"
"13399742377","2026-07-19 23:45:22.022","2026-08-04 02:01:32.061","13399742377","161482413","[PREMIUM]","[PREMIUM]","26","R","1_2","1","2",2,"[2]",594,"Lower",10,"Mobile Transfer ticket",1,"[PREMIUM]","[PREMIUM]","[PREMIUM]","[PREMIUM]",true,false,"['Access to VIP Lounge','Aisle seat','Clear view']","2026-07-19 20:25:49"
"13398209108","2026-07-19 23:45:20.886","2026-07-19 23:45:20.886","13398209108","161482383","[PREMIUM]","[PREMIUM]","216","J","_",,,4,"[1,2,4]",407,"Upper",10,"Mobile Transfer ticket",14,"[PREMIUM]","[PREMIUM]","[PREMIUM]","[PREMIUM]",true,false,"['Clear view']","2026-07-19 15:51:01"
"13385021316","2026-07-19 23:45:20.695","2026-08-01 23:16:46.634","13385021316","161461318","[PREMIUM]","[PREMIUM]","226","A","1_4","1","4",4,"[2,4]",7490,"Club Concourse",10,"Mobile Transfer ticket",1,"[PREMIUM]","[PREMIUM]","[PREMIUM]","[PREMIUM]",true,false,"['Front Row of Section','Clear view']","2026-07-17 18:29:15"
"13394475335","2026-07-19 23:45:18.836","2026-07-27 23:23:09.233","13394475335","161381055","[PREMIUM]","[PREMIUM]","101","M","_",,,5,"[1,2,3,5]",4325,"Plaza Level",10,"Mobile Transfer ticket",1,"[PREMIUM]","[PREMIUM]","[PREMIUM]","[PREMIUM]",true,false,"['Clear view']","2026-07-19 03:24:25"
"13394475337","2026-07-19 23:45:18.836","2026-07-27 23:23:09.233","13394475337","161381055","[PREMIUM]","[PREMIUM]","118","H","_",,,7,"[1,2,3,4,5,7]",4325,"Plaza Level",10,"Mobile Transfer ticket",1,"[PREMIUM]","[PREMIUM]","[PREMIUM]","[PREMIUM]",true,false,"['Clear view']","2026-07-19 03:24:25"
"13385135531","2026-07-19 23:45:18.821","2026-08-04 02:01:14.508","13385135531","161381074","[PREMIUM]","[PREMIUM]","122","H","1_4","1",,4,"[2,4]",4325,"Plaza Level",10,"Mobile Transfer ticket",1,"[PREMIUM]","[PREMIUM]","[PREMIUM]","[PREMIUM]",true,false,"['Aisle seat','Clear view']","2026-07-17 18:49:16"
"13394470529","2026-07-19 23:45:18.278","2026-07-27 23:23:07.974","13394470529","161381074","[PREMIUM]","[PREMIUM]","101","M","_",,,5,"[1,2,3,5]",4325,"Plaza Level",10,"Mobile Transfer ticket",1,"[PREMIUM]","[PREMIUM]","[PREMIUM]","[PREMIUM]",true,false,"['Clear view']","2026-07-19 03:23:07"
"13394470527","2026-07-19 23:45:18.278","2026-07-27 23:23:07.974","13394470527","161381074","[PREMIUM]","[PREMIUM]","118","H","_",,,7,"[1,2,3,4,5,7]",4325,"Plaza Level",10,"Mobile Transfer ticket",1,"[PREMIUM]","[PREMIUM]","[PREMIUM]","[PREMIUM]",true,false,"['Clear view']","2026-07-19 03:23:07"
"13381710332","2026-07-19 23:45:17.056","2026-07-19 23:45:17.056","13381710332","161495891","[PREMIUM]","[PREMIUM]","107","1","9001_9002","9001",,2,"[2]",594,"Lower",11,"Mobile ticket",1,"[PREMIUM]","[PREMIUM]","[PREMIUM]","[PREMIUM]",true,false,"['Front Row of Section','Clear view']","2026-07-17 09:10:37"
"13381704710","2026-07-19 23:45:17.056","2026-07-19 23:45:17.056","13381704710","161495891","[PREMIUM]","[PREMIUM]","109","1","9001_9002","9001",,2,"[2]",594,"Lower",11,"Mobile ticket",1,"[PREMIUM]","[PREMIUM]","[PREMIUM]","[PREMIUM]",true,false,"['Front Row of Section','Clear view']","2026-07-17 09:09:20"
"13383177862","2026-07-19 23:45:17.026","2026-07-19 23:45:17.026","13383177862","161495891","[PREMIUM]","[PREMIUM]","127","25","_",,,11,"[1,2,3,4,5,6,7,8,9,11]",594,"Lower",10,"Mobile Transfer ticket",1,"[PREMIUM]","[PREMIUM]","[PREMIUM]","[PREMIUM]",true,false,"['Clear view']","2026-07-17 14:27:50"
"13383177951","2026-07-19 23:45:16.695","2026-07-19 23:45:16.695","13383177951","161495891","[PREMIUM]","[PREMIUM]","127","22","_",,,8,"[1,2,3,4,5,6,8]",594,"Lower",10,"Mobile Transfer ticket",1,"[PREMIUM]","[PREMIUM]","[PREMIUM]","[PREMIUM]",true,false,"['Clear view']","2026-07-17 14:27:50"
"13394153481","2026-07-19 23:45:16.362","2026-07-19 23:45:16.362","13394153481","161470386","[PREMIUM]","[PREMIUM]","223","E","_",,,4,"[2,4]",407,"Upper",9,"Mobile Transfer ticket",1,"[PREMIUM]","[PREMIUM]","[PREMIUM]","[PREMIUM]",true,false,"['Clear view']","2026-07-19 01:59:01"
"13383178004","2026-07-19 23:45:15.277","2026-07-19 23:45:15.277","13383178004","161495891","[PREMIUM]","[PREMIUM]","225","9","_",,,4,"[2,4]",407,"Upper",10,"Mobile Transfer ticket",1,"[PREMIUM]","[PREMIUM]","[PREMIUM]","[PREMIUM]",true,false,"['Clear view']","2026-07-17 14:27:50"
"13383177874","2026-07-19 23:45:15.277","2026-07-19 23:45:15.277","13383177874","161495891","[PREMIUM]","[PREMIUM]","217","14","_",,,4,"[2,4]",407,"Upper",10,"Mobile Transfer ticket",1,"[PREMIUM]","[PREMIUM]","[PREMIUM]","[PREMIUM]",true,false,"['Clear view']","2026-07-17 14:27:50"
"13381715007","2026-07-19 23:45:15.130","2026-07-19 23:45:15.130","13381715007","161495891","[PREMIUM]","[PREMIUM]","204","3","9001_9001","9001",,1,"[1]",407,"Upper",11,"Mobile ticket",1,"[PREMIUM]","[PREMIUM]","[PREMIUM]","[PREMIUM]",false,false,"['Third Row of Section','Clear view']","2026-07-17 09:11:49"
"13396266563","2026-07-19 23:45:15.124","2026-07-19 23:45:15.124","13396266563","161563883","[PREMIUM]","[PREMIUM]","110","J","9001_9002","9001","9002",2,"[2]",471,"Middle",10,"Mobile Transfer ticket",13,"[PREMIUM]","[PREMIUM]","[PREMIUM]","[PREMIUM]",true,false,"['Clear view']","2026-07-19 11:01:42"
"13381716120","2026-07-19 23:45:15.086","2026-07-19 23:45:15.086","13381716120","161495891","[PREMIUM]","[PREMIUM]","226","3","9001_9004","9001",,4,"[1,2,3,4]",407,"Upper",11,"Mobile ticket",1,"[PREMIUM]","[PREMIUM]","[PREMIUM]","[PREMIUM]",true,false,"['Limited or Obstructed View (printed on ticket)','Third Row of Section']","2026-07-17 09:12:01"
"13383177317","2026-07-19 23:45:15.086","2026-07-19 23:45:15.086","13383177317","161495891","[PREMIUM]","[PREMIUM]","225","11","_",,,4,"[2,4]",407,"Upper",10,"Mobile Transfer ticket",1,"[PREMIUM]","[PREMIUM]","[PREMIUM]","[PREMIUM]",true,false,"['Clear view']","2026-07-17 14:27:44"
"13381703494","2026-07-19 23:45:14.997","2026-07-19 23:45:14.997","13381703494","161495891","[PREMIUM]","[PREMIUM]","223","3","9001_9003","9001",,3,"[1,2,3]",407,"Upper",11,"Mobile ticket",1,"[PREMIUM]","[PREMIUM]","[PREMIUM]","[PREMIUM]",true,false,"['Third Row of Section','Clear view']","2026-07-17 09:09:06"
"13381715011","2026-07-19 23:45:14.997","2026-07-21 02:33:49.912","13381715011","161495891","[PREMIUM]","[PREMIUM]","221","3","9001_9006","9001",,6,"[1,2,3,4,5,6]",407,"Upper",11,"Mobile ticket",1,"[PREMIUM]","[PREMIUM]","[PREMIUM]","[PREMIUM]",true,false,"['Third Row of Section','Clear view']","2026-07-17 09:11:49"
"13394366002","2026-07-19 23:45:14.773","2026-08-04 02:01:23.936","13394366002","161563883","[PREMIUM]","[PREMIUM]","113","E","19_20","19","20",2,"[2]",471,"Middle",10,"Mobile Transfer ticket",1,"[PREMIUM]","[PREMIUM]","[PREMIUM]","[PREMIUM]",true,false,"['Clear view']","2026-07-19 02:55:01"
"13399722391","2026-07-19 23:45:14.714","2026-08-04 02:01:24.951","13399722391","161563883","[PREMIUM]","[PREMIUM]","26","R","1_2","1","2",2,"[2]",594,"Lower",10,"Mobile Transfer ticket",1,"[PREMIUM]","[PREMIUM]","[PREMIUM]","[PREMIUM]",true,false,"['Access to VIP Lounge','Aisle seat','Clear view']","2026-07-19 20:22:33"
"13396266285","2026-07-19 23:45:14.406","2026-07-24 00:23:06.330","13396266285","161563883","[PREMIUM]","[PREMIUM]","108","G","9001_9003","9001","9003",3,"[3]",471,"Middle",10,"Mobile Transfer ticket",13,"[PREMIUM]","[PREMIUM]","[PREMIUM]","[PREMIUM]",true,false,"['Clear view']","2026-07-19 11:01:19"
"13396266316","2026-07-19 23:45:14.406","2026-08-04 02:01:23.551","13396266316","161563883","[PREMIUM]","[PREMIUM]","215","A","9001_9003","9001","9003",3,"[3]",407,"Upper",10,"Mobile Transfer ticket",13,"[PREMIUM]","[PREMIUM]","[PREMIUM]","[PREMIUM]",true,false,"['Front Row of Section','Clear view']","2026-07-19 11:01:24"
"13397214911","2026-07-19 23:45:13.725","2026-07-19 23:45:13.725","13397214911","161400574","[PREMIUM]","[PREMIUM]","108","9","_",,,1,"[1]",267,"Upper Tier",10,"Mobile Transfer ticket",14,"[PREMIUM]","[PREMIUM]","[PREMIUM]","[PREMIUM]",false,false,"['Second Row of Section','Clear view']","2026-07-19 13:28:43"
"13396463022","2026-07-19 23:45:13.401","2026-07-27 23:23:02.452","13396463022","161400574","[PREMIUM]","[PREMIUM]","2","8","_",,,3,"[1,2,3]",265,"Lower Tier",10,"Mobile Transfer ticket",14,"[PREMIUM]","[PREMIUM]","[PREMIUM]","[PREMIUM]",true,false,"['Clear view']","2026-07-19 11:41:57"
"13396511850","2026-07-19 23:45:13.401","2026-07-19 23:45:13.401","13396511850","161400574","[PREMIUM]","[PREMIUM]","12","8","_",,,1,"[1]",265,"Lower Tier",10,"Mobile Transfer ticket",14,"[PREMIUM]","[PREMIUM]","[PREMIUM]","[PREMIUM]",false,false,"['Clear view']","2026-07-19 11:51:01"
"13396458655","2026-07-19 23:45:13.401","2026-07-19 23:45:13.401","13396458655","161400574","[PREMIUM]","[PREMIUM]","11","10","_",,,2,"[1,2]",265,"Lower Tier",10,"Mobile Transfer ticket",14,"[PREMIUM]","[PREMIUM]","[PREMIUM]","[PREMIUM]",true,false,"['Clear view']","2026-07-19 11:40:56"
"13396503566","2026-07-19 23:45:13.381","2026-07-19 23:45:13.381","13396503566","161400574","[PREMIUM]","[PREMIUM]","109","5","_",,,1,"[1]",267,"Upper Tier",10,"Mobile Transfer ticket",14,"[PREMIUM]","[PREMIUM]","[PREMIUM]","[PREMIUM]",false,false,"['Clear view']","2026-07-19 11:49:00"
"13396500183","2026-07-19 23:45:13.381","2026-07-19 23:45:13.381","13396500183","161400574","[PREMIUM]","[PREMIUM]","127","15","_",,,1,"[1]",267,"Upper Tier",10,"Mobile Transfer ticket",14,"[PREMIUM]","[PREMIUM]","[PREMIUM]","[PREMIUM]",false,false,"['Clear view']","2026-07-19 11:48:30"
"13396517406","2026-07-19 23:45:13.315","2026-07-19 23:45:13.315","13396517406","161400574","[PREMIUM]","[PREMIUM]","128","12","_",,,2,"[1,2]",267,"Upper Tier",10,"Mobile Transfer ticket",14,"[PREMIUM]","[PREMIUM]","[PREMIUM]","[PREMIUM]",true,false,"['Clear view']","2026-07-19 11:52:34"
"13396456349","2026-07-19 23:45:13.315","2026-07-19 23:45:13.315","13396456349","161400574","[PREMIUM]","[PREMIUM]","134","18","_",,,3,"[1,2,3]",267,"Upper Tier",10,"Mobile Transfer ticket",14,"[PREMIUM]","[PREMIUM]","[PREMIUM]","[PREMIUM]",true,false,"['Clear view']","2026-07-19 11:40:28"
"13396461330","2026-07-19 23:45:13.315","2026-07-19 23:45:13.315","13396461330","161400574","[PREMIUM]","[PREMIUM]","136","14","_",,,3,"[1,2,3]",267,"Upper Tier",10,"Mobile Transfer ticket",14,"[PREMIUM]","[PREMIUM]","[PREMIUM]","[PREMIUM]",true,false,"['Clear view']","2026-07-19 11:41:27"
"13396521190","2026-07-19 23:45:13.301","2026-07-19 23:45:13.301","13396521190","161400574","[PREMIUM]","[PREMIUM]","135","3","_",,,1,"[1]",267,"Upper Tier",10,"Mobile Transfer ticket",14,"[PREMIUM]","[PREMIUM]","[PREMIUM]","[PREMIUM]",false,false,"['Third Row of Section','Clear view']","2026-07-19 11:53:30"
"13396481698","2026-07-19 23:45:13.291","2026-07-19 23:45:13.291","13396481698","161400574","[PREMIUM]","[PREMIUM]","110","12","_",,,2,"[1,2]",267,"Upper Tier",10,"Mobile Transfer ticket",14,"[PREMIUM]","[PREMIUM]","[PREMIUM]","[PREMIUM]",true,false,"['Clear view']","2026-07-19 11:46:28"
"13396472646","2026-07-19 23:45:13.291","2026-07-19 23:45:13.291","13396472646","161400574","[PREMIUM]","[PREMIUM]","133","15","_",,,1,"[1]",267,"Upper Tier",10,"Mobile Transfer ticket",14,"[PREMIUM]","[PREMIUM]","[PREMIUM]","[PREMIUM]",false,false,"['Clear view']","2026-07-19 11:45:02"
"13396488993","2026-07-19 23:45:13.291","2026-07-19 23:45:13.291","13396488993","161400574","[PREMIUM]","[PREMIUM]","130","15","_",,,1,"[1]",267,"Upper Tier",10,"Mobile Transfer ticket",14,"[PREMIUM]","[PREMIUM]","[PREMIUM]","[PREMIUM]",false,false,"['Clear view']","2026-07-19 11:47:30"
"13382569030","2026-07-19 23:45:13.070","2026-07-19 23:45:13.070","13382569030","161495899","[PREMIUM]","[PREMIUM]","104","9","9001_9002","9001",,2,"[2]",594,"Lower",11,"Mobile ticket",1,"[PREMIUM]","[PREMIUM]","[PREMIUM]","[PREMIUM]",true,false,"['Clear view']","2026-07-17 12:08:02"
"13396484317","2026-07-19 23:45:13.054","2026-07-19 23:45:13.054","13396484317","161400574","[PREMIUM]","[PREMIUM]","114","13","_",,,1,"[1]",267,"Upper Tier",10,"Mobile Transfer ticket",14,"[PREMIUM]","[PREMIUM]","[PREMIUM]","[PREMIUM]",false,false,"['Clear view']","2026-07-19 11:46:59"
"13396510004","2026-07-19 23:45:13.054","2026-07-19 23:45:13.054","13396510004","161400574","[PREMIUM]","[PREMIUM]","116","10","_",,,2,"[1,2]",267,"Upper Tier",10,"Mobile Transfer ticket",14,"[PREMIUM]","[PREMIUM]","[PREMIUM]","[PREMIUM]",true,false,"['Third Row of Section','Clear view']","2026-07-19 11:50:31"
"13396467160","2026-07-19 23:45:13.054","2026-07-19 23:45:13.054","13396467160","161400574","[PREMIUM]","[PREMIUM]","129","11","_",,,3,"[1,2,3]",267,"Upper Tier",10,"Mobile Transfer ticket",14,"[PREMIUM]","[PREMIUM]","[PREMIUM]","[PREMIUM]",true,false,"['Clear view']","2026-07-19 11:43:27"
"13396470745","2026-07-19 23:45:13.054","2026-07-19 23:45:13.054","13396470745","161400574","[PREMIUM]","[PREMIUM]","115","10","_",,,2,"[1,2]",267,"Upper Tier",10,"Mobile Transfer ticket",14,"[PREMIUM]","[PREMIUM]","[PREMIUM]","[PREMIUM]",true,false,"['Clear view']","2026-07-19 11:44:28"
"13398202664","2026-07-19 23:45:13.018","2026-07-21 02:32:04.263","13398202664","161400574","[PREMIUM]","[PREMIUM]","111","6","1_4","1","4",4,"[2,4]",267,"Upper Tier",10,"Mobile Transfer ticket",1,"[PREMIUM]","[PREMIUM]","[PREMIUM]","[PREMIUM]",true,false,"['Clear view']","2026-07-19 15:49:27"
"13377639317","2026-07-19 23:45:12.553","2026-07-19 23:45:12.553","13377639317","161495899","[PREMIUM]","[PREMIUM]","121","1","_",,,2,"[2]",594,"Lower",10,"Mobile Transfer ticket",1,"[PREMIUM]","[PREMIUM]","[PREMIUM]","[PREMIUM]",true,false,"['Front Row of Section','Clear view']","2026-07-16 23:30:19"
"13378711921","2026-07-19 23:45:12.553","2026-08-04 02:01:15.752","13378711921","161495899","[PREMIUM]","[PREMIUM]","113","3","5_8","5",,4,"[1,2,4]",594,"Lower",10,"Mobile Transfer ticket",14,"[PREMIUM]","[PREMIUM]","[PREMIUM]","[PREMIUM]",true,false,"['Third Row of Section','Clear view']","2026-07-17 01:36:03"
"13378712125","2026-07-19 23:45:12.553","2026-08-04 02:01:15.752","13378712125","161495899","[PREMIUM]","[PREMIUM]","115","3","13_16","13",,2,"[2]",594,"Lower",10,"Mobile Transfer ticket",14,"[PREMIUM]","[PREMIUM]","[PREMIUM]","[PREMIUM]",true,false,"['Third Row of Section','Clear view']","2026-07-17 01:36:03"
"13398680798","2026-07-19 23:45:12.405","2026-08-04 02:01:06.478","13398680798","161381066","[PREMIUM]","[PREMIUM]","103G","C","_",,,2,"[2]",17391,"Value Glass",10,"Mobile Transfer ticket",1,"[PREMIUM]","[PREMIUM]","[PREMIUM]","[PREMIUM]",true,false,"['Front Row of Section','Clear view']","2026-07-19 17:25:52"
"13398680713","2026-07-19 23:45:12.405","2026-08-04 02:01:06.477","13398680713","161381066","[PREMIUM]","[PREMIUM]","116G","C","_",,,2,"[2]",17391,"Value Glass",10,"Mobile Transfer ticket",1,"[PREMIUM]","[PREMIUM]","[PREMIUM]","[PREMIUM]",true,false,"['Front Row of Section','Clear view']","2026-07-19 17:25:48"
"13398693481","2026-07-19 23:45:12.373","2026-07-27 23:23:01.758","13398693481","161381066","[PREMIUM]","[PREMIUM]","104","T","_",,,4,"[1,2,4]",4325,"Plaza Level",10,"Mobile Transfer ticket",1,"[PREMIUM]","[PREMIUM]","[PREMIUM]","[PREMIUM]",true,false,"['Clear view']","2026-07-19 17:30:46"
"13398680703","2026-07-19 23:45:12.373","2026-08-04 02:01:06.477","13398680703","161381066","[PREMIUM]","[PREMIUM]","104G","C","_",,,2,"[2]",17391,"Value Glass",10,"Mobile Transfer ticket",1,"[PREMIUM]","[PREMIUM]","[PREMIUM]","[PREMIUM]",true,false,"['Front Row of Section','Clear view']","2026-07-19 17:25:48"
"13383122609","2026-07-19 23:45:12.344","2026-07-19 23:45:12.344","13383122609","161495899","[PREMIUM]","[PREMIUM]","127","25","_",,,11,"[1,2,3,4,5,6,7,8,9,11]",594,"Lower",10,"Mobile Transfer ticket",1,"[PREMIUM]","[PREMIUM]","[PREMIUM]","[PREMIUM]",true,false,"['Clear view']","2026-07-17 14:18:00"
"13383121660","2026-07-19 23:45:12.163","2026-07-19 23:45:12.163","13383121660","161495899","[PREMIUM]","[PREMIUM]","127","22","_",,,8,"[1,2,3,4,5,6,8]",594,"Lower",10,"Mobile Transfer ticket",1,"[PREMIUM]","[PREMIUM]","[PREMIUM]","[PREMIUM]",true,false,"['Clear view']","2026-07-17 14:17:56"
"13383121658","2026-07-19 23:45:12.078","2026-07-19 23:45:12.078","13383121658","161495899","[PREMIUM]","[PREMIUM]","117","25","_",,,5,"[1,2,3,5]",594,"Lower",10,"Mobile Transfer ticket",1,"[PREMIUM]","[PREMIUM]","[PREMIUM]","[PREMIUM]",true,false,"['Clear view']","2026-07-17 14:17:56"
"13396453671","2026-07-19 23:45:12.078","2026-07-28 23:20:41.042","13396453671","161495899","[PREMIUM]","[PREMIUM]","201","3","9001_9002","9001","9002",2,"[2]",407,"Upper",10,"Mobile Transfer ticket",13,"[PREMIUM]","[PREMIUM]","[PREMIUM]","[PREMIUM]",true,false,"['Third Row of Section','Clear view']","2026-07-19 11:40:00"
"13383123177","2026-07-19 23:45:11.877","2026-08-04 02:01:13.109","13383123177","161495899","[PREMIUM]","[PREMIUM]","118","21","_",,,4,"[2,4]",594,"Lower",10,"Mobile Transfer ticket",1,"[PREMIUM]","[PREMIUM]","[PREMIUM]","[PREMIUM]",true,false,"['Clear view']","2026-07-17 14:18:04"
"13398680723","2026-07-19 23:45:11.873","2026-08-04 02:01:06.267","13398680723","161381066","[PREMIUM]","[PREMIUM]","117","T","_",,,2,"[2]",4325,"Plaza Level",10,"Mobile Transfer ticket",1,"[PREMIUM]","[PREMIUM]","[PREMIUM]","[PREMIUM]",true,false,"['Clear view']","2026-07-19 17:25:49"
"13398680702","2026-07-19 23:45:11.873","2026-08-04 02:01:06.267","13398680702","161381066","[PREMIUM]","[PREMIUM]","104","W","_",,,2,"[2]",4325,"Plaza Level",10,"Mobile Transfer ticket",1,"[PREMIUM]","[PREMIUM]","[PREMIUM]","[PREMIUM]",true,false,"['Clear view']","2026-07-19 17:25:47"
"13398680691","2026-07-19 23:45:11.873","2026-08-04 02:01:06.248","13398680691","161381066","[PREMIUM]","[PREMIUM]","102","W","_",,,2,"[2]",4325,"Plaza Level",10,"Mobile Transfer ticket",1,"[PREMIUM]","[PREMIUM]","[PREMIUM]","[PREMIUM]",true,false,"['Aisle seat','Clear view']","2026-07-19 17:25:47"
"13394441121","2026-07-19 23:45:11.873","2026-08-04 02:01:06.248","13394441121","161381066","[PREMIUM]","[PREMIUM]","118","H","_",,,7,"[1,2,3,4,5,7]",4325,"Plaza Level",10,"Mobile Transfer ticket",1,"[PREMIUM]","[PREMIUM]","[PREMIUM]","[PREMIUM]",true,false,"['Clear view']","2026-07-19 03:15:07"
"13399074481","2026-07-19 23:45:11.736","2026-08-04 02:01:06.047","13399074481","161381066","[PREMIUM]","[PREMIUM]","124","HH","13_16","13","16",4,"[2,4]",4325,"Plaza Level",10,"Mobile Transfer ticket",1,"[PREMIUM]","[PREMIUM]","[PREMIUM]","[PREMIUM]",true,false,"['Clear view']","2026-07-19 18:47:08"
"13398680786","2026-07-19 23:45:11.736","2026-08-04 02:01:06.351","13398680786","161381066","[PREMIUM]","[PREMIUM]","101","E","_",,,2,"[2]",4325,"Plaza Level",10,"Mobile Transfer ticket",1,"[PREMIUM]","[PREMIUM]","[PREMIUM]","[PREMIUM]",true,false,"['Front Row of Section','Clear view']","2026-07-19 17:25:51"
"13398680733","2026-07-19 23:45:11.736","2026-08-04 02:01:06.351","13398680733","161381066","[PREMIUM]","[PREMIUM]","124","J","_",,,2,"[2]",4325,"Plaza Level",10,"Mobile Transfer ticket",1,"[PREMIUM]","[PREMIUM]","[PREMIUM]","[PREMIUM]",true,false,"['Clear view']","2026-07-19 17:25:49"
"13398680729","2026-07-19 23:45:11.736","2026-08-04 02:01:05.907","13398680729","161381066","[PREMIUM]","[PREMIUM]","121","KK","_",,,12,"[1,2,3,4,5,6,7,8,9,10,12]",4325,"Plaza Level",10,"Mobile Transfer ticket",1,"[PREMIUM]","[PREMIUM]","[PREMIUM]","[PREMIUM]",true,false,"['Clear view']","2026-07-19 17:25:49"
"13394441124","2026-07-19 23:45:11.736","2026-08-04 02:01:06.202","13394441124","161381066","[PREMIUM]","[PREMIUM]","101","M","_",,,5,"[1,2,3,5]",4325,"Plaza Level",10,"Mobile Transfer ticket",1,"[PREMIUM]","[PREMIUM]","[PREMIUM]","[PREMIUM]",true,false,"['Clear view']","2026-07-19 03:15:07"
"13400737565","2026-07-19 23:45:11.736","2026-08-04 02:01:05.907","13400737565","161381066","[PREMIUM]","[PREMIUM]","S257",,"6_8","6","8",3,"[1,3]",9177,"Club Suite",10,"Mobile Transfer ticket",1,"[PREMIUM]","[PREMIUM]","[PREMIUM]","[PREMIUM]",true,true,"['Reserved Seating','Partial Suite (Shared)','Partial Suite (shared) - Reserved seating','Clear view']","2026-07-19 23:30:29"
"13398680706","2026-07-19 23:45:11.536","2026-07-27 23:23:01.690","13398680706","161381066","[PREMIUM]","[PREMIUM]","115","V","_",,,3,"[1,3]",4325,"Plaza Level",10,"Mobile Transfer ticket",1,"[PREMIUM]","[PREMIUM]","[PREMIUM]","[PREMIUM]",true,false,"['Clear view']","2026-07-19 17:25:48"
"13398680789","2026-07-19 23:45:11.300","2026-08-04 02:01:05.723","13398680789","161381066","[PREMIUM]","[PREMIUM]","308","D","_",,,6,"[1,2,3,4,6]",507,"Mezzanine",10,"Mobile Transfer ticket",1,"[PREMIUM]","[PREMIUM]","[PREMIUM]","[PREMIUM]",true,false,"['Clear view']","2026-07-19 17:25:52"
"13398680791","2026-07-19 23:45:11.271","2026-08-04 02:01:05.658","13398680791","161381066","[PREMIUM]","[PREMIUM]","310","L","_",,,6,"[1,2,3,4,6]",507,"Mezzanine",10,"Mobile Transfer ticket",1,"[PREMIUM]","[PREMIUM]","[PREMIUM]","[PREMIUM]",true,false,"['Clear view']","2026-07-19 17:25:52"
"13398680736","2026-07-19 23:45:11.271","2026-08-04 02:01:05.723","13398680736","161381066","[PREMIUM]","[PREMIUM]","309","B","_",,,3,"[1,3]",507,"Mezzanine",10,"Mobile Transfer ticket",1,"[PREMIUM]","[PREMIUM]","[PREMIUM]","[PREMIUM]",true,false,"['Actual 2nd row of section','Clear view']","2026-07-19 17:25:49"
"13398680788","2026-07-19 23:45:11.230","2026-08-04 02:01:05.767","13398680788","161381066","[PREMIUM]","[PREMIUM]","308","B","_",,,5,"[1,2,3,5]",507,"Mezzanine",10,"Mobile Transfer ticket",1,"[PREMIUM]","[PREMIUM]","[PREMIUM]","[PREMIUM]",true,false,"['Actual 2nd row of section','Clear view']","2026-07-19 17:25:51"
"13398680745","2026-07-19 23:45:11.183","2026-07-27 02:11:52.673","13398680745","161381066","[PREMIUM]","[PREMIUM]","324","B","_",,,2,"[2]",507,"Mezzanine",10,"Mobile Transfer ticket",1,"[PREMIUM]","[PREMIUM]","[PREMIUM]","[PREMIUM]",true,false,"['Actual 2nd row of section','Clear view']","2026-07-19 17:25:49"
"13398680806","2026-07-19 23:45:11.183","2026-08-04 02:01:05.927","13398680806","161381066","[PREMIUM]","[PREMIUM]","310","M","_",,,6,"[1,2,3,4,6]",507,"Mezzanine",10,"Mobile Transfer ticket",1,"[PREMIUM]","[PREMIUM]","[PREMIUM]","[PREMIUM]",true,false,"['Clear view']","2026-07-19 17:25:53"
"13383122439","2026-07-19 23:45:10.909","2026-08-04 02:01:10.472","13383122439","161495899","[PREMIUM]","[PREMIUM]","227","6","_",,,4,"[2,4]",407,"Upper",10,"Mobile Transfer ticket",1,"[PREMIUM]","[PREMIUM]","[PREMIUM]","[PREMIUM]",true,false,"['Clear view']","2026-07-17 14:18:00"
"13383121465","2026-07-19 23:45:10.904","2026-07-19 23:45:10.904","13383121465","161495890","[PREMIUM]","[PREMIUM]","227","6","_",,,4,"[2,4]",407,"Upper",10,"Mobile Transfer ticket",1,"[PREMIUM]","[PREMIUM]","[PREMIUM]","[PREMIUM]",true,false,"['Clear view']","2026-07-17 14:17:55"
"13384893317","2026-07-19 23:45:10.898","2026-07-19 23:45:10.898","13384893317","161495899","[PREMIUM]","[PREMIUM]","217","14","_",,,6,"[1,2,3,4,5,6]",407,"Upper",10,"Mobile Transfer ticket",1,"[PREMIUM]","[PREMIUM]","[PREMIUM]","[PREMIUM]",true,false,"['Clear view']","2026-07-17 18:11:18"
"13398420907","2026-07-19 23:45:10.715","2026-07-21 02:34:00.213","13398420907","161495899","[PREMIUM]","[PREMIUM]","213","11","12_13","12","13",2,"[2]",407,"Upper",10,"Mobile Transfer ticket",1,"[PREMIUM]","[PREMIUM]","[PREMIUM]","[PREMIUM]",true,false,"['Clear view']","2026-07-19 16:26:42"
"13384668816","2026-07-19 23:45:10.645","2026-07-22 04:03:05.481","13384668816","161495899","[PREMIUM]","[PREMIUM]","223","4","_",,,5,"[5]",407,"Upper",10,"Mobile Transfer ticket",1,"[PREMIUM]","[PREMIUM]","[PREMIUM]","[PREMIUM]",true,false,"['Clear view']","2026-07-17 17:36:49"
"13382101566","2026-07-19 23:45:10.570","2026-07-19 23:45:10.570","13382101566","161495899","[PREMIUM]","[PREMIUM]","206","4","9001_9001","9001",,1,"[1]",407,"Upper",11,"Mobile ticket",1,"[PREMIUM]","[PREMIUM]","[PREMIUM]","[PREMIUM]",false,false,"['Limited or Obstructed View (printed on ticket)']","2026-07-17 10:44:57"
"13399653463","2026-07-19 23:45:10.557","2026-07-22 04:02:49.778","13399653463","161495899","[PREMIUM]","[PREMIUM]","219","6","3_4","3","4",2,"[2]",407,"Upper",11,"Mobile ticket",1,"[PREMIUM]","[PREMIUM]","[PREMIUM]","[PREMIUM]",true,false,"['Clear view']","2026-07-19 20:11:08"
"13398680750","2026-07-19 23:45:10.475","2026-08-04 02:01:05.694","13398680750","161381066","[PREMIUM]","[PREMIUM]","330","L","_",,,4,"[1,2,4]",507,"Mezzanine",10,"Mobile Transfer ticket",1,"[PREMIUM]","[PREMIUM]","[PREMIUM]","[PREMIUM]",true,false,"['Clear view']","2026-07-19 17:25:49"
"13398216009","2026-07-19 23:45:09.860","2026-07-19 23:45:09.860","13398216009","161482408","[PREMIUM]","[PREMIUM]","216","J","_",,,4,"[1,2,4]",407,"Upper",10,"Mobile Transfer ticket",14,"[PREMIUM]","[PREMIUM]","[PREMIUM]","[PREMIUM]",true,false,"['Clear view']","2026-07-19 15:52:52"
"13394258241","2026-07-19 23:45:09.706","2026-07-31 06:35:41.493","13394258241","161482408","[PREMIUM]","[PREMIUM]","17","J","1_8","1","8",8,"[1,2,3,4,5,6,8]",594,"Lower",10,"Mobile Transfer ticket",1,"[PREMIUM]","[PREMIUM]","[PREMIUM]","[PREMIUM]",true,false,"['Clear view']","2026-07-19 02:27:29"
"13377473014","2026-07-19 23:45:09.660","2026-07-23 01:49:19.110","13377473014","161482408","[PREMIUM]","[PREMIUM]","114",,"_",,,2,"[1,2]",471,"Middle",10,"Mobile Transfer ticket",1,"[PREMIUM]","[PREMIUM]","[PREMIUM]","[PREMIUM]",true,true,"['Clear view']","2026-07-16 23:12:07"
"13399717362","2026-07-19 23:45:09.446","2026-08-04 02:01:19.686","13399717362","161482408","[PREMIUM]","[PREMIUM]","26","R","1_2","1","2",2,"[2]",594,"Lower",10,"Mobile Transfer ticket",1,"[PREMIUM]","[PREMIUM]","[PREMIUM]","[PREMIUM]",true,false,"['Access to VIP Lounge','Aisle seat','Clear view']","2026-07-19 20:21:09"
"13396164475","2026-07-19 23:45:09.308","2026-07-21 02:31:51.610","13396164475","161482408","[PREMIUM]","[PREMIUM]","108","E","9001_9002","9001","9002",2,"[2]",471,"Middle",10,"Mobile Transfer ticket",13,"[PREMIUM]","[PREMIUM]","[PREMIUM]","[PREMIUM]",true,false,"['Clear view']","2026-07-19 10:31:38"
"13396164485","2026-07-19 23:45:09.237","2026-07-21 02:31:51.610","13396164485","161482408","[PREMIUM]","[PREMIUM]","211","G","9001_9002","9001","9002",2,"[2]",407,"Upper",10,"Mobile Transfer ticket",13,"[PREMIUM]","[PREMIUM]","[PREMIUM]","[PREMIUM]",true,false,"['Clear view']","2026-07-19 10:31:39"
"13383177894","2026-07-19 23:45:09.225","2026-07-19 23:45:09.225","13383177894","161495877","[PREMIUM]","[PREMIUM]","117","25","_",,,5,"[1,2,3,5]",594,"Lower",10,"Mobile Transfer ticket",1,"[PREMIUM]","[PREMIUM]","[PREMIUM]","[PREMIUM]",true,false,"['Clear view']","2026-07-17 14:27:50"
"13396163894","2026-07-19 23:45:09.177","2026-07-19 23:45:09.177","13396163894","161482408","[PREMIUM]","[PREMIUM]","202","G","9001_9002","9001","9002",2,"[2]",407,"Upper",10,"Mobile Transfer ticket",13,"[PREMIUM]","[PREMIUM]","[PREMIUM]","[PREMIUM]",true,false,"['Clear view']","2026-07-19 10:31:30"
"13381776532","2026-07-19 23:45:09.160","2026-07-19 23:45:09.160","13381776532","161495877","[PREMIUM]","[PREMIUM]","128","3","_",,,2,"[2]",594,"Lower",10,"Mobile Transfer ticket",1,"[PREMIUM]","[PREMIUM]","[PREMIUM]","[PREMIUM]",true,false,"['Third Row of Section','Clear view']","2026-07-17 09:25:47"
"13381793077","2026-07-19 23:45:09.038","2026-07-21 02:31:47.082","13381793077","161495877","[PREMIUM]","[PREMIUM]","117","2","_",,,2,"[2]",594,"Lower",10,"Mobile Transfer ticket",1,"[PREMIUM]","[PREMIUM]","[PREMIUM]","[PREMIUM]",true,false,"['Second Row of Section','Clear view']","2026-07-17 09:28:50"
"13381790922","2026-07-19 23:45:09.038","2026-07-21 02:31:46.248","13381790922","161495877","[PREMIUM]","[PREMIUM]","109","1","_",,,2,"[2]",594,"Lower",10,"Mobile Transfer ticket",1,"[PREMIUM]","[PREMIUM]","[PREMIUM]","[PREMIUM]",true,false,"['Front Row of Section','Clear view']","2026-07-17 09:28:35"
"13381778388","2026-07-19 23:45:09.038","2026-07-21 02:31:46.248","13381778388","161495877","[PREMIUM]","[PREMIUM]","107","1","_",,,2,"[2]",594,"Lower",10,"Mobile Transfer ticket",1,"[PREMIUM]","[PREMIUM]","[PREMIUM]","[PREMIUM]",true,false,"['Front Row of Section','Clear view']","2026-07-17 09:26:05"
"13377424071","2026-07-19 23:45:08.977","2026-07-19 23:45:08.977","13377424071","161495877","[PREMIUM]","[PREMIUM]","101","26","_",,,2,"[1,2]",594,"Lower",10,"Mobile Transfer ticket",1,"[PREMIUM]","[PREMIUM]","[PREMIUM]","[PREMIUM]",true,true,"['Clear view']","2026-07-16 23:07:37"
"13377425055","2026-07-19 23:45:08.977","2026-07-19 23:45:08.977","13377425055","161495877","[PREMIUM]","[PREMIUM]","115","26","_",,,2,"[1,2]",594,"Lower",10,"Mobile Transfer ticket",1,"[PREMIUM]","[PREMIUM]","[PREMIUM]","[PREMIUM]",true,true,"['Clear view']","2026-07-16 23:07:43"
"13383177986","2026-07-19 23:45:08.874","2026-07-19 23:45:08.874","13383177986","161495877","[PREMIUM]","[PREMIUM]","127","22","_",,,8,"[1,2,3,4,5,6,8]",594,"Lower",10,"Mobile Transfer ticket",1,"[PREMIUM]","[PREMIUM]","[PREMIUM]","[PREMIUM]",true,false,"['Clear view']","2026-07-17 14:27:50"
"13383177879","2026-07-19 23:45:08.803","2026-07-19 23:45:08.803","13383177879","161495877","[PREMIUM]","[PREMIUM]","127","21","_",,,6,"[1,2,3,4,6]",594,"Lower",10,"Mobile Transfer ticket",1,"[PREMIUM]","[PREMIUM]","[PREMIUM]","[PREMIUM]",true,false,"['Clear view']","2026-07-17 14:27:50"
"13377428735","2026-07-19 23:45:08.770","2026-08-04 02:01:18.177","13377428735","161495877","[PREMIUM]","[PREMIUM]","220","20","_",,,2,"[1,2]",407,"Upper",10,"Mobile Transfer ticket",1,"[PREMIUM]","[PREMIUM]","[PREMIUM]","[PREMIUM]",true,false,"['Clear view']","2026-07-16 23:07:59"
"13377427407","2026-07-19 23:45:08.770","2026-08-04 02:01:18.141","13377427407","161495877","[PREMIUM]","[PREMIUM]","210","20","_",,,2,"[1,2]",407,"Upper",10,"Mobile Transfer ticket",1,"[PREMIUM]","[PREMIUM]","[PREMIUM]","[PREMIUM]",true,true,"['Clear view']","2026-07-16 23:07:53"
"13398420905","2026-07-19 23:45:08.414","2026-07-21 02:31:41.958","13398420905","161495877","[PREMIUM]","[PREMIUM]","213","11","12_13","12","13",2,"[2]",407,"Upper",10,"Mobile Transfer ticket",1,"[PREMIUM]","[PREMIUM]","[PREMIUM]","[PREMIUM]",true,false,"['Clear view']","2026-07-19 16:26:42"
"13383177834","2026-07-19 23:45:08.237","2026-07-19 23:45:08.237","13383177834","161495877","[PREMIUM]","[PREMIUM]","227","6","_",,,4,"[2,4]",407,"Upper",10,"Mobile Transfer ticket",1,"[PREMIUM]","[PREMIUM]","[PREMIUM]","[PREMIUM]",true,false,"['Clear view']","2026-07-17 14:27:50"
"13394323632","2026-07-19 23:45:08.207","2026-07-27 23:22:58.601","13394323632","161495877","[PREMIUM]","[PREMIUM]","218","10","9001_9003","9001",,3,"[1,2,3]",407,"Upper",11,"Mobile ticket",1,"[PREMIUM]","[PREMIUM]","[PREMIUM]","[PREMIUM]",true,false,"['Clear view']","2026-07-19 02:45:07"
"13383177800","2026-07-19 23:45:08.203","2026-07-19 23:45:08.203","13383177800","161495877","[PREMIUM]","[PREMIUM]","217","14","_",,,4,"[2,4]",407,"Upper",10,"Mobile Transfer ticket",1,"[PREMIUM]","[PREMIUM]","[PREMIUM]","[PREMIUM]",true,false,"['Clear view']","2026-07-17 14:27:49"
"13377428394","2026-07-19 23:45:08.165","2026-07-22 04:02:28.605","13377428394","161495877","[PREMIUM]","[PREMIUM]","217","20","_",,,2,"[1,2]",407,"Upper",10,"Mobile Transfer ticket",1,"[PREMIUM]","[PREMIUM]","[PREMIUM]","[PREMIUM]",true,true,"['Clear view']","2026-07-16 23:07:58"
"13396532047","2026-07-19 23:45:08.007","2026-07-19 23:45:08.007","13396532047","161400563","[PREMIUM]","[PREMIUM]","116","10","_",,,1,"[1]",267,"Upper Tier",10,"Mobile Transfer ticket",14,"[PREMIUM]","[PREMIUM]","[PREMIUM]","[PREMIUM]",false,false,"['Third Row of Section','Clear view']","2026-07-19 11:56:50"
"13396480370","2026-07-19 23:45:08.007","2026-07-19 23:45:08.007","13396480370","161400563","[PREMIUM]","[PREMIUM]","129","11","_",,,3,"[1,2,3]",267,"Upper Tier",10,"Mobile Transfer ticket",14,"[PREMIUM]","[PREMIUM]","[PREMIUM]","[PREMIUM]",true,false,"['Clear view']","2026-07-19 11:46:17"
"13396512856","2026-07-19 23:45:08.007","2026-07-19 23:45:08.007","13396512856","161400563","[PREMIUM]","[PREMIUM]","117","15","_",,,2,"[1,2]",267,"Upper Tier",10,"Mobile Transfer ticket",14,"[PREMIUM]","[PREMIUM]","[PREMIUM]","[PREMIUM]",true,false,"['Clear view']","2026-07-19 11:51:18"
"13396516522","2026-07-19 23:45:08.007","2026-07-19 23:45:08.007","13396516522","161400563","[PREMIUM]","[PREMIUM]","128","10","_",,,1,"[1]",267,"Upper Tier",10,"Mobile Transfer ticket",14,"[PREMIUM]","[PREMIUM]","[PREMIUM]","[PREMIUM]",false,false,"['Third Row of Section','Clear view']","2026-07-19 11:52:18"
"13396515005","2026-07-19 23:45:08.007","2026-07-19 23:45:08.007","13396515005","161400563","[PREMIUM]","[PREMIUM]","127","15","_",,,2,"[1,2]",267,"Upper Tier",10,"Mobile Transfer ticket",14,"[PREMIUM]","[PREMIUM]","[PREMIUM]","[PREMIUM]",true,false,"['Clear view']","2026-07-19 11:51:48"
"13396509446","2026-07-19 23:45:07.937","2026-07-19 23:45:07.937","13396509446","161400563","[PREMIUM]","[PREMIUM]","114","13","_",,,2,"[1,2]",267,"Upper Tier",10,"Mobile Transfer ticket",14,"[PREMIUM]","[PREMIUM]","[PREMIUM]","[PREMIUM]",true,false,"['Clear view']","2026-07-19 11:50:18"
"13377574137","2026-07-19 23:45:07.884","2026-08-04 02:01:05.381","13377574137","161400563","[PREMIUM]","[PREMIUM]","10","18","_",,,2,"[1,2]",265,"Lower Tier",10,"Mobile Transfer ticket",1,"[PREMIUM]","[PREMIUM]","[PREMIUM]","[PREMIUM]",true,false,"['Clear view']","2026-07-16 23:21:36"
"13396522410","2026-07-19 23:45:07.884","2026-07-19 23:45:07.884","13396522410","161400563","[PREMIUM]","[PREMIUM]","12","8","_",,,2,"[1,2]",265,"Lower Tier",10,"Mobile Transfer ticket",14,"[PREMIUM]","[PREMIUM]","[PREMIUM]","[PREMIUM]",true,false,"['Clear view']","2026-07-19 11:53:49"
"13396473701","2026-07-19 23:45:07.884","2026-07-21 02:31:30.429","13396473701","161400563","[PREMIUM]","[PREMIUM]","2","8","_",,,2,"[1,2]",265,"Lower Tier",10,"Mobile Transfer ticket",14,"[PREMIUM]","[PREMIUM]","[PREMIUM]","[PREMIUM]",true,false,"['Clear view']","2026-07-19 11:45:19"
"13396467899","2026-07-19 23:45:07.884","2026-07-19 23:45:07.884","13396467899","161400563","[PREMIUM]","[PREMIUM]","11","10","_",,,3,"[1,2,3]",265,"Lower Tier",10,"Mobile Transfer ticket",14,"[PREMIUM]","[PREMIUM]","[PREMIUM]","[PREMIUM]",true,false,"['Clear view']","2026-07-19 11:43:46"
"13398179253","2026-07-19 23:45:07.853","2026-07-21 02:31:28.863","13398179253","161400563","[PREMIUM]","[PREMIUM]","111","6","1_4","1","4",4,"[2,4]",267,"Upper Tier",10,"Mobile Transfer ticket",1,"[PREMIUM]","[PREMIUM]","[PREMIUM]","[PREMIUM]",true,false,"['Clear view']","2026-07-19 15:46:27"
"13396507556","2026-07-19 23:45:07.702","2026-07-19 23:45:07.702","13396507556","161400563","[PREMIUM]","[PREMIUM]","110","18","_",,,2,"[1,2]",267,"Upper Tier",10,"Mobile Transfer ticket",14,"[PREMIUM]","[PREMIUM]","[PREMIUM]","[PREMIUM]",true,false,"['Clear view']","2026-07-19 11:49:49"
"13396471899","2026-07-19 23:45:07.702","2026-07-19 23:45:07.702","13396471899","161400563","[PREMIUM]","[PREMIUM]","136","14","_",,,3,"[1,2,3]",267,"Upper Tier",10,"Mobile Transfer ticket",14,"[PREMIUM]","[PREMIUM]","[PREMIUM]","[PREMIUM]",true,false,"['Clear view']","2026-07-19 11:44:47"
"13396486184","2026-07-19 23:45:07.702","2026-07-19 23:45:07.702","13396486184","161400563","[PREMIUM]","[PREMIUM]","115","11","_",,,3,"[1,2,3]",267,"Upper Tier",10,"Mobile Transfer ticket",14,"[PREMIUM]","[PREMIUM]","[PREMIUM]","[PREMIUM]",true,false,"['Clear view']","2026-07-19 11:47:17"
"13396531499","2026-07-19 23:45:07.702","2026-07-19 23:45:07.702","13396531499","161400563","[PREMIUM]","[PREMIUM]","108","9","_",,,2,"[1,2]",267,"Upper Tier",10,"Mobile Transfer ticket",14,"[PREMIUM]","[PREMIUM]","[PREMIUM]","[PREMIUM]",true,false,"['Second Row of Section','Clear view']","2026-07-19 11:56:20"
"13396469728","2026-07-19 23:45:07.702","2026-07-19 23:45:07.702","13396469728","161400563","[PREMIUM]","[PREMIUM]","134","18","_",,,4,"[1,2,3,4]",267,"Upper Tier",10,"Mobile Transfer ticket",14,"[PREMIUM]","[PREMIUM]","[PREMIUM]","[PREMIUM]",true,false,"['Clear view']","2026-07-19 11:44:16"
"13396510935","2026-07-19 23:45:07.522","2026-07-19 23:45:07.522","13396510935","161400563","[PREMIUM]","[PREMIUM]","130","15","_",,,2,"[1,2]",267,"Upper Tier",10,"Mobile Transfer ticket",14,"[PREMIUM]","[PREMIUM]","[PREMIUM]","[PREMIUM]",true,false,"['Clear view']","2026-07-19 11:50:48"
"13396505105","2026-07-19 23:45:07.515","2026-07-24 00:22:53.561","13396505105","161400563","[PREMIUM]","[PREMIUM]","21",,"_",,,2,"[1,2]",265,"Lower Tier",10,"Mobile Transfer ticket",14,"[PREMIUM]","[PREMIUM]","[PREMIUM]","[PREMIUM]",true,true,"['Clear view']","2026-07-19 11:49:17"
"13396531118","2026-07-19 23:45:07.515","2026-07-19 23:45:07.515","13396531118","161400563","[PREMIUM]","[PREMIUM]","135","3","_",,,2,"[1,2]",267,"Upper Tier",10,"Mobile Transfer ticket",14,"[PREMIUM]","[PREMIUM]","[PREMIUM]","[PREMIUM]",true,false,"['Third Row of Section','Clear view']","2026-07-19 11:55:51"
"13399411526","2026-07-19 23:45:07.515","2026-08-04 02:01:05.398","13399411526","161400563","[PREMIUM]","[PREMIUM]","3","5","_",,,4,"[2,4]",265,"Lower Tier",10,"Mobile Transfer ticket",14,"[PREMIUM]","[PREMIUM]","[PREMIUM]","[PREMIUM]",true,false,"['Second Row of Section','Clear view']","2026-07-19 19:39:37"
"13381787030","2026-07-19 23:45:07.280","2026-07-19 23:45:07.280","13381787030","161495890","[PREMIUM]","[PREMIUM]","216","1","_",,,2,"[2]",407,"Upper",10,"Mobile Transfer ticket",1,"[PREMIUM]","[PREMIUM]","[PREMIUM]","[PREMIUM]",true,false,"['Front Row of Section','Clear view']","2026-07-17 09:28:08"
"13383121372","2026-07-19 23:45:07.280","2026-07-19 23:45:07.280","13383121372","161495890","[PREMIUM]","[PREMIUM]","101","23","_",,,4,"[2,4]",594,"Lower",10,"Mobile Transfer ticket",1,"[PREMIUM]","[PREMIUM]","[PREMIUM]","[PREMIUM]",true,false,"['Clear view']","2026-07-17 14:17:55"
"13383121243","2026-07-19 23:45:07.280","2026-07-19 23:45:07.280","13383121243","161495890","[PREMIUM]","[PREMIUM]","115","25","_",,,10,"[1,2,3,4,5,6,7,8,10]",594,"Lower",10,"Mobile Transfer ticket",1,"[PREMIUM]","[PREMIUM]","[PREMIUM]","[PREMIUM]",true,false,"['Clear view']","2026-07-17 14:17:54"
"13377639306","2026-07-19 23:45:06.929","2026-08-04 02:01:12.565","13377639306","161495890","[PREMIUM]","[PREMIUM]","123","6","_",,,2,"[2]",594,"Lower",10,"Mobile Transfer ticket",1,"[PREMIUM]","[PREMIUM]","[PREMIUM]","[PREMIUM]",true,false,"['Clear view']","2026-07-16 23:30:19"
"13383122362","2026-07-19 23:45:06.914","2026-07-19 23:45:06.914","13383122362","161495890","[PREMIUM]","[PREMIUM]","127","22","_",,,8,"[1,2,3,4,5,6,8]",594,"Lower",10,"Mobile Transfer ticket",1,"[PREMIUM]","[PREMIUM]","[PREMIUM]","[PREMIUM]",true,false,"['Clear view']","2026-07-17 14:17:59"
"13383121481","2026-07-19 23:45:06.674","2026-07-19 23:45:06.674","13383121481","161495890","[PREMIUM]","[PREMIUM]","117","25","_",,,5,"[1,2,3,5]",594,"Lower",10,"Mobile Transfer ticket",1,"[PREMIUM]","[PREMIUM]","[PREMIUM]","[PREMIUM]",true,false,"['Clear view']","2026-07-17 14:17:55"
"13383122375","2026-07-19 23:45:06.657","2026-08-04 02:01:09.685","13383122375","161495890","[PREMIUM]","[PREMIUM]","118","17","_",,,5,"[1,2,3,5]",594,"Lower",10,"Mobile Transfer ticket",1,"[PREMIUM]","[PREMIUM]","[PREMIUM]","[PREMIUM]",true,false,"['Clear view']","2026-07-17 14:17:59"
"13382100484","2026-07-19 23:45:06.499","2026-07-19 23:45:06.499","13382100484","161495890","[PREMIUM]","[PREMIUM]","228","2","9001_9002","9001",,2,"[2]",407,"Upper",11,"Mobile ticket",1,"[PREMIUM]","[PREMIUM]","[PREMIUM]","[PREMIUM]",true,false,"['Limited or Obstructed View (printed on ticket)','Second Row of Section']","2026-07-17 10:44:49"
"13383121398","2026-07-19 23:45:06.499","2026-07-19 23:45:06.499","13383121398","161495890","[PREMIUM]","[PREMIUM]","118","21","_",,,4,"[2,4]",594,"Lower",10,"Mobile Transfer ticket",1,"[PREMIUM]","[PREMIUM]","[PREMIUM]","[PREMIUM]",true,false,"['Clear view']","2026-07-17 14:17:55"
"13398253507","2026-07-19 23:45:06.352","2026-07-19 23:45:06.352","13398253507","161495890","[PREMIUM]","[PREMIUM]","202","2","_",,,2,"[2]",407,"Upper",10,"Mobile Transfer ticket",1,"[PREMIUM]","[PREMIUM]","[PREMIUM]","[PREMIUM]",true,false,"['Second Row of Section','Clear view']","2026-07-19 16:01:22"
"13382100255","2026-07-19 23:45:06.226","2026-07-19 23:45:06.226","13382100255","161495890","[PREMIUM]","[PREMIUM]","202","8","9001_9007","9001",,7,"[1,2,3,4,5,6,7]",407,"Upper",11,"Mobile ticket",1,"[PREMIUM]","[PREMIUM]","[PREMIUM]","[PREMIUM]",true,false,"['Clear view']","2026-07-17 10:44:47"
"13382100254","2026-07-19 23:45:06.226","2026-07-19 23:45:06.226","13382100254","161495890","[PREMIUM]","[PREMIUM]","202","10","9001_9019","9001",,19,"[1,2,3,4,5,6,7,8,9,10,11,12,13,14,15,16,17,18,19]",407,"Upper",11,"Mobile ticket",1,"[PREMIUM]","[PREMIUM]","[PREMIUM]","[PREMIUM]",true,false,"['Clear view']","2026-07-17 10:44:47"
"13382100258","2026-07-19 23:45:06.202","2026-07-19 23:45:06.202","13382100258","161495890","[PREMIUM]","[PREMIUM]","202","7","9001_9018","9001",,18,"[1,2,3,4,5,6,7,8,9,10,11,12,13,14,15,16,18]",407,"Upper",11,"Mobile ticket",1,"[PREMIUM]","[PREMIUM]","[PREMIUM]","[PREMIUM]",true,false,"['Clear view']","2026-07-17 10:44:47"
"13382099277","2026-07-19 23:45:06.202","2026-07-19 23:45:06.202","13382099277","161495890","[PREMIUM]","[PREMIUM]","215","8","9001_9003","9001",,3,"[1,2,3]",407,"Upper",11,"Mobile ticket",1,"[PREMIUM]","[PREMIUM]","[PREMIUM]","[PREMIUM]",true,false,"['Clear view']","2026-07-17 10:44:41"
"13382099264","2026-07-19 23:45:06.202","2026-07-19 23:45:06.202","13382099264","161495890","[PREMIUM]","[PREMIUM]","215","9","9001_9005","9001",,5,"[1,2,3,4,5]",407,"Upper",11,"Mobile ticket",1,"[PREMIUM]","[PREMIUM]","[PREMIUM]","[PREMIUM]",true,false,"['Clear view']","2026-07-17 10:44:41"
"13385135254","2026-07-19 23:45:06.111","2026-08-04 02:00:51.938","13385135254","161381078","[PREMIUM]","[PREMIUM]","122","J","1_2","1",,2,"[2]",4325,"Plaza Level",10,"Mobile Transfer ticket",1,"[PREMIUM]","[PREMIUM]","[PREMIUM]","[PREMIUM]",true,false,"['Aisle seat','Clear view']","2026-07-17 18:49:14"
"13385135221","2026-07-19 23:45:06.111","2026-08-04 02:00:51.938","13385135221","161381078","[PREMIUM]","[PREMIUM]","122","K","1_2","1",,2,"[2]",4325,"Plaza Level",10,"Mobile Transfer ticket",1,"[PREMIUM]","[PREMIUM]","[PREMIUM]","[PREMIUM]",true,false,"['Clear view']","2026-07-17 18:49:14"
"13398671473","2026-07-19 23:45:06.097","2026-08-04 02:00:52.630","13398671473","161381078","[PREMIUM]","[PREMIUM]","103G","C","_",,,2,"[2]",17391,"Value Glass",10,"Mobile Transfer ticket",1,"[PREMIUM]","[PREMIUM]","[PREMIUM]","[PREMIUM]",true,false,"['Front Row of Section','Clear view']","2026-07-19 17:22:38"
"13398671436","2026-07-19 23:45:06.097","2026-08-04 02:00:52.630","13398671436","161381078","[PREMIUM]","[PREMIUM]","116G","C","_",,,2,"[2]",17391,"Value Glass",10,"Mobile Transfer ticket",1,"[PREMIUM]","[PREMIUM]","[PREMIUM]","[PREMIUM]",true,false,"['Front Row of Section','Clear view']","2026-07-19 17:22:37"
"13382101156","2026-07-19 23:45:05.887","2026-07-19 23:45:05.887","13382101156","161495890","[PREMIUM]","[PREMIUM]","227","3","9001_9002","9001",,2,"[2]",407,"Upper",11,"Mobile ticket",1,"[PREMIUM]","[PREMIUM]","[PREMIUM]","[PREMIUM]",true,false,"['Limited or Obstructed View (printed on ticket)','Third Row of Section']","2026-07-17 10:44:52"
"13382100654","2026-07-19 23:45:05.887","2026-07-19 23:45:05.887","13382100654","161495890","[PREMIUM]","[PREMIUM]","221","3","9001_9003","9001",,3,"[1,2,3]",407,"Upper",11,"Mobile ticket",1,"[PREMIUM]","[PREMIUM]","[PREMIUM]","[PREMIUM]",true,false,"['Limited or Obstructed View (printed on ticket)','Third Row of Section']","2026-07-17 10:44:49"
"13382100506","2026-07-19 23:45:05.887","2026-07-21 02:31:43.255","13382100506","161495890","[PREMIUM]","[PREMIUM]","221","2","9001_9002","9001",,2,"[2]",407,"Upper",11,"Mobile ticket",1,"[PREMIUM]","[PREMIUM]","[PREMIUM]","[PREMIUM]",true,false,"['Second Row of Section','Clear view']","2026-07-17 10:44:49"
"13382099349","2026-07-19 23:45:05.821","2026-07-19 23:45:05.821","13382099349","161495890","[PREMIUM]","[PREMIUM]","225","3","9001_9002","9001",,2,"[2]",407,"Upper",11,"Mobile ticket",1,"[PREMIUM]","[PREMIUM]","[PREMIUM]","[PREMIUM]",true,false,"['Limited or Obstructed View (printed on ticket)','Third Row of Section']","2026-07-17 10:44:42"
"13383177356","2026-07-19 23:45:05.699","2026-07-19 23:45:05.699","13383177356","161495917","[PREMIUM]","[PREMIUM]","127","25","_",,,11,"[1,2,3,4,5,6,7,8,9,11]",594,"Lower",10,"Mobile Transfer ticket",1,"[PREMIUM]","[PREMIUM]","[PREMIUM]","[PREMIUM]",true,false,"['Clear view']","2026-07-17 14:27:44"
"13398416694","2026-07-19 23:45:05.106","2026-07-21 02:31:36.403","13398416694","161495890","[PREMIUM]","[PREMIUM]","213","11","12_13","12","13",2,"[2]",407,"Upper",10,"Mobile Transfer ticket",1,"[PREMIUM]","[PREMIUM]","[PREMIUM]","[PREMIUM]",true,false,"['Clear view']","2026-07-19 16:25:47"
"13383178017","2026-07-19 23:45:04.701","2026-07-19 23:45:04.701","13383178017","161495917","[PREMIUM]","[PREMIUM]","117","25","_",,,5,"[1,2,3,5]",594,"Lower",10,"Mobile Transfer ticket",1,"[PREMIUM]","[PREMIUM]","[PREMIUM]","[PREMIUM]",true,false,"['Clear view']","2026-07-17 14:27:50"
"13383177955","2026-07-19 23:45:04.701","2026-07-19 23:45:04.701","13383177955","161495917","[PREMIUM]","[PREMIUM]","127","21","_",,,6,"[1,2,3,4,6]",594,"Lower",10,"Mobile Transfer ticket",1,"[PREMIUM]","[PREMIUM]","[PREMIUM]","[PREMIUM]",true,false,"['Clear view']","2026-07-17 14:27:50"
"13383177342","2026-07-19 23:45:04.310","2026-07-19 23:45:04.310","13383177342","161495917","[PREMIUM]","[PREMIUM]","118","17","_",,,5,"[1,2,3,5]",594,"Lower",10,"Mobile Transfer ticket",1,"[PREMIUM]","[PREMIUM]","[PREMIUM]","[PREMIUM]",true,false,"['Clear view']","2026-07-17 14:27:44"
"13383177268","2026-07-19 23:45:04.310","2026-07-19 23:45:04.310","13383177268","161495917","[PREMIUM]","[PREMIUM]","117","23","_",,,4,"[2,4]",594,"Lower",10,"Mobile Transfer ticket",1,"[PREMIUM]","[PREMIUM]","[PREMIUM]","[PREMIUM]",true,false,"['Clear view']","2026-07-17 14:27:43"
"13396461204","2026-07-19 23:45:04.280","2026-07-19 23:45:04.280","13396461204","161482412","[PREMIUM]","[PREMIUM]","106","G","9001_9002","9001","9002",2,"[2]",471,"Middle",10,"Mobile Transfer ticket",13,"[PREMIUM]","[PREMIUM]","[PREMIUM]","[PREMIUM]",true,false,"['Clear view']","2026-07-19 11:41:26"
"13396461173","2026-07-19 23:45:04.266","2026-07-21 02:31:32.148","13396461173","161482412","[PREMIUM]","[PREMIUM]","3","Q","9001_9002","9001","9002",2,"[2]",594,"Lower",10,"Mobile Transfer ticket",13,"[PREMIUM]","[PREMIUM]","[PREMIUM]","[PREMIUM]",true,false,"['Clear view']","2026-07-19 11:41:25"
"13396460756","2026-07-19 23:45:04.266","2026-08-04 02:01:03.869","13396460756","161482412","[PREMIUM]","[PREMIUM]","12","J","9001_9003","9001","9003",3,"[3]",594,"Lower",10,"Mobile Transfer ticket",13,"[PREMIUM]","[PREMIUM]","[PREMIUM]","[PREMIUM]",true,false,"['Clear view']","2026-07-19 11:41:19"
"13398203796","2026-07-19 23:45:04.237","2026-07-19 23:45:04.237","13398203796","161482412","[PREMIUM]","[PREMIUM]","105","P","17_20","17",,4,"[4]",471,"Middle",10,"Mobile Transfer ticket",1,"[PREMIUM]","[PREMIUM]","[PREMIUM]","[PREMIUM]",true,false,"['Clear view']","2026-07-19 15:49:38"
"13396460788","2026-07-19 23:45:04.236","2026-07-21 02:31:31.896","13396460788","161482412","[PREMIUM]","[PREMIUM]","20","M","9001_9002","9001","9002",2,"[2]",594,"Lower",10,"Mobile Transfer ticket",13,"[PREMIUM]","[PREMIUM]","[PREMIUM]","[PREMIUM]",true,false,"['Clear view']","2026-07-19 11:41:19"
"13396461209","2026-07-19 23:45:04.230","2026-07-19 23:45:04.230","13396461209","161482412","[PREMIUM]","[PREMIUM]","108","E","9001_9002","9001","9002",2,"[2]",471,"Middle",10,"Mobile Transfer ticket",13,"[PREMIUM]","[PREMIUM]","[PREMIUM]","[PREMIUM]",true,false,"['Clear view']","2026-07-19 11:41:26"
"13383177233","2026-07-19 23:45:03.867","2026-07-19 23:45:03.867","13383177233","161495917","[PREMIUM]","[PREMIUM]","118","21","_",,,4,"[2,4]",594,"Lower",10,"Mobile Transfer ticket",1,"[PREMIUM]","[PREMIUM]","[PREMIUM]","[PREMIUM]",true,false,"['Clear view']","2026-07-17 14:27:43"
"13383178047","2026-07-19 23:45:03.826","2026-07-19 23:45:03.826","13383178047","161495917","[PREMIUM]","[PREMIUM]","225","7","_",,,4,"[2,4]",407,"Upper",10,"Mobile Transfer ticket",1,"[PREMIUM]","[PREMIUM]","[PREMIUM]","[PREMIUM]",true,false,"['Clear view']","2026-07-17 14:27:50"
"13383177245","2026-07-19 23:45:03.826","2026-07-19 23:45:03.826","13383177245","161495917","[PREMIUM]","[PREMIUM]","217","6","_",,,6,"[1,2,3,4,6]",407,"Upper",10,"Mobile Transfer ticket",1,"[PREMIUM]","[PREMIUM]","[PREMIUM]","[PREMIUM]",true,false,"['Clear view']","2026-07-17 14:27:43"
"13381820511","2026-07-19 23:45:03.688","2026-07-21 02:31:23.947","13381820511","161495917","[PREMIUM]","[PREMIUM]","223","3","9001_9003","9001",,3,"[1,2,3]",407,"Upper",11,"Mobile ticket",1,"[PREMIUM]","[PREMIUM]","[PREMIUM]","[PREMIUM]",true,false,"['Third Row of Section','Clear view']","2026-07-17 09:39:49"
"13394178097","2026-07-19 23:45:03.550","2026-07-27 02:11:42.238","13394178097","161495917","[PREMIUM]","[PREMIUM]","218","2","9001_9002","9001",,2,"[2]",407,"Upper",11,"Mobile ticket",1,"[PREMIUM]","[PREMIUM]","[PREMIUM]","[PREMIUM]",true,false,"['Second Row of Section','Clear view']","2026-07-19 02:06:44"
"13383504768","2026-07-19 23:45:03.099","2026-07-19 23:45:03.099","13383504768","161495917","[PREMIUM]","[PREMIUM]","209","12","_",,,3,"[1,3]",407,"Upper",10,"Mobile Transfer ticket",1,"[PREMIUM]","[PREMIUM]","[PREMIUM]","[PREMIUM]",true,false,"['Clear view']","2026-07-17 15:13:01"
"13395019586","2026-07-19 23:45:02.785","2026-07-21 02:31:21.214","13395019586","161495917","[PREMIUM]","[PREMIUM]","214","15","9001_9002","9001",,2,"[2]",407,"Upper",11,"Mobile ticket",1,"[PREMIUM]","[PREMIUM]","[PREMIUM]","[PREMIUM]",true,false,"['Clear view']","2026-07-19 05:11:27"
"13397857046","2026-07-19 23:45:02.574","2026-07-21 02:31:21.096","13397857046","161495917","[PREMIUM]","[PREMIUM]","219","7","1_17","1","17",17,"[1,2,3,4,5,6,7,8,9,10,11,12,13,14,15,17]",407,"Upper",10,"Mobile Transfer ticket",1,"[PREMIUM]","[PREMIUM]","[PREMIUM]","[PREMIUM]",true,false,"['Clear view']","2026-07-19 14:40:54"
"13397857045","2026-07-19 23:45:02.574","2026-08-04 02:00:56.893","13397857045","161495917","[PREMIUM]","[PREMIUM]","220","6","13_20","13","20",8,"[1,2,3,4,5,6,8]",407,"Upper",10,"Mobile Transfer ticket",1,"[PREMIUM]","[PREMIUM]","[PREMIUM]","[PREMIUM]",true,false,"['Clear view']","2026-07-19 14:40:54"
"13397857058","2026-07-19 23:45:02.511","2026-08-04 02:00:57.113","13397857058","161495917","[PREMIUM]","[PREMIUM]","222","7","10_15","10","15",6,"[1,2,3,4,6]",407,"Upper",10,"Mobile Transfer ticket",1,"[PREMIUM]","[PREMIUM]","[PREMIUM]","[PREMIUM]",true,false,"['Clear view']","2026-07-19 14:40:54"
"13397857047","2026-07-19 23:45:02.511","2026-08-04 02:00:57.113","13397857047","161495917","[PREMIUM]","[PREMIUM]","221","6","2_8","2","8",7,"[1,2,3,4,5,7]",407,"Upper",10,"Mobile Transfer ticket",1,"[PREMIUM]","[PREMIUM]","[PREMIUM]","[PREMIUM]",true,false,"['Clear view']","2026-07-19 14:40:54"
"13396442523","2026-07-19 23:45:02.401","2026-07-19 23:45:02.401","13396442523","161555864","[PREMIUM]","[PREMIUM]","135","3","_",,,1,"[1]",267,"Upper Tier",10,"Mobile Transfer ticket",14,"[PREMIUM]","[PREMIUM]","[PREMIUM]","[PREMIUM]",false,false,"['Third Row of Section','Clear view']","2026-07-19 11:38:07"
"13396423173","2026-07-19 23:45:02.361","2026-07-19 23:45:02.361","13396423173","161555864","[PREMIUM]","[PREMIUM]","109","5","_",,,1,"[1]",267,"Upper Tier",10,"Mobile Transfer ticket",14,"[PREMIUM]","[PREMIUM]","[PREMIUM]","[PREMIUM]",false,false,"['Clear view']","2026-07-19 11:34:06"
"13398176971","2026-07-19 23:45:02.249","2026-07-23 01:49:09.839","13398176971","161555864","[PREMIUM]","[PREMIUM]","111","6","1_4","1","4",4,"[2,4]",267,"Upper Tier",10,"Mobile Transfer ticket",1,"[PREMIUM]","[PREMIUM]","[PREMIUM]","[PREMIUM]",true,false,"['Clear view']","2026-07-19 15:45:35"
"13396424954","2026-07-19 23:45:02.233","2026-07-19 23:45:02.233","13396424954","161555864","[PREMIUM]","[PREMIUM]","12","8","_",,,2,"[1,2]",265,"Lower Tier",10,"Mobile Transfer ticket",14,"[PREMIUM]","[PREMIUM]","[PREMIUM]","[PREMIUM]",true,false,"['Clear view']","2026-07-19 11:34:45"
"13396405525","2026-07-19 23:45:02.233","2026-07-19 23:45:02.233","13396405525","161555864","[PREMIUM]","[PREMIUM]","11","10","_",,,2,"[1,2]",265,"Lower Tier",10,"Mobile Transfer ticket",14,"[PREMIUM]","[PREMIUM]","[PREMIUM]","[PREMIUM]",true,false,"['Clear view']","2026-07-19 11:27:03"
"13396404997","2026-07-19 23:45:02.233","2026-07-23 01:49:13.387","13396404997","161555864","[PREMIUM]","[PREMIUM]","2","8","_",,,2,"[1,2]",265,"Lower Tier",10,"Mobile Transfer ticket",14,"[PREMIUM]","[PREMIUM]","[PREMIUM]","[PREMIUM]",true,false,"['Clear view']","2026-07-19 11:26:33"
"13375924241","2026-07-19 23:45:02.222","2026-07-23 01:49:09.775","13375924241","161555864","[PREMIUM]","[PREMIUM]","109","14","5_8","5","8",4,"[2,4]",267,"Upper Tier",10,"Mobile Transfer ticket",1,"[PREMIUM]","[PREMIUM]","[PREMIUM]","[PREMIUM]",true,false,"['Clear view']","2026-07-16 20:06:22"
"13396414299","2026-07-19 23:45:02.208","2026-07-19 23:45:02.208","13396414299","161555864","[PREMIUM]","[PREMIUM]","114","13","_",,,1,"[1]",267,"Upper Tier",10,"Mobile Transfer ticket",14,"[PREMIUM]","[PREMIUM]","[PREMIUM]","[PREMIUM]",false,false,"['Clear view']","2026-07-19 11:31:35"
"13396415953","2026-07-19 23:45:02.208","2026-07-19 23:45:02.208","13396415953","161555864","[PREMIUM]","[PREMIUM]","130","15","_",,,1,"[1]",267,"Upper Tier",10,"Mobile Transfer ticket",14,"[PREMIUM]","[PREMIUM]","[PREMIUM]","[PREMIUM]",false,false,"['Clear view']","2026-07-19 11:32:05"
"13396419034","2026-07-19 23:45:02.208","2026-07-19 23:45:02.208","13396419034","161555864","[PREMIUM]","[PREMIUM]","127","15","_",,,2,"[1,2]",267,"Upper Tier",10,"Mobile Transfer ticket",14,"[PREMIUM]","[PREMIUM]","[PREMIUM]","[PREMIUM]",true,false,"['Clear view']","2026-07-19 11:33:05"
"13396432718","2026-07-19 23:45:02.208","2026-07-19 23:45:02.208","13396432718","161555864","[PREMIUM]","[PREMIUM]","116","10","_",,,2,"[1,2]",267,"Upper Tier",10,"Mobile Transfer ticket",14,"[PREMIUM]","[PREMIUM]","[PREMIUM]","[PREMIUM]",true,false,"['Third Row of Section','Clear view']","2026-07-19 11:36:07"
"13396407670","2026-07-19 23:45:02.111","2026-07-19 23:45:02.111","13396407670","161555864","[PREMIUM]","[PREMIUM]","129","11","_",,,3,"[1,2,3]",267,"Upper Tier",10,"Mobile Transfer ticket",14,"[PREMIUM]","[PREMIUM]","[PREMIUM]","[PREMIUM]",true,false,"['Clear view']","2026-07-19 11:28:16"
"13396403900","2026-07-19 23:45:02.111","2026-07-19 23:45:02.111","13396403900","161555864","[PREMIUM]","[PREMIUM]","136","14","_",,,3,"[1,2,3]",267,"Upper Tier",10,"Mobile Transfer ticket",14,"[PREMIUM]","[PREMIUM]","[PREMIUM]","[PREMIUM]",true,false,"['Clear view']","2026-07-19 11:26:03"
"13396410251","2026-07-19 23:45:02.111","2026-07-19 23:45:02.111","13396410251","161555864","[PREMIUM]","[PREMIUM]","115","10","_",,,3,"[1,2,3]",267,"Upper Tier",10,"Mobile Transfer ticket",14,"[PREMIUM]","[PREMIUM]","[PREMIUM]","[PREMIUM]",true,false,"['Clear view']","2026-07-19 11:29:34"
"13396446090","2026-07-19 23:45:02.111","2026-07-19 23:45:02.111","13396446090","161555864","[PREMIUM]","[PREMIUM]","108","9","_",,,1,"[1]",267,"Upper Tier",10,"Mobile Transfer ticket",14,"[PREMIUM]","[PREMIUM]","[PREMIUM]","[PREMIUM]",false,false,"['Second Row of Section','Clear view']","2026-07-19 11:38:38"
"13396403204","2026-07-19 23:45:02.052","2026-07-19 23:45:02.052","13396403204","161555864","[PREMIUM]","[PREMIUM]","134","18","_",,,3,"[1,2,3]",267,"Upper Tier",10,"Mobile Transfer ticket",14,"[PREMIUM]","[PREMIUM]","[PREMIUM]","[PREMIUM]",true,false,"['Clear view']","2026-07-19 11:25:33"
"13396412651","2026-07-19 23:45:02.018","2026-07-19 23:45:02.018","13396412651","161555864","[PREMIUM]","[PREMIUM]","110","12","_",,,1,"[1]",267,"Upper Tier",10,"Mobile Transfer ticket",14,"[PREMIUM]","[PREMIUM]","[PREMIUM]","[PREMIUM]",false,false,"['Clear view']","2026-07-19 11:31:05"
"13398672397","2026-07-19 23:45:01.860","2026-07-28 23:20:42.613","13398672397","161381084","[PREMIUM]","[PREMIUM]","104","W","_",,,2,"[2]",4325,"Plaza Level",10,"Mobile Transfer ticket",1,"[PREMIUM]","[PREMIUM]","[PREMIUM]","[PREMIUM]",true,false,"['Clear view']","2026-07-19 17:22:58"
"13398672413","2026-07-19 23:45:01.825","2026-08-04 02:00:52.630","13398672413","161381084","[PREMIUM]","[PREMIUM]","104G","C","_",,,2,"[2]",17391,"Value Glass",10,"Mobile Transfer ticket",1,"[PREMIUM]","[PREMIUM]","[PREMIUM]","[PREMIUM]",true,false,"['Front Row of Section','Clear view']","2026-07-19 17:22:58"
"13398673623","2026-07-19 23:45:01.800","2026-08-04 02:00:52.686","13398673623","161381084","[PREMIUM]","[PREMIUM]","103G","C","_",,,2,"[2]",17391,"Value Glass",10,"Mobile Transfer ticket",1,"[PREMIUM]","[PREMIUM]","[PREMIUM]","[PREMIUM]",true,false,"['Front Row of Section','Clear view']","2026-07-19 17:23:06"
"13398672499","2026-07-19 23:45:01.800","2026-08-04 02:00:52.686","13398672499","161381084","[PREMIUM]","[PREMIUM]","116G","C","_",,,2,"[2]",17391,"Value Glass",10,"Mobile Transfer ticket",1,"[PREMIUM]","[PREMIUM]","[PREMIUM]","[PREMIUM]",true,false,"['Front Row of Section','Clear view']","2026-07-19 17:22:59"
"13398704594","2026-07-19 23:45:01.782","2026-07-28 23:20:36.901","13398704594","161381084","[PREMIUM]","[PREMIUM]","104","T","_",,,4,"[1,2,4]",4325,"Plaza Level",10,"Mobile Transfer ticket",1,"[PREMIUM]","[PREMIUM]","[PREMIUM]","[PREMIUM]",true,false,"['Clear view']","2026-07-19 17:34:30"
"13398672443","2026-07-19 23:45:01.736","2026-07-27 23:22:53.546","13398672443","161381084","[PREMIUM]","[PREMIUM]","115","V","_",,,3,"[1,3]",4325,"Plaza Level",10,"Mobile Transfer ticket",1,"[PREMIUM]","[PREMIUM]","[PREMIUM]","[PREMIUM]",true,false,"['Clear view']","2026-07-19 17:22:58"
"13394394316","2026-07-19 23:45:01.668","2026-07-21 02:31:30.199","13394394316","161381084","[PREMIUM]","[PREMIUM]","118","H","_",,,7,"[1,2,3,4,5,7]",4325,"Plaza Level",10,"Mobile Transfer ticket",1,"[PREMIUM]","[PREMIUM]","[PREMIUM]","[PREMIUM]",true,false,"['Clear view']","2026-07-19 03:03:31"
"13398672754","2026-07-19 23:45:01.652","2026-08-04 02:00:52.327","13398672754","161381084","[PREMIUM]","[PREMIUM]","124","J","_",,,2,"[2]",4325,"Plaza Level",10,"Mobile Transfer ticket",1,"[PREMIUM]","[PREMIUM]","[PREMIUM]","[PREMIUM]",true,false,"['Clear view']","2026-07-19 17:23:01"
"13398672710","2026-07-19 23:45:01.652","2026-07-28 23:20:36.899","13398672710","161381084","[PREMIUM]","[PREMIUM]","117","T","_",,,2,"[2]",4325,"Plaza Level",10,"Mobile Transfer ticket",1,"[PREMIUM]","[PREMIUM]","[PREMIUM]","[PREMIUM]",true,false,"['Clear view']","2026-07-19 17:23:00"
"13398672693","2026-07-19 23:45:01.652","2026-07-28 23:20:36.899","13398672693","161381084","[PREMIUM]","[PREMIUM]","117","U","_",,,3,"[1,3]",4325,"Plaza Level",10,"Mobile Transfer ticket",1,"[PREMIUM]","[PREMIUM]","[PREMIUM]","[PREMIUM]",true,false,"['Clear view']","2026-07-19 17:23:00"
"13398672520","2026-07-19 23:45:01.652","2026-07-28 23:20:36.899","13398672520","161381084","[PREMIUM]","[PREMIUM]","117","W","_",,,4,"[1,2,4]",4325,"Plaza Level",10,"Mobile Transfer ticket",1,"[PREMIUM]","[PREMIUM]","[PREMIUM]","[PREMIUM]",true,false,"['Clear view']","2026-07-19 17:22:59"
"13375489520","2026-07-19 23:45:01.566","2026-07-21 02:31:11.891","13375489520","161495917","[PREMIUM]","[PREMIUM]","219","9","9_17","9","17",9,"[1,2,3,4,5,6,7,9]",407,"Upper",10,"Mobile Transfer ticket",1,"[PREMIUM]","[PREMIUM]","[PREMIUM]","[PREMIUM]",true,false,"['Clear view']","2026-07-16 19:16:19"
"13397857069","2026-07-19 23:45:01.566","2026-08-04 02:00:56.893","13397857069","161495917","[PREMIUM]","[PREMIUM]","225","7","5_13","5","13",9,"[1,2,3,4,5,6,7,9]",407,"Upper",10,"Mobile Transfer ticket",1,"[PREMIUM]","[PREMIUM]","[PREMIUM]","[PREMIUM]",true,false,"['Clear view']","2026-07-19 14:40:54"
"13397857053","2026-07-19 23:45:01.566","2026-08-04 02:00:55.400","13397857053","161495917","[PREMIUM]","[PREMIUM]","221","8","8_16","8","16",9,"[1,2,3,4,5,6,7,9]",407,"Upper",10,"Mobile Transfer ticket",1,"[PREMIUM]","[PREMIUM]","[PREMIUM]","[PREMIUM]",true,false,"['Clear view']","2026-07-19 14:40:54"
"13398673681","2026-07-19 23:45:01.467","2026-08-04 02:00:58.172","13398673681","161381084","[PREMIUM]","[PREMIUM]","310","L","_",,,6,"[1,2,3,4,6]",507,"Mezzanine",10,"Mobile Transfer ticket",1,"[PREMIUM]","[PREMIUM]","[PREMIUM]","[PREMIUM]",true,false,"['Clear view']","2026-07-19 17:23:06"
"13398673737","2026-07-19 23:45:01.465","2026-07-25 23:09:35.651","13398673737","161381084","[PREMIUM]","[PREMIUM]","101","E","_",,,2,"[2]",4325,"Plaza Level",10,"Mobile Transfer ticket",1,"[PREMIUM]","[PREMIUM]","[PREMIUM]","[PREMIUM]",true,false,"['Front Row of Section','Clear view']","2026-07-19 17:23:07"
"13398672383","2026-07-19 23:45:01.465","2026-07-28 23:20:36.869","13398672383","161381084","[PREMIUM]","[PREMIUM]","102","W","_",,,2,"[2]",4325,"Plaza Level",10,"Mobile Transfer ticket",1,"[PREMIUM]","[PREMIUM]","[PREMIUM]","[PREMIUM]",true,false,"['Aisle seat','Clear view']","2026-07-19 17:22:58"
"13398672774","2026-07-19 23:45:01.160","2026-07-31 06:35:22.042","13398672774","161381084","[PREMIUM]","[PREMIUM]","309","B","_",,,3,"[1,3]",507,"Mezzanine",10,"Mobile Transfer ticket",1,"[PREMIUM]","[PREMIUM]","[PREMIUM]","[PREMIUM]",true,false,"['Actual 2nd row of section','Clear view']","2026-07-19 17:23:01"
"13398673717","2026-07-19 23:45:01.099","2026-08-04 02:00:52.248","13398673717","161381084","[PREMIUM]","[PREMIUM]","308","B","_",,,5,"[1,2,3,5]",507,"Mezzanine",10,"Mobile Transfer ticket",1,"[PREMIUM]","[PREMIUM]","[PREMIUM]","[PREMIUM]",true,false,"['Actual 2nd row of section','Clear view']","2026-07-19 17:23:06"
"13398672915","2026-07-19 23:45:01.099","2026-08-04 02:00:52.249","13398672915","161381084","[PREMIUM]","[PREMIUM]","324","B","_",,,2,"[2]",507,"Mezzanine",10,"Mobile Transfer ticket",1,"[PREMIUM]","[PREMIUM]","[PREMIUM]","[PREMIUM]",true,false,"['Actual 2nd row of section','Clear view']","2026-07-19 17:23:02"
"13398672939","2026-07-19 23:45:01.084","2026-07-28 23:20:35.687","13398672939","161381084","[PREMIUM]","[PREMIUM]","330","L","_",,,4,"[1,2,4]",507,"Mezzanine",10,"Mobile Transfer ticket",1,"[PREMIUM]","[PREMIUM]","[PREMIUM]","[PREMIUM]",true,false,"['Clear view']","2026-07-19 17:23:02"
"13393706523","2026-07-19 23:45:01.007","2026-08-02 23:17:26.782","13393706523","161381084","[PREMIUM]","[PREMIUM]","111","JJ","12_13","12","13",2,"[2]",4325,"Plaza Level",10,"Mobile Transfer ticket",1,"[PREMIUM]","[PREMIUM]","[PREMIUM]","[PREMIUM]",true,false,"['Clear view']","2026-07-18 23:53:29"
"13398673699","2026-07-19 23:45:01.007","2026-08-04 02:00:51.051","13398673699","161381084","[PREMIUM]","[PREMIUM]","308","D","_",,,6,"[1,2,3,4,6]",507,"Mezzanine",10,"Mobile Transfer ticket",1,"[PREMIUM]","[PREMIUM]","[PREMIUM]","[PREMIUM]",true,false,"['Clear view']","2026-07-19 17:23:06"
"13398673662","2026-07-19 23:45:01.007","2026-08-04 02:00:50.775","13398673662","161381084","[PREMIUM]","[PREMIUM]","310","M","_",,,6,"[1,2,3,4,6]",507,"Mezzanine",10,"Mobile Transfer ticket",1,"[PREMIUM]","[PREMIUM]","[PREMIUM]","[PREMIUM]",true,false,"['Clear view']","2026-07-19 17:23:06"
"13383197621","2026-07-19 23:45:00.431","2026-07-19 23:45:00.431","13383197621","161436366","[PREMIUM]","[PREMIUM]","225","9","_",,,4,"[2,4]",407,"Upper",10,"Mobile Transfer ticket",1,"[PREMIUM]","[PREMIUM]","[PREMIUM]","[PREMIUM]",true,false,"['Clear view']","2026-07-17 14:30:32"
"13398671424","2026-07-19 23:45:00.255","2026-08-04 02:00:52.071","13398671424","161381078","[PREMIUM]","[PREMIUM]","104G","C","_",,,2,"[2]",17391,"Value Glass",10,"Mobile Transfer ticket",1,"[PREMIUM]","[PREMIUM]","[PREMIUM]","[PREMIUM]",true,false,"['Front Row of Section','Clear view']","2026-07-19 17:22:36"
"13398671432","2026-07-19 23:45:00.202","2026-07-27 23:22:52.950","13398671432","161381078","[PREMIUM]","[PREMIUM]","115","V","_",,,3,"[1,3]",4325,"Plaza Level",10,"Mobile Transfer ticket",1,"[PREMIUM]","[PREMIUM]","[PREMIUM]","[PREMIUM]",true,false,"['Clear view']","2026-07-19 17:22:37"
"13398671419","2026-07-19 23:45:00.202","2026-07-28 23:20:41.282","13398671419","161381078","[PREMIUM]","[PREMIUM]","104","W","_",,,2,"[2]",4325,"Plaza Level",10,"Mobile Transfer ticket",1,"[PREMIUM]","[PREMIUM]","[PREMIUM]","[PREMIUM]",true,false,"['Clear view']","2026-07-19 17:22:36"
"13398671450","2026-07-19 23:45:00.156","2026-07-28 23:20:35.692","13398671450","161381078","[PREMIUM]","[PREMIUM]","117","U","_",,,3,"[1,3]",4325,"Plaza Level",10,"Mobile Transfer ticket",1,"[PREMIUM]","[PREMIUM]","[PREMIUM]","[PREMIUM]",true,false,"['Clear view']","2026-07-19 17:22:37"
"13398671440","2026-07-19 23:45:00.156","2026-07-28 23:20:35.692","13398671440","161381078","[PREMIUM]","[PREMIUM]","117","W","_",,,4,"[1,2,4]",4325,"Plaza Level",10,"Mobile Transfer ticket",1,"[PREMIUM]","[PREMIUM]","[PREMIUM]","[PREMIUM]",true,false,"['Clear view']","2026-07-19 17:22:37"
"13394386876","2026-07-19 23:45:00.155","2026-07-21 02:31:28.255","13394386876","161381078","[PREMIUM]","[PREMIUM]","118","H","_",,,7,"[1,2,3,4,5,7]",4325,"Plaza Level",10,"Mobile Transfer ticket",1,"[PREMIUM]","[PREMIUM]","[PREMIUM]","[PREMIUM]",true,false,"['Clear view']","2026-07-19 03:01:31"
"13398704583","2026-07-19 23:45:00.155","2026-07-28 23:20:35.982","13398704583","161381078","[PREMIUM]","[PREMIUM]","104","T","_",,,4,"[1,2,4]",4325,"Plaza Level",10,"Mobile Transfer ticket",1,"[PREMIUM]","[PREMIUM]","[PREMIUM]","[PREMIUM]",true,false,"['Clear view']","2026-07-19 17:34:30"
"13398671453","2026-07-19 23:45:00.151","2026-07-28 23:20:35.692","13398671453","161381078","[PREMIUM]","[PREMIUM]","117","T","_",,,2,"[2]",4325,"Plaza Level",10,"Mobile Transfer ticket",1,"[PREMIUM]","[PREMIUM]","[PREMIUM]","[PREMIUM]",true,false,"['Clear view']","2026-07-19 17:22:37"
"13398671532","2026-07-19 23:45:00.147","2026-07-25 23:09:34.703","13398671532","161381078","[PREMIUM]","[PREMIUM]","101","E","_",,,2,"[2]",4325,"Plaza Level",10,"Mobile Transfer ticket",1,"[PREMIUM]","[PREMIUM]","[PREMIUM]","[PREMIUM]",true,false,"['Front Row of Section','Clear view']","2026-07-19 17:22:39"
"13398671460","2026-07-19 23:45:00.147","2026-08-04 02:00:51.994","13398671460","161381078","[PREMIUM]","[PREMIUM]","124","J","_",,,2,"[2]",4325,"Plaza Level",10,"Mobile Transfer ticket",1,"[PREMIUM]","[PREMIUM]","[PREMIUM]","[PREMIUM]",true,false,"['Clear view']","2026-07-19 17:22:38"
"13398671412","2026-07-19 23:45:00.147","2026-07-28 23:20:35.377","13398671412","161381078","[PREMIUM]","[PREMIUM]","102","W","_",,,2,"[2]",4325,"Plaza Level",10,"Mobile Transfer ticket",1,"[PREMIUM]","[PREMIUM]","[PREMIUM]","[PREMIUM]",true,false,"['Aisle seat','Clear view']","2026-07-19 17:22:36"
"13398671548","2026-07-19 23:44:59.836","2026-08-04 02:00:51.835","13398671548","161381078","[PREMIUM]","[PREMIUM]","308","B","_",,,5,"[1,2,3,5]",507,"Mezzanine",10,"Mobile Transfer ticket",1,"[PREMIUM]","[PREMIUM]","[PREMIUM]","[PREMIUM]",true,false,"['Actual 2nd row of section','Clear view']","2026-07-19 17:22:40"
"13398671766","2026-07-19 23:44:59.826","2026-08-04 02:00:50.094","13398671766","161381078","[PREMIUM]","[PREMIUM]","308","D","_",,,6,"[1,2,3,4,6]",507,"Mezzanine",10,"Mobile Transfer ticket",1,"[PREMIUM]","[PREMIUM]","[PREMIUM]","[PREMIUM]",true,false,"['Clear view']","2026-07-19 17:22:52"
"13398671494","2026-07-19 23:44:59.826","2026-08-04 02:00:50.094","13398671494","161381078","[PREMIUM]","[PREMIUM]","310","L","_",,,6,"[1,2,3,4,6]",507,"Mezzanine",10,"Mobile Transfer ticket",1,"[PREMIUM]","[PREMIUM]","[PREMIUM]","[PREMIUM]",true,false,"['Clear view']","2026-07-19 17:22:39"
"13398671465","2026-07-19 23:44:59.826","2026-08-04 02:00:51.633","13398671465","161381078","[PREMIUM]","[PREMIUM]","324","B","_",,,2,"[2]",507,"Mezzanine",10,"Mobile Transfer ticket",1,"[PREMIUM]","[PREMIUM]","[PREMIUM]","[PREMIUM]",true,false,"['Actual 2nd row of section','Clear view']","2026-07-19 17:22:38"
"13398671467","2026-07-19 23:44:59.805","2026-07-28 23:20:33.997","13398671467","161381078","[PREMIUM]","[PREMIUM]","330","L","_",,,4,"[1,2,4]",507,"Mezzanine",10,"Mobile Transfer ticket",1,"[PREMIUM]","[PREMIUM]","[PREMIUM]","[PREMIUM]",true,false,"['Clear view']","2026-07-19 17:22:38"
"13398671464","2026-07-19 23:44:59.804","2026-07-31 06:35:06.543","13398671464","161381078","[PREMIUM]","[PREMIUM]","309","B","_",,,3,"[1,3]",507,"Mezzanine",10,"Mobile Transfer ticket",1,"[PREMIUM]","[PREMIUM]","[PREMIUM]","[PREMIUM]",true,false,"['Actual 2nd row of section','Clear view']","2026-07-19 17:22:38"
"13398671479","2026-07-19 23:44:59.753","2026-08-04 02:00:50.396","13398671479","161381078","[PREMIUM]","[PREMIUM]","310","M","_",,,6,"[1,2,3,4,6]",507,"Mezzanine",10,"Mobile Transfer ticket",1,"[PREMIUM]","[PREMIUM]","[PREMIUM]","[PREMIUM]",true,false,"['Clear view']","2026-07-19 17:22:39"
"13399626644","2026-07-19 23:44:58.876","2026-08-04 02:01:02.223","13399626644","161482387","[PREMIUM]","[PREMIUM]","26","R","1_2","1","2",2,"[2]",594,"Lower",10,"Mobile Transfer ticket",1,"[PREMIUM]","[PREMIUM]","[PREMIUM]","[PREMIUM]",true,false,"['Access to VIP Lounge','Aisle seat','Clear view']","2026-07-19 20:08:01"
"13399029077","2026-07-19 23:44:58.804","2026-08-04 02:01:07.604","13399029077","161482387","[PREMIUM]","[PREMIUM]","26","Q","5_8","5","8",4,"[1,2,4]",594,"Lower",10,"Mobile Transfer ticket",1,"[PREMIUM]","[PREMIUM]","[PREMIUM]","[PREMIUM]",true,false,"['Clear view']","2026-07-19 18:37:27"
"13376799319","2026-07-19 23:44:58.427","2026-07-27 23:22:46.347","13376799319","161482420","[PREMIUM]","[PREMIUM]","CLUB 1","A","11_16","11","16",6,"[1,2,3,4,6]",594,"Lower",10,"Mobile Transfer ticket",1,"[PREMIUM]","[PREMIUM]","[PREMIUM]","[PREMIUM]",true,false,"['Actual 1st row of the section','Clear view']","2026-07-16 21:47:48"
"13386260196","2026-07-19 23:44:58.427","2026-07-30 00:13:42.381","13386260196","161482420","[PREMIUM]","[PREMIUM]","COVE11","BB","23_30","23",,8,"[1,2,3,4,5,6,8]",3708,"Cove",10,"Mobile Transfer ticket",1,"[PREMIUM]","[PREMIUM]","[PREMIUM]","[PREMIUM]",true,false,"['Second Row of Section','Clear view']","2026-07-17 21:07:24"
"13386260293","2026-07-19 23:44:58.427","2026-08-02 23:17:20.222","13386260293","161482420","[PREMIUM]","[PREMIUM]","COVE04","BB","7_10","7",,4,"[2,4]",3708,"Cove",10,"Mobile Transfer ticket",1,"[PREMIUM]","[PREMIUM]","[PREMIUM]","[PREMIUM]",true,false,"['Second Row of Section','Clear view']","2026-07-17 21:07:25"
"13395499138","2026-07-19 23:44:58.335","2026-07-19 23:44:58.335","13395499138","161482420","[PREMIUM]","[PREMIUM]","CLUB 1",,"_",,,2,"[2]",594,"Lower",10,"Mobile Transfer ticket",14,"[PREMIUM]","[PREMIUM]","[PREMIUM]","[PREMIUM]",true,true,"['Clear view']","2026-07-19 06:34:14"
"13394986146","2026-07-19 23:44:58.270","2026-07-22 04:02:06.499","13394986146","161482420","[PREMIUM]","[PREMIUM]","214","B","7_8","7",,2,"[2]",407,"Upper",10,"Mobile Transfer ticket",1,"[PREMIUM]","[PREMIUM]","[PREMIUM]","[PREMIUM]",true,false,"['Second Row of Section','Clear view']","2026-07-19 05:07:52"
"13396164198","2026-07-19 23:44:58.270","2026-07-22 04:02:06.278","13396164198","161482420","[PREMIUM]","[PREMIUM]","3","Q","9001_9002","9001","9002",2,"[2]",594,"Lower",10,"Mobile Transfer ticket",13,"[PREMIUM]","[PREMIUM]","[PREMIUM]","[PREMIUM]",true,false,"['Clear view']","2026-07-19 10:31:33"
"13395499146","2026-07-19 23:44:58.270","2026-07-21 02:31:12.251","13395499146","161482420","[PREMIUM]","[PREMIUM]","17","Z","_",,,2,"[2]",594,"Lower",10,"Mobile Transfer ticket",14,"[PREMIUM]","[PREMIUM]","[PREMIUM]","[PREMIUM]",true,false,"['Clear view']","2026-07-19 06:34:15"
"13399029076","2026-07-19 23:44:58.270","2026-08-04 02:00:56.077","13399029076","161482420","[PREMIUM]","[PREMIUM]","26","Q","5_8","5","8",4,"[1,2,4]",594,"Lower",10,"Mobile Transfer ticket",1,"[PREMIUM]","[PREMIUM]","[PREMIUM]","[PREMIUM]",true,false,"['Clear view']","2026-07-19 18:37:26"
"13395499144","2026-07-19 23:44:58.144","2026-07-21 02:31:13.598","13395499144","161482420","[PREMIUM]","[PREMIUM]","11","Z","_",,,2,"[2]",594,"Lower",10,"Mobile Transfer ticket",14,"[PREMIUM]","[PREMIUM]","[PREMIUM]","[PREMIUM]",true,false,"['Clear view']","2026-07-19 06:34:14"
"13395499142","2026-07-19 23:44:58.144","2026-07-23 01:49:03.752","13395499142","161482420","[PREMIUM]","[PREMIUM]","CLUB 13","X","_",,,2,"[2]",594,"Lower",10,"Mobile Transfer ticket",14,"[PREMIUM]","[PREMIUM]","[PREMIUM]","[PREMIUM]",true,false,"['Clear view']","2026-07-19 06:34:14"
"13396164498","2026-07-19 23:44:58.110","2026-07-22 04:02:06.498","13396164498","161482420","[PREMIUM]","[PREMIUM]","6","P","9001_9003","9001","9003",3,"[3]",594,"Lower",10,"Mobile Transfer ticket",13,"[PREMIUM]","[PREMIUM]","[PREMIUM]","[PREMIUM]",true,false,"['Clear view']","2026-07-19 10:31:40"
"13395499174","2026-07-19 23:44:58.104","2026-07-21 02:31:12.261","13395499174","161482420","[PREMIUM]","[PREMIUM]","7","X","_",,,2,"[2]",594,"Lower",10,"Mobile Transfer ticket",14,"[PREMIUM]","[PREMIUM]","[PREMIUM]","[PREMIUM]",true,false,"['Clear view']","2026-07-19 06:34:15"
"13399610865","2026-07-19 23:44:58.104","2026-07-30 00:13:41.933","13399610865","161482420","[PREMIUM]","[PREMIUM]","26","R","1_2","1","2",2,"[2]",594,"Lower",10,"Mobile Transfer ticket",1,"[PREMIUM]","[PREMIUM]","[PREMIUM]","[PREMIUM]",true,false,"['Access to VIP Lounge','Aisle seat','Clear view']","2026-07-19 20:05:46"
"13396164046","2026-07-19 23:44:58.100","2026-07-19 23:44:58.100","13396164046","161482420","[PREMIUM]","[PREMIUM]","216","G","9001_9003","9001","9003",3,"[3]",407,"Upper",10,"Mobile Transfer ticket",13,"[PREMIUM]","[PREMIUM]","[PREMIUM]","[PREMIUM]",true,false,"['Clear view']","2026-07-19 10:31:31"
"13395499139","2026-07-19 23:44:58.075","2026-07-23 01:49:05.638","13395499139","161482420","[PREMIUM]","[PREMIUM]","CLUB 14","W","_",,,2,"[2]",594,"Lower",10,"Mobile Transfer ticket",14,"[PREMIUM]","[PREMIUM]","[PREMIUM]","[PREMIUM]",true,false,"['Clear view']","2026-07-19 06:34:14"
"13395499179","2026-07-19 23:44:58.056","2026-07-19 23:44:58.056","13395499179","161482420","[PREMIUM]","[PREMIUM]","21","Z","_",,,2,"[2]",594,"Lower",10,"Mobile Transfer ticket",14,"[PREMIUM]","[PREMIUM]","[PREMIUM]","[PREMIUM]",true,false,"['Clear view']","2026-07-19 06:34:15"
"13395499156","2026-07-19 23:44:58.056","2026-07-19 23:44:58.056","13395499156","161482420","[PREMIUM]","[PREMIUM]","19","Z","_",,,2,"[2]",594,"Lower",10,"Mobile Transfer ticket",14,"[PREMIUM]","[PREMIUM]","[PREMIUM]","[PREMIUM]",true,false,"['Clear view']","2026-07-19 06:34:15"
"13396164554","2026-07-19 23:44:58.056","2026-08-04 02:00:56.401","13396164554","161482420","[PREMIUM]","[PREMIUM]","12","J","9001_9003","9001","9003",3,"[3]",594,"Lower",10,"Mobile Transfer ticket",13,"[PREMIUM]","[PREMIUM]","[PREMIUM]","[PREMIUM]",true,false,"['Clear view']","2026-07-19 10:31:41"
"13395499170","2026-07-19 23:44:57.941","2026-07-19 23:44:57.941","13395499170","161482420","[PREMIUM]","[PREMIUM]","CLUB 2","X","_",,,2,"[2]",594,"Lower",10,"Mobile Transfer ticket",14,"[PREMIUM]","[PREMIUM]","[PREMIUM]","[PREMIUM]",true,false,"['Clear view']","2026-07-19 06:34:15"
"13395499125","2026-07-19 23:44:57.941","2026-08-04 02:00:57.213","13395499125","161482420","[PREMIUM]","[PREMIUM]","CLUB 15","Z","_",,,2,"[2]",594,"Lower",10,"Mobile Transfer ticket",14,"[PREMIUM]","[PREMIUM]","[PREMIUM]","[PREMIUM]",true,false,"['Clear view']","2026-07-19 06:34:14"
"13396164264","2026-07-19 23:44:57.886","2026-07-21 02:31:12.105","13396164264","161482420","[PREMIUM]","[PREMIUM]","108","E","9001_9002","9001","9002",2,"[2]",471,"Middle",10,"Mobile Transfer ticket",13,"[PREMIUM]","[PREMIUM]","[PREMIUM]","[PREMIUM]",true,false,"['Clear view']","2026-07-19 10:31:35"
"13375852085","2026-07-19 23:44:57.318","2026-07-24 00:22:48.075","13375852085","161311352","[PREMIUM]","[PREMIUM]","116","W","_",,,2,"[1,2]",4861,"Plaza Center",10,"Mobile Transfer ticket",1,"[PREMIUM]","[PREMIUM]","[PREMIUM]","[PREMIUM]",true,false,"['Clear view']","2026-07-16 19:57:30"
"13375851281","2026-07-19 23:44:57.318","2026-07-24 00:22:48.075","13375851281","161311352","[PREMIUM]","[PREMIUM]","101","W","_",,,2,"[1,2]",4861,"Plaza Center",10,"Mobile Transfer ticket",1,"[PREMIUM]","[PREMIUM]","[PREMIUM]","[PREMIUM]",true,false,"['Clear view']","2026-07-16 19:57:25"
"13375859191","2026-07-19 23:44:57.318","2026-07-19 23:44:57.318","13375859191","161311352","[PREMIUM]","[PREMIUM]","101",,"_",,,4,"[1,2,3,4]",4861,"Plaza Center",10,"Mobile Transfer ticket",1,"[PREMIUM]","[PREMIUM]","[PREMIUM]","[PREMIUM]",true,true,"['Clear view']","2026-07-16 19:58:06"
"13375860146","2026-07-19 23:44:57.318","2026-07-19 23:44:57.318","13375860146","161311352","[PREMIUM]","[PREMIUM]","116",,"_",,,4,"[1,2,3,4]",4861,"Plaza Center",10,"Mobile Transfer ticket",1,"[PREMIUM]","[PREMIUM]","[PREMIUM]","[PREMIUM]",true,true,"['Clear view']","2026-07-16 19:58:12"
"13375855534","2026-07-19 23:44:57.318","2026-08-04 02:00:56.647","13375855534","161311352","[PREMIUM]","[PREMIUM]","123",,"_",,,4,"[1,2,3,4]",7220,"Plaza Endzone",10,"Mobile Transfer ticket",1,"[PREMIUM]","[PREMIUM]","[PREMIUM]","[PREMIUM]",true,true,"['Clear view']","2026-07-16 19:57:47"
"13383611184","2026-07-19 23:44:57.318","2026-08-04 02:00:56.237","13383611184","161311352","[PREMIUM]","[PREMIUM]","C7","A","_",,,2,"[2]",7742,"Chase Club",10,"Mobile Transfer ticket",1,"[PREMIUM]","[PREMIUM]","[PREMIUM]","[PREMIUM]",true,false,"['Aisle seat','Early Access','VIP Club Access w/ private entrance & restrooms','Unlimited Food and Drinks','Actual 1st row of the section','Priority Entry','Includes unlimited food and drinks (beer, wine and liquor)','Padded Seats','Includes food, wine, beer and soft drinks (no liquor)','Clear view']","2026-07-17 15:27:27"
"13375852033","2026-07-19 23:44:57.310","2026-08-01 23:16:13.279","13375852033","161311352","[PREMIUM]","[PREMIUM]","114","W","_",,,2,"[1,2]",7764,"Plaza Middle",10,"Mobile Transfer ticket",1,"[PREMIUM]","[PREMIUM]","[PREMIUM]","[PREMIUM]",true,false,"['Clear view']","2026-07-16 19:57:29"
"13375860042","2026-07-19 23:44:57.310","2026-08-01 23:16:13.379","13375860042","161311352","[PREMIUM]","[PREMIUM]","129","W","_",,,2,"[1,2]",7764,"Plaza Middle",10,"Mobile Transfer ticket",1,"[PREMIUM]","[PREMIUM]","[PREMIUM]","[PREMIUM]",true,false,"['Clear view']","2026-07-16 19:58:11"
"13375860142","2026-07-19 23:44:57.310","2026-08-02 23:17:18.308","13375860142","161311352","[PREMIUM]","[PREMIUM]","104",,"_",,,4,"[1,2,3,4]",7764,"Plaza Middle",10,"Mobile Transfer ticket",1,"[PREMIUM]","[PREMIUM]","[PREMIUM]","[PREMIUM]",true,true,"['Clear view']","2026-07-16 19:58:12"
"13375859689","2026-07-19 23:44:57.299","2026-07-31 06:34:54.210","13375859689","161311352","[PREMIUM]","[PREMIUM]","114",,"_",,,4,"[1,2,3,4]",7764,"Plaza Middle",10,"Mobile Transfer ticket",1,"[PREMIUM]","[PREMIUM]","[PREMIUM]","[PREMIUM]",true,true,"['Clear view']","2026-07-16 19:58:08"
"13375856525","2026-07-19 23:44:57.299","2026-08-02 23:17:18.401","13375856525","161311352","[PREMIUM]","[PREMIUM]","103",,"_",,,4,"[1,2,3,4]",7764,"Plaza Middle",10,"Mobile Transfer ticket",1,"[PREMIUM]","[PREMIUM]","[PREMIUM]","[PREMIUM]",true,true,"['Clear view']","2026-07-16 19:57:52"
"13375858568","2026-07-19 23:44:57.299","2026-08-02 23:17:18.401","13375858568","161311352","[PREMIUM]","[PREMIUM]","115","W","_",,,2,"[1,2]",4861,"Plaza Center",10,"Mobile Transfer ticket",1,"[PREMIUM]","[PREMIUM]","[PREMIUM]","[PREMIUM]",true,false,"['Clear view']","2026-07-16 19:58:02"
"13375852126","2026-07-19 23:44:57.299","2026-08-02 23:17:18.401","13375852126","161311352","[PREMIUM]","[PREMIUM]","102","W","_",,,2,"[1,2]",4861,"Plaza Center",10,"Mobile Transfer ticket",1,"[PREMIUM]","[PREMIUM]","[PREMIUM]","[PREMIUM]",true,false,"['Clear view']","2026-07-16 19:57:30"
"13375854655","2026-07-19 23:44:57.299","2026-08-02 23:17:18.401","13375854655","161311352","[PREMIUM]","[PREMIUM]","117","W","_",,,2,"[1,2]",4861,"Plaza Center",10,"Mobile Transfer ticket",1,"[PREMIUM]","[PREMIUM]","[PREMIUM]","[PREMIUM]",true,false,"['Clear view']","2026-07-16 19:57:42"
"13375859368","2026-07-19 23:44:57.299","2026-08-04 02:00:56.070","13375859368","161311352","[PREMIUM]","[PREMIUM]","330",,"_",,,4,"[1,2,3,4]",4813,"Terrace Center",10,"Mobile Transfer ticket",1,"[PREMIUM]","[PREMIUM]","[PREMIUM]","[PREMIUM]",true,true,"['Clear view']","2026-07-16 19:58:07"
"13375853479","2026-07-19 23:44:57.272","2026-08-01 23:16:13.119","13375853479","161311352","[PREMIUM]","[PREMIUM]","106",,"_",,,4,"[1,2,3,4]",7220,"Plaza Endzone",10,"Mobile Transfer ticket",1,"[PREMIUM]","[PREMIUM]","[PREMIUM]","[PREMIUM]",true,true,"['Clear view']","2026-07-16 19:57:36"
"13375853214","2026-07-19 23:44:57.272","2026-08-02 23:17:17.993","13375853214","161311352","[PREMIUM]","[PREMIUM]","122","X","_",,,2,"[1,2]",7220,"Plaza Endzone",10,"Mobile Transfer ticket",1,"[PREMIUM]","[PREMIUM]","[PREMIUM]","[PREMIUM]",true,false,"['Clear view']","2026-07-16 19:57:35"
"13375853260","2026-07-19 23:44:57.272","2026-08-02 23:17:17.993","13375853260","161311352","[PREMIUM]","[PREMIUM]","126",,"_",,,4,"[1,2,3,4]",7220,"Plaza Endzone",10,"Mobile Transfer ticket",1,"[PREMIUM]","[PREMIUM]","[PREMIUM]","[PREMIUM]",true,true,"['Clear view']","2026-07-16 19:57:35"
"13375855906","2026-07-19 23:44:57.272","2026-08-02 23:17:17.993","13375855906","161311352","[PREMIUM]","[PREMIUM]","110","X","_",,,2,"[1,2]",7220,"Plaza Endzone",10,"Mobile Transfer ticket",1,"[PREMIUM]","[PREMIUM]","[PREMIUM]","[PREMIUM]",true,false,"['Clear view']","2026-07-16 19:57:48"
"13375855609","2026-07-19 23:44:57.272","2026-08-04 02:00:56.081","13375855609","161311352","[PREMIUM]","[PREMIUM]","318",,"_",,,4,"[1,2,3,4]",4813,"Terrace Center",10,"Mobile Transfer ticket",1,"[PREMIUM]","[PREMIUM]","[PREMIUM]","[PREMIUM]",true,true,"['Clear view']","2026-07-16 19:57:47"
"13398208811","2026-07-19 23:44:57.238","2026-07-19 23:44:57.238","13398208811","161482420","[PREMIUM]","[PREMIUM]","216","J","_",,,4,"[1,2,4]",407,"Upper",10,"Mobile Transfer ticket",14,"[PREMIUM]","[PREMIUM]","[PREMIUM]","[PREMIUM]",true,false,"['Clear view']","2026-07-19 15:50:47"
"13375851697","2026-07-19 23:44:56.884","2026-08-02 23:17:16.807","13375851697","161311352","[PREMIUM]","[PREMIUM]","307",,"_",,,4,"[1,2,3,4]",17158,"Terrace Endzone",10,"Mobile Transfer ticket",1,"[PREMIUM]","[PREMIUM]","[PREMIUM]","[PREMIUM]",true,true,"['Clear view']","2026-07-16 19:57:27"
"13375852269","2026-07-19 23:44:56.884","2026-08-02 23:17:17.801","13375852269","161311352","[PREMIUM]","[PREMIUM]","301",,"_",,,4,"[1,2,3,4]",4813,"Terrace Center",10,"Mobile Transfer ticket",1,"[PREMIUM]","[PREMIUM]","[PREMIUM]","[PREMIUM]",true,true,"['Clear view']","2026-07-16 19:57:31"
"13375857453","2026-07-19 23:44:56.884","2026-08-02 23:17:17.801","13375857453","161311352","[PREMIUM]","[PREMIUM]","316",,"_",,,4,"[1,2,3,4]",4813,"Terrace Center",10,"Mobile Transfer ticket",1,"[PREMIUM]","[PREMIUM]","[PREMIUM]","[PREMIUM]",true,true,"['Clear view']","2026-07-16 19:57:57"
"13385496510","2026-07-19 23:44:56.824","2026-08-04 02:00:51.512","13385496510","161381070","[PREMIUM]","[PREMIUM]","119","U","_",,,6,"[1,2,3,4,5,6]",4325,"Plaza Level",10,"Mobile Transfer ticket",1,"[PREMIUM]","[PREMIUM]","[PREMIUM]","[PREMIUM]",true,false,"['Clear view']","2026-07-17 19:34:00"
"13394378756","2026-07-19 23:44:56.824","2026-08-04 02:00:51.512","13394378756","161381070","[PREMIUM]","[PREMIUM]","118","H","_",,,7,"[1,2,3,4,5,7]",4325,"Plaza Level",10,"Mobile Transfer ticket",1,"[PREMIUM]","[PREMIUM]","[PREMIUM]","[PREMIUM]",true,false,"['Clear view']","2026-07-19 02:58:07"
"13375857811","2026-07-19 23:44:56.646","2026-08-04 02:00:56.070","13375857811","161311352","[PREMIUM]","[PREMIUM]","317",,"_",,,4,"[1,2,3,4]",4813,"Terrace Center",10,"Mobile Transfer ticket",1,"[PREMIUM]","[PREMIUM]","[PREMIUM]","[PREMIUM]",true,true,"['Clear view']","2026-07-16 19:57:58"
"13375852136","2026-07-19 23:44:56.502","2026-08-04 02:00:56.081","13375852136","161311352","[PREMIUM]","[PREMIUM]","303",,"_",,,4,"[1,2,3,4]",4813,"Terrace Center",10,"Mobile Transfer ticket",1,"[PREMIUM]","[PREMIUM]","[PREMIUM]","[PREMIUM]",true,true,"['Clear view']","2026-07-16 19:57:30"
"13375855693","2026-07-19 23:44:56.502","2026-08-04 02:00:56.081","13375855693","161311352","[PREMIUM]","[PREMIUM]","314",,"_",,,4,"[1,2,3,4]",4813,"Terrace Center",10,"Mobile Transfer ticket",1,"[PREMIUM]","[PREMIUM]","[PREMIUM]","[PREMIUM]",true,true,"['Clear view']","2026-07-16 19:57:47"
"13378177933","2026-07-19 23:44:56.502","2026-07-19 23:44:56.502","13378177933","161311352","[PREMIUM]","[PREMIUM]","101","H","_",,,2,"[2]",4861,"Plaza Center",10,"Mobile Transfer ticket",1,"[PREMIUM]","[PREMIUM]","[PREMIUM]","[PREMIUM]",true,false,"['Clear view']","2026-07-17 00:31:19"
"13395176138","2026-07-19 23:44:56.502","2026-08-04 02:00:56.346","13395176138","161311352","[PREMIUM]","[PREMIUM]","102","H","_",,,2,"[2]",4861,"Plaza Center",10,"Mobile Transfer ticket",1,"[PREMIUM]","[PREMIUM]","[PREMIUM]","[PREMIUM]",true,false,"['Clear view']","2026-07-19 05:42:27"
"13375681614","2026-07-19 23:44:56.499","2026-08-02 23:17:17.074","13375681614","161311352","[PREMIUM]","[PREMIUM]","328",,"_",,,4,"[1,2,3,4]",3831,"Terrace Corner",10,"Mobile Transfer ticket",1,"[PREMIUM]","[PREMIUM]","[PREMIUM]","[PREMIUM]",true,true,"['Clear view']","2026-07-16 19:36:52"
"13375852460","2026-07-19 23:44:56.499","2026-08-02 23:17:17.074","13375852460","161311352","[PREMIUM]","[PREMIUM]","319",,"_",,,4,"[1,2,3,4]",3831,"Terrace Corner",10,"Mobile Transfer ticket",1,"[PREMIUM]","[PREMIUM]","[PREMIUM]","[PREMIUM]",true,true,"['Clear view']","2026-07-16 19:57:32"
"13375859622","2026-07-19 23:44:56.488","2026-08-02 23:17:17.457","13375859622","161311352","[PREMIUM]","[PREMIUM]","313",,"_",,,4,"[1,2,3,4]",3831,"Terrace Corner",10,"Mobile Transfer ticket",1,"[PREMIUM]","[PREMIUM]","[PREMIUM]","[PREMIUM]",true,true,"['Clear view']","2026-07-16 19:58:08"
"13375855762","2026-07-19 23:44:56.488","2026-08-02 23:17:17.074","13375855762","161311352","[PREMIUM]","[PREMIUM]","304",,"_",,,4,"[1,2,3,4]",3831,"Terrace Corner",10,"Mobile Transfer ticket",1,"[PREMIUM]","[PREMIUM]","[PREMIUM]","[PREMIUM]",true,true,"['Clear view']","2026-07-16 19:57:48"
"13377478558","2026-07-19 23:44:56.488","2026-07-27 02:11:34.881","13377478558","161311352","[PREMIUM]","[PREMIUM]","101",,"_",,,2,"[1,2]",4861,"Plaza Center",10,"Mobile Transfer ticket",1,"[PREMIUM]","[PREMIUM]","[PREMIUM]","[PREMIUM]",true,true,"['Clear view']","2026-07-16 23:12:37"
"13377479921","2026-07-19 23:44:56.346","2026-07-22 04:02:05.804","13377479921","161311352","[PREMIUM]","[PREMIUM]","116",,"_",,,2,"[1,2]",4861,"Plaza Center",10,"Mobile Transfer ticket",1,"[PREMIUM]","[PREMIUM]","[PREMIUM]","[PREMIUM]",true,true,"['Clear view']","2026-07-16 23:12:44"
"13383798503","2026-07-19 23:44:56.346","2026-08-04 02:00:56.081","13383798503","161311352","[PREMIUM]","[PREMIUM]","117","K","3_5","3","5",3,"[1,3]",4861,"Plaza Center",10,"Mobile Transfer ticket",14,"[PREMIUM]","[PREMIUM]","[PREMIUM]","[PREMIUM]",true,false,"['Clear view']","2026-07-17 15:54:38"
"13384666897","2026-07-19 23:44:56.292","2026-07-19 23:44:56.292","13384666897","161436366","[PREMIUM]","[PREMIUM]","214","7","_",,,4,"[2,4]",407,"Upper",10,"Mobile Transfer ticket",1,"[PREMIUM]","[PREMIUM]","[PREMIUM]","[PREMIUM]",true,false,"['Clear view']","2026-07-17 17:36:35"
"13394054749","2026-07-19 23:44:56.060","2026-07-21 02:31:08.534","13394054749","161381070","[PREMIUM]","[PREMIUM]","111","JJ","16_17","16","17",2,"[2]",4325,"Plaza Level",10,"Mobile Transfer ticket",1,"[PREMIUM]","[PREMIUM]","[PREMIUM]","[PREMIUM]",true,false,"['Clear view']","2026-07-19 01:27:28"
"13385316202","2026-07-19 23:44:55.983","2026-07-28 23:20:24.956","13385316202","161381070","[PREMIUM]","[PREMIUM]","119","CC","16_20","16","20",5,"[1,2,3,5]",4325,"Plaza Level",10,"Mobile Transfer ticket",1,"[PREMIUM]","[PREMIUM]","[PREMIUM]","[PREMIUM]",true,false,"['Clear view']","2026-07-17 19:12:35"
"13385316235","2026-07-19 23:44:55.690","2026-08-04 02:00:49.490","13385316235","161381070","[PREMIUM]","[PREMIUM]","326","L","9_16","9","16",8,"[1,2,3,4,5,6,8]",507,"Mezzanine",10,"Mobile Transfer ticket",1,"[PREMIUM]","[PREMIUM]","[PREMIUM]","[PREMIUM]",true,false,"['Clear view']","2026-07-17 19:12:35"
"13385319450","2026-07-19 23:44:55.684","2026-07-22 04:02:01.857","13385319450","161381070","[PREMIUM]","[PREMIUM]","323","Q","16_17","16","17",2,"[2]",507,"Mezzanine",10,"Mobile Transfer ticket",1,"[PREMIUM]","[PREMIUM]","[PREMIUM]","[PREMIUM]",true,false,"['Clear view']","2026-07-17 19:12:49"
"13377487333","2026-07-19 23:44:55.677","2026-07-19 23:44:55.677","13377487333","161311352","[PREMIUM]","[PREMIUM]","322",,"_",,,2,"[1,2]",17158,"Terrace Endzone",10,"Mobile Transfer ticket",1,"[PREMIUM]","[PREMIUM]","[PREMIUM]","[PREMIUM]",true,true,"['Clear view']","2026-07-16 23:13:21"
"13385319208","2026-07-19 23:44:55.670","2026-07-19 23:44:55.670","13385319208","161381070","[PREMIUM]","[PREMIUM]","323","N","17_18","17","18",2,"[2]",507,"Mezzanine",10,"Mobile Transfer ticket",1,"[PREMIUM]","[PREMIUM]","[PREMIUM]","[PREMIUM]",true,false,"['Clear view']","2026-07-17 19:12:49"
"13375853783","2026-07-19 23:44:55.636","2026-08-04 02:00:55.207","13375853783","161311352","[PREMIUM]","[PREMIUM]","311","S","_",,,2,"[1,2]",3831,"Terrace Corner",10,"Mobile Transfer ticket",1,"[PREMIUM]","[PREMIUM]","[PREMIUM]","[PREMIUM]",true,false,"['Clear view']","2026-07-16 19:57:38"
"13375858779","2026-07-19 23:44:55.636","2026-08-04 02:00:55.207","13375858779","161311352","[PREMIUM]","[PREMIUM]","321","S","_",,,2,"[1,2]",3831,"Terrace Corner",10,"Mobile Transfer ticket",1,"[PREMIUM]","[PREMIUM]","[PREMIUM]","[PREMIUM]",true,false,"['Clear view']","2026-07-16 19:58:03"
"13377481055","2026-07-19 23:44:55.636","2026-08-04 02:00:55.207","13377481055","161311352","[PREMIUM]","[PREMIUM]","128","X","_",,,2,"[1,2]",7764,"Plaza Middle",10,"Mobile Transfer ticket",1,"[PREMIUM]","[PREMIUM]","[PREMIUM]","[PREMIUM]",true,false,"['Clear view']","2026-07-16 23:12:50"
"13376176121","2026-07-19 23:44:55.520","2026-08-04 02:00:55.084","13376176121","161311352","[PREMIUM]","[PREMIUM]","308","S","_",,,2,"[1,2]",17158,"Terrace Endzone",10,"Mobile Transfer ticket",1,"[PREMIUM]","[PREMIUM]","[PREMIUM]","[PREMIUM]",true,false,"['Clear view']","2026-07-16 20:35:44"
"13394123783","2026-07-19 23:44:55.520","2026-08-04 02:00:55.223","13394123783","161311352","[PREMIUM]","[PREMIUM]","312","A","_",,,4,"[2,4]",3831,"Terrace Corner",10,"Mobile Transfer ticket",1,"[PREMIUM]","[PREMIUM]","[PREMIUM]","[PREMIUM]",true,false,"['Actual 1st row of the section','Clear view']","2026-07-19 01:50:33"
"13377480488","2026-07-19 23:44:55.478","2026-07-22 04:02:05.257","13377480488","161311352","[PREMIUM]","[PREMIUM]","120","X","_",,,2,"[1,2]",7764,"Plaza Middle",10,"Mobile Transfer ticket",1,"[PREMIUM]","[PREMIUM]","[PREMIUM]","[PREMIUM]",true,false,"['Clear view']","2026-07-16 23:12:47"
"13377478982","2026-07-19 23:44:55.478","2026-07-30 00:13:37.965","13377478982","161311352","[PREMIUM]","[PREMIUM]","104","X","_",,,2,"[1,2]",7764,"Plaza Middle",10,"Mobile Transfer ticket",1,"[PREMIUM]","[PREMIUM]","[PREMIUM]","[PREMIUM]",true,false,"['Clear view']","2026-07-16 23:12:39"
"13383798618","2026-07-19 23:44:55.478","2026-07-31 06:34:47.843","13383798618","161311352","[PREMIUM]","[PREMIUM]","124","N","3_7","3","7",5,"[1,2,3,5]",7220,"Plaza Endzone",10,"Mobile Transfer ticket",14,"[PREMIUM]","[PREMIUM]","[PREMIUM]","[PREMIUM]",true,false,"['Clear view']","2026-07-17 15:54:39"
"13377486728","2026-07-19 23:44:55.348","2026-07-31 06:34:44.750","13377486728","161311352","[PREMIUM]","[PREMIUM]","316",,"_",,,2,"[1,2]",4813,"Terrace Center",10,"Mobile Transfer ticket",1,"[PREMIUM]","[PREMIUM]","[PREMIUM]","[PREMIUM]",true,true,"['Clear view']","2026-07-16 23:13:18"
"13382956902","2026-07-19 23:44:55.348","2026-08-04 02:00:54.173","13382956902","161311352","[PREMIUM]","[PREMIUM]","304","P","_",,,1,"[1]",3831,"Terrace Corner",10,"Mobile Transfer ticket",1,"[PREMIUM]","[PREMIUM]","[PREMIUM]","[PREMIUM]",false,false,"['Clear view']","2026-07-17 13:45:21"
"13377484506","2026-07-19 23:44:55.340","2026-07-23 01:48:59.593","13377484506","161311352","[PREMIUM]","[PREMIUM]","301","T","_",,,2,"[1,2]",4813,"Terrace Center",10,"Mobile Transfer ticket",1,"[PREMIUM]","[PREMIUM]","[PREMIUM]","[PREMIUM]",true,false,"['Clear view']","2026-07-16 23:13:08"
"13377484829","2026-07-19 23:44:55.309","2026-07-23 01:48:59.681","13377484829","161311352","[PREMIUM]","[PREMIUM]","305",,"_",,,2,"[1,2]",3831,"Terrace Corner",10,"Mobile Transfer ticket",1,"[PREMIUM]","[PREMIUM]","[PREMIUM]","[PREMIUM]",true,true,"['Clear view']","2026-07-16 23:13:09"
"13382956849","2026-07-19 23:44:55.308","2026-07-19 23:44:55.308","13382956849","161311352","[PREMIUM]","[PREMIUM]","304","J","_",,,4,"[2,4]",3831,"Terrace Corner",10,"Mobile Transfer ticket",1,"[PREMIUM]","[PREMIUM]","[PREMIUM]","[PREMIUM]",true,false,"['Clear view']","2026-07-17 13:45:21"
"13377486433","2026-07-19 23:44:55.289","2026-07-23 01:48:59.272","13377486433","161311352","[PREMIUM]","[PREMIUM]","312",,"_",,,2,"[1,2]",3831,"Terrace Corner",10,"Mobile Transfer ticket",1,"[PREMIUM]","[PREMIUM]","[PREMIUM]","[PREMIUM]",true,true,"['Clear view']","2026-07-16 23:13:16"
"13377486990","2026-07-19 23:44:55.289","2026-08-04 02:00:54.131","13377486990","161311352","[PREMIUM]","[PREMIUM]","320",,"_",,,2,"[1,2]",3831,"Terrace Corner",10,"Mobile Transfer ticket",1,"[PREMIUM]","[PREMIUM]","[PREMIUM]","[PREMIUM]",true,true,"['Clear view']","2026-07-16 23:13:19"
"13400570723","2026-07-19 23:44:55.068","2026-07-19 23:44:55.068","13400570723","161461314","[PREMIUM]","[PREMIUM]","413","G","_",,,8,"[1,2,3,4,6,8]",1706,"Upper Concourse",10,"Mobile Transfer ticket",1,"[PREMIUM]","[PREMIUM]","[PREMIUM]","[PREMIUM]",true,false,"['Clear view']","2026-07-19 23:01:20"
"13398310315","2026-07-19 23:44:55.002","2026-08-04 02:00:53.297","13398310315","161461314","[PREMIUM]","[PREMIUM]","416","G","_",,,5,"[1,3,5]",1706,"Upper Concourse",10,"Mobile Transfer ticket",1,"[PREMIUM]","[PREMIUM]","[PREMIUM]","[PREMIUM]",true,false,"['Clear view']","2026-07-19 16:10:30"
"13394291734","2026-07-19 23:44:54.946","2026-08-04 02:00:53.784","13394291734","161461314","[PREMIUM]","[PREMIUM]","119","G","_",,,7,"[1,2,3,5,7]",5002,"Main Concourse",10,"Mobile Transfer ticket",1,"[PREMIUM]","[PREMIUM]","[PREMIUM]","[PREMIUM]",true,false,"['Clear view']","2026-07-19 02:37:37"
"13375364083","2026-07-19 23:44:54.923","2026-07-21 02:31:12.463","13375364083","161461314","[PREMIUM]","[PREMIUM]","414","H","_",,,6,"[1,2,4,6]",1706,"Upper Concourse",10,"Mobile Transfer ticket",1,"[PREMIUM]","[PREMIUM]","[PREMIUM]","[PREMIUM]",true,false,"['Clear view']","2026-07-16 19:00:28"
"13377487425","2026-07-19 23:44:54.621","2026-07-23 01:48:56.375","13377487425","161311352","[PREMIUM]","[PREMIUM]","327",,"_",,,2,"[1,2]",3831,"Terrace Corner",10,"Mobile Transfer ticket",1,"[PREMIUM]","[PREMIUM]","[PREMIUM]","[PREMIUM]",true,true,"['Clear view']","2026-07-16 23:13:21"
"13378082214","2026-07-19 23:44:54.089","2026-08-04 02:00:51.188","13378082214","161482423","[PREMIUM]","[PREMIUM]","3","F","_",,,2,"[2]",594,"Lower",10,"Mobile Transfer ticket",1,"[PREMIUM]","[PREMIUM]","[PREMIUM]","[PREMIUM]",true,false,"['Front Row of Section','Clear view']","2026-07-17 00:22:23"
"13386260155","2026-07-19 23:44:54.089","2026-07-28 23:20:24.600","13386260155","161482423","[PREMIUM]","[PREMIUM]","COVE11","BB","23_30","23",,8,"[1,2,3,4,5,6,8]",3708,"Cove",10,"Mobile Transfer ticket",1,"[PREMIUM]","[PREMIUM]","[PREMIUM]","[PREMIUM]",true,false,"['Second Row of Section','Clear view']","2026-07-17 21:07:24"
"13386260284","2026-07-19 23:44:54.089","2026-08-02 23:17:18.514","13386260284","161482423","[PREMIUM]","[PREMIUM]","COVE04","BB","7_10","7",,4,"[2,4]",3708,"Cove",10,"Mobile Transfer ticket",1,"[PREMIUM]","[PREMIUM]","[PREMIUM]","[PREMIUM]",true,false,"['Second Row of Section','Clear view']","2026-07-17 21:07:25"
"13394339375","2026-07-19 23:44:54.089","2026-07-22 04:02:04.038","13394339375","161482423","[PREMIUM]","[PREMIUM]","21","C","9001_9002","9001",,2,"[2]",594,"Lower",10,"Mobile Transfer ticket",1,"[PREMIUM]","[PREMIUM]","[PREMIUM]","[PREMIUM]",true,false,"['Front Row of Section','Clear view']","2026-07-19 02:49:49"
"13396609256","2026-07-19 23:44:54.089","2026-07-19 23:44:54.089","13396609256","161482423","[PREMIUM]","[PREMIUM]","COVE04","AA","9001_9002","9001","9002",2,"[2]",3708,"Cove",10,"Mobile Transfer ticket",13,"[PREMIUM]","[PREMIUM]","[PREMIUM]","[PREMIUM]",true,false,"['Front Row of Section','Clear view']","2026-07-19 12:12:18"
"13397993568","2026-07-19 23:44:53.983","2026-08-02 23:17:17.629","13397993568","161482423","[PREMIUM]","[PREMIUM]","CLUB 1","Q","17_18","17","18",2,"[2]",594,"Lower",11,"Mobile ticket",1,"[PREMIUM]","[PREMIUM]","[PREMIUM]","[PREMIUM]",true,false,"['Clear view']","2026-07-19 15:05:57"
"13378361676","2026-07-19 23:44:53.979","2026-08-02 23:17:23.001","13378361676","161482423","[PREMIUM]","[PREMIUM]","7","E","9001_9002","9001",,2,"[2]",594,"Lower",10,"Mobile Transfer ticket",1,"[PREMIUM]","[PREMIUM]","[PREMIUM]","[PREMIUM]",true,false,"['Third Row of Section','Clear view']","2026-07-17 00:58:20"
"13398709323","2026-07-19 23:44:53.912","2026-07-27 02:11:20.183","13398709323","161462672","[PREMIUM]","[PREMIUM]","7","C","5_8","5",,4,"[2,4]",594,"Lower",10,"Mobile Transfer ticket",1,"[PREMIUM]","[PREMIUM]","[PREMIUM]","[PREMIUM]",true,false,"['Front Row of Section','Clear view']","2026-07-19 17:35:47"
"13397643773","2026-07-19 23:44:53.889","2026-07-22 04:02:03.884","13397643773","161482423","[PREMIUM]","[PREMIUM]","224","B","1_2","1",,2,"[2]",407,"Upper",10,"Mobile Transfer ticket",1,"[PREMIUM]","[PREMIUM]","[PREMIUM]","[PREMIUM]",true,false,"['Second Row of Section','Clear view']","2026-07-19 14:05:29"
"13398208975","2026-07-19 23:44:53.885","2026-08-04 02:00:48.872","13398208975","161482423","[PREMIUM]","[PREMIUM]","216","J","_",,,4,"[1,2,4]",407,"Upper",10,"Mobile Transfer ticket",14,"[PREMIUM]","[PREMIUM]","[PREMIUM]","[PREMIUM]",true,false,"['Clear view']","2026-07-19 15:50:49"
"13396609032","2026-07-19 23:44:53.876","2026-07-19 23:44:53.876","13396609032","161482423","[PREMIUM]","[PREMIUM]","110","J","9001_9002","9001","9002",2,"[2]",471,"Middle",10,"Mobile Transfer ticket",13,"[PREMIUM]","[PREMIUM]","[PREMIUM]","[PREMIUM]",true,false,"['Clear view']","2026-07-19 12:12:10"
"13395528768","2026-07-19 23:44:53.876","2026-07-27 23:22:42.208","13395528768","161482423","[PREMIUM]","[PREMIUM]","16","X","8_11","8","11",4,"[1,2,4]",594,"Lower",10,"Mobile Transfer ticket",1,"[PREMIUM]","[PREMIUM]","[PREMIUM]","[PREMIUM]",true,false,"['Clear view']","2026-07-19 06:46:15"
"13399027360","2026-07-19 23:44:53.875","2026-08-02 23:17:16.544","13399027360","161482423","[PREMIUM]","[PREMIUM]","26","Q","5_8","5","8",4,"[1,2,4]",594,"Lower",10,"Mobile Transfer ticket",1,"[PREMIUM]","[PREMIUM]","[PREMIUM]","[PREMIUM]",true,false,"['Clear view']","2026-07-19 18:36:22"
"13396609335","2026-07-19 23:44:53.809","2026-07-22 04:02:03.215","13396609335","161482423","[PREMIUM]","[PREMIUM]","6","P","9001_9003","9001","9003",3,"[3]",594,"Lower",10,"Mobile Transfer ticket",13,"[PREMIUM]","[PREMIUM]","[PREMIUM]","[PREMIUM]",true,false,"['Clear view']","2026-07-19 12:12:19"
"13399568751","2026-07-19 23:44:53.809","2026-08-04 02:00:51.188","13399568751","161482423","[PREMIUM]","[PREMIUM]","26","R","1_2","1","2",2,"[2]",594,"Lower",11,"Mobile ticket",1,"[PREMIUM]","[PREMIUM]","[PREMIUM]","[PREMIUM]",true,false,"['Access to VIP Lounge','Aisle seat','Clear view']","2026-07-19 19:58:14"
"13375701723","2026-07-19 23:44:53.622","2026-08-04 02:00:49.496","13375701723","161482423","[PREMIUM]","[PREMIUM]","113","E","19_22","19","22",4,"[1,2,4]",471,"Middle",10,"Mobile Transfer ticket",1,"[PREMIUM]","[PREMIUM]","[PREMIUM]","[PREMIUM]",true,false,"['Clear view']","2026-07-16 19:38:32"
"13396609269","2026-07-19 23:44:53.622","2026-07-19 23:44:53.622","13396609269","161482423","[PREMIUM]","[PREMIUM]","108","G","9001_9003","9001","9003",3,"[3]",471,"Middle",10,"Mobile Transfer ticket",13,"[PREMIUM]","[PREMIUM]","[PREMIUM]","[PREMIUM]",true,false,"['Clear view']","2026-07-19 12:12:18"
"13383100094","2026-07-19 23:44:53.206","2026-07-19 23:44:53.206","13383100094","161463371","[PREMIUM]","[PREMIUM]","C24","C","_",,,4,"[1,2,4]",1702,"Club Boxes",10,"Mobile Transfer ticket",1,"[PREMIUM]","[PREMIUM]","[PREMIUM]","[PREMIUM]",true,false,"['Clear view']","2026-07-17 14:13:02"
"13383997549","2026-07-19 23:44:52.984","2026-07-27 23:22:40.023","13383997549","161462672","[PREMIUM]","[PREMIUM]","126","E","9_14","9","14",6,"[1,2,3,4,6]",471,"Middle",10,"Mobile Transfer ticket",1,"[PREMIUM]","[PREMIUM]","[PREMIUM]","[PREMIUM]",true,false,"['Clear view']","2026-07-17 16:24:24"
"13383933155","2026-07-19 23:44:52.975","2026-07-28 23:20:22.634","13383933155","161462672","[PREMIUM]","[PREMIUM]","3","Y","7_10","7","10",4,"[1,2,4]",594,"Lower",10,"Mobile Transfer ticket",1,"[PREMIUM]","[PREMIUM]","[PREMIUM]","[PREMIUM]",true,false,"['Clear view']","2026-07-17 16:16:50"
