"_primaryKey","_firstSeenAt","_lastSeenAt","listingId","eventId","price","faceValue","section","row","seat","seatFrom","seatTo","quantity","availableQuantities","ticketClass","ticketClassName","ticketTypeId","ticketTypeName","listingTypeId","starRating","dealScore","discount","seatQualityScore","isSeatedTogether","isSpeculativeRow","listingNotes","createdAt"
"13402516238","2026-07-21 23:59:58.679","2026-07-23 00:51:27.428","13402516238","159262312","[PREMIUM]","[PREMIUM]","CL229","C","_",,,4,"[4]",300,"Club Level",20,"Mobile ticket",1,"[PREMIUM]","[PREMIUM]","[PREMIUM]","[PREMIUM]",true,false,"['Third Row of Section','Clear view']","2026-07-20 07:27:26"
"13406370953","2026-07-21 23:59:58.679","2026-07-26 05:39:40.389","13406370953","159262312","[PREMIUM]","[PREMIUM]","PLB121","23","_",,,2,"[2]",3977,"Premium Lower Box",20,"Mobile ticket",1,"[PREMIUM]","[PREMIUM]","[PREMIUM]","[PREMIUM]",true,false,"['Front Row of Section','Clear view']","2026-07-20 14:03:54"
"13422081714","2026-07-21 23:59:58.642","2026-07-29 05:28:55.119","13422081714","159262313","[PREMIUM]","[PREMIUM]","B143","18","7_14","7","14",18,"[1,2,3,4,5,6,7,8]",1345,"Bleachers",20,"Mobile ticket",1,"[PREMIUM]","[PREMIUM]","[PREMIUM]","[PREMIUM]",true,false,"['Clear view']","2026-07-21 17:04:08"
"13422081729","2026-07-21 23:59:58.642","2026-07-29 05:28:55.119","13422081729","159262313","[PREMIUM]","[PREMIUM]","B144","18","7_14","7","14",12,"[1,2,3,4,5,6,7,8]",1345,"Bleachers",20,"Mobile ticket",1,"[PREMIUM]","[PREMIUM]","[PREMIUM]","[PREMIUM]",true,false,"['Clear view']","2026-07-21 17:04:08"
"13410211771","2026-07-21 23:59:58.406","2026-07-23 22:33:48.124","13410211771","159262313","[PREMIUM]","[PREMIUM]","VB312","D","_",,,2,"[2]",3382,"View Box",20,"Mobile ticket",1,"[PREMIUM]","[PREMIUM]","[PREMIUM]","[PREMIUM]",true,false,"['Aisle seat','Behind Home Plate','Extra wide row with extra leg room','Clear view']","2026-07-20 19:49:48"
"13422081679","2026-07-21 23:59:58.406","2026-07-29 05:28:55.000","13422081679","159262313","[PREMIUM]","[PREMIUM]","B143","19","1_8","1","8",24,"[1,2,3,4,5,6,7,8]",1345,"Bleachers",20,"Mobile ticket",1,"[PREMIUM]","[PREMIUM]","[PREMIUM]","[PREMIUM]",true,false,"['Clear view']","2026-07-21 17:04:08"
"13422081628","2026-07-21 23:59:58.406","2026-07-29 05:28:55.000","13422081628","159262313","[PREMIUM]","[PREMIUM]","B144","19","7_14","7","14",12,"[1,2,3,4,5,6,7,8]",1345,"Bleachers",20,"Mobile ticket",1,"[PREMIUM]","[PREMIUM]","[PREMIUM]","[PREMIUM]",true,false,"['Clear view']","2026-07-21 17:04:08"
"13425700694","2026-07-21 23:59:58.406","2026-07-28 06:19:37.480","13425700694","159262313","[PREMIUM]","[PREMIUM]","VR312","2","_",,,2,"[2]",3515,"View Reserved",20,"Mobile ticket",1,"[PREMIUM]","[PREMIUM]","[PREMIUM]","[PREMIUM]",true,false,"['Second Row of Section','Clear view']","2026-07-21 23:34:06"
"13422081701","2026-07-21 23:59:58.405","2026-07-29 05:28:55.139","13422081701","159262313","[PREMIUM]","[PREMIUM]","B143","13","8_15","8","15",14,"[1,2,3,4,5,6,7,8]",1345,"Bleachers",20,"Mobile ticket",1,"[PREMIUM]","[PREMIUM]","[PREMIUM]","[PREMIUM]",true,false,"['Clear view']","2026-07-21 17:04:08"
"13422081750","2026-07-21 23:59:58.405","2026-07-29 05:28:55.136","13422081750","159262313","[PREMIUM]","[PREMIUM]","B143","16","4_11","4","11",21,"[1,2,3,4,5,6,7,8]",1345,"Bleachers",20,"Mobile ticket",1,"[PREMIUM]","[PREMIUM]","[PREMIUM]","[PREMIUM]",true,false,"['Clear view']","2026-07-21 17:04:08"
"13422081655","2026-07-21 23:59:58.405","2026-07-29 05:28:55.136","13422081655","159262313","[PREMIUM]","[PREMIUM]","B143","15","1_8","1","8",24,"[1,2,3,4,5,6,7,8]",1345,"Bleachers",20,"Mobile ticket",1,"[PREMIUM]","[PREMIUM]","[PREMIUM]","[PREMIUM]",true,false,"['Clear view']","2026-07-21 17:04:08"
"13422081706","2026-07-21 23:59:58.399","2026-07-28 06:19:32.384","13422081706","159262313","[PREMIUM]","[PREMIUM]","B144","29","3_10","3","10",9,"[1,2,3,4,5,6,7]",1345,"Bleachers",20,"Mobile ticket",1,"[PREMIUM]","[PREMIUM]","[PREMIUM]","[PREMIUM]",true,false,"['Clear view']","2026-07-21 17:04:08"
"13422081704","2026-07-21 23:59:58.399","2026-07-28 06:19:32.384","13422081704","159262313","[PREMIUM]","[PREMIUM]","B143","29","19_20","19","20",2,"[2]",1345,"Bleachers",20,"Mobile ticket",1,"[PREMIUM]","[PREMIUM]","[PREMIUM]","[PREMIUM]",true,false,"['Clear view']","2026-07-21 17:04:08"
"13425117809","2026-07-21 23:59:58.399","2026-07-23 22:33:47.174","13425117809","159262313","[PREMIUM]","[PREMIUM]","VB325","D","_",,,2,"[2]",3382,"View Box",20,"Mobile ticket",1,"[PREMIUM]","[PREMIUM]","[PREMIUM]","[PREMIUM]",true,false,"['ADA Wheelchair Accessible','Clear view']","2026-07-21 22:04:16"
"13422081797","2026-07-21 23:59:58.364","2026-07-27 06:39:25.407","13422081797","159262313","[PREMIUM]","[PREMIUM]","B144","28","1_8","1","8",12,"[1,2,3,4,5,6,7,8]",1345,"Bleachers",20,"Mobile ticket",1,"[PREMIUM]","[PREMIUM]","[PREMIUM]","[PREMIUM]",true,false,"['Clear view']","2026-07-21 17:04:08"
"13422081740","2026-07-21 23:59:58.364","2026-07-27 06:39:25.474","13422081740","159262313","[PREMIUM]","[PREMIUM]","B143","26","1_8","1","8",24,"[1,2,3,4,5,6,7,8]",1345,"Bleachers",20,"Mobile ticket",1,"[PREMIUM]","[PREMIUM]","[PREMIUM]","[PREMIUM]",true,false,"['Clear view']","2026-07-21 17:04:08"
"13422081705","2026-07-21 23:59:58.364","2026-07-27 06:39:25.474","13422081705","159262313","[PREMIUM]","[PREMIUM]","B144","26","1_8","1","8",13,"[1,2,3,4,5,6,7,8]",1345,"Bleachers",20,"Mobile ticket",1,"[PREMIUM]","[PREMIUM]","[PREMIUM]","[PREMIUM]",true,false,"['Clear view']","2026-07-21 17:04:08"
"13422081678","2026-07-21 23:59:58.364","2026-07-28 06:19:32.384","13422081678","159262313","[PREMIUM]","[PREMIUM]","B143","28","20_24","20","24",5,"[1,2,3,5]",1345,"Bleachers",20,"Mobile ticket",1,"[PREMIUM]","[PREMIUM]","[PREMIUM]","[PREMIUM]",true,false,"['Clear view']","2026-07-21 17:04:08"
"13422081676","2026-07-21 23:59:58.364","2026-07-28 06:19:37.511","13422081676","159262313","[PREMIUM]","[PREMIUM]","B143","25","15_22","15","22",10,"[1,2,3,4,5,6,7,8]",1345,"Bleachers",20,"Mobile ticket",1,"[PREMIUM]","[PREMIUM]","[PREMIUM]","[PREMIUM]",true,false,"['Clear view']","2026-07-21 17:04:08"
"13422081629","2026-07-21 23:59:58.364","2026-07-28 06:19:37.511","13422081629","159262313","[PREMIUM]","[PREMIUM]","B144","25","1_8","1","8",14,"[1,2,3,4,5,6,7,8]",1345,"Bleachers",20,"Mobile ticket",1,"[PREMIUM]","[PREMIUM]","[PREMIUM]","[PREMIUM]",true,false,"['Clear view']","2026-07-21 17:04:08"
"13400770090","2026-07-21 23:59:56.295","2026-07-23 00:51:27.691","13400770090","159262312","[PREMIUM]","[PREMIUM]","CL207","E","_",,,2,"[2]",300,"Club Level",20,"Mobile ticket",1,"[PREMIUM]","[PREMIUM]","[PREMIUM]","[PREMIUM]",true,false,"['Clear view']","2026-07-19 23:37:38"
"13421380917","2026-07-21 23:59:56.295","2026-07-21 23:59:56.295","13421380917","159262312","[PREMIUM]","[PREMIUM]","VB324","A","_",,,2,"[2]",3382,"View Box",20,"Mobile ticket",1,"[PREMIUM]","[PREMIUM]","[PREMIUM]","[PREMIUM]",true,false,"['Front Row of Section','Clear view']","2026-07-21 16:09:51"
"12730082928","2026-07-21 23:59:56.275","2026-07-21 23:59:56.275","12730082928","159262312","[PREMIUM]","[PREMIUM]","PLB122","23","1_8","1","8",8,"[1,2,3,4,5,6,8]",3977,"Premium Lower Box",20,"Mobile ticket",1,"[PREMIUM]","[PREMIUM]","[PREMIUM]","[PREMIUM]",true,false,"['Front Row of Section','Clear view']","2026-05-18 13:54:25"
"13413411922","2026-07-21 23:59:55.146","2026-07-23 22:33:55.277","13413411922","159262312","[PREMIUM]","[PREMIUM]","PLB122","24","_",,,2,"[2]",3977,"Premium Lower Box",20,"Mobile ticket",1,"[PREMIUM]","[PREMIUM]","[PREMIUM]","[PREMIUM]",true,false,"['Second Row of Section','Clear view']","2026-07-21 00:13:12"
"13419691399","2026-07-21 23:59:55.092","2026-07-25 05:38:10.856","13419691399","159262312","[PREMIUM]","[PREMIUM]","LB132","19","9001_9003","9001","9003",3,"[1,3]",594,"Lower",20,"Mobile ticket",1,"[PREMIUM]","[PREMIUM]","[PREMIUM]","[PREMIUM]",true,false,"['Clear view']","2026-07-21 13:39:34"
"12730083002","2026-07-21 23:59:53.958","2026-07-28 06:17:26.371","12730083002","159262312","[PREMIUM]","[PREMIUM]","PLB125","7","14_15","14","15",2,"[2]",3977,"Premium Lower Box",20,"Mobile ticket",1,"[PREMIUM]","[PREMIUM]","[PREMIUM]","[PREMIUM]",true,false,"['Clear view']","2026-05-18 13:54:25"
"13425592150","2026-07-21 23:59:53.958","2026-07-23 00:51:27.691","13425592150","159262312","[PREMIUM]","[PREMIUM]","CL210","A","11_13","11","13",3,"[1,3]",300,"Club Level",20,"Mobile ticket",1,"[PREMIUM]","[PREMIUM]","[PREMIUM]","[PREMIUM]",true,false,"['Front Row of Section','Clear view']","2026-07-21 23:15:34"
"13402188100","2026-07-21 23:59:53.274","2026-07-21 23:59:53.274","13402188100","159262312","[PREMIUM]","[PREMIUM]","CL229","E","_",,,2,"[2]",300,"Club Level",20,"Mobile ticket",1,"[PREMIUM]","[PREMIUM]","[PREMIUM]","[PREMIUM]",true,false,"['Clear view']","2026-07-20 05:29:55"
"13419691741","2026-07-21 23:59:52.263","2026-07-23 22:33:54.948","13419691741","159262312","[PREMIUM]","[PREMIUM]","LB132","23","9001_9008","9001","9008",8,"[1,2,3,4,5,6,8]",594,"Lower",20,"Mobile ticket",1,"[PREMIUM]","[PREMIUM]","[PREMIUM]","[PREMIUM]",true,false,"['Clear view']","2026-07-21 13:39:35"
"13424023817","2026-07-21 23:59:52.252","2026-07-23 00:51:27.228","13424023817","159262312","[PREMIUM]","[PREMIUM]","FC122","K","9_10","9","10",2,"[2]",3603,"Field Club",20,"Mobile ticket",1,"[PREMIUM]","[PREMIUM]","[PREMIUM]","[PREMIUM]",true,false,"['Clear view']","2026-07-21 19:58:20"
"13423398240","2026-07-21 23:59:47.298","2026-07-23 00:51:36.389","13423398240","159263157","[PREMIUM]","[PREMIUM]","421","11","_",,,4,"[1,2,3,4]",1745,"Terrace Infield",20,"Mobile ticket",1,"[PREMIUM]","[PREMIUM]","[PREMIUM]","[PREMIUM]",true,false,"['Clear view']","2026-07-21 18:46:57"
"13419691562","2026-07-21 23:59:44.787","2026-07-27 06:37:26.628","13419691562","159262312","[PREMIUM]","[PREMIUM]","LB132","21","9001_9003","9001","9003",3,"[1,3]",594,"Lower",20,"Mobile ticket",1,"[PREMIUM]","[PREMIUM]","[PREMIUM]","[PREMIUM]",true,false,"['Clear view']","2026-07-21 13:39:35"
"13419688180","2026-07-21 23:59:34.825","2026-07-21 23:59:34.825","13419688180","159262312","[PREMIUM]","[PREMIUM]","B142","13","9001_9002","9001","9002",2,"[2]",1345,"Bleachers",20,"Mobile ticket",1,"[PREMIUM]","[PREMIUM]","[PREMIUM]","[PREMIUM]",true,false,"['Clear view']","2026-07-21 13:39:24"
"13419693875","2026-07-21 23:59:34.825","2026-07-25 05:38:08.285","13419693875","159262312","[PREMIUM]","[PREMIUM]","VB327","A","9001_9002","9001","9002",2,"[2]",3382,"View Box",20,"Mobile ticket",1,"[PREMIUM]","[PREMIUM]","[PREMIUM]","[PREMIUM]",true,false,"['Front Row of Section','Clear view']","2026-07-21 13:39:46"
"13343213905","2026-07-21 23:59:33.583","2026-07-23 00:51:25.302","13343213905","159262312","[PREMIUM]","[PREMIUM]","PLB126","9","9_12","9","12",4,"[2,4]",3977,"Premium Lower Box",20,"Mobile ticket",1,"[PREMIUM]","[PREMIUM]","[PREMIUM]","[PREMIUM]",true,false,"['Clear view']","2026-07-13 12:16:18"
"13391725675","2026-07-21 23:59:33.332","2026-07-21 23:59:33.332","13391725675","159261047","[PREMIUM]","[PREMIUM]","119","5","_",,,1,"[1]",4257,"Hyundai Club",20,"Mobile ticket",1,"[PREMIUM]","[PREMIUM]","[PREMIUM]","[PREMIUM]",false,false,"['Second Row of Section','Clear view']","2026-07-18 16:19:11"
"13408563156","2026-07-21 23:59:33.332","2026-07-21 23:59:33.332","13408563156","159261047","[PREMIUM]","[PREMIUM]","318","1","_",,,2,"[2]",17117,"Excelsior Gold",20,"Mobile ticket",1,"[PREMIUM]","[PREMIUM]","[PREMIUM]","[PREMIUM]",true,false,"['Front Row of Section','Clear view']","2026-07-20 17:01:53"
"13400060031","2026-07-21 23:59:33.300","2026-07-23 22:34:10.144","13400060031","159261047","[PREMIUM]","[PREMIUM]","16","5","8_9","8","9",2,"[2]",23674,"Clover/Fiserv Silver",20,"Mobile ticket",1,"[PREMIUM]","[PREMIUM]","[PREMIUM]","[PREMIUM]",true,false,"['Clear view']","2026-07-19 21:12:49"
"13400058489","2026-07-21 23:59:33.300","2026-07-23 22:34:15.466","13400058489","159261047","[PREMIUM]","[PREMIUM]","122","4","1_8","1","8",8,"[1,2,3,4,5,6,8]",4262,"Metropolitan Silver",20,"Mobile ticket",1,"[PREMIUM]","[PREMIUM]","[PREMIUM]","[PREMIUM]",true,false,"['Clear view']","2026-07-19 21:12:27"
"13400058327","2026-07-21 23:59:33.300","2026-07-23 22:34:10.144","13400058327","159261047","[PREMIUM]","[PREMIUM]","115","3","7_8","7","8",2,"[2]",4257,"Hyundai Club",20,"Mobile ticket",1,"[PREMIUM]","[PREMIUM]","[PREMIUM]","[PREMIUM]",true,false,"['Includes all you can eat buffet and non alcoholic drinks','Third Row of Section','Clear view']","2026-07-19 21:12:22"
"13310728690","2026-07-21 23:59:33.068","2026-07-23 00:51:25.664","13310728690","159262312","[PREMIUM]","[PREMIUM]","AR148","3","_",,,2,"[2]",3669,"Arcade",20,"Mobile ticket",1,"[PREMIUM]","[PREMIUM]","[PREMIUM]","[PREMIUM]",true,false,"['Third Row of Section','Clear view']","2026-07-10 04:03:15"
"13425589723","2026-07-21 23:59:33.068","2026-07-23 22:33:53.653","13425589723","159262312","[PREMIUM]","[PREMIUM]","PLB106","6","7_8","7","8",2,"[2]",3977,"Premium Lower Box",20,"Mobile ticket",1,"[PREMIUM]","[PREMIUM]","[PREMIUM]","[PREMIUM]",true,false,"['Clear view']","2026-07-21 23:15:07"
"13425589724","2026-07-21 23:59:32.945","2026-07-23 00:51:25.721","13425589724","159262312","[PREMIUM]","[PREMIUM]","PLB106","3","3_8","3","8",6,"[1,2,3,4,6]",3977,"Premium Lower Box",20,"Mobile ticket",1,"[PREMIUM]","[PREMIUM]","[PREMIUM]","[PREMIUM]",true,false,"['Third Row of Section','Clear view']","2026-07-21 23:15:07"
"13425589722","2026-07-21 23:59:32.945","2026-07-21 23:59:32.945","13425589722","159262312","[PREMIUM]","[PREMIUM]","PLB106","2","9_12","9","12",4,"[1,2,4]",3977,"Premium Lower Box",20,"Mobile ticket",1,"[PREMIUM]","[PREMIUM]","[PREMIUM]","[PREMIUM]",true,false,"['Second Row of Section','Clear view']","2026-07-21 23:15:07"
"13419693989","2026-07-21 23:59:32.727","2026-07-23 22:33:52.658","13419693989","159262312","[PREMIUM]","[PREMIUM]","VB332","A","9001_9004","9001","9004",4,"[1,2,4]",3382,"View Box",20,"Mobile ticket",1,"[PREMIUM]","[PREMIUM]","[PREMIUM]","[PREMIUM]",true,false,"['Front Row of Section','Clear view']","2026-07-21 13:39:47"
"13425136835","2026-07-21 23:59:32.591","2026-07-27 06:37:22.518","13425136835","159262312","[PREMIUM]","[PREMIUM]","CL205","A","_",,,2,"[2]",300,"Club Level",20,"Mobile ticket",1,"[PREMIUM]","[PREMIUM]","[PREMIUM]","[PREMIUM]",true,false,"['Actual 1st row of the section','Club Level','Clear view']","2026-07-21 22:07:27"
"13408561708","2026-07-21 23:59:32.506","2026-07-23 00:51:56.817","13408561708","159261047","[PREMIUM]","[PREMIUM]","313","2","_",,,2,"[2]",13821,"Excelsior Silver",20,"Mobile ticket",1,"[PREMIUM]","[PREMIUM]","[PREMIUM]","[PREMIUM]",true,false,"['Second Row of Section','Clear view']","2026-07-20 17:01:43"
"12867847306","2026-07-21 23:59:32.299","2026-07-23 00:51:23.816","12867847306","159262312","[PREMIUM]","[PREMIUM]","PB138","4","_",,,4,"[4]",3972,"Premium Bleachers",20,"Mobile ticket",1,"[PREMIUM]","[PREMIUM]","[PREMIUM]","[PREMIUM]",true,false,"['Clear view']","2026-05-30 04:00:17"
"13408759971","2026-07-21 23:59:31.971","2026-07-28 05:47:10.236","13408759971","159261047","[PREMIUM]","[PREMIUM]","411","1","_",,,2,"[2]",4266,"Promenade Gold",20,"Mobile ticket",1,"[PREMIUM]","[PREMIUM]","[PREMIUM]","[PREMIUM]",true,false,"['Front Row of Section','Clear view']","2026-07-20 17:33:19"
"13408564729","2026-07-21 23:59:31.956","2026-07-23 00:51:56.078","13408564729","159261047","[PREMIUM]","[PREMIUM]","311","1","_",,,4,"[4]",17115,"Excelsior Box Gold",20,"Mobile ticket",1,"[PREMIUM]","[PREMIUM]","[PREMIUM]","[PREMIUM]",true,false,"['Front Row of Section','Clear view']","2026-07-20 17:02:05"
"13368362766","2026-07-21 23:59:31.903","2026-07-23 22:34:15.335","13368362766","159261047","[PREMIUM]","[PREMIUM]","142","15","9001_9002","9001","9002",2,"[2]",4245,"Big Apple Reserved",20,"Mobile ticket",1,"[PREMIUM]","[PREMIUM]","[PREMIUM]","[PREMIUM]",true,false,"['Clear view']","2026-07-16 05:46:49"
"13368362830","2026-07-21 23:59:31.903","2026-07-29 05:10:48.811","13368362830","159261047","[PREMIUM]","[PREMIUM]","142","16","9001_9010","9001","9010",10,"[1,2,3,4,5,6,7,8,10]",4245,"Big Apple Reserved",20,"Mobile ticket",1,"[PREMIUM]","[PREMIUM]","[PREMIUM]","[PREMIUM]",true,false,"['Clear view']","2026-07-16 05:46:49"
"13411582794","2026-07-21 23:59:31.903","2026-07-29 05:10:43.792","13411582794","159261047","[PREMIUM]","[PREMIUM]","101","7","_",,,2,"[2]",3852,"Field Reserved",20,"Mobile ticket",1,"[PREMIUM]","[PREMIUM]","[PREMIUM]","[PREMIUM]",true,false,"['Third Row of Section','Clear view']","2026-07-20 21:49:52"
"13398399418","2026-07-21 23:59:31.846","2026-07-28 05:47:11.150","13398399418","159261047","[PREMIUM]","[PREMIUM]","126","A","15_16","15","16",2,"[2]",4255,"Field Gold",20,"Mobile ticket",1,"[PREMIUM]","[PREMIUM]","[PREMIUM]","[PREMIUM]",true,false,"['Clear view']","2026-07-19 16:22:30"
"13124295696","2026-07-21 23:59:31.812","2026-07-21 23:59:31.812","13124295696","159261047","[PREMIUM]","[PREMIUM]","113","12","_",,,2,"[2]",4259,"Metropolitan Bronze",20,"Mobile ticket",1,"[PREMIUM]","[PREMIUM]","[PREMIUM]","[PREMIUM]",true,false,"['Clear view']","2026-06-23 22:50:26"
"13400122415","2026-07-21 23:59:31.812","2026-07-28 05:47:11.150","13400122415","159261047","[PREMIUM]","[PREMIUM]","121","14","_",,,4,"[4]",4258,"Metropolitan Box",20,"Mobile ticket",1,"[PREMIUM]","[PREMIUM]","[PREMIUM]","[PREMIUM]",true,false,"['Clear view']","2026-07-19 21:24:11"
"13408566884","2026-07-21 23:59:31.812","2026-07-23 00:51:56.550","13408566884","159261047","[PREMIUM]","[PREMIUM]","326","1","_",,,4,"[2,4]",17115,"Excelsior Box Gold",20,"Mobile ticket",1,"[PREMIUM]","[PREMIUM]","[PREMIUM]","[PREMIUM]",true,false,"['Front Row of Section','Clear view']","2026-07-20 17:02:21"
"13424016812","2026-07-21 23:59:31.812","2026-07-23 22:34:10.132","13424016812","159261047","[PREMIUM]","[PREMIUM]","12","2","1_2","1","2",2,"[2]",23672,"Clover/Fiserv Diamond",20,"Mobile ticket",1,"[PREMIUM]","[PREMIUM]","[PREMIUM]","[PREMIUM]",true,false,"['Second Row of Section','Clear view']","2026-07-21 19:57:38"
"13410302586","2026-07-21 23:59:31.336","2026-07-23 22:34:09.654","13410302586","159261047","[PREMIUM]","[PREMIUM]","110","1","_",,,2,"[2]",4256,"Field Silver",20,"Mobile ticket",1,"[PREMIUM]","[PREMIUM]","[PREMIUM]","[PREMIUM]",true,false,"['Front Row of Section','Clear view']","2026-07-20 19:56:31"
"13411216492","2026-07-21 23:59:31.139","2026-07-21 23:59:31.139","13411216492","159261045","[PREMIUM]","[PREMIUM]","123","9","11_16","11","16",6,"[1,2,3,4,6]",37010,"Metropolitan Field Bronze",20,"Mobile ticket",1,"[PREMIUM]","[PREMIUM]","[PREMIUM]","[PREMIUM]",true,false,"['Clear view']","2026-07-20 21:22:23"
"13343209922","2026-07-21 23:59:31.031","2026-07-26 05:39:28.884","13343209922","159262312","[PREMIUM]","[PREMIUM]","CL227","G","3_4","3","4",2,"[2]",300,"Club Level",20,"Mobile ticket",1,"[PREMIUM]","[PREMIUM]","[PREMIUM]","[PREMIUM]",true,false,"['Clear view']","2026-07-13 12:14:47"
"13419406466","2026-07-21 23:59:31.024","2026-07-21 23:59:31.024","13419406466","159261047","[PREMIUM]","[PREMIUM]","110","B","1_2","1","2",2,"[2]",4255,"Field Gold",20,"Mobile ticket",1,"[PREMIUM]","[PREMIUM]","[PREMIUM]","[PREMIUM]",true,false,"['Clear view']","2026-07-21 13:12:33"
"13385234222","2026-07-21 23:59:31.022","2026-07-21 23:59:31.022","13385234222","159261045","[PREMIUM]","[PREMIUM]","112","10","7_8","7","8",2,"[2]",37010,"Metropolitan Field Bronze",20,"Mobile ticket",1,"[PREMIUM]","[PREMIUM]","[PREMIUM]","[PREMIUM]",true,false,"['Clear view']","2026-07-17 19:02:20"
"13387653407","2026-07-21 23:59:31.022","2026-07-21 23:59:31.022","13387653407","159261045","[PREMIUM]","[PREMIUM]","121","17","1_7","1","7",7,"[1,2,3,4,5,7]",4258,"Metropolitan Box",20,"Mobile ticket",1,"[PREMIUM]","[PREMIUM]","[PREMIUM]","[PREMIUM]",true,false,"['Clear view']","2026-07-18 00:22:00"
"13413633484","2026-07-21 23:59:31.008","2026-07-21 23:59:31.008","13413633484","159261045","[PREMIUM]","[PREMIUM]","122","13","5_11","5","11",7,"[1,2,3,4,5,7]",4258,"Metropolitan Box",20,"Mobile ticket",1,"[PREMIUM]","[PREMIUM]","[PREMIUM]","[PREMIUM]",true,false,"['Clear view']","2026-07-21 01:02:50"
"13425229518","2026-07-21 23:59:31.008","2026-07-21 23:59:31.008","13425229518","159261045","[PREMIUM]","[PREMIUM]","111","10","7_13","7","13",7,"[1,2,3,4,5,7]",37010,"Metropolitan Field Bronze",20,"Mobile ticket",1,"[PREMIUM]","[PREMIUM]","[PREMIUM]","[PREMIUM]",true,false,"['Clear view']","2026-07-21 22:22:42"
"13423542269","2026-07-21 23:59:30.364","2026-07-27 01:14:03.901","13423542269","159261046","[PREMIUM]","[PREMIUM]","109","1","_",,,2,"[2]",4256,"Field Silver",20,"Mobile ticket",1,"[PREMIUM]","[PREMIUM]","[PREMIUM]","[PREMIUM]",true,false,"['Front Row of Section','Clear view']","2026-07-21 19:02:24"
"13343463041","2026-07-21 23:59:30.292","2026-07-23 22:33:51.239","13343463041","159262312","[PREMIUM]","[PREMIUM]","LB128","5","13_16","13","16",4,"[2,4]",594,"Lower",20,"Mobile ticket",1,"[PREMIUM]","[PREMIUM]","[PREMIUM]","[PREMIUM]",true,false,"['Clear view']","2026-07-13 13:41:36"
"13367661207","2026-07-21 23:59:30.292","2026-07-21 23:59:30.292","13367661207","159262312","[PREMIUM]","[PREMIUM]","VB333",,"9001_9003","9001","9003",3,"[1,3]",3382,"View Box",20,"Mobile ticket",1,"[PREMIUM]","[PREMIUM]","[PREMIUM]","[PREMIUM]",true,true,"['Clear view']","2026-07-16 05:01:09"
"13413152710","2026-07-21 23:59:29.931","2026-07-29 12:01:04.213","13413152710","159261046","[PREMIUM]","[PREMIUM]","320","3","1_4","1","4",4,"[1,2,4]",13821,"Excelsior Silver",20,"Mobile ticket",1,"[PREMIUM]","[PREMIUM]","[PREMIUM]","[PREMIUM]",true,false,"['Third Row of Section','Clear view']","2026-07-20 23:32:42"
"13383218011","2026-07-21 23:59:29.624","2026-07-30 05:27:22.034","13383218011","159261045","[PREMIUM]","[PREMIUM]","302","2","5_8","5","8",4,"[1,2,3,4]",17112,"Coca-Cola Corner",20,"Mobile ticket",1,"[PREMIUM]","[PREMIUM]","[PREMIUM]","[PREMIUM]",true,false,"['Second Row of Section','Clear view']","2026-07-17 14:34:43"
"13400114500","2026-07-21 23:59:29.624","2026-07-21 23:59:29.624","13400114500","159261045","[PREMIUM]","[PREMIUM]","320","3","3_9","3","9",7,"[1,2,3,4,5,7]",13821,"Excelsior Silver",20,"Mobile ticket",1,"[PREMIUM]","[PREMIUM]","[PREMIUM]","[PREMIUM]",true,false,"['Third Row of Section','Clear view']","2026-07-19 21:22:43"
"13424478089","2026-07-21 23:59:29.520","2026-07-21 23:59:29.520","13424478089","159261045","[PREMIUM]","[PREMIUM]","135","2","_",,,4,"[4]",3852,"Field Reserved",20,"Mobile ticket",1,"[PREMIUM]","[PREMIUM]","[PREMIUM]","[PREMIUM]",true,false,"['Second Row of Section','Clear view']","2026-07-21 20:50:51"
"13423002089","2026-07-21 23:59:29.425","2026-07-21 23:59:29.425","13423002089","159261045","[PREMIUM]","[PREMIUM]","112","27","_",,,8,"[1,2,3,4,5,6,8]",4258,"Metropolitan Box",20,"Mobile ticket",1,"[PREMIUM]","[PREMIUM]","[PREMIUM]","[PREMIUM]",true,false,"['Clear view']","2026-07-21 18:09:16"
"13425042744","2026-07-21 23:59:29.425","2026-07-21 23:59:29.425","13425042744","159261045","[PREMIUM]","[PREMIUM]","123","30","7_11","7","11",5,"[1,2,3,5]",4258,"Metropolitan Box",20,"Mobile ticket",1,"[PREMIUM]","[PREMIUM]","[PREMIUM]","[PREMIUM]",true,false,"['Clear view']","2026-07-21 21:52:17"
"13410249139","2026-07-21 23:59:29.407","2026-07-21 23:59:29.407","13410249139","159261045","[PREMIUM]","[PREMIUM]","325","1","1_2","1","2",2,"[2]",17117,"Excelsior Gold",20,"Mobile ticket",1,"[PREMIUM]","[PREMIUM]","[PREMIUM]","[PREMIUM]",true,false,"['Front Row of Section','Clear view']","2026-07-20 19:53:03"
"13125589753","2026-07-21 23:59:29.238","2026-07-25 05:37:39.724","13125589753","159261045","[PREMIUM]","[PREMIUM]","113","25","_",,,16,"[1,2,3,4,5,6,7,8,9,10,11,12,13,14,16]",4258,"Metropolitan Box",20,"Mobile ticket",1,"[PREMIUM]","[PREMIUM]","[PREMIUM]","[PREMIUM]",true,false,"['Clear view']","2026-06-24 00:54:50"
"13413513966","2026-07-21 23:59:28.989","2026-07-21 23:59:28.989","13413513966","159261047","[PREMIUM]","[PREMIUM]","321","3","8_10","8","10",3,"[1,3]",13821,"Excelsior Silver",20,"Mobile ticket",1,"[PREMIUM]","[PREMIUM]","[PREMIUM]","[PREMIUM]",true,false,"['Third Row of Section','Clear view']","2026-07-21 00:43:03"
"13424485665","2026-07-21 23:59:28.989","2026-07-23 22:34:08.321","13424485665","159261047","[PREMIUM]","[PREMIUM]","331","1","_",,,2,"[2]",17113,"Excelsior Reserved Gold",20,"Mobile ticket",1,"[PREMIUM]","[PREMIUM]","[PREMIUM]","[PREMIUM]",true,false,"['Front Row of Section','Clear view']","2026-07-21 20:52:55"
"13376672464","2026-07-21 23:59:28.958","2026-07-23 22:34:13.092","13376672464","159261048","[PREMIUM]","[PREMIUM]","109","4","4_12","4","12",9,"[1,2,3,4,5,6,7,9]",4256,"Field Silver",20,"Mobile ticket",1,"[PREMIUM]","[PREMIUM]","[PREMIUM]","[PREMIUM]",true,false,"['Clear view']","2026-07-16 21:32:23"
"13416849639","2026-07-21 23:59:28.958","2026-07-23 22:34:13.075","13416849639","159261048","[PREMIUM]","[PREMIUM]","425","1","_",,,2,"[2]",17119,"Promenade Baseline Gold",20,"Mobile ticket",1,"[PREMIUM]","[PREMIUM]","[PREMIUM]","[PREMIUM]",true,false,"['Front Row of Section','Clear view']","2026-07-21 06:50:45"
"13423543459","2026-07-21 23:59:28.958","2026-07-23 22:34:13.092","13423543459","159261048","[PREMIUM]","[PREMIUM]","109","1","_",,,4,"[1,2,4]",4256,"Field Silver",20,"Mobile ticket",1,"[PREMIUM]","[PREMIUM]","[PREMIUM]","[PREMIUM]",true,false,"['Front Row of Section','Clear view']","2026-07-21 19:02:28"
"13400058139","2026-07-21 23:59:28.933","2026-07-23 00:51:53.766","13400058139","159261047","[PREMIUM]","[PREMIUM]","126","17","9_14","9","14",6,"[1,2,3,4,6]",3361,"Field Box",20,"Mobile ticket",1,"[PREMIUM]","[PREMIUM]","[PREMIUM]","[PREMIUM]",true,false,"['Clear view']","2026-07-19 21:12:19"
"13420971352","2026-07-21 23:59:28.933","2026-07-21 23:59:28.933","13420971352","159261047","[PREMIUM]","[PREMIUM]","111","31","14_17","14","17",4,"[1,2,4]",4258,"Metropolitan Box",20,"Mobile ticket",1,"[PREMIUM]","[PREMIUM]","[PREMIUM]","[PREMIUM]",true,false,"['Clear view']","2026-07-21 15:33:46"
"13419355129","2026-07-21 23:59:28.916","2026-07-23 22:34:12.641","13419355129","159261048","[PREMIUM]","[PREMIUM]","322","2","3_4","3","4",2,"[2]",13821,"Excelsior Silver",20,"Mobile ticket",1,"[PREMIUM]","[PREMIUM]","[PREMIUM]","[PREMIUM]",true,false,"['Second Row of Section','Clear view']","2026-07-21 13:05:11"
"13372398497","2026-07-21 23:59:28.913","2026-07-25 05:35:53.775","13372398497","159261047","[PREMIUM]","[PREMIUM]","513","2","_",,,2,"[2]",4267,"Promenade Infield",20,"Mobile ticket",1,"[PREMIUM]","[PREMIUM]","[PREMIUM]","[PREMIUM]",true,false,"['Second Row of Section','Clear view']","2026-07-16 13:57:44"
"13341164733","2026-07-21 23:59:28.722","2026-07-21 23:59:28.722","13341164733","159261045","[PREMIUM]","[PREMIUM]","324","5","1_10","1","10",10,"[1,2,3,4,5,6,7,8,10]",13821,"Excelsior Silver",20,"Mobile ticket",1,"[PREMIUM]","[PREMIUM]","[PREMIUM]","[PREMIUM]",true,false,"['Clear view']","2026-07-13 00:36:28"
"13417446085","2026-07-21 23:59:28.704","2026-07-29 05:26:29.915","13417446085","159261045","[PREMIUM]","[PREMIUM]","313","4","1_7","1","7",7,"[1,2,3,4,5,7]",13821,"Excelsior Silver",20,"Mobile ticket",1,"[PREMIUM]","[PREMIUM]","[PREMIUM]","[PREMIUM]",true,false,"['Clear view']","2026-07-21 08:32:19"
"13424053060","2026-07-21 23:59:28.699","2026-07-23 22:34:12.566","13424053060","159261048","[PREMIUM]","[PREMIUM]","124","9","10_11","10","11",2,"[2]",37010,"Metropolitan Field Bronze",20,"Mobile ticket",1,"[PREMIUM]","[PREMIUM]","[PREMIUM]","[PREMIUM]",true,false,"['Clear view']","2026-07-21 20:02:19"
"13400205497","2026-07-21 23:59:28.605","2026-08-01 05:10:59.140","13400205497","159261048","[PREMIUM]","[PREMIUM]","331","1","_",,,2,"[2]",17113,"Excelsior Reserved Gold",20,"Mobile ticket",1,"[PREMIUM]","[PREMIUM]","[PREMIUM]","[PREMIUM]",true,false,"['Front Row of Section','Clear view']","2026-07-19 21:37:20"
"13413344419","2026-07-21 23:59:28.461","2026-07-28 06:16:59.103","13413344419","159261045","[PREMIUM]","[PREMIUM]","123","18","8_10","8","10",3,"[1,3]",4258,"Metropolitan Box",20,"Mobile ticket",1,"[PREMIUM]","[PREMIUM]","[PREMIUM]","[PREMIUM]",true,false,"['Clear view']","2026-07-20 23:52:26"
"13425052572","2026-07-21 23:59:28.429","2026-07-21 23:59:28.429","13425052572","159261045","[PREMIUM]","[PREMIUM]","112","23","_",,,5,"[1,2,3,5]",4258,"Metropolitan Box",20,"Mobile ticket",1,"[PREMIUM]","[PREMIUM]","[PREMIUM]","[PREMIUM]",true,false,"['Clear view']","2026-07-21 21:53:20"
"13423636408","2026-07-21 23:59:28.407","2026-07-21 23:59:28.407","13423636408","159261045","[PREMIUM]","[PREMIUM]","111","31","11_17","11","17",7,"[1,2,3,4,5,7]",4258,"Metropolitan Box",20,"Mobile ticket",1,"[PREMIUM]","[PREMIUM]","[PREMIUM]","[PREMIUM]",true,false,"['Clear view']","2026-07-21 19:13:02"
"13422216734","2026-07-21 23:59:28.084","2026-07-25 05:37:37.682","13422216734","159261045","[PREMIUM]","[PREMIUM]","139","1","5_6","5","6",2,"[2]",17106,"Field Reserved Platinum",20,"Mobile ticket",1,"[PREMIUM]","[PREMIUM]","[PREMIUM]","[PREMIUM]",true,false,"['Front Row of Section','Clear view']","2026-07-21 17:12:26"
"13413411470","2026-07-21 23:59:28.028","2026-07-31 05:53:19.821","13413411470","159261046","[PREMIUM]","[PREMIUM]","317","3","9_10","9","10",2,"[2]",13821,"Excelsior Silver",20,"Mobile ticket",1,"[PREMIUM]","[PREMIUM]","[PREMIUM]","[PREMIUM]",true,false,"['Third Row of Section','Clear view']","2026-07-21 00:12:45"
"13423349792","2026-07-21 23:59:27.907","2026-07-25 05:08:08.669","13423349792","159261046","[PREMIUM]","[PREMIUM]","110","8","_",,,2,"[2]",3361,"Field Box",20,"Mobile ticket",1,"[PREMIUM]","[PREMIUM]","[PREMIUM]","[PREMIUM]",true,false,"['Clear view']","2026-07-21 18:42:46"
"13346781709","2026-07-21 23:59:27.815","2026-07-27 06:35:18.278","13346781709","159261048","[PREMIUM]","[PREMIUM]","327","3","13_17","13","17",5,"[1,2,3,5]",17116,"Excelsior Box",20,"Mobile ticket",1,"[PREMIUM]","[PREMIUM]","[PREMIUM]","[PREMIUM]",true,false,"['Third Row of Section','Clear view']","2026-07-14 03:02:22"
"13293483256","2026-07-21 23:59:27.804","2026-07-21 23:59:27.804","13293483256","159261046","[PREMIUM]","[PREMIUM]","129","7","_",,,2,"[2]",4243,"Baseline Silver",20,"Mobile ticket",1,"[PREMIUM]","[PREMIUM]","[PREMIUM]","[PREMIUM]",true,false,"['Third Row of Section','Clear view']","2026-07-09 01:33:05"
"13341301725","2026-07-21 23:59:27.804","2026-07-27 01:14:04.275","13341301725","159261046","[PREMIUM]","[PREMIUM]","121","25","11_17","11","17",7,"[1,2,3,4,5,7]",4258,"Metropolitan Box",20,"Mobile ticket",1,"[PREMIUM]","[PREMIUM]","[PREMIUM]","[PREMIUM]",true,false,"['Clear view']","2026-07-13 01:12:32"
"13424682201","2026-07-21 23:59:27.804","2026-07-31 05:53:19.821","13424682201","159261046","[PREMIUM]","[PREMIUM]","123","10","13_14","13","14",2,"[2]",37010,"Metropolitan Field Bronze",20,"Mobile ticket",1,"[PREMIUM]","[PREMIUM]","[PREMIUM]","[PREMIUM]",true,false,"['Clear view']","2026-07-21 21:12:24"
"13422913992","2026-07-21 23:59:27.796","2026-07-29 05:26:30.612","13422913992","159261045","[PREMIUM]","[PREMIUM]","109","10","3_8","3","8",6,"[1,2,3,4,6]",3361,"Field Box",20,"Mobile ticket",1,"[PREMIUM]","[PREMIUM]","[PREMIUM]","[PREMIUM]",true,false,"['Clear view']","2026-07-21 18:03:22"
"13400058444","2026-07-21 23:59:26.728","2026-07-27 05:47:01.231","13400058444","159261047","[PREMIUM]","[PREMIUM]","129","16","14_18","14","18",5,"[1,2,3,5]",4243,"Baseline Silver",20,"Mobile ticket",1,"[PREMIUM]","[PREMIUM]","[PREMIUM]","[PREMIUM]",true,false,"['Clear view']","2026-07-19 21:12:24"
"13415387924","2026-07-21 23:59:26.468","2026-07-21 23:59:26.468","13415387924","159261047","[PREMIUM]","[PREMIUM]","416","2","1_4","1","4",4,"[1,2,4]",17121,"Promenade Silver",20,"Mobile ticket",1,"[PREMIUM]","[PREMIUM]","[PREMIUM]","[PREMIUM]",true,false,"['Second Row of Section','Clear view']","2026-07-21 03:51:11"
"13401692290","2026-07-21 23:59:26.465","2026-07-23 22:34:09.375","13401692290","159261046","[PREMIUM]","[PREMIUM]","318","3","5_7","5","7",3,"[1,3]",13821,"Excelsior Silver",20,"Mobile ticket",1,"[PREMIUM]","[PREMIUM]","[PREMIUM]","[PREMIUM]",true,false,"['Third Row of Section','Clear view']","2026-07-20 03:12:40"
"13413411456","2026-07-21 23:59:26.465","2026-07-31 05:53:19.976","13413411456","159261046","[PREMIUM]","[PREMIUM]","112","21","3_8","3","8",6,"[1,2,3,4,5,6]",4258,"Metropolitan Box",20,"Mobile ticket",1,"[PREMIUM]","[PREMIUM]","[PREMIUM]","[PREMIUM]",true,false,"['Clear view']","2026-07-21 00:12:45"
"13420299207","2026-07-21 23:59:26.465","2026-07-25 05:08:10.976","13420299207","159261046","[PREMIUM]","[PREMIUM]","135","1","_",,,2,"[2]",17106,"Field Reserved Platinum",20,"Mobile ticket",1,"[PREMIUM]","[PREMIUM]","[PREMIUM]","[PREMIUM]",true,false,"['Actual 1st row of the section','Clear view']","2026-07-21 14:36:27"
"13409805744","2026-07-21 23:59:26.309","2026-07-29 05:26:26.847","13409805744","159261045","[PREMIUM]","[PREMIUM]","137","3","9_10","9","10",2,"[2]",3852,"Field Reserved",20,"Mobile ticket",1,"[PREMIUM]","[PREMIUM]","[PREMIUM]","[PREMIUM]",true,false,"['Third Row of Section','Clear view']","2026-07-20 19:22:31"
"12657335189","2026-07-21 23:59:26.308","2026-07-21 23:59:26.308","12657335189","159261048","[PREMIUM]","[PREMIUM]","327","4","_",,,2,"[2]",17116,"Excelsior Box",20,"Mobile ticket",1,"[PREMIUM]","[PREMIUM]","[PREMIUM]","[PREMIUM]",true,false,"['Clear view']","2026-05-11 23:28:56"
"12840353703","2026-07-21 23:59:26.308","2026-07-25 05:37:36.769","12840353703","159261045","[PREMIUM]","[PREMIUM]","312","5","_",,,4,"[1,2,4]",17116,"Excelsior Box",20,"Mobile ticket",1,"[PREMIUM]","[PREMIUM]","[PREMIUM]","[PREMIUM]",true,false,"['Clear view']","2026-05-27 22:57:58"
"13423356839","2026-07-21 23:59:26.308","2026-07-23 00:51:51.780","13423356839","159261045","[PREMIUM]","[PREMIUM]","110","8","_",,,4,"[1,2,4]",3361,"Field Box",20,"Mobile ticket",1,"[PREMIUM]","[PREMIUM]","[PREMIUM]","[PREMIUM]",true,false,"['Clear view']","2026-07-21 18:43:24"
"13027602490","2026-07-21 23:59:26.305","2026-07-28 22:29:38.393","13027602490","159261046","[PREMIUM]","[PREMIUM]","310","1","1_4","1","4",4,"[1,2,4]",17115,"Excelsior Box Gold",20,"Mobile ticket",1,"[PREMIUM]","[PREMIUM]","[PREMIUM]","[PREMIUM]",true,false,"['Front Row of Section','Clear view']","2026-06-14 18:00:05"
"12840353765","2026-07-21 23:59:26.266","2026-07-23 00:51:51.638","12840353765","159261045","[PREMIUM]","[PREMIUM]","311","6","_",,,8,"[1,2,3,4,5,6,8]",17116,"Excelsior Box",20,"Mobile ticket",1,"[PREMIUM]","[PREMIUM]","[PREMIUM]","[PREMIUM]",true,false,"['Clear view']","2026-05-27 22:57:58"
"13289360523","2026-07-21 23:59:26.255","2026-07-23 00:51:59.713","13289360523","159261048","[PREMIUM]","[PREMIUM]","135","1","_",,,2,"[2]",17106,"Field Reserved Platinum",20,"Mobile ticket",1,"[PREMIUM]","[PREMIUM]","[PREMIUM]","[PREMIUM]",true,false,"['Front Row of Section','Clear view']","2026-07-08 20:27:14"
"13423350261","2026-07-21 23:59:26.255","2026-07-23 22:34:12.174","13423350261","159261048","[PREMIUM]","[PREMIUM]","110","8","_",,,4,"[1,2,4]",3361,"Field Box",20,"Mobile ticket",1,"[PREMIUM]","[PREMIUM]","[PREMIUM]","[PREMIUM]",true,false,"['Clear view']","2026-07-21 18:42:48"
"13413926903","2026-07-21 23:59:17.620","2026-07-23 22:34:07.863","13413926903","159261046","[PREMIUM]","[PREMIUM]","107","6","_",,,3,"[1,3]",4243,"Baseline Silver",20,"Mobile ticket",1,"[PREMIUM]","[PREMIUM]","[PREMIUM]","[PREMIUM]",true,false,"['Clear view']","2026-07-21 01:34:49"
"13390604269","2026-07-21 23:59:16.480","2026-07-27 06:36:28.181","13390604269","159261045","[PREMIUM]","[PREMIUM]","329","4","12_13","12","13",2,"[2]",17116,"Excelsior Box",20,"Mobile ticket",1,"[PREMIUM]","[PREMIUM]","[PREMIUM]","[PREMIUM]",true,false,"['Clear view']","2026-07-18 12:40:58"
"13422911398","2026-07-21 23:59:16.417","2026-07-26 05:07:43.529","13422911398","159261046","[PREMIUM]","[PREMIUM]","111","24","12_16","12","16",5,"[1,2,3,5]",4258,"Metropolitan Box",20,"Mobile ticket",1,"[PREMIUM]","[PREMIUM]","[PREMIUM]","[PREMIUM]",true,false,"['Clear view']","2026-07-21 18:03:13"
"13409458644","2026-07-21 23:59:16.306","2026-07-30 05:27:22.510","13409458644","159261045","[PREMIUM]","[PREMIUM]","137","4","3_4","3","4",2,"[2]",3852,"Field Reserved",20,"Mobile ticket",1,"[PREMIUM]","[PREMIUM]","[PREMIUM]","[PREMIUM]",true,false,"['Clear view']","2026-07-20 18:53:11"
"13401714273","2026-07-21 23:59:16.129","2026-07-28 05:46:45.741","13401714273","159261047","[PREMIUM]","[PREMIUM]","134","8","_",,,3,"[1,3]",3852,"Field Reserved",20,"Mobile ticket",1,"[PREMIUM]","[PREMIUM]","[PREMIUM]","[PREMIUM]",true,false,"['Clear view']","2026-07-20 03:22:16"
"13415417889","2026-07-21 23:59:16.079","2026-07-25 05:36:08.534","13415417889","159261048","[PREMIUM]","[PREMIUM]","416","2","1_4","1","4",4,"[1,2,4]",17121,"Promenade Silver",20,"Mobile ticket",1,"[PREMIUM]","[PREMIUM]","[PREMIUM]","[PREMIUM]",true,false,"['Second Row of Section','Clear view']","2026-07-21 03:55:38"
"13394272360","2026-07-21 23:59:16.034","2026-07-23 22:34:03.687","13394272360","159261045","[PREMIUM]","[PREMIUM]","136","3","_",,,2,"[2]",3852,"Field Reserved",20,"Mobile ticket",1,"[PREMIUM]","[PREMIUM]","[PREMIUM]","[PREMIUM]",true,false,"['Third Row of Section','Clear view']","2026-07-19 02:31:50"
"13423350718","2026-07-21 23:59:16.031","2026-07-28 22:29:37.869","13423350718","159261046","[PREMIUM]","[PREMIUM]","111","31","12_14","12","14",3,"[1,3]",4258,"Metropolitan Box",20,"Mobile ticket",1,"[PREMIUM]","[PREMIUM]","[PREMIUM]","[PREMIUM]",true,false,"['Clear view']","2026-07-21 18:42:50"
"13423043768","2026-07-21 23:59:15.975","2026-07-29 05:26:26.415","13423043768","159261045","[PREMIUM]","[PREMIUM]","332","1","5_10","5","10",6,"[1,2,3,4,6]",17113,"Excelsior Reserved Gold",20,"Mobile ticket",1,"[PREMIUM]","[PREMIUM]","[PREMIUM]","[PREMIUM]",true,false,"['Front Row of Section','Clear view']","2026-07-21 18:13:22"
"13388256970","2026-07-21 23:59:15.841","2026-07-23 22:34:04.864","13388256970","159261047","[PREMIUM]","[PREMIUM]","134","7","6_6","6","6",1,"[1]",3852,"Field Reserved",20,"Mobile ticket",1,"[PREMIUM]","[PREMIUM]","[PREMIUM]","[PREMIUM]",false,false,"['Clear view']","2026-07-18 02:42:34"
"13415370643","2026-07-21 23:59:15.709","2026-07-30 05:27:22.034","13415370643","159261045","[PREMIUM]","[PREMIUM]","416","2","1_4","1","4",4,"[1,2,4]",17121,"Promenade Silver",20,"Mobile ticket",1,"[PREMIUM]","[PREMIUM]","[PREMIUM]","[PREMIUM]",true,false,"['Second Row of Section','Clear view']","2026-07-21 03:49:40"
"13425636905","2026-07-21 23:59:15.640","2026-08-01 05:10:57.459","13425636905","159261048","[PREMIUM]","[PREMIUM]","422","2","11_14","11","14",4,"[1,2,4]",17120,"Promenade Baseline",20,"Mobile ticket",1,"[PREMIUM]","[PREMIUM]","[PREMIUM]","[PREMIUM]",true,false,"['Second Row of Section','Clear view']","2026-07-21 23:22:18"
"13419525559","2026-07-21 23:59:15.558","2026-07-27 06:35:12.854","13419525559","159261048","[PREMIUM]","[PREMIUM]","423","1","1_2","1","2",2,"[2]",17119,"Promenade Baseline Gold",20,"Mobile ticket",1,"[PREMIUM]","[PREMIUM]","[PREMIUM]","[PREMIUM]",true,false,"['Front Row of Section','Clear view']","2026-07-21 13:23:28"
"13420064426","2026-07-21 23:59:15.552","2026-07-31 05:52:56.817","13420064426","159261046","[PREMIUM]","[PREMIUM]","126","19","1_2","1","2",2,"[2]",3361,"Field Box",20,"Mobile ticket",1,"[PREMIUM]","[PREMIUM]","[PREMIUM]","[PREMIUM]",true,false,"['Clear view']","2026-07-21 14:14:14"
"13424976072","2026-07-21 23:59:15.552","2026-07-29 12:01:00.691","13424976072","159261046","[PREMIUM]","[PREMIUM]","310","5","9_10","9","10",2,"[2]",17116,"Excelsior Box",20,"Mobile ticket",1,"[PREMIUM]","[PREMIUM]","[PREMIUM]","[PREMIUM]",true,false,"['Clear view']","2026-07-21 21:42:41"
"13425042410","2026-07-21 23:59:15.378","2026-07-23 00:51:52.165","13425042410","159261046","[PREMIUM]","[PREMIUM]","330","1","15_20","15","20",6,"[1,2,3,4,6]",17113,"Excelsior Reserved Gold",20,"Mobile ticket",1,"[PREMIUM]","[PREMIUM]","[PREMIUM]","[PREMIUM]",true,false,"['Front Row of Section','Clear view']","2026-07-21 21:52:15"
"13421836120","2026-07-21 23:59:15.294","2026-07-21 23:59:15.294","13421836120","159261045","[PREMIUM]","[PREMIUM]","301","2","_",,,4,"[1,2,4]",17112,"Coca-Cola Corner",20,"Mobile ticket",1,"[PREMIUM]","[PREMIUM]","[PREMIUM]","[PREMIUM]",true,false,"['Second Row of Section','Clear view']","2026-07-21 16:47:31"
"13413383011","2026-07-21 23:59:15.019","2026-07-23 00:51:50.977","13413383011","159261046","[PREMIUM]","[PREMIUM]","126","32","1_7","1","7",7,"[1,2,3,4,5,7]",3361,"Field Box",20,"Mobile ticket",1,"[PREMIUM]","[PREMIUM]","[PREMIUM]","[PREMIUM]",true,false,"['Clear view']","2026-07-21 00:02:48"
"13400561759","2026-07-21 23:59:14.822","2026-07-31 05:52:32.555","13400561759","159261046","[PREMIUM]","[PREMIUM]","102","8","12_12","12","12",1,"[1]",3852,"Field Reserved",20,"Mobile ticket",1,"[PREMIUM]","[PREMIUM]","[PREMIUM]","[PREMIUM]",false,false,"['Clear view']","2026-07-19 22:56:48"
"13425636612","2026-07-21 23:59:14.664","2026-07-31 05:52:33.385","13425636612","159261046","[PREMIUM]","[PREMIUM]","329","4","3_6","3","6",4,"[1,2,3,4]",17116,"Excelsior Box",20,"Mobile ticket",1,"[PREMIUM]","[PREMIUM]","[PREMIUM]","[PREMIUM]",true,false,"['Clear view']","2026-07-21 23:22:15"
"13425078064","2026-07-21 23:59:14.206","2026-07-26 05:39:18.970","13425078064","159262312","[PREMIUM]","[PREMIUM]","VB325","D","_",,,2,"[2]",3382,"View Box",20,"Mobile ticket",1,"[PREMIUM]","[PREMIUM]","[PREMIUM]","[PREMIUM]",true,false,"['ADA Wheelchair Accessible','Clear view']","2026-07-21 21:58:02"
"13425677274","2026-07-21 23:59:14.206","2026-07-28 06:17:06.978","13425677274","159262312","[PREMIUM]","[PREMIUM]","VR312","2","_",,,2,"[2]",3515,"View Reserved",20,"Mobile ticket",1,"[PREMIUM]","[PREMIUM]","[PREMIUM]","[PREMIUM]",true,false,"['Second Row of Section','Clear view']","2026-07-21 23:29:41"
"13413565364","2026-07-21 23:59:14.197","2026-08-01 05:10:06.693","13413565364","159261047","[PREMIUM]","[PREMIUM]","338","6","5_9","5","9",5,"[1,2,3,4,5]",18089,"The Porch Presented by Hijole!",20,"Mobile ticket",1,"[PREMIUM]","[PREMIUM]","[PREMIUM]","[PREMIUM]",true,false,"['Clear view']","2026-07-21 00:52:25"
"13414418925","2026-07-21 23:59:14.195","2026-07-30 05:26:39.303","13414418925","159261045","[PREMIUM]","[PREMIUM]","421","4","22_23","22","23",2,"[2]",17120,"Promenade Baseline",20,"Mobile ticket",1,"[PREMIUM]","[PREMIUM]","[PREMIUM]","[PREMIUM]",true,false,"['Clear view']","2026-07-21 02:12:37"
"13413411548","2026-07-21 23:59:14.190","2026-08-01 05:10:05.240","13413411548","159261047","[PREMIUM]","[PREMIUM]","522","1","18_19","18","19",2,"[2]",17124,"Promenade Reserved Gold",20,"Mobile ticket",1,"[PREMIUM]","[PREMIUM]","[PREMIUM]","[PREMIUM]",true,false,"['Front Row of Section','Clear view']","2026-07-21 00:12:50"
"13425550658","2026-07-21 23:59:14.146","2026-07-27 06:37:16.425","13425550658","159262312","[PREMIUM]","[PREMIUM]","B144","26","9_13","9","13",5,"[1,2,3,5]",1345,"Bleachers",20,"Mobile ticket",1,"[PREMIUM]","[PREMIUM]","[PREMIUM]","[PREMIUM]",true,false,"['Clear view']","2026-07-21 23:12:06"
"13425550632","2026-07-21 23:59:14.146","2026-07-27 06:37:16.425","13425550632","159262312","[PREMIUM]","[PREMIUM]","B144","29","7_9","7","9",3,"[1,3]",1345,"Bleachers",20,"Mobile ticket",1,"[PREMIUM]","[PREMIUM]","[PREMIUM]","[PREMIUM]",true,false,"['Clear view']","2026-07-21 23:12:06"
"13413739903","2026-07-21 23:59:14.041","2026-07-31 05:52:33.033","13413739903","159261046","[PREMIUM]","[PREMIUM]","329","5","11_12","11","12",2,"[2]",17116,"Excelsior Box",20,"Mobile ticket",1,"[PREMIUM]","[PREMIUM]","[PREMIUM]","[PREMIUM]",true,false,"['Clear view']","2026-07-21 01:13:57"
"13415370377","2026-07-21 23:59:14.041","2026-07-21 23:59:14.041","13415370377","159261046","[PREMIUM]","[PREMIUM]","416","2","1_4","1","4",4,"[1,2,4]",17121,"Promenade Silver",20,"Mobile ticket",1,"[PREMIUM]","[PREMIUM]","[PREMIUM]","[PREMIUM]",true,false,"['Second Row of Section','Clear view']","2026-07-21 03:49:40"
"13421834818","2026-07-21 23:59:14.032","2026-07-21 23:59:14.032","13421834818","159261045","[PREMIUM]","[PREMIUM]","407","2","_",,,4,"[1,2,4]",17120,"Promenade Baseline",20,"Mobile ticket",1,"[PREMIUM]","[PREMIUM]","[PREMIUM]","[PREMIUM]",true,false,"['Second Row of Section','Clear view']","2026-07-21 16:47:27"
"13425023095","2026-07-21 23:59:14.022","2026-07-30 05:06:35.851","13425023095","159261046","[PREMIUM]","[PREMIUM]","415","4","_",,,1,"[1]",17121,"Promenade Silver",20,"Mobile ticket",1,"[PREMIUM]","[PREMIUM]","[PREMIUM]","[PREMIUM]",false,false,"['Aisle seat','Clear view']","2026-07-21 21:48:34"
"13409238194","2026-07-21 23:59:13.785","2026-07-28 06:15:36.616","13409238194","159261048","[PREMIUM]","[PREMIUM]","135","6","_",,,2,"[2]",3852,"Field Reserved",20,"Mobile ticket",1,"[PREMIUM]","[PREMIUM]","[PREMIUM]","[PREMIUM]",true,false,"['Clear view']","2026-07-20 18:20:08"
"13415387380","2026-07-21 23:59:13.684","2026-07-29 05:10:40.624","13415387380","159261047","[PREMIUM]","[PREMIUM]","516","2","1_6","1","6",6,"[1,2,3,4,6]",4267,"Promenade Infield",20,"Mobile ticket",1,"[PREMIUM]","[PREMIUM]","[PREMIUM]","[PREMIUM]",true,false,"['Second Row of Section','Clear view']","2026-07-21 03:51:09"
"13425591605","2026-07-21 23:59:13.684","2026-08-01 05:10:07.056","13425591605","159261047","[PREMIUM]","[PREMIUM]","518","2","15_17","15","17",3,"[1,3]",4267,"Promenade Infield",20,"Mobile ticket",1,"[PREMIUM]","[PREMIUM]","[PREMIUM]","[PREMIUM]",true,false,"['Second Row of Section','Clear view']","2026-07-21 23:15:30"
"13424160206","2026-07-21 23:59:13.574","2026-07-31 05:52:32.265","13424160206","159261046","[PREMIUM]","[PREMIUM]","105","20","1_3","1","3",3,"[1,2,3]",2495,"Baseline Box",20,"Mobile ticket",1,"[PREMIUM]","[PREMIUM]","[PREMIUM]","[PREMIUM]",true,false,"['Clear view']","2026-07-21 20:12:37"
"13418809881","2026-07-21 23:59:13.433","2026-07-27 22:28:37.304","13418809881","159261046","[PREMIUM]","[PREMIUM]","129","32","5_10","5","10",6,"[1,2,3,4,6]",4243,"Baseline Silver",20,"Mobile ticket",1,"[PREMIUM]","[PREMIUM]","[PREMIUM]","[PREMIUM]",true,false,"['Clear view']","2026-07-21 12:02:49"
"13413411468","2026-07-21 23:59:13.205","2026-07-21 23:59:13.205","13413411468","159261046","[PREMIUM]","[PREMIUM]","130","20","5_7","5","7",3,"[1,3]",2495,"Baseline Box",20,"Mobile ticket",1,"[PREMIUM]","[PREMIUM]","[PREMIUM]","[PREMIUM]",true,false,"['Clear view']","2026-07-21 00:12:45"
"13425042745","2026-07-21 23:59:11.615","2026-07-30 05:27:14.672","13425042745","159261045","[PREMIUM]","[PREMIUM]","431","2","17_22","17","22",6,"[1,2,3,4,5,6]",4265,"Promenade Box",20,"Mobile ticket",1,"[PREMIUM]","[PREMIUM]","[PREMIUM]","[PREMIUM]",true,false,"['Second Row of Section','Clear view']","2026-07-21 21:52:17"
"13413775704","2026-07-21 23:59:01.160","2026-07-21 23:59:01.160","13413775704","159261047","[PREMIUM]","[PREMIUM]","303","4","_",,,2,"[2]",17112,"Coca-Cola Corner",20,"Mobile ticket",1,"[PREMIUM]","[PREMIUM]","[PREMIUM]","[PREMIUM]",true,false,"['Clear view']","2026-07-21 01:17:48"
"13400636150","2026-07-21 23:58:48.132","2026-07-23 00:51:48.576","13400636150","159261045","[PREMIUM]","[PREMIUM]","528","1","23_24","23","24",2,"[2]",17124,"Promenade Reserved Gold",20,"Mobile ticket",1,"[PREMIUM]","[PREMIUM]","[PREMIUM]","[PREMIUM]",true,false,"['Front Row of Section','Clear view']","2026-07-19 23:12:23"
"13412731956","2026-07-21 23:58:44.001","2026-07-26 05:39:21.639","13412731956","159262312","[PREMIUM]","[PREMIUM]","B143","26","10_17","10","17",15,"[1,2,3,4,5,6,7,8]",1345,"Bleachers",20,"Mobile ticket",1,"[PREMIUM]","[PREMIUM]","[PREMIUM]","[PREMIUM]",true,false,"['Clear view']","2026-07-20 22:58:52"
"13415417757","2026-07-21 23:58:43.924","2026-07-23 00:51:53.940","13415417757","159261048","[PREMIUM]","[PREMIUM]","516","2","1_6","1","6",6,"[1,2,3,4,6]",4267,"Promenade Infield",20,"Mobile ticket",1,"[PREMIUM]","[PREMIUM]","[PREMIUM]","[PREMIUM]",true,false,"['Second Row of Section','Clear view']","2026-07-21 03:55:32"
"13419902603","2026-07-21 23:58:29.811","2026-07-23 00:51:48.441","13419902603","159261046","[PREMIUM]","[PREMIUM]","106","19","_",,,2,"[2]",2495,"Baseline Box",20,"Mobile ticket",1,"[PREMIUM]","[PREMIUM]","[PREMIUM]","[PREMIUM]",true,false,"['Clear view']","2026-07-21 14:00:35"
"13419522004","2026-07-21 23:58:29.811","2026-07-31 05:51:50.296","13419522004","159261046","[PREMIUM]","[PREMIUM]","424","6","14_16","14","16",3,"[1,2,3]",17120,"Promenade Baseline",20,"Mobile ticket",1,"[PREMIUM]","[PREMIUM]","[PREMIUM]","[PREMIUM]",true,false,"['Clear view']","2026-07-21 13:22:35"
"13418976622","2026-07-21 23:58:23.131","2026-07-23 22:34:07.164","13418976622","159261048","[PREMIUM]","[PREMIUM]","337","3","_",,,2,"[2]",18089,"The Porch Presented by Hijole!",20,"Mobile ticket",1,"[PREMIUM]","[PREMIUM]","[PREMIUM]","[PREMIUM]",true,false,"['Third Row of Section','Clear view']","2026-07-21 12:19:40"
"13341156766","2026-07-21 23:58:07.688","2026-07-30 05:26:59.081","13341156766","159261045","[PREMIUM]","[PREMIUM]","435","2","16_24","16","24",9,"[1,2,3,4,5,6,7,8,9]",4265,"Promenade Box",20,"Mobile ticket",1,"[PREMIUM]","[PREMIUM]","[PREMIUM]","[PREMIUM]",true,false,"['Second Row of Section','Clear view']","2026-07-13 00:34:26"
"13418809903","2026-07-21 23:58:07.585","2026-07-29 12:00:49.715","13418809903","159261046","[PREMIUM]","[PREMIUM]","141","17","4_7","4","7",4,"[1,2,4]",4245,"Big Apple Reserved",20,"Mobile ticket",1,"[PREMIUM]","[PREMIUM]","[PREMIUM]","[PREMIUM]",true,false,"['Clear view']","2026-07-21 12:02:49"
"13425690036","2026-07-21 23:58:07.585","2026-07-30 05:06:29.998","13425690036","159261046","[PREMIUM]","[PREMIUM]","402","1","19_21","19","21",3,"[1,3]",17119,"Promenade Baseline Gold",20,"Mobile ticket",1,"[PREMIUM]","[PREMIUM]","[PREMIUM]","[PREMIUM]",true,false,"['Front Row of Section','Clear view']","2026-07-21 23:32:27"
"13423655138","2026-07-21 23:58:07.502","2026-07-23 00:51:46.787","13423655138","159261047","[PREMIUM]","[PREMIUM]","519","4","_",,,3,"[1,2,3]",4269,"Promenade Reserved",20,"Mobile ticket",1,"[PREMIUM]","[PREMIUM]","[PREMIUM]","[PREMIUM]",true,false,"['Clear view']","2026-07-21 19:15:59"
"13423677476","2026-07-21 23:57:58.992","2026-07-29 12:00:41.708","13423677476","159261046","[PREMIUM]","[PREMIUM]","511","3","1_2","1","2",2,"[2]",4267,"Promenade Infield",20,"Mobile ticket",1,"[PREMIUM]","[PREMIUM]","[PREMIUM]","[PREMIUM]",true,false,"['Third Row of Section','Clear view']","2026-07-21 19:20:14"
"13413513823","2026-07-21 23:57:58.920","2026-07-31 05:52:17.952","13413513823","159261046","[PREMIUM]","[PREMIUM]","401","1","3_4","3","4",2,"[2]",17119,"Promenade Baseline Gold",20,"Mobile ticket",1,"[PREMIUM]","[PREMIUM]","[PREMIUM]","[PREMIUM]",true,false,"['Front Row of Section','Clear view']","2026-07-21 00:43:00"
"13415685699","2026-07-21 23:57:58.719","2026-07-29 05:10:27.176","13415685699","159261048","[PREMIUM]","[PREMIUM]","523","13","1_5","1","5",5,"[1,2,3,5]",4269,"Promenade Reserved",20,"Mobile ticket",1,"[PREMIUM]","[PREMIUM]","[PREMIUM]","[PREMIUM]",true,false,"['Clear view']","2026-07-21 04:22:27"
"13423041617","2026-07-21 23:57:58.719","2026-07-25 05:35:56.669","13423041617","159261048","[PREMIUM]","[PREMIUM]","524","3","16_18","16","18",3,"[1,3]",4269,"Promenade Reserved",20,"Mobile ticket",1,"[PREMIUM]","[PREMIUM]","[PREMIUM]","[PREMIUM]",true,false,"['Third Row of Section','Clear view']","2026-07-21 18:13:12"
"13424160200","2026-07-21 23:57:56.453","2026-07-31 05:51:49.590","13424160200","159261046","[PREMIUM]","[PREMIUM]","510","3","5_6","5","6",2,"[2]",4267,"Promenade Infield",20,"Mobile ticket",1,"[PREMIUM]","[PREMIUM]","[PREMIUM]","[PREMIUM]",true,false,"['Third Row of Section','Clear view']","2026-07-21 20:12:37"
"13413719837","2026-07-21 23:57:56.204","2026-07-27 22:28:36.011","13413719837","159261046","[PREMIUM]","[PREMIUM]","427","3","7_8","7","8",2,"[2]",17120,"Promenade Baseline",20,"Mobile ticket",1,"[PREMIUM]","[PREMIUM]","[PREMIUM]","[PREMIUM]",true,false,"['Third Row of Section','Clear view']","2026-07-21 01:12:38"
"13413411497","2026-07-21 23:57:54.805","2026-07-31 22:26:14.128","13413411497","159261048","[PREMIUM]","[PREMIUM]","522","17","7_10","7","10",4,"[1,2,4]",4269,"Promenade Reserved",20,"Mobile ticket",1,"[PREMIUM]","[PREMIUM]","[PREMIUM]","[PREMIUM]",true,false,"['Clear view']","2026-07-21 00:12:47"
"13421834645","2026-07-21 23:57:54.613","2026-07-21 23:57:54.613","13421834645","159261045","[PREMIUM]","[PREMIUM]","516","13","_",,,4,"[1,2,4]",4267,"Promenade Infield",20,"Mobile ticket",1,"[PREMIUM]","[PREMIUM]","[PREMIUM]","[PREMIUM]",true,false,"['Clear view']","2026-07-21 16:47:27"
"13415370712","2026-07-21 23:57:45.260","2026-07-21 23:57:45.260","13415370712","159261046","[PREMIUM]","[PREMIUM]","518","2","14_17","14","17",4,"[1,2,4]",4267,"Promenade Infield",20,"Mobile ticket",1,"[PREMIUM]","[PREMIUM]","[PREMIUM]","[PREMIUM]",true,false,"['Second Row of Section','Clear view']","2026-07-21 03:49:40"
"13424011222","2026-07-21 23:57:45.260","2026-07-29 12:00:40.513","13424011222","159261046","[PREMIUM]","[PREMIUM]","516","2","1_2","1","2",2,"[2]",4267,"Promenade Infield",20,"Mobile ticket",1,"[PREMIUM]","[PREMIUM]","[PREMIUM]","[PREMIUM]",true,false,"['Second Row of Section','Clear view']","2026-07-21 19:56:53"
"12525986870","2026-07-21 23:57:43.133","2026-07-21 23:57:43.133","12525986870","159264058","[PREMIUM]","[PREMIUM]","2",,"300_303","300","303",4,"[2,4]",2062,"Promenade",20,"Mobile ticket",1,"[PREMIUM]","[PREMIUM]","[PREMIUM]","[PREMIUM]",true,true,"['Clear view']","2026-04-29 20:40:28"
"13421836126","2026-07-21 23:57:42.921","2026-07-21 23:57:42.921","13421836126","159261045","[PREMIUM]","[PREMIUM]","302","3","_",,,4,"[1,2,4]",17112,"Coca-Cola Corner",20,"Mobile ticket",1,"[PREMIUM]","[PREMIUM]","[PREMIUM]","[PREMIUM]",true,false,"['Third Row of Section','Clear view']","2026-07-21 16:47:31"
"13421835446","2026-07-21 23:57:42.921","2026-07-21 23:57:42.921","13421835446","159261045","[PREMIUM]","[PREMIUM]","422","2","_",,,5,"[1,2,3,5]",17120,"Promenade Baseline",20,"Mobile ticket",1,"[PREMIUM]","[PREMIUM]","[PREMIUM]","[PREMIUM]",true,false,"['Second Row of Section','Clear view']","2026-07-21 16:47:29"
"13419744388","2026-07-21 23:57:42.894","2026-07-30 05:06:25.029","13419744388","159261046","[PREMIUM]","[PREMIUM]","428","2","3_4","3","4",2,"[2]",17120,"Promenade Baseline",20,"Mobile ticket",1,"[PREMIUM]","[PREMIUM]","[PREMIUM]","[PREMIUM]",true,false,"['Second Row of Section','Clear view']","2026-07-21 13:43:59"
"13415924908","2026-07-21 23:57:42.582","2026-07-29 12:00:45.524","13415924908","159261046","[PREMIUM]","[PREMIUM]","507","2","8_10","8","10",3,"[1,3]",4269,"Promenade Reserved",20,"Mobile ticket",1,"[PREMIUM]","[PREMIUM]","[PREMIUM]","[PREMIUM]",true,false,"['Second Row of Section','Clear view']","2026-07-21 04:52:26"
"13421835614","2026-07-21 23:57:42.032","2026-07-21 23:57:42.032","13421835614","159261045","[PREMIUM]","[PREMIUM]","517","14","_",,,8,"[1,2,3,4,5,6,8]",4267,"Promenade Infield",20,"Mobile ticket",1,"[PREMIUM]","[PREMIUM]","[PREMIUM]","[PREMIUM]",true,false,"['Clear view']","2026-07-21 16:47:29"
"13421835604","2026-07-21 23:57:42.032","2026-07-21 23:57:42.032","13421835604","159261045","[PREMIUM]","[PREMIUM]","509","2","_",,,6,"[1,2,3,4,6]",4269,"Promenade Reserved",20,"Mobile ticket",1,"[PREMIUM]","[PREMIUM]","[PREMIUM]","[PREMIUM]",true,false,"['Second Row of Section','Clear view']","2026-07-21 16:47:29"
"13421834492","2026-07-21 23:57:42.032","2026-07-21 23:57:42.032","13421834492","159261045","[PREMIUM]","[PREMIUM]","512","7","_",,,3,"[1,3]",4267,"Promenade Infield",20,"Mobile ticket",1,"[PREMIUM]","[PREMIUM]","[PREMIUM]","[PREMIUM]",true,false,"['Clear view']","2026-07-21 16:47:26"
"13349568236","2026-07-21 23:57:42.027","2026-07-23 22:33:59.080","13349568236","159261045","[PREMIUM]","[PREMIUM]","510","6","_",,,4,"[1,2,4]",4267,"Promenade Infield",20,"Mobile ticket",1,"[PREMIUM]","[PREMIUM]","[PREMIUM]","[PREMIUM]",true,false,"['Clear view']","2026-07-14 15:57:38"
"13421835978","2026-07-21 23:57:42.027","2026-07-21 23:57:42.027","13421835978","159261045","[PREMIUM]","[PREMIUM]","405","2","_",,,4,"[1,2,4]",17120,"Promenade Baseline",20,"Mobile ticket",1,"[PREMIUM]","[PREMIUM]","[PREMIUM]","[PREMIUM]",true,false,"['Second Row of Section','Clear view']","2026-07-21 16:47:31"
"13421835735","2026-07-21 23:57:42.027","2026-07-21 23:57:42.027","13421835735","159261045","[PREMIUM]","[PREMIUM]","522","1","_",,,6,"[1,2,3,4,6]",17124,"Promenade Reserved Gold",20,"Mobile ticket",1,"[PREMIUM]","[PREMIUM]","[PREMIUM]","[PREMIUM]",true,false,"['Front Row of Section','Clear view']","2026-07-21 16:47:30"
"13421834448","2026-07-21 23:57:42.027","2026-07-21 23:57:42.027","13421834448","159261045","[PREMIUM]","[PREMIUM]","404","4","_",,,3,"[1,3]",17120,"Promenade Baseline",20,"Mobile ticket",1,"[PREMIUM]","[PREMIUM]","[PREMIUM]","[PREMIUM]",true,false,"['Clear view']","2026-07-21 16:47:26"
"13421834441","2026-07-21 23:57:42.027","2026-07-21 23:57:42.027","13421834441","159261045","[PREMIUM]","[PREMIUM]","515","10","_",,,3,"[1,3]",4267,"Promenade Infield",20,"Mobile ticket",1,"[PREMIUM]","[PREMIUM]","[PREMIUM]","[PREMIUM]",true,false,"['Clear view']","2026-07-21 16:47:26"
"13414505494","2026-07-21 23:57:41.951","2026-07-25 05:35:50.848","13414505494","159261048","[PREMIUM]","[PREMIUM]","513","10","8_9","8","9",2,"[2]",4267,"Promenade Infield",20,"Mobile ticket",1,"[PREMIUM]","[PREMIUM]","[PREMIUM]","[PREMIUM]",true,false,"['Clear view']","2026-07-21 02:20:19"
"13418891361","2026-07-21 23:57:41.951","2026-08-01 05:10:55.913","13418891361","159261048","[PREMIUM]","[PREMIUM]","518","2","14_15","14","15",2,"[2]",4267,"Promenade Infield",20,"Mobile ticket",1,"[PREMIUM]","[PREMIUM]","[PREMIUM]","[PREMIUM]",true,false,"['Second Row of Section','Clear view']","2026-07-21 12:09:22"
"13411113967","2026-07-21 23:57:41.032","2026-07-21 23:57:41.032","13411113967","159264058","[PREMIUM]","[PREMIUM]","34","1","9001_9004","9001","9004",4,"[2,4]",2062,"Promenade",20,"Mobile ticket",13,"[PREMIUM]","[PREMIUM]","[PREMIUM]","[PREMIUM]",true,false,"['Limited or Obstructed View (printed on ticket)']","2026-07-20 21:15:22"
"13411185223","2026-07-21 23:57:41.032","2026-07-21 23:57:41.032","13411185223","159264058","[PREMIUM]","[PREMIUM]","204","3","_",,,2,"[2]",3805,"Legends",20,"Mobile ticket",13,"[PREMIUM]","[PREMIUM]","[PREMIUM]","[PREMIUM]",true,false,"['Limited or Obstructed View (printed on ticket)','Third Row of Section']","2026-07-20 21:20:03"
"13422906657","2026-07-21 23:57:41.032","2026-07-29 05:27:36.747","13422906657","159264058","[PREMIUM]","[PREMIUM]","FL 16","A","3_7","3","7",5,"[1,3,5]",4393,"PNC Club",20,"Mobile ticket",1,"[PREMIUM]","[PREMIUM]","[PREMIUM]","[PREMIUM]",true,false,"['Front Row of Section','Clear view']","2026-07-21 18:02:52"
"13415369717","2026-07-21 23:57:38.405","2026-07-27 06:36:06.208","13415369717","159261045","[PREMIUM]","[PREMIUM]","518","2","14_17","14","17",4,"[1,2,4]",4267,"Promenade Infield",20,"Mobile ticket",1,"[PREMIUM]","[PREMIUM]","[PREMIUM]","[PREMIUM]",true,false,"['Second Row of Section','Clear view']","2026-07-21 03:49:23"
"13415369704","2026-07-21 23:57:38.405","2026-07-30 05:26:38.740","13415369704","159261045","[PREMIUM]","[PREMIUM]","516","2","1_6","1","6",6,"[1,2,3,4,6]",4267,"Promenade Infield",20,"Mobile ticket",1,"[PREMIUM]","[PREMIUM]","[PREMIUM]","[PREMIUM]",true,false,"['Second Row of Section','Clear view']","2026-07-21 03:49:20"
"13423349450","2026-07-21 23:57:37.713","2026-07-23 22:34:03.919","13423349450","159261048","[PREMIUM]","[PREMIUM]","435","4","1_2","1","2",2,"[2]",4265,"Promenade Box",20,"Mobile ticket",1,"[PREMIUM]","[PREMIUM]","[PREMIUM]","[PREMIUM]",true,false,"['Clear view']","2026-07-21 18:42:45"
"13355788087","2026-07-21 23:57:36.743","2026-07-29 05:26:07.727","13355788087","159261045","[PREMIUM]","[PREMIUM]","403","3","5_12","5","12",8,"[1,2,3,4,5,6,8]",17120,"Promenade Baseline",20,"Mobile ticket",1,"[PREMIUM]","[PREMIUM]","[PREMIUM]","[PREMIUM]",true,false,"['Third Row of Section','Clear view']","2026-07-15 03:12:39"
"13424162146","2026-07-21 23:57:36.545","2026-07-21 23:57:36.545","13424162146","159261046","[PREMIUM]","[PREMIUM]","433","2","16_20","16","20",5,"[1,2,3,5]",4265,"Promenade Box",20,"Mobile ticket",1,"[PREMIUM]","[PREMIUM]","[PREMIUM]","[PREMIUM]",true,false,"['Second Row of Section','Clear view']","2026-07-21 20:12:44"
"13421836005","2026-07-21 23:57:35.544","2026-07-21 23:57:35.544","13421836005","159261045","[PREMIUM]","[PREMIUM]","509","5","_",,,4,"[1,2,4]",4269,"Promenade Reserved",20,"Mobile ticket",1,"[PREMIUM]","[PREMIUM]","[PREMIUM]","[PREMIUM]",true,false,"['Clear view']","2026-07-21 16:47:31"
"13421835545","2026-07-21 23:57:35.544","2026-07-21 23:57:35.544","13421835545","159261045","[PREMIUM]","[PREMIUM]","520","3","_",,,4,"[1,2,4]",4269,"Promenade Reserved",20,"Mobile ticket",1,"[PREMIUM]","[PREMIUM]","[PREMIUM]","[PREMIUM]",true,false,"['Third Row of Section','Clear view']","2026-07-21 16:47:29"
"13421835523","2026-07-21 23:57:35.544","2026-07-21 23:57:35.544","13421835523","159261045","[PREMIUM]","[PREMIUM]","519","5","_",,,4,"[1,2,4]",4269,"Promenade Reserved",20,"Mobile ticket",1,"[PREMIUM]","[PREMIUM]","[PREMIUM]","[PREMIUM]",true,false,"['Clear view']","2026-07-21 16:47:29"
"13415298889","2026-07-21 23:57:35.438","2026-07-26 05:07:13.220","13415298889","159261046","[PREMIUM]","[PREMIUM]","531","8","13_16","13","16",4,"[1,2,4]",4269,"Promenade Reserved",20,"Mobile ticket",1,"[PREMIUM]","[PREMIUM]","[PREMIUM]","[PREMIUM]",true,false,"['Clear view']","2026-07-21 03:42:31"
"13419998518","2026-07-21 23:57:33.755","2026-07-29 05:26:07.490","13419998518","159261045","[PREMIUM]","[PREMIUM]","408","3","_",,,1,"[1]",17120,"Promenade Baseline",20,"Mobile ticket",1,"[PREMIUM]","[PREMIUM]","[PREMIUM]","[PREMIUM]",false,false,"['Third Row of Section','Clear view']","2026-07-21 14:08:46"
"13421835942","2026-07-21 23:57:33.755","2026-07-21 23:57:33.755","13421835942","159261045","[PREMIUM]","[PREMIUM]","303","4","_",,,6,"[1,2,3,4,6]",17112,"Coca-Cola Corner",20,"Mobile ticket",1,"[PREMIUM]","[PREMIUM]","[PREMIUM]","[PREMIUM]",true,false,"['Clear view']","2026-07-21 16:47:31"
"13421835654","2026-07-21 23:57:33.755","2026-07-21 23:57:33.755","13421835654","159261045","[PREMIUM]","[PREMIUM]","404","3","_",,,4,"[1,2,4]",17120,"Promenade Baseline",20,"Mobile ticket",1,"[PREMIUM]","[PREMIUM]","[PREMIUM]","[PREMIUM]",true,false,"['Third Row of Section','Clear view']","2026-07-21 16:47:30"
"13421834803","2026-07-21 23:57:33.755","2026-07-21 23:57:33.755","13421834803","159261045","[PREMIUM]","[PREMIUM]","407","3","_",,,4,"[1,2,4]",17120,"Promenade Baseline",20,"Mobile ticket",1,"[PREMIUM]","[PREMIUM]","[PREMIUM]","[PREMIUM]",true,false,"['Third Row of Section','Clear view']","2026-07-21 16:47:27"
"13375866454","2026-07-21 23:57:32.768","2026-07-23 00:51:46.656","13375866454","159264058","[PREMIUM]","[PREMIUM]","Field Level 4","BB","_",,,2,"[2]",4393,"PNC Club",20,"Mobile ticket",1,"[PREMIUM]","[PREMIUM]","[PREMIUM]","[PREMIUM]",true,false,"['Second Row of Section','Clear view']","2026-07-16 19:59:06"
"13411186364","2026-07-21 23:57:32.768","2026-07-21 23:57:32.768","13411186364","159264058","[PREMIUM]","[PREMIUM]","24","A","9001_9001","9001","9001",1,"[1]",2062,"Promenade",20,"Mobile ticket",13,"[PREMIUM]","[PREMIUM]","[PREMIUM]","[PREMIUM]",false,false,"['Limited or Obstructed View (printed on ticket)','Front Row of Section']","2026-07-20 21:20:08"
"13420343723","2026-07-21 23:57:32.687","2026-07-21 23:57:32.687","13420343723","159264058","[PREMIUM]","[PREMIUM]","8","C","9001_9004","9001","9004",4,"[4]",1702,"Club Boxes",20,"Mobile ticket",13,"[PREMIUM]","[PREMIUM]","[PREMIUM]","[PREMIUM]",true,false,"['Third Row of Section','Clear view']","2026-07-21 14:39:43"
"13422486643","2026-07-21 23:57:32.687","2026-07-23 22:34:06.756","13422486643","159264058","[PREMIUM]","[PREMIUM]","10","B","5_7","5","7",3,"[1,3]",1702,"Club Boxes",20,"Mobile ticket",1,"[PREMIUM]","[PREMIUM]","[PREMIUM]","[PREMIUM]",true,false,"['Second Row of Section','Clear view']","2026-07-21 17:31:42"
"13425745374","2026-07-21 23:57:32.687","2026-07-28 06:18:16.023","13425745374","159264058","[PREMIUM]","[PREMIUM]","9","C","4_4","4","4",1,"[1]",1702,"Club Boxes",20,"Mobile ticket",1,"[PREMIUM]","[PREMIUM]","[PREMIUM]","[PREMIUM]",false,false,"['Third Row of Section','Clear view']","2026-07-21 23:42:41"
"13420231091","2026-07-21 23:57:29.928","2026-07-28 06:18:16.094","13420231091","159264058","[PREMIUM]","[PREMIUM]","Field Level 2","AA","3_6","3","6",4,"[2,4]",3762,"Dugout Club",20,"Mobile ticket",1,"[PREMIUM]","[PREMIUM]","[PREMIUM]","[PREMIUM]",true,false,"['Front Row of Section','Clear view']","2026-07-21 14:30:20"
"13370505485","2026-07-21 23:57:29.591","2026-07-21 23:57:29.591","13370505485","159264058","[PREMIUM]","[PREMIUM]","2","19","_",,,8,"[1,2,3,4,5,6,7,8]",2062,"Promenade",20,"Mobile ticket",13,"[PREMIUM]","[PREMIUM]","[PREMIUM]","[PREMIUM]",true,false,"['Clear view']","2026-07-16 10:13:28"
"13422905969","2026-07-21 23:57:29.591","2026-07-28 06:18:19.775","13422905969","159264058","[PREMIUM]","[PREMIUM]","FL 14","A","3_5","3","5",3,"[1,3]",4393,"PNC Club",20,"Mobile ticket",1,"[PREMIUM]","[PREMIUM]","[PREMIUM]","[PREMIUM]",true,false,"['Front Row of Section','Clear view']","2026-07-21 18:02:48"
"13422905864","2026-07-21 23:57:29.591","2026-07-25 05:39:37.789","13422905864","159264058","[PREMIUM]","[PREMIUM]","FL 14","E","1_3","1","3",3,"[1,3]",4393,"PNC Club",20,"Mobile ticket",1,"[PREMIUM]","[PREMIUM]","[PREMIUM]","[PREMIUM]",true,false,"['Clear view']","2026-07-21 18:02:47"
"13422904248","2026-07-21 23:57:29.591","2026-07-27 06:37:55.932","13422904248","159264058","[PREMIUM]","[PREMIUM]","FL 14","B","5_6","5","6",2,"[2]",4393,"PNC Club",20,"Mobile ticket",1,"[PREMIUM]","[PREMIUM]","[PREMIUM]","[PREMIUM]",true,false,"['Second Row of Section','Clear view']","2026-07-21 18:02:38"
"13422497626","2026-07-21 23:57:26.300","2026-07-23 22:33:59.475","13422497626","159261046","[PREMIUM]","[PREMIUM]","538","9","1_6","1","6",6,"[1,2,3,4,6]",4268,"Promenade Outfield",20,"Mobile ticket",1,"[PREMIUM]","[PREMIUM]","[PREMIUM]","[PREMIUM]",true,false,"['Clear view']","2026-07-21 17:32:18"
"13425328098","2026-07-21 23:57:26.300","2026-07-25 05:07:57.260","13425328098","159261046","[PREMIUM]","[PREMIUM]","527","17","5_7","5","7",3,"[1,3]",4269,"Promenade Reserved",20,"Mobile ticket",1,"[PREMIUM]","[PREMIUM]","[PREMIUM]","[PREMIUM]",true,false,"['Clear view']","2026-07-21 22:42:13"
"13333674985","2026-07-21 23:57:21.872","2026-08-02 05:05:52.468","13333674985","159261048","[PREMIUM]","[PREMIUM]","531","5","11_20","11","20",10,"[1,2,3,4,5,6,7,8,9,10]",4269,"Promenade Reserved",20,"Mobile ticket",1,"[PREMIUM]","[PREMIUM]","[PREMIUM]","[PREMIUM]",true,false,"['Clear view']","2026-07-12 03:13:16"
"13425043396","2026-07-21 23:57:21.872","2026-07-28 06:15:23.904","13425043396","159261048","[PREMIUM]","[PREMIUM]","532","8","3_6","3","6",4,"[1,2,4]",4268,"Promenade Outfield",20,"Mobile ticket",1,"[PREMIUM]","[PREMIUM]","[PREMIUM]","[PREMIUM]",true,false,"['Clear view']","2026-07-21 21:52:21"
"13418740139","2026-07-21 23:57:20.407","2026-08-01 05:10:39.288","13418740139","159261048","[PREMIUM]","[PREMIUM]","536","5","13_18","13","18",6,"[1,2,3,4,6]",4268,"Promenade Outfield",20,"Mobile ticket",1,"[PREMIUM]","[PREMIUM]","[PREMIUM]","[PREMIUM]",true,false,"['Clear view']","2026-07-21 11:52:13"
"13401433530","2026-07-21 23:57:20.157","2026-07-29 05:10:27.018","13401433530","159261048","[PREMIUM]","[PREMIUM]","536","6","7_11","7","11",5,"[1,2,3,5]",4268,"Promenade Outfield",20,"Mobile ticket",1,"[PREMIUM]","[PREMIUM]","[PREMIUM]","[PREMIUM]",true,false,"['Clear view']","2026-07-20 02:13:03"
"13422629851","2026-07-21 23:57:18.291","2026-07-30 05:06:24.896","13422629851","159261046","[PREMIUM]","[PREMIUM]","536","1","11_12","11","12",2,"[2]",17123,"Promenade Outfield Gold",20,"Mobile ticket",1,"[PREMIUM]","[PREMIUM]","[PREMIUM]","[PREMIUM]",true,false,"['Front Row of Section','Clear view']","2026-07-21 17:42:12"
"13416134045","2026-07-21 23:57:16.956","2026-07-23 22:33:59.601","13416134045","159261046","[PREMIUM]","[PREMIUM]","533","14","10_12","10","12",3,"[1,3]",4268,"Promenade Outfield",20,"Mobile ticket",1,"[PREMIUM]","[PREMIUM]","[PREMIUM]","[PREMIUM]",true,false,"['Clear view']","2026-07-21 05:12:28"
"13424562371","2026-07-21 23:57:16.956","2026-07-25 05:07:56.030","13424562371","159261046","[PREMIUM]","[PREMIUM]","537","12","11_14","11","14",4,"[1,2,4]",4268,"Promenade Outfield",20,"Mobile ticket",1,"[PREMIUM]","[PREMIUM]","[PREMIUM]","[PREMIUM]",true,false,"['Clear view']","2026-07-21 21:02:20"
"12868026131","2026-07-21 23:57:16.618","2026-07-23 22:33:59.437","12868026131","159264058","[PREMIUM]","[PREMIUM]","10","1","_",,,2,"[2]",2062,"Promenade",20,"Mobile ticket",1,"[PREMIUM]","[PREMIUM]","[PREMIUM]","[PREMIUM]",true,false,"['Clear view']","2026-05-30 04:23:57"
"13402836067","2026-07-21 23:57:16.618","2026-07-21 23:57:16.618","13402836067","159264058","[PREMIUM]","[PREMIUM]","3","J","_",,,4,"[1,2,3,4]",2062,"Promenade",20,"Mobile ticket",13,"[PREMIUM]","[PREMIUM]","[PREMIUM]","[PREMIUM]",true,false,"['Clear view']","2026-07-20 09:39:45"
"13425745395","2026-07-21 23:57:13.986","2026-07-21 23:57:13.986","13425745395","159264058","[PREMIUM]","[PREMIUM]","6","B","3_10","3","10",8,"[1,2,3,4,6,8]",2062,"Promenade",20,"Mobile ticket",1,"[PREMIUM]","[PREMIUM]","[PREMIUM]","[PREMIUM]",true,false,"['Second Row of Section','Clear view']","2026-07-21 23:42:41"
"13423697501","2026-07-21 23:57:13.418","2026-07-21 23:57:13.418","13423697501","159261046","[PREMIUM]","[PREMIUM]","436","2","15_16","15","16",2,"[2]",4265,"Promenade Box",20,"Mobile ticket",1,"[PREMIUM]","[PREMIUM]","[PREMIUM]","[PREMIUM]",true,false,"['Second Row of Section','Clear view']","2026-07-21 19:22:20"
"13421305493","2026-07-21 23:57:13.323","2026-07-21 23:57:13.323","13421305493","159261046","[PREMIUM]","[PREMIUM]","435","2","16_18","16","18",3,"[1,3]",4265,"Promenade Box",20,"Mobile ticket",1,"[PREMIUM]","[PREMIUM]","[PREMIUM]","[PREMIUM]",true,false,"['Second Row of Section','Clear view']","2026-07-21 16:02:28"
"13424016008","2026-07-21 23:57:12.952","2026-07-21 23:57:12.952","13424016008","159264058","[PREMIUM]","[PREMIUM]","10","2","1_2","1","2",2,"[2]",2062,"Promenade",20,"Mobile ticket",1,"[PREMIUM]","[PREMIUM]","[PREMIUM]","[PREMIUM]",true,false,"['Clear view']","2026-07-21 19:57:33"
"13419759910","2026-07-21 23:57:10.082","2026-07-21 23:57:10.082","13419759910","159264058","[PREMIUM]","[PREMIUM]","32","2","9001_9002","9001","9002",2,"[2]",2062,"Promenade",20,"Mobile ticket",13,"[PREMIUM]","[PREMIUM]","[PREMIUM]","[PREMIUM]",true,false,"['Second Row of Section','Clear view']","2026-07-21 13:45:36"
"13309083655","2026-07-21 23:57:03.174","2026-07-28 06:18:13.424","13309083655","159264058","[PREMIUM]","[PREMIUM]","36","B","1_2","1","2",2,"[2]",2062,"Promenade",20,"Mobile ticket",1,"[PREMIUM]","[PREMIUM]","[PREMIUM]","[PREMIUM]",true,false,"['Second Row of Section','Clear view']","2026-07-10 00:03:34"
"13146952703","2026-07-21 23:57:02.517","2026-07-23 22:33:58.412","13146952703","159264058","[PREMIUM]","[PREMIUM]","38","4","12_16","12","16",5,"[1,2,3,5]",2062,"Promenade",20,"Mobile ticket",1,"[PREMIUM]","[PREMIUM]","[PREMIUM]","[PREMIUM]",true,false,"['Clear view']","2026-06-25 21:51:53"
"13343050369","2026-07-21 23:57:02.102","2026-07-28 05:46:12.823","13343050369","159261047","[PREMIUM]","[PREMIUM]","433","2","_",,,2,"[2]",4265,"Promenade Box",20,"Mobile ticket",1,"[PREMIUM]","[PREMIUM]","[PREMIUM]","[PREMIUM]",true,false,"['Second Row of Section','Clear view']","2026-07-13 11:04:53"
"13419498518","2026-07-21 23:57:01.845","2026-07-26 05:40:40.245","13419498518","159264058","[PREMIUM]","[PREMIUM]","40","B","_",,,2,"[2]",2062,"Promenade",20,"Mobile ticket",1,"[PREMIUM]","[PREMIUM]","[PREMIUM]","[PREMIUM]",true,false,"['Second Row of Section','Clear view']","2026-07-21 13:21:04"
"13425285735","2026-07-21 23:57:01.845","2026-07-26 05:40:40.245","13425285735","159264058","[PREMIUM]","[PREMIUM]","38","5","_",,,4,"[2,4]",2062,"Promenade",20,"Mobile ticket",1,"[PREMIUM]","[PREMIUM]","[PREMIUM]","[PREMIUM]",true,false,"['Clear view']","2026-07-21 22:37:23"
"13418258379","2026-07-21 23:57:00.019","2026-07-23 00:51:51.071","13418258379","159264058","[PREMIUM]","[PREMIUM]","22","22","_",,,5,"[1,2,3,5]",2062,"Promenade",20,"Mobile ticket",1,"[PREMIUM]","[PREMIUM]","[PREMIUM]","[PREMIUM]",true,false,"['Clear view']","2026-07-21 10:46:57"
"13422057443","2026-07-21 23:56:35.298","2026-07-21 23:56:35.298","13422057443","159261046","[PREMIUM]","[PREMIUM]","537","14","1_2","1","2",2,"[2]",4268,"Promenade Outfield",20,"Mobile ticket",1,"[PREMIUM]","[PREMIUM]","[PREMIUM]","[PREMIUM]",true,false,"['Clear view']","2026-07-21 17:02:49"
"13425042411","2026-07-21 23:56:35.298","2026-07-23 22:33:58.413","13425042411","159261046","[PREMIUM]","[PREMIUM]","537","15","11_14","11","14",4,"[1,2,4]",4268,"Promenade Outfield",20,"Mobile ticket",1,"[PREMIUM]","[PREMIUM]","[PREMIUM]","[PREMIUM]",true,false,"['Clear view']","2026-07-21 21:52:15"
"13421835929","2026-07-21 23:56:28.505","2026-07-21 23:56:28.505","13421835929","159261045","[PREMIUM]","[PREMIUM]","506","4","_",,,4,"[1,2,4]",4269,"Promenade Reserved",20,"Mobile ticket",1,"[PREMIUM]","[PREMIUM]","[PREMIUM]","[PREMIUM]",true,false,"['Clear view']","2026-07-21 16:47:30"
"13421835861","2026-07-21 23:56:28.505","2026-07-21 23:56:28.505","13421835861","159261045","[PREMIUM]","[PREMIUM]","521","5","_",,,4,"[1,2,4]",4269,"Promenade Reserved",20,"Mobile ticket",1,"[PREMIUM]","[PREMIUM]","[PREMIUM]","[PREMIUM]",true,false,"['Clear view']","2026-07-21 16:47:30"
"13421835809","2026-07-21 23:56:28.505","2026-07-21 23:56:28.505","13421835809","159261045","[PREMIUM]","[PREMIUM]","505","3","_",,,4,"[1,2,4]",4268,"Promenade Outfield",20,"Mobile ticket",1,"[PREMIUM]","[PREMIUM]","[PREMIUM]","[PREMIUM]",true,false,"['Third Row of Section','Clear view']","2026-07-21 16:47:30"
"13421835653","2026-07-21 23:56:28.505","2026-07-21 23:56:28.505","13421835653","159261045","[PREMIUM]","[PREMIUM]","525","5","_",,,4,"[1,2,4]",4269,"Promenade Reserved",20,"Mobile ticket",1,"[PREMIUM]","[PREMIUM]","[PREMIUM]","[PREMIUM]",true,false,"['Clear view']","2026-07-21 16:47:30"
"13408213424","2026-07-21 23:56:27.787","2026-07-21 23:56:27.787","13408213424","159262883","[PREMIUM]","[PREMIUM]","246","1","_",,,1,"[1]",3418,"Terrace Club",20,"Mobile ticket",13,"[PREMIUM]","[PREMIUM]","[PREMIUM]","[PREMIUM]",false,false,"['Limited or Obstructed View (printed on ticket)','Front Row of Section']","2026-07-20 16:23:33"
"13410832916","2026-07-21 23:56:27.787","2026-07-21 23:56:27.787","13410832916","159262883","[PREMIUM]","[PREMIUM]","327","1","9001_9001","9001","9001",1,"[1]",407,"Upper",20,"Mobile ticket",13,"[PREMIUM]","[PREMIUM]","[PREMIUM]","[PREMIUM]",false,false,"['Limited or Obstructed View (printed on ticket)','Front Row of Section']","2026-07-20 20:44:55"
"13411773883","2026-07-21 23:56:27.787","2026-07-23 22:34:26.890","13411773883","159262883","[PREMIUM]","[PREMIUM]","328","1","9001_9003","9001","9003",3,"[3]",407,"Upper",20,"Mobile ticket",13,"[PREMIUM]","[PREMIUM]","[PREMIUM]","[PREMIUM]",true,false,"['Limited or Obstructed View (printed on ticket)','Front Row of Section']","2026-07-20 22:03:46"
"13420971178","2026-07-21 23:56:26.902","2026-07-21 23:56:26.902","13420971178","159262883","[PREMIUM]","[PREMIUM]","223","2","9001_9002","9001","9002",2,"[2]",3418,"Terrace Club",20,"Mobile ticket",13,"[PREMIUM]","[PREMIUM]","[PREMIUM]","[PREMIUM]",true,false,"['Second Row of Section','Clear view']","2026-07-21 15:33:46"
"13420843121","2026-07-21 23:56:26.902","2026-07-21 23:56:26.902","13420843121","159262883","[PREMIUM]","[PREMIUM]","219","4","9001_9002","9001","9002",2,"[2]",3418,"Terrace Club",20,"Mobile ticket",13,"[PREMIUM]","[PREMIUM]","[PREMIUM]","[PREMIUM]",true,false,"['Clear view']","2026-07-21 15:22:07"
"13423552927","2026-07-21 23:56:26.902","2026-07-21 23:56:26.902","13423552927","159262883","[PREMIUM]","[PREMIUM]","116","1","9001_9004","9001","9004",4,"[4]",1524,"Field",20,"Mobile ticket",13,"[PREMIUM]","[PREMIUM]","[PREMIUM]","[PREMIUM]",true,false,"['Front Row of Section','Clear view']","2026-07-21 19:03:01"
"13317263987","2026-07-21 23:56:22.429","2026-07-21 23:56:22.429","13317263987","159262883","[PREMIUM]","[PREMIUM]","215","1","9001_9002","9001","9002",2,"[2]",3418,"Terrace Club",20,"Mobile ticket",13,"[PREMIUM]","[PREMIUM]","[PREMIUM]","[PREMIUM]",true,false,"['Front Row of Section','Clear view']","2026-07-10 17:35:52"
"13411821743","2026-07-21 23:56:22.429","2026-07-21 23:56:22.429","13411821743","159262883","[PREMIUM]","[PREMIUM]","146","2","9001_9002","9001","9002",2,"[1,2]",1524,"Field",20,"Mobile ticket",13,"[PREMIUM]","[PREMIUM]","[PREMIUM]","[PREMIUM]",true,false,"['Limited or Obstructed View (printed on ticket)','Second Row of Section']","2026-07-20 22:06:54"
"13364654647","2026-07-21 23:56:20.719","2026-07-23 22:33:57.878","13364654647","159264058","[PREMIUM]","[PREMIUM]","40","6","2_2","2","2",1,"[1]",2062,"Promenade",20,"Mobile ticket",1,"[PREMIUM]","[PREMIUM]","[PREMIUM]","[PREMIUM]",false,false,"['Clear view']","2026-07-15 22:52:13"
"13407929586","2026-07-21 23:56:18.179","2026-07-21 23:56:18.179","13407929586","159262883","[PREMIUM]","[PREMIUM]","342","1","_",,,3,"[1,2,3]",407,"Upper",20,"Mobile ticket",13,"[PREMIUM]","[PREMIUM]","[PREMIUM]","[PREMIUM]",true,false,"['Limited or Obstructed View (printed on ticket)','Front Row of Section']","2026-07-20 15:56:28"
"13410934740","2026-07-21 23:56:18.179","2026-07-21 23:56:18.179","13410934740","159262883","[PREMIUM]","[PREMIUM]","193","1","9001_9004","9001","9004",4,"[1,2,3,4]",3998,"Center Field Bleachers",20,"Mobile ticket",13,"[PREMIUM]","[PREMIUM]","[PREMIUM]","[PREMIUM]",true,false,"['Limited or Obstructed View (printed on ticket)','Front Row of Section']","2026-07-20 20:54:41"
"13411815178","2026-07-21 23:56:18.179","2026-07-29 05:14:05.762","13411815178","159262883","[PREMIUM]","[PREMIUM]","341","1","9001_9002","9001","9002",2,"[2]",407,"Upper",20,"Mobile ticket",13,"[PREMIUM]","[PREMIUM]","[PREMIUM]","[PREMIUM]",true,false,"['Limited or Obstructed View (printed on ticket)','Front Row of Section']","2026-07-20 22:06:34"
"13411815448","2026-07-21 23:56:18.179","2026-07-21 23:56:18.179","13411815448","159262883","[PREMIUM]","[PREMIUM]","308","2","9001_9003","9001","9003",3,"[3]",407,"Upper",20,"Mobile ticket",13,"[PREMIUM]","[PREMIUM]","[PREMIUM]","[PREMIUM]",true,false,"['Limited or Obstructed View (printed on ticket)','Second Row of Section']","2026-07-20 22:06:35"
"13421928566","2026-07-21 23:56:13.775","2026-07-31 06:30:26.913","13421928566","159262883","[PREMIUM]","[PREMIUM]","136","9","_",,,2,"[1,2]",609,"Lower Box",20,"Mobile ticket",1,"[PREMIUM]","[PREMIUM]","[PREMIUM]","[PREMIUM]",true,false,"['Clear view']","2026-07-21 16:54:27"
"13418665214","2026-07-21 23:56:13.702","2026-07-21 23:56:13.702","13418665214","159262883","[PREMIUM]","[PREMIUM]","239","3","6_6","6","6",1,"[1]",3418,"Terrace Club",20,"Mobile ticket",1,"[PREMIUM]","[PREMIUM]","[PREMIUM]","[PREMIUM]",false,false,"['Padded Seats','Third Row of Section','Clear view']","2026-07-21 11:38:16"
"13418667759","2026-07-21 23:56:13.702","2026-07-21 23:56:13.702","13418667759","159262883","[PREMIUM]","[PREMIUM]","239","5","8_8","8","8",1,"[1]",3418,"Terrace Club",20,"Mobile ticket",1,"[PREMIUM]","[PREMIUM]","[PREMIUM]","[PREMIUM]",false,false,"['Padded Seats','Clear view']","2026-07-21 11:38:28"
"13419759606","2026-07-21 23:56:13.656","2026-07-21 23:56:13.656","13419759606","159262883","[PREMIUM]","[PREMIUM]","118","2","9001_9003","9001","9003",3,"[3]",1524,"Field",20,"Mobile ticket",13,"[PREMIUM]","[PREMIUM]","[PREMIUM]","[PREMIUM]",true,false,"['Second Row of Section','Clear view']","2026-07-21 13:45:35"
"13374564875","2026-07-21 23:56:13.590","2026-08-01 05:14:11.906","13374564875","159262883","[PREMIUM]","[PREMIUM]","120","8","_",,,4,"[4]",609,"Lower Box",20,"Mobile ticket",1,"[PREMIUM]","[PREMIUM]","[PREMIUM]","[PREMIUM]",true,false,"['Clear view']","2026-07-16 17:32:17"
"13420116359","2026-07-21 23:56:11.413","2026-07-21 23:56:11.413","13420116359","159262883","[PREMIUM]","[PREMIUM]","135","16","9001_9004","9001","9004",4,"[4]",609,"Lower Box",20,"Mobile ticket",13,"[PREMIUM]","[PREMIUM]","[PREMIUM]","[PREMIUM]",true,false,"['Clear view']","2026-07-21 14:18:05"
"13408176754","2026-07-21 23:56:11.000","2026-07-21 23:56:11.000","13408176754","159262882","[PREMIUM]","[PREMIUM]","233","1","_",,,1,"[1]",3418,"Terrace Club",20,"Mobile ticket",13,"[PREMIUM]","[PREMIUM]","[PREMIUM]","[PREMIUM]",false,false,"['Limited or Obstructed View (printed on ticket)','Front Row of Section']","2026-07-20 16:19:01"
"13410466944","2026-07-21 23:56:11.000","2026-07-28 06:17:24.737","13410466944","159262882","[PREMIUM]","[PREMIUM]","222","1","9001_9004","9001","9004",4,"[1,2,3,4]",3418,"Terrace Club",20,"Mobile ticket",13,"[PREMIUM]","[PREMIUM]","[PREMIUM]","[PREMIUM]",true,false,"['Limited or Obstructed View (printed on ticket)','Front Row of Section']","2026-07-20 20:11:23"
"13407925185","2026-07-21 23:56:09.911","2026-07-21 23:56:09.911","13407925185","159262883","[PREMIUM]","[PREMIUM]","332","1","_",,,2,"[2]",407,"Upper",20,"Mobile ticket",13,"[PREMIUM]","[PREMIUM]","[PREMIUM]","[PREMIUM]",true,false,"['Front Row of Section','Clear view']","2026-07-20 15:56:15"
"13423375998","2026-07-21 23:56:09.911","2026-07-21 23:56:09.911","13423375998","159262883","[PREMIUM]","[PREMIUM]","119","3","9001_9002","9001","9002",2,"[2]",609,"Lower Box",20,"Mobile ticket",13,"[PREMIUM]","[PREMIUM]","[PREMIUM]","[PREMIUM]",true,false,"['Third Row of Section','Clear view']","2026-07-21 18:44:48"
"13406161329","2026-07-21 23:56:09.076","2026-07-21 23:56:09.076","13406161329","159262882","[PREMIUM]","[PREMIUM]","306","2","_",,,1,"[1]",407,"Upper",20,"Mobile ticket",13,"[PREMIUM]","[PREMIUM]","[PREMIUM]","[PREMIUM]",false,false,"['Limited or Obstructed View (printed on ticket)','Second Row of Section']","2026-07-20 13:42:12"
"13410062180","2026-07-21 23:56:09.076","2026-07-21 23:56:09.076","13410062180","159262882","[PREMIUM]","[PREMIUM]","10","1","9001_9001","9001","9001",1,"[1]",3796,"All Star",20,"Mobile ticket",13,"[PREMIUM]","[PREMIUM]","[PREMIUM]","[PREMIUM]",false,false,"['Limited or Obstructed View (printed on ticket)','Front Row of Section']","2026-07-20 19:40:23"
"13422875777","2026-07-21 23:56:09.076","2026-07-21 23:56:09.076","13422875777","159262882","[PREMIUM]","[PREMIUM]","PL4","1","_",,,1,"[1]",4080,"Press Club",20,"Mobile ticket",13,"[PREMIUM]","[PREMIUM]","[PREMIUM]","[PREMIUM]",false,false,"['Limited or Obstructed View (printed on ticket)','Front Row of Section']","2026-07-21 17:58:46"
"13422893785","2026-07-21 23:56:09.076","2026-07-21 23:56:09.076","13422893785","159262882","[PREMIUM]","[PREMIUM]","33","5","_",,,2,"[2]",2408,"Diamond Club",20,"Mobile ticket",13,"[PREMIUM]","[PREMIUM]","[PREMIUM]","[PREMIUM]",true,false,"['Clear view']","2026-07-21 18:00:29"
"13408183248","2026-07-21 23:56:08.938","2026-07-21 23:56:08.938","13408183248","159262883","[PREMIUM]","[PREMIUM]","242","10","_",,,3,"[1,2,3]",3418,"Terrace Club",20,"Mobile ticket",1,"[PREMIUM]","[PREMIUM]","[PREMIUM]","[PREMIUM]",true,false,"['Clear view']","2026-07-20 16:19:56"
"13419858798","2026-07-21 23:56:08.938","2026-07-21 23:56:08.938","13419858798","159262883","[PREMIUM]","[PREMIUM]","134","16","9001_9002","9001","9002",2,"[2]",609,"Lower Box",20,"Mobile ticket",13,"[PREMIUM]","[PREMIUM]","[PREMIUM]","[PREMIUM]",true,false,"['Clear view']","2026-07-21 13:55:46"
"13407670547","2026-07-21 23:56:08.874","2026-07-21 23:56:08.874","13407670547","159262881","[PREMIUM]","[PREMIUM]","25","1","_",,,2,"[2]",2408,"Diamond Club",20,"Mobile ticket",13,"[PREMIUM]","[PREMIUM]","[PREMIUM]","[PREMIUM]",true,false,"['Limited or Obstructed View (printed on ticket)','Front Row of Section']","2026-07-20 15:35:05"
"13420703126","2026-07-21 23:56:08.773","2026-07-21 23:56:08.773","13420703126","159262883","[PREMIUM]","[PREMIUM]","224","7","9001_9002","9001","9002",2,"[2]",3418,"Terrace Club",20,"Mobile ticket",13,"[PREMIUM]","[PREMIUM]","[PREMIUM]","[PREMIUM]",true,false,"['Clear view']","2026-07-21 15:10:39"
"13408229406","2026-07-21 23:56:08.477","2026-07-21 23:56:08.477","13408229406","159262881","[PREMIUM]","[PREMIUM]","112","1","_",,,1,"[1]",1524,"Field",20,"Mobile ticket",13,"[PREMIUM]","[PREMIUM]","[PREMIUM]","[PREMIUM]",false,false,"['Limited or Obstructed View (printed on ticket)','Front Row of Section']","2026-07-20 16:25:39"
"13411395113","2026-07-21 23:56:08.477","2026-07-23 00:51:36.167","13411395113","159262881","[PREMIUM]","[PREMIUM]","125","9","9001_9001","9001","9001",1,"[1]",609,"Lower Box",20,"Mobile ticket",13,"[PREMIUM]","[PREMIUM]","[PREMIUM]","[PREMIUM]",false,false,"['Limited or Obstructed View (printed on ticket)','Front Row of Section']","2026-07-20 21:34:42"
"13362834953","2026-07-21 23:56:08.027","2026-07-27 06:37:13.481","13362834953","159262311","[PREMIUM]","[PREMIUM]","FC108","I","1_2","1","2",2,"[2]",3603,"Field Club",20,"Mobile ticket",1,"[PREMIUM]","[PREMIUM]","[PREMIUM]","[PREMIUM]",true,false,"['Clear view']","2026-07-15 18:02:23"
"13422184609","2026-07-21 23:56:08.027","2026-07-21 23:56:08.027","13422184609","159262311","[PREMIUM]","[PREMIUM]","PLB125","3","_",,,2,"[2]",3977,"Premium Lower Box",20,"Mobile ticket",1,"[PREMIUM]","[PREMIUM]","[PREMIUM]","[PREMIUM]",true,false,"['Third Row of Section','Clear view']","2026-07-21 17:10:18"
"13419517471","2026-07-21 23:56:07.794","2026-07-21 23:56:07.794","13419517471","159262883","[PREMIUM]","[PREMIUM]","126","18","9001_9002","9001","9002",2,"[2]",609,"Lower Box",20,"Mobile ticket",13,"[PREMIUM]","[PREMIUM]","[PREMIUM]","[PREMIUM]",true,false,"['Second Row of Section','Clear view']","2026-07-21 13:22:13"
"13408196200","2026-07-21 23:56:01.979","2026-07-21 23:56:01.979","13408196200","159262882","[PREMIUM]","[PREMIUM]","186","1","_",,,3,"[1,2,3]",3460,"Left Field Bleachers",20,"Mobile ticket",13,"[PREMIUM]","[PREMIUM]","[PREMIUM]","[PREMIUM]",true,false,"['Limited or Obstructed View (printed on ticket)','Front Row of Section']","2026-07-20 16:21:50"
"13410327432","2026-07-21 23:56:01.979","2026-07-21 23:56:01.979","13410327432","159262882","[PREMIUM]","[PREMIUM]","315","1","9001_9002","9001","9002",2,"[1,2]",407,"Upper",20,"Mobile ticket",13,"[PREMIUM]","[PREMIUM]","[PREMIUM]","[PREMIUM]",true,false,"['Limited or Obstructed View (printed on ticket)','Front Row of Section']","2026-07-20 19:58:33"
"13420091261","2026-07-21 23:56:01.979","2026-07-25 05:38:23.588","13420091261","159262882","[PREMIUM]","[PREMIUM]","9","3","_",,,2,"[2]",3796,"All Star",20,"Mobile ticket",1,"[PREMIUM]","[PREMIUM]","[PREMIUM]","[PREMIUM]",true,false,"['Third Row of Section','Clear view']","2026-07-21 14:16:02"
"13422878522","2026-07-21 23:56:01.979","2026-07-21 23:56:01.979","13422878522","159262882","[PREMIUM]","[PREMIUM]","185","2","_",,,3,"[1,2,3]",3460,"Left Field Bleachers",20,"Mobile ticket",13,"[PREMIUM]","[PREMIUM]","[PREMIUM]","[PREMIUM]",true,false,"['Limited or Obstructed View (printed on ticket)','Second Row of Section']","2026-07-21 17:58:56"
"13419700011","2026-07-21 23:55:56.853","2026-07-21 23:55:56.853","13419700011","159262883","[PREMIUM]","[PREMIUM]","331","1","9001_9004","9001","9004",4,"[4]",407,"Upper",20,"Mobile ticket",13,"[PREMIUM]","[PREMIUM]","[PREMIUM]","[PREMIUM]",true,false,"['Front Row of Section','Clear view']","2026-07-21 13:40:05"
"13408177140","2026-07-21 23:55:54.023","2026-07-21 23:55:54.023","13408177140","159262882","[PREMIUM]","[PREMIUM]","226","2","_",,,2,"[2]",3418,"Terrace Club",20,"Mobile ticket",13,"[PREMIUM]","[PREMIUM]","[PREMIUM]","[PREMIUM]",true,false,"['Limited or Obstructed View (printed on ticket)','Second Row of Section']","2026-07-20 16:19:04"
"13408177011","2026-07-21 23:55:54.023","2026-07-21 23:55:54.023","13408177011","159262882","[PREMIUM]","[PREMIUM]","233","2","_",,,4,"[1,2,4]",3418,"Terrace Club",20,"Mobile ticket",13,"[PREMIUM]","[PREMIUM]","[PREMIUM]","[PREMIUM]",true,false,"['Limited or Obstructed View (printed on ticket)','Second Row of Section']","2026-07-20 16:19:03"
"13410215119","2026-07-21 23:55:54.023","2026-07-21 23:55:54.023","13410215119","159262882","[PREMIUM]","[PREMIUM]","195","2","9001_9003","9001","9003",3,"[1,2,3]",3998,"Center Field Bleachers",20,"Mobile ticket",13,"[PREMIUM]","[PREMIUM]","[PREMIUM]","[PREMIUM]",true,false,"['Limited or Obstructed View (printed on ticket)','Second Row of Section']","2026-07-20 19:50:05"
"13420091153","2026-07-21 23:55:54.023","2026-07-27 06:37:15.541","13420091153","159262882","[PREMIUM]","[PREMIUM]","8","1","_",,,2,"[2]",3796,"All Star",20,"Mobile ticket",1,"[PREMIUM]","[PREMIUM]","[PREMIUM]","[PREMIUM]",true,false,"['Front Row of Section','Clear view']","2026-07-21 14:16:01"
"13403128759","2026-07-21 23:55:54.004","2026-07-21 23:55:54.004","13403128759","159262881","[PREMIUM]","[PREMIUM]","227","3","_",,,3,"[1,3]",3418,"Terrace Club",20,"Mobile ticket",13,"[PREMIUM]","[PREMIUM]","[PREMIUM]","[PREMIUM]",true,false,"['Limited or Obstructed View (printed on ticket)','Third Row of Section']","2026-07-20 09:57:53"
"13411331016","2026-07-21 23:55:54.004","2026-07-21 23:55:54.004","13411331016","159262881","[PREMIUM]","[PREMIUM]","193","1","9001_9002","9001","9002",2,"[1,2]",3998,"Center Field Bleachers",20,"Mobile ticket",13,"[PREMIUM]","[PREMIUM]","[PREMIUM]","[PREMIUM]",true,false,"['Limited or Obstructed View (printed on ticket)','Front Row of Section']","2026-07-20 21:30:34"
"13411410888","2026-07-21 23:55:54.004","2026-07-23 00:51:36.094","13411410888","159262881","[PREMIUM]","[PREMIUM]","112","2","9001_9002","9001","9002",2,"[2]",1524,"Field",20,"Mobile ticket",13,"[PREMIUM]","[PREMIUM]","[PREMIUM]","[PREMIUM]",true,false,"['Limited or Obstructed View (printed on ticket)','Second Row of Section']","2026-07-20 21:36:19"
"13419598143","2026-07-21 23:55:54.004","2026-07-21 23:55:54.004","13419598143","159262881","[PREMIUM]","[PREMIUM]","342","1","_",,,3,"[1,2,3]",407,"Upper",20,"Mobile ticket",13,"[PREMIUM]","[PREMIUM]","[PREMIUM]","[PREMIUM]",true,false,"['Limited or Obstructed View (printed on ticket)','Front Row of Section']","2026-07-21 13:31:26"
"13345406075","2026-07-21 23:55:53.899","2026-07-31 06:30:26.653","13345406075","159262883","[PREMIUM]","[PREMIUM]","143","1","7_8","7","8",2,"[2]",1524,"Field",20,"Mobile ticket",1,"[PREMIUM]","[PREMIUM]","[PREMIUM]","[PREMIUM]",true,false,"['Actual 1st row of the section','Padded Seats','Premier Seat','Clear view']","2026-07-13 20:43:52"
"13414734021","2026-07-21 23:55:53.899","2026-07-30 05:14:29.868","13414734021","159262883","[PREMIUM]","[PREMIUM]","141","5","9_14","9","14",6,"[1,2,4,6]",609,"Lower Box",20,"Mobile ticket",1,"[PREMIUM]","[PREMIUM]","[PREMIUM]","[PREMIUM]",true,false,"['Clear view']","2026-07-21 02:38:22"
"13420936182","2026-07-21 23:55:53.899","2026-07-21 23:55:53.899","13420936182","159262883","[PREMIUM]","[PREMIUM]","238","6","9001_9002","9001","9002",2,"[2]",3418,"Terrace Club",20,"Mobile ticket",13,"[PREMIUM]","[PREMIUM]","[PREMIUM]","[PREMIUM]",true,false,"['Clear view']","2026-07-21 15:30:31"
"13422233115","2026-07-21 23:55:53.899","2026-07-21 23:55:53.899","13422233115","159262883","[PREMIUM]","[PREMIUM]","111","14","9001_9001","9001","9001",1,"[1]",1524,"Field",20,"Mobile ticket",1,"[PREMIUM]","[PREMIUM]","[PREMIUM]","[PREMIUM]",false,false,"['Clear view']","2026-07-21 17:13:33"
"13419825351","2026-07-21 23:55:52.331","2026-07-21 23:55:52.331","13419825351","159262881","[PREMIUM]","[PREMIUM]","120","8","9001_9004","9001","9004",4,"[4]",609,"Lower Box",20,"Mobile ticket",13,"[PREMIUM]","[PREMIUM]","[PREMIUM]","[PREMIUM]",true,false,"['Clear view']","2026-07-21 13:53:06"
"13419588712","2026-07-21 23:55:52.331","2026-07-21 23:55:52.331","13419588712","159262881","[PREMIUM]","[PREMIUM]","237","1","9001_9002","9001","9002",2,"[2]",3418,"Terrace Club",20,"Mobile ticket",13,"[PREMIUM]","[PREMIUM]","[PREMIUM]","[PREMIUM]",true,false,"['Front Row of Section','Clear view']","2026-07-21 13:30:52"
"13419832521","2026-07-21 23:55:52.331","2026-07-21 23:55:52.331","13419832521","159262881","[PREMIUM]","[PREMIUM]","136","12","9001_9002","9001","9002",2,"[2]",609,"Lower Box",20,"Mobile ticket",13,"[PREMIUM]","[PREMIUM]","[PREMIUM]","[PREMIUM]",true,false,"['Clear view']","2026-07-21 13:53:42"
"13425239981","2026-07-21 23:55:52.331","2026-07-21 23:55:52.331","13425239981","159262881","[PREMIUM]","[PREMIUM]","224","1","9001_9004","9001","9004",4,"[4]",3418,"Terrace Club",20,"Mobile ticket",13,"[PREMIUM]","[PREMIUM]","[PREMIUM]","[PREMIUM]",true,false,"['Front Row of Section','Clear view']","2026-07-21 22:25:07"
"13407641715","2026-07-21 23:55:52.296","2026-07-21 23:55:52.296","13407641715","159262881","[PREMIUM]","[PREMIUM]","344","1","9001_9003","9001","9003",3,"[1,2,3]",407,"Upper",20,"Mobile ticket",13,"[PREMIUM]","[PREMIUM]","[PREMIUM]","[PREMIUM]",true,false,"['Limited or Obstructed View (printed on ticket)','Front Row of Section']","2026-07-20 15:33:01"
"13411428103","2026-07-21 23:55:52.296","2026-07-21 23:55:52.296","13411428103","159262881","[PREMIUM]","[PREMIUM]","194","1","9001_9004","9001","9004",4,"[1,2,3,4]",3998,"Center Field Bleachers",20,"Mobile ticket",13,"[PREMIUM]","[PREMIUM]","[PREMIUM]","[PREMIUM]",true,false,"['Limited or Obstructed View (printed on ticket)','Front Row of Section']","2026-07-20 21:38:25"
"13411356948","2026-07-21 23:55:52.296","2026-07-21 23:55:52.296","13411356948","159262881","[PREMIUM]","[PREMIUM]","191","1","9001_9002","9001","9002",2,"[1,2]",3998,"Center Field Bleachers",20,"Mobile ticket",13,"[PREMIUM]","[PREMIUM]","[PREMIUM]","[PREMIUM]",true,false,"['Limited or Obstructed View (printed on ticket)','Front Row of Section']","2026-07-20 21:32:21"
"13414367331","2026-07-21 23:55:52.296","2026-07-21 23:55:52.296","13414367331","159262881","[PREMIUM]","[PREMIUM]","195","1","_",,,1,"[1]",3998,"Center Field Bleachers",20,"Mobile ticket",13,"[PREMIUM]","[PREMIUM]","[PREMIUM]","[PREMIUM]",false,false,"['Limited or Obstructed View (printed on ticket)','Front Row of Section']","2026-07-21 02:07:01"
"13417439646","2026-07-21 23:55:52.296","2026-07-21 23:55:52.296","13417439646","159262881","[PREMIUM]","[PREMIUM]","313","1","_",,,3,"[1,2,3]",407,"Upper",20,"Mobile ticket",13,"[PREMIUM]","[PREMIUM]","[PREMIUM]","[PREMIUM]",true,false,"['Limited or Obstructed View (printed on ticket)','Front Row of Section']","2026-07-21 08:31:30"
"13419591134","2026-07-21 23:55:52.290","2026-07-21 23:55:52.290","13419591134","159262881","[PREMIUM]","[PREMIUM]","331","1","9001_9004","9001","9004",4,"[4]",407,"Upper",20,"Mobile ticket",13,"[PREMIUM]","[PREMIUM]","[PREMIUM]","[PREMIUM]",true,false,"['Front Row of Section','Clear view']","2026-07-21 13:31:00"
"13421042841","2026-07-21 23:55:52.290","2026-07-21 23:55:52.290","13421042841","159262881","[PREMIUM]","[PREMIUM]","136","14","9001_9002","9001","9002",2,"[2]",609,"Lower Box",20,"Mobile ticket",13,"[PREMIUM]","[PREMIUM]","[PREMIUM]","[PREMIUM]",true,false,"['Clear view']","2026-07-21 15:40:36"
"13425240122","2026-07-21 23:55:52.290","2026-07-21 23:55:52.290","13425240122","159262881","[PREMIUM]","[PREMIUM]","122","12","9001_9002","9001","9002",2,"[2]",609,"Lower Box",20,"Mobile ticket",13,"[PREMIUM]","[PREMIUM]","[PREMIUM]","[PREMIUM]",true,false,"['Clear view']","2026-07-21 22:25:11"
"13408562307","2026-07-21 23:55:51.998","2026-07-25 05:38:18.523","13408562307","159262882","[PREMIUM]","[PREMIUM]","123","33","_",,,5,"[1,2,3,5]",609,"Lower Box",20,"Mobile ticket",1,"[PREMIUM]","[PREMIUM]","[PREMIUM]","[PREMIUM]",true,false,"['Clear view']","2026-07-20 17:01:48"
"13425068641","2026-07-21 23:55:51.998","2026-07-21 23:55:51.998","13425068641","159262882","[PREMIUM]","[PREMIUM]","105","30","_",,,3,"[1,2,3]",2014,"Lower Outfield",20,"Mobile ticket",13,"[PREMIUM]","[PREMIUM]","[PREMIUM]","[PREMIUM]",true,false,"['Clear view']","2026-07-21 21:56:38"
"13410145908","2026-07-21 23:55:51.676","2026-07-21 23:55:51.676","13410145908","159262882","[PREMIUM]","[PREMIUM]","192","1","9001_9003","9001","9003",3,"[1,2,3]",3998,"Center Field Bleachers",20,"Mobile ticket",13,"[PREMIUM]","[PREMIUM]","[PREMIUM]","[PREMIUM]",true,false,"['Limited or Obstructed View (printed on ticket)','Front Row of Section']","2026-07-20 19:45:10"
"13410442505","2026-07-21 23:55:51.676","2026-07-21 23:55:51.676","13410442505","159262882","[PREMIUM]","[PREMIUM]","194","1","9001_9001","9001","9001",1,"[1]",3998,"Center Field Bleachers",20,"Mobile ticket",13,"[PREMIUM]","[PREMIUM]","[PREMIUM]","[PREMIUM]",false,false,"['Limited or Obstructed View (printed on ticket)','Front Row of Section']","2026-07-20 20:09:16"
"13420630756","2026-07-21 23:55:51.676","2026-07-21 23:55:51.676","13420630756","159262882","[PREMIUM]","[PREMIUM]","136","6","9001_9002","9001","9002",2,"[2]",609,"Lower Box",20,"Mobile ticket",13,"[PREMIUM]","[PREMIUM]","[PREMIUM]","[PREMIUM]",true,false,"['Second Row of Section','Clear view']","2026-07-21 15:03:17"
"13392841382","2026-07-21 23:55:51.272","2026-07-21 23:55:51.272","13392841382","159262311","[PREMIUM]","[PREMIUM]","FC119","N","_",,,2,"[2]",3603,"Field Club",20,"Mobile ticket",1,"[PREMIUM]","[PREMIUM]","[PREMIUM]","[PREMIUM]",true,false,"['Clear view']","2026-07-18 20:50:20"
"13407667112","2026-07-21 23:55:51.065","2026-07-21 23:55:51.065","13407667112","159262881","[PREMIUM]","[PREMIUM]","307","2","9001_9008","9001","9008",8,"[1,2,3,4,5,6,7,8]",407,"Upper",20,"Mobile ticket",13,"[PREMIUM]","[PREMIUM]","[PREMIUM]","[PREMIUM]",true,false,"['Limited or Obstructed View (printed on ticket)','Second Row of Section']","2026-07-20 15:34:18"
"13411418714","2026-07-21 23:55:51.065","2026-07-25 05:18:58.329","13411418714","159262881","[PREMIUM]","[PREMIUM]","329","1","9001_9003","9001","9003",3,"[1,3]",407,"Upper",20,"Mobile ticket",13,"[PREMIUM]","[PREMIUM]","[PREMIUM]","[PREMIUM]",true,false,"['Limited or Obstructed View (printed on ticket)','Front Row of Section']","2026-07-20 21:36:58"
"13416150961","2026-07-21 23:55:51.065","2026-07-27 05:57:25.187","13416150961","159262881","[PREMIUM]","[PREMIUM]","122","7","_",,,2,"[2]",609,"Lower Box",20,"Mobile ticket",1,"[PREMIUM]","[PREMIUM]","[PREMIUM]","[PREMIUM]",true,false,"['Aisle seat','Premier Seat','Actual 3rd row of section','Within 10 Rows of Field','Directly behind the dugout','Within 10 Rows of Home Dugout','Padded Seats','Actual Third Row Over Home Dugout','Clear view']","2026-07-21 05:14:49"
"10943796447","2026-07-21 23:55:51.032","2026-07-21 23:55:51.032","10943796447","159262883","[PREMIUM]","[PREMIUM]","132","16","9_10","9","10",2,"[2]",609,"Lower Box",20,"Mobile ticket",1,"[PREMIUM]","[PREMIUM]","[PREMIUM]","[PREMIUM]",true,false,"['Clear view']","2025-11-24 18:46:57"
"13420680850","2026-07-21 23:55:49.331","2026-07-21 23:55:49.331","13420680850","159262311","[PREMIUM]","[PREMIUM]","PLB121","24","_",,,4,"[4]",3977,"Premium Lower Box",20,"Mobile ticket",1,"[PREMIUM]","[PREMIUM]","[PREMIUM]","[PREMIUM]",true,false,"['Second Row of Section','Clear view']","2026-07-21 15:08:50"
"13419589828","2026-07-21 23:55:49.228","2026-07-21 23:55:49.228","13419589828","159262881","[PREMIUM]","[PREMIUM]","110","23","9001_9003","9001","9003",3,"[3]",1524,"Field",20,"Mobile ticket",13,"[PREMIUM]","[PREMIUM]","[PREMIUM]","[PREMIUM]",true,false,"['Front Row of Section','Clear view']","2026-07-21 13:30:56"
"13419678043","2026-07-21 23:55:49.228","2026-07-21 23:55:49.228","13419678043","159262881","[PREMIUM]","[PREMIUM]","214","1","9001_9002","9001","9002",2,"[2]",3418,"Terrace Club",20,"Mobile ticket",13,"[PREMIUM]","[PREMIUM]","[PREMIUM]","[PREMIUM]",true,false,"['Front Row of Section','Clear view']","2026-07-21 13:38:54"
"13415331335","2026-07-21 23:55:49.096","2026-07-29 05:13:59.252","13415331335","159262883","[PREMIUM]","[PREMIUM]","131","18","1_2","1","2",2,"[2]",609,"Lower Box",20,"Mobile ticket",1,"[PREMIUM]","[PREMIUM]","[PREMIUM]","[PREMIUM]",true,false,"['Second Row of Section','Clear view']","2026-07-21 03:44:38"
"13419679244","2026-07-21 23:55:49.060","2026-07-21 23:55:49.060","13419679244","159262881","[PREMIUM]","[PREMIUM]","309","1","9001_9004","9001","9004",4,"[4]",407,"Upper",20,"Mobile ticket",13,"[PREMIUM]","[PREMIUM]","[PREMIUM]","[PREMIUM]",true,false,"['Front Row of Section','Clear view']","2026-07-21 13:38:57"
"13408565883","2026-07-21 23:55:47.406","2026-07-23 00:51:35.648","13408565883","159262882","[PREMIUM]","[PREMIUM]","239","1","_",,,4,"[1,2,4]",3418,"Terrace Club",20,"Mobile ticket",1,"[PREMIUM]","[PREMIUM]","[PREMIUM]","[PREMIUM]",true,false,"['Front Row of Section','Clear view']","2026-07-20 17:02:14"
"13419327890","2026-07-21 23:55:46.326","2026-07-21 23:55:46.326","13419327890","159262882","[PREMIUM]","[PREMIUM]","237","1","9001_9002","9001","9002",2,"[2]",3418,"Terrace Club",20,"Mobile ticket",13,"[PREMIUM]","[PREMIUM]","[PREMIUM]","[PREMIUM]",true,false,"['Front Row of Section','Clear view']","2026-07-21 13:03:14"
"13421050769","2026-07-21 23:55:46.326","2026-07-21 23:55:46.326","13421050769","159262882","[PREMIUM]","[PREMIUM]","118","4","9001_9002","9001","9002",2,"[2]",1524,"Field",20,"Mobile ticket",13,"[PREMIUM]","[PREMIUM]","[PREMIUM]","[PREMIUM]",true,false,"['Clear view']","2026-07-21 15:41:53"
"13423269678","2026-07-21 23:55:46.326","2026-07-21 23:55:46.326","13423269678","159262882","[PREMIUM]","[PREMIUM]","227","1","9001_9002","9001","9002",2,"[2]",3418,"Terrace Club",20,"Mobile ticket",13,"[PREMIUM]","[PREMIUM]","[PREMIUM]","[PREMIUM]",true,false,"['Front Row of Section','Clear view']","2026-07-21 18:34:55"
"13424453437","2026-07-21 23:55:46.326","2026-07-21 23:55:46.326","13424453437","159262882","[PREMIUM]","[PREMIUM]","221","1","9001_9002","9001","9002",2,"[2]",3418,"Terrace Club",20,"Mobile ticket",13,"[PREMIUM]","[PREMIUM]","[PREMIUM]","[PREMIUM]",true,false,"['Front Row of Section','Clear view']","2026-07-21 20:47:33"
"13425776121","2026-07-21 23:55:46.214","2026-07-21 23:55:46.214","13425776121","159262311","[PREMIUM]","[PREMIUM]","VB317","A","_",,,4,"[4]",3382,"View Box",20,"Mobile ticket",1,"[PREMIUM]","[PREMIUM]","[PREMIUM]","[PREMIUM]",true,false,"['Front Row of Section','Clear view']","2026-07-21 23:47:46"
"13419328990","2026-07-21 23:55:46.056","2026-07-21 23:55:46.056","13419328990","159262882","[PREMIUM]","[PREMIUM]","226","5","9001_9002","9001","9002",2,"[2]",3418,"Terrace Club",20,"Mobile ticket",13,"[PREMIUM]","[PREMIUM]","[PREMIUM]","[PREMIUM]",true,false,"['Clear view']","2026-07-21 13:03:17"
"13423270293","2026-07-21 23:55:46.056","2026-07-21 23:55:46.056","13423270293","159262882","[PREMIUM]","[PREMIUM]","119","3","9001_9002","9001","9002",2,"[2]",609,"Lower Box",20,"Mobile ticket",13,"[PREMIUM]","[PREMIUM]","[PREMIUM]","[PREMIUM]",true,false,"['Third Row of Section','Clear view']","2026-07-21 18:34:58"
"13424955950","2026-07-21 23:55:45.658","2026-07-29 05:13:59.126","13424955950","159262883","[PREMIUM]","[PREMIUM]","240","2","11_12","11","12",2,"[2]",3418,"Terrace Club",20,"Mobile ticket",1,"[PREMIUM]","[PREMIUM]","[PREMIUM]","[PREMIUM]",true,false,"['Second Row of Section','Clear view']","2026-07-21 21:40:21"
"13393310616","2026-07-21 23:55:45.581","2026-07-21 23:55:45.581","13393310616","159262881","[PREMIUM]","[PREMIUM]","238","2","1_1","1","1",1,"[1]",3418,"Terrace Club",20,"Mobile ticket",1,"[PREMIUM]","[PREMIUM]","[PREMIUM]","[PREMIUM]",false,false,"['Limited or Obstructed View (printed on ticket)','Second Row of Section']","2026-07-18 22:39:22"
"13419677812","2026-07-21 23:55:45.425","2026-07-21 23:55:45.425","13419677812","159262881","[PREMIUM]","[PREMIUM]","109","23","9001_9002","9001","9002",2,"[2]",2014,"Lower Outfield",20,"Mobile ticket",13,"[PREMIUM]","[PREMIUM]","[PREMIUM]","[PREMIUM]",true,false,"['Front Row of Section','Clear view']","2026-07-21 13:38:53"
"13421067995","2026-07-21 23:55:44.226","2026-07-28 06:17:20.602","13421067995","159262882","[PREMIUM]","[PREMIUM]","107","23","_",,,1,"[1]",2014,"Lower Outfield",20,"Mobile ticket",1,"[PREMIUM]","[PREMIUM]","[PREMIUM]","[PREMIUM]",false,false,"['Front Row of Section','Clear view']","2026-07-21 15:42:37"
"12824368530","2026-07-21 23:55:44.161","2026-07-30 05:14:29.216","12824368530","159262883","[PREMIUM]","[PREMIUM]","137","14","7_8","7","8",2,"[2]",609,"Lower Box",20,"Mobile ticket",1,"[PREMIUM]","[PREMIUM]","[PREMIUM]","[PREMIUM]",true,false,"['Clear view']","2026-05-26 18:05:06"
"13423223288","2026-07-21 23:55:44.161","2026-07-21 23:55:44.161","13423223288","159262883","[PREMIUM]","[PREMIUM]","114","10","_",,,2,"[2]",1524,"Field",20,"Mobile ticket",1,"[PREMIUM]","[PREMIUM]","[PREMIUM]","[PREMIUM]",true,false,"['Clear view']","2026-07-21 18:32:11"
"13425021932","2026-07-21 23:55:44.021","2026-07-21 23:55:44.021","13425021932","159262883","[PREMIUM]","[PREMIUM]","149","37","_",,,10,"[1,2,3,4,5,6,7,8,9,10]",1524,"Field",20,"Mobile ticket",1,"[PREMIUM]","[PREMIUM]","[PREMIUM]","[PREMIUM]",true,false,"['Clear view']","2026-07-21 21:48:24"
"13424060784","2026-07-21 23:55:43.635","2026-07-21 23:55:43.635","13424060784","159262881","[PREMIUM]","[PREMIUM]","118","6","9001_9002","9001","9002",2,"[2]",1524,"Field",20,"Mobile ticket",13,"[PREMIUM]","[PREMIUM]","[PREMIUM]","[PREMIUM]",true,false,"['Clear view']","2026-07-21 20:03:05"
"13424930166","2026-07-21 23:55:43.635","2026-07-21 23:55:43.635","13424930166","159262881","[PREMIUM]","[PREMIUM]","105","26","9001_9003","9001","9003",3,"[3]",2014,"Lower Outfield",20,"Mobile ticket",13,"[PREMIUM]","[PREMIUM]","[PREMIUM]","[PREMIUM]",true,false,"['Clear view']","2026-07-21 21:37:09"
"13424797107","2026-07-21 23:55:43.276","2026-07-21 23:55:43.276","13424797107","159262882","[PREMIUM]","[PREMIUM]","127","24","9_10","9","10",2,"[2]",609,"Lower Box",20,"Mobile ticket",1,"[PREMIUM]","[PREMIUM]","[PREMIUM]","[PREMIUM]",true,false,"['Clear view']","2026-07-21 21:23:04"
"13415240267","2026-07-21 23:55:43.056","2026-07-23 22:34:25.714","13415240267","159262881","[PREMIUM]","[PREMIUM]","131","18","1_2","1","2",2,"[2]",609,"Lower Box",20,"Mobile ticket",1,"[PREMIUM]","[PREMIUM]","[PREMIUM]","[PREMIUM]",true,false,"['Second Row of Section','Clear view']","2026-07-21 03:36:39"
"13420916559","2026-07-21 23:55:40.431","2026-07-21 23:55:40.431","13420916559","159262311","[PREMIUM]","[PREMIUM]","PLB116","23","_",,,2,"[2]",3977,"Premium Lower Box",20,"Mobile ticket",1,"[PREMIUM]","[PREMIUM]","[PREMIUM]","[PREMIUM]",true,false,"['Front Row of Section','Clear view']","2026-07-21 15:28:49"
"13425415596","2026-07-21 23:55:40.392","2026-07-21 23:55:40.392","13425415596","159262881","[PREMIUM]","[PREMIUM]","248","3","_",,,6,"[1,2,3,4,5,6]",3418,"Terrace Club",20,"Mobile ticket",1,"[PREMIUM]","[PREMIUM]","[PREMIUM]","[PREMIUM]",true,false,"['Third Row of Section','Clear view']","2026-07-21 22:56:16"
"12867812864","2026-07-21 23:55:40.213","2026-07-23 22:33:52.739","12867812864","159262311","[PREMIUM]","[PREMIUM]","PLB123","24","_",,,2,"[2]",3977,"Premium Lower Box",20,"Mobile ticket",1,"[PREMIUM]","[PREMIUM]","[PREMIUM]","[PREMIUM]",true,false,"['Second Row of Section','Clear view']","2026-05-30 03:55:18"
"13424012537","2026-07-21 23:55:40.213","2026-07-23 00:51:26.220","13424012537","159262311","[PREMIUM]","[PREMIUM]","FC122","K","9_10","9","10",2,"[2]",3603,"Field Club",20,"Mobile ticket",1,"[PREMIUM]","[PREMIUM]","[PREMIUM]","[PREMIUM]",true,false,"['Clear view']","2026-07-21 19:57:04"
"13415787800","2026-07-21 23:55:40.184","2026-07-27 05:57:14.686","13415787800","159262881","[PREMIUM]","[PREMIUM]","233","3","_",,,3,"[1,3]",3418,"Terrace Club",20,"Mobile ticket",1,"[PREMIUM]","[PREMIUM]","[PREMIUM]","[PREMIUM]",true,false,"['Third Row of Section','Clear view']","2026-07-21 04:36:15"
"13419809560","2026-07-21 23:55:40.184","2026-07-21 23:55:40.184","13419809560","159262881","[PREMIUM]","[PREMIUM]","133","17","9001_9002","9001","9002",2,"[2]",609,"Lower Box",20,"Mobile ticket",13,"[PREMIUM]","[PREMIUM]","[PREMIUM]","[PREMIUM]",true,false,"['Front Row of Section','Clear view']","2026-07-21 13:51:40"
"13415284607","2026-07-21 23:55:39.790","2026-07-28 06:17:20.585","13415284607","159262882","[PREMIUM]","[PREMIUM]","131","18","1_2","1","2",2,"[2]",609,"Lower Box",20,"Mobile ticket",1,"[PREMIUM]","[PREMIUM]","[PREMIUM]","[PREMIUM]",true,false,"['Second Row of Section','Clear view']","2026-07-21 03:40:49"
"13280411482","2026-07-21 23:55:39.618","2026-07-23 00:51:35.479","13280411482","159262882","[PREMIUM]","[PREMIUM]","123","13","_",,,4,"[2,4]",609,"Lower Box",20,"Mobile ticket",1,"[PREMIUM]","[PREMIUM]","[PREMIUM]","[PREMIUM]",true,false,"['Clear view']","2026-07-08 03:32:34"
"13369028640","2026-07-21 23:55:39.618","2026-07-21 23:55:39.618","13369028640","159262882","[PREMIUM]","[PREMIUM]","111","17","9001_9001","9001","9001",1,"[1]",1524,"Field",20,"Mobile ticket",1,"[PREMIUM]","[PREMIUM]","[PREMIUM]","[PREMIUM]",false,false,"['Clear view']","2026-07-16 06:40:22"
"13421997137","2026-07-21 23:55:39.618","2026-07-29 05:15:06.360","13421997137","159262882","[PREMIUM]","[PREMIUM]","136","9","_",,,2,"[1,2]",609,"Lower Box",20,"Mobile ticket",1,"[PREMIUM]","[PREMIUM]","[PREMIUM]","[PREMIUM]",true,false,"['Clear view']","2026-07-21 16:58:33"
"13419324088","2026-07-21 23:55:39.490","2026-07-21 23:55:39.490","13419324088","159262882","[PREMIUM]","[PREMIUM]","149","17","9001_9002","9001","9002",2,"[2]",1524,"Field",20,"Mobile ticket",13,"[PREMIUM]","[PREMIUM]","[PREMIUM]","[PREMIUM]",true,false,"['Clear view']","2026-07-21 13:03:06"
"13423839655","2026-07-21 23:55:39.490","2026-07-21 23:55:39.490","13423839655","159262882","[PREMIUM]","[PREMIUM]","129",,"_",,,2,"[2]",609,"Lower Box",20,"Mobile ticket",13,"[PREMIUM]","[PREMIUM]","[PREMIUM]","[PREMIUM]",true,true,"['Clear view']","2026-07-21 19:37:29"
"13425357676","2026-07-21 23:55:39.419","2026-07-21 23:55:39.419","13425357676","159262311","[PREMIUM]","[PREMIUM]","PLB106","3","3_8","3","8",6,"[1,2,3,4,6]",3977,"Premium Lower Box",20,"Mobile ticket",1,"[PREMIUM]","[PREMIUM]","[PREMIUM]","[PREMIUM]",true,false,"['Third Row of Section','Clear view']","2026-07-21 22:46:28"
"13425357672","2026-07-21 23:55:39.419","2026-07-23 00:51:25.393","13425357672","159262311","[PREMIUM]","[PREMIUM]","PLB106","2","9_12","9","12",4,"[1,2,4]",3977,"Premium Lower Box",20,"Mobile ticket",1,"[PREMIUM]","[PREMIUM]","[PREMIUM]","[PREMIUM]",true,false,"['Second Row of Section','Clear view']","2026-07-21 22:46:28"
"13353083663","2026-07-21 23:55:37.485","2026-07-21 23:55:37.485","13353083663","159262882","[PREMIUM]","[PREMIUM]","241","7","14_14","14","14",1,"[1]",3418,"Terrace Club",20,"Mobile ticket",1,"[PREMIUM]","[PREMIUM]","[PREMIUM]","[PREMIUM]",false,false,"['Padded Seats','Clear view']","2026-07-14 21:17:29"
"13353079903","2026-07-21 23:55:37.485","2026-07-21 23:55:37.485","13353079903","159262882","[PREMIUM]","[PREMIUM]","236","2","12_12","12","12",1,"[1]",3418,"Terrace Club",20,"Mobile ticket",1,"[PREMIUM]","[PREMIUM]","[PREMIUM]","[PREMIUM]",false,false,"['Limited or Obstructed View (printed on ticket)','Second Row of Section']","2026-07-14 21:16:44"
"13407823333","2026-07-21 23:55:37.471","2026-07-21 23:55:37.471","13407823333","159264057","[PREMIUM]","[PREMIUM]","204","2","9001_9002","9001","9002",2,"[2]",3805,"Legends",20,"Mobile ticket",13,"[PREMIUM]","[PREMIUM]","[PREMIUM]","[PREMIUM]",true,false,"['Limited or Obstructed View (printed on ticket)','Second Row of Section']","2026-07-20 15:48:09"
"13411887863","2026-07-21 23:55:37.471","2026-07-28 06:18:20.398","13411887863","159264057","[PREMIUM]","[PREMIUM]","208","2","_",,,2,"[2]",3805,"Legends",20,"Mobile ticket",13,"[PREMIUM]","[PREMIUM]","[PREMIUM]","[PREMIUM]",true,false,"['Limited or Obstructed View (printed on ticket)','Second Row of Section']","2026-07-20 22:11:22"
"13411939151","2026-07-21 23:55:37.471","2026-07-23 22:33:58.243","13411939151","159264057","[PREMIUM]","[PREMIUM]","15","2","9001_9004","9001","9004",4,"[2,4]",2062,"Promenade",20,"Mobile ticket",13,"[PREMIUM]","[PREMIUM]","[PREMIUM]","[PREMIUM]",true,false,"['Limited or Obstructed View (printed on ticket)','Front Row of Section']","2026-07-20 22:15:25"
"13420215500","2026-07-21 23:55:37.471","2026-07-21 23:55:37.471","13420215500","159264057","[PREMIUM]","[PREMIUM]","21","A","9001_9004","9001","9004",4,"[4]",1702,"Club Boxes",20,"Mobile ticket",13,"[PREMIUM]","[PREMIUM]","[PREMIUM]","[PREMIUM]",true,false,"['Front Row of Section','Clear view']","2026-07-21 14:28:18"
"13422907328","2026-07-21 23:55:37.471","2026-07-27 06:38:59.234","13422907328","159264057","[PREMIUM]","[PREMIUM]","Field Level 5","HH","5_8","5","8",4,"[2,4]",4393,"PNC Club",20,"Mobile ticket",1,"[PREMIUM]","[PREMIUM]","[PREMIUM]","[PREMIUM]",true,false,"['Clear view']","2026-07-21 18:02:55"
"13423780544","2026-07-21 23:55:37.158","2026-07-21 23:55:37.158","13423780544","159262883","[PREMIUM]","[PREMIUM]","150","20","_",,,2,"[2]",1524,"Field",20,"Mobile ticket",13,"[PREMIUM]","[PREMIUM]","[PREMIUM]","[PREMIUM]",true,false,"['Limited or Obstructed View (printed on ticket)','Second Row of Section']","2026-07-21 19:31:42"
"13425021934","2026-07-21 23:55:37.158","2026-07-21 23:55:37.158","13425021934","159262883","[PREMIUM]","[PREMIUM]","149","38","_",,,10,"[1,2,3,4,5,6,7,8,9,10]",1524,"Field",20,"Mobile ticket",1,"[PREMIUM]","[PREMIUM]","[PREMIUM]","[PREMIUM]",true,false,"['Clear view']","2026-07-21 21:48:24"
"13410428812","2026-07-21 23:55:33.083","2026-07-21 23:55:33.083","13410428812","159262882","[PREMIUM]","[PREMIUM]","108","24","9001_9004","9001","9004",4,"[4]",2014,"Lower Outfield",20,"Mobile ticket",13,"[PREMIUM]","[PREMIUM]","[PREMIUM]","[PREMIUM]",true,false,"['Second Row of Section','Clear view']","2026-07-20 20:08:14"
"13413604227","2026-07-21 23:55:32.875","2026-07-25 05:37:22.822","13413604227","159262883","[PREMIUM]","[PREMIUM]","124","29","1_4","1","4",4,"[2,4]",609,"Lower Box",20,"Mobile ticket",1,"[PREMIUM]","[PREMIUM]","[PREMIUM]","[PREMIUM]",true,false,"['Clear view']","2026-07-21 00:59:17"
"13413878363","2026-07-21 23:55:32.860","2026-07-25 05:38:55.766","13413878363","159262311","[PREMIUM]","[PREMIUM]","PLB117","30","_",,,2,"[2]",3977,"Premium Lower Box",20,"Mobile ticket",1,"[PREMIUM]","[PREMIUM]","[PREMIUM]","[PREMIUM]",true,false,"['Clear view']","2026-07-21 01:29:18"
"13415332154","2026-07-21 23:55:32.813","2026-07-23 00:51:34.375","13415332154","159264057","[PREMIUM]","[PREMIUM]","8","A","_",,,1,"[1]",1702,"Club Boxes",20,"Mobile ticket",1,"[PREMIUM]","[PREMIUM]","[PREMIUM]","[PREMIUM]",false,false,"['Front Row of Section','Clear view']","2026-07-21 03:44:43"
"13425361971","2026-07-21 23:55:32.712","2026-07-27 06:37:12.930","13425361971","159262311","[PREMIUM]","[PREMIUM]","CL210","A","11_11","11","11",1,"[1]",300,"Club Level",20,"Mobile ticket",1,"[PREMIUM]","[PREMIUM]","[PREMIUM]","[PREMIUM]",false,false,"['Front Row of Section','Clear view']","2026-07-21 22:47:10"
"13411760357","2026-07-21 23:55:32.710","2026-07-21 23:55:32.710","13411760357","159264057","[PREMIUM]","[PREMIUM]","13","A","9001_9004","9001","9004",4,"[2,4]",2062,"Promenade",20,"Mobile ticket",13,"[PREMIUM]","[PREMIUM]","[PREMIUM]","[PREMIUM]",true,false,"['Limited or Obstructed View (printed on ticket)','Front Row of Section']","2026-07-20 22:02:24"
"13421243132","2026-07-21 23:55:32.710","2026-07-25 05:40:25.532","13421243132","159264057","[PREMIUM]","[PREMIUM]","Field Level 6","EE","_",,,5,"[1,2,3,5]",4393,"PNC Club",20,"Mobile ticket",1,"[PREMIUM]","[PREMIUM]","[PREMIUM]","[PREMIUM]",true,false,"['Clear view']","2026-07-21 15:57:19"
"12850577711","2026-07-21 23:55:32.670","2026-07-23 00:51:34.658","12850577711","159262881","[PREMIUM]","[PREMIUM]","118","9","_",,,4,"[1,2,4]",1524,"Field",20,"Mobile ticket",1,"[PREMIUM]","[PREMIUM]","[PREMIUM]","[PREMIUM]",true,false,"['Clear view']","2026-05-28 20:08:27"
"12850555970","2026-07-21 23:55:32.619","2026-07-23 00:51:35.648","12850555970","159262882","[PREMIUM]","[PREMIUM]","129","16","_",,,5,"[1,2,3,5]",609,"Lower Box",20,"Mobile ticket",1,"[PREMIUM]","[PREMIUM]","[PREMIUM]","[PREMIUM]",true,false,"['Clear view']","2026-05-28 20:06:20"
"13425231317","2026-07-21 23:55:32.619","2026-07-21 23:55:32.619","13425231317","159262882","[PREMIUM]","[PREMIUM]","126","19","9001_9002","9001","9002",2,"[2]",609,"Lower Box",20,"Mobile ticket",13,"[PREMIUM]","[PREMIUM]","[PREMIUM]","[PREMIUM]",true,false,"['Third Row of Section','Clear view']","2026-07-21 22:23:04"
"13424953858","2026-07-21 23:55:32.619","2026-07-21 23:55:32.619","13424953858","159262882","[PREMIUM]","[PREMIUM]","239","5","_",,,4,"[1,2,3,4]",3418,"Terrace Club",20,"Mobile ticket",1,"[PREMIUM]","[PREMIUM]","[PREMIUM]","[PREMIUM]",true,false,"['Clear view']","2026-07-21 21:40:09"
"13359055912","2026-07-21 23:55:32.612","2026-07-21 23:55:32.612","13359055912","159262311","[PREMIUM]","[PREMIUM]","VR335","16","_",,,8,"[1,2,3,4,5,6,7,8]",3515,"View Reserved",20,"Mobile ticket",13,"[PREMIUM]","[PREMIUM]","[PREMIUM]","[PREMIUM]",true,false,"['Clear view']","2026-07-15 09:39:21"
"13219441681","2026-07-21 23:55:32.516","2026-07-26 05:18:40.113","13219441681","159262881","[PREMIUM]","[PREMIUM]","118","7","1_2","1","2",2,"[2]",1524,"Field",20,"Mobile ticket",1,"[PREMIUM]","[PREMIUM]","[PREMIUM]","[PREMIUM]",true,false,"['Clear view']","2026-07-02 17:09:33"
"13425657305","2026-07-21 23:55:32.516","2026-07-25 05:18:54.129","13425657305","159262881","[PREMIUM]","[PREMIUM]","121","30","_",,,4,"[1,2,4]",609,"Lower Box",20,"Mobile ticket",1,"[PREMIUM]","[PREMIUM]","[PREMIUM]","[PREMIUM]",true,false,"['Clear view']","2026-07-21 23:25:41"
"13420938173","2026-07-21 23:55:32.514","2026-07-21 23:55:32.514","13420938173","159262881","[PREMIUM]","[PREMIUM]","148","7","9001_9004","9001","9004",4,"[4]",1524,"Field",20,"Mobile ticket",13,"[PREMIUM]","[PREMIUM]","[PREMIUM]","[PREMIUM]",true,false,"['Clear view']","2026-07-21 15:30:42"
"13422723535","2026-07-21 23:55:32.514","2026-07-23 00:51:35.143","13422723535","159262881","[PREMIUM]","[PREMIUM]","248","11","_",,,2,"[2]",3418,"Terrace Club",20,"Mobile ticket",1,"[PREMIUM]","[PREMIUM]","[PREMIUM]","[PREMIUM]",true,false,"['Clear view']","2026-07-21 17:48:08"
"13422926794","2026-07-21 23:55:32.514","2026-07-21 23:55:32.514","13422926794","159262881","[PREMIUM]","[PREMIUM]","249","2","_",,,6,"[1,2,3,4,5,6]",3418,"Terrace Club",20,"Mobile ticket",1,"[PREMIUM]","[PREMIUM]","[PREMIUM]","[PREMIUM]",true,false,"['Second Row of Section','Clear view']","2026-07-21 18:04:23"
"13413604230","2026-07-21 23:55:32.478","2026-08-02 05:10:29.208","13413604230","159262883","[PREMIUM]","[PREMIUM]","123","30","9_10","9","10",2,"[2]",609,"Lower Box",20,"Mobile ticket",1,"[PREMIUM]","[PREMIUM]","[PREMIUM]","[PREMIUM]",true,false,"['Clear view']","2026-07-21 00:59:17"
"13414683638","2026-07-21 23:55:32.394","2026-07-21 23:55:32.394","13414683638","159262881","[PREMIUM]","[PREMIUM]","248","2","_",,,4,"[1,2,3,4]",3418,"Terrace Club",20,"Mobile ticket",1,"[PREMIUM]","[PREMIUM]","[PREMIUM]","[PREMIUM]",true,false,"['Second Row of Section','Clear view']","2026-07-21 02:33:21"
"13408560004","2026-07-21 23:55:25.680","2026-07-21 23:55:25.680","13408560004","159262882","[PREMIUM]","[PREMIUM]","328","1","_",,,2,"[2]",407,"Upper",20,"Mobile ticket",1,"[PREMIUM]","[PREMIUM]","[PREMIUM]","[PREMIUM]",true,false,"['Front Row of Section','Clear view']","2026-07-20 17:01:31"
"13419332797","2026-07-21 23:55:25.680","2026-07-21 23:55:25.680","13419332797","159262882","[PREMIUM]","[PREMIUM]","107","24","9001_9002","9001","9002",2,"[2]",2014,"Lower Outfield",20,"Mobile ticket",13,"[PREMIUM]","[PREMIUM]","[PREMIUM]","[PREMIUM]",true,false,"['Second Row of Section','Clear view']","2026-07-21 13:03:27"
"13420393073","2026-07-21 23:55:25.680","2026-07-29 05:15:03.870","13420393073","159262882","[PREMIUM]","[PREMIUM]","131","29","_",,,3,"[1,3]",609,"Lower Box",20,"Mobile ticket",1,"[PREMIUM]","[PREMIUM]","[PREMIUM]","[PREMIUM]",true,false,"['Clear view']","2026-07-21 14:43:01"
"13421512294","2026-07-21 23:55:25.680","2026-07-27 06:21:38.385","13421512294","159262883","[PREMIUM]","[PREMIUM]","118","6","7_8","7","8",2,"[2]",1524,"Field",20,"Mobile ticket",1,"[PREMIUM]","[PREMIUM]","[PREMIUM]","[PREMIUM]",true,false,"['Clear view']","2026-07-21 16:23:15"
"13416123026","2026-07-21 23:55:25.472","2026-07-25 05:37:20.725","13416123026","159262883","[PREMIUM]","[PREMIUM]","J-Rod 103",,"_",,,3,"[1,2,3]",29661,"Central Outfield",20,"Mobile ticket",1,"[PREMIUM]","[PREMIUM]","[PREMIUM]","[PREMIUM]",true,true,"['Clear view']","2026-07-21 05:11:18"
"13415808195","2026-07-21 23:55:25.472","2026-07-21 23:55:25.472","13415808195","159262883","[PREMIUM]","[PREMIUM]","J-Rod 104",,"_",,,4,"[1,2,3,4]",29661,"Central Outfield",20,"Mobile ticket",1,"[PREMIUM]","[PREMIUM]","[PREMIUM]","[PREMIUM]",true,true,"['Clear view']","2026-07-21 04:38:54"
"13353055675","2026-07-21 23:55:25.313","2026-07-21 23:55:25.313","13353055675","159262883","[PREMIUM]","[PREMIUM]","332","2","13_13","13","13",1,"[1]",407,"Upper",20,"Mobile ticket",1,"[PREMIUM]","[PREMIUM]","[PREMIUM]","[PREMIUM]",false,false,"['Limited or Obstructed View (printed on ticket)','Second Row of Section']","2026-07-14 21:09:25"
"13353047964","2026-07-21 23:55:25.313","2026-07-21 23:55:25.313","13353047964","159262883","[PREMIUM]","[PREMIUM]","331","2","18_18","18","18",1,"[1]",407,"Upper",20,"Mobile ticket",1,"[PREMIUM]","[PREMIUM]","[PREMIUM]","[PREMIUM]",false,false,"['Limited or Obstructed View (printed on ticket)','Second Row of Section']","2026-07-14 21:07:49"
"13420811566","2026-07-21 23:55:25.293","2026-07-21 23:55:25.293","13420811566","159264057","[PREMIUM]","[PREMIUM]","9","A","9001_9002","9001","9002",2,"[2]",1702,"Club Boxes",20,"Mobile ticket",13,"[PREMIUM]","[PREMIUM]","[PREMIUM]","[PREMIUM]",true,false,"['Front Row of Section','Clear view']","2026-07-21 15:19:06"
"13413978697","2026-07-21 23:55:25.291","2026-07-21 23:55:25.291","13413978697","159262881","[PREMIUM]","[PREMIUM]","248","1","_",,,2,"[2]",3418,"Terrace Club",20,"Mobile ticket",1,"[PREMIUM]","[PREMIUM]","[PREMIUM]","[PREMIUM]",true,false,"['Front Row of Section','Clear view']","2026-07-21 01:40:17"
"13421957120","2026-07-21 23:55:25.291","2026-07-30 05:12:04.671","13421957120","159262881","[PREMIUM]","[PREMIUM]","244","1","_",,,4,"[4]",3418,"Terrace Club",20,"Mobile ticket",1,"[PREMIUM]","[PREMIUM]","[PREMIUM]","[PREMIUM]",true,false,"['Front Row of Section','Clear view']","2026-07-21 16:56:03"
"13414894735","2026-07-21 23:55:19.212","2026-07-21 23:55:19.212","13414894735","159262881","[PREMIUM]","[PREMIUM]","238","11","8_9","8","9",2,"[2]",3418,"Terrace Club",20,"Mobile ticket",1,"[PREMIUM]","[PREMIUM]","[PREMIUM]","[PREMIUM]",true,false,"['Clear view']","2026-07-21 03:00:13"
"13422907023","2026-07-21 23:55:19.166","2026-07-25 05:40:25.268","13422907023","159264057","[PREMIUM]","[PREMIUM]","FL 14","A","2_5","2","5",4,"[2,4]",4393,"PNC Club",20,"Mobile ticket",1,"[PREMIUM]","[PREMIUM]","[PREMIUM]","[PREMIUM]",true,false,"['Front Row of Section','Clear view']","2026-07-21 18:02:54"
"13422906800","2026-07-21 23:55:19.166","2026-07-28 06:18:20.398","13422906800","159264057","[PREMIUM]","[PREMIUM]","FL 14","E","1_3","1","3",3,"[1,3]",4393,"PNC Club",20,"Mobile ticket",1,"[PREMIUM]","[PREMIUM]","[PREMIUM]","[PREMIUM]",true,false,"['Clear view']","2026-07-21 18:02:53"
"13422906523","2026-07-21 23:55:19.166","2026-07-21 23:55:19.166","13422906523","159264057","[PREMIUM]","[PREMIUM]","Field Level 7","GG","7_8","7","8",2,"[2]",4393,"PNC Club",20,"Mobile ticket",1,"[PREMIUM]","[PREMIUM]","[PREMIUM]","[PREMIUM]",true,false,"['Clear view']","2026-07-21 18:02:51"
"13422904994","2026-07-21 23:55:19.166","2026-07-23 00:51:34.476","13422904994","159264057","[PREMIUM]","[PREMIUM]","FL 15","B","3_4","3","4",2,"[2]",4393,"PNC Club",20,"Mobile ticket",1,"[PREMIUM]","[PREMIUM]","[PREMIUM]","[PREMIUM]",true,false,"['Second Row of Section','Clear view']","2026-07-21 18:02:42"
"13422906126","2026-07-21 23:55:19.166","2026-07-23 22:33:58.095","13422906126","159264057","[PREMIUM]","[PREMIUM]","Field Level 4","HH","7_8","7","8",2,"[2]",4393,"PNC Club",20,"Mobile ticket",1,"[PREMIUM]","[PREMIUM]","[PREMIUM]","[PREMIUM]",true,false,"['Clear view']","2026-07-21 18:02:49"
"13422906086","2026-07-21 23:55:19.166","2026-07-28 06:18:20.376","13422906086","159264057","[PREMIUM]","[PREMIUM]","FL 16","E","7_9","7","9",3,"[1,3]",4393,"PNC Club",20,"Mobile ticket",1,"[PREMIUM]","[PREMIUM]","[PREMIUM]","[PREMIUM]",true,false,"['Clear view']","2026-07-21 18:02:49"
"13389670176","2026-07-21 23:55:19.095","2026-07-21 23:55:19.095","13389670176","159262881","[PREMIUM]","[PREMIUM]","J-Rod 104",,"9001_9002","9001","9002",2,"[2]",29661,"Central Outfield",20,"Mobile ticket",1,"[PREMIUM]","[PREMIUM]","[PREMIUM]","[PREMIUM]",true,true,"['Clear view']","2026-07-18 08:06:57"
"13414855798","2026-07-21 23:55:19.095","2026-07-23 00:51:35.216","13414855798","159262881","[PREMIUM]","[PREMIUM]","123","29","1_6","1","6",6,"[1,2,4,6]",609,"Lower Box",20,"Mobile ticket",1,"[PREMIUM]","[PREMIUM]","[PREMIUM]","[PREMIUM]",true,false,"['Clear view']","2026-07-21 02:56:02"
"13400389111","2026-07-21 23:55:14.964","2026-07-23 22:33:51.069","13400389111","159262311","[PREMIUM]","[PREMIUM]","CL226","E","5_8","5","8",4,"[2,4]",300,"Club Level",20,"Mobile ticket",1,"[PREMIUM]","[PREMIUM]","[PREMIUM]","[PREMIUM]",true,false,"['Clear view']","2026-07-19 22:19:31"
"13421953874","2026-07-21 23:55:14.758","2026-07-21 23:55:14.758","13421953874","159262882","[PREMIUM]","[PREMIUM]","307","1","9001_9004","9001","9004",4,"[4]",407,"Upper",20,"Mobile ticket",13,"[PREMIUM]","[PREMIUM]","[PREMIUM]","[PREMIUM]",true,false,"['Front Row of Section','Clear view']","2026-07-21 16:55:54"
"13410519140","2026-07-21 23:55:14.748","2026-07-21 23:55:14.748","13410519140","159262881","[PREMIUM]","[PREMIUM]","195","4","_",,,10,"[1,2,3,4,5,6,7,8,9,10]",3998,"Center Field Bleachers",20,"Mobile ticket",1,"[PREMIUM]","[PREMIUM]","[PREMIUM]","[PREMIUM]",true,false,"['Clear view']","2026-07-20 20:16:27"
"13421220857","2026-07-21 23:55:14.748","2026-07-21 23:55:14.748","13421220857","159262881","[PREMIUM]","[PREMIUM]","194","5","_",,,10,"[1,2,3,4,5,6,7,8,9,10]",3998,"Center Field Bleachers",20,"Mobile ticket",1,"[PREMIUM]","[PREMIUM]","[PREMIUM]","[PREMIUM]",true,false,"['Clear view']","2026-07-21 15:56:22"
"13411137655","2026-07-21 23:55:14.729","2026-07-23 00:51:34.658","13411137655","159262881","[PREMIUM]","[PREMIUM]","107","24","_",,,2,"[2]",2014,"Lower Outfield",20,"Mobile ticket",1,"[PREMIUM]","[PREMIUM]","[PREMIUM]","[PREMIUM]",true,false,"['Second Row of Section','Clear view']","2026-07-20 21:16:26"
"13422627012","2026-07-21 23:55:14.682","2026-07-21 23:55:14.682","13422627012","159262311","[PREMIUM]","[PREMIUM]","LB132","13","_",,,2,"[2]",594,"Lower",20,"Mobile ticket",1,"[PREMIUM]","[PREMIUM]","[PREMIUM]","[PREMIUM]",true,false,"['Second Row of Section','Clear view']","2026-07-21 17:41:48"
"13425118315","2026-07-21 23:55:14.339","2026-07-27 06:37:06.948","13425118315","159262311","[PREMIUM]","[PREMIUM]","CL205","A","_",,,2,"[2]",300,"Club Level",20,"Mobile ticket",1,"[PREMIUM]","[PREMIUM]","[PREMIUM]","[PREMIUM]",true,false,"['Actual 1st row of the section','Club Level','Clear view']","2026-07-21 22:04:41"
"13415403527","2026-07-21 23:55:14.317","2026-07-26 05:38:54.007","13415403527","159262883","[PREMIUM]","[PREMIUM]","124","36","_",,,2,"[2]",609,"Lower Box",20,"Mobile ticket",1,"[PREMIUM]","[PREMIUM]","[PREMIUM]","[PREMIUM]",true,false,"['Clear view']","2026-07-21 03:52:48"
"13415405866","2026-07-21 23:55:13.031","2026-07-27 06:21:33.849","13415405866","159262883","[PREMIUM]","[PREMIUM]","323","1","_",,,2,"[2]",407,"Upper",20,"Mobile ticket",1,"[PREMIUM]","[PREMIUM]","[PREMIUM]","[PREMIUM]",true,false,"['Front Row of Section','Clear view']","2026-07-21 03:53:09"
"13423073130","2026-07-21 23:55:13.017","2026-07-21 23:55:13.017","13423073130","159262883","[PREMIUM]","[PREMIUM]","344","2","_",,,6,"[1,2,3,4,5,6]",407,"Upper",20,"Mobile ticket",1,"[PREMIUM]","[PREMIUM]","[PREMIUM]","[PREMIUM]",true,false,"['Second Row of Section','Clear view']","2026-07-21 18:16:13"
"13423492153","2026-07-21 23:55:13.017","2026-07-21 23:55:13.017","13423492153","159262883","[PREMIUM]","[PREMIUM]","316","3","_",,,4,"[1,2,3,4]",407,"Upper",20,"Mobile ticket",1,"[PREMIUM]","[PREMIUM]","[PREMIUM]","[PREMIUM]",true,false,"['Third Row of Section','Clear view']","2026-07-21 18:56:05"
"13425285777","2026-07-21 23:55:12.571","2026-07-21 23:55:12.571","13425285777","159262881","[PREMIUM]","[PREMIUM]","144","22","_",,,2,"[2]",1524,"Field",20,"Mobile ticket",1,"[PREMIUM]","[PREMIUM]","[PREMIUM]","[PREMIUM]",true,false,"['Clear view']","2026-07-21 22:37:23"
"13413807799","2026-07-21 23:55:12.522","2026-07-27 06:38:54.203","13413807799","159264057","[PREMIUM]","[PREMIUM]","10","16","14_18","14","18",5,"[1,3,5]",2062,"Promenade",20,"Mobile ticket",1,"[PREMIUM]","[PREMIUM]","[PREMIUM]","[PREMIUM]",true,false,"['Clear view']","2026-07-21 01:21:17"
"12850555576","2026-07-21 23:55:12.448","2026-07-23 22:34:18.591","12850555576","159262882","[PREMIUM]","[PREMIUM]","128","36","_",,,6,"[1,2,3,4,6]",609,"Lower Box",20,"Mobile ticket",1,"[PREMIUM]","[PREMIUM]","[PREMIUM]","[PREMIUM]",true,false,"['Clear view']","2026-05-28 20:06:15"
"13425360881","2026-07-21 23:55:12.223","2026-07-21 23:55:12.223","13425360881","159262311","[PREMIUM]","[PREMIUM]","PLB115","23","4_4","4","4",1,"[1]",3977,"Premium Lower Box",20,"Mobile ticket",1,"[PREMIUM]","[PREMIUM]","[PREMIUM]","[PREMIUM]",false,false,"['Front Row of Section','Clear view']","2026-07-21 22:47:00"
"12429073783","2026-07-21 23:55:12.197","2026-07-21 23:55:12.197","12429073783","159262883","[PREMIUM]","[PREMIUM]","340","14","_",,,2,"[2]",407,"Upper",20,"Mobile ticket",1,"[PREMIUM]","[PREMIUM]","[PREMIUM]","[PREMIUM]",true,false,"['Clear view']","2026-04-21 18:56:12"
"13307952381","2026-07-21 23:55:12.197","2026-07-21 23:55:12.197","13307952381","159262883","[PREMIUM]","[PREMIUM]","323","9","_",,,3,"[1,2,3]",407,"Upper",20,"Mobile ticket",1,"[PREMIUM]","[PREMIUM]","[PREMIUM]","[PREMIUM]",true,false,"['Clear view']","2026-07-09 22:23:58"
"13408843139","2026-07-21 23:55:12.197","2026-07-21 23:55:12.197","13408843139","159262883","[PREMIUM]","[PREMIUM]","320","9","_",,,3,"[1,2,3]",407,"Upper",20,"Mobile ticket",1,"[PREMIUM]","[PREMIUM]","[PREMIUM]","[PREMIUM]",true,false,"['Limited or Obstructed View (printed on ticket)']","2026-07-20 17:42:02"
"13419377901","2026-07-21 23:55:12.189","2026-08-01 05:13:56.196","13419377901","159262882","[PREMIUM]","[PREMIUM]","135","24","9_10","9","10",2,"[2]",609,"Lower Box",20,"Mobile ticket",1,"[PREMIUM]","[PREMIUM]","[PREMIUM]","[PREMIUM]",true,false,"['Clear view']","2026-07-21 13:08:23"
"13422682967","2026-07-21 23:55:12.065","2026-07-26 05:41:38.715","13422682967","159264057","[PREMIUM]","[PREMIUM]","6","B","3_5","3","5",3,"[1,3]",2062,"Promenade",20,"Mobile ticket",1,"[PREMIUM]","[PREMIUM]","[PREMIUM]","[PREMIUM]",true,false,"['Second Row of Section','Clear view']","2026-07-21 17:45:42"
"13421785312","2026-07-21 23:55:12.040","2026-07-31 06:30:18.928","13421785312","159262882","[PREMIUM]","[PREMIUM]","148","6","9_10","9","10",2,"[2]",1524,"Field",20,"Mobile ticket",1,"[PREMIUM]","[PREMIUM]","[PREMIUM]","[PREMIUM]",true,false,"['Clear view']","2026-07-21 16:44:17"
"13400389085","2026-07-21 23:55:12.024","2026-07-25 05:38:44.090","13400389085","159262311","[PREMIUM]","[PREMIUM]","CL226","F","4_5","4","5",2,"[2]",300,"Club Level",20,"Mobile ticket",1,"[PREMIUM]","[PREMIUM]","[PREMIUM]","[PREMIUM]",true,false,"['Clear view']","2026-07-19 22:19:30"
"13400389072","2026-07-21 23:55:12.024","2026-07-25 05:38:44.090","13400389072","159262311","[PREMIUM]","[PREMIUM]","CL227","F","6_7","6","7",2,"[2]",300,"Club Level",20,"Mobile ticket",1,"[PREMIUM]","[PREMIUM]","[PREMIUM]","[PREMIUM]",true,false,"['Clear view']","2026-07-19 22:19:29"
"13405683432","2026-07-21 23:55:12.024","2026-07-26 05:39:31.733","13405683432","159262311","[PREMIUM]","[PREMIUM]","CL227","G","3_4","3","4",2,"[2]",300,"Club Level",20,"Mobile ticket",1,"[PREMIUM]","[PREMIUM]","[PREMIUM]","[PREMIUM]",true,false,"['Clear view']","2026-07-20 12:59:28"
"13424261412","2026-07-21 23:55:11.992","2026-07-23 00:51:33.661","13424261412","159262881","[PREMIUM]","[PREMIUM]","344","2","_",,,4,"[1,2,3,4]",407,"Upper",20,"Mobile ticket",1,"[PREMIUM]","[PREMIUM]","[PREMIUM]","[PREMIUM]",true,false,"['Second Row of Section','Clear view']","2026-07-21 20:24:07"
"13352753323","2026-07-21 23:55:11.938","2026-07-21 23:55:11.938","13352753323","159262883","[PREMIUM]","[PREMIUM]","195","10","_",,,2,"[2]",3998,"Center Field Bleachers",20,"Mobile ticket",1,"[PREMIUM]","[PREMIUM]","[PREMIUM]","[PREMIUM]",true,false,"['Clear view']","2026-07-14 20:08:10"
"13377086605","2026-07-21 23:55:11.938","2026-07-21 23:55:11.938","13377086605","159262883","[PREMIUM]","[PREMIUM]","190","15","_",,,11,"[1,2,3,4,5,6,7,8,9,10,11]",3998,"Center Field Bleachers",20,"Mobile ticket",1,"[PREMIUM]","[PREMIUM]","[PREMIUM]","[PREMIUM]",true,false,"['Clear view']","2026-07-16 22:31:38"
"13419276622","2026-07-21 23:55:11.900","2026-07-23 22:34:19.215","13419276622","159262881","[PREMIUM]","[PREMIUM]","143","19","9_16","9","16",8,"[1,2,3,4,6,8]",1524,"Field",20,"Mobile ticket",1,"[PREMIUM]","[PREMIUM]","[PREMIUM]","[PREMIUM]",true,false,"['Clear view']","2026-07-21 12:56:48"
"13423379409","2026-07-21 23:55:11.900","2026-07-21 23:55:11.900","13423379409","159262881","[PREMIUM]","[PREMIUM]","J-Rod 103",,"_",,,6,"[1,2,3,4,5,6]",29661,"Central Outfield",20,"Mobile ticket",1,"[PREMIUM]","[PREMIUM]","[PREMIUM]","[PREMIUM]",true,true,"['Clear view']","2026-07-21 18:45:01"
"13425778517","2026-07-21 23:55:11.819","2026-07-21 23:55:11.819","13425778517","159262883","[PREMIUM]","[PREMIUM]","316","5","_",,,10,"[1,2,3,4,5,6,7,8,9,10]",407,"Upper",20,"Mobile ticket",1,"[PREMIUM]","[PREMIUM]","[PREMIUM]","[PREMIUM]",true,false,"['Clear view']","2026-07-21 23:48:19"
"13368697214","2026-07-21 23:55:11.739","2026-07-23 22:33:53.250","13368697214","159262311","[PREMIUM]","[PREMIUM]","VB317","B","9001_9002","9001","9002",2,"[2]",3382,"View Box",20,"Mobile ticket",1,"[PREMIUM]","[PREMIUM]","[PREMIUM]","[PREMIUM]",true,false,"['Second Row of Section','Clear view']","2026-07-16 06:10:04"
"13425357683","2026-07-21 23:55:11.739","2026-07-25 05:38:52.562","13425357683","159262311","[PREMIUM]","[PREMIUM]","PLB106","6","7_8","7","8",2,"[2]",3977,"Premium Lower Box",20,"Mobile ticket",1,"[PREMIUM]","[PREMIUM]","[PREMIUM]","[PREMIUM]",true,false,"['Clear view']","2026-07-21 22:46:28"
"13393311834","2026-07-21 23:55:11.709","2026-07-21 23:55:11.709","13393311834","159262881","[PREMIUM]","[PREMIUM]","342","2","1_2","1","2",2,"[2]",407,"Upper",20,"Mobile ticket",1,"[PREMIUM]","[PREMIUM]","[PREMIUM]","[PREMIUM]",true,false,"['Limited or Obstructed View (printed on ticket)','Second Row of Section']","2026-07-18 22:39:29"
"13416527692","2026-07-21 23:55:11.704","2026-07-21 23:55:11.704","13416527692","159262883","[PREMIUM]","[PREMIUM]","181","3","_",,,7,"[1,2,3,4,5,6,7]",3460,"Left Field Bleachers",20,"Mobile ticket",1,"[PREMIUM]","[PREMIUM]","[PREMIUM]","[PREMIUM]",true,false,"['Third Row of Section','Clear view']","2026-07-21 06:01:31"
"13421453931","2026-07-21 23:55:11.704","2026-07-21 23:55:11.704","13421453931","159262883","[PREMIUM]","[PREMIUM]","181","4","_",,,5,"[1,2,3,4,5]",3460,"Left Field Bleachers",20,"Mobile ticket",1,"[PREMIUM]","[PREMIUM]","[PREMIUM]","[PREMIUM]",true,false,"['Clear view']","2026-07-21 16:16:13"
"13422682913","2026-07-21 23:55:11.670","2026-07-28 06:18:14.383","13422682913","159264057","[PREMIUM]","[PREMIUM]","20","21","7_10","7","10",4,"[2,4]",2062,"Promenade",20,"Mobile ticket",1,"[PREMIUM]","[PREMIUM]","[PREMIUM]","[PREMIUM]",true,false,"['Clear view']","2026-07-21 17:45:42"
"13414939488","2026-07-21 23:55:11.608","2026-07-21 23:55:11.608","13414939488","159262883","[PREMIUM]","[PREMIUM]","117","25","_",,,2,"[2]",1524,"Field",20,"Mobile ticket",1,"[PREMIUM]","[PREMIUM]","[PREMIUM]","[PREMIUM]",true,false,"['Clear view']","2026-07-21 03:07:27"
"13417263351","2026-07-21 23:55:11.608","2026-07-21 23:55:11.608","13417263351","159262883","[PREMIUM]","[PREMIUM]","319","21","_",,,2,"[2]",407,"Upper",20,"Mobile ticket",1,"[PREMIUM]","[PREMIUM]","[PREMIUM]","[PREMIUM]",true,false,"['Clear view']","2026-07-21 08:01:32"
"13419471219","2026-07-21 23:55:11.608","2026-07-21 23:55:11.608","13419471219","159262883","[PREMIUM]","[PREMIUM]","310","4","9001_9004","9001","9004",4,"[4]",407,"Upper",20,"Mobile ticket",13,"[PREMIUM]","[PREMIUM]","[PREMIUM]","[PREMIUM]",true,false,"['Clear view']","2026-07-21 13:18:19"
"13415403483","2026-07-21 23:55:11.563","2026-07-21 23:55:11.563","13415403483","159262883","[PREMIUM]","[PREMIUM]","142","20","_",,,3,"[1,3]",1524,"Field",20,"Mobile ticket",1,"[PREMIUM]","[PREMIUM]","[PREMIUM]","[PREMIUM]",true,false,"['Clear view']","2026-07-21 03:52:48"
"13423720346","2026-07-21 23:55:11.543","2026-07-21 23:55:11.543","13423720346","159262882","[PREMIUM]","[PREMIUM]","195","3","_",,,2,"[2]",3998,"Center Field Bleachers",20,"Mobile ticket",1,"[PREMIUM]","[PREMIUM]","[PREMIUM]","[PREMIUM]",true,false,"['Third Row of Section','Clear view']","2026-07-21 19:24:08"
"13353402833","2026-07-21 23:55:11.445","2026-07-21 23:55:11.445","13353402833","159262881","[PREMIUM]","[PREMIUM]","182","6","_",,,6,"[1,2,3,4,5,6]",3460,"Left Field Bleachers",20,"Mobile ticket",1,"[PREMIUM]","[PREMIUM]","[PREMIUM]","[PREMIUM]",true,false,"['Clear view']","2026-07-14 22:47:55"
"13421220862","2026-07-21 23:55:11.445","2026-07-21 23:55:11.445","13421220862","159262881","[PREMIUM]","[PREMIUM]","182","5","_",,,3,"[1,2,3]",3460,"Left Field Bleachers",20,"Mobile ticket",1,"[PREMIUM]","[PREMIUM]","[PREMIUM]","[PREMIUM]",true,false,"['Clear view']","2026-07-21 15:56:22"
"13407946980","2026-07-21 23:55:11.375","2026-07-27 06:37:02.564","13407946980","159262311","[PREMIUM]","[PREMIUM]","CL226","I","10_11","10","11",2,"[2]",300,"Club Level",20,"Mobile ticket",1,"[PREMIUM]","[PREMIUM]","[PREMIUM]","[PREMIUM]",true,false,"['Aisle seat','Club Level','Clear view']","2026-07-20 15:59:15"
"13425056533","2026-07-21 23:55:11.375","2026-07-21 23:55:11.375","13425056533","159262311","[PREMIUM]","[PREMIUM]","CL222","A","7_10","7","10",4,"[1,2,3,4]",300,"Club Level",20,"Mobile ticket",1,"[PREMIUM]","[PREMIUM]","[PREMIUM]","[PREMIUM]",true,false,"['Front Row of Section','Clear view']","2026-07-21 21:53:49"
"13401783047","2026-07-21 23:55:11.373","2026-07-21 23:55:11.373","13401783047","159262311","[PREMIUM]","[PREMIUM]","VR310","3","_",,,2,"[2]",3515,"View Reserved",20,"Mobile ticket",1,"[PREMIUM]","[PREMIUM]","[PREMIUM]","[PREMIUM]",true,false,"['Clear view']","2026-07-20 03:44:34"
"13381198053","2026-07-21 23:55:11.356","2026-07-21 23:55:11.356","13381198053","159262882","[PREMIUM]","[PREMIUM]","314","5","_",,,6,"[1,2,3,4,5,6]",407,"Upper",20,"Mobile ticket",1,"[PREMIUM]","[PREMIUM]","[PREMIUM]","[PREMIUM]",true,false,"['Clear view']","2026-07-17 07:28:20"
"13380868382","2026-07-21 23:55:11.356","2026-07-21 23:55:11.356","13380868382","159262882","[PREMIUM]","[PREMIUM]","314","2","_",,,3,"[1,2,3]",407,"Upper",20,"Mobile ticket",1,"[PREMIUM]","[PREMIUM]","[PREMIUM]","[PREMIUM]",true,false,"['Limited or Obstructed View (printed on ticket)','Second Row of Section']","2026-07-17 06:20:40"
"13423881863","2026-07-21 23:55:11.356","2026-07-21 23:55:11.356","13423881863","159262882","[PREMIUM]","[PREMIUM]","314","8","_",,,2,"[2]",407,"Upper",20,"Mobile ticket",1,"[PREMIUM]","[PREMIUM]","[PREMIUM]","[PREMIUM]",true,false,"['Clear view']","2026-07-21 19:42:05"
"13416436964","2026-07-21 23:55:11.336","2026-07-21 23:55:11.336","13416436964","159262881","[PREMIUM]","[PREMIUM]","335","5","_",,,3,"[1,2,3]",407,"Upper",20,"Mobile ticket",1,"[PREMIUM]","[PREMIUM]","[PREMIUM]","[PREMIUM]",true,false,"['Clear view']","2026-07-21 05:49:30"
"13236673481","2026-07-21 23:55:11.280","2026-07-27 05:56:59.789","13236673481","159262881","[PREMIUM]","[PREMIUM]","117","24","9_10","9","10",2,"[2]",1524,"Field",20,"Mobile ticket",1,"[PREMIUM]","[PREMIUM]","[PREMIUM]","[PREMIUM]",true,false,"['Clear view']","2026-07-04 03:03:52"
"13405683433","2026-07-21 23:55:11.280","2026-07-23 22:33:50.092","13405683433","159262311","[PREMIUM]","[PREMIUM]","CL227","H","15_16","15","16",2,"[2]",300,"Club Level",20,"Mobile ticket",1,"[PREMIUM]","[PREMIUM]","[PREMIUM]","[PREMIUM]",true,false,"['Clear view']","2026-07-20 12:59:28"
"13414545283","2026-07-21 23:55:11.280","2026-07-21 23:55:11.280","13414545283","159262881","[PREMIUM]","[PREMIUM]","314","1","1_1","1","1",1,"[1]",407,"Upper",20,"Mobile ticket",1,"[PREMIUM]","[PREMIUM]","[PREMIUM]","[PREMIUM]",false,false,"['Limited or Obstructed View (printed on ticket)','Front Row of Section']","2026-07-21 02:23:02"
"13422405125","2026-07-21 23:55:11.275","2026-07-21 23:55:11.275","13422405125","159262881","[PREMIUM]","[PREMIUM]","319","6","6_7","6","7",2,"[2]",407,"Upper",20,"Mobile ticket",1,"[PREMIUM]","[PREMIUM]","[PREMIUM]","[PREMIUM]",true,false,"['Limited or Obstructed View (printed on ticket)']","2026-07-21 17:25:03"
"13178974366","2026-07-21 23:55:11.136","2026-07-21 23:55:11.136","13178974366","159262883","[PREMIUM]","[PREMIUM]","183","4","5_12","5","12",8,"[1,2,3,4,6,8]",3460,"Left Field Bleachers",20,"Mobile ticket",1,"[PREMIUM]","[PREMIUM]","[PREMIUM]","[PREMIUM]",true,false,"['Clear view']","2026-06-29 05:17:09"
"13414748179","2026-07-21 23:55:11.136","2026-07-30 05:14:20.274","13414748179","159262883","[PREMIUM]","[PREMIUM]","332","10","7_8","7","8",2,"[2]",407,"Upper",20,"Mobile ticket",1,"[PREMIUM]","[PREMIUM]","[PREMIUM]","[PREMIUM]",true,false,"['Clear view']","2026-07-21 02:40:41"
"13398743713","2026-07-21 23:55:11.041","2026-07-21 23:55:11.041","13398743713","159262881","[PREMIUM]","[PREMIUM]","330","22","_",,,2,"[2]",407,"Upper",20,"Mobile ticket",1,"[PREMIUM]","[PREMIUM]","[PREMIUM]","[PREMIUM]",true,false,"['Clear view']","2026-07-19 17:40:14"
"13416034084","2026-07-21 23:55:11.041","2026-07-21 23:55:11.041","13416034084","159262881","[PREMIUM]","[PREMIUM]","182","10","_",,,2,"[2]",3460,"Left Field Bleachers",20,"Mobile ticket",1,"[PREMIUM]","[PREMIUM]","[PREMIUM]","[PREMIUM]",true,false,"['Clear view']","2026-07-21 05:01:41"
"13424005616","2026-07-21 23:55:11.041","2026-07-21 23:55:11.041","13424005616","159262881","[PREMIUM]","[PREMIUM]","193","2","_",,,10,"[1,2,3,4,5,6,7,8,9,10]",3998,"Center Field Bleachers",20,"Mobile ticket",1,"[PREMIUM]","[PREMIUM]","[PREMIUM]","[PREMIUM]",true,false,"['Second Row of Section','Clear view']","2026-07-21 19:56:13"
"13423070935","2026-07-21 23:55:10.989","2026-07-21 23:55:10.989","13423070935","159262882","[PREMIUM]","[PREMIUM]","219","2","5_7","5","7",3,"[3]",3418,"Terrace Club",20,"Mobile ticket",1,"[PREMIUM]","[PREMIUM]","[PREMIUM]","[PREMIUM]",true,false,"['Second Row of Section','Clear view']","2026-07-21 18:16:02"
"13392845561","2026-07-21 23:55:10.977","2026-07-23 22:34:18.367","13392845561","159262881","[PREMIUM]","[PREMIUM]","107","27","17_20","17","20",4,"[2,4]",2014,"Lower Outfield",20,"Mobile ticket",1,"[PREMIUM]","[PREMIUM]","[PREMIUM]","[PREMIUM]",true,false,"['Clear view']","2026-07-18 20:52:13"
"13412946374","2026-07-21 23:55:10.977","2026-07-21 23:55:10.977","13412946374","159262881","[PREMIUM]","[PREMIUM]","190","15","_",,,2,"[2]",3998,"Center Field Bleachers",20,"Mobile ticket",1,"[PREMIUM]","[PREMIUM]","[PREMIUM]","[PREMIUM]",true,false,"['Clear view']","2026-07-20 23:16:14"
"13423656813","2026-07-21 23:55:10.977","2026-07-21 23:55:10.977","13423656813","159262881","[PREMIUM]","[PREMIUM]","191","3","_",,,10,"[1,2,3,4,5,6,7,8,9,10]",3998,"Center Field Bleachers",20,"Mobile ticket",1,"[PREMIUM]","[PREMIUM]","[PREMIUM]","[PREMIUM]",true,false,"['Third Row of Section','Clear view']","2026-07-21 19:16:16"
"13370854443","2026-07-21 23:55:10.920","2026-07-21 23:55:10.920","13370854443","159262882","[PREMIUM]","[PREMIUM]","147",,"_",,,2,"[2]",1524,"Field",20,"Mobile ticket",13,"[PREMIUM]","[PREMIUM]","[PREMIUM]","[PREMIUM]",true,true,"['Clear view']","2026-07-16 10:49:29"
"13414915088","2026-07-21 23:55:10.920","2026-07-30 05:14:53.752","13414915088","159262882","[PREMIUM]","[PREMIUM]","142","11","5_6","5","6",2,"[2]",1524,"Field",20,"Mobile ticket",1,"[PREMIUM]","[PREMIUM]","[PREMIUM]","[PREMIUM]",true,false,"['Clear view']","2026-07-21 03:03:55"
"13421521053","2026-07-21 23:55:10.807","2026-07-25 05:37:17.143","13421521053","159262883","[PREMIUM]","[PREMIUM]","183","1","17_18","17","18",2,"[2]",3460,"Left Field Bleachers",20,"Mobile ticket",1,"[PREMIUM]","[PREMIUM]","[PREMIUM]","[PREMIUM]",true,false,"['Front Row of Section','Clear view']","2026-07-21 16:23:47"
"13424825388","2026-07-21 23:55:10.807","2026-07-23 22:34:23.298","13424825388","159262883","[PREMIUM]","[PREMIUM]","105","32","1_4","1","4",4,"[2,4]",2014,"Lower Outfield",20,"Mobile ticket",1,"[PREMIUM]","[PREMIUM]","[PREMIUM]","[PREMIUM]",true,false,"['Clear view']","2026-07-21 21:26:02"
"13423281710","2026-07-21 23:55:10.689","2026-07-21 23:55:10.689","13423281710","159262883","[PREMIUM]","[PREMIUM]","323","10","16_21","16","21",6,"[1,2,4,6]",407,"Upper",20,"Mobile ticket",1,"[PREMIUM]","[PREMIUM]","[PREMIUM]","[PREMIUM]",true,false,"['Clear view']","2026-07-21 18:36:12"
"13415991164","2026-07-21 23:55:10.687","2026-08-01 05:14:04.280","13415991164","159262883","[PREMIUM]","[PREMIUM]","107","25","21_22","21","22",2,"[2]",2014,"Lower Outfield",20,"Mobile ticket",1,"[PREMIUM]","[PREMIUM]","[PREMIUM]","[PREMIUM]",true,false,"['Third Row of Section','Clear view']","2026-07-21 04:57:58"
"13416823349","2026-07-21 23:55:10.642","2026-07-21 23:55:10.642","13416823349","159262883","[PREMIUM]","[PREMIUM]","319","23","_",,,6,"[1,2,3,4,5,6]",407,"Upper",20,"Mobile ticket",1,"[PREMIUM]","[PREMIUM]","[PREMIUM]","[PREMIUM]",true,false,"['Clear view']","2026-07-21 06:46:50"
"13422151393","2026-07-21 23:55:10.642","2026-07-21 23:55:10.642","13422151393","159262883","[PREMIUM]","[PREMIUM]","341","21","_",,,10,"[1,2,3,4,5,6,7,8,9,10]",407,"Upper",20,"Mobile ticket",1,"[PREMIUM]","[PREMIUM]","[PREMIUM]","[PREMIUM]",true,false,"['Clear view']","2026-07-21 17:08:10"
"13417263327","2026-07-21 23:55:10.636","2026-07-21 23:55:10.636","13417263327","159262883","[PREMIUM]","[PREMIUM]","319","22","_",,,5,"[1,2,3,4,5]",407,"Upper",20,"Mobile ticket",1,"[PREMIUM]","[PREMIUM]","[PREMIUM]","[PREMIUM]",true,false,"['Clear view']","2026-07-21 08:01:32"
"13417263330","2026-07-21 23:55:10.625","2026-07-21 23:55:10.625","13417263330","159262883","[PREMIUM]","[PREMIUM]","345","10","_",,,7,"[1,2,3,4,5,6,7]",407,"Upper",20,"Mobile ticket",1,"[PREMIUM]","[PREMIUM]","[PREMIUM]","[PREMIUM]",true,false,"['Clear view']","2026-07-21 08:01:32"
"13412861571","2026-07-21 23:55:10.612","2026-07-21 23:55:10.612","13412861571","159262883","[PREMIUM]","[PREMIUM]","307","8","_",,,2,"[2]",407,"Upper",20,"Mobile ticket",1,"[PREMIUM]","[PREMIUM]","[PREMIUM]","[PREMIUM]",true,false,"['Clear view']","2026-07-20 23:10:00"
"13415828924","2026-07-21 23:55:10.612","2026-07-21 23:55:10.612","13415828924","159262883","[PREMIUM]","[PREMIUM]","309","8","_",,,4,"[1,2,3,4]",407,"Upper",20,"Mobile ticket",1,"[PREMIUM]","[PREMIUM]","[PREMIUM]","[PREMIUM]",true,false,"['Clear view']","2026-07-21 04:41:46"
"13253636184","2026-07-21 23:55:10.603","2026-07-25 05:37:17.252","13253636184","159262883","[PREMIUM]","[PREMIUM]","107","27","5_7","5","7",3,"[1,3]",2014,"Lower Outfield",20,"Mobile ticket",1,"[PREMIUM]","[PREMIUM]","[PREMIUM]","[PREMIUM]",true,false,"['Clear view']","2026-07-05 18:48:05"
"13343695636","2026-07-21 23:55:10.603","2026-07-26 05:38:50.199","13343695636","159262883","[PREMIUM]","[PREMIUM]","106","30","_",,,3,"[1,3]",2014,"Lower Outfield",20,"Mobile ticket",1,"[PREMIUM]","[PREMIUM]","[PREMIUM]","[PREMIUM]",true,false,"['Clear view']","2026-07-13 14:36:51"
"13421409869","2026-07-21 23:55:10.540","2026-07-26 05:38:49.984","13421409869","159262883","[PREMIUM]","[PREMIUM]","182","1","3_4","3","4",2,"[2]",3460,"Left Field Bleachers",20,"Mobile ticket",1,"[PREMIUM]","[PREMIUM]","[PREMIUM]","[PREMIUM]",true,false,"['Front Row of Section','Clear view']","2026-07-21 16:13:34"
"13414800344","2026-07-21 23:55:10.340","2026-07-21 23:55:10.340","13414800344","159262882","[PREMIUM]","[PREMIUM]","190","2","_",,,6,"[1,2,3,4,5,6]",3998,"Center Field Bleachers",20,"Mobile ticket",1,"[PREMIUM]","[PREMIUM]","[PREMIUM]","[PREMIUM]",true,false,"['Second Row of Section','Clear view']","2026-07-21 02:48:11"
"13416629209","2026-07-21 23:55:10.340","2026-07-21 23:55:10.340","13416629209","159262882","[PREMIUM]","[PREMIUM]","192","4","_",,,10,"[1,2,3,4,5,6,7,8,9,10]",3998,"Center Field Bleachers",20,"Mobile ticket",1,"[PREMIUM]","[PREMIUM]","[PREMIUM]","[PREMIUM]",true,false,"['Clear view']","2026-07-21 06:16:28"
"13421246253","2026-07-21 23:55:10.332","2026-07-21 23:55:10.332","13421246253","159262883","[PREMIUM]","[PREMIUM]","339","10","19_23","19","23",5,"[1,3,5]",407,"Upper",20,"Mobile ticket",1,"[PREMIUM]","[PREMIUM]","[PREMIUM]","[PREMIUM]",true,false,"['Clear view']","2026-07-21 15:57:27"
"13185695454","2026-07-21 23:55:10.292","2026-07-21 23:55:10.292","13185695454","159264057","[PREMIUM]","[PREMIUM]","24","G","1_2","1","2",2,"[2]",2062,"Promenade",20,"Mobile ticket",1,"[PREMIUM]","[PREMIUM]","[PREMIUM]","[PREMIUM]",true,false,"['Clear view']","2026-06-29 19:59:19"
"13419494602","2026-07-21 23:55:10.269","2026-07-25 05:40:21.963","13419494602","159264057","[PREMIUM]","[PREMIUM]","40","B","_",,,2,"[2]",2062,"Promenade",20,"Mobile ticket",1,"[PREMIUM]","[PREMIUM]","[PREMIUM]","[PREMIUM]",true,false,"['Second Row of Section','Clear view']","2026-07-21 13:20:50"
"13134177687","2026-07-21 23:55:10.116","2026-07-23 00:51:31.340","13134177687","159264057","[PREMIUM]","[PREMIUM]","40","G","_",,,6,"[1,2,3,4,6]",2062,"Promenade",20,"Mobile ticket",1,"[PREMIUM]","[PREMIUM]","[PREMIUM]","[PREMIUM]",true,false,"['Clear view']","2026-06-24 20:33:26"
"13425497555","2026-07-21 23:55:09.764","2026-07-21 23:55:09.764","13425497555","159262311","[PREMIUM]","[PREMIUM]","LB121","32","1_2","1","2",2,"[2]",594,"Lower",20,"Mobile ticket",1,"[PREMIUM]","[PREMIUM]","[PREMIUM]","[PREMIUM]",true,false,"['Second Row of Section','Clear view']","2026-07-21 23:07:55"
"13410272636","2026-07-21 23:55:09.717","2026-07-25 05:38:44.098","13410272636","159262311","[PREMIUM]","[PREMIUM]","LB122","33","9_10","9","10",2,"[2]",594,"Lower",20,"Mobile ticket",1,"[PREMIUM]","[PREMIUM]","[PREMIUM]","[PREMIUM]",true,false,"['Third Row of Section','Clear view']","2026-07-20 19:54:31"
"13425118999","2026-07-21 23:55:09.535","2026-07-21 23:55:09.535","13425118999","159262881","[PREMIUM]","[PREMIUM]","314","18","_",,,5,"[1,2,3,4,5]",407,"Upper",20,"Mobile ticket",1,"[PREMIUM]","[PREMIUM]","[PREMIUM]","[PREMIUM]",true,false,"['Clear view']","2026-07-21 22:04:50"
"13425650197","2026-07-21 23:55:09.535","2026-07-21 23:55:09.535","13425650197","159262881","[PREMIUM]","[PREMIUM]","344","11","_",,,4,"[1,2,3,4]",407,"Upper",20,"Mobile ticket",1,"[PREMIUM]","[PREMIUM]","[PREMIUM]","[PREMIUM]",true,false,"['Clear view']","2026-07-21 23:24:15"
"13425708857","2026-07-21 23:55:09.529","2026-07-21 23:55:09.529","13425708857","159262881","[PREMIUM]","[PREMIUM]","106","26","11_18","11","18",8,"[1,2,3,4,6,8]",2014,"Lower Outfield",20,"Mobile ticket",1,"[PREMIUM]","[PREMIUM]","[PREMIUM]","[PREMIUM]",true,false,"['Clear view']","2026-07-21 23:35:06"
"13308390917","2026-07-21 23:55:09.520","2026-07-21 23:55:09.520","13308390917","159262881","[PREMIUM]","[PREMIUM]","106","28","_",,,9,"[1,2,3,4,5,6,7,9]",2014,"Lower Outfield",20,"Mobile ticket",1,"[PREMIUM]","[PREMIUM]","[PREMIUM]","[PREMIUM]",true,false,"['Clear view']","2026-07-09 23:04:05"
"13348345473","2026-07-21 23:55:09.520","2026-07-21 23:55:09.520","13348345473","159262881","[PREMIUM]","[PREMIUM]","314","13","_",,,3,"[1,2,3]",407,"Upper",20,"Mobile ticket",1,"[PREMIUM]","[PREMIUM]","[PREMIUM]","[PREMIUM]",true,false,"['Clear view']","2026-07-14 13:01:36"
"13424201898","2026-07-21 23:55:09.520","2026-07-21 23:55:09.520","13424201898","159262881","[PREMIUM]","[PREMIUM]","319","22","_",,,4,"[1,2,3,4]",407,"Upper",20,"Mobile ticket",1,"[PREMIUM]","[PREMIUM]","[PREMIUM]","[PREMIUM]",true,false,"['Clear view']","2026-07-21 20:16:11"
"13425189077","2026-07-21 23:55:09.520","2026-07-23 00:51:33.374","13425189077","159262881","[PREMIUM]","[PREMIUM]","107","28","_",,,3,"[1,3]",2014,"Lower Outfield",20,"Mobile ticket",1,"[PREMIUM]","[PREMIUM]","[PREMIUM]","[PREMIUM]",true,false,"['Clear view']","2026-07-21 22:13:36"
"13424966294","2026-07-21 23:55:09.520","2026-07-21 23:55:09.520","13424966294","159262881","[PREMIUM]","[PREMIUM]","108","30","16_21","16","21",6,"[1,2,4,6]",2014,"Lower Outfield",20,"Mobile ticket",1,"[PREMIUM]","[PREMIUM]","[PREMIUM]","[PREMIUM]",true,false,"['Clear view']","2026-07-21 21:41:33"
"13414802025","2026-07-21 23:55:09.502","2026-07-23 00:51:32.395","13414802025","159262881","[PREMIUM]","[PREMIUM]","333","10","15_18","15","18",4,"[2,4]",407,"Upper",20,"Mobile ticket",1,"[PREMIUM]","[PREMIUM]","[PREMIUM]","[PREMIUM]",true,false,"['Clear view']","2026-07-21 02:48:54"
"13409134598","2026-07-21 23:55:09.494","2026-07-25 05:38:06.444","13409134598","159262882","[PREMIUM]","[PREMIUM]","328","10","5_6","5","6",2,"[2]",407,"Upper",20,"Mobile ticket",1,"[PREMIUM]","[PREMIUM]","[PREMIUM]","[PREMIUM]",true,false,"['Clear view']","2026-07-20 18:08:35"
"13398465787","2026-07-21 23:55:09.488","2026-07-21 23:55:09.488","13398465787","159262881","[PREMIUM]","[PREMIUM]","330","24","_",,,6,"[1,2,3,4,5,6]",407,"Upper",20,"Mobile ticket",1,"[PREMIUM]","[PREMIUM]","[PREMIUM]","[PREMIUM]",true,false,"['Clear view']","2026-07-19 16:40:12"
"13413762501","2026-07-21 23:55:09.488","2026-07-21 23:55:09.488","13413762501","159262881","[PREMIUM]","[PREMIUM]","330","23","_",,,7,"[1,2,3,4,5,6,7]",407,"Upper",20,"Mobile ticket",1,"[PREMIUM]","[PREMIUM]","[PREMIUM]","[PREMIUM]",true,false,"['Clear view']","2026-07-21 01:16:41"
"13414913848","2026-07-21 23:55:09.466","2026-07-23 00:51:33.544","13414913848","159262881","[PREMIUM]","[PREMIUM]","109","28","4_5","4","5",2,"[2]",2014,"Lower Outfield",20,"Mobile ticket",1,"[PREMIUM]","[PREMIUM]","[PREMIUM]","[PREMIUM]",true,false,"['Clear view']","2026-07-21 03:03:40"
"13415642649","2026-07-21 23:55:09.466","2026-07-21 23:55:09.466","13415642649","159262881","[PREMIUM]","[PREMIUM]","318","18","_",,,2,"[2]",407,"Upper",20,"Mobile ticket",1,"[PREMIUM]","[PREMIUM]","[PREMIUM]","[PREMIUM]",true,false,"['Clear view']","2026-07-21 04:17:33"
"13368262162","2026-07-21 23:55:09.432","2026-07-31 06:26:07.220","13368262162","159262881","[PREMIUM]","[PREMIUM]","327","10","4_6","4","6",3,"[1,3]",407,"Upper",20,"Mobile ticket",1,"[PREMIUM]","[PREMIUM]","[PREMIUM]","[PREMIUM]",true,false,"['Clear view']","2026-07-16 05:39:51"
"13423801473","2026-07-21 23:55:09.427","2026-07-29 05:12:07.116","13423801473","159262881","[PREMIUM]","[PREMIUM]","339","10","11_12","11","12",2,"[2]",407,"Upper",20,"Mobile ticket",1,"[PREMIUM]","[PREMIUM]","[PREMIUM]","[PREMIUM]",true,false,"['Clear view']","2026-07-21 19:33:57"
"13423954033","2026-07-21 23:55:09.427","2026-07-27 05:56:32.194","13423954033","159262881","[PREMIUM]","[PREMIUM]","337","10","19_21","19","21",3,"[1,3]",407,"Upper",20,"Mobile ticket",1,"[PREMIUM]","[PREMIUM]","[PREMIUM]","[PREMIUM]",true,false,"['Clear view']","2026-07-21 19:50:40"
"13413992065","2026-07-21 23:55:09.426","2026-07-25 05:18:47.817","13413992065","159262881","[PREMIUM]","[PREMIUM]","106","29","_",,,2,"[2]",2014,"Lower Outfield",20,"Mobile ticket",1,"[PREMIUM]","[PREMIUM]","[PREMIUM]","[PREMIUM]",true,false,"['Clear view']","2026-07-21 01:41:29"
"13424727671","2026-07-21 23:55:09.426","2026-07-21 23:55:09.426","13424727671","159262881","[PREMIUM]","[PREMIUM]","309","7","_",,,4,"[1,2,3,4]",407,"Upper",20,"Mobile ticket",1,"[PREMIUM]","[PREMIUM]","[PREMIUM]","[PREMIUM]",true,false,"['Clear view']","2026-07-21 21:16:21"
"13416498814","2026-07-21 23:55:09.418","2026-07-21 23:55:09.418","13416498814","159262881","[PREMIUM]","[PREMIUM]","342","13","_",,,8,"[1,2,3,4,5,6,7,8]",407,"Upper",20,"Mobile ticket",1,"[PREMIUM]","[PREMIUM]","[PREMIUM]","[PREMIUM]",true,false,"['Clear view']","2026-07-21 05:57:30"
"13422979329","2026-07-21 23:55:09.409","2026-07-25 05:38:06.180","13422979329","159262882","[PREMIUM]","[PREMIUM]","330","12","6_8","6","8",3,"[1,3]",407,"Upper",20,"Mobile ticket",1,"[PREMIUM]","[PREMIUM]","[PREMIUM]","[PREMIUM]",true,false,"['Clear view']","2026-07-21 18:07:31"
"13414569784","2026-07-21 23:55:09.406","2026-07-21 23:55:09.406","13414569784","159262882","[PREMIUM]","[PREMIUM]","342","22","_",,,10,"[1,2,3,4,5,6,7,8,9,10]",407,"Upper",20,"Mobile ticket",1,"[PREMIUM]","[PREMIUM]","[PREMIUM]","[PREMIUM]",true,false,"['Clear view']","2026-07-21 02:24:15"
"13425649442","2026-07-21 23:55:09.406","2026-07-21 23:55:09.406","13425649442","159262882","[PREMIUM]","[PREMIUM]","307","5","_",,,3,"[1,2,3]",407,"Upper",20,"Mobile ticket",1,"[PREMIUM]","[PREMIUM]","[PREMIUM]","[PREMIUM]",true,false,"['Clear view']","2026-07-21 23:24:10"
"13416115017","2026-07-21 23:55:09.320","2026-07-21 23:55:09.320","13416115017","159262882","[PREMIUM]","[PREMIUM]","346","9","_",,,7,"[1,2,3,4,5,6,7]",407,"Upper",20,"Mobile ticket",1,"[PREMIUM]","[PREMIUM]","[PREMIUM]","[PREMIUM]",true,false,"['Limited or Obstructed View (printed on ticket)']","2026-07-21 05:09:35"
"13419601935","2026-07-21 23:55:09.320","2026-07-21 23:55:09.320","13419601935","159262882","[PREMIUM]","[PREMIUM]","345","11","_",,,10,"[1,2,3,4,5,6,7,8,9,10]",407,"Upper",20,"Mobile ticket",1,"[PREMIUM]","[PREMIUM]","[PREMIUM]","[PREMIUM]",true,false,"['Limited or Obstructed View (printed on ticket)']","2026-07-21 13:31:39"
"13400754905","2026-07-21 23:55:09.252","2026-07-21 23:55:09.252","13400754905","159262882","[PREMIUM]","[PREMIUM]","331","10","10_17","10","17",8,"[1,2,3,4,6,8]",407,"Upper",20,"Mobile ticket",1,"[PREMIUM]","[PREMIUM]","[PREMIUM]","[PREMIUM]",true,false,"['Clear view']","2026-07-19 23:36:15"
"13414748031","2026-07-21 23:55:09.252","2026-07-30 05:14:50.060","13414748031","159262882","[PREMIUM]","[PREMIUM]","321","10","10_11","10","11",2,"[2]",407,"Upper",20,"Mobile ticket",1,"[PREMIUM]","[PREMIUM]","[PREMIUM]","[PREMIUM]",true,false,"['Clear view']","2026-07-21 02:40:39"
"13341665238","2026-07-21 23:55:09.250","2026-07-21 23:55:09.250","13341665238","159262882","[PREMIUM]","[PREMIUM]","339","11","6_8","6","8",3,"[1,3]",407,"Upper",20,"Mobile ticket",1,"[PREMIUM]","[PREMIUM]","[PREMIUM]","[PREMIUM]",true,false,"['Clear view']","2026-07-13 02:31:00"
"13341665237","2026-07-21 23:55:09.250","2026-07-21 23:55:09.250","13341665237","159262882","[PREMIUM]","[PREMIUM]","339","13","14_17","14","17",4,"[2,4]",407,"Upper",20,"Mobile ticket",1,"[PREMIUM]","[PREMIUM]","[PREMIUM]","[PREMIUM]",true,false,"['Clear view']","2026-07-13 02:31:00"
"13421576097","2026-07-21 23:55:09.250","2026-07-25 05:38:09.889","13421576097","159262882","[PREMIUM]","[PREMIUM]","108","27","5_8","5","8",4,"[2,4]",2014,"Lower Outfield",20,"Mobile ticket",1,"[PREMIUM]","[PREMIUM]","[PREMIUM]","[PREMIUM]",true,false,"['Clear view']","2026-07-21 16:29:01"
"13423418110","2026-07-21 23:55:09.250","2026-07-25 05:38:09.876","13423418110","159262882","[PREMIUM]","[PREMIUM]","106","27","5_6","5","6",2,"[2]",2014,"Lower Outfield",20,"Mobile ticket",1,"[PREMIUM]","[PREMIUM]","[PREMIUM]","[PREMIUM]",true,false,"['Clear view']","2026-07-21 18:49:13"
"13409207937","2026-07-21 23:55:09.237","2026-07-21 23:55:09.237","13409207937","159262882","[PREMIUM]","[PREMIUM]","321","9","_",,,2,"[2]",407,"Upper",20,"Mobile ticket",1,"[PREMIUM]","[PREMIUM]","[PREMIUM]","[PREMIUM]",true,false,"['Clear view']","2026-07-20 18:16:27"
"13408658253","2026-07-21 23:55:09.124","2026-07-21 23:55:09.124","13408658253","159262882","[PREMIUM]","[PREMIUM]","J-Rod 103",,"_",,,9,"[1,2,3,4,5,6,7,9]",29661,"Central Outfield",20,"Mobile ticket",1,"[PREMIUM]","[PREMIUM]","[PREMIUM]","[PREMIUM]",true,true,"['Clear view']","2026-07-20 17:15:47"
"13414947813","2026-07-21 23:55:09.124","2026-07-23 22:34:17.259","13414947813","159262882","[PREMIUM]","[PREMIUM]","337","10","11_18","11","18",8,"[1,2,3,4,6,8]",407,"Upper",20,"Mobile ticket",1,"[PREMIUM]","[PREMIUM]","[PREMIUM]","[PREMIUM]",true,false,"['Clear view']","2026-07-21 03:08:29"
"13415187726","2026-07-21 23:55:09.124","2026-07-30 05:14:50.024","13415187726","159262882","[PREMIUM]","[PREMIUM]","187","2","1_2","1","2",2,"[2]",3460,"Left Field Bleachers",20,"Mobile ticket",1,"[PREMIUM]","[PREMIUM]","[PREMIUM]","[PREMIUM]",true,false,"['Second Row of Section','Clear view']","2026-07-21 03:31:52"
"13416906251","2026-07-21 23:55:09.124","2026-07-31 06:30:03.995","13416906251","159262882","[PREMIUM]","[PREMIUM]","318","2","_",,,3,"[1,3]",407,"Upper",20,"Mobile ticket",1,"[PREMIUM]","[PREMIUM]","[PREMIUM]","[PREMIUM]",true,false,"['Second Row of Section','Clear view']","2026-07-21 07:00:09"
"13388198035","2026-07-21 23:55:09.116","2026-07-23 00:51:34.065","13388198035","159262882","[PREMIUM]","[PREMIUM]","334","13","_",,,2,"[2]",407,"Upper",20,"Mobile ticket",1,"[PREMIUM]","[PREMIUM]","[PREMIUM]","[PREMIUM]",true,false,"['Limited or Obstructed View (printed on ticket)']","2026-07-18 02:26:19"
"13416115011","2026-07-21 23:55:09.116","2026-07-21 23:55:09.116","13416115011","159262882","[PREMIUM]","[PREMIUM]","192","5","_",,,10,"[1,2,3,4,5,6,7,8,9,10]",3998,"Center Field Bleachers",20,"Mobile ticket",1,"[PREMIUM]","[PREMIUM]","[PREMIUM]","[PREMIUM]",true,false,"['Clear view']","2026-07-21 05:09:35"
"13242267053","2026-07-21 23:55:09.113","2026-07-30 05:14:49.783","13242267053","159262882","[PREMIUM]","[PREMIUM]","335","13","_",,,3,"[1,3]",407,"Upper",20,"Mobile ticket",1,"[PREMIUM]","[PREMIUM]","[PREMIUM]","[PREMIUM]",true,false,"['Clear view']","2026-07-04 13:22:26"
"13169622166","2026-07-21 23:55:09.108","2026-07-21 23:55:09.108","13169622166","159262311","[PREMIUM]","[PREMIUM]","LB104","23","1_6","1","6",6,"[1,2,3,4,6]",594,"Lower",20,"Mobile ticket",1,"[PREMIUM]","[PREMIUM]","[PREMIUM]","[PREMIUM]",true,false,"['Clear view']","2026-06-28 01:27:29"
"13422080735","2026-07-21 23:55:09.108","2026-07-23 22:33:49.846","13422080735","159262311","[PREMIUM]","[PREMIUM]","VR305",,"_",,,2,"[2]",3515,"View Reserved",20,"Mobile ticket",1,"[PREMIUM]","[PREMIUM]","[PREMIUM]","[PREMIUM]",true,true,"['Clear view']","2026-07-21 17:04:04"
"13413762332","2026-07-21 23:55:09.081","2026-07-21 23:55:09.081","13413762332","159262882","[PREMIUM]","[PREMIUM]","345","12","_",,,10,"[1,2,3,4,5,6,7,8,9,10]",407,"Upper",20,"Mobile ticket",1,"[PREMIUM]","[PREMIUM]","[PREMIUM]","[PREMIUM]",true,false,"['Limited or Obstructed View (printed on ticket)']","2026-07-21 01:16:41"
"13381285586","2026-07-21 23:55:09.055","2026-07-21 23:55:09.055","13381285586","159262882","[PREMIUM]","[PREMIUM]","320","12","_",,,3,"[1,2,3]",407,"Upper",20,"Mobile ticket",1,"[PREMIUM]","[PREMIUM]","[PREMIUM]","[PREMIUM]",true,false,"['Limited or Obstructed View (printed on ticket)']","2026-07-17 07:43:25"
"13381285571","2026-07-21 23:55:09.055","2026-07-21 23:55:09.055","13381285571","159262882","[PREMIUM]","[PREMIUM]","320","13","_",,,3,"[1,2,3]",407,"Upper",20,"Mobile ticket",1,"[PREMIUM]","[PREMIUM]","[PREMIUM]","[PREMIUM]",true,false,"['Limited or Obstructed View (printed on ticket)']","2026-07-17 07:43:25"
"13380967441","2026-07-21 23:55:09.055","2026-07-21 23:55:09.055","13380967441","159262882","[PREMIUM]","[PREMIUM]","340","10","_",,,3,"[1,2,3]",407,"Upper",20,"Mobile ticket",1,"[PREMIUM]","[PREMIUM]","[PREMIUM]","[PREMIUM]",true,false,"['Limited or Obstructed View (printed on ticket)']","2026-07-17 06:39:47"
"13380868359","2026-07-21 23:55:09.055","2026-07-21 23:55:09.055","13380868359","159262882","[PREMIUM]","[PREMIUM]","337","9","_",,,2,"[2]",407,"Upper",20,"Mobile ticket",1,"[PREMIUM]","[PREMIUM]","[PREMIUM]","[PREMIUM]",true,false,"['Limited or Obstructed View (printed on ticket)']","2026-07-17 06:20:40"
"13413443401","2026-07-21 23:55:08.992","2026-07-25 05:40:20.305","13413443401","159264057","[PREMIUM]","[PREMIUM]","30","8","_",,,3,"[1,3]",2062,"Promenade",20,"Mobile ticket",1,"[PREMIUM]","[PREMIUM]","[PREMIUM]","[PREMIUM]",true,false,"['Clear view']","2026-07-21 00:25:15"
"13425416293","2026-07-21 23:55:08.950","2026-07-27 06:37:02.693","13425416293","159262311","[PREMIUM]","[PREMIUM]","LB123","37","_",,,4,"[1,2,4]",594,"Lower",20,"Mobile ticket",1,"[PREMIUM]","[PREMIUM]","[PREMIUM]","[PREMIUM]",true,false,"['Clear view']","2026-07-21 22:56:21"
"13416557909","2026-07-21 23:55:08.916","2026-07-21 23:55:08.916","13416557909","159262883","[PREMIUM]","[PREMIUM]","333","13","_",,,2,"[2]",407,"Upper",20,"Mobile ticket",1,"[PREMIUM]","[PREMIUM]","[PREMIUM]","[PREMIUM]",true,false,"['Clear view']","2026-07-21 06:06:01"
"13414832614","2026-07-21 23:55:08.889","2026-07-27 06:36:51.236","13414832614","159262311","[PREMIUM]","[PREMIUM]","AR149","2","_",,,2,"[2]",3669,"Arcade",20,"Mobile ticket",1,"[PREMIUM]","[PREMIUM]","[PREMIUM]","[PREMIUM]",true,false,"['Second Row of Section','Clear view']","2026-07-21 02:52:37"
"13420912991","2026-07-21 23:55:08.668","2026-07-23 22:34:16.525","13420912991","159262881","[PREMIUM]","[PREMIUM]","307","7","_",,,4,"[2,4]",407,"Upper",20,"Mobile ticket",1,"[PREMIUM]","[PREMIUM]","[PREMIUM]","[PREMIUM]",true,false,"['Clear view']","2026-07-21 15:28:31"
"12416115790","2026-07-21 23:55:08.520","2026-07-26 05:39:24.599","12416115790","159262882","[PREMIUM]","[PREMIUM]","330","17","12_14","12","14",3,"[1,3]",407,"Upper",20,"Mobile ticket",1,"[PREMIUM]","[PREMIUM]","[PREMIUM]","[PREMIUM]",true,false,"['Clear view']","2026-04-20 16:15:47"
"13420800835","2026-07-21 23:55:08.520","2026-07-25 05:38:06.180","13420800835","159262882","[PREMIUM]","[PREMIUM]","308","2","_",,,4,"[2,4]",407,"Upper",20,"Mobile ticket",1,"[PREMIUM]","[PREMIUM]","[PREMIUM]","[PREMIUM]",true,false,"['Second Row of Section','Clear view']","2026-07-21 15:18:04"
"13420834480","2026-07-21 23:55:08.520","2026-07-29 05:14:50.988","13420834480","159262882","[PREMIUM]","[PREMIUM]","309","4","_",,,2,"[2]",407,"Upper",20,"Mobile ticket",1,"[PREMIUM]","[PREMIUM]","[PREMIUM]","[PREMIUM]",true,false,"['Clear view']","2026-07-21 15:21:23"
"13413314971","2026-07-21 23:55:08.510","2026-07-21 23:55:08.510","13413314971","159264056","[PREMIUM]","[PREMIUM]","21","A","_",,,1,"[1]",1702,"Club Boxes",20,"Mobile ticket",13,"[PREMIUM]","[PREMIUM]","[PREMIUM]","[PREMIUM]",false,false,"['Limited or Obstructed View (printed on ticket)','Front Row of Section']","2026-07-20 23:47:32"
"13425061079","2026-07-21 23:55:08.452","2026-07-25 05:38:33.418","13425061079","159262311","[PREMIUM]","[PREMIUM]","VB325","D","_",,,2,"[2]",3382,"View Box",20,"Mobile ticket",1,"[PREMIUM]","[PREMIUM]","[PREMIUM]","[PREMIUM]",true,false,"['ADA Wheelchair Accessible','Clear view']","2026-07-21 21:54:32"
"13425684284","2026-07-21 23:55:08.452","2026-07-26 05:39:28.676","13425684284","159262311","[PREMIUM]","[PREMIUM]","VR312","2","_",,,2,"[2]",3515,"View Reserved",20,"Mobile ticket",1,"[PREMIUM]","[PREMIUM]","[PREMIUM]","[PREMIUM]",true,false,"['Second Row of Section','Clear view']","2026-07-21 23:31:24"
"13402924629","2026-07-21 23:55:08.420","2026-07-21 23:55:08.420","13402924629","159264056","[PREMIUM]","[PREMIUM]","222",,"_",,,1,"[1]",3805,"Legends",20,"Mobile ticket",13,"[PREMIUM]","[PREMIUM]","[PREMIUM]","[PREMIUM]",false,true,"['Clear view']","2026-07-20 09:44:39"
"13422906919","2026-07-21 23:55:08.420","2026-07-23 00:51:33.853","13422906919","159264056","[PREMIUM]","[PREMIUM]","FL 16","E","3_7","3","7",5,"[1,3,5]",4393,"PNC Club",20,"Mobile ticket",1,"[PREMIUM]","[PREMIUM]","[PREMIUM]","[PREMIUM]",true,false,"['Clear view']","2026-07-21 18:02:53"
"13422904765","2026-07-21 23:55:08.420","2026-07-21 23:55:08.420","13422904765","159264056","[PREMIUM]","[PREMIUM]","FL 16","A","4_7","4","7",4,"[2,4]",4393,"PNC Club",20,"Mobile ticket",1,"[PREMIUM]","[PREMIUM]","[PREMIUM]","[PREMIUM]",true,false,"['Front Row of Section','Clear view']","2026-07-21 18:02:41"
"13422905220","2026-07-21 23:55:08.420","2026-07-27 06:37:25.795","13422905220","159264056","[PREMIUM]","[PREMIUM]","FL 14","E","5_7","5","7",3,"[1,3]",4393,"PNC Club",20,"Mobile ticket",1,"[PREMIUM]","[PREMIUM]","[PREMIUM]","[PREMIUM]",true,false,"['Clear view']","2026-07-21 18:02:43"
"13422905347","2026-07-21 23:55:08.420","2026-07-23 00:51:33.853","13422905347","159264056","[PREMIUM]","[PREMIUM]","FL 14","A","4_5","4","5",2,"[2]",4393,"PNC Club",20,"Mobile ticket",1,"[PREMIUM]","[PREMIUM]","[PREMIUM]","[PREMIUM]",true,false,"['Front Row of Section','Clear view']","2026-07-21 18:02:44"
"13402915022","2026-07-21 23:55:08.415","2026-07-21 23:55:08.415","13402915022","159264056","[PREMIUM]","[PREMIUM]","134","1","_",,,3,"[1,2,3]",2062,"Promenade",20,"Mobile ticket",13,"[PREMIUM]","[PREMIUM]","[PREMIUM]","[PREMIUM]",true,false,"['Limited or Obstructed View (printed on ticket)','Front Row of Section']","2026-07-20 09:43:54"
"13417369214","2026-07-21 23:55:08.415","2026-07-21 23:55:08.415","13417369214","159264056","[PREMIUM]","[PREMIUM]","14","2","_",,,1,"[1]",2062,"Promenade",20,"Mobile ticket",13,"[PREMIUM]","[PREMIUM]","[PREMIUM]","[PREMIUM]",false,false,"['Limited or Obstructed View (printed on ticket)','Front Row of Section']","2026-07-21 08:18:06"
"13419020388","2026-07-21 23:55:08.415","2026-07-25 05:39:36.194","13419020388","159264056","[PREMIUM]","[PREMIUM]","204",,"_",,,1,"[1]",3805,"Legends",20,"Mobile ticket",13,"[PREMIUM]","[PREMIUM]","[PREMIUM]","[PREMIUM]",false,true,"['Clear view']","2026-07-21 12:24:37"
"13420840502","2026-07-21 23:55:08.415","2026-07-21 23:55:08.415","13420840502","159264056","[PREMIUM]","[PREMIUM]","9","A","9001_9004","9001","9004",4,"[4]",1702,"Club Boxes",20,"Mobile ticket",13,"[PREMIUM]","[PREMIUM]","[PREMIUM]","[PREMIUM]",true,false,"['Front Row of Section','Clear view']","2026-07-21 15:21:54"
"13330981673","2026-07-21 23:55:08.414","2026-07-21 23:55:08.414","13330981673","159264056","[PREMIUM]","[PREMIUM]","18","A","9001_9002","9001","9002",2,"[1,2]",2062,"Promenade",20,"Mobile ticket",13,"[PREMIUM]","[PREMIUM]","[PREMIUM]","[PREMIUM]",true,false,"['Limited or Obstructed View (printed on ticket)','Front Row of Section']","2026-07-11 22:13:24"
"13421472567","2026-07-21 23:55:08.414","2026-07-21 23:55:08.414","13421472567","159264056","[PREMIUM]","[PREMIUM]","11","B","_",,,2,"[2]",2062,"Promenade",20,"Mobile ticket",13,"[PREMIUM]","[PREMIUM]","[PREMIUM]","[PREMIUM]",true,false,"['Limited or Obstructed View (printed on ticket)','Second Row of Section']","2026-07-21 16:19:44"
"12868004464","2026-07-21 23:55:08.021","2026-07-26 05:40:22.469","12868004464","159264056","[PREMIUM]","[PREMIUM]","9","1","_",,,4,"[4]",2062,"Promenade",20,"Mobile ticket",1,"[PREMIUM]","[PREMIUM]","[PREMIUM]","[PREMIUM]",true,false,"['Clear view']","2026-05-30 04:19:46"
"13413443103","2026-07-21 23:55:08.021","2026-07-23 22:33:55.587","13413443103","159264056","[PREMIUM]","[PREMIUM]","7","F","8_15","8","15",8,"[1,2,3,4,6,8]",2062,"Promenade",20,"Mobile ticket",1,"[PREMIUM]","[PREMIUM]","[PREMIUM]","[PREMIUM]",true,false,"['Clear view']","2026-07-21 00:25:08"
"13422855188","2026-07-21 23:55:07.951","2026-07-25 05:39:19.043","13422855188","159264056","[PREMIUM]","[PREMIUM]","15","8","10_11","10","11",2,"[2]",2062,"Promenade",20,"Mobile ticket",1,"[PREMIUM]","[PREMIUM]","[PREMIUM]","[PREMIUM]",true,false,"['Clear view']","2026-07-21 17:57:27"
"13425348705","2026-07-21 23:55:07.929","2026-07-21 23:55:07.929","13425348705","159264056","[PREMIUM]","[PREMIUM]","9","11","18_20","18","20",3,"[1,3]",2062,"Promenade",20,"Mobile ticket",1,"[PREMIUM]","[PREMIUM]","[PREMIUM]","[PREMIUM]",true,false,"['Clear view']","2026-07-21 22:45:08"
"13420346883","2026-07-21 23:55:07.926","2026-07-21 23:55:07.926","13420346883","159264056","[PREMIUM]","[PREMIUM]","32","2","9001_9002","9001","9002",2,"[2]",2062,"Promenade",20,"Mobile ticket",13,"[PREMIUM]","[PREMIUM]","[PREMIUM]","[PREMIUM]",true,false,"['Second Row of Section','Clear view']","2026-07-21 14:39:55"
"13425346835","2026-07-21 23:55:07.684","2026-07-23 22:33:55.546","13425346835","159264056","[PREMIUM]","[PREMIUM]","13","15","13_14","13","14",2,"[2]",2062,"Promenade",20,"Mobile ticket",1,"[PREMIUM]","[PREMIUM]","[PREMIUM]","[PREMIUM]",true,false,"['Clear view']","2026-07-21 22:44:21"
"13345365721","2026-07-21 23:55:07.574","2026-07-23 22:33:54.324","13345365721","159264056","[PREMIUM]","[PREMIUM]","22","1","_",,,2,"[2]",2062,"Promenade",20,"Mobile ticket",1,"[PREMIUM]","[PREMIUM]","[PREMIUM]","[PREMIUM]",true,false,"['Clear view']","2026-07-13 20:33:14"
"13414736423","2026-07-21 23:54:57.851","2026-07-21 23:54:57.851","13414736423","159264056","[PREMIUM]","[PREMIUM]","8","8","4_4","4","4",1,"[1]",2062,"Promenade",20,"Mobile ticket",1,"[PREMIUM]","[PREMIUM]","[PREMIUM]","[PREMIUM]",false,false,"['Clear view']","2026-07-21 02:38:43"
"13425745368","2026-07-21 23:54:50.920","2026-07-26 05:40:08.957","13425745368","159264056","[PREMIUM]","[PREMIUM]","135","1","1_9","1","9",9,"[1,2,3,4,5,7,9]",2062,"Promenade",20,"Mobile ticket",1,"[PREMIUM]","[PREMIUM]","[PREMIUM]","[PREMIUM]",true,false,"['Front Row of Section','Clear view']","2026-07-21 23:42:41"
"13185855960","2026-07-21 23:54:50.721","2026-07-23 22:33:54.291","13185855960","159264056","[PREMIUM]","[PREMIUM]","23","C","_",,,3,"[1,3]",2062,"Promenade",20,"Mobile ticket",1,"[PREMIUM]","[PREMIUM]","[PREMIUM]","[PREMIUM]",true,false,"['Third Row of Section','Clear view']","2026-06-29 20:25:27"
"13420000721","2026-07-21 23:54:50.073","2026-07-23 22:33:54.292","13420000721","159264056","[PREMIUM]","[PREMIUM]","27","J","_",,,3,"[1,2,3]",2062,"Promenade",20,"Mobile ticket",1,"[PREMIUM]","[PREMIUM]","[PREMIUM]","[PREMIUM]",true,false,"['Front Row of Section','Clear view']","2026-07-21 14:09:03"
"13134069592","2026-07-21 23:54:49.821","2026-07-21 23:54:49.821","13134069592","159264056","[PREMIUM]","[PREMIUM]","30","4","3_7","3","7",5,"[1,2,3,5]",2062,"Promenade",20,"Mobile ticket",1,"[PREMIUM]","[PREMIUM]","[PREMIUM]","[PREMIUM]",true,false,"['Clear view']","2026-06-24 20:20:29"
"13134069545","2026-07-21 23:54:49.821","2026-07-25 05:39:09.133","13134069545","159264056","[PREMIUM]","[PREMIUM]","30","5","3_8","3","8",6,"[1,2,3,4,6]",2062,"Promenade",20,"Mobile ticket",1,"[PREMIUM]","[PREMIUM]","[PREMIUM]","[PREMIUM]",true,false,"['Clear view']","2026-06-24 20:20:29"
"13425745360","2026-07-21 23:54:49.412","2026-07-25 05:39:13.314","13425745360","159264056","[PREMIUM]","[PREMIUM]","141","11","1_5","1","5",5,"[1,3,5]",2062,"Promenade",20,"Mobile ticket",1,"[PREMIUM]","[PREMIUM]","[PREMIUM]","[PREMIUM]",true,false,"['Clear view']","2026-07-21 23:42:41"
"13411315010","2026-07-21 23:54:32.459","2026-07-25 05:38:33.418","13411315010","159262311","[PREMIUM]","[PREMIUM]","B144","29","10_11","10","11",2,"[2]",1345,"Bleachers",20,"Mobile ticket",1,"[PREMIUM]","[PREMIUM]","[PREMIUM]","[PREMIUM]",true,false,"['Clear view']","2026-07-20 21:29:27"
"13411314986","2026-07-21 23:54:32.459","2026-07-26 05:39:26.520","13411314986","159262311","[PREMIUM]","[PREMIUM]","B143","28","23_24","23","24",2,"[2]",1345,"Bleachers",20,"Mobile ticket",1,"[PREMIUM]","[PREMIUM]","[PREMIUM]","[PREMIUM]",true,false,"['Clear view']","2026-07-20 21:29:27"
"13411315124","2026-07-21 23:54:32.459","2026-07-21 23:54:32.459","13411315124","159262311","[PREMIUM]","[PREMIUM]","B144","28","1_8","1","8",12,"[1,2,3,4,5,6,7,8]",1345,"Bleachers",20,"Mobile ticket",1,"[PREMIUM]","[PREMIUM]","[PREMIUM]","[PREMIUM]",true,false,"['Clear view']","2026-07-20 21:29:27"
"13418259348","2026-07-21 23:54:01.413","2026-07-21 23:54:01.413","13418259348","159264056","[PREMIUM]","[PREMIUM]","40","10","13_14","13","14",2,"[2]",2062,"Promenade",20,"Mobile ticket",1,"[PREMIUM]","[PREMIUM]","[PREMIUM]","[PREMIUM]",true,false,"['Clear view']","2026-07-21 10:47:07"
"13419498517","2026-07-21 23:54:01.413","2026-07-23 00:51:31.140","13419498517","159264056","[PREMIUM]","[PREMIUM]","40","B","_",,,2,"[2]",2062,"Promenade",20,"Mobile ticket",1,"[PREMIUM]","[PREMIUM]","[PREMIUM]","[PREMIUM]",true,false,"['Second Row of Section','Clear view']","2026-07-21 13:21:04"
"13421244005","2026-07-21 23:54:01.413","2026-07-25 05:39:09.133","13421244005","159264056","[PREMIUM]","[PREMIUM]","40","G","_",,,2,"[2]",2062,"Promenade",20,"Mobile ticket",1,"[PREMIUM]","[PREMIUM]","[PREMIUM]","[PREMIUM]",true,false,"['Clear view']","2026-07-21 15:57:21"
"13420342423","2026-07-21 23:53:38.411","2026-07-21 23:53:38.411","13420342423","159264055","[PREMIUM]","[PREMIUM]","9","A","9001_9004","9001","9004",4,"[4]",1702,"Club Boxes",20,"Mobile ticket",13,"[PREMIUM]","[PREMIUM]","[PREMIUM]","[PREMIUM]",true,false,"['Front Row of Section','Clear view']","2026-07-21 14:39:38"
"13422907267","2026-07-21 23:53:38.411","2026-07-21 23:53:38.411","13422907267","159264055","[PREMIUM]","[PREMIUM]","Field Level 5","HH","7_10","7","10",4,"[2,4]",4393,"PNC Club",20,"Mobile ticket",1,"[PREMIUM]","[PREMIUM]","[PREMIUM]","[PREMIUM]",true,false,"['Clear view']","2026-07-21 18:02:55"
"13422907551","2026-07-21 23:53:38.411","2026-07-24 12:01:16.054","13422907551","159264055","[PREMIUM]","[PREMIUM]","FL 16","A","3_7","3","7",5,"[1,3,5]",4393,"PNC Club",20,"Mobile ticket",1,"[PREMIUM]","[PREMIUM]","[PREMIUM]","[PREMIUM]",true,false,"['Front Row of Section','Clear view']","2026-07-21 18:02:56"
"13422907743","2026-07-21 23:53:38.411","2026-07-26 05:13:48.413","13422907743","159264055","[PREMIUM]","[PREMIUM]","Field Level 8","GG","3_5","3","5",3,"[1,3]",4393,"PNC Club",20,"Mobile ticket",1,"[PREMIUM]","[PREMIUM]","[PREMIUM]","[PREMIUM]",true,false,"['Clear view']","2026-07-21 18:02:56"
"13422908336","2026-07-21 23:53:35.014","2026-07-21 23:53:35.014","13422908336","159264055","[PREMIUM]","[PREMIUM]","FL 14","A","1_5","1","5",5,"[1,3,5]",4393,"PNC Club",20,"Mobile ticket",1,"[PREMIUM]","[PREMIUM]","[PREMIUM]","[PREMIUM]",true,false,"['Front Row of Section','Clear view']","2026-07-21 18:02:59"
"13422909562","2026-07-21 23:53:35.014","2026-07-26 05:13:48.413","13422909562","159264055","[PREMIUM]","[PREMIUM]","FL 16","E","3_7","3","7",5,"[1,3,5]",4393,"PNC Club",20,"Mobile ticket",1,"[PREMIUM]","[PREMIUM]","[PREMIUM]","[PREMIUM]",true,false,"['Clear view']","2026-07-21 18:03:05"
"13422909346","2026-07-21 23:53:35.014","2026-07-23 22:33:53.357","13422909346","159264055","[PREMIUM]","[PREMIUM]","FL 14","E","2_7","2","7",6,"[1,2,4,6]",4393,"PNC Club",20,"Mobile ticket",1,"[PREMIUM]","[PREMIUM]","[PREMIUM]","[PREMIUM]",true,false,"['Clear view']","2026-07-21 18:03:04"
"13422909097","2026-07-21 23:53:35.014","2026-07-26 05:13:48.413","13422909097","159264055","[PREMIUM]","[PREMIUM]","FL 16","D","1_3","1","3",3,"[1,3]",4393,"PNC Club",20,"Mobile ticket",1,"[PREMIUM]","[PREMIUM]","[PREMIUM]","[PREMIUM]",true,false,"['Clear view']","2026-07-21 18:03:02"
"13422907780","2026-07-21 23:53:35.014","2026-07-23 22:33:53.348","13422907780","159264055","[PREMIUM]","[PREMIUM]","Field Level 7","FF","7_9","7","9",3,"[1,3]",4393,"PNC Club",20,"Mobile ticket",1,"[PREMIUM]","[PREMIUM]","[PREMIUM]","[PREMIUM]",true,false,"['Clear view']","2026-07-21 18:02:57"
"13422908123","2026-07-21 23:53:35.014","2026-07-26 05:13:48.413","13422908123","159264055","[PREMIUM]","[PREMIUM]","Field Level 8","HH","7_8","7","8",2,"[2]",4393,"PNC Club",20,"Mobile ticket",1,"[PREMIUM]","[PREMIUM]","[PREMIUM]","[PREMIUM]",true,false,"['Clear view']","2026-07-21 18:02:58"
"13413443272","2026-07-21 23:53:34.047","2026-07-21 23:53:34.047","13413443272","159264055","[PREMIUM]","[PREMIUM]","24","A","1_2","1","2",2,"[2]",2062,"Promenade",20,"Mobile ticket",1,"[PREMIUM]","[PREMIUM]","[PREMIUM]","[PREMIUM]",true,false,"['Front Row of Section','Clear view']","2026-07-21 00:25:12"
"13420228670","2026-07-21 23:53:33.377","2026-07-21 23:53:33.377","13420228670","159264055","[PREMIUM]","[PREMIUM]","20","2","9001_9002","9001","9002",2,"[2]",2062,"Promenade",20,"Mobile ticket",13,"[PREMIUM]","[PREMIUM]","[PREMIUM]","[PREMIUM]",true,false,"['Clear view']","2026-07-21 14:29:57"
"13420633945","2026-07-21 23:53:33.133","2026-07-21 23:53:33.133","13420633945","159264055","[PREMIUM]","[PREMIUM]","32","2","9001_9002","9001","9002",2,"[2]",2062,"Promenade",20,"Mobile ticket",13,"[PREMIUM]","[PREMIUM]","[PREMIUM]","[PREMIUM]",true,false,"['Second Row of Section','Clear view']","2026-07-21 15:03:52"
"13129044848","2026-07-21 23:53:32.989","2026-07-21 23:53:32.989","13129044848","159264055","[PREMIUM]","[PREMIUM]","9","21","_",,,8,"[1,2,3,4,5,6,8]",2062,"Promenade",20,"Mobile ticket",1,"[PREMIUM]","[PREMIUM]","[PREMIUM]","[PREMIUM]",true,false,"['Clear view']","2026-06-24 08:39:19"
"13231771656","2026-07-21 23:53:32.912","2026-07-26 05:13:48.206","13231771656","159264055","[PREMIUM]","[PREMIUM]","19","2","1_2","1","2",2,"[2]",2062,"Promenade",20,"Mobile ticket",1,"[PREMIUM]","[PREMIUM]","[PREMIUM]","[PREMIUM]",true,false,"['Clear view']","2026-07-03 18:41:12"
"13421179331","2026-07-21 23:53:32.743","2026-07-24 12:01:08.759","13421179331","159264055","[PREMIUM]","[PREMIUM]","18","B","1_2","1","2",2,"[2]",2062,"Promenade",20,"Mobile ticket",1,"[PREMIUM]","[PREMIUM]","[PREMIUM]","[PREMIUM]",true,false,"['Second Row of Section','Clear view']","2026-07-21 15:52:34"
"13423302190","2026-07-21 23:53:32.743","2026-07-25 05:35:51.819","13423302190","159264055","[PREMIUM]","[PREMIUM]","5","D","10_10","10","10",1,"[1]",2062,"Promenade",20,"Mobile ticket",1,"[PREMIUM]","[PREMIUM]","[PREMIUM]","[PREMIUM]",false,false,"['Second Row of Section','Clear view']","2026-07-21 18:37:51"
"13420378446","2026-07-21 23:53:32.730","2026-07-21 23:53:32.730","13420378446","159264055","[PREMIUM]","[PREMIUM]","21","1","9001_9002","9001","9002",2,"[2]",2062,"Promenade",20,"Mobile ticket",13,"[PREMIUM]","[PREMIUM]","[PREMIUM]","[PREMIUM]",true,false,"['Clear view']","2026-07-21 14:42:04"
"13425319162","2026-07-21 23:53:32.730","2026-07-24 12:01:08.578","13425319162","159264055","[PREMIUM]","[PREMIUM]","10","5","17_20","17","20",4,"[2,4]",2062,"Promenade",20,"Mobile ticket",1,"[PREMIUM]","[PREMIUM]","[PREMIUM]","[PREMIUM]",true,false,"['Clear view']","2026-07-21 22:40:43"
"13400070399","2026-07-21 23:53:32.698","2026-07-26 05:13:48.317","13400070399","159264055","[PREMIUM]","[PREMIUM]","Field Level 2","BB","_",,,2,"[2]",3762,"Dugout Club",20,"Mobile ticket",1,"[PREMIUM]","[PREMIUM]","[PREMIUM]","[PREMIUM]",true,false,"['Second Row of Section','Clear view']","2026-07-19 21:15:28"
"13423966635","2026-07-21 23:53:32.698","2026-07-24 12:01:14.159","13423966635","159264055","[PREMIUM]","[PREMIUM]","20","B","_",,,2,"[2]",1702,"Club Boxes",20,"Mobile ticket",1,"[PREMIUM]","[PREMIUM]","[PREMIUM]","[PREMIUM]",true,false,"['Actual 2nd row of section','Aisle seat','Food and Beverages Available for Purchase','Clear view']","2026-07-21 19:52:20"
"13311528082","2026-07-21 23:53:32.127","2026-07-21 23:53:32.127","13311528082","159264055","[PREMIUM]","[PREMIUM]","9","15","11_18","11","18",8,"[1,2,3,4,6,8]",2062,"Promenade",20,"Mobile ticket",1,"[PREMIUM]","[PREMIUM]","[PREMIUM]","[PREMIUM]",true,false,"['Clear view']","2026-07-10 06:26:58"
"13328849847","2026-07-21 23:53:32.127","2026-07-23 00:51:29.809","13328849847","159264055","[PREMIUM]","[PREMIUM]","14","22","1_7","1","7",7,"[1,2,3,5,7]",2062,"Promenade",20,"Mobile ticket",1,"[PREMIUM]","[PREMIUM]","[PREMIUM]","[PREMIUM]",true,false,"['Clear view']","2026-07-11 17:08:16"
"13289613074","2026-07-21 23:53:31.659","2026-07-23 00:51:29.821","13289613074","159264055","[PREMIUM]","[PREMIUM]","21","7","_",,,4,"[1,2,4]",2062,"Promenade",20,"Mobile ticket",1,"[PREMIUM]","[PREMIUM]","[PREMIUM]","[PREMIUM]",true,false,"['Clear view']","2026-07-08 20:47:13"
"13423311146","2026-07-21 23:53:31.406","2026-07-21 23:53:31.406","13423311146","159264055","[PREMIUM]","[PREMIUM]","9","24","9_12","9","12",4,"[2,4]",2062,"Promenade",20,"Mobile ticket",1,"[PREMIUM]","[PREMIUM]","[PREMIUM]","[PREMIUM]",true,false,"['Clear view']","2026-07-21 18:38:50"
"13338540657","2026-07-21 23:53:31.341","2026-07-21 23:53:31.341","13338540657","159264055","[PREMIUM]","[PREMIUM]","23","C","_",,,3,"[1,3]",2062,"Promenade",20,"Mobile ticket",1,"[PREMIUM]","[PREMIUM]","[PREMIUM]","[PREMIUM]",true,false,"['Third Row of Section','Clear view']","2026-07-12 17:28:09"
"13420236162","2026-07-21 23:53:31.341","2026-07-23 00:51:28.891","13420236162","159264055","[PREMIUM]","[PREMIUM]","20","22","_",,,2,"[2]",2062,"Promenade",20,"Mobile ticket",1,"[PREMIUM]","[PREMIUM]","[PREMIUM]","[PREMIUM]",true,false,"['Clear view']","2026-07-21 14:30:46"
"13425107386","2026-07-21 23:53:31.341","2026-07-25 05:35:50.141","13425107386","159264055","[PREMIUM]","[PREMIUM]","3","G","9_10","9","10",2,"[2]",2062,"Promenade",20,"Mobile ticket",1,"[PREMIUM]","[PREMIUM]","[PREMIUM]","[PREMIUM]",true,false,"['Clear view']","2026-07-21 22:01:56"
"13375864228","2026-07-21 23:53:31.035","2026-07-21 23:53:31.035","13375864228","159264054","[PREMIUM]","[PREMIUM]","Field Level 5","DD","_",,,3,"[1,3]",4393,"PNC Club",20,"Mobile ticket",1,"[PREMIUM]","[PREMIUM]","[PREMIUM]","[PREMIUM]",true,false,"['Clear view']","2026-07-16 19:58:55"
"13419462477","2026-07-21 23:53:31.035","2026-07-23 14:01:12.819","13419462477","159264054","[PREMIUM]","[PREMIUM]","Field Level 8","DD","_",,,4,"[2,4]",4393,"PNC Club",20,"Mobile ticket",1,"[PREMIUM]","[PREMIUM]","[PREMIUM]","[PREMIUM]",true,false,"['Clear view']","2026-07-21 13:17:17"
"13425258264","2026-07-21 23:53:31.032","2026-07-23 22:33:50.606","13425258264","159264055","[PREMIUM]","[PREMIUM]","21","27","5_6","5","6",2,"[2]",2062,"Promenade",20,"Mobile ticket",1,"[PREMIUM]","[PREMIUM]","[PREMIUM]","[PREMIUM]",true,false,"['Clear view']","2026-07-21 22:31:38"
"13398046068","2026-07-21 23:53:31.016","2026-07-25 05:18:06.211","13398046068","159264054","[PREMIUM]","[PREMIUM]","20","A","14_16","14","16",3,"[1,3]",1702,"Club Boxes",20,"Mobile ticket",1,"[PREMIUM]","[PREMIUM]","[PREMIUM]","[PREMIUM]",true,false,"['Front Row of Section','Clear view']","2026-07-19 15:19:51"
"13419855297","2026-07-21 23:53:31.016","2026-07-21 23:53:31.016","13419855297","159264054","[PREMIUM]","[PREMIUM]","Field Level 7","FF","_",,,2,"[2]",4393,"PNC Club",20,"Mobile ticket",1,"[PREMIUM]","[PREMIUM]","[PREMIUM]","[PREMIUM]",true,false,"['Clear view']","2026-07-21 13:55:30"
"13419395859","2026-07-21 23:53:30.898","2026-07-25 05:35:50.336","13419395859","159264055","[PREMIUM]","[PREMIUM]","137","1","3_8","3","8",6,"[1,2,4,6]",2062,"Promenade",20,"Mobile ticket",1,"[PREMIUM]","[PREMIUM]","[PREMIUM]","[PREMIUM]",true,false,"['Front Row of Section','Clear view']","2026-07-21 13:10:33"
"13423936779","2026-07-21 23:53:30.870","2026-07-21 23:53:30.870","13423936779","159264054","[PREMIUM]","[PREMIUM]","20","B","_",,,2,"[2]",1702,"Club Boxes",20,"Mobile ticket",1,"[PREMIUM]","[PREMIUM]","[PREMIUM]","[PREMIUM]",true,false,"['Actual 2nd row of section','Aisle seat','Food and Beverages Available for Purchase','Clear view']","2026-07-21 19:48:27"
"13423917459","2026-07-21 23:53:30.811","2026-07-24 06:07:35.069","13423917459","159264053","[PREMIUM]","[PREMIUM]","20","B","_",,,2,"[2]",1702,"Club Boxes",20,"Mobile ticket",1,"[PREMIUM]","[PREMIUM]","[PREMIUM]","[PREMIUM]",true,false,"['Actual 2nd row of section','Aisle seat','Food and Beverages Available for Purchase','Clear view']","2026-07-21 19:45:46"
"13423580006","2026-07-21 23:53:30.805","2026-07-21 23:53:30.805","13423580006","159264054","[PREMIUM]","[PREMIUM]","Field Level 9","DD","_",,,4,"[1,2,4]",17020,"Humana Cabana",20,"Mobile ticket",1,"[PREMIUM]","[PREMIUM]","[PREMIUM]","[PREMIUM]",true,false,"['Clear view']","2026-07-21 19:06:18"
"13409850210","2026-07-21 23:53:30.757","2026-07-25 05:35:50.337","13409850210","159264055","[PREMIUM]","[PREMIUM]","22","28","17_18","17","18",2,"[1,2]",2062,"Promenade",20,"Mobile ticket",1,"[PREMIUM]","[PREMIUM]","[PREMIUM]","[PREMIUM]",true,false,"['Clear view']","2026-07-20 19:26:20"
"13420599034","2026-07-21 23:53:30.712","2026-07-21 23:53:30.712","13420599034","159264054","[PREMIUM]","[PREMIUM]","20","2","9001_9003","9001","9003",3,"[3]",2062,"Promenade",20,"Mobile ticket",13,"[PREMIUM]","[PREMIUM]","[PREMIUM]","[PREMIUM]",true,false,"['Clear view']","2026-07-21 14:59:41"
"13424989358","2026-07-21 23:53:30.712","2026-07-24 06:07:36.422","13424989358","159264054","[PREMIUM]","[PREMIUM]","20","1","_",,,2,"[2]",2062,"Promenade",20,"Mobile ticket",1,"[PREMIUM]","[PREMIUM]","[PREMIUM]","[PREMIUM]",true,false,"['Clear view']","2026-07-21 21:43:42"
"13132646241","2026-07-21 23:53:30.707","2026-07-21 23:53:30.707","13132646241","159264055","[PREMIUM]","[PREMIUM]","40","D","_",,,6,"[1,2,3,4,6]",2062,"Promenade",20,"Mobile ticket",1,"[PREMIUM]","[PREMIUM]","[PREMIUM]","[PREMIUM]",true,false,"['Clear view']","2026-06-24 17:34:58"
"13414676493","2026-07-21 23:53:30.707","2026-07-23 00:51:28.830","13414676493","159264055","[PREMIUM]","[PREMIUM]","40","C","2_6","2","6",5,"[1,3,5]",2062,"Promenade",20,"Mobile ticket",1,"[PREMIUM]","[PREMIUM]","[PREMIUM]","[PREMIUM]",true,false,"['Third Row of Section','Clear view']","2026-07-21 02:32:47"
"13345101673","2026-07-21 23:53:30.659","2026-07-25 05:35:50.328","13345101673","159264055","[PREMIUM]","[PREMIUM]","28","22","_",,,2,"[2]",2062,"Promenade",20,"Mobile ticket",1,"[PREMIUM]","[PREMIUM]","[PREMIUM]","[PREMIUM]",true,false,"['Clear view']","2026-07-13 19:43:23"
"13421736616","2026-07-21 23:53:30.414","2026-07-21 23:53:30.414","13421736616","159264054","[PREMIUM]","[PREMIUM]","9","H","_",,,4,"[4]",1702,"Club Boxes",20,"Mobile ticket",1,"[PREMIUM]","[PREMIUM]","[PREMIUM]","[PREMIUM]",true,false,"['Clear view']","2026-07-21 16:41:47"
"13419672289","2026-07-21 23:53:29.928","2026-07-24 06:07:36.426","13419672289","159264054","[PREMIUM]","[PREMIUM]","7","J","19_19","19","19",1,"[1]",2062,"Promenade",20,"Mobile ticket",1,"[PREMIUM]","[PREMIUM]","[PREMIUM]","[PREMIUM]",false,false,"['Clear view']","2026-07-21 13:37:56"
"13425451133","2026-07-21 23:53:29.832","2026-07-24 06:07:40.384","13425451133","159264053","[PREMIUM]","[PREMIUM]","22","5","5_12","5","12",8,"[1,2,3,4,6,8]",2062,"Promenade",20,"Mobile ticket",1,"[PREMIUM]","[PREMIUM]","[PREMIUM]","[PREMIUM]",true,false,"['Clear view']","2026-07-21 23:02:02"
"13422594577","2026-07-21 23:53:29.828","2026-07-24 06:07:36.426","13422594577","159264054","[PREMIUM]","[PREMIUM]","6","B","9_10","9","10",2,"[2]",2062,"Promenade",20,"Mobile ticket",1,"[PREMIUM]","[PREMIUM]","[PREMIUM]","[PREMIUM]",true,false,"['Second Row of Section','Clear view']","2026-07-21 17:38:59"
"13421594874","2026-07-21 23:53:29.779","2026-07-23 14:01:11.486","13421594874","159264054","[PREMIUM]","[PREMIUM]","8","7","17_17","17","17",1,"[1]",2062,"Promenade",20,"Mobile ticket",1,"[PREMIUM]","[PREMIUM]","[PREMIUM]","[PREMIUM]",false,false,"['Clear view']","2026-07-21 16:31:41"
"13418353556","2026-07-21 23:53:29.589","2026-07-21 23:53:29.589","13418353556","159264054","[PREMIUM]","[PREMIUM]","17","7","9_12","9","12",4,"[2,4]",2062,"Promenade",20,"Mobile ticket",1,"[PREMIUM]","[PREMIUM]","[PREMIUM]","[PREMIUM]",true,false,"['Third Row of Section','Clear view']","2026-07-21 11:06:45"
"13420567612","2026-07-21 23:53:29.589","2026-07-25 05:18:03.648","13420567612","159264054","[PREMIUM]","[PREMIUM]","9","6","5_6","5","6",2,"[2]",2062,"Promenade",20,"Mobile ticket",1,"[PREMIUM]","[PREMIUM]","[PREMIUM]","[PREMIUM]",true,false,"['Clear view']","2026-07-21 14:56:55"
"13424920493","2026-07-21 23:53:29.589","2026-07-23 00:51:29.412","13424920493","159264054","[PREMIUM]","[PREMIUM]","13","11","11_14","11","14",4,"[2,4]",2062,"Promenade",20,"Mobile ticket",1,"[PREMIUM]","[PREMIUM]","[PREMIUM]","[PREMIUM]",true,false,"['Clear view']","2026-07-21 21:36:11"
"13413370342","2026-07-21 23:53:29.575","2026-07-23 14:01:11.864","13413370342","159264054","[PREMIUM]","[PREMIUM]","11","11","1_8","1","8",8,"[1,2,3,4,6,8]",2062,"Promenade",20,"Mobile ticket",1,"[PREMIUM]","[PREMIUM]","[PREMIUM]","[PREMIUM]",true,false,"['Clear view']","2026-07-20 23:57:49"
"13128924528","2026-07-21 23:53:29.553","2026-07-22 12:03:10.912","13128924528","159264053","[PREMIUM]","[PREMIUM]","Field Level 9","AA","_",,,3,"[1,3]",17020,"Humana Cabana",20,"Mobile ticket",1,"[PREMIUM]","[PREMIUM]","[PREMIUM]","[PREMIUM]",true,false,"['Front Row of Section','Clear view']","2026-06-24 08:16:30"
"13420235737","2026-07-21 23:53:29.553","2026-07-21 23:53:29.553","13420235737","159264054","[PREMIUM]","[PREMIUM]","10","11","_",,,2,"[2]",2062,"Promenade",20,"Mobile ticket",1,"[PREMIUM]","[PREMIUM]","[PREMIUM]","[PREMIUM]",true,false,"['Clear view']","2026-07-21 14:30:45"
"13422900958","2026-07-21 23:53:29.553","2026-07-22 12:03:10.912","13422900958","159264053","[PREMIUM]","[PREMIUM]","FL 16","D","3_4","3","4",2,"[2]",4393,"PNC Club",20,"Mobile ticket",1,"[PREMIUM]","[PREMIUM]","[PREMIUM]","[PREMIUM]",true,false,"['Clear view']","2026-07-21 18:02:12"
"13422896537","2026-07-21 23:53:29.553","2026-07-22 12:03:10.912","13422896537","159264053","[PREMIUM]","[PREMIUM]","FL 16","A","3_7","3","7",5,"[1,3,5]",4393,"PNC Club",20,"Mobile ticket",1,"[PREMIUM]","[PREMIUM]","[PREMIUM]","[PREMIUM]",true,false,"['Front Row of Section','Clear view']","2026-07-21 18:01:02"
"13422896531","2026-07-21 23:53:29.553","2026-07-22 12:03:10.912","13422896531","159264053","[PREMIUM]","[PREMIUM]","FL 16","E","5_9","5","9",5,"[1,3,5]",4393,"PNC Club",20,"Mobile ticket",1,"[PREMIUM]","[PREMIUM]","[PREMIUM]","[PREMIUM]",true,false,"['Clear view']","2026-07-21 18:01:02"
"13422896511","2026-07-21 23:53:29.553","2026-07-24 06:07:35.199","13422896511","159264053","[PREMIUM]","[PREMIUM]","FL 14","C","5_6","5","6",2,"[2]",4393,"PNC Club",20,"Mobile ticket",1,"[PREMIUM]","[PREMIUM]","[PREMIUM]","[PREMIUM]",true,false,"['Third Row of Section','Clear view']","2026-07-21 18:01:01"
"13422896462","2026-07-21 23:53:29.553","2026-07-24 06:07:35.199","13422896462","159264053","[PREMIUM]","[PREMIUM]","FL 15","C","1_2","1","2",2,"[2]",4393,"PNC Club",20,"Mobile ticket",1,"[PREMIUM]","[PREMIUM]","[PREMIUM]","[PREMIUM]",true,false,"['Third Row of Section','Clear view']","2026-07-21 18:01:00"
"13413801874","2026-07-21 23:53:29.526","2026-07-24 06:07:35.081","13413801874","159264053","[PREMIUM]","[PREMIUM]","21","D","3_4","3","4",2,"[2]",1702,"Club Boxes",20,"Mobile ticket",1,"[PREMIUM]","[PREMIUM]","[PREMIUM]","[PREMIUM]",true,false,"['Clear view']","2026-07-21 01:20:41"
"13413444144","2026-07-21 23:53:29.403","2026-07-24 06:07:34.777","13413444144","159264053","[PREMIUM]","[PREMIUM]","8","8","17_18","17","18",2,"[2]",2062,"Promenade",20,"Mobile ticket",1,"[PREMIUM]","[PREMIUM]","[PREMIUM]","[PREMIUM]",true,false,"['Clear view']","2026-07-21 00:25:28"
"13413790254","2026-07-21 23:53:29.403","2026-07-21 23:53:29.403","13413790254","159264053","[PREMIUM]","[PREMIUM]","10","11","5_8","5","8",4,"[2,4]",2062,"Promenade",20,"Mobile ticket",1,"[PREMIUM]","[PREMIUM]","[PREMIUM]","[PREMIUM]",true,false,"['Clear view']","2026-07-21 01:19:24"
"13425439233","2026-07-21 23:53:29.403","2026-07-22 12:02:37.614","13425439233","159264053","[PREMIUM]","[PREMIUM]","9","15","11_15","11","15",5,"[1,3,5]",2062,"Promenade",20,"Mobile ticket",1,"[PREMIUM]","[PREMIUM]","[PREMIUM]","[PREMIUM]",true,false,"['Clear view']","2026-07-21 22:59:47"
"13400648525","2026-07-21 23:53:29.364","2026-07-25 05:18:03.529","13400648525","159264054","[PREMIUM]","[PREMIUM]","15","19","9_12","9","12",4,"[2,4]",2062,"Promenade",20,"Mobile ticket",1,"[PREMIUM]","[PREMIUM]","[PREMIUM]","[PREMIUM]",true,false,"['Clear view']","2026-07-19 23:14:13"
"13414446613","2026-07-21 23:53:29.364","2026-07-23 14:01:11.706","13414446613","159264054","[PREMIUM]","[PREMIUM]","18","11","7_6","7",,2,"[2]",2062,"Promenade",20,"Mobile ticket",1,"[PREMIUM]","[PREMIUM]","[PREMIUM]","[PREMIUM]",true,false,"['Clear view']","2026-07-21 02:16:12"
"13419472075","2026-07-21 23:53:29.086","2026-07-21 23:53:29.086","13419472075","159264053","[PREMIUM]","[PREMIUM]","32","2","9001_9002","9001","9002",2,"[2]",2062,"Promenade",20,"Mobile ticket",13,"[PREMIUM]","[PREMIUM]","[PREMIUM]","[PREMIUM]",true,false,"['Second Row of Section','Clear view']","2026-07-21 13:18:24"
"13421366897","2026-07-21 23:53:29.026","2026-07-24 06:07:35.662","13421366897","159264054","[PREMIUM]","[PREMIUM]","21","7","_",,,2,"[2]",2062,"Promenade",20,"Mobile ticket",1,"[PREMIUM]","[PREMIUM]","[PREMIUM]","[PREMIUM]",true,false,"['Clear view']","2026-07-21 16:08:03"
"13423206985","2026-07-21 23:53:28.835","2026-07-24 06:07:34.920","13423206985","159264053","[PREMIUM]","[PREMIUM]","7","J","10_10","10","10",1,"[1]",2062,"Promenade",20,"Mobile ticket",1,"[PREMIUM]","[PREMIUM]","[PREMIUM]","[PREMIUM]",false,false,"['Clear view']","2026-07-21 18:29:59"
"13425451135","2026-07-21 23:53:28.832","2026-07-23 06:01:40.012","13425451135","159264053","[PREMIUM]","[PREMIUM]","22","25","9_12","9","12",4,"[2,4]",2062,"Promenade",20,"Mobile ticket",1,"[PREMIUM]","[PREMIUM]","[PREMIUM]","[PREMIUM]",true,false,"['Clear view']","2026-07-21 23:02:02"
"13425739566","2026-07-21 23:53:28.815","2026-07-21 23:53:28.815","13425739566","159264054","[PREMIUM]","[PREMIUM]","38","3","_",,,11,"[1,2,3,4,5,6,7,8,9,11]",2062,"Promenade",20,"Mobile ticket",1,"[PREMIUM]","[PREMIUM]","[PREMIUM]","[PREMIUM]",true,false,"['Third Row of Section','Clear view']","2026-07-21 23:41:44"
"13392964848","2026-07-21 23:53:28.686","2026-07-21 23:53:28.686","13392964848","159264054","[PREMIUM]","[PREMIUM]","29","3","13_14","13","14",2,"[2]",2062,"Promenade",20,"Mobile ticket",1,"[PREMIUM]","[PREMIUM]","[PREMIUM]","[PREMIUM]",true,false,"['Third Row of Section','Clear view']","2026-07-18 21:34:34"
"13419759627","2026-07-21 23:53:28.574","2026-07-21 23:53:28.574","13419759627","159264053","[PREMIUM]","[PREMIUM]","7","A","9_12","9","12",4,"[2,4]",2062,"Promenade",20,"Mobile ticket",1,"[PREMIUM]","[PREMIUM]","[PREMIUM]","[PREMIUM]",true,false,"['Front Row of Section','Clear view']","2026-07-21 13:45:35"
"13421166675","2026-07-21 23:53:28.511","2026-07-23 06:01:40.599","13421166675","159264053","[PREMIUM]","[PREMIUM]","21","1","_",,,1,"[1]",2062,"Promenade",20,"Mobile ticket",1,"[PREMIUM]","[PREMIUM]","[PREMIUM]","[PREMIUM]",false,false,"['Clear view']","2026-07-21 15:50:53"
"13414687257","2026-07-21 23:53:28.500","2026-07-22 12:02:38.717","13414687257","159264053","[PREMIUM]","[PREMIUM]","6","B","11_12","11","12",2,"[2]",2062,"Promenade",20,"Mobile ticket",1,"[PREMIUM]","[PREMIUM]","[PREMIUM]","[PREMIUM]",true,false,"['Second Row of Section','Clear view']","2026-07-21 02:33:35"
"13424728211","2026-07-21 23:53:28.500","2026-07-22 12:02:38.717","13424728211","159264053","[PREMIUM]","[PREMIUM]","10","6","7_10","7","10",4,"[2,4]",2062,"Promenade",20,"Mobile ticket",1,"[PREMIUM]","[PREMIUM]","[PREMIUM]","[PREMIUM]",true,false,"['Clear view']","2026-07-21 21:16:24"
"13425446857","2026-07-21 23:53:28.499","2026-07-22 12:02:38.858","13425446857","159264053","[PREMIUM]","[PREMIUM]","11","6","1_3","1","3",3,"[1,3]",2062,"Promenade",20,"Mobile ticket",1,"[PREMIUM]","[PREMIUM]","[PREMIUM]","[PREMIUM]",true,false,"['Clear view']","2026-07-21 23:01:20"
"13412688140","2026-07-21 23:53:28.495","2026-07-21 23:53:28.495","13412688140","159264053","[PREMIUM]","[PREMIUM]","16","7","11_12","11","12",2,"[2]",2062,"Promenade",20,"Mobile ticket",1,"[PREMIUM]","[PREMIUM]","[PREMIUM]","[PREMIUM]",true,false,"['Clear view']","2026-07-20 22:57:03"
"13413790262","2026-07-21 23:53:28.364","2026-07-22 12:02:40.067","13413790262","159264053","[PREMIUM]","[PREMIUM]","12","15","10_15","10","15",6,"[1,2,4,6]",2062,"Promenade",20,"Mobile ticket",1,"[PREMIUM]","[PREMIUM]","[PREMIUM]","[PREMIUM]",true,false,"['Clear view']","2026-07-21 01:19:24"
"12981103027","2026-07-21 23:53:28.363","2026-07-23 06:01:40.528","12981103027","159264053","[PREMIUM]","[PREMIUM]","18","9","1_2","1","2",2,"[2]",2062,"Promenade",20,"Mobile ticket",1,"[PREMIUM]","[PREMIUM]","[PREMIUM]","[PREMIUM]",true,false,"['Clear view']","2026-06-09 16:24:29"
"13412827840","2026-07-21 23:53:28.325","2026-07-21 23:53:28.325","13412827840","159264054","[PREMIUM]","[PREMIUM]","8","30","1_2","1","2",2,"[2]",2062,"Promenade",20,"Mobile ticket",1,"[PREMIUM]","[PREMIUM]","[PREMIUM]","[PREMIUM]",true,false,"['Clear view']","2026-07-20 23:06:06"
"13185855982","2026-07-21 23:53:28.233","2026-07-21 23:53:28.233","13185855982","159264054","[PREMIUM]","[PREMIUM]","23","C","_",,,6,"[1,2,3,4,6]",2062,"Promenade",20,"Mobile ticket",1,"[PREMIUM]","[PREMIUM]","[PREMIUM]","[PREMIUM]",true,false,"['Third Row of Section','Clear view']","2026-06-29 20:25:27"
"13419602028","2026-07-21 23:53:28.069","2026-07-21 23:53:28.069","13419602028","159264054","[PREMIUM]","[PREMIUM]","138","2","9_15","9","15",7,"[1,2,3,5,7]",2062,"Promenade",20,"Mobile ticket",1,"[PREMIUM]","[PREMIUM]","[PREMIUM]","[PREMIUM]",true,false,"['Second Row of Section','Clear view']","2026-07-21 13:31:40"
"13396728861","2026-07-21 23:53:27.943","2026-07-24 06:07:34.370","13396728861","159264053","[PREMIUM]","[PREMIUM]","40","F","10_13","10","13",4,"[2,4]",2062,"Promenade",20,"Mobile ticket",1,"[PREMIUM]","[PREMIUM]","[PREMIUM]","[PREMIUM]",true,false,"['Clear view']","2026-07-19 12:35:06"
"13419561130","2026-07-21 23:53:27.943","2026-07-22 12:02:37.078","13419561130","159264053","[PREMIUM]","[PREMIUM]","34","1","1_8","1","8",8,"[1,2,3,4,6,8]",2062,"Promenade",20,"Mobile ticket",1,"[PREMIUM]","[PREMIUM]","[PREMIUM]","[PREMIUM]",true,false,"['Clear view']","2026-07-21 13:28:07"
"13420715504","2026-07-21 23:53:27.943","2026-07-21 23:53:27.943","13420715504","159264053","[PREMIUM]","[PREMIUM]","40","E","4_5","4","5",2,"[2]",2062,"Promenade",20,"Mobile ticket",1,"[PREMIUM]","[PREMIUM]","[PREMIUM]","[PREMIUM]",true,false,"['Clear view']","2026-07-21 15:11:31"
"13420361251","2026-07-21 23:53:27.919","2026-07-23 06:01:40.012","13420361251","159264053","[PREMIUM]","[PREMIUM]","5","10","11_12","11","12",2,"[2]",2062,"Promenade",20,"Mobile ticket",1,"[PREMIUM]","[PREMIUM]","[PREMIUM]","[PREMIUM]",true,false,"['Clear view']","2026-07-21 14:40:51"
"13266295123","2026-07-21 23:53:27.875","2026-07-21 23:53:27.875","13266295123","159264053","[PREMIUM]","[PREMIUM]","21","29","3_10","3","10",8,"[1,2,3,4,6,8]",2062,"Promenade",20,"Mobile ticket",1,"[PREMIUM]","[PREMIUM]","[PREMIUM]","[PREMIUM]",true,false,"['Clear view']","2026-07-06 21:38:31"
"13394867315","2026-07-21 23:53:27.875","2026-07-23 06:01:39.955","13394867315","159264053","[PREMIUM]","[PREMIUM]","4","4","9_11","9","11",3,"[1,3]",2062,"Promenade",20,"Mobile ticket",1,"[PREMIUM]","[PREMIUM]","[PREMIUM]","[PREMIUM]",true,false,"['Clear view']","2026-07-19 04:45:11"
"13413453057","2026-07-21 23:53:27.875","2026-07-22 12:02:37.535","13413453057","159264053","[PREMIUM]","[PREMIUM]","7","28","1_8","1","8",8,"[1,2,3,4,6,8]",2062,"Promenade",20,"Mobile ticket",1,"[PREMIUM]","[PREMIUM]","[PREMIUM]","[PREMIUM]",true,false,"['Clear view']","2026-07-21 00:29:36"
"13411921272","2026-07-21 23:53:27.867","2026-07-23 06:01:39.998","13411921272","159264053","[PREMIUM]","[PREMIUM]","40","1","15_16","15","16",2,"[2]",2062,"Promenade",20,"Mobile ticket",1,"[PREMIUM]","[PREMIUM]","[PREMIUM]","[PREMIUM]",true,false,"['Clear view']","2026-07-20 22:14:36"
"13384281410","2026-07-21 23:53:27.850","2026-07-23 06:01:39.998","13384281410","159264053","[PREMIUM]","[PREMIUM]","39","8","9_16","9","16",8,"[1,2,3,4,6,8]",2062,"Promenade",20,"Mobile ticket",1,"[PREMIUM]","[PREMIUM]","[PREMIUM]","[PREMIUM]",true,false,"['Clear view']","2026-07-17 16:52:46"
"13419759607","2026-07-21 23:53:27.850","2026-07-22 12:02:37.392","13419759607","159264053","[PREMIUM]","[PREMIUM]","34","4","10_13","10","13",4,"[2,4]",2062,"Promenade",20,"Mobile ticket",1,"[PREMIUM]","[PREMIUM]","[PREMIUM]","[PREMIUM]",true,false,"['Clear view']","2026-07-21 13:45:35"
"13413459574","2026-07-21 23:53:27.785","2026-07-22 12:02:37.409","13413459574","159264053","[PREMIUM]","[PREMIUM]","17","26","18_19","18","19",2,"[2]",2062,"Promenade",20,"Mobile ticket",1,"[PREMIUM]","[PREMIUM]","[PREMIUM]","[PREMIUM]",true,false,"['Clear view']","2026-07-21 00:31:00"
"13421157410","2026-07-21 23:53:27.785","2026-07-23 06:01:40.056","13421157410","159264053","[PREMIUM]","[PREMIUM]","21","4","_",,,2,"[2]",2062,"Promenade",20,"Mobile ticket",1,"[PREMIUM]","[PREMIUM]","[PREMIUM]","[PREMIUM]",true,false,"['Clear view']","2026-07-21 15:49:11"
"13413655293","2026-07-21 23:53:27.778","2026-07-21 23:53:27.778","13413655293","159264054","[PREMIUM]","[PREMIUM]","40","D","_",,,2,"[2]",2062,"Promenade",20,"Mobile ticket",1,"[PREMIUM]","[PREMIUM]","[PREMIUM]","[PREMIUM]",true,false,"['Clear view']","2026-07-21 01:06:13"
"13420098410","2026-07-21 23:53:27.778","2026-07-21 23:53:27.778","13420098410","159264054","[PREMIUM]","[PREMIUM]","138","3","13_13","13","13",1,"[1]",2062,"Promenade",20,"Mobile ticket",1,"[PREMIUM]","[PREMIUM]","[PREMIUM]","[PREMIUM]",false,false,"['Third Row of Section','Clear view']","2026-07-21 14:16:40"
"13420343356","2026-07-21 23:53:27.778","2026-07-21 23:53:27.778","13420343356","159264054","[PREMIUM]","[PREMIUM]","31","3","_",,,2,"[2]",2062,"Promenade",20,"Mobile ticket",1,"[PREMIUM]","[PREMIUM]","[PREMIUM]","[PREMIUM]",true,false,"['Third Row of Section','Clear view']","2026-07-21 14:39:42"
"13418801953","2026-07-21 23:53:27.748","2026-07-21 23:53:27.748","13418801953","159264053","[PREMIUM]","[PREMIUM]","19","23","_",,,7,"[1,2,3,4,5,7]",2062,"Promenade",20,"Mobile ticket",1,"[PREMIUM]","[PREMIUM]","[PREMIUM]","[PREMIUM]",true,false,"['Clear view']","2026-07-21 12:01:20"
"13422147014","2026-07-21 23:53:27.721","2026-07-21 23:53:27.721","13422147014","159264053","[PREMIUM]","[PREMIUM]","8","16","11_15","11","15",5,"[1,3,5]",2062,"Promenade",20,"Mobile ticket",1,"[PREMIUM]","[PREMIUM]","[PREMIUM]","[PREMIUM]",true,false,"['Clear view']","2026-07-21 17:07:54"
"13425368135","2026-07-21 23:53:27.498","2026-07-21 23:53:27.498","13425368135","159264053","[PREMIUM]","[PREMIUM]","22","13","11_18","11","18",8,"[1,2,3,4,6,8]",2062,"Promenade",20,"Mobile ticket",1,"[PREMIUM]","[PREMIUM]","[PREMIUM]","[PREMIUM]",true,false,"['Clear view']","2026-07-21 22:47:55"
"13425368132","2026-07-21 23:53:27.498","2026-07-21 23:53:27.498","13425368132","159264053","[PREMIUM]","[PREMIUM]","22","7","21_24","21","24",4,"[2,4]",2062,"Promenade",20,"Mobile ticket",1,"[PREMIUM]","[PREMIUM]","[PREMIUM]","[PREMIUM]",true,false,"['Clear view']","2026-07-21 22:47:55"
"13414328646","2026-07-21 23:53:27.481","2026-07-21 23:53:27.481","13414328646","159264055","[PREMIUM]","[PREMIUM]","136","12","23_24","23","24",2,"[2]",2062,"Promenade",20,"Mobile ticket",1,"[PREMIUM]","[PREMIUM]","[PREMIUM]","[PREMIUM]",true,false,"['Clear view']","2026-07-21 02:03:15"
"13423356302","2026-07-21 23:53:27.436","2026-07-22 12:02:37.492","13423356302","159264053","[PREMIUM]","[PREMIUM]","38","4","12_13","12","13",2,"[2]",2062,"Promenade",20,"Mobile ticket",1,"[PREMIUM]","[PREMIUM]","[PREMIUM]","[PREMIUM]",true,false,"['Clear view']","2026-07-21 18:43:21"
"13425285710","2026-07-21 23:53:24.933","2026-07-21 23:53:24.933","13425285710","159264054","[PREMIUM]","[PREMIUM]","38","6","_",,,2,"[2]",2062,"Promenade",20,"Mobile ticket",1,"[PREMIUM]","[PREMIUM]","[PREMIUM]","[PREMIUM]",true,false,"['Clear view']","2026-07-21 22:37:23"
"13415028251","2026-07-21 23:53:24.044","2026-07-21 23:53:24.044","13415028251","159262908","[PREMIUM]","[PREMIUM]","219","1","12_12","12","12",1,"[1]",3418,"Terrace Club",20,"Mobile ticket",1,"[PREMIUM]","[PREMIUM]","[PREMIUM]","[PREMIUM]",false,false,"['Limited or Obstructed View (printed on ticket)','Front Row of Section']","2026-07-21 03:16:41"
"13417170987","2026-07-21 23:53:24.044","2026-07-21 23:53:24.044","13417170987","159262908","[PREMIUM]","[PREMIUM]","241","1","1_1","1","1",1,"[1]",3418,"Terrace Club",20,"Mobile ticket",1,"[PREMIUM]","[PREMIUM]","[PREMIUM]","[PREMIUM]",false,false,"['Limited or Obstructed View (printed on ticket)','Front Row of Section']","2026-07-21 07:46:04"
"13417749231","2026-07-21 23:53:24.044","2026-07-21 23:53:24.044","13417749231","159262908","[PREMIUM]","[PREMIUM]","218","2","11_12","11","12",2,"[2]",3418,"Terrace Club",20,"Mobile ticket",1,"[PREMIUM]","[PREMIUM]","[PREMIUM]","[PREMIUM]",true,false,"['Limited or Obstructed View (printed on ticket)','Second Row of Section']","2026-07-21 09:17:41"
"13418312182","2026-07-21 23:53:24.044","2026-07-21 23:53:24.044","13418312182","159262908","[PREMIUM]","[PREMIUM]","218","1","12_12","12","12",1,"[1]",3418,"Terrace Club",20,"Mobile ticket",1,"[PREMIUM]","[PREMIUM]","[PREMIUM]","[PREMIUM]",false,false,"['Limited or Obstructed View (printed on ticket)','Front Row of Section']","2026-07-21 10:57:59"
"13418397699","2026-07-21 23:53:24.044","2026-07-21 23:53:24.044","13418397699","159262908","[PREMIUM]","[PREMIUM]","218","4","7_7","7","7",1,"[1]",3418,"Terrace Club",20,"Mobile ticket",1,"[PREMIUM]","[PREMIUM]","[PREMIUM]","[PREMIUM]",false,false,"['Padded Seats','Clear view']","2026-07-21 11:11:46"
"13414576341","2026-07-21 23:53:23.799","2026-07-22 12:02:35.548","13414576341","159264053","[PREMIUM]","[PREMIUM]","31","8","_",,,2,"[2]",2062,"Promenade",20,"Mobile ticket",1,"[PREMIUM]","[PREMIUM]","[PREMIUM]","[PREMIUM]",true,false,"['Clear view']","2026-07-21 02:24:36"
"13367034817","2026-07-21 23:53:23.075","2026-07-21 23:53:23.075","13367034817","159262908","[PREMIUM]","[PREMIUM]","134","23","9001_9002","9001","9002",2,"[2]",609,"Lower Box",20,"Mobile ticket",1,"[PREMIUM]","[PREMIUM]","[PREMIUM]","[PREMIUM]",true,false,"['Clear view']","2026-07-16 04:21:54"
"13419679710","2026-07-21 23:53:23.075","2026-07-21 23:53:23.075","13419679710","159262908","[PREMIUM]","[PREMIUM]","122","12","9001_9002","9001","9002",2,"[2]",609,"Lower Box",20,"Mobile ticket",13,"[PREMIUM]","[PREMIUM]","[PREMIUM]","[PREMIUM]",true,false,"['Clear view']","2026-07-21 13:38:58"
"13420707495","2026-07-21 23:53:23.075","2026-07-21 23:53:23.075","13420707495","159262908","[PREMIUM]","[PREMIUM]","237","1","9001_9004","9001","9004",4,"[4]",3418,"Terrace Club",20,"Mobile ticket",13,"[PREMIUM]","[PREMIUM]","[PREMIUM]","[PREMIUM]",true,false,"['Front Row of Section','Clear view']","2026-07-21 15:10:55"
"13417170167","2026-07-21 23:53:19.117","2026-07-21 23:53:19.117","13417170167","159262908","[PREMIUM]","[PREMIUM]","237","2","1_1","1","1",1,"[1]",3418,"Terrace Club",20,"Mobile ticket",1,"[PREMIUM]","[PREMIUM]","[PREMIUM]","[PREMIUM]",false,false,"['Limited or Obstructed View (printed on ticket)','Second Row of Section']","2026-07-21 07:45:50"
"13417334545","2026-07-21 23:53:19.117","2026-07-21 23:53:19.117","13417334545","159262908","[PREMIUM]","[PREMIUM]","234","1","13_13","13","13",1,"[1]",3418,"Terrace Club",20,"Mobile ticket",1,"[PREMIUM]","[PREMIUM]","[PREMIUM]","[PREMIUM]",false,false,"['Limited or Obstructed View (printed on ticket)','Front Row of Section']","2026-07-21 08:12:33"
"13418195711","2026-07-21 23:53:19.117","2026-07-21 23:53:19.117","13418195711","159262908","[PREMIUM]","[PREMIUM]","233","2","14_14","14","14",1,"[1]",3418,"Terrace Club",20,"Mobile ticket",1,"[PREMIUM]","[PREMIUM]","[PREMIUM]","[PREMIUM]",false,false,"['Limited or Obstructed View (printed on ticket)','Second Row of Section']","2026-07-21 10:38:35"
"13414481888","2026-07-21 23:53:18.583","2026-07-21 23:53:18.583","13414481888","159262908","[PREMIUM]","[PREMIUM]","216","1","12_12","12","12",1,"[1]",3418,"Terrace Club",20,"Mobile ticket",1,"[PREMIUM]","[PREMIUM]","[PREMIUM]","[PREMIUM]",false,false,"['Limited or Obstructed View (printed on ticket)','Front Row of Section']","2026-07-21 02:18:46"
"13416699002","2026-07-21 23:53:18.583","2026-07-21 23:53:18.583","13416699002","159262908","[PREMIUM]","[PREMIUM]","213","1","14_14","14","14",1,"[1]",3418,"Terrace Club",20,"Mobile ticket",1,"[PREMIUM]","[PREMIUM]","[PREMIUM]","[PREMIUM]",false,false,"['Limited or Obstructed View (printed on ticket)','Front Row of Section']","2026-07-21 06:25:41"
"13416430331","2026-07-21 23:53:18.583","2026-07-21 23:53:18.583","13416430331","159262908","[PREMIUM]","[PREMIUM]","215","2","10_12","10","12",3,"[1,3]",3418,"Terrace Club",20,"Mobile ticket",1,"[PREMIUM]","[PREMIUM]","[PREMIUM]","[PREMIUM]",true,false,"['Limited or Obstructed View (printed on ticket)','Second Row of Section']","2026-07-21 05:48:41"
"13417948872","2026-07-21 23:53:18.583","2026-07-21 23:53:18.583","13417948872","159262908","[PREMIUM]","[PREMIUM]","247","1","1_1","1","1",1,"[1]",3418,"Terrace Club",20,"Mobile ticket",1,"[PREMIUM]","[PREMIUM]","[PREMIUM]","[PREMIUM]",false,false,"['Limited or Obstructed View (printed on ticket)','Front Row of Section']","2026-07-21 09:52:14"
"13418041702","2026-07-21 23:53:18.583","2026-07-21 23:53:18.583","13418041702","159262908","[PREMIUM]","[PREMIUM]","247","2","1_1","1","1",1,"[1]",3418,"Terrace Club",20,"Mobile ticket",1,"[PREMIUM]","[PREMIUM]","[PREMIUM]","[PREMIUM]",false,false,"['Limited or Obstructed View (printed on ticket)','Second Row of Section']","2026-07-21 10:07:44"
"13417499911","2026-07-21 23:53:18.408","2026-07-21 23:53:18.408","13417499911","159262908","[PREMIUM]","[PREMIUM]","249","1","1_1","1","1",1,"[1]",3418,"Terrace Club",20,"Mobile ticket",1,"[PREMIUM]","[PREMIUM]","[PREMIUM]","[PREMIUM]",false,false,"['Limited or Obstructed View (printed on ticket)','Front Row of Section']","2026-07-21 08:41:37"
"13417333332","2026-07-21 23:53:18.408","2026-07-21 23:53:18.408","13417333332","159262908","[PREMIUM]","[PREMIUM]","211","1","6_6","6","6",1,"[1]",3418,"Terrace Club",20,"Mobile ticket",1,"[PREMIUM]","[PREMIUM]","[PREMIUM]","[PREMIUM]",false,false,"['Limited or Obstructed View (printed on ticket)','Front Row of Section']","2026-07-21 08:12:26"
"13418400345","2026-07-21 23:53:18.408","2026-07-21 23:53:18.408","13418400345","159262908","[PREMIUM]","[PREMIUM]","248","1","1_1","1","1",1,"[1]",3418,"Terrace Club",20,"Mobile ticket",1,"[PREMIUM]","[PREMIUM]","[PREMIUM]","[PREMIUM]",false,false,"['Limited or Obstructed View (printed on ticket)','Front Row of Section']","2026-07-21 11:12:02"
"12981698698","2026-07-21 23:53:18.148","2026-07-31 00:03:14.040","12981698698","159262341","[PREMIUM]","[PREMIUM]","PLB122","28","1_2","1","2",2,"[2]",3977,"Premium Lower Box",20,"Mobile ticket",1,"[PREMIUM]","[PREMIUM]","[PREMIUM]","[PREMIUM]",true,false,"['Clear view']","2026-06-09 17:54:12"
"13412421696","2026-07-21 23:53:16.600","2026-08-03 22:28:29.238","13412421696","159262341","[PREMIUM]","[PREMIUM]","PLB108","30","_",,,2,"[2]",3977,"Premium Lower Box",20,"Mobile ticket",1,"[PREMIUM]","[PREMIUM]","[PREMIUM]","[PREMIUM]",true,false,"['Clear view']","2026-07-20 22:46:54"
"12932701494","2026-07-21 23:53:15.575","2026-07-31 00:03:08.239","12932701494","159262341","[PREMIUM]","[PREMIUM]","LB125","39","1_16","1","16",16,"[1,2,3,4,5,6,7,8,9,10,11,12,13,14,16]",594,"Lower",20,"Mobile ticket",14,"[PREMIUM]","[PREMIUM]","[PREMIUM]","[PREMIUM]",true,false,"['Clear view']","2026-06-04 19:18:33"
"12943437199","2026-07-21 23:53:15.575","2026-07-31 00:03:08.239","12943437199","159262341","[PREMIUM]","[PREMIUM]","LB125","40","1_16","1","16",16,"[1,2,3,4,5,6,7,8,9,10,11,12,13,14,16]",594,"Lower",20,"Mobile ticket",14,"[PREMIUM]","[PREMIUM]","[PREMIUM]","[PREMIUM]",true,false,"['Clear view']","2026-06-05 15:31:33"
"13387662269","2026-07-21 23:53:15.575","2026-08-03 22:28:29.856","13387662269","159262341","[PREMIUM]","[PREMIUM]","LB125","38","6_12","6","12",7,"[1,2,3,4,5,7]",594,"Lower",20,"Mobile ticket",1,"[PREMIUM]","[PREMIUM]","[PREMIUM]","[PREMIUM]",true,false,"['Clear view']","2026-07-18 00:23:36"
"13422330059","2026-07-21 23:53:15.316","2026-07-31 00:04:56.831","13422330059","159262908","[PREMIUM]","[PREMIUM]","142","19","9_11","9","11",3,"[1,3]",1524,"Field",20,"Mobile ticket",1,"[PREMIUM]","[PREMIUM]","[PREMIUM]","[PREMIUM]",true,false,"['Clear view']","2026-07-21 17:20:18"
"13343207871","2026-07-21 23:53:15.313","2026-07-28 22:29:28.020","13343207871","159262341","[PREMIUM]","[PREMIUM]","PLB123","28","11_12","11","12",2,"[2]",3977,"Premium Lower Box",20,"Mobile ticket",1,"[PREMIUM]","[PREMIUM]","[PREMIUM]","[PREMIUM]",true,false,"['Clear view']","2026-07-13 12:13:08"
"13210779679","2026-07-21 23:52:54.283","2026-08-03 22:28:28.198","13210779679","159262340","[PREMIUM]","[PREMIUM]","FB129","A","9_10","9","10",2,"[2]",3361,"Field Box",20,"Mobile ticket",1,"[PREMIUM]","[PREMIUM]","[PREMIUM]","[PREMIUM]",true,false,"['Actual 1st row of the section','Padded Seats','Clear view']","2026-07-01 21:16:46"
"13344855140","2026-07-21 23:52:54.252","2026-07-23 00:51:12.531","13344855140","159262340","[PREMIUM]","[PREMIUM]","PLB122","27","3_4","3","4",2,"[2]",3977,"Premium Lower Box",20,"Mobile ticket",1,"[PREMIUM]","[PREMIUM]","[PREMIUM]","[PREMIUM]",true,false,"['Clear view']","2026-07-13 18:38:36"
"13425350373","2026-07-21 23:52:53.541","2026-07-21 23:52:53.541","13425350373","159262340","[PREMIUM]","[PREMIUM]","CL231","A","3_16","3","16",14,"[1,2,3,4,5,6,7,8,9,10,11,12,13,14]",300,"Club Level",20,"Mobile ticket",1,"[PREMIUM]","[PREMIUM]","[PREMIUM]","[PREMIUM]",true,false,"['Front Row of Section','Clear view']","2026-07-21 22:45:17"
"13425348929","2026-07-21 23:52:53.541","2026-07-21 23:52:53.541","13425348929","159262340","[PREMIUM]","[PREMIUM]","LB105","31","13_16","13","16",4,"[1,2,3,4]",594,"Lower",20,"Mobile ticket",1,"[PREMIUM]","[PREMIUM]","[PREMIUM]","[PREMIUM]",true,false,"['Front Row of Section','Clear view']","2026-07-21 22:45:10"
"13424525459","2026-07-21 23:52:47.613","2026-08-03 22:28:25.520","13424525459","159262339","[PREMIUM]","[PREMIUM]","CL228","A","7_8","7","8",2,"[1,2]",300,"Club Level",20,"Mobile ticket",1,"[PREMIUM]","[PREMIUM]","[PREMIUM]","[PREMIUM]",true,false,"['Front Row of Section','Clear view']","2026-07-21 20:57:12"
"13424194566","2026-07-21 23:52:47.231","2026-08-03 22:28:24.786","13424194566","159262339","[PREMIUM]","[PREMIUM]","CL227","F","5_12","5","12",8,"[1,2,3,4,5,6,8]",300,"Club Level",20,"Mobile ticket",1,"[PREMIUM]","[PREMIUM]","[PREMIUM]","[PREMIUM]",true,false,"['Clear view']","2026-07-21 20:14:55"
"13416958356","2026-07-21 23:52:47.204","2026-07-21 23:52:47.204","13416958356","159262339","[PREMIUM]","[PREMIUM]","LB110","38","9_10","9","10",2,"[2]",594,"Lower",20,"Mobile ticket",1,"[PREMIUM]","[PREMIUM]","[PREMIUM]","[PREMIUM]",true,false,"['Clear view']","2026-07-21 07:09:30"
"13423688162","2026-07-21 23:52:47.199","2026-08-03 22:28:22.139","13423688162","159262339","[PREMIUM]","[PREMIUM]","LB104","17","1_2","1","2",2,"[2]",594,"Lower",20,"Mobile ticket",1,"[PREMIUM]","[PREMIUM]","[PREMIUM]","[PREMIUM]",true,false,"['Aisle seat','Clear view']","2026-07-21 19:21:29"
"13423689556","2026-07-21 23:52:47.151","2026-07-27 01:13:47.651","13423689556","159262339","[PREMIUM]","[PREMIUM]","CL210","D","9_10","9","10",2,"[2]",300,"Club Level",20,"Mobile ticket",1,"[PREMIUM]","[PREMIUM]","[PREMIUM]","[PREMIUM]",true,false,"['Clear view']","2026-07-21 19:21:38"
"13425350350","2026-07-21 23:52:46.903","2026-07-21 23:52:46.903","13425350350","159262340","[PREMIUM]","[PREMIUM]","CL231","B","15_16","15","16",2,"[1,2]",300,"Club Level",20,"Mobile ticket",1,"[PREMIUM]","[PREMIUM]","[PREMIUM]","[PREMIUM]",true,false,"['Second Row of Section','Clear view']","2026-07-21 22:45:17"
"13415882017","2026-07-21 23:52:46.859","2026-08-03 22:28:26.176","13415882017","159262340","[PREMIUM]","[PREMIUM]","CL226","H","3_4","3","4",2,"[2]",300,"Club Level",20,"Mobile ticket",1,"[PREMIUM]","[PREMIUM]","[PREMIUM]","[PREMIUM]",true,false,"['Clear view']","2026-07-21 04:47:26"
"13368685128","2026-07-21 23:52:44.893","2026-07-29 23:19:34.451","13368685128","159262339","[PREMIUM]","[PREMIUM]","VB305","B","9001_9004","9001","9004",4,"[1,2,4]",3382,"View Box",20,"Mobile ticket",1,"[PREMIUM]","[PREMIUM]","[PREMIUM]","[PREMIUM]",true,false,"['Second Row of Section','Clear view']","2026-07-16 06:09:14"
"13415787768","2026-07-21 23:52:32.903","2026-08-03 22:28:22.031","13415787768","159262339","[PREMIUM]","[PREMIUM]","VB318","A","3_5","3","5",3,"[1,3]",3382,"View Box",20,"Mobile ticket",1,"[PREMIUM]","[PREMIUM]","[PREMIUM]","[PREMIUM]",true,false,"['Front Row of Section','Clear view']","2026-07-21 04:36:15"
"13423690585","2026-07-21 23:52:20.750","2026-08-03 22:28:22.032","13423690585","159262339","[PREMIUM]","[PREMIUM]","VB318","B","3_4","3","4",2,"[2]",3382,"View Box",20,"Mobile ticket",1,"[PREMIUM]","[PREMIUM]","[PREMIUM]","[PREMIUM]",true,false,"['Second Row of Section','Clear view']","2026-07-21 19:21:42"
"13351504570","2026-07-21 23:51:41.215","2026-07-28 22:29:16.313","13351504570","159262339","[PREMIUM]","[PREMIUM]","VB302",,"9001_9006","9001","9006",6,"[1,2,3,4,6]",3382,"View Box",20,"Mobile ticket",1,"[PREMIUM]","[PREMIUM]","[PREMIUM]","[PREMIUM]",true,true,"['Clear view']","2026-07-14 17:13:25"
"13351185503","2026-07-21 23:50:21.744","2026-08-01 22:25:38.773","13351185503","159262339","[PREMIUM]","[PREMIUM]","VB332",,"9001_9010","9001","9010",10,"[1,2,3,4,5,6,7,8,10]",3382,"View Box",20,"Mobile ticket",1,"[PREMIUM]","[PREMIUM]","[PREMIUM]","[PREMIUM]",true,true,"['Clear view']","2026-07-14 16:53:52"
"13366593840","2026-07-21 23:50:21.744","2026-07-21 23:50:21.744","13366593840","159262339","[PREMIUM]","[PREMIUM]","VB334",,"9001_9007","9001","9007",7,"[1,2,3,4,5,7]",3382,"View Box",20,"Mobile ticket",1,"[PREMIUM]","[PREMIUM]","[PREMIUM]","[PREMIUM]",true,true,"['Clear view']","2026-07-16 03:51:43"
"13366593643","2026-07-21 23:50:21.744","2026-07-21 23:50:21.744","13366593643","159262339","[PREMIUM]","[PREMIUM]","VB336",,"9001_9010","9001","9010",10,"[1,2,3,4,5,6,7,8,10]",3382,"View Box",20,"Mobile ticket",1,"[PREMIUM]","[PREMIUM]","[PREMIUM]","[PREMIUM]",true,true,"['Clear view']","2026-07-16 03:51:42"
"13369513827","2026-07-21 23:50:21.744","2026-07-21 23:50:21.744","13369513827","159262339","[PREMIUM]","[PREMIUM]","VB335",,"9001_9010","9001","9010",10,"[1,2,3,4,5,6,7,8,10]",3382,"View Box",20,"Mobile ticket",1,"[PREMIUM]","[PREMIUM]","[PREMIUM]","[PREMIUM]",true,true,"['Clear view']","2026-07-16 07:20:41"
"13418769266","2026-07-21 23:49:42.561","2026-07-29 23:19:26.869","13418769266","159262339","[PREMIUM]","[PREMIUM]","LB131","7","_",,,2,"[2]",594,"Lower",20,"Mobile ticket",1,"[PREMIUM]","[PREMIUM]","[PREMIUM]","[PREMIUM]",true,false,"['Clear view']","2026-07-21 11:56:05"
"13423726289","2026-07-21 23:49:23.165","2026-08-03 22:28:15.546","13423726289","159257709","[PREMIUM]","[PREMIUM]","47FD","A","_",,,2,"[2]",3888,"Preferred Field Value",20,"Mobile ticket",1,"[PREMIUM]","[PREMIUM]","[PREMIUM]","[PREMIUM]",true,false,"['Front Row of Section','Clear view']","2026-07-21 19:24:43"
"13424715212","2026-07-21 23:49:23.165","2026-07-21 23:49:23.165","13424715212","159257709","[PREMIUM]","[PREMIUM]","51FD","A","9001_9004","9001","9004",4,"[4]",3888,"Preferred Field Value",20,"Mobile ticket",13,"[PREMIUM]","[PREMIUM]","[PREMIUM]","[PREMIUM]",true,false,"['Third Row of Section','Clear view']","2026-07-21 21:15:12"
"13279333917","2026-07-21 23:49:22.123","2026-08-03 22:28:19.488","13279333917","159257709","[PREMIUM]","[PREMIUM]","23FD","T","_",,,4,"[1,2,3,4]",3892,"Field Box MVP",20,"Mobile ticket",1,"[PREMIUM]","[PREMIUM]","[PREMIUM]","[PREMIUM]",true,false,"['Clear view']","2026-07-08 01:44:41"
"13387102133","2026-07-21 23:49:22.123","2026-08-03 22:28:18.942","13387102133","159257709","[PREMIUM]","[PREMIUM]","24FD","J","_",,,2,"[2]",3892,"Field Box MVP",20,"Mobile ticket",1,"[PREMIUM]","[PREMIUM]","[PREMIUM]","[PREMIUM]",true,false,"['Clear view']","2026-07-17 23:08:09"
"13247473644","2026-07-21 23:49:21.671","2026-08-03 22:28:19.626","13247473644","159257709","[PREMIUM]","[PREMIUM]","33BL","5","_",,,2,"[2]",3871,"Baseline Club",20,"Mobile ticket",1,"[PREMIUM]","[PREMIUM]","[PREMIUM]","[PREMIUM]",true,false,"['Clear view']","2026-07-05 01:58:44"
"13366040500","2026-07-21 23:49:21.671","2026-08-03 22:28:18.551","13366040500","159257709","[PREMIUM]","[PREMIUM]","145LG","D","_",,,2,"[2]",3909,"Infield Loge Box Value",20,"Mobile ticket",1,"[PREMIUM]","[PREMIUM]","[PREMIUM]","[PREMIUM]",true,false,"['Clear view']","2026-07-16 02:42:15"
"12384832887","2026-07-21 23:49:21.655","2026-07-31 22:25:54.104","12384832887","159257709","[PREMIUM]","[PREMIUM]","101LG",,"_",,,4,"[1,2,3,4]",3917,"Loge Box MVP",20,"Mobile ticket",1,"[PREMIUM]","[PREMIUM]","[PREMIUM]","[PREMIUM]",true,true,"['Clear view']","2026-04-17 14:46:06"
"13379560689","2026-07-21 23:49:21.655","2026-08-03 22:28:19.019","13379560689","159257709","[PREMIUM]","[PREMIUM]","44BL","5","_",,,2,"[2]",3871,"Baseline Club",20,"Mobile ticket",1,"[PREMIUM]","[PREMIUM]","[PREMIUM]","[PREMIUM]",true,false,"['Second Row of Section','Clear view']","2026-07-17 03:33:18"
"13419043101","2026-07-21 23:49:21.566","2026-08-03 22:28:18.822","13419043101","159257709","[PREMIUM]","[PREMIUM]","42BL","6","_",,,2,"[2]",3871,"Baseline Club",20,"Mobile ticket",1,"[PREMIUM]","[PREMIUM]","[PREMIUM]","[PREMIUM]",true,false,"['Clear view']","2026-07-21 12:29:18"
"13420936660","2026-07-21 23:49:21.566","2026-07-21 23:49:21.566","13420936660","159257709","[PREMIUM]","[PREMIUM]","11FD","C","9001_9002","9001","9002",2,"[2]",3892,"Field Box MVP",20,"Mobile ticket",13,"[PREMIUM]","[PREMIUM]","[PREMIUM]","[PREMIUM]",true,false,"['Third Row of Section','Clear view']","2026-07-21 15:30:34"
"13343262437","2026-07-21 23:49:21.499","2026-08-03 22:28:18.951","13343262437","159257709","[PREMIUM]","[PREMIUM]","17FD","C","7_8","7","8",2,"[2]",3892,"Field Box MVP",20,"Mobile ticket",1,"[PREMIUM]","[PREMIUM]","[PREMIUM]","[PREMIUM]",true,false,"['Third Row of Section','Clear view']","2026-07-13 12:42:53"
"13377774267","2026-07-21 23:49:21.499","2026-08-02 22:25:18.112","13377774267","159257709","[PREMIUM]","[PREMIUM]","19RS","F","_",,,2,"[2]",3894,"Reserve MVP",20,"Mobile ticket",1,"[PREMIUM]","[PREMIUM]","[PREMIUM]","[PREMIUM]",true,false,"['Clear view']","2026-07-16 23:48:04"
"13425748815","2026-07-21 23:49:21.199","2026-07-21 23:49:21.199","13425748815","159257709","[PREMIUM]","[PREMIUM]","23FD","W","9001_9002","9001","9002",2,"[2]",3892,"Field Box MVP",20,"Mobile ticket",13,"[PREMIUM]","[PREMIUM]","[PREMIUM]","[PREMIUM]",true,false,"['Clear view']","2026-07-21 23:43:31"
"13389673883","2026-07-21 23:49:20.713","2026-08-01 22:25:39.943","13389673883","159257709","[PREMIUM]","[PREMIUM]","14RS","AA","_",,,2,"[2]",3631,"Infield Reserve",20,"Mobile ticket",1,"[PREMIUM]","[PREMIUM]","[PREMIUM]","[PREMIUM]",true,false,"['Front Row of Section','Clear view']","2026-07-18 08:07:40"
"13423733818","2026-07-21 23:49:20.713","2026-07-21 23:49:20.713","13423733818","159257709","[PREMIUM]","[PREMIUM]","19FD","F","_",,,2,"[2]",3892,"Field Box MVP",20,"Mobile ticket",1,"[PREMIUM]","[PREMIUM]","[PREMIUM]","[PREMIUM]",true,false,"['Clear view']","2026-07-21 19:25:31"
"13385861278","2026-07-21 23:49:20.627","2026-08-02 22:25:17.547","13385861278","159257709","[PREMIUM]","[PREMIUM]","141LG","C","_",,,2,"[2]",3917,"Loge Box MVP",20,"Mobile ticket",1,"[PREMIUM]","[PREMIUM]","[PREMIUM]","[PREMIUM]",true,false,"['Third Row of Section','Clear view']","2026-07-17 20:08:59"
"13422125761","2026-07-21 23:49:20.604","2026-07-21 23:49:20.604","13422125761","159257709","[PREMIUM]","[PREMIUM]","129LG","K","9001_9004","9001","9004",4,"[4]",3917,"Loge Box MVP",20,"Mobile ticket",13,"[PREMIUM]","[PREMIUM]","[PREMIUM]","[PREMIUM]",true,false,"['Clear view']","2026-07-21 17:06:35"
"13422719629","2026-07-21 23:49:20.583","2026-07-23 00:51:12.229","13422719629","159257709","[PREMIUM]","[PREMIUM]","113LG","N","9001_9003","9001","9003",3,"[1,3]",3917,"Loge Box MVP",20,"Mobile ticket",1,"[PREMIUM]","[PREMIUM]","[PREMIUM]","[PREMIUM]",true,false,"['Clear view']","2026-07-21 17:47:56"
"13422720228","2026-07-21 23:49:20.583","2026-07-23 00:51:12.229","13422720228","159257709","[PREMIUM]","[PREMIUM]","113LG","R","9001_9002","9001","9002",2,"[2]",3917,"Loge Box MVP",20,"Mobile ticket",1,"[PREMIUM]","[PREMIUM]","[PREMIUM]","[PREMIUM]",true,false,"['Clear view']","2026-07-21 17:47:58"
"13422719892","2026-07-21 23:49:20.583","2026-07-23 00:51:12.229","13422719892","159257709","[PREMIUM]","[PREMIUM]","113LG","O","9001_9003","9001","9003",3,"[1,3]",3917,"Loge Box MVP",20,"Mobile ticket",1,"[PREMIUM]","[PREMIUM]","[PREMIUM]","[PREMIUM]",true,false,"['Clear view']","2026-07-21 17:47:57"
"13422717653","2026-07-21 23:49:20.583","2026-07-23 00:51:12.028","13422717653","159257709","[PREMIUM]","[PREMIUM]","102LG","K","9001_9003","9001","9003",3,"[1,3]",3917,"Loge Box MVP",20,"Mobile ticket",1,"[PREMIUM]","[PREMIUM]","[PREMIUM]","[PREMIUM]",true,false,"['Clear view']","2026-07-21 17:47:51"
"13422717761","2026-07-21 23:49:20.583","2026-07-23 00:51:12.229","13422717761","159257709","[PREMIUM]","[PREMIUM]","102LG","M","9001_9003","9001","9003",3,"[1,3]",3917,"Loge Box MVP",20,"Mobile ticket",1,"[PREMIUM]","[PREMIUM]","[PREMIUM]","[PREMIUM]",true,false,"['Clear view']","2026-07-21 17:47:51"
"13400402143","2026-07-21 23:49:20.487","2026-08-02 22:25:26.601","13400402143","159257709","[PREMIUM]","[PREMIUM]","18RS","AA","_",,,4,"[4]",3631,"Infield Reserve",20,"Mobile ticket",1,"[PREMIUM]","[PREMIUM]","[PREMIUM]","[PREMIUM]",true,false,"['Front Row of Section','Clear view']","2026-07-19 22:25:04"
"13012770782","2026-07-21 23:49:20.441","2026-08-02 22:25:26.347","13012770782","159257709","[PREMIUM]","[PREMIUM]","312PR","A","_",,,2,"[2]",3590,"Right Field Pavilion",20,"Mobile ticket",1,"[PREMIUM]","[PREMIUM]","[PREMIUM]","[PREMIUM]",true,false,"['Front Row of Section','Clear view']","2026-06-12 22:59:06"
"13390569819","2026-07-21 23:49:20.441","2026-07-27 22:28:19.569","13390569819","159257709","[PREMIUM]","[PREMIUM]","5FD","O","_",,,2,"[2]",3892,"Field Box MVP",20,"Mobile ticket",1,"[PREMIUM]","[PREMIUM]","[PREMIUM]","[PREMIUM]",true,false,"['Clear view']","2026-07-18 12:37:38"
"13422720908","2026-07-21 23:49:20.368","2026-07-23 00:51:12.045","13422720908","159257709","[PREMIUM]","[PREMIUM]","139LG","K","9001_9002","9001","9002",2,"[2]",3917,"Loge Box MVP",20,"Mobile ticket",1,"[PREMIUM]","[PREMIUM]","[PREMIUM]","[PREMIUM]",true,false,"['Clear view']","2026-07-21 17:48:00"
"13422719650","2026-07-21 23:49:20.368","2026-07-23 00:51:12.028","13422719650","159257709","[PREMIUM]","[PREMIUM]","113LG","M","9001_9003","9001","9003",3,"[1,3]",3917,"Loge Box MVP",20,"Mobile ticket",1,"[PREMIUM]","[PREMIUM]","[PREMIUM]","[PREMIUM]",true,false,"['Clear view']","2026-07-21 17:47:56"
"13422719366","2026-07-21 23:49:20.368","2026-07-23 00:51:12.028","13422719366","159257709","[PREMIUM]","[PREMIUM]","113LG","L","9001_9001","9001","9001",1,"[1]",3917,"Loge Box MVP",20,"Mobile ticket",1,"[PREMIUM]","[PREMIUM]","[PREMIUM]","[PREMIUM]",false,false,"['Clear view']","2026-07-21 17:47:56"
"13425118344","2026-07-21 23:49:19.106","2026-08-03 22:28:17.140","13425118344","159257709","[PREMIUM]","[PREMIUM]","117LG","O","3_4","3","4",2,"[2]",3917,"Loge Box MVP",20,"Mobile ticket",1,"[PREMIUM]","[PREMIUM]","[PREMIUM]","[PREMIUM]",true,false,"['Clear view']","2026-07-21 22:04:44"
"13409883298","2026-07-21 23:49:18.907","2026-08-01 22:25:37.725","13409883298","159257709","[PREMIUM]","[PREMIUM]","145LG","L","_",,,2,"[2]",3909,"Infield Loge Box Value",20,"Mobile ticket",1,"[PREMIUM]","[PREMIUM]","[PREMIUM]","[PREMIUM]",true,false,"['Clear view']","2026-07-20 19:28:21"
"13422725279","2026-07-21 23:49:18.853","2026-07-23 00:51:11.717","13422725279","159257709","[PREMIUM]","[PREMIUM]","31RS","A","9001_9008","9001","9008",8,"[1,2,3,4,5,6,8]",3631,"Infield Reserve",20,"Mobile ticket",1,"[PREMIUM]","[PREMIUM]","[PREMIUM]","[PREMIUM]",true,false,"['Front Row of Section','Clear view']","2026-07-21 17:48:14"
"13419615027","2026-07-21 23:49:18.759","2026-07-21 23:49:18.759","13419615027","159257708","[PREMIUM]","[PREMIUM]","12FD","J","9001_9002","9001","9002",2,"[2]",3892,"Field Box MVP",20,"Mobile ticket",13,"[PREMIUM]","[PREMIUM]","[PREMIUM]","[PREMIUM]",true,false,"['Clear view']","2026-07-21 13:32:51"
"13389444360","2026-07-21 23:49:18.522","2026-07-29 23:19:26.565","13389444360","159257709","[PREMIUM]","[PREMIUM]","153LG","F","_",,,2,"[2]",3924,"Preferred Loge Box",20,"Mobile ticket",1,"[PREMIUM]","[PREMIUM]","[PREMIUM]","[PREMIUM]",true,false,"['Clear view']","2026-07-18 06:37:48"
"13423640282","2026-07-21 23:49:18.515","2026-07-23 22:33:26.467","13423640282","159257708","[PREMIUM]","[PREMIUM]","6FD","S","_",,,4,"[2,4]",3892,"Field Box MVP",20,"Mobile ticket",1,"[PREMIUM]","[PREMIUM]","[PREMIUM]","[PREMIUM]",true,false,"['Stadium Club Access','Clear view']","2026-07-21 19:13:31"
"13424950989","2026-07-21 23:49:18.515","2026-07-21 23:49:18.515","13424950989","159257708","[PREMIUM]","[PREMIUM]","125LG","A","9001_9002","9001","9002",2,"[2]",3917,"Loge Box MVP",20,"Mobile ticket",13,"[PREMIUM]","[PREMIUM]","[PREMIUM]","[PREMIUM]",true,false,"['Second Row of Section','Clear view']","2026-07-21 21:39:55"
"13420844446","2026-07-21 23:49:16.335","2026-07-21 23:49:16.335","13420844446","159257706","[PREMIUM]","[PREMIUM]","9FD","K","9001_9002","9001","9002",2,"[2]",3892,"Field Box MVP",20,"Mobile ticket",13,"[PREMIUM]","[PREMIUM]","[PREMIUM]","[PREMIUM]",true,false,"['Clear view']","2026-07-21 15:22:10"
"13420630892","2026-07-21 23:49:16.272","2026-07-21 23:49:16.272","13420630892","159257708","[PREMIUM]","[PREMIUM]","113LG","J","9001_9003","9001","9003",3,"[3]",3917,"Loge Box MVP",20,"Mobile ticket",13,"[PREMIUM]","[PREMIUM]","[PREMIUM]","[PREMIUM]",true,false,"['Clear view']","2026-07-21 15:03:18"
"13421041391","2026-07-21 23:49:16.015","2026-07-21 23:49:16.015","13421041391","159257709","[PREMIUM]","[PREMIUM]","14RS","BB","9001_9002","9001","9002",2,"[2]",3631,"Infield Reserve",20,"Mobile ticket",13,"[PREMIUM]","[PREMIUM]","[PREMIUM]","[PREMIUM]",true,false,"['Second Row of Section','Clear view']","2026-07-21 15:40:27"
"13416600688","2026-07-21 23:49:15.999","2026-08-03 22:28:17.237","13416600688","159257709","[PREMIUM]","[PREMIUM]","37FD","J","_",,,2,"[2]",3875,"Infield Box Value",20,"Mobile ticket",1,"[PREMIUM]","[PREMIUM]","[PREMIUM]","[PREMIUM]",true,false,"['Clear view']","2026-07-21 06:12:27"
"13414549407","2026-07-21 23:49:12.993","2026-07-23 00:51:08.656","13414549407","159257709","[PREMIUM]","[PREMIUM]","45FD","C","_",,,5,"[1,2,3,5]",3883,"Preferred Field Box",20,"Mobile ticket",1,"[PREMIUM]","[PREMIUM]","[PREMIUM]","[PREMIUM]",true,false,"['Third Row of Section','Clear view']","2026-07-21 02:23:16"
"13378296985","2026-07-21 23:49:12.631","2026-07-23 00:50:01.894","13378296985","159257706","[PREMIUM]","[PREMIUM]","47FD","C","_",,,4,"[2,4]",3888,"Preferred Field Value",20,"Mobile ticket",13,"[PREMIUM]","[PREMIUM]","[PREMIUM]","[PREMIUM]",true,false,"['Limited or Obstructed View (printed on ticket)','Third Row of Section']","2026-07-17 00:49:10"
"13419614251","2026-07-21 23:49:12.377","2026-07-21 23:49:12.377","13419614251","159257706","[PREMIUM]","[PREMIUM]","20FD","V","9001_9002","9001","9002",2,"[2]",3892,"Field Box MVP",20,"Mobile ticket",13,"[PREMIUM]","[PREMIUM]","[PREMIUM]","[PREMIUM]",true,false,"['Clear view']","2026-07-21 13:32:47"
"13405054806","2026-07-21 23:49:12.163","2026-07-29 23:19:22.818","13405054806","159257706","[PREMIUM]","[PREMIUM]","123LG","J","_",,,1,"[1]",3917,"Loge Box MVP",20,"Mobile ticket",13,"[PREMIUM]","[PREMIUM]","[PREMIUM]","[PREMIUM]",false,false,"['Clear view']","2026-07-20 11:50:52"
"13425703603","2026-07-21 23:49:12.123","2026-07-21 23:49:12.123","13425703603","159257709","[PREMIUM]","[PREMIUM]","46FD","H","5_12","5","12",8,"[1,2,3,4,5,6,8]",3888,"Preferred Field Value",20,"Mobile ticket",1,"[PREMIUM]","[PREMIUM]","[PREMIUM]","[PREMIUM]",true,false,"['Clear view']","2026-07-21 23:34:32"
"13425703557","2026-07-21 23:49:12.116","2026-07-21 23:49:12.116","13425703557","159257709","[PREMIUM]","[PREMIUM]","46FD","F","1_8","1","8",8,"[1,2,3,4,5,6,8]",3888,"Preferred Field Value",20,"Mobile ticket",1,"[PREMIUM]","[PREMIUM]","[PREMIUM]","[PREMIUM]",true,false,"['Clear view']","2026-07-21 23:34:31"
"13420841185","2026-07-21 23:49:12.084","2026-07-21 23:49:12.084","13420841185","159257706","[PREMIUM]","[PREMIUM]","8FD","D","9001_9002","9001","9002",2,"[2]",3892,"Field Box MVP",20,"Mobile ticket",13,"[PREMIUM]","[PREMIUM]","[PREMIUM]","[PREMIUM]",true,false,"['Clear view']","2026-07-21 15:21:57"
"13423590106","2026-07-21 23:49:12.084","2026-07-21 23:49:12.084","13423590106","159257706","[PREMIUM]","[PREMIUM]","19FD","F","_",,,2,"[2]",3892,"Field Box MVP",20,"Mobile ticket",1,"[PREMIUM]","[PREMIUM]","[PREMIUM]","[PREMIUM]",true,false,"['Clear view']","2026-07-21 19:07:29"
"13420689272","2026-07-21 23:49:11.890","2026-07-21 23:49:11.890","13420689272","159257706","[PREMIUM]","[PREMIUM]","18FD","B","9001_9004","9001","9004",4,"[4]",3892,"Field Box MVP",20,"Mobile ticket",13,"[PREMIUM]","[PREMIUM]","[PREMIUM]","[PREMIUM]",true,false,"['Second Row of Section','Clear view']","2026-07-21 15:09:26"
"13387081130","2026-07-21 23:49:11.880","2026-08-03 22:28:16.698","13387081130","159257706","[PREMIUM]","[PREMIUM]","24FD","J","_",,,2,"[2]",3892,"Field Box MVP",20,"Mobile ticket",1,"[PREMIUM]","[PREMIUM]","[PREMIUM]","[PREMIUM]",true,false,"['Clear view']","2026-07-17 23:06:01"
"13425712175","2026-07-21 23:49:11.279","2026-07-21 23:49:11.279","13425712175","159257707","[PREMIUM]","[PREMIUM]","143LG","A","9001_9002","9001","9002",2,"[2]",3917,"Loge Box MVP",20,"Mobile ticket",13,"[PREMIUM]","[PREMIUM]","[PREMIUM]","[PREMIUM]",true,false,"['Front Row of Section','Clear view']","2026-07-21 23:35:53"
"13423798562","2026-07-21 23:49:11.048","2026-08-03 22:28:11.772","13423798562","159257709","[PREMIUM]","[PREMIUM]","7RS","F","5_5","5","5",1,"[1]",3894,"Reserve MVP",20,"Mobile ticket",1,"[PREMIUM]","[PREMIUM]","[PREMIUM]","[PREMIUM]",false,false,"['Clear view']","2026-07-21 19:33:43"
"13423799020","2026-07-21 23:49:11.048","2026-08-03 22:28:11.772","13423799020","159257709","[PREMIUM]","[PREMIUM]","5RS","H","9_12","9","12",4,"[1,2,4]",3894,"Reserve MVP",20,"Mobile ticket",1,"[PREMIUM]","[PREMIUM]","[PREMIUM]","[PREMIUM]",true,false,"['Clear view']","2026-07-21 19:33:47"
"13244624999","2026-07-21 23:49:11.027","2026-08-01 22:25:18.211","13244624999","159257706","[PREMIUM]","[PREMIUM]","139LG","O","_",,,2,"[2]",3917,"Loge Box MVP",20,"Mobile ticket",1,"[PREMIUM]","[PREMIUM]","[PREMIUM]","[PREMIUM]",true,false,"['Clear view']","2026-07-04 18:56:22"
"13419917915","2026-07-21 23:49:11.027","2026-07-21 23:49:11.027","13419917915","159257706","[PREMIUM]","[PREMIUM]","145LG","D","9001_9003","9001","9003",3,"[3]",3909,"Infield Loge Box Value",20,"Mobile ticket",13,"[PREMIUM]","[PREMIUM]","[PREMIUM]","[PREMIUM]",true,false,"['Clear view']","2026-07-21 14:02:38"
"13425047674","2026-07-21 23:49:10.978","2026-08-03 22:28:13.613","13425047674","159257709","[PREMIUM]","[PREMIUM]","163LG","A","5_7","5","7",3,"[1,3]",3927,"Preferred Loge Box Value",20,"Mobile ticket",1,"[PREMIUM]","[PREMIUM]","[PREMIUM]","[PREMIUM]",true,false,"['Front Row of Section','Clear view']","2026-07-21 21:52:49"
"13419757234","2026-07-21 23:49:10.720","2026-07-21 23:49:10.720","13419757234","159257706","[PREMIUM]","[PREMIUM]","106LG","M","9001_9004","9001","9004",4,"[4]",3917,"Loge Box MVP",20,"Mobile ticket",13,"[PREMIUM]","[PREMIUM]","[PREMIUM]","[PREMIUM]",true,false,"['Clear view']","2026-07-21 13:45:28"
"13423690160","2026-07-21 23:49:10.717","2026-08-03 22:28:19.166","13423690160","159257707","[PREMIUM]","[PREMIUM]","120LG","E","5_6","5","6",2,"[2]",3917,"Loge Box MVP",20,"Mobile ticket",1,"[PREMIUM]","[PREMIUM]","[PREMIUM]","[PREMIUM]",true,false,"['Aisle seat','Clear view']","2026-07-21 19:21:40"
"13423818527","2026-07-21 23:49:10.427","2026-07-23 00:51:05.938","13423818527","159257709","[PREMIUM]","[PREMIUM]","6RS","M","5_12","5","12",8,"[1,2,3,4,5,6,8]",3894,"Reserve MVP",20,"Mobile ticket",1,"[PREMIUM]","[PREMIUM]","[PREMIUM]","[PREMIUM]",true,false,"['Clear view']","2026-07-21 19:35:09"
"13423810355","2026-07-21 23:49:10.427","2026-07-23 00:51:05.938","13423810355","159257709","[PREMIUM]","[PREMIUM]","19RS","O","7_14","7","14",8,"[1,2,3,4,5,6,8]",3894,"Reserve MVP",20,"Mobile ticket",1,"[PREMIUM]","[PREMIUM]","[PREMIUM]","[PREMIUM]",true,false,"['Clear view']","2026-07-21 19:34:42"
"13425705131","2026-07-21 23:49:10.427","2026-07-21 23:49:10.427","13425705131","159257709","[PREMIUM]","[PREMIUM]","40RS","G","1_8","1","8",8,"[1,2,3,4,5,6,8]",3879,"Preferred Reserve",20,"Mobile ticket",1,"[PREMIUM]","[PREMIUM]","[PREMIUM]","[PREMIUM]",true,false,"['Clear view']","2026-07-21 23:34:42"
"13423801778","2026-07-21 23:49:10.403","2026-08-03 22:28:13.506","13423801778","159257709","[PREMIUM]","[PREMIUM]","53FD","S","3_7","3","7",5,"[1,2,3,5]",3888,"Preferred Field Value",20,"Mobile ticket",1,"[PREMIUM]","[PREMIUM]","[PREMIUM]","[PREMIUM]",true,false,"['Clear view']","2026-07-21 19:33:59"
"13421393372","2026-07-21 23:49:10.309","2026-07-21 23:49:10.309","13421393372","159257706","[PREMIUM]","[PREMIUM]","103LG","M","9001_9002","9001","9002",2,"[2]",3917,"Loge Box MVP",20,"Mobile ticket",13,"[PREMIUM]","[PREMIUM]","[PREMIUM]","[PREMIUM]",true,false,"['Clear view']","2026-07-21 16:11:39"
"13425447480","2026-07-21 23:49:10.300","2026-07-21 23:49:10.300","13425447480","159257706","[PREMIUM]","[PREMIUM]","117LG","E","9001_9002","9001","9002",2,"[2]",3917,"Loge Box MVP",20,"Mobile ticket",13,"[PREMIUM]","[PREMIUM]","[PREMIUM]","[PREMIUM]",true,false,"['Clear view']","2026-07-21 23:01:27"
"13419592449","2026-07-21 23:49:10.174","2026-07-21 23:49:10.174","13419592449","159257708","[PREMIUM]","[PREMIUM]","38FD","J","9001_9003","9001","9003",3,"[3]",3875,"Infield Box Value",20,"Mobile ticket",13,"[PREMIUM]","[PREMIUM]","[PREMIUM]","[PREMIUM]",true,false,"['Clear view']","2026-07-21 13:31:04"
"13419753741","2026-07-21 23:49:10.166","2026-07-21 23:49:10.166","13419753741","159257708","[PREMIUM]","[PREMIUM]","153LG","E","9001_9004","9001","9004",4,"[4]",3924,"Preferred Loge Box",20,"Mobile ticket",13,"[PREMIUM]","[PREMIUM]","[PREMIUM]","[PREMIUM]",true,false,"['Clear view']","2026-07-21 13:45:17"
"13423805140","2026-07-21 23:49:09.902","2026-07-23 00:51:05.980","13423805140","159257709","[PREMIUM]","[PREMIUM]","20RS","L","10_17","10","17",8,"[1,2,3,4,5,6,8]",3894,"Reserve MVP",20,"Mobile ticket",1,"[PREMIUM]","[PREMIUM]","[PREMIUM]","[PREMIUM]",true,false,"['Clear view']","2026-07-21 19:34:19"
"13423805906","2026-07-21 23:49:09.902","2026-08-03 22:28:11.580","13423805906","159257709","[PREMIUM]","[PREMIUM]","32RS","E","5_12","5","12",8,"[1,2,3,4,5,6,8]",3631,"Infield Reserve",20,"Mobile ticket",1,"[PREMIUM]","[PREMIUM]","[PREMIUM]","[PREMIUM]",true,false,"['Clear view']","2026-07-21 19:34:25"
"13414427351","2026-07-21 23:49:09.868","2026-08-03 22:28:13.365","13414427351","159257709","[PREMIUM]","[PREMIUM]","10RS","F","8_15","8","15",8,"[1,2,3,4,5,6,8]",3894,"Reserve MVP",20,"Mobile ticket",1,"[PREMIUM]","[PREMIUM]","[PREMIUM]","[PREMIUM]",true,false,"['Clear view']","2026-07-21 02:13:42"
"13386612103","2026-07-21 23:49:09.829","2026-08-01 22:25:34.301","13386612103","159257709","[PREMIUM]","[PREMIUM]","32RS","O","1_2","1","2",2,"[2]",3631,"Infield Reserve",20,"Mobile ticket",1,"[PREMIUM]","[PREMIUM]","[PREMIUM]","[PREMIUM]",true,false,"['Clear view']","2026-07-17 22:17:12"
"13414160965","2026-07-21 23:49:09.829","2026-08-03 22:28:11.614","13414160965","159257709","[PREMIUM]","[PREMIUM]","5RS","P","7_10","7","10",4,"[1,2,4]",3894,"Reserve MVP",20,"Mobile ticket",1,"[PREMIUM]","[PREMIUM]","[PREMIUM]","[PREMIUM]",true,false,"['Clear view']","2026-07-21 01:52:18"
"13424225795","2026-07-21 23:49:08.508","2026-07-21 23:49:08.508","13424225795","159257706","[PREMIUM]","[PREMIUM]","51FD","A","9001_9004","9001","9004",4,"[4]",3888,"Preferred Field Value",20,"Mobile ticket",13,"[PREMIUM]","[PREMIUM]","[PREMIUM]","[PREMIUM]",true,false,"['Third Row of Section','Clear view']","2026-07-21 20:20:59"
"13415508726","2026-07-21 23:49:08.172","2026-07-29 23:19:20.791","13415508726","159257709","[PREMIUM]","[PREMIUM]","17RS","GG","6_9","6","9",4,"[4]",3631,"Infield Reserve",20,"Mobile ticket",1,"[PREMIUM]","[PREMIUM]","[PREMIUM]","[PREMIUM]",true,false,"['Clear view']","2026-07-21 04:06:28"
"13413171081","2026-07-21 23:49:07.999","2026-08-03 22:28:11.614","13413171081","159257709","[PREMIUM]","[PREMIUM]","24RS","O","17_20","17","20",4,"[1,2,4]",3631,"Infield Reserve",20,"Mobile ticket",1,"[PREMIUM]","[PREMIUM]","[PREMIUM]","[PREMIUM]",true,false,"['Clear view']","2026-07-20 23:33:59"
"13419524853","2026-07-21 23:49:07.838","2026-07-21 23:49:07.838","13419524853","159257706","[PREMIUM]","[PREMIUM]","301PL","R","9001_9002","9001","9002",2,"[2]",3584,"Left Field Pavilion",20,"Mobile ticket",13,"[PREMIUM]","[PREMIUM]","[PREMIUM]","[PREMIUM]",true,false,"['Clear view']","2026-07-21 13:23:24"
"13422399128","2026-07-21 23:49:06.455","2026-08-03 22:28:13.840","13422399128","159257708","[PREMIUM]","[PREMIUM]","316PR","Q","9001_9003","9001","9003",3,"[1,3]",3590,"Right Field Pavilion",20,"Mobile ticket",1,"[PREMIUM]","[PREMIUM]","[PREMIUM]","[PREMIUM]",true,false,"['Clear view']","2026-07-21 17:24:44"
"13420812499","2026-07-21 23:49:06.448","2026-07-21 23:49:06.448","13420812499","159257708","[PREMIUM]","[PREMIUM]","51FD","A","9001_9004","9001","9004",4,"[4]",3888,"Preferred Field Value",20,"Mobile ticket",13,"[PREMIUM]","[PREMIUM]","[PREMIUM]","[PREMIUM]",true,false,"['Third Row of Section','Clear view']","2026-07-21 15:19:13"
"13392777651","2026-07-21 23:49:06.355","2026-08-02 22:25:04.008","13392777651","159257709","[PREMIUM]","[PREMIUM]","312PR","M","1_8","1","8",8,"[1,2,3,4,5,6,8]",3590,"Right Field Pavilion",20,"Mobile ticket",1,"[PREMIUM]","[PREMIUM]","[PREMIUM]","[PREMIUM]",true,false,"['Clear view']","2026-07-18 20:34:35"
"13425196009","2026-07-21 23:49:05.968","2026-07-21 23:49:05.968","13425196009","159257706","[PREMIUM]","[PREMIUM]","42FD","B","1_1","1","1",1,"[1]",3883,"Preferred Field Box",20,"Mobile ticket",1,"[PREMIUM]","[PREMIUM]","[PREMIUM]","[PREMIUM]",false,false,"['Aisle seat','Actual 2nd row of section','Clear view']","2026-07-21 22:15:16"
"13423689377","2026-07-21 23:49:05.950","2026-08-03 22:28:16.284","13423689377","159257707","[PREMIUM]","[PREMIUM]","155LG","C","1_4","1","4",4,"[2,4]",3924,"Preferred Loge Box",20,"Mobile ticket",1,"[PREMIUM]","[PREMIUM]","[PREMIUM]","[PREMIUM]",true,false,"['Third Row of Section','Clear view']","2026-07-21 19:21:37"
"13423807482","2026-07-21 23:49:05.815","2026-08-03 22:28:09.822","13423807482","159257709","[PREMIUM]","[PREMIUM]","28RS","K","7_14","7","14",8,"[1,2,3,4,5,6,8]",3631,"Infield Reserve",20,"Mobile ticket",1,"[PREMIUM]","[PREMIUM]","[PREMIUM]","[PREMIUM]",true,false,"['Clear view']","2026-07-21 19:34:35"
"13423337494","2026-07-21 23:49:05.695","2026-07-27 01:13:25.189","13423337494","159257707","[PREMIUM]","[PREMIUM]","28FD","L","_",,,4,"[2,4]",2498,"Infield Box",20,"Mobile ticket",1,"[PREMIUM]","[PREMIUM]","[PREMIUM]","[PREMIUM]",true,false,"['Clear view']","2026-07-21 18:41:23"
"13414912294","2026-07-21 23:49:05.500","2026-07-23 22:33:19.726","13414912294","159257709","[PREMIUM]","[PREMIUM]","302PR","R","5_9","5","9",5,"[1,2,3,5]",3590,"Right Field Pavilion",20,"Mobile ticket",1,"[PREMIUM]","[PREMIUM]","[PREMIUM]","[PREMIUM]",true,false,"['Clear view']","2026-07-21 03:03:22"
"13425704399","2026-07-21 23:49:05.500","2026-07-21 23:49:05.500","13425704399","159257709","[PREMIUM]","[PREMIUM]","10TD","K","15_22","15","22",8,"[1,2,3,4,5,6,8]",1957,"Top Deck",20,"Mobile ticket",1,"[PREMIUM]","[PREMIUM]","[PREMIUM]","[PREMIUM]",true,false,"['Clear view']","2026-07-21 23:34:38"
"13421454719","2026-07-21 23:49:05.422","2026-08-03 22:28:09.531","13421454719","159257709","[PREMIUM]","[PREMIUM]","311PL","R","14_18","14","18",5,"[1,2,3,5]",3584,"Left Field Pavilion",20,"Mobile ticket",1,"[PREMIUM]","[PREMIUM]","[PREMIUM]","[PREMIUM]",true,false,"['Clear view']","2026-07-21 16:16:20"
"13377386705","2026-07-21 23:49:05.397","2026-08-03 22:28:11.751","13377386705","159257709","[PREMIUM]","[PREMIUM]","29RS","BB","1_6","1","6",6,"[1,2,3,4,6]",3631,"Infield Reserve",20,"Mobile ticket",1,"[PREMIUM]","[PREMIUM]","[PREMIUM]","[PREMIUM]",true,false,"['Second Row of Section','Clear view']","2026-07-16 23:05:10"
"13419784757","2026-07-21 23:49:05.328","2026-07-27 22:28:07.973","13419784757","159257709","[PREMIUM]","[PREMIUM]","37RS","CC","3_7","3","7",5,"[1,2,3,5]",3631,"Infield Reserve",20,"Mobile ticket",1,"[PREMIUM]","[PREMIUM]","[PREMIUM]","[PREMIUM]",true,false,"['Third Row of Section','Clear view']","2026-07-21 13:48:08"
"13423797644","2026-07-21 23:49:05.328","2026-07-21 23:49:05.328","13423797644","159257709","[PREMIUM]","[PREMIUM]","33RS","DD","20_22","20","22",3,"[1,3]",3631,"Infield Reserve",20,"Mobile ticket",1,"[PREMIUM]","[PREMIUM]","[PREMIUM]","[PREMIUM]",true,false,"['Clear view']","2026-07-21 19:33:36"
"13425704994","2026-07-21 23:49:05.328","2026-07-21 23:49:05.328","13425704994","159257709","[PREMIUM]","[PREMIUM]","8TD","M","12_19","12","19",8,"[1,2,3,4,5,6,8]",1957,"Top Deck",20,"Mobile ticket",1,"[PREMIUM]","[PREMIUM]","[PREMIUM]","[PREMIUM]",true,false,"['Clear view']","2026-07-21 23:34:42"
"13425698729","2026-07-21 23:49:05.220","2026-07-21 23:49:05.220","13425698729","159257709","[PREMIUM]","[PREMIUM]","32RS","S","11_18","11","18",8,"[1,2,3,4,5,6,8]",3631,"Infield Reserve",20,"Mobile ticket",1,"[PREMIUM]","[PREMIUM]","[PREMIUM]","[PREMIUM]",true,false,"['Clear view']","2026-07-21 23:33:51"
"13406826026","2026-07-21 23:49:05.059","2026-08-03 22:28:09.120","13406826026","159257709","[PREMIUM]","[PREMIUM]","313PL","P","15_17","15","17",3,"[1,3]",3584,"Left Field Pavilion",20,"Mobile ticket",1,"[PREMIUM]","[PREMIUM]","[PREMIUM]","[PREMIUM]",true,false,"['Clear view']","2026-07-20 14:35:58"
"13423856111","2026-07-21 23:49:04.724","2026-08-03 22:28:13.846","13423856111","159257708","[PREMIUM]","[PREMIUM]","16RS","A","15_17","15","17",3,"[1,3]",3894,"Reserve MVP",20,"Mobile ticket",1,"[PREMIUM]","[PREMIUM]","[PREMIUM]","[PREMIUM]",true,false,"['Front Row of Section','Clear view']","2026-07-21 19:39:16"
"13425703933","2026-07-21 23:49:04.179","2026-07-21 23:49:04.179","13425703933","159257706","[PREMIUM]","[PREMIUM]","15RS","P","8_15","8","15",8,"[1,2,3,4,5,6,8]",3894,"Reserve MVP",20,"Mobile ticket",1,"[PREMIUM]","[PREMIUM]","[PREMIUM]","[PREMIUM]",true,false,"['Clear view']","2026-07-21 23:34:34"
"13424531291","2026-07-21 23:47:47.483","2026-07-31 00:01:19.161","13424531291","159257707","[PREMIUM]","[PREMIUM]","2RS","C","1_4","1","4",4,"[4]",3894,"Reserve MVP",20,"Mobile ticket",1,"[PREMIUM]","[PREMIUM]","[PREMIUM]","[PREMIUM]",true,false,"['Aisle seat','Stadium Club Access','Clear view']","2026-07-21 20:57:48"
"13415187621","2026-07-21 23:47:17.552","2026-08-03 22:28:11.932","13415187621","159257708","[PREMIUM]","[PREMIUM]","154LG","M","_",,,2,"[2]",3924,"Preferred Loge Box",20,"Mobile ticket",1,"[PREMIUM]","[PREMIUM]","[PREMIUM]","[PREMIUM]",true,false,"['Clear view']","2026-07-21 03:31:52"
"13420729335","2026-07-21 23:47:16.088","2026-07-21 23:47:16.088","13420729335","159262906","[PREMIUM]","[PREMIUM]","140","1","9001_9002","9001","9002",2,"[2]",609,"Lower Box",20,"Mobile ticket",13,"[PREMIUM]","[PREMIUM]","[PREMIUM]","[PREMIUM]",true,false,"['Front Row of Section','Clear view']","2026-07-21 15:12:29"
"13420633645","2026-07-21 23:47:15.836","2026-07-21 23:47:15.836","13420633645","159262906","[PREMIUM]","[PREMIUM]","118","2","9001_9003","9001","9003",3,"[3]",1524,"Field",20,"Mobile ticket",13,"[PREMIUM]","[PREMIUM]","[PREMIUM]","[PREMIUM]",true,false,"['Second Row of Section','Clear view']","2026-07-21 15:03:44"
"13421048454","2026-07-21 23:47:15.836","2026-07-21 23:47:15.836","13421048454","159262906","[PREMIUM]","[PREMIUM]","127","9","9001_9004","9001","9004",4,"[4]",609,"Lower Box",20,"Mobile ticket",13,"[PREMIUM]","[PREMIUM]","[PREMIUM]","[PREMIUM]",true,false,"['Front Row of Section','Clear view']","2026-07-21 15:41:49"
"13422721486","2026-07-21 23:47:14.430","2026-07-23 00:51:12.868","13422721486","159257709","[PREMIUM]","[PREMIUM]","20FD","X","9001_9002","9001","9002",2,"[2]",3892,"Field Box MVP",20,"Mobile ticket",1,"[PREMIUM]","[PREMIUM]","[PREMIUM]","[PREMIUM]",true,false,"['Clear view']","2026-07-21 17:48:02"
"13422721540","2026-07-21 23:47:14.430","2026-07-23 00:51:12.868","13422721540","159257709","[PREMIUM]","[PREMIUM]","20FD","W","9001_9003","9001","9003",3,"[1,3]",3892,"Field Box MVP",20,"Mobile ticket",1,"[PREMIUM]","[PREMIUM]","[PREMIUM]","[PREMIUM]",true,false,"['Clear view']","2026-07-21 17:48:02"
"13423080593","2026-07-21 23:47:14.430","2026-07-27 01:13:18.247","13423080593","159257709","[PREMIUM]","[PREMIUM]","316PR","N","4_4","4","4",1,"[1]",3590,"Right Field Pavilion",20,"Mobile ticket",14,"[PREMIUM]","[PREMIUM]","[PREMIUM]","[PREMIUM]",false,false,"['Clear view']","2026-07-21 18:16:51"
"13385239672","2026-07-21 23:47:13.395","2026-07-21 23:47:13.395","13385239672","159262906","[PREMIUM]","[PREMIUM]","133","24","_",,,2,"[2]",609,"Lower Box",20,"Mobile ticket",1,"[PREMIUM]","[PREMIUM]","[PREMIUM]","[PREMIUM]",true,false,"['Clear view']","2026-07-17 19:03:58"
"13420116654","2026-07-21 23:47:11.412","2026-07-21 23:47:11.412","13420116654","159262906","[PREMIUM]","[PREMIUM]","118","3","9001_9002","9001","9002",2,"[2]",1524,"Field",20,"Mobile ticket",13,"[PREMIUM]","[PREMIUM]","[PREMIUM]","[PREMIUM]",true,false,"['Third Row of Section','Clear view']","2026-07-21 14:18:06"
"13425702297","2026-07-21 23:47:10.812","2026-07-21 23:47:10.812","13425702297","159257708","[PREMIUM]","[PREMIUM]","307PL","W","5_12","5","12",8,"[1,2,3,4,5,6,8]",3584,"Left Field Pavilion",20,"Mobile ticket",1,"[PREMIUM]","[PREMIUM]","[PREMIUM]","[PREMIUM]",true,false,"['Clear view']","2026-07-21 23:34:23"
"13223631960","2026-07-21 23:47:10.774","2026-07-27 22:27:59.709","13223631960","159262906","[PREMIUM]","[PREMIUM]","121","10","99_100","99","100",2,"[2]",609,"Lower Box",20,"Mobile ticket",1,"[PREMIUM]","[PREMIUM]","[PREMIUM]","[PREMIUM]",true,false,"['Clear view']","2026-07-03 00:16:20"
"13419399454","2026-07-21 23:47:10.774","2026-07-21 23:47:10.774","13419399454","159262906","[PREMIUM]","[PREMIUM]","237","1","9001_9002","9001","9002",2,"[2]",3418,"Terrace Club",20,"Mobile ticket",13,"[PREMIUM]","[PREMIUM]","[PREMIUM]","[PREMIUM]",true,false,"['Front Row of Section','Clear view']","2026-07-21 13:10:52"
"13421056730","2026-07-21 23:47:10.774","2026-07-21 23:47:10.774","13421056730","159262906","[PREMIUM]","[PREMIUM]","124","13","9001_9002","9001","9002",2,"[2]",609,"Lower Box",20,"Mobile ticket",13,"[PREMIUM]","[PREMIUM]","[PREMIUM]","[PREMIUM]",true,false,"['Clear view']","2026-07-21 15:42:03"
"13420528633","2026-07-21 23:46:09.951","2026-08-03 22:28:03.992","13420528633","159262906","[PREMIUM]","[PREMIUM]","129","12","7_8","7","8",2,"[2]",609,"Lower Box",20,"Mobile ticket",1,"[PREMIUM]","[PREMIUM]","[PREMIUM]","[PREMIUM]",true,false,"['Clear view']","2026-07-21 14:53:46"
"13415173194","2026-07-21 23:45:03.588","2026-08-03 22:28:12.740","13415173194","159257707","[PREMIUM]","[PREMIUM]","154LG","M","_",,,2,"[2]",3924,"Preferred Loge Box",20,"Mobile ticket",1,"[PREMIUM]","[PREMIUM]","[PREMIUM]","[PREMIUM]",true,false,"['Clear view']","2026-07-21 03:29:42"
"13413852137","2026-07-21 23:45:03.588","2026-07-31 00:01:09.073","13413852137","159257707","[PREMIUM]","[PREMIUM]","157LG","M","_",,,2,"[2]",3927,"Preferred Loge Box Value",20,"Mobile ticket",1,"[PREMIUM]","[PREMIUM]","[PREMIUM]","[PREMIUM]",true,false,"['Clear view']","2026-07-21 01:26:54"
"13414693011","2026-07-21 23:45:03.325","2026-08-03 22:28:07.378","13414693011","159257708","[PREMIUM]","[PREMIUM]","312PR","O","7_8","7","8",2,"[2]",3590,"Right Field Pavilion",20,"Mobile ticket",1,"[PREMIUM]","[PREMIUM]","[PREMIUM]","[PREMIUM]",true,false,"['Clear view']","2026-07-21 02:34:01"
"13420969437","2026-07-21 23:45:03.311","2026-07-21 23:45:03.311","13420969437","159262907","[PREMIUM]","[PREMIUM]","124","13","9001_9002","9001","9002",2,"[2]",609,"Lower Box",20,"Mobile ticket",13,"[PREMIUM]","[PREMIUM]","[PREMIUM]","[PREMIUM]",true,false,"['Clear view']","2026-07-21 15:33:35"
"13419753232","2026-07-21 23:45:03.147","2026-07-21 23:45:03.147","13419753232","159262907","[PREMIUM]","[PREMIUM]","120","7","9001_9002","9001","9002",2,"[2]",609,"Lower Box",20,"Mobile ticket",13,"[PREMIUM]","[PREMIUM]","[PREMIUM]","[PREMIUM]",true,false,"['Clear view']","2026-07-21 13:45:16"
"13419681056","2026-07-21 23:45:03.147","2026-07-21 23:45:03.147","13419681056","159262907","[PREMIUM]","[PREMIUM]","118","2","9001_9003","9001","9003",3,"[3]",1524,"Field",20,"Mobile ticket",13,"[PREMIUM]","[PREMIUM]","[PREMIUM]","[PREMIUM]",true,false,"['Second Row of Section','Clear view']","2026-07-21 13:39:02"
"13421392101","2026-07-21 23:45:03.147","2026-07-21 23:45:03.147","13421392101","159262907","[PREMIUM]","[PREMIUM]","237","1","9001_9002","9001","9002",2,"[2]",3418,"Terrace Club",20,"Mobile ticket",13,"[PREMIUM]","[PREMIUM]","[PREMIUM]","[PREMIUM]",true,false,"['Front Row of Section','Clear view']","2026-07-21 16:11:33"
"13425020266","2026-07-21 23:45:03.147","2026-07-21 23:45:03.147","13425020266","159262907","[PREMIUM]","[PREMIUM]","136","12","9001_9004","9001","9004",4,"[4]",609,"Lower Box",20,"Mobile ticket",13,"[PREMIUM]","[PREMIUM]","[PREMIUM]","[PREMIUM]",true,false,"['Clear view']","2026-07-21 21:48:13"
"13425703634","2026-07-21 23:45:03.025","2026-07-21 23:45:03.025","13425703634","159257707","[PREMIUM]","[PREMIUM]","31RS","T","1_8","1","8",8,"[1,2,3,4,5,6,8]",3631,"Infield Reserve",20,"Mobile ticket",1,"[PREMIUM]","[PREMIUM]","[PREMIUM]","[PREMIUM]",true,false,"['Clear view']","2026-07-21 23:34:32"
"13425704828","2026-07-21 23:44:56.299","2026-07-21 23:44:56.299","13425704828","159257706","[PREMIUM]","[PREMIUM]","40RS","J","14_21","14","21",8,"[1,2,3,4,5,6,8]",3879,"Preferred Reserve",20,"Mobile ticket",1,"[PREMIUM]","[PREMIUM]","[PREMIUM]","[PREMIUM]",true,false,"['Clear view']","2026-07-21 23:34:40"
"13394840467","2026-07-21 23:44:47.968","2026-07-28 22:28:56.709","13394840467","159262907","[PREMIUM]","[PREMIUM]","119","14","_",,,10,"[1,2,3,4,5,6,7,8,9,10]",609,"Lower Box",20,"Mobile ticket",1,"[PREMIUM]","[PREMIUM]","[PREMIUM]","[PREMIUM]",true,false,"['Clear view']","2026-07-19 04:41:39"
"13424586874","2026-07-21 23:44:40.433","2026-07-21 23:44:40.433","13424586874","159257707","[PREMIUM]","[PREMIUM]","35RS","R","1_8","1","8",8,"[1,2,3,4,5,6,8]",3631,"Infield Reserve",20,"Mobile ticket",1,"[PREMIUM]","[PREMIUM]","[PREMIUM]","[PREMIUM]",true,false,"['Clear view']","2026-07-21 21:04:43"
"13413471443","2026-07-21 23:44:40.275","2026-08-03 22:28:07.684","13413471443","159257707","[PREMIUM]","[PREMIUM]","168LG","J","1_2","1","2",2,"[2]",3927,"Preferred Loge Box Value",20,"Mobile ticket",1,"[PREMIUM]","[PREMIUM]","[PREMIUM]","[PREMIUM]",true,false,"['Clear view']","2026-07-21 00:34:37"
"13415420554","2026-07-21 23:44:36.452","2026-08-03 22:28:08.178","13415420554","159257707","[PREMIUM]","[PREMIUM]","167LG","O","5_10","5","10",6,"[1,2,3,4,6]",3927,"Preferred Loge Box Value",20,"Mobile ticket",1,"[PREMIUM]","[PREMIUM]","[PREMIUM]","[PREMIUM]",true,false,"['Clear view']","2026-07-21 03:56:05"
"13413382816","2026-07-21 23:44:36.355","2026-07-23 22:32:55.242","13413382816","159257707","[PREMIUM]","[PREMIUM]","8TD","K","7_8","7","8",2,"[2]",1957,"Top Deck",20,"Mobile ticket",1,"[PREMIUM]","[PREMIUM]","[PREMIUM]","[PREMIUM]",true,false,"['Clear view']","2026-07-21 00:02:45"
"13423739675","2026-07-21 23:44:36.355","2026-07-25 05:40:35.720","13423739675","159257707","[PREMIUM]","[PREMIUM]","14RS","GG","5_12","5","12",8,"[1,2,3,4,5,6,8]",3631,"Infield Reserve",20,"Mobile ticket",1,"[PREMIUM]","[PREMIUM]","[PREMIUM]","[PREMIUM]",true,false,"['Clear view']","2026-07-21 19:26:18"
"13415292624","2026-07-21 23:44:36.262","2026-08-03 22:28:01.151","13415292624","159262906","[PREMIUM]","[PREMIUM]","227","4","_",,,2,"[2]",3418,"Terrace Club",20,"Mobile ticket",1,"[PREMIUM]","[PREMIUM]","[PREMIUM]","[PREMIUM]",true,false,"['Clear view']","2026-07-21 03:42:14"
"13415063576","2026-07-21 23:44:07.791","2026-08-03 22:27:58.953","13415063576","159262906","[PREMIUM]","[PREMIUM]","337","2","_",,,3,"[1,2,3]",407,"Upper",20,"Mobile ticket",1,"[PREMIUM]","[PREMIUM]","[PREMIUM]","[PREMIUM]",true,false,"['Second Row of Section','Clear view']","2026-07-21 03:19:43"
"13380251141","2026-07-21 23:44:06.173","2026-07-21 23:44:06.173","13380251141","159262906","[PREMIUM]","[PREMIUM]","345","9","_",,,8,"[1,2,3,4,5,6,7,8]",407,"Upper",20,"Mobile ticket",1,"[PREMIUM]","[PREMIUM]","[PREMIUM]","[PREMIUM]",true,false,"['Limited or Obstructed View (printed on ticket)']","2026-07-17 05:03:57"
"13416911817","2026-07-21 23:43:53.284","2026-08-03 22:28:23.138","13416911817","159262907","[PREMIUM]","[PREMIUM]","137","18","_",,,2,"[2]",609,"Lower Box",20,"Mobile ticket",1,"[PREMIUM]","[PREMIUM]","[PREMIUM]","[PREMIUM]",true,false,"['Aisle seat','Clear view']","2026-07-21 07:01:50"
"13425596392","2026-07-21 23:43:50.775","2026-07-29 23:19:11.948","13425596392","159262907","[PREMIUM]","[PREMIUM]","337","2","_",,,3,"[1,2,3]",407,"Upper",20,"Mobile ticket",1,"[PREMIUM]","[PREMIUM]","[PREMIUM]","[PREMIUM]",true,false,"['Second Row of Section','Clear view']","2026-07-21 23:16:17"
"13419408859","2026-07-21 23:43:47.950","2026-07-21 23:43:47.950","13419408859","159257708","[PREMIUM]","[PREMIUM]","18RS","CC","18_19","18","19",2,"[2]",3631,"Infield Reserve",20,"Mobile ticket",1,"[PREMIUM]","[PREMIUM]","[PREMIUM]","[PREMIUM]",true,false,"['Third Row of Section','Clear view']","2026-07-21 13:12:44"
"13423751362","2026-07-21 23:43:42.370","2026-07-28 22:28:53.442","13423751362","159262907","[PREMIUM]","[PREMIUM]","142","40","7_8","7","8",2,"[2]",1524,"Field",20,"Mobile ticket",1,"[PREMIUM]","[PREMIUM]","[PREMIUM]","[PREMIUM]",true,false,"['Clear view']","2026-07-21 19:27:36"
"13408282122","2026-07-21 23:43:38.802","2026-08-03 22:28:21.744","13408282122","159262907","[PREMIUM]","[PREMIUM]","314","3","_",,,8,"[1,2,3,4,5,6,7,8]",407,"Upper",20,"Mobile ticket",1,"[PREMIUM]","[PREMIUM]","[PREMIUM]","[PREMIUM]",true,false,"['Third Row of Section','Clear view']","2026-07-20 16:32:21"
"13424202388","2026-07-21 23:43:38.792","2026-07-23 22:33:43.839","13424202388","159262907","[PREMIUM]","[PREMIUM]","319","8","_",,,4,"[1,2,3,4]",407,"Upper",20,"Mobile ticket",1,"[PREMIUM]","[PREMIUM]","[PREMIUM]","[PREMIUM]",true,false,"['Clear view']","2026-07-21 20:16:16"
"13380531078","2026-07-21 23:43:37.089","2026-07-29 23:19:10.418","13380531078","159262907","[PREMIUM]","[PREMIUM]","319","5","_",,,3,"[1,2,3]",407,"Upper",20,"Mobile ticket",1,"[PREMIUM]","[PREMIUM]","[PREMIUM]","[PREMIUM]",true,false,"['Clear view']","2026-07-17 05:37:03"
"13425348781","2026-07-21 23:43:37.016","2026-08-03 22:28:20.906","13425348781","159262907","[PREMIUM]","[PREMIUM]","337","12","3_6","3","6",4,"[1,2,3,4]",407,"Upper",20,"Mobile ticket",1,"[PREMIUM]","[PREMIUM]","[PREMIUM]","[PREMIUM]",true,false,"['Clear view']","2026-07-21 22:45:09"
"13368435235","2026-07-21 23:43:33.858","2026-07-21 23:43:33.858","13368435235","159257707","[PREMIUM]","[PREMIUM]","20FD","S","9001_9002","9001","9002",2,"[2]",3892,"Field Box MVP",20,"Mobile ticket",1,"[PREMIUM]","[PREMIUM]","[PREMIUM]","[PREMIUM]",true,false,"['Clear view']","2026-07-16 05:52:04"
"13414876168","2026-07-21 23:43:31.892","2026-07-23 00:50:49.961","13414876168","159262906","[PREMIUM]","[PREMIUM]","329","12","14_17","14","17",4,"[2,4]",407,"Upper",20,"Mobile ticket",1,"[PREMIUM]","[PREMIUM]","[PREMIUM]","[PREMIUM]",true,false,"['Clear view']","2026-07-21 02:58:19"
"12956266766","2026-07-21 23:43:30.435","2026-08-03 22:28:21.032","12956266766","159262907","[PREMIUM]","[PREMIUM]","330","15","5_12","5","12",8,"[1,2,3,4,6,8]",407,"Upper",20,"Mobile ticket",1,"[PREMIUM]","[PREMIUM]","[PREMIUM]","[PREMIUM]",true,false,"['Clear view']","2026-06-06 22:34:22"
"13420988585","2026-07-21 23:43:29.464","2026-07-23 22:32:56.827","13420988585","159257706","[PREMIUM]","[PREMIUM]","30RS","JJ","13_14","13","14",2,"[2]",3631,"Infield Reserve",20,"Mobile ticket",1,"[PREMIUM]","[PREMIUM]","[PREMIUM]","[PREMIUM]",true,false,"['Clear view']","2026-07-21 15:35:32"
"13425596388","2026-07-21 23:43:28.879","2026-07-21 23:43:28.879","13425596388","159262907","[PREMIUM]","[PREMIUM]","190","15","_",,,2,"[2]",3998,"Center Field Bleachers",20,"Mobile ticket",1,"[PREMIUM]","[PREMIUM]","[PREMIUM]","[PREMIUM]",true,false,"['Clear view']","2026-07-21 23:16:17"
"13419866526","2026-07-21 23:43:25.443","2026-07-21 23:43:25.443","13419866526","159263019","[PREMIUM]","[PREMIUM]","118","L","9001_9002","9001","9002",2,"[2]",17236,"Lexus Diamond Club",20,"Mobile ticket",13,"[PREMIUM]","[PREMIUM]","[PREMIUM]","[PREMIUM]",true,false,"['Clear view']","2026-07-21 13:56:27"
"13420738142","2026-07-21 23:43:25.443","2026-07-21 23:43:25.443","13420738142","159263019","[PREMIUM]","[PREMIUM]","117","E","9001_9004","9001","9004",4,"[4]",17235,"Lexus Diamond Club Hall of Fame",20,"Mobile ticket",13,"[PREMIUM]","[PREMIUM]","[PREMIUM]","[PREMIUM]",true,false,"['Third Row of Section','Clear view']","2026-07-21 15:12:55"
"13423689580","2026-07-21 23:43:24.184","2026-08-03 22:28:15.271","13423689580","159257705","[PREMIUM]","[PREMIUM]","3FD","M","3_4","3","4",2,"[2]",3892,"Field Box MVP",20,"Mobile ticket",1,"[PREMIUM]","[PREMIUM]","[PREMIUM]","[PREMIUM]",true,false,"['Clear view']","2026-07-21 19:21:38"
"13420593715","2026-07-21 23:43:24.052","2026-07-21 23:43:24.052","13420593715","159257705","[PREMIUM]","[PREMIUM]","128LG","F","9001_9004","9001","9004",4,"[4]",3917,"Loge Box MVP",20,"Mobile ticket",13,"[PREMIUM]","[PREMIUM]","[PREMIUM]","[PREMIUM]",true,false,"['Clear view']","2026-07-21 14:59:20"
"13421382346","2026-07-21 23:43:24.052","2026-07-21 23:43:24.052","13421382346","159257705","[PREMIUM]","[PREMIUM]","143LG","F","9001_9002","9001","9002",2,"[2]",3917,"Loge Box MVP",20,"Mobile ticket",13,"[PREMIUM]","[PREMIUM]","[PREMIUM]","[PREMIUM]",true,false,"['Clear view']","2026-07-21 16:10:02"
"13424597666","2026-07-21 23:43:24.052","2026-07-21 23:43:24.052","13424597666","159257705","[PREMIUM]","[PREMIUM]","125LG","A","9001_9002","9001","9002",2,"[2]",3917,"Loge Box MVP",20,"Mobile ticket",13,"[PREMIUM]","[PREMIUM]","[PREMIUM]","[PREMIUM]",true,false,"['Second Row of Section','Clear view']","2026-07-21 21:06:11"
"13419832236","2026-07-21 23:43:23.910","2026-07-21 23:43:23.910","13419832236","159262905","[PREMIUM]","[PREMIUM]","140","1","9001_9002","9001","9002",2,"[2]",609,"Lower Box",20,"Mobile ticket",13,"[PREMIUM]","[PREMIUM]","[PREMIUM]","[PREMIUM]",true,false,"['Front Row of Section','Clear view']","2026-07-21 13:53:40"
"13361198573","2026-07-21 23:43:23.786","2026-07-27 22:27:58.475","13361198573","159262905","[PREMIUM]","[PREMIUM]","134","16","_",,,2,"[2]",609,"Lower Box",20,"Mobile ticket",1,"[PREMIUM]","[PREMIUM]","[PREMIUM]","[PREMIUM]",true,false,"['Clear view']","2026-07-15 14:34:36"
"13417170600","2026-07-21 23:43:23.786","2026-07-21 23:43:23.786","13417170600","159262905","[PREMIUM]","[PREMIUM]","128","21","3_3","3","3",1,"[1]",609,"Lower Box",20,"Mobile ticket",1,"[PREMIUM]","[PREMIUM]","[PREMIUM]","[PREMIUM]",false,false,"['Clear view']","2026-07-21 07:45:57"
"13419915643","2026-07-21 23:43:23.786","2026-07-21 23:43:23.786","13419915643","159262905","[PREMIUM]","[PREMIUM]","127","9","9001_9004","9001","9004",4,"[4]",609,"Lower Box",20,"Mobile ticket",13,"[PREMIUM]","[PREMIUM]","[PREMIUM]","[PREMIUM]",true,false,"['Front Row of Section','Clear view']","2026-07-21 14:02:21"
"13419701457","2026-07-21 23:43:23.786","2026-07-21 23:43:23.786","13419701457","159262905","[PREMIUM]","[PREMIUM]","237","1","9001_9004","9001","9004",4,"[4]",3418,"Terrace Club",20,"Mobile ticket",13,"[PREMIUM]","[PREMIUM]","[PREMIUM]","[PREMIUM]",true,false,"['Front Row of Section','Clear view']","2026-07-21 13:40:11"
"13414481982","2026-07-21 23:43:23.521","2026-07-21 23:43:23.521","13414481982","159262905","[PREMIUM]","[PREMIUM]","224","3","8_8","8","8",1,"[1]",3418,"Terrace Club",20,"Mobile ticket",1,"[PREMIUM]","[PREMIUM]","[PREMIUM]","[PREMIUM]",false,false,"['Padded Seats','Third Row of Section','Clear view']","2026-07-21 02:18:46"
"13415462383","2026-07-21 23:43:23.521","2026-07-21 23:43:23.521","13415462383","159262905","[PREMIUM]","[PREMIUM]","218","1","12_12","12","12",1,"[1]",3418,"Terrace Club",20,"Mobile ticket",1,"[PREMIUM]","[PREMIUM]","[PREMIUM]","[PREMIUM]",false,false,"['Limited or Obstructed View (printed on ticket)','Front Row of Section']","2026-07-21 04:01:35"
"13415719308","2026-07-21 23:43:23.521","2026-07-21 23:43:23.521","13415719308","159262905","[PREMIUM]","[PREMIUM]","240","1","1_1","1","1",1,"[1]",3418,"Terrace Club",20,"Mobile ticket",1,"[PREMIUM]","[PREMIUM]","[PREMIUM]","[PREMIUM]",false,false,"['Limited or Obstructed View (printed on ticket)','Front Row of Section']","2026-07-21 04:26:36"
"13416374565","2026-07-21 23:43:23.521","2026-07-21 23:43:23.521","13416374565","159262905","[PREMIUM]","[PREMIUM]","237","2","2_2","2","2",1,"[1]",3418,"Terrace Club",20,"Mobile ticket",1,"[PREMIUM]","[PREMIUM]","[PREMIUM]","[PREMIUM]",false,false,"['Padded Seats','Second Row of Section','Clear view']","2026-07-21 05:39:27"
"13416144027","2026-07-21 23:43:23.521","2026-07-21 23:43:23.521","13416144027","159262905","[PREMIUM]","[PREMIUM]","241","1","1_1","1","1",1,"[1]",3418,"Terrace Club",20,"Mobile ticket",1,"[PREMIUM]","[PREMIUM]","[PREMIUM]","[PREMIUM]",false,false,"['Limited or Obstructed View (printed on ticket)','Front Row of Section']","2026-07-21 05:13:55"
"13416508056","2026-07-21 23:43:23.521","2026-07-21 23:43:23.521","13416508056","159262905","[PREMIUM]","[PREMIUM]","227","3","2_3","2","3",2,"[2]",3418,"Terrace Club",20,"Mobile ticket",1,"[PREMIUM]","[PREMIUM]","[PREMIUM]","[PREMIUM]",true,false,"['Limited or Obstructed View (printed on ticket)','Third Row of Section']","2026-07-21 05:58:42"
"13420517683","2026-07-21 23:43:23.503","2026-07-21 23:43:23.503","13420517683","159257705","[PREMIUM]","[PREMIUM]","8FD","D","9001_9002","9001","9002",2,"[2]",3892,"Field Box MVP",20,"Mobile ticket",13,"[PREMIUM]","[PREMIUM]","[PREMIUM]","[PREMIUM]",true,false,"['Clear view']","2026-07-21 14:53:09"
"13423689686","2026-07-21 23:43:23.503","2026-07-31 00:00:37.241","13423689686","159257705","[PREMIUM]","[PREMIUM]","3FD","E","5_6","5","6",2,"[2]",3892,"Field Box MVP",20,"Mobile ticket",1,"[PREMIUM]","[PREMIUM]","[PREMIUM]","[PREMIUM]",true,false,"['Clear view']","2026-07-21 19:21:38"
"13414481532","2026-07-21 23:43:23.476","2026-07-21 23:43:23.476","13414481532","159262905","[PREMIUM]","[PREMIUM]","234","1","13_13","13","13",1,"[1]",3418,"Terrace Club",20,"Mobile ticket",1,"[PREMIUM]","[PREMIUM]","[PREMIUM]","[PREMIUM]",false,false,"['Limited or Obstructed View (printed on ticket)','Front Row of Section']","2026-07-21 02:18:45"
"13416698861","2026-07-21 23:43:23.476","2026-07-21 23:43:23.476","13416698861","159262905","[PREMIUM]","[PREMIUM]","233","2","14_14","14","14",1,"[1]",3418,"Terrace Club",20,"Mobile ticket",1,"[PREMIUM]","[PREMIUM]","[PREMIUM]","[PREMIUM]",false,false,"['Limited or Obstructed View (printed on ticket)','Second Row of Section']","2026-07-21 06:25:40"
"13415709190","2026-07-21 23:43:23.454","2026-07-21 23:43:23.454","13415709190","159262905","[PREMIUM]","[PREMIUM]","218","2","11_12","11","12",2,"[2]",3418,"Terrace Club",20,"Mobile ticket",1,"[PREMIUM]","[PREMIUM]","[PREMIUM]","[PREMIUM]",true,false,"['Limited or Obstructed View (printed on ticket)','Second Row of Section']","2026-07-21 04:24:47"
"13420452465","2026-07-21 23:43:23.454","2026-08-03 22:28:00.658","13420452465","159262905","[PREMIUM]","[PREMIUM]","129","12","7_8","7","8",2,"[2]",609,"Lower Box",20,"Mobile ticket",1,"[PREMIUM]","[PREMIUM]","[PREMIUM]","[PREMIUM]",true,false,"['Clear view']","2026-07-21 14:48:00"
"13419862704","2026-07-21 23:43:23.438","2026-07-21 23:43:23.438","13419862704","159257705","[PREMIUM]","[PREMIUM]","5FD","O","9001_9002","9001","9002",2,"[2]",3892,"Field Box MVP",20,"Mobile ticket",13,"[PREMIUM]","[PREMIUM]","[PREMIUM]","[PREMIUM]",true,false,"['Clear view']","2026-07-21 13:56:05"
"13421378066","2026-07-21 23:43:23.438","2026-07-21 23:43:23.438","13421378066","159257705","[PREMIUM]","[PREMIUM]","12FD","J","9001_9002","9001","9002",2,"[2]",3892,"Field Box MVP",20,"Mobile ticket",13,"[PREMIUM]","[PREMIUM]","[PREMIUM]","[PREMIUM]",true,false,"['Clear view']","2026-07-21 16:09:40"
"13416509760","2026-07-21 23:43:23.241","2026-07-21 23:43:23.241","13416509760","159262905","[PREMIUM]","[PREMIUM]","144","2","14_14","14","14",1,"[1]",1524,"Field",20,"Mobile ticket",1,"[PREMIUM]","[PREMIUM]","[PREMIUM]","[PREMIUM]",false,false,"['Second Row of Section','Clear view']","2026-07-21 05:58:56"
"13414968633","2026-07-21 23:43:22.808","2026-07-21 23:43:22.808","13414968633","159262905","[PREMIUM]","[PREMIUM]","246","1","1_2","1","2",2,"[2]",3418,"Terrace Club",20,"Mobile ticket",1,"[PREMIUM]","[PREMIUM]","[PREMIUM]","[PREMIUM]",true,false,"['Limited or Obstructed View (printed on ticket)','Front Row of Section']","2026-07-21 03:10:16"
"13414479279","2026-07-21 23:43:22.808","2026-07-21 23:43:22.808","13414479279","159262905","[PREMIUM]","[PREMIUM]","214","1","11_12","11","12",2,"[2]",3418,"Terrace Club",20,"Mobile ticket",1,"[PREMIUM]","[PREMIUM]","[PREMIUM]","[PREMIUM]",true,false,"['Limited or Obstructed View (printed on ticket)','Front Row of Section']","2026-07-21 02:18:35"
"13416143054","2026-07-21 23:43:22.808","2026-07-21 23:43:22.808","13416143054","159262905","[PREMIUM]","[PREMIUM]","211","1","6_6","6","6",1,"[1]",3418,"Terrace Club",20,"Mobile ticket",1,"[PREMIUM]","[PREMIUM]","[PREMIUM]","[PREMIUM]",false,false,"['Limited or Obstructed View (printed on ticket)','Front Row of Section']","2026-07-21 05:13:49"
"13416374193","2026-07-21 23:43:22.808","2026-07-21 23:43:22.808","13416374193","159262905","[PREMIUM]","[PREMIUM]","216","1","12_12","12","12",1,"[1]",3418,"Terrace Club",20,"Mobile ticket",1,"[PREMIUM]","[PREMIUM]","[PREMIUM]","[PREMIUM]",false,false,"['Limited or Obstructed View (printed on ticket)','Front Row of Section']","2026-07-21 05:39:25"
"13416508861","2026-07-21 23:43:22.808","2026-07-21 23:43:22.808","13416508861","159262905","[PREMIUM]","[PREMIUM]","247","1","1_1","1","1",1,"[1]",3418,"Terrace Club",20,"Mobile ticket",1,"[PREMIUM]","[PREMIUM]","[PREMIUM]","[PREMIUM]",false,false,"['Limited or Obstructed View (printed on ticket)','Front Row of Section']","2026-07-21 05:58:49"
"13417171999","2026-07-21 23:43:22.796","2026-07-21 23:43:22.796","13417171999","159262905","[PREMIUM]","[PREMIUM]","249","1","1_1","1","1",1,"[1]",3418,"Terrace Club",20,"Mobile ticket",1,"[PREMIUM]","[PREMIUM]","[PREMIUM]","[PREMIUM]",false,false,"['Limited or Obstructed View (printed on ticket)','Front Row of Section']","2026-07-21 07:46:20"
"13417498592","2026-07-21 23:43:22.796","2026-07-21 23:43:22.796","13417498592","159262905","[PREMIUM]","[PREMIUM]","248","1","1_1","1","1",1,"[1]",3418,"Terrace Club",20,"Mobile ticket",1,"[PREMIUM]","[PREMIUM]","[PREMIUM]","[PREMIUM]",false,false,"['Limited or Obstructed View (printed on ticket)','Front Row of Section']","2026-07-21 08:41:23"
"13418186115","2026-07-21 23:43:22.796","2026-07-21 23:43:22.796","13418186115","159262905","[PREMIUM]","[PREMIUM]","247","2","1_1","1","1",1,"[1]",3418,"Terrace Club",20,"Mobile ticket",1,"[PREMIUM]","[PREMIUM]","[PREMIUM]","[PREMIUM]",false,false,"['Limited or Obstructed View (printed on ticket)','Second Row of Section']","2026-07-21 10:37:44"
"13422223433","2026-07-21 23:43:22.273","2026-07-21 23:43:22.273","13422223433","159257705","[PREMIUM]","[PREMIUM]","129LG","K","9001_9004","9001","9004",4,"[4]",3917,"Loge Box MVP",20,"Mobile ticket",13,"[PREMIUM]","[PREMIUM]","[PREMIUM]","[PREMIUM]",true,false,"['Clear view']","2026-07-21 17:12:56"
"13415774862","2026-07-21 23:43:20.233","2026-08-02 22:25:59.916","13415774862","159263019","[PREMIUM]","[PREMIUM]","226","C","22_25","22","25",4,"[1,2,4]",3860,"Terrace All-Star",20,"Mobile ticket",1,"[PREMIUM]","[PREMIUM]","[PREMIUM]","[PREMIUM]",true,false,"['Clear view']","2026-07-21 04:34:43"
"13398702123","2026-07-21 23:43:20.221","2026-07-31 22:25:00.494","13398702123","159263019","[PREMIUM]","[PREMIUM]","238","C","22_25","22","25",4,"[1,2,4]",3854,"Right Field Hall of Fame",20,"Mobile ticket",1,"[PREMIUM]","[PREMIUM]","[PREMIUM]","[PREMIUM]",true,false,"['Third Row of Section','Clear view']","2026-07-19 17:33:36"
"13421391555","2026-07-21 23:43:19.771","2026-07-21 23:43:19.771","13421391555","159257705","[PREMIUM]","[PREMIUM]","113LG","J","9001_9003","9001","9003",3,"[3]",3917,"Loge Box MVP",20,"Mobile ticket",13,"[PREMIUM]","[PREMIUM]","[PREMIUM]","[PREMIUM]",true,false,"['Clear view']","2026-07-21 16:11:29"
"13420137501","2026-07-21 23:43:13.031","2026-07-21 23:43:13.031","13420137501","159257705","[PREMIUM]","[PREMIUM]","23RS","A","9001_9002","9001","9002",2,"[2]",3631,"Infield Reserve",20,"Mobile ticket",13,"[PREMIUM]","[PREMIUM]","[PREMIUM]","[PREMIUM]",true,false,"['Front Row of Section','Clear view']","2026-07-21 14:20:02"
"13419914372","2026-07-21 23:43:11.325","2026-07-21 23:43:11.325","13419914372","159257705","[PREMIUM]","[PREMIUM]","316PR","N","9001_9002","9001","9002",2,"[2]",3590,"Right Field Pavilion",20,"Mobile ticket",13,"[PREMIUM]","[PREMIUM]","[PREMIUM]","[PREMIUM]",true,false,"['Clear view']","2026-07-21 14:02:11"
"13420283729","2026-07-21 23:43:11.120","2026-07-25 22:26:30.442","13420283729","159263019","[PREMIUM]","[PREMIUM]","239","C","9_12","9","12",4,"[1,2,4]",3854,"Right Field Hall of Fame",20,"Mobile ticket",1,"[PREMIUM]","[PREMIUM]","[PREMIUM]","[PREMIUM]",true,false,"['Third Row of Section','Clear view']","2026-07-21 14:35:19"
"13415774811","2026-07-21 23:43:11.081","2026-07-23 00:50:29.822","13415774811","159263019","[PREMIUM]","[PREMIUM]","259","K","3_10","3","10",8,"[1,2,3,4,5,6,8]",3584,"Left Field Pavilion",20,"Mobile ticket",1,"[PREMIUM]","[PREMIUM]","[PREMIUM]","[PREMIUM]",true,false,"['Clear view']","2026-07-21 04:34:42"
"13389433682","2026-07-21 23:43:10.824","2026-07-23 00:50:29.953","13389433682","159263019","[PREMIUM]","[PREMIUM]","410","B","18_19","18","19",2,"[2]",3858,"Lower View All-Star",20,"Mobile ticket",1,"[PREMIUM]","[PREMIUM]","[PREMIUM]","[PREMIUM]",true,false,"['Second Row of Section','Clear view']","2026-07-18 06:32:57"
"13292626618","2026-07-21 23:43:10.549","2026-07-27 22:27:46.054","13292626618","159263018","[PREMIUM]","[PREMIUM]","108","B","_",,,2,"[2]",3847,"Field All-Star",20,"Mobile ticket",1,"[PREMIUM]","[PREMIUM]","[PREMIUM]","[PREMIUM]",true,false,"['Second Row of Section','Clear view']","2026-07-09 00:41:13"
"13419677429","2026-07-21 23:43:10.344","2026-07-21 23:43:10.344","13419677429","159263018","[PREMIUM]","[PREMIUM]","331","A","9001_9004","9001","9004",4,"[4]",21435,"Club MVP Front Row",20,"Mobile ticket",13,"[PREMIUM]","[PREMIUM]","[PREMIUM]","[PREMIUM]",true,false,"['Front Row of Section','Clear view']","2026-07-21 13:38:52"
"13415774868","2026-07-21 23:43:09.949","2026-07-21 23:43:09.949","13415774868","159263019","[PREMIUM]","[PREMIUM]","245","D","21_24","21","24",4,"[1,2,4]",3590,"Right Field Pavilion",20,"Mobile ticket",1,"[PREMIUM]","[PREMIUM]","[PREMIUM]","[PREMIUM]",true,false,"['Clear view']","2026-07-21 04:34:43"
"13422642080","2026-07-21 23:43:09.949","2026-08-03 22:27:47.255","13422642080","159263019","[PREMIUM]","[PREMIUM]","529","A","9996_9999","9996","9999",4,"[2,4]",3863,"View All-Star",20,"Mobile ticket",1,"[PREMIUM]","[PREMIUM]","[PREMIUM]","[PREMIUM]",true,false,"['Front Row of Section','Clear view']","2026-07-21 17:43:37"
"13417843856","2026-07-21 23:43:09.728","2026-07-27 01:12:59.289","13417843856","159263019","[PREMIUM]","[PREMIUM]","247","A","14_14","14","14",1,"[1]",3590,"Right Field Pavilion",20,"Mobile ticket",1,"[PREMIUM]","[PREMIUM]","[PREMIUM]","[PREMIUM]",false,false,"['Front Row of Section','Clear view']","2026-07-21 09:34:47"
"13380807718","2026-07-21 23:43:09.206","2026-07-23 00:50:42.709","13380807718","159262905","[PREMIUM]","[PREMIUM]","334","9","_",,,2,"[2]",407,"Upper",20,"Mobile ticket",1,"[PREMIUM]","[PREMIUM]","[PREMIUM]","[PREMIUM]",true,false,"['Limited or Obstructed View (printed on ticket)']","2026-07-17 06:12:40"
"13414742784","2026-07-21 23:43:08.311","2026-08-03 22:27:51.951","13414742784","159257704","[PREMIUM]","[PREMIUM]","24FD","J","_",,,4,"[2,4]",3892,"Field Box MVP",20,"Mobile ticket",1,"[PREMIUM]","[PREMIUM]","[PREMIUM]","[PREMIUM]",true,false,"['Clear view']","2026-07-21 02:39:43"
"13419228284","2026-07-21 23:43:08.122","2026-07-31 22:25:06.565","13419228284","159257705","[PREMIUM]","[PREMIUM]","35RS","A","15_17","15","17",3,"[1,3]",3631,"Infield Reserve",20,"Mobile ticket",1,"[PREMIUM]","[PREMIUM]","[PREMIUM]","[PREMIUM]",true,false,"['Front Row of Section','Clear view']","2026-07-21 12:51:08"
"13402747827","2026-07-21 23:43:07.456","2026-07-21 23:43:07.456","13402747827","159263018","[PREMIUM]","[PREMIUM]","210","A","5_8","5","8",4,"[1,2,4]",3861,"Terrace MVP",20,"Mobile ticket",1,"[PREMIUM]","[PREMIUM]","[PREMIUM]","[PREMIUM]",true,false,"['Second Row of Section','Clear view']","2026-07-20 09:17:26"
"13416058266","2026-07-21 23:43:07.350","2026-08-03 22:28:06.774","13416058266","159257705","[PREMIUM]","[PREMIUM]","159LG","E","3_4","3","4",2,"[2]",3927,"Preferred Loge Box Value",20,"Mobile ticket",1,"[PREMIUM]","[PREMIUM]","[PREMIUM]","[PREMIUM]",true,false,"['Clear view']","2026-07-21 05:04:03"
"13423975694","2026-07-21 23:43:06.647","2026-08-03 22:27:49.423","13423975694","159257704","[PREMIUM]","[PREMIUM]","3FD","W","8_9","8","9",2,"[2]",3892,"Field Box MVP",20,"Mobile ticket",1,"[PREMIUM]","[PREMIUM]","[PREMIUM]","[PREMIUM]",true,false,"['Clear view']","2026-07-21 19:53:28"
"13425704690","2026-07-21 23:43:06.403","2026-07-21 23:43:06.403","13425704690","159257705","[PREMIUM]","[PREMIUM]","6RS","O","5_12","5","12",8,"[1,2,3,4,5,6,8]",3894,"Reserve MVP",20,"Mobile ticket",1,"[PREMIUM]","[PREMIUM]","[PREMIUM]","[PREMIUM]",true,false,"['Clear view']","2026-07-21 23:34:39"
"13385879619","2026-07-21 23:42:47.992","2026-07-27 22:27:54.347","13385879619","159257705","[PREMIUM]","[PREMIUM]","13RS","JJ","99_100","99","100",2,"[2]",3631,"Infield Reserve",20,"Mobile ticket",1,"[PREMIUM]","[PREMIUM]","[PREMIUM]","[PREMIUM]",true,false,"['Clear view']","2026-07-17 20:10:56"
"13425702102","2026-07-21 23:42:47.992","2026-07-21 23:42:47.992","13425702102","159257705","[PREMIUM]","[PREMIUM]","303PL","T","9_16","9","16",8,"[1,2,3,4,5,6,8]",3584,"Left Field Pavilion",20,"Mobile ticket",1,"[PREMIUM]","[PREMIUM]","[PREMIUM]","[PREMIUM]",true,false,"['Clear view']","2026-07-21 23:34:20"
"13414174557","2026-07-21 23:42:47.553","2026-07-21 23:42:47.553","13414174557","159257705","[PREMIUM]","[PREMIUM]","17RS","AA","14_15","14","15",2,"[2]",3631,"Infield Reserve",20,"Mobile ticket",1,"[PREMIUM]","[PREMIUM]","[PREMIUM]","[PREMIUM]",true,false,"['Front Row of Section','Clear view']","2026-07-21 01:53:09"
"13424212934","2026-07-21 23:42:45.947","2026-07-21 23:42:45.947","13424212934","159257704","[PREMIUM]","[PREMIUM]","37FD","D","9001_9002","9001","9002",2,"[2]",3875,"Infield Box Value",20,"Mobile ticket",13,"[PREMIUM]","[PREMIUM]","[PREMIUM]","[PREMIUM]",true,false,"['Clear view']","2026-07-21 20:18:22"
"13416578656","2026-07-21 23:42:45.077","2026-08-03 22:27:45.121","13416578656","159257704","[PREMIUM]","[PREMIUM]","112LG","H","5_6","5","6",2,"[2]",3917,"Loge Box MVP",20,"Mobile ticket",1,"[PREMIUM]","[PREMIUM]","[PREMIUM]","[PREMIUM]",true,false,"['Clear view']","2026-07-21 06:09:17"
"13419517650","2026-07-21 23:42:32.041","2026-07-21 23:42:32.041","13419517650","159263018","[PREMIUM]","[PREMIUM]","534","A","9001_9004","9001","9004",4,"[4]",3862,"Upper View",20,"Mobile ticket",13,"[PREMIUM]","[PREMIUM]","[PREMIUM]","[PREMIUM]",true,false,"['Front Row of Section','Clear view']","2026-07-21 13:22:13"
"13422496378","2026-07-21 23:42:32.041","2026-07-25 22:26:32.167","13422496378","159263018","[PREMIUM]","[PREMIUM]","413","A","1_18","1","18",18,"[1,2,3,4,5,6,7,8,9,10,11,12,13,14,15,16,18]",21438,"Lower View MVP Front Row",20,"Mobile ticket",1,"[PREMIUM]","[PREMIUM]","[PREMIUM]","[PREMIUM]",true,false,"['Actual 1st row of the section','Clear view']","2026-07-21 17:32:14"
"13417506375","2026-07-21 23:42:31.114","2026-08-03 22:28:05.223","13417506375","159257705","[PREMIUM]","[PREMIUM]","20RS","K","3_8","3","8",6,"[1,2,3,4,6]",3894,"Reserve MVP",20,"Mobile ticket",1,"[PREMIUM]","[PREMIUM]","[PREMIUM]","[PREMIUM]",true,false,"['Clear view']","2026-07-21 08:42:46"
"13425241973","2026-07-21 23:42:30.159","2026-08-03 22:27:40.286","13425241973","159263017","[PREMIUM]","[PREMIUM]","120","D","1_5","1","5",5,"[1,2,3,5]",17235,"Lexus Diamond Club Hall of Fame",20,"Mobile ticket",1,"[PREMIUM]","[PREMIUM]","[PREMIUM]","[PREMIUM]",true,false,"['VIP Club Access w/ private entrance & restrooms','In-Seat Wait Service','Actual 2nd row of section','Clear view']","2026-07-21 22:26:11"
"13390208629","2026-07-21 23:42:27.258","2026-07-21 23:42:27.258","13390208629","159263018","[PREMIUM]","[PREMIUM]","257","A","1_4","1","4",4,"[1,2,4]",3584,"Left Field Pavilion",20,"Mobile ticket",1,"[PREMIUM]","[PREMIUM]","[PREMIUM]","[PREMIUM]",true,false,"['Second Row of Section','Clear view']","2026-07-18 11:32:49"
"13292686629","2026-07-21 23:42:17.738","2026-08-03 22:27:29.827","13292686629","159263017","[PREMIUM]","[PREMIUM]","108","B","_",,,2,"[2]",3847,"Field All-Star",20,"Mobile ticket",1,"[PREMIUM]","[PREMIUM]","[PREMIUM]","[PREMIUM]",true,false,"['Second Row of Section','Clear view']","2026-07-09 00:45:36"
"13400564360","2026-07-21 23:42:17.520","2026-08-01 22:24:43.740","13400564360","159263018","[PREMIUM]","[PREMIUM]","350","BB","4_5","4","5",2,"[2]",21443,"Brewery X",20,"Mobile ticket",1,"[PREMIUM]","[PREMIUM]","[PREMIUM]","[PREMIUM]",true,false,"['Second Row of Section','Clear view']","2026-07-19 22:58:18"
"13418096223","2026-07-21 23:42:17.520","2026-07-21 23:42:17.520","13418096223","159263018","[PREMIUM]","[PREMIUM]","103","D","1_4","1","4",4,"[1,2,4]",3361,"Field Box",20,"Mobile ticket",1,"[PREMIUM]","[PREMIUM]","[PREMIUM]","[PREMIUM]",true,false,"['Clear view']","2026-07-21 10:18:18"
"13424480093","2026-07-21 23:42:17.378","2026-08-03 22:27:31.639","13424480093","159263017","[PREMIUM]","[PREMIUM]","124","K","11_16","11","16",6,"[1,2,3,4,6]",1754,"Field MVP",20,"Mobile ticket",1,"[PREMIUM]","[PREMIUM]","[PREMIUM]","[PREMIUM]",true,false,"['Clear view']","2026-07-21 20:51:27"
"13416185427","2026-07-21 23:42:17.360","2026-07-23 22:33:17.599","13416185427","159263018","[PREMIUM]","[PREMIUM]","203","A","1_6","1","6",6,"[1,2,3,4,6]",3540,"Terrace Box",20,"Mobile ticket",1,"[PREMIUM]","[PREMIUM]","[PREMIUM]","[PREMIUM]",true,false,"['Second Row of Section','Clear view']","2026-07-21 05:18:20"
"13418096202","2026-07-21 23:42:17.334","2026-07-23 00:50:27.475","13418096202","159263018","[PREMIUM]","[PREMIUM]","104","B","4_9","4","9",6,"[1,2,3,4,6]",3361,"Field Box",20,"Mobile ticket",1,"[PREMIUM]","[PREMIUM]","[PREMIUM]","[PREMIUM]",true,false,"['Second Row of Section','Clear view']","2026-07-21 10:18:17"
"13420283961","2026-07-21 23:42:16.310","2026-07-23 00:50:22.911","13420283961","159263019","[PREMIUM]","[PREMIUM]","504","C","1_4","1","4",4,"[1,2,4]",3862,"Upper View",20,"Mobile ticket",1,"[PREMIUM]","[PREMIUM]","[PREMIUM]","[PREMIUM]",true,false,"['Third Row of Section','Clear view']","2026-07-21 14:35:20"
"13424216175","2026-07-21 23:42:15.290","2026-07-31 22:25:00.017","13424216175","159263018","[PREMIUM]","[PREMIUM]","513","A","15_16","15","16",2,"[2]",3864,"View MVP",20,"Mobile ticket",1,"[PREMIUM]","[PREMIUM]","[PREMIUM]","[PREMIUM]",true,false,"['Front Row of Section','Clear view']","2026-07-21 20:19:04"
"13416185386","2026-07-21 23:41:42.741","2026-07-25 22:26:29.585","13416185386","159263018","[PREMIUM]","[PREMIUM]","346","A","12_13","12","13",2,"[2]",21434,"Club Loge Front Row",20,"Mobile ticket",1,"[PREMIUM]","[PREMIUM]","[PREMIUM]","[PREMIUM]",true,false,"['Front Row of Section','Clear view']","2026-07-21 05:18:20"
"13425117411","2026-07-21 23:41:42.568","2026-07-30 23:59:54.794","13425117411","159257704","[PREMIUM]","[PREMIUM]","46FD","J","7_9","7","9",3,"[1,3]",3888,"Preferred Field Value",20,"Mobile ticket",1,"[PREMIUM]","[PREMIUM]","[PREMIUM]","[PREMIUM]",true,false,"['Clear view']","2026-07-21 22:04:01"
"13406565978","2026-07-21 23:41:37.729","2026-07-23 22:33:15.086","13406565978","159263018","[PREMIUM]","[PREMIUM]","204","F","9_16","9","16",8,"[1,2,3,4,5,6,8]",3540,"Terrace Box",20,"Mobile ticket",1,"[PREMIUM]","[PREMIUM]","[PREMIUM]","[PREMIUM]",true,false,"['Clear view']","2026-07-20 14:17:38"
"13421892373","2026-07-21 23:41:16.566","2026-07-25 22:26:21.537","13421892373","159263015","[PREMIUM]","[PREMIUM]","213","A","9_11","9","11",3,"[1,3]",3861,"Terrace MVP",20,"Mobile ticket",1,"[PREMIUM]","[PREMIUM]","[PREMIUM]","[PREMIUM]",true,false,"['Front Row of Section','Clear view']","2026-07-21 16:51:41"
"13423687040","2026-07-21 23:41:16.566","2026-08-03 22:27:22.041","13423687040","159263015","[PREMIUM]","[PREMIUM]","122","L","1_4","1","4",4,"[2,4]",17236,"Lexus Diamond Club",20,"Mobile ticket",1,"[PREMIUM]","[PREMIUM]","[PREMIUM]","[PREMIUM]",true,false,"['Clear view']","2026-07-21 19:21:21"
"13420735897","2026-07-21 23:41:16.315","2026-07-21 23:41:16.315","13420735897","159263015","[PREMIUM]","[PREMIUM]","108","B","9001_9002","9001","9002",2,"[2]",3847,"Field All-Star",20,"Mobile ticket",13,"[PREMIUM]","[PREMIUM]","[PREMIUM]","[PREMIUM]",true,false,"['Second Row of Section','Clear view']","2026-07-21 15:12:49"
"13415138844","2026-07-21 23:41:15.964","2026-07-23 22:32:44.325","13415138844","159257704","[PREMIUM]","[PREMIUM]","154LG","M","_",,,2,"[2]",3924,"Preferred Loge Box",20,"Mobile ticket",1,"[PREMIUM]","[PREMIUM]","[PREMIUM]","[PREMIUM]",true,false,"['Clear view']","2026-07-21 03:26:28"
"13422642102","2026-07-21 23:41:10.832","2026-08-03 22:27:33.944","13422642102","159263018","[PREMIUM]","[PREMIUM]","529","A","9996_9999","9996","9999",4,"[2,4]",3863,"View All-Star",20,"Mobile ticket",1,"[PREMIUM]","[PREMIUM]","[PREMIUM]","[PREMIUM]",true,false,"['Front Row of Section','Clear view']","2026-07-21 17:43:37"
"13419209675","2026-07-21 23:41:10.565","2026-07-23 00:50:24.662","13419209675","159263017","[PREMIUM]","[PREMIUM]","203","A","1_2","1","2",2,"[2]",3540,"Terrace Box",20,"Mobile ticket",1,"[PREMIUM]","[PREMIUM]","[PREMIUM]","[PREMIUM]",true,false,"['Second Row of Section','Clear view']","2026-07-21 12:47:58"
"13347666100","2026-07-21 23:41:10.512","2026-07-21 23:41:10.512","13347666100","159263018","[PREMIUM]","[PREMIUM]","410","D","18_19","18","19",2,"[2]",3858,"Lower View All-Star",20,"Mobile ticket",1,"[PREMIUM]","[PREMIUM]","[PREMIUM]","[PREMIUM]",true,false,"['Clear view']","2026-07-14 08:37:26"
"13413425644","2026-07-21 23:41:10.399","2026-07-23 22:33:14.734","13413425644","159263018","[PREMIUM]","[PREMIUM]","511","H","24_25","24","25",2,"[2]",3863,"View All-Star",20,"Mobile ticket",1,"[PREMIUM]","[PREMIUM]","[PREMIUM]","[PREMIUM]",true,false,"['Clear view']","2026-07-21 00:18:36"
"13418096215","2026-07-21 23:41:09.479","2026-08-03 22:27:36.941","13418096215","159263018","[PREMIUM]","[PREMIUM]","517","A","12_16","12","16",5,"[1,2,3,5]",3864,"View MVP",20,"Mobile ticket",1,"[PREMIUM]","[PREMIUM]","[PREMIUM]","[PREMIUM]",true,false,"['Front Row of Section','Clear view']","2026-07-21 10:18:18"
"13413425899","2026-07-21 23:41:09.434","2026-07-21 23:41:09.434","13413425899","159263018","[PREMIUM]","[PREMIUM]","243","B","1_3","1","3",3,"[1,3]",3590,"Right Field Pavilion",20,"Mobile ticket",1,"[PREMIUM]","[PREMIUM]","[PREMIUM]","[PREMIUM]",true,false,"['Second Row of Section','Clear view']","2026-07-21 00:18:42"
"13420806391","2026-07-21 23:41:09.434","2026-07-23 00:50:15.659","13420806391","159263018","[PREMIUM]","[PREMIUM]","512","D","9_14","9","14",6,"[1,2,3,4,6]",3863,"View All-Star",20,"Mobile ticket",1,"[PREMIUM]","[PREMIUM]","[PREMIUM]","[PREMIUM]",true,false,"['Clear view']","2026-07-21 15:18:39"
"13423687034","2026-07-21 23:40:50.643","2026-08-03 22:27:26.460","13423687034","159263016","[PREMIUM]","[PREMIUM]","122","L","1_4","1","4",4,"[2,4]",17236,"Lexus Diamond Club",20,"Mobile ticket",1,"[PREMIUM]","[PREMIUM]","[PREMIUM]","[PREMIUM]",true,false,"['Clear view']","2026-07-21 19:21:21"
"13415339733","2026-07-21 23:40:41.734","2026-08-03 22:27:25.221","13415339733","159257704","[PREMIUM]","[PREMIUM]","166LG","O","5_8","5","8",4,"[1,2,4]",3927,"Preferred Loge Box Value",20,"Mobile ticket",1,"[PREMIUM]","[PREMIUM]","[PREMIUM]","[PREMIUM]",true,false,"['Clear view']","2026-07-21 03:46:03"
"13420732644","2026-07-21 23:40:37.080","2026-07-21 23:40:37.080","13420732644","159263016","[PREMIUM]","[PREMIUM]","117","E","9001_9004","9001","9004",4,"[4]",17235,"Lexus Diamond Club Hall of Fame",20,"Mobile ticket",13,"[PREMIUM]","[PREMIUM]","[PREMIUM]","[PREMIUM]",true,false,"['Third Row of Section','Clear view']","2026-07-21 15:12:38"
"13421393761","2026-07-21 23:40:37.080","2026-07-21 23:40:37.080","13421393761","159263016","[PREMIUM]","[PREMIUM]","125","D","9001_9002","9001","9002",2,"[2]",3851,"Field Hall of Fame",20,"Mobile ticket",13,"[PREMIUM]","[PREMIUM]","[PREMIUM]","[PREMIUM]",true,false,"['Second Row of Section','Clear view']","2026-07-21 16:11:41"
"13417176833","2026-07-21 23:40:16.869","2026-08-03 22:27:22.986","13417176833","159263017","[PREMIUM]","[PREMIUM]","517","A","12_16","12","16",5,"[1,2,3,5]",3864,"View MVP",20,"Mobile ticket",1,"[PREMIUM]","[PREMIUM]","[PREMIUM]","[PREMIUM]",true,false,"['Front Row of Section','Clear view']","2026-07-21 07:47:49"
"13223732452","2026-07-21 23:40:10.511","2026-07-21 23:40:10.511","13223732452","159263016","[PREMIUM]","[PREMIUM]","112","D","_",,,4,"[4]",3851,"Field Hall of Fame",20,"Mobile ticket",1,"[PREMIUM]","[PREMIUM]","[PREMIUM]","[PREMIUM]",true,false,"['Second Row of Section','Clear view']","2026-07-03 00:27:14"
"12548789831","2026-07-21 23:40:10.442","2026-08-03 22:27:21.528","12548789831","159263017","[PREMIUM]","[PREMIUM]","345","A","9_12","9","12",4,"[1,2,4]",21434,"Club Loge Front Row",20,"Mobile ticket",1,"[PREMIUM]","[PREMIUM]","[PREMIUM]","[PREMIUM]",true,false,"['Front Row of Section','Clear view']","2026-05-01 21:28:07"
"13414762425","2026-07-21 23:40:02.043","2026-07-23 00:50:17.216","13414762425","159263017","[PREMIUM]","[PREMIUM]","205","H","1_2","1","2",2,"[2]",3540,"Terrace Box",20,"Mobile ticket",1,"[PREMIUM]","[PREMIUM]","[PREMIUM]","[PREMIUM]",true,false,"['Clear view']","2026-07-21 02:42:38"
"13403954305","2026-07-21 23:40:01.274","2026-07-25 22:26:17.238","13403954305","159263015","[PREMIUM]","[PREMIUM]","519","B","10_17","10","17",8,"[1,2,3,4,5,6,8]",3864,"View MVP",20,"Mobile ticket",1,"[PREMIUM]","[PREMIUM]","[PREMIUM]","[PREMIUM]",true,false,"['Second Row of Section','Clear view']","2026-07-20 10:50:59"
"13420738834","2026-07-21 23:40:01.007","2026-07-21 23:40:01.007","13420738834","159263015","[PREMIUM]","[PREMIUM]","515","A","9001_9004","9001","9004",4,"[4]",3864,"View MVP",20,"Mobile ticket",13,"[PREMIUM]","[PREMIUM]","[PREMIUM]","[PREMIUM]",true,false,"['Front Row of Section','Clear view']","2026-07-21 15:12:57"
"13419867266","2026-07-21 23:40:00.971","2026-07-21 23:40:00.971","13419867266","159263016","[PREMIUM]","[PREMIUM]","108","B","9001_9002","9001","9002",2,"[2]",3847,"Field All-Star",20,"Mobile ticket",13,"[PREMIUM]","[PREMIUM]","[PREMIUM]","[PREMIUM]",true,false,"['Second Row of Section','Clear view']","2026-07-21 13:56:31"
"13414788185","2026-07-21 23:39:55.449","2026-07-23 22:33:16.387","13414788185","159263017","[PREMIUM]","[PREMIUM]","203","C","1_2","1","2",2,"[2]",3540,"Terrace Box",20,"Mobile ticket",1,"[PREMIUM]","[PREMIUM]","[PREMIUM]","[PREMIUM]",true,false,"['Clear view']","2026-07-21 02:46:38"
"13417176628","2026-07-21 23:39:51.125","2026-07-23 00:50:16.672","13417176628","159263017","[PREMIUM]","[PREMIUM]","346","C","1_4","1","4",4,"[1,2,4]",3865,"Club Loge",20,"Mobile ticket",1,"[PREMIUM]","[PREMIUM]","[PREMIUM]","[PREMIUM]",true,false,"['Third Row of Section','Clear view']","2026-07-21 07:47:48"
"13416853232","2026-07-21 23:39:50.469","2026-07-31 22:24:51.125","13416853232","159263015","[PREMIUM]","[PREMIUM]","521","B","5_6","5","6",2,"[2]",3864,"View MVP",20,"Mobile ticket",1,"[PREMIUM]","[PREMIUM]","[PREMIUM]","[PREMIUM]",true,false,"['Second Row of Section','Clear view']","2026-07-21 06:51:18"
"13348468718","2026-07-21 23:39:50.453","2026-07-31 00:03:17.848","13348468718","159263017","[PREMIUM]","[PREMIUM]","430","G","1_2","1","2",2,"[2]",3857,"Lower View Box",20,"Mobile ticket",1,"[PREMIUM]","[PREMIUM]","[PREMIUM]","[PREMIUM]",true,false,"['Clear view']","2026-07-14 13:28:47"
"13422642560","2026-07-21 23:39:50.436","2026-08-03 22:27:18.005","13422642560","159263017","[PREMIUM]","[PREMIUM]","529","A","9998_9999","9998","9999",2,"[2]",3863,"View All-Star",20,"Mobile ticket",1,"[PREMIUM]","[PREMIUM]","[PREMIUM]","[PREMIUM]",true,false,"['Front Row of Section','Clear view']","2026-07-21 17:43:38"
"13379262199","2026-07-21 23:39:46.201","2026-07-27 22:27:04.990","13379262199","159263015","[PREMIUM]","[PREMIUM]","519","E","5_8","5","8",4,"[1,2,4]",3864,"View MVP",20,"Mobile ticket",1,"[PREMIUM]","[PREMIUM]","[PREMIUM]","[PREMIUM]",true,false,"['Clear view']","2026-07-17 02:48:56"
"13414797846","2026-07-21 23:39:43.611","2026-07-23 22:33:08.316","13414797846","159263017","[PREMIUM]","[PREMIUM]","248","B","7_10","7","10",4,"[1,2,4]",3590,"Right Field Pavilion",20,"Mobile ticket",1,"[PREMIUM]","[PREMIUM]","[PREMIUM]","[PREMIUM]",true,false,"['Second Row of Section','Clear view']","2026-07-21 02:47:42"
"13414797682","2026-07-21 23:39:42.803","2026-07-28 22:28:31.367","13414797682","159263017","[PREMIUM]","[PREMIUM]","512","D","9_14","9","14",6,"[1,2,3,4,6]",3863,"View All-Star",20,"Mobile ticket",1,"[PREMIUM]","[PREMIUM]","[PREMIUM]","[PREMIUM]",true,false,"['Clear view']","2026-07-21 02:47:40"
"13419864812","2026-07-21 23:39:42.522","2026-07-21 23:39:42.522","13419864812","159263016","[PREMIUM]","[PREMIUM]","520","A","9001_9002","9001","9002",2,"[2]",3864,"View MVP",20,"Mobile ticket",13,"[PREMIUM]","[PREMIUM]","[PREMIUM]","[PREMIUM]",true,false,"['Front Row of Section','Clear view']","2026-07-21 13:56:15"
"13396334006","2026-07-21 23:39:42.430","2026-07-21 23:39:42.430","13396334006","159257704","[PREMIUM]","[PREMIUM]","37RS","BB","18_22","18","22",5,"[1,2,3,5]",3631,"Infield Reserve",20,"Mobile ticket",1,"[PREMIUM]","[PREMIUM]","[PREMIUM]","[PREMIUM]",true,false,"['Second Row of Section','Clear view']","2026-07-19 11:09:08"
"13403104343","2026-07-21 23:39:42.430","2026-07-28 22:28:36.730","13403104343","159257704","[PREMIUM]","[PREMIUM]","29RS","EE","11_18","11","18",8,"[1,2,3,4,5,6,8]",3631,"Infield Reserve",20,"Mobile ticket",1,"[PREMIUM]","[PREMIUM]","[PREMIUM]","[PREMIUM]",true,false,"['Clear view']","2026-07-20 09:56:24"
"13389782183","2026-07-21 23:39:34.294","2026-07-23 22:33:05.299","13389782183","159263015","[PREMIUM]","[PREMIUM]","530","B","18_25","18","25",8,"[1,2,3,4,5,6,8]",3863,"View All-Star",20,"Mobile ticket",1,"[PREMIUM]","[PREMIUM]","[PREMIUM]","[PREMIUM]",true,false,"['Second Row of Section','Clear view']","2026-07-18 08:49:33"
"13421080087","2026-07-21 23:39:34.289","2026-07-21 23:39:34.289","13421080087","159263016","[PREMIUM]","[PREMIUM]","314","C","5_8","5","8",4,"[1,2,4]",3841,"Club All-Star",20,"Mobile ticket",1,"[PREMIUM]","[PREMIUM]","[PREMIUM]","[PREMIUM]",true,false,"['Third Row of Section','Clear view']","2026-07-21 15:44:10"
"13425037673","2026-07-21 23:39:34.287","2026-07-27 01:12:47.849","13425037673","159263015","[PREMIUM]","[PREMIUM]","520","F","1_2","1","2",2,"[2]",3864,"View MVP",20,"Mobile ticket",1,"[PREMIUM]","[PREMIUM]","[PREMIUM]","[PREMIUM]",true,false,"['Clear view']","2026-07-21 21:51:52"
"13368240795","2026-07-21 23:39:24.420","2026-07-21 23:39:24.420","13368240795","159263018","[PREMIUM]","[PREMIUM]","534","M","1_4","1","4",4,"[1,2,4]",3862,"Upper View",20,"Mobile ticket",1,"[PREMIUM]","[PREMIUM]","[PREMIUM]","[PREMIUM]",true,false,"['Clear view']","2026-07-16 05:38:34"
"13416853162","2026-07-21 23:39:20.717","2026-07-21 23:39:20.717","13416853162","159263015","[PREMIUM]","[PREMIUM]","258","K","15_19","15","19",5,"[1,2,3,5]",3584,"Left Field Pavilion",20,"Mobile ticket",1,"[PREMIUM]","[PREMIUM]","[PREMIUM]","[PREMIUM]",true,false,"['Clear view']","2026-07-21 06:51:18"
"13413508805","2026-07-21 23:39:08.728","2026-07-21 23:39:08.728","13413508805","159263016","[PREMIUM]","[PREMIUM]","204","E","17_20","17","20",4,"[1,2,4]",3540,"Terrace Box",20,"Mobile ticket",1,"[PREMIUM]","[PREMIUM]","[PREMIUM]","[PREMIUM]",true,false,"['Clear view']","2026-07-21 00:42:37"
"13413509416","2026-07-21 23:39:02.391","2026-07-31 22:24:50.205","13413509416","159263016","[PREMIUM]","[PREMIUM]","201","A","9_16","9","16",8,"[1,2,3,4,5,6,8]",3540,"Terrace Box",20,"Mobile ticket",1,"[PREMIUM]","[PREMIUM]","[PREMIUM]","[PREMIUM]",true,false,"['Second Row of Section','Clear view']","2026-07-21 00:42:39"
"13416394974","2026-07-21 23:39:02.391","2026-07-28 22:28:26.107","13416394974","159263016","[PREMIUM]","[PREMIUM]","528","A","5_6","5","6",2,"[2]",3864,"View MVP",20,"Mobile ticket",1,"[PREMIUM]","[PREMIUM]","[PREMIUM]","[PREMIUM]",true,false,"['Front Row of Section','Clear view']","2026-07-21 05:42:41"
"13423557279","2026-07-21 23:39:02.391","2026-07-23 00:50:22.845","13423557279","159263016","[PREMIUM]","[PREMIUM]","521","B","3_4","3","4",2,"[2]",3864,"View MVP",20,"Mobile ticket",1,"[PREMIUM]","[PREMIUM]","[PREMIUM]","[PREMIUM]",true,false,"['Second Row of Section','Clear view']","2026-07-21 19:03:27"
"13417968300","2026-07-21 23:39:01.217","2026-08-03 22:27:11.557","13417968300","159263015","[PREMIUM]","[PREMIUM]","405","A","13_14","13","14",2,"[2]",21437,"Lower View Box Front Row",20,"Mobile ticket",1,"[PREMIUM]","[PREMIUM]","[PREMIUM]","[PREMIUM]",true,false,"['Front Row of Section','Clear view']","2026-07-21 09:55:28"
"13146601201","2026-07-21 23:38:56.950","2026-07-28 22:28:30.265","13146601201","159263017","[PREMIUM]","[PREMIUM]","534","F","9_14","9","14",6,"[1,2,3,4,6]",3862,"Upper View",20,"Mobile ticket",1,"[PREMIUM]","[PREMIUM]","[PREMIUM]","[PREMIUM]",true,false,"['Clear view']","2026-06-25 21:17:41"
"13146935336","2026-07-21 23:38:56.950","2026-07-28 22:28:30.265","13146935336","159263017","[PREMIUM]","[PREMIUM]","534","G","9_11","9","11",3,"[1,3]",3862,"Upper View",20,"Mobile ticket",1,"[PREMIUM]","[PREMIUM]","[PREMIUM]","[PREMIUM]",true,false,"['Clear view']","2026-06-25 21:50:30"
"13423687029","2026-07-21 23:38:43.509","2026-08-03 22:27:18.545","13423687029","159263013","[PREMIUM]","[PREMIUM]","122","L","1_4","1","4",4,"[2,4]",17236,"Lexus Diamond Club",20,"Mobile ticket",1,"[PREMIUM]","[PREMIUM]","[PREMIUM]","[PREMIUM]",true,false,"['Clear view']","2026-07-21 19:21:21"
"13425394725","2026-07-21 23:38:37.112","2026-07-23 00:50:10.272","13425394725","159263014","[PREMIUM]","[PREMIUM]","127","B","_",,,2,"[2]",1754,"Field MVP",20,"Mobile ticket",1,"[PREMIUM]","[PREMIUM]","[PREMIUM]","[PREMIUM]",true,false,"['Third Row of Section','Clear view']","2026-07-21 22:52:15"
"13361037443","2026-07-21 23:38:36.975","2026-07-27 01:12:41.432","13361037443","159263016","[PREMIUM]","[PREMIUM]","532","A","7_14","7","14",8,"[1,2,3,4,5,6,8]",3863,"View All-Star",20,"Mobile ticket",1,"[PREMIUM]","[PREMIUM]","[PREMIUM]","[PREMIUM]",true,false,"['Front Row of Section','Clear view']","2026-07-15 14:16:43"
"13416394754","2026-07-21 23:38:36.975","2026-07-25 22:26:24.826","13416394754","159263016","[PREMIUM]","[PREMIUM]","513","B","17_18","17","18",2,"[2]",3864,"View MVP",20,"Mobile ticket",1,"[PREMIUM]","[PREMIUM]","[PREMIUM]","[PREMIUM]",true,false,"['Second Row of Section','Clear view']","2026-07-21 05:42:40"
"13422642083","2026-07-21 23:38:36.975","2026-08-03 22:27:17.019","13422642083","159263016","[PREMIUM]","[PREMIUM]","529","A","9996_9999","9996","9999",4,"[2,4]",3863,"View All-Star",20,"Mobile ticket",1,"[PREMIUM]","[PREMIUM]","[PREMIUM]","[PREMIUM]",true,false,"['Front Row of Section','Clear view']","2026-07-21 17:43:37"
"13415796365","2026-07-21 23:38:36.779","2026-08-03 22:27:16.914","13415796365","159263014","[PREMIUM]","[PREMIUM]","126","Z","1_3","1","3",3,"[1,3]",1754,"Field MVP",20,"Mobile ticket",1,"[PREMIUM]","[PREMIUM]","[PREMIUM]","[PREMIUM]",true,false,"['Clear view']","2026-07-21 04:37:14"
"13418235124","2026-07-21 23:38:34.856","2026-07-21 23:38:34.856","13418235124","159263016","[PREMIUM]","[PREMIUM]","305","B","1_5","1","5",5,"[1,2,3,5]",3865,"Club Loge",20,"Mobile ticket",1,"[PREMIUM]","[PREMIUM]","[PREMIUM]","[PREMIUM]",true,false,"['Second Row of Section','Clear view']","2026-07-21 10:43:12"
"13418235003","2026-07-21 23:38:33.642","2026-07-23 00:50:14.736","13418235003","159263016","[PREMIUM]","[PREMIUM]","236","L","10_13","10","13",4,"[1,2,4]",17048,"Right Field MVP",20,"Mobile ticket",1,"[PREMIUM]","[PREMIUM]","[PREMIUM]","[PREMIUM]",true,false,"['Clear view']","2026-07-21 10:43:11"
"13425312068","2026-07-21 23:38:29.915","2026-07-21 23:38:29.915","13425312068","159263014","[PREMIUM]","[PREMIUM]","107","B","9_14","9","14",6,"[1,2,3,4,6]",3847,"Field All-Star",20,"Mobile ticket",1,"[PREMIUM]","[PREMIUM]","[PREMIUM]","[PREMIUM]",true,false,"['Second Row of Section','Clear view']","2026-07-21 22:39:47"
"13413510030","2026-07-21 23:38:28.909","2026-07-21 23:38:28.909","13413510030","159263016","[PREMIUM]","[PREMIUM]","509","A","1_8","1","8",8,"[1,2,3,4,5,6,8]",3863,"View All-Star",20,"Mobile ticket",1,"[PREMIUM]","[PREMIUM]","[PREMIUM]","[PREMIUM]",true,false,"['Front Row of Section','Clear view']","2026-07-21 00:42:41"
"13413508820","2026-07-21 23:38:28.909","2026-07-23 00:50:13.137","13413508820","159263016","[PREMIUM]","[PREMIUM]","529","D","8_15","8","15",8,"[1,2,3,4,5,6,8]",3863,"View All-Star",20,"Mobile ticket",1,"[PREMIUM]","[PREMIUM]","[PREMIUM]","[PREMIUM]",true,false,"['Clear view']","2026-07-21 00:42:37"
"13344913190","2026-07-21 23:38:27.973","2026-07-28 22:28:26.179","13344913190","159263016","[PREMIUM]","[PREMIUM]","407","J","22_25","22","25",4,"[1,2,4]",3857,"Lower View Box",20,"Mobile ticket",1,"[PREMIUM]","[PREMIUM]","[PREMIUM]","[PREMIUM]",true,false,"['Clear view']","2026-07-13 18:55:55"
