"_primaryKey","_firstSeenAt","_lastSeenAt","listingId","eventId","price","faceValue","section","row","seat","seatFrom","seatTo","quantity","availableQuantities","ticketClass","ticketClassName","ticketTypeId","ticketTypeName","listingTypeId","starRating","dealScore","discount","seatQualityScore","isSeatedTogether","isSpeculativeRow","listingNotes","createdAt"
"14156123250","2026-09-23 23:59:54.250","2026-09-23 23:59:54.250","14156123250","160437153","[PREMIUM]","[PREMIUM]","404","1","9001_9002","9001",,2,"[2]",1771,"Terrace Level",10,"Mobile Transfer ticket",13,"[PREMIUM]","[PREMIUM]","[PREMIUM]","[PREMIUM]",true,false,"['Clear view']","2026-09-23 14:59:09"
"14148422862","2026-09-23 23:59:53.715","2026-10-06 05:15:47.773","14148422862","160437153","[PREMIUM]","[PREMIUM]","442","5","10_11","10","11",2,"[2]",1771,"Terrace Level",10,"Mobile Transfer ticket",1,"[PREMIUM]","[PREMIUM]","[PREMIUM]","[PREMIUM]",true,false,"['Clear view']","2026-09-23 00:54:10"
"12723221778","2026-09-23 23:59:47.499","2026-09-30 05:05:59.155","12723221778","160437158","[PREMIUM]","[PREMIUM]","402","3","10_21","10",,12,"[1,2,3,4,5,6,7,8,9,10,12]",1771,"Terrace Level",10,"Mobile Transfer ticket",14,"[PREMIUM]","[PREMIUM]","[PREMIUM]","[PREMIUM]",true,false,"['Clear view']","2026-05-17 20:17:45"
"12691251482","2026-09-23 23:59:44.554","2026-10-06 05:15:48.236","12691251482","160437153","[PREMIUM]","[PREMIUM]","441","5","_",,,4,"[2,4]",1771,"Terrace Level",10,"Mobile Transfer ticket",1,"[PREMIUM]","[PREMIUM]","[PREMIUM]","[PREMIUM]",true,false,"['Clear view']","2026-05-15 00:29:54"
"13317853453","2026-09-23 23:59:44.249","2026-10-05 05:24:56.066","13317853453","160436168","[PREMIUM]","[PREMIUM]","107","7","7_8","7","8",2,"[2]",11357,"100-Level",10,"Mobile Transfer ticket",1,"[PREMIUM]","[PREMIUM]","[PREMIUM]","[PREMIUM]",true,false,"['Clear view']","2026-07-10 18:32:25"
"13664311800","2026-09-23 23:59:42.565","2026-09-27 05:13:17.909","13664311800","160437150","[PREMIUM]","[PREMIUM]","106","8","9_10","9","10",2,"[2]",952,"Main Level",10,"Mobile Transfer ticket",1,"[PREMIUM]","[PREMIUM]","[PREMIUM]","[PREMIUM]",true,false,"['Clear view']","2026-08-13 20:37:38"
"14149427463","2026-09-23 23:59:41.754","2026-09-23 23:59:41.754","14149427463","160437150","[PREMIUM]","[PREMIUM]","402","E","_",,,2,"[2]",5506,"Ring of Honor",10,"Mobile Transfer ticket",1,"[PREMIUM]","[PREMIUM]","[PREMIUM]","[PREMIUM]",true,false,"['Clear view']","2026-09-23 02:25:27"
"14034342696","2026-09-23 23:59:41.362","2026-10-06 05:09:51.009","14034342696","160437150","[PREMIUM]","[PREMIUM]","126","15","_",,,4,"[2,4]",952,"Main Level",10,"Mobile Transfer ticket",14,"[PREMIUM]","[PREMIUM]","[PREMIUM]","[PREMIUM]",true,false,"['Clear view']","2026-09-14 01:00:57"
"14039929526","2026-09-23 23:59:41.362","2026-09-27 22:31:31.325","14039929526","160437150","[PREMIUM]","[PREMIUM]","132","6","_",,,4,"[2,4]",952,"Main Level",10,"Mobile Transfer ticket",1,"[PREMIUM]","[PREMIUM]","[PREMIUM]","[PREMIUM]",true,false,"['Clear view']","2026-09-14 15:38:01"
"14156492717","2026-09-23 23:59:40.809","2026-09-24 00:00:19.804","14156492717","160437150","[PREMIUM]","[PREMIUM]","117","4","9001_9002","9001",,2,"[2]",952,"Main Level",10,"Mobile Transfer ticket",13,"[PREMIUM]","[PREMIUM]","[PREMIUM]","[PREMIUM]",true,false,"['Clear view']","2026-09-23 15:27:04"
"14156978574","2026-09-23 23:59:40.809","2026-09-24 00:00:20.488","14156978574","160437150","[PREMIUM]","[PREMIUM]","442","B","9001_9002","9001",,2,"[2]",5506,"Ring of Honor",10,"Mobile Transfer ticket",13,"[PREMIUM]","[PREMIUM]","[PREMIUM]","[PREMIUM]",true,false,"['Second Row of Section','Clear view']","2026-09-23 15:57:33"
"14162576449","2026-09-23 23:59:40.809","2026-09-24 22:35:33.163","14162576449","160437150","[PREMIUM]","[PREMIUM]","414","1","9001_9001","9001",,1,"[1]",1771,"Terrace Level",10,"Mobile Transfer ticket",1,"[PREMIUM]","[PREMIUM]","[PREMIUM]","[PREMIUM]",false,false,"['Clear view']","2026-09-23 23:42:52"
"14140675317","2026-09-23 23:59:40.502","2026-10-06 05:09:51.009","14140675317","160437150","[PREMIUM]","[PREMIUM]","228","7","_",,,4,"[2,4]",300,"Club Level",10,"Mobile Transfer ticket",14,"[PREMIUM]","[PREMIUM]","[PREMIUM]","[PREMIUM]",true,false,"['Includes club access','Clear view']","2026-09-22 15:43:47"
"14131969173","2026-09-23 23:59:39.903","2026-09-24 22:33:42.271","14131969173","160436160","[PREMIUM]","[PREMIUM]","301","14","_",,,4,"[4]",13685,"300-Level",10,"Mobile Transfer ticket",1,"[PREMIUM]","[PREMIUM]","[PREMIUM]","[PREMIUM]",true,false,"['Clear view']","2026-09-22 01:13:39"
"14155010596","2026-09-23 23:59:39.903","2026-09-24 22:33:46.432","14155010596","160436160","[PREMIUM]","[PREMIUM]","324","7","10_11","10","11",2,"[2]",13685,"300-Level",10,"Mobile Transfer ticket",1,"[PREMIUM]","[PREMIUM]","[PREMIUM]","[PREMIUM]",true,false,"['Clear view']","2026-09-23 12:51:10"
"14149478804","2026-09-23 23:59:38.850","2026-09-24 22:35:41.438","14149478804","160437150","[PREMIUM]","[PREMIUM]","112","22","_",,,2,"[2]",952,"Main Level",10,"Mobile Transfer ticket",14,"[PREMIUM]","[PREMIUM]","[PREMIUM]","[PREMIUM]",true,false,"['Clear view']","2026-09-23 02:33:07"
"14149595505","2026-09-23 23:59:38.529","2026-10-02 05:11:50.260","14149595505","160437150","[PREMIUM]","[PREMIUM]","414","2","_",,,2,"[2]",1771,"Terrace Level",10,"Mobile Transfer ticket",1,"[PREMIUM]","[PREMIUM]","[PREMIUM]","[PREMIUM]",true,false,"['Clear view']","2026-09-23 02:47:23"
"14155397665","2026-09-23 23:59:38.529","2026-09-24 00:09:18.522","14155397665","160437150","[PREMIUM]","[PREMIUM]","112","32","_",,,2,"[2]",952,"Main Level",10,"Mobile Transfer ticket",14,"[PREMIUM]","[PREMIUM]","[PREMIUM]","[PREMIUM]",true,false,"['Clear view']","2026-09-23 13:53:53"
"14111206854","2026-09-23 23:59:38.009","2026-09-23 23:59:38.009","14111206854","160437153","[PREMIUM]","[PREMIUM]","453","8","_",,,3,"[1,2,3]",1771,"Terrace Level",10,"Mobile Transfer ticket",1,"[PREMIUM]","[PREMIUM]","[PREMIUM]","[PREMIUM]",true,false,"['Clear view']","2026-09-20 03:43:39"
"12691744531","2026-09-23 23:59:36.184","2026-10-06 05:15:46.552","12691744531","160437153","[PREMIUM]","[PREMIUM]","446","7","13_15","13",,3,"[1,3]",1771,"Terrace Level",10,"Mobile Transfer ticket",1,"[PREMIUM]","[PREMIUM]","[PREMIUM]","[PREMIUM]",true,false,"['Clear view']","2026-05-15 01:21:08"
"14148686599","2026-09-23 23:59:36.184","2026-10-06 05:15:46.552","14148686599","160437153","[PREMIUM]","[PREMIUM]","417","10","_",,,5,"[1,3,5]",1771,"Terrace Level",10,"Mobile Transfer ticket",14,"[PREMIUM]","[PREMIUM]","[PREMIUM]","[PREMIUM]",true,false,"['Clear view']","2026-09-23 01:17:14"
"14159617505","2026-09-23 23:59:35.147","2026-09-26 05:24:23.844","14159617505","160435933","[PREMIUM]","[PREMIUM]","318","17","_",,,2,"[2]",2153,"Upper Loge",10,"Mobile Transfer ticket",14,"[PREMIUM]","[PREMIUM]","[PREMIUM]","[PREMIUM]",true,false,"['Includes club access','Clear view']","2026-09-23 19:42:44"
"14159617469","2026-09-23 23:59:33.650","2026-09-24 22:32:28.609","14159617469","160435933","[PREMIUM]","[PREMIUM]","641","19","_",,,3,"[1,3]",2124,"Upper Terrace",10,"Mobile Transfer ticket",14,"[PREMIUM]","[PREMIUM]","[PREMIUM]","[PREMIUM]",true,false,"['Clear view']","2026-09-23 19:42:44"
"14162143080","2026-09-23 23:59:32.933","2026-09-24 00:08:20.828","14162143080","160437150","[PREMIUM]","[PREMIUM]","432","A","_",,,8,"[1,2,3,4,6,8]",5506,"Ring of Honor",10,"Mobile Transfer ticket",1,"[PREMIUM]","[PREMIUM]","[PREMIUM]","[PREMIUM]",true,false,"['Front Row of Section','Clear view']","2026-09-23 22:57:51"
"14114035105","2026-09-23 23:59:31.898","2026-09-24 22:35:33.144","14114035105","160437150","[PREMIUM]","[PREMIUM]","402","D","9001_9006","9001",,6,"[1,2,3,4,6]",5506,"Ring of Honor",10,"Mobile Transfer ticket",1,"[PREMIUM]","[PREMIUM]","[PREMIUM]","[PREMIUM]",true,false,"['Clear view']","2026-09-20 10:23:36"
"14153615094","2026-09-23 23:59:31.569","2026-09-23 23:59:31.569","14153615094","160435933","[PREMIUM]","[PREMIUM]","101","22","_",,,2,"[2]",518,"Plaza",10,"Mobile Transfer ticket",1,"[PREMIUM]","[PREMIUM]","[PREMIUM]","[PREMIUM]",true,false,"['Clear view']","2026-09-23 09:49:54"
"14155764058","2026-09-23 23:59:29.681","2026-09-23 23:59:29.681","14155764058","160437150","[PREMIUM]","[PREMIUM]","442","1","9001_9002","9001",,2,"[2]",1771,"Terrace Level",10,"Mobile Transfer ticket",13,"[PREMIUM]","[PREMIUM]","[PREMIUM]","[PREMIUM]",true,false,"['Clear view']","2026-09-23 14:27:33"
"14032611585","2026-09-23 23:59:17.734","2026-09-23 23:59:17.734","14032611585","160435933","[PREMIUM]","[PREMIUM]","154","20","_",,,3,"[1,3]",518,"Plaza",10,"Mobile Transfer ticket",1,"[PREMIUM]","[PREMIUM]","[PREMIUM]","[PREMIUM]",true,false,"['Clear view']","2026-09-13 21:08:11"
"14158579379","2026-09-23 23:59:13.556","2026-09-24 00:08:16.089","14158579379","160437150","[PREMIUM]","[PREMIUM]","409","7","_",,,7,"[1,2,3,5,7]",1771,"Terrace Level",10,"Mobile Transfer ticket",1,"[PREMIUM]","[PREMIUM]","[PREMIUM]","[PREMIUM]",true,false,"['Clear view']","2026-09-23 18:06:38"
"12691086059","2026-09-23 23:59:12.618","2026-09-24 22:32:48.865","12691086059","160435933","[PREMIUM]","[PREMIUM]","121","18","_",,,4,"[2,4]",518,"Plaza",10,"Mobile Transfer ticket",14,"[PREMIUM]","[PREMIUM]","[PREMIUM]","[PREMIUM]",true,false,"['Clear view']","2026-05-15 00:08:57"
"14139012276","2026-09-23 23:59:12.618","2026-09-23 23:59:12.618","14139012276","160435933","[PREMIUM]","[PREMIUM]","121","17","_",,,2,"[2]",518,"Plaza",10,"Mobile Transfer ticket",14,"[PREMIUM]","[PREMIUM]","[PREMIUM]","[PREMIUM]",true,false,"['Clear view']","2026-09-22 13:27:48"
"14118432550","2026-09-23 23:59:12.113","2026-10-06 05:26:06.149","14118432550","160435933","[PREMIUM]","[PREMIUM]","132","27","19_22","19",,4,"[2,4]",518,"Plaza",10,"Mobile Transfer ticket",1,"[PREMIUM]","[PREMIUM]","[PREMIUM]","[PREMIUM]",true,false,"['Clear view']","2026-09-20 20:09:25"
"14149628464","2026-09-23 23:59:07.701","2026-09-27 22:27:11.346","14149628464","160436160","[PREMIUM]","[PREMIUM]","131","13","5_8","5",,4,"[1,2,4]",11357,"100-Level",10,"Mobile Transfer ticket",1,"[PREMIUM]","[PREMIUM]","[PREMIUM]","[PREMIUM]",true,false,"['Clear view']","2026-09-23 02:53:10"
"14100539903","2026-09-23 23:59:05.281","2026-10-04 05:11:43.841","14100539903","160437150","[PREMIUM]","[PREMIUM]","134","30","15_20","15","20",6,"[1,2,3,4,6]",952,"Main Level",10,"Mobile Transfer ticket",1,"[PREMIUM]","[PREMIUM]","[PREMIUM]","[PREMIUM]",true,false,"['Clear view']","2026-09-19 06:22:36"
"14155958312","2026-09-23 23:59:05.281","2026-09-23 23:59:05.281","14155958312","160437150","[PREMIUM]","[PREMIUM]","449","B","9001_9002","9001",,2,"[2]",5506,"Ring of Honor",10,"Mobile Transfer ticket",13,"[PREMIUM]","[PREMIUM]","[PREMIUM]","[PREMIUM]",true,false,"['Second Row of Section','Clear view']","2026-09-23 14:42:47"
"14156486822","2026-09-23 23:59:05.281","2026-09-23 23:59:05.281","14156486822","160437150","[PREMIUM]","[PREMIUM]","433","A","9001_9002","9001",,2,"[2]",5506,"Ring of Honor",10,"Mobile Transfer ticket",13,"[PREMIUM]","[PREMIUM]","[PREMIUM]","[PREMIUM]",true,false,"['Front Row of Section','Clear view']","2026-09-23 15:26:37"
"14150094736","2026-09-23 23:59:04.956","2026-10-06 05:15:45.559","14150094736","160437153","[PREMIUM]","[PREMIUM]","404","11","_",,,3,"[1,3]",1771,"Terrace Level",10,"Mobile Transfer ticket",1,"[PREMIUM]","[PREMIUM]","[PREMIUM]","[PREMIUM]",true,false,"['Clear view']","2026-09-23 03:41:13"
"14159864205","2026-09-23 23:58:52.165","2026-09-23 23:58:52.165","14159864205","160435933","[PREMIUM]","[PREMIUM]","303","7","_",,,2,"[2]",2153,"Upper Loge",10,"Mobile Transfer ticket",1,"[PREMIUM]","[PREMIUM]","[PREMIUM]","[PREMIUM]",true,false,"['Third Row of Section','Clear view']","2026-09-23 20:02:22"
"14159616874","2026-09-23 23:58:52.165","2026-09-23 23:58:52.165","14159616874","160435933","[PREMIUM]","[PREMIUM]","127","21","_",,,11,"[1,2,3,4,5,6,7,9,11]",518,"Plaza",10,"Mobile Transfer ticket",14,"[PREMIUM]","[PREMIUM]","[PREMIUM]","[PREMIUM]",true,false,"['Clear view']","2026-09-23 19:42:42"
"14160075645","2026-09-23 23:58:52.165","2026-09-23 23:58:52.165","14160075645","160435933","[PREMIUM]","[PREMIUM]","326","5","_",,,2,"[2]",2153,"Upper Loge",10,"Mobile Transfer ticket",1,"[PREMIUM]","[PREMIUM]","[PREMIUM]","[PREMIUM]",true,false,"['Front Row of Section','Clear view']","2026-09-23 20:17:15"
"14137144700","2026-09-23 23:58:48.927","2026-09-30 05:28:09.076","14137144700","160436168","[PREMIUM]","[PREMIUM]","329","4","9001_9001","9001",,1,"[1]",13685,"300-Level",11,"Mobile ticket",1,"[PREMIUM]","[PREMIUM]","[PREMIUM]","[PREMIUM]",false,false,"['Second Row of Section','Clear view']","2026-09-22 10:46:18"
"14134766934","2026-09-23 23:58:48.767","2026-09-30 05:28:06.610","14134766934","160436168","[PREMIUM]","[PREMIUM]","325C","16","9001_9002","9001",,2,"[2]",17332,"300-Level Club",11,"Mobile ticket",1,"[PREMIUM]","[PREMIUM]","[PREMIUM]","[PREMIUM]",true,false,"['Clear view']","2026-09-22 06:22:36"
"14134766969","2026-09-23 23:58:48.767","2026-09-23 23:58:48.767","14134766969","160436168","[PREMIUM]","[PREMIUM]","327C","13","9001_9004","9001",,4,"[1,2,3,4]",17332,"300-Level Club",11,"Mobile ticket",1,"[PREMIUM]","[PREMIUM]","[PREMIUM]","[PREMIUM]",true,false,"['Second Row of Section','Clear view']","2026-09-22 06:22:36"
"14134767019","2026-09-23 23:58:48.767","2026-09-30 05:28:06.610","14134767019","160436168","[PREMIUM]","[PREMIUM]","325C","15","9001_9005","9001",,5,"[1,2,3,4,5]",17332,"300-Level Club",11,"Mobile ticket",1,"[PREMIUM]","[PREMIUM]","[PREMIUM]","[PREMIUM]",true,false,"['Clear view']","2026-09-22 06:22:36"
"14137144775","2026-09-23 23:58:48.767","2026-09-30 05:28:06.610","14137144775","160436168","[PREMIUM]","[PREMIUM]","325C","14","9001_9005","9001",,5,"[1,2,3,4,5]",17332,"300-Level Club",11,"Mobile ticket",1,"[PREMIUM]","[PREMIUM]","[PREMIUM]","[PREMIUM]",true,false,"['Third Row of Section','Clear view']","2026-09-22 10:46:18"
"14137144774","2026-09-23 23:58:48.767","2026-09-23 23:58:48.767","14137144774","160436168","[PREMIUM]","[PREMIUM]","326C","12","9001_9005","9001",,5,"[1,2,3,4,5]",17332,"300-Level Club",11,"Mobile ticket",1,"[PREMIUM]","[PREMIUM]","[PREMIUM]","[PREMIUM]",true,false,"['Front Row of Section','Clear view']","2026-09-22 10:46:18"
"14139480421","2026-09-23 23:58:48.767","2026-09-23 23:58:48.767","14139480421","160436168","[PREMIUM]","[PREMIUM]","327C","17","9001_9002","9001",,2,"[2]",17332,"300-Level Club",11,"Mobile ticket",1,"[PREMIUM]","[PREMIUM]","[PREMIUM]","[PREMIUM]",true,false,"['Clear view']","2026-09-22 14:12:42"
"13317853534","2026-09-23 23:58:48.448","2026-09-23 23:59:44.249","13317853534","160436168","[PREMIUM]","[PREMIUM]","113","7","5_10","5","10",6,"[1,2,3,4,6]",11357,"100-Level",10,"Mobile Transfer ticket",1,"[PREMIUM]","[PREMIUM]","[PREMIUM]","[PREMIUM]",true,false,"['Clear view']","2026-07-10 18:32:26"
"13289199652","2026-09-23 23:58:45.917","2026-10-02 05:29:35.081","13289199652","160436168","[PREMIUM]","[PREMIUM]","126C","7","_",,,2,"[2]",17186,"100-Level Club",10,"Mobile Transfer ticket",14,"[PREMIUM]","[PREMIUM]","[PREMIUM]","[PREMIUM]",true,false,"['Clear view']","2026-07-08 20:12:46"
"13289199904","2026-09-23 23:58:45.257","2026-10-02 05:29:35.081","13289199904","160436168","[PREMIUM]","[PREMIUM]","126C","10","_",,,2,"[2]",17186,"100-Level Club",10,"Mobile Transfer ticket",14,"[PREMIUM]","[PREMIUM]","[PREMIUM]","[PREMIUM]",true,false,"['Clear view']","2026-07-08 20:12:47"
"14160534073","2026-09-23 23:58:45.257","2026-10-06 05:24:40.271","14160534073","160436168","[PREMIUM]","[PREMIUM]","340","1","7_10","7","10",4,"[1,2,4]",13685,"300-Level",10,"Mobile Transfer ticket",1,"[PREMIUM]","[PREMIUM]","[PREMIUM]","[PREMIUM]",true,false,"['Front Row of Section','Clear view']","2026-09-23 20:55:06"
"14159617154","2026-09-23 23:58:44.949","2026-09-23 23:58:44.949","14159617154","160435933","[PREMIUM]","[PREMIUM]","119","26","_",,,4,"[2,4]",518,"Plaza",10,"Mobile Transfer ticket",14,"[PREMIUM]","[PREMIUM]","[PREMIUM]","[PREMIUM]",true,false,"['Clear view']","2026-09-23 19:42:43"
"14162682310","2026-09-23 23:58:44.949","2026-10-06 05:25:50.379","14162682310","160435933","[PREMIUM]","[PREMIUM]","119","25","_",,,3,"[1,3]",518,"Plaza",10,"Mobile Transfer ticket",14,"[PREMIUM]","[PREMIUM]","[PREMIUM]","[PREMIUM]",true,false,"['Clear view']","2026-09-23 23:55:34"
"14159617272","2026-09-23 23:58:44.489","2026-09-24 22:32:42.310","14159617272","160435933","[PREMIUM]","[PREMIUM]","325","13","_",,,6,"[1,2,4,6]",2153,"Upper Loge",10,"Mobile Transfer ticket",14,"[PREMIUM]","[PREMIUM]","[PREMIUM]","[PREMIUM]",true,false,"['Clear view']","2026-09-23 19:42:43"
"13734483220","2026-09-23 23:58:42.772","2026-10-06 05:25:49.561","13734483220","160435933","[PREMIUM]","[PREMIUM]","132","22","_",,,2,"[2]",518,"Plaza",10,"Mobile Transfer ticket",1,"[PREMIUM]","[PREMIUM]","[PREMIUM]","[PREMIUM]",true,false,"['Clear view']","2026-08-20 09:06:26"
"14121167833","2026-09-23 23:58:38.064","2026-09-23 23:58:38.064","14121167833","160435933","[PREMIUM]","[PREMIUM]","109","26","_",,,2,"[2]",518,"Plaza",10,"Mobile Transfer ticket",14,"[PREMIUM]","[PREMIUM]","[PREMIUM]","[PREMIUM]",true,false,"['Clear view']","2026-09-21 01:58:02"
"14161669532","2026-09-23 23:58:37.461","2026-09-23 23:59:32.674","14161669532","160437150","[PREMIUM]","[PREMIUM]","448","5","_",,,7,"[1,2,3,5,7]",1771,"Terrace Level",10,"Mobile Transfer ticket",1,"[PREMIUM]","[PREMIUM]","[PREMIUM]","[PREMIUM]",true,false,"['Clear view']","2026-09-23 22:22:35"
"14157252248","2026-09-23 23:58:36.101","2026-09-23 23:58:36.101","14157252248","160437150","[PREMIUM]","[PREMIUM]","454","1","9001_9004","9001",,4,"[4]",1771,"Terrace Level",10,"Mobile Transfer ticket",13,"[PREMIUM]","[PREMIUM]","[PREMIUM]","[PREMIUM]",true,false,"['Clear view']","2026-09-23 16:25:45"
"14124353116","2026-09-23 23:58:35.767","2026-09-24 22:32:44.607","14124353116","160437150","[PREMIUM]","[PREMIUM]","117","32","_",,,2,"[2]",952,"Main Level",10,"Mobile Transfer ticket",1,"[PREMIUM]","[PREMIUM]","[PREMIUM]","[PREMIUM]",true,false,"['Clear view']","2026-09-21 10:39:27"
"14150956105","2026-09-23 23:58:35.767","2026-09-28 05:11:29.177","14150956105","160437150","[PREMIUM]","[PREMIUM]","432","5","9001_9002","9001",,2,"[2]",1771,"Terrace Level",10,"Mobile Transfer ticket",1,"[PREMIUM]","[PREMIUM]","[PREMIUM]","[PREMIUM]",true,false,"['Clear view']","2026-09-23 05:04:16"
"14111206932","2026-09-23 23:58:35.021","2026-10-06 05:15:45.493","14111206932","160437153","[PREMIUM]","[PREMIUM]","452","7","_",,,3,"[1,2,3]",1771,"Terrace Level",10,"Mobile Transfer ticket",1,"[PREMIUM]","[PREMIUM]","[PREMIUM]","[PREMIUM]",true,false,"['Clear view']","2026-09-20 03:43:40"
"14159616924","2026-09-23 23:58:33.844","2026-09-23 23:58:33.844","14159616924","160435933","[PREMIUM]","[PREMIUM]","129","21","_",,,6,"[1,2,4,6]",518,"Plaza",10,"Mobile Transfer ticket",14,"[PREMIUM]","[PREMIUM]","[PREMIUM]","[PREMIUM]",true,false,"['Clear view']","2026-09-23 19:42:42"
"14157378719","2026-09-23 23:58:33.007","2026-09-23 23:58:33.007","14157378719","160435933","[PREMIUM]","[PREMIUM]","127","23","_",,,2,"[2]",518,"Plaza",10,"Mobile Transfer ticket",1,"[PREMIUM]","[PREMIUM]","[PREMIUM]","[PREMIUM]",true,false,"['Clear view']","2026-09-23 16:38:11"
"12699490894","2026-09-23 23:58:25.927","2026-10-05 05:24:55.850","12699490894","160436168","[PREMIUM]","[PREMIUM]","242","2","13_14","13","14",2,"[2]",11358,"200-Level",10,"Mobile Transfer ticket",1,"[PREMIUM]","[PREMIUM]","[PREMIUM]","[PREMIUM]",true,false,"['Second Row of Section','Clear view']","2026-05-15 16:19:37"
"14150377749","2026-09-23 23:58:24.320","2026-09-28 05:11:19.690","14150377749","160437150","[PREMIUM]","[PREMIUM]","418","19","_",,,7,"[1,2,3,5,7]",1771,"Terrace Level",10,"Mobile Transfer ticket",14,"[PREMIUM]","[PREMIUM]","[PREMIUM]","[PREMIUM]",true,false,"['Clear view']","2026-09-23 04:10:26"
"14154914354","2026-09-23 23:58:16.323","2026-09-24 22:34:16.168","14154914354","160437150","[PREMIUM]","[PREMIUM]","432","10","9001_9006","9001",,6,"[1,2,3,4,6]",1771,"Terrace Level",10,"Mobile Transfer ticket",1,"[PREMIUM]","[PREMIUM]","[PREMIUM]","[PREMIUM]",true,false,"['Clear view']","2026-09-23 12:38:41"
"14151073028","2026-09-23 23:58:15.412","2026-10-04 05:11:36.879","14151073028","160437150","[PREMIUM]","[PREMIUM]","442","7","_",,,2,"[2]",1771,"Terrace Level",10,"Mobile Transfer ticket",14,"[PREMIUM]","[PREMIUM]","[PREMIUM]","[PREMIUM]",true,false,"['Clear view']","2026-09-23 05:10:52"
"14151073035","2026-09-23 23:58:14.574","2026-09-28 05:11:19.923","14151073035","160437150","[PREMIUM]","[PREMIUM]","442","13","_",,,6,"[1,2,4,6]",1771,"Terrace Level",10,"Mobile Transfer ticket",14,"[PREMIUM]","[PREMIUM]","[PREMIUM]","[PREMIUM]",true,false,"['Clear view']","2026-09-23 05:10:52"
"12691719862","2026-09-23 23:58:14.148","2026-10-06 05:09:25.969","12691719862","160437150","[PREMIUM]","[PREMIUM]","415","3","6_8","6",,3,"[1,3]",1771,"Terrace Level",10,"Mobile Transfer ticket",1,"[PREMIUM]","[PREMIUM]","[PREMIUM]","[PREMIUM]",true,false,"['Clear view']","2026-05-15 01:19:43"
"14032618173","2026-09-23 23:58:13.454","2026-09-23 23:58:13.454","14032618173","160435933","[PREMIUM]","[PREMIUM]","302","10","_",,,2,"[2]",2153,"Upper Loge",10,"Mobile Transfer ticket",1,"[PREMIUM]","[PREMIUM]","[PREMIUM]","[PREMIUM]",true,false,"['Clear view']","2026-09-13 21:08:54"
"14159617202","2026-09-23 23:58:13.454","2026-10-03 05:24:41.312","14159617202","160435933","[PREMIUM]","[PREMIUM]","303","12","_",,,6,"[1,2,4,6]",2153,"Upper Loge",10,"Mobile Transfer ticket",14,"[PREMIUM]","[PREMIUM]","[PREMIUM]","[PREMIUM]",true,false,"['Clear view']","2026-09-23 19:42:43"
"12702054157","2026-09-23 23:58:12.995","2026-10-06 05:23:52.377","12702054157","160417576","[PREMIUM]","[PREMIUM]","134","1","1_2","1","2",2,"[2]",594,"Lower",10,"Mobile Transfer ticket",1,"[PREMIUM]","[PREMIUM]","[PREMIUM]","[PREMIUM]",true,false,"['Aisle seat','Actual 1st row of the section','Center aisle','Clear view']","2026-05-15 20:28:06"
"14032618035","2026-09-23 23:58:11.389","2026-09-23 23:58:11.389","14032618035","160435933","[PREMIUM]","[PREMIUM]","323","12","_",,,2,"[2]",2153,"Upper Loge",10,"Mobile Transfer ticket",1,"[PREMIUM]","[PREMIUM]","[PREMIUM]","[PREMIUM]",true,false,"['Clear view']","2026-09-13 21:08:53"
"14118432549","2026-09-23 23:58:11.389","2026-10-06 05:26:06.149","14118432549","160435933","[PREMIUM]","[PREMIUM]","132","23","15_18","15",,4,"[2,4]",518,"Plaza",10,"Mobile Transfer ticket",1,"[PREMIUM]","[PREMIUM]","[PREMIUM]","[PREMIUM]",true,false,"['Clear view']","2026-09-20 20:09:25"
"13653319580","2026-09-23 23:58:07.228","2026-09-23 23:58:07.228","13653319580","160435933","[PREMIUM]","[PREMIUM]","323","17","_",,,2,"[1,2]",2153,"Upper Loge",10,"Mobile Transfer ticket",1,"[PREMIUM]","[PREMIUM]","[PREMIUM]","[PREMIUM]",true,false,"['Clear view']","2026-08-12 23:57:01"
"14158712680","2026-09-23 23:58:07.228","2026-09-23 23:58:07.228","14158712680","160435933","[PREMIUM]","[PREMIUM]","529","1","_",,,2,"[2]",1742,"Lower Terrace",10,"Mobile Transfer ticket",1,"[PREMIUM]","[PREMIUM]","[PREMIUM]","[PREMIUM]",true,false,"['Front Row of Section','Clear view']","2026-09-23 18:18:31"
"14033031133","2026-09-23 23:58:06.895","2026-10-06 05:25:49.497","14033031133","160435933","[PREMIUM]","[PREMIUM]","155",,"_",,,4,"[2,4]",518,"Plaza",10,"Mobile Transfer ticket",1,"[PREMIUM]","[PREMIUM]","[PREMIUM]","[PREMIUM]",true,true,"['Clear view']","2026-09-13 22:09:01"
"13925038874","2026-09-23 23:58:05.172","2026-10-06 05:25:49.497","13925038874","160435933","[PREMIUM]","[PREMIUM]","128","23","18_19","18",,2,"[2]",518,"Plaza",10,"Mobile Transfer ticket",1,"[PREMIUM]","[PREMIUM]","[PREMIUM]","[PREMIUM]",true,false,"['Clear view']","2026-09-04 09:58:40"
"14148526069","2026-09-23 23:58:04.986","2026-09-24 00:07:48.688","14148526069","160436027","[PREMIUM]","[PREMIUM]","255","6","9001_9004","9001",,4,"[4]",471,"Middle",10,"Mobile Transfer ticket",13,"[PREMIUM]","[PREMIUM]","[PREMIUM]","[PREMIUM]",true,false,"['Clear view']","2026-09-23 01:02:22"
"14161418238","2026-09-23 23:58:04.986","2026-10-06 05:25:44.784","14161418238","160436027","[PREMIUM]","[PREMIUM]","101","12","_",,,2,"[2]",594,"Lower",10,"Mobile Transfer ticket",1,"[PREMIUM]","[PREMIUM]","[PREMIUM]","[PREMIUM]",true,false,"['Clear view']","2026-09-23 22:06:12"
"14154015004","2026-09-23 23:58:04.214","2026-09-23 23:58:04.214","14154015004","160435933","[PREMIUM]","[PREMIUM]","609","13","_",,,2,"[2]",2124,"Upper Terrace",10,"Mobile Transfer ticket",1,"[PREMIUM]","[PREMIUM]","[PREMIUM]","[PREMIUM]",true,false,"['Front Row of Section','Clear view']","2026-09-23 10:49:07"
"12691719847","2026-09-23 23:58:03.434","2026-10-06 05:09:30.616","12691719847","160437150","[PREMIUM]","[PREMIUM]","415","4","9_11","9",,3,"[1,3]",1771,"Terrace Level",10,"Mobile Transfer ticket",1,"[PREMIUM]","[PREMIUM]","[PREMIUM]","[PREMIUM]",true,false,"['Clear view']","2026-05-15 01:19:43"
"14150377750","2026-09-23 23:58:02.980","2026-09-27 22:29:04.790","14150377750","160437150","[PREMIUM]","[PREMIUM]","418","11","_",,,10,"[1,2,3,4,5,6,8,10]",1771,"Terrace Level",10,"Mobile Transfer ticket",14,"[PREMIUM]","[PREMIUM]","[PREMIUM]","[PREMIUM]",true,false,"['Clear view']","2026-09-23 04:10:26"
"14150377740","2026-09-23 23:58:02.320","2026-09-27 22:29:04.193","14150377740","160437150","[PREMIUM]","[PREMIUM]","418","15","_",,,12,"[1,2,3,4,5,6,7,8,10,12]",1771,"Terrace Level",10,"Mobile Transfer ticket",14,"[PREMIUM]","[PREMIUM]","[PREMIUM]","[PREMIUM]",true,false,"['Clear view']","2026-09-23 04:10:26"
"14150377733","2026-09-23 23:58:01.649","2026-09-27 22:30:07.604","14150377733","160437150","[PREMIUM]","[PREMIUM]","418","17","_",,,6,"[1,2,4,6]",1771,"Terrace Level",10,"Mobile Transfer ticket",14,"[PREMIUM]","[PREMIUM]","[PREMIUM]","[PREMIUM]",true,false,"['Clear view']","2026-09-23 04:10:26"
"14130812870","2026-09-23 23:57:50.098","2026-09-27 22:29:12.616","14130812870","160435933","[PREMIUM]","[PREMIUM]","637","14","_",,,3,"[1,3]",2124,"Upper Terrace",10,"Mobile Transfer ticket",14,"[PREMIUM]","[PREMIUM]","[PREMIUM]","[PREMIUM]",true,false,"['Clear view']","2026-09-21 23:25:30"
"14130812814","2026-09-23 23:57:50.098","2026-09-23 23:57:50.098","14130812814","160435933","[PREMIUM]","[PREMIUM]","637","15","_",,,2,"[2]",2124,"Upper Terrace",10,"Mobile Transfer ticket",14,"[PREMIUM]","[PREMIUM]","[PREMIUM]","[PREMIUM]",true,false,"['Clear view']","2026-09-21 23:25:30"
"14153408662","2026-09-23 23:57:50.098","2026-09-26 22:34:07.224","14153408662","160435933","[PREMIUM]","[PREMIUM]","608","11","9001_9001","9001",,1,"[1]",2124,"Upper Terrace",11,"Mobile ticket",1,"[PREMIUM]","[PREMIUM]","[PREMIUM]","[PREMIUM]",false,false,"['Front Row of Section','Clear view']","2026-09-23 09:29:05"
"14159617285","2026-09-23 23:57:40.980","2026-09-24 22:32:36.422","14159617285","160435933","[PREMIUM]","[PREMIUM]","615","16","_",,,6,"[1,2,4,6]",2124,"Upper Terrace",10,"Mobile Transfer ticket",14,"[PREMIUM]","[PREMIUM]","[PREMIUM]","[PREMIUM]",true,false,"['Clear view']","2026-09-23 19:42:43"
"14160632355","2026-09-23 23:57:40.415","2026-09-23 23:57:40.415","14160632355","160435933","[PREMIUM]","[PREMIUM]","633","16","_",,,2,"[2]",2124,"Upper Terrace",10,"Mobile Transfer ticket",1,"[PREMIUM]","[PREMIUM]","[PREMIUM]","[PREMIUM]",true,false,"['Clear view']","2026-09-23 21:01:52"
"14159616917","2026-09-23 23:57:39.840","2026-09-27 05:26:28.617","14159616917","160435933","[PREMIUM]","[PREMIUM]","609","22","_",,,9,"[1,2,3,4,5,7,9]",2124,"Upper Terrace",10,"Mobile Transfer ticket",14,"[PREMIUM]","[PREMIUM]","[PREMIUM]","[PREMIUM]",true,false,"['Clear view']","2026-09-23 19:42:42"
"14143615299","2026-09-23 23:57:39.478","2026-09-23 23:57:39.478","14143615299","160435933","[PREMIUM]","[PREMIUM]","642","19","_",,,2,"[2]",2124,"Upper Terrace",10,"Mobile Transfer ticket",1,"[PREMIUM]","[PREMIUM]","[PREMIUM]","[PREMIUM]",true,false,"['Clear view']","2026-09-22 19:33:13"
"12848329287","2026-09-23 23:57:39.055","2026-09-27 22:30:19.051","12848329287","160437150","[PREMIUM]","[PREMIUM]","404","4","_",,,2,"[2]",1771,"Terrace Level",10,"Mobile Transfer ticket",1,"[PREMIUM]","[PREMIUM]","[PREMIUM]","[PREMIUM]",true,false,"['Clear view']","2026-05-28 16:45:45"
"14111206990","2026-09-23 23:57:38.431","2026-09-27 05:13:00.241","14111206990","160437150","[PREMIUM]","[PREMIUM]","421","10","_",,,7,"[1,2,3,4,5,6,7]",1771,"Terrace Level",10,"Mobile Transfer ticket",1,"[PREMIUM]","[PREMIUM]","[PREMIUM]","[PREMIUM]",true,false,"['Clear view']","2026-09-20 03:43:41"
"14111206500","2026-09-23 23:57:38.431","2026-09-26 22:34:31.604","14111206500","160437150","[PREMIUM]","[PREMIUM]","435","10","_",,,9,"[1,2,3,4,5,6,7,8,9]",1771,"Terrace Level",10,"Mobile Transfer ticket",1,"[PREMIUM]","[PREMIUM]","[PREMIUM]","[PREMIUM]",true,false,"['Clear view']","2026-09-20 03:43:34"
"14111206921","2026-09-23 23:57:37.382","2026-10-04 05:11:28.142","14111206921","160437150","[PREMIUM]","[PREMIUM]","403","10","_",,,2,"[1,2]",1771,"Terrace Level",10,"Mobile Transfer ticket",1,"[PREMIUM]","[PREMIUM]","[PREMIUM]","[PREMIUM]",true,false,"['Clear view']","2026-09-20 03:43:40"
"14159617077","2026-09-23 23:57:36.415","2026-09-24 22:32:28.286","14159617077","160435933","[PREMIUM]","[PREMIUM]","641","27","_",,,5,"[1,3,5]",2124,"Upper Terrace",10,"Mobile Transfer ticket",14,"[PREMIUM]","[PREMIUM]","[PREMIUM]","[PREMIUM]",true,false,"['Clear view']","2026-09-23 19:42:43"
"14159616778","2026-09-23 23:57:32.322","2026-09-23 23:57:32.322","14159616778","160435933","[PREMIUM]","[PREMIUM]","618","32","_",,,4,"[2,4]",2124,"Upper Terrace",10,"Mobile Transfer ticket",14,"[PREMIUM]","[PREMIUM]","[PREMIUM]","[PREMIUM]",true,false,"['Clear view']","2026-09-23 19:42:42"
"14159616911","2026-09-23 23:57:32.322","2026-09-26 05:24:15.689","14159616911","160435933","[PREMIUM]","[PREMIUM]","626","15","_",,,2,"[2]",2124,"Upper Terrace",10,"Mobile Transfer ticket",14,"[PREMIUM]","[PREMIUM]","[PREMIUM]","[PREMIUM]",true,false,"['Clear view']","2026-09-23 19:42:42"
"14161418262","2026-09-23 23:57:31.927","2026-10-04 05:27:20.651","14161418262","160436027","[PREMIUM]","[PREMIUM]","101","18","_",,,3,"[1,3]",594,"Lower",10,"Mobile Transfer ticket",1,"[PREMIUM]","[PREMIUM]","[PREMIUM]","[PREMIUM]",true,false,"['Clear view']","2026-09-23 22:06:12"
"14064145532","2026-09-23 23:57:31.622","2026-09-24 00:07:23.732","14064145532","160436160","[PREMIUM]","[PREMIUM]","131","3","5_6","5",,2,"[2]",11357,"100-Level",10,"Mobile Transfer ticket",1,"[PREMIUM]","[PREMIUM]","[PREMIUM]","[PREMIUM]",true,false,"['Third Row of Section','Clear view']","2026-09-16 16:43:18"
"14159617431","2026-09-23 23:57:23.994","2026-09-23 23:57:23.994","14159617431","160435933","[PREMIUM]","[PREMIUM]","637","9","_",,,1,"[1]",2124,"Upper Terrace",10,"Mobile Transfer ticket",14,"[PREMIUM]","[PREMIUM]","[PREMIUM]","[PREMIUM]",false,false,"['Third Row of Section','Clear view']","2026-09-23 19:42:43"
"14159617029","2026-09-23 23:57:21.283","2026-09-24 22:32:25.566","14159617029","160435933","[PREMIUM]","[PREMIUM]","648","13","_",,,4,"[2,4]",2124,"Upper Terrace",10,"Mobile Transfer ticket",14,"[PREMIUM]","[PREMIUM]","[PREMIUM]","[PREMIUM]",true,false,"['Clear view']","2026-09-23 19:42:42"
"14159617200","2026-09-23 23:57:21.283","2026-09-24 22:32:25.804","14159617200","160435933","[PREMIUM]","[PREMIUM]","643","31","_",,,4,"[2,4]",2124,"Upper Terrace",10,"Mobile Transfer ticket",14,"[PREMIUM]","[PREMIUM]","[PREMIUM]","[PREMIUM]",true,false,"['Clear view']","2026-09-23 19:42:43"
"14159616789","2026-09-23 23:57:21.283","2026-09-24 22:32:25.567","14159616789","160435933","[PREMIUM]","[PREMIUM]","622","12","_",,,7,"[1,2,3,5,7]",2124,"Upper Terrace",10,"Mobile Transfer ticket",14,"[PREMIUM]","[PREMIUM]","[PREMIUM]","[PREMIUM]",true,false,"['Clear view']","2026-09-23 19:42:42"
"14121167914","2026-09-23 23:57:11.741","2026-10-04 05:27:00.416","14121167914","160435933","[PREMIUM]","[PREMIUM]","642","27","_",,,2,"[2]",2124,"Upper Terrace",10,"Mobile Transfer ticket",14,"[PREMIUM]","[PREMIUM]","[PREMIUM]","[PREMIUM]",true,false,"['Clear view']","2026-09-21 01:58:03"
"14159617454","2026-09-23 23:57:11.435","2026-09-23 23:57:11.435","14159617454","160435933","[PREMIUM]","[PREMIUM]","618","14","_",,,2,"[2]",2124,"Upper Terrace",10,"Mobile Transfer ticket",14,"[PREMIUM]","[PREMIUM]","[PREMIUM]","[PREMIUM]",true,false,"['Clear view']","2026-09-23 19:42:44"
"14111207305","2026-09-23 23:57:10.769","2026-10-06 05:09:12.647","14111207305","160437150","[PREMIUM]","[PREMIUM]","454","14","_",,,1,"[1]",1771,"Terrace Level",10,"Mobile Transfer ticket",1,"[PREMIUM]","[PREMIUM]","[PREMIUM]","[PREMIUM]",false,false,"['Clear view']","2026-09-20 03:43:44"
"14159616788","2026-09-23 23:57:09.220","2026-09-23 23:57:09.220","14159616788","160435933","[PREMIUM]","[PREMIUM]","619","22","_",,,10,"[1,2,3,4,5,6,8,10]",2124,"Upper Terrace",10,"Mobile Transfer ticket",14,"[PREMIUM]","[PREMIUM]","[PREMIUM]","[PREMIUM]",true,false,"['Clear view']","2026-09-23 19:42:42"
"14159617418","2026-09-23 23:57:09.220","2026-09-27 05:26:29.035","14159617418","160435933","[PREMIUM]","[PREMIUM]","637","24","_",,,4,"[2,4]",2124,"Upper Terrace",10,"Mobile Transfer ticket",14,"[PREMIUM]","[PREMIUM]","[PREMIUM]","[PREMIUM]",true,false,"['Clear view']","2026-09-23 19:42:43"
"14159617422","2026-09-23 23:57:09.220","2026-09-27 05:26:29.035","14159617422","160435933","[PREMIUM]","[PREMIUM]","636","21","_",,,10,"[1,2,3,4,5,6,8,10]",2124,"Upper Terrace",10,"Mobile Transfer ticket",14,"[PREMIUM]","[PREMIUM]","[PREMIUM]","[PREMIUM]",true,false,"['Clear view']","2026-09-23 19:42:43"
"14156661558","2026-09-23 23:57:08.136","2026-09-23 23:57:08.136","14156661558","160435933","[PREMIUM]","[PREMIUM]","614","35","_",,,2,"[1,2]",2124,"Upper Terrace",10,"Mobile Transfer ticket",1,"[PREMIUM]","[PREMIUM]","[PREMIUM]","[PREMIUM]",true,false,"['Clear view']","2026-09-23 15:38:06"
"14159617063","2026-09-23 23:56:52.576","2026-09-23 23:56:52.576","14159617063","160435933","[PREMIUM]","[PREMIUM]","606","14","_",,,5,"[1,3,5]",2124,"Upper Terrace",10,"Mobile Transfer ticket",14,"[PREMIUM]","[PREMIUM]","[PREMIUM]","[PREMIUM]",true,false,"['Clear view']","2026-09-23 19:42:43"
"14159617271","2026-09-23 23:56:52.266","2026-09-24 22:32:25.520","14159617271","160435933","[PREMIUM]","[PREMIUM]","637","34","_",,,4,"[2,4]",2124,"Upper Terrace",10,"Mobile Transfer ticket",14,"[PREMIUM]","[PREMIUM]","[PREMIUM]","[PREMIUM]",true,false,"['Clear view']","2026-09-23 19:42:43"
"14159616918","2026-09-23 23:56:50.151","2026-09-27 22:28:58.910","14159616918","160435933","[PREMIUM]","[PREMIUM]","647","16","_",,,2,"[2]",2124,"Upper Terrace",10,"Mobile Transfer ticket",14,"[PREMIUM]","[PREMIUM]","[PREMIUM]","[PREMIUM]",true,false,"['Clear view']","2026-09-23 19:42:42"
"14159617192","2026-09-23 23:56:50.151","2026-09-24 22:32:23.961","14159617192","160435933","[PREMIUM]","[PREMIUM]","604","15","_",,,9,"[1,2,3,4,5,7,9]",2124,"Upper Terrace",10,"Mobile Transfer ticket",14,"[PREMIUM]","[PREMIUM]","[PREMIUM]","[PREMIUM]",true,false,"['Clear view']","2026-09-23 19:42:43"
"14159617299","2026-09-23 23:56:50.151","2026-09-27 05:26:28.125","14159617299","160435933","[PREMIUM]","[PREMIUM]","605","14","_",,,5,"[1,3,5]",2124,"Upper Terrace",10,"Mobile Transfer ticket",14,"[PREMIUM]","[PREMIUM]","[PREMIUM]","[PREMIUM]",true,false,"['Clear view']","2026-09-23 19:42:43"
"14159617390","2026-09-23 23:56:50.151","2026-09-23 23:56:50.151","14159617390","160435933","[PREMIUM]","[PREMIUM]","634","17","_",,,4,"[2,4]",2124,"Upper Terrace",10,"Mobile Transfer ticket",14,"[PREMIUM]","[PREMIUM]","[PREMIUM]","[PREMIUM]",true,false,"['Clear view']","2026-09-23 19:42:43"
"14159616971","2026-09-23 23:56:45.799","2026-09-24 22:32:23.923","14159616971","160435933","[PREMIUM]","[PREMIUM]","649","18","_",,,3,"[1,3]",2124,"Upper Terrace",10,"Mobile Transfer ticket",14,"[PREMIUM]","[PREMIUM]","[PREMIUM]","[PREMIUM]",true,false,"['Clear view']","2026-09-23 19:42:42"
"14159617144","2026-09-23 23:56:45.491","2026-09-27 05:26:28.125","14159617144","160435933","[PREMIUM]","[PREMIUM]","605","12","_",,,2,"[2]",2124,"Upper Terrace",10,"Mobile Transfer ticket",14,"[PREMIUM]","[PREMIUM]","[PREMIUM]","[PREMIUM]",true,false,"['Clear view']","2026-09-23 19:42:43"
"14159616861","2026-09-23 23:56:45.491","2026-09-24 22:32:24.050","14159616861","160435933","[PREMIUM]","[PREMIUM]","622","18","_",,,10,"[1,2,3,4,5,6,8,10]",2124,"Upper Terrace",10,"Mobile Transfer ticket",14,"[PREMIUM]","[PREMIUM]","[PREMIUM]","[PREMIUM]",true,false,"['Clear view']","2026-09-23 19:42:42"
"14159617028","2026-09-23 23:56:45.103","2026-09-24 22:32:26.013","14159617028","160435933","[PREMIUM]","[PREMIUM]","617","35","_",,,10,"[1,2,3,4,5,6,8,10]",2124,"Upper Terrace",10,"Mobile Transfer ticket",14,"[PREMIUM]","[PREMIUM]","[PREMIUM]","[PREMIUM]",true,false,"['Clear view']","2026-09-23 19:42:42"
"14159617142","2026-09-23 23:56:44.428","2026-09-24 22:32:25.804","14159617142","160435933","[PREMIUM]","[PREMIUM]","643","32","_",,,2,"[2]",2124,"Upper Terrace",10,"Mobile Transfer ticket",14,"[PREMIUM]","[PREMIUM]","[PREMIUM]","[PREMIUM]",true,false,"['Clear view']","2026-09-23 19:42:43"
"14159617353","2026-09-23 23:56:44.428","2026-09-24 22:32:25.865","14159617353","160435933","[PREMIUM]","[PREMIUM]","643","29","_",,,5,"[1,3,5]",2124,"Upper Terrace",10,"Mobile Transfer ticket",14,"[PREMIUM]","[PREMIUM]","[PREMIUM]","[PREMIUM]",true,false,"['Clear view']","2026-09-23 19:42:43"
"14159536873","2026-09-23 23:56:43.643","2026-10-05 05:25:16.164","14159536873","160436027","[PREMIUM]","[PREMIUM]","524","1","14_15","14","15",2,"[2]",407,"Upper",10,"Mobile Transfer ticket",14,"[PREMIUM]","[PREMIUM]","[PREMIUM]","[PREMIUM]",true,false,"['Front Row of Section','Clear view']","2026-09-23 19:37:42"
"14161718997","2026-09-23 23:56:42.182","2026-09-23 23:56:42.182","14161718997","160418321","[PREMIUM]","[PREMIUM]","156","3","_",,,2,"[2]",594,"Lower",10,"Mobile Transfer ticket",1,"[PREMIUM]","[PREMIUM]","[PREMIUM]","[PREMIUM]",true,false,"['Third Row of Section','Clear view']","2026-09-23 22:25:57"
"14158807020","2026-09-23 23:56:41.770","2026-09-23 23:56:41.770","14158807020","160436160","[PREMIUM]","[PREMIUM]","218","3","_",,,2,"[2]",11358,"200-Level",10,"Mobile Transfer ticket",1,"[PREMIUM]","[PREMIUM]","[PREMIUM]","[PREMIUM]",true,false,"['Third Row of Section','Clear view']","2026-09-23 18:31:35"
"14149467317","2026-09-23 23:56:39.587","2026-10-06 05:23:47.024","14149467317","160417576","[PREMIUM]","[PREMIUM]","526","6","7_8","7","8",2,"[2]",407,"Upper",10,"Mobile Transfer ticket",1,"[PREMIUM]","[PREMIUM]","[PREMIUM]","[PREMIUM]",true,false,"['Actual 3rd row of section','3rd Row of Section','Clear view']","2026-09-23 02:31:53"
"14149467316","2026-09-23 23:56:39.587","2026-10-06 05:23:57.137","14149467316","160417576","[PREMIUM]","[PREMIUM]","500","5","3_4","3","4",2,"[2]",407,"Upper",10,"Mobile Transfer ticket",1,"[PREMIUM]","[PREMIUM]","[PREMIUM]","[PREMIUM]",true,false,"['Second Row of Section','Clear view']","2026-09-23 02:31:53"
"13639466988","2026-09-23 23:56:39.455","2026-10-06 05:23:45.459","13639466988","160417576","[PREMIUM]","[PREMIUM]","112","14","_",,,4,"[1,2,4]",594,"Lower",10,"Mobile Transfer ticket",1,"[PREMIUM]","[PREMIUM]","[PREMIUM]","[PREMIUM]",true,false,"['Clear view']","2026-08-11 19:25:47"
"14158810168","2026-09-23 23:56:38.849","2026-09-24 00:06:54.773","14158810168","160436160","[PREMIUM]","[PREMIUM]","333","4","_",,,2,"[2]",13685,"300-Level",10,"Mobile Transfer ticket",1,"[PREMIUM]","[PREMIUM]","[PREMIUM]","[PREMIUM]",true,false,"['Second Row of Section','Clear view']","2026-09-23 18:31:51"
"14158808339","2026-09-23 23:56:38.849","2026-09-24 00:06:54.773","14158808339","160436160","[PREMIUM]","[PREMIUM]","244","2","_",,,2,"[2]",11358,"200-Level",10,"Mobile Transfer ticket",1,"[PREMIUM]","[PREMIUM]","[PREMIUM]","[PREMIUM]",true,false,"['Second Row of Section','Clear view']","2026-09-23 18:31:39"
"14161613730","2026-09-23 23:56:38.011","2026-10-05 05:25:09.070","14161613730","160436027","[PREMIUM]","[PREMIUM]","514","19","_",,,2,"[2]",407,"Upper",10,"Mobile Transfer ticket",1,"[PREMIUM]","[PREMIUM]","[PREMIUM]","[PREMIUM]",true,false,"['Clear view']","2026-09-23 22:18:12"
"14157522424","2026-09-23 23:56:36.653","2026-09-23 23:56:36.653","14157522424","160417576","[PREMIUM]","[PREMIUM]","146","5","_",,,2,"[2]",594,"Lower",10,"Mobile Transfer ticket",1,"[PREMIUM]","[PREMIUM]","[PREMIUM]","[PREMIUM]",true,false,"['Clear view']","2026-09-23 16:51:13"
"14159617273","2026-09-23 23:56:34.903","2026-09-27 22:28:58.584","14159617273","160435933","[PREMIUM]","[PREMIUM]","646","26","_",,,2,"[2]",2124,"Upper Terrace",10,"Mobile Transfer ticket",14,"[PREMIUM]","[PREMIUM]","[PREMIUM]","[PREMIUM]",true,false,"['Clear view']","2026-09-23 19:42:43"
"14159617129","2026-09-23 23:56:34.903","2026-09-27 22:28:58.396","14159617129","160435933","[PREMIUM]","[PREMIUM]","604","20","_",,,7,"[1,2,3,5,7]",2124,"Upper Terrace",10,"Mobile Transfer ticket",14,"[PREMIUM]","[PREMIUM]","[PREMIUM]","[PREMIUM]",true,false,"['Clear view']","2026-09-23 19:42:43"
"14159617636","2026-09-23 23:56:25.277","2026-09-24 22:32:23.961","14159617636","160435933","[PREMIUM]","[PREMIUM]","628","19","_",,,10,"[1,2,3,4,5,6,8,10]",2124,"Upper Terrace",10,"Mobile Transfer ticket",14,"[PREMIUM]","[PREMIUM]","[PREMIUM]","[PREMIUM]",true,false,"['Clear view']","2026-09-23 19:42:44"
"14159617523","2026-09-23 23:56:25.021","2026-09-24 22:32:24.114","14159617523","160435933","[PREMIUM]","[PREMIUM]","631","18","_",,,6,"[1,2,4,6]",2124,"Upper Terrace",10,"Mobile Transfer ticket",14,"[PREMIUM]","[PREMIUM]","[PREMIUM]","[PREMIUM]",true,false,"['Clear view']","2026-09-23 19:42:44"
"14159616850","2026-09-23 23:56:25.021","2026-09-24 22:32:23.943","14159616850","160435933","[PREMIUM]","[PREMIUM]","622","22","_",,,10,"[1,2,3,4,5,6,8,10]",2124,"Upper Terrace",10,"Mobile Transfer ticket",14,"[PREMIUM]","[PREMIUM]","[PREMIUM]","[PREMIUM]",true,false,"['Clear view']","2026-09-23 19:42:42"
"14159617498","2026-09-23 23:56:24.097","2026-09-23 23:56:24.097","14159617498","160435933","[PREMIUM]","[PREMIUM]","634","28","_",,,3,"[1,3]",2124,"Upper Terrace",10,"Mobile Transfer ticket",14,"[PREMIUM]","[PREMIUM]","[PREMIUM]","[PREMIUM]",true,false,"['Clear view']","2026-09-23 19:42:44"
"14159616925","2026-09-23 23:56:24.097","2026-09-29 05:28:49.215","14159616925","160435933","[PREMIUM]","[PREMIUM]","649","20","_",,,4,"[2,4]",2124,"Upper Terrace",10,"Mobile Transfer ticket",14,"[PREMIUM]","[PREMIUM]","[PREMIUM]","[PREMIUM]",true,false,"['Clear view']","2026-09-23 19:42:42"
"14159617318","2026-09-23 23:56:23.819","2026-09-23 23:56:23.819","14159617318","160435933","[PREMIUM]","[PREMIUM]","632","21","_",,,4,"[2,4]",2124,"Upper Terrace",10,"Mobile Transfer ticket",14,"[PREMIUM]","[PREMIUM]","[PREMIUM]","[PREMIUM]",true,false,"['Clear view']","2026-09-23 19:42:43"
"14159617156","2026-09-23 23:56:23.819","2026-09-24 22:32:23.659","14159617156","160435933","[PREMIUM]","[PREMIUM]","607","25","_",,,4,"[2,4]",2124,"Upper Terrace",10,"Mobile Transfer ticket",14,"[PREMIUM]","[PREMIUM]","[PREMIUM]","[PREMIUM]",true,false,"['Clear view']","2026-09-23 19:42:43"
"12860794910","2026-09-23 23:56:21.755","2026-09-24 00:04:05.204","12860794910","160436160","[PREMIUM]","[PREMIUM]","222","7","6_7","6","7",2,"[2]",11358,"200-Level",10,"Mobile Transfer ticket",1,"[PREMIUM]","[PREMIUM]","[PREMIUM]","[PREMIUM]",true,false,"['Clear view']","2026-05-29 15:25:25"
"12860805058","2026-09-23 23:56:14.149","2026-09-24 00:04:05.346","12860805058","160436160","[PREMIUM]","[PREMIUM]","225","2","17_18","17","18",2,"[2]",11358,"200-Level",10,"Mobile Transfer ticket",1,"[PREMIUM]","[PREMIUM]","[PREMIUM]","[PREMIUM]",true,false,"['Second Row of Section','Clear view']","2026-05-29 15:26:19"
"13928752765","2026-09-23 23:56:07.308","2026-09-24 00:05:16.757","13928752765","160436160","[PREMIUM]","[PREMIUM]","121","11","5_6","5","6",2,"[2]",11357,"100-Level",10,"Mobile Transfer ticket",1,"[PREMIUM]","[PREMIUM]","[PREMIUM]","[PREMIUM]",true,false,"['Second Row of Section','Clear view']","2026-09-04 16:04:31"
"14158809944","2026-09-23 23:56:07.308","2026-09-24 00:05:15.751","14158809944","160436160","[PREMIUM]","[PREMIUM]","338","2","_",,,2,"[2]",13685,"300-Level",10,"Mobile Transfer ticket",1,"[PREMIUM]","[PREMIUM]","[PREMIUM]","[PREMIUM]",true,false,"['Side view (printed on ticket)','Second Row of Section']","2026-09-23 18:31:50"
"14139012582","2026-09-23 23:56:04.405","2026-09-23 23:56:04.405","14139012582","160435933","[PREMIUM]","[PREMIUM]","624","21","_",,,6,"[1,2,4,6]",2124,"Upper Terrace",10,"Mobile Transfer ticket",14,"[PREMIUM]","[PREMIUM]","[PREMIUM]","[PREMIUM]",true,false,"['Clear view']","2026-09-22 13:27:51"
"14161179846","2026-09-23 23:56:04.405","2026-09-23 23:56:04.405","14161179846","160435933","[PREMIUM]","[PREMIUM]","623","15","_",,,1,"[1]",2124,"Upper Terrace",10,"Mobile Transfer ticket",1,"[PREMIUM]","[PREMIUM]","[PREMIUM]","[PREMIUM]",false,false,"['Clear view']","2026-09-23 21:49:42"
"13317862940","2026-09-23 23:55:56.657","2026-09-23 23:55:56.657","13317862940","160436160","[PREMIUM]","[PREMIUM]","101","13","1_4","1","4",4,"[1,2,4]",11357,"100-Level",10,"Mobile Transfer ticket",1,"[PREMIUM]","[PREMIUM]","[PREMIUM]","[PREMIUM]",true,false,"['Clear view']","2026-07-10 18:34:19"
"14082770044","2026-09-23 23:55:54.032","2026-10-01 05:24:39.129","14082770044","160417580","[PREMIUM]","[PREMIUM]","102","7","5_6","5","6",2,"[2]",594,"Lower",10,"Mobile Transfer ticket",1,"[PREMIUM]","[PREMIUM]","[PREMIUM]","[PREMIUM]",true,false,"['Clear view']","2026-09-17 23:28:35"
"13317867017","2026-09-23 23:55:53.575","2026-09-24 00:05:16.311","13317867017","160436160","[PREMIUM]","[PREMIUM]","121","13","3_10","3","10",8,"[1,2,3,4,5,6,8]",11357,"100-Level",10,"Mobile Transfer ticket",1,"[PREMIUM]","[PREMIUM]","[PREMIUM]","[PREMIUM]",true,false,"['Clear view']","2026-07-10 18:34:47"
"14064145519","2026-09-23 23:55:53.122","2026-09-27 22:27:04.652","14064145519","160436160","[PREMIUM]","[PREMIUM]","136","15","1_7","1",,7,"[1,2,3,4,5,7]",11357,"100-Level",10,"Mobile Transfer ticket",1,"[PREMIUM]","[PREMIUM]","[PREMIUM]","[PREMIUM]",true,false,"['Clear view']","2026-09-16 16:43:18"
"13523299900","2026-09-23 23:55:52.769","2026-09-24 00:05:15.380","13523299900","160436160","[PREMIUM]","[PREMIUM]","120","16","3_4","3","4",2,"[2]",11357,"100-Level",10,"Mobile Transfer ticket",1,"[PREMIUM]","[PREMIUM]","[PREMIUM]","[PREMIUM]",true,false,"['Clear view']","2026-07-30 20:48:31"
"14158809798","2026-09-23 23:55:51.545","2026-09-24 00:04:05.346","14158809798","160436160","[PREMIUM]","[PREMIUM]","337","3","_",,,2,"[2]",13685,"300-Level",10,"Mobile Transfer ticket",1,"[PREMIUM]","[PREMIUM]","[PREMIUM]","[PREMIUM]",true,false,"['Side view (printed on ticket)','Third Row of Section']","2026-09-23 18:31:49"
"13820364109","2026-09-23 23:55:50.647","2026-10-06 05:23:33.801","13820364109","160417576","[PREMIUM]","[PREMIUM]","514","7","9_14","9","14",6,"[2,4,6]",407,"Upper",10,"Mobile Transfer ticket",1,"[PREMIUM]","[PREMIUM]","[PREMIUM]","[PREMIUM]",true,false,"['Clear view']","2026-08-26 18:09:11"
"14161418263","2026-09-23 23:55:48.176","2026-09-29 05:29:09.338","14161418263","160436027","[PREMIUM]","[PREMIUM]","543","19","_",,,4,"[1,2,4]",407,"Upper",10,"Mobile Transfer ticket",1,"[PREMIUM]","[PREMIUM]","[PREMIUM]","[PREMIUM]",true,false,"['Clear view']","2026-09-23 22:06:12"
"14161613729","2026-09-23 23:55:48.176","2026-09-27 22:28:33.929","14161613729","160436027","[PREMIUM]","[PREMIUM]","516","22","_",,,4,"[1,2,4]",407,"Upper",10,"Mobile Transfer ticket",1,"[PREMIUM]","[PREMIUM]","[PREMIUM]","[PREMIUM]",true,false,"['Clear view']","2026-09-23 22:18:12"
"14161879138","2026-09-23 23:55:47.837","2026-10-06 05:25:41.015","14161879138","160436027","[PREMIUM]","[PREMIUM]","540","23","3_6","3","6",4,"[2,4]",407,"Upper",10,"Mobile Transfer ticket",1,"[PREMIUM]","[PREMIUM]","[PREMIUM]","[PREMIUM]",true,false,"['Clear view']","2026-09-23 22:35:20"
"14160156739","2026-09-23 23:55:47.607","2026-09-24 00:02:44.281","14160156739","160436027","[PREMIUM]","[PREMIUM]","523","7","_",,,2,"[2]",407,"Upper",10,"Mobile Transfer ticket",1,"[PREMIUM]","[PREMIUM]","[PREMIUM]","[PREMIUM]",true,false,"['Clear view']","2026-09-23 20:24:39"
"14161600292","2026-09-23 23:55:46.909","2026-09-24 00:01:31.918","14161600292","160436027","[PREMIUM]","[PREMIUM]","515","30","_",,,2,"[2]",407,"Upper",10,"Mobile Transfer ticket",1,"[PREMIUM]","[PREMIUM]","[PREMIUM]","[PREMIUM]",true,false,"['Clear view']","2026-09-23 22:17:15"
"12822428703","2026-09-23 23:55:46.210","2026-10-03 05:08:12.161","12822428703","160418321","[PREMIUM]","[PREMIUM]","142","8","11_14","11","14",4,"[2,4]",594,"Lower",10,"Mobile Transfer ticket",1,"[PREMIUM]","[PREMIUM]","[PREMIUM]","[PREMIUM]",true,false,"['Clear view']","2026-05-26 15:16:44"
"14145900832","2026-09-23 23:55:45.425","2026-10-06 05:06:49.931","14145900832","160418321","[PREMIUM]","[PREMIUM]","152","18","13_20","13","20",8,"[1,2,3,4,5,6,8]",594,"Lower",10,"Mobile Transfer ticket",1,"[PREMIUM]","[PREMIUM]","[PREMIUM]","[PREMIUM]",true,false,"['Clear view']","2026-09-22 21:59:42"
"13759522478","2026-09-23 23:55:39.468","2026-10-01 05:24:36.072","13759522478","160417580","[PREMIUM]","[PREMIUM]","111","38","11_12","11","12",2,"[2]",594,"Lower",10,"Mobile Transfer ticket",1,"[PREMIUM]","[PREMIUM]","[PREMIUM]","[PREMIUM]",true,false,"['Clear view']","2026-08-21 20:23:22"
"14161718972","2026-09-23 23:55:38.828","2026-09-23 23:56:00.544","14161718972","160418321","[PREMIUM]","[PREMIUM]","220","14","_",,,2,"[2]",471,"Middle",10,"Mobile Transfer ticket",1,"[PREMIUM]","[PREMIUM]","[PREMIUM]","[PREMIUM]",true,false,"['Clear view']","2026-09-23 22:25:57"
"14153074961","2026-09-23 23:55:37.641","2026-09-23 23:55:37.641","14153074961","160417580","[PREMIUM]","[PREMIUM]","135","38","_",,,2,"[2]",594,"Lower",10,"Mobile Transfer ticket",1,"[PREMIUM]","[PREMIUM]","[PREMIUM]","[PREMIUM]",true,false,"['Clear view']","2026-09-23 08:41:37"
"14157251695","2026-09-23 23:55:36.256","2026-09-23 23:55:36.256","14157251695","160437154","[PREMIUM]","[PREMIUM]","115","7","9001_9003","9001",,3,"[3]",952,"Main Level",10,"Mobile Transfer ticket",13,"[PREMIUM]","[PREMIUM]","[PREMIUM]","[PREMIUM]",true,false,"['Clear view']","2026-09-23 16:25:41"
"14148147550","2026-09-23 23:55:35.317","2026-10-06 05:23:33.808","14148147550","160417576","[PREMIUM]","[PREMIUM]","528","7","12_13","12","13",2,"[2]",407,"Upper",10,"Mobile Transfer ticket",1,"[PREMIUM]","[PREMIUM]","[PREMIUM]","[PREMIUM]",true,false,"['Clear view']","2026-09-23 00:33:19"
"14152241881","2026-09-23 23:55:25.411","2026-09-23 23:55:25.411","14152241881","160436160","[PREMIUM]","[PREMIUM]","317","5","9001_9002","9001",,2,"[2]",13685,"300-Level",11,"Mobile ticket",1,"[PREMIUM]","[PREMIUM]","[PREMIUM]","[PREMIUM]",true,false,"['Clear view']","2026-09-23 07:12:02"
"14154195824","2026-09-23 23:55:24.174","2026-09-24 00:06:04.154","14154195824","160417580","[PREMIUM]","[PREMIUM]","102","2","1007_1008","1007","1008",2,"[2]",594,"Lower",10,"Mobile Transfer ticket",1,"[PREMIUM]","[PREMIUM]","[PREMIUM]","[PREMIUM]",true,false,"['Second Row of Section','Clear view']","2026-09-23 11:07:18"
"14158810545","2026-09-23 23:55:23.092","2026-09-24 00:03:37.448","14158810545","160436160","[PREMIUM]","[PREMIUM]","341","7","_",,,2,"[2]",13685,"300-Level",10,"Mobile Transfer ticket",1,"[PREMIUM]","[PREMIUM]","[PREMIUM]","[PREMIUM]",true,false,"['Side view (printed on ticket)']","2026-09-23 18:31:52"
"13734492255","2026-09-23 23:55:22.770","2026-10-06 22:11:18.011","13734492255","160436160","[PREMIUM]","[PREMIUM]","312","20","8_11","8",,4,"[1,2,4]",13685,"300-Level",10,"Mobile Transfer ticket",1,"[PREMIUM]","[PREMIUM]","[PREMIUM]","[PREMIUM]",true,false,"['Clear view']","2026-08-20 09:08:08"
"14155674686","2026-09-23 23:55:22.465","2026-10-06 05:06:52.323","14155674686","160418321","[PREMIUM]","[PREMIUM]","126","3","16_17","16","17",2,"[2]",594,"Lower",10,"Mobile Transfer ticket",1,"[PREMIUM]","[PREMIUM]","[PREMIUM]","[PREMIUM]",true,false,"['Third Row of Section','Clear view']","2026-09-23 14:20:43"
"14161716976","2026-09-23 23:55:21.655","2026-09-23 23:56:45.043","14161716976","160418321","[PREMIUM]","[PREMIUM]","118","5","_",,,2,"[2]",594,"Lower",10,"Mobile Transfer ticket",1,"[PREMIUM]","[PREMIUM]","[PREMIUM]","[PREMIUM]",true,false,"['Clear view']","2026-09-23 22:25:50"
"12860483228","2026-09-23 23:55:12.808","2026-10-06 05:06:52.733","12860483228","160418321","[PREMIUM]","[PREMIUM]","140","15","_",,,2,"[2]",594,"Lower",10,"Mobile Transfer ticket",1,"[PREMIUM]","[PREMIUM]","[PREMIUM]","[PREMIUM]",true,false,"['Clear view']","2026-05-29 14:46:26"
"13242879742","2026-09-23 23:55:12.640","2026-10-06 05:06:48.730","13242879742","160418321","[PREMIUM]","[PREMIUM]","152","4","_",,,3,"[1,3]",594,"Lower",10,"Mobile Transfer ticket",1,"[PREMIUM]","[PREMIUM]","[PREMIUM]","[PREMIUM]",true,false,"['Clear view']","2026-07-04 14:45:00"
"14161418245","2026-09-23 23:55:10.501","2026-09-30 05:28:31.646","14161418245","160436027","[PREMIUM]","[PREMIUM]","540","26","_",,,2,"[2]",407,"Upper",10,"Mobile Transfer ticket",1,"[PREMIUM]","[PREMIUM]","[PREMIUM]","[PREMIUM]",true,false,"['Clear view']","2026-09-23 22:06:12"
"14160156743","2026-09-23 23:55:08.839","2026-09-24 00:01:14.069","14160156743","160436027","[PREMIUM]","[PREMIUM]","510","23","1_4","1",,4,"[1,2,4]",407,"Upper",10,"Mobile Transfer ticket",1,"[PREMIUM]","[PREMIUM]","[PREMIUM]","[PREMIUM]",true,false,"['Clear view']","2026-09-23 20:24:39"
"14160156731","2026-09-23 23:55:08.839","2026-09-24 00:01:14.069","14160156731","160436027","[PREMIUM]","[PREMIUM]","536","18","_",,,6,"[1,2,3,4,6]",407,"Upper",10,"Mobile Transfer ticket",1,"[PREMIUM]","[PREMIUM]","[PREMIUM]","[PREMIUM]",true,false,"['Clear view']","2026-09-23 20:24:39"
"14149939813","2026-09-23 23:55:08.547","2026-10-04 05:27:07.592","14149939813","160436027","[PREMIUM]","[PREMIUM]","539","19","20_21","20",,2,"[2]",407,"Upper",10,"Mobile Transfer ticket",14,"[PREMIUM]","[PREMIUM]","[PREMIUM]","[PREMIUM]",true,false,"['Clear view']","2026-09-23 03:20:01"
"14162616209","2026-09-23 23:55:08.547","2026-09-24 00:01:32.843","14162616209","160436027","[PREMIUM]","[PREMIUM]","533","22","7_8","7","8",2,"[2]",407,"Upper",10,"Mobile Transfer ticket",1,"[PREMIUM]","[PREMIUM]","[PREMIUM]","[PREMIUM]",true,false,"['Clear view']","2026-09-23 23:46:48"
"14162564096","2026-09-23 23:55:08.209","2026-09-24 00:01:13.358","14162564096","160436027","[PREMIUM]","[PREMIUM]","550","29","24_24","24",,1,"[1]",407,"Upper",10,"Mobile Transfer ticket",1,"[PREMIUM]","[PREMIUM]","[PREMIUM]","[PREMIUM]",false,false,"['Clear view']","2026-09-23 23:41:22"
"14143401273","2026-09-23 23:55:07.863","2026-09-23 23:55:07.863","14143401273","160418321","[PREMIUM]","[PREMIUM]","309","5","_",,,2,"[2]",407,"Upper",10,"Mobile Transfer ticket",1,"[PREMIUM]","[PREMIUM]","[PREMIUM]","[PREMIUM]",true,false,"['Clear view']","2026-09-22 19:18:56"
"13904262108","2026-09-23 23:54:54.824","2026-09-29 22:07:24.676","13904262108","160436160","[PREMIUM]","[PREMIUM]","313","11","1_2","1","2",2,"[2]",13685,"300-Level",10,"Mobile Transfer ticket",1,"[PREMIUM]","[PREMIUM]","[PREMIUM]","[PREMIUM]",true,false,"['Clear view']","2026-09-02 14:52:38"
"14158811717","2026-09-23 23:54:54.515","2026-09-24 00:01:41.883","14158811717","160436160","[PREMIUM]","[PREMIUM]","346","5","_",,,2,"[2]",13685,"300-Level",10,"Mobile Transfer ticket",1,"[PREMIUM]","[PREMIUM]","[PREMIUM]","[PREMIUM]",true,false,"['Third Row of Section','Clear view']","2026-09-23 18:31:59"
"14158808702","2026-09-23 23:54:51.271","2026-09-24 00:01:22.136","14158808702","160436160","[PREMIUM]","[PREMIUM]","319","6","_",,,2,"[2]",13685,"300-Level",10,"Mobile Transfer ticket",1,"[PREMIUM]","[PREMIUM]","[PREMIUM]","[PREMIUM]",true,false,"['Clear view']","2026-09-23 18:31:41"
"13639466920","2026-09-23 23:54:21.423","2026-10-04 05:25:51.091","13639466920","160417580","[PREMIUM]","[PREMIUM]","112","14","_",,,4,"[1,2,4]",594,"Lower",10,"Mobile Transfer ticket",1,"[PREMIUM]","[PREMIUM]","[PREMIUM]","[PREMIUM]",true,false,"['Clear view']","2026-08-11 19:25:47"
"13309594323","2026-09-23 23:53:56.516","2026-10-05 22:08:52.202","13309594323","160436160","[PREMIUM]","[PREMIUM]","312","34","_",,,2,"[2]",13685,"300-Level",10,"Mobile Transfer ticket",1,"[PREMIUM]","[PREMIUM]","[PREMIUM]","[PREMIUM]",true,false,"['Clear view']","2026-07-10 01:05:47"
"14157728344","2026-09-23 23:53:56.516","2026-10-05 22:08:52.202","14157728344","160436160","[PREMIUM]","[PREMIUM]","342","18","3_23","3",,21,"[1,2,3,4,5,6,7,8,9,10,11,12,13,14,15,16,17,18,19,21]",13685,"300-Level",10,"Mobile Transfer ticket",1,"[PREMIUM]","[PREMIUM]","[PREMIUM]","[PREMIUM]",true,false,"['Clear view']","2026-09-23 17:07:28"
"14157728345","2026-09-23 23:53:56.258","2026-10-02 22:08:56.784","14157728345","160436160","[PREMIUM]","[PREMIUM]","342","19","6_25","6",,20,"[1,2,3,4,5,6,7,8,9,10,11,12,13,14,15,16,17,18,20]",13685,"300-Level",10,"Mobile Transfer ticket",1,"[PREMIUM]","[PREMIUM]","[PREMIUM]","[PREMIUM]",true,false,"['Clear view']","2026-09-23 17:07:28"
"14158245066","2026-09-23 23:53:53.993","2026-09-24 00:04:14.702","14158245066","160417580","[PREMIUM]","[PREMIUM]","514","5","_",,,2,"[2]",407,"Upper",10,"Mobile Transfer ticket",1,"[PREMIUM]","[PREMIUM]","[PREMIUM]","[PREMIUM]",true,false,"['Second Row of Section','Clear view']","2026-09-23 17:47:35"
"14157252186","2026-09-23 23:53:53.342","2026-09-23 23:53:53.342","14157252186","160437154","[PREMIUM]","[PREMIUM]","409","A","9001_9002","9001",,2,"[2]",5506,"Ring of Honor",10,"Mobile Transfer ticket",13,"[PREMIUM]","[PREMIUM]","[PREMIUM]","[PREMIUM]",true,false,"['Front Row of Section','Clear view']","2026-09-23 16:25:44"
"14162584920","2026-09-23 23:53:53.342","2026-09-23 23:53:53.342","14162584920","160437154","[PREMIUM]","[PREMIUM]","445","A","9001_9002","9001",,2,"[2]",5506,"Ring of Honor",10,"Mobile Transfer ticket",13,"[PREMIUM]","[PREMIUM]","[PREMIUM]","[PREMIUM]",true,false,"['Front Row of Section','Clear view']","2026-09-23 23:43:52"
"14155411317","2026-09-23 23:53:49.130","2026-09-23 23:53:49.130","14155411317","160437158","[PREMIUM]","[PREMIUM]","445","1","9001_9002","9001",,2,"[2]",1771,"Terrace Level",10,"Mobile Transfer ticket",13,"[PREMIUM]","[PREMIUM]","[PREMIUM]","[PREMIUM]",true,false,"['Clear view']","2026-09-23 13:56:58"
"14115316444","2026-09-23 23:53:48.849","2026-09-23 23:53:48.849","14115316444","160417576","[PREMIUM]","[PREMIUM]","532","18","8_9","8","9",2,"[2]",407,"Upper",10,"Mobile Transfer ticket",1,"[PREMIUM]","[PREMIUM]","[PREMIUM]","[PREMIUM]",true,false,"['Clear view']","2026-09-20 13:52:18"
"12764743750","2026-09-23 23:53:47.286","2026-10-06 05:23:28.009","12764743750","160417576","[PREMIUM]","[PREMIUM]","536","9","16_19","16","19",4,"[2,4]",407,"Upper",10,"Mobile Transfer ticket",1,"[PREMIUM]","[PREMIUM]","[PREMIUM]","[PREMIUM]",true,false,"['Clear view']","2026-05-21 00:41:49"
"14126613536","2026-09-23 23:53:46.311","2026-09-27 05:24:42.210","14126613536","160417576","[PREMIUM]","[PREMIUM]","541","9","_",,,2,"[2]",407,"Upper",10,"Mobile Transfer ticket",1,"[PREMIUM]","[PREMIUM]","[PREMIUM]","[PREMIUM]",true,false,"['Clear view']","2026-09-21 16:10:20"
"13145978876","2026-09-23 23:53:45.285","2026-09-24 22:33:54.986","13145978876","160436160","[PREMIUM]","[PREMIUM]","323","9","10_13","10","13",4,"[2,4]",13685,"300-Level",10,"Mobile Transfer ticket",1,"[PREMIUM]","[PREMIUM]","[PREMIUM]","[PREMIUM]",true,false,"['Clear view']","2026-06-25 20:31:48"
"14155010637","2026-09-23 23:53:44.623","2026-09-29 22:07:17.874","14155010637","160436160","[PREMIUM]","[PREMIUM]","327","6","16_18","16","18",3,"[1,3]",13685,"300-Level",10,"Mobile Transfer ticket",1,"[PREMIUM]","[PREMIUM]","[PREMIUM]","[PREMIUM]",true,false,"['Clear view']","2026-09-23 12:51:11"
"14160156598","2026-09-23 23:53:42.284","2026-09-24 00:00:39.452","14160156598","160436160","[PREMIUM]","[PREMIUM]","320","14","8_11","8",,4,"[1,2,4]",13685,"300-Level",10,"Mobile Transfer ticket",1,"[PREMIUM]","[PREMIUM]","[PREMIUM]","[PREMIUM]",true,false,"['Clear view']","2026-09-23 20:24:38"
"14155010642","2026-09-23 23:53:41.872","2026-09-24 22:33:46.432","14155010642","160436160","[PREMIUM]","[PREMIUM]","320","16","13_16","13","16",4,"[2,4]",13685,"300-Level",10,"Mobile Transfer ticket",1,"[PREMIUM]","[PREMIUM]","[PREMIUM]","[PREMIUM]",true,false,"['Clear view']","2026-09-23 12:51:11"
"14155546384","2026-09-23 23:53:41.265","2026-09-23 23:53:41.265","14155546384","160437154","[PREMIUM]","[PREMIUM]","121","2","9001_9002","9001",,2,"[2]",952,"Main Level",10,"Mobile Transfer ticket",13,"[PREMIUM]","[PREMIUM]","[PREMIUM]","[PREMIUM]",true,false,"['Second Row of Section','Clear view']","2026-09-23 14:11:04"
"14156118174","2026-09-23 23:53:41.154","2026-09-23 23:53:55.916","14156118174","160437154","[PREMIUM]","[PREMIUM]","442","B","9001_9002","9001",,2,"[2]",5506,"Ring of Honor",10,"Mobile Transfer ticket",13,"[PREMIUM]","[PREMIUM]","[PREMIUM]","[PREMIUM]",true,false,"['Second Row of Section','Clear view']","2026-09-23 14:58:53"
"14149600789","2026-09-23 23:53:40.919","2026-10-02 05:27:01.603","14149600789","160437154","[PREMIUM]","[PREMIUM]","414","2","_",,,2,"[2]",1771,"Terrace Level",10,"Mobile Transfer ticket",1,"[PREMIUM]","[PREMIUM]","[PREMIUM]","[PREMIUM]",true,false,"['Clear view']","2026-09-23 02:48:17"
"14157333184","2026-09-23 23:53:40.919","2026-09-23 23:53:40.919","14157333184","160437154","[PREMIUM]","[PREMIUM]","414","1","_",,,1,"[1]",1771,"Terrace Level",10,"Mobile Transfer ticket",1,"[PREMIUM]","[PREMIUM]","[PREMIUM]","[PREMIUM]",false,false,"['Clear view']","2026-09-23 16:33:46"
"14161941057","2026-09-23 23:53:39.745","2026-10-06 05:06:42.123","14161941057","160418321","[PREMIUM]","[PREMIUM]","341","13","_",,,2,"[2]",407,"Upper",10,"Mobile Transfer ticket",1,"[PREMIUM]","[PREMIUM]","[PREMIUM]","[PREMIUM]",true,false,"['Clear view']","2026-09-23 22:41:06"
"14155410877","2026-09-23 23:53:38.395","2026-09-23 23:53:38.395","14155410877","160437154","[PREMIUM]","[PREMIUM]","443","B","9001_9002","9001",,2,"[2]",5506,"Ring of Honor",10,"Mobile Transfer ticket",13,"[PREMIUM]","[PREMIUM]","[PREMIUM]","[PREMIUM]",true,false,"['Second Row of Section','Clear view']","2026-09-23 13:56:56"
"14159539506","2026-09-23 23:53:38.000","2026-09-23 23:53:38.000","14159539506","160437154","[PREMIUM]","[PREMIUM]","402","B","9001_9006","9001",,6,"[1,2,3,4,6]",5506,"Ring of Honor",10,"Mobile Transfer ticket",1,"[PREMIUM]","[PREMIUM]","[PREMIUM]","[PREMIUM]",true,false,"['Second Row of Section','Clear view']","2026-09-23 19:37:50"
"14151579704","2026-09-23 23:53:37.663","2026-09-23 23:53:37.663","14151579704","160437154","[PREMIUM]","[PREMIUM]","432","B","_",,,4,"[1,2,3,4]",5506,"Ring of Honor",10,"Mobile Transfer ticket",1,"[PREMIUM]","[PREMIUM]","[PREMIUM]","[PREMIUM]",true,false,"['Second Row of Section','Clear view']","2026-09-23 05:54:55"
"14138080301","2026-09-23 23:53:36.873","2026-09-23 23:53:36.873","14138080301","160437154","[PREMIUM]","[PREMIUM]","431","C","9001_9005","9001",,5,"[1,2,3,5]",5506,"Ring of Honor",10,"Mobile Transfer ticket",1,"[PREMIUM]","[PREMIUM]","[PREMIUM]","[PREMIUM]",true,false,"['Third Row of Section','Clear view']","2026-09-22 12:10:43"
"14142732838","2026-09-23 23:53:36.528","2026-09-23 23:53:36.528","14142732838","160437154","[PREMIUM]","[PREMIUM]","431","B","9001_9006","9001",,6,"[1,2,3,4,6]",5506,"Ring of Honor",10,"Mobile Transfer ticket",1,"[PREMIUM]","[PREMIUM]","[PREMIUM]","[PREMIUM]",true,false,"['Second Row of Section','Clear view']","2026-09-22 18:31:38"
"14148536643","2026-09-23 23:53:36.528","2026-09-26 05:21:53.978","14148536643","160437154","[PREMIUM]","[PREMIUM]","431","D","_",,,5,"[1,2,3,4,5]",5506,"Ring of Honor",10,"Mobile Transfer ticket",1,"[PREMIUM]","[PREMIUM]","[PREMIUM]","[PREMIUM]",true,false,"['Clear view']","2026-09-23 01:03:07"
"14157593648","2026-09-23 23:53:36.528","2026-09-23 23:53:36.528","14157593648","160437154","[PREMIUM]","[PREMIUM]","442","1","9001_9002","9001",,2,"[2]",1771,"Terrace Level",10,"Mobile Transfer ticket",13,"[PREMIUM]","[PREMIUM]","[PREMIUM]","[PREMIUM]",true,false,"['Clear view']","2026-09-23 16:56:56"
"14155410930","2026-09-23 23:53:36.126","2026-09-23 23:53:36.126","14155410930","160437154","[PREMIUM]","[PREMIUM]","408","B","9001_9001","9001",,1,"[1]",5506,"Ring of Honor",10,"Mobile Transfer ticket",13,"[PREMIUM]","[PREMIUM]","[PREMIUM]","[PREMIUM]",false,false,"['Second Row of Section','Clear view']","2026-09-23 13:56:56"
"14156012750","2026-09-23 23:53:22.770","2026-09-24 22:34:14.094","14156012750","160417576","[PREMIUM]","[PREMIUM]","512","21","7_8","7","8",2,"[2]",407,"Upper",10,"Mobile Transfer ticket",1,"[PREMIUM]","[PREMIUM]","[PREMIUM]","[PREMIUM]",true,false,"['Clear view']","2026-09-23 14:49:55"
"14160844372","2026-09-23 23:53:20.504","2026-09-23 23:53:20.504","14160844372","160417576","[PREMIUM]","[PREMIUM]","542","16","18_19","18","19",2,"[2]",407,"Upper",10,"Mobile Transfer ticket",1,"[PREMIUM]","[PREMIUM]","[PREMIUM]","[PREMIUM]",true,false,"['Clear view']","2026-09-23 21:20:07"
"14155188101","2026-09-23 23:53:20.347","2026-09-28 05:23:29.567","14155188101","160417576","[PREMIUM]","[PREMIUM]","513","16","9_10","9","10",2,"[2]",407,"Upper",10,"Mobile Transfer ticket",1,"[PREMIUM]","[PREMIUM]","[PREMIUM]","[PREMIUM]",true,false,"['Clear view']","2026-09-23 13:16:26"
"14149757412","2026-09-23 23:53:20.083","2026-09-26 05:22:19.756","14149757412","160417576","[PREMIUM]","[PREMIUM]","512","24","1_2","1","2",2,"[2]",407,"Upper",10,"Mobile Transfer ticket",1,"[PREMIUM]","[PREMIUM]","[PREMIUM]","[PREMIUM]",true,false,"['Clear view']","2026-09-23 03:03:29"
"13759520173","2026-09-23 23:53:19.764","2026-10-06 05:23:28.611","13759520173","160417580","[PREMIUM]","[PREMIUM]","141","42","3_4","3","4",2,"[2]",594,"Lower",10,"Mobile Transfer ticket",1,"[PREMIUM]","[PREMIUM]","[PREMIUM]","[PREMIUM]",true,false,"['Clear view']","2026-08-21 20:23:14"
"14148558501","2026-09-23 23:53:17.761","2026-09-26 22:30:47.836","14148558501","160436160","[PREMIUM]","[PREMIUM]","329","18","_",,,2,"[2]",13685,"300-Level",10,"Mobile Transfer ticket",1,"[PREMIUM]","[PREMIUM]","[PREMIUM]","[PREMIUM]",true,false,"['Clear view']","2026-09-23 01:04:48"
"14156266978","2026-09-23 23:53:16.651","2026-09-26 22:31:41.036","14156266978","160435673","[PREMIUM]","[PREMIUM]","C4","2","_",,,4,"[2,4]",1724,"Club",10,"Mobile Transfer ticket",1,"[PREMIUM]","[PREMIUM]","[PREMIUM]","[PREMIUM]",true,false,"['Second Row of Section','Clear view']","2026-09-23 15:08:54"
"14152350207","2026-09-23 23:53:15.687","2026-09-24 22:29:48.594","14152350207","160437154","[PREMIUM]","[PREMIUM]","408","2","9001_9002","9001",,2,"[2]",1771,"Terrace Level",10,"Mobile Transfer ticket",1,"[PREMIUM]","[PREMIUM]","[PREMIUM]","[PREMIUM]",true,false,"['Clear view']","2026-09-23 07:26:35"
"14100193467","2026-09-23 23:53:13.292","2026-10-03 05:22:33.799","14100193467","160437154","[PREMIUM]","[PREMIUM]","132","24","11_14","11","14",4,"[2,4]",952,"Main Level",10,"Mobile Transfer ticket",1,"[PREMIUM]","[PREMIUM]","[PREMIUM]","[PREMIUM]",true,false,"['Clear view']","2026-09-19 05:43:39"
"12698736096","2026-09-23 23:53:12.752","2026-10-06 05:21:28.049","12698736096","160437154","[PREMIUM]","[PREMIUM]","122","10","_",,,12,"[1,2,3,4,5,6,7,8,10,12]",952,"Main Level",10,"Mobile Transfer ticket",14,"[PREMIUM]","[PREMIUM]","[PREMIUM]","[PREMIUM]",true,false,"['Clear view']","2026-05-15 14:45:24"
"14157750421","2026-09-23 23:53:10.456","2026-09-23 23:53:10.456","14157750421","160418321","[PREMIUM]","[PREMIUM]","343","13","_",,,2,"[2]",407,"Upper",10,"Mobile Transfer ticket",1,"[PREMIUM]","[PREMIUM]","[PREMIUM]","[PREMIUM]",true,false,"['Limited or Obstructed View (printed on ticket)']","2026-09-23 17:09:37"
"14157899077","2026-09-23 23:53:10.153","2026-09-27 05:08:08.406","14157899077","160418321","[PREMIUM]","[PREMIUM]","341","28","1_12","1","12",12,"[1,2,3,4,5,6,7,8,9,10,12]",407,"Upper",10,"Mobile Transfer ticket",1,"[PREMIUM]","[PREMIUM]","[PREMIUM]","[PREMIUM]",true,false,"['Clear view']","2026-09-23 17:23:48"
"14157899284","2026-09-23 23:53:10.153","2026-09-26 22:33:30.908","14157899284","160418321","[PREMIUM]","[PREMIUM]","341","25","7_16","7","16",10,"[1,2,3,4,5,6,7,8,10]",407,"Upper",10,"Mobile Transfer ticket",1,"[PREMIUM]","[PREMIUM]","[PREMIUM]","[PREMIUM]",true,false,"['Clear view']","2026-09-23 17:23:51"
"14157899076","2026-09-23 23:53:09.986","2026-09-27 05:08:08.406","14157899076","160418321","[PREMIUM]","[PREMIUM]","339","28","11_20","11","20",10,"[1,2,3,4,5,6,7,8,10]",407,"Upper",10,"Mobile Transfer ticket",1,"[PREMIUM]","[PREMIUM]","[PREMIUM]","[PREMIUM]",true,false,"['Clear view']","2026-09-23 17:23:48"
"14157899027","2026-09-23 23:53:09.700","2026-09-27 05:08:08.199","14157899027","160418321","[PREMIUM]","[PREMIUM]","339","32","14_24","14","24",11,"[1,2,3,4,5,6,7,8,9,11]",407,"Upper",10,"Mobile Transfer ticket",1,"[PREMIUM]","[PREMIUM]","[PREMIUM]","[PREMIUM]",true,false,"['Clear view']","2026-09-23 17:23:48"
"14157899268","2026-09-23 23:53:09.700","2026-09-27 05:08:08.199","14157899268","160418321","[PREMIUM]","[PREMIUM]","341","29","3_9","3","9",7,"[1,2,3,4,5,7]",407,"Upper",10,"Mobile Transfer ticket",1,"[PREMIUM]","[PREMIUM]","[PREMIUM]","[PREMIUM]",true,false,"['Clear view']","2026-09-23 17:23:51"
"13999150753","2026-09-23 23:53:09.376","2026-10-01 05:08:12.465","13999150753","160418321","[PREMIUM]","[PREMIUM]","152","56","_",,,2,"[2]",594,"Lower",10,"Mobile Transfer ticket",1,"[PREMIUM]","[PREMIUM]","[PREMIUM]","[PREMIUM]",true,false,"['Clear view']","2026-09-11 00:32:51"
"14155767798","2026-09-23 23:53:08.379","2026-09-23 23:53:08.379","14155767798","160437154","[PREMIUM]","[PREMIUM]","407","A","9001_9002","9001",,2,"[2]",5506,"Ring of Honor",10,"Mobile Transfer ticket",13,"[PREMIUM]","[PREMIUM]","[PREMIUM]","[PREMIUM]",true,false,"['Front Row of Section','Clear view']","2026-09-23 14:27:49"
"14152350303","2026-09-23 23:53:08.111","2026-09-23 23:53:08.111","14152350303","160437154","[PREMIUM]","[PREMIUM]","432","8","9001_9005","9001",,5,"[1,2,3,5]",1771,"Terrace Level",10,"Mobile Transfer ticket",1,"[PREMIUM]","[PREMIUM]","[PREMIUM]","[PREMIUM]",true,false,"['Clear view']","2026-09-23 07:26:35"
"14161730135","2026-09-23 23:53:08.111","2026-09-23 23:53:08.111","14161730135","160437154","[PREMIUM]","[PREMIUM]","435","A","_",,,2,"[2]",5506,"Ring of Honor",10,"Mobile Transfer ticket",1,"[PREMIUM]","[PREMIUM]","[PREMIUM]","[PREMIUM]",true,false,"['Front Row of Section','Clear view']","2026-09-23 22:26:29"
"14155498270","2026-09-23 23:53:07.459","2026-09-23 23:53:07.459","14155498270","160437154","[PREMIUM]","[PREMIUM]","429","A","_",,,1,"[1]",5506,"Ring of Honor",10,"Mobile Transfer ticket",1,"[PREMIUM]","[PREMIUM]","[PREMIUM]","[PREMIUM]",false,false,"['Front Row of Section','Clear view']","2026-09-23 14:07:29"
"14155554014","2026-09-23 23:53:07.191","2026-09-23 23:53:07.191","14155554014","160437154","[PREMIUM]","[PREMIUM]","443","1","9001_9002","9001",,2,"[2]",1771,"Terrace Level",10,"Mobile Transfer ticket",13,"[PREMIUM]","[PREMIUM]","[PREMIUM]","[PREMIUM]",true,false,"['Clear view']","2026-09-23 14:11:49"
"14155401368","2026-09-23 23:53:06.843","2026-09-23 23:53:06.843","14155401368","160437154","[PREMIUM]","[PREMIUM]","411","2","9001_9004","9001",,4,"[4]",1771,"Terrace Level",10,"Mobile Transfer ticket",13,"[PREMIUM]","[PREMIUM]","[PREMIUM]","[PREMIUM]",true,false,"['Clear view']","2026-09-23 13:54:39"
"12848330048","2026-09-23 23:53:06.523","2026-09-28 05:22:32.404","12848330048","160437154","[PREMIUM]","[PREMIUM]","113","18","_",,,3,"[1,3]",952,"Main Level",10,"Mobile Transfer ticket",1,"[PREMIUM]","[PREMIUM]","[PREMIUM]","[PREMIUM]",true,false,"['Clear view']","2026-05-28 16:45:49"
"14157849311","2026-09-23 23:53:06.523","2026-09-23 23:53:06.523","14157849311","160437154","[PREMIUM]","[PREMIUM]","438","1","9001_9002","9001",,2,"[2]",1771,"Terrace Level",10,"Mobile Transfer ticket",13,"[PREMIUM]","[PREMIUM]","[PREMIUM]","[PREMIUM]",true,false,"['Clear view']","2026-09-23 17:19:14"
"14159746743","2026-09-23 23:53:04.276","2026-09-23 23:53:04.276","14159746743","160437154","[PREMIUM]","[PREMIUM]","438","6","_",,,8,"[1,2,3,4,5,6,7,8]",1771,"Terrace Level",10,"Mobile Transfer ticket",1,"[PREMIUM]","[PREMIUM]","[PREMIUM]","[PREMIUM]",true,false,"['Clear view']","2026-09-23 19:51:07"
"14154391506","2026-09-23 23:53:02.218","2026-09-23 23:53:02.218","14154391506","160417580","[PREMIUM]","[PREMIUM]","144","31","9_10","9","10",2,"[2]",594,"Lower",10,"Mobile Transfer ticket",1,"[PREMIUM]","[PREMIUM]","[PREMIUM]","[PREMIUM]",true,false,"['Clear view']","2026-09-23 11:29:32"
"14148110935","2026-09-23 23:53:00.366","2026-09-25 23:04:12.579","14148110935","160417580","[PREMIUM]","[PREMIUM]","532","19","13_14","13","14",2,"[2]",407,"Upper",10,"Mobile Transfer ticket",1,"[PREMIUM]","[PREMIUM]","[PREMIUM]","[PREMIUM]",true,false,"['Clear view']","2026-09-23 00:30:26"
"14148110937","2026-09-23 23:53:00.366","2026-09-27 05:24:25.453","14148110937","160417580","[PREMIUM]","[PREMIUM]","532","18","1_5","1","5",5,"[1,2,3,5]",407,"Upper",10,"Mobile Transfer ticket",1,"[PREMIUM]","[PREMIUM]","[PREMIUM]","[PREMIUM]",true,false,"['Clear view']","2026-09-23 00:30:26"
"14157850381","2026-09-23 23:52:59.722","2026-09-24 00:04:26.357","14157850381","160437158","[PREMIUM]","[PREMIUM]","230","4","9001_9004","9001",,4,"[4]",300,"Club Level",10,"Mobile Transfer ticket",13,"[PREMIUM]","[PREMIUM]","[PREMIUM]","[PREMIUM]",true,false,"['Clear view']","2026-09-23 17:19:18"
"14123681417","2026-09-23 23:52:59.676","2026-09-26 05:14:12.408","14123681417","160435673","[PREMIUM]","[PREMIUM]","141","1","9001_9004","9001","9004",4,"[4]",594,"Lower",10,"Mobile Transfer ticket",13,"[PREMIUM]","[PREMIUM]","[PREMIUM]","[PREMIUM]",true,false,"['Limited or Obstructed View (printed on ticket)','Front Row of Section']","2026-09-21 08:36:34"
"14159193467","2026-09-23 23:52:59.676","2026-10-06 05:13:28.650","14159193467","160435673","[PREMIUM]","[PREMIUM]","V7","2","9_11","9","11",3,"[1,2,3]",1724,"Club",10,"Mobile Transfer ticket",1,"[PREMIUM]","[PREMIUM]","[PREMIUM]","[PREMIUM]",true,false,"['Second Row of Section','Clear view']","2026-09-23 19:11:21"
"14155269666","2026-09-23 23:52:59.061","2026-09-24 00:04:24.342","14155269666","160437158","[PREMIUM]","[PREMIUM]","220","6","_",,,2,"[2]",300,"Club Level",10,"Mobile Transfer ticket",1,"[PREMIUM]","[PREMIUM]","[PREMIUM]","[PREMIUM]",true,false,"['Clear view']","2026-09-23 13:27:54"
"14155768235","2026-09-23 23:52:59.061","2026-09-24 00:04:24.342","14155768235","160437158","[PREMIUM]","[PREMIUM]","120","4","9001_9003","9001",,3,"[3]",952,"Main Level",10,"Mobile Transfer ticket",13,"[PREMIUM]","[PREMIUM]","[PREMIUM]","[PREMIUM]",true,false,"['Clear view']","2026-09-23 14:27:53"
"14156763528","2026-09-23 23:52:59.061","2026-09-24 00:04:24.342","14156763528","160437158","[PREMIUM]","[PREMIUM]","118","5","9001_9003","9001",,3,"[3]",952,"Main Level",10,"Mobile Transfer ticket",13,"[PREMIUM]","[PREMIUM]","[PREMIUM]","[PREMIUM]",true,false,"['Clear view']","2026-09-23 15:42:56"
"12848329922","2026-09-23 23:52:58.672","2026-09-24 22:29:40.944","12848329922","160437154","[PREMIUM]","[PREMIUM]","113","25","_",,,3,"[1,3]",952,"Main Level",10,"Mobile Transfer ticket",1,"[PREMIUM]","[PREMIUM]","[PREMIUM]","[PREMIUM]",true,false,"['Clear view']","2026-05-28 16:45:49"
"14149747380","2026-09-23 23:52:58.407","2026-09-29 05:05:20.347","14149747380","160437158","[PREMIUM]","[PREMIUM]","114","5","_",,,2,"[2]",952,"Main Level",10,"Mobile Transfer ticket",1,"[PREMIUM]","[PREMIUM]","[PREMIUM]","[PREMIUM]",true,false,"['Clear view']","2026-09-23 03:02:53"
"13664312955","2026-09-23 23:52:58.060","2026-10-06 05:21:27.421","13664312955","160437154","[PREMIUM]","[PREMIUM]","113","27","3_6","3","6",4,"[2,4]",952,"Main Level",10,"Mobile Transfer ticket",1,"[PREMIUM]","[PREMIUM]","[PREMIUM]","[PREMIUM]",true,false,"['Clear view']","2026-08-13 20:37:42"
"13824684619","2026-09-23 23:52:57.754","2026-09-26 05:05:18.988","13824684619","160437158","[PREMIUM]","[PREMIUM]","126","9","_",,,4,"[2,4]",952,"Main Level",10,"Mobile Transfer ticket",14,"[PREMIUM]","[PREMIUM]","[PREMIUM]","[PREMIUM]",true,false,"['Clear view']","2026-08-27 01:29:39"
"14149739916","2026-09-23 23:52:57.754","2026-09-24 22:29:48.827","14149739916","160437158","[PREMIUM]","[PREMIUM]","137","27","9001_9002","9001",,2,"[2]",952,"Main Level",10,"Mobile Transfer ticket",1,"[PREMIUM]","[PREMIUM]","[PREMIUM]","[PREMIUM]",true,false,"['Clear view']","2026-09-23 03:02:32"
"14151994344","2026-09-23 23:52:56.132","2026-09-23 23:52:56.132","14151994344","160437154","[PREMIUM]","[PREMIUM]","433","1","9001_9004","9001",,4,"[1,2,4]",1771,"Terrace Level",10,"Mobile Transfer ticket",1,"[PREMIUM]","[PREMIUM]","[PREMIUM]","[PREMIUM]",true,false,"['Clear view']","2026-09-23 06:40:46"
"14155554557","2026-09-23 23:52:56.132","2026-09-23 23:52:56.132","14155554557","160437154","[PREMIUM]","[PREMIUM]","414","4","9001_9002","9001",,2,"[2]",1771,"Terrace Level",10,"Mobile Transfer ticket",13,"[PREMIUM]","[PREMIUM]","[PREMIUM]","[PREMIUM]",true,false,"['Clear view']","2026-09-23 14:11:50"
"14157899321","2026-09-23 23:52:54.824","2026-09-27 05:08:08.438","14157899321","160418321","[PREMIUM]","[PREMIUM]","339","22","17_20","17","20",4,"[2,4]",407,"Upper",10,"Mobile Transfer ticket",1,"[PREMIUM]","[PREMIUM]","[PREMIUM]","[PREMIUM]",true,false,"['Clear view']","2026-09-23 17:23:51"
"14157899209","2026-09-23 23:52:54.824","2026-09-27 05:08:08.438","14157899209","160418321","[PREMIUM]","[PREMIUM]","339","22","9_12","9","12",4,"[2,4]",407,"Upper",10,"Mobile Transfer ticket",1,"[PREMIUM]","[PREMIUM]","[PREMIUM]","[PREMIUM]",true,false,"['Clear view']","2026-09-23 17:23:50"
"14157899091","2026-09-23 23:52:54.198","2026-09-27 05:08:08.112","14157899091","160418321","[PREMIUM]","[PREMIUM]","341","23","3_6","3","6",4,"[2,4]",407,"Upper",10,"Mobile Transfer ticket",1,"[PREMIUM]","[PREMIUM]","[PREMIUM]","[PREMIUM]",true,false,"['Clear view']","2026-09-23 17:23:48"
"14149936508","2026-09-23 23:52:53.903","2026-09-23 23:52:53.903","14149936508","160418321","[PREMIUM]","[PREMIUM]","306","6","3_4","3",,2,"[2]",407,"Upper",10,"Mobile Transfer ticket",14,"[PREMIUM]","[PREMIUM]","[PREMIUM]","[PREMIUM]",true,false,"['Clear view']","2026-09-23 03:19:48"
"14157899302","2026-09-23 23:52:53.484","2026-09-27 05:08:08.530","14157899302","160418321","[PREMIUM]","[PREMIUM]","340","23","3_5","3","5",3,"[1,3]",407,"Upper",10,"Mobile Transfer ticket",1,"[PREMIUM]","[PREMIUM]","[PREMIUM]","[PREMIUM]",true,false,"['Clear view']","2026-09-23 17:23:51"
"14157899208","2026-09-23 23:52:53.162","2026-09-27 05:08:08.530","14157899208","160418321","[PREMIUM]","[PREMIUM]","341","29","16_20","16","20",5,"[1,2,3,5]",407,"Upper",10,"Mobile Transfer ticket",1,"[PREMIUM]","[PREMIUM]","[PREMIUM]","[PREMIUM]",true,false,"['Clear view']","2026-09-23 17:23:50"
"14157899132","2026-09-23 23:52:52.757","2026-09-26 22:33:26.158","14157899132","160418321","[PREMIUM]","[PREMIUM]","341","32","13_18","13","18",6,"[1,2,3,4,6]",407,"Upper",10,"Mobile Transfer ticket",1,"[PREMIUM]","[PREMIUM]","[PREMIUM]","[PREMIUM]",true,false,"['Clear view']","2026-09-23 17:23:49"
"14157899075","2026-09-23 23:52:52.757","2026-09-27 05:08:08.379","14157899075","160418321","[PREMIUM]","[PREMIUM]","341","32","1_6","1","6",6,"[1,2,3,4,6]",407,"Upper",10,"Mobile Transfer ticket",1,"[PREMIUM]","[PREMIUM]","[PREMIUM]","[PREMIUM]",true,false,"['Clear view']","2026-09-23 17:23:48"
"14156526620","2026-09-23 23:52:52.351","2026-09-26 22:33:26.149","14156526620","160418321","[PREMIUM]","[PREMIUM]","347","14","_",,,2,"[2]",407,"Upper",10,"Mobile Transfer ticket",1,"[PREMIUM]","[PREMIUM]","[PREMIUM]","[PREMIUM]",true,false,"['Limited or Obstructed View (printed on ticket)']","2026-09-23 15:30:11"
"14157899383","2026-09-23 23:52:51.920","2026-09-27 05:08:07.923","14157899383","160418321","[PREMIUM]","[PREMIUM]","311","33","11_15","11","15",5,"[1,2,3,5]",407,"Upper",10,"Mobile Transfer ticket",1,"[PREMIUM]","[PREMIUM]","[PREMIUM]","[PREMIUM]",true,false,"['Clear view']","2026-09-23 17:23:51"
"14119947283","2026-09-23 23:52:51.571","2026-09-24 00:04:06.959","14119947283","160437158","[PREMIUM]","[PREMIUM]","411","4","_",,,2,"[2]",1771,"Terrace Level",10,"Mobile Transfer ticket",1,"[PREMIUM]","[PREMIUM]","[PREMIUM]","[PREMIUM]",true,false,"['Clear view']","2026-09-20 23:12:39"
"14149536083","2026-09-23 23:52:51.571","2026-09-24 00:04:06.959","14149536083","160437158","[PREMIUM]","[PREMIUM]","414","2","_",,,2,"[2]",1771,"Terrace Level",10,"Mobile Transfer ticket",1,"[PREMIUM]","[PREMIUM]","[PREMIUM]","[PREMIUM]",true,false,"['Clear view']","2026-09-23 02:40:04"
"14156627228","2026-09-23 23:52:51.034","2026-10-05 05:21:50.769","14156627228","160437154","[PREMIUM]","[PREMIUM]","114","12","_",,,4,"[1,2,3,4]",952,"Main Level",10,"Mobile Transfer ticket",1,"[PREMIUM]","[PREMIUM]","[PREMIUM]","[PREMIUM]",true,false,"['Clear view']","2026-09-23 15:36:08"
"13798485255","2026-09-23 23:52:49.539","2026-10-06 05:21:27.371","13798485255","160437154","[PREMIUM]","[PREMIUM]","123","40","_",,,2,"[2]",952,"Main Level",10,"Mobile Transfer ticket",14,"[PREMIUM]","[PREMIUM]","[PREMIUM]","[PREMIUM]",true,false,"['Clear view']","2026-08-25 00:41:37"
"13662876616","2026-09-23 23:52:49.267","2026-10-06 05:21:43.699","13662876616","160437154","[PREMIUM]","[PREMIUM]","115","33","_",,,7,"[1,2,3,4,5,7]",952,"Main Level",10,"Mobile Transfer ticket",1,"[PREMIUM]","[PREMIUM]","[PREMIUM]","[PREMIUM]",true,false,"['Clear view']","2026-08-13 18:01:26"
"14082593879","2026-09-23 23:52:48.771","2026-09-23 23:52:48.771","14082593879","160437158","[PREMIUM]","[PREMIUM]","446","A","_",,,2,"[2]",5506,"Ring of Honor",10,"Mobile Transfer ticket",1,"[PREMIUM]","[PREMIUM]","[PREMIUM]","[PREMIUM]",true,false,"['Front Row of Section','Clear view']","2026-09-17 23:12:30"
"12848329965","2026-09-23 23:52:48.326","2026-10-04 05:24:19.544","12848329965","160437154","[PREMIUM]","[PREMIUM]","113","28","_",,,2,"[2]",952,"Main Level",10,"Mobile Transfer ticket",1,"[PREMIUM]","[PREMIUM]","[PREMIUM]","[PREMIUM]",true,false,"['Clear view']","2026-05-28 16:45:49"
"14156735244","2026-09-23 23:52:47.746","2026-09-24 00:04:25.182","14156735244","160437158","[PREMIUM]","[PREMIUM]","119","6","9001_9001","9001",,1,"[1]",952,"Main Level",10,"Mobile Transfer ticket",13,"[PREMIUM]","[PREMIUM]","[PREMIUM]","[PREMIUM]",false,false,"['Clear view']","2026-09-23 15:41:35"
"12744581714","2026-09-23 23:52:46.747","2026-09-23 23:52:46.747","12744581714","160437158","[PREMIUM]","[PREMIUM]","109","16","_",,,2,"[2]",952,"Main Level",10,"Mobile Transfer ticket",14,"[PREMIUM]","[PREMIUM]","[PREMIUM]","[PREMIUM]",true,false,"['Clear view']","2026-05-19 18:17:37"
"14082585783","2026-09-23 23:52:46.747","2026-09-28 05:05:17.923","14082585783","160437158","[PREMIUM]","[PREMIUM]","114","2","_",,,2,"[2]",952,"Main Level",10,"Mobile Transfer ticket",1,"[PREMIUM]","[PREMIUM]","[PREMIUM]","[PREMIUM]",true,false,"['Second Row of Section','Clear view']","2026-09-17 23:11:56"
"13409578549","2026-09-23 23:52:43.887","2026-09-29 05:05:16.270","13409578549","160437158","[PREMIUM]","[PREMIUM]","135","33","22_26","22",,5,"[1,2,3,5]",952,"Main Level",10,"Mobile Transfer ticket",1,"[PREMIUM]","[PREMIUM]","[PREMIUM]","[PREMIUM]",true,false,"['Clear view']","2026-07-20 19:07:31"
"14161912360","2026-09-23 23:52:43.887","2026-09-24 00:02:17.451","14161912360","160437158","[PREMIUM]","[PREMIUM]","438","1","9001_9002","9001",,2,"[2]",1771,"Terrace Level",10,"Mobile Transfer ticket",13,"[PREMIUM]","[PREMIUM]","[PREMIUM]","[PREMIUM]",true,false,"['Clear view']","2026-09-23 22:37:51"
"12701088831","2026-09-23 23:52:43.762","2026-10-05 05:23:14.549","12701088831","160417580","[PREMIUM]","[PREMIUM]","535","18","_",,,2,"[2]",407,"Upper",10,"Mobile Transfer ticket",1,"[PREMIUM]","[PREMIUM]","[PREMIUM]","[PREMIUM]",true,false,"['Clear view']","2026-05-15 18:48:56"
"14155525651","2026-09-23 23:52:43.762","2026-09-24 00:00:55.057","14155525651","160417580","[PREMIUM]","[PREMIUM]","540","23","24_26","24","26",3,"[1,3]",407,"Upper",10,"Mobile Transfer ticket",1,"[PREMIUM]","[PREMIUM]","[PREMIUM]","[PREMIUM]",true,false,"['Clear view']","2026-09-23 14:08:52"
"14157002612","2026-09-23 23:52:43.762","2026-09-24 22:32:49.264","14157002612","160417580","[PREMIUM]","[PREMIUM]","540","20","23_25","23","25",3,"[1,3]",407,"Upper",10,"Mobile Transfer ticket",1,"[PREMIUM]","[PREMIUM]","[PREMIUM]","[PREMIUM]",true,false,"['Clear view']","2026-09-23 15:59:11"
"14160601246","2026-09-23 23:52:43.762","2026-09-25 23:04:11.983","14160601246","160417580","[PREMIUM]","[PREMIUM]","537","20","5_6","5","6",2,"[2]",407,"Upper",10,"Mobile Transfer ticket",1,"[PREMIUM]","[PREMIUM]","[PREMIUM]","[PREMIUM]",true,false,"['Clear view']","2026-09-23 20:59:32"
"14151309047","2026-09-23 23:52:43.569","2026-09-24 22:32:49.264","14151309047","160417580","[PREMIUM]","[PREMIUM]","542","16","18_19","18","19",2,"[2]",407,"Upper",10,"Mobile Transfer ticket",1,"[PREMIUM]","[PREMIUM]","[PREMIUM]","[PREMIUM]",true,false,"['Clear view']","2026-09-23 05:37:13"
"14159412150","2026-09-23 23:52:42.763","2026-09-29 05:26:02.882","14159412150","160437154","[PREMIUM]","[PREMIUM]","423","1","_",,,3,"[1,3]",1771,"Terrace Level",10,"Mobile Transfer ticket",1,"[PREMIUM]","[PREMIUM]","[PREMIUM]","[PREMIUM]",true,false,"['Clear view']","2026-09-23 19:29:49"
"14149270032","2026-09-23 23:52:42.179","2026-09-24 22:32:24.847","14149270032","160437158","[PREMIUM]","[PREMIUM]","414","1","9001_9001","9001",,1,"[1]",1771,"Terrace Level",10,"Mobile Transfer ticket",1,"[PREMIUM]","[PREMIUM]","[PREMIUM]","[PREMIUM]",false,false,"['Clear view']","2026-09-23 02:05:56"
"14139303345","2026-09-23 23:52:41.887","2026-09-24 00:04:09.190","14139303345","160437158","[PREMIUM]","[PREMIUM]","435","1","9001_9005","9001",,5,"[1,2,3,5]",1771,"Terrace Level",10,"Mobile Transfer ticket",1,"[PREMIUM]","[PREMIUM]","[PREMIUM]","[PREMIUM]",true,false,"['Clear view']","2026-09-22 13:58:43"
"14152736545","2026-09-23 23:52:41.887","2026-09-24 00:04:08.814","14152736545","160437158","[PREMIUM]","[PREMIUM]","428","D","9001_9003","9001",,3,"[1,3]",5506,"Ring of Honor",10,"Mobile Transfer ticket",1,"[PREMIUM]","[PREMIUM]","[PREMIUM]","[PREMIUM]",true,false,"['Front Row of Section','Clear view']","2026-09-23 08:09:33"
"14154158999","2026-09-23 23:52:41.887","2026-09-24 00:04:09.190","14154158999","160437158","[PREMIUM]","[PREMIUM]","110","17","1009_1010","1009","1010",2,"[2]",952,"Main Level",10,"Mobile Transfer ticket",1,"[PREMIUM]","[PREMIUM]","[PREMIUM]","[PREMIUM]",true,false,"['Clear view']","2026-09-23 11:04:09"
"14133399148","2026-09-23 23:52:41.653","2026-09-26 05:09:36.202","14133399148","160436164","[PREMIUM]","[PREMIUM]","130C","4","9001_9002","9001",,2,"[2]",17186,"100-Level Club",11,"Mobile ticket",1,"[PREMIUM]","[PREMIUM]","[PREMIUM]","[PREMIUM]",true,false,"['Front Row of Section','Clear view']","2026-09-22 03:58:45"
"14153217915","2026-09-23 23:52:41.572","2026-09-24 00:04:08.814","14153217915","160437158","[PREMIUM]","[PREMIUM]","444","9","9001_9002","9001",,2,"[2]",1771,"Terrace Level",10,"Mobile Transfer ticket",1,"[PREMIUM]","[PREMIUM]","[PREMIUM]","[PREMIUM]",true,false,"['Clear view']","2026-09-23 08:58:07"
"14155955328","2026-09-23 23:52:41.572","2026-09-24 00:04:08.814","14155955328","160437158","[PREMIUM]","[PREMIUM]","442","1","9001_9002","9001",,2,"[2]",1771,"Terrace Level",10,"Mobile Transfer ticket",13,"[PREMIUM]","[PREMIUM]","[PREMIUM]","[PREMIUM]",true,false,"['Clear view']","2026-09-23 14:42:33"
"14157601019","2026-09-23 23:52:41.572","2026-09-23 23:52:41.572","14157601019","160437158","[PREMIUM]","[PREMIUM]","408","1","9001_9005","9001",,5,"[5]",1771,"Terrace Level",10,"Mobile Transfer ticket",13,"[PREMIUM]","[PREMIUM]","[PREMIUM]","[PREMIUM]",true,false,"['Clear view']","2026-09-23 16:57:19"
"14148578358","2026-09-23 23:52:41.297","2026-09-25 23:02:41.208","14148578358","160437158","[PREMIUM]","[PREMIUM]","112","15","_",,,4,"[2,4]",952,"Main Level",10,"Mobile Transfer ticket",14,"[PREMIUM]","[PREMIUM]","[PREMIUM]","[PREMIUM]",true,false,"['Clear view']","2026-09-23 01:06:23"
"14156875733","2026-09-23 23:52:41.297","2026-09-23 23:52:41.297","14156875733","160437158","[PREMIUM]","[PREMIUM]","447","C","9001_9004","9001",,4,"[4]",5506,"Ring of Honor",10,"Mobile Transfer ticket",13,"[PREMIUM]","[PREMIUM]","[PREMIUM]","[PREMIUM]",true,false,"['Third Row of Section','Clear view']","2026-09-23 15:49:24"
"14162419190","2026-09-23 23:52:41.297","2026-09-23 23:52:41.297","14162419190","160437158","[PREMIUM]","[PREMIUM]","112","26","_",,,2,"[2]",952,"Main Level",10,"Mobile Transfer ticket",14,"[PREMIUM]","[PREMIUM]","[PREMIUM]","[PREMIUM]",true,false,"['Clear view']","2026-09-23 23:19:30"
"13650840821","2026-09-23 23:52:40.947","2026-09-23 23:52:40.947","13650840821","160437154","[PREMIUM]","[PREMIUM]","137","35","_",,,7,"[1,2,3,4,5,7]",952,"Main Level",10,"Mobile Transfer ticket",1,"[PREMIUM]","[PREMIUM]","[PREMIUM]","[PREMIUM]",true,false,"['Clear view']","2026-08-12 19:32:14"
"12698736648","2026-09-23 23:52:40.615","2026-10-06 05:21:27.383","12698736648","160437154","[PREMIUM]","[PREMIUM]","123","38","_",,,8,"[1,2,3,4,6,8]",952,"Main Level",10,"Mobile Transfer ticket",14,"[PREMIUM]","[PREMIUM]","[PREMIUM]","[PREMIUM]",true,false,"['Clear view']","2026-05-15 14:45:29"
"14150175593","2026-09-23 23:52:38.838","2026-09-23 23:52:38.838","14150175593","160418321","[PREMIUM]","[PREMIUM]","308","33","10_12","10","12",3,"[1,3]",407,"Upper",10,"Mobile Transfer ticket",1,"[PREMIUM]","[PREMIUM]","[PREMIUM]","[PREMIUM]",true,false,"['Clear view']","2026-09-23 03:51:37"
"14157899135","2026-09-23 23:52:38.458","2026-09-27 05:08:07.923","14157899135","160418321","[PREMIUM]","[PREMIUM]","341","33","9_12","9","12",4,"[2,4]",407,"Upper",10,"Mobile Transfer ticket",1,"[PREMIUM]","[PREMIUM]","[PREMIUM]","[PREMIUM]",true,false,"['Clear view']","2026-09-23 17:23:49"
"14157899343","2026-09-23 23:52:38.458","2026-09-27 05:08:07.923","14157899343","160418321","[PREMIUM]","[PREMIUM]","341","33","17_20","17","20",4,"[2,4]",407,"Upper",10,"Mobile Transfer ticket",1,"[PREMIUM]","[PREMIUM]","[PREMIUM]","[PREMIUM]",true,false,"['Clear view']","2026-09-23 17:23:51"
"14157899368","2026-09-23 23:52:38.458","2026-09-27 05:08:07.923","14157899368","160418321","[PREMIUM]","[PREMIUM]","341","33","21_24","21","24",4,"[2,4]",407,"Upper",10,"Mobile Transfer ticket",1,"[PREMIUM]","[PREMIUM]","[PREMIUM]","[PREMIUM]",true,false,"['Clear view']","2026-09-23 17:23:51"
"14149867292","2026-09-23 23:51:57.112","2026-09-28 05:13:51.564","14149867292","160435673","[PREMIUM]","[PREMIUM]","141","3","9001_9002","9001","9002",2,"[2]",594,"Lower",11,"Mobile ticket",1,"[PREMIUM]","[PREMIUM]","[PREMIUM]","[PREMIUM]",true,false,"['Third Row of Section','Clear view']","2026-09-23 03:12:52"
"14156265226","2026-09-23 23:51:54.823","2026-09-28 05:13:54.035","14156265226","160435673","[PREMIUM]","[PREMIUM]","130","3","_",,,2,"[2]",594,"Lower",10,"Mobile Transfer ticket",1,"[PREMIUM]","[PREMIUM]","[PREMIUM]","[PREMIUM]",true,false,"['Third Row of Section','Clear view']","2026-09-23 15:08:49"
"14149971712","2026-09-23 23:51:54.484","2026-09-23 23:51:54.484","14149971712","160437158","[PREMIUM]","[PREMIUM]","423","1","_",,,2,"[2]",1771,"Terrace Level",10,"Mobile Transfer ticket",1,"[PREMIUM]","[PREMIUM]","[PREMIUM]","[PREMIUM]",true,false,"['Clear view']","2026-09-23 03:26:20"
"14155329903","2026-09-23 23:51:54.484","2026-09-24 00:02:18.604","14155329903","160437158","[PREMIUM]","[PREMIUM]","446","3","_",,,2,"[2]",1771,"Terrace Level",10,"Mobile Transfer ticket",1,"[PREMIUM]","[PREMIUM]","[PREMIUM]","[PREMIUM]",true,false,"['Clear view']","2026-09-23 13:40:39"
"14161704198","2026-09-23 23:51:54.484","2026-09-24 00:02:18.604","14161704198","160437158","[PREMIUM]","[PREMIUM]","448","1","_",,,2,"[2]",1771,"Terrace Level",10,"Mobile Transfer ticket",1,"[PREMIUM]","[PREMIUM]","[PREMIUM]","[PREMIUM]",true,false,"['Clear view']","2026-09-23 22:25:08"
"14082592612","2026-09-23 23:51:54.128","2026-09-24 00:02:17.802","14082592612","160437158","[PREMIUM]","[PREMIUM]","402","A","_",,,2,"[2]",5506,"Ring of Honor",10,"Mobile Transfer ticket",1,"[PREMIUM]","[PREMIUM]","[PREMIUM]","[PREMIUM]",true,false,"['Front Row of Section','Clear view']","2026-09-17 23:12:25"
"14155268964","2026-09-23 23:51:54.128","2026-09-24 00:02:17.500","14155268964","160437158","[PREMIUM]","[PREMIUM]","116","13","_",,,2,"[2]",952,"Main Level",10,"Mobile Transfer ticket",1,"[PREMIUM]","[PREMIUM]","[PREMIUM]","[PREMIUM]",true,false,"['Clear view']","2026-09-23 13:27:51"
"13315941892","2026-09-23 23:51:53.223","2026-10-02 05:16:12.479","13315941892","160435673","[PREMIUM]","[PREMIUM]","130","4","5_10","5","10",6,"[1,2,3,4,6]",594,"Lower",10,"Mobile Transfer ticket",1,"[PREMIUM]","[PREMIUM]","[PREMIUM]","[PREMIUM]",true,false,"['Clear view']","2026-07-10 15:46:00"
"14144322953","2026-09-23 23:51:52.866","2026-10-06 05:13:27.761","14144322953","160435673","[PREMIUM]","[PREMIUM]","C9","2","_",,,2,"[2]",1724,"Club",10,"Mobile Transfer ticket",1,"[PREMIUM]","[PREMIUM]","[PREMIUM]","[PREMIUM]",true,false,"['Second Row of Section','Clear view']","2026-09-22 20:16:07"
"14161167922","2026-09-23 23:51:46.043","2026-09-23 23:58:50.466","14161167922","160417580","[PREMIUM]","[PREMIUM]","508","21","10_11","10","11",2,"[2]",407,"Upper",10,"Mobile Transfer ticket",1,"[PREMIUM]","[PREMIUM]","[PREMIUM]","[PREMIUM]",true,false,"['Clear view']","2026-09-23 21:48:50"
"13639599748","2026-09-23 23:51:45.249","2026-10-06 05:21:27.719","13639599748","160437154","[PREMIUM]","[PREMIUM]","115","36","_",,,6,"[1,2,3,4,6]",952,"Main Level",10,"Mobile Transfer ticket",1,"[PREMIUM]","[PREMIUM]","[PREMIUM]","[PREMIUM]",true,false,"['Clear view']","2026-08-11 19:38:46"
"14155269653","2026-09-23 23:51:44.918","2026-09-24 00:02:19.770","14155269653","160437158","[PREMIUM]","[PREMIUM]","117","8","_",,,2,"[2]",952,"Main Level",10,"Mobile Transfer ticket",1,"[PREMIUM]","[PREMIUM]","[PREMIUM]","[PREMIUM]",true,false,"['Clear view']","2026-09-23 13:27:54"
"14156056304","2026-09-23 23:51:44.918","2026-09-24 00:02:19.770","14156056304","160437158","[PREMIUM]","[PREMIUM]","415","2","_",,,2,"[2]",1771,"Terrace Level",10,"Mobile Transfer ticket",1,"[PREMIUM]","[PREMIUM]","[PREMIUM]","[PREMIUM]",true,false,"['Clear view']","2026-09-23 14:53:36"
"14110959731","2026-09-23 23:51:44.727","2026-10-06 05:04:25.361","14110959731","160437158","[PREMIUM]","[PREMIUM]","102","14","_",,,6,"[1,2,4,6]",952,"Main Level",10,"Mobile Transfer ticket",14,"[PREMIUM]","[PREMIUM]","[PREMIUM]","[PREMIUM]",true,false,"['Clear view']","2026-09-20 03:04:26"
"13662876610","2026-09-23 23:51:43.242","2026-09-26 05:21:53.596","13662876610","160437154","[PREMIUM]","[PREMIUM]","115","37","_",,,7,"[1,2,3,4,5,7]",952,"Main Level",10,"Mobile Transfer ticket",1,"[PREMIUM]","[PREMIUM]","[PREMIUM]","[PREMIUM]",true,false,"['Clear view']","2026-08-13 18:01:26"
"13808195698","2026-09-23 23:51:42.727","2026-10-06 05:21:24.998","13808195698","160437154","[PREMIUM]","[PREMIUM]","446","7","_",,,4,"[2,4]",1771,"Terrace Level",10,"Mobile Transfer ticket",1,"[PREMIUM]","[PREMIUM]","[PREMIUM]","[PREMIUM]",true,false,"['Clear view']","2026-08-25 18:26:45"
"14161651755","2026-09-23 23:51:41.215","2026-09-23 23:51:41.215","14161651755","160437158","[PREMIUM]","[PREMIUM]","449","3","_",,,2,"[2]",1771,"Terrace Level",10,"Mobile Transfer ticket",1,"[PREMIUM]","[PREMIUM]","[PREMIUM]","[PREMIUM]",true,false,"['Clear view']","2026-09-23 22:20:43"
"14092948687","2026-09-23 23:51:40.534","2026-10-06 05:04:26.544","14092948687","160437158","[PREMIUM]","[PREMIUM]","136","15","5_8","5","8",4,"[2,4]",952,"Main Level",10,"Mobile Transfer ticket",1,"[PREMIUM]","[PREMIUM]","[PREMIUM]","[PREMIUM]",true,false,"['Clear view']","2026-09-18 17:46:29"
"14130852555","2026-09-23 23:51:34.712","2026-10-06 05:13:26.352","14130852555","160435673","[PREMIUM]","[PREMIUM]","216","1","5_16","5","16",12,"[1,2,3,4,5,6,7,8,9,10,12]",471,"Middle",10,"Mobile Transfer ticket",1,"[PREMIUM]","[PREMIUM]","[PREMIUM]","[PREMIUM]",true,false,"['Front Row of Section','Clear view']","2026-09-21 23:28:57"
"14159193530","2026-09-23 23:51:33.779","2026-10-03 05:14:15.900","14159193530","160435673","[PREMIUM]","[PREMIUM]","133","2","11_12","11","12",2,"[1,2]",594,"Lower",10,"Mobile Transfer ticket",1,"[PREMIUM]","[PREMIUM]","[PREMIUM]","[PREMIUM]",true,false,"['Second Row of Section','Clear view']","2026-09-23 19:11:21"
"14160704883","2026-09-23 23:51:32.144","2026-09-24 00:02:20.453","14160704883","160437158","[PREMIUM]","[PREMIUM]","432","B","9001_9004","9001",,4,"[1,2,4]",5506,"Ring of Honor",10,"Mobile Transfer ticket",1,"[PREMIUM]","[PREMIUM]","[PREMIUM]","[PREMIUM]",true,false,"['Second Row of Section','Clear view']","2026-09-23 21:07:43"
"14157160751","2026-09-23 23:51:28.958","2026-10-06 05:21:25.316","14157160751","160437154","[PREMIUM]","[PREMIUM]","444","6","_",,,11,"[1,2,3,4,5,6,7,8,9,11]",1771,"Terrace Level",10,"Mobile Transfer ticket",1,"[PREMIUM]","[PREMIUM]","[PREMIUM]","[PREMIUM]",true,false,"['Clear view']","2026-09-23 16:16:03"
"14156627980","2026-09-23 23:51:28.675","2026-10-06 05:21:25.144","14156627980","160437154","[PREMIUM]","[PREMIUM]","447","3","_",,,8,"[1,2,3,4,5,6,8]",1771,"Terrace Level",10,"Mobile Transfer ticket",1,"[PREMIUM]","[PREMIUM]","[PREMIUM]","[PREMIUM]",true,false,"['Clear view']","2026-09-23 15:36:10"
"12715499220","2026-09-23 23:51:27.928","2026-10-06 05:21:24.702","12715499220","160437154","[PREMIUM]","[PREMIUM]","448","7","_",,,5,"[1,2,3,5]",1771,"Terrace Level",10,"Mobile Transfer ticket",1,"[PREMIUM]","[PREMIUM]","[PREMIUM]","[PREMIUM]",true,false,"['Clear view']","2026-05-17 02:30:47"
"14155415278","2026-09-23 23:51:27.627","2026-09-23 23:51:27.627","14155415278","160437155","[PREMIUM]","[PREMIUM]","413","B","9001_9002","9001",,2,"[2]",5506,"Ring of Honor",10,"Mobile Transfer ticket",13,"[PREMIUM]","[PREMIUM]","[PREMIUM]","[PREMIUM]",true,false,"['Second Row of Section','Clear view']","2026-09-23 13:57:21"
"12691716962","2026-09-23 23:51:26.620","2026-10-06 05:21:24.836","12691716962","160437154","[PREMIUM]","[PREMIUM]","410","6","5_10","5",,6,"[1,2,3,4,6]",1771,"Terrace Level",10,"Mobile Transfer ticket",1,"[PREMIUM]","[PREMIUM]","[PREMIUM]","[PREMIUM]",true,false,"['Clear view']","2026-05-15 01:19:32"
"14162453048","2026-09-23 23:51:10.567","2026-10-06 05:04:22.022","14162453048","160437158","[PREMIUM]","[PREMIUM]","137","30","_",,,2,"[2]",952,"Main Level",10,"Mobile Transfer ticket",14,"[PREMIUM]","[PREMIUM]","[PREMIUM]","[PREMIUM]",true,false,"['Clear view']","2026-09-23 23:25:09"
"14125104495","2026-09-23 23:51:10.274","2026-10-06 05:13:26.129","14125104495","160435673","[PREMIUM]","[PREMIUM]","V5","30","_",,,2,"[2]",1724,"Club",10,"Mobile Transfer ticket",1,"[PREMIUM]","[PREMIUM]","[PREMIUM]","[PREMIUM]",true,false,"['Padded Seats','Includes club access','Clear view']","2026-09-21 12:36:11"
"14162473557","2026-09-23 23:51:08.180","2026-09-23 23:51:08.180","14162473557","160435673","[PREMIUM]","[PREMIUM]","216","2","_",,,2,"[2]",471,"Middle",10,"Mobile Transfer ticket",1,"[PREMIUM]","[PREMIUM]","[PREMIUM]","[PREMIUM]",true,false,"['Second Row of Section','Clear view']","2026-09-23 23:28:46"
"14162473554","2026-09-23 23:51:08.180","2026-09-23 23:51:08.180","14162473554","160435673","[PREMIUM]","[PREMIUM]","239","2","_",,,2,"[2]",471,"Middle",10,"Mobile Transfer ticket",1,"[PREMIUM]","[PREMIUM]","[PREMIUM]","[PREMIUM]",true,false,"['Second Row of Section','Clear view']","2026-09-23 23:28:46"
"14159208747","2026-09-23 23:51:07.339","2026-09-29 05:15:59.816","14159208747","160435673","[PREMIUM]","[PREMIUM]","111","24","5_12","5","12",8,"[1,2,3,4,5,6,8]",594,"Lower",10,"Mobile Transfer ticket",1,"[PREMIUM]","[PREMIUM]","[PREMIUM]","[PREMIUM]",true,false,"['Clear view']","2026-09-23 19:12:10"
"14162473304","2026-09-23 23:51:06.975","2026-09-23 23:51:06.975","14162473304","160435673","[PREMIUM]","[PREMIUM]","238","1","_",,,2,"[2]",471,"Middle",10,"Mobile Transfer ticket",1,"[PREMIUM]","[PREMIUM]","[PREMIUM]","[PREMIUM]",true,false,"['Front Row of Section','Clear view']","2026-09-23 23:28:45"
"14155322717","2026-09-23 23:51:04.326","2026-09-27 05:09:56.564","14155322717","160436164","[PREMIUM]","[PREMIUM]","127C","10","13_16","13","16",4,"[4]",17186,"100-Level Club",11,"Mobile ticket",1,"[PREMIUM]","[PREMIUM]","[PREMIUM]","[PREMIUM]",true,false,"['Access to Premium Lounge','Delta Club Seats','Preferred Seating','Premium Entrance','Clear view','Instant download']","2026-09-23 13:38:45"
"14159231195","2026-09-23 23:51:04.326","2026-10-01 05:10:16.965","14159231195","160436164","[PREMIUM]","[PREMIUM]","102","10","_",,,2,"[2]",11357,"100-Level",10,"Mobile Transfer ticket",1,"[PREMIUM]","[PREMIUM]","[PREMIUM]","[PREMIUM]",true,false,"['Front Row of Section','Clear view']","2026-09-23 19:14:06"
"14106410531","2026-09-23 23:51:04.229","2026-09-27 05:05:46.465","14106410531","160437158","[PREMIUM]","[PREMIUM]","124","27","7_10","7",,4,"[1,2,4]",952,"Main Level",10,"Mobile Transfer ticket",1,"[PREMIUM]","[PREMIUM]","[PREMIUM]","[PREMIUM]",true,false,"['Clear view']","2026-09-19 17:24:30"
"14147614617","2026-09-23 23:51:04.229","2026-09-29 05:05:16.233","14147614617","160437158","[PREMIUM]","[PREMIUM]","425","A","_",,,2,"[2]",5506,"Ring of Honor",10,"Mobile Transfer ticket",1,"[PREMIUM]","[PREMIUM]","[PREMIUM]","[PREMIUM]",true,false,"['Front Row of Section','Clear view']","2026-09-22 23:57:22"
"14158676750","2026-09-23 23:51:04.229","2026-09-24 00:01:18.948","14158676750","160437158","[PREMIUM]","[PREMIUM]","443","2","9001_9002","9001",,2,"[2]",1771,"Terrace Level",10,"Mobile Transfer ticket",13,"[PREMIUM]","[PREMIUM]","[PREMIUM]","[PREMIUM]",true,false,"['Clear view']","2026-09-23 18:15:12"
"14159591920","2026-09-23 23:51:04.229","2026-09-24 00:01:18.948","14159591920","160437158","[PREMIUM]","[PREMIUM]","432","2","_",,,2,"[2]",1771,"Terrace Level",10,"Mobile Transfer ticket",1,"[PREMIUM]","[PREMIUM]","[PREMIUM]","[PREMIUM]",true,false,"['Clear view']","2026-09-23 19:40:23"
"14162453039","2026-09-23 23:51:04.229","2026-09-24 22:29:25.029","14162453039","160437158","[PREMIUM]","[PREMIUM]","137","31","_",,,6,"[1,2,4,6]",952,"Main Level",10,"Mobile Transfer ticket",14,"[PREMIUM]","[PREMIUM]","[PREMIUM]","[PREMIUM]",true,false,"['Clear view']","2026-09-23 23:25:09"
"14156974064","2026-09-23 23:51:03.938","2026-09-24 00:01:18.948","14156974064","160437158","[PREMIUM]","[PREMIUM]","407","A","9001_9002","9001",,2,"[2]",5506,"Ring of Honor",10,"Mobile Transfer ticket",13,"[PREMIUM]","[PREMIUM]","[PREMIUM]","[PREMIUM]",true,false,"['Front Row of Section','Clear view']","2026-09-23 15:57:22"
"14157522074","2026-09-23 23:51:03.602","2026-09-23 23:51:03.602","14157522074","160437158","[PREMIUM]","[PREMIUM]","118","29","_",,,2,"[2]",952,"Main Level",10,"Mobile Transfer ticket",1,"[PREMIUM]","[PREMIUM]","[PREMIUM]","[PREMIUM]",true,false,"['Clear view']","2026-09-23 16:51:12"
"14156735522","2026-09-23 23:51:03.579","2026-09-24 00:01:16.272","14156735522","160437158","[PREMIUM]","[PREMIUM]","440","3","9001_9004","9001",,4,"[4]",1771,"Terrace Level",10,"Mobile Transfer ticket",13,"[PREMIUM]","[PREMIUM]","[PREMIUM]","[PREMIUM]",true,false,"['Clear view']","2026-09-23 15:41:35"
"14126305562","2026-09-23 23:51:03.299","2026-09-28 05:05:10.421","14126305562","160437158","[PREMIUM]","[PREMIUM]","441","3","_",,,2,"[2]",1771,"Terrace Level",10,"Mobile Transfer ticket",1,"[PREMIUM]","[PREMIUM]","[PREMIUM]","[PREMIUM]",true,false,"['Clear view']","2026-09-21 15:26:39"
"14160964377","2026-09-23 23:51:00.286","2026-09-24 00:01:16.574","14160964377","160437158","[PREMIUM]","[PREMIUM]","404","A","_",,,1,"[1]",5506,"Ring of Honor",10,"Mobile Transfer ticket",1,"[PREMIUM]","[PREMIUM]","[PREMIUM]","[PREMIUM]",false,false,"['Front Row of Section','Clear view']","2026-09-23 21:31:29"
"14157160748","2026-09-23 23:51:00.198","2026-09-25 23:01:23.108","14157160748","160437158","[PREMIUM]","[PREMIUM]","114","37","_",,,2,"[2]",952,"Main Level",10,"Mobile Transfer ticket",1,"[PREMIUM]","[PREMIUM]","[PREMIUM]","[PREMIUM]",true,false,"['Clear view']","2026-09-23 16:16:03"
"14082592491","2026-09-23 23:50:53.737","2026-09-24 00:01:16.721","14082592491","160437158","[PREMIUM]","[PREMIUM]","409","3","_",,,2,"[2]",1771,"Terrace Level",10,"Mobile Transfer ticket",1,"[PREMIUM]","[PREMIUM]","[PREMIUM]","[PREMIUM]",true,false,"['Clear view']","2026-09-17 23:12:24"
"14121412439","2026-09-23 23:50:53.737","2026-10-06 05:04:25.865","14121412439","160437158","[PREMIUM]","[PREMIUM]","137","44","1_5","1",,5,"[1,2,3,5]",952,"Main Level",10,"Mobile Transfer ticket",1,"[PREMIUM]","[PREMIUM]","[PREMIUM]","[PREMIUM]",true,false,"['Clear view']","2026-09-21 02:37:27"
"14155253981","2026-09-23 23:50:53.737","2026-09-24 00:01:16.721","14155253981","160437158","[PREMIUM]","[PREMIUM]","414","4","9001_9002","9001",,2,"[2]",1771,"Terrace Level",10,"Mobile Transfer ticket",13,"[PREMIUM]","[PREMIUM]","[PREMIUM]","[PREMIUM]",true,false,"['Clear view']","2026-09-23 13:26:18"
"14156102908","2026-09-23 23:50:53.120","2026-09-24 00:01:19.482","14156102908","160437158","[PREMIUM]","[PREMIUM]","431","A","9001_9002","9001",,2,"[2]",5506,"Ring of Honor",10,"Mobile Transfer ticket",13,"[PREMIUM]","[PREMIUM]","[PREMIUM]","[PREMIUM]",true,false,"['Front Row of Section','Clear view']","2026-09-23 14:57:40"
"14160139830","2026-09-23 23:50:52.835","2026-09-23 23:50:52.835","14160139830","160437158","[PREMIUM]","[PREMIUM]","407","2","9001_9002","9001",,2,"[2]",1771,"Terrace Level",10,"Mobile Transfer ticket",1,"[PREMIUM]","[PREMIUM]","[PREMIUM]","[PREMIUM]",true,false,"['Clear view']","2026-09-23 20:23:12"
"12691639532","2026-09-23 23:50:52.761","2026-10-06 05:13:25.818","12691639532","160435673","[PREMIUM]","[PREMIUM]","214","5","9_10","9","10",2,"[2]",471,"Middle",10,"Mobile Transfer ticket",1,"[PREMIUM]","[PREMIUM]","[PREMIUM]","[PREMIUM]",true,false,"['Clear view']","2026-05-15 01:10:57"
"14159208759","2026-09-23 23:50:51.749","2026-10-06 05:13:25.818","14159208759","160435673","[PREMIUM]","[PREMIUM]","111","32","5_12","5","12",8,"[1,2,3,4,5,6,8]",594,"Lower",10,"Mobile Transfer ticket",1,"[PREMIUM]","[PREMIUM]","[PREMIUM]","[PREMIUM]",true,false,"['Clear view']","2026-09-23 19:12:10"
"14159208447","2026-09-23 23:50:49.302","2026-10-06 05:13:25.687","14159208447","160435673","[PREMIUM]","[PREMIUM]","113","7","1_2","1","2",2,"[2]",594,"Lower",10,"Mobile Transfer ticket",1,"[PREMIUM]","[PREMIUM]","[PREMIUM]","[PREMIUM]",true,false,"['Clear view']","2026-09-23 19:12:09"
"14157382847","2026-09-23 23:50:48.837","2026-09-23 23:50:48.837","14157382847","160437151","[PREMIUM]","[PREMIUM]","402","A","9001_9004","9001",,4,"[4]",5506,"Ring of Honor",10,"Mobile Transfer ticket",13,"[PREMIUM]","[PREMIUM]","[PREMIUM]","[PREMIUM]",true,false,"['Front Row of Section','Clear view']","2026-09-23 16:38:51"
"14155416250","2026-09-23 23:50:47.337","2026-09-24 00:01:19.371","14155416250","160437158","[PREMIUM]","[PREMIUM]","438","B","9001_9002","9001",,2,"[2]",5506,"Ring of Honor",10,"Mobile Transfer ticket",13,"[PREMIUM]","[PREMIUM]","[PREMIUM]","[PREMIUM]",true,false,"['Second Row of Section','Clear view']","2026-09-23 13:57:26"
"14156004560","2026-09-23 23:50:47.337","2026-09-24 00:01:19.371","14156004560","160437158","[PREMIUM]","[PREMIUM]","426","A","9001_9002","9001",,2,"[2]",5506,"Ring of Honor",10,"Mobile Transfer ticket",13,"[PREMIUM]","[PREMIUM]","[PREMIUM]","[PREMIUM]",true,false,"['Front Row of Section','Clear view']","2026-09-23 14:48:30"
"14156771430","2026-09-23 23:50:44.756","2026-10-06 05:04:21.088","14156771430","160437158","[PREMIUM]","[PREMIUM]","438","17","_",,,12,"[1,2,3,4,5,6,7,8,10,12]",1771,"Terrace Level",10,"Mobile Transfer ticket",14,"[PREMIUM]","[PREMIUM]","[PREMIUM]","[PREMIUM]",true,false,"['Clear view']","2026-09-23 15:43:25"
"14111206472","2026-09-23 23:50:43.643","2026-09-27 05:23:52.120","14111206472","160437154","[PREMIUM]","[PREMIUM]","402","5","_",,,5,"[1,2,3,4,5]",1771,"Terrace Level",10,"Mobile Transfer ticket",1,"[PREMIUM]","[PREMIUM]","[PREMIUM]","[PREMIUM]",true,false,"['Clear view']","2026-09-20 03:43:34"
"14149463573","2026-09-23 23:50:43.643","2026-09-24 22:29:13.486","14149463573","160437154","[PREMIUM]","[PREMIUM]","421","10","_",,,6,"[1,2,3,4,6]",1771,"Terrace Level",10,"Mobile Transfer ticket",1,"[PREMIUM]","[PREMIUM]","[PREMIUM]","[PREMIUM]",true,false,"['Clear view']","2026-09-23 02:30:44"
"14156627981","2026-09-23 23:50:43.643","2026-10-06 05:21:24.625","14156627981","160437154","[PREMIUM]","[PREMIUM]","437","7","_",,,5,"[1,2,3,5]",1771,"Terrace Level",10,"Mobile Transfer ticket",1,"[PREMIUM]","[PREMIUM]","[PREMIUM]","[PREMIUM]",true,false,"['Clear view']","2026-09-23 15:36:10"
"12691298079","2026-09-23 23:50:43.300","2026-10-06 05:21:25.125","12691298079","160437154","[PREMIUM]","[PREMIUM]","434","8","_",,,4,"[1,2,3,4]",1771,"Terrace Level",10,"Mobile Transfer ticket",1,"[PREMIUM]","[PREMIUM]","[PREMIUM]","[PREMIUM]",true,false,"['Clear view']","2026-05-15 00:35:46"
"14157174509","2026-09-23 23:50:43.300","2026-10-06 05:21:25.125","14157174509","160437154","[PREMIUM]","[PREMIUM]","405","5","_",,,2,"[2]",1771,"Terrace Level",10,"Mobile Transfer ticket",1,"[PREMIUM]","[PREMIUM]","[PREMIUM]","[PREMIUM]",true,false,"['Clear view']","2026-09-23 16:17:19"
"14156514747","2026-09-23 23:50:42.904","2026-09-28 05:22:41.659","14156514747","160437154","[PREMIUM]","[PREMIUM]","421","14","_",,,6,"[1,2,3,4,6]",1771,"Terrace Level",10,"Mobile Transfer ticket",1,"[PREMIUM]","[PREMIUM]","[PREMIUM]","[PREMIUM]",true,false,"['Clear view']","2026-09-23 15:29:08"
"14159698104","2026-09-23 23:50:42.904","2026-10-06 05:21:24.823","14159698104","160437154","[PREMIUM]","[PREMIUM]","405","9","_",,,4,"[1,2,4]",1771,"Terrace Level",10,"Mobile Transfer ticket",1,"[PREMIUM]","[PREMIUM]","[PREMIUM]","[PREMIUM]",true,false,"['Clear view']","2026-09-23 19:47:20"
"14111207040","2026-09-23 23:50:42.778","2026-09-23 23:50:42.778","14111207040","160437154","[PREMIUM]","[PREMIUM]","402","8","_",,,7,"[1,2,3,4,5,6,7]",1771,"Terrace Level",10,"Mobile Transfer ticket",1,"[PREMIUM]","[PREMIUM]","[PREMIUM]","[PREMIUM]",true,false,"['Clear view']","2026-09-20 03:43:41"
"14156982123","2026-09-23 23:50:42.337","2026-09-24 00:01:19.190","14156982123","160437158","[PREMIUM]","[PREMIUM]","401","A","9001_9002","9001",,2,"[2]",5506,"Ring of Honor",10,"Mobile Transfer ticket",13,"[PREMIUM]","[PREMIUM]","[PREMIUM]","[PREMIUM]",true,false,"['Front Row of Section','Clear view']","2026-09-23 15:57:40"
"14159925574","2026-09-23 23:50:42.337","2026-09-24 00:01:19.190","14159925574","160437158","[PREMIUM]","[PREMIUM]","406","1","9001_9002","9001",,2,"[2]",1771,"Terrace Level",10,"Mobile Transfer ticket",13,"[PREMIUM]","[PREMIUM]","[PREMIUM]","[PREMIUM]",true,false,"['Front Row of Section','Clear view']","2026-09-23 20:07:20"
"12691700928","2026-09-23 23:50:41.762","2026-09-29 05:05:08.552","12691700928","160437158","[PREMIUM]","[PREMIUM]","420","8","14_18","14",,5,"[1,2,3,5]",1771,"Terrace Level",10,"Mobile Transfer ticket",1,"[PREMIUM]","[PREMIUM]","[PREMIUM]","[PREMIUM]",true,false,"['Clear view']","2026-05-15 01:18:09"
"12691700912","2026-09-23 23:50:41.762","2026-10-05 05:03:47.745","12691700912","160437158","[PREMIUM]","[PREMIUM]","421","7","12_14","12",,3,"[1,3]",1771,"Terrace Level",10,"Mobile Transfer ticket",1,"[PREMIUM]","[PREMIUM]","[PREMIUM]","[PREMIUM]",true,false,"['Clear view']","2026-05-15 01:18:09"
"14149577464","2026-09-23 23:50:41.762","2026-10-03 05:05:07.842","14149577464","160437158","[PREMIUM]","[PREMIUM]","403","17","_",,,2,"[2]",1771,"Terrace Level",10,"Mobile Transfer ticket",14,"[PREMIUM]","[PREMIUM]","[PREMIUM]","[PREMIUM]",true,false,"['Clear view']","2026-09-23 02:45:03"
"14155410947","2026-09-23 23:50:36.043","2026-09-24 00:00:25.467","14155410947","160437158","[PREMIUM]","[PREMIUM]","409","4","9001_9002","9001",,2,"[2]",1771,"Terrace Level",10,"Mobile Transfer ticket",13,"[PREMIUM]","[PREMIUM]","[PREMIUM]","[PREMIUM]",true,false,"['Clear view']","2026-09-23 13:56:56"
"14157600779","2026-09-23 23:50:36.043","2026-09-24 00:00:25.467","14157600779","160437158","[PREMIUM]","[PREMIUM]","403","1","9001_9002","9001",,2,"[2]",1771,"Terrace Level",10,"Mobile Transfer ticket",13,"[PREMIUM]","[PREMIUM]","[PREMIUM]","[PREMIUM]",true,false,"['Clear view']","2026-09-23 16:57:18"
"14081706687","2026-09-23 23:50:34.495","2026-09-26 22:32:28.827","14081706687","160437155","[PREMIUM]","[PREMIUM]","444","1","_",,,2,"[2]",1771,"Terrace Level",10,"Mobile Transfer ticket",1,"[PREMIUM]","[PREMIUM]","[PREMIUM]","[PREMIUM]",true,false,"['Clear view']","2026-09-17 22:02:00"
"14162235278","2026-09-23 23:50:34.495","2026-09-23 23:51:27.627","14162235278","160437155","[PREMIUM]","[PREMIUM]","106","26","_",,,1,"[1]",952,"Main Level",10,"Mobile Transfer ticket",1,"[PREMIUM]","[PREMIUM]","[PREMIUM]","[PREMIUM]",false,false,"['Clear view']","2026-09-23 23:05:02"
"14153955074","2026-09-23 23:50:16.202","2026-09-28 05:18:28.178","14153955074","160437151","[PREMIUM]","[PREMIUM]","232","7","_",,,2,"[2]",300,"Club Level",10,"Mobile Transfer ticket",1,"[PREMIUM]","[PREMIUM]","[PREMIUM]","[PREMIUM]",true,false,"['Clear view']","2026-09-23 10:35:22"
"14158821719","2026-09-23 23:50:16.202","2026-09-23 23:50:16.202","14158821719","160437151","[PREMIUM]","[PREMIUM]","114","2","_",,,2,"[2]",952,"Main Level",10,"Mobile Transfer ticket",1,"[PREMIUM]","[PREMIUM]","[PREMIUM]","[PREMIUM]",true,false,"['Second Row of Section','Clear view']","2026-09-23 18:32:57"
"14141822542","2026-09-23 23:50:15.406","2026-09-23 23:50:15.406","14141822542","160437155","[PREMIUM]","[PREMIUM]","447","E","9001_9004","9001",,4,"[1,2,4]",5506,"Ring of Honor",10,"Mobile Transfer ticket",1,"[PREMIUM]","[PREMIUM]","[PREMIUM]","[PREMIUM]",true,false,"['Clear view']","2026-09-22 17:24:57"
"14153207113","2026-09-23 23:50:15.406","2026-09-23 23:50:15.406","14153207113","160437155","[PREMIUM]","[PREMIUM]","426","A","9001_9002","9001",,2,"[2]",5506,"Ring of Honor",10,"Mobile Transfer ticket",1,"[PREMIUM]","[PREMIUM]","[PREMIUM]","[PREMIUM]",true,false,"['Front Row of Section','Clear view']","2026-09-23 08:57:04"
"14159406160","2026-09-23 23:50:15.057","2026-09-23 23:50:15.057","14159406160","160437151","[PREMIUM]","[PREMIUM]","439","1","9001_9006","9001",,6,"[1,2,3,4,6]",1771,"Terrace Level",10,"Mobile Transfer ticket",1,"[PREMIUM]","[PREMIUM]","[PREMIUM]","[PREMIUM]",true,false,"['Clear view']","2026-09-23 19:28:59"
"13289189929","2026-09-23 23:50:12.311","2026-09-30 05:10:44.961","13289189929","160436164","[PREMIUM]","[PREMIUM]","129C","11","_",,,2,"[2]",17186,"100-Level Club",10,"Mobile Transfer ticket",14,"[PREMIUM]","[PREMIUM]","[PREMIUM]","[PREMIUM]",true,false,"['Clear view']","2026-07-08 20:11:59"
"14152308152","2026-09-23 23:50:01.631","2026-09-23 23:50:01.631","14152308152","160437151","[PREMIUM]","[PREMIUM]","426","A","9001_9004","9001",,4,"[1,2,4]",5506,"Ring of Honor",10,"Mobile Transfer ticket",1,"[PREMIUM]","[PREMIUM]","[PREMIUM]","[PREMIUM]",true,false,"['Front Row of Section','Clear view']","2026-09-23 07:21:16"
"14159577622","2026-09-23 23:50:01.010","2026-10-01 05:19:20.619","14159577622","160437151","[PREMIUM]","[PREMIUM]","433","A","_",,,2,"[2]",5506,"Ring of Honor",10,"Mobile Transfer ticket",1,"[PREMIUM]","[PREMIUM]","[PREMIUM]","[PREMIUM]",true,false,"['Front Row of Section','Clear view']","2026-09-23 19:39:36"
"14157913944","2026-09-23 23:50:00.653","2026-10-05 05:03:54.973","14157913944","160437158","[PREMIUM]","[PREMIUM]","447","8","_",,,2,"[2]",1771,"Terrace Level",10,"Mobile Transfer ticket",14,"[PREMIUM]","[PREMIUM]","[PREMIUM]","[PREMIUM]",true,false,"['Clear view']","2026-09-23 17:24:54"
"14162419185","2026-09-23 23:50:00.653","2026-09-24 00:00:41.320","14162419185","160437158","[PREMIUM]","[PREMIUM]","441","12","_",,,4,"[2,4]",1771,"Terrace Level",10,"Mobile Transfer ticket",14,"[PREMIUM]","[PREMIUM]","[PREMIUM]","[PREMIUM]",true,false,"['Clear view']","2026-09-23 23:19:30"
"14155679603","2026-09-23 23:50:00.296","2026-10-06 05:13:20.336","14155679603","160435673","[PREMIUM]","[PREMIUM]","105","6","17_17","17","17",1,"[1]",594,"Lower",10,"Mobile Transfer ticket",1,"[PREMIUM]","[PREMIUM]","[PREMIUM]","[PREMIUM]",false,false,"['Clear view']","2026-09-23 14:20:53"
"14143941455","2026-09-23 23:49:57.987","2026-10-06 05:19:22.391","14143941455","160425133","[PREMIUM]","[PREMIUM]","122","12","_",,,2,"[2]",594,"Lower",10,"Mobile Transfer ticket",1,"[PREMIUM]","[PREMIUM]","[PREMIUM]","[PREMIUM]",true,false,"['Side view (printed on ticket)']","2026-09-22 19:57:28"
"14143941036","2026-09-23 23:49:57.987","2026-10-04 05:22:35.325","14143941036","160425133","[PREMIUM]","[PREMIUM]","117","14","_",,,2,"[2]",594,"Lower",10,"Mobile Transfer ticket",1,"[PREMIUM]","[PREMIUM]","[PREMIUM]","[PREMIUM]",true,false,"['Side view (printed on ticket)']","2026-09-22 19:57:26"
"14157066233","2026-09-23 23:49:57.823","2026-09-23 23:49:57.823","14157066233","160437151","[PREMIUM]","[PREMIUM]","136","3","9001_9002","9001",,2,"[2]",952,"Main Level",10,"Mobile Transfer ticket",13,"[PREMIUM]","[PREMIUM]","[PREMIUM]","[PREMIUM]",true,false,"['Third Row of Section','Clear view']","2026-09-23 16:04:44"
"14159596017","2026-09-23 23:49:57.633","2026-09-23 23:49:57.633","14159596017","160437155","[PREMIUM]","[PREMIUM]","107","40","_",,,2,"[2]",952,"Main Level",10,"Mobile Transfer ticket",1,"[PREMIUM]","[PREMIUM]","[PREMIUM]","[PREMIUM]",true,false,"['Clear view']","2026-09-23 19:40:37"
"14135065390","2026-09-23 23:49:57.468","2026-09-23 23:49:57.468","14135065390","160437151","[PREMIUM]","[PREMIUM]","118","16","9001_9006","9001",,6,"[1,2,3,4,6]",952,"Main Level",10,"Mobile Transfer ticket",1,"[PREMIUM]","[PREMIUM]","[PREMIUM]","[PREMIUM]",true,false,"['Clear view']","2026-09-22 06:58:01"
"14128716343","2026-09-23 23:49:57.271","2026-10-03 05:20:54.092","14128716343","160425133","[PREMIUM]","[PREMIUM]","111","7","_",,,4,"[1,2,3,4]",594,"Lower",10,"Mobile Transfer ticket",1,"[PREMIUM]","[PREMIUM]","[PREMIUM]","[PREMIUM]",true,false,"['Side or rear view']","2026-09-21 20:03:59"
"14143939663","2026-09-23 23:49:57.271","2026-09-24 22:29:42.274","14143939663","160425133","[PREMIUM]","[PREMIUM]","103","3","_",,,2,"[2]",594,"Lower",10,"Mobile Transfer ticket",1,"[PREMIUM]","[PREMIUM]","[PREMIUM]","[PREMIUM]",true,false,"['Third Row of Section','Clear view']","2026-09-22 19:57:18"
"14157864849","2026-09-23 23:49:56.570","2026-10-06 05:17:54.983","14157864849","160437151","[PREMIUM]","[PREMIUM]","416","1","16_18","16",,3,"[3]",1771,"Terrace Level",10,"Mobile Transfer ticket",1,"[PREMIUM]","[PREMIUM]","[PREMIUM]","[PREMIUM]",true,false,"['Aisle seat','Actual 1st row of the section','Clear view']","2026-09-23 17:21:11"
"14156982367","2026-09-23 23:49:56.440","2026-09-23 23:52:43.103","14156982367","160437151","[PREMIUM]","[PREMIUM]","410","B","9001_9003","9001",,3,"[3]",5506,"Ring of Honor",10,"Mobile Transfer ticket",13,"[PREMIUM]","[PREMIUM]","[PREMIUM]","[PREMIUM]",true,false,"['Second Row of Section','Clear view']","2026-09-23 15:57:40"
"14157881533","2026-09-23 23:49:56.440","2026-10-06 05:17:55.749","14157881533","160437151","[PREMIUM]","[PREMIUM]","444","1","1_3","1",,3,"[3]",1771,"Terrace Level",10,"Mobile Transfer ticket",1,"[PREMIUM]","[PREMIUM]","[PREMIUM]","[PREMIUM]",true,false,"['Aisle seat','Actual 1st row of the section','Visitors sideline','Clear view']","2026-09-23 17:22:15"
"14162022472","2026-09-23 23:49:56.027","2026-09-24 22:29:08.890","14162022472","160437155","[PREMIUM]","[PREMIUM]","121","4","_",,,2,"[2]",952,"Main Level",10,"Mobile Transfer ticket",1,"[PREMIUM]","[PREMIUM]","[PREMIUM]","[PREMIUM]",true,false,"['Clear view']","2026-09-23 22:46:45"
"14051069851","2026-09-23 23:49:55.914","2026-09-23 23:49:55.914","14051069851","160437151","[PREMIUM]","[PREMIUM]","246","7","_",,,3,"[1,3]",300,"Club Level",10,"Mobile Transfer ticket",14,"[PREMIUM]","[PREMIUM]","[PREMIUM]","[PREMIUM]",true,false,"['Includes club access','Clear view']","2026-09-15 15:14:23"
"14129132521","2026-09-23 23:49:55.914","2026-10-06 05:18:01.051","14129132521","160437151","[PREMIUM]","[PREMIUM]","219","7","_",,,6,"[1,2,4,6]",300,"Club Level",10,"Mobile Transfer ticket",14,"[PREMIUM]","[PREMIUM]","[PREMIUM]","[PREMIUM]",true,false,"['Includes club access','Clear view']","2026-09-21 20:44:38"
"14155414994","2026-09-23 23:49:55.914","2026-09-23 23:49:55.914","14155414994","160437151","[PREMIUM]","[PREMIUM]","443","B","9001_9002","9001",,2,"[2]",5506,"Ring of Honor",10,"Mobile Transfer ticket",13,"[PREMIUM]","[PREMIUM]","[PREMIUM]","[PREMIUM]",true,false,"['Second Row of Section','Clear view']","2026-09-23 13:57:19"
"14100193592","2026-09-23 23:49:55.711","2026-10-06 05:09:02.603","14100193592","160437155","[PREMIUM]","[PREMIUM]","135","16","21_22","21","22",2,"[2]",952,"Main Level",10,"Mobile Transfer ticket",1,"[PREMIUM]","[PREMIUM]","[PREMIUM]","[PREMIUM]",true,false,"['Clear view']","2026-09-19 05:43:40"
"14157561143","2026-09-23 23:49:55.562","2026-10-06 05:10:27.015","14157561143","160436162","[PREMIUM]","[PREMIUM]","128C","4","_",,,2,"[2]",17186,"100-Level Club",10,"Mobile Transfer ticket",1,"[PREMIUM]","[PREMIUM]","[PREMIUM]","[PREMIUM]",true,false,"['Front Row of Section','Clear view']","2026-09-23 16:53:56"
"14159505170","2026-09-23 23:49:55.562","2026-09-28 05:10:46.804","14159505170","160436162","[PREMIUM]","[PREMIUM]","126C","4","_",,,3,"[1,3]",17186,"100-Level Club",10,"Mobile Transfer ticket",1,"[PREMIUM]","[PREMIUM]","[PREMIUM]","[PREMIUM]",true,false,"['Front Row of Section','Clear view']","2026-09-23 19:36:20"
"14145216285","2026-09-23 23:49:54.925","2026-09-24 22:29:09.136","14145216285","160437155","[PREMIUM]","[PREMIUM]","105","40","_",,,6,"[1,2,3,4]",952,"Main Level",10,"Mobile Transfer ticket",1,"[PREMIUM]","[PREMIUM]","[PREMIUM]","[PREMIUM]",true,false,"['Clear view']","2026-09-22 21:11:53"
"14155418334","2026-09-23 23:49:54.925","2026-09-23 23:49:54.925","14155418334","160437155","[PREMIUM]","[PREMIUM]","120","4","9001_9003","9001",,3,"[3]",952,"Main Level",10,"Mobile Transfer ticket",13,"[PREMIUM]","[PREMIUM]","[PREMIUM]","[PREMIUM]",true,false,"['Clear view']","2026-09-23 13:57:36"
"14162022447","2026-09-23 23:49:54.563","2026-09-23 23:50:07.647","14162022447","160437155","[PREMIUM]","[PREMIUM]","121","5","_",,,2,"[2]",952,"Main Level",10,"Mobile Transfer ticket",1,"[PREMIUM]","[PREMIUM]","[PREMIUM]","[PREMIUM]",true,false,"['Clear view']","2026-09-23 22:46:45"
"14162022485","2026-09-23 23:49:54.527","2026-09-24 22:29:08.962","14162022485","160437155","[PREMIUM]","[PREMIUM]","114","3","_",,,2,"[2]",952,"Main Level",10,"Mobile Transfer ticket",1,"[PREMIUM]","[PREMIUM]","[PREMIUM]","[PREMIUM]",true,false,"['Third Row of Section','Clear view']","2026-09-23 22:46:45"
"14159577813","2026-09-23 23:49:54.244","2026-10-01 05:19:21.050","14159577813","160437151","[PREMIUM]","[PREMIUM]","412","1","_",,,2,"[2]",1771,"Terrace Level",10,"Mobile Transfer ticket",1,"[PREMIUM]","[PREMIUM]","[PREMIUM]","[PREMIUM]",true,false,"['Clear view']","2026-09-23 19:39:37"
"14159577709","2026-09-23 23:49:54.244","2026-09-23 23:49:54.244","14159577709","160437151","[PREMIUM]","[PREMIUM]","418","A","_",,,2,"[2]",5506,"Ring of Honor",10,"Mobile Transfer ticket",1,"[PREMIUM]","[PREMIUM]","[PREMIUM]","[PREMIUM]",true,false,"['Front Row of Section','Clear view']","2026-09-23 19:39:37"
"14143940135","2026-09-23 23:49:54.159","2026-09-24 22:29:33.838","14143940135","160425133","[PREMIUM]","[PREMIUM]","107","4","_",,,2,"[2]",594,"Lower",10,"Mobile Transfer ticket",1,"[PREMIUM]","[PREMIUM]","[PREMIUM]","[PREMIUM]",true,false,"['Clear view']","2026-09-22 19:57:21"
"14143939658","2026-09-23 23:49:54.159","2026-10-01 05:20:55.143","14143939658","160425133","[PREMIUM]","[PREMIUM]","103","5","_",,,2,"[2]",594,"Lower",10,"Mobile Transfer ticket",1,"[PREMIUM]","[PREMIUM]","[PREMIUM]","[PREMIUM]",true,false,"['Clear view']","2026-09-22 19:57:18"
"14143941569","2026-09-23 23:49:54.159","2026-09-23 23:49:54.159","14143941569","160425133","[PREMIUM]","[PREMIUM]","120","19","_",,,2,"[2]",594,"Lower",10,"Mobile Transfer ticket",1,"[PREMIUM]","[PREMIUM]","[PREMIUM]","[PREMIUM]",true,false,"['Side view (printed on ticket)']","2026-09-22 19:57:28"
"14149530742","2026-09-23 23:49:53.490","2026-09-23 23:50:34.495","14149530742","160437155","[PREMIUM]","[PREMIUM]","414","2","_",,,2,"[2]",1771,"Terrace Level",10,"Mobile Transfer ticket",1,"[PREMIUM]","[PREMIUM]","[PREMIUM]","[PREMIUM]",true,false,"['Clear view']","2026-09-23 02:39:16"
"14162022360","2026-09-23 23:49:53.490","2026-10-06 05:09:25.868","14162022360","160437155","[PREMIUM]","[PREMIUM]","120","5","_",,,2,"[2]",952,"Main Level",10,"Mobile Transfer ticket",1,"[PREMIUM]","[PREMIUM]","[PREMIUM]","[PREMIUM]",true,false,"['Clear view']","2026-09-23 22:46:45"
"13289189349","2026-09-23 23:49:51.496","2026-09-26 05:09:36.017","13289189349","160436164","[PREMIUM]","[PREMIUM]","129C","16","_",,,2,"[2]",17186,"100-Level Club",10,"Mobile Transfer ticket",14,"[PREMIUM]","[PREMIUM]","[PREMIUM]","[PREMIUM]",true,false,"['Clear view']","2026-07-08 20:11:57"
"14121535113","2026-09-23 23:49:51.124","2026-09-23 23:49:51.124","14121535113","160425133","[PREMIUM]","[PREMIUM]","136","29","24_25","24",,2,"[2]",594,"Lower",10,"Mobile Transfer ticket",1,"[PREMIUM]","[PREMIUM]","[PREMIUM]","[PREMIUM]",true,false,"['Clear view']","2026-09-21 02:52:22"
"14158711022","2026-09-23 23:49:48.768","2026-09-23 23:49:48.768","14158711022","160437155","[PREMIUM]","[PREMIUM]","112","27","_",,,4,"[2,4]",952,"Main Level",10,"Mobile Transfer ticket",14,"[PREMIUM]","[PREMIUM]","[PREMIUM]","[PREMIUM]",true,false,"['Clear view']","2026-09-23 18:18:21"
"13512529310","2026-09-23 23:49:48.465","2026-10-06 05:19:20.889","13512529310","160425133","[PREMIUM]","[PREMIUM]","122","23","9001_9001","9001",,1,"[1]",594,"Lower",10,"Mobile Transfer ticket",1,"[PREMIUM]","[PREMIUM]","[PREMIUM]","[PREMIUM]",false,false,"['Clear view']","2026-07-29 20:25:02"
"14129583546","2026-09-23 23:49:47.954","2026-09-27 05:05:40.803","14129583546","160437158","[PREMIUM]","[PREMIUM]","433","2","_",,,2,"[2]",1771,"Terrace Level",10,"Mobile Transfer ticket",1,"[PREMIUM]","[PREMIUM]","[PREMIUM]","[PREMIUM]",true,false,"['Clear view']","2026-09-21 21:39:44"
"14162419187","2026-09-23 23:49:47.627","2026-09-23 23:49:47.627","14162419187","160437158","[PREMIUM]","[PREMIUM]","414","17","_",,,6,"[1,2,4,6]",1771,"Terrace Level",10,"Mobile Transfer ticket",14,"[PREMIUM]","[PREMIUM]","[PREMIUM]","[PREMIUM]",true,false,"['Clear view']","2026-09-23 23:19:30"
"14156771448","2026-09-23 23:49:47.282","2026-09-23 23:59:47.127","14156771448","160437158","[PREMIUM]","[PREMIUM]","438","9","_",,,4,"[2,4]",1771,"Terrace Level",10,"Mobile Transfer ticket",14,"[PREMIUM]","[PREMIUM]","[PREMIUM]","[PREMIUM]",true,false,"['Clear view']","2026-09-23 15:43:25"
"14156771432","2026-09-23 23:49:47.282","2026-09-23 23:59:47.127","14156771432","160437158","[PREMIUM]","[PREMIUM]","438","8","_",,,3,"[1,3]",1771,"Terrace Level",10,"Mobile Transfer ticket",14,"[PREMIUM]","[PREMIUM]","[PREMIUM]","[PREMIUM]",true,false,"['Clear view']","2026-09-23 15:43:25"
"14156771460","2026-09-23 23:49:46.991","2026-09-23 23:59:45.613","14156771460","160437158","[PREMIUM]","[PREMIUM]","440","15","_",,,2,"[2]",1771,"Terrace Level",10,"Mobile Transfer ticket",14,"[PREMIUM]","[PREMIUM]","[PREMIUM]","[PREMIUM]",true,false,"['Clear view']","2026-09-23 15:43:25"
"14157200352","2026-09-23 23:49:46.166","2026-09-24 22:30:17.736","14157200352","160437158","[PREMIUM]","[PREMIUM]","423","4","_",,,2,"[2]",1771,"Terrace Level",10,"Mobile Transfer ticket",1,"[PREMIUM]","[PREMIUM]","[PREMIUM]","[PREMIUM]",true,false,"['Clear view']","2026-09-23 16:18:53"
"14156771474","2026-09-23 23:49:45.433","2026-09-23 23:57:52.757","14156771474","160437158","[PREMIUM]","[PREMIUM]","451","14","_",,,2,"[2]",1771,"Terrace Level",10,"Mobile Transfer ticket",14,"[PREMIUM]","[PREMIUM]","[PREMIUM]","[PREMIUM]",true,false,"['Clear view']","2026-09-23 15:43:25"
"14155509303","2026-09-23 23:49:45.433","2026-10-06 05:04:12.466","14155509303","160437158","[PREMIUM]","[PREMIUM]","455","8","_",,,3,"[1,3]",1771,"Terrace Level",10,"Mobile Transfer ticket",14,"[PREMIUM]","[PREMIUM]","[PREMIUM]","[PREMIUM]",true,false,"['Clear view']","2026-09-23 14:07:57"
"14162419192","2026-09-23 23:49:45.433","2026-09-23 23:57:52.757","14162419192","160437158","[PREMIUM]","[PREMIUM]","454","17","_",,,10,"[1,2,3,4,5,6,8,10]",1771,"Terrace Level",10,"Mobile Transfer ticket",14,"[PREMIUM]","[PREMIUM]","[PREMIUM]","[PREMIUM]",true,false,"['Clear view']","2026-09-23 23:19:30"
"14162419178","2026-09-23 23:49:45.433","2026-09-23 23:57:52.757","14162419178","160437158","[PREMIUM]","[PREMIUM]","434","14","_",,,9,"[1,2,3,4,5,7,9]",1771,"Terrace Level",10,"Mobile Transfer ticket",14,"[PREMIUM]","[PREMIUM]","[PREMIUM]","[PREMIUM]",true,false,"['Clear view']","2026-09-23 23:19:30"
"14152308181","2026-09-23 23:49:43.063","2026-09-23 23:49:43.063","14152308181","160437151","[PREMIUM]","[PREMIUM]","429","A","9001_9001","9001",,1,"[1]",5506,"Ring of Honor",10,"Mobile Transfer ticket",1,"[PREMIUM]","[PREMIUM]","[PREMIUM]","[PREMIUM]",false,false,"['Front Row of Section','Clear view']","2026-09-23 07:21:16"
"14156339341","2026-09-23 23:49:43.063","2026-09-23 23:49:43.063","14156339341","160437151","[PREMIUM]","[PREMIUM]","120","5","9001_9002","9001",,2,"[2]",952,"Main Level",10,"Mobile Transfer ticket",13,"[PREMIUM]","[PREMIUM]","[PREMIUM]","[PREMIUM]",true,false,"['Clear view']","2026-09-23 15:13:12"
"14155757223","2026-09-23 23:49:42.295","2026-09-23 23:49:42.295","14155757223","160437151","[PREMIUM]","[PREMIUM]","447","C","9001_9004","9001",,4,"[4]",5506,"Ring of Honor",10,"Mobile Transfer ticket",13,"[PREMIUM]","[PREMIUM]","[PREMIUM]","[PREMIUM]",true,false,"['Third Row of Section','Clear view']","2026-09-23 14:26:54"
"14162022453","2026-09-23 23:49:41.934","2026-09-24 22:31:42.896","14162022453","160437155","[PREMIUM]","[PREMIUM]","119","3","_",,,2,"[2]",952,"Main Level",10,"Mobile Transfer ticket",1,"[PREMIUM]","[PREMIUM]","[PREMIUM]","[PREMIUM]",true,false,"['Clear view']","2026-09-23 22:46:45"
"14162022262","2026-09-23 23:49:41.934","2026-09-23 23:49:41.934","14162022262","160437155","[PREMIUM]","[PREMIUM]","124","3","_",,,2,"[2]",952,"Main Level",10,"Mobile Transfer ticket",1,"[PREMIUM]","[PREMIUM]","[PREMIUM]","[PREMIUM]",true,false,"['Third Row of Section','Clear view']","2026-09-23 22:46:45"
"13997534842","2026-09-23 23:49:41.636","2026-10-06 05:08:40.926","13997534842","160436164","[PREMIUM]","[PREMIUM]","326C","12","_",,,4,"[1,2,3,4]",17332,"300-Level Club",10,"Mobile Transfer ticket",1,"[PREMIUM]","[PREMIUM]","[PREMIUM]","[PREMIUM]",true,false,"['Front Row of Section','Clear view']","2026-09-10 21:59:06"
"14153206999","2026-09-23 23:49:41.136","2026-09-24 22:29:43.963","14153206999","160437151","[PREMIUM]","[PREMIUM]","428","D","9001_9005","9001",,5,"[1,2,3,5]",5506,"Ring of Honor",10,"Mobile Transfer ticket",1,"[PREMIUM]","[PREMIUM]","[PREMIUM]","[PREMIUM]",true,false,"['Front Row of Section','Clear view']","2026-09-23 08:57:03"
"14149976596","2026-09-23 23:49:40.554","2026-09-25 22:59:40.252","14149976596","160437155","[PREMIUM]","[PREMIUM]","454","1","_",,,4,"[2,4]",1771,"Terrace Level",10,"Mobile Transfer ticket",1,"[PREMIUM]","[PREMIUM]","[PREMIUM]","[PREMIUM]",true,false,"['Clear view']","2026-09-23 03:27:01"
"14161681681","2026-09-23 23:49:32.831","2026-09-23 23:49:32.831","14161681681","160437155","[PREMIUM]","[PREMIUM]","415","B","_",,,2,"[2]",5506,"Ring of Honor",10,"Mobile Transfer ticket",1,"[PREMIUM]","[PREMIUM]","[PREMIUM]","[PREMIUM]",true,false,"['Second Row of Section','Clear view']","2026-09-23 22:23:41"
"14162022353","2026-09-23 23:49:32.831","2026-09-23 23:49:32.831","14162022353","160437155","[PREMIUM]","[PREMIUM]","229","3","_",,,4,"[4]",300,"Club Level",10,"Mobile Transfer ticket",1,"[PREMIUM]","[PREMIUM]","[PREMIUM]","[PREMIUM]",true,false,"['Third Row of Section','Clear view']","2026-09-23 22:46:45"
"14159587936","2026-09-23 23:49:31.837","2026-09-23 23:49:31.837","14159587936","160437155","[PREMIUM]","[PREMIUM]","432","A","9001_9006","9001",,6,"[1,2,3,4,6]",5506,"Ring of Honor",10,"Mobile Transfer ticket",1,"[PREMIUM]","[PREMIUM]","[PREMIUM]","[PREMIUM]",true,false,"['Front Row of Section','Clear view']","2026-09-23 19:40:08"
"14162022435","2026-09-23 23:49:31.523","2026-09-24 22:31:21.153","14162022435","160437155","[PREMIUM]","[PREMIUM]","412","2","_",,,2,"[2]",1771,"Terrace Level",10,"Mobile Transfer ticket",1,"[PREMIUM]","[PREMIUM]","[PREMIUM]","[PREMIUM]",true,false,"['Clear view']","2026-09-23 22:46:45"
"14131294081","2026-09-23 23:49:31.213","2026-09-23 23:49:31.213","14131294081","160437151","[PREMIUM]","[PREMIUM]","Ring of Honor WC 432","C","9001_9002","9001",,2,"[2]",39229,"Ring of Honor Accessible",10,"Mobile Transfer ticket",1,"[PREMIUM]","[PREMIUM]","[PREMIUM]","[PREMIUM]",true,false,"['Front Row of Section','Clear view']","2026-09-22 00:06:54"
"14148633567","2026-09-23 23:49:31.213","2026-09-23 23:49:31.213","14148633567","160437151","[PREMIUM]","[PREMIUM]","429","D","9001_9002","9001",,2,"[2]",5506,"Ring of Honor",10,"Mobile Transfer ticket",1,"[PREMIUM]","[PREMIUM]","[PREMIUM]","[PREMIUM]",true,false,"['Clear view']","2026-09-23 01:11:34"
"14148633502","2026-09-23 23:49:31.213","2026-09-23 23:49:31.213","14148633502","160437151","[PREMIUM]","[PREMIUM]","426","B","9001_9003","9001",,3,"[1,3]",5506,"Ring of Honor",10,"Mobile Transfer ticket",1,"[PREMIUM]","[PREMIUM]","[PREMIUM]","[PREMIUM]",true,false,"['Second Row of Section','Clear view']","2026-09-23 01:11:33"
"14155284244","2026-09-23 23:49:28.369","2026-09-23 23:49:28.369","14155284244","160437155","[PREMIUM]","[PREMIUM]","115","8","_",,,2,"[2]",952,"Main Level",10,"Mobile Transfer ticket",1,"[PREMIUM]","[PREMIUM]","[PREMIUM]","[PREMIUM]",true,false,"['Clear view']","2026-09-23 13:30:52"
"14154117247","2026-09-23 23:49:26.758","2026-09-27 05:09:54.416","14154117247","160436164","[PREMIUM]","[PREMIUM]","107","3","_",,,2,"[2]",11357,"100-Level",10,"Mobile Transfer ticket",1,"[PREMIUM]","[PREMIUM]","[PREMIUM]","[PREMIUM]",true,false,"['Side view (printed on ticket)','Third Row of Section']","2026-09-23 11:00:10"
"14089930365","2026-09-23 23:49:26.508","2026-09-29 05:12:53.716","14089930365","160436162","[PREMIUM]","[PREMIUM]","126C","4","_",,,3,"[1,3]",17186,"100-Level Club",10,"Mobile Transfer ticket",1,"[PREMIUM]","[PREMIUM]","[PREMIUM]","[PREMIUM]",true,false,"['Front Row of Section','Clear view']","2026-09-18 13:12:02"
"14106736159","2026-09-23 23:49:26.508","2026-09-29 05:12:53.716","14106736159","160436162","[PREMIUM]","[PREMIUM]","238C","1","_",,,4,"[4]",17187,"200-Level Club",10,"Mobile Transfer ticket",1,"[PREMIUM]","[PREMIUM]","[PREMIUM]","[PREMIUM]",true,false,"['Front Row of Section','Clear view']","2026-09-19 18:04:19"
"14115125330","2026-09-23 23:49:26.508","2026-10-06 05:10:35.444","14115125330","160436162","[PREMIUM]","[PREMIUM]","330","5","_",,,2,"[1,2]",13685,"300-Level",10,"Mobile Transfer ticket",1,"[PREMIUM]","[PREMIUM]","[PREMIUM]","[PREMIUM]",true,false,"['Third Row of Section','Clear view']","2026-09-20 13:32:47"
"14143607648","2026-09-23 23:49:26.508","2026-10-06 05:10:25.837","14143607648","160436162","[PREMIUM]","[PREMIUM]","122","6","_",,,2,"[2]",11357,"100-Level",10,"Mobile Transfer ticket",1,"[PREMIUM]","[PREMIUM]","[PREMIUM]","[PREMIUM]",true,false,"['Front Row of Section','Clear view']","2026-09-22 19:32:51"
"13970153715","2026-09-23 23:49:26.441","2026-09-23 23:49:27.231","13970153715","160436164","[PREMIUM]","[PREMIUM]","206","2","9001_9002","9001",,2,"[2]",11358,"200-Level",10,"Mobile Transfer ticket",13,"[PREMIUM]","[PREMIUM]","[PREMIUM]","[PREMIUM]",true,false,"['Second Row of Section','Clear view']","2026-09-08 20:08:19"
"14152412166","2026-09-23 23:49:25.907","2026-09-23 23:49:25.907","14152412166","160437155","[PREMIUM]","[PREMIUM]","115","15","_",,,2,"[2]",952,"Main Level",10,"Mobile Transfer ticket",14,"[PREMIUM]","[PREMIUM]","[PREMIUM]","[PREMIUM]",true,false,"['Clear view']","2026-09-23 07:34:53"
"14162235247","2026-09-23 23:49:25.907","2026-09-30 05:10:47.853","14162235247","160437155","[PREMIUM]","[PREMIUM]","408","B","_",,,1,"[1]",5506,"Ring of Honor",10,"Mobile Transfer ticket",1,"[PREMIUM]","[PREMIUM]","[PREMIUM]","[PREMIUM]",false,false,"['Second Row of Section','Clear view']","2026-09-23 23:05:02"
"14149717362","2026-09-23 23:49:25.641","2026-09-23 23:49:25.641","14149717362","160437155","[PREMIUM]","[PREMIUM]","Ring of Honor WC 432","C","9001_9002","9001",,2,"[2]",39229,"Ring of Honor Accessible",10,"Mobile Transfer ticket",1,"[PREMIUM]","[PREMIUM]","[PREMIUM]","[PREMIUM]",true,false,"['Front Row of Section','Clear view']","2026-09-23 03:01:16"
"14155288263","2026-09-23 23:49:25.601","2026-09-23 23:49:25.601","14155288263","160437155","[PREMIUM]","[PREMIUM]","443","B","9001_9002","9001",,2,"[2]",5506,"Ring of Honor",10,"Mobile Transfer ticket",13,"[PREMIUM]","[PREMIUM]","[PREMIUM]","[PREMIUM]",true,false,"['Second Row of Section','Clear view']","2026-09-23 13:31:28"
"14162022413","2026-09-23 23:49:25.601","2026-09-23 23:49:25.601","14162022413","160437155","[PREMIUM]","[PREMIUM]","118","17","_",,,2,"[2]",952,"Main Level",10,"Mobile Transfer ticket",1,"[PREMIUM]","[PREMIUM]","[PREMIUM]","[PREMIUM]",true,false,"['Clear view']","2026-09-23 22:46:45"
"14162022770","2026-09-23 23:49:25.601","2026-10-06 05:09:08.778","14162022770","160437155","[PREMIUM]","[PREMIUM]","118","14","_",,,4,"[4]",952,"Main Level",10,"Mobile Transfer ticket",1,"[PREMIUM]","[PREMIUM]","[PREMIUM]","[PREMIUM]",true,false,"['Clear view']","2026-09-23 22:46:46"
"14161765661","2026-09-23 23:49:25.341","2026-09-23 23:49:25.341","14161765661","160437155","[PREMIUM]","[PREMIUM]","445","B","9001_9004","9001",,4,"[4]",5506,"Ring of Honor",10,"Mobile Transfer ticket",13,"[PREMIUM]","[PREMIUM]","[PREMIUM]","[PREMIUM]",true,false,"['Second Row of Section','Clear view']","2026-09-23 22:28:32"
"14150563990","2026-09-23 23:49:24.632","2026-10-03 05:05:24.015","14150563990","160437158","[PREMIUM]","[PREMIUM]","450","17","_",,,3,"[1,3]",1771,"Terrace Level",10,"Mobile Transfer ticket",14,"[PREMIUM]","[PREMIUM]","[PREMIUM]","[PREMIUM]",true,false,"['Clear view']","2026-09-23 04:41:49"
"14162419189","2026-09-23 23:49:24.632","2026-09-24 22:30:10.620","14162419189","160437158","[PREMIUM]","[PREMIUM]","418","19","_",,,2,"[2]",1771,"Terrace Level",10,"Mobile Transfer ticket",14,"[PREMIUM]","[PREMIUM]","[PREMIUM]","[PREMIUM]",true,false,"['Clear view']","2026-09-23 23:19:30"
"13908048825","2026-09-23 23:49:24.608","2026-10-06 05:04:13.349","13908048825","160437158","[PREMIUM]","[PREMIUM]","454","8","_",,,4,"[2,4]",1771,"Terrace Level",10,"Mobile Transfer ticket",14,"[PREMIUM]","[PREMIUM]","[PREMIUM]","[PREMIUM]",true,false,"['Clear view']","2026-09-02 21:37:18"
"14155509128","2026-09-23 23:49:24.268","2026-09-23 23:57:56.975","14155509128","160437158","[PREMIUM]","[PREMIUM]","415","17","_",,,2,"[2]",1771,"Terrace Level",10,"Mobile Transfer ticket",14,"[PREMIUM]","[PREMIUM]","[PREMIUM]","[PREMIUM]",true,false,"['Clear view']","2026-09-23 14:07:57"
"14147240255","2026-09-23 23:49:18.322","2026-09-30 05:05:59.868","14147240255","160437158","[PREMIUM]","[PREMIUM]","403","11","_",,,3,"[1,3]",1771,"Terrace Level",10,"Mobile Transfer ticket",14,"[PREMIUM]","[PREMIUM]","[PREMIUM]","[PREMIUM]",true,false,"['Clear view']","2026-09-22 23:33:11"
"14155508773","2026-09-23 23:49:18.322","2026-09-23 23:57:54.157","14155508773","160437158","[PREMIUM]","[PREMIUM]","434","11","_",,,6,"[1,2,4,6]",1771,"Terrace Level",10,"Mobile Transfer ticket",14,"[PREMIUM]","[PREMIUM]","[PREMIUM]","[PREMIUM]",true,false,"['Clear view']","2026-09-23 14:07:56"
"14143945025","2026-09-23 23:49:17.629","2026-09-30 05:23:42.172","14143945025","160425133","[PREMIUM]","[PREMIUM]","320","10","_",,,2,"[2]",407,"Upper",10,"Mobile Transfer ticket",1,"[PREMIUM]","[PREMIUM]","[PREMIUM]","[PREMIUM]",true,false,"['Clear view']","2026-09-22 19:57:48"
"14143940184","2026-09-23 23:49:17.218","2026-10-06 05:19:14.609","14143940184","160425133","[PREMIUM]","[PREMIUM]","105","19","_",,,2,"[2]",594,"Lower",10,"Mobile Transfer ticket",1,"[PREMIUM]","[PREMIUM]","[PREMIUM]","[PREMIUM]",true,false,"['Side view (printed on ticket)']","2026-09-22 19:57:21"
"14155305674","2026-09-23 23:49:16.644","2026-09-23 23:49:16.644","14155305674","160437151","[PREMIUM]","[PREMIUM]","407","A","9001_9002","9001",,2,"[2]",5506,"Ring of Honor",10,"Mobile Transfer ticket",13,"[PREMIUM]","[PREMIUM]","[PREMIUM]","[PREMIUM]",true,false,"['Front Row of Section','Clear view']","2026-09-23 13:34:12"
"14156131383","2026-09-23 23:49:16.644","2026-09-23 23:49:16.644","14156131383","160437151","[PREMIUM]","[PREMIUM]","414","2","9001_9002","9001",,2,"[2]",1771,"Terrace Level",10,"Mobile Transfer ticket",13,"[PREMIUM]","[PREMIUM]","[PREMIUM]","[PREMIUM]",true,false,"['Clear view']","2026-09-23 14:59:54"
"12698218363","2026-09-23 23:49:16.456","2026-10-06 05:08:20.297","12698218363","160436164","[PREMIUM]","[PREMIUM]","135","16","6_9","6",,4,"[1,2,4]",11357,"100-Level",10,"Mobile Transfer ticket",1,"[PREMIUM]","[PREMIUM]","[PREMIUM]","[PREMIUM]",true,false,"['Clear view']","2026-05-15 13:43:15"
"14152900781","2026-09-23 23:49:16.121","2026-09-23 23:49:16.121","14152900781","160425133","[PREMIUM]","[PREMIUM]","325","11","9001_9002","9001",,2,"[2]",407,"Upper",10,"Mobile Transfer ticket",13,"[PREMIUM]","[PREMIUM]","[PREMIUM]","[PREMIUM]",true,false,"['Clear view']","2026-09-23 08:22:30"
"14125104493","2026-09-23 23:49:13.949","2026-09-26 22:31:08.302","14125104493","160435673","[PREMIUM]","[PREMIUM]","105","8","_",,,4,"[1,2,4]",594,"Lower",10,"Mobile Transfer ticket",1,"[PREMIUM]","[PREMIUM]","[PREMIUM]","[PREMIUM]",true,false,"['Clear view']","2026-09-21 12:36:11"
"13969710835","2026-09-23 23:49:13.933","2026-09-24 22:34:18.277","13969710835","160436164","[PREMIUM]","[PREMIUM]","206","3","9001_9002","9001",,2,"[2]",11358,"200-Level",10,"Mobile Transfer ticket",13,"[PREMIUM]","[PREMIUM]","[PREMIUM]","[PREMIUM]",true,false,"['Third Row of Section','Clear view']","2026-09-08 19:08:58"
"14095519779","2026-09-23 23:49:11.895","2026-10-06 05:18:02.567","14095519779","160437151","[PREMIUM]","[PREMIUM]","103","20","_",,,4,"[2,4]",952,"Main Level",10,"Mobile Transfer ticket",14,"[PREMIUM]","[PREMIUM]","[PREMIUM]","[PREMIUM]",true,false,"['Clear view']","2026-09-18 22:02:22"
"14157864997","2026-09-23 23:49:11.817","2026-09-24 22:29:33.064","14157864997","160437151","[PREMIUM]","[PREMIUM]","451","C","1_3","1",,3,"[3]",5506,"Ring of Honor",10,"Mobile Transfer ticket",1,"[PREMIUM]","[PREMIUM]","[PREMIUM]","[PREMIUM]",true,false,"['ADA Accessible','Padded Seats','Third Row of Section','Clear view']","2026-09-23 17:21:11"
"14159576006","2026-09-23 23:49:11.673","2026-10-01 05:19:03.781","14159576006","160437151","[PREMIUM]","[PREMIUM]","403","1","_",,,2,"[2]",1771,"Terrace Level",10,"Mobile Transfer ticket",1,"[PREMIUM]","[PREMIUM]","[PREMIUM]","[PREMIUM]",true,false,"['Clear view']","2026-09-23 19:39:32"
"14159577121","2026-09-23 23:49:11.567","2026-10-01 05:19:03.781","14159577121","160437151","[PREMIUM]","[PREMIUM]","453","1","_",,,2,"[2]",1771,"Terrace Level",10,"Mobile Transfer ticket",1,"[PREMIUM]","[PREMIUM]","[PREMIUM]","[PREMIUM]",true,false,"['Clear view']","2026-09-23 19:39:35"
"14162022734","2026-09-23 23:49:11.211","2026-10-05 05:09:18.416","14162022734","160437155","[PREMIUM]","[PREMIUM]","117","11","_",,,1,"[1]",952,"Main Level",10,"Mobile Transfer ticket",1,"[PREMIUM]","[PREMIUM]","[PREMIUM]","[PREMIUM]",false,false,"['Clear view']","2026-09-23 22:46:46"
"14039917727","2026-09-23 23:49:08.411","2026-09-27 05:09:54.416","14039917727","160436164","[PREMIUM]","[PREMIUM]","125","6","11_12","11",,2,"[2]",11357,"100-Level",10,"Mobile Transfer ticket",1,"[PREMIUM]","[PREMIUM]","[PREMIUM]","[PREMIUM]",true,false,"['Clear view']","2026-09-14 15:37:11"
"14162022402","2026-09-23 23:49:08.248","2026-09-24 22:31:16.473","14162022402","160437155","[PREMIUM]","[PREMIUM]","442","2","_",,,2,"[2]",1771,"Terrace Level",10,"Mobile Transfer ticket",1,"[PREMIUM]","[PREMIUM]","[PREMIUM]","[PREMIUM]",true,false,"['Clear view']","2026-09-23 22:46:45"
"14161294413","2026-09-23 23:49:08.216","2026-09-23 23:49:08.216","14161294413","160437155","[PREMIUM]","[PREMIUM]","119","19","9001_9004","9001",,4,"[4]",952,"Main Level",10,"Mobile Transfer ticket",13,"[PREMIUM]","[PREMIUM]","[PREMIUM]","[PREMIUM]",true,false,"['Clear view']","2026-09-23 21:58:22"
"14162235458","2026-09-23 23:49:08.216","2026-09-27 05:10:10.180","14162235458","160437155","[PREMIUM]","[PREMIUM]","445","1","_",,,2,"[2]",1771,"Terrace Level",10,"Mobile Transfer ticket",1,"[PREMIUM]","[PREMIUM]","[PREMIUM]","[PREMIUM]",true,false,"['Clear view']","2026-09-23 23:05:02"
"14157457598","2026-09-23 23:49:07.775","2026-09-24 22:34:10.430","14157457598","160436164","[PREMIUM]","[PREMIUM]","312","2","_",,,2,"[2]",13685,"300-Level",10,"Mobile Transfer ticket",1,"[PREMIUM]","[PREMIUM]","[PREMIUM]","[PREMIUM]",true,false,"['Second Row of Section','Clear view']","2026-09-23 16:47:05"
"14124563562","2026-09-23 23:49:06.687","2026-09-23 23:49:06.687","14124563562","160425133","[PREMIUM]","[PREMIUM]","325","13","9001_9002","9001",,2,"[2]",407,"Upper",10,"Mobile Transfer ticket",13,"[PREMIUM]","[PREMIUM]","[PREMIUM]","[PREMIUM]",true,false,"['Clear view']","2026-09-21 11:07:27"
"14143948960","2026-09-23 23:49:06.608","2026-09-24 22:34:03.132","14143948960","160436164","[PREMIUM]","[PREMIUM]","326C","14","_",,,4,"[2,4]",17332,"300-Level Club",10,"Mobile Transfer ticket",1,"[PREMIUM]","[PREMIUM]","[PREMIUM]","[PREMIUM]",true,false,"['Third Row of Section','Clear view']","2026-09-22 19:58:10"
"14105658945","2026-09-23 23:49:03.251","2026-09-27 22:29:33.826","14105658945","160437155","[PREMIUM]","[PREMIUM]","134","30","3_6","3","6",4,"[2,4]",952,"Main Level",10,"Mobile Transfer ticket",1,"[PREMIUM]","[PREMIUM]","[PREMIUM]","[PREMIUM]",true,false,"['Clear view']","2026-09-19 16:00:32"
"14155361148","2026-09-23 23:49:02.933","2026-09-23 23:49:02.933","14155361148","160437155","[PREMIUM]","[PREMIUM]","117","16","9001_9003","9001",,3,"[3]",952,"Main Level",10,"Mobile Transfer ticket",13,"[PREMIUM]","[PREMIUM]","[PREMIUM]","[PREMIUM]",true,false,"['Clear view']","2026-09-23 13:46:46"
"14157934393","2026-09-23 23:49:02.657","2026-10-06 05:19:22.212","14157934393","160425133","[PREMIUM]","[PREMIUM]","126","10","3_12","3","12",10,"[1,2,3,4,5,6,7,8,10]",594,"Lower",10,"Mobile Transfer ticket",1,"[PREMIUM]","[PREMIUM]","[PREMIUM]","[PREMIUM]",true,false,"['Clear view']","2026-09-23 17:26:23"
"14157934382","2026-09-23 23:49:02.657","2026-10-06 05:19:22.212","14157934382","160425133","[PREMIUM]","[PREMIUM]","108","10","1_10","1","10",10,"[1,2,3,4,5,6,7,8,10]",594,"Lower",10,"Mobile Transfer ticket",1,"[PREMIUM]","[PREMIUM]","[PREMIUM]","[PREMIUM]",true,false,"['Clear view']","2026-09-23 17:26:23"
"14133042079","2026-09-23 23:49:02.579","2026-09-26 05:19:44.743","14133042079","160425133","[PREMIUM]","[PREMIUM]","327","16","4_5","4","5",2,"[2]",407,"Upper",10,"Mobile Transfer ticket",1,"[PREMIUM]","[PREMIUM]","[PREMIUM]","[PREMIUM]",true,false,"['Clear view']","2026-09-22 03:24:15"
"14157934401","2026-09-23 23:49:02.579","2026-10-06 05:19:22.042","14157934401","160425133","[PREMIUM]","[PREMIUM]","111","12","3_8","3","8",6,"[1,2,3,4,6]",594,"Lower",10,"Mobile Transfer ticket",1,"[PREMIUM]","[PREMIUM]","[PREMIUM]","[PREMIUM]",true,false,"['Clear view']","2026-09-23 17:26:23"
"14157934383","2026-09-23 23:49:02.579","2026-10-06 05:19:22.042","14157934383","160425133","[PREMIUM]","[PREMIUM]","129","12","5_14","5","14",10,"[1,2,3,4,5,6,7,8,10]",594,"Lower",10,"Mobile Transfer ticket",1,"[PREMIUM]","[PREMIUM]","[PREMIUM]","[PREMIUM]",true,false,"['Clear view']","2026-09-23 17:26:23"
"14157934381","2026-09-23 23:49:02.579","2026-10-06 05:19:22.042","14157934381","160425133","[PREMIUM]","[PREMIUM]","127","12","5_10","5","10",6,"[1,2,3,4,6]",594,"Lower",10,"Mobile Transfer ticket",1,"[PREMIUM]","[PREMIUM]","[PREMIUM]","[PREMIUM]",true,false,"['Clear view']","2026-09-23 17:26:23"
"14051585414","2026-09-23 23:49:02.272","2026-09-30 05:05:52.480","14051585414","160437158","[PREMIUM]","[PREMIUM]","404","8","12_16","12",,5,"[1,2,3,5]",1771,"Terrace Level",10,"Mobile Transfer ticket",1,"[PREMIUM]","[PREMIUM]","[PREMIUM]","[PREMIUM]",true,false,"['Clear view']","2026-09-15 15:54:38"
"14161174853","2026-09-23 23:49:01.886","2026-09-23 23:49:01.886","14161174853","160425133","[PREMIUM]","[PREMIUM]","306","41","_",,,6,"[1,2,4,6]",407,"Upper",10,"Mobile Transfer ticket",1,"[PREMIUM]","[PREMIUM]","[PREMIUM]","[PREMIUM]",true,false,"['Clear view']","2026-09-23 21:49:21"
"14162187312","2026-09-23 23:49:01.886","2026-09-23 23:49:01.886","14162187312","160425133","[PREMIUM]","[PREMIUM]","318","43","_",,,6,"[1,2,4,6]",407,"Upper",10,"Mobile Transfer ticket",1,"[PREMIUM]","[PREMIUM]","[PREMIUM]","[PREMIUM]",true,false,"['Clear view']","2026-09-23 23:02:23"
"13759581297","2026-09-23 23:49:01.502","2026-09-23 23:49:01.502","13759581297","160425133","[PREMIUM]","[PREMIUM]","310","8","_",,,4,"[1,2,3,4]",407,"Upper",10,"Mobile Transfer ticket",1,"[PREMIUM]","[PREMIUM]","[PREMIUM]","[PREMIUM]",true,false,"['Side or rear view']","2026-08-21 20:29:13"
"14157561093","2026-09-23 23:49:01.172","2026-09-28 05:10:46.804","14157561093","160436162","[PREMIUM]","[PREMIUM]","129C","1","_",,,2,"[2]",17186,"100-Level Club",10,"Mobile Transfer ticket",1,"[PREMIUM]","[PREMIUM]","[PREMIUM]","[PREMIUM]",true,false,"['Front Row of Section','Clear view']","2026-09-23 16:53:55"
"14159229220","2026-09-23 23:49:01.172","2026-10-06 05:10:27.015","14159229220","160436162","[PREMIUM]","[PREMIUM]","101","10","_",,,2,"[2]",11357,"100-Level",10,"Mobile Transfer ticket",1,"[PREMIUM]","[PREMIUM]","[PREMIUM]","[PREMIUM]",true,false,"['Front Row of Section','Clear view']","2026-09-23 19:13:59"
"14155327576","2026-09-23 23:49:00.616","2026-09-23 23:49:00.616","14155327576","160437151","[PREMIUM]","[PREMIUM]","102","16","_",,,2,"[2]",952,"Main Level",10,"Mobile Transfer ticket",14,"[PREMIUM]","[PREMIUM]","[PREMIUM]","[PREMIUM]",true,false,"['Clear view']","2026-09-23 13:40:06"
"14159551650","2026-09-23 23:49:00.616","2026-09-23 23:49:00.616","14159551650","160437151","[PREMIUM]","[PREMIUM]","Ring of Honor WC 453","C","9001_9001","9001",,1,"[1]",39229,"Ring of Honor Accessible",10,"Mobile Transfer ticket",1,"[PREMIUM]","[PREMIUM]","[PREMIUM]","[PREMIUM]",false,false,"['Front Row of Section','Clear view']","2026-09-23 19:38:15"
"14160557854","2026-09-23 23:49:00.257","2026-09-23 23:49:00.257","14160557854","160437155","[PREMIUM]","[PREMIUM]","123","15","_",,,6,"[1,2,4,6]",952,"Main Level",10,"Mobile Transfer ticket",14,"[PREMIUM]","[PREMIUM]","[PREMIUM]","[PREMIUM]",true,false,"['Clear view']","2026-09-23 20:56:46"
"14149466823","2026-09-23 23:49:00.185","2026-09-29 05:21:20.293","14149466823","160437151","[PREMIUM]","[PREMIUM]","135","20","_",,,4,"[1,2,4]",952,"Main Level",10,"Mobile Transfer ticket",1,"[PREMIUM]","[PREMIUM]","[PREMIUM]","[PREMIUM]",true,false,"['Clear view']","2026-09-23 02:31:34"
"14156338244","2026-09-23 23:49:00.185","2026-09-23 23:49:00.185","14156338244","160437151","[PREMIUM]","[PREMIUM]","431","A","9001_9002","9001",,2,"[2]",5506,"Ring of Honor",10,"Mobile Transfer ticket",13,"[PREMIUM]","[PREMIUM]","[PREMIUM]","[PREMIUM]",true,false,"['Front Row of Section','Clear view']","2026-09-23 15:13:08"
"14156735517","2026-09-23 23:49:00.185","2026-09-23 23:49:00.185","14156735517","160437151","[PREMIUM]","[PREMIUM]","403","B","9001_9006","9001",,6,"[6]",5506,"Ring of Honor",10,"Mobile Transfer ticket",13,"[PREMIUM]","[PREMIUM]","[PREMIUM]","[PREMIUM]",true,false,"['Second Row of Section','Clear view']","2026-09-23 15:41:35"
"13759580923","2026-09-23 23:48:59.827","2026-10-06 05:19:14.192","13759580923","160425133","[PREMIUM]","[PREMIUM]","307","2","_",,,2,"[2]",407,"Upper",10,"Mobile Transfer ticket",1,"[PREMIUM]","[PREMIUM]","[PREMIUM]","[PREMIUM]",true,false,"['Side or rear view','Second Row of Section']","2026-08-21 20:29:12"
"14159574695","2026-09-23 23:48:59.818","2026-10-01 05:19:12.761","14159574695","160437151","[PREMIUM]","[PREMIUM]","406","1","_",,,4,"[2,4]",1771,"Terrace Level",10,"Mobile Transfer ticket",1,"[PREMIUM]","[PREMIUM]","[PREMIUM]","[PREMIUM]",true,false,"['Front Row of Section','Clear view']","2026-09-23 19:39:28"
"14100193505","2026-09-23 23:48:59.456","2026-10-06 05:17:55.060","14100193505","160437151","[PREMIUM]","[PREMIUM]","135","16","21_22","21","22",2,"[2]",952,"Main Level",10,"Mobile Transfer ticket",1,"[PREMIUM]","[PREMIUM]","[PREMIUM]","[PREMIUM]",true,false,"['Clear view']","2026-09-19 05:43:39"
"12848315334","2026-09-23 23:48:59.411","2026-09-24 22:29:29.236","12848315334","160437151","[PREMIUM]","[PREMIUM]","125","32","_",,,4,"[1,2,4]",952,"Main Level",10,"Mobile Transfer ticket",1,"[PREMIUM]","[PREMIUM]","[PREMIUM]","[PREMIUM]",true,false,"['Clear view']","2026-05-28 16:44:35"
"14126318756","2026-09-23 23:48:59.411","2026-09-24 22:29:27.775","14126318756","160437151","[PREMIUM]","[PREMIUM]","125","36","_",,,2,"[2]",952,"Main Level",10,"Mobile Transfer ticket",14,"[PREMIUM]","[PREMIUM]","[PREMIUM]","[PREMIUM]",true,false,"['Clear view']","2026-09-21 15:28:29"
"14155327594","2026-09-23 23:48:59.411","2026-09-24 22:29:27.775","14155327594","160437151","[PREMIUM]","[PREMIUM]","115","19","_",,,2,"[2]",952,"Main Level",10,"Mobile Transfer ticket",14,"[PREMIUM]","[PREMIUM]","[PREMIUM]","[PREMIUM]",true,false,"['Clear view']","2026-09-23 13:40:06"
"14156738630","2026-09-23 23:48:59.291","2026-09-23 23:48:59.291","14156738630","160437151","[PREMIUM]","[PREMIUM]","438","1","9001_9002","9001",,2,"[2]",1771,"Terrace Level",10,"Mobile Transfer ticket",13,"[PREMIUM]","[PREMIUM]","[PREMIUM]","[PREMIUM]",true,false,"['Clear view']","2026-09-23 15:41:43"
"14149463576","2026-09-23 23:48:58.960","2026-09-24 22:29:30.813","14149463576","160437151","[PREMIUM]","[PREMIUM]","121","22","_",,,7,"[1,2,3,4,5,7]",952,"Main Level",10,"Mobile Transfer ticket",1,"[PREMIUM]","[PREMIUM]","[PREMIUM]","[PREMIUM]",true,false,"['Clear view']","2026-09-23 02:30:44"
"14157063635","2026-09-23 23:48:58.960","2026-09-23 23:48:58.960","14157063635","160437151","[PREMIUM]","[PREMIUM]","441","1","9001_9002","9001",,2,"[2]",1771,"Terrace Level",10,"Mobile Transfer ticket",13,"[PREMIUM]","[PREMIUM]","[PREMIUM]","[PREMIUM]",true,false,"['Clear view']","2026-09-23 16:04:23"
"14160557618","2026-09-23 23:48:58.650","2026-09-23 23:48:58.650","14160557618","160437155","[PREMIUM]","[PREMIUM]","123","19","_",,,6,"[1,2,4,6]",952,"Main Level",10,"Mobile Transfer ticket",14,"[PREMIUM]","[PREMIUM]","[PREMIUM]","[PREMIUM]",true,false,"['Clear view']","2026-09-23 20:56:45"
"14148067431","2026-09-23 23:48:58.616","2026-09-23 23:48:58.616","14148067431","160437155","[PREMIUM]","[PREMIUM]","115","20","_",,,2,"[2]",952,"Main Level",10,"Mobile Transfer ticket",14,"[PREMIUM]","[PREMIUM]","[PREMIUM]","[PREMIUM]",true,false,"['Clear view']","2026-09-23 00:27:13"
"14152799445","2026-09-23 23:48:58.616","2026-09-23 23:48:58.616","14152799445","160437155","[PREMIUM]","[PREMIUM]","407","2","9001_9002","9001",,2,"[2]",1771,"Terrace Level",10,"Mobile Transfer ticket",1,"[PREMIUM]","[PREMIUM]","[PREMIUM]","[PREMIUM]",true,false,"['Clear view']","2026-09-23 08:13:21"
"14162022395","2026-09-23 23:48:58.582","2026-09-24 22:28:54.538","14162022395","160437155","[PREMIUM]","[PREMIUM]","449","B","_",,,2,"[2]",5506,"Ring of Honor",10,"Mobile Transfer ticket",1,"[PREMIUM]","[PREMIUM]","[PREMIUM]","[PREMIUM]",true,false,"['Second Row of Section','Clear view']","2026-09-23 22:46:45"
"14160557053","2026-09-23 23:48:58.357","2026-09-23 23:48:58.357","14160557053","160437155","[PREMIUM]","[PREMIUM]","136","39","_",,,9,"[1,2,3,4,5,7,9]",952,"Main Level",10,"Mobile Transfer ticket",14,"[PREMIUM]","[PREMIUM]","[PREMIUM]","[PREMIUM]",true,false,"['Clear view']","2026-09-23 20:56:43"
"14157788086","2026-09-23 23:48:58.305","2026-10-05 05:09:14.742","14157788086","160437155","[PREMIUM]","[PREMIUM]","451","C","1_3","1",,3,"[3]",5506,"Ring of Honor",10,"Mobile Transfer ticket",1,"[PREMIUM]","[PREMIUM]","[PREMIUM]","[PREMIUM]",true,false,"['ADA Accessible','Padded Seats','Third Row of Section','Clear view']","2026-09-23 17:14:14"
"14162022772","2026-09-23 23:48:58.305","2026-09-28 05:09:24.304","14162022772","160437155","[PREMIUM]","[PREMIUM]","402","A","_",,,2,"[2]",5506,"Ring of Honor",10,"Mobile Transfer ticket",1,"[PREMIUM]","[PREMIUM]","[PREMIUM]","[PREMIUM]",true,false,"['Front Row of Section','Clear view']","2026-09-23 22:46:46"
"12698237622","2026-09-23 23:48:58.287","2026-09-24 22:29:23.718","12698237622","160437151","[PREMIUM]","[PREMIUM]","125","39","11_12","11",,2,"[2]",952,"Main Level",10,"Mobile Transfer ticket",1,"[PREMIUM]","[PREMIUM]","[PREMIUM]","[PREMIUM]",true,false,"['Clear view']","2026-05-15 13:44:28"
"12698711331","2026-09-23 23:48:58.287","2026-10-01 05:19:20.275","12698711331","160437151","[PREMIUM]","[PREMIUM]","119","34","_",,,3,"[1,3]",952,"Main Level",10,"Mobile Transfer ticket",14,"[PREMIUM]","[PREMIUM]","[PREMIUM]","[PREMIUM]",true,false,"['Clear view']","2026-05-15 14:40:45"
"14155875713","2026-09-23 23:48:57.739","2026-09-23 23:48:57.739","14155875713","160437155","[PREMIUM]","[PREMIUM]","433","A","9001_9002","9001",,2,"[2]",5506,"Ring of Honor",10,"Mobile Transfer ticket",13,"[PREMIUM]","[PREMIUM]","[PREMIUM]","[PREMIUM]",true,false,"['Front Row of Section','Clear view']","2026-09-23 14:35:55"
"14161027431","2026-09-23 23:48:57.601","2026-09-23 23:48:57.601","14161027431","160437155","[PREMIUM]","[PREMIUM]","125","28","_",,,2,"[2]",952,"Main Level",10,"Mobile Transfer ticket",1,"[PREMIUM]","[PREMIUM]","[PREMIUM]","[PREMIUM]",true,false,"['Clear view']","2026-09-23 21:36:48"
"14162191153","2026-09-23 23:48:57.601","2026-09-23 23:48:57.601","14162191153","160437155","[PREMIUM]","[PREMIUM]","424","E","_",,,2,"[2]",5506,"Ring of Honor",10,"Mobile Transfer ticket",1,"[PREMIUM]","[PREMIUM]","[PREMIUM]","[PREMIUM]",true,false,"['Clear view']","2026-09-23 23:02:42"
"14155120312","2026-09-23 23:48:56.361","2026-09-24 22:32:06.287","14155120312","160436164","[PREMIUM]","[PREMIUM]","215","6","_",,,2,"[2]",11358,"200-Level",10,"Mobile Transfer ticket",14,"[PREMIUM]","[PREMIUM]","[PREMIUM]","[PREMIUM]",true,false,"['Clear view']","2026-09-23 13:03:43"
"14155120305","2026-09-23 23:48:55.824","2026-09-24 22:34:02.019","14155120305","160436164","[PREMIUM]","[PREMIUM]","215","9","_",,,2,"[2]",11358,"200-Level",10,"Mobile Transfer ticket",14,"[PREMIUM]","[PREMIUM]","[PREMIUM]","[PREMIUM]",true,false,"['Clear view']","2026-09-23 13:03:43"
"14039929927","2026-09-23 23:48:55.524","2026-09-30 05:10:37.531","14039929927","160436164","[PREMIUM]","[PREMIUM]","131","30","11_12","11",,2,"[2]",11357,"100-Level",10,"Mobile Transfer ticket",1,"[PREMIUM]","[PREMIUM]","[PREMIUM]","[PREMIUM]",true,false,"['Clear view']","2026-09-14 15:38:07"
"14161681662","2026-09-23 23:48:54.897","2026-09-23 23:48:54.897","14161681662","160437155","[PREMIUM]","[PREMIUM]","432","12","_",,,5,"[1,3,5]",1771,"Terrace Level",10,"Mobile Transfer ticket",1,"[PREMIUM]","[PREMIUM]","[PREMIUM]","[PREMIUM]",true,false,"['Clear view']","2026-09-23 22:23:41"
"14152836777","2026-09-23 23:48:54.440","2026-10-06 05:08:54.348","14152836777","160437155","[PREMIUM]","[PREMIUM]","450","4","3_6","3",,4,"[1,2,4]",1771,"Terrace Level",10,"Mobile Transfer ticket",14,"[PREMIUM]","[PREMIUM]","[PREMIUM]","[PREMIUM]",true,false,"['Clear view']","2026-09-23 08:15:19"
"14160557904","2026-09-23 23:48:54.272","2026-09-23 23:48:54.272","14160557904","160437155","[PREMIUM]","[PREMIUM]","440","17","_",,,6,"[1,2,4,6]",1771,"Terrace Level",10,"Mobile Transfer ticket",14,"[PREMIUM]","[PREMIUM]","[PREMIUM]","[PREMIUM]",true,false,"['Clear view']","2026-09-23 20:56:46"
"14160557558","2026-09-23 23:48:54.272","2026-09-24 22:30:11.136","14160557558","160437155","[PREMIUM]","[PREMIUM]","438","15","_",,,12,"[1,2,3,4,5,6,7,8,10,12]",1771,"Terrace Level",10,"Mobile Transfer ticket",14,"[PREMIUM]","[PREMIUM]","[PREMIUM]","[PREMIUM]",true,false,"['Clear view']","2026-09-23 20:56:45"
"14152412105","2026-09-23 23:48:40.612","2026-09-27 05:10:08.207","14152412105","160437155","[PREMIUM]","[PREMIUM]","137","31","_",,,6,"[1,2,4,6]",952,"Main Level",10,"Mobile Transfer ticket",14,"[PREMIUM]","[PREMIUM]","[PREMIUM]","[PREMIUM]",true,false,"['Clear view']","2026-09-23 07:34:52"
"14098846700","2026-09-23 23:48:39.615","2026-09-29 05:21:20.204","14098846700","160437151","[PREMIUM]","[PREMIUM]","137","30","_",,,8,"[1,2,3,4,6,8]",952,"Main Level",10,"Mobile Transfer ticket",14,"[PREMIUM]","[PREMIUM]","[PREMIUM]","[PREMIUM]",true,false,"['Clear view']","2026-09-19 03:44:31"
"14148638139","2026-09-23 23:48:36.855","2026-09-23 23:48:36.855","14148638139","160437151","[PREMIUM]","[PREMIUM]","432","11","9001_9006","9001",,6,"[1,2,3,4,6]",1771,"Terrace Level",10,"Mobile Transfer ticket",1,"[PREMIUM]","[PREMIUM]","[PREMIUM]","[PREMIUM]",true,false,"['Clear view']","2026-09-23 01:12:04"
"14160690952","2026-09-23 23:48:36.855","2026-09-23 23:48:36.855","14160690952","160437151","[PREMIUM]","[PREMIUM]","137","34","_",,,5,"[1,3,5]",952,"Main Level",10,"Mobile Transfer ticket",14,"[PREMIUM]","[PREMIUM]","[PREMIUM]","[PREMIUM]",true,false,"['Clear view']","2026-09-23 21:06:07"
"14161259645","2026-09-23 23:48:36.855","2026-09-23 23:48:36.855","14161259645","160437151","[PREMIUM]","[PREMIUM]","432","12","_",,,6,"[1,2,3,4,5,6]",1771,"Terrace Level",10,"Mobile Transfer ticket",1,"[PREMIUM]","[PREMIUM]","[PREMIUM]","[PREMIUM]",true,false,"['Clear view']","2026-09-23 21:55:24"
"14051405926","2026-09-23 23:48:36.582","2026-10-06 05:17:54.657","14051405926","160437151","[PREMIUM]","[PREMIUM]","121","17","11_15","11",,5,"[1,2,3,5]",952,"Main Level",10,"Mobile Transfer ticket",1,"[PREMIUM]","[PREMIUM]","[PREMIUM]","[PREMIUM]",true,false,"['Clear view']","2026-09-15 15:41:48"
"14149346725","2026-09-23 23:48:35.689","2026-09-29 05:21:19.923","14149346725","160437151","[PREMIUM]","[PREMIUM]","440","6","_",,,3,"[3]",1771,"Terrace Level",10,"Mobile Transfer ticket",1,"[PREMIUM]","[PREMIUM]","[PREMIUM]","[PREMIUM]",true,false,"['Clear view']","2026-09-23 02:13:57"
"14161850664","2026-09-23 23:48:35.689","2026-09-23 23:48:35.689","14161850664","160437151","[PREMIUM]","[PREMIUM]","433","1","_",,,2,"[2]",1771,"Terrace Level",10,"Mobile Transfer ticket",1,"[PREMIUM]","[PREMIUM]","[PREMIUM]","[PREMIUM]",true,false,"['Clear view']","2026-09-23 22:33:31"
"14153749550","2026-09-23 23:48:35.395","2026-09-23 23:48:35.395","14153749550","160437155","[PREMIUM]","[PREMIUM]","431","D","_",,,3,"[1,2,3]",5506,"Ring of Honor",10,"Mobile Transfer ticket",1,"[PREMIUM]","[PREMIUM]","[PREMIUM]","[PREMIUM]",true,false,"['Clear view']","2026-09-23 10:06:48"
"14155429619","2026-09-23 23:48:35.395","2026-09-23 23:48:35.395","14155429619","160437155","[PREMIUM]","[PREMIUM]","431","A","9001_9002","9001",,2,"[2]",5506,"Ring of Honor",10,"Mobile Transfer ticket",13,"[PREMIUM]","[PREMIUM]","[PREMIUM]","[PREMIUM]",true,false,"['Front Row of Section','Clear view']","2026-09-23 13:59:31"
"14156106087","2026-09-23 23:48:35.395","2026-09-23 23:48:35.395","14156106087","160437155","[PREMIUM]","[PREMIUM]","446","2","9001_9002","9001",,2,"[2]",1771,"Terrace Level",10,"Mobile Transfer ticket",13,"[PREMIUM]","[PREMIUM]","[PREMIUM]","[PREMIUM]",true,false,"['Clear view']","2026-09-23 14:58:06"
"14155873921","2026-09-23 23:48:35.395","2026-09-23 23:48:35.395","14155873921","160437155","[PREMIUM]","[PREMIUM]","455","A","9001_9002","9001",,2,"[2]",5506,"Ring of Honor",10,"Mobile Transfer ticket",13,"[PREMIUM]","[PREMIUM]","[PREMIUM]","[PREMIUM]",true,false,"['Front Row of Section','Clear view']","2026-09-23 14:35:47"
"14111206989","2026-09-23 23:48:34.545","2026-09-24 22:30:57.439","14111206989","160437155","[PREMIUM]","[PREMIUM]","122","30","_",,,1,"[1]",952,"Main Level",10,"Mobile Transfer ticket",1,"[PREMIUM]","[PREMIUM]","[PREMIUM]","[PREMIUM]",false,false,"['Clear view']","2026-09-20 03:43:41"
"14158147726","2026-09-23 23:48:33.801","2026-09-23 23:48:33.801","14158147726","160437155","[PREMIUM]","[PREMIUM]","438","1","_",,,4,"[2,4]",1771,"Terrace Level",10,"Mobile Transfer ticket",1,"[PREMIUM]","[PREMIUM]","[PREMIUM]","[PREMIUM]",true,false,"['Clear view']","2026-09-23 17:40:32"
"14162235425","2026-09-23 23:48:33.801","2026-09-26 05:09:46.586","14162235425","160437155","[PREMIUM]","[PREMIUM]","440","3","_",,,2,"[2]",1771,"Terrace Level",10,"Mobile Transfer ticket",1,"[PREMIUM]","[PREMIUM]","[PREMIUM]","[PREMIUM]",true,false,"['Clear view']","2026-09-23 23:05:02"
"14125877127","2026-09-23 23:48:24.247","2026-09-23 23:49:16.947","14125877127","160425133","[PREMIUM]","[PREMIUM]","115","36","20_21","20","21",2,"[2]",594,"Lower",10,"Mobile Transfer ticket",1,"[PREMIUM]","[PREMIUM]","[PREMIUM]","[PREMIUM]",true,false,"['Clear view']","2026-09-21 14:31:09"
"13816800416","2026-09-23 23:48:23.878","2026-09-23 23:48:23.878","13816800416","160425133","[PREMIUM]","[PREMIUM]","307","4","9001_9003","9001",,3,"[3]",407,"Upper",10,"Mobile Transfer ticket",13,"[PREMIUM]","[PREMIUM]","[PREMIUM]","[PREMIUM]",true,false,"['Clear view']","2026-08-26 10:43:41"
"14159577099","2026-09-23 23:48:20.281","2026-09-23 23:48:20.281","14159577099","160437151","[PREMIUM]","[PREMIUM]","454","1","_",,,4,"[2,4]",1771,"Terrace Level",10,"Mobile Transfer ticket",1,"[PREMIUM]","[PREMIUM]","[PREMIUM]","[PREMIUM]",true,false,"['Clear view']","2026-09-23 19:39:35"
"14159574596","2026-09-23 23:48:19.961","2026-09-23 23:48:19.961","14159574596","160437151","[PREMIUM]","[PREMIUM]","408","2","_",,,2,"[2]",1771,"Terrace Level",10,"Mobile Transfer ticket",1,"[PREMIUM]","[PREMIUM]","[PREMIUM]","[PREMIUM]",true,false,"['Clear view']","2026-09-23 19:39:28"
"14160557390","2026-09-23 23:48:19.669","2026-09-23 23:48:19.669","14160557390","160437155","[PREMIUM]","[PREMIUM]","437","17","_",,,3,"[1,3]",1771,"Terrace Level",10,"Mobile Transfer ticket",14,"[PREMIUM]","[PREMIUM]","[PREMIUM]","[PREMIUM]",true,false,"['Clear view']","2026-09-23 20:56:44"
"14160557561","2026-09-23 23:48:19.669","2026-09-23 23:48:19.669","14160557561","160437155","[PREMIUM]","[PREMIUM]","437","18","_",,,2,"[2]",1771,"Terrace Level",10,"Mobile Transfer ticket",14,"[PREMIUM]","[PREMIUM]","[PREMIUM]","[PREMIUM]",true,false,"['Clear view']","2026-09-23 20:56:45"
"14160691063","2026-09-23 23:48:18.584","2026-09-27 05:19:23.443","14160691063","160437151","[PREMIUM]","[PREMIUM]","411","10","_",,,11,"[1,2,3,4,5,6,7,9,11]",1771,"Terrace Level",10,"Mobile Transfer ticket",14,"[PREMIUM]","[PREMIUM]","[PREMIUM]","[PREMIUM]",true,false,"['Clear view']","2026-09-23 21:06:08"
"14148184313","2026-09-23 23:48:17.441","2026-10-06 05:17:51.000","14148184313","160437151","[PREMIUM]","[PREMIUM]","414","13","_",,,6,"[1,2,4,6]",1771,"Terrace Level",10,"Mobile Transfer ticket",14,"[PREMIUM]","[PREMIUM]","[PREMIUM]","[PREMIUM]",true,false,"['Clear view']","2026-09-23 00:36:43"
"14160691256","2026-09-23 23:48:17.441","2026-10-06 05:17:51.000","14160691256","160437151","[PREMIUM]","[PREMIUM]","445","16","_",,,12,"[1,2,3,4,5,6,7,8,10,12]",1771,"Terrace Level",10,"Mobile Transfer ticket",14,"[PREMIUM]","[PREMIUM]","[PREMIUM]","[PREMIUM]",true,false,"['Clear view']","2026-09-23 21:06:08"
"14160691132","2026-09-23 23:48:17.441","2026-10-06 05:17:51.000","14160691132","160437151","[PREMIUM]","[PREMIUM]","414","17","_",,,12,"[1,2,3,4,5,6,7,8,10,12]",1771,"Terrace Level",10,"Mobile Transfer ticket",14,"[PREMIUM]","[PREMIUM]","[PREMIUM]","[PREMIUM]",true,false,"['Clear view']","2026-09-23 21:06:08"
"14160691064","2026-09-23 23:48:17.441","2026-09-30 05:21:39.638","14160691064","160437151","[PREMIUM]","[PREMIUM]","411","17","_",,,12,"[1,2,3,4,5,6,7,8,10,12]",1771,"Terrace Level",10,"Mobile Transfer ticket",14,"[PREMIUM]","[PREMIUM]","[PREMIUM]","[PREMIUM]",true,false,"['Clear view']","2026-09-23 21:06:08"
"14160691229","2026-09-23 23:48:17.441","2026-09-27 05:19:23.352","14160691229","160437151","[PREMIUM]","[PREMIUM]","442","11","_",,,12,"[1,2,3,4,5,6,7,8,10,12]",1771,"Terrace Level",10,"Mobile Transfer ticket",14,"[PREMIUM]","[PREMIUM]","[PREMIUM]","[PREMIUM]",true,false,"['Clear view']","2026-09-23 21:06:08"
"14160691224","2026-09-23 23:48:17.178","2026-10-04 05:20:28.988","14160691224","160437151","[PREMIUM]","[PREMIUM]","442","16","_",,,6,"[1,2,4,6]",1771,"Terrace Level",10,"Mobile Transfer ticket",14,"[PREMIUM]","[PREMIUM]","[PREMIUM]","[PREMIUM]",true,false,"['Clear view']","2026-09-23 21:06:08"
"14160691159","2026-09-23 23:48:16.916","2026-10-04 05:20:28.988","14160691159","160437151","[PREMIUM]","[PREMIUM]","442","17","_",,,2,"[2]",1771,"Terrace Level",10,"Mobile Transfer ticket",14,"[PREMIUM]","[PREMIUM]","[PREMIUM]","[PREMIUM]",true,false,"['Clear view']","2026-09-23 21:06:08"
"14158996616","2026-09-23 23:48:16.116","2026-09-23 23:48:16.116","14158996616","160437155","[PREMIUM]","[PREMIUM]","441","15","_",,,6,"[1,2,4,6]",1771,"Terrace Level",10,"Mobile Transfer ticket",14,"[PREMIUM]","[PREMIUM]","[PREMIUM]","[PREMIUM]",true,false,"['Clear view']","2026-09-23 18:54:35"
"14161062610","2026-09-23 23:48:11.062","2026-09-24 22:30:26.418","14161062610","160437155","[PREMIUM]","[PREMIUM]","423","1","_",,,2,"[2]",1771,"Terrace Level",10,"Mobile Transfer ticket",1,"[PREMIUM]","[PREMIUM]","[PREMIUM]","[PREMIUM]",true,false,"['Clear view']","2026-09-23 21:39:45"
"14148090494","2026-09-23 23:48:10.035","2026-09-23 23:48:10.035","14148090494","160425133","[PREMIUM]","[PREMIUM]","106","35","18_19","18",,2,"[2]",594,"Lower",10,"Mobile Transfer ticket",14,"[PREMIUM]","[PREMIUM]","[PREMIUM]","[PREMIUM]",true,false,"['Side view (printed on ticket)']","2026-09-23 00:28:42"
"14129120459","2026-09-23 23:48:09.688","2026-09-23 23:48:09.688","14129120459","160425133","[PREMIUM]","[PREMIUM]","345","17","_",,,4,"[4]",407,"Upper",10,"Mobile Transfer ticket",1,"[PREMIUM]","[PREMIUM]","[PREMIUM]","[PREMIUM]",true,false,"['Clear view']","2026-09-21 20:43:17"
"14160037024","2026-09-23 23:48:08.155","2026-09-24 22:29:09.322","14160037024","160425133","[PREMIUM]","[PREMIUM]","303","26","9001_9002","9001","9002",2,"[2]",407,"Upper",10,"Mobile Transfer ticket",13,"[PREMIUM]","[PREMIUM]","[PREMIUM]","[PREMIUM]",true,false,"['Clear view']","2026-09-23 20:13:47"
"14160691062","2026-09-23 23:48:07.773","2026-10-03 05:19:03.697","14160691062","160437151","[PREMIUM]","[PREMIUM]","410","14","_",,,8,"[1,2,3,4,6,8]",1771,"Terrace Level",10,"Mobile Transfer ticket",14,"[PREMIUM]","[PREMIUM]","[PREMIUM]","[PREMIUM]",true,false,"['Clear view']","2026-09-23 21:06:08"
"14112674555","2026-09-23 23:48:07.405","2026-09-30 05:21:38.346","14112674555","160437151","[PREMIUM]","[PREMIUM]","416","12","_",,,12,"[1,2,3,4,5,6,7,8,10,12]",1771,"Terrace Level",10,"Mobile Transfer ticket",14,"[PREMIUM]","[PREMIUM]","[PREMIUM]","[PREMIUM]",true,false,"['Clear view']","2026-09-20 06:27:03"
"14160691254","2026-09-23 23:48:07.061","2026-10-06 05:17:51.058","14160691254","160437151","[PREMIUM]","[PREMIUM]","416","15","_",,,6,"[1,2,4,6]",1771,"Terrace Level",10,"Mobile Transfer ticket",14,"[PREMIUM]","[PREMIUM]","[PREMIUM]","[PREMIUM]",true,false,"['Clear view']","2026-09-23 21:06:08"
"14160691040","2026-09-23 23:48:06.969","2026-10-06 05:17:50.567","14160691040","160437151","[PREMIUM]","[PREMIUM]","408","10","_",,,7,"[1,2,3,5,7]",1771,"Terrace Level",10,"Mobile Transfer ticket",14,"[PREMIUM]","[PREMIUM]","[PREMIUM]","[PREMIUM]",true,false,"['Clear view']","2026-09-23 21:06:08"
"14160691139","2026-09-23 23:48:06.779","2026-10-06 05:17:50.567","14160691139","160437151","[PREMIUM]","[PREMIUM]","417","17","_",,,8,"[1,2,3,4,6,8]",1771,"Terrace Level",10,"Mobile Transfer ticket",14,"[PREMIUM]","[PREMIUM]","[PREMIUM]","[PREMIUM]",true,false,"['Clear view']","2026-09-23 21:06:08"
"14160691137","2026-09-23 23:48:06.601","2026-10-04 05:20:28.520","14160691137","160437151","[PREMIUM]","[PREMIUM]","416","19","_",,,4,"[2,4]",1771,"Terrace Level",10,"Mobile Transfer ticket",14,"[PREMIUM]","[PREMIUM]","[PREMIUM]","[PREMIUM]",true,false,"['Clear view']","2026-09-23 21:06:08"
"14160691125","2026-09-23 23:48:06.601","2026-10-06 05:17:50.567","14160691125","160437151","[PREMIUM]","[PREMIUM]","439","17","_",,,12,"[1,2,3,4,5,6,7,8,10,12]",1771,"Terrace Level",10,"Mobile Transfer ticket",14,"[PREMIUM]","[PREMIUM]","[PREMIUM]","[PREMIUM]",true,false,"['Clear view']","2026-09-23 21:06:08"
"14160691071","2026-09-23 23:48:06.466","2026-10-06 05:17:50.578","14160691071","160437151","[PREMIUM]","[PREMIUM]","408","17","_",,,13,"[1,2,3,4,5,6,7,8,9,11,13]",1771,"Terrace Level",10,"Mobile Transfer ticket",14,"[PREMIUM]","[PREMIUM]","[PREMIUM]","[PREMIUM]",true,false,"['Clear view']","2026-09-23 21:06:08"
"14149373868","2026-09-23 23:48:04.222","2026-09-26 05:09:39.636","14149373868","160437155","[PREMIUM]","[PREMIUM]","407","19","_",,,4,"[2,4]",1771,"Terrace Level",10,"Mobile Transfer ticket",14,"[PREMIUM]","[PREMIUM]","[PREMIUM]","[PREMIUM]",true,false,"['Clear view']","2026-09-23 02:18:44"
"14160557946","2026-09-23 23:48:04.222","2026-09-23 23:48:04.222","14160557946","160437155","[PREMIUM]","[PREMIUM]","450","10","_",,,5,"[1,3,5]",1771,"Terrace Level",10,"Mobile Transfer ticket",14,"[PREMIUM]","[PREMIUM]","[PREMIUM]","[PREMIUM]",true,false,"['Clear view']","2026-09-23 20:56:46"
"14158996529","2026-09-23 23:48:03.462","2026-09-25 23:00:34.929","14158996529","160437155","[PREMIUM]","[PREMIUM]","414","16","_",,,9,"[1,2,3,4,5,7,9]",1771,"Terrace Level",10,"Mobile Transfer ticket",14,"[PREMIUM]","[PREMIUM]","[PREMIUM]","[PREMIUM]",true,false,"['Clear view']","2026-09-23 18:54:35"
"14160557668","2026-09-23 23:48:03.462","2026-09-23 23:48:03.462","14160557668","160437155","[PREMIUM]","[PREMIUM]","413","15","_",,,6,"[1,2,4,6]",1771,"Terrace Level",10,"Mobile Transfer ticket",14,"[PREMIUM]","[PREMIUM]","[PREMIUM]","[PREMIUM]",true,false,"['Clear view']","2026-09-23 20:56:45"
"14160557768","2026-09-23 23:48:03.462","2026-09-23 23:48:03.462","14160557768","160437155","[PREMIUM]","[PREMIUM]","442","16","_",,,12,"[1,2,3,4,5,6,7,8,10,12]",1771,"Terrace Level",10,"Mobile Transfer ticket",14,"[PREMIUM]","[PREMIUM]","[PREMIUM]","[PREMIUM]",true,false,"['Clear view']","2026-09-23 20:56:45"
"14158996516","2026-09-23 23:48:03.163","2026-09-23 23:48:03.163","14158996516","160437155","[PREMIUM]","[PREMIUM]","412","17","_",,,2,"[2]",1771,"Terrace Level",10,"Mobile Transfer ticket",14,"[PREMIUM]","[PREMIUM]","[PREMIUM]","[PREMIUM]",true,false,"['Clear view']","2026-09-23 18:54:35"
"14160557657","2026-09-23 23:48:03.163","2026-09-23 23:48:03.163","14160557657","160437155","[PREMIUM]","[PREMIUM]","411","14","_",,,2,"[2]",1771,"Terrace Level",10,"Mobile Transfer ticket",14,"[PREMIUM]","[PREMIUM]","[PREMIUM]","[PREMIUM]",true,false,"['Clear view']","2026-09-23 20:56:45"
"14160557766","2026-09-23 23:48:03.163","2026-09-23 23:48:03.163","14160557766","160437155","[PREMIUM]","[PREMIUM]","411","18","_",,,8,"[1,2,3,4,6,8]",1771,"Terrace Level",10,"Mobile Transfer ticket",14,"[PREMIUM]","[PREMIUM]","[PREMIUM]","[PREMIUM]",true,false,"['Clear view']","2026-09-23 20:56:45"
"14158710863","2026-09-23 23:48:02.828","2026-09-23 23:48:02.828","14158710863","160437155","[PREMIUM]","[PREMIUM]","410","19","_",,,6,"[1,2,4,6]",1771,"Terrace Level",10,"Mobile Transfer ticket",14,"[PREMIUM]","[PREMIUM]","[PREMIUM]","[PREMIUM]",true,false,"['Clear view']","2026-09-23 18:18:20"
"14160557674","2026-09-23 23:48:02.828","2026-09-23 23:48:02.828","14160557674","160437155","[PREMIUM]","[PREMIUM]","440","13","_",,,12,"[1,2,3,4,5,6,7,8,10,12]",1771,"Terrace Level",10,"Mobile Transfer ticket",14,"[PREMIUM]","[PREMIUM]","[PREMIUM]","[PREMIUM]",true,false,"['Clear view']","2026-09-23 20:56:45"
"14090029820","2026-09-23 23:47:49.417","2026-09-27 05:20:51.465","14090029820","160417577","[PREMIUM]","[PREMIUM]","249","7","_",,,2,"[2]",1724,"Club",10,"Mobile Transfer ticket",1,"[PREMIUM]","[PREMIUM]","[PREMIUM]","[PREMIUM]",true,false,"['Clear view']","2026-09-18 13:18:45"
"14090029805","2026-09-23 23:47:49.417","2026-09-26 22:32:47.554","14090029805","160417577","[PREMIUM]","[PREMIUM]","250","11","_",,,4,"[2,4]",1724,"Club",10,"Mobile Transfer ticket",1,"[PREMIUM]","[PREMIUM]","[PREMIUM]","[PREMIUM]",true,false,"['Clear view']","2026-09-18 13:18:45"
"14152412143","2026-09-23 23:47:49.044","2026-09-23 23:47:49.044","14152412143","160437155","[PREMIUM]","[PREMIUM]","418","17","_",,,12,"[1,2,3,4,5,6,7,8,10,12]",1771,"Terrace Level",10,"Mobile Transfer ticket",14,"[PREMIUM]","[PREMIUM]","[PREMIUM]","[PREMIUM]",true,false,"['Clear view']","2026-09-23 07:34:52"
"14160558000","2026-09-23 23:47:49.044","2026-09-23 23:47:49.044","14160558000","160437155","[PREMIUM]","[PREMIUM]","439","17","_",,,12,"[1,2,3,4,5,6,7,8,10,12]",1771,"Terrace Level",10,"Mobile Transfer ticket",14,"[PREMIUM]","[PREMIUM]","[PREMIUM]","[PREMIUM]",true,false,"['Clear view']","2026-09-23 20:56:46"
"14149088940","2026-09-23 23:47:48.984","2026-10-06 05:08:53.805","14149088940","160437155","[PREMIUM]","[PREMIUM]","407","17","_",,,8,"[1,2,3,4,6,8]",1771,"Terrace Level",10,"Mobile Transfer ticket",14,"[PREMIUM]","[PREMIUM]","[PREMIUM]","[PREMIUM]",true,false,"['Clear view']","2026-09-23 01:51:18"
"14160557835","2026-09-23 23:47:48.760","2026-09-23 23:47:48.760","14160557835","160437155","[PREMIUM]","[PREMIUM]","448","15","_",,,7,"[1,2,3,5,7]",1771,"Terrace Level",10,"Mobile Transfer ticket",14,"[PREMIUM]","[PREMIUM]","[PREMIUM]","[PREMIUM]",true,false,"['Clear view']","2026-09-23 20:56:46"
"14157899186","2026-09-23 23:47:45.526","2026-09-23 23:47:45.526","14157899186","160425133","[PREMIUM]","[PREMIUM]","109","34","1_2","1","2",2,"[2]",594,"Lower",10,"Mobile Transfer ticket",1,"[PREMIUM]","[PREMIUM]","[PREMIUM]","[PREMIUM]",true,false,"['Aisle seat','Clear view']","2026-09-23 17:23:50"
"13917791873","2026-09-23 23:47:44.845","2026-09-23 23:47:44.845","13917791873","160425133","[PREMIUM]","[PREMIUM]","316","16","9001_9002","9001",,2,"[2]",407,"Upper",10,"Mobile Transfer ticket",13,"[PREMIUM]","[PREMIUM]","[PREMIUM]","[PREMIUM]",true,false,"['Clear view']","2026-09-03 18:43:53"
"14144313553","2026-09-23 23:47:42.924","2026-10-06 05:13:18.848","14144313553","160435673","[PREMIUM]","[PREMIUM]","322","A","_",,,2,"[2]",306,"Balcony",10,"Mobile Transfer ticket",1,"[PREMIUM]","[PREMIUM]","[PREMIUM]","[PREMIUM]",true,false,"['Front Row of Section','Clear view']","2026-09-22 20:15:30"
"14160691315","2026-09-23 23:47:42.626","2026-09-30 05:21:47.312","14160691315","160437151","[PREMIUM]","[PREMIUM]","451","16","_",,,6,"[1,2,4,6]",1771,"Terrace Level",10,"Mobile Transfer ticket",14,"[PREMIUM]","[PREMIUM]","[PREMIUM]","[PREMIUM]",true,false,"['Clear view']","2026-09-23 21:06:08"
"14160691265","2026-09-23 23:47:42.625","2026-10-03 05:19:03.660","14160691265","160437151","[PREMIUM]","[PREMIUM]","418","19","_",,,7,"[1,2,3,5,7]",1771,"Terrace Level",10,"Mobile Transfer ticket",14,"[PREMIUM]","[PREMIUM]","[PREMIUM]","[PREMIUM]",true,false,"['Clear view']","2026-09-23 21:06:08"
"14111206550","2026-09-23 23:47:41.401","2026-10-06 05:17:50.523","14111206550","160437151","[PREMIUM]","[PREMIUM]","422","9","_",,,6,"[1,2,3,4,5,6]",1771,"Terrace Level",10,"Mobile Transfer ticket",1,"[PREMIUM]","[PREMIUM]","[PREMIUM]","[PREMIUM]",true,false,"['Clear view']","2026-09-20 03:43:35"
"14131974264","2026-09-23 23:47:39.258","2026-10-03 05:24:23.341","14131974264","160436168","[PREMIUM]","[PREMIUM]","301","14","9_12","9","12",4,"[2,4]",13685,"300-Level",10,"Mobile Transfer ticket",1,"[PREMIUM]","[PREMIUM]","[PREMIUM]","[PREMIUM]",true,false,"['Clear view']","2026-09-22 01:14:38"
"14149653492","2026-09-23 23:47:32.674","2026-10-06 05:08:53.803","14149653492","160437155","[PREMIUM]","[PREMIUM]","435","6","_",,,7,"[1,2,3,4,5,6,7]",1771,"Terrace Level",10,"Mobile Transfer ticket",1,"[PREMIUM]","[PREMIUM]","[PREMIUM]","[PREMIUM]",true,false,"['Clear view']","2026-09-23 02:55:34"
"14160557576","2026-09-23 23:47:32.674","2026-09-24 22:29:51.593","14160557576","160437155","[PREMIUM]","[PREMIUM]","438","17","_",,,6,"[1,2,4,6]",1771,"Terrace Level",10,"Mobile Transfer ticket",14,"[PREMIUM]","[PREMIUM]","[PREMIUM]","[PREMIUM]",true,false,"['Clear view']","2026-09-23 20:56:45"
"14034753944","2026-09-23 23:47:30.993","2026-10-04 05:10:35.259","14034753944","160437155","[PREMIUM]","[PREMIUM]","420","13","_",,,4,"[1,2,4]",1771,"Terrace Level",10,"Mobile Transfer ticket",1,"[PREMIUM]","[PREMIUM]","[PREMIUM]","[PREMIUM]",true,false,"['Clear view']","2026-09-14 02:04:24"
"14080018231","2026-09-23 23:47:30.462","2026-10-06 05:08:46.012","14080018231","160437155","[PREMIUM]","[PREMIUM]","421","15","_",,,2,"[2]",1771,"Terrace Level",10,"Mobile Transfer ticket",1,"[PREMIUM]","[PREMIUM]","[PREMIUM]","[PREMIUM]",true,false,"['Clear view']","2026-09-17 19:33:37"
"14111206791","2026-09-23 23:47:30.276","2026-10-02 05:10:36.967","14111206791","160437155","[PREMIUM]","[PREMIUM]","452","14","_",,,5,"[1,2,3,4,5]",1771,"Terrace Level",10,"Mobile Transfer ticket",1,"[PREMIUM]","[PREMIUM]","[PREMIUM]","[PREMIUM]",true,false,"['Clear view']","2026-09-20 03:43:39"
"14111207067","2026-09-23 23:47:30.276","2026-09-30 05:10:38.997","14111207067","160437155","[PREMIUM]","[PREMIUM]","434","10","_",,,3,"[1,2,3]",1771,"Terrace Level",10,"Mobile Transfer ticket",1,"[PREMIUM]","[PREMIUM]","[PREMIUM]","[PREMIUM]",true,false,"['Clear view']","2026-09-20 03:43:41"
"14121491374","2026-09-23 23:47:30.202","2026-09-24 22:29:45.875","14121491374","160437155","[PREMIUM]","[PREMIUM]","435","16","_",,,2,"[2]",1771,"Terrace Level",10,"Mobile Transfer ticket",14,"[PREMIUM]","[PREMIUM]","[PREMIUM]","[PREMIUM]",true,false,"['Clear view']","2026-09-21 02:46:13"
"14157064491","2026-09-23 23:47:30.202","2026-09-24 22:29:45.875","14157064491","160437155","[PREMIUM]","[PREMIUM]","435","17","_",,,3,"[1,3]",1771,"Terrace Level",10,"Mobile Transfer ticket",14,"[PREMIUM]","[PREMIUM]","[PREMIUM]","[PREMIUM]",true,false,"['Clear view']","2026-09-23 16:04:29"
"14160963259","2026-09-23 23:47:30.202","2026-09-29 05:10:37.400","14160963259","160437155","[PREMIUM]","[PREMIUM]","452","16","_",,,2,"[2]",1771,"Terrace Level",10,"Mobile Transfer ticket",1,"[PREMIUM]","[PREMIUM]","[PREMIUM]","[PREMIUM]",true,false,"['Clear view']","2026-09-23 21:31:16"
"13714705632","2026-09-23 23:47:29.094","2026-09-26 22:32:20.969","13714705632","160425133","[PREMIUM]","[PREMIUM]","346","34","9_10","9",,2,"[2]",407,"Upper",10,"Mobile Transfer ticket",1,"[PREMIUM]","[PREMIUM]","[PREMIUM]","[PREMIUM]",true,false,"['Clear view']","2026-08-18 14:58:26"
"13893010520","2026-09-23 23:47:28.815","2026-09-23 23:47:28.815","13893010520","160425133","[PREMIUM]","[PREMIUM]","344","37","_",,,2,"[1,2]",407,"Upper",10,"Mobile Transfer ticket",1,"[PREMIUM]","[PREMIUM]","[PREMIUM]","[PREMIUM]",true,false,"['Clear view']","2026-09-01 18:30:36"
"14160873394","2026-09-23 23:47:28.648","2026-09-23 23:47:28.648","14160873394","160425133","[PREMIUM]","[PREMIUM]","305","38","_",,,9,"[9]",407,"Upper",10,"Mobile Transfer ticket",1,"[PREMIUM]","[PREMIUM]","[PREMIUM]","[PREMIUM]",true,false,"['Side view (printed on ticket)']","2026-09-23 21:22:50"
"14152218461","2026-09-23 23:47:25.303","2026-09-23 23:47:25.303","14152218461","160425133","[PREMIUM]","[PREMIUM]","343","41","9001_9002","9001","9002",2,"[2]",407,"Upper",10,"Mobile Transfer ticket",13,"[PREMIUM]","[PREMIUM]","[PREMIUM]","[PREMIUM]",true,false,"['Clear view']","2026-09-23 07:08:26"
"14155237716","2026-09-23 23:47:17.498","2026-10-06 05:18:08.171","14155237716","160437151","[PREMIUM]","[PREMIUM]","WC125","41","9001_9001","9001",,1,"[1]",39378,"Main Level Accessible",10,"Mobile Transfer ticket",1,"[PREMIUM]","[PREMIUM]","[PREMIUM]","[PREMIUM]",false,false,"['Front Row of Section','Clear view']","2026-09-23 13:24:35"
"14048467243","2026-09-23 23:47:16.607","2026-10-06 05:10:26.239","14048467243","160436162","[PREMIUM]","[PREMIUM]","111C","24","17_18","17","18",2,"[2]",17186,"100-Level Club",10,"Mobile Transfer ticket",1,"[PREMIUM]","[PREMIUM]","[PREMIUM]","[PREMIUM]",true,false,"['Clear view']","2026-09-15 10:04:15"
"14131377010","2026-09-23 23:47:16.607","2026-09-23 23:47:16.607","14131377010","160436162","[PREMIUM]","[PREMIUM]","111C","6","19_20","19","20",2,"[2]",17186,"100-Level Club",10,"Mobile Transfer ticket",1,"[PREMIUM]","[PREMIUM]","[PREMIUM]","[PREMIUM]",true,false,"['Aisle seat','Padded Seats','Home Fans Section','Clear view']","2026-09-22 00:13:38"
"14144845711","2026-09-23 23:47:16.578","2026-09-23 23:47:16.578","14144845711","160437155","[PREMIUM]","[PREMIUM]","109","40","_",,,2,"[1,2]",952,"Main Level",10,"Mobile Transfer ticket",1,"[PREMIUM]","[PREMIUM]","[PREMIUM]","[PREMIUM]",true,false,"['Clear view']","2026-09-22 20:50:54"
"14144617607","2026-09-23 23:47:16.578","2026-09-24 22:31:52.624","14144617607","160437155","[PREMIUM]","[PREMIUM]","108","40","_",,,2,"[1,2]",952,"Main Level",10,"Mobile Transfer ticket",1,"[PREMIUM]","[PREMIUM]","[PREMIUM]","[PREMIUM]",true,false,"['Clear view']","2026-09-22 20:35:08"
"13792047770","2026-09-23 23:47:16.040","2026-10-01 05:20:18.169","13792047770","160417577","[PREMIUM]","[PREMIUM]","204","1","_",,,2,"[2]",1724,"Club",10,"Mobile Transfer ticket",1,"[PREMIUM]","[PREMIUM]","[PREMIUM]","[PREMIUM]",true,false,"['Front Row of Section','Clear view']","2026-08-24 16:18:36"
"14090024396","2026-09-23 23:47:16.040","2026-09-23 23:47:16.040","14090024396","160417577","[PREMIUM]","[PREMIUM]","126","2","_",,,2,"[2]",594,"Lower",10,"Mobile Transfer ticket",1,"[PREMIUM]","[PREMIUM]","[PREMIUM]","[PREMIUM]",true,false,"['Second Row of Section','Clear view']","2026-09-18 13:18:17"
"14078567579","2026-09-23 23:47:01.724","2026-10-06 05:10:26.107","14078567579","160436162","[PREMIUM]","[PREMIUM]","123","3","3_6","3",,4,"[2,4]",11357,"100-Level",10,"Mobile Transfer ticket",1,"[PREMIUM]","[PREMIUM]","[PREMIUM]","[PREMIUM]",true,false,"['Front Row of Section','Clear view']","2026-09-17 16:53:45"
"14120870306","2026-09-23 23:47:01.724","2026-09-23 23:47:01.724","14120870306","160436162","[PREMIUM]","[PREMIUM]","132","3","19_24","19","24",6,"[1,2,3,4,6]",11357,"100-Level",10,"Mobile Transfer ticket",1,"[PREMIUM]","[PREMIUM]","[PREMIUM]","[PREMIUM]",true,false,"['Third Row of Section','Clear view']","2026-09-21 01:20:24"
"14132226888","2026-09-23 23:47:00.933","2026-09-23 23:47:00.933","14132226888","160426601","[PREMIUM]","[PREMIUM]","C213","1","11_12","11","12",2,"[2]",8379,"Club Main",10,"Mobile Transfer ticket",1,"[PREMIUM]","[PREMIUM]","[PREMIUM]","[PREMIUM]",true,false,"['Front row','Early Access','Access to VIP Lounge','VIP Club Access w/ private entrance & restrooms','Actual 1st row of the section','In-Seat Wait Service','Priority Entry','Padded Seats','Indoor Lounge','Alcoholic beverages available for purchase','Premium Front Row','Food and drink delivered to seats','Separate Entrance','1st Row of Section','Clear view']","2026-09-22 01:43:20"
"14144706227","2026-09-23 23:47:00.933","2026-09-23 23:47:00.933","14144706227","160426601","[PREMIUM]","[PREMIUM]","C212","2","_",,,4,"[2,4]",8379,"Club Main",10,"Mobile Transfer ticket",1,"[PREMIUM]","[PREMIUM]","[PREMIUM]","[PREMIUM]",true,false,"['Second Row of Section','Clear view']","2026-09-22 20:42:54"
"14090030046","2026-09-23 23:46:58.789","2026-09-27 05:20:53.975","14090030046","160417577","[PREMIUM]","[PREMIUM]","203","1","_",,,2,"[2]",1724,"Club",10,"Mobile Transfer ticket",1,"[PREMIUM]","[PREMIUM]","[PREMIUM]","[PREMIUM]",true,false,"['Front Row of Section','Clear view']","2026-09-18 13:18:46"
"14090029983","2026-09-23 23:46:58.789","2026-09-27 05:20:53.975","14090029983","160417577","[PREMIUM]","[PREMIUM]","224","5","_",,,2,"[2]",1724,"Club",10,"Mobile Transfer ticket",1,"[PREMIUM]","[PREMIUM]","[PREMIUM]","[PREMIUM]",true,false,"['Second Row of Section','Clear view']","2026-09-18 13:18:46"
"14090019959","2026-09-23 23:46:58.789","2026-09-28 05:19:54.755","14090019959","160417577","[PREMIUM]","[PREMIUM]","117","3","_",,,3,"[1,3]",594,"Lower",10,"Mobile Transfer ticket",1,"[PREMIUM]","[PREMIUM]","[PREMIUM]","[PREMIUM]",true,false,"['Third Row of Section','Clear view']","2026-09-18 13:17:59"
"12691827699","2026-09-23 23:46:57.157","2026-10-02 05:29:30.638","12691827699","160436168","[PREMIUM]","[PREMIUM]","122","11","1_2","1","2",2,"[2]",11357,"100-Level",10,"Mobile Transfer ticket",1,"[PREMIUM]","[PREMIUM]","[PREMIUM]","[PREMIUM]",true,false,"['Clear view']","2026-05-15 01:27:25"
"14081660416","2026-09-23 23:46:49.886","2026-09-26 05:05:39.165","14081660416","160426601","[PREMIUM]","[PREMIUM]","C115","4","_",,,4,"[2,4]",8378,"Club Hall of Fame",10,"Mobile Transfer ticket",1,"[PREMIUM]","[PREMIUM]","[PREMIUM]","[PREMIUM]",true,false,"['Clear view']","2026-09-17 21:58:21"
"14081658787","2026-09-23 23:46:49.886","2026-09-27 22:27:09.887","14081658787","160426601","[PREMIUM]","[PREMIUM]","C108","2","_",,,4,"[2,4]",8378,"Club Hall of Fame",10,"Mobile Transfer ticket",1,"[PREMIUM]","[PREMIUM]","[PREMIUM]","[PREMIUM]",true,false,"['Second Row of Section','Clear view']","2026-09-17 21:58:09"
"14109922714","2026-09-23 23:46:48.411","2026-10-06 05:10:25.140","14109922714","160436162","[PREMIUM]","[PREMIUM]","136","10","_",,,2,"[2]",11357,"100-Level",10,"Mobile Transfer ticket",1,"[PREMIUM]","[PREMIUM]","[PREMIUM]","[PREMIUM]",true,false,"['Front Row of Section','Clear view']","2026-09-20 00:56:09"
"14126672675","2026-09-23 23:46:48.411","2026-10-03 05:11:31.536","14126672675","160436162","[PREMIUM]","[PREMIUM]","237C","7","15_16","15","16",2,"[2]",17187,"200-Level Club",10,"Mobile Transfer ticket",1,"[PREMIUM]","[PREMIUM]","[PREMIUM]","[PREMIUM]",true,false,"['Clear view']","2026-09-21 16:17:28"
"13317855148","2026-09-23 23:46:25.626","2026-09-24 22:32:28.462","13317855148","160436168","[PREMIUM]","[PREMIUM]","125","26","18_19","18","19",2,"[2]",11357,"100-Level",10,"Mobile Transfer ticket",1,"[PREMIUM]","[PREMIUM]","[PREMIUM]","[PREMIUM]",true,false,"['Clear view']","2026-07-10 18:32:34"
"12698194962","2026-09-23 23:46:22.811","2026-10-06 05:10:24.232","12698194962","160436162","[PREMIUM]","[PREMIUM]","106","6","14_15","14",,2,"[2]",11357,"100-Level",10,"Mobile Transfer ticket",1,"[PREMIUM]","[PREMIUM]","[PREMIUM]","[PREMIUM]",true,false,"['Clear view']","2026-05-15 13:42:26"
"14090787097","2026-09-23 23:46:22.811","2026-09-23 23:46:22.811","14090787097","160436162","[PREMIUM]","[PREMIUM]","133","9","_",,,2,"[2]",11357,"100-Level",10,"Mobile Transfer ticket",1,"[PREMIUM]","[PREMIUM]","[PREMIUM]","[PREMIUM]",true,false,"['Clear view']","2026-09-18 14:28:57"
"13317792355","2026-09-23 23:46:20.563","2026-09-26 05:11:30.764","13317792355","160436162","[PREMIUM]","[PREMIUM]","107","6","9_12","9","12",4,"[1,2,4]",11357,"100-Level",10,"Mobile Transfer ticket",1,"[PREMIUM]","[PREMIUM]","[PREMIUM]","[PREMIUM]",true,false,"['Clear view']","2026-07-10 18:27:31"
"13577588388","2026-09-23 23:46:20.176","2026-09-27 05:12:31.611","13577588388","160436162","[PREMIUM]","[PREMIUM]","107","7","7_8","7","8",2,"[2]",11357,"100-Level",10,"Mobile Transfer ticket",1,"[PREMIUM]","[PREMIUM]","[PREMIUM]","[PREMIUM]",true,false,"['Clear view']","2026-08-04 21:39:48"
"14081658677","2026-09-23 23:46:17.961","2026-09-28 05:05:31.137","14081658677","160426601","[PREMIUM]","[PREMIUM]","C110","2","_",,,2,"[2]",8378,"Club Hall of Fame",10,"Mobile Transfer ticket",1,"[PREMIUM]","[PREMIUM]","[PREMIUM]","[PREMIUM]",true,false,"['Second Row of Section','Clear view']","2026-09-17 21:58:09"
"14132175416","2026-09-23 23:46:17.961","2026-09-29 05:06:05.635","14132175416","160426601","[PREMIUM]","[PREMIUM]","C111","5","_",,,2,"[2]",8378,"Club Hall of Fame",10,"Mobile Transfer ticket",1,"[PREMIUM]","[PREMIUM]","[PREMIUM]","[PREMIUM]",true,false,"['Second Row of Section','Clear view']","2026-09-22 01:38:07"
"14144649464","2026-09-23 23:46:17.430","2026-09-23 23:46:17.430","14144649464","160426601","[PREMIUM]","[PREMIUM]","C235","1","_",,,2,"[2]",8379,"Club Main",10,"Mobile Transfer ticket",1,"[PREMIUM]","[PREMIUM]","[PREMIUM]","[PREMIUM]",true,false,"['Front Row of Section','Clear view']","2026-09-22 20:38:24"
"14157008624","2026-09-23 23:46:17.430","2026-09-23 23:46:17.430","14157008624","160426601","[PREMIUM]","[PREMIUM]","C112","5","_",,,2,"[2]",8378,"Club Hall of Fame",10,"Mobile Transfer ticket",1,"[PREMIUM]","[PREMIUM]","[PREMIUM]","[PREMIUM]",true,false,"['Second Row of Section','Clear view']","2026-09-23 15:59:44"
"14090786993","2026-09-23 23:46:15.435","2026-09-29 05:12:41.499","14090786993","160436162","[PREMIUM]","[PREMIUM]","103","10","_",,,2,"[2]",11357,"100-Level",10,"Mobile Transfer ticket",1,"[PREMIUM]","[PREMIUM]","[PREMIUM]","[PREMIUM]",true,false,"['Front Row of Section','Clear view']","2026-09-18 14:28:57"
"14114894531","2026-09-23 23:46:13.655","2026-09-23 23:46:13.655","14114894531","160436162","[PREMIUM]","[PREMIUM]","115","3","9001_9002","9001",,2,"[2]",11357,"100-Level",10,"Mobile Transfer ticket",13,"[PREMIUM]","[PREMIUM]","[PREMIUM]","[PREMIUM]",true,false,"['Front Row of Section','Clear view']","2026-09-20 12:56:42"
"14158737378","2026-09-23 23:46:13.655","2026-09-23 23:47:16.607","14158737378","160436162","[PREMIUM]","[PREMIUM]","133","7","_",,,2,"[2]",11357,"100-Level",10,"Mobile Transfer ticket",1,"[PREMIUM]","[PREMIUM]","[PREMIUM]","[PREMIUM]",true,false,"['Clear view']","2026-09-23 18:22:46"
"14143955603","2026-09-23 23:46:08.818","2026-09-28 05:10:41.009","14143955603","160436162","[PREMIUM]","[PREMIUM]","105","7","_",,,2,"[2]",11357,"100-Level",10,"Mobile Transfer ticket",1,"[PREMIUM]","[PREMIUM]","[PREMIUM]","[PREMIUM]",true,false,"['Clear view']","2026-09-22 19:58:45"
"14120862536","2026-09-23 23:46:08.218","2026-09-27 05:12:32.001","14120862536","160436162","[PREMIUM]","[PREMIUM]","123","8","9_14","9","14",6,"[1,2,3,4,6]",11357,"100-Level",10,"Mobile Transfer ticket",1,"[PREMIUM]","[PREMIUM]","[PREMIUM]","[PREMIUM]",true,false,"['Clear view']","2026-09-21 01:19:22"
"14157285878","2026-09-23 23:46:06.717","2026-10-02 05:06:13.698","14157285878","160426601","[PREMIUM]","[PREMIUM]","C212","5","_",,,4,"[4]",8379,"Club Main",10,"Mobile Transfer ticket",1,"[PREMIUM]","[PREMIUM]","[PREMIUM]","[PREMIUM]",true,false,"['Clear view']","2026-09-23 16:29:51"
"14155364581","2026-09-23 23:46:06.415","2026-10-03 05:05:44.701","14155364581","160426601","[PREMIUM]","[PREMIUM]","C307","4","9001_9001","9001",,1,"[1]",8380,"Club Mezzanine",10,"Mobile Transfer ticket",1,"[PREMIUM]","[PREMIUM]","[PREMIUM]","[PREMIUM]",false,false,"['Clear view']","2026-09-23 13:47:04"
"13554089942","2026-09-23 23:46:05.220","2026-09-23 23:46:05.220","13554089942","160426601","[PREMIUM]","[PREMIUM]","221","1","9001_9002","9001",,2,"[2]",4107,"Main",10,"Mobile Transfer ticket",13,"[PREMIUM]","[PREMIUM]","[PREMIUM]","[PREMIUM]",true,false,"['Limited or Obstructed View (printed on ticket)','Front Row of Section']","2026-08-02 22:01:21"
"14092481044","2026-09-23 23:46:05.220","2026-09-30 05:06:43.581","14092481044","160426601","[PREMIUM]","[PREMIUM]","205","1","_",,,4,"[2,4]",4107,"Main",10,"Mobile Transfer ticket",1,"[PREMIUM]","[PREMIUM]","[PREMIUM]","[PREMIUM]",true,false,"['Front Row of Section','Clear view']","2026-09-18 17:07:23"
"14141611437","2026-09-23 23:46:05.220","2026-09-23 23:46:05.220","14141611437","160426601","[PREMIUM]","[PREMIUM]","C133","5","_",,,2,"[2]",8378,"Club Hall of Fame",10,"Mobile Transfer ticket",1,"[PREMIUM]","[PREMIUM]","[PREMIUM]","[PREMIUM]",true,false,"['Clear view']","2026-09-22 17:08:19"
"14161569555","2026-09-23 23:46:04.520","2026-09-23 23:46:04.520","14161569555","160426601","[PREMIUM]","[PREMIUM]","C233","2","_",,,3,"[3]",8379,"Club Main",10,"Mobile Transfer ticket",1,"[PREMIUM]","[PREMIUM]","[PREMIUM]","[PREMIUM]",true,false,"['Second Row of Section','Clear view']","2026-09-23 22:15:36"
"13184502100","2026-09-23 23:46:04.018","2026-10-06 05:04:35.619","13184502100","160426601","[PREMIUM]","[PREMIUM]","C232","1","1_3","1","3",3,"[1,3]",8379,"Club Main",10,"Mobile Transfer ticket",1,"[PREMIUM]","[PREMIUM]","[PREMIUM]","[PREMIUM]",true,false,"['Front Row of Section','Clear view']","2026-06-29 17:23:19"
"14157335604","2026-09-23 23:46:04.018","2026-09-30 05:06:43.156","14157335604","160426601","[PREMIUM]","[PREMIUM]","204","1","_",,,2,"[2]",4107,"Main",10,"Mobile Transfer ticket",1,"[PREMIUM]","[PREMIUM]","[PREMIUM]","[PREMIUM]",true,false,"['Front Row of Section','Clear view']","2026-09-23 16:33:55"
"13996602796","2026-09-23 23:46:03.970","2026-10-06 05:10:24.233","13996602796","160436162","[PREMIUM]","[PREMIUM]","326C","12","_",,,4,"[1,2,3,4]",17332,"300-Level Club",10,"Mobile Transfer ticket",1,"[PREMIUM]","[PREMIUM]","[PREMIUM]","[PREMIUM]",true,false,"['Front Row of Section','Clear view']","2026-09-10 20:26:02"
"14120886071","2026-09-23 23:46:03.970","2026-09-26 22:27:31.326","14120886071","160436162","[PREMIUM]","[PREMIUM]","235","9","5_7","5","7",3,"[1,3]",11358,"200-Level",10,"Mobile Transfer ticket",1,"[PREMIUM]","[PREMIUM]","[PREMIUM]","[PREMIUM]",true,false,"['Clear view']","2026-09-21 01:22:29"
"14039929796","2026-09-23 23:46:03.532","2026-10-06 05:10:32.856","14039929796","160436162","[PREMIUM]","[PREMIUM]","125","12","1_2","1",,2,"[2]",11357,"100-Level",10,"Mobile Transfer ticket",1,"[PREMIUM]","[PREMIUM]","[PREMIUM]","[PREMIUM]",true,false,"['Clear view']","2026-09-14 15:38:05"
"14143962643","2026-09-23 23:46:03.532","2026-10-06 05:10:32.856","14143962643","160436162","[PREMIUM]","[PREMIUM]","207","2","_",,,2,"[2]",11358,"200-Level",10,"Mobile Transfer ticket",1,"[PREMIUM]","[PREMIUM]","[PREMIUM]","[PREMIUM]",true,false,"['Side view (printed on ticket)','Second Row of Section']","2026-09-22 19:59:08"
"14131242806","2026-09-23 23:46:03.200","2026-10-01 05:20:24.911","14131242806","160417577","[PREMIUM]","[PREMIUM]","203","2","_",,,2,"[2]",1724,"Club",10,"Mobile Transfer ticket",1,"[PREMIUM]","[PREMIUM]","[PREMIUM]","[PREMIUM]",true,false,"['Second Row of Section','Clear view']","2026-09-22 00:03:20"
"14090029880","2026-09-23 23:46:01.983","2026-09-28 05:19:41.620","14090029880","160417577","[PREMIUM]","[PREMIUM]","235","7","_",,,2,"[2]",1724,"Club",10,"Mobile Transfer ticket",1,"[PREMIUM]","[PREMIUM]","[PREMIUM]","[PREMIUM]",true,false,"['Clear view']","2026-09-18 13:18:45"
"14156075240","2026-09-23 23:46:01.983","2026-09-28 05:19:53.081","14156075240","160417577","[PREMIUM]","[PREMIUM]","245","8","_",,,4,"[2,4]",1724,"Club",10,"Mobile Transfer ticket",1,"[PREMIUM]","[PREMIUM]","[PREMIUM]","[PREMIUM]",true,false,"['Clear view']","2026-09-23 14:55:38"
"14091182302","2026-09-23 23:46:01.181","2026-09-28 05:19:56.417","14091182302","160417577","[PREMIUM]","[PREMIUM]","227","1","_",,,2,"[2]",1724,"Club",10,"Mobile Transfer ticket",1,"[PREMIUM]","[PREMIUM]","[PREMIUM]","[PREMIUM]",true,false,"['Front Row of Section','Clear view']","2026-09-18 15:05:40"
"14157176140","2026-09-23 23:46:00.857","2026-09-23 23:46:00.857","14157176140","160417577","[PREMIUM]","[PREMIUM]","247","9","9001_9002","9001","9002",2,"[2]",1724,"Club",10,"Mobile Transfer ticket",1,"[PREMIUM]","[PREMIUM]","[PREMIUM]","[PREMIUM]",true,false,"['Clear view']","2026-09-23 16:17:28"
"14090029961","2026-09-23 23:46:00.703","2026-09-27 05:20:55.845","14090029961","160417577","[PREMIUM]","[PREMIUM]","227","6","_",,,2,"[2]",1724,"Club",10,"Mobile Transfer ticket",1,"[PREMIUM]","[PREMIUM]","[PREMIUM]","[PREMIUM]",true,false,"['Clear view']","2026-09-18 13:18:46"
"14156779250","2026-09-23 23:45:59.285","2026-10-06 05:10:18.135","14156779250","160436162","[PREMIUM]","[PREMIUM]","243","2","9001_9001","9001",,1,"[1]",11358,"200-Level",10,"Mobile Transfer ticket",1,"[PREMIUM]","[PREMIUM]","[PREMIUM]","[PREMIUM]",false,false,"['Second Row of Section','Clear view']","2026-09-23 15:44:05"
"14156779219","2026-09-23 23:45:59.285","2026-10-06 05:10:18.135","14156779219","160436162","[PREMIUM]","[PREMIUM]","243","1","9001_9001","9001",,1,"[1]",11358,"200-Level",10,"Mobile Transfer ticket",1,"[PREMIUM]","[PREMIUM]","[PREMIUM]","[PREMIUM]",false,false,"['Front Row of Section','Clear view']","2026-09-23 15:44:05"
"14156779041","2026-09-23 23:45:59.285","2026-10-04 05:11:44.729","14156779041","160436162","[PREMIUM]","[PREMIUM]","202","3","9001_9001","9001",,1,"[1]",11358,"200-Level",10,"Mobile Transfer ticket",1,"[PREMIUM]","[PREMIUM]","[PREMIUM]","[PREMIUM]",false,false,"['Third Row of Section','Clear view']","2026-09-23 15:44:05"
"14156779466","2026-09-23 23:45:57.489","2026-10-04 05:11:44.729","14156779466","160436162","[PREMIUM]","[PREMIUM]","202","7","9001_9001","9001",,1,"[1]",11358,"200-Level",10,"Mobile Transfer ticket",1,"[PREMIUM]","[PREMIUM]","[PREMIUM]","[PREMIUM]",false,false,"['Clear view']","2026-09-23 15:44:06"
"12699556600","2026-09-23 23:45:55.957","2026-09-23 23:58:08.303","12699556600","160436168","[PREMIUM]","[PREMIUM]","136","12","12_17","12","17",6,"[1,2,3,4,6]",11357,"100-Level",10,"Mobile Transfer ticket",1,"[PREMIUM]","[PREMIUM]","[PREMIUM]","[PREMIUM]",true,false,"['Third Row of Section','Clear view']","2026-05-15 16:28:43"
"13933067792","2026-09-23 23:45:54.876","2026-09-23 23:45:54.876","13933067792","160417583","[PREMIUM]","[PREMIUM]","235","6","_",,,2,"[2]",1724,"Club",10,"Mobile Transfer ticket",1,"[PREMIUM]","[PREMIUM]","[PREMIUM]","[PREMIUM]",true,false,"['Clear view']","2026-09-04 23:38:51"
"14016801023","2026-09-23 23:45:54.876","2026-09-23 23:45:54.876","14016801023","160417583","[PREMIUM]","[PREMIUM]","130","1","9001_9002","9001","9002",2,"[2]",594,"Lower",10,"Mobile Transfer ticket",13,"[PREMIUM]","[PREMIUM]","[PREMIUM]","[PREMIUM]",true,false,"['Limited or Obstructed View (printed on ticket)','Front Row of Section']","2026-09-12 09:03:57"
"14154207966","2026-09-23 23:45:54.876","2026-09-23 23:45:54.876","14154207966","160417583","[PREMIUM]","[PREMIUM]","226","11","1003_1004","1003","1004",2,"[2]",1724,"Club",10,"Mobile Transfer ticket",1,"[PREMIUM]","[PREMIUM]","[PREMIUM]","[PREMIUM]",true,false,"['Clear view']","2026-09-23 11:08:02"
"14090029987","2026-09-23 23:45:54.090","2026-09-28 05:19:53.442","14090029987","160417577","[PREMIUM]","[PREMIUM]","223","7","_",,,2,"[2]",1724,"Club",10,"Mobile Transfer ticket",1,"[PREMIUM]","[PREMIUM]","[PREMIUM]","[PREMIUM]",true,false,"['Clear view']","2026-09-18 13:18:46"
"14090020094","2026-09-23 23:45:54.090","2026-09-23 23:45:54.090","14090020094","160417577","[PREMIUM]","[PREMIUM]","115","2","_",,,4,"[2,4]",594,"Lower",10,"Mobile Transfer ticket",1,"[PREMIUM]","[PREMIUM]","[PREMIUM]","[PREMIUM]",true,false,"['Second Row of Section','Clear view']","2026-09-18 13:18:00"
"14154206068","2026-09-23 23:45:54.090","2026-09-23 23:45:54.090","14154206068","160417577","[PREMIUM]","[PREMIUM]","225","5","1008_1009","1008","1009",2,"[2]",1724,"Club",10,"Mobile Transfer ticket",1,"[PREMIUM]","[PREMIUM]","[PREMIUM]","[PREMIUM]",true,false,"['Clear view']","2026-09-23 11:07:56"
"14090027585","2026-09-23 23:45:53.690","2026-09-28 05:19:53.598","14090027585","160417577","[PREMIUM]","[PREMIUM]","152","1","_",,,2,"[2]",594,"Lower",10,"Mobile Transfer ticket",1,"[PREMIUM]","[PREMIUM]","[PREMIUM]","[PREMIUM]",true,false,"['Front Row of Section','Clear view']","2026-09-18 13:18:33"
"14141187630","2026-09-23 23:45:53.318","2026-10-06 05:19:14.814","14141187630","160417577","[PREMIUM]","[PREMIUM]","113","1","10_12","10","12",3,"[1,3]",594,"Lower",10,"Mobile Transfer ticket",1,"[PREMIUM]","[PREMIUM]","[PREMIUM]","[PREMIUM]",true,false,"['Front Row of Section','Clear view']","2026-09-22 16:30:38"
"14156056301","2026-09-23 23:45:53.318","2026-09-26 22:32:52.178","14156056301","160417577","[PREMIUM]","[PREMIUM]","219","4","_",,,3,"[1,3]",1724,"Club",10,"Mobile Transfer ticket",1,"[PREMIUM]","[PREMIUM]","[PREMIUM]","[PREMIUM]",true,false,"['Front Row of Section','Clear view']","2026-09-23 14:53:36"
"14162070517","2026-09-23 23:45:53.318","2026-09-23 23:45:53.318","14162070517","160417577","[PREMIUM]","[PREMIUM]","207","6","_",,,2,"[2]",1724,"Club",10,"Mobile Transfer ticket",1,"[PREMIUM]","[PREMIUM]","[PREMIUM]","[PREMIUM]",true,false,"['Third Row of Section','Clear view']","2026-09-23 22:51:57"
"14109285605","2026-09-23 23:45:52.889","2026-10-01 05:20:17.824","14109285605","160417577","[PREMIUM]","[PREMIUM]","128","1","_",,,2,"[2]",594,"Lower",10,"Mobile Transfer ticket",1,"[PREMIUM]","[PREMIUM]","[PREMIUM]","[PREMIUM]",true,false,"['Front Row of Section','Clear view']","2026-09-19 23:31:55"
"14124649179","2026-09-23 23:45:52.889","2026-09-27 05:20:53.848","14124649179","160417577","[PREMIUM]","[PREMIUM]","108","21","_",,,3,"[1,3]",594,"Lower",10,"Mobile Transfer ticket",1,"[PREMIUM]","[PREMIUM]","[PREMIUM]","[PREMIUM]",true,false,"['Front Row of Section','Clear view']","2026-09-21 11:17:03"
"14140896581","2026-09-23 23:45:52.889","2026-09-28 05:19:53.752","14140896581","160417577","[PREMIUM]","[PREMIUM]","140","8","_",,,2,"[2]",594,"Lower",10,"Mobile Transfer ticket",1,"[PREMIUM]","[PREMIUM]","[PREMIUM]","[PREMIUM]",true,false,"['Clear view']","2026-09-22 16:00:59"
"14090029918","2026-09-23 23:45:52.378","2026-09-27 05:20:53.975","14090029918","160417577","[PREMIUM]","[PREMIUM]","231","4","_",,,2,"[2]",1724,"Club",10,"Mobile Transfer ticket",1,"[PREMIUM]","[PREMIUM]","[PREMIUM]","[PREMIUM]",true,false,"['Clear view']","2026-09-18 13:18:45"
"13792054526","2026-09-23 23:45:48.171","2026-09-29 05:23:03.960","13792054526","160417577","[PREMIUM]","[PREMIUM]","148","1","_",,,2,"[2]",594,"Lower",10,"Mobile Transfer ticket",1,"[PREMIUM]","[PREMIUM]","[PREMIUM]","[PREMIUM]",true,false,"['Front Row of Section','Clear view']","2026-08-24 16:19:01"
"14128147508","2026-09-23 23:45:43.831","2026-10-06 05:10:13.001","14128147508","160436162","[PREMIUM]","[PREMIUM]","114","18","14_15","14","15",2,"[2]",11357,"100-Level",10,"Mobile Transfer ticket",1,"[PREMIUM]","[PREMIUM]","[PREMIUM]","[PREMIUM]",true,false,"['Clear view']","2026-09-21 19:02:58"
"14090021034","2026-09-23 23:45:35.525","2026-09-27 05:20:38.114","14090021034","160417577","[PREMIUM]","[PREMIUM]","109","2","_",,,2,"[2]",594,"Lower",10,"Mobile Transfer ticket",1,"[PREMIUM]","[PREMIUM]","[PREMIUM]","[PREMIUM]",true,false,"['Second Row of Section','Clear view']","2026-09-18 13:18:05"
"12699532462","2026-09-23 23:45:35.057","2026-09-23 23:58:07.778","12699532462","160436168","[PREMIUM]","[PREMIUM]","136","13","13_17","13","17",5,"[1,2,3,5]",11357,"100-Level",10,"Mobile Transfer ticket",1,"[PREMIUM]","[PREMIUM]","[PREMIUM]","[PREMIUM]",true,false,"['Clear view']","2026-05-15 16:26:07"
"12699564116","2026-09-23 23:45:34.791","2026-09-24 22:32:28.927","12699564116","160436168","[PREMIUM]","[PREMIUM]","234","6","23_24","23","24",2,"[2]",11358,"200-Level",10,"Mobile Transfer ticket",1,"[PREMIUM]","[PREMIUM]","[PREMIUM]","[PREMIUM]",true,false,"['Clear view']","2026-05-15 16:29:19"
"13317853751","2026-09-23 23:45:34.791","2026-09-28 05:24:31.070","13317853751","160436168","[PREMIUM]","[PREMIUM]","118","13","9_12","9","12",4,"[1,2,4]",11357,"100-Level",10,"Mobile Transfer ticket",1,"[PREMIUM]","[PREMIUM]","[PREMIUM]","[PREMIUM]",true,false,"['Clear view']","2026-07-10 18:32:27"
"12699533812","2026-09-23 23:45:34.213","2026-09-24 22:32:28.462","12699533812","160436168","[PREMIUM]","[PREMIUM]","234","8","12_15","12","15",4,"[1,2,4]",11358,"200-Level",10,"Mobile Transfer ticket",1,"[PREMIUM]","[PREMIUM]","[PREMIUM]","[PREMIUM]",true,false,"['Clear view']","2026-05-15 16:26:18"
"14148248030","2026-09-23 23:45:34.213","2026-09-30 05:27:59.852","14148248030","160436168","[PREMIUM]","[PREMIUM]","315","5","9001_9002","9001",,2,"[2]",13685,"300-Level",11,"Mobile ticket",1,"[PREMIUM]","[PREMIUM]","[PREMIUM]","[PREMIUM]",true,false,"['Third Row of Section','Clear view']","2026-09-23 00:41:33"
"12699556329","2026-09-23 23:45:31.856","2026-09-24 22:32:20.110","12699556329","160436168","[PREMIUM]","[PREMIUM]","135","17","1_6","1","6",6,"[1,2,3,4,6]",11357,"100-Level",10,"Mobile Transfer ticket",1,"[PREMIUM]","[PREMIUM]","[PREMIUM]","[PREMIUM]",true,false,"['Clear view']","2026-05-15 16:28:41"
"14035231813","2026-09-23 23:45:31.319","2026-09-27 22:27:05.573","14035231813","160436506","[PREMIUM]","[PREMIUM]","CHR133","F","_",,,2,"[2]",17747,"Lower Charter",10,"Mobile Transfer ticket",1,"[PREMIUM]","[PREMIUM]","[PREMIUM]","[PREMIUM]",true,false,"['Clear view']","2026-09-14 03:28:40"
"14052246900","2026-09-23 23:45:31.319","2026-09-27 22:27:05.573","14052246900","160436506","[PREMIUM]","[PREMIUM]","232","L","_",,,2,"[2]",17344,"Middle 200-Level",10,"Mobile Transfer ticket",1,"[PREMIUM]","[PREMIUM]","[PREMIUM]","[PREMIUM]",true,false,"['Clear view']","2026-09-15 16:55:47"
"14148349421","2026-09-23 23:45:31.319","2026-09-28 05:17:11.954","14148349421","160436506","[PREMIUM]","[PREMIUM]","335","G","_",,,4,"[2,4]",17345,"Upper 300-Level",10,"Mobile Transfer ticket",1,"[PREMIUM]","[PREMIUM]","[PREMIUM]","[PREMIUM]",true,false,"['Second Row of Section','Clear view']","2026-09-23 00:48:41"
"14112603655","2026-09-23 23:45:31.227","2026-09-23 23:45:31.227","14112603655","160417583","[PREMIUM]","[PREMIUM]","150","1","_",,,2,"[2]",594,"Lower",10,"Mobile Transfer ticket",1,"[PREMIUM]","[PREMIUM]","[PREMIUM]","[PREMIUM]",true,false,"['Front Row of Section','Clear view']","2026-09-20 06:11:14"
"14151363144","2026-09-23 23:45:31.227","2026-10-01 05:09:42.087","14151363144","160417583","[PREMIUM]","[PREMIUM]","231","1","_",,,2,"[2]",1724,"Club",10,"Mobile Transfer ticket",1,"[PREMIUM]","[PREMIUM]","[PREMIUM]","[PREMIUM]",true,false,"['Front Row of Section','Clear view']","2026-09-23 05:40:48"
"14069092574","2026-09-23 23:45:31.051","2026-09-28 05:16:55.885","14069092574","160436506","[PREMIUM]","[PREMIUM]","114","M","_",,,2,"[2]",17337,"Lower 100-Level",10,"Mobile Transfer ticket",1,"[PREMIUM]","[PREMIUM]","[PREMIUM]","[PREMIUM]",true,false,"['Clear view']","2026-09-16 23:13:40"
"14148358898","2026-09-23 23:45:31.051","2026-09-25 22:59:36.820","14148358898","160436506","[PREMIUM]","[PREMIUM]","146","C","_",,,2,"[2]",17337,"Lower 100-Level",10,"Mobile Transfer ticket",1,"[PREMIUM]","[PREMIUM]","[PREMIUM]","[PREMIUM]",true,false,"['Third Row of Section','Clear view']","2026-09-23 00:49:22"
"14148331804","2026-09-23 23:45:31.051","2026-09-27 22:26:38.404","14148331804","160436506","[PREMIUM]","[PREMIUM]","333","G","_",,,2,"[2]",17345,"Upper 300-Level",10,"Mobile Transfer ticket",1,"[PREMIUM]","[PREMIUM]","[PREMIUM]","[PREMIUM]",true,false,"['Third Row of Section','Clear view']","2026-09-23 00:47:36"
"14148331732","2026-09-23 23:45:31.051","2026-09-28 05:16:55.885","14148331732","160436506","[PREMIUM]","[PREMIUM]","103","Y","_",,,2,"[2]",17337,"Lower 100-Level",10,"Mobile Transfer ticket",1,"[PREMIUM]","[PREMIUM]","[PREMIUM]","[PREMIUM]",true,false,"['Actual 1st row of the section','Clear view']","2026-09-23 00:47:36"
"14159305657","2026-09-23 23:45:31.050","2026-10-02 05:20:28.067","14159305657","160436506","[PREMIUM]","[PREMIUM]","344","B","_",,,2,"[2]",17345,"Upper 300-Level",10,"Mobile Transfer ticket",1,"[PREMIUM]","[PREMIUM]","[PREMIUM]","[PREMIUM]",true,false,"['Second Row of Section','Clear view']","2026-09-23 19:20:17"
"14159301519","2026-09-23 23:45:30.989","2026-09-27 05:17:52.449","14159301519","160436506","[PREMIUM]","[PREMIUM]","149","B","_",,,2,"[2]",17337,"Lower 100-Level",10,"Mobile Transfer ticket",1,"[PREMIUM]","[PREMIUM]","[PREMIUM]","[PREMIUM]",true,false,"['Second Row of Section','Clear view']","2026-09-23 19:19:56"
"14162549919","2026-09-23 23:45:30.877","2026-09-23 23:45:30.877","14162549919","160417577","[PREMIUM]","[PREMIUM]","245","11","_",,,2,"[2]",1724,"Club",10,"Mobile Transfer ticket",1,"[PREMIUM]","[PREMIUM]","[PREMIUM]","[PREMIUM]",true,false,"['Clear view']","2026-09-23 23:38:46"
"14148331390","2026-09-23 23:45:30.725","2026-09-28 05:17:03.958","14148331390","160436506","[PREMIUM]","[PREMIUM]","238","D","_",,,2,"[2]",17344,"Middle 200-Level",10,"Mobile Transfer ticket",1,"[PREMIUM]","[PREMIUM]","[PREMIUM]","[PREMIUM]",true,false,"['Clear view']","2026-09-23 00:47:36"
"14053661394","2026-09-23 23:45:29.883","2026-09-28 05:16:56.517","14053661394","160436506","[PREMIUM]","[PREMIUM]","232","G","_",,,2,"[2]",17344,"Middle 200-Level",10,"Mobile Transfer ticket",1,"[PREMIUM]","[PREMIUM]","[PREMIUM]","[PREMIUM]",true,false,"['Clear view']","2026-09-15 19:37:03"
"13795585393","2026-09-23 23:45:28.324","2026-10-06 05:17:10.053","13795585393","160436506","[PREMIUM]","[PREMIUM]","335",,"_",,,4,"[1,2,3,4]",17345,"Upper 300-Level",10,"Mobile Transfer ticket",1,"[PREMIUM]","[PREMIUM]","[PREMIUM]","[PREMIUM]",true,true,"['Clear view']","2026-08-24 21:19:30"
"13795904393","2026-09-23 23:45:28.324","2026-10-06 05:17:10.053","13795904393","160436506","[PREMIUM]","[PREMIUM]","309",,"_",,,4,"[1,2,3,4]",17345,"Upper 300-Level",10,"Mobile Transfer ticket",1,"[PREMIUM]","[PREMIUM]","[PREMIUM]","[PREMIUM]",true,true,"['Clear view']","2026-08-24 21:34:22"
"14148351611","2026-09-23 23:45:28.324","2026-09-25 22:59:44.003","14148351611","160436506","[PREMIUM]","[PREMIUM]","312","G","_",,,2,"[2]",17345,"Upper 300-Level",10,"Mobile Transfer ticket",1,"[PREMIUM]","[PREMIUM]","[PREMIUM]","[PREMIUM]",true,false,"['Second Row of Section','Clear view']","2026-09-23 00:48:50"
"13577600120","2026-09-23 23:45:27.677","2026-10-04 05:26:56.533","13577600120","160436168","[PREMIUM]","[PREMIUM]","231","9","1_4","1","4",4,"[1,2,4]",11358,"200-Level",10,"Mobile Transfer ticket",1,"[PREMIUM]","[PREMIUM]","[PREMIUM]","[PREMIUM]",true,false,"['Clear view']","2026-08-04 21:41:45"
"14157948543","2026-09-23 23:45:15.527","2026-10-03 05:09:17.710","14157948543","160417583","[PREMIUM]","[PREMIUM]","526","1","9001_9001","9001","9001",1,"[1]",407,"Upper",10,"Mobile Transfer ticket",1,"[PREMIUM]","[PREMIUM]","[PREMIUM]","[PREMIUM]",false,false,"['Front Row of Section','Clear view']","2026-09-23 17:27:32"
"14162004697","2026-09-23 23:45:13.792","2026-09-23 23:45:13.792","14162004697","160417583","[PREMIUM]","[PREMIUM]","233","11","_",,,2,"[2]",1724,"Club",10,"Mobile Transfer ticket",1,"[PREMIUM]","[PREMIUM]","[PREMIUM]","[PREMIUM]",true,false,"['Clear view']","2026-09-23 22:45:23"
"14154207041","2026-09-23 23:45:12.869","2026-09-23 23:45:12.869","14154207041","160417583","[PREMIUM]","[PREMIUM]","127","8","1019_1020","1019","1020",2,"[2]",594,"Lower",10,"Mobile Transfer ticket",1,"[PREMIUM]","[PREMIUM]","[PREMIUM]","[PREMIUM]",true,false,"['Clear view']","2026-09-23 11:07:59"
"14148332089","2026-09-23 23:45:12.239","2026-09-27 22:27:10.321","14148332089","160436506","[PREMIUM]","[PREMIUM]","312W","A","_",,,2,"[2]",8724,"Upper Charter",10,"Mobile Transfer ticket",1,"[PREMIUM]","[PREMIUM]","[PREMIUM]","[PREMIUM]",true,false,"['Front Row of Section','Clear view']","2026-09-23 00:47:37"
"14159903329","2026-09-23 23:45:12.239","2026-09-23 23:45:12.239","14159903329","160436506","[PREMIUM]","[PREMIUM]","127","M","_",,,2,"[2]",17337,"Lower 100-Level",10,"Mobile Transfer ticket",1,"[PREMIUM]","[PREMIUM]","[PREMIUM]","[PREMIUM]",true,false,"['Clear view']","2026-09-23 20:06:04"
"13971838392","2026-09-23 23:45:11.933","2026-10-01 05:17:50.380","13971838392","160436506","[PREMIUM]","[PREMIUM]","234","N","9001_9002","9001",,2,"[2]",17344,"Middle 200-Level",10,"Mobile Transfer ticket",1,"[PREMIUM]","[PREMIUM]","[PREMIUM]","[PREMIUM]",true,false,"['Clear view']","2026-09-08 23:37:34"
"14148348688","2026-09-23 23:45:07.573","2026-09-27 22:27:05.830","14148348688","160436506","[PREMIUM]","[PREMIUM]","CLB206","B","_",,,2,"[2]",17344,"Middle 200-Level",10,"Mobile Transfer ticket",1,"[PREMIUM]","[PREMIUM]","[PREMIUM]","[PREMIUM]",true,false,"['Second Row of Section','Clear view']","2026-09-23 00:48:39"
"14148349622","2026-09-23 23:45:07.573","2026-09-27 22:26:55.054","14148349622","160436506","[PREMIUM]","[PREMIUM]","333W","A","_",,,2,"[2]",8724,"Upper Charter",10,"Mobile Transfer ticket",1,"[PREMIUM]","[PREMIUM]","[PREMIUM]","[PREMIUM]",true,false,"['Front Row of Section','Clear view']","2026-09-23 00:48:42"
"14148350832","2026-09-23 23:45:07.573","2026-09-24 22:28:53.114","14148350832","160436506","[PREMIUM]","[PREMIUM]","333W","D","_",,,2,"[2]",8724,"Upper Charter",10,"Mobile Transfer ticket",1,"[PREMIUM]","[PREMIUM]","[PREMIUM]","[PREMIUM]",true,false,"['Clear view']","2026-09-23 00:48:46"
"14148330982","2026-09-23 23:45:03.442","2026-09-28 05:16:56.543","14148330982","160436506","[PREMIUM]","[PREMIUM]","337W","A","_",,,2,"[2]",8724,"Upper Charter",10,"Mobile Transfer ticket",1,"[PREMIUM]","[PREMIUM]","[PREMIUM]","[PREMIUM]",true,false,"['Front Row of Section','Clear view']","2026-09-23 00:47:35"
"14159088423","2026-09-23 23:45:03.442","2026-09-23 23:45:03.442","14159088423","160436506","[PREMIUM]","[PREMIUM]","CHR136","N","13_16","13","16",4,"[2,4]",17747,"Lower Charter",10,"Mobile Transfer ticket",1,"[PREMIUM]","[PREMIUM]","[PREMIUM]","[PREMIUM]",true,false,"['Clear view']","2026-09-23 19:01:02"
"14159088387","2026-09-23 23:45:03.442","2026-10-06 05:17:09.844","14159088387","160436506","[PREMIUM]","[PREMIUM]","CHR137","F","11_15","11","15",5,"[1,2,3,5]",17747,"Lower Charter",10,"Mobile Transfer ticket",1,"[PREMIUM]","[PREMIUM]","[PREMIUM]","[PREMIUM]",true,false,"['Clear view']","2026-09-23 19:01:02"
"14148349915","2026-09-23 23:45:03.136","2026-09-28 05:16:56.543","14148349915","160436506","[PREMIUM]","[PREMIUM]","124","C","_",,,2,"[2]",17337,"Lower 100-Level",10,"Mobile Transfer ticket",1,"[PREMIUM]","[PREMIUM]","[PREMIUM]","[PREMIUM]",true,false,"['Third Row of Section','Clear view']","2026-09-23 00:48:43"
"13933174287","2026-09-23 23:45:01.918","2026-09-23 23:45:01.918","13933174287","160417583","[PREMIUM]","[PREMIUM]","139","12","_",,,2,"[2]",594,"Lower",10,"Mobile Transfer ticket",1,"[PREMIUM]","[PREMIUM]","[PREMIUM]","[PREMIUM]",true,false,"['Clear view']","2026-09-04 23:54:48"
"14127663953","2026-09-23 23:45:01.206","2026-10-01 05:09:41.869","14127663953","160417583","[PREMIUM]","[PREMIUM]","218","4","_",,,2,"[2]",1724,"Club",10,"Mobile Transfer ticket",1,"[PREMIUM]","[PREMIUM]","[PREMIUM]","[PREMIUM]",true,false,"['Clear view']","2026-09-21 18:02:53"
"14139690707","2026-09-23 23:45:01.206","2026-09-23 23:45:13.792","14139690707","160417583","[PREMIUM]","[PREMIUM]","206","1","_",,,2,"[2]",1724,"Club",10,"Mobile Transfer ticket",1,"[PREMIUM]","[PREMIUM]","[PREMIUM]","[PREMIUM]",true,false,"['Front Row of Section','Clear view']","2026-09-22 14:31:51"
"14154206303","2026-09-23 23:44:59.490","2026-09-23 23:44:59.490","14154206303","160417583","[PREMIUM]","[PREMIUM]","124","3","1001_1002","1001","1002",2,"[2]",594,"Lower",10,"Mobile Transfer ticket",1,"[PREMIUM]","[PREMIUM]","[PREMIUM]","[PREMIUM]",true,false,"['Third Row of Section','Clear view']","2026-09-23 11:07:57"
"14116556333","2026-09-23 23:44:59.488","2026-09-23 23:45:12.869","14116556333","160417583","[PREMIUM]","[PREMIUM]","130","2","_",,,2,"[2]",594,"Lower",10,"Mobile Transfer ticket",1,"[PREMIUM]","[PREMIUM]","[PREMIUM]","[PREMIUM]",true,false,"['Second Row of Section','Clear view']","2026-09-20 16:17:12"
"14154206792","2026-09-23 23:44:59.488","2026-09-23 23:45:13.180","14154206792","160417583","[PREMIUM]","[PREMIUM]","126","3","1009_1010","1009","1010",2,"[2]",594,"Lower",10,"Mobile Transfer ticket",1,"[PREMIUM]","[PREMIUM]","[PREMIUM]","[PREMIUM]",true,false,"['Third Row of Section','Clear view']","2026-09-23 11:07:58"
"14154206704","2026-09-23 23:44:59.488","2026-09-23 23:45:13.180","14154206704","160417583","[PREMIUM]","[PREMIUM]","126","2","1007_1009","1007","1009",3,"[1,3]",594,"Lower",10,"Mobile Transfer ticket",1,"[PREMIUM]","[PREMIUM]","[PREMIUM]","[PREMIUM]",true,false,"['Second Row of Section','Clear view']","2026-09-23 11:07:58"
"14154206858","2026-09-23 23:44:59.488","2026-09-23 23:45:12.869","14154206858","160417583","[PREMIUM]","[PREMIUM]","126","8","1013_1014","1013","1014",2,"[2]",594,"Lower",10,"Mobile Transfer ticket",1,"[PREMIUM]","[PREMIUM]","[PREMIUM]","[PREMIUM]",true,false,"['Clear view']","2026-09-23 11:07:58"
"14154206913","2026-09-23 23:44:59.488","2026-09-23 23:45:12.869","14154206913","160417583","[PREMIUM]","[PREMIUM]","127","5","1019_1022","1019","1022",4,"[1,2,4]",594,"Lower",10,"Mobile Transfer ticket",1,"[PREMIUM]","[PREMIUM]","[PREMIUM]","[PREMIUM]",true,false,"['Clear view']","2026-09-23 11:07:58"
"14154206976","2026-09-23 23:44:59.488","2026-09-23 23:45:12.869","14154206976","160417583","[PREMIUM]","[PREMIUM]","127","7","1019_1020","1019","1020",2,"[2]",594,"Lower",10,"Mobile Transfer ticket",1,"[PREMIUM]","[PREMIUM]","[PREMIUM]","[PREMIUM]",true,false,"['Clear view']","2026-09-23 11:07:58"
"14155818186","2026-09-23 23:44:59.187","2026-10-01 05:09:41.399","14155818186","160417583","[PREMIUM]","[PREMIUM]","245","8","_",,,4,"[2,4]",1724,"Club",10,"Mobile Transfer ticket",1,"[PREMIUM]","[PREMIUM]","[PREMIUM]","[PREMIUM]",true,false,"['Clear view']","2026-09-23 14:32:45"
"14160081102","2026-09-23 23:44:59.187","2026-09-23 23:44:59.187","14160081102","160417583","[PREMIUM]","[PREMIUM]","235","10","_",,,2,"[2]",1724,"Club",10,"Mobile Transfer ticket",1,"[PREMIUM]","[PREMIUM]","[PREMIUM]","[PREMIUM]",true,false,"['Clear view']","2026-09-23 20:17:50"
"14148349599","2026-09-23 23:44:58.295","2026-09-26 22:32:12.347","14148349599","160436506","[PREMIUM]","[PREMIUM]","311W","A","_",,,2,"[2]",8724,"Upper Charter",10,"Mobile Transfer ticket",1,"[PREMIUM]","[PREMIUM]","[PREMIUM]","[PREMIUM]",true,false,"['Front Row of Section','Clear view']","2026-09-23 00:48:42"
"14148359254","2026-09-23 23:44:58.295","2026-09-27 22:26:51.888","14148359254","160436506","[PREMIUM]","[PREMIUM]","CLB211","U","_",,,2,"[2]",17344,"Middle 200-Level",10,"Mobile Transfer ticket",1,"[PREMIUM]","[PREMIUM]","[PREMIUM]","[PREMIUM]",true,false,"['Clear view']","2026-09-23 00:49:23"
"14107151317","2026-09-23 23:44:58.130","2026-09-28 05:16:55.832","14107151317","160436506","[PREMIUM]","[PREMIUM]","114","S","_",,,2,"[2]",17337,"Lower 100-Level",10,"Mobile Transfer ticket",1,"[PREMIUM]","[PREMIUM]","[PREMIUM]","[PREMIUM]",true,false,"['Clear view']","2026-09-19 19:06:52"
"14148783316","2026-09-23 23:44:55.701","2026-10-06 05:19:13.224","14148783316","160417577","[PREMIUM]","[PREMIUM]","128","3","3_4","3","4",2,"[2]",594,"Lower",10,"Mobile Transfer ticket",1,"[PREMIUM]","[PREMIUM]","[PREMIUM]","[PREMIUM]",true,false,"['Third Row of Section','Clear view']","2026-09-23 01:26:28"
"14154205994","2026-09-23 23:44:54.817","2026-09-23 23:45:14.565","14154205994","160417577","[PREMIUM]","[PREMIUM]","153","5","1011_1012","1011","1012",2,"[2]",594,"Lower",10,"Mobile Transfer ticket",1,"[PREMIUM]","[PREMIUM]","[PREMIUM]","[PREMIUM]",true,false,"['Clear view']","2026-09-23 11:07:56"
"14154205540","2026-09-23 23:44:54.817","2026-09-23 23:45:14.565","14154205540","160417577","[PREMIUM]","[PREMIUM]","128","6","1009_1010","1009","1010",2,"[2]",594,"Lower",10,"Mobile Transfer ticket",1,"[PREMIUM]","[PREMIUM]","[PREMIUM]","[PREMIUM]",true,false,"['Clear view']","2026-09-23 11:07:54"
"14157285864","2026-09-23 23:44:50.874","2026-10-02 05:06:10.015","14157285864","160426601","[PREMIUM]","[PREMIUM]","C231","5","_",,,2,"[2]",8379,"Club Main",10,"Mobile Transfer ticket",1,"[PREMIUM]","[PREMIUM]","[PREMIUM]","[PREMIUM]",true,false,"['Clear view']","2026-09-23 16:29:51"
"13531774918","2026-09-23 23:44:50.647","2026-10-06 05:04:28.583","13531774918","160426601","[PREMIUM]","[PREMIUM]","147","8","7_11","7",,5,"[1,2,3,5]",835,"Hall of Fame",10,"Mobile Transfer ticket",1,"[PREMIUM]","[PREMIUM]","[PREMIUM]","[PREMIUM]",true,false,"['Front Row of Section','Clear view']","2026-07-31 21:53:19"
"14141610895","2026-09-23 23:44:50.647","2026-09-24 22:29:43.295","14141610895","160426601","[PREMIUM]","[PREMIUM]","149","9","_",,,2,"[2]",835,"Hall of Fame",10,"Mobile Transfer ticket",1,"[PREMIUM]","[PREMIUM]","[PREMIUM]","[PREMIUM]",true,false,"['Second Row of Section','Clear view']","2026-09-22 17:08:18"
"14141612279","2026-09-23 23:44:50.647","2026-10-02 05:06:09.112","14141612279","160426601","[PREMIUM]","[PREMIUM]","C307","12","_",,,2,"[2]",8380,"Club Mezzanine",10,"Mobile Transfer ticket",1,"[PREMIUM]","[PREMIUM]","[PREMIUM]","[PREMIUM]",true,false,"['Clear view']","2026-09-22 17:08:21"
"14148350083","2026-09-23 23:44:50.289","2026-09-27 22:26:43.814","14148350083","160436506","[PREMIUM]","[PREMIUM]","147","D","_",,,2,"[2]",17337,"Lower 100-Level",10,"Mobile Transfer ticket",1,"[PREMIUM]","[PREMIUM]","[PREMIUM]","[PREMIUM]",true,false,"['Clear view']","2026-09-23 00:48:43"
"13706772313","2026-09-23 23:44:50.033","2026-09-30 05:06:35.466","13706772313","160426601","[PREMIUM]","[PREMIUM]","411","1","_",,,2,"[2]",1706,"Upper Concourse",10,"Mobile Transfer ticket",1,"[PREMIUM]","[PREMIUM]","[PREMIUM]","[PREMIUM]",true,false,"['Front Row of Section','Clear view']","2026-08-17 19:49:17"
"14039110963","2026-09-23 23:44:50.033","2026-10-06 05:04:28.907","14039110963","160426601","[PREMIUM]","[PREMIUM]","C232","10","7_8","7",,2,"[2]",8379,"Club Main",10,"Mobile Transfer ticket",1,"[PREMIUM]","[PREMIUM]","[PREMIUM]","[PREMIUM]",true,false,"['Clear view']","2026-09-14 13:59:35"
"14131872551","2026-09-23 23:44:48.931","2026-09-29 05:05:56.660","14131872551","160426601","[PREMIUM]","[PREMIUM]","C214","2","_",,,2,"[2]",8379,"Club Main",10,"Mobile Transfer ticket",1,"[PREMIUM]","[PREMIUM]","[PREMIUM]","[PREMIUM]",true,false,"['Second Row of Section','Clear view']","2026-09-22 01:02:25"
"14154974614","2026-09-23 23:44:48.482","2026-10-03 05:24:23.701","14154974614","160436168","[PREMIUM]","[PREMIUM]","317","15","16_21","16","21",6,"[1,2,3,4,6]",13685,"300-Level",10,"Mobile Transfer ticket",1,"[PREMIUM]","[PREMIUM]","[PREMIUM]","[PREMIUM]",true,false,"['Clear view']","2026-09-23 12:46:40"
"13815027826","2026-09-23 23:44:47.247","2026-09-23 23:44:58.427","13815027826","160436506","[PREMIUM]","[PREMIUM]","CLB205","M","9001_9004","9001",,4,"[4]",17344,"Middle 200-Level",10,"Mobile Transfer ticket",13,"[PREMIUM]","[PREMIUM]","[PREMIUM]","[PREMIUM]",true,false,"['Clear view']","2026-08-26 06:40:31"
"14148330815","2026-09-23 23:44:47.247","2026-09-28 05:16:56.563","14148330815","160436506","[PREMIUM]","[PREMIUM]","130","I","_",,,2,"[2]",17337,"Lower 100-Level",10,"Mobile Transfer ticket",1,"[PREMIUM]","[PREMIUM]","[PREMIUM]","[PREMIUM]",true,false,"['Actual 1st row of the section','Clear view']","2026-09-23 00:47:34"
"14148359119","2026-09-23 23:44:47.247","2026-09-28 05:16:56.563","14148359119","160436506","[PREMIUM]","[PREMIUM]","311","F","_",,,2,"[2]",17345,"Upper 300-Level",10,"Mobile Transfer ticket",1,"[PREMIUM]","[PREMIUM]","[PREMIUM]","[PREMIUM]",true,false,"['Second Row of Section','Clear view']","2026-09-23 00:49:22"
"14148330915","2026-09-23 23:44:46.915","2026-09-28 05:16:56.563","14148330915","160436506","[PREMIUM]","[PREMIUM]","151","D","_",,,2,"[2]",17337,"Lower 100-Level",10,"Mobile Transfer ticket",1,"[PREMIUM]","[PREMIUM]","[PREMIUM]","[PREMIUM]",true,false,"['Clear view']","2026-09-23 00:47:35"
"14148351591","2026-09-23 23:44:46.915","2026-09-23 23:44:58.491","14148351591","160436506","[PREMIUM]","[PREMIUM]","CLB211","F","_",,,2,"[2]",17344,"Middle 200-Level",10,"Mobile Transfer ticket",1,"[PREMIUM]","[PREMIUM]","[PREMIUM]","[PREMIUM]",true,false,"['Clear view']","2026-09-23 00:48:50"
"14141613201","2026-09-23 23:44:45.970","2026-09-30 05:06:42.785","14141613201","160426601","[PREMIUM]","[PREMIUM]","C333","2","_",,,4,"[4]",8380,"Club Mezzanine",10,"Mobile Transfer ticket",1,"[PREMIUM]","[PREMIUM]","[PREMIUM]","[PREMIUM]",true,false,"['Second Row of Section','Clear view']","2026-09-22 17:08:23"
"14148349867","2026-09-23 23:44:45.618","2026-09-28 05:16:55.988","14148349867","160436506","[PREMIUM]","[PREMIUM]","337","G","_",,,2,"[2]",17345,"Upper 300-Level",10,"Mobile Transfer ticket",1,"[PREMIUM]","[PREMIUM]","[PREMIUM]","[PREMIUM]",true,false,"['Clear view']","2026-09-23 00:48:42"
"14148332000","2026-09-23 23:44:45.618","2026-09-27 22:26:43.424","14148332000","160436506","[PREMIUM]","[PREMIUM]","214","G","_",,,2,"[2]",17344,"Middle 200-Level",10,"Mobile Transfer ticket",1,"[PREMIUM]","[PREMIUM]","[PREMIUM]","[PREMIUM]",true,false,"['Clear view']","2026-09-23 00:47:37"
"14148331873","2026-09-23 23:44:45.618","2026-09-23 23:44:45.618","14148331873","160436506","[PREMIUM]","[PREMIUM]","150","E","_",,,2,"[2]",17337,"Lower 100-Level",10,"Mobile Transfer ticket",1,"[PREMIUM]","[PREMIUM]","[PREMIUM]","[PREMIUM]",true,false,"['Clear view']","2026-09-23 00:47:37"
"14148348992","2026-09-23 23:44:45.618","2026-09-28 05:16:55.988","14148348992","160436506","[PREMIUM]","[PREMIUM]","334","P","_",,,2,"[2]",17345,"Upper 300-Level",10,"Mobile Transfer ticket",1,"[PREMIUM]","[PREMIUM]","[PREMIUM]","[PREMIUM]",true,false,"['Clear view']","2026-09-23 00:48:40"
"14148349395","2026-09-23 23:44:45.618","2026-09-27 22:26:43.424","14148349395","160436506","[PREMIUM]","[PREMIUM]","124","E","_",,,2,"[2]",17337,"Lower 100-Level",10,"Mobile Transfer ticket",1,"[PREMIUM]","[PREMIUM]","[PREMIUM]","[PREMIUM]",true,false,"['Clear view']","2026-09-23 00:48:41"
"14148331981","2026-09-23 23:44:38.015","2026-09-26 22:32:09.498","14148331981","160436506","[PREMIUM]","[PREMIUM]","124","D","_",,,2,"[2]",17337,"Lower 100-Level",10,"Mobile Transfer ticket",1,"[PREMIUM]","[PREMIUM]","[PREMIUM]","[PREMIUM]",true,false,"['Clear view']","2026-09-23 00:47:37"
"14148350111","2026-09-23 23:44:36.358","2026-09-28 05:16:56.197","14148350111","160436506","[PREMIUM]","[PREMIUM]","123","D","_",,,2,"[2]",17337,"Lower 100-Level",10,"Mobile Transfer ticket",1,"[PREMIUM]","[PREMIUM]","[PREMIUM]","[PREMIUM]",true,false,"['Clear view']","2026-09-23 00:48:44"
"14162549929","2026-09-23 23:44:35.704","2026-09-23 23:44:35.704","14162549929","160417577","[PREMIUM]","[PREMIUM]","218","9","_",,,2,"[2]",1724,"Club",10,"Mobile Transfer ticket",1,"[PREMIUM]","[PREMIUM]","[PREMIUM]","[PREMIUM]",true,false,"['Clear view']","2026-09-23 23:38:46"
"14154204885","2026-09-23 23:44:35.349","2026-09-23 23:44:35.349","14154204885","160417577","[PREMIUM]","[PREMIUM]","124","3","1001_1002","1001","1002",2,"[2]",594,"Lower",10,"Mobile Transfer ticket",1,"[PREMIUM]","[PREMIUM]","[PREMIUM]","[PREMIUM]",true,false,"['Third Row of Section','Clear view']","2026-09-23 11:07:51"
"14162549928","2026-09-23 23:44:35.332","2026-09-23 23:44:35.332","14162549928","160417577","[PREMIUM]","[PREMIUM]","101","10","_",,,2,"[2]",594,"Lower",10,"Mobile Transfer ticket",1,"[PREMIUM]","[PREMIUM]","[PREMIUM]","[PREMIUM]",true,false,"['Clear view']","2026-09-23 23:38:46"
"14162549930","2026-09-23 23:44:34.630","2026-09-23 23:44:34.630","14162549930","160417577","[PREMIUM]","[PREMIUM]","124","11","_",,,2,"[2]",594,"Lower",10,"Mobile Transfer ticket",1,"[PREMIUM]","[PREMIUM]","[PREMIUM]","[PREMIUM]",true,false,"['Clear view']","2026-09-23 23:38:46"
"14162549918","2026-09-23 23:44:34.630","2026-09-23 23:44:34.630","14162549918","160417577","[PREMIUM]","[PREMIUM]","244","16","_",,,2,"[2]",1724,"Club",10,"Mobile Transfer ticket",1,"[PREMIUM]","[PREMIUM]","[PREMIUM]","[PREMIUM]",true,false,"['Clear view']","2026-09-23 23:38:46"
"14148351616","2026-09-23 23:44:30.333","2026-09-27 22:26:43.762","14148351616","160436506","[PREMIUM]","[PREMIUM]","CHR138","J","_",,,2,"[2]",17747,"Lower Charter",10,"Mobile Transfer ticket",1,"[PREMIUM]","[PREMIUM]","[PREMIUM]","[PREMIUM]",true,false,"['Actual 1st row of the section','Clear view']","2026-09-23 00:48:50"
"14159088415","2026-09-23 23:44:30.333","2026-09-26 05:17:00.060","14159088415","160436506","[PREMIUM]","[PREMIUM]","CHR110","E","11_16","11","16",6,"[1,2,3,4,6]",17747,"Lower Charter",10,"Mobile Transfer ticket",1,"[PREMIUM]","[PREMIUM]","[PREMIUM]","[PREMIUM]",true,false,"['Clear view']","2026-09-23 19:01:02"
"14148660694","2026-09-23 23:44:28.991","2026-09-23 23:44:28.991","14148660694","160426601","[PREMIUM]","[PREMIUM]","222","1","_",,,2,"[2]",4107,"Main",10,"Mobile Transfer ticket",1,"[PREMIUM]","[PREMIUM]","[PREMIUM]","[PREMIUM]",true,false,"['Front Row of Section','Clear view']","2026-09-23 01:14:28"
"14147742415","2026-09-23 23:44:20.043","2026-09-28 05:16:55.885","14147742415","160436506","[PREMIUM]","[PREMIUM]","140","H","_",,,2,"[2]",17337,"Lower 100-Level",10,"Mobile Transfer ticket",1,"[PREMIUM]","[PREMIUM]","[PREMIUM]","[PREMIUM]",true,false,"['Clear view']","2026-09-23 00:05:10"
"14148351625","2026-09-23 23:44:20.043","2026-09-27 22:26:38.345","14148351625","160436506","[PREMIUM]","[PREMIUM]","124","N","_",,,2,"[2]",17337,"Lower 100-Level",10,"Mobile Transfer ticket",1,"[PREMIUM]","[PREMIUM]","[PREMIUM]","[PREMIUM]",true,false,"['Clear view']","2026-09-23 00:48:50"
"14148349621","2026-09-23 23:44:20.043","2026-09-27 22:26:38.345","14148349621","160436506","[PREMIUM]","[PREMIUM]","122","C","_",,,2,"[2]",17337,"Lower 100-Level",10,"Mobile Transfer ticket",1,"[PREMIUM]","[PREMIUM]","[PREMIUM]","[PREMIUM]",true,false,"['Third Row of Section','Clear view']","2026-09-23 00:48:42"
"12691496971","2026-09-23 23:44:19.730","2026-10-03 05:24:23.821","12691496971","160436168","[PREMIUM]","[PREMIUM]","338","19","19_22","19",,4,"[1,2,4]",13685,"300-Level",10,"Mobile Transfer ticket",1,"[PREMIUM]","[PREMIUM]","[PREMIUM]","[PREMIUM]",true,false,"['Clear view']","2026-05-15 00:53:45"
"12691496961","2026-09-23 23:44:19.730","2026-09-24 22:31:40.638","12691496961","160436168","[PREMIUM]","[PREMIUM]","310","22","17_20","17",,4,"[1,2,4]",13685,"300-Level",10,"Mobile Transfer ticket",1,"[PREMIUM]","[PREMIUM]","[PREMIUM]","[PREMIUM]",true,false,"['Clear view']","2026-05-15 00:53:45"
"14148330994","2026-09-23 23:44:19.424","2026-09-28 05:16:55.832","14148330994","160436506","[PREMIUM]","[PREMIUM]","215","H","_",,,2,"[2]",17344,"Middle 200-Level",10,"Mobile Transfer ticket",1,"[PREMIUM]","[PREMIUM]","[PREMIUM]","[PREMIUM]",true,false,"['Clear view']","2026-09-23 00:47:35"
"14148349378","2026-09-23 23:44:19.424","2026-09-24 22:28:37.619","14148349378","160436506","[PREMIUM]","[PREMIUM]","101","S","_",,,2,"[2]",17337,"Lower 100-Level",10,"Mobile Transfer ticket",1,"[PREMIUM]","[PREMIUM]","[PREMIUM]","[PREMIUM]",true,false,"['Clear view']","2026-09-23 00:48:41"
"14148330972","2026-09-23 23:44:19.424","2026-09-27 22:26:38.476","14148330972","160436506","[PREMIUM]","[PREMIUM]","123","F","_",,,2,"[2]",17337,"Lower 100-Level",10,"Mobile Transfer ticket",1,"[PREMIUM]","[PREMIUM]","[PREMIUM]","[PREMIUM]",true,false,"['Clear view']","2026-09-23 00:47:35"
"14148349563","2026-09-23 23:44:19.424","2026-09-24 22:28:37.536","14148349563","160436506","[PREMIUM]","[PREMIUM]","120","L","_",,,2,"[2]",17337,"Lower 100-Level",10,"Mobile Transfer ticket",1,"[PREMIUM]","[PREMIUM]","[PREMIUM]","[PREMIUM]",true,false,"['Clear view']","2026-09-23 00:48:42"
"14158964808","2026-09-23 23:44:18.547","2026-09-23 23:45:07.532","14158964808","160426601","[PREMIUM]","[PREMIUM]","C132","9","_",,,1,"[1]",8378,"Club Hall of Fame",10,"Mobile Transfer ticket",1,"[PREMIUM]","[PREMIUM]","[PREMIUM]","[PREMIUM]",false,false,"['Clear view']","2026-09-23 18:50:34"
"14160064869","2026-09-23 23:44:18.547","2026-09-23 23:44:18.547","14160064869","160426601","[PREMIUM]","[PREMIUM]","C114","18","_",,,2,"[2]",8378,"Club Hall of Fame",10,"Mobile Transfer ticket",1,"[PREMIUM]","[PREMIUM]","[PREMIUM]","[PREMIUM]",true,false,"['Clear view']","2026-09-23 20:15:54"
"14157630271","2026-09-23 23:44:17.330","2026-09-27 05:06:12.746","14157630271","160426601","[PREMIUM]","[PREMIUM]","144","13","_",,,2,"[2]",835,"Hall of Fame",10,"Mobile Transfer ticket",1,"[PREMIUM]","[PREMIUM]","[PREMIUM]","[PREMIUM]",true,false,"['Aisle seat','Clear view']","2026-09-23 17:00:05"
"14148351599","2026-09-23 23:44:16.599","2026-09-24 22:28:40.915","14148351599","160436506","[PREMIUM]","[PREMIUM]","114","H","_",,,2,"[2]",17337,"Lower 100-Level",10,"Mobile Transfer ticket",1,"[PREMIUM]","[PREMIUM]","[PREMIUM]","[PREMIUM]",true,false,"['Actual 1st row of the section','Clear view']","2026-09-23 00:48:50"
"14148331308","2026-09-23 23:44:16.599","2026-09-28 05:16:56.153","14148331308","160436506","[PREMIUM]","[PREMIUM]","241","F","_",,,2,"[2]",17344,"Middle 200-Level",10,"Mobile Transfer ticket",1,"[PREMIUM]","[PREMIUM]","[PREMIUM]","[PREMIUM]",true,false,"['Clear view']","2026-09-23 00:47:36"
"14148351441","2026-09-23 23:44:16.577","2026-09-25 22:59:30.012","14148351441","160436506","[PREMIUM]","[PREMIUM]","326","H","_",,,2,"[2]",17345,"Upper 300-Level",10,"Mobile Transfer ticket",1,"[PREMIUM]","[PREMIUM]","[PREMIUM]","[PREMIUM]",true,false,"['Clear view']","2026-09-23 00:48:49"
"14148358974","2026-09-23 23:44:16.577","2026-09-27 22:26:37.825","14148358974","160436506","[PREMIUM]","[PREMIUM]","328","D","_",,,2,"[2]",17345,"Upper 300-Level",10,"Mobile Transfer ticket",1,"[PREMIUM]","[PREMIUM]","[PREMIUM]","[PREMIUM]",true,false,"['Clear view']","2026-09-23 00:49:22"
"13706775846","2026-09-23 23:44:15.965","2026-09-30 05:06:35.761","13706775846","160426601","[PREMIUM]","[PREMIUM]","317","1","_",,,2,"[2]",507,"Mezzanine",10,"Mobile Transfer ticket",1,"[PREMIUM]","[PREMIUM]","[PREMIUM]","[PREMIUM]",true,false,"['Front Row of Section','Clear view']","2026-08-17 19:49:28"
"14141610687","2026-09-23 23:44:15.965","2026-09-24 22:29:44.073","14141610687","160426601","[PREMIUM]","[PREMIUM]","413","1","_",,,2,"[2]",1706,"Upper Concourse",10,"Mobile Transfer ticket",1,"[PREMIUM]","[PREMIUM]","[PREMIUM]","[PREMIUM]",true,false,"['Front Row of Section','Clear view']","2026-09-22 17:08:17"
"14141611022","2026-09-23 23:44:15.965","2026-09-23 23:45:31.871","14141611022","160426601","[PREMIUM]","[PREMIUM]","C231","11","_",,,2,"[2]",8379,"Club Main",10,"Mobile Transfer ticket",1,"[PREMIUM]","[PREMIUM]","[PREMIUM]","[PREMIUM]",true,false,"['Clear view']","2026-09-22 17:08:18"
"14148349893","2026-09-23 23:44:15.915","2026-09-27 22:26:43.636","14148349893","160436506","[PREMIUM]","[PREMIUM]","145","B","_",,,2,"[2]",17337,"Lower 100-Level",10,"Mobile Transfer ticket",1,"[PREMIUM]","[PREMIUM]","[PREMIUM]","[PREMIUM]",true,false,"['Second Row of Section','Clear view']","2026-09-23 00:48:43"
"14159088470","2026-09-23 23:44:15.915","2026-10-06 05:17:00.187","14159088470","160436506","[PREMIUM]","[PREMIUM]","CHR110","C","7_8","7","8",2,"[2]",17747,"Lower Charter",10,"Mobile Transfer ticket",1,"[PREMIUM]","[PREMIUM]","[PREMIUM]","[PREMIUM]",true,false,"['Third Row of Section','Clear view']","2026-09-23 19:01:02"
"14081482845","2026-09-23 23:44:15.601","2026-09-27 22:26:43.514","14081482845","160436506","[PREMIUM]","[PREMIUM]","128","U","_",,,3,"[3]",17337,"Lower 100-Level",10,"Mobile Transfer ticket",1,"[PREMIUM]","[PREMIUM]","[PREMIUM]","[PREMIUM]",true,false,"['Clear view']","2026-09-17 21:42:23"
"14148331295","2026-09-23 23:44:15.601","2026-09-28 05:16:55.932","14148331295","160436506","[PREMIUM]","[PREMIUM]","310","K","_",,,2,"[2]",17345,"Upper 300-Level",10,"Mobile Transfer ticket",1,"[PREMIUM]","[PREMIUM]","[PREMIUM]","[PREMIUM]",true,false,"['Clear view']","2026-09-23 00:47:36"
"14148332096","2026-09-23 23:44:15.601","2026-09-25 22:59:37.256","14148332096","160436506","[PREMIUM]","[PREMIUM]","120","B","_",,,2,"[2]",17337,"Lower 100-Level",10,"Mobile Transfer ticket",1,"[PREMIUM]","[PREMIUM]","[PREMIUM]","[PREMIUM]",true,false,"['Second Row of Section','Clear view']","2026-09-23 00:47:37"
"14148348841","2026-09-23 23:44:15.601","2026-09-27 22:26:43.514","14148348841","160436506","[PREMIUM]","[PREMIUM]","314","D","_",,,2,"[2]",17345,"Upper 300-Level",10,"Mobile Transfer ticket",1,"[PREMIUM]","[PREMIUM]","[PREMIUM]","[PREMIUM]",true,false,"['Clear view']","2026-09-23 00:48:39"
"14148350737","2026-09-23 23:44:14.468","2026-09-27 22:26:31.875","14148350737","160436506","[PREMIUM]","[PREMIUM]","340","J","_",,,2,"[2]",17345,"Upper 300-Level",10,"Mobile Transfer ticket",1,"[PREMIUM]","[PREMIUM]","[PREMIUM]","[PREMIUM]",true,false,"['Clear view']","2026-09-23 00:48:46"
"14148349628","2026-09-23 23:44:14.468","2026-09-24 22:28:29.352","14148349628","160436506","[PREMIUM]","[PREMIUM]","128","HH","_",,,2,"[2]",17337,"Lower 100-Level",10,"Mobile Transfer ticket",1,"[PREMIUM]","[PREMIUM]","[PREMIUM]","[PREMIUM]",true,false,"['Clear view']","2026-09-23 00:48:42"
"14148349660","2026-09-23 23:44:14.468","2026-09-27 22:26:31.875","14148349660","160436506","[PREMIUM]","[PREMIUM]","305","K","_",,,2,"[2]",17345,"Upper 300-Level",10,"Mobile Transfer ticket",1,"[PREMIUM]","[PREMIUM]","[PREMIUM]","[PREMIUM]",true,false,"['Clear view']","2026-09-23 00:48:42"
"14148350129","2026-09-23 23:44:14.468","2026-09-27 22:26:31.916","14148350129","160436506","[PREMIUM]","[PREMIUM]","313","I","_",,,2,"[2]",17345,"Upper 300-Level",10,"Mobile Transfer ticket",1,"[PREMIUM]","[PREMIUM]","[PREMIUM]","[PREMIUM]",true,false,"['Clear view']","2026-09-23 00:48:44"
"14103530597","2026-09-23 23:44:14.442","2026-09-23 23:44:14.442","14103530597","160417577","[PREMIUM]","[PREMIUM]","132","17","_",,,2,"[2]",594,"Lower",10,"Mobile Transfer ticket",1,"[PREMIUM]","[PREMIUM]","[PREMIUM]","[PREMIUM]",true,false,"['Clear view']","2026-09-19 12:11:01"
"14081626360","2026-09-23 23:44:13.268","2026-09-28 05:05:33.395","14081626360","160426601","[PREMIUM]","[PREMIUM]","146","13","_",,,6,"[2,4,6]",835,"Hall of Fame",10,"Mobile Transfer ticket",1,"[PREMIUM]","[PREMIUM]","[PREMIUM]","[PREMIUM]",true,false,"['Clear view']","2026-09-17 21:55:31"
"14149419371","2026-09-23 23:44:12.775","2026-09-24 22:29:34.552","14149419371","160426601","[PREMIUM]","[PREMIUM]","C333","4","_",,,2,"[2]",8380,"Club Mezzanine",10,"Mobile Transfer ticket",1,"[PREMIUM]","[PREMIUM]","[PREMIUM]","[PREMIUM]",true,false,"['Clear view']","2026-09-23 02:24:51"
"14091943114","2026-09-23 23:44:12.406","2026-09-27 05:06:21.430","14091943114","160426601","[PREMIUM]","[PREMIUM]","201","1","_",,,4,"[2,4]",4107,"Main",10,"Mobile Transfer ticket",1,"[PREMIUM]","[PREMIUM]","[PREMIUM]","[PREMIUM]",true,false,"['Front Row of Section','Clear view']","2026-09-18 16:19:15"
"13940111913","2026-09-23 23:44:11.866","2026-10-02 05:06:02.114","13940111913","160426601","[PREMIUM]","[PREMIUM]","Bank of America Field Club",,"_",,,12,"[1,2,3,4,5,6,7,8,9,10,11,12]",17170,"DraftKings Lounge",10,"Mobile Transfer ticket",1,"[PREMIUM]","[PREMIUM]","[PREMIUM]","[PREMIUM]",true,true,"['Does not include event admission','VIP Club - w/ private entrance, cash bar, light fare grill & restrooms','Away Fans Section','Next to players\' entrance','Standing room only (SRO)','Clear view']","2026-09-05 16:56:50"
"14155577844","2026-09-23 23:44:11.866","2026-09-23 23:44:11.866","14155577844","160426601","[PREMIUM]","[PREMIUM]","217","1","_",,,2,"[2]",4107,"Main",10,"Mobile Transfer ticket",1,"[PREMIUM]","[PREMIUM]","[PREMIUM]","[PREMIUM]",true,false,"['Front Row of Section','Clear view']","2026-09-23 14:12:54"
"14106866411","2026-09-23 23:44:11.515","2026-09-28 05:16:55.989","14106866411","160436506","[PREMIUM]","[PREMIUM]","143","L","_",,,3,"[3]",17337,"Lower 100-Level",10,"Mobile Transfer ticket",1,"[PREMIUM]","[PREMIUM]","[PREMIUM]","[PREMIUM]",true,false,"['Second Row of Section','Clear view']","2026-09-19 18:22:13"
"14148332146","2026-09-23 23:44:10.451","2026-09-27 22:26:43.222","14148332146","160436506","[PREMIUM]","[PREMIUM]","338W","D","_",,,2,"[2]",8724,"Upper Charter",10,"Mobile Transfer ticket",1,"[PREMIUM]","[PREMIUM]","[PREMIUM]","[PREMIUM]",true,false,"['Clear view']","2026-09-23 00:47:37"
"14159088254","2026-09-23 23:44:10.451","2026-09-23 23:44:10.451","14159088254","160436506","[PREMIUM]","[PREMIUM]","CHR106","D","1_6","1","6",6,"[1,2,3,4,6]",17747,"Lower Charter",10,"Mobile Transfer ticket",1,"[PREMIUM]","[PREMIUM]","[PREMIUM]","[PREMIUM]",true,false,"['Clear view']","2026-09-23 19:01:01"
"14159088469","2026-09-23 23:44:10.451","2026-10-06 05:17:08.929","14159088469","160436506","[PREMIUM]","[PREMIUM]","CHR110","L","14_16","14","16",3,"[1,3]",17747,"Lower Charter",10,"Mobile Transfer ticket",1,"[PREMIUM]","[PREMIUM]","[PREMIUM]","[PREMIUM]",true,false,"['Clear view']","2026-09-23 19:01:02"
"14159301645","2026-09-23 23:44:10.172","2026-09-25 22:59:36.890","14159301645","160436506","[PREMIUM]","[PREMIUM]","127","S","_",,,3,"[3]",17337,"Lower 100-Level",10,"Mobile Transfer ticket",1,"[PREMIUM]","[PREMIUM]","[PREMIUM]","[PREMIUM]",true,false,"['Clear view']","2026-09-23 19:19:57"
"14159088312","2026-09-23 23:44:10.172","2026-10-06 05:16:55.029","14159088312","160436506","[PREMIUM]","[PREMIUM]","CHR111","I","5_8","5","8",4,"[2,4]",17747,"Lower Charter",10,"Mobile Transfer ticket",1,"[PREMIUM]","[PREMIUM]","[PREMIUM]","[PREMIUM]",true,false,"['Clear view']","2026-09-23 19:01:02"
"14159303934","2026-09-23 23:44:07.320","2026-10-02 05:20:21.675","14159303934","160436506","[PREMIUM]","[PREMIUM]","320","C","_",,,2,"[2]",17345,"Upper 300-Level",10,"Mobile Transfer ticket",1,"[PREMIUM]","[PREMIUM]","[PREMIUM]","[PREMIUM]",true,false,"['Third Row of Section','Clear view']","2026-09-23 19:20:07"
"14159301693","2026-09-23 23:44:07.320","2026-09-27 22:26:38.083","14159301693","160436506","[PREMIUM]","[PREMIUM]","124","P","_",,,2,"[2]",17337,"Lower 100-Level",10,"Mobile Transfer ticket",1,"[PREMIUM]","[PREMIUM]","[PREMIUM]","[PREMIUM]",true,false,"['Clear view']","2026-09-23 19:19:57"
"14148330886","2026-09-23 23:44:01.926","2026-09-25 22:59:30.311","14148330886","160436506","[PREMIUM]","[PREMIUM]","148","E","_",,,2,"[2]",17337,"Lower 100-Level",10,"Mobile Transfer ticket",1,"[PREMIUM]","[PREMIUM]","[PREMIUM]","[PREMIUM]",true,false,"['Clear view']","2026-09-23 00:47:35"
"14159303654","2026-09-23 23:44:01.926","2026-10-02 05:20:18.364","14159303654","160436506","[PREMIUM]","[PREMIUM]","303","D","_",,,4,"[4]",17345,"Upper 300-Level",10,"Mobile Transfer ticket",1,"[PREMIUM]","[PREMIUM]","[PREMIUM]","[PREMIUM]",true,false,"['Clear view']","2026-09-23 19:20:06"
"14148349633","2026-09-23 23:44:01.615","2026-09-27 22:26:38.081","14148349633","160436506","[PREMIUM]","[PREMIUM]","124","R","_",,,2,"[2]",17337,"Lower 100-Level",10,"Mobile Transfer ticket",1,"[PREMIUM]","[PREMIUM]","[PREMIUM]","[PREMIUM]",true,false,"['Clear view']","2026-09-23 00:48:42"
"14159371448","2026-09-23 23:44:01.615","2026-09-27 22:26:38.081","14159371448","160436506","[PREMIUM]","[PREMIUM]","124","CC","_",,,2,"[2]",17337,"Lower 100-Level",10,"Mobile Transfer ticket",1,"[PREMIUM]","[PREMIUM]","[PREMIUM]","[PREMIUM]",true,false,"['Clear view']","2026-09-23 19:25:44"
"14159088302","2026-09-23 23:44:01.615","2026-10-06 05:16:55.077","14159088302","160436506","[PREMIUM]","[PREMIUM]","CHR107","Q","11_12","11","12",2,"[2]",17747,"Lower Charter",10,"Mobile Transfer ticket",1,"[PREMIUM]","[PREMIUM]","[PREMIUM]","[PREMIUM]",true,false,"['Clear view']","2026-09-23 19:01:02"
"12692588416","2026-09-23 23:44:00.965","2026-09-28 05:05:15.863","12692588416","160426601","[PREMIUM]","[PREMIUM]","305","4","1_4","1","4",4,"[2,4]",507,"Mezzanine",10,"Mobile Transfer ticket",1,"[PREMIUM]","[PREMIUM]","[PREMIUM]","[PREMIUM]",true,false,"['Actual 4th row of section','Clear view']","2026-05-15 02:39:51"
"14148349187","2026-09-23 23:43:55.958","2026-09-28 05:16:52.893","14148349187","160436506","[PREMIUM]","[PREMIUM]","340","M","_",,,2,"[2]",17345,"Upper 300-Level",10,"Mobile Transfer ticket",1,"[PREMIUM]","[PREMIUM]","[PREMIUM]","[PREMIUM]",true,false,"['Clear view']","2026-09-23 00:48:40"
"14148331310","2026-09-23 23:43:55.958","2026-09-28 05:16:52.893","14148331310","160436506","[PREMIUM]","[PREMIUM]","324","H","_",,,2,"[2]",17345,"Upper 300-Level",10,"Mobile Transfer ticket",1,"[PREMIUM]","[PREMIUM]","[PREMIUM]","[PREMIUM]",true,false,"['Clear view']","2026-09-23 00:47:36"
"14148331274","2026-09-23 23:43:55.958","2026-09-28 05:16:52.893","14148331274","160436506","[PREMIUM]","[PREMIUM]","337","FF","_",,,2,"[2]",17345,"Upper 300-Level",10,"Mobile Transfer ticket",1,"[PREMIUM]","[PREMIUM]","[PREMIUM]","[PREMIUM]",true,false,"['Clear view']","2026-09-23 00:47:36"
"12839520644","2026-09-23 23:43:54.523","2026-10-06 05:04:25.676","12839520644","160426601","[PREMIUM]","[PREMIUM]","229","4","9_10","9",,2,"[2]",4107,"Main",10,"Mobile Transfer ticket",14,"[PREMIUM]","[PREMIUM]","[PREMIUM]","[PREMIUM]",true,false,"['Clear view']","2026-05-27 21:30:10"
"14148351647","2026-09-23 23:43:54.069","2026-09-27 22:26:45.966","14148351647","160436506","[PREMIUM]","[PREMIUM]","241","Q","_",,,2,"[2]",17344,"Middle 200-Level",10,"Mobile Transfer ticket",1,"[PREMIUM]","[PREMIUM]","[PREMIUM]","[PREMIUM]",true,false,"['Clear view']","2026-09-23 00:48:50"
"14148351618","2026-09-23 23:43:54.069","2026-09-28 05:16:53.227","14148351618","160436506","[PREMIUM]","[PREMIUM]","314","K","_",,,2,"[2]",17345,"Upper 300-Level",10,"Mobile Transfer ticket",1,"[PREMIUM]","[PREMIUM]","[PREMIUM]","[PREMIUM]",true,false,"['Clear view']","2026-09-23 00:48:50"
"14148330742","2026-09-23 23:43:54.069","2026-09-26 22:31:54.884","14148330742","160436506","[PREMIUM]","[PREMIUM]","340","G","_",,,2,"[2]",17345,"Upper 300-Level",10,"Mobile Transfer ticket",1,"[PREMIUM]","[PREMIUM]","[PREMIUM]","[PREMIUM]",true,false,"['Clear view']","2026-09-23 00:47:34"
"14148349197","2026-09-23 23:43:54.069","2026-09-27 22:26:45.966","14148349197","160436506","[PREMIUM]","[PREMIUM]","121","P","_",,,2,"[2]",17337,"Lower 100-Level",10,"Mobile Transfer ticket",1,"[PREMIUM]","[PREMIUM]","[PREMIUM]","[PREMIUM]",true,false,"['Clear view']","2026-09-23 00:48:40"
"14148330966","2026-09-23 23:43:54.069","2026-09-27 22:26:45.966","14148330966","160436506","[PREMIUM]","[PREMIUM]","305","J","_",,,2,"[2]",17345,"Upper 300-Level",10,"Mobile Transfer ticket",1,"[PREMIUM]","[PREMIUM]","[PREMIUM]","[PREMIUM]",true,false,"['Clear view']","2026-09-23 00:47:35"
"14148351869","2026-09-23 23:43:54.010","2026-09-27 22:26:37.811","14148351869","160436506","[PREMIUM]","[PREMIUM]","123","T","_",,,2,"[2]",17337,"Lower 100-Level",10,"Mobile Transfer ticket",1,"[PREMIUM]","[PREMIUM]","[PREMIUM]","[PREMIUM]",true,false,"['Clear view']","2026-09-23 00:48:50"
"14154200148","2026-09-23 23:43:53.800","2026-09-23 23:43:53.800","14154200148","160426601","[PREMIUM]","[PREMIUM]","203","1","1017_1017","1017","1017",1,"[1]",4107,"Main",10,"Mobile Transfer ticket",1,"[PREMIUM]","[PREMIUM]","[PREMIUM]","[PREMIUM]",false,false,"['Front Row of Section','Clear view']","2026-09-23 11:07:37"
"14159088488","2026-09-23 23:43:53.726","2026-10-05 05:16:51.638","14159088488","160436506","[PREMIUM]","[PREMIUM]","CHR106","Q","7_8","7","8",2,"[2]",17747,"Lower Charter",10,"Mobile Transfer ticket",1,"[PREMIUM]","[PREMIUM]","[PREMIUM]","[PREMIUM]",true,false,"['Clear view']","2026-09-23 19:01:02"
"13711476352","2026-09-23 23:43:53.684","2026-10-06 05:16:55.020","13711476352","160436506","[PREMIUM]","[PREMIUM]","114","Y","_",,,2,"[2]",17337,"Lower 100-Level",10,"Mobile Transfer ticket",1,"[PREMIUM]","[PREMIUM]","[PREMIUM]","[PREMIUM]",true,false,"['Clear view']","2026-08-18 05:07:39"
"13734505087","2026-09-23 23:43:53.684","2026-10-06 05:16:55.090","13734505087","160436506","[PREMIUM]","[PREMIUM]","147","P","_",,,4,"[4]",17337,"Lower 100-Level",10,"Mobile Transfer ticket",1,"[PREMIUM]","[PREMIUM]","[PREMIUM]","[PREMIUM]",true,false,"['Clear view']","2026-08-20 09:10:18"
"14148350724","2026-09-23 23:43:53.684","2026-09-25 22:59:29.775","14148350724","160436506","[PREMIUM]","[PREMIUM]","313","D","_",,,2,"[2]",17345,"Upper 300-Level",10,"Mobile Transfer ticket",1,"[PREMIUM]","[PREMIUM]","[PREMIUM]","[PREMIUM]",true,false,"['Clear view']","2026-09-23 00:48:46"
"14148351597","2026-09-23 23:43:53.684","2026-09-27 22:26:37.522","14148351597","160436506","[PREMIUM]","[PREMIUM]","230","P","_",,,2,"[2]",17344,"Middle 200-Level",10,"Mobile Transfer ticket",1,"[PREMIUM]","[PREMIUM]","[PREMIUM]","[PREMIUM]",true,false,"['Clear view']","2026-09-23 00:48:50"
"14148349648","2026-09-23 23:43:53.423","2026-09-27 22:26:37.474","14148349648","160436506","[PREMIUM]","[PREMIUM]","204","J","_",,,2,"[2]",17344,"Middle 200-Level",10,"Mobile Transfer ticket",1,"[PREMIUM]","[PREMIUM]","[PREMIUM]","[PREMIUM]",true,false,"['Clear view']","2026-09-23 00:48:42"
"14148349432","2026-09-23 23:43:53.423","2026-09-25 22:59:29.486","14148349432","160436506","[PREMIUM]","[PREMIUM]","320","D","_",,,2,"[2]",17345,"Upper 300-Level",10,"Mobile Transfer ticket",1,"[PREMIUM]","[PREMIUM]","[PREMIUM]","[PREMIUM]",true,false,"['Clear view']","2026-09-23 00:48:41"
"14159303442","2026-09-23 23:43:53.423","2026-09-26 05:16:55.527","14159303442","160436506","[PREMIUM]","[PREMIUM]","314","L","_",,,3,"[3]",17345,"Upper 300-Level",10,"Mobile Transfer ticket",1,"[PREMIUM]","[PREMIUM]","[PREMIUM]","[PREMIUM]",true,false,"['Clear view']","2026-09-23 19:20:05"
"14081489784","2026-09-23 23:43:53.090","2026-09-25 22:59:27.477","14081489784","160436506","[PREMIUM]","[PREMIUM]","335","U","_",,,2,"[2]",17345,"Upper 300-Level",10,"Mobile Transfer ticket",1,"[PREMIUM]","[PREMIUM]","[PREMIUM]","[PREMIUM]",true,false,"['Clear view']","2026-09-17 21:42:53"
"14081486387","2026-09-23 23:43:53.090","2026-09-25 22:59:27.477","14081486387","160436506","[PREMIUM]","[PREMIUM]","147","R","_",,,2,"[2]",17337,"Lower 100-Level",10,"Mobile Transfer ticket",1,"[PREMIUM]","[PREMIUM]","[PREMIUM]","[PREMIUM]",true,false,"['Clear view']","2026-09-17 21:42:39"
"14148348871","2026-09-23 23:43:53.090","2026-09-27 22:26:32.610","14148348871","160436506","[PREMIUM]","[PREMIUM]","304","J","_",,,2,"[2]",17345,"Upper 300-Level",10,"Mobile Transfer ticket",1,"[PREMIUM]","[PREMIUM]","[PREMIUM]","[PREMIUM]",true,false,"['Clear view']","2026-09-23 00:48:40"
"14162518397","2026-09-23 23:43:53.058","2026-09-26 22:31:54.055","14162518397","160436506","[PREMIUM]","[PREMIUM]","149","G","_",,,2,"[2]",17337,"Lower 100-Level",10,"Mobile Transfer ticket",1,"[PREMIUM]","[PREMIUM]","[PREMIUM]","[PREMIUM]",true,false,"['Clear view']","2026-09-23 23:34:36"
"14148350775","2026-09-23 23:43:52.739","2026-09-27 22:26:32.582","14148350775","160436506","[PREMIUM]","[PREMIUM]","331","J","_",,,2,"[2]",17345,"Upper 300-Level",10,"Mobile Transfer ticket",1,"[PREMIUM]","[PREMIUM]","[PREMIUM]","[PREMIUM]",true,false,"['Clear view']","2026-09-23 00:48:46"
"14148330746","2026-09-23 23:43:52.722","2026-09-26 22:31:50.924","14148330746","160436506","[PREMIUM]","[PREMIUM]","125","U","_",,,2,"[2]",17337,"Lower 100-Level",10,"Mobile Transfer ticket",1,"[PREMIUM]","[PREMIUM]","[PREMIUM]","[PREMIUM]",true,false,"['Clear view']","2026-09-23 00:47:34"
"14154041639","2026-09-23 23:43:52.722","2026-09-30 05:19:55.720","14154041639","160436506","[PREMIUM]","[PREMIUM]","143","W","99_99","99",,1,"[1]",17337,"Lower 100-Level",10,"Mobile Transfer ticket",1,"[PREMIUM]","[PREMIUM]","[PREMIUM]","[PREMIUM]",false,false,"['Clear view']","2026-09-23 10:53:27"
"14159088461","2026-09-23 23:43:52.722","2026-10-06 05:16:54.930","14159088461","160436506","[PREMIUM]","[PREMIUM]","335","HH","4_7","4","7",4,"[2,4]",17345,"Upper 300-Level",10,"Mobile Transfer ticket",1,"[PREMIUM]","[PREMIUM]","[PREMIUM]","[PREMIUM]",true,false,"['Clear view']","2026-09-23 19:01:02"
"14148331822","2026-09-23 23:43:52.410","2026-09-28 05:16:53.688","14148331822","160436506","[PREMIUM]","[PREMIUM]","300","B","_",,,2,"[2]",17345,"Upper 300-Level",10,"Mobile Transfer ticket",1,"[PREMIUM]","[PREMIUM]","[PREMIUM]","[PREMIUM]",true,false,"['Second Row of Section','Clear view']","2026-09-23 00:47:36"
"14148349186","2026-09-23 23:43:52.410","2026-09-28 05:16:53.688","14148349186","160436506","[PREMIUM]","[PREMIUM]","100","H","_",,,2,"[2]",17337,"Lower 100-Level",10,"Mobile Transfer ticket",1,"[PREMIUM]","[PREMIUM]","[PREMIUM]","[PREMIUM]",true,false,"['Clear view']","2026-09-23 00:48:40"
"14157884262","2026-09-23 23:43:51.797","2026-09-23 23:43:51.797","14157884262","160436506","[PREMIUM]","[PREMIUM]","334","II","13_14","13",,2,"[2]",17345,"Upper 300-Level",10,"Mobile Transfer ticket",1,"[PREMIUM]","[PREMIUM]","[PREMIUM]","[PREMIUM]",true,false,"['Clear view']","2026-09-23 17:22:25"
"14150557385","2026-09-23 23:43:51.412","2026-09-29 05:19:45.042","14150557385","160436506","[PREMIUM]","[PREMIUM]","325","CC","_",,,2,"[2]",17345,"Upper 300-Level",10,"Mobile Transfer ticket",1,"[PREMIUM]","[PREMIUM]","[PREMIUM]","[PREMIUM]",true,false,"['Clear view']","2026-09-23 04:41:16"
"14039905331","2026-09-23 23:43:37.945","2026-10-02 05:06:04.332","14039905331","160426601","[PREMIUM]","[PREMIUM]","149","20","13_18","13",,6,"[2,4,6]",835,"Hall of Fame",10,"Mobile Transfer ticket",1,"[PREMIUM]","[PREMIUM]","[PREMIUM]","[PREMIUM]",true,false,"['Clear view']","2026-09-14 15:35:34"
"14148349771","2026-09-23 23:43:37.571","2026-09-26 05:17:03.195","14148349771","160436506","[PREMIUM]","[PREMIUM]","337","J","_",,,2,"[2]",17345,"Upper 300-Level",10,"Mobile Transfer ticket",1,"[PREMIUM]","[PREMIUM]","[PREMIUM]","[PREMIUM]",true,false,"['Clear view']","2026-09-23 00:48:42"
"14159088298","2026-09-23 23:43:37.571","2026-10-06 05:16:54.930","14159088298","160436506","[PREMIUM]","[PREMIUM]","335","GG","12_15","12","15",4,"[2,4]",17345,"Upper 300-Level",10,"Mobile Transfer ticket",1,"[PREMIUM]","[PREMIUM]","[PREMIUM]","[PREMIUM]",true,false,"['Clear view']","2026-09-23 19:01:02"
"12966477077","2026-09-23 23:43:37.560","2026-09-23 23:43:37.560","12966477077","160436506","[PREMIUM]","[PREMIUM]","100","V","5_6","5",,2,"[2]",17337,"Lower 100-Level",10,"Mobile Transfer ticket",14,"[PREMIUM]","[PREMIUM]","[PREMIUM]","[PREMIUM]",true,false,"['Clear view']","2026-06-08 04:21:41"
"14159303629","2026-09-23 23:43:37.560","2026-09-29 05:19:48.440","14159303629","160436506","[PREMIUM]","[PREMIUM]","305","AA","_",,,4,"[4]",17345,"Upper 300-Level",10,"Mobile Transfer ticket",1,"[PREMIUM]","[PREMIUM]","[PREMIUM]","[PREMIUM]",true,false,"['Clear view']","2026-09-23 19:20:06"
"14159301502","2026-09-23 23:43:37.560","2026-09-26 22:31:49.951","14159301502","160436506","[PREMIUM]","[PREMIUM]","149","P","_",,,2,"[2]",17337,"Lower 100-Level",10,"Mobile Transfer ticket",1,"[PREMIUM]","[PREMIUM]","[PREMIUM]","[PREMIUM]",true,false,"['Clear view']","2026-09-23 19:19:56"
"14159928471","2026-09-23 23:43:37.560","2026-09-24 22:28:29.304","14159928471","160436506","[PREMIUM]","[PREMIUM]","118","MM","21_22","21",,2,"[2]",17337,"Lower 100-Level",10,"Mobile Transfer ticket",14,"[PREMIUM]","[PREMIUM]","[PREMIUM]","[PREMIUM]",true,false,"['Clear view']","2026-09-23 20:07:29"
"14148351529","2026-09-23 23:43:37.283","2026-09-28 05:16:53.189","14148351529","160436506","[PREMIUM]","[PREMIUM]","314","M","_",,,2,"[2]",17345,"Upper 300-Level",10,"Mobile Transfer ticket",1,"[PREMIUM]","[PREMIUM]","[PREMIUM]","[PREMIUM]",true,false,"['Clear view']","2026-09-23 00:48:49"
"14156232503","2026-09-23 23:43:37.283","2026-09-27 22:26:31.537","14156232503","160436506","[PREMIUM]","[PREMIUM]","333","V","_",,,2,"[2]",17345,"Upper 300-Level",10,"Mobile Transfer ticket",1,"[PREMIUM]","[PREMIUM]","[PREMIUM]","[PREMIUM]",true,false,"['Clear view']","2026-09-23 15:07:00"
"14148351487","2026-09-23 23:43:37.244","2026-09-27 22:26:31.537","14148351487","160436506","[PREMIUM]","[PREMIUM]","333","P","_",,,2,"[2]",17345,"Upper 300-Level",10,"Mobile Transfer ticket",1,"[PREMIUM]","[PREMIUM]","[PREMIUM]","[PREMIUM]",true,false,"['Clear view']","2026-09-23 00:48:49"
"14148349089","2026-09-23 23:43:37.244","2026-09-27 22:26:31.537","14148349089","160436506","[PREMIUM]","[PREMIUM]","334","Y","_",,,2,"[2]",17345,"Upper 300-Level",10,"Mobile Transfer ticket",1,"[PREMIUM]","[PREMIUM]","[PREMIUM]","[PREMIUM]",true,false,"['Clear view']","2026-09-23 00:48:40"
"14148351536","2026-09-23 23:43:37.244","2026-09-27 22:26:31.532","14148351536","160436506","[PREMIUM]","[PREMIUM]","335","W","_",,,2,"[2]",17345,"Upper 300-Level",10,"Mobile Transfer ticket",1,"[PREMIUM]","[PREMIUM]","[PREMIUM]","[PREMIUM]",true,false,"['Clear view']","2026-09-23 00:48:49"
"14148331214","2026-09-23 23:43:37.244","2026-09-27 22:26:31.532","14148331214","160436506","[PREMIUM]","[PREMIUM]","331","L","_",,,2,"[2]",17345,"Upper 300-Level",10,"Mobile Transfer ticket",1,"[PREMIUM]","[PREMIUM]","[PREMIUM]","[PREMIUM]",true,false,"['Clear view']","2026-09-23 00:47:35"
"14148358915","2026-09-23 23:43:37.244","2026-09-28 05:16:53.189","14148358915","160436506","[PREMIUM]","[PREMIUM]","120","PP","_",,,2,"[2]",17337,"Lower 100-Level",10,"Mobile Transfer ticket",1,"[PREMIUM]","[PREMIUM]","[PREMIUM]","[PREMIUM]",true,false,"['Clear view']","2026-09-23 00:49:22"
"14148350934","2026-09-23 23:43:37.244","2026-09-27 22:26:31.532","14148350934","160436506","[PREMIUM]","[PREMIUM]","331","JJ","_",,,4,"[2,4]",17345,"Upper 300-Level",10,"Mobile Transfer ticket",1,"[PREMIUM]","[PREMIUM]","[PREMIUM]","[PREMIUM]",true,false,"['Clear view']","2026-09-23 00:48:47"
"14148350797","2026-09-23 23:43:36.972","2026-09-27 22:26:31.537","14148350797","160436506","[PREMIUM]","[PREMIUM]","337","L","_",,,2,"[2]",17345,"Upper 300-Level",10,"Mobile Transfer ticket",1,"[PREMIUM]","[PREMIUM]","[PREMIUM]","[PREMIUM]",true,false,"['Clear view']","2026-09-23 00:48:46"
"14148350660","2026-09-23 23:43:36.972","2026-09-27 05:17:44.833","14148350660","160436506","[PREMIUM]","[PREMIUM]","150","R","_",,,2,"[2]",17337,"Lower 100-Level",10,"Mobile Transfer ticket",1,"[PREMIUM]","[PREMIUM]","[PREMIUM]","[PREMIUM]",true,false,"['Clear view']","2026-09-23 00:48:46"
"14148330779","2026-09-23 23:43:36.972","2026-09-28 05:16:53.189","14148330779","160436506","[PREMIUM]","[PREMIUM]","102","BB","_",,,2,"[2]",17337,"Lower 100-Level",10,"Mobile Transfer ticket",1,"[PREMIUM]","[PREMIUM]","[PREMIUM]","[PREMIUM]",true,false,"['Clear view']","2026-09-23 00:47:34"
"14148330769","2026-09-23 23:43:36.972","2026-09-27 05:17:44.833","14148330769","160436506","[PREMIUM]","[PREMIUM]","332","L","_",,,2,"[2]",17345,"Upper 300-Level",10,"Mobile Transfer ticket",1,"[PREMIUM]","[PREMIUM]","[PREMIUM]","[PREMIUM]",true,false,"['Clear view']","2026-09-23 00:47:34"
"14148331364","2026-09-23 23:43:36.972","2026-09-27 22:26:31.537","14148331364","160436506","[PREMIUM]","[PREMIUM]","337","V","_",,,2,"[2]",17345,"Upper 300-Level",10,"Mobile Transfer ticket",1,"[PREMIUM]","[PREMIUM]","[PREMIUM]","[PREMIUM]",true,false,"['Clear view']","2026-09-23 00:47:36"
"14148350947","2026-09-23 23:43:36.972","2026-09-23 23:43:36.972","14148350947","160436506","[PREMIUM]","[PREMIUM]","311","R","_",,,2,"[2]",17345,"Upper 300-Level",10,"Mobile Transfer ticket",1,"[PREMIUM]","[PREMIUM]","[PREMIUM]","[PREMIUM]",true,false,"['Clear view']","2026-09-23 00:48:47"
"14148351488","2026-09-23 23:43:36.690","2026-09-28 05:16:53.189","14148351488","160436506","[PREMIUM]","[PREMIUM]","323","D","_",,,2,"[2]",17345,"Upper 300-Level",10,"Mobile Transfer ticket",1,"[PREMIUM]","[PREMIUM]","[PREMIUM]","[PREMIUM]",true,false,"['Clear view']","2026-09-23 00:48:49"
"14148350896","2026-09-23 23:43:36.690","2026-09-27 22:26:31.288","14148350896","160436506","[PREMIUM]","[PREMIUM]","339","G","_",,,2,"[2]",17345,"Upper 300-Level",10,"Mobile Transfer ticket",1,"[PREMIUM]","[PREMIUM]","[PREMIUM]","[PREMIUM]",true,false,"['Clear view']","2026-09-23 00:48:46"
"14148350749","2026-09-23 23:43:36.690","2026-09-24 22:28:28.466","14148350749","160436506","[PREMIUM]","[PREMIUM]","315","B","_",,,2,"[2]",17345,"Upper 300-Level",10,"Mobile Transfer ticket",1,"[PREMIUM]","[PREMIUM]","[PREMIUM]","[PREMIUM]",true,false,"['Second Row of Section','Clear view']","2026-09-23 00:48:46"
"14159303602","2026-09-23 23:43:36.690","2026-09-23 23:43:36.690","14159303602","160436506","[PREMIUM]","[PREMIUM]","307","P","_",,,3,"[3]",17345,"Upper 300-Level",10,"Mobile Transfer ticket",1,"[PREMIUM]","[PREMIUM]","[PREMIUM]","[PREMIUM]",true,false,"['Clear view']","2026-09-23 19:20:06"
"14148349722","2026-09-23 23:43:36.451","2026-09-28 05:16:52.911","14148349722","160436506","[PREMIUM]","[PREMIUM]","311","AA","_",,,2,"[2]",17345,"Upper 300-Level",10,"Mobile Transfer ticket",1,"[PREMIUM]","[PREMIUM]","[PREMIUM]","[PREMIUM]",true,false,"['Clear view']","2026-09-23 00:48:42"
"14148349887","2026-09-23 23:43:36.451","2026-09-28 05:16:52.911","14148349887","160436506","[PREMIUM]","[PREMIUM]","313","L","_",,,2,"[2]",17345,"Upper 300-Level",10,"Mobile Transfer ticket",1,"[PREMIUM]","[PREMIUM]","[PREMIUM]","[PREMIUM]",true,false,"['Clear view']","2026-09-23 00:48:43"
"14148330858","2026-09-23 23:43:36.451","2026-09-28 05:16:52.911","14148330858","160436506","[PREMIUM]","[PREMIUM]","338","R","_",,,2,"[2]",17345,"Upper 300-Level",10,"Mobile Transfer ticket",1,"[PREMIUM]","[PREMIUM]","[PREMIUM]","[PREMIUM]",true,false,"['Clear view']","2026-09-23 00:47:34"
"14157347655","2026-09-23 23:43:36.451","2026-09-23 23:43:36.451","14157347655","160436506","[PREMIUM]","[PREMIUM]","301","L","_",,,3,"[3]",17345,"Upper 300-Level",10,"Mobile Transfer ticket",1,"[PREMIUM]","[PREMIUM]","[PREMIUM]","[PREMIUM]",true,false,"['Clear view']","2026-09-23 16:34:53"
"14148351840","2026-09-23 23:43:36.400","2026-09-28 05:16:53.163","14148351840","160436506","[PREMIUM]","[PREMIUM]","308","M","_",,,2,"[2]",17345,"Upper 300-Level",10,"Mobile Transfer ticket",1,"[PREMIUM]","[PREMIUM]","[PREMIUM]","[PREMIUM]",true,false,"['Clear view']","2026-09-23 00:48:50"
"14148358969","2026-09-23 23:43:36.400","2026-09-28 05:16:53.163","14148358969","160436506","[PREMIUM]","[PREMIUM]","336","W","_",,,2,"[2]",17345,"Upper 300-Level",10,"Mobile Transfer ticket",1,"[PREMIUM]","[PREMIUM]","[PREMIUM]","[PREMIUM]",true,false,"['Clear view']","2026-09-23 00:49:22"
"14148350272","2026-09-23 23:43:36.123","2026-09-28 05:16:52.911","14148350272","160436506","[PREMIUM]","[PREMIUM]","319","B","_",,,2,"[2]",17345,"Upper 300-Level",10,"Mobile Transfer ticket",1,"[PREMIUM]","[PREMIUM]","[PREMIUM]","[PREMIUM]",true,false,"['Second Row of Section','Clear view']","2026-09-23 00:48:45"
"14148330662","2026-09-23 23:43:36.123","2026-09-23 23:43:36.123","14148330662","160436506","[PREMIUM]","[PREMIUM]","306","K","_",,,2,"[2]",17345,"Upper 300-Level",10,"Mobile Transfer ticket",1,"[PREMIUM]","[PREMIUM]","[PREMIUM]","[PREMIUM]",true,false,"['Clear view']","2026-09-23 00:47:34"
"14159088265","2026-09-23 23:43:36.123","2026-10-01 05:17:39.061","14159088265","160436506","[PREMIUM]","[PREMIUM]","335","QQ","18_21","18","21",4,"[2,4]",17345,"Upper 300-Level",10,"Mobile Transfer ticket",1,"[PREMIUM]","[PREMIUM]","[PREMIUM]","[PREMIUM]",true,false,"['Clear view']","2026-09-23 19:01:01"
"14148348997","2026-09-23 23:43:36.072","2026-09-27 22:26:30.758","14148348997","160436506","[PREMIUM]","[PREMIUM]","320","I","_",,,2,"[2]",17345,"Upper 300-Level",10,"Mobile Transfer ticket",1,"[PREMIUM]","[PREMIUM]","[PREMIUM]","[PREMIUM]",true,false,"['Clear view']","2026-09-23 00:48:40"
"14148330710","2026-09-23 23:43:36.072","2026-09-28 05:16:52.911","14148330710","160436506","[PREMIUM]","[PREMIUM]","304","K","_",,,2,"[2]",17345,"Upper 300-Level",10,"Mobile Transfer ticket",1,"[PREMIUM]","[PREMIUM]","[PREMIUM]","[PREMIUM]",true,false,"['Clear view']","2026-09-23 00:47:34"
"14148348776","2026-09-23 23:43:36.072","2026-09-23 23:43:36.072","14148348776","160436506","[PREMIUM]","[PREMIUM]","319","D","_",,,2,"[2]",17345,"Upper 300-Level",10,"Mobile Transfer ticket",1,"[PREMIUM]","[PREMIUM]","[PREMIUM]","[PREMIUM]",true,false,"['Clear view']","2026-09-23 00:48:39"
"14148332194","2026-09-23 23:43:36.072","2026-09-28 05:16:52.893","14148332194","160436506","[PREMIUM]","[PREMIUM]","328","G","_",,,2,"[2]",17345,"Upper 300-Level",10,"Mobile Transfer ticket",1,"[PREMIUM]","[PREMIUM]","[PREMIUM]","[PREMIUM]",true,false,"['Clear view']","2026-09-23 00:47:37"
"14148331646","2026-09-23 23:43:35.762","2026-09-26 05:16:54.553","14148331646","160436506","[PREMIUM]","[PREMIUM]","315","J","_",,,2,"[2]",17345,"Upper 300-Level",10,"Mobile Transfer ticket",1,"[PREMIUM]","[PREMIUM]","[PREMIUM]","[PREMIUM]",true,false,"['Clear view']","2026-09-23 00:47:36"
"14148351798","2026-09-23 23:43:35.762","2026-09-28 05:16:52.893","14148351798","160436506","[PREMIUM]","[PREMIUM]","319","K","_",,,2,"[2]",17345,"Upper 300-Level",10,"Mobile Transfer ticket",1,"[PREMIUM]","[PREMIUM]","[PREMIUM]","[PREMIUM]",true,false,"['Clear view']","2026-09-23 00:48:50"
"14148331339","2026-09-23 23:43:35.762","2026-09-28 05:16:52.893","14148331339","160436506","[PREMIUM]","[PREMIUM]","303","J","_",,,2,"[2]",17345,"Upper 300-Level",10,"Mobile Transfer ticket",1,"[PREMIUM]","[PREMIUM]","[PREMIUM]","[PREMIUM]",true,false,"['Clear view']","2026-09-23 00:47:36"
"14149413332","2026-09-23 23:43:35.762","2026-09-24 22:28:27.730","14149413332","160436506","[PREMIUM]","[PREMIUM]","302","S","_",,,3,"[3]",17345,"Upper 300-Level",10,"Mobile Transfer ticket",1,"[PREMIUM]","[PREMIUM]","[PREMIUM]","[PREMIUM]",true,false,"['Clear view']","2026-09-23 02:24:09"
"14152105053","2026-09-23 23:43:34.407","2026-10-03 05:24:20.220","14152105053","160436168","[PREMIUM]","[PREMIUM]","306","26","_",,,2,"[2]",13685,"300-Level",10,"Mobile Transfer ticket",1,"[PREMIUM]","[PREMIUM]","[PREMIUM]","[PREMIUM]",true,false,"['Clear view']","2026-09-23 06:53:59"
"14149371111","2026-09-23 23:43:30.837","2026-09-23 23:43:30.837","14149371111","160436506","[PREMIUM]","[PREMIUM]","328","L","_",,,3,"[3]",17345,"Upper 300-Level",10,"Mobile Transfer ticket",1,"[PREMIUM]","[PREMIUM]","[PREMIUM]","[PREMIUM]",true,false,"['Clear view']","2026-09-23 02:18:19"
"14157356649","2026-09-23 23:43:30.554","2026-09-27 22:26:22.350","14157356649","160436506","[PREMIUM]","[PREMIUM]","340","Z","17_20","17",,4,"[1,2,3,4]",17345,"Upper 300-Level",10,"Mobile Transfer ticket",14,"[PREMIUM]","[PREMIUM]","[PREMIUM]","[PREMIUM]",true,false,"['Clear view']","2026-09-23 16:35:36"
"14160541347","2026-09-23 23:43:30.475","2026-09-23 23:43:30.475","14160541347","160436506","[PREMIUM]","[PREMIUM]","302","EE","_",,,3,"[1,3]",17345,"Upper 300-Level",10,"Mobile Transfer ticket",1,"[PREMIUM]","[PREMIUM]","[PREMIUM]","[PREMIUM]",true,false,"['Clear view']","2026-09-23 20:55:44"
"14144316709","2026-09-23 23:43:29.626","2026-09-23 23:43:29.626","14144316709","160436506","[PREMIUM]","[PREMIUM]","312","KK","9_10","9","10",2,"[2]",17345,"Upper 300-Level",10,"Mobile Transfer ticket",1,"[PREMIUM]","[PREMIUM]","[PREMIUM]","[PREMIUM]",true,false,"['Clear view']","2026-09-22 20:15:45"
"13318466925","2026-09-23 23:43:24.781","2026-10-06 05:08:14.474","13318466925","160417583","[PREMIUM]","[PREMIUM]","101","6","6_8","6","8",3,"[1,3]",594,"Lower",10,"Mobile Transfer ticket",1,"[PREMIUM]","[PREMIUM]","[PREMIUM]","[PREMIUM]",true,false,"['Clear view']","2026-07-10 19:42:20"
"14153748804","2026-09-23 23:43:24.781","2026-09-23 23:44:15.386","14153748804","160417583","[PREMIUM]","[PREMIUM]","127","10","_",,,2,"[2]",594,"Lower",10,"Mobile Transfer ticket",1,"[PREMIUM]","[PREMIUM]","[PREMIUM]","[PREMIUM]",true,false,"['Clear view']","2026-09-23 10:06:39"
"14141240394","2026-09-23 23:43:24.070","2026-09-23 23:43:24.070","14141240394","160436506","[PREMIUM]","[PREMIUM]","311","NN","6_6","6",,1,"[1]",17345,"Upper 300-Level",10,"Mobile Transfer ticket",1,"[PREMIUM]","[PREMIUM]","[PREMIUM]","[PREMIUM]",false,false,"['Clear view']","2026-09-22 16:36:19"
"14145682877","2026-09-23 23:43:24.070","2026-09-24 22:28:15.590","14145682877","160436506","[PREMIUM]","[PREMIUM]","344","T","_",,,4,"[1,2,4]",17345,"Upper 300-Level",10,"Mobile Transfer ticket",1,"[PREMIUM]","[PREMIUM]","[PREMIUM]","[PREMIUM]",true,false,"['Clear view']","2026-09-22 21:41:27"
"14161505606","2026-09-23 23:43:24.070","2026-09-27 05:17:41.061","14161505606","160436506","[PREMIUM]","[PREMIUM]","344","EE","_",,,2,"[2]",17345,"Upper 300-Level",10,"Mobile Transfer ticket",1,"[PREMIUM]","[PREMIUM]","[PREMIUM]","[PREMIUM]",true,false,"['Clear view']","2026-09-23 22:12:13"
"14157199996","2026-09-23 23:43:23.379","2026-09-23 23:43:33.323","14157199996","160417583","[PREMIUM]","[PREMIUM]","144","5","_",,,1,"[1]",594,"Lower",10,"Mobile Transfer ticket",1,"[PREMIUM]","[PREMIUM]","[PREMIUM]","[PREMIUM]",false,false,"['Clear view']","2026-09-23 16:18:52"
"14128712359","2026-09-23 23:43:22.769","2026-09-26 05:09:15.489","14128712359","160417583","[PREMIUM]","[PREMIUM]","236","10","_",,,2,"[2]",1724,"Club",10,"Mobile Transfer ticket",1,"[PREMIUM]","[PREMIUM]","[PREMIUM]","[PREMIUM]",true,false,"['Clear view']","2026-09-21 20:03:43"
"14143351079","2026-09-23 23:43:22.467","2026-09-23 23:43:22.467","14143351079","160417583","[PREMIUM]","[PREMIUM]","525","5","_",,,2,"[2]",407,"Upper",10,"Mobile Transfer ticket",1,"[PREMIUM]","[PREMIUM]","[PREMIUM]","[PREMIUM]",true,false,"['Second Row of Section','Clear view']","2026-09-22 19:15:56"
"12695937673","2026-09-23 23:43:01.138","2026-09-27 22:24:08.913","12695937673","160435673","[PREMIUM]","[PREMIUM]","310","21","15_16","15","16",2,"[2]",407,"Upper",10,"Mobile Transfer ticket",1,"[PREMIUM]","[PREMIUM]","[PREMIUM]","[PREMIUM]",true,false,"['Clear view']","2026-05-15 07:48:27"
"14139008055","2026-09-23 23:42:48.576","2026-09-24 22:32:55.337","14139008055","160417577","[PREMIUM]","[PREMIUM]","520","5","9001_9003","9001","9003",3,"[1,3]",407,"Upper",10,"Mobile Transfer ticket",1,"[PREMIUM]","[PREMIUM]","[PREMIUM]","[PREMIUM]",true,false,"['Clear view']","2026-09-22 13:26:43"
"14143967962","2026-09-23 23:42:47.703","2026-10-06 05:10:09.231","14143967962","160436162","[PREMIUM]","[PREMIUM]","345","2","_",,,2,"[2]",13685,"300-Level",10,"Mobile Transfer ticket",1,"[PREMIUM]","[PREMIUM]","[PREMIUM]","[PREMIUM]",true,false,"['Second Row of Section','Clear view']","2026-09-22 19:59:25"
"14158981957","2026-09-23 23:42:47.045","2026-09-27 05:09:34.282","14158981957","160436164","[PREMIUM]","[PREMIUM]","301","20","_",,,4,"[2,4]",13685,"300-Level",10,"Mobile Transfer ticket",1,"[PREMIUM]","[PREMIUM]","[PREMIUM]","[PREMIUM]",true,false,"['Clear view']","2026-09-23 18:53:38"
"13639466894","2026-09-23 23:42:44.285","2026-10-06 05:19:09.184","13639466894","160417577","[PREMIUM]","[PREMIUM]","112","14","_",,,4,"[1,2,4]",594,"Lower",10,"Mobile Transfer ticket",1,"[PREMIUM]","[PREMIUM]","[PREMIUM]","[PREMIUM]",true,false,"['Clear view']","2026-08-11 19:25:47"
"14039931292","2026-09-23 23:42:42.943","2026-09-25 23:01:22.817","14039931292","160417577","[PREMIUM]","[PREMIUM]","152","42","12_13","12","13",2,"[2]",594,"Lower",10,"Mobile Transfer ticket",1,"[PREMIUM]","[PREMIUM]","[PREMIUM]","[PREMIUM]",true,false,"['Clear view']","2026-09-14 15:38:28"
"14039918134","2026-09-23 23:42:41.156","2026-09-23 23:45:05.036","14039918134","160436162","[PREMIUM]","[PREMIUM]","340","12","12_15","12",,4,"[2,4]",13685,"300-Level",10,"Mobile Transfer ticket",1,"[PREMIUM]","[PREMIUM]","[PREMIUM]","[PREMIUM]",true,false,"['Clear view']","2026-09-14 15:37:12"
"14120892312","2026-09-23 23:42:41.156","2026-09-28 05:10:36.094","14120892312","160436162","[PREMIUM]","[PREMIUM]","225","5","7_10","7","10",4,"[2,4]",11358,"200-Level",10,"Mobile Transfer ticket",1,"[PREMIUM]","[PREMIUM]","[PREMIUM]","[PREMIUM]",true,false,"['Clear view']","2026-09-21 01:23:24"
"14159520721","2026-09-23 23:42:40.331","2026-09-30 05:12:29.308","14159520721","160436162","[PREMIUM]","[PREMIUM]","336","7","_",,,2,"[2]",13685,"300-Level",10,"Mobile Transfer ticket",1,"[PREMIUM]","[PREMIUM]","[PREMIUM]","[PREMIUM]",true,false,"['Clear view']","2026-09-23 19:36:56"
"14150071024","2026-09-23 23:42:39.152","2026-09-23 23:42:39.152","14150071024","160417583","[PREMIUM]","[PREMIUM]","119","15","5_6","5","6",2,"[2]",594,"Lower",10,"Mobile Transfer ticket",1,"[PREMIUM]","[PREMIUM]","[PREMIUM]","[PREMIUM]",true,false,"['Clear view']","2026-09-23 03:38:21"
"14158259720","2026-09-23 23:42:39.152","2026-09-24 22:29:52.944","14158259720","160417583","[PREMIUM]","[PREMIUM]","514","5","_",,,2,"[2]",407,"Upper",10,"Mobile Transfer ticket",1,"[PREMIUM]","[PREMIUM]","[PREMIUM]","[PREMIUM]",true,false,"['Second Row of Section','Clear view']","2026-09-23 17:48:03"
"14150256084","2026-09-23 23:42:36.644","2026-10-04 05:05:00.846","14150256084","160426601","[PREMIUM]","[PREMIUM]","223","8","11_14","11","14",4,"[2,4]",4107,"Main",10,"Mobile Transfer ticket",1,"[PREMIUM]","[PREMIUM]","[PREMIUM]","[PREMIUM]",true,false,"['Clear view']","2026-09-23 03:59:05"
"14155700867","2026-09-23 23:42:33.098","2026-09-23 23:42:33.098","14155700867","160427051","[PREMIUM]","[PREMIUM]","228","3","_",,,2,"[2]",3831,"Terrace Corner",10,"Mobile Transfer ticket",1,"[PREMIUM]","[PREMIUM]","[PREMIUM]","[PREMIUM]",true,false,"['Third Row of Section','Clear view']","2026-09-23 14:23:18"
"14155701798","2026-09-23 23:42:32.821","2026-09-24 22:32:07.443","14155701798","160427051","[PREMIUM]","[PREMIUM]","229","1","_",,,2,"[2]",3831,"Terrace Corner",10,"Mobile Transfer ticket",1,"[PREMIUM]","[PREMIUM]","[PREMIUM]","[PREMIUM]",true,false,"['Front Row of Section','Clear view']","2026-09-23 14:23:20"
"14139013647","2026-09-23 23:42:32.784","2026-09-24 22:32:07.848","14139013647","160427051","[PREMIUM]","[PREMIUM]","109","25","9001_9003","9001","9003",3,"[1,3]",594,"Lower",10,"Mobile Transfer ticket",1,"[PREMIUM]","[PREMIUM]","[PREMIUM]","[PREMIUM]",true,false,"['Clear view']","2026-09-22 13:28:02"
"14159516103","2026-09-23 23:42:32.498","2026-09-30 05:12:37.609","14159516103","160436162","[PREMIUM]","[PREMIUM]","327","6","_",,,2,"[2]",13685,"300-Level",10,"Mobile Transfer ticket",1,"[PREMIUM]","[PREMIUM]","[PREMIUM]","[PREMIUM]",true,false,"['Clear view']","2026-09-23 19:36:46"
"14143683884","2026-09-23 23:42:28.774","2026-09-24 22:32:06.576","14143683884","160427051","[PREMIUM]","[PREMIUM]","218","2","_",,,10,"[1,2,3,4,5,6,8,10]",7046,"Terrace Sideline",10,"Mobile Transfer ticket",14,"[PREMIUM]","[PREMIUM]","[PREMIUM]","[PREMIUM]",true,false,"['Second Row of Section','Clear view']","2026-09-22 19:37:17"
"14157322935","2026-09-23 23:42:28.155","2026-09-23 23:42:28.155","14157322935","160427051","[PREMIUM]","[PREMIUM]","133","4","_",,,2,"[2]",594,"Lower",10,"Mobile Transfer ticket",1,"[PREMIUM]","[PREMIUM]","[PREMIUM]","[PREMIUM]",true,false,"['Clear view']","2026-09-23 16:33:17"
"14144476886","2026-09-23 23:42:28.078","2026-10-06 05:21:26.286","14144476886","160427051","[PREMIUM]","[PREMIUM]","235","1","10_11","10","11",2,"[2]",3831,"Terrace Corner",10,"Mobile Transfer ticket",14,"[PREMIUM]","[PREMIUM]","[PREMIUM]","[PREMIUM]",true,false,"['Front Row of Section','Clear view']","2026-09-22 20:27:20"
"14157113477","2026-09-23 23:42:27.887","2026-09-26 22:29:21.631","14157113477","160418606","[PREMIUM]","[PREMIUM]","112","7","16_17","16","17",2,"[2]",594,"Lower",10,"Mobile Transfer ticket",1,"[PREMIUM]","[PREMIUM]","[PREMIUM]","[PREMIUM]",true,false,"['Clear view']","2026-09-23 16:10:19"
"14161359045","2026-09-23 23:42:27.887","2026-09-23 23:42:27.887","14161359045","160418606","[PREMIUM]","[PREMIUM]","139","3","_",,,2,"[2]",594,"Lower",10,"Mobile Transfer ticket",1,"[PREMIUM]","[PREMIUM]","[PREMIUM]","[PREMIUM]",true,false,"['Third Row of Section','Clear view']","2026-09-23 22:02:36"
"14155268902","2026-09-23 23:42:25.653","2026-09-23 23:42:25.653","14155268902","160427051","[PREMIUM]","[PREMIUM]","317","8","_",,,2,"[2]",1724,"Club",10,"Mobile Transfer ticket",1,"[PREMIUM]","[PREMIUM]","[PREMIUM]","[PREMIUM]",true,false,"['Clear view']","2026-09-23 13:27:50"
"14161169261","2026-09-23 23:42:24.955","2026-09-24 22:32:05.484","14161169261","160427051","[PREMIUM]","[PREMIUM]","429","5","9001_9002","9001","9002",2,"[2]",2442,"Upper Sideline",10,"Mobile Transfer ticket",1,"[PREMIUM]","[PREMIUM]","[PREMIUM]","[PREMIUM]",true,false,"['Second Row of Section','Clear view']","2026-09-23 21:48:59"
"14155343513","2026-09-23 23:42:12.741","2026-09-23 23:42:12.741","14155343513","160427051","[PREMIUM]","[PREMIUM]","115","16","5_11","5","11",7,"[1,2,3,4,5,7]",594,"Lower",10,"Mobile Transfer ticket",1,"[PREMIUM]","[PREMIUM]","[PREMIUM]","[PREMIUM]",true,false,"['Front Row of Section','Clear view']","2026-09-23 13:42:52"
"14160156533","2026-09-23 23:42:11.440","2026-09-23 23:42:11.440","14160156533","160427051","[PREMIUM]","[PREMIUM]","124","11","_",,,2,"[2]",594,"Lower",10,"Mobile Transfer ticket",1,"[PREMIUM]","[PREMIUM]","[PREMIUM]","[PREMIUM]",true,false,"['Clear view']","2026-09-23 20:24:38"
"13598092479","2026-09-23 23:42:10.752","2026-10-06 05:21:26.136","13598092479","160427051","[PREMIUM]","[PREMIUM]","124","27","21_22","21","22",2,"[2]",594,"Lower",10,"Mobile Transfer ticket",1,"[PREMIUM]","[PREMIUM]","[PREMIUM]","[PREMIUM]",true,false,"['Clear view']","2026-08-06 22:16:49"
"14162560283","2026-09-23 23:42:08.980","2026-09-23 23:42:08.980","14162560283","160427051","[PREMIUM]","[PREMIUM]","223","15","19_24","19","24",6,"[1,2,3,4,6]",7046,"Terrace Sideline",10,"Mobile Transfer ticket",1,"[PREMIUM]","[PREMIUM]","[PREMIUM]","[PREMIUM]",true,false,"['Limited or Obstructed View (printed on ticket)']","2026-09-23 23:40:41"
"14150547602","2026-09-23 23:41:50.402","2026-09-23 23:41:50.402","14150547602","160427051","[PREMIUM]","[PREMIUM]","229","21","17_24","17","24",8,"[1,2,3,4,5,6,8]",3831,"Terrace Corner",10,"Mobile Transfer ticket",1,"[PREMIUM]","[PREMIUM]","[PREMIUM]","[PREMIUM]",true,false,"['Limited or Obstructed View (printed on ticket)']","2026-09-23 04:40:02"
"14157119673","2026-09-23 23:41:50.402","2026-09-23 23:41:50.402","14157119673","160427051","[PREMIUM]","[PREMIUM]","229","19","23_24","23","24",2,"[2]",3831,"Terrace Corner",10,"Mobile Transfer ticket",1,"[PREMIUM]","[PREMIUM]","[PREMIUM]","[PREMIUM]",true,false,"['Limited or Obstructed View (printed on ticket)']","2026-09-23 16:11:25"
"14157729734","2026-09-23 23:41:50.402","2026-09-24 22:31:36.289","14157729734","160427051","[PREMIUM]","[PREMIUM]","214","17","25_32","25","32",8,"[1,2,3,4,5,6,8]",3831,"Terrace Corner",10,"Mobile Transfer ticket",1,"[PREMIUM]","[PREMIUM]","[PREMIUM]","[PREMIUM]",true,false,"['Limited or Obstructed View (printed on ticket)']","2026-09-23 17:07:37"
"14158858188","2026-09-23 23:41:50.402","2026-09-23 23:41:50.402","14158858188","160427051","[PREMIUM]","[PREMIUM]","215","19","17_20","17","20",4,"[1,2,4]",3831,"Terrace Corner",10,"Mobile Transfer ticket",1,"[PREMIUM]","[PREMIUM]","[PREMIUM]","[PREMIUM]",true,false,"['Limited or Obstructed View (printed on ticket)']","2026-09-23 18:36:29"
"14162405674","2026-09-23 23:41:50.402","2026-09-23 23:41:50.402","14162405674","160427051","[PREMIUM]","[PREMIUM]","215","23","21_28","21","28",8,"[1,2,3,4,5,6,8]",3831,"Terrace Corner",10,"Mobile Transfer ticket",1,"[PREMIUM]","[PREMIUM]","[PREMIUM]","[PREMIUM]",true,false,"['Limited or Obstructed View (printed on ticket)']","2026-09-23 23:17:50"
"14145883984","2026-09-23 23:41:50.113","2026-09-23 23:41:50.113","14145883984","160427051","[PREMIUM]","[PREMIUM]","215","20","35_40","35","40",6,"[1,2,3,4,6]",3831,"Terrace Corner",10,"Mobile Transfer ticket",1,"[PREMIUM]","[PREMIUM]","[PREMIUM]","[PREMIUM]",true,false,"['Limited or Obstructed View (printed on ticket)']","2026-09-22 21:58:50"
"14156351525","2026-09-23 23:41:50.113","2026-09-23 23:41:50.113","14156351525","160427051","[PREMIUM]","[PREMIUM]","230","23","7_14","7","14",8,"[1,2,3,4,5,6,8]",3831,"Terrace Corner",10,"Mobile Transfer ticket",1,"[PREMIUM]","[PREMIUM]","[PREMIUM]","[PREMIUM]",true,false,"['Limited or Obstructed View (printed on ticket)']","2026-09-23 15:14:42"
"14157119637","2026-09-23 23:41:50.113","2026-09-24 22:31:35.647","14157119637","160427051","[PREMIUM]","[PREMIUM]","229","20","9_10","9","10",2,"[2]",3831,"Terrace Corner",10,"Mobile Transfer ticket",1,"[PREMIUM]","[PREMIUM]","[PREMIUM]","[PREMIUM]",true,false,"['Limited or Obstructed View (printed on ticket)']","2026-09-23 16:11:24"
"14160995788","2026-09-23 23:41:50.113","2026-09-23 23:41:50.113","14160995788","160427051","[PREMIUM]","[PREMIUM]","213","22","15_20","15","20",6,"[1,2,3,4,6]",3831,"Terrace Corner",10,"Mobile Transfer ticket",1,"[PREMIUM]","[PREMIUM]","[PREMIUM]","[PREMIUM]",true,false,"['Limited or Obstructed View (printed on ticket)']","2026-09-23 21:34:13"
"14131991915","2026-09-23 23:41:48.565","2026-09-24 22:32:02.598","14131991915","160427051","[PREMIUM]","[PREMIUM]","138","4","_",,,2,"[2]",594,"Lower",10,"Mobile Transfer ticket",1,"[PREMIUM]","[PREMIUM]","[PREMIUM]","[PREMIUM]",true,false,"['Clear view']","2026-09-22 01:17:19"
"14151439863","2026-09-23 23:41:47.939","2026-09-29 05:28:09.875","14151439863","160418606","[PREMIUM]","[PREMIUM]","532","1","9001_9004","9001",,4,"[2,4]",407,"Upper",11,"Mobile ticket",1,"[PREMIUM]","[PREMIUM]","[PREMIUM]","[PREMIUM]",true,false,"['Front Row of Section','Clear view']","2026-09-23 05:45:07"
"14142052537","2026-09-23 23:41:47.749","2026-09-23 23:41:47.749","14142052537","160418606","[PREMIUM]","[PREMIUM]","106","1","5_6","5","6",2,"[2]",594,"Lower",10,"Mobile Transfer ticket",1,"[PREMIUM]","[PREMIUM]","[PREMIUM]","[PREMIUM]",true,false,"['Front Row of Section','Clear view']","2026-09-22 17:44:06"
"14150370282","2026-09-23 23:41:47.621","2026-10-06 05:21:25.910","14150370282","160427051","[PREMIUM]","[PREMIUM]","115","23","_",,,4,"[1,2,3,4]",594,"Lower",10,"Mobile Transfer ticket",1,"[PREMIUM]","[PREMIUM]","[PREMIUM]","[PREMIUM]",true,false,"['Clear view']","2026-09-23 04:09:50"
"14150370228","2026-09-23 23:41:47.513","2026-10-06 05:21:25.830","14150370228","160427051","[PREMIUM]","[PREMIUM]","108","19","_",,,4,"[1,2,3,4]",594,"Lower",10,"Mobile Transfer ticket",1,"[PREMIUM]","[PREMIUM]","[PREMIUM]","[PREMIUM]",true,false,"['Clear view']","2026-09-23 04:09:49"
"14149263171","2026-09-23 23:41:47.409","2026-09-23 23:41:47.409","14149263171","160427051","[PREMIUM]","[PREMIUM]","225","15","_",,,2,"[2]",7046,"Terrace Sideline",10,"Mobile Transfer ticket",1,"[PREMIUM]","[PREMIUM]","[PREMIUM]","[PREMIUM]",true,false,"['Limited or Obstructed View (printed on ticket)']","2026-09-23 02:05:14"
"14007256386","2026-09-23 23:41:47.230","2026-10-06 05:22:57.921","14007256386","160418606","[PREMIUM]","[PREMIUM]","147","1","_",,,3,"[1,2,3]",594,"Lower",10,"Mobile Transfer ticket",1,"[PREMIUM]","[PREMIUM]","[PREMIUM]","[PREMIUM]",true,false,"['Front Row of Section','Clear view']","2026-09-11 16:13:32"
"14161358976","2026-09-23 23:41:46.449","2026-09-23 23:41:46.449","14161358976","160418606","[PREMIUM]","[PREMIUM]","141","12","_",,,2,"[2]",594,"Lower",10,"Mobile Transfer ticket",1,"[PREMIUM]","[PREMIUM]","[PREMIUM]","[PREMIUM]",true,false,"['Clear view']","2026-09-23 22:02:35"
"14150370321","2026-09-23 23:41:44.405","2026-09-23 23:41:44.405","14150370321","160427051","[PREMIUM]","[PREMIUM]","116","24","_",,,2,"[1,2]",594,"Lower",10,"Mobile Transfer ticket",1,"[PREMIUM]","[PREMIUM]","[PREMIUM]","[PREMIUM]",true,false,"['Clear view']","2026-09-23 04:09:50"
"14155363648","2026-09-23 23:41:44.405","2026-10-06 05:21:25.830","14155363648","160427051","[PREMIUM]","[PREMIUM]","108","24","_",,,4,"[1,2,3,4]",594,"Lower",10,"Mobile Transfer ticket",1,"[PREMIUM]","[PREMIUM]","[PREMIUM]","[PREMIUM]",true,false,"['Clear view']","2026-09-23 13:46:54"
"14150370279","2026-09-23 23:41:44.405","2026-10-06 05:21:25.830","14150370279","160427051","[PREMIUM]","[PREMIUM]","107","21","_",,,2,"[1,2]",594,"Lower",10,"Mobile Transfer ticket",1,"[PREMIUM]","[PREMIUM]","[PREMIUM]","[PREMIUM]",true,false,"['Clear view']","2026-09-23 04:09:49"
"14150370140","2026-09-23 23:41:44.405","2026-10-06 05:21:25.830","14150370140","160427051","[PREMIUM]","[PREMIUM]","107","20","_",,,2,"[1,2]",594,"Lower",10,"Mobile Transfer ticket",1,"[PREMIUM]","[PREMIUM]","[PREMIUM]","[PREMIUM]",true,false,"['Clear view']","2026-09-23 04:09:49"
"13109446260","2026-09-23 23:41:43.782","2026-10-06 05:21:25.964","13109446260","160427051","[PREMIUM]","[PREMIUM]","108","27","_",,,5,"[1,2,3,5]",594,"Lower",10,"Mobile Transfer ticket",1,"[PREMIUM]","[PREMIUM]","[PREMIUM]","[PREMIUM]",true,false,"['Clear view']","2026-06-22 19:35:49"
"13309610208","2026-09-23 23:41:43.609","2026-10-06 05:21:25.964","13309610208","160427051","[PREMIUM]","[PREMIUM]","108","28","_",,,4,"[2,4]",594,"Lower",10,"Mobile Transfer ticket",1,"[PREMIUM]","[PREMIUM]","[PREMIUM]","[PREMIUM]",true,false,"['Clear view']","2026-07-10 01:09:04"
"14150370004","2026-09-23 23:41:43.154","2026-10-05 05:21:32.892","14150370004","160427051","[PREMIUM]","[PREMIUM]","114","14","_",,,1,"[1]",594,"Lower",10,"Mobile Transfer ticket",1,"[PREMIUM]","[PREMIUM]","[PREMIUM]","[PREMIUM]",false,false,"['Clear view']","2026-09-23 04:09:49"
"12691491047","2026-09-23 23:41:42.935","2026-10-06 05:21:22.620","12691491047","160427051","[PREMIUM]","[PREMIUM]","112","18","11_19","11","19",9,"[1,2,3,4,5,6,7,9]",594,"Lower",10,"Mobile Transfer ticket",1,"[PREMIUM]","[PREMIUM]","[PREMIUM]","[PREMIUM]",true,false,"['Clear view']","2026-05-15 00:52:02"
"14156660187","2026-09-23 23:41:41.193","2026-09-23 23:41:41.193","14156660187","160417583","[PREMIUM]","[PREMIUM]","522","9","_",,,2,"[2]",407,"Upper",10,"Mobile Transfer ticket",1,"[PREMIUM]","[PREMIUM]","[PREMIUM]","[PREMIUM]",true,false,"['Clear view']","2026-09-23 15:38:02"
"13631832792","2026-09-23 23:41:39.540","2026-10-05 05:21:26.233","13631832792","160427051","[PREMIUM]","[PREMIUM]","130","19","_",,,2,"[2]",594,"Lower",10,"Mobile Transfer ticket",1,"[PREMIUM]","[PREMIUM]","[PREMIUM]","[PREMIUM]",true,false,"['Clear view']","2026-08-11 00:33:31"
"14140680798","2026-09-23 23:41:39.509","2026-09-23 23:41:39.509","14140680798","160427051","[PREMIUM]","[PREMIUM]","213","18","13_14","13","14",2,"[2]",3831,"Terrace Corner",10,"Mobile Transfer ticket",1,"[PREMIUM]","[PREMIUM]","[PREMIUM]","[PREMIUM]",true,false,"['Limited or Obstructed View (printed on ticket)']","2026-09-22 15:44:16"
"14150103903","2026-09-23 23:41:39.509","2026-09-23 23:41:39.509","14150103903","160427051","[PREMIUM]","[PREMIUM]","215","17","39_42","39","42",4,"[1,2,4]",3831,"Terrace Corner",10,"Mobile Transfer ticket",1,"[PREMIUM]","[PREMIUM]","[PREMIUM]","[PREMIUM]",true,false,"['Limited or Obstructed View (printed on ticket)']","2026-09-23 03:43:29"
"14159141850","2026-09-23 23:41:39.509","2026-09-23 23:41:39.509","14159141850","160427051","[PREMIUM]","[PREMIUM]","215","18","13_16","13","16",4,"[1,2,4]",3831,"Terrace Corner",10,"Mobile Transfer ticket",1,"[PREMIUM]","[PREMIUM]","[PREMIUM]","[PREMIUM]",true,false,"['Limited or Obstructed View (printed on ticket)']","2026-09-23 19:06:16"
"14161350431","2026-09-23 23:41:39.509","2026-09-23 23:41:39.509","14161350431","160427051","[PREMIUM]","[PREMIUM]","228","20","15_18","15","18",4,"[1,2,4]",3831,"Terrace Corner",10,"Mobile Transfer ticket",1,"[PREMIUM]","[PREMIUM]","[PREMIUM]","[PREMIUM]",true,false,"['Limited or Obstructed View (printed on ticket)']","2026-09-23 22:02:14"
"14161355689","2026-09-23 23:41:39.442","2026-09-23 23:41:39.442","14161355689","160418606","[PREMIUM]","[PREMIUM]","119","3","_",,,2,"[2]",594,"Lower",10,"Mobile Transfer ticket",1,"[PREMIUM]","[PREMIUM]","[PREMIUM]","[PREMIUM]",true,false,"['Third Row of Section','Clear view']","2026-09-23 22:02:27"
"14149154548","2026-09-23 23:41:39.222","2026-09-23 23:41:39.222","14149154548","160427051","[PREMIUM]","[PREMIUM]","226","14","1_4","1","4",4,"[1,2,4]",3831,"Terrace Corner",10,"Mobile Transfer ticket",1,"[PREMIUM]","[PREMIUM]","[PREMIUM]","[PREMIUM]",true,false,"['Limited or Obstructed View (printed on ticket)']","2026-09-23 01:55:21"
"14154601156","2026-09-23 23:41:39.222","2026-09-24 22:31:45.527","14154601156","160427051","[PREMIUM]","[PREMIUM]","219","14","13_13","13","13",1,"[1]",7046,"Terrace Sideline",10,"Mobile Transfer ticket",1,"[PREMIUM]","[PREMIUM]","[PREMIUM]","[PREMIUM]",false,false,"['Limited or Obstructed View (printed on ticket)']","2026-09-23 11:59:02"
"14150369984","2026-09-23 23:41:39.222","2026-10-06 05:21:25.964","14150369984","160427051","[PREMIUM]","[PREMIUM]","115","28","_",,,2,"[1,2]",594,"Lower",10,"Mobile Transfer ticket",1,"[PREMIUM]","[PREMIUM]","[PREMIUM]","[PREMIUM]",true,false,"['Clear view']","2026-09-23 04:09:49"
"14144895599","2026-09-23 23:41:39.125","2026-09-23 23:41:39.125","14144895599","160427051","[PREMIUM]","[PREMIUM]","219","17","13_14","13","14",2,"[2]",7046,"Terrace Sideline",10,"Mobile Transfer ticket",1,"[PREMIUM]","[PREMIUM]","[PREMIUM]","[PREMIUM]",true,false,"['Limited or Obstructed View (printed on ticket)']","2026-09-22 20:53:45"
"14158566195","2026-09-23 23:41:39.125","2026-09-24 22:31:44.751","14158566195","160427051","[PREMIUM]","[PREMIUM]","218","14","14_15","14","15",2,"[2]",7046,"Terrace Sideline",10,"Mobile Transfer ticket",1,"[PREMIUM]","[PREMIUM]","[PREMIUM]","[PREMIUM]",true,false,"['Limited or Obstructed View (printed on ticket)']","2026-09-23 18:05:47"
"14143391141","2026-09-23 23:41:39.124","2026-09-23 23:41:39.124","14143391141","160427051","[PREMIUM]","[PREMIUM]","229","15","11_18","11","18",8,"[1,2,3,4,5,6,8]",3831,"Terrace Corner",10,"Mobile Transfer ticket",1,"[PREMIUM]","[PREMIUM]","[PREMIUM]","[PREMIUM]",true,false,"['Limited or Obstructed View (printed on ticket)']","2026-09-22 19:18:13"
"14156757908","2026-09-23 23:41:39.124","2026-09-23 23:41:39.124","14156757908","160427051","[PREMIUM]","[PREMIUM]","229","16","15_18","15","18",4,"[1,2,4]",3831,"Terrace Corner",10,"Mobile Transfer ticket",1,"[PREMIUM]","[PREMIUM]","[PREMIUM]","[PREMIUM]",true,false,"['Limited or Obstructed View (printed on ticket)']","2026-09-23 15:42:38"
"14157729905","2026-09-23 23:41:39.124","2026-09-23 23:41:39.124","14157729905","160427051","[PREMIUM]","[PREMIUM]","215","14","13_14","13","14",2,"[2]",3831,"Terrace Corner",10,"Mobile Transfer ticket",1,"[PREMIUM]","[PREMIUM]","[PREMIUM]","[PREMIUM]",true,false,"['Limited or Obstructed View (printed on ticket)']","2026-09-23 17:07:38"
"14159141699","2026-09-23 23:41:39.124","2026-09-23 23:41:39.124","14159141699","160427051","[PREMIUM]","[PREMIUM]","215","15","6_6","6","6",1,"[1]",3831,"Terrace Corner",10,"Mobile Transfer ticket",1,"[PREMIUM]","[PREMIUM]","[PREMIUM]","[PREMIUM]",false,false,"['Limited or Obstructed View (printed on ticket)']","2026-09-23 19:06:15"
"14161350790","2026-09-23 23:41:39.124","2026-09-24 22:31:44.423","14161350790","160427051","[PREMIUM]","[PREMIUM]","214","16","11_18","11","18",8,"[1,2,3,4,5,6,8]",3831,"Terrace Corner",10,"Mobile Transfer ticket",1,"[PREMIUM]","[PREMIUM]","[PREMIUM]","[PREMIUM]",true,false,"['Limited or Obstructed View (printed on ticket)']","2026-09-23 22:02:15"
"14162560168","2026-09-23 23:41:39.124","2026-09-23 23:41:39.124","14162560168","160427051","[PREMIUM]","[PREMIUM]","216","16","25_32","25","32",8,"[1,2,3,4,5,6,8]",3831,"Terrace Corner",10,"Mobile Transfer ticket",1,"[PREMIUM]","[PREMIUM]","[PREMIUM]","[PREMIUM]",true,false,"['Limited or Obstructed View (printed on ticket)']","2026-09-23 23:40:41"
"14139559254","2026-09-23 23:41:39.085","2026-09-23 23:41:39.085","14139559254","160427051","[PREMIUM]","[PREMIUM]","216","14","5_6","5","6",2,"[2]",3831,"Terrace Corner",10,"Mobile Transfer ticket",1,"[PREMIUM]","[PREMIUM]","[PREMIUM]","[PREMIUM]",true,false,"['Limited or Obstructed View (printed on ticket)']","2026-09-22 14:18:49"
"14145883441","2026-09-23 23:41:39.085","2026-09-23 23:41:39.085","14145883441","160427051","[PREMIUM]","[PREMIUM]","226","15","22_24","22","24",3,"[1,3]",3831,"Terrace Corner",10,"Mobile Transfer ticket",1,"[PREMIUM]","[PREMIUM]","[PREMIUM]","[PREMIUM]",true,false,"['Limited or Obstructed View (printed on ticket)']","2026-09-22 21:58:48"
"14155343602","2026-09-23 23:41:39.085","2026-09-23 23:41:39.085","14155343602","160427051","[PREMIUM]","[PREMIUM]","214","15","11_14","11","14",4,"[1,2,4]",3831,"Terrace Corner",10,"Mobile Transfer ticket",1,"[PREMIUM]","[PREMIUM]","[PREMIUM]","[PREMIUM]",true,false,"['Limited or Obstructed View (printed on ticket)']","2026-09-23 13:42:52"
"14162078175","2026-09-23 23:41:39.085","2026-09-23 23:41:39.085","14162078175","160427051","[PREMIUM]","[PREMIUM]","217","14","1_7","1","7",7,"[1,2,3,4,5,7]",3831,"Terrace Corner",10,"Mobile Transfer ticket",1,"[PREMIUM]","[PREMIUM]","[PREMIUM]","[PREMIUM]",true,false,"['Limited or Obstructed View (printed on ticket)']","2026-09-23 22:53:22"
"14162560442","2026-09-23 23:41:39.085","2026-09-23 23:41:39.085","14162560442","160427051","[PREMIUM]","[PREMIUM]","219","18","1_8","1","8",8,"[1,2,3,4,5,6,8]",7046,"Terrace Sideline",10,"Mobile Transfer ticket",1,"[PREMIUM]","[PREMIUM]","[PREMIUM]","[PREMIUM]",true,false,"['Limited or Obstructed View (printed on ticket)']","2026-09-23 23:40:42"
"14148473587","2026-09-23 23:41:38.939","2026-09-23 23:41:38.939","14148473587","160427051","[PREMIUM]","[PREMIUM]","226","22","7_14","7","14",8,"[1,2,3,4,5,6,8]",3831,"Terrace Corner",10,"Mobile Transfer ticket",1,"[PREMIUM]","[PREMIUM]","[PREMIUM]","[PREMIUM]",true,false,"['Limited or Obstructed View (printed on ticket)']","2026-09-23 00:57:39"
"14158071434","2026-09-23 23:41:38.939","2026-09-23 23:41:38.939","14158071434","160427051","[PREMIUM]","[PREMIUM]","225","17","23_24","23","24",2,"[2]",7046,"Terrace Sideline",10,"Mobile Transfer ticket",1,"[PREMIUM]","[PREMIUM]","[PREMIUM]","[PREMIUM]",true,false,"['Limited or Obstructed View (printed on ticket)']","2026-09-23 17:35:51"
"14159141872","2026-09-23 23:41:38.939","2026-09-23 23:41:38.939","14159141872","160427051","[PREMIUM]","[PREMIUM]","226","20","21_24","21","24",4,"[1,2,4]",3831,"Terrace Corner",10,"Mobile Transfer ticket",1,"[PREMIUM]","[PREMIUM]","[PREMIUM]","[PREMIUM]",true,false,"['Limited or Obstructed View (printed on ticket)']","2026-09-23 19:06:16"
"14160671610","2026-09-23 23:41:38.939","2026-09-23 23:41:38.939","14160671610","160427051","[PREMIUM]","[PREMIUM]","225","22","15_20","15","20",6,"[1,2,3,4,6]",7046,"Terrace Sideline",10,"Mobile Transfer ticket",1,"[PREMIUM]","[PREMIUM]","[PREMIUM]","[PREMIUM]",true,false,"['Limited or Obstructed View (printed on ticket)']","2026-09-23 21:04:42"
"14162559851","2026-09-23 23:41:38.939","2026-09-23 23:41:38.939","14162559851","160427051","[PREMIUM]","[PREMIUM]","224","19","1_2","1","2",2,"[2]",7046,"Terrace Sideline",10,"Mobile Transfer ticket",1,"[PREMIUM]","[PREMIUM]","[PREMIUM]","[PREMIUM]",true,false,"['Limited or Obstructed View (printed on ticket)']","2026-09-23 23:40:37"
"14139559603","2026-09-23 23:41:38.866","2026-09-23 23:41:38.866","14139559603","160427051","[PREMIUM]","[PREMIUM]","226","19","11_18","11","18",8,"[1,2,3,4,5,6,8]",3831,"Terrace Corner",10,"Mobile Transfer ticket",1,"[PREMIUM]","[PREMIUM]","[PREMIUM]","[PREMIUM]",true,false,"['Limited or Obstructed View (printed on ticket)']","2026-09-22 14:18:51"
"14150103949","2026-09-23 23:41:38.866","2026-09-23 23:41:38.866","14150103949","160427051","[PREMIUM]","[PREMIUM]","226","21","1_2","1","2",2,"[2]",3831,"Terrace Corner",10,"Mobile Transfer ticket",1,"[PREMIUM]","[PREMIUM]","[PREMIUM]","[PREMIUM]",true,false,"['Limited or Obstructed View (printed on ticket)']","2026-09-23 03:43:30"
"14161754193","2026-09-23 23:41:38.866","2026-09-23 23:41:38.866","14161754193","160427051","[PREMIUM]","[PREMIUM]","225","19","3_10","3","10",8,"[1,2,3,4,5,6,8]",7046,"Terrace Sideline",10,"Mobile Transfer ticket",1,"[PREMIUM]","[PREMIUM]","[PREMIUM]","[PREMIUM]",true,false,"['Limited or Obstructed View (printed on ticket)']","2026-09-23 22:27:48"
"14161754187","2026-09-23 23:41:38.866","2026-09-23 23:41:38.866","14161754187","160427051","[PREMIUM]","[PREMIUM]","218","16","5_9","5","9",5,"[1,2,3,5]",7046,"Terrace Sideline",10,"Mobile Transfer ticket",1,"[PREMIUM]","[PREMIUM]","[PREMIUM]","[PREMIUM]",true,false,"['Limited or Obstructed View (printed on ticket)']","2026-09-23 22:27:48"
"14162560523","2026-09-23 23:41:38.866","2026-09-23 23:41:38.866","14162560523","160427051","[PREMIUM]","[PREMIUM]","225","16","1_8","1","8",8,"[1,2,3,4,5,6,8]",7046,"Terrace Sideline",10,"Mobile Transfer ticket",1,"[PREMIUM]","[PREMIUM]","[PREMIUM]","[PREMIUM]",true,false,"['Limited or Obstructed View (printed on ticket)']","2026-09-23 23:40:43"
"14138225240","2026-09-23 23:41:38.646","2026-09-23 23:41:38.646","14138225240","160427051","[PREMIUM]","[PREMIUM]","218","20","3_10","3","10",8,"[1,2,3,4,5,6,8]",7046,"Terrace Sideline",10,"Mobile Transfer ticket",1,"[PREMIUM]","[PREMIUM]","[PREMIUM]","[PREMIUM]",true,false,"['Limited or Obstructed View (printed on ticket)']","2026-09-22 12:23:17"
"14147378973","2026-09-23 23:41:38.646","2026-09-23 23:41:38.646","14147378973","160427051","[PREMIUM]","[PREMIUM]","218","22","19_24","19","24",6,"[1,2,3,4,6]",7046,"Terrace Sideline",10,"Mobile Transfer ticket",1,"[PREMIUM]","[PREMIUM]","[PREMIUM]","[PREMIUM]",true,false,"['Limited or Obstructed View (printed on ticket)']","2026-09-22 23:43:20"
"14150103902","2026-09-23 23:41:38.646","2026-09-23 23:41:38.646","14150103902","160427051","[PREMIUM]","[PREMIUM]","218","21","23_24","23","24",2,"[2]",7046,"Terrace Sideline",10,"Mobile Transfer ticket",1,"[PREMIUM]","[PREMIUM]","[PREMIUM]","[PREMIUM]",true,false,"['Limited or Obstructed View (printed on ticket)']","2026-09-23 03:43:28"
"14160993488","2026-09-23 23:41:38.646","2026-09-23 23:41:38.646","14160993488","160427051","[PREMIUM]","[PREMIUM]","225","21","1_6","1","6",6,"[1,2,3,4,6]",7046,"Terrace Sideline",10,"Mobile Transfer ticket",1,"[PREMIUM]","[PREMIUM]","[PREMIUM]","[PREMIUM]",true,false,"['Limited or Obstructed View (printed on ticket)']","2026-09-23 21:34:01"
"14161754388","2026-09-23 23:41:38.646","2026-09-23 23:41:38.646","14161754388","160427051","[PREMIUM]","[PREMIUM]","214","14","27_32","27","32",6,"[1,2,3,4,6]",3831,"Terrace Corner",10,"Mobile Transfer ticket",1,"[PREMIUM]","[PREMIUM]","[PREMIUM]","[PREMIUM]",true,false,"['Limited or Obstructed View (printed on ticket)']","2026-09-23 22:27:48"
"14132041629","2026-09-23 23:41:38.346","2026-09-23 23:41:38.346","14132041629","160427051","[PREMIUM]","[PREMIUM]","218","23","3_7","3","7",5,"[1,2,3,5]",7046,"Terrace Sideline",10,"Mobile Transfer ticket",1,"[PREMIUM]","[PREMIUM]","[PREMIUM]","[PREMIUM]",true,false,"['Limited or Obstructed View (printed on ticket)']","2026-09-22 01:23:50"
"14141651757","2026-09-23 23:41:38.346","2026-09-23 23:41:38.346","14141651757","160427051","[PREMIUM]","[PREMIUM]","217","21","19_24","19","24",6,"[1,2,3,4,6]",3831,"Terrace Corner",10,"Mobile Transfer ticket",1,"[PREMIUM]","[PREMIUM]","[PREMIUM]","[PREMIUM]",true,false,"['Limited or Obstructed View (printed on ticket)']","2026-09-22 17:10:41"
"14150103909","2026-09-23 23:41:38.346","2026-09-24 22:31:44.361","14150103909","160427051","[PREMIUM]","[PREMIUM]","217","22","23_24","23","24",2,"[2]",3831,"Terrace Corner",10,"Mobile Transfer ticket",1,"[PREMIUM]","[PREMIUM]","[PREMIUM]","[PREMIUM]",true,false,"['Limited or Obstructed View (printed on ticket)']","2026-09-23 03:43:29"
"14155343752","2026-09-23 23:41:38.346","2026-09-23 23:41:38.346","14155343752","160427051","[PREMIUM]","[PREMIUM]","224","20","9_10","9","10",2,"[2]",7046,"Terrace Sideline",10,"Mobile Transfer ticket",1,"[PREMIUM]","[PREMIUM]","[PREMIUM]","[PREMIUM]",true,false,"['Limited or Obstructed View (printed on ticket)']","2026-09-23 13:42:55"
"14157119531","2026-09-23 23:41:38.346","2026-09-23 23:41:38.346","14157119531","160427051","[PREMIUM]","[PREMIUM]","228","15","17_20","17","20",4,"[1,2,4]",3831,"Terrace Corner",10,"Mobile Transfer ticket",1,"[PREMIUM]","[PREMIUM]","[PREMIUM]","[PREMIUM]",true,false,"['Limited or Obstructed View (printed on ticket)']","2026-09-23 16:11:24"
"14148473636","2026-09-23 23:41:38.094","2026-09-23 23:41:38.094","14148473636","160427051","[PREMIUM]","[PREMIUM]","217","16","12_13","12","13",2,"[2]",3831,"Terrace Corner",10,"Mobile Transfer ticket",1,"[PREMIUM]","[PREMIUM]","[PREMIUM]","[PREMIUM]",true,false,"['Limited or Obstructed View (printed on ticket)']","2026-09-23 00:57:39"
"14149154513","2026-09-23 23:41:38.094","2026-09-23 23:41:38.094","14149154513","160427051","[PREMIUM]","[PREMIUM]","227","15","1_7","1","7",7,"[1,2,3,4,5,7]",3831,"Terrace Corner",10,"Mobile Transfer ticket",1,"[PREMIUM]","[PREMIUM]","[PREMIUM]","[PREMIUM]",true,false,"['Limited or Obstructed View (printed on ticket)']","2026-09-23 01:55:21"
"14159895826","2026-09-23 23:41:38.094","2026-09-23 23:41:38.094","14159895826","160427051","[PREMIUM]","[PREMIUM]","227","14","24_29","24","29",6,"[1,2,3,4,6]",3831,"Terrace Corner",10,"Mobile Transfer ticket",1,"[PREMIUM]","[PREMIUM]","[PREMIUM]","[PREMIUM]",true,false,"['Limited or Obstructed View (printed on ticket)']","2026-09-23 20:05:21"
