"_primaryKey","_firstSeenAt","_lastSeenAt","listingId","eventId","price","faceValue","section","row","seat","seatFrom","seatTo","quantity","availableQuantities","ticketClass","ticketClassName","ticketTypeId","ticketTypeName","listingTypeId","starRating","dealScore","discount","seatQualityScore","isSeatedTogether","isSpeculativeRow","listingNotes","createdAt"
"13737888461","2026-08-20 23:59:59.717","2026-08-21 23:12:10.778","13737888461","160418318","[PREMIUM]","[PREMIUM]","347","28","_",,,2,"[1,2]",407,"Upper",10,"Mobile Transfer ticket",1,"[PREMIUM]","[PREMIUM]","[PREMIUM]","[PREMIUM]",true,false,"['Clear view']","2026-08-20 15:19:03"
"13743286271","2026-08-20 23:59:59.080","2026-08-20 23:59:59.080","13743286271","160426598","[PREMIUM]","[PREMIUM]","122","8","_",,,2,"[2]",835,"Hall of Fame",10,"Mobile Transfer ticket",1,"[PREMIUM]","[PREMIUM]","[PREMIUM]","[PREMIUM]",true,false,"['Front Row of Section','Clear view']","2026-08-20 21:40:56"
"13745533448","2026-08-20 23:59:59.080","2026-08-20 23:59:59.080","13745533448","160426598","[PREMIUM]","[PREMIUM]","102","3","_",,,4,"[1,2,4]",835,"Hall of Fame",10,"Mobile Transfer ticket",1,"[PREMIUM]","[PREMIUM]","[PREMIUM]","[PREMIUM]",true,false,"['Third Row of Section','Clear view']","2026-08-20 23:38:41"
"13734486715","2026-08-20 23:59:58.239","2026-08-30 22:33:01.659","13734486715","160417240","[PREMIUM]","[PREMIUM]","125","21","_",,,2,"[2]",594,"Lower",10,"Mobile Transfer ticket",1,"[PREMIUM]","[PREMIUM]","[PREMIUM]","[PREMIUM]",true,false,"['Clear view']","2026-08-20 09:07:07"
"13739598883","2026-08-20 23:59:36.296","2026-08-20 23:59:36.296","13739598883","160426598","[PREMIUM]","[PREMIUM]","C336","2","_",,,2,"[2]",8380,"Club Mezzanine",10,"Mobile Transfer ticket",1,"[PREMIUM]","[PREMIUM]","[PREMIUM]","[PREMIUM]",true,false,"['Second Row of Section','Clear view']","2026-08-20 16:58:13"
"13744549963","2026-08-20 23:59:36.167","2026-08-20 23:59:36.167","13744549963","160426599","[PREMIUM]","[PREMIUM]","224","1","_",,,8,"[2,4,6,8]",4107,"Main",10,"Mobile Transfer ticket",1,"[PREMIUM]","[PREMIUM]","[PREMIUM]","[PREMIUM]",true,false,"['Front Row of Section','Clear view']","2026-08-20 22:53:26"
"13712811495","2026-08-20 23:59:34.005","2026-08-20 23:59:34.005","13712811495","160426598","[PREMIUM]","[PREMIUM]","C307","7","9001_9004","9001",,4,"[2,4]",8380,"Club Mezzanine",11,"Mobile ticket",1,"[PREMIUM]","[PREMIUM]","[PREMIUM]","[PREMIUM]",true,false,"['Clear view']","2026-08-18 09:23:15"
"13740805967","2026-08-20 23:59:33.645","2026-08-20 23:59:33.645","13740805967","160426598","[PREMIUM]","[PREMIUM]","129","2","9001_9002","9001",,2,"[2]",835,"Hall of Fame",10,"Mobile Transfer ticket",13,"[PREMIUM]","[PREMIUM]","[PREMIUM]","[PREMIUM]",true,false,"['Second Row of Section','Clear view']","2026-08-20 18:04:01"
"13730993050","2026-08-20 23:59:33.265","2026-08-20 23:59:33.265","13730993050","160426598","[PREMIUM]","[PREMIUM]","C337","2","9001_9004","9001",,4,"[2,4]",8380,"Club Mezzanine",11,"Mobile ticket",1,"[PREMIUM]","[PREMIUM]","[PREMIUM]","[PREMIUM]",true,false,"['Second Row of Section','Clear view']","2026-08-20 01:03:29"
"13739673188","2026-08-20 23:59:33.265","2026-08-20 23:59:33.265","13739673188","160426598","[PREMIUM]","[PREMIUM]","C309","8","_",,,2,"[2]",8380,"Club Mezzanine",10,"Mobile Transfer ticket",1,"[PREMIUM]","[PREMIUM]","[PREMIUM]","[PREMIUM]",true,false,"['Clear view']","2026-08-20 17:00:51"
"13741475519","2026-08-20 23:59:32.594","2026-08-31 22:29:38.314","13741475519","160417240","[PREMIUM]","[PREMIUM]","307","3","9001_9002","9001",,2,"[2]",407,"Upper",11,"Mobile ticket",1,"[PREMIUM]","[PREMIUM]","[PREMIUM]","[PREMIUM]",true,false,"['Third Row of Section','Clear view']","2026-08-20 19:02:08"
"13740684778","2026-08-20 23:59:32.594","2026-09-02 22:26:16.518","13740684778","160417240","[PREMIUM]","[PREMIUM]","355","5","4_5","4",,2,"[2]",407,"Upper",10,"Mobile Transfer ticket",14,"[PREMIUM]","[PREMIUM]","[PREMIUM]","[PREMIUM]",true,false,"['Second Row of Section','Clear view']","2026-08-20 17:55:23"
"13734486690","2026-08-20 23:59:32.249","2026-09-02 22:26:52.211","13734486690","160417240","[PREMIUM]","[PREMIUM]","316","13","_",,,11,"[1,2,3,4,5,6,7,8,9,11]",407,"Upper",10,"Mobile Transfer ticket",1,"[PREMIUM]","[PREMIUM]","[PREMIUM]","[PREMIUM]",true,false,"['Clear view']","2026-08-20 09:07:07"
"13734485566","2026-08-20 23:59:32.249","2026-09-02 22:26:52.211","13734485566","160417240","[PREMIUM]","[PREMIUM]","316","12","_",,,8,"[1,2,3,4,5,6,8]",407,"Upper",10,"Mobile Transfer ticket",1,"[PREMIUM]","[PREMIUM]","[PREMIUM]","[PREMIUM]",true,false,"['Clear view']","2026-08-20 09:06:58"
"13734484829","2026-08-20 23:59:32.249","2026-09-02 22:26:52.211","13734484829","160417240","[PREMIUM]","[PREMIUM]","316","11","_",,,6,"[1,2,3,4,6]",407,"Upper",10,"Mobile Transfer ticket",1,"[PREMIUM]","[PREMIUM]","[PREMIUM]","[PREMIUM]",true,false,"['Clear view']","2026-08-20 09:06:53"
"13734485009","2026-08-20 23:59:32.249","2026-09-01 22:34:10.653","13734485009","160417240","[PREMIUM]","[PREMIUM]","316","14","_",,,4,"[1,2,4]",407,"Upper",10,"Mobile Transfer ticket",1,"[PREMIUM]","[PREMIUM]","[PREMIUM]","[PREMIUM]",true,false,"['Clear view']","2026-08-20 09:06:54"
"13727521129","2026-08-20 23:59:31.558","2026-08-21 23:12:25.506","13727521129","160417240","[PREMIUM]","[PREMIUM]","334","7","9001_9003","9001",,3,"[3]",407,"Upper",10,"Mobile Transfer ticket",13,"[PREMIUM]","[PREMIUM]","[PREMIUM]","[PREMIUM]",true,false,"['Clear view']","2026-08-19 18:43:45"
"13734696548","2026-08-20 23:59:31.264","2026-08-29 22:33:26.330","13734696548","160417240","[PREMIUM]","[PREMIUM]","302","7","9001_9002","9001",,2,"[2]",407,"Upper",11,"Mobile ticket",1,"[PREMIUM]","[PREMIUM]","[PREMIUM]","[PREMIUM]",true,false,"['Clear view']","2026-08-20 09:40:30"
"13734694150","2026-08-20 23:59:31.264","2026-08-29 22:33:26.351","13734694150","160417240","[PREMIUM]","[PREMIUM]","341","10","9001_9002","9001",,2,"[2]",407,"Upper",11,"Mobile ticket",1,"[PREMIUM]","[PREMIUM]","[PREMIUM]","[PREMIUM]",true,false,"['Clear view']","2026-08-20 09:39:53"
"13736232413","2026-08-20 23:59:30.856","2026-08-21 23:12:25.469","13736232413","160417240","[PREMIUM]","[PREMIUM]","345",,"_",,,2,"[2]",407,"Upper",10,"Mobile Transfer ticket",1,"[PREMIUM]","[PREMIUM]","[PREMIUM]","[PREMIUM]",true,true,"['Clear view']","2026-08-20 13:12:51"
"13734482463","2026-08-20 23:59:30.531","2026-08-21 23:12:23.737","13734482463","160417240","[PREMIUM]","[PREMIUM]","317","12","_",,,4,"[1,2,4]",407,"Upper",10,"Mobile Transfer ticket",1,"[PREMIUM]","[PREMIUM]","[PREMIUM]","[PREMIUM]",true,false,"['Clear view']","2026-08-20 09:06:22"
"12691546072","2026-08-20 23:59:29.994","2026-09-02 22:33:09.400","12691546072","160426598","[PREMIUM]","[PREMIUM]","C107","5","9_9","9",,1,"[1]",8378,"Club Hall of Fame",10,"Mobile Transfer ticket",1,"[PREMIUM]","[PREMIUM]","[PREMIUM]","[PREMIUM]",false,false,"['Clear view']","2026-05-15 00:58:05"
"13715903870","2026-08-20 23:59:29.994","2026-08-23 22:30:03.702","13715903870","160426598","[PREMIUM]","[PREMIUM]","C137","22","1_1","1",,1,"[1]",8378,"Club Hall of Fame",10,"Mobile Transfer ticket",1,"[PREMIUM]","[PREMIUM]","[PREMIUM]","[PREMIUM]",false,false,"['Clear view']","2026-08-18 17:07:57"
"13739596046","2026-08-20 23:59:29.994","2026-08-20 23:59:29.994","13739596046","160426598","[PREMIUM]","[PREMIUM]","C335","9","_",,,2,"[2]",8380,"Club Mezzanine",10,"Mobile Transfer ticket",1,"[PREMIUM]","[PREMIUM]","[PREMIUM]","[PREMIUM]",true,false,"['Clear view']","2026-08-20 16:58:07"
"13744191767","2026-08-20 23:59:28.085","2026-08-20 23:59:28.085","13744191767","160426599","[PREMIUM]","[PREMIUM]","C333","2","9001_9002","9001",,2,"[2]",8380,"Club Mezzanine",10,"Mobile Transfer ticket",13,"[PREMIUM]","[PREMIUM]","[PREMIUM]","[PREMIUM]",true,false,"['Second Row of Section','Clear view']","2026-08-20 22:39:55"
"13712821101","2026-08-20 23:59:27.357","2026-08-20 23:59:27.357","13712821101","160426598","[PREMIUM]","[PREMIUM]","145","4","9001_9002","9001",,2,"[2]",835,"Hall of Fame",11,"Mobile ticket",1,"[PREMIUM]","[PREMIUM]","[PREMIUM]","[PREMIUM]",true,false,"['Front Row of Section','Clear view']","2026-08-18 09:26:08"
"13744995140","2026-08-20 23:59:27.210","2026-08-20 23:59:27.210","13744995140","160426598","[PREMIUM]","[PREMIUM]","126","3","_",,,6,"[2,4,6]",835,"Hall of Fame",10,"Mobile Transfer ticket",1,"[PREMIUM]","[PREMIUM]","[PREMIUM]","[PREMIUM]",true,false,"['Third Row of Section','Clear view']","2026-08-20 23:16:53"
"13739598907","2026-08-20 23:59:27.136","2026-08-20 23:59:27.136","13739598907","160426598","[PREMIUM]","[PREMIUM]","C206","6","_",,,2,"[2]",8379,"Club Main",10,"Mobile Transfer ticket",1,"[PREMIUM]","[PREMIUM]","[PREMIUM]","[PREMIUM]",true,false,"['Clear view']","2026-08-20 16:58:13"
"13707550416","2026-08-20 23:59:26.108","2026-08-23 22:30:01.822","13707550416","160426598","[PREMIUM]","[PREMIUM]","413","1","_",,,2,"[2]",478,"Loge",10,"Mobile Transfer ticket",1,"[PREMIUM]","[PREMIUM]","[PREMIUM]","[PREMIUM]",true,false,"['Front Row of Section','Clear view']","2026-08-17 20:54:22"
"12707705299","2026-08-20 23:59:26.071","2026-08-20 23:59:26.071","12707705299","160426598","[PREMIUM]","[PREMIUM]","C138","22","_",,,2,"[2]",8378,"Club Hall of Fame",10,"Mobile Transfer ticket",1,"[PREMIUM]","[PREMIUM]","[PREMIUM]","[PREMIUM]",true,false,"['Clear view']","2026-05-16 08:02:34"
"13739599070","2026-08-20 23:59:26.071","2026-08-20 23:59:26.071","13739599070","160426598","[PREMIUM]","[PREMIUM]","C312","13","_",,,2,"[2]",8380,"Club Mezzanine",10,"Mobile Transfer ticket",1,"[PREMIUM]","[PREMIUM]","[PREMIUM]","[PREMIUM]",true,false,"['Clear view']","2026-08-20 16:58:13"
"12691548603","2026-08-20 23:59:25.920","2026-08-30 22:37:44.872","12691548603","160426598","[PREMIUM]","[PREMIUM]","C107","11","15_16","15",,2,"[2]",8378,"Club Hall of Fame",10,"Mobile Transfer ticket",1,"[PREMIUM]","[PREMIUM]","[PREMIUM]","[PREMIUM]",true,false,"['Clear view']","2026-05-15 00:58:15"
"13744923190","2026-08-20 23:59:25.920","2026-08-30 22:37:44.872","13744923190","160426598","[PREMIUM]","[PREMIUM]","216","1","_",,,5,"[1,2,3,5]",4107,"Main",10,"Mobile Transfer ticket",1,"[PREMIUM]","[PREMIUM]","[PREMIUM]","[PREMIUM]",true,false,"['Front Row of Section','Clear view']","2026-08-20 23:12:31"
"13734486611","2026-08-20 23:59:25.915","2026-08-26 22:34:35.798","13734486611","160417240","[PREMIUM]","[PREMIUM]","317","13","_",,,3,"[1,3]",407,"Upper",10,"Mobile Transfer ticket",1,"[PREMIUM]","[PREMIUM]","[PREMIUM]","[PREMIUM]",true,false,"['Clear view']","2026-08-20 09:07:06"
"13657952881","2026-08-20 23:59:24.634","2026-08-20 23:59:24.634","13657952881","160426599","[PREMIUM]","[PREMIUM]","148","8","9001_9002","9001",,2,"[2]",835,"Hall of Fame",10,"Mobile Transfer ticket",1,"[PREMIUM]","[PREMIUM]","[PREMIUM]","[PREMIUM]",true,false,"['Front Row of Section','Clear view']","2026-08-13 09:50:55"
"13739151616","2026-08-20 23:59:24.634","2026-08-20 23:59:35.806","13739151616","160426599","[PREMIUM]","[PREMIUM]","129","2","9001_9002","9001",,2,"[2]",835,"Hall of Fame",10,"Mobile Transfer ticket",13,"[PREMIUM]","[PREMIUM]","[PREMIUM]","[PREMIUM]",true,false,"['Second Row of Section','Clear view']","2026-08-20 16:35:25"
"13737955638","2026-08-20 23:59:24.334","2026-08-20 23:59:36.678","13737955638","160426599","[PREMIUM]","[PREMIUM]","C206","6","_",,,2,"[2]",8379,"Club Main",10,"Mobile Transfer ticket",1,"[PREMIUM]","[PREMIUM]","[PREMIUM]","[PREMIUM]",true,false,"['Clear view']","2026-08-20 15:22:57"
"13737888082","2026-08-20 23:59:24.334","2026-09-02 22:32:09.665","13737888082","160426599","[PREMIUM]","[PREMIUM]","C138","11","3_4","3",,2,"[2]",8378,"Club Hall of Fame",10,"Mobile Transfer ticket",14,"[PREMIUM]","[PREMIUM]","[PREMIUM]","[PREMIUM]",true,false,"['Access to private club and restrooms','Private entrance & restrooms','Clear view']","2026-08-20 15:19:00"
"13706769461","2026-08-20 23:59:23.969","2026-08-30 22:37:46.697","13706769461","160426599","[PREMIUM]","[PREMIUM]","C106","22","_",,,4,"[2,4]",8378,"Club Hall of Fame",10,"Mobile Transfer ticket",1,"[PREMIUM]","[PREMIUM]","[PREMIUM]","[PREMIUM]",true,false,"['Clear view']","2026-08-17 19:49:01"
"13581519184","2026-08-20 23:59:23.916","2026-08-29 22:38:33.189","13581519184","160426599","[PREMIUM]","[PREMIUM]","C212","9","17_18","17",,2,"[2]",8379,"Club Main",10,"Mobile Transfer ticket",1,"[PREMIUM]","[PREMIUM]","[PREMIUM]","[PREMIUM]",true,false,"['Clear view']","2026-08-05 06:41:37"
"13739673577","2026-08-20 23:59:23.606","2026-08-20 23:59:23.606","13739673577","160426598","[PREMIUM]","[PREMIUM]","119","7","_",,,2,"[2]",835,"Hall of Fame",10,"Mobile Transfer ticket",1,"[PREMIUM]","[PREMIUM]","[PREMIUM]","[PREMIUM]",true,false,"['Clear view']","2026-08-20 17:00:52"
"13742587199","2026-08-20 23:59:23.596","2026-08-20 23:59:23.596","13742587199","160426598","[PREMIUM]","[PREMIUM]","204","1","_",,,2,"[2]",4107,"Main",10,"Mobile Transfer ticket",1,"[PREMIUM]","[PREMIUM]","[PREMIUM]","[PREMIUM]",true,false,"['Front Row of Section','Clear view']","2026-08-20 20:39:28"
"13531724906","2026-08-20 23:59:23.513","2026-08-25 22:32:40.476","13531724906","160426598","[PREMIUM]","[PREMIUM]","128","3","16_21","16",,6,"[1,2,3,4,6]",835,"Hall of Fame",10,"Mobile Transfer ticket",1,"[PREMIUM]","[PREMIUM]","[PREMIUM]","[PREMIUM]",true,false,"['Third Row of Section','Clear view']","2026-07-31 21:48:21"
"13744951661","2026-08-20 23:59:23.452","2026-08-20 23:59:23.452","13744951661","160426598","[PREMIUM]","[PREMIUM]","120","7","_",,,2,"[2]",835,"Hall of Fame",10,"Mobile Transfer ticket",1,"[PREMIUM]","[PREMIUM]","[PREMIUM]","[PREMIUM]",true,false,"['Clear view']","2026-08-20 23:13:32"
"13717054349","2026-08-20 23:59:23.212","2026-09-01 22:36:52.628","13717054349","160426598","[PREMIUM]","[PREMIUM]","129","7","1_6","1",,6,"[1,2,3,4,6]",835,"Hall of Fame",10,"Mobile Transfer ticket",1,"[PREMIUM]","[PREMIUM]","[PREMIUM]","[PREMIUM]",true,false,"['Clear view']","2026-08-18 19:17:50"
"13730544635","2026-08-20 23:59:23.212","2026-08-20 23:59:23.212","13730544635","160426598","[PREMIUM]","[PREMIUM]","147","9","9001_9002","9001",,2,"[2]",835,"Hall of Fame",11,"Mobile ticket",1,"[PREMIUM]","[PREMIUM]","[PREMIUM]","[PREMIUM]",true,false,"['Second Row of Section','Clear view']","2026-08-20 00:16:31"
"13742581766","2026-08-20 23:59:23.212","2026-08-20 23:59:23.212","13742581766","160426598","[PREMIUM]","[PREMIUM]","222","1","_",,,2,"[2]",4107,"Main",10,"Mobile Transfer ticket",1,"[PREMIUM]","[PREMIUM]","[PREMIUM]","[PREMIUM]",true,false,"['Front Row of Section','Clear view']","2026-08-20 20:39:04"
"13736495845","2026-08-20 23:59:22.459","2026-08-20 23:59:22.459","13736495845","160426599","[PREMIUM]","[PREMIUM]","126","2","9001_9002","9001",,2,"[2]",835,"Hall of Fame",10,"Mobile Transfer ticket",13,"[PREMIUM]","[PREMIUM]","[PREMIUM]","[PREMIUM]",true,false,"['Second Row of Section','Clear view']","2026-08-20 13:42:46"
"13737888144","2026-08-20 23:59:22.459","2026-09-02 22:32:10.738","13737888144","160426599","[PREMIUM]","[PREMIUM]","C138","13","11_12","11",,2,"[2]",8378,"Club Hall of Fame",10,"Mobile Transfer ticket",14,"[PREMIUM]","[PREMIUM]","[PREMIUM]","[PREMIUM]",true,false,"['Access to private club and restrooms','Private entrance & restrooms','Clear view']","2026-08-20 15:19:00"
"13743983810","2026-08-20 23:59:22.382","2026-08-20 23:59:22.382","13743983810","160426599","[PREMIUM]","[PREMIUM]","150","10","_",,,2,"[2]",835,"Hall of Fame",10,"Mobile Transfer ticket",1,"[PREMIUM]","[PREMIUM]","[PREMIUM]","[PREMIUM]",true,false,"['Third Row of Section','Clear view']","2026-08-20 22:28:23"
"13745359464","2026-08-20 23:59:22.071","2026-08-20 23:59:22.071","13745359464","160426599","[PREMIUM]","[PREMIUM]","145","4","_",,,2,"[2]",835,"Hall of Fame",10,"Mobile Transfer ticket",1,"[PREMIUM]","[PREMIUM]","[PREMIUM]","[PREMIUM]",true,false,"['Front Row of Section','Clear view']","2026-08-20 23:28:39"
"13656184460","2026-08-20 23:59:21.976","2026-08-21 00:00:01.920","13656184460","160426599","[PREMIUM]","[PREMIUM]","146","7","9001_9002","9001",,2,"[2]",835,"Hall of Fame",10,"Mobile Transfer ticket",1,"[PREMIUM]","[PREMIUM]","[PREMIUM]","[PREMIUM]",true,false,"['Clear view']","2026-08-13 06:00:49"
"13546118962","2026-08-20 23:59:21.714","2026-09-02 22:32:05.717","13546118962","160426599","[PREMIUM]","[PREMIUM]","215","10","9_12","9",,4,"[1,2,4]",4107,"Main",10,"Mobile Transfer ticket",1,"[PREMIUM]","[PREMIUM]","[PREMIUM]","[PREMIUM]",true,false,"['Clear view']","2026-08-02 07:43:26"
"13739597123","2026-08-20 23:59:21.626","2026-08-20 23:59:21.626","13739597123","160426598","[PREMIUM]","[PREMIUM]","149","9","_",,,4,"[4]",835,"Hall of Fame",10,"Mobile Transfer ticket",1,"[PREMIUM]","[PREMIUM]","[PREMIUM]","[PREMIUM]",true,false,"['Second Row of Section','Clear view']","2026-08-20 16:58:09"
"13739549699","2026-08-20 23:59:21.247","2026-08-20 23:59:21.247","13739549699","160426598","[PREMIUM]","[PREMIUM]","146","7","_",,,2,"[2]",835,"Hall of Fame",10,"Mobile Transfer ticket",1,"[PREMIUM]","[PREMIUM]","[PREMIUM]","[PREMIUM]",true,false,"['Clear view']","2026-08-20 16:56:28"
"13726033173","2026-08-20 23:59:20.988","2026-09-02 22:33:03.645","13726033173","160426598","[PREMIUM]","[PREMIUM]","143","5","13_14","13",,2,"[2]",835,"Hall of Fame",10,"Mobile Transfer ticket",1,"[PREMIUM]","[PREMIUM]","[PREMIUM]","[PREMIUM]",true,false,"['Clear view']","2026-08-19 16:14:33"
"13739596141","2026-08-20 23:59:20.977","2026-08-20 23:59:20.977","13739596141","160426598","[PREMIUM]","[PREMIUM]","145","8","_",,,2,"[2]",835,"Hall of Fame",10,"Mobile Transfer ticket",1,"[PREMIUM]","[PREMIUM]","[PREMIUM]","[PREMIUM]",true,false,"['Clear view']","2026-08-20 16:58:07"
"13744275507","2026-08-20 23:59:20.977","2026-09-02 22:33:03.337","13744275507","160426598","[PREMIUM]","[PREMIUM]","146","12","_",,,4,"[4]",835,"Hall of Fame",10,"Mobile Transfer ticket",1,"[PREMIUM]","[PREMIUM]","[PREMIUM]","[PREMIUM]",true,false,"['Clear view']","2026-08-20 22:42:46"
"13704646759","2026-08-20 23:59:20.583","2026-08-23 22:26:42.856","13704646759","160417240","[PREMIUM]","[PREMIUM]","350","22","_",,,4,"[1,2,4]",407,"Upper",10,"Mobile Transfer ticket",1,"[PREMIUM]","[PREMIUM]","[PREMIUM]","[PREMIUM]",true,false,"['Clear view']","2026-08-17 16:43:45"
"13735319338","2026-08-20 23:59:20.480","2026-08-20 23:59:20.480","13735319338","160426598","[PREMIUM]","[PREMIUM]","230","3","1001_1004","1001","1004",4,"[1,2,4]",4107,"Main",10,"Mobile Transfer ticket",1,"[PREMIUM]","[PREMIUM]","[PREMIUM]","[PREMIUM]",true,false,"['Third Row of Section','Clear view']","2026-08-20 11:05:18"
"13734486717","2026-08-20 23:59:20.466","2026-09-02 22:26:43.125","13734486717","160417240","[PREMIUM]","[PREMIUM]","324","13","_",,,2,"[2]",407,"Upper",10,"Mobile Transfer ticket",1,"[PREMIUM]","[PREMIUM]","[PREMIUM]","[PREMIUM]",true,false,"['Clear view']","2026-08-20 09:07:07"
"13734486616","2026-08-20 23:59:20.466","2026-09-02 22:26:43.125","13734486616","160417240","[PREMIUM]","[PREMIUM]","324","12","_",,,2,"[2]",407,"Upper",10,"Mobile Transfer ticket",1,"[PREMIUM]","[PREMIUM]","[PREMIUM]","[PREMIUM]",true,false,"['Clear view']","2026-08-20 09:07:06"
"13734486288","2026-08-20 23:59:20.466","2026-09-02 22:26:43.125","13734486288","160417240","[PREMIUM]","[PREMIUM]","327","10","_",,,4,"[1,2,4]",407,"Upper",10,"Mobile Transfer ticket",1,"[PREMIUM]","[PREMIUM]","[PREMIUM]","[PREMIUM]",true,false,"['Clear view']","2026-08-20 09:07:03"
"13734485391","2026-08-20 23:59:20.466","2026-09-02 22:26:43.125","13734485391","160417240","[PREMIUM]","[PREMIUM]","355","13","_",,,4,"[1,2,4]",407,"Upper",10,"Mobile Transfer ticket",1,"[PREMIUM]","[PREMIUM]","[PREMIUM]","[PREMIUM]",true,false,"['Clear view']","2026-08-20 09:06:57"
"13734485390","2026-08-20 23:59:20.466","2026-09-02 22:26:43.393","13734485390","160417240","[PREMIUM]","[PREMIUM]","355","12","_",,,2,"[2]",407,"Upper",10,"Mobile Transfer ticket",1,"[PREMIUM]","[PREMIUM]","[PREMIUM]","[PREMIUM]",true,false,"['Clear view']","2026-08-20 09:06:57"
"13423930318","2026-08-20 23:59:19.893","2026-08-20 23:59:19.893","13423930318","160417240","[PREMIUM]","[PREMIUM]","322","30","_",,,4,"[2,4]",407,"Upper",10,"Mobile Transfer ticket",1,"[PREMIUM]","[PREMIUM]","[PREMIUM]","[PREMIUM]",true,false,"['Clear view']","2026-07-21 19:47:09"
"13706769484","2026-08-20 23:59:18.584","2026-08-20 23:59:18.584","13706769484","160426599","[PREMIUM]","[PREMIUM]","411","1","_",,,2,"[2]",478,"Loge",10,"Mobile Transfer ticket",1,"[PREMIUM]","[PREMIUM]","[PREMIUM]","[PREMIUM]",true,false,"['Front Row of Section','Clear view']","2026-08-17 19:49:01"
"13742992606","2026-08-20 23:59:18.439","2026-08-20 23:59:18.439","13742992606","160426599","[PREMIUM]","[PREMIUM]","411","9","_",,,2,"[2]",1706,"Upper Concourse",10,"Mobile Transfer ticket",1,"[PREMIUM]","[PREMIUM]","[PREMIUM]","[PREMIUM]",true,false,"['Clear view']","2026-08-20 21:14:57"
"13743247371","2026-08-20 23:59:18.439","2026-08-20 23:59:18.439","13743247371","160426599","[PREMIUM]","[PREMIUM]","204","5","9001_9002","9001",,2,"[2]",4107,"Main",10,"Mobile Transfer ticket",13,"[PREMIUM]","[PREMIUM]","[PREMIUM]","[PREMIUM]",true,false,"['Clear view']","2026-08-20 21:36:59"
"13743427151","2026-08-20 23:59:18.010","2026-08-20 23:59:18.010","13743427151","160426599","[PREMIUM]","[PREMIUM]","317","1","_",,,2,"[2]",507,"Mezzanine",10,"Mobile Transfer ticket",1,"[PREMIUM]","[PREMIUM]","[PREMIUM]","[PREMIUM]",true,false,"['Front Row of Section','Clear view']","2026-08-20 21:55:06"
"13740143050","2026-08-20 23:59:17.888","2026-08-20 23:59:17.888","13740143050","160426599","[PREMIUM]","[PREMIUM]","412","2","9001_9006","9001",,6,"[6]",478,"Loge",10,"Mobile Transfer ticket",13,"[PREMIUM]","[PREMIUM]","[PREMIUM]","[PREMIUM]",true,false,"['Second Row of Section','Clear view']","2026-08-20 17:25:48"
"13735319245","2026-08-20 23:59:17.538","2026-08-20 23:59:17.538","13735319245","160426598","[PREMIUM]","[PREMIUM]","129","21","1009_1011","1009","1011",3,"[1,3]",835,"Hall of Fame",10,"Mobile Transfer ticket",1,"[PREMIUM]","[PREMIUM]","[PREMIUM]","[PREMIUM]",true,false,"['Clear view']","2026-08-20 11:05:17"
"13739727318","2026-08-20 23:59:17.323","2026-08-20 23:59:17.323","13739727318","160426598","[PREMIUM]","[PREMIUM]","201","2","_",,,2,"[2]",4107,"Main",10,"Mobile Transfer ticket",1,"[PREMIUM]","[PREMIUM]","[PREMIUM]","[PREMIUM]",true,false,"['Second Row of Section','Clear view']","2026-08-20 17:03:37"
"13735318821","2026-08-20 23:59:17.189","2026-08-21 00:00:01.368","13735318821","160426598","[PREMIUM]","[PREMIUM]","103","16","1007_1008","1007","1008",2,"[2]",835,"Hall of Fame",10,"Mobile Transfer ticket",1,"[PREMIUM]","[PREMIUM]","[PREMIUM]","[PREMIUM]",true,false,"['Clear view']","2026-08-20 11:05:15"
"13735318888","2026-08-20 23:59:17.189","2026-08-20 23:59:17.189","13735318888","160426598","[PREMIUM]","[PREMIUM]","103","18","1007_1008","1007","1008",2,"[2]",835,"Hall of Fame",10,"Mobile Transfer ticket",1,"[PREMIUM]","[PREMIUM]","[PREMIUM]","[PREMIUM]",true,false,"['Clear view']","2026-08-20 11:05:15"
"13734478478","2026-08-20 23:59:17.184","2026-08-31 22:33:10.550","13734478478","160426598","[PREMIUM]","[PREMIUM]","241","2","_",,,4,"[1,2,4]",4107,"Main",10,"Mobile Transfer ticket",1,"[PREMIUM]","[PREMIUM]","[PREMIUM]","[PREMIUM]",true,false,"['Second Row of Section','Clear view']","2026-08-20 09:05:56"
"13735319190","2026-08-20 23:59:16.901","2026-08-20 23:59:16.901","13735319190","160426598","[PREMIUM]","[PREMIUM]","128","13","1021_1022","1021","1022",2,"[2]",835,"Hall of Fame",10,"Mobile Transfer ticket",1,"[PREMIUM]","[PREMIUM]","[PREMIUM]","[PREMIUM]",true,false,"['Clear view']","2026-08-20 11:05:16"
"13526078707","2026-08-20 23:59:16.890","2026-08-31 22:33:07.104","13526078707","160426598","[PREMIUM]","[PREMIUM]","144","10","18_19","18",,2,"[2]",835,"Hall of Fame",10,"Mobile Transfer ticket",1,"[PREMIUM]","[PREMIUM]","[PREMIUM]","[PREMIUM]",true,false,"['Clear view']","2026-07-31 04:29:10"
"13730309643","2026-08-20 23:59:16.890","2026-08-20 23:59:16.890","13730309643","160426598","[PREMIUM]","[PREMIUM]","202","4","9001_9004","9001",,4,"[2,4]",4107,"Main",11,"Mobile ticket",1,"[PREMIUM]","[PREMIUM]","[PREMIUM]","[PREMIUM]",true,false,"['Clear view']","2026-08-19 23:43:00"
"13744379823","2026-08-20 23:59:16.470","2026-08-20 23:59:16.470","13744379823","160426599","[PREMIUM]","[PREMIUM]","414","9","_",,,4,"[2,4]",1706,"Upper Concourse",10,"Mobile Transfer ticket",1,"[PREMIUM]","[PREMIUM]","[PREMIUM]","[PREMIUM]",true,false,"['Clear view']","2026-08-20 22:47:38"
"13734500698","2026-08-20 23:59:16.168","2026-09-01 22:36:45.429","13734500698","160426599","[PREMIUM]","[PREMIUM]","122","9","_",,,2,"[2]",835,"Hall of Fame",10,"Mobile Transfer ticket",1,"[PREMIUM]","[PREMIUM]","[PREMIUM]","[PREMIUM]",true,false,"['Second Row of Section','Clear view']","2026-08-20 09:09:33"
"13735325673","2026-08-20 23:59:16.141","2026-08-20 23:59:16.141","13735325673","160426599","[PREMIUM]","[PREMIUM]","203","1","1017_1017","1017","1017",1,"[1]",4107,"Main",10,"Mobile Transfer ticket",1,"[PREMIUM]","[PREMIUM]","[PREMIUM]","[PREMIUM]",false,false,"['Front Row of Section','Clear view']","2026-08-20 11:06:53"
"13726573361","2026-08-20 23:59:15.950","2026-08-31 22:33:09.654","13726573361","160426599","[PREMIUM]","[PREMIUM]","201","2","_",,,2,"[2]",4107,"Main",10,"Mobile Transfer ticket",1,"[PREMIUM]","[PREMIUM]","[PREMIUM]","[PREMIUM]",true,false,"['Second Row of Section','Clear view']","2026-08-19 17:03:04"
"13734478496","2026-08-20 23:59:15.834","2026-09-02 22:32:05.211","13734478496","160426599","[PREMIUM]","[PREMIUM]","241","2","_",,,4,"[1,2,4]",4107,"Main",10,"Mobile Transfer ticket",1,"[PREMIUM]","[PREMIUM]","[PREMIUM]","[PREMIUM]",true,false,"['Second Row of Section','Clear view']","2026-08-20 09:05:56"
"13679506426","2026-08-20 23:59:15.754","2026-08-21 23:14:25.070","13679506426","160418319","[PREMIUM]","[PREMIUM]","216","3","9001_9005","9001",,5,"[5]",1724,"Club",10,"Mobile Transfer ticket",1,"[PREMIUM]","[PREMIUM]","[PREMIUM]","[PREMIUM]",true,false,"['Third Row of Section','Clear view']","2026-08-15 01:09:11"
"13421655555","2026-08-20 23:59:15.550","2026-09-02 22:27:04.619","13421655555","160418319","[PREMIUM]","[PREMIUM]","118","1","_",,,5,"[5]",594,"Lower",10,"Mobile Transfer ticket",1,"[PREMIUM]","[PREMIUM]","[PREMIUM]","[PREMIUM]",true,false,"['Front Row of Section','Clear view']","2026-07-21 16:35:47"
"13713404753","2026-08-20 23:59:15.550","2026-08-20 23:59:15.550","13713404753","160418319","[PREMIUM]","[PREMIUM]","139","1","9001_9002","9001",,2,"[2]",594,"Lower",11,"Mobile ticket",1,"[PREMIUM]","[PREMIUM]","[PREMIUM]","[PREMIUM]",true,false,"['Front Row of Section','Clear view']","2026-08-18 11:22:26"
"13699662353","2026-08-20 23:59:15.513","2026-08-31 22:30:41.635","13699662353","160418319","[PREMIUM]","[PREMIUM]","236","3","_",,,2,"[2]",1724,"Club",10,"Mobile Transfer ticket",1,"[PREMIUM]","[PREMIUM]","[PREMIUM]","[PREMIUM]",true,false,"['Third Row of Section','Clear view']","2026-08-17 04:02:49"
"13654979392","2026-08-20 23:59:15.418","2026-09-02 22:27:04.619","13654979392","160418319","[PREMIUM]","[PREMIUM]","126","1","_",,,2,"[2]",594,"Lower",10,"Mobile Transfer ticket",1,"[PREMIUM]","[PREMIUM]","[PREMIUM]","[PREMIUM]",true,false,"['Front Row of Section','Clear view']","2026-08-13 04:02:32"
"13656748975","2026-08-20 23:59:15.418","2026-08-21 23:15:17.010","13656748975","160418319","[PREMIUM]","[PREMIUM]","110","4","_",,,2,"[2]",594,"Lower",10,"Mobile Transfer ticket",1,"[PREMIUM]","[PREMIUM]","[PREMIUM]","[PREMIUM]",true,false,"['Clear view']","2026-08-13 07:23:39"
"13741438731","2026-08-20 23:59:15.418","2026-09-02 22:27:04.619","13741438731","160418319","[PREMIUM]","[PREMIUM]","201","1","_",,,2,"[2]",1724,"Club",10,"Mobile Transfer ticket",1,"[PREMIUM]","[PREMIUM]","[PREMIUM]","[PREMIUM]",true,false,"['Front Row of Section','Clear view']","2026-08-20 18:58:21"
"13662791378","2026-08-20 23:59:15.368","2026-08-27 22:26:18.786","13662791378","160418319","[PREMIUM]","[PREMIUM]","241","7","_",,,1,"[1]",1724,"Club",10,"Mobile Transfer ticket",1,"[PREMIUM]","[PREMIUM]","[PREMIUM]","[PREMIUM]",false,false,"['Clear view']","2026-08-13 17:54:24"
"13688623939","2026-08-20 23:59:15.311","2026-08-27 22:26:18.786","13688623939","160418319","[PREMIUM]","[PREMIUM]","156","1","_",,,2,"[2]",594,"Lower",10,"Mobile Transfer ticket",1,"[PREMIUM]","[PREMIUM]","[PREMIUM]","[PREMIUM]",true,false,"['Front Row of Section','Clear view']","2026-08-15 23:12:41"
"13732097872","2026-08-20 23:59:15.311","2026-08-20 23:59:15.311","13732097872","160418319","[PREMIUM]","[PREMIUM]","215","1","_",,,2,"[2]",1724,"Club",10,"Mobile Transfer ticket",1,"[PREMIUM]","[PREMIUM]","[PREMIUM]","[PREMIUM]",true,false,"['Front Row of Section','Clear view']","2026-08-20 03:08:06"
"13510349869","2026-08-20 23:59:15.243","2026-08-21 23:14:24.719","13510349869","160418319","[PREMIUM]","[PREMIUM]","241","14","_",,,2,"[2]",1724,"Club",10,"Mobile Transfer ticket",1,"[PREMIUM]","[PREMIUM]","[PREMIUM]","[PREMIUM]",true,false,"['Clear view']","2026-07-29 15:00:50"
"13745540712","2026-08-20 23:59:15.190","2026-08-20 23:59:15.190","13745540712","160418319","[PREMIUM]","[PREMIUM]","118","3","_",,,4,"[4]",594,"Lower",10,"Mobile Transfer ticket",1,"[PREMIUM]","[PREMIUM]","[PREMIUM]","[PREMIUM]",true,false,"['Third Row of Section','Clear view']","2026-08-20 23:38:52"
"13734048362","2026-08-20 23:59:15.061","2026-08-21 23:14:28.434","13734048362","160418319","[PREMIUM]","[PREMIUM]","206","6","_",,,2,"[2]",1724,"Club",10,"Mobile Transfer ticket",1,"[PREMIUM]","[PREMIUM]","[PREMIUM]","[PREMIUM]",true,false,"['Clear view']","2026-08-20 08:07:11"
"13743986481","2026-08-20 23:59:14.732","2026-08-20 23:59:14.732","13743986481","160426599","[PREMIUM]","[PREMIUM]","410","9","_",,,2,"[2]",1706,"Upper Concourse",10,"Mobile Transfer ticket",1,"[PREMIUM]","[PREMIUM]","[PREMIUM]","[PREMIUM]",true,false,"['Clear view']","2026-08-20 22:28:27"
"13735325719","2026-08-20 23:59:14.717","2026-08-20 23:59:14.717","13735325719","160426599","[PREMIUM]","[PREMIUM]","230","3","1001_1004","1001","1004",4,"[1,2,4]",4107,"Main",10,"Mobile Transfer ticket",1,"[PREMIUM]","[PREMIUM]","[PREMIUM]","[PREMIUM]",true,false,"['Third Row of Section','Clear view']","2026-08-20 11:06:53"
"13735325758","2026-08-20 23:59:14.647","2026-08-20 23:59:14.647","13735325758","160426599","[PREMIUM]","[PREMIUM]","230","7","1003_1004","1003","1004",2,"[2]",4107,"Main",10,"Mobile Transfer ticket",1,"[PREMIUM]","[PREMIUM]","[PREMIUM]","[PREMIUM]",true,false,"['Clear view']","2026-08-20 11:06:53"
"13734478486","2026-08-20 23:59:14.475","2026-08-30 22:37:29.459","13734478486","160426599","[PREMIUM]","[PREMIUM]","216","13","_",,,3,"[1,3]",4107,"Main",10,"Mobile Transfer ticket",1,"[PREMIUM]","[PREMIUM]","[PREMIUM]","[PREMIUM]",true,false,"['Clear view']","2026-08-20 09:05:56"
"13734478487","2026-08-20 23:59:14.475","2026-09-02 22:32:02.491","13734478487","160426599","[PREMIUM]","[PREMIUM]","216","12","_",,,2,"[2]",4107,"Main",10,"Mobile Transfer ticket",1,"[PREMIUM]","[PREMIUM]","[PREMIUM]","[PREMIUM]",true,false,"['Clear view']","2026-08-20 09:05:56"
"13743417405","2026-08-20 23:59:14.228","2026-08-20 23:59:14.228","13743417405","160418319","[PREMIUM]","[PREMIUM]","138","2","_",,,2,"[2]",594,"Lower",10,"Mobile Transfer ticket",1,"[PREMIUM]","[PREMIUM]","[PREMIUM]","[PREMIUM]",true,false,"['Second Row of Section','Clear view']","2026-08-20 21:53:32"
"13317242439","2026-08-20 23:59:14.099","2026-08-30 22:37:39.668","13317242439","160426598","[PREMIUM]","[PREMIUM]","221","3","1_2","1","2",2,"[2]",4107,"Main",10,"Mobile Transfer ticket",1,"[PREMIUM]","[PREMIUM]","[PREMIUM]","[PREMIUM]",true,false,"['Third Row of Section','Clear view']","2026-07-10 17:34:00"
"12669965159","2026-08-20 23:59:13.987","2026-08-21 23:14:25.326","12669965159","160418319","[PREMIUM]","[PREMIUM]","214","20","_",,,2,"[1,2]",1724,"Club",10,"Mobile Transfer ticket",1,"[PREMIUM]","[PREMIUM]","[PREMIUM]","[PREMIUM]",true,false,"['Clear view']","2026-05-13 02:48:19"
"13735319140","2026-08-20 23:59:13.575","2026-08-20 23:59:13.575","13735319140","160426598","[PREMIUM]","[PREMIUM]","127","14","1009_1010","1009","1010",2,"[2]",835,"Hall of Fame",10,"Mobile Transfer ticket",1,"[PREMIUM]","[PREMIUM]","[PREMIUM]","[PREMIUM]",true,false,"['Clear view']","2026-08-20 11:05:16"
"13735319291","2026-08-20 23:59:13.426","2026-08-20 23:59:13.426","13735319291","160426598","[PREMIUM]","[PREMIUM]","144","21","1027_1028","1027","1028",2,"[2]",835,"Hall of Fame",10,"Mobile Transfer ticket",1,"[PREMIUM]","[PREMIUM]","[PREMIUM]","[PREMIUM]",true,false,"['Clear view']","2026-08-20 11:05:17"
"13740845364","2026-08-20 23:59:13.054","2026-08-20 23:59:13.054","13740845364","160418319","[PREMIUM]","[PREMIUM]","122","2","9001_9004","9001",,4,"[4]",594,"Lower",11,"Mobile ticket",1,"[PREMIUM]","[PREMIUM]","[PREMIUM]","[PREMIUM]",true,false,"['Second Row of Section','Clear view']","2026-08-20 18:06:57"
"13743805146","2026-08-20 23:59:13.054","2026-08-20 23:59:13.054","13743805146","160418319","[PREMIUM]","[PREMIUM]","134","2","_",,,2,"[2]",594,"Lower",10,"Mobile Transfer ticket",1,"[PREMIUM]","[PREMIUM]","[PREMIUM]","[PREMIUM]",true,false,"['Side view (printed on ticket)','Second Row of Section']","2026-08-20 22:20:29"
"13677326627","2026-08-20 23:59:12.892","2026-09-02 22:27:01.656","13677326627","160418319","[PREMIUM]","[PREMIUM]","340","1","_",,,2,"[2]",407,"Upper",10,"Mobile Transfer ticket",1,"[PREMIUM]","[PREMIUM]","[PREMIUM]","[PREMIUM]",true,false,"['Front Row of Section','Clear view']","2026-08-14 21:11:21"
"13662791389","2026-08-20 23:59:12.841","2026-08-21 23:14:22.587","13662791389","160418319","[PREMIUM]","[PREMIUM]","234","14","_",,,1,"[1]",1724,"Club",10,"Mobile Transfer ticket",1,"[PREMIUM]","[PREMIUM]","[PREMIUM]","[PREMIUM]",false,false,"['Clear view']","2026-08-13 17:54:24"
"13662791391","2026-08-20 23:59:12.841","2026-09-01 22:34:18.017","13662791391","160418319","[PREMIUM]","[PREMIUM]","234","10","_",,,1,"[1]",1724,"Club",10,"Mobile Transfer ticket",1,"[PREMIUM]","[PREMIUM]","[PREMIUM]","[PREMIUM]",false,false,"['Clear view']","2026-08-13 17:54:24"
"13735325478","2026-08-20 23:59:12.532","2026-08-21 00:00:01.885","13735325478","160426599","[PREMIUM]","[PREMIUM]","128","13","1021_1022","1021","1022",2,"[2]",835,"Hall of Fame",10,"Mobile Transfer ticket",1,"[PREMIUM]","[PREMIUM]","[PREMIUM]","[PREMIUM]",true,false,"['Clear view']","2026-08-20 11:06:52"
"13734478371","2026-08-20 23:59:12.516","2026-09-02 22:32:02.480","13734478371","160426599","[PREMIUM]","[PREMIUM]","229","5","_",,,2,"[2]",4107,"Main",10,"Mobile Transfer ticket",1,"[PREMIUM]","[PREMIUM]","[PREMIUM]","[PREMIUM]",true,false,"['Clear view']","2026-08-20 09:05:55"
"13735325602","2026-08-20 23:59:12.226","2026-08-20 23:59:12.226","13735325602","160426599","[PREMIUM]","[PREMIUM]","128","19","1020_1021","1020","1021",2,"[2]",835,"Hall of Fame",10,"Mobile Transfer ticket",1,"[PREMIUM]","[PREMIUM]","[PREMIUM]","[PREMIUM]",true,false,"['Clear view']","2026-08-20 11:06:52"
"13706768779","2026-08-20 23:59:12.159","2026-09-01 22:36:41.138","13706768779","160426599","[PREMIUM]","[PREMIUM]","348","2","_",,,2,"[2]",507,"Mezzanine",10,"Mobile Transfer ticket",1,"[PREMIUM]","[PREMIUM]","[PREMIUM]","[PREMIUM]",true,false,"['Second Row of Section','Clear view']","2026-08-17 19:48:55"
"13735325873","2026-08-20 23:59:12.010","2026-08-20 23:59:12.010","13735325873","160426599","[PREMIUM]","[PREMIUM]","241","9","1015_1016","1015","1016",2,"[2]",4107,"Main",10,"Mobile Transfer ticket",1,"[PREMIUM]","[PREMIUM]","[PREMIUM]","[PREMIUM]",true,false,"['Clear view']","2026-08-20 11:06:53"
"13222566641","2026-08-20 23:59:11.624","2026-09-01 22:34:19.133","13222566641","160418319","[PREMIUM]","[PREMIUM]","217-N","1","_",,,2,"[2]",471,"Middle",10,"Mobile Transfer ticket",1,"[PREMIUM]","[PREMIUM]","[PREMIUM]","[PREMIUM]",true,false,"['Front Row of Section','Clear view']","2026-07-02 22:29:26"
"13218352467","2026-08-20 23:59:11.481","2026-09-02 22:32:54.099","13218352467","160426598","[PREMIUM]","[PREMIUM]","222","4","13_14","13","14",2,"[2]",4107,"Main",10,"Mobile Transfer ticket",1,"[PREMIUM]","[PREMIUM]","[PREMIUM]","[PREMIUM]",true,false,"['Clear view']","2026-07-02 14:53:32"
"13742995971","2026-08-20 23:59:11.481","2026-08-20 23:59:11.481","13742995971","160426598","[PREMIUM]","[PREMIUM]","222","3","9001_9002","9001",,2,"[2]",4107,"Main",11,"Mobile ticket",1,"[PREMIUM]","[PREMIUM]","[PREMIUM]","[PREMIUM]",true,false,"['Third Row of Section','Clear view']","2026-08-20 21:15:15"
"13739672914","2026-08-20 23:59:11.243","2026-08-20 23:59:11.243","13739672914","160426598","[PREMIUM]","[PREMIUM]","227","7","_",,,2,"[2]",4107,"Main",10,"Mobile Transfer ticket",1,"[PREMIUM]","[PREMIUM]","[PREMIUM]","[PREMIUM]",true,false,"['Clear view']","2026-08-20 17:00:50"
"13263891927","2026-08-20 23:59:10.785","2026-08-21 23:23:17.529","13263891927","160426598","[PREMIUM]","[PREMIUM]","147","21","9_12","9",,4,"[1,2,4]",835,"Hall of Fame",10,"Mobile Transfer ticket",1,"[PREMIUM]","[PREMIUM]","[PREMIUM]","[PREMIUM]",true,false,"['Clear view']","2026-07-06 17:29:11"
"13714214864","2026-08-20 23:59:10.734","2026-08-21 23:14:22.343","13714214864","160418319","[PREMIUM]","[PREMIUM]","109","11","_",,,2,"[2]",594,"Lower",10,"Mobile Transfer ticket",1,"[PREMIUM]","[PREMIUM]","[PREMIUM]","[PREMIUM]",true,false,"['Clear view']","2026-08-18 13:47:42"
"13736199707","2026-08-20 23:59:10.542","2026-08-27 22:26:15.919","13736199707","160418319","[PREMIUM]","[PREMIUM]","109","25","_",,,2,"[2]",594,"Lower",10,"Mobile Transfer ticket",1,"[PREMIUM]","[PREMIUM]","[PREMIUM]","[PREMIUM]",true,false,"['Clear view']","2026-08-20 13:09:01"
"13736199706","2026-08-20 23:59:10.542","2026-09-02 22:26:19.896","13736199706","160418319","[PREMIUM]","[PREMIUM]","111","26","_",,,2,"[2]",594,"Lower",10,"Mobile Transfer ticket",1,"[PREMIUM]","[PREMIUM]","[PREMIUM]","[PREMIUM]",true,false,"['Clear view']","2026-08-20 13:09:01"
"13519346095","2026-08-20 23:59:10.437","2026-09-02 22:26:54.817","13519346095","160418319","[PREMIUM]","[PREMIUM]","344","1","_",,,2,"[2]",407,"Upper",10,"Mobile Transfer ticket",1,"[PREMIUM]","[PREMIUM]","[PREMIUM]","[PREMIUM]",true,false,"['Front Row of Section','Clear view']","2026-07-30 11:31:06"
"13736088118","2026-08-20 23:59:10.233","2026-08-30 22:33:06.749","13736088118","160418319","[PREMIUM]","[PREMIUM]","109","22","_",,,2,"[2]",594,"Lower",11,"Mobile ticket",1,"[PREMIUM]","[PREMIUM]","[PREMIUM]","[PREMIUM]",true,false,"['Clear view']","2026-08-20 12:59:02"
"13713529661","2026-08-20 23:59:10.092","2026-08-20 23:59:10.092","13713529661","160418319","[PREMIUM]","[PREMIUM]","118","4","9001_9004","9001",,4,"[4]",594,"Lower",10,"Mobile Transfer ticket",13,"[PREMIUM]","[PREMIUM]","[PREMIUM]","[PREMIUM]",true,false,"['Clear view']","2026-08-18 11:41:29"
"13734966808","2026-08-20 23:59:10.092","2026-08-29 22:34:36.399","13734966808","160418319","[PREMIUM]","[PREMIUM]","247","4","5_7","5","7",3,"[3]",1724,"Club",11,"Mobile ticket",1,"[PREMIUM]","[PREMIUM]","[PREMIUM]","[PREMIUM]",true,true,"['Clear view']","2026-08-20 10:15:23"
"13729200488","2026-08-20 23:59:09.839","2026-09-02 22:26:49.957","13729200488","160418319","[PREMIUM]","[PREMIUM]","310","1","_",,,2,"[2]",407,"Upper",10,"Mobile Transfer ticket",1,"[PREMIUM]","[PREMIUM]","[PREMIUM]","[PREMIUM]",true,false,"['Front Row of Section','Clear view']","2026-08-19 21:29:28"
"13599068468","2026-08-20 23:59:09.152","2026-08-20 23:59:09.152","13599068468","160426599","[PREMIUM]","[PREMIUM]","410","10","_",,,2,"[2]",1706,"Upper Concourse",10,"Mobile Transfer ticket",1,"[PREMIUM]","[PREMIUM]","[PREMIUM]","[PREMIUM]",true,false,"['Clear view']","2026-08-07 00:48:03"
"13735326352","2026-08-20 23:59:09.139","2026-08-20 23:59:09.139","13735326352","160426599","[PREMIUM]","[PREMIUM]","442","1","1019_1020","1019","1020",2,"[2]",478,"Loge",10,"Mobile Transfer ticket",1,"[PREMIUM]","[PREMIUM]","[PREMIUM]","[PREMIUM]",true,false,"['Front Row of Section','Clear view']","2026-08-20 11:06:55"
"13528564764","2026-08-20 23:59:08.918","2026-08-24 22:28:17.692","13528564764","160426598","[PREMIUM]","[PREMIUM]","246","5","_",,,4,"[2,4]",4107,"Main",10,"Mobile Transfer ticket",1,"[PREMIUM]","[PREMIUM]","[PREMIUM]","[PREMIUM]",true,false,"['Clear view']","2026-07-31 14:01:18"
"13734485125","2026-08-20 23:59:08.316","2026-09-02 22:26:50.298","13734485125","160418319","[PREMIUM]","[PREMIUM]","141","11","5_6","5",,2,"[2]",594,"Lower",10,"Mobile Transfer ticket",1,"[PREMIUM]","[PREMIUM]","[PREMIUM]","[PREMIUM]",true,false,"['Clear view']","2026-08-20 09:06:55"
"13740123243","2026-08-20 23:59:08.284","2026-08-30 22:33:05.381","13740123243","160418319","[PREMIUM]","[PREMIUM]","139","12","_",,,2,"[2]",594,"Lower",10,"Mobile Transfer ticket",1,"[PREMIUM]","[PREMIUM]","[PREMIUM]","[PREMIUM]",true,false,"['Clear view']","2026-08-20 17:24:58"
"13734292384","2026-08-20 23:59:07.973","2026-09-02 22:26:49.957","13734292384","160418319","[PREMIUM]","[PREMIUM]","141","20","11_12","11",,2,"[2]",594,"Lower",10,"Mobile Transfer ticket",1,"[PREMIUM]","[PREMIUM]","[PREMIUM]","[PREMIUM]",true,false,"['Clear view']","2026-08-20 08:42:08"
"13317516009","2026-08-20 23:59:06.932","2026-08-30 22:33:04.846","13317516009","160418319","[PREMIUM]","[PREMIUM]","310","6","19_20","19","20",2,"[2]",407,"Upper",10,"Mobile Transfer ticket",1,"[PREMIUM]","[PREMIUM]","[PREMIUM]","[PREMIUM]",true,false,"['Clear view']","2026-07-10 18:02:32"
"13333080736","2026-08-20 23:59:06.932","2026-08-31 22:29:36.229","13333080736","160418319","[PREMIUM]","[PREMIUM]","116","9","21_22","21",,2,"[2]",594,"Lower",10,"Mobile Transfer ticket",14,"[PREMIUM]","[PREMIUM]","[PREMIUM]","[PREMIUM]",true,false,"['Clear view']","2026-07-12 02:12:48"
"13716390600","2026-08-20 23:59:06.744","2026-08-29 22:34:25.707","13716390600","160418319","[PREMIUM]","[PREMIUM]","144","13","_",,,2,"[2]",594,"Lower",10,"Mobile Transfer ticket",1,"[PREMIUM]","[PREMIUM]","[PREMIUM]","[PREMIUM]",true,false,"['Clear view']","2026-08-18 18:00:59"
"13704105150","2026-08-20 23:59:06.726","2026-08-21 23:12:48.099","13704105150","160418319","[PREMIUM]","[PREMIUM]","119","15","_",,,2,"[2]",594,"Lower",10,"Mobile Transfer ticket",1,"[PREMIUM]","[PREMIUM]","[PREMIUM]","[PREMIUM]",true,false,"['Clear view']","2026-08-17 15:58:31"
"13265754286","2026-08-20 23:59:06.403","2026-08-24 22:25:47.294","13265754286","160418319","[PREMIUM]","[PREMIUM]","116","10","3_4","3","4",2,"[2]",594,"Lower",10,"Mobile Transfer ticket",1,"[PREMIUM]","[PREMIUM]","[PREMIUM]","[PREMIUM]",true,false,"['Clear view']","2026-07-06 20:56:54"
"13736976817","2026-08-20 23:59:06.311","2026-08-24 22:25:18.182","13736976817","160418319","[PREMIUM]","[PREMIUM]","141","30","15_16","15",,2,"[2]",594,"Lower",10,"Mobile Transfer ticket",1,"[PREMIUM]","[PREMIUM]","[PREMIUM]","[PREMIUM]",true,false,"['Clear view']","2026-08-20 14:24:08"
"12920409841","2026-08-20 23:59:06.006","2026-09-02 22:26:17.619","12920409841","160418319","[PREMIUM]","[PREMIUM]","334","1","1_6","1","6",6,"[1,2,3,4,6]",407,"Upper",10,"Mobile Transfer ticket",1,"[PREMIUM]","[PREMIUM]","[PREMIUM]","[PREMIUM]",true,false,"['Front Row of Section','Clear view']","2026-06-03 20:44:43"
"13713404175","2026-08-20 23:59:05.883","2026-08-20 23:59:05.883","13713404175","160418319","[PREMIUM]","[PREMIUM]","314","2","9001_9002","9001",,2,"[2]",407,"Upper",11,"Mobile ticket",1,"[PREMIUM]","[PREMIUM]","[PREMIUM]","[PREMIUM]",true,false,"['Second Row of Section','Clear view']","2026-08-18 11:22:24"
"13735325393","2026-08-20 23:59:05.702","2026-08-20 23:59:05.702","13735325393","160426599","[PREMIUM]","[PREMIUM]","127","14","1009_1010","1009","1010",2,"[2]",835,"Hall of Fame",10,"Mobile Transfer ticket",1,"[PREMIUM]","[PREMIUM]","[PREMIUM]","[PREMIUM]",true,false,"['Clear view']","2026-08-20 11:06:52"
"13743008876","2026-08-20 23:59:05.524","2026-08-20 23:59:05.524","13743008876","160426599","[PREMIUM]","[PREMIUM]","445","9","_",,,4,"[2,4]",1706,"Upper Concourse",10,"Mobile Transfer ticket",1,"[PREMIUM]","[PREMIUM]","[PREMIUM]","[PREMIUM]",true,false,"['Clear view']","2026-08-20 21:16:25"
"13143763446","2026-08-20 23:59:05.358","2026-09-02 22:26:44.799","13143763446","160418319","[PREMIUM]","[PREMIUM]","119","23","_",,,6,"[1,2,3,4,6]",594,"Lower",10,"Mobile Transfer ticket",1,"[PREMIUM]","[PREMIUM]","[PREMIUM]","[PREMIUM]",true,false,"['Clear view']","2026-06-25 16:58:05"
"13734478495","2026-08-20 23:59:04.718","2026-08-29 22:38:19.328","13734478495","160426599","[PREMIUM]","[PREMIUM]","222","2","_",,,4,"[1,2,4]",4107,"Main",10,"Mobile Transfer ticket",1,"[PREMIUM]","[PREMIUM]","[PREMIUM]","[PREMIUM]",true,false,"['Second Row of Section','Clear view']","2026-08-20 09:05:56"
"13734478507","2026-08-20 23:59:04.718","2026-09-02 22:31:58.177","13734478507","160426599","[PREMIUM]","[PREMIUM]","125","18","_",,,2,"[2]",835,"Hall of Fame",10,"Mobile Transfer ticket",1,"[PREMIUM]","[PREMIUM]","[PREMIUM]","[PREMIUM]",true,false,"['Clear view']","2026-08-20 09:05:56"
"13734478377","2026-08-20 23:59:04.718","2026-09-02 22:31:58.177","13734478377","160426599","[PREMIUM]","[PREMIUM]","125","17","_",,,2,"[2]",835,"Hall of Fame",10,"Mobile Transfer ticket",1,"[PREMIUM]","[PREMIUM]","[PREMIUM]","[PREMIUM]",true,false,"['Clear view']","2026-08-20 09:05:55"
"13744554786","2026-08-20 23:59:04.718","2026-08-22 22:29:19.514","13744554786","160426599","[PREMIUM]","[PREMIUM]","438","1","16_19","16",,4,"[2,4]",1706,"Upper Concourse",10,"Mobile Transfer ticket",1,"[PREMIUM]","[PREMIUM]","[PREMIUM]","[PREMIUM]",true,false,"['Front Row of Section','Clear view']","2026-08-20 22:54:05"
"13734478368","2026-08-20 23:59:03.189","2026-08-26 22:36:47.612","13734478368","160426599","[PREMIUM]","[PREMIUM]","146","15","_",,,2,"[2]",835,"Hall of Fame",10,"Mobile Transfer ticket",1,"[PREMIUM]","[PREMIUM]","[PREMIUM]","[PREMIUM]",true,false,"['Clear view']","2026-08-20 09:05:55"
"13734478356","2026-08-20 23:59:03.189","2026-09-02 22:31:00.249","13734478356","160426599","[PREMIUM]","[PREMIUM]","124","12","_",,,2,"[2]",835,"Hall of Fame",10,"Mobile Transfer ticket",1,"[PREMIUM]","[PREMIUM]","[PREMIUM]","[PREMIUM]",true,false,"['Clear view']","2026-08-20 09:05:55"
"13734478396","2026-08-20 23:59:03.189","2026-09-01 22:36:31.988","13734478396","160426599","[PREMIUM]","[PREMIUM]","149","14","_",,,2,"[2]",835,"Hall of Fame",10,"Mobile Transfer ticket",1,"[PREMIUM]","[PREMIUM]","[PREMIUM]","[PREMIUM]",true,false,"['Clear view']","2026-08-20 09:05:55"
"13735325638","2026-08-20 23:59:03.085","2026-08-20 23:59:03.085","13735325638","160426599","[PREMIUM]","[PREMIUM]","144","21","1027_1028","1027","1028",2,"[2]",835,"Hall of Fame",10,"Mobile Transfer ticket",1,"[PREMIUM]","[PREMIUM]","[PREMIUM]","[PREMIUM]",true,false,"['Clear view']","2026-08-20 11:06:52"
"13734478509","2026-08-20 23:59:02.608","2026-08-22 22:28:21.440","13734478509","160426599","[PREMIUM]","[PREMIUM]","146","20","_",,,2,"[2]",835,"Hall of Fame",10,"Mobile Transfer ticket",1,"[PREMIUM]","[PREMIUM]","[PREMIUM]","[PREMIUM]",true,false,"['Clear view']","2026-08-20 09:05:56"
"13734478366","2026-08-20 23:59:02.608","2026-09-02 22:31:58.177","13734478366","160426599","[PREMIUM]","[PREMIUM]","226","5","_",,,2,"[2]",4107,"Main",10,"Mobile Transfer ticket",1,"[PREMIUM]","[PREMIUM]","[PREMIUM]","[PREMIUM]",true,false,"['Clear view']","2026-08-20 09:05:55"
"13639721030","2026-08-20 23:59:01.652","2026-08-25 22:32:23.003","13639721030","160426598","[PREMIUM]","[PREMIUM]","121","19","_",,,2,"[2]",835,"Hall of Fame",10,"Mobile Transfer ticket",1,"[PREMIUM]","[PREMIUM]","[PREMIUM]","[PREMIUM]",true,false,"['Clear view']","2026-08-11 19:50:57"
"13735937778","2026-08-20 23:58:50.525","2026-08-27 22:26:07.882","13735937778","160418319","[PREMIUM]","[PREMIUM]","150","13","11_12","11","12",2,"[2]",594,"Lower",11,"Mobile ticket",1,"[PREMIUM]","[PREMIUM]","[PREMIUM]","[PREMIUM]",true,false,"['Clear view']","2026-08-20 12:42:45"
"13739201230","2026-08-20 23:58:50.516","2026-08-30 22:33:01.405","13739201230","160418319","[PREMIUM]","[PREMIUM]","310","7","_",,,2,"[2]",407,"Upper",10,"Mobile Transfer ticket",1,"[PREMIUM]","[PREMIUM]","[PREMIUM]","[PREMIUM]",true,false,"['Clear view']","2026-08-20 16:40:11"
"13726033778","2026-08-20 23:58:49.785","2026-09-02 22:26:35.580","13726033778","160418319","[PREMIUM]","[PREMIUM]","344","4","_",,,1,"[1]",407,"Upper",10,"Mobile Transfer ticket",1,"[PREMIUM]","[PREMIUM]","[PREMIUM]","[PREMIUM]",false,false,"['Clear view']","2026-08-19 16:14:43"
"13707975135","2026-08-20 23:58:49.039","2026-08-21 23:12:02.576","13707975135","160418319","[PREMIUM]","[PREMIUM]","314","3","_",,,2,"[2]",407,"Upper",10,"Mobile Transfer ticket",1,"[PREMIUM]","[PREMIUM]","[PREMIUM]","[PREMIUM]",true,false,"['Third Row of Section','Clear view']","2026-08-17 21:36:24"
"13675921434","2026-08-20 23:58:48.547","2026-09-02 22:26:35.580","13675921434","160418319","[PREMIUM]","[PREMIUM]","314","12","_",,,1,"[1]",407,"Upper",10,"Mobile Transfer ticket",1,"[PREMIUM]","[PREMIUM]","[PREMIUM]","[PREMIUM]",false,false,"['Clear view']","2026-08-14 18:09:35"
"13605327145","2026-08-20 23:58:45.472","2026-08-20 23:58:45.472","13605327145","160417384","[PREMIUM]","[PREMIUM]","143","1","_",,,2,"[2]",594,"Lower",10,"Mobile Transfer ticket",1,"[PREMIUM]","[PREMIUM]","[PREMIUM]","[PREMIUM]",true,false,"['Front Row of Section','Clear view']","2026-08-07 18:28:38"
"13622290978","2026-08-20 23:58:45.472","2026-09-02 22:29:08.096","13622290978","160417384","[PREMIUM]","[PREMIUM]","117","2","3_4","3",,2,"[2]",594,"Lower",10,"Mobile Transfer ticket",1,"[PREMIUM]","[PREMIUM]","[PREMIUM]","[PREMIUM]",true,false,"['Second Row of Section','Clear view']","2026-08-09 22:51:27"
"13694928293","2026-08-20 23:58:41.066","2026-08-20 23:58:41.066","13694928293","160418319","[PREMIUM]","[PREMIUM]","314","13","_",,,2,"[2]",407,"Upper",10,"Mobile Transfer ticket",1,"[PREMIUM]","[PREMIUM]","[PREMIUM]","[PREMIUM]",true,false,"['Limited or Obstructed View (printed on ticket)']","2026-08-16 18:04:44"
"13735326075","2026-08-20 23:58:17.299","2026-08-20 23:58:17.299","13735326075","160426599","[PREMIUM]","[PREMIUM]","423","1","1006_1011","1006","1011",6,"[1,2,3,4,6]",1706,"Upper Concourse",10,"Mobile Transfer ticket",1,"[PREMIUM]","[PREMIUM]","[PREMIUM]","[PREMIUM]",true,false,"['Front Row of Section','Clear view']","2026-08-20 11:06:54"
"13706770522","2026-08-20 23:58:11.981","2026-08-20 23:58:11.981","13706770522","160426599","[PREMIUM]","[PREMIUM]","415","15","_",,,2,"[2]",1706,"Upper Concourse",10,"Mobile Transfer ticket",1,"[PREMIUM]","[PREMIUM]","[PREMIUM]","[PREMIUM]",true,false,"['Clear view']","2026-08-17 19:49:07"
"13706769385","2026-08-20 23:58:11.981","2026-08-20 23:58:11.981","13706769385","160426599","[PREMIUM]","[PREMIUM]","451","3","_",,,2,"[2]",1706,"Upper Concourse",10,"Mobile Transfer ticket",1,"[PREMIUM]","[PREMIUM]","[PREMIUM]","[PREMIUM]",true,false,"['Third Row of Section','Clear view']","2026-08-17 19:49:00"
"13736411146","2026-08-20 23:58:09.692","2026-08-20 23:58:09.692","13736411146","160418319","[PREMIUM]","[PREMIUM]","339","32","14_24","14","24",11,"[1,2,3,4,5,6,7,8,9,11]",407,"Upper",10,"Mobile Transfer ticket",1,"[PREMIUM]","[PREMIUM]","[PREMIUM]","[PREMIUM]",true,false,"['Clear view']","2026-08-20 13:32:15"
"13718229331","2026-08-20 23:58:09.265","2026-08-20 23:58:09.265","13718229331","160417384","[PREMIUM]","[PREMIUM]","115C","5","_",,,2,"[2]",594,"Lower",10,"Mobile Transfer ticket",1,"[PREMIUM]","[PREMIUM]","[PREMIUM]","[PREMIUM]",true,false,"['Clear view']","2026-08-18 21:25:26"
"13420265128","2026-08-20 23:58:08.804","2026-08-20 23:58:08.804","13420265128","160417384","[PREMIUM]","[PREMIUM]","142","1","_",,,2,"[2]",594,"Lower",10,"Mobile Transfer ticket",1,"[PREMIUM]","[PREMIUM]","[PREMIUM]","[PREMIUM]",true,false,"['Front Row of Section','Clear view']","2026-07-21 14:33:11"
"13730078444","2026-08-20 23:58:07.963","2026-08-20 23:58:07.963","13730078444","160417384","[PREMIUM]","[PREMIUM]","240","1","9001_9001","9001",,1,"[1]",471,"Middle",10,"Mobile Transfer ticket",13,"[PREMIUM]","[PREMIUM]","[PREMIUM]","[PREMIUM]",false,false,"['Front Row of Section','Clear view']","2026-08-19 23:12:58"
"13710548041","2026-08-20 23:58:07.777","2026-08-29 22:36:54.882","13710548041","160417384","[PREMIUM]","[PREMIUM]","115A","6","11_12","11",,2,"[2]",594,"Lower",10,"Mobile Transfer ticket",1,"[PREMIUM]","[PREMIUM]","[PREMIUM]","[PREMIUM]",true,false,"['Clear view']","2026-08-18 02:52:32"
"13275722337","2026-08-20 23:58:07.770","2026-08-20 23:58:07.770","13275722337","160417384","[PREMIUM]","[PREMIUM]","345","3","_",,,4,"[1,2,3,4]",407,"Upper",10,"Mobile Transfer ticket",13,"[PREMIUM]","[PREMIUM]","[PREMIUM]","[PREMIUM]",true,false,"['Limited or Obstructed View (printed on ticket)','Third Row of Section']","2026-07-07 19:41:11"
"13400581919","2026-08-20 23:58:07.770","2026-08-28 22:33:00.365","13400581919","160417384","[PREMIUM]","[PREMIUM]","110","1","_",,,2,"[2]",594,"Lower",10,"Mobile Transfer ticket",1,"[PREMIUM]","[PREMIUM]","[PREMIUM]","[PREMIUM]",true,false,"['Front Row of Section','Clear view']","2026-07-19 23:04:47"
"13707357279","2026-08-20 23:58:07.701","2026-09-02 22:29:08.435","13707357279","160417384","[PREMIUM]","[PREMIUM]","115C","23","_",,,2,"[2]",594,"Lower",10,"Mobile Transfer ticket",14,"[PREMIUM]","[PREMIUM]","[PREMIUM]","[PREMIUM]",true,false,"['Includes club access','Clear view']","2026-08-17 20:36:25"
"13492238477","2026-08-20 23:58:07.565","2026-08-28 22:32:57.661","13492238477","160417384","[PREMIUM]","[PREMIUM]","146","5","_",,,2,"[2]",594,"Lower",10,"Mobile Transfer ticket",1,"[PREMIUM]","[PREMIUM]","[PREMIUM]","[PREMIUM]",true,false,"['Third Row of Section','Clear view']","2026-07-27 18:58:51"
"13477414274","2026-08-20 23:58:07.424","2026-08-28 22:33:00.552","13477414274","160417384","[PREMIUM]","[PREMIUM]","148","3","_",,,2,"[2]",594,"Lower",10,"Mobile Transfer ticket",1,"[PREMIUM]","[PREMIUM]","[PREMIUM]","[PREMIUM]",true,false,"['Third Row of Section','Clear view']","2026-07-26 04:04:49"
"13712246625","2026-08-20 23:58:07.424","2026-08-20 23:58:07.424","13712246625","160417384","[PREMIUM]","[PREMIUM]","128","2","9001_9002","9001",,2,"[2]",594,"Lower",11,"Mobile ticket",1,"[PREMIUM]","[PREMIUM]","[PREMIUM]","[PREMIUM]",true,false,"['Second Row of Section','Clear view']","2026-08-18 07:12:32"
"12920395927","2026-08-20 23:58:07.164","2026-09-02 22:29:05.902","12920395927","160417384","[PREMIUM]","[PREMIUM]","101","1","5_6","5","6",2,"[2]",594,"Lower",10,"Mobile Transfer ticket",1,"[PREMIUM]","[PREMIUM]","[PREMIUM]","[PREMIUM]",true,false,"['Front Row of Section','Clear view']","2026-06-03 20:42:44"
"13735326987","2026-08-20 23:58:07.112","2026-08-20 23:58:07.112","13735326987","160417384","[PREMIUM]","[PREMIUM]","115A","15","1003_1004","1003","1004",2,"[2]",594,"Lower",10,"Mobile Transfer ticket",1,"[PREMIUM]","[PREMIUM]","[PREMIUM]","[PREMIUM]",true,false,"['Clear view']","2026-08-20 11:06:58"
"13735326860","2026-08-20 23:58:07.107","2026-08-20 23:58:07.107","13735326860","160417384","[PREMIUM]","[PREMIUM]","111A","14","1007_1008","1007","1008",2,"[2]",594,"Lower",10,"Mobile Transfer ticket",1,"[PREMIUM]","[PREMIUM]","[PREMIUM]","[PREMIUM]",true,false,"['Clear view']","2026-08-20 11:06:57"
"13683017945","2026-08-20 23:58:06.998","2026-08-20 23:58:06.998","13683017945","160417384","[PREMIUM]","[PREMIUM]","143","3","9001_9002","9001",,2,"[2]",594,"Lower",10,"Mobile Transfer ticket",13,"[PREMIUM]","[PREMIUM]","[PREMIUM]","[PREMIUM]",true,false,"['Third Row of Section','Clear view']","2026-08-15 08:25:36"
"13706769008","2026-08-20 23:58:05.668","2026-09-01 22:36:31.836","13706769008","160426599","[PREMIUM]","[PREMIUM]","433","1","_",,,2,"[2]",1706,"Upper Concourse",10,"Mobile Transfer ticket",1,"[PREMIUM]","[PREMIUM]","[PREMIUM]","[PREMIUM]",true,false,"['Front Row of Section','Clear view']","2026-08-17 19:48:56"
"13735326251","2026-08-20 23:58:05.652","2026-08-20 23:58:05.652","13735326251","160426599","[PREMIUM]","[PREMIUM]","440","20","1017_1018","1017","1018",2,"[2]",1706,"Upper Concourse",10,"Mobile Transfer ticket",1,"[PREMIUM]","[PREMIUM]","[PREMIUM]","[PREMIUM]",true,false,"['Clear view']","2026-08-20 11:06:54"
"12676175066","2026-08-20 23:58:04.617","2026-09-02 22:26:34.507","12676175066","160418319","[PREMIUM]","[PREMIUM]","131","32","15_18","15",,4,"[1,2,4]",594,"Lower",10,"Mobile Transfer ticket",1,"[PREMIUM]","[PREMIUM]","[PREMIUM]","[PREMIUM]",true,false,"['Clear view']","2026-05-13 19:55:00"
"13740609154","2026-08-20 23:58:04.617","2026-08-21 23:13:20.091","13740609154","160418319","[PREMIUM]","[PREMIUM]","339","13","_",,,2,"[2]",407,"Upper",10,"Mobile Transfer ticket",1,"[PREMIUM]","[PREMIUM]","[PREMIUM]","[PREMIUM]",true,false,"['Limited or Obstructed View (printed on ticket)']","2026-08-20 17:52:15"
"13742998985","2026-08-20 23:58:04.617","2026-08-21 23:13:20.091","13742998985","160418319","[PREMIUM]","[PREMIUM]","341","13","_",,,2,"[2]",407,"Upper",10,"Mobile Transfer ticket",1,"[PREMIUM]","[PREMIUM]","[PREMIUM]","[PREMIUM]",true,false,"['Limited or Obstructed View (printed on ticket)']","2026-08-20 21:15:30"
"13736411264","2026-08-20 23:58:04.343","2026-08-20 23:58:04.343","13736411264","160418319","[PREMIUM]","[PREMIUM]","341","23","3_6","3","6",4,"[2,4]",407,"Upper",10,"Mobile Transfer ticket",1,"[PREMIUM]","[PREMIUM]","[PREMIUM]","[PREMIUM]",true,false,"['Clear view']","2026-08-20 13:32:16"
"13739775021","2026-08-20 23:58:04.343","2026-09-02 22:26:32.342","13739775021","160418319","[PREMIUM]","[PREMIUM]","340","35","14_20","14","20",7,"[1,2,3,4,5,7]",407,"Upper",10,"Mobile Transfer ticket",1,"[PREMIUM]","[PREMIUM]","[PREMIUM]","[PREMIUM]",true,false,"['Clear view']","2026-08-20 17:06:02"
"13735845449","2026-08-20 23:58:04.322","2026-08-31 22:30:21.439","13735845449","160418319","[PREMIUM]","[PREMIUM]","345","3","9001_9001","9001",,1,"[1]",407,"Upper",11,"Mobile ticket",1,"[PREMIUM]","[PREMIUM]","[PREMIUM]","[PREMIUM]",false,false,"['Third Row of Section','Clear view']","2026-08-20 12:28:11"
"13736411194","2026-08-20 23:58:04.322","2026-08-20 23:58:04.322","13736411194","160418319","[PREMIUM]","[PREMIUM]","341","21","6_15","6","15",10,"[1,2,3,4,5,6,7,8,10]",407,"Upper",10,"Mobile Transfer ticket",1,"[PREMIUM]","[PREMIUM]","[PREMIUM]","[PREMIUM]",true,false,"['Clear view']","2026-08-20 13:32:16"
"13638112645","2026-08-20 23:58:04.267","2026-09-02 22:26:30.870","13638112645","160418319","[PREMIUM]","[PREMIUM]","314","15","_",,,2,"[2]",407,"Upper",10,"Mobile Transfer ticket",1,"[PREMIUM]","[PREMIUM]","[PREMIUM]","[PREMIUM]",true,false,"['Limited or Obstructed View (printed on ticket)']","2026-08-11 17:03:31"
"13694928273","2026-08-20 23:58:04.267","2026-08-22 22:26:35.366","13694928273","160418319","[PREMIUM]","[PREMIUM]","314","14","_",,,2,"[2]",407,"Upper",10,"Mobile Transfer ticket",1,"[PREMIUM]","[PREMIUM]","[PREMIUM]","[PREMIUM]",true,false,"['Limited or Obstructed View (printed on ticket)']","2026-08-16 18:04:44"
"13736411534","2026-08-20 23:58:04.267","2026-08-20 23:58:04.267","13736411534","160418319","[PREMIUM]","[PREMIUM]","341","33","1_8","1","8",8,"[1,2,3,4,5,6,8]",407,"Upper",10,"Mobile Transfer ticket",1,"[PREMIUM]","[PREMIUM]","[PREMIUM]","[PREMIUM]",true,false,"['Clear view']","2026-08-20 13:32:17"
"13736411485","2026-08-20 23:58:04.267","2026-08-20 23:58:04.267","13736411485","160418319","[PREMIUM]","[PREMIUM]","340","33","16_24","16","24",9,"[1,2,3,4,5,6,7,9]",407,"Upper",10,"Mobile Transfer ticket",1,"[PREMIUM]","[PREMIUM]","[PREMIUM]","[PREMIUM]",true,false,"['Clear view']","2026-08-20 13:32:17"
"13741848702","2026-08-20 23:58:04.267","2026-08-21 23:11:58.108","13741848702","160418319","[PREMIUM]","[PREMIUM]","305","13","_",,,2,"[2]",407,"Upper",10,"Mobile Transfer ticket",1,"[PREMIUM]","[PREMIUM]","[PREMIUM]","[PREMIUM]",true,false,"['Limited or Obstructed View (printed on ticket)']","2026-08-20 19:32:12"
"13743039165","2026-08-20 23:58:04.262","2026-08-21 23:13:19.072","13743039165","160418319","[PREMIUM]","[PREMIUM]","342","13","_",,,2,"[2]",407,"Upper",10,"Mobile Transfer ticket",1,"[PREMIUM]","[PREMIUM]","[PREMIUM]","[PREMIUM]",true,false,"['Limited or Obstructed View (printed on ticket)']","2026-08-20 21:18:40"
"13736411052","2026-08-20 23:58:04.214","2026-08-20 23:58:09.692","13736411052","160418319","[PREMIUM]","[PREMIUM]","341","29","3_9","3","9",7,"[1,2,3,4,5,7]",407,"Upper",10,"Mobile Transfer ticket",1,"[PREMIUM]","[PREMIUM]","[PREMIUM]","[PREMIUM]",true,false,"['Clear view']","2026-08-20 13:32:15"
"13739774874","2026-08-20 23:58:04.214","2026-08-20 23:58:09.692","13739774874","160418319","[PREMIUM]","[PREMIUM]","339","34","1_14","1","14",14,"[1,2,3,4,5,6,7,8,9,10,11,12,14]",407,"Upper",10,"Mobile Transfer ticket",1,"[PREMIUM]","[PREMIUM]","[PREMIUM]","[PREMIUM]",true,false,"['Clear view']","2026-08-20 17:06:02"
"13736411455","2026-08-20 23:58:03.832","2026-08-20 23:58:03.832","13736411455","160418319","[PREMIUM]","[PREMIUM]","341","34","1_8","1","8",8,"[1,2,3,4,5,6,8]",407,"Upper",10,"Mobile Transfer ticket",1,"[PREMIUM]","[PREMIUM]","[PREMIUM]","[PREMIUM]",true,false,"['Clear view']","2026-08-20 13:32:17"
"13736411050","2026-08-20 23:58:03.832","2026-08-20 23:58:03.832","13736411050","160418319","[PREMIUM]","[PREMIUM]","309","34","1_8","1","8",8,"[1,2,3,4,5,6,8]",407,"Upper",10,"Mobile Transfer ticket",1,"[PREMIUM]","[PREMIUM]","[PREMIUM]","[PREMIUM]",true,false,"['Clear view']","2026-08-20 13:32:15"
"13361898182","2026-08-20 23:57:58.048","2026-09-02 22:26:11.668","13361898182","160418319","[PREMIUM]","[PREMIUM]","340","29","_",,,2,"[2]",407,"Upper",10,"Mobile Transfer ticket",1,"[PREMIUM]","[PREMIUM]","[PREMIUM]","[PREMIUM]",true,false,"['Clear view']","2026-07-15 16:10:13"
"13739774893","2026-08-20 23:57:58.048","2026-09-02 22:26:11.784","13739774893","160418319","[PREMIUM]","[PREMIUM]","309","35","4_6","4","6",3,"[1,3]",407,"Upper",10,"Mobile Transfer ticket",1,"[PREMIUM]","[PREMIUM]","[PREMIUM]","[PREMIUM]",true,false,"['Clear view']","2026-08-20 17:06:02"
"13739774024","2026-08-20 23:57:57.888","2026-08-20 23:57:57.888","13739774024","160418319","[PREMIUM]","[PREMIUM]","309","35","11_12","11","12",2,"[2]",407,"Upper",10,"Mobile Transfer ticket",1,"[PREMIUM]","[PREMIUM]","[PREMIUM]","[PREMIUM]",true,false,"['Clear view']","2026-08-20 17:06:00"
"13739774638","2026-08-20 23:57:57.888","2026-09-02 22:26:29.919","13739774638","160418319","[PREMIUM]","[PREMIUM]","340","35","25_26","25","26",2,"[2]",407,"Upper",10,"Mobile Transfer ticket",1,"[PREMIUM]","[PREMIUM]","[PREMIUM]","[PREMIUM]",true,false,"['Clear view']","2026-08-20 17:06:01"
"13736411527","2026-08-20 23:57:57.878","2026-08-20 23:57:57.878","13736411527","160418319","[PREMIUM]","[PREMIUM]","341","29","23_24","23","24",2,"[2]",407,"Upper",10,"Mobile Transfer ticket",1,"[PREMIUM]","[PREMIUM]","[PREMIUM]","[PREMIUM]",true,false,"['Clear view']","2026-08-20 13:32:17"
"13740296270","2026-08-20 23:57:57.872","2026-08-20 23:57:57.872","13740296270","160418319","[PREMIUM]","[PREMIUM]","342","32","7_22","7","22",16,"[1,2,3,4,5,6,7,8,9,10,11,12,13,14,16]",407,"Upper",10,"Mobile Transfer ticket",1,"[PREMIUM]","[PREMIUM]","[PREMIUM]","[PREMIUM]",true,false,"['Clear view']","2026-08-20 17:35:32"
"13739775002","2026-08-20 23:57:57.872","2026-09-02 22:26:29.919","13739775002","160418319","[PREMIUM]","[PREMIUM]","340","35","27_28","27","28",2,"[2]",407,"Upper",10,"Mobile Transfer ticket",1,"[PREMIUM]","[PREMIUM]","[PREMIUM]","[PREMIUM]",true,false,"['Clear view']","2026-08-20 17:06:02"
"13740296423","2026-08-20 23:57:57.798","2026-08-20 23:57:57.798","13740296423","160418319","[PREMIUM]","[PREMIUM]","337","16","13_16","13","16",4,"[2,4]",407,"Upper",10,"Mobile Transfer ticket",1,"[PREMIUM]","[PREMIUM]","[PREMIUM]","[PREMIUM]",true,false,"['Clear view']","2026-08-20 17:35:32"
"13740296028","2026-08-20 23:57:57.798","2026-08-20 23:57:57.798","13740296028","160418319","[PREMIUM]","[PREMIUM]","308","32","5_14","5","14",10,"[1,2,3,4,5,6,7,8,10]",407,"Upper",10,"Mobile Transfer ticket",1,"[PREMIUM]","[PREMIUM]","[PREMIUM]","[PREMIUM]",true,false,"['Clear view']","2026-08-20 17:35:31"
"13740295687","2026-08-20 23:57:57.798","2026-08-20 23:57:57.798","13740295687","160418319","[PREMIUM]","[PREMIUM]","342","22","7_12","7","12",6,"[1,2,3,4,6]",407,"Upper",10,"Mobile Transfer ticket",1,"[PREMIUM]","[PREMIUM]","[PREMIUM]","[PREMIUM]",true,false,"['Clear view']","2026-08-20 17:35:31"
"13740295444","2026-08-20 23:57:57.798","2026-08-20 23:57:57.798","13740295444","160418319","[PREMIUM]","[PREMIUM]","313","29","11_17","11","17",7,"[1,2,3,4,5,7]",407,"Upper",10,"Mobile Transfer ticket",1,"[PREMIUM]","[PREMIUM]","[PREMIUM]","[PREMIUM]",true,false,"['Clear view']","2026-08-20 17:35:31"
"13739774696","2026-08-20 23:57:57.791","2026-09-02 22:26:30.875","13739774696","160418319","[PREMIUM]","[PREMIUM]","339","35","17_21","17","21",5,"[1,2,3,5]",407,"Upper",10,"Mobile Transfer ticket",1,"[PREMIUM]","[PREMIUM]","[PREMIUM]","[PREMIUM]",true,false,"['Clear view']","2026-08-20 17:06:01"
"13739773892","2026-08-20 23:57:57.791","2026-09-02 22:26:30.875","13739773892","160418319","[PREMIUM]","[PREMIUM]","339","35","22_26","22","26",5,"[1,2,3,5]",407,"Upper",10,"Mobile Transfer ticket",1,"[PREMIUM]","[PREMIUM]","[PREMIUM]","[PREMIUM]",true,false,"['Clear view']","2026-08-20 17:06:00"
"13740030584","2026-08-20 23:57:57.790","2026-08-21 23:13:16.112","13740030584","160418319","[PREMIUM]","[PREMIUM]","333","13","_",,,2,"[2]",407,"Upper",10,"Mobile Transfer ticket",1,"[PREMIUM]","[PREMIUM]","[PREMIUM]","[PREMIUM]",true,false,"['Limited or Obstructed View (printed on ticket)']","2026-08-20 17:21:45"
"13739774601","2026-08-20 23:57:57.790","2026-08-20 23:57:57.790","13739774601","160418319","[PREMIUM]","[PREMIUM]","339","34","18_20","18","20",3,"[1,3]",407,"Upper",10,"Mobile Transfer ticket",1,"[PREMIUM]","[PREMIUM]","[PREMIUM]","[PREMIUM]",true,false,"['Clear view']","2026-08-20 17:06:01"
"13730302696","2026-08-20 23:57:57.787","2026-08-20 23:57:57.787","13730302696","160418319","[PREMIUM]","[PREMIUM]","306","23","5_18","5","18",14,"[1,2,3,4,5,6,7,8,9,10,11,12,14]",407,"Upper",10,"Mobile Transfer ticket",1,"[PREMIUM]","[PREMIUM]","[PREMIUM]","[PREMIUM]",true,false,"['Clear view']","2026-08-19 23:41:48"
"13736411297","2026-08-20 23:57:57.787","2026-08-20 23:57:57.787","13736411297","160418319","[PREMIUM]","[PREMIUM]","339","34","23_24","23","24",2,"[2]",407,"Upper",10,"Mobile Transfer ticket",1,"[PREMIUM]","[PREMIUM]","[PREMIUM]","[PREMIUM]",true,false,"['Clear view']","2026-08-20 13:32:16"
"13736411624","2026-08-20 23:57:57.786","2026-08-20 23:57:57.786","13736411624","160418319","[PREMIUM]","[PREMIUM]","340","23","3_5","3","5",3,"[1,3]",407,"Upper",10,"Mobile Transfer ticket",1,"[PREMIUM]","[PREMIUM]","[PREMIUM]","[PREMIUM]",true,false,"['Clear view']","2026-08-20 13:32:18"
"13736411420","2026-08-20 23:57:57.767","2026-08-20 23:57:57.767","13736411420","160418319","[PREMIUM]","[PREMIUM]","341","29","16_20","16","20",5,"[1,2,3,5]",407,"Upper",10,"Mobile Transfer ticket",1,"[PREMIUM]","[PREMIUM]","[PREMIUM]","[PREMIUM]",true,false,"['Clear view']","2026-08-20 13:32:17"
"13736411292","2026-08-20 23:57:57.767","2026-08-20 23:57:57.767","13736411292","160418319","[PREMIUM]","[PREMIUM]","341","32","13_18","13","18",6,"[1,2,3,4,6]",407,"Upper",10,"Mobile Transfer ticket",1,"[PREMIUM]","[PREMIUM]","[PREMIUM]","[PREMIUM]",true,false,"['Clear view']","2026-08-20 13:32:16"
"13736411206","2026-08-20 23:57:57.767","2026-08-20 23:57:57.767","13736411206","160418319","[PREMIUM]","[PREMIUM]","341","32","1_6","1","6",6,"[1,2,3,4,6]",407,"Upper",10,"Mobile Transfer ticket",1,"[PREMIUM]","[PREMIUM]","[PREMIUM]","[PREMIUM]",true,false,"['Clear view']","2026-08-20 13:32:16"
"13741758481","2026-08-20 23:57:57.375","2026-08-23 22:26:03.602","13741758481","160418319","[PREMIUM]","[PREMIUM]","334","20","9_18","9","18",10,"[1,2,3,4,5,6,7,8,10]",407,"Upper",10,"Mobile Transfer ticket",1,"[PREMIUM]","[PREMIUM]","[PREMIUM]","[PREMIUM]",true,false,"['Clear view']","2026-08-20 19:25:36"
"13740296016","2026-08-20 23:57:56.860","2026-08-20 23:57:56.860","13740296016","160418319","[PREMIUM]","[PREMIUM]","308","33","13_19","13","19",7,"[1,2,3,4,5,7]",407,"Upper",10,"Mobile Transfer ticket",1,"[PREMIUM]","[PREMIUM]","[PREMIUM]","[PREMIUM]",true,false,"['Clear view']","2026-08-20 17:35:31"
"13740295846","2026-08-20 23:57:56.860","2026-08-20 23:57:56.860","13740295846","160418319","[PREMIUM]","[PREMIUM]","342","21","14_17","14","17",4,"[2,4]",407,"Upper",10,"Mobile Transfer ticket",1,"[PREMIUM]","[PREMIUM]","[PREMIUM]","[PREMIUM]",true,false,"['Clear view']","2026-08-20 17:35:31"
"13740295109","2026-08-20 23:57:56.860","2026-08-20 23:57:56.860","13740295109","160418319","[PREMIUM]","[PREMIUM]","342","33","3_10","3","10",8,"[1,2,3,4,5,6,8]",407,"Upper",10,"Mobile Transfer ticket",1,"[PREMIUM]","[PREMIUM]","[PREMIUM]","[PREMIUM]",true,false,"['Clear view']","2026-08-20 17:35:30"
"13740295638","2026-08-20 23:57:56.849","2026-08-20 23:57:56.849","13740295638","160418319","[PREMIUM]","[PREMIUM]","338","33","12_18","12","18",7,"[1,2,3,4,5,7]",407,"Upper",10,"Mobile Transfer ticket",1,"[PREMIUM]","[PREMIUM]","[PREMIUM]","[PREMIUM]",true,false,"['Clear view']","2026-08-20 17:35:31"
"13741757912","2026-08-20 23:57:56.849","2026-08-25 22:28:34.845","13741757912","160418319","[PREMIUM]","[PREMIUM]","346","20","16_23","16","23",8,"[1,2,3,4,5,6,8]",407,"Upper",10,"Mobile Transfer ticket",1,"[PREMIUM]","[PREMIUM]","[PREMIUM]","[PREMIUM]",true,false,"['Clear view']","2026-08-20 19:25:35"
"13743987104","2026-08-20 23:57:56.849","2026-08-20 23:57:56.849","13743987104","160418319","[PREMIUM]","[PREMIUM]","345","17","18_20","18","20",3,"[1,3]",407,"Upper",10,"Mobile Transfer ticket",1,"[PREMIUM]","[PREMIUM]","[PREMIUM]","[PREMIUM]",true,false,"['Clear view']","2026-08-20 22:28:28"
"13740295340","2026-08-20 23:57:56.544","2026-08-20 23:57:56.544","13740295340","160418319","[PREMIUM]","[PREMIUM]","307","34","12_17","12","17",6,"[1,2,3,4,6]",407,"Upper",10,"Mobile Transfer ticket",1,"[PREMIUM]","[PREMIUM]","[PREMIUM]","[PREMIUM]",true,false,"['Clear view']","2026-08-20 17:35:30"
"13740295548","2026-08-20 23:57:56.537","2026-08-20 23:57:56.537","13740295548","160418319","[PREMIUM]","[PREMIUM]","338","21","9_10","9","10",2,"[2]",407,"Upper",10,"Mobile Transfer ticket",1,"[PREMIUM]","[PREMIUM]","[PREMIUM]","[PREMIUM]",true,false,"['Clear view']","2026-08-20 17:35:31"
"13730302672","2026-08-20 23:57:56.528","2026-08-20 23:57:56.528","13730302672","160418319","[PREMIUM]","[PREMIUM]","345","21","18_20","18","20",3,"[1,3]",407,"Upper",10,"Mobile Transfer ticket",1,"[PREMIUM]","[PREMIUM]","[PREMIUM]","[PREMIUM]",true,false,"['Clear view']","2026-08-19 23:41:48"
"13734501693","2026-08-20 23:57:56.513","2026-08-28 22:30:25.502","13734501693","160418319","[PREMIUM]","[PREMIUM]","347","20","_",,,3,"[1,3]",407,"Upper",10,"Mobile Transfer ticket",1,"[PREMIUM]","[PREMIUM]","[PREMIUM]","[PREMIUM]",true,false,"['Clear view']","2026-08-20 09:09:40"
"13734500583","2026-08-20 23:57:56.513","2026-08-27 22:25:42.833","13734500583","160418319","[PREMIUM]","[PREMIUM]","317","21","_",,,6,"[1,2,3,4,6]",407,"Upper",10,"Mobile Transfer ticket",1,"[PREMIUM]","[PREMIUM]","[PREMIUM]","[PREMIUM]",true,false,"['Clear view']","2026-08-20 09:09:33"
"13740296327","2026-08-20 23:57:56.510","2026-08-20 23:57:56.510","13740296327","160418319","[PREMIUM]","[PREMIUM]","342","33","18_21","18","21",4,"[2,4]",407,"Upper",10,"Mobile Transfer ticket",1,"[PREMIUM]","[PREMIUM]","[PREMIUM]","[PREMIUM]",true,false,"['Clear view']","2026-08-20 17:35:32"
"13740295833","2026-08-20 23:57:56.510","2026-08-20 23:57:56.510","13740295833","160418319","[PREMIUM]","[PREMIUM]","312","33","18_21","18","21",4,"[2,4]",407,"Upper",10,"Mobile Transfer ticket",1,"[PREMIUM]","[PREMIUM]","[PREMIUM]","[PREMIUM]",true,false,"['Clear view']","2026-08-20 17:35:31"
"13740296099","2026-08-20 23:57:56.462","2026-08-20 23:57:56.462","13740296099","160418319","[PREMIUM]","[PREMIUM]","338","33","19_24","19","24",6,"[1,2,3,4,6]",407,"Upper",10,"Mobile Transfer ticket",1,"[PREMIUM]","[PREMIUM]","[PREMIUM]","[PREMIUM]",true,false,"['Clear view']","2026-08-20 17:35:32"
"13740295129","2026-08-20 23:57:56.462","2026-08-20 23:57:56.462","13740295129","160418319","[PREMIUM]","[PREMIUM]","307","33","3_8","3","8",6,"[1,2,3,4,6]",407,"Upper",10,"Mobile Transfer ticket",1,"[PREMIUM]","[PREMIUM]","[PREMIUM]","[PREMIUM]",true,false,"['Clear view']","2026-08-20 17:35:30"
"13740296003","2026-08-20 23:57:56.461","2026-08-20 23:57:56.461","13740296003","160418319","[PREMIUM]","[PREMIUM]","307","33","14_17","14","17",4,"[2,4]",407,"Upper",10,"Mobile Transfer ticket",1,"[PREMIUM]","[PREMIUM]","[PREMIUM]","[PREMIUM]",true,false,"['Clear view']","2026-08-20 17:35:31"
"13741758902","2026-08-20 23:57:56.461","2026-08-25 22:28:48.487","13741758902","160418319","[PREMIUM]","[PREMIUM]","346","19","10_12","10","12",3,"[1,3]",407,"Upper",10,"Mobile Transfer ticket",1,"[PREMIUM]","[PREMIUM]","[PREMIUM]","[PREMIUM]",true,false,"['Clear view']","2026-08-20 19:25:37"
"13740296384","2026-08-20 23:57:56.455","2026-08-20 23:57:56.455","13740296384","160418319","[PREMIUM]","[PREMIUM]","337","25","10_13","10","13",4,"[2,4]",407,"Upper",10,"Mobile Transfer ticket",1,"[PREMIUM]","[PREMIUM]","[PREMIUM]","[PREMIUM]",true,false,"['Clear view']","2026-08-20 17:35:32"
"13740295496","2026-08-20 23:57:56.455","2026-08-20 23:57:56.455","13740295496","160418319","[PREMIUM]","[PREMIUM]","342","30","3_8","3","8",6,"[1,2,3,4,6]",407,"Upper",10,"Mobile Transfer ticket",1,"[PREMIUM]","[PREMIUM]","[PREMIUM]","[PREMIUM]",true,false,"['Clear view']","2026-08-20 17:35:31"
"13740295401","2026-08-20 23:57:56.455","2026-08-20 23:57:56.455","13740295401","160418319","[PREMIUM]","[PREMIUM]","338","32","10_15","10","15",6,"[1,2,3,4,6]",407,"Upper",10,"Mobile Transfer ticket",1,"[PREMIUM]","[PREMIUM]","[PREMIUM]","[PREMIUM]",true,false,"['Clear view']","2026-08-20 17:35:30"
"13740295079","2026-08-20 23:57:56.455","2026-08-20 23:57:56.455","13740295079","160418319","[PREMIUM]","[PREMIUM]","337","25","18_21","18","21",4,"[2,4]",407,"Upper",10,"Mobile Transfer ticket",1,"[PREMIUM]","[PREMIUM]","[PREMIUM]","[PREMIUM]",true,false,"['Clear view']","2026-08-20 17:35:30"
"13740296175","2026-08-20 23:57:56.445","2026-08-20 23:57:56.562","13740296175","160418319","[PREMIUM]","[PREMIUM]","338","31","17_20","17","20",4,"[2,4]",407,"Upper",10,"Mobile Transfer ticket",1,"[PREMIUM]","[PREMIUM]","[PREMIUM]","[PREMIUM]",true,false,"['Clear view']","2026-08-20 17:35:32"
"13741758655","2026-08-20 23:57:56.445","2026-08-25 22:28:48.540","13741758655","160418319","[PREMIUM]","[PREMIUM]","334","19","14_17","14","17",4,"[2,4]",407,"Upper",10,"Mobile Transfer ticket",1,"[PREMIUM]","[PREMIUM]","[PREMIUM]","[PREMIUM]",true,false,"['Clear view']","2026-08-20 19:25:37"
"13709743099","2026-08-20 23:57:56.125","2026-08-20 23:57:56.125","13709743099","160418319","[PREMIUM]","[PREMIUM]","312","25","_",,,4,"[1,2,4]",407,"Upper",10,"Mobile Transfer ticket",1,"[PREMIUM]","[PREMIUM]","[PREMIUM]","[PREMIUM]",true,false,"['Clear view']","2026-08-18 01:05:16"
"13734501694","2026-08-20 23:57:56.125","2026-08-30 22:32:46.526","13734501694","160418319","[PREMIUM]","[PREMIUM]","347","22","_",,,4,"[1,2,4]",407,"Upper",10,"Mobile Transfer ticket",1,"[PREMIUM]","[PREMIUM]","[PREMIUM]","[PREMIUM]",true,false,"['Clear view']","2026-08-20 09:09:40"
"13734501546","2026-08-20 23:57:56.125","2026-08-28 22:30:25.502","13734501546","160418319","[PREMIUM]","[PREMIUM]","347","21","_",,,6,"[1,2,3,4,6]",407,"Upper",10,"Mobile Transfer ticket",1,"[PREMIUM]","[PREMIUM]","[PREMIUM]","[PREMIUM]",true,false,"['Clear view']","2026-08-20 09:09:38"
"13713106644","2026-08-20 23:57:56.082","2026-08-20 23:57:56.082","13713106644","160436257","[PREMIUM]","[PREMIUM]","VIP246","6","9001_9001","9001",,1,"[1]",5057,"VIP Plaza Level",11,"Mobile ticket",1,"[PREMIUM]","[PREMIUM]","[PREMIUM]","[PREMIUM]",false,false,"['Clear view']","2026-08-18 10:21:37"
"13713106569","2026-08-20 23:57:56.082","2026-08-20 23:57:56.082","13713106569","160436257","[PREMIUM]","[PREMIUM]","VIP246","10","9001_9001","9001",,1,"[1]",5057,"VIP Plaza Level",11,"Mobile ticket",1,"[PREMIUM]","[PREMIUM]","[PREMIUM]","[PREMIUM]",false,false,"['Clear view']","2026-08-18 10:21:36"
"13713106567","2026-08-20 23:57:56.082","2026-08-20 23:57:56.082","13713106567","160436257","[PREMIUM]","[PREMIUM]","VIP246","9","9001_9001","9001",,1,"[1]",5057,"VIP Plaza Level",11,"Mobile ticket",1,"[PREMIUM]","[PREMIUM]","[PREMIUM]","[PREMIUM]",false,false,"['Clear view']","2026-08-18 10:21:36"
"13723969302","2026-08-20 23:57:56.082","2026-08-26 22:37:22.752","13723969302","160436257","[PREMIUM]","[PREMIUM]","C107","1","_",,,2,"[2]",5049,"Club Lower Level",10,"Mobile Transfer ticket",1,"[PREMIUM]","[PREMIUM]","[PREMIUM]","[PREMIUM]",true,false,"['Front Row of Section','Clear view']","2026-08-19 11:25:26"
"13690868966","2026-08-20 23:57:56.073","2026-08-25 22:32:27.272","13690868966","160436257","[PREMIUM]","[PREMIUM]","VIP245","2","_",,,2,"[2]",5057,"VIP Plaza Level",10,"Mobile Transfer ticket",1,"[PREMIUM]","[PREMIUM]","[PREMIUM]","[PREMIUM]",true,false,"['Second Row of Section','Clear view']","2026-08-16 05:07:46"
"13719078052","2026-08-20 23:57:56.066","2026-08-26 22:37:22.882","13719078052","160436257","[PREMIUM]","[PREMIUM]","VIP218","3","_",,,4,"[4]",5057,"VIP Plaza Level",10,"Mobile Transfer ticket",1,"[PREMIUM]","[PREMIUM]","[PREMIUM]","[PREMIUM]",true,false,"['Third Row of Section','Clear view']","2026-08-18 23:16:25"
"13719078045","2026-08-20 23:57:56.065","2026-08-20 23:57:56.065","13719078045","160436257","[PREMIUM]","[PREMIUM]","VIP112","3","_",,,2,"[2]",5056,"VIP Lower Level",10,"Mobile Transfer ticket",1,"[PREMIUM]","[PREMIUM]","[PREMIUM]","[PREMIUM]",true,false,"['Third Row of Section','Clear view']","2026-08-18 23:16:25"
"13732183063","2026-08-20 23:57:56.049","2026-08-29 22:38:34.500","13732183063","160436257","[PREMIUM]","[PREMIUM]","C135","1","_",,,2,"[2]",5049,"Club Lower Level",10,"Mobile Transfer ticket",1,"[PREMIUM]","[PREMIUM]","[PREMIUM]","[PREMIUM]",true,false,"['Front Row of Section','Clear view']","2026-08-20 03:20:03"
"13741439103","2026-08-20 23:57:56.049","2026-08-26 22:37:22.841","13741439103","160436257","[PREMIUM]","[PREMIUM]","C116","1","_",,,2,"[2]",5049,"Club Lower Level",10,"Mobile Transfer ticket",1,"[PREMIUM]","[PREMIUM]","[PREMIUM]","[PREMIUM]",true,false,"['Front Row of Section','Clear view']","2026-08-20 18:58:22"
"13744223031","2026-08-20 23:57:56.049","2026-08-21 23:20:42.066","13744223031","160436257","[PREMIUM]","[PREMIUM]","C106","3","_",,,2,"[2]",5049,"Club Lower Level",10,"Mobile Transfer ticket",1,"[PREMIUM]","[PREMIUM]","[PREMIUM]","[PREMIUM]",true,false,"['Padded Seats','Second Row of Section','Clear view']","2026-08-20 22:41:18"
"13735329402","2026-08-20 23:57:56.045","2026-08-20 23:57:56.045","13735329402","160436257","[PREMIUM]","[PREMIUM]","C136","1","4_7","4","7",4,"[1,2,4]",5049,"Club Lower Level",10,"Mobile Transfer ticket",1,"[PREMIUM]","[PREMIUM]","[PREMIUM]","[PREMIUM]",true,false,"['Aisle seat','Actual 1st row of the section','Clear view']","2026-08-20 11:07:07"
"13732628539","2026-08-20 23:57:56.013","2026-09-02 22:31:33.876","13732628539","160436257","[PREMIUM]","[PREMIUM]","C108","1","13_14","13",,2,"[2]",5049,"Club Lower Level",10,"Mobile Transfer ticket",1,"[PREMIUM]","[PREMIUM]","[PREMIUM]","[PREMIUM]",true,false,"['Front Row of Section','Clear view']","2026-08-20 04:20:17"
"13734557798","2026-08-20 23:57:55.606","2026-08-22 22:26:29.628","13734557798","160418319","[PREMIUM]","[PREMIUM]","346","24","_",,,2,"[2]",407,"Upper",10,"Mobile Transfer ticket",1,"[PREMIUM]","[PREMIUM]","[PREMIUM]","[PREMIUM]",true,false,"['Clear view']","2026-08-20 09:19:34"
"13743414736","2026-08-20 23:57:55.589","2026-08-30 22:37:34.804","13743414736","160436257","[PREMIUM]","[PREMIUM]","C217","2","99_100","99",,2,"[2]",5050,"Club Plaza Level",10,"Mobile Transfer ticket",1,"[PREMIUM]","[PREMIUM]","[PREMIUM]","[PREMIUM]",true,false,"['Second Row of Section','Clear view']","2026-08-20 21:53:22"
"13579028546","2026-08-20 23:57:55.061","2026-08-31 22:32:54.306","13579028546","160436257","[PREMIUM]","[PREMIUM]","405","1","99_100","99",,2,"[2]",478,"Loge",10,"Mobile Transfer ticket",1,"[PREMIUM]","[PREMIUM]","[PREMIUM]","[PREMIUM]",true,false,"['Front Row of Section','Clear view']","2026-08-05 00:56:28"
"13733218834","2026-08-20 23:57:53.228","2026-08-20 23:57:53.228","13733218834","160418614","[PREMIUM]","[PREMIUM]","334","3","9001_9001","9001",,1,"[1]",1724,"Club",10,"Mobile Transfer ticket",1,"[PREMIUM]","[PREMIUM]","[PREMIUM]","[PREMIUM]",false,false,"['Third Row of Section','Clear view']","2026-08-20 05:52:06"
"13734582135","2026-08-20 23:57:53.228","2026-08-20 23:57:53.228","13734582135","160418614","[PREMIUM]","[PREMIUM]","134","2","_",,,2,"[2]",594,"Lower",10,"Mobile Transfer ticket",1,"[PREMIUM]","[PREMIUM]","[PREMIUM]","[PREMIUM]",true,false,"['Second Row of Section','Clear view']","2026-08-20 09:22:10"
"13726976600","2026-08-20 23:57:53.016","2026-09-01 22:33:53.402","13726976600","160418614","[PREMIUM]","[PREMIUM]","308","9","9_10","9",,2,"[2]",1724,"Club",10,"Mobile Transfer ticket",14,"[PREMIUM]","[PREMIUM]","[PREMIUM]","[PREMIUM]",true,false,"['Clear view']","2026-08-19 17:48:33"
"13740690547","2026-08-20 23:57:52.988","2026-08-20 23:57:52.988","13740690547","160418614","[PREMIUM]","[PREMIUM]","308","13","_",,,7,"[1,2,3,5,7]",1724,"Club",10,"Mobile Transfer ticket",1,"[PREMIUM]","[PREMIUM]","[PREMIUM]","[PREMIUM]",true,false,"['Clear view']","2026-08-20 17:55:35"
"13740882597","2026-08-20 23:57:52.988","2026-08-20 23:57:52.988","13740882597","160418614","[PREMIUM]","[PREMIUM]","309","17","_",,,6,"[1,2,4,6]",1724,"Club",10,"Mobile Transfer ticket",1,"[PREMIUM]","[PREMIUM]","[PREMIUM]","[PREMIUM]",true,false,"['Clear view']","2026-08-20 18:08:41"
"13741539106","2026-08-20 23:57:52.988","2026-08-20 23:57:52.988","13741539106","160418614","[PREMIUM]","[PREMIUM]","309","14","_",,,2,"[2]",1724,"Club",10,"Mobile Transfer ticket",1,"[PREMIUM]","[PREMIUM]","[PREMIUM]","[PREMIUM]",true,false,"['Clear view']","2026-08-20 19:12:01"
"13741763246","2026-08-20 23:57:52.988","2026-08-21 23:17:15.689","13741763246","160418614","[PREMIUM]","[PREMIUM]","310","6","_",,,7,"[1,2,3,5,7]",1724,"Club",10,"Mobile Transfer ticket",1,"[PREMIUM]","[PREMIUM]","[PREMIUM]","[PREMIUM]",true,false,"['Clear view']","2026-08-20 19:25:47"
"13742827519","2026-08-20 23:57:52.988","2026-08-20 23:57:52.988","13742827519","160418614","[PREMIUM]","[PREMIUM]","308","18","_",,,4,"[2,4]",1724,"Club",10,"Mobile Transfer ticket",1,"[PREMIUM]","[PREMIUM]","[PREMIUM]","[PREMIUM]",true,false,"['Clear view']","2026-08-20 20:56:30"
"13727401343","2026-08-20 23:57:52.966","2026-08-20 23:57:52.966","13727401343","160418614","[PREMIUM]","[PREMIUM]","102","1","9001_9002","9001",,2,"[2]",594,"Lower",10,"Mobile Transfer ticket",1,"[PREMIUM]","[PREMIUM]","[PREMIUM]","[PREMIUM]",true,false,"['Front Row of Section','Clear view']","2026-08-19 18:30:43"
"13735239711","2026-08-20 23:57:52.966","2026-08-24 22:27:37.899","13735239711","160418614","[PREMIUM]","[PREMIUM]","305","1","_",,,2,"[2]",1724,"Club",10,"Mobile Transfer ticket",1,"[PREMIUM]","[PREMIUM]","[PREMIUM]","[PREMIUM]",true,false,"['Front Row of Section','Clear view']","2026-08-20 10:55:18"
"13745347384","2026-08-20 23:57:52.934","2026-08-20 23:57:52.934","13745347384","160418614","[PREMIUM]","[PREMIUM]","535","1","_",,,4,"[4]",407,"Upper",10,"Mobile Transfer ticket",1,"[PREMIUM]","[PREMIUM]","[PREMIUM]","[PREMIUM]",true,false,"['Front Row of Section','Clear view']","2026-08-20 23:28:20"
"13674501306","2026-08-20 23:57:52.836","2026-08-20 23:57:52.836","13674501306","160418614","[PREMIUM]","[PREMIUM]","145","1","9001_9002","9001",,2,"[2]",594,"Lower",10,"Mobile Transfer ticket",1,"[PREMIUM]","[PREMIUM]","[PREMIUM]","[PREMIUM]",true,false,"['Front Row of Section','Clear view']","2026-08-14 15:41:20"
"13713177871","2026-08-20 23:57:52.651","2026-08-20 23:57:52.651","13713177871","160436257","[PREMIUM]","[PREMIUM]","340","3","9001_9002","9001",,2,"[2]",1713,"Middle Level",11,"Mobile ticket",1,"[PREMIUM]","[PREMIUM]","[PREMIUM]","[PREMIUM]",true,false,"['Third Row of Section','Clear view']","2026-08-18 10:34:09"
"13734649958","2026-08-20 23:57:52.651","2026-08-22 22:29:04.376","13734649958","160436257","[PREMIUM]","[PREMIUM]","340","2","9001_9003","9001",,3,"[3]",1713,"Middle Level",11,"Mobile ticket",1,"[PREMIUM]","[PREMIUM]","[PREMIUM]","[PREMIUM]",true,false,"['Second Row of Section','Clear view']","2026-08-20 09:32:05"
"13705579111","2026-08-20 23:57:52.577","2026-09-02 22:31:32.746","13705579111","160436257","[PREMIUM]","[PREMIUM]","C129","10","1_2","1",,2,"[2]",5049,"Club Lower Level",10,"Mobile Transfer ticket",1,"[PREMIUM]","[PREMIUM]","[PREMIUM]","[PREMIUM]",true,false,"['Clear view']","2026-08-17 17:55:29"
"13743409955","2026-08-20 23:57:52.495","2026-09-02 22:31:32.420","13743409955","160436257","[PREMIUM]","[PREMIUM]","351","4","99_100","99",,2,"[2]",1713,"Middle Level",10,"Mobile Transfer ticket",1,"[PREMIUM]","[PREMIUM]","[PREMIUM]","[PREMIUM]",true,false,"['Clear view']","2026-08-20 21:53:04"
"13740964643","2026-08-20 23:57:52.313","2026-08-31 22:30:17.460","13740964643","160418614","[PREMIUM]","[PREMIUM]","134","12","_",,,4,"[2,4]",594,"Lower",10,"Mobile Transfer ticket",14,"[PREMIUM]","[PREMIUM]","[PREMIUM]","[PREMIUM]",true,false,"['Clear view']","2026-08-20 18:15:56"
"13730309983","2026-08-20 23:57:52.307","2026-08-26 22:34:29.456","13730309983","160418614","[PREMIUM]","[PREMIUM]","107","3","7_8","7",,2,"[2]",594,"Lower",10,"Mobile Transfer ticket",14,"[PREMIUM]","[PREMIUM]","[PREMIUM]","[PREMIUM]",true,false,"['Third Row of Section','Clear view']","2026-08-19 23:43:08"
"13737205446","2026-08-20 23:57:52.307","2026-08-24 22:27:36.489","13737205446","160418614","[PREMIUM]","[PREMIUM]","110","2","17_18","17",,2,"[2]",594,"Lower",10,"Mobile Transfer ticket",14,"[PREMIUM]","[PREMIUM]","[PREMIUM]","[PREMIUM]",true,false,"['Second Row of Section','Clear view']","2026-08-20 14:36:59"
"13742860898","2026-08-20 23:57:52.260","2026-08-23 22:27:11.666","13742860898","160418614","[PREMIUM]","[PREMIUM]","136","3","_",,,2,"[2]",594,"Lower",10,"Mobile Transfer ticket",1,"[PREMIUM]","[PREMIUM]","[PREMIUM]","[PREMIUM]",true,false,"['Third Row of Section','Clear view']","2026-08-20 20:58:34"
"13740965652","2026-08-20 23:57:52.259","2026-08-28 22:32:06.000","13740965652","160418614","[PREMIUM]","[PREMIUM]","134","8","_",,,7,"[1,2,3,5,7]",594,"Lower",10,"Mobile Transfer ticket",14,"[PREMIUM]","[PREMIUM]","[PREMIUM]","[PREMIUM]",true,false,"['Clear view']","2026-08-20 18:16:00"
"12691294166","2026-08-20 23:57:52.245","2026-08-24 22:27:36.667","12691294166","160418614","[PREMIUM]","[PREMIUM]","134","7","_",,,2,"[2]",594,"Lower",10,"Mobile Transfer ticket",14,"[PREMIUM]","[PREMIUM]","[PREMIUM]","[PREMIUM]",true,false,"['Clear view']","2026-05-15 00:34:56"
"13737612712","2026-08-20 23:57:52.242","2026-08-20 23:57:52.242","13737612712","160418614","[PREMIUM]","[PREMIUM]","336","6","_",,,2,"[2]",1724,"Club",10,"Mobile Transfer ticket",1,"[PREMIUM]","[PREMIUM]","[PREMIUM]","[PREMIUM]",true,false,"['Clear view']","2026-08-20 14:58:34"
"13740604999","2026-08-20 23:57:52.242","2026-08-20 23:57:52.242","13740604999","160418614","[PREMIUM]","[PREMIUM]","336","16","_",,,2,"[2]",1724,"Club",10,"Mobile Transfer ticket",1,"[PREMIUM]","[PREMIUM]","[PREMIUM]","[PREMIUM]",true,false,"['Clear view']","2026-08-20 17:52:05"
"13742111356","2026-08-20 23:57:52.242","2026-08-21 23:17:13.472","13742111356","160418614","[PREMIUM]","[PREMIUM]","310","16","_",,,6,"[1,2,4,6]",1724,"Club",10,"Mobile Transfer ticket",1,"[PREMIUM]","[PREMIUM]","[PREMIUM]","[PREMIUM]",true,false,"['Clear view']","2026-08-20 19:52:44"
"13742267187","2026-08-20 23:57:52.242","2026-08-20 23:57:52.242","13742267187","160418614","[PREMIUM]","[PREMIUM]","306","7","_",,,3,"[1,3]",1724,"Club",10,"Mobile Transfer ticket",1,"[PREMIUM]","[PREMIUM]","[PREMIUM]","[PREMIUM]",true,false,"['Clear view']","2026-08-20 20:09:27"
"13730143726","2026-08-20 23:57:52.127","2026-08-28 22:32:05.841","13730143726","160418614","[PREMIUM]","[PREMIUM]","325","16","9001_9001","9001",,1,"[1]",1724,"Club",10,"Mobile Transfer ticket",1,"[PREMIUM]","[PREMIUM]","[PREMIUM]","[PREMIUM]",false,false,"['Clear view']","2026-08-19 23:21:29"
"13730225697","2026-08-20 23:57:52.027","2026-08-20 23:57:52.027","13730225697","160418614","[PREMIUM]","[PREMIUM]","330","7","9001_9001","9001",,1,"[1]",1724,"Club",10,"Mobile Transfer ticket",1,"[PREMIUM]","[PREMIUM]","[PREMIUM]","[PREMIUM]",false,false,"['Clear view']","2026-08-19 23:32:48"
"13730111786","2026-08-20 23:57:52.027","2026-08-20 23:57:52.027","13730111786","160418614","[PREMIUM]","[PREMIUM]","324","12","9001_9001","9001",,1,"[1]",1724,"Club",10,"Mobile Transfer ticket",1,"[PREMIUM]","[PREMIUM]","[PREMIUM]","[PREMIUM]",false,false,"['Clear view']","2026-08-19 23:17:23"
"13730141104","2026-08-20 23:57:52.027","2026-08-20 23:57:52.027","13730141104","160418614","[PREMIUM]","[PREMIUM]","330","3","9001_9001","9001",,1,"[1]",1724,"Club",10,"Mobile Transfer ticket",1,"[PREMIUM]","[PREMIUM]","[PREMIUM]","[PREMIUM]",false,false,"['Third Row of Section','Clear view']","2026-08-19 23:21:05"
"13740964843","2026-08-20 23:57:52.001","2026-08-26 22:34:26.454","13740964843","160418614","[PREMIUM]","[PREMIUM]","134","11","_",,,7,"[1,2,3,5,7]",594,"Lower",10,"Mobile Transfer ticket",14,"[PREMIUM]","[PREMIUM]","[PREMIUM]","[PREMIUM]",true,false,"['Clear view']","2026-08-20 18:15:56"
"13745308445","2026-08-20 23:57:51.991","2026-08-20 23:57:51.991","13745308445","160418614","[PREMIUM]","[PREMIUM]","141","9","_",,,3,"[3]",594,"Lower",10,"Mobile Transfer ticket",1,"[PREMIUM]","[PREMIUM]","[PREMIUM]","[PREMIUM]",true,false,"['Third Row of Section','Clear view']","2026-08-20 23:27:19"
"13122865940","2026-08-20 23:57:51.924","2026-09-02 22:31:29.094","13122865940","160436257","[PREMIUM]","[PREMIUM]","348","8","5_6","5",,2,"[2]",1713,"Middle Level",10,"Mobile Transfer ticket",1,"[PREMIUM]","[PREMIUM]","[PREMIUM]","[PREMIUM]",true,false,"['Clear view']","2026-06-23 20:16:35"
"13705082901","2026-08-20 23:57:51.859","2026-08-23 22:29:35.279","13705082901","160436257","[PREMIUM]","[PREMIUM]","C114","6","_",,,2,"[2]",5049,"Club Lower Level",10,"Mobile Transfer ticket",1,"[PREMIUM]","[PREMIUM]","[PREMIUM]","[PREMIUM]",true,false,"['Clear view']","2026-08-17 17:15:22"
"13526610514","2026-08-20 23:57:51.618","2026-09-02 22:31:30.641","13526610514","160436257","[PREMIUM]","[PREMIUM]","C216","9","_",,,4,"[2,4]",5050,"Club Plaza Level",10,"Mobile Transfer ticket",1,"[PREMIUM]","[PREMIUM]","[PREMIUM]","[PREMIUM]",true,false,"['Clear view']","2026-07-31 06:13:56"
"13728853876","2026-08-20 23:57:51.618","2026-08-23 22:29:18.010","13728853876","160436257","[PREMIUM]","[PREMIUM]","349","8","_",,,2,"[2]",1713,"Middle Level",10,"Mobile Transfer ticket",1,"[PREMIUM]","[PREMIUM]","[PREMIUM]","[PREMIUM]",true,false,"['Clear view']","2026-08-19 20:48:15"
"13736424354","2026-08-20 23:57:51.611","2026-09-02 22:31:33.724","13736424354","160436257","[PREMIUM]","[PREMIUM]","C248","2","12_13","12",,2,"[2]",5050,"Club Plaza Level",10,"Mobile Transfer ticket",1,"[PREMIUM]","[PREMIUM]","[PREMIUM]","[PREMIUM]",true,false,"['Second Row of Section','Clear view']","2026-08-20 13:33:16"
"13743410410","2026-08-20 23:57:51.611","2026-09-01 22:36:47.544","13743410410","160436257","[PREMIUM]","[PREMIUM]","322","3","99_100","99",,2,"[2]",1713,"Middle Level",10,"Mobile Transfer ticket",1,"[PREMIUM]","[PREMIUM]","[PREMIUM]","[PREMIUM]",true,false,"['Third Row of Section','Clear view']","2026-08-20 21:53:05"
"13719078013","2026-08-20 23:57:51.572","2026-08-25 22:32:17.354","13719078013","160436257","[PREMIUM]","[PREMIUM]","317","1","_",,,2,"[2]",1713,"Middle Level",10,"Mobile Transfer ticket",1,"[PREMIUM]","[PREMIUM]","[PREMIUM]","[PREMIUM]",true,false,"['Front Row of Section','Clear view']","2026-08-18 23:16:25"
"13724931841","2026-08-20 23:57:51.572","2026-09-02 22:31:28.563","13724931841","160436257","[PREMIUM]","[PREMIUM]","C249","16","13_14","13","14",2,"[2]",5050,"Club Plaza Level",10,"Mobile Transfer ticket",1,"[PREMIUM]","[PREMIUM]","[PREMIUM]","[PREMIUM]",true,false,"['Clear view']","2026-08-19 13:50:30"
"13740964356","2026-08-20 23:57:51.570","2026-08-22 22:26:23.507","13740964356","160418614","[PREMIUM]","[PREMIUM]","110","4","_",,,8,"[1,2,3,4,6,8]",594,"Lower",10,"Mobile Transfer ticket",14,"[PREMIUM]","[PREMIUM]","[PREMIUM]","[PREMIUM]",true,false,"['Clear view']","2026-08-20 18:15:54"
"13705435514","2026-08-20 23:57:51.501","2026-09-02 22:31:33.562","13705435514","160436257","[PREMIUM]","[PREMIUM]","C108","10","7_8","7",,2,"[2]",5049,"Club Lower Level",10,"Mobile Transfer ticket",1,"[PREMIUM]","[PREMIUM]","[PREMIUM]","[PREMIUM]",true,false,"['Clear view']","2026-08-17 17:43:59"
"13712994338","2026-08-20 23:57:51.457","2026-08-20 23:57:51.457","13712994338","160436257","[PREMIUM]","[PREMIUM]","413","1","9001_9002","9001",,2,"[2]",478,"Loge",11,"Mobile ticket",1,"[PREMIUM]","[PREMIUM]","[PREMIUM]","[PREMIUM]",true,false,"['Front Row of Section','Clear view']","2026-08-18 10:01:27"
"13713242393","2026-08-20 23:57:51.245","2026-08-20 23:57:51.245","13713242393","160436257","[PREMIUM]","[PREMIUM]","102","2","9001_9002","9001",,2,"[2]",1687,"Lower Level",10,"Mobile Transfer ticket",13,"[PREMIUM]","[PREMIUM]","[PREMIUM]","[PREMIUM]",true,false,"['Second Row of Section','Clear view']","2026-08-18 10:54:50"
"13743417667","2026-08-20 23:57:51.245","2026-08-26 22:37:13.790","13743417667","160436257","[PREMIUM]","[PREMIUM]","C243","11","5_6","5",,2,"[2]",5050,"Club Plaza Level",10,"Mobile Transfer ticket",1,"[PREMIUM]","[PREMIUM]","[PREMIUM]","[PREMIUM]",true,false,"['Clear view']","2026-08-20 21:53:33"
"13735550864","2026-08-20 23:57:51.034","2026-08-20 23:57:51.034","13735550864","160436257","[PREMIUM]","[PREMIUM]","431","1","9001_9002","9001",,2,"[2]",478,"Loge",10,"Mobile Transfer ticket",1,"[PREMIUM]","[PREMIUM]","[PREMIUM]","[PREMIUM]",true,false,"['Front Row of Section','Clear view']","2026-08-20 11:39:05"
"13733442092","2026-08-20 23:57:50.850","2026-08-27 22:28:30.990","13733442092","160436257","[PREMIUM]","[PREMIUM]","105","6","14_16","14","16",3,"[1,3]",1687,"Lower Level",10,"Mobile Transfer ticket",1,"[PREMIUM]","[PREMIUM]","[PREMIUM]","[PREMIUM]",true,false,"['Clear view']","2026-08-20 06:30:05"
"13742781980","2026-08-20 23:57:50.805","2026-08-20 23:57:51.497","13742781980","160436257","[PREMIUM]","[PREMIUM]","238","2","_",,,2,"[2]",4325,"Plaza Level",10,"Mobile Transfer ticket",1,"[PREMIUM]","[PREMIUM]","[PREMIUM]","[PREMIUM]",true,false,"['Second Row of Section','Clear view']","2026-08-20 20:54:31"
"13713294335","2026-08-20 23:57:50.752","2026-08-20 23:57:50.752","13713294335","160436257","[PREMIUM]","[PREMIUM]","332","6","9001_9004","9001",,4,"[4]",1713,"Middle Level",11,"Mobile ticket",1,"[PREMIUM]","[PREMIUM]","[PREMIUM]","[PREMIUM]",true,false,"['Clear view']","2026-08-18 11:03:45"
"12691292467","2026-08-20 23:57:50.733","2026-09-01 22:33:50.782","12691292467","160418614","[PREMIUM]","[PREMIUM]","130","2","_",,,2,"[2]",594,"Lower",10,"Mobile Transfer ticket",14,"[PREMIUM]","[PREMIUM]","[PREMIUM]","[PREMIUM]",true,false,"['Second Row of Section','Clear view']","2026-05-15 00:34:25"
"13734581906","2026-08-20 23:57:50.733","2026-08-23 22:27:10.222","13734581906","160418614","[PREMIUM]","[PREMIUM]","149","1","_",,,2,"[2]",594,"Lower",10,"Mobile Transfer ticket",1,"[PREMIUM]","[PREMIUM]","[PREMIUM]","[PREMIUM]",true,false,"['Front Row of Section','Clear view']","2026-08-20 09:22:10"
"13740962968","2026-08-20 23:57:50.733","2026-09-01 22:33:50.763","13740962968","160418614","[PREMIUM]","[PREMIUM]","107","5","_",,,4,"[2,4]",594,"Lower",10,"Mobile Transfer ticket",14,"[PREMIUM]","[PREMIUM]","[PREMIUM]","[PREMIUM]",true,false,"['Clear view']","2026-08-20 18:15:50"
"13736424351","2026-08-20 23:57:50.726","2026-08-20 23:57:50.726","13736424351","160436257","[PREMIUM]","[PREMIUM]","214","8","12_13","12",,2,"[2]",4325,"Plaza Level",10,"Mobile Transfer ticket",1,"[PREMIUM]","[PREMIUM]","[PREMIUM]","[PREMIUM]",true,false,"['Clear view']","2026-08-20 13:33:16"
"13742218623","2026-08-20 23:57:50.452","2026-09-02 22:31:26.427","13742218623","160436257","[PREMIUM]","[PREMIUM]","C118","17","6_9","6","9",4,"[1,2,3,4]",5049,"Club Lower Level",11,"Mobile ticket",1,"[PREMIUM]","[PREMIUM]","[PREMIUM]","[PREMIUM]",true,false,"['Includes parking','Clear view']","2026-08-20 20:02:39"
"13734346779","2026-08-20 23:57:50.424","2026-09-02 22:31:20.621","13734346779","160436257","[PREMIUM]","[PREMIUM]","200","15","9_12","9",,4,"[1,2,4]",4325,"Plaza Level",10,"Mobile Transfer ticket",1,"[PREMIUM]","[PREMIUM]","[PREMIUM]","[PREMIUM]",true,false,"['Clear view']","2026-08-20 08:47:42"
"13744165836","2026-08-20 23:57:50.398","2026-08-20 23:57:50.398","13744165836","160436257","[PREMIUM]","[PREMIUM]","341","1","17_18","17",,2,"[2]",1713,"Middle Level",10,"Mobile Transfer ticket",1,"[PREMIUM]","[PREMIUM]","[PREMIUM]","[PREMIUM]",true,false,"['Front Row of Section','Clear view']","2026-08-20 22:37:39"
"13727824241","2026-08-20 23:57:50.393","2026-08-23 22:29:11.221","13727824241","160436257","[PREMIUM]","[PREMIUM]","343","1","_",,,2,"[2]",1713,"Middle Level",10,"Mobile Transfer ticket",1,"[PREMIUM]","[PREMIUM]","[PREMIUM]","[PREMIUM]",true,false,"['Front Row of Section','Clear view']","2026-08-19 19:18:01"
"13738999219","2026-08-20 23:57:50.378","2026-08-28 22:34:16.698","13738999219","160436257","[PREMIUM]","[PREMIUM]","224","13","5_6","5","6",2,"[2]",4325,"Plaza Level",10,"Mobile Transfer ticket",1,"[PREMIUM]","[PREMIUM]","[PREMIUM]","[PREMIUM]",true,false,"['Clear view']","2026-08-20 16:23:43"
"13743411515","2026-08-20 23:57:50.375","2026-08-26 22:37:11.998","13743411515","160436257","[PREMIUM]","[PREMIUM]","418","5","99_100","99",,2,"[2]",478,"Loge",10,"Mobile Transfer ticket",1,"[PREMIUM]","[PREMIUM]","[PREMIUM]","[PREMIUM]",true,false,"['Clear view']","2026-08-20 21:53:10"
"12798160248","2026-08-20 23:57:50.124","2026-08-30 22:33:46.942","12798160248","160418614","[PREMIUM]","[PREMIUM]","106","22","_",,,2,"[2]",594,"Lower",10,"Mobile Transfer ticket",14,"[PREMIUM]","[PREMIUM]","[PREMIUM]","[PREMIUM]",true,false,"['Clear view']","2026-05-24 02:36:47"
"13740961350","2026-08-20 23:57:50.057","2026-08-23 22:27:10.363","13740961350","160418614","[PREMIUM]","[PREMIUM]","109","15","_",,,2,"[2]",594,"Lower",10,"Mobile Transfer ticket",14,"[PREMIUM]","[PREMIUM]","[PREMIUM]","[PREMIUM]",true,false,"['Clear view']","2026-08-20 18:15:45"
"13740962938","2026-08-20 23:57:50.057","2026-09-01 22:33:50.793","13740962938","160418614","[PREMIUM]","[PREMIUM]","108","15","_",,,4,"[2,4]",594,"Lower",10,"Mobile Transfer ticket",14,"[PREMIUM]","[PREMIUM]","[PREMIUM]","[PREMIUM]",true,false,"['Clear view']","2026-08-20 18:15:50"
"13740964527","2026-08-20 23:57:50.057","2026-09-01 22:33:48.504","13740964527","160418614","[PREMIUM]","[PREMIUM]","136","4","_",,,1,"[1]",594,"Lower",10,"Mobile Transfer ticket",14,"[PREMIUM]","[PREMIUM]","[PREMIUM]","[PREMIUM]",false,false,"['Clear view']","2026-08-20 18:15:55"
"13743395856","2026-08-20 23:57:50.057","2026-08-25 22:30:45.496","13743395856","160418614","[PREMIUM]","[PREMIUM]","111","10","_",,,2,"[2]",594,"Lower",10,"Mobile Transfer ticket",14,"[PREMIUM]","[PREMIUM]","[PREMIUM]","[PREMIUM]",true,false,"['Clear view']","2026-08-20 21:51:54"
"13740964875","2026-08-20 23:57:50.051","2026-08-26 22:34:24.115","13740964875","160418614","[PREMIUM]","[PREMIUM]","135","5","_",,,4,"[2,4]",594,"Lower",10,"Mobile Transfer ticket",14,"[PREMIUM]","[PREMIUM]","[PREMIUM]","[PREMIUM]",true,false,"['Clear view']","2026-08-20 18:15:56"
"12691293437","2026-08-20 23:57:50.040","2026-08-20 23:57:50.040","12691293437","160418614","[PREMIUM]","[PREMIUM]","105","7","_",,,2,"[2]",594,"Lower",10,"Mobile Transfer ticket",14,"[PREMIUM]","[PREMIUM]","[PREMIUM]","[PREMIUM]",true,false,"['Clear view']","2026-05-15 00:34:32"
"13740962740","2026-08-20 23:57:50.037","2026-08-20 23:57:50.037","13740962740","160418614","[PREMIUM]","[PREMIUM]","105","3","_",,,3,"[1,3]",594,"Lower",10,"Mobile Transfer ticket",14,"[PREMIUM]","[PREMIUM]","[PREMIUM]","[PREMIUM]",true,false,"['Third Row of Section','Clear view']","2026-08-20 18:15:50"
"13740965558","2026-08-20 23:57:50.037","2026-08-20 23:57:50.037","13740965558","160418614","[PREMIUM]","[PREMIUM]","135","9","_",,,2,"[2]",594,"Lower",10,"Mobile Transfer ticket",14,"[PREMIUM]","[PREMIUM]","[PREMIUM]","[PREMIUM]",true,false,"['Clear view']","2026-08-20 18:16:00"
"13740964421","2026-08-20 23:57:50.037","2026-08-20 23:57:50.037","13740964421","160418614","[PREMIUM]","[PREMIUM]","135","15","_",,,8,"[1,2,3,4,6,8]",594,"Lower",10,"Mobile Transfer ticket",14,"[PREMIUM]","[PREMIUM]","[PREMIUM]","[PREMIUM]",true,false,"['Clear view']","2026-08-20 18:15:55"
"13740965018","2026-08-20 23:57:50.037","2026-08-20 23:57:50.037","13740965018","160418614","[PREMIUM]","[PREMIUM]","132","9","_",,,3,"[1,3]",594,"Lower",10,"Mobile Transfer ticket",14,"[PREMIUM]","[PREMIUM]","[PREMIUM]","[PREMIUM]",true,false,"['Clear view']","2026-08-20 18:15:57"
"13740963042","2026-08-20 23:57:50.037","2026-09-01 22:33:43.384","13740963042","160418614","[PREMIUM]","[PREMIUM]","106","17","_",,,6,"[1,2,4,6]",594,"Lower",10,"Mobile Transfer ticket",14,"[PREMIUM]","[PREMIUM]","[PREMIUM]","[PREMIUM]",true,false,"['Clear view']","2026-08-20 18:15:50"
"13740965071","2026-08-20 23:57:50.032","2026-08-25 22:30:45.739","13740965071","160418614","[PREMIUM]","[PREMIUM]","137","5","_",,,5,"[1,3,5]",594,"Lower",10,"Mobile Transfer ticket",14,"[PREMIUM]","[PREMIUM]","[PREMIUM]","[PREMIUM]",true,false,"['Clear view']","2026-08-20 18:15:58"
"13740964883","2026-08-20 23:57:50.032","2026-08-27 22:26:51.377","13740964883","160418614","[PREMIUM]","[PREMIUM]","132B","30","_",,,4,"[2,4]",594,"Lower",10,"Mobile Transfer ticket",14,"[PREMIUM]","[PREMIUM]","[PREMIUM]","[PREMIUM]",true,false,"['Clear view']","2026-08-20 18:15:57"
"13745305466","2026-08-20 23:57:50.025","2026-08-20 23:57:50.025","13745305466","160418614","[PREMIUM]","[PREMIUM]","118A","23","_",,,2,"[2]",594,"Lower",10,"Mobile Transfer ticket",1,"[PREMIUM]","[PREMIUM]","[PREMIUM]","[PREMIUM]",true,false,"['Front Row of Section','Clear view']","2026-08-20 23:27:13"
"13740963581","2026-08-20 23:57:50.010","2026-08-28 22:32:03.111","13740963581","160418614","[PREMIUM]","[PREMIUM]","132","8","_",,,2,"[2]",594,"Lower",10,"Mobile Transfer ticket",14,"[PREMIUM]","[PREMIUM]","[PREMIUM]","[PREMIUM]",true,false,"['Clear view']","2026-08-20 18:15:52"
"13740963232","2026-08-20 23:57:50.010","2026-08-25 22:30:45.180","13740963232","160418614","[PREMIUM]","[PREMIUM]","106","13","_",,,2,"[2]",594,"Lower",10,"Mobile Transfer ticket",14,"[PREMIUM]","[PREMIUM]","[PREMIUM]","[PREMIUM]",true,false,"['Clear view']","2026-08-20 18:15:51"
"13740962979","2026-08-20 23:57:50.010","2026-08-21 23:17:11.428","13740962979","160418614","[PREMIUM]","[PREMIUM]","108","18","_",,,2,"[2]",594,"Lower",10,"Mobile Transfer ticket",14,"[PREMIUM]","[PREMIUM]","[PREMIUM]","[PREMIUM]",true,false,"['Clear view']","2026-08-20 18:15:50"
"12691292942","2026-08-20 23:57:50.000","2026-08-28 22:31:06.735","12691292942","160418614","[PREMIUM]","[PREMIUM]","129","2","_",,,6,"[1,2,4,6]",594,"Lower",10,"Mobile Transfer ticket",14,"[PREMIUM]","[PREMIUM]","[PREMIUM]","[PREMIUM]",true,false,"['Second Row of Section','Clear view']","2026-05-15 00:34:28"
"13740965767","2026-08-20 23:57:49.977","2026-08-26 22:34:23.116","13740965767","160418614","[PREMIUM]","[PREMIUM]","138","3","_",,,6,"[1,2,4,6]",594,"Lower",10,"Mobile Transfer ticket",14,"[PREMIUM]","[PREMIUM]","[PREMIUM]","[PREMIUM]",true,false,"['Third Row of Section','Clear view']","2026-08-20 18:16:00"
"13740964532","2026-08-20 23:57:49.977","2026-08-28 22:31:56.776","13740964532","160418614","[PREMIUM]","[PREMIUM]","135","17","_",,,4,"[2,4]",594,"Lower",10,"Mobile Transfer ticket",14,"[PREMIUM]","[PREMIUM]","[PREMIUM]","[PREMIUM]",true,false,"['Clear view']","2026-08-20 18:15:55"
"13740962517","2026-08-20 23:57:49.977","2026-08-23 22:26:17.492","13740962517","160418614","[PREMIUM]","[PREMIUM]","112","5","_",,,4,"[2,4]",594,"Lower",10,"Mobile Transfer ticket",14,"[PREMIUM]","[PREMIUM]","[PREMIUM]","[PREMIUM]",true,false,"['Clear view']","2026-08-20 18:15:49"
"13741601422","2026-08-20 23:57:49.977","2026-08-20 23:57:49.977","13741601422","160418614","[PREMIUM]","[PREMIUM]","110","10","_",,,3,"[1,3]",594,"Lower",10,"Mobile Transfer ticket",14,"[PREMIUM]","[PREMIUM]","[PREMIUM]","[PREMIUM]",true,false,"['Clear view']","2026-08-20 19:16:07"
"13725930651","2026-08-20 23:57:49.966","2026-09-01 22:33:43.767","13725930651","160418614","[PREMIUM]","[PREMIUM]","131","9","_",,,4,"[2,4]",594,"Lower",10,"Mobile Transfer ticket",1,"[PREMIUM]","[PREMIUM]","[PREMIUM]","[PREMIUM]",true,false,"['Clear view']","2026-08-19 16:04:46"
"13740964929","2026-08-20 23:57:49.966","2026-08-23 22:27:09.763","13740964929","160418614","[PREMIUM]","[PREMIUM]","134","28","_",,,5,"[1,3,5]",594,"Lower",10,"Mobile Transfer ticket",14,"[PREMIUM]","[PREMIUM]","[PREMIUM]","[PREMIUM]",true,false,"['Clear view']","2026-08-20 18:15:57"
"13740964176","2026-08-20 23:57:49.897","2026-08-20 23:57:49.897","13740964176","160418614","[PREMIUM]","[PREMIUM]","132","13","_",,,4,"[2,4]",594,"Lower",10,"Mobile Transfer ticket",14,"[PREMIUM]","[PREMIUM]","[PREMIUM]","[PREMIUM]",true,false,"['Clear view']","2026-08-20 18:15:54"
"13741295576","2026-08-20 23:57:49.897","2026-08-20 23:57:49.897","13741295576","160418614","[PREMIUM]","[PREMIUM]","110","8","_",,,2,"[2]",594,"Lower",10,"Mobile Transfer ticket",14,"[PREMIUM]","[PREMIUM]","[PREMIUM]","[PREMIUM]",true,false,"['Clear view']","2026-08-20 18:46:23"
"13734346776","2026-08-20 23:57:49.682","2026-09-02 22:31:20.621","13734346776","160436257","[PREMIUM]","[PREMIUM]","200","8","3_4","3",,2,"[2]",4325,"Plaza Level",10,"Mobile Transfer ticket",1,"[PREMIUM]","[PREMIUM]","[PREMIUM]","[PREMIUM]",true,false,"['Clear view']","2026-08-20 08:47:42"
"13742924309","2026-08-20 23:57:49.672","2026-08-23 22:29:03.537","13742924309","160436257","[PREMIUM]","[PREMIUM]","211","6","_",,,2,"[2]",4325,"Plaza Level",10,"Mobile Transfer ticket",1,"[PREMIUM]","[PREMIUM]","[PREMIUM]","[PREMIUM]",true,false,"['Clear view']","2026-08-20 21:08:46"
"13734461690","2026-08-20 23:57:49.655","2026-08-31 22:32:23.669","13734461690","160436257","[PREMIUM]","[PREMIUM]","237","11","5_8","5",,4,"[1,2,4]",4325,"Plaza Level",10,"Mobile Transfer ticket",1,"[PREMIUM]","[PREMIUM]","[PREMIUM]","[PREMIUM]",true,false,"['Clear view']","2026-08-20 09:02:11"
"13734476344","2026-08-20 23:57:49.641","2026-08-22 22:28:41.378","13734476344","160436257","[PREMIUM]","[PREMIUM]","301","3","10_13","10",,4,"[1,2,4]",1713,"Middle Level",10,"Mobile Transfer ticket",1,"[PREMIUM]","[PREMIUM]","[PREMIUM]","[PREMIUM]",true,false,"['Third Row of Section','Clear view']","2026-08-20 09:05:38"
"13743938763","2026-08-20 23:57:49.604","2026-08-30 22:37:14.573","13743938763","160436257","[PREMIUM]","[PREMIUM]","518","1","_",,,4,"[4]",954,"Upper Level",10,"Mobile Transfer ticket",1,"[PREMIUM]","[PREMIUM]","[PREMIUM]","[PREMIUM]",true,false,"['Front Row of Section','Clear view']","2026-08-20 22:27:04"
"13734346807","2026-08-20 23:57:49.199","2026-08-25 22:32:14.820","13734346807","160436257","[PREMIUM]","[PREMIUM]","231","1","19_20","19",,2,"[2]",4325,"Plaza Level",10,"Mobile Transfer ticket",1,"[PREMIUM]","[PREMIUM]","[PREMIUM]","[PREMIUM]",true,false,"['Front Row of Section','Clear view']","2026-08-20 08:47:42"
"13735893300","2026-08-20 23:57:49.199","2026-09-02 22:31:18.820","13735893300","160436257","[PREMIUM]","[PREMIUM]","228","23","_",,,2,"[2]",4325,"Plaza Level",10,"Mobile Transfer ticket",1,"[PREMIUM]","[PREMIUM]","[PREMIUM]","[PREMIUM]",true,false,"['Clear view']","2026-08-20 12:37:44"
"13734347708","2026-08-20 23:57:49.199","2026-09-01 22:36:37.511","13734347708","160436257","[PREMIUM]","[PREMIUM]","412","2","1_4","1",,4,"[1,2,4]",478,"Loge",10,"Mobile Transfer ticket",1,"[PREMIUM]","[PREMIUM]","[PREMIUM]","[PREMIUM]",true,false,"['Second Row of Section','Clear view']","2026-08-20 08:47:51"
"13716781794","2026-08-20 23:57:48.586","2026-09-02 22:31:17.305","13716781794","160436257","[PREMIUM]","[PREMIUM]","202","9","15_16","15",,2,"[2]",4325,"Plaza Level",10,"Mobile Transfer ticket",1,"[PREMIUM]","[PREMIUM]","[PREMIUM]","[PREMIUM]",true,false,"['Clear view']","2026-08-18 18:51:23"
"13733440433","2026-08-20 23:57:48.586","2026-08-20 23:57:48.586","13733440433","160436257","[PREMIUM]","[PREMIUM]","506","1","9001_9002","9001",,2,"[2]",954,"Upper Level",11,"Mobile ticket",1,"[PREMIUM]","[PREMIUM]","[PREMIUM]","[PREMIUM]",true,false,"['Front Row of Section','Clear view']","2026-08-20 06:29:34"
"13729123925","2026-08-20 23:57:48.512","2026-08-23 22:28:47.677","13729123925","160436257","[PREMIUM]","[PREMIUM]","315","6","_",,,2,"[2]",1713,"Middle Level",10,"Mobile Transfer ticket",1,"[PREMIUM]","[PREMIUM]","[PREMIUM]","[PREMIUM]",true,false,"['Clear view']","2026-08-19 21:20:21"
"13734618827","2026-08-20 23:57:48.191","2026-08-21 23:20:28.405","13734618827","160436257","[PREMIUM]","[PREMIUM]","208","15","_",,,2,"[1,2]",4325,"Plaza Level",10,"Mobile Transfer ticket",1,"[PREMIUM]","[PREMIUM]","[PREMIUM]","[PREMIUM]",true,false,"['Clear view']","2026-08-20 09:27:23"
"13736328403","2026-08-20 23:57:48.164","2026-08-20 23:57:48.164","13736328403","160436257","[PREMIUM]","[PREMIUM]","329","7","3_6","3","6",4,"[2,4]",1713,"Middle Level",10,"Mobile Transfer ticket",1,"[PREMIUM]","[PREMIUM]","[PREMIUM]","[PREMIUM]",true,false,"['Clear view']","2026-08-20 13:24:21"
"13734025322","2026-08-20 23:57:48.160","2026-08-20 23:57:48.160","13734025322","160436257","[PREMIUM]","[PREMIUM]","306","4","9001_9002","9001",,2,"[2]",1713,"Middle Level",10,"Mobile Transfer ticket",13,"[PREMIUM]","[PREMIUM]","[PREMIUM]","[PREMIUM]",true,false,"['Clear view']","2026-08-20 08:01:19"
"13743413278","2026-08-20 23:57:47.121","2026-09-02 22:31:14.331","13743413278","160436257","[PREMIUM]","[PREMIUM]","404","1","99_99","99",,1,"[1]",478,"Loge",10,"Mobile Transfer ticket",1,"[PREMIUM]","[PREMIUM]","[PREMIUM]","[PREMIUM]",false,false,"['Front Row of Section','Clear view']","2026-08-20 21:53:17"
"13734347354","2026-08-20 23:57:46.904","2026-09-02 22:31:13.797","13734347354","160436257","[PREMIUM]","[PREMIUM]","402","1","19_20","19",,2,"[2]",478,"Loge",10,"Mobile Transfer ticket",1,"[PREMIUM]","[PREMIUM]","[PREMIUM]","[PREMIUM]",true,false,"['Front Row of Section','Clear view']","2026-08-20 08:47:47"
"13734346560","2026-08-20 23:57:46.904","2026-09-02 22:31:13.797","13734346560","160436257","[PREMIUM]","[PREMIUM]","405","2","9_10","9",,2,"[2]",478,"Loge",10,"Mobile Transfer ticket",1,"[PREMIUM]","[PREMIUM]","[PREMIUM]","[PREMIUM]",true,false,"['Second Row of Section','Clear view']","2026-08-20 08:47:41"
"13707110097","2026-08-20 23:57:46.834","2026-08-30 22:36:43.087","13707110097","160436257","[PREMIUM]","[PREMIUM]","338","3","19_20","19","20",2,"[2]",1713,"Middle Level",11,"Mobile ticket",1,"[PREMIUM]","[PREMIUM]","[PREMIUM]","[PREMIUM]",true,false,"['Actual 1st row of the section','Clear view']","2026-08-17 20:19:24"
"13734461730","2026-08-20 23:57:46.731","2026-08-22 22:28:37.700","13734461730","160436257","[PREMIUM]","[PREMIUM]","307","16","13_16","13",,4,"[1,2,4]",1713,"Middle Level",10,"Mobile Transfer ticket",1,"[PREMIUM]","[PREMIUM]","[PREMIUM]","[PREMIUM]",true,false,"['Clear view']","2026-08-20 09:02:12"
"13734521911","2026-08-20 23:57:45.730","2026-09-01 22:35:48.826","13734521911","160436257","[PREMIUM]","[PREMIUM]","537","13","_",,,5,"[1,2,3,4,5]",954,"Upper Level",10,"Mobile Transfer ticket",1,"[PREMIUM]","[PREMIUM]","[PREMIUM]","[PREMIUM]",true,false,"['Clear view']","2026-08-20 09:12:50"
"13734350931","2026-08-20 23:57:45.678","2026-09-02 22:31:10.596","13734350931","160436257","[PREMIUM]","[PREMIUM]","403","3","_",,,2,"[2]",478,"Loge",10,"Mobile Transfer ticket",1,"[PREMIUM]","[PREMIUM]","[PREMIUM]","[PREMIUM]",true,false,"['Third Row of Section','Clear view']","2026-08-20 08:48:20"
"13145212873","2026-08-20 23:57:44.621","2026-08-23 22:28:21.540","13145212873","160436257","[PREMIUM]","[PREMIUM]","531","3","12_15","12","15",4,"[2,4]",954,"Upper Level",10,"Mobile Transfer ticket",1,"[PREMIUM]","[PREMIUM]","[PREMIUM]","[PREMIUM]",true,false,"['Third Row of Section','Clear view']","2026-06-25 19:19:34"
"13705469413","2026-08-20 23:57:44.596","2026-08-30 22:35:52.417","13705469413","160436257","[PREMIUM]","[PREMIUM]","548","6","12_15","12",,4,"[1,2,4]",954,"Upper Level",10,"Mobile Transfer ticket",1,"[PREMIUM]","[PREMIUM]","[PREMIUM]","[PREMIUM]",true,false,"['Clear view']","2026-08-17 17:46:12"
"13741810160","2026-08-20 23:57:44.276","2026-09-01 22:36:18.112","13741810160","160436257","[PREMIUM]","[PREMIUM]","433","3","17_18","17","18",2,"[2]",478,"Loge",11,"Mobile ticket",1,"[PREMIUM]","[PREMIUM]","[PREMIUM]","[PREMIUM]",true,false,"['Third Row of Section','Clear view']","2026-08-20 19:29:45"
"13734962292","2026-08-20 23:57:44.249","2026-09-02 22:31:02.007","13734962292","160436257","[PREMIUM]","[PREMIUM]","504","12","7_10","7","10",4,"[2,4]",954,"Upper Level",10,"Mobile Transfer ticket",1,"[PREMIUM]","[PREMIUM]","[PREMIUM]","[PREMIUM]",true,false,"['Clear view']","2026-08-20 10:14:42"
"13734962287","2026-08-20 23:57:44.249","2026-09-02 22:31:02.007","13734962287","160436257","[PREMIUM]","[PREMIUM]","525","12","9_10","9","10",2,"[2]",954,"Upper Level",10,"Mobile Transfer ticket",1,"[PREMIUM]","[PREMIUM]","[PREMIUM]","[PREMIUM]",true,false,"['Clear view']","2026-08-20 10:14:42"
"13725597480","2026-08-20 23:57:44.238","2026-09-02 22:30:01.807","13725597480","160436257","[PREMIUM]","[PREMIUM]","524","6","_",,,4,"[2,4]",954,"Upper Level",10,"Mobile Transfer ticket",1,"[PREMIUM]","[PREMIUM]","[PREMIUM]","[PREMIUM]",true,false,"['Clear view']","2026-08-19 15:26:56"
"13734462269","2026-08-20 23:57:44.220","2026-08-21 23:19:28.548","13734462269","160436257","[PREMIUM]","[PREMIUM]","529","20","17_20","17",,4,"[1,2,4]",954,"Upper Level",10,"Mobile Transfer ticket",1,"[PREMIUM]","[PREMIUM]","[PREMIUM]","[PREMIUM]",true,false,"['Clear view']","2026-08-20 09:02:20"
"13734347330","2026-08-20 23:57:44.220","2026-08-21 23:19:34.624","13734347330","160436257","[PREMIUM]","[PREMIUM]","551","16","5_8","5",,4,"[1,2,4]",954,"Upper Level",10,"Mobile Transfer ticket",1,"[PREMIUM]","[PREMIUM]","[PREMIUM]","[PREMIUM]",true,false,"['Clear view']","2026-08-20 08:47:47"
"13734347304","2026-08-20 23:57:44.220","2026-08-29 22:37:53.710","13734347304","160436257","[PREMIUM]","[PREMIUM]","549","12","20_23","20",,4,"[1,2,4]",954,"Upper Level",10,"Mobile Transfer ticket",1,"[PREMIUM]","[PREMIUM]","[PREMIUM]","[PREMIUM]",true,false,"['Clear view']","2026-08-20 08:47:47"
"13734962281","2026-08-20 23:57:44.187","2026-08-23 22:28:18.912","13734962281","160436257","[PREMIUM]","[PREMIUM]","504","13","1_4","1","4",4,"[2,4]",954,"Upper Level",10,"Mobile Transfer ticket",1,"[PREMIUM]","[PREMIUM]","[PREMIUM]","[PREMIUM]",true,false,"['Clear view']","2026-08-20 10:14:42"
"13734350560","2026-08-20 23:57:44.186","2026-08-21 23:19:34.624","13734350560","160436257","[PREMIUM]","[PREMIUM]","528","13","1_4","1",,4,"[1,2,4]",954,"Upper Level",10,"Mobile Transfer ticket",1,"[PREMIUM]","[PREMIUM]","[PREMIUM]","[PREMIUM]",true,false,"['Clear view']","2026-08-20 08:48:17"
"13734349467","2026-08-20 23:57:44.186","2026-08-21 23:19:28.548","13734349467","160436257","[PREMIUM]","[PREMIUM]","504","16","3_4","3",,2,"[2]",954,"Upper Level",10,"Mobile Transfer ticket",1,"[PREMIUM]","[PREMIUM]","[PREMIUM]","[PREMIUM]",true,false,"['Clear view']","2026-08-20 08:48:06"
"13734462387","2026-08-20 23:57:44.186","2026-08-26 22:36:50.354","13734462387","160436257","[PREMIUM]","[PREMIUM]","528","6","9_11","9",,3,"[1,3]",954,"Upper Level",10,"Mobile Transfer ticket",1,"[PREMIUM]","[PREMIUM]","[PREMIUM]","[PREMIUM]",true,false,"['Clear view']","2026-08-20 09:02:20"
"13740965144","2026-08-20 23:57:43.907","2026-08-26 22:34:21.369","13740965144","160418614","[PREMIUM]","[PREMIUM]","137","11","_",,,2,"[2]",594,"Lower",10,"Mobile Transfer ticket",14,"[PREMIUM]","[PREMIUM]","[PREMIUM]","[PREMIUM]",true,false,"['Clear view']","2026-08-20 18:15:58"
"13740965065","2026-08-20 23:57:43.907","2026-08-24 22:27:28.410","13740965065","160418614","[PREMIUM]","[PREMIUM]","137","12","_",,,3,"[1,3]",594,"Lower",10,"Mobile Transfer ticket",14,"[PREMIUM]","[PREMIUM]","[PREMIUM]","[PREMIUM]",true,false,"['Clear view']","2026-08-20 18:15:58"
"13740961589","2026-08-20 23:57:43.907","2026-08-26 22:34:21.475","13740961589","160418614","[PREMIUM]","[PREMIUM]","112","15","_",,,10,"[1,2,3,4,5,6,8,10]",594,"Lower",10,"Mobile Transfer ticket",14,"[PREMIUM]","[PREMIUM]","[PREMIUM]","[PREMIUM]",true,false,"['Clear view']","2026-08-20 18:15:46"
"12700128926","2026-08-20 23:57:43.877","2026-08-20 23:57:43.877","12700128926","160418614","[PREMIUM]","[PREMIUM]","136","27","_",,,7,"[1,2,3,4,5,7]",594,"Lower",10,"Mobile Transfer ticket",1,"[PREMIUM]","[PREMIUM]","[PREMIUM]","[PREMIUM]",true,false,"['Clear view']","2026-05-15 17:26:54"
"13740963584","2026-08-20 23:57:43.877","2026-08-20 23:57:43.877","13740963584","160418614","[PREMIUM]","[PREMIUM]","105","22","_",,,12,"[1,2,3,4,5,6,7,8,10,12]",594,"Lower",10,"Mobile Transfer ticket",14,"[PREMIUM]","[PREMIUM]","[PREMIUM]","[PREMIUM]",true,false,"['Clear view']","2026-08-20 18:15:52"
"13727483339","2026-08-20 23:57:43.861","2026-08-23 22:27:08.034","13727483339","160418614","[PREMIUM]","[PREMIUM]","531","2","_",,,2,"[2]",407,"Upper",10,"Mobile Transfer ticket",1,"[PREMIUM]","[PREMIUM]","[PREMIUM]","[PREMIUM]",true,false,"['Second Row of Section','Clear view']","2026-08-19 18:37:39"
"13734501392","2026-08-20 23:57:43.861","2026-09-01 22:33:36.333","13734501392","160418614","[PREMIUM]","[PREMIUM]","137","17","9_10","9",,2,"[2]",594,"Lower",10,"Mobile Transfer ticket",1,"[PREMIUM]","[PREMIUM]","[PREMIUM]","[PREMIUM]",true,false,"['Clear view']","2026-08-20 09:09:37"
"13740965519","2026-08-20 23:57:43.861","2026-08-28 22:31:06.507","13740965519","160418614","[PREMIUM]","[PREMIUM]","136","25","_",,,3,"[1,3]",594,"Lower",10,"Mobile Transfer ticket",14,"[PREMIUM]","[PREMIUM]","[PREMIUM]","[PREMIUM]",true,false,"['Clear view']","2026-08-20 18:16:00"
"13740961729","2026-08-20 23:57:43.856","2026-08-25 22:30:45.206","13740961729","160418614","[PREMIUM]","[PREMIUM]","112","18","_",,,8,"[1,2,3,4,6,8]",594,"Lower",10,"Mobile Transfer ticket",14,"[PREMIUM]","[PREMIUM]","[PREMIUM]","[PREMIUM]",true,false,"['Clear view']","2026-08-20 18:15:46"
"13740964977","2026-08-20 23:57:43.856","2026-08-22 22:26:12.604","13740964977","160418614","[PREMIUM]","[PREMIUM]","137","20","_",,,10,"[1,2,3,4,5,6,8,10]",594,"Lower",10,"Mobile Transfer ticket",14,"[PREMIUM]","[PREMIUM]","[PREMIUM]","[PREMIUM]",true,false,"['Clear view']","2026-08-20 18:15:57"
"13740964945","2026-08-20 23:57:43.856","2026-08-21 23:17:05.602","13740964945","160418614","[PREMIUM]","[PREMIUM]","135B","33","_",,,6,"[1,2,4,6]",594,"Lower",10,"Mobile Transfer ticket",14,"[PREMIUM]","[PREMIUM]","[PREMIUM]","[PREMIUM]",true,false,"['Clear view']","2026-08-20 18:15:57"
"13740964503","2026-08-20 23:57:43.856","2026-08-20 23:57:43.856","13740964503","160418614","[PREMIUM]","[PREMIUM]","135A","33","_",,,4,"[2,4]",594,"Lower",10,"Mobile Transfer ticket",14,"[PREMIUM]","[PREMIUM]","[PREMIUM]","[PREMIUM]",true,false,"['Clear view']","2026-08-20 18:15:55"
"13741601776","2026-08-20 23:57:43.856","2026-08-21 23:17:05.750","13741601776","160418614","[PREMIUM]","[PREMIUM]","138","8","_",,,2,"[2]",594,"Lower",10,"Mobile Transfer ticket",14,"[PREMIUM]","[PREMIUM]","[PREMIUM]","[PREMIUM]",true,false,"['Clear view']","2026-08-20 19:16:08"
"13725660412","2026-08-20 23:57:43.833","2026-09-02 22:26:50.812","13725660412","160418614","[PREMIUM]","[PREMIUM]","120","1","_",,,1,"[1]",594,"Lower",10,"Mobile Transfer ticket",1,"[PREMIUM]","[PREMIUM]","[PREMIUM]","[PREMIUM]",false,false,"['Actual 1st row of the section','Clear view']","2026-08-19 15:32:47"
"13740965167","2026-08-20 23:57:43.833","2026-08-25 22:30:45.351","13740965167","160418614","[PREMIUM]","[PREMIUM]","132A","28","_",,,7,"[1,2,3,5,7]",594,"Lower",10,"Mobile Transfer ticket",14,"[PREMIUM]","[PREMIUM]","[PREMIUM]","[PREMIUM]",true,false,"['Clear view']","2026-08-20 18:15:58"
"13740964899","2026-08-20 23:57:43.833","2026-09-01 22:33:43.767","13740964899","160418614","[PREMIUM]","[PREMIUM]","135A","29","_",,,3,"[1,3]",594,"Lower",10,"Mobile Transfer ticket",14,"[PREMIUM]","[PREMIUM]","[PREMIUM]","[PREMIUM]",true,false,"['Clear view']","2026-08-20 18:15:57"
"13742664774","2026-08-20 23:57:43.833","2026-08-20 23:57:43.833","13742664774","160418614","[PREMIUM]","[PREMIUM]","506","1","9001_9002","9001",,2,"[2]",407,"Upper",10,"Mobile Transfer ticket",13,"[PREMIUM]","[PREMIUM]","[PREMIUM]","[PREMIUM]",true,false,"['Front Row of Section','Clear view']","2026-08-20 20:43:29"
"13740964941","2026-08-20 23:57:43.824","2026-08-24 22:27:27.731","13740964941","160418614","[PREMIUM]","[PREMIUM]","138","7","_",,,3,"[1,3]",594,"Lower",10,"Mobile Transfer ticket",14,"[PREMIUM]","[PREMIUM]","[PREMIUM]","[PREMIUM]",true,false,"['Clear view']","2026-08-20 18:15:57"
"13741601330","2026-08-20 23:57:43.824","2026-08-20 23:57:43.824","13741601330","160418614","[PREMIUM]","[PREMIUM]","136","32","_",,,3,"[1,3]",594,"Lower",10,"Mobile Transfer ticket",14,"[PREMIUM]","[PREMIUM]","[PREMIUM]","[PREMIUM]",true,false,"['Clear view']","2026-08-20 19:16:07"
"13740964490","2026-08-20 23:57:43.809","2026-08-24 22:27:27.778","13740964490","160418614","[PREMIUM]","[PREMIUM]","130","19","_",,,2,"[2]",594,"Lower",10,"Mobile Transfer ticket",14,"[PREMIUM]","[PREMIUM]","[PREMIUM]","[PREMIUM]",true,false,"['Clear view']","2026-08-20 18:15:55"
"13740963440","2026-08-20 23:57:43.809","2026-08-26 22:33:14.497","13740963440","160418614","[PREMIUM]","[PREMIUM]","129","17","_",,,6,"[1,2,4,6]",594,"Lower",10,"Mobile Transfer ticket",14,"[PREMIUM]","[PREMIUM]","[PREMIUM]","[PREMIUM]",true,false,"['Clear view']","2026-08-20 18:15:52"
"13741601046","2026-08-20 23:57:43.809","2026-08-20 23:57:43.809","13741601046","160418614","[PREMIUM]","[PREMIUM]","118","7","_",,,2,"[2]",594,"Lower",10,"Mobile Transfer ticket",14,"[PREMIUM]","[PREMIUM]","[PREMIUM]","[PREMIUM]",true,false,"['Dawg pound seats','Clear view']","2026-08-20 19:16:06"
"12691292145","2026-08-20 23:57:43.806","2026-08-22 22:26:12.367","12691292145","160418614","[PREMIUM]","[PREMIUM]","118","6","_",,,3,"[1,3]",594,"Lower",10,"Mobile Transfer ticket",14,"[PREMIUM]","[PREMIUM]","[PREMIUM]","[PREMIUM]",true,false,"['Dawg pound seats','Clear view']","2026-05-15 00:34:20"
"13740965227","2026-08-20 23:57:43.806","2026-08-22 22:26:12.315","13740965227","160418614","[PREMIUM]","[PREMIUM]","138","12","_",,,6,"[1,2,4,6]",594,"Lower",10,"Mobile Transfer ticket",14,"[PREMIUM]","[PREMIUM]","[PREMIUM]","[PREMIUM]",true,false,"['Clear view']","2026-08-20 18:15:58"
"13740963428","2026-08-20 23:57:43.806","2026-08-22 22:26:12.367","13740963428","160418614","[PREMIUM]","[PREMIUM]","129","15","_",,,4,"[2,4]",594,"Lower",10,"Mobile Transfer ticket",14,"[PREMIUM]","[PREMIUM]","[PREMIUM]","[PREMIUM]",true,false,"['Clear view']","2026-08-20 18:15:52"
"13741602009","2026-08-20 23:57:43.806","2026-08-22 22:25:13.066","13741602009","160418614","[PREMIUM]","[PREMIUM]","115","5","_",,,2,"[2]",594,"Lower",10,"Mobile Transfer ticket",14,"[PREMIUM]","[PREMIUM]","[PREMIUM]","[PREMIUM]",true,false,"['Clear view']","2026-08-20 19:16:08"
"13629692925","2026-08-20 23:57:43.603","2026-09-01 22:33:30.781","13629692925","160418614","[PREMIUM]","[PREMIUM]","102","16","_",,,4,"[2,4]",594,"Lower",10,"Mobile Transfer ticket",1,"[PREMIUM]","[PREMIUM]","[PREMIUM]","[PREMIUM]",true,false,"['Clear view']","2026-08-10 19:03:45"
"13741600960","2026-08-20 23:57:43.603","2026-08-22 22:25:57.985","13741600960","160418614","[PREMIUM]","[PREMIUM]","115","10","_",,,3,"[1,3]",594,"Lower",10,"Mobile Transfer ticket",14,"[PREMIUM]","[PREMIUM]","[PREMIUM]","[PREMIUM]",true,false,"['Clear view']","2026-08-20 19:16:06"
"13740962469","2026-08-20 23:57:43.519","2026-08-20 23:57:43.519","13740962469","160418614","[PREMIUM]","[PREMIUM]","104","26","_",,,3,"[1,3]",594,"Lower",10,"Mobile Transfer ticket",14,"[PREMIUM]","[PREMIUM]","[PREMIUM]","[PREMIUM]",true,false,"['Clear view']","2026-08-20 18:15:49"
"13740964986","2026-08-20 23:57:43.519","2026-09-02 22:26:46.035","13740964986","160418614","[PREMIUM]","[PREMIUM]","141","16","_",,,3,"[1,3]",594,"Lower",10,"Mobile Transfer ticket",14,"[PREMIUM]","[PREMIUM]","[PREMIUM]","[PREMIUM]",true,false,"['Clear view']","2026-08-20 18:15:57"
"12691292787","2026-08-20 23:57:43.457","2026-08-22 22:26:10.793","12691292787","160418614","[PREMIUM]","[PREMIUM]","149","5","_",,,2,"[2]",594,"Lower",10,"Mobile Transfer ticket",14,"[PREMIUM]","[PREMIUM]","[PREMIUM]","[PREMIUM]",true,false,"['Clear view']","2026-05-15 00:34:27"
"13740963728","2026-08-20 23:57:43.457","2026-08-23 22:27:05.972","13740963728","160418614","[PREMIUM]","[PREMIUM]","320","1","_",,,4,"[2,4]",507,"Mezzanine",10,"Mobile Transfer ticket",14,"[PREMIUM]","[PREMIUM]","[PREMIUM]","[PREMIUM]",true,false,"['Dawg pound seats','Front Row of Section','Clear view']","2026-08-20 18:15:52"
"13740962994","2026-08-20 23:57:43.457","2026-09-02 22:26:48.048","13740962994","160418614","[PREMIUM]","[PREMIUM]","119","17","_",,,9,"[1,2,3,4,5,7,9]",594,"Lower",10,"Mobile Transfer ticket",14,"[PREMIUM]","[PREMIUM]","[PREMIUM]","[PREMIUM]",true,false,"['Dawg pound seats','Clear view']","2026-08-20 18:15:50"
"13727483373","2026-08-20 23:57:43.448","2026-08-31 22:30:07.175","13727483373","160418614","[PREMIUM]","[PREMIUM]","506","5","_",,,2,"[2]",407,"Upper",10,"Mobile Transfer ticket",1,"[PREMIUM]","[PREMIUM]","[PREMIUM]","[PREMIUM]",true,false,"['Clear view']","2026-08-19 18:37:39"
"13740963858","2026-08-20 23:57:43.448","2026-08-25 22:30:43.800","13740963858","160418614","[PREMIUM]","[PREMIUM]","117","8","_",,,4,"[2,4]",594,"Lower",10,"Mobile Transfer ticket",14,"[PREMIUM]","[PREMIUM]","[PREMIUM]","[PREMIUM]",true,false,"['Clear view']","2026-08-20 18:15:53"
"13741801064","2026-08-20 23:57:43.448","2026-08-20 23:57:43.448","13741801064","160418614","[PREMIUM]","[PREMIUM]","102","8","3_4","3",,2,"[2]",594,"Lower",10,"Mobile Transfer ticket",1,"[PREMIUM]","[PREMIUM]","[PREMIUM]","[PREMIUM]",true,false,"['Clear view']","2026-08-20 19:29:05"
"13740965814","2026-08-20 23:57:43.448","2026-08-31 22:29:49.126","13740965814","160418614","[PREMIUM]","[PREMIUM]","137","31","_",,,2,"[2]",594,"Lower",10,"Mobile Transfer ticket",14,"[PREMIUM]","[PREMIUM]","[PREMIUM]","[PREMIUM]",true,false,"['Clear view']","2026-08-20 18:16:01"
"13740965704","2026-08-20 23:57:43.448","2026-08-31 22:29:53.473","13740965704","160418614","[PREMIUM]","[PREMIUM]","138","19","_",,,8,"[1,2,3,4,6,8]",594,"Lower",10,"Mobile Transfer ticket",14,"[PREMIUM]","[PREMIUM]","[PREMIUM]","[PREMIUM]",true,false,"['Clear view']","2026-08-20 18:16:00"
"13740964504","2026-08-20 23:57:43.438","2026-08-24 22:27:24.553","13740964504","160418614","[PREMIUM]","[PREMIUM]","144","13","_",,,2,"[2]",594,"Lower",10,"Mobile Transfer ticket",14,"[PREMIUM]","[PREMIUM]","[PREMIUM]","[PREMIUM]",true,false,"['Clear view']","2026-08-20 18:15:55"
"13740964308","2026-08-20 23:57:43.438","2026-08-23 22:27:01.042","13740964308","160418614","[PREMIUM]","[PREMIUM]","129","32","_",,,8,"[1,2,3,4,6,8]",594,"Lower",10,"Mobile Transfer ticket",14,"[PREMIUM]","[PREMIUM]","[PREMIUM]","[PREMIUM]",true,false,"['Clear view']","2026-08-20 18:15:54"
"13743399467","2026-08-20 23:57:43.438","2026-08-20 23:57:43.438","13743399467","160418614","[PREMIUM]","[PREMIUM]","115","12","_",,,2,"[2]",594,"Lower",10,"Mobile Transfer ticket",14,"[PREMIUM]","[PREMIUM]","[PREMIUM]","[PREMIUM]",true,false,"['Clear view']","2026-08-20 21:52:14"
"13743395635","2026-08-20 23:57:43.438","2026-08-20 23:57:43.438","13743395635","160418614","[PREMIUM]","[PREMIUM]","115","21","_",,,12,"[1,2,3,4,5,6,7,8,10,12]",594,"Lower",10,"Mobile Transfer ticket",14,"[PREMIUM]","[PREMIUM]","[PREMIUM]","[PREMIUM]",true,false,"['Clear view']","2026-08-20 21:51:53"
"13740965537","2026-08-20 23:57:43.438","2026-09-02 22:26:46.603","13740965537","160418614","[PREMIUM]","[PREMIUM]","137","33","_",,,1,"[1]",594,"Lower",10,"Mobile Transfer ticket",14,"[PREMIUM]","[PREMIUM]","[PREMIUM]","[PREMIUM]",false,false,"['Clear view']","2026-08-20 18:16:00"
"13740964180","2026-08-20 23:57:43.431","2026-08-20 23:57:43.431","13740964180","160418614","[PREMIUM]","[PREMIUM]","102","14","_",,,12,"[1,2,3,4,5,6,7,8,10,12]",594,"Lower",10,"Mobile Transfer ticket",14,"[PREMIUM]","[PREMIUM]","[PREMIUM]","[PREMIUM]",true,false,"['Clear view']","2026-08-20 18:15:54"
"13740962790","2026-08-20 23:57:43.431","2026-08-20 23:57:43.431","13740962790","160418614","[PREMIUM]","[PREMIUM]","104","25","_",,,2,"[2]",594,"Lower",10,"Mobile Transfer ticket",14,"[PREMIUM]","[PREMIUM]","[PREMIUM]","[PREMIUM]",true,false,"['Clear view']","2026-08-20 18:15:50"
"13740962861","2026-08-20 23:57:43.431","2026-08-21 23:16:29.410","13740962861","160418614","[PREMIUM]","[PREMIUM]","113","25","_",,,6,"[1,2,4,6]",594,"Lower",10,"Mobile Transfer ticket",14,"[PREMIUM]","[PREMIUM]","[PREMIUM]","[PREMIUM]",true,false,"['Clear view']","2026-08-20 18:15:50"
"13740963660","2026-08-20 23:57:43.424","2026-08-24 22:27:13.470","13740963660","160418614","[PREMIUM]","[PREMIUM]","125","13","_",,,2,"[2]",594,"Lower",10,"Mobile Transfer ticket",14,"[PREMIUM]","[PREMIUM]","[PREMIUM]","[PREMIUM]",true,false,"['Clear view']","2026-08-20 18:15:52"
"13740962495","2026-08-20 23:57:43.424","2026-08-24 22:27:27.659","13740962495","160418614","[PREMIUM]","[PREMIUM]","117","11","_",,,11,"[1,2,3,4,5,6,7,9,11]",594,"Lower",10,"Mobile Transfer ticket",14,"[PREMIUM]","[PREMIUM]","[PREMIUM]","[PREMIUM]",true,false,"['Clear view']","2026-08-20 18:15:49"
"13727376050","2026-08-20 23:57:43.415","2026-08-20 23:57:43.415","13727376050","160418614","[PREMIUM]","[PREMIUM]","147B","22","_",,,2,"[2]",594,"Lower",10,"Mobile Transfer ticket",1,"[PREMIUM]","[PREMIUM]","[PREMIUM]","[PREMIUM]",true,false,"['Front Row of Section','Clear view']","2026-08-19 18:29:25"
"13735764601","2026-08-20 23:57:43.415","2026-08-22 22:26:12.762","13735764601","160418614","[PREMIUM]","[PREMIUM]","533","8","_",,,2,"[2]",407,"Upper",10,"Mobile Transfer ticket",1,"[PREMIUM]","[PREMIUM]","[PREMIUM]","[PREMIUM]",true,false,"['Clear view']","2026-08-20 12:15:05"
"13743398753","2026-08-20 23:57:43.410","2026-08-20 23:57:43.410","13743398753","160418614","[PREMIUM]","[PREMIUM]","104","15","_",,,2,"[2]",594,"Lower",10,"Mobile Transfer ticket",14,"[PREMIUM]","[PREMIUM]","[PREMIUM]","[PREMIUM]",true,false,"['Clear view']","2026-08-20 21:52:10"
"13743395638","2026-08-20 23:57:43.410","2026-08-20 23:57:43.410","13743395638","160418614","[PREMIUM]","[PREMIUM]","113","15","_",,,2,"[2]",594,"Lower",10,"Mobile Transfer ticket",14,"[PREMIUM]","[PREMIUM]","[PREMIUM]","[PREMIUM]",true,false,"['Clear view']","2026-08-20 21:51:53"
"13740964557","2026-08-20 23:57:43.376","2026-08-29 22:34:33.471","13740964557","160418614","[PREMIUM]","[PREMIUM]","130","32","_",,,4,"[2,4]",594,"Lower",10,"Mobile Transfer ticket",14,"[PREMIUM]","[PREMIUM]","[PREMIUM]","[PREMIUM]",true,false,"['Clear view']","2026-08-20 18:15:55"
"13740963335","2026-08-20 23:57:43.376","2026-08-24 22:27:26.687","13740963335","160418614","[PREMIUM]","[PREMIUM]","129","21","_",,,11,"[1,2,3,4,5,6,7,9,11]",594,"Lower",10,"Mobile Transfer ticket",14,"[PREMIUM]","[PREMIUM]","[PREMIUM]","[PREMIUM]",true,false,"['Clear view']","2026-08-20 18:15:51"
"13740954167","2026-08-20 23:57:43.112","2026-08-20 23:57:43.112","13740954167","160436257","[PREMIUM]","[PREMIUM]","552","20","_",,,2,"[2]",954,"Upper Level",10,"Mobile Transfer ticket",1,"[PREMIUM]","[PREMIUM]","[PREMIUM]","[PREMIUM]",true,false,"['Clear view']","2026-08-20 18:15:02"
"13740963433","2026-08-20 23:57:42.922","2026-08-26 22:34:13.835","13740963433","160418614","[PREMIUM]","[PREMIUM]","119","26","_",,,9,"[1,2,3,4,5,7,9]",594,"Lower",10,"Mobile Transfer ticket",14,"[PREMIUM]","[PREMIUM]","[PREMIUM]","[PREMIUM]",true,false,"['Dawg pound seats','Clear view']","2026-08-20 18:15:52"
"12707705244","2026-08-20 23:57:31.181","2026-08-30 22:36:41.618","12707705244","160426598","[PREMIUM]","[PREMIUM]","403","23","_",,,2,"[2]",1706,"Upper Concourse",10,"Mobile Transfer ticket",1,"[PREMIUM]","[PREMIUM]","[PREMIUM]","[PREMIUM]",true,false,"['Clear view']","2026-05-16 08:02:34"
"13743534348","2026-08-20 23:57:29.202","2026-08-29 22:36:52.331","13743534348","160417384","[PREMIUM]","[PREMIUM]","235","8","_",,,2,"[2]",471,"Middle",10,"Mobile Transfer ticket",14,"[PREMIUM]","[PREMIUM]","[PREMIUM]","[PREMIUM]",true,false,"['Includes club access','Clear view']","2026-08-20 22:06:29"
"13742058998","2026-08-20 23:57:28.994","2026-08-22 05:38:01.675","13742058998","160417384","[PREMIUM]","[PREMIUM]","224B","2","9001_9005","9001","9005",5,"[1,2,3]",471,"Middle",10,"Mobile Transfer ticket",13,"[PREMIUM]","[PREMIUM]","[PREMIUM]","[PREMIUM]",true,false,"['Second Row of Section','Clear view']","2026-08-20 19:50:27"
"13662762020","2026-08-20 23:57:28.694","2026-08-26 05:15:06.636","13662762020","160417384","[PREMIUM]","[PREMIUM]","116","26","15_16","15",,2,"[2]",594,"Lower",10,"Mobile Transfer ticket",1,"[PREMIUM]","[PREMIUM]","[PREMIUM]","[PREMIUM]",true,false,"['Clear view']","2026-08-13 17:52:09"
"13741830287","2026-08-20 23:57:28.678","2026-09-02 22:29:01.269","13741830287","160417384","[PREMIUM]","[PREMIUM]","338","1","13_15","13",,3,"[1,3]",407,"Upper",10,"Mobile Transfer ticket",1,"[PREMIUM]","[PREMIUM]","[PREMIUM]","[PREMIUM]",true,false,"['Actual 1st row of the section','Clear view']","2026-08-20 19:31:16"
"13648784167","2026-08-20 23:57:28.676","2026-08-26 05:15:04.480","13648784167","160417384","[PREMIUM]","[PREMIUM]","116","23","1_2","1",,2,"[2]",594,"Lower",10,"Mobile Transfer ticket",1,"[PREMIUM]","[PREMIUM]","[PREMIUM]","[PREMIUM]",true,false,"['Aisle seat','Home Side','Clear view']","2026-08-12 15:59:52"
"13730941190","2026-08-20 23:57:27.789","2026-08-20 23:58:16.518","13730941190","160426598","[PREMIUM]","[PREMIUM]","442","12","9001_9002","9001",,2,"[2]",1706,"Upper Concourse",11,"Mobile ticket",1,"[PREMIUM]","[PREMIUM]","[PREMIUM]","[PREMIUM]",true,false,"['Clear view']","2026-08-20 00:57:56"
"12707706359","2026-08-20 23:57:27.718","2026-09-02 22:31:42.252","12707706359","160426599","[PREMIUM]","[PREMIUM]","445","30","_",,,2,"[2]",1706,"Upper Concourse",10,"Mobile Transfer ticket",1,"[PREMIUM]","[PREMIUM]","[PREMIUM]","[PREMIUM]",true,false,"['Clear view']","2026-05-16 08:02:37"
"13743639892","2026-08-20 23:57:26.529","2026-09-02 22:28:55.071","13743639892","160417384","[PREMIUM]","[PREMIUM]","133","29","_",,,2,"[2]",594,"Lower",10,"Mobile Transfer ticket",14,"[PREMIUM]","[PREMIUM]","[PREMIUM]","[PREMIUM]",true,false,"['Clear view']","2026-08-20 22:09:37"
"13734478310","2026-08-20 23:57:26.202","2026-09-02 22:32:49.908","13734478310","160426598","[PREMIUM]","[PREMIUM]","216","13","_",,,2,"[2]",4107,"Main",10,"Mobile Transfer ticket",1,"[PREMIUM]","[PREMIUM]","[PREMIUM]","[PREMIUM]",true,false,"['Clear view']","2026-08-20 09:05:55"
"13741270721","2026-08-20 23:57:26.145","2026-08-20 23:57:26.145","13741270721","160426599","[PREMIUM]","[PREMIUM]","Standing Room","431","44_48","44",,5,"[1,2,3,5]",3338,"Standing Room Only",10,"Mobile Transfer ticket",1,"[PREMIUM]","[PREMIUM]","[PREMIUM]","[PREMIUM]",false,true,"['Standing room only (SRO)','Clear view']","2026-08-20 18:44:23"
"12691548056","2026-08-20 23:57:26.121","2026-09-02 22:32:50.170","12691548056","160426598","[PREMIUM]","[PREMIUM]","125","9","4_4","4",,1,"[1]",835,"Hall of Fame",10,"Mobile Transfer ticket",1,"[PREMIUM]","[PREMIUM]","[PREMIUM]","[PREMIUM]",false,false,"['Second Row of Section','Clear view']","2026-05-15 00:58:11"
"13737358763","2026-08-20 23:57:26.121","2026-08-20 23:59:13.558","13737358763","160426598","[PREMIUM]","[PREMIUM]","316","11","9001_9001","9001",,1,"[1]",507,"Mezzanine",10,"Mobile Transfer ticket",13,"[PREMIUM]","[PREMIUM]","[PREMIUM]","[PREMIUM]",false,false,"['Clear view']","2026-08-20 14:47:06"
"13735319460","2026-08-20 23:57:26.102","2026-08-20 23:59:11.348","13735319460","160426598","[PREMIUM]","[PREMIUM]","411","1","1017_1018","1017","1018",2,"[2]",478,"Loge",10,"Mobile Transfer ticket",1,"[PREMIUM]","[PREMIUM]","[PREMIUM]","[PREMIUM]",true,false,"['Front Row of Section','Clear view']","2026-08-20 11:05:19"
"13735320007","2026-08-20 23:57:26.102","2026-08-20 23:59:11.348","13735320007","160426598","[PREMIUM]","[PREMIUM]","442","1","1019_1020","1019","1020",2,"[2]",478,"Loge",10,"Mobile Transfer ticket",1,"[PREMIUM]","[PREMIUM]","[PREMIUM]","[PREMIUM]",true,false,"['Front Row of Section','Clear view']","2026-08-20 11:05:23"
"13697399227","2026-08-20 23:57:25.925","2026-09-02 22:32:47.882","13697399227","160426598","[PREMIUM]","[PREMIUM]","102","19","7_8","7","8",2,"[2]",835,"Hall of Fame",10,"Mobile Transfer ticket",1,"[PREMIUM]","[PREMIUM]","[PREMIUM]","[PREMIUM]",true,false,"['Clear view']","2026-08-16 23:15:19"
"13705411212","2026-08-20 23:57:25.922","2026-09-02 22:32:49.820","13705411212","160426598","[PREMIUM]","[PREMIUM]","222","2","9_10","9","10",2,"[2]",4107,"Main",10,"Mobile Transfer ticket",1,"[PREMIUM]","[PREMIUM]","[PREMIUM]","[PREMIUM]",true,false,"['Second Row of Section','Clear view']","2026-08-17 17:41:20"
"13726684317","2026-08-20 23:57:25.801","2026-09-02 22:31:56.203","13726684317","160426598","[PREMIUM]","[PREMIUM]","448","18","_",,,3,"[3]",1706,"Upper Concourse",10,"Mobile Transfer ticket",1,"[PREMIUM]","[PREMIUM]","[PREMIUM]","[PREMIUM]",true,false,"['Clear view']","2026-08-19 17:17:48"
"13697586238","2026-08-20 23:57:25.765","2026-09-02 22:32:47.497","13697586238","160426598","[PREMIUM]","[PREMIUM]","216","15","3_4","3","4",2,"[2]",4107,"Main",10,"Mobile Transfer ticket",1,"[PREMIUM]","[PREMIUM]","[PREMIUM]","[PREMIUM]",true,false,"['Clear view']","2026-08-16 23:38:11"
"13735319307","2026-08-20 23:57:25.748","2026-08-20 23:59:11.126","13735319307","160426598","[PREMIUM]","[PREMIUM]","145","16","1001_1004","1001","1004",4,"[1,2,4]",835,"Hall of Fame",10,"Mobile Transfer ticket",1,"[PREMIUM]","[PREMIUM]","[PREMIUM]","[PREMIUM]",true,false,"['Clear view']","2026-08-20 11:05:17"
"13735319319","2026-08-20 23:57:25.452","2026-08-20 23:59:11.290","13735319319","160426598","[PREMIUM]","[PREMIUM]","145","18","1019_1021","1019","1021",3,"[1,3]",835,"Hall of Fame",10,"Mobile Transfer ticket",1,"[PREMIUM]","[PREMIUM]","[PREMIUM]","[PREMIUM]",true,false,"['Clear view']","2026-08-20 11:05:17"
"13743323035","2026-08-20 23:57:25.452","2026-08-20 23:59:11.290","13743323035","160426598","[PREMIUM]","[PREMIUM]","345","1","9001_9004","9001",,4,"[2,4]",507,"Mezzanine",11,"Mobile ticket",1,"[PREMIUM]","[PREMIUM]","[PREMIUM]","[PREMIUM]",true,false,"['Front Row of Section','Clear view']","2026-08-20 21:44:12"
"13735319513","2026-08-20 23:57:25.401","2026-08-20 23:59:10.917","13735319513","160426598","[PREMIUM]","[PREMIUM]","415","2","1005_1008","1005","1008",4,"[1,2,4]",478,"Loge",10,"Mobile Transfer ticket",1,"[PREMIUM]","[PREMIUM]","[PREMIUM]","[PREMIUM]",true,false,"['Second Row of Section','Clear view']","2026-08-20 11:05:19"
"13730931913","2026-08-20 23:57:25.094","2026-08-20 23:59:04.484","13730931913","160426598","[PREMIUM]","[PREMIUM]","414","9","9001_9002","9001",,2,"[2]",1706,"Upper Concourse",11,"Mobile ticket",1,"[PREMIUM]","[PREMIUM]","[PREMIUM]","[PREMIUM]",true,false,"['Clear view']","2026-08-20 00:56:42"
"13734478364","2026-08-20 23:57:24.984","2026-09-01 22:36:48.862","13734478364","160426598","[PREMIUM]","[PREMIUM]","146","15","_",,,2,"[2]",835,"Hall of Fame",10,"Mobile Transfer ticket",1,"[PREMIUM]","[PREMIUM]","[PREMIUM]","[PREMIUM]",true,false,"['Clear view']","2026-08-20 09:05:55"
"13734478344","2026-08-20 23:57:24.812","2026-08-22 22:29:16.974","13734478344","160426598","[PREMIUM]","[PREMIUM]","124","12","_",,,2,"[2]",835,"Hall of Fame",10,"Mobile Transfer ticket",1,"[PREMIUM]","[PREMIUM]","[PREMIUM]","[PREMIUM]",true,false,"['Clear view']","2026-08-20 09:05:55"
"13734478514","2026-08-20 23:57:24.644","2026-08-26 22:36:56.852","13734478514","160426598","[PREMIUM]","[PREMIUM]","124","22","_",,,3,"[1,3]",835,"Hall of Fame",10,"Mobile Transfer ticket",1,"[PREMIUM]","[PREMIUM]","[PREMIUM]","[PREMIUM]",true,false,"['Clear view']","2026-08-20 09:05:56"
"13734478361","2026-08-20 23:57:24.593","2026-09-02 22:31:44.378","13734478361","160426598","[PREMIUM]","[PREMIUM]","226","5","_",,,2,"[2]",4107,"Main",10,"Mobile Transfer ticket",1,"[PREMIUM]","[PREMIUM]","[PREMIUM]","[PREMIUM]",true,false,"['Clear view']","2026-08-20 09:05:55"
"13712811423","2026-08-20 23:57:24.137","2026-08-20 23:59:00.704","13712811423","160426598","[PREMIUM]","[PREMIUM]","347","3","9001_9002","9001",,2,"[2]",507,"Mezzanine",11,"Mobile ticket",1,"[PREMIUM]","[PREMIUM]","[PREMIUM]","[PREMIUM]",true,false,"['Third Row of Section','Clear view']","2026-08-18 09:23:14"
"13712847797","2026-08-20 23:57:23.998","2026-08-20 23:59:00.274","13712847797","160426598","[PREMIUM]","[PREMIUM]","415","10","9001_9002","9001",,2,"[2]",1706,"Upper Concourse",11,"Mobile ticket",1,"[PREMIUM]","[PREMIUM]","[PREMIUM]","[PREMIUM]",true,false,"['Clear view']","2026-08-18 09:32:07"
"13712837881","2026-08-20 23:57:23.998","2026-08-20 23:59:00.274","13712837881","160426598","[PREMIUM]","[PREMIUM]","415","11","9001_9002","9001",,2,"[2]",1706,"Upper Concourse",11,"Mobile ticket",1,"[PREMIUM]","[PREMIUM]","[PREMIUM]","[PREMIUM]",true,false,"['Clear view']","2026-08-18 09:29:49"
"13731400624","2026-08-20 23:57:23.894","2026-08-25 22:32:21.580","13731400624","160426598","[PREMIUM]","[PREMIUM]","247","9","7_8","7",,2,"[2]",4107,"Main",10,"Mobile Transfer ticket",1,"[PREMIUM]","[PREMIUM]","[PREMIUM]","[PREMIUM]",true,false,"['Clear view']","2026-08-20 01:47:18"
"13739599910","2026-08-20 23:57:23.894","2026-08-20 23:58:16.973","13739599910","160426598","[PREMIUM]","[PREMIUM]","344","6","_",,,2,"[2]",507,"Mezzanine",10,"Mobile Transfer ticket",1,"[PREMIUM]","[PREMIUM]","[PREMIUM]","[PREMIUM]",true,false,"['Clear view']","2026-08-20 16:58:14"
"12691065711","2026-08-20 23:57:23.775","2026-09-02 05:15:27.245","12691065711","160417384","[PREMIUM]","[PREMIUM]","228A","6","_",,,5,"[1,3,5]",471,"Middle",10,"Mobile Transfer ticket",14,"[PREMIUM]","[PREMIUM]","[PREMIUM]","[PREMIUM]",true,false,"['Clear view']","2026-05-15 00:07:28"
"12691065374","2026-08-20 23:57:23.771","2026-09-02 22:28:52.525","12691065374","160417384","[PREMIUM]","[PREMIUM]","228A","4","_",,,5,"[1,3,5]",471,"Middle",10,"Mobile Transfer ticket",14,"[PREMIUM]","[PREMIUM]","[PREMIUM]","[PREMIUM]",true,false,"['Clear view']","2026-05-15 00:07:27"
"13662058739","2026-08-20 23:57:23.237","2026-08-26 05:14:52.895","13662058739","160417384","[PREMIUM]","[PREMIUM]","103","9","15_18","15","18",4,"[2,4]",594,"Lower",10,"Mobile Transfer ticket",1,"[PREMIUM]","[PREMIUM]","[PREMIUM]","[PREMIUM]",true,false,"['Clear view']","2026-08-13 16:38:46"
"13739707038","2026-08-20 23:57:22.574","2026-08-20 23:57:22.574","13739707038","160426598","[PREMIUM]","[PREMIUM]","445","10","_",,,4,"[4]",1706,"Upper Concourse",10,"Mobile Transfer ticket",1,"[PREMIUM]","[PREMIUM]","[PREMIUM]","[PREMIUM]",true,false,"['Clear view']","2026-08-20 17:02:23"
"13743524641","2026-08-20 23:57:22.515","2026-08-25 22:32:21.060","13743524641","160426598","[PREMIUM]","[PREMIUM]","453","1","9001_9002","9001",,2,"[2]",1706,"Upper Concourse",11,"Mobile ticket",1,"[PREMIUM]","[PREMIUM]","[PREMIUM]","[PREMIUM]",true,false,"['Front Row of Section','Clear view']","2026-08-20 22:05:34"
"13528467921","2026-08-20 23:57:21.998","2026-08-29 22:37:40.315","13528467921","160426598","[PREMIUM]","[PREMIUM]","412","28","1_2","1","2",2,"[2]",1706,"Upper Concourse",10,"Mobile Transfer ticket",1,"[PREMIUM]","[PREMIUM]","[PREMIUM]","[PREMIUM]",true,false,"['Clear view']","2026-07-31 13:38:42"
"13705417042","2026-08-20 23:57:21.958","2026-09-02 22:31:37.520","13705417042","160426598","[PREMIUM]","[PREMIUM]","411","20","7_8","7","8",2,"[2]",1706,"Upper Concourse",10,"Mobile Transfer ticket",1,"[PREMIUM]","[PREMIUM]","[PREMIUM]","[PREMIUM]",true,false,"['Clear view']","2026-08-17 17:41:51"
"13705420549","2026-08-20 23:57:21.928","2026-08-29 22:37:40.315","13705420549","160426598","[PREMIUM]","[PREMIUM]","412","27","13_14","13","14",2,"[2]",1706,"Upper Concourse",10,"Mobile Transfer ticket",1,"[PREMIUM]","[PREMIUM]","[PREMIUM]","[PREMIUM]",true,false,"['Clear view']","2026-08-17 17:42:07"
"13735320134","2026-08-20 23:57:21.772","2026-08-20 23:58:10.626","13735320134","160426598","[PREMIUM]","[PREMIUM]","452","1","1010_1013","1010","1013",4,"[1,2,4]",1706,"Upper Concourse",10,"Mobile Transfer ticket",1,"[PREMIUM]","[PREMIUM]","[PREMIUM]","[PREMIUM]",true,false,"['Front Row of Section','Clear view']","2026-08-20 11:05:24"
"13715903911","2026-08-20 23:57:21.608","2026-08-23 22:29:39.053","13715903911","160426598","[PREMIUM]","[PREMIUM]","411","14","13_13","13",,1,"[1]",1706,"Upper Concourse",10,"Mobile Transfer ticket",1,"[PREMIUM]","[PREMIUM]","[PREMIUM]","[PREMIUM]",false,false,"['Clear view']","2026-08-18 17:07:58"
"13531920215","2026-08-20 23:57:21.201","2026-09-01 22:36:32.470","13531920215","160426598","[PREMIUM]","[PREMIUM]","422","16","13_21","13",,9,"[1,2,3,4,5,6,7,9]",1706,"Upper Concourse",10,"Mobile Transfer ticket",1,"[PREMIUM]","[PREMIUM]","[PREMIUM]","[PREMIUM]",true,false,"['Clear view']","2026-07-31 22:08:38"
"13742009673","2026-08-20 23:57:21.192","2026-08-21 23:22:52.564","13742009673","160426598","[PREMIUM]","[PREMIUM]","452","2","15_16","15",,2,"[2]",1706,"Upper Concourse",10,"Mobile Transfer ticket",14,"[PREMIUM]","[PREMIUM]","[PREMIUM]","[PREMIUM]",true,false,"['Second Row of Section','Clear view']","2026-08-20 19:45:32"
"13735320225","2026-08-20 23:57:21.147","2026-08-20 23:58:15.526","13735320225","160426598","[PREMIUM]","[PREMIUM]","455","2","1009_1010","1009","1010",2,"[2]",1706,"Upper Concourse",10,"Mobile Transfer ticket",1,"[PREMIUM]","[PREMIUM]","[PREMIUM]","[PREMIUM]",true,false,"['Second Row of Section','Clear view']","2026-08-20 11:05:24"
"13712829755","2026-08-20 23:57:20.997","2026-08-20 23:58:03.486","13712829755","160426598","[PREMIUM]","[PREMIUM]","401","11","9001_9001","9001",,1,"[1]",1706,"Upper Concourse",11,"Mobile ticket",1,"[PREMIUM]","[PREMIUM]","[PREMIUM]","[PREMIUM]",false,false,"['Clear view']","2026-08-18 09:27:41"
"12707705366","2026-08-20 23:57:20.763","2026-08-24 22:28:29.888","12707705366","160426598","[PREMIUM]","[PREMIUM]","438",,"_",,,2,"[2]",1706,"Upper Concourse",10,"Mobile Transfer ticket",1,"[PREMIUM]","[PREMIUM]","[PREMIUM]","[PREMIUM]",true,true,"['Clear view']","2026-05-16 08:02:34"
"13663017664","2026-08-20 23:57:20.716","2026-09-01 22:36:31.029","13663017664","160426598","[PREMIUM]","[PREMIUM]","421","17","20_21","20",,2,"[2]",1706,"Upper Concourse",10,"Mobile Transfer ticket",1,"[PREMIUM]","[PREMIUM]","[PREMIUM]","[PREMIUM]",true,false,"['Clear view']","2026-08-13 18:16:14"
"13726684638","2026-08-20 23:57:20.716","2026-08-30 22:36:46.321","13726684638","160426598","[PREMIUM]","[PREMIUM]","419","23","_",,,4,"[4]",1706,"Upper Concourse",10,"Mobile Transfer ticket",1,"[PREMIUM]","[PREMIUM]","[PREMIUM]","[PREMIUM]",true,false,"['Clear view']","2026-08-19 17:17:49"
"13742465427","2026-08-20 23:57:20.712","2026-08-30 22:36:55.650","13742465427","160426598","[PREMIUM]","[PREMIUM]","453","15","1_4","1",,4,"[1,2,4]",1706,"Upper Concourse",10,"Mobile Transfer ticket",14,"[PREMIUM]","[PREMIUM]","[PREMIUM]","[PREMIUM]",true,false,"['Clear view']","2026-08-20 20:30:23"
"13531845090","2026-08-20 23:57:20.493","2026-08-27 22:28:25.651","13531845090","160426598","[PREMIUM]","[PREMIUM]","437","25","17_20","17",,4,"[1,2,4]",1706,"Upper Concourse",10,"Mobile Transfer ticket",1,"[PREMIUM]","[PREMIUM]","[PREMIUM]","[PREMIUM]",true,false,"['Clear view']","2026-07-31 22:03:03"
"13588428261","2026-08-20 23:57:20.485","2026-08-23 22:29:16.109","13588428261","160426598","[PREMIUM]","[PREMIUM]","439","20","13_14","13","14",2,"[2]",1706,"Upper Concourse",11,"Mobile ticket",1,"[PREMIUM]","[PREMIUM]","[PREMIUM]","[PREMIUM]",true,false,"['Clear view']","2026-08-05 22:22:57"
"13705413587","2026-08-20 23:57:20.391","2026-08-24 22:28:29.888","13705413587","160426598","[PREMIUM]","[PREMIUM]","438","25","19_22","19","22",4,"[2,4]",1706,"Upper Concourse",10,"Mobile Transfer ticket",1,"[PREMIUM]","[PREMIUM]","[PREMIUM]","[PREMIUM]",true,false,"['Clear view']","2026-08-17 17:41:34"
"13737583623","2026-08-20 23:57:20.382","2026-08-22 22:29:28.405","13737583623","160426598","[PREMIUM]","[PREMIUM]","445","25","22_27","22","27",6,"[1,2,3,4,6]",1706,"Upper Concourse",10,"Mobile Transfer ticket",1,"[PREMIUM]","[PREMIUM]","[PREMIUM]","[PREMIUM]",true,false,"['Clear view']","2026-08-20 14:57:27"
"12821237109","2026-08-20 23:57:19.771","2026-08-20 23:58:02.507","12821237109","160426598","[PREMIUM]","[PREMIUM]","439","23","22_23","22",,2,"[2]",1706,"Upper Concourse",10,"Mobile Transfer ticket",1,"[PREMIUM]","[PREMIUM]","[PREMIUM]","[PREMIUM]",true,false,"['Clear view']","2026-05-26 12:32:58"
"13743891538","2026-08-20 23:57:19.771","2026-08-21 23:21:28.874","13743891538","160426598","[PREMIUM]","[PREMIUM]","Standing Room","194","45_48","45",,4,"[1,2,4]",3338,"Standing Room Only",10,"Mobile Transfer ticket",1,"[PREMIUM]","[PREMIUM]","[PREMIUM]","[PREMIUM]",false,true,"['Standing room only (SRO)','Clear view']","2026-08-20 22:25:18"
"13736987804","2026-08-20 23:57:18.619","2026-08-20 23:57:18.619","13736987804","160426596","[PREMIUM]","[PREMIUM]","HF251A","18TIX","5_22","5",,18,"[18]",3485,"Hall of Fame Suite",10,"Mobile Transfer ticket",1,"[PREMIUM]","[PREMIUM]","[PREMIUM]","[PREMIUM]",true,true,"['Includes unlimited food and drinks (beer, wine and liquor)','18-person suite','Full Suite (not shared)','Clear view']","2026-08-20 14:24:40"
"13739358268","2026-08-20 23:57:18.619","2026-09-01 22:35:05.496","13739358268","160426596","[PREMIUM]","[PREMIUM]","C109","1","_",,,4,"[4]",8378,"Club Hall of Fame",10,"Mobile Transfer ticket",1,"[PREMIUM]","[PREMIUM]","[PREMIUM]","[PREMIUM]",true,false,"['Front Row of Section','Clear view']","2026-08-20 16:48:13"
"13743906389","2026-08-20 23:57:18.619","2026-08-20 23:57:18.619","13743906389","160426596","[PREMIUM]","[PREMIUM]","C136","4","_",,,4,"[2,4]",8378,"Club Hall of Fame",10,"Mobile Transfer ticket",1,"[PREMIUM]","[PREMIUM]","[PREMIUM]","[PREMIUM]",true,false,"['Front Row of Section','Clear view']","2026-08-20 22:26:00"
"13743909295","2026-08-20 23:57:18.549","2026-08-20 23:57:18.549","13743909295","160426596","[PREMIUM]","[PREMIUM]","C109","2","_",,,2,"[2]",8378,"Club Hall of Fame",10,"Mobile Transfer ticket",1,"[PREMIUM]","[PREMIUM]","[PREMIUM]","[PREMIUM]",true,false,"['Second Row of Section','Clear view']","2026-08-20 22:26:05"
"13743909435","2026-08-20 23:57:18.549","2026-08-20 23:57:18.549","13743909435","160426596","[PREMIUM]","[PREMIUM]","C108","2","_",,,4,"[2,4]",8378,"Club Hall of Fame",10,"Mobile Transfer ticket",1,"[PREMIUM]","[PREMIUM]","[PREMIUM]","[PREMIUM]",true,false,"['Second Row of Section','Clear view']","2026-08-20 22:26:05"
"13709210509","2026-08-20 23:57:17.978","2026-08-20 23:57:17.978","13709210509","160426596","[PREMIUM]","[PREMIUM]","C211","6","9001_9004","9001",,4,"[1,2,4]",8379,"Club Main",10,"Mobile Transfer ticket",1,"[PREMIUM]","[PREMIUM]","[PREMIUM]","[PREMIUM]",true,false,"['Clear view']","2026-08-17 23:55:45"
"13731831561","2026-08-20 23:57:17.978","2026-09-02 22:31:55.629","13731831561","160426596","[PREMIUM]","[PREMIUM]","C235","1","29_30","29",,2,"[2]",8379,"Club Main",10,"Mobile Transfer ticket",14,"[PREMIUM]","[PREMIUM]","[PREMIUM]","[PREMIUM]",true,false,"['Front Row of Section','Clear view']","2026-08-20 02:39:20"
"13715237690","2026-08-20 23:57:17.388","2026-08-23 22:29:21.367","13715237690","160426596","[PREMIUM]","[PREMIUM]","C233","3","5_6","5",,2,"[2]",8379,"Club Main",10,"Mobile Transfer ticket",1,"[PREMIUM]","[PREMIUM]","[PREMIUM]","[PREMIUM]",true,false,"['Actual 3rd row of section','3rd Row of Section','Clear view']","2026-08-18 15:58:06"
"13739358551","2026-08-20 23:57:17.388","2026-08-27 22:27:57.833","13739358551","160426596","[PREMIUM]","[PREMIUM]","C333","2","_",,,2,"[2]",8380,"Club Mezzanine",10,"Mobile Transfer ticket",1,"[PREMIUM]","[PREMIUM]","[PREMIUM]","[PREMIUM]",true,false,"['Second Row of Section','Clear view']","2026-08-20 16:48:13"
"13735327626","2026-08-20 23:57:06.157","2026-08-20 23:57:06.157","13735327626","160426596","[PREMIUM]","[PREMIUM]","442","1","1019_1020","1019","1020",2,"[2]",478,"Loge",10,"Mobile Transfer ticket",1,"[PREMIUM]","[PREMIUM]","[PREMIUM]","[PREMIUM]",true,false,"['Front Row of Section','Clear view']","2026-08-20 11:06:59"
"13738260317","2026-08-20 23:57:06.157","2026-08-20 23:57:06.157","13738260317","160426596","[PREMIUM]","[PREMIUM]","414","3","9001_9002","9001",,2,"[2]",478,"Loge",10,"Mobile Transfer ticket",13,"[PREMIUM]","[PREMIUM]","[PREMIUM]","[PREMIUM]",true,false,"['Third Row of Section','Clear view']","2026-08-20 15:38:41"
"13737474179","2026-08-20 23:56:45.270","2026-08-20 23:56:45.270","13737474179","160417384","[PREMIUM]","[PREMIUM]","321","6","_",,,4,"[2,4]",407,"Upper",10,"Mobile Transfer ticket",1,"[PREMIUM]","[PREMIUM]","[PREMIUM]","[PREMIUM]",true,false,"['Second Row of Section','Clear view']","2026-08-20 14:53:37"
"13741445590","2026-08-20 23:56:45.270","2026-08-20 23:56:45.270","13741445590","160417384","[PREMIUM]","[PREMIUM]","349","6","_",,,2,"[2]",407,"Upper",10,"Mobile Transfer ticket",1,"[PREMIUM]","[PREMIUM]","[PREMIUM]","[PREMIUM]",true,false,"['Second Row of Section','Clear view']","2026-08-20 18:58:43"
"13741432727","2026-08-20 23:56:45.270","2026-08-20 23:56:45.270","13741432727","160417384","[PREMIUM]","[PREMIUM]","347","6","_",,,2,"[2]",407,"Upper",10,"Mobile Transfer ticket",1,"[PREMIUM]","[PREMIUM]","[PREMIUM]","[PREMIUM]",true,false,"['Second Row of Section','Clear view']","2026-08-20 18:57:58"
"13742459209","2026-08-20 23:56:45.270","2026-08-20 23:56:45.270","13742459209","160417384","[PREMIUM]","[PREMIUM]","309","1","23_24","23",,2,"[2]",407,"Upper",10,"Mobile Transfer ticket",1,"[PREMIUM]","[PREMIUM]","[PREMIUM]","[PREMIUM]",true,false,"['Front Row of Section','Clear view']","2026-08-20 20:30:04"
"13408279202","2026-08-20 23:56:40.497","2026-08-31 05:15:50.482","13408279202","160417384","[PREMIUM]","[PREMIUM]","123","19","_",,,4,"[2,4]",594,"Lower",10,"Mobile Transfer ticket",14,"[PREMIUM]","[PREMIUM]","[PREMIUM]","[PREMIUM]",true,false,"['Clear view']","2026-07-20 16:30:55"
"13735600746","2026-08-20 23:56:40.090","2026-08-21 12:43:36.709","13735600746","160417384","[PREMIUM]","[PREMIUM]","126","30","_",,,2,"[2]",594,"Lower",10,"Mobile Transfer ticket",1,"[PREMIUM]","[PREMIUM]","[PREMIUM]","[PREMIUM]",true,false,"['Clear view']","2026-08-20 11:48:13"
"13734486046","2026-08-20 23:56:36.614","2026-08-20 23:56:36.614","13734486046","160426596","[PREMIUM]","[PREMIUM]","C115","4","9001_9004","9001",,4,"[1,2,4]",8378,"Club Hall of Fame",10,"Mobile Transfer ticket",1,"[PREMIUM]","[PREMIUM]","[PREMIUM]","[PREMIUM]",true,false,"['Clear view']","2026-08-20 09:07:01"
"13739313661","2026-08-20 23:56:36.614","2026-09-01 22:35:04.381","13739313661","160426596","[PREMIUM]","[PREMIUM]","129","1","_",,,6,"[1,2,3,4,6]",835,"Hall of Fame",10,"Mobile Transfer ticket",1,"[PREMIUM]","[PREMIUM]","[PREMIUM]","[PREMIUM]",true,false,"['Front Row of Section','Clear view']","2026-08-20 16:46:38"
"13741501565","2026-08-20 23:56:36.614","2026-09-01 22:35:04.381","13741501565","160426596","[PREMIUM]","[PREMIUM]","C111","10","1_2","1","2",2,"[2]",8378,"Club Hall of Fame",10,"Mobile Transfer ticket",1,"[PREMIUM]","[PREMIUM]","[PREMIUM]","[PREMIUM]",true,false,"['Aisle seat','Clear view']","2026-08-20 19:05:43"
"13740337967","2026-08-20 23:56:36.440","2026-08-20 23:56:36.440","13740337967","160426596","[PREMIUM]","[PREMIUM]","C134","2","_",,,2,"[2]",8378,"Club Hall of Fame",10,"Mobile Transfer ticket",1,"[PREMIUM]","[PREMIUM]","[PREMIUM]","[PREMIUM]",true,false,"['Second Row of Section','Clear view']","2026-08-20 17:37:29"
"13738322593","2026-08-20 23:56:36.415","2026-08-20 23:56:36.415","13738322593","160426596","[PREMIUM]","[PREMIUM]","C136","6","_",,,2,"[2]",8378,"Club Hall of Fame",10,"Mobile Transfer ticket",1,"[PREMIUM]","[PREMIUM]","[PREMIUM]","[PREMIUM]",true,false,"['Third Row of Section','Clear view']","2026-08-20 15:44:23"
"13739319052","2026-08-20 23:56:36.366","2026-08-25 22:32:12.871","13739319052","160426596","[PREMIUM]","[PREMIUM]","C233","1","_",,,4,"[4]",8379,"Club Main",10,"Mobile Transfer ticket",1,"[PREMIUM]","[PREMIUM]","[PREMIUM]","[PREMIUM]",true,false,"['Front Row of Section','Clear view']","2026-08-20 16:46:50"
"13739313612","2026-08-20 23:56:36.366","2026-08-21 23:20:44.868","13739313612","160426596","[PREMIUM]","[PREMIUM]","C113","2","_",,,2,"[2]",8378,"Club Hall of Fame",10,"Mobile Transfer ticket",1,"[PREMIUM]","[PREMIUM]","[PREMIUM]","[PREMIUM]",true,false,"['Second Row of Section','Clear view']","2026-08-20 16:46:38"
"13740505643","2026-08-20 23:56:36.366","2026-08-28 22:33:47.956","13740505643","160426596","[PREMIUM]","[PREMIUM]","C212","1","_",,,2,"[2]",8379,"Club Main",10,"Mobile Transfer ticket",1,"[PREMIUM]","[PREMIUM]","[PREMIUM]","[PREMIUM]",true,false,"['Front Row of Section','Clear view']","2026-08-20 17:47:45"
"13743913730","2026-08-20 23:56:36.366","2026-08-20 23:56:36.366","13743913730","160426596","[PREMIUM]","[PREMIUM]","C307","6","_",,,5,"[5]",8380,"Club Mezzanine",10,"Mobile Transfer ticket",1,"[PREMIUM]","[PREMIUM]","[PREMIUM]","[PREMIUM]",true,false,"['Clear view']","2026-08-20 22:26:14"
"13739318024","2026-08-20 23:56:36.287","2026-09-01 22:35:03.880","13739318024","160426596","[PREMIUM]","[PREMIUM]","C133","4","_",,,2,"[2]",8378,"Club Hall of Fame",10,"Mobile Transfer ticket",1,"[PREMIUM]","[PREMIUM]","[PREMIUM]","[PREMIUM]",true,false,"['Clear view']","2026-08-20 16:46:47"
"13739327158","2026-08-20 23:56:36.287","2026-08-31 22:31:56.219","13739327158","160426596","[PREMIUM]","[PREMIUM]","C314","1","_",,,3,"[1,3]",8380,"Club Mezzanine",10,"Mobile Transfer ticket",1,"[PREMIUM]","[PREMIUM]","[PREMIUM]","[PREMIUM]",true,false,"['Front Row of Section','Clear view']","2026-08-20 16:47:11"
"13739313510","2026-08-20 23:56:36.281","2026-08-30 22:36:23.827","13739313510","160426596","[PREMIUM]","[PREMIUM]","C106","3","_",,,2,"[2]",8378,"Club Hall of Fame",10,"Mobile Transfer ticket",1,"[PREMIUM]","[PREMIUM]","[PREMIUM]","[PREMIUM]",true,false,"['Third Row of Section','Clear view']","2026-08-20 16:46:38"
"13743861424","2026-08-20 23:56:36.235","2026-08-20 23:56:36.235","13743861424","160426596","[PREMIUM]","[PREMIUM]","129","2","_",,,4,"[2,4]",835,"Hall of Fame",10,"Mobile Transfer ticket",1,"[PREMIUM]","[PREMIUM]","[PREMIUM]","[PREMIUM]",true,false,"['Second Row of Section','Clear view']","2026-08-20 22:23:13"
"13743852141","2026-08-20 23:56:36.235","2026-08-20 23:56:36.235","13743852141","160426596","[PREMIUM]","[PREMIUM]","123","8","_",,,4,"[4]",835,"Hall of Fame",10,"Mobile Transfer ticket",1,"[PREMIUM]","[PREMIUM]","[PREMIUM]","[PREMIUM]",true,false,"['Front Row of Section','Clear view']","2026-08-20 22:22:49"
"13743853399","2026-08-20 23:56:36.235","2026-08-20 23:56:36.235","13743853399","160426596","[PREMIUM]","[PREMIUM]","120","4","_",,,2,"[2]",835,"Hall of Fame",10,"Mobile Transfer ticket",1,"[PREMIUM]","[PREMIUM]","[PREMIUM]","[PREMIUM]",true,false,"['Front Row of Section','Clear view']","2026-08-20 22:22:52"
"13743916168","2026-08-20 23:56:36.235","2026-08-20 23:56:36.235","13743916168","160426596","[PREMIUM]","[PREMIUM]","C207","1","_",,,2,"[2]",8379,"Club Main",10,"Mobile Transfer ticket",1,"[PREMIUM]","[PREMIUM]","[PREMIUM]","[PREMIUM]",true,false,"['Front Row of Section','Clear view']","2026-08-20 22:26:19"
"13743851973","2026-08-20 23:56:36.235","2026-08-20 23:56:36.235","13743851973","160426596","[PREMIUM]","[PREMIUM]","124","8","_",,,4,"[2,4]",835,"Hall of Fame",10,"Mobile Transfer ticket",1,"[PREMIUM]","[PREMIUM]","[PREMIUM]","[PREMIUM]",true,false,"['Front Row of Section','Clear view']","2026-08-20 22:22:49"
"13351972161","2026-08-20 23:56:36.172","2026-08-20 23:56:36.172","13351972161","160426596","[PREMIUM]","[PREMIUM]","C111","21","_",,,2,"[2]",8378,"Club Hall of Fame",10,"Mobile Transfer ticket",1,"[PREMIUM]","[PREMIUM]","[PREMIUM]","[PREMIUM]",true,false,"['Clear view']","2026-07-14 17:54:49"
"13738321111","2026-08-20 23:56:36.172","2026-08-20 23:56:36.172","13738321111","160426596","[PREMIUM]","[PREMIUM]","C106","10","_",,,3,"[3]",8378,"Club Hall of Fame",10,"Mobile Transfer ticket",1,"[PREMIUM]","[PREMIUM]","[PREMIUM]","[PREMIUM]",true,false,"['Clear view']","2026-08-20 15:44:18"
"13739318785","2026-08-20 23:56:36.172","2026-09-01 22:35:03.527","13739318785","160426596","[PREMIUM]","[PREMIUM]","C133","5","_",,,2,"[2]",8378,"Club Hall of Fame",10,"Mobile Transfer ticket",1,"[PREMIUM]","[PREMIUM]","[PREMIUM]","[PREMIUM]",true,false,"['Clear view']","2026-08-20 16:46:49"
"13739307952","2026-08-20 23:56:36.172","2026-09-01 22:35:03.507","13739307952","160426596","[PREMIUM]","[PREMIUM]","204","1","_",,,4,"[4]",4107,"Main",10,"Mobile Transfer ticket",1,"[PREMIUM]","[PREMIUM]","[PREMIUM]","[PREMIUM]",true,false,"['Front Row of Section','Clear view']","2026-08-20 16:46:28"
"13739313230","2026-08-20 23:56:35.920","2026-09-01 22:35:02.081","13739313230","160426596","[PREMIUM]","[PREMIUM]","347","1","_",,,3,"[1,3]",507,"Mezzanine",10,"Mobile Transfer ticket",1,"[PREMIUM]","[PREMIUM]","[PREMIUM]","[PREMIUM]",true,false,"['Front Row of Section','Clear view']","2026-08-20 16:46:38"
"13739121839","2026-08-20 23:56:35.812","2026-08-20 23:56:35.812","13739121839","160426596","[PREMIUM]","[PREMIUM]","C336","2","9001_9002","9001",,2,"[2]",8380,"Club Mezzanine",10,"Mobile Transfer ticket",13,"[PREMIUM]","[PREMIUM]","[PREMIUM]","[PREMIUM]",true,false,"['Second Row of Section','Clear view']","2026-08-20 16:32:45"
"13743856769","2026-08-20 23:56:35.812","2026-08-20 23:56:35.812","13743856769","160426596","[PREMIUM]","[PREMIUM]","204","2","_",,,4,"[4]",4107,"Main",10,"Mobile Transfer ticket",1,"[PREMIUM]","[PREMIUM]","[PREMIUM]","[PREMIUM]",true,false,"['Second Row of Section','Clear view']","2026-08-20 22:22:59"
"13715237731","2026-08-20 23:56:35.748","2026-08-21 23:20:44.008","13715237731","160426596","[PREMIUM]","[PREMIUM]","C236","9","7_12","7",,6,"[1,2,3,4,5,6]",8379,"Club Main",10,"Mobile Transfer ticket",1,"[PREMIUM]","[PREMIUM]","[PREMIUM]","[PREMIUM]",true,false,"['Clear view']","2026-08-18 15:58:06"
"13725917448","2026-08-20 23:56:35.748","2026-09-02 22:31:51.827","13725917448","160426596","[PREMIUM]","[PREMIUM]","205","2","1_11","1",,11,"[1,2,3,4,5,6,7,8,9,11]",4107,"Main",10,"Mobile Transfer ticket",1,"[PREMIUM]","[PREMIUM]","[PREMIUM]","[PREMIUM]",true,false,"['Second Row of Section','Clear view']","2026-08-19 16:03:07"
"13739315627","2026-08-20 23:56:35.748","2026-08-27 22:28:03.506","13739315627","160426596","[PREMIUM]","[PREMIUM]","341","1","_",,,8,"[2,4,6,8]",507,"Mezzanine",10,"Mobile Transfer ticket",1,"[PREMIUM]","[PREMIUM]","[PREMIUM]","[PREMIUM]",true,false,"['Front Row of Section','Clear view']","2026-08-20 16:46:43"
"13743855775","2026-08-20 23:56:35.748","2026-08-20 23:56:35.748","13743855775","160426596","[PREMIUM]","[PREMIUM]","102","3","_",,,5,"[1,2,3,5]",835,"Hall of Fame",10,"Mobile Transfer ticket",1,"[PREMIUM]","[PREMIUM]","[PREMIUM]","[PREMIUM]",true,false,"['Third Row of Section','Clear view']","2026-08-20 22:22:57"
"13743913103","2026-08-20 23:56:35.748","2026-08-20 23:56:35.748","13743913103","160426596","[PREMIUM]","[PREMIUM]","C314","2","_",,,2,"[2]",8380,"Club Mezzanine",10,"Mobile Transfer ticket",1,"[PREMIUM]","[PREMIUM]","[PREMIUM]","[PREMIUM]",true,false,"['Second Row of Section','Clear view']","2026-08-20 22:26:12"
"13743852563","2026-08-20 23:56:35.685","2026-08-20 23:56:35.685","13743852563","160426596","[PREMIUM]","[PREMIUM]","122","8","_",,,2,"[2]",835,"Hall of Fame",10,"Mobile Transfer ticket",1,"[PREMIUM]","[PREMIUM]","[PREMIUM]","[PREMIUM]",true,false,"['Front Row of Section','Clear view']","2026-08-20 22:22:50"
"13715237763","2026-08-20 23:56:35.677","2026-08-23 22:29:30.265","13715237763","160426596","[PREMIUM]","[PREMIUM]","C209","8","9_10","9",,2,"[2]",8379,"Club Main",10,"Mobile Transfer ticket",1,"[PREMIUM]","[PREMIUM]","[PREMIUM]","[PREMIUM]",true,false,"['Clear view']","2026-08-18 15:58:06"
"13739318803","2026-08-20 23:56:35.589","2026-08-27 22:27:36.894","13739318803","160426596","[PREMIUM]","[PREMIUM]","402","1","_",,,4,"[4]",1706,"Upper Concourse",10,"Mobile Transfer ticket",1,"[PREMIUM]","[PREMIUM]","[PREMIUM]","[PREMIUM]",true,false,"['Front Row of Section','Clear view']","2026-08-20 16:46:49"
"13739325966","2026-08-20 23:56:35.589","2026-09-01 22:34:19.091","13739325966","160426596","[PREMIUM]","[PREMIUM]","435","1","_",,,2,"[2]",1706,"Upper Concourse",10,"Mobile Transfer ticket",1,"[PREMIUM]","[PREMIUM]","[PREMIUM]","[PREMIUM]",true,false,"['Front Row of Section','Clear view']","2026-08-20 16:47:09"
"13739313144","2026-08-20 23:56:35.589","2026-09-01 22:34:19.091","13739313144","160426596","[PREMIUM]","[PREMIUM]","451","1","_",,,2,"[2]",1706,"Upper Concourse",10,"Mobile Transfer ticket",1,"[PREMIUM]","[PREMIUM]","[PREMIUM]","[PREMIUM]",true,false,"['Front Row of Section','Clear view']","2026-08-20 16:46:38"
"13738358912","2026-08-20 23:56:35.522","2026-08-20 23:56:35.522","13738358912","160426596","[PREMIUM]","[PREMIUM]","C338","6","_",,,2,"[2]",8380,"Club Mezzanine",10,"Mobile Transfer ticket",1,"[PREMIUM]","[PREMIUM]","[PREMIUM]","[PREMIUM]",true,false,"['Clear view']","2026-08-20 15:47:16"
"13738681444","2026-08-20 23:56:35.522","2026-08-20 23:56:35.522","13738681444","160426596","[PREMIUM]","[PREMIUM]","143","5","9001_9002","9001",,2,"[2]",835,"Hall of Fame",10,"Mobile Transfer ticket",13,"[PREMIUM]","[PREMIUM]","[PREMIUM]","[PREMIUM]",true,false,"['Clear view']","2026-08-20 16:06:50"
"13709180720","2026-08-20 23:56:35.459","2026-08-25 22:32:04.146","13709180720","160426596","[PREMIUM]","[PREMIUM]","C137","7","11_13","11",,3,"[1,3]",8378,"Club Hall of Fame",10,"Mobile Transfer ticket",1,"[PREMIUM]","[PREMIUM]","[PREMIUM]","[PREMIUM]",true,false,"['Clear view']","2026-08-17 23:52:18"
"13743859792","2026-08-20 23:56:35.459","2026-08-20 23:56:35.459","13743859792","160426596","[PREMIUM]","[PREMIUM]","145","4","_",,,2,"[2]",835,"Hall of Fame",10,"Mobile Transfer ticket",1,"[PREMIUM]","[PREMIUM]","[PREMIUM]","[PREMIUM]",true,false,"['Front Row of Section','Clear view']","2026-08-20 22:23:08"
"13739331999","2026-08-20 23:56:35.400","2026-09-01 22:35:02.441","13739331999","160426596","[PREMIUM]","[PREMIUM]","229","1","_",,,3,"[1,3]",4107,"Main",10,"Mobile Transfer ticket",1,"[PREMIUM]","[PREMIUM]","[PREMIUM]","[PREMIUM]",true,false,"['Front Row of Section','Clear view']","2026-08-20 16:47:22"
"13739317689","2026-08-20 23:56:35.299","2026-08-31 22:31:52.040","13739317689","160426596","[PREMIUM]","[PREMIUM]","317","1","_",,,2,"[2]",507,"Mezzanine",10,"Mobile Transfer ticket",1,"[PREMIUM]","[PREMIUM]","[PREMIUM]","[PREMIUM]",true,false,"['Front Row of Section','Clear view']","2026-08-20 16:46:47"
"13743627665","2026-08-20 23:56:35.260","2026-08-20 23:56:35.260","13743627665","160435927","[PREMIUM]","[PREMIUM]","336","10","_",,,2,"[2]",2153,"Upper Loge",10,"Mobile Transfer ticket",1,"[PREMIUM]","[PREMIUM]","[PREMIUM]","[PREMIUM]",true,false,"['Clear view']","2026-08-20 22:09:14"
"13743595921","2026-08-20 23:56:35.260","2026-08-20 23:56:35.260","13743595921","160435927","[PREMIUM]","[PREMIUM]","112","1","_",,,2,"[2]",518,"Plaza",10,"Mobile Transfer ticket",1,"[PREMIUM]","[PREMIUM]","[PREMIUM]","[PREMIUM]",true,false,"['Front Row of Section','Clear view']","2026-08-20 22:08:19"
"13744659128","2026-08-20 23:56:35.260","2026-08-20 23:56:35.260","13744659128","160435927","[PREMIUM]","[PREMIUM]","132","1","_",,,2,"[2]",518,"Plaza",10,"Mobile Transfer ticket",1,"[PREMIUM]","[PREMIUM]","[PREMIUM]","[PREMIUM]",true,false,"['Front Row of Section','Clear view']","2026-08-20 22:59:44"
"13744618367","2026-08-20 23:56:35.260","2026-08-20 23:56:35.260","13744618367","160435927","[PREMIUM]","[PREMIUM]","156C","1","_",,,3,"[1,3]",16117,"End Zone Club",10,"Mobile Transfer ticket",1,"[PREMIUM]","[PREMIUM]","[PREMIUM]","[PREMIUM]",true,false,"['Front Row of Section','Clear view']","2026-08-20 22:57:07"
"13738707349","2026-08-20 23:56:35.141","2026-08-23 22:27:14.509","13738707349","160435927","[PREMIUM]","[PREMIUM]","139","1","_",,,4,"[4]",518,"Plaza",10,"Mobile Transfer ticket",1,"[PREMIUM]","[PREMIUM]","[PREMIUM]","[PREMIUM]",true,false,"['Front Row of Section','Clear view']","2026-08-20 16:08:04"
"13743598415","2026-08-20 23:56:35.141","2026-08-23 22:27:14.509","13743598415","160435927","[PREMIUM]","[PREMIUM]","152","10","_",,,2,"[2]",518,"Plaza",10,"Mobile Transfer ticket",1,"[PREMIUM]","[PREMIUM]","[PREMIUM]","[PREMIUM]",true,false,"['Front Row of Section','Clear view']","2026-08-20 22:08:24"
"13743625364","2026-08-20 23:56:35.141","2026-08-20 23:56:35.141","13743625364","160435927","[PREMIUM]","[PREMIUM]","116","1","_",,,2,"[2]",518,"Plaza",10,"Mobile Transfer ticket",1,"[PREMIUM]","[PREMIUM]","[PREMIUM]","[PREMIUM]",true,false,"['Front Row of Section','Clear view']","2026-08-20 22:09:10"
"13737146547","2026-08-20 23:56:35.107","2026-08-20 23:56:35.107","13737146547","160435927","[PREMIUM]","[PREMIUM]","142","2","9001_9001","9001",,1,"[1]",518,"Plaza",10,"Mobile Transfer ticket",13,"[PREMIUM]","[PREMIUM]","[PREMIUM]","[PREMIUM]",false,false,"['Second Row of Section','Clear view']","2026-08-20 14:32:45"
"13738552660","2026-08-20 23:56:35.032","2026-08-22 22:26:43.510","13738552660","160435927","[PREMIUM]","[PREMIUM]","303","5","_",,,4,"[4]",2153,"Upper Loge",10,"Mobile Transfer ticket",1,"[PREMIUM]","[PREMIUM]","[PREMIUM]","[PREMIUM]",true,false,"['Front Row of Section','Clear view']","2026-08-20 15:58:56"
"13744615594","2026-08-20 23:56:35.032","2026-08-20 23:56:35.032","13744615594","160435927","[PREMIUM]","[PREMIUM]","115","S","_",,,2,"[2]",518,"Plaza",10,"Mobile Transfer ticket",1,"[PREMIUM]","[PREMIUM]","[PREMIUM]","[PREMIUM]",true,false,"['Front Row of Section','Clear view']","2026-08-20 22:57:03"
"13743580982","2026-08-20 23:56:35.032","2026-09-01 22:35:16.097","13743580982","160435927","[PREMIUM]","[PREMIUM]","263","3","_",,,2,"[2]",2152,"Lower Loge",10,"Mobile Transfer ticket",1,"[PREMIUM]","[PREMIUM]","[PREMIUM]","[PREMIUM]",true,false,"['Third Row of Section','Clear view']","2026-08-20 22:07:53"
"13738140526","2026-08-20 23:56:35.028","2026-08-20 23:56:35.028","13738140526","160435927","[PREMIUM]","[PREMIUM]","223","2","9001_9003","9001",,3,"[3]",2152,"Lower Loge",10,"Mobile Transfer ticket",13,"[PREMIUM]","[PREMIUM]","[PREMIUM]","[PREMIUM]",true,false,"['Second Row of Section','Clear view']","2026-08-20 15:32:13"
"13738824323","2026-08-20 23:56:35.028","2026-08-22 22:26:44.246","13738824323","160435927","[PREMIUM]","[PREMIUM]","271","1","_",,,2,"[2]",2152,"Lower Loge",10,"Mobile Transfer ticket",1,"[PREMIUM]","[PREMIUM]","[PREMIUM]","[PREMIUM]",true,false,"['Front Row of Section','Clear view']","2026-08-20 16:15:55"
"13739627171","2026-08-20 23:56:35.028","2026-08-20 23:56:35.028","13739627171","160435927","[PREMIUM]","[PREMIUM]","336","13","9001_9002","9001",,2,"[2]",2153,"Upper Loge",10,"Mobile Transfer ticket",13,"[PREMIUM]","[PREMIUM]","[PREMIUM]","[PREMIUM]",true,false,"['Clear view']","2026-08-20 16:59:12"
"13743625134","2026-08-20 23:56:35.028","2026-08-20 23:56:35.028","13743625134","160435927","[PREMIUM]","[PREMIUM]","127","1","_",,,2,"[2]",518,"Plaza",10,"Mobile Transfer ticket",1,"[PREMIUM]","[PREMIUM]","[PREMIUM]","[PREMIUM]",true,false,"['Front Row of Section','Clear view']","2026-08-20 22:09:09"
"13653048469","2026-08-20 23:56:35.024","2026-09-02 22:29:37.599","13653048469","160435927","[PREMIUM]","[PREMIUM]","305","12","_",,,2,"[2]",2153,"Upper Loge",10,"Mobile Transfer ticket",1,"[PREMIUM]","[PREMIUM]","[PREMIUM]","[PREMIUM]",true,false,"['Third Row of Section','Clear view']","2026-08-12 23:26:52"
"13737365145","2026-08-20 23:56:35.024","2026-08-20 23:56:35.024","13737365145","160435927","[PREMIUM]","[PREMIUM]","155C","5","9001_9002","9001",,2,"[2]",16117,"End Zone Club",10,"Mobile Transfer ticket",13,"[PREMIUM]","[PREMIUM]","[PREMIUM]","[PREMIUM]",true,false,"['Clear view']","2026-08-20 14:47:31"
"13737803562","2026-08-20 23:56:35.024","2026-08-20 23:56:35.024","13737803562","160435927","[PREMIUM]","[PREMIUM]","156C","3","9001_9002","9001",,2,"[2]",16117,"End Zone Club",10,"Mobile Transfer ticket",13,"[PREMIUM]","[PREMIUM]","[PREMIUM]","[PREMIUM]",true,false,"['Third Row of Section','Clear view']","2026-08-20 15:11:51"
"13739765851","2026-08-20 23:56:35.024","2026-08-20 23:56:35.024","13739765851","160435927","[PREMIUM]","[PREMIUM]","145","1","9001_9004","9001",,4,"[4]",518,"Plaza",10,"Mobile Transfer ticket",13,"[PREMIUM]","[PREMIUM]","[PREMIUM]","[PREMIUM]",true,false,"['Front Row of Section','Clear view']","2026-08-20 17:05:37"
"13743577542","2026-08-20 23:56:35.024","2026-08-22 22:26:43.510","13743577542","160435927","[PREMIUM]","[PREMIUM]","130","1","_",,,2,"[2]",518,"Plaza",10,"Mobile Transfer ticket",1,"[PREMIUM]","[PREMIUM]","[PREMIUM]","[PREMIUM]",true,false,"['Front Row of Section','Clear view']","2026-08-20 22:07:48"
"13741147115","2026-08-20 23:56:34.937","2026-08-20 23:56:34.937","13741147115","160435927","[PREMIUM]","[PREMIUM]","265","1","9001_9002","9001",,2,"[2]",2152,"Lower Loge",10,"Mobile Transfer ticket",13,"[PREMIUM]","[PREMIUM]","[PREMIUM]","[PREMIUM]",true,false,"['Front Row of Section','Clear view']","2026-08-20 18:31:50"
"13743595136","2026-08-20 23:56:34.937","2026-08-21 23:22:51.637","13743595136","160435927","[PREMIUM]","[PREMIUM]","139","2","_",,,2,"[2]",518,"Plaza",10,"Mobile Transfer ticket",1,"[PREMIUM]","[PREMIUM]","[PREMIUM]","[PREMIUM]",true,false,"['Second Row of Section','Clear view']","2026-08-20 22:08:17"
"13738321048","2026-08-20 23:56:34.923","2026-08-20 23:56:34.923","13738321048","160426596","[PREMIUM]","[PREMIUM]","119","7","_",,,2,"[2]",835,"Hall of Fame",10,"Mobile Transfer ticket",1,"[PREMIUM]","[PREMIUM]","[PREMIUM]","[PREMIUM]",true,false,"['Clear view']","2026-08-20 15:44:18"
"13738323148","2026-08-20 23:56:34.923","2026-08-20 23:56:34.923","13738323148","160426596","[PREMIUM]","[PREMIUM]","C334","8","_",,,2,"[2]",8380,"Club Mezzanine",10,"Mobile Transfer ticket",1,"[PREMIUM]","[PREMIUM]","[PREMIUM]","[PREMIUM]",true,false,"['Clear view']","2026-08-20 15:44:24"
"13738840746","2026-08-20 23:56:34.856","2026-08-22 22:26:43.373","13738840746","160435927","[PREMIUM]","[PREMIUM]","117","1","_",,,4,"[4]",518,"Plaza",10,"Mobile Transfer ticket",1,"[PREMIUM]","[PREMIUM]","[PREMIUM]","[PREMIUM]",true,false,"['Front Row of Section','Clear view']","2026-08-20 16:16:35"
"13743601449","2026-08-20 23:56:34.856","2026-08-23 22:27:13.818","13743601449","160435927","[PREMIUM]","[PREMIUM]","149","3","_",,,2,"[2]",518,"Plaza",10,"Mobile Transfer ticket",1,"[PREMIUM]","[PREMIUM]","[PREMIUM]","[PREMIUM]",true,false,"['Clear view']","2026-08-20 22:08:28"
"13743597678","2026-08-20 23:56:34.856","2026-08-23 22:27:13.818","13743597678","160435927","[PREMIUM]","[PREMIUM]","128","13","_",,,2,"[2]",518,"Plaza",10,"Mobile Transfer ticket",1,"[PREMIUM]","[PREMIUM]","[PREMIUM]","[PREMIUM]",true,false,"['Front Row of Section','Clear view']","2026-08-20 22:08:22"
"13743584826","2026-08-20 23:56:34.856","2026-09-01 22:35:16.097","13743584826","160435927","[PREMIUM]","[PREMIUM]","336","15","_",,,2,"[2]",2153,"Upper Loge",10,"Mobile Transfer ticket",1,"[PREMIUM]","[PREMIUM]","[PREMIUM]","[PREMIUM]",true,false,"['Clear view']","2026-08-20 22:07:59"
"13742222671","2026-08-20 23:56:34.855","2026-08-20 23:56:34.855","13742222671","160435927","[PREMIUM]","[PREMIUM]","140","2","9001_9003","9001",,3,"[3]",518,"Plaza",10,"Mobile Transfer ticket",13,"[PREMIUM]","[PREMIUM]","[PREMIUM]","[PREMIUM]",true,false,"['Second Row of Section','Clear view']","2026-08-20 20:03:26"
"13743594984","2026-08-20 23:56:34.855","2026-08-22 22:26:43.349","13743594984","160435927","[PREMIUM]","[PREMIUM]","257","1","_",,,2,"[2]",2152,"Lower Loge",10,"Mobile Transfer ticket",1,"[PREMIUM]","[PREMIUM]","[PREMIUM]","[PREMIUM]",true,false,"['Front Row of Section','Clear view']","2026-08-20 22:08:17"
"13738359076","2026-08-20 23:56:34.763","2026-08-20 23:56:35.576","13738359076","160426596","[PREMIUM]","[PREMIUM]","125","8","_",,,2,"[2]",835,"Hall of Fame",10,"Mobile Transfer ticket",1,"[PREMIUM]","[PREMIUM]","[PREMIUM]","[PREMIUM]",true,false,"['Limited or Obstructed View (printed on ticket)','Front Row of Section']","2026-08-20 15:47:16"
"13742163672","2026-08-20 23:56:34.693","2026-08-20 23:56:34.693","13742163672","160426597","[PREMIUM]","[PREMIUM]","C236","7","_",,,4,"[1,2,4]",8379,"Club Main",10,"Mobile Transfer ticket",1,"[PREMIUM]","[PREMIUM]","[PREMIUM]","[PREMIUM]",true,false,"['Padded Seats','Clear view']","2026-08-20 19:56:52"
"13738356326","2026-08-20 23:56:34.605","2026-08-20 23:56:34.605","13738356326","160426596","[PREMIUM]","[PREMIUM]","205","11","_",,,2,"[2]",4107,"Main",10,"Mobile Transfer ticket",1,"[PREMIUM]","[PREMIUM]","[PREMIUM]","[PREMIUM]",true,false,"['Clear view']","2026-08-20 15:47:10"
"13739316865","2026-08-20 23:56:34.605","2026-08-31 22:31:45.256","13739316865","160426596","[PREMIUM]","[PREMIUM]","441","1","_",,,2,"[2]",478,"Loge",10,"Mobile Transfer ticket",1,"[PREMIUM]","[PREMIUM]","[PREMIUM]","[PREMIUM]",true,false,"['Front Row of Section','Clear view']","2026-08-20 16:46:45"
"13743665287","2026-08-20 23:56:34.605","2026-08-20 23:56:34.605","13743665287","160426596","[PREMIUM]","[PREMIUM]","204","6","_",,,2,"[2]",4107,"Main",10,"Mobile Transfer ticket",1,"[PREMIUM]","[PREMIUM]","[PREMIUM]","[PREMIUM]",true,false,"['Clear view']","2026-08-20 22:11:03"
"13425228114","2026-08-20 23:56:34.511","2026-09-02 22:29:37.570","13425228114","160435927","[PREMIUM]","[PREMIUM]","525WC","1","_",,,2,"[2]",1742,"Lower Terrace",10,"Mobile Transfer ticket",1,"[PREMIUM]","[PREMIUM]","[PREMIUM]","[PREMIUM]",true,false,"['Front Row of Section','Clear view']","2026-07-21 22:22:32"
"13740239493","2026-08-20 23:56:34.511","2026-08-20 23:56:34.511","13740239493","160435927","[PREMIUM]","[PREMIUM]","549","1","9001_9003","9001",,3,"[3]",1742,"Lower Terrace",10,"Mobile Transfer ticket",13,"[PREMIUM]","[PREMIUM]","[PREMIUM]","[PREMIUM]",true,false,"['Front Row of Section','Clear view']","2026-08-20 17:32:07"
"13743771970","2026-08-20 23:56:34.511","2026-08-20 23:56:34.511","13743771970","160435927","[PREMIUM]","[PREMIUM]","129","1","9001_9003","9001",,3,"[3]",518,"Plaza",10,"Mobile Transfer ticket",13,"[PREMIUM]","[PREMIUM]","[PREMIUM]","[PREMIUM]",true,false,"['Front Row of Section','Clear view']","2026-08-20 22:18:09"
"13744656352","2026-08-20 23:56:34.496","2026-08-20 23:56:34.496","13744656352","160435927","[PREMIUM]","[PREMIUM]","121","5","_",,,2,"[2]",518,"Plaza",10,"Mobile Transfer ticket",1,"[PREMIUM]","[PREMIUM]","[PREMIUM]","[PREMIUM]",true,false,"['Clear view']","2026-08-20 22:59:33"
"13738861126","2026-08-20 23:56:34.491","2026-08-23 22:27:13.783","13738861126","160435927","[PREMIUM]","[PREMIUM]","127","2","_",,,2,"[2]",518,"Plaza",10,"Mobile Transfer ticket",1,"[PREMIUM]","[PREMIUM]","[PREMIUM]","[PREMIUM]",true,false,"['Second Row of Section','Clear view']","2026-08-20 16:17:29"
"13738681264","2026-08-20 23:56:34.491","2026-08-20 23:56:34.491","13738681264","160435927","[PREMIUM]","[PREMIUM]","139","5","9001_9003","9001",,3,"[3]",518,"Plaza",10,"Mobile Transfer ticket",13,"[PREMIUM]","[PREMIUM]","[PREMIUM]","[PREMIUM]",true,false,"['Clear view']","2026-08-20 16:06:47"
"13743970367","2026-08-20 23:56:34.491","2026-08-20 23:56:34.491","13743970367","160435927","[PREMIUM]","[PREMIUM]","543","1","_",,,6,"[2,4,6]",1742,"Lower Terrace",10,"Mobile Transfer ticket",1,"[PREMIUM]","[PREMIUM]","[PREMIUM]","[PREMIUM]",true,false,"['Front Row of Section','Clear view']","2026-08-20 22:27:56"
"13739028342","2026-08-20 23:56:34.406","2026-08-20 23:56:35.299","13739028342","160426596","[PREMIUM]","[PREMIUM]","146","8","9001_9003","9001",,3,"[3]",835,"Hall of Fame",10,"Mobile Transfer ticket",13,"[PREMIUM]","[PREMIUM]","[PREMIUM]","[PREMIUM]",true,false,"['Clear view']","2026-08-20 16:26:29"
"13738789794","2026-08-20 23:56:34.357","2026-08-21 23:22:50.821","13738789794","160435927","[PREMIUM]","[PREMIUM]","515","3","_",,,4,"[4]",1742,"Lower Terrace",10,"Mobile Transfer ticket",1,"[PREMIUM]","[PREMIUM]","[PREMIUM]","[PREMIUM]",true,false,"['Third Row of Section','Clear view']","2026-08-20 16:14:28"
"13736407628","2026-08-20 23:56:34.329","2026-08-20 23:56:34.329","13736407628","160435927","[PREMIUM]","[PREMIUM]","141","15","9001_9003","9001",,3,"[3]",518,"Plaza",10,"Mobile Transfer ticket",13,"[PREMIUM]","[PREMIUM]","[PREMIUM]","[PREMIUM]",true,false,"['Clear view']","2026-08-20 13:32:01"
"13738873268","2026-08-20 23:56:34.329","2026-08-21 23:22:51.096","13738873268","160435927","[PREMIUM]","[PREMIUM]","106","23","_",,,2,"[2]",518,"Plaza",10,"Mobile Transfer ticket",1,"[PREMIUM]","[PREMIUM]","[PREMIUM]","[PREMIUM]",true,false,"['Front Row of Section','Clear view']","2026-08-20 16:17:55"
"13737836528","2026-08-20 23:56:34.307","2026-08-20 23:56:34.307","13737836528","160435927","[PREMIUM]","[PREMIUM]","230","2","9001_9005","9001",,5,"[5]",2152,"Lower Loge",10,"Mobile Transfer ticket",13,"[PREMIUM]","[PREMIUM]","[PREMIUM]","[PREMIUM]",true,false,"['Front Row of Section','Clear view']","2026-08-20 15:14:15"
"13741452326","2026-08-20 23:56:34.307","2026-08-20 23:56:34.307","13741452326","160435927","[PREMIUM]","[PREMIUM]","141","14","9001_9003","9001",,3,"[3]",518,"Plaza",10,"Mobile Transfer ticket",13,"[PREMIUM]","[PREMIUM]","[PREMIUM]","[PREMIUM]",true,false,"['Clear view']","2026-08-20 18:59:07"
"13743600917","2026-08-20 23:56:34.161","2026-08-20 23:56:34.161","13743600917","160435927","[PREMIUM]","[PREMIUM]","147","16","_",,,2,"[2]",518,"Plaza",10,"Mobile Transfer ticket",1,"[PREMIUM]","[PREMIUM]","[PREMIUM]","[PREMIUM]",true,false,"['Second Row of Section','Clear view']","2026-08-20 22:08:28"
"13743589252","2026-08-20 23:56:34.152","2026-08-22 22:26:42.918","13743589252","160435927","[PREMIUM]","[PREMIUM]","515","4","_",,,2,"[2]",1742,"Lower Terrace",10,"Mobile Transfer ticket",1,"[PREMIUM]","[PREMIUM]","[PREMIUM]","[PREMIUM]",true,false,"['Clear view']","2026-08-20 22:08:06"
"13743598168","2026-08-20 23:56:34.152","2026-08-21 23:22:50.709","13743598168","160435927","[PREMIUM]","[PREMIUM]","132","2","_",,,2,"[2]",518,"Plaza",10,"Mobile Transfer ticket",1,"[PREMIUM]","[PREMIUM]","[PREMIUM]","[PREMIUM]",true,false,"['Second Row of Section','Clear view']","2026-08-20 22:08:23"
"12691062364","2026-08-20 23:56:34.130","2026-08-31 22:31:29.837","12691062364","160435927","[PREMIUM]","[PREMIUM]","112","3","_",,,6,"[1,2,4,6]",518,"Plaza",10,"Mobile Transfer ticket",14,"[PREMIUM]","[PREMIUM]","[PREMIUM]","[PREMIUM]",true,false,"['Includes club access','Third Row of Section','Clear view']","2026-05-15 00:07:18"
"13743578059","2026-08-20 23:56:34.070","2026-08-22 22:26:42.918","13743578059","160435927","[PREMIUM]","[PREMIUM]","139","6","_",,,2,"[2]",518,"Plaza",10,"Mobile Transfer ticket",1,"[PREMIUM]","[PREMIUM]","[PREMIUM]","[PREMIUM]",true,false,"['Clear view']","2026-08-20 22:07:49"
"13743580845","2026-08-20 23:56:34.070","2026-09-01 22:35:11.481","13743580845","160435927","[PREMIUM]","[PREMIUM]","523","2","_",,,2,"[2]",1742,"Lower Terrace",10,"Mobile Transfer ticket",1,"[PREMIUM]","[PREMIUM]","[PREMIUM]","[PREMIUM]",true,false,"['Second Row of Section','Clear view']","2026-08-20 22:07:53"
"13739326373","2026-08-20 23:56:34.059","2026-08-30 22:36:12.968","13739326373","160426596","[PREMIUM]","[PREMIUM]","201","1","_",,,2,"[2]",4107,"Main",10,"Mobile Transfer ticket",1,"[PREMIUM]","[PREMIUM]","[PREMIUM]","[PREMIUM]",true,false,"['Front Row of Section','Clear view']","2026-08-20 16:47:10"
"13741316986","2026-08-20 23:56:34.059","2026-08-20 23:56:34.059","13741316986","160426596","[PREMIUM]","[PREMIUM]","330","3","9001_9005","9001",,5,"[5]",507,"Mezzanine",10,"Mobile Transfer ticket",13,"[PREMIUM]","[PREMIUM]","[PREMIUM]","[PREMIUM]",true,false,"['Third Row of Section','Clear view']","2026-08-20 18:48:09"
"13739313396","2026-08-20 23:56:34.059","2026-09-01 22:34:59.090","13739313396","160426596","[PREMIUM]","[PREMIUM]","219","1","_",,,2,"[2]",4107,"Main",10,"Mobile Transfer ticket",1,"[PREMIUM]","[PREMIUM]","[PREMIUM]","[PREMIUM]",true,false,"['Front Row of Section','Clear view']","2026-08-20 16:46:38"
"13739318923","2026-08-20 23:56:34.059","2026-09-01 22:34:59.090","13739318923","160426596","[PREMIUM]","[PREMIUM]","412","1","_",,,2,"[2]",478,"Loge",10,"Mobile Transfer ticket",1,"[PREMIUM]","[PREMIUM]","[PREMIUM]","[PREMIUM]",true,false,"['Front Row of Section','Clear view']","2026-08-20 16:46:50"
"13739315676","2026-08-20 23:56:34.013","2026-08-20 23:56:34.013","13739315676","160426596","[PREMIUM]","[PREMIUM]","C313","13","_",,,2,"[2]",8380,"Club Mezzanine",10,"Mobile Transfer ticket",1,"[PREMIUM]","[PREMIUM]","[PREMIUM]","[PREMIUM]",true,false,"['Clear view']","2026-08-20 16:46:43"
"13736775337","2026-08-20 23:56:34.012","2026-08-20 23:56:34.012","13736775337","160435927","[PREMIUM]","[PREMIUM]","227","2","9001_9002","9001",,2,"[2]",2152,"Lower Loge",10,"Mobile Transfer ticket",13,"[PREMIUM]","[PREMIUM]","[PREMIUM]","[PREMIUM]",true,false,"['Second Row of Section','Clear view']","2026-08-20 14:05:35"
"13743822369","2026-08-20 23:56:33.968","2026-08-20 23:56:33.968","13743822369","160435927","[PREMIUM]","[PREMIUM]","127","3","_",,,3,"[1,3]",518,"Plaza",10,"Mobile Transfer ticket",1,"[PREMIUM]","[PREMIUM]","[PREMIUM]","[PREMIUM]",true,false,"['Third Row of Section','Clear view']","2026-08-20 22:21:40"
"13739357994","2026-08-20 23:56:33.917","2026-08-24 22:28:37.555","13739357994","160426596","[PREMIUM]","[PREMIUM]","221","1","_",,,2,"[2]",4107,"Main",10,"Mobile Transfer ticket",1,"[PREMIUM]","[PREMIUM]","[PREMIUM]","[PREMIUM]",true,false,"['Front Row of Section','Clear view']","2026-08-20 16:48:12"
"13735326788","2026-08-20 23:56:33.892","2026-08-20 23:56:33.892","13735326788","160426596","[PREMIUM]","[PREMIUM]","203","1","1017_1017","1017","1017",1,"[1]",4107,"Main",10,"Mobile Transfer ticket",1,"[PREMIUM]","[PREMIUM]","[PREMIUM]","[PREMIUM]",false,false,"['Front Row of Section','Clear view']","2026-08-20 11:06:57"
"13743882026","2026-08-20 23:56:33.892","2026-08-20 23:56:33.892","13743882026","160426596","[PREMIUM]","[PREMIUM]","411","1","_",,,2,"[2]",478,"Loge",10,"Mobile Transfer ticket",1,"[PREMIUM]","[PREMIUM]","[PREMIUM]","[PREMIUM]",true,false,"['Front Row of Section','Clear view']","2026-08-20 22:25:02"
"13714164237","2026-08-20 23:56:33.826","2026-08-20 23:56:33.826","13714164237","160426597","[PREMIUM]","[PREMIUM]","C236","8","99_102","99",,4,"[4]",8379,"Club Main",10,"Mobile Transfer ticket",1,"[PREMIUM]","[PREMIUM]","[PREMIUM]","[PREMIUM]",true,false,"['Clear view']","2026-08-18 13:38:59"
"13715251430","2026-08-20 23:56:33.825","2026-08-23 22:28:43.546","13715251430","160426597","[PREMIUM]","[PREMIUM]","C210","3","15_16","15",,2,"[2]",8379,"Club Main",10,"Mobile Transfer ticket",1,"[PREMIUM]","[PREMIUM]","[PREMIUM]","[PREMIUM]",true,false,"['Unlimited Food and Drinks','Priority Entry','Includes unlimited food and drinks (beer, wine and liquor)','Founders Club','Actual 3rd row of section','Home Side','Includes unlimited food and drinks (beer and soft drinks)','Clear view']","2026-08-18 15:59:38"
"13742160319","2026-08-20 23:56:33.825","2026-08-20 23:56:33.825","13742160319","160426597","[PREMIUM]","[PREMIUM]","C136","4","_",,,2,"[2]",8378,"Club Hall of Fame",10,"Mobile Transfer ticket",1,"[PREMIUM]","[PREMIUM]","[PREMIUM]","[PREMIUM]",true,false,"['Padded Seats','Front Row of Section','Clear view']","2026-08-20 19:56:39"
"13742161992","2026-08-20 23:56:33.825","2026-08-20 23:56:33.825","13742161992","160426597","[PREMIUM]","[PREMIUM]","C135","2","_",,,6,"[1,2,3,4,6]",8378,"Club Hall of Fame",10,"Mobile Transfer ticket",1,"[PREMIUM]","[PREMIUM]","[PREMIUM]","[PREMIUM]",true,false,"['Padded Seats','Second Row of Section','Clear view']","2026-08-20 19:56:45"
"13743225636","2026-08-20 23:56:33.767","2026-08-20 23:56:33.767","13743225636","160426597","[PREMIUM]","[PREMIUM]","C108","2","_",,,4,"[2,4]",8378,"Club Hall of Fame",10,"Mobile Transfer ticket",1,"[PREMIUM]","[PREMIUM]","[PREMIUM]","[PREMIUM]",true,false,"['Second Row of Section','Clear view']","2026-08-20 21:34:38"
"13602688290","2026-08-20 23:56:33.700","2026-08-23 22:28:44.949","13602688290","160426597","[PREMIUM]","[PREMIUM]","C307","3","9001_9005","9001",,5,"[1,2,3,5]",8380,"Club Mezzanine",10,"Mobile Transfer ticket",1,"[PREMIUM]","[PREMIUM]","[PREMIUM]","[PREMIUM]",true,false,"['Third Row of Section','Clear view']","2026-08-07 11:49:41"
"13742160461","2026-08-20 23:56:33.668","2026-08-20 23:56:33.668","13742160461","160426597","[PREMIUM]","[PREMIUM]","C337","2","_",,,4,"[1,2,4]",8380,"Club Mezzanine",10,"Mobile Transfer ticket",1,"[PREMIUM]","[PREMIUM]","[PREMIUM]","[PREMIUM]",true,false,"['Padded Seats','Second Row of Section','Clear view']","2026-08-20 19:56:39"
"13744937802","2026-08-20 23:56:33.668","2026-08-20 23:56:33.668","13744937802","160426597","[PREMIUM]","[PREMIUM]","C213","2","_",,,2,"[2]",8379,"Club Main",10,"Mobile Transfer ticket",1,"[PREMIUM]","[PREMIUM]","[PREMIUM]","[PREMIUM]",true,false,"['Second Row of Section','Clear view']","2026-08-20 23:13:11"
"13739740628","2026-08-20 23:56:33.631","2026-08-20 23:56:33.631","13739740628","160426597","[PREMIUM]","[PREMIUM]","C211","9","_",,,2,"[2]",8379,"Club Main",10,"Mobile Transfer ticket",1,"[PREMIUM]","[PREMIUM]","[PREMIUM]","[PREMIUM]",true,false,"['Clear view']","2026-08-20 17:04:21"
"13739740454","2026-08-20 23:56:33.631","2026-08-20 23:56:33.631","13739740454","160426597","[PREMIUM]","[PREMIUM]","C233","4","_",,,2,"[2]",8379,"Club Main",10,"Mobile Transfer ticket",1,"[PREMIUM]","[PREMIUM]","[PREMIUM]","[PREMIUM]",true,false,"['Clear view']","2026-08-20 17:04:21"
"13739710300","2026-08-20 23:56:33.631","2026-08-20 23:56:33.631","13739710300","160426597","[PREMIUM]","[PREMIUM]","C211","5","_",,,2,"[2]",8379,"Club Main",10,"Mobile Transfer ticket",1,"[PREMIUM]","[PREMIUM]","[PREMIUM]","[PREMIUM]",true,false,"['Clear view']","2026-08-20 17:02:31"
"13706744898","2026-08-20 23:56:33.533","2026-08-20 23:56:33.533","13706744898","160426597","[PREMIUM]","[PREMIUM]","C133","5","_",,,3,"[1,3]",8378,"Club Hall of Fame",10,"Mobile Transfer ticket",1,"[PREMIUM]","[PREMIUM]","[PREMIUM]","[PREMIUM]",true,false,"['Clear view']","2026-08-17 19:46:29"
"13739710523","2026-08-20 23:56:33.533","2026-08-20 23:56:33.533","13739710523","160426597","[PREMIUM]","[PREMIUM]","C136","9","_",,,2,"[2]",8378,"Club Hall of Fame",10,"Mobile Transfer ticket",1,"[PREMIUM]","[PREMIUM]","[PREMIUM]","[PREMIUM]",true,false,"['Clear view']","2026-08-20 17:02:32"
"13687751111","2026-08-20 23:56:33.520","2026-08-20 23:56:33.520","13687751111","160426597","[PREMIUM]","[PREMIUM]","145","4","9001_9002","9001",,2,"[2]",835,"Hall of Fame",10,"Mobile Transfer ticket",1,"[PREMIUM]","[PREMIUM]","[PREMIUM]","[PREMIUM]",true,false,"['Front Row of Section','Clear view']","2026-08-15 21:01:36"
"13738358637","2026-08-20 23:56:33.481","2026-08-20 23:56:33.481","13738358637","160426596","[PREMIUM]","[PREMIUM]","205","10","_",,,2,"[2]",4107,"Main",10,"Mobile Transfer ticket",1,"[PREMIUM]","[PREMIUM]","[PREMIUM]","[PREMIUM]",true,false,"['Clear view']","2026-08-20 15:47:15"
"13742395538","2026-08-20 23:56:33.465","2026-08-20 23:56:33.465","13742395538","160426597","[PREMIUM]","[PREMIUM]","129","2","_",,,4,"[2,4]",835,"Hall of Fame",10,"Mobile Transfer ticket",1,"[PREMIUM]","[PREMIUM]","[PREMIUM]","[PREMIUM]",true,false,"['Second Row of Section','Clear view']","2026-08-20 20:25:39"
"13742161974","2026-08-20 23:56:33.465","2026-08-20 23:56:33.465","13742161974","160426597","[PREMIUM]","[PREMIUM]","C308","2","_",,,2,"[2]",8380,"Club Mezzanine",10,"Mobile Transfer ticket",1,"[PREMIUM]","[PREMIUM]","[PREMIUM]","[PREMIUM]",true,false,"['Padded Seats','Second Row of Section','Clear view']","2026-08-20 19:56:45"
"13654445183","2026-08-20 23:56:33.437","2026-09-01 22:36:43.398","13654445183","160426597","[PREMIUM]","[PREMIUM]","C212","5","99_100","99",,2,"[2]",8379,"Club Main",10,"Mobile Transfer ticket",1,"[PREMIUM]","[PREMIUM]","[PREMIUM]","[PREMIUM]",true,false,"['Clear view']","2026-08-13 02:32:44"
"13715251436","2026-08-20 23:56:33.437","2026-08-21 23:20:40.959","13715251436","160426597","[PREMIUM]","[PREMIUM]","C212","12","9_12","9",,4,"[1,2,3,4]",8379,"Club Main",10,"Mobile Transfer ticket",1,"[PREMIUM]","[PREMIUM]","[PREMIUM]","[PREMIUM]",true,false,"['Clear view']","2026-08-18 15:59:38"
"13742180081","2026-08-20 23:56:33.437","2026-08-20 23:56:33.437","13742180081","160426597","[PREMIUM]","[PREMIUM]","413","9","_",,,2,"[2]",1706,"Upper Concourse",10,"Mobile Transfer ticket",1,"[PREMIUM]","[PREMIUM]","[PREMIUM]","[PREMIUM]",true,false,"['Clear view']","2026-08-20 19:59:02"
"13706748056","2026-08-20 23:56:33.393","2026-08-20 23:56:33.393","13706748056","160426597","[PREMIUM]","[PREMIUM]","205","1","_",,,2,"[2]",4107,"Main",10,"Mobile Transfer ticket",1,"[PREMIUM]","[PREMIUM]","[PREMIUM]","[PREMIUM]",true,false,"['Front Row of Section','Clear view']","2026-08-17 19:46:40"
"13738358736","2026-08-20 23:56:33.330","2026-08-20 23:56:33.330","13738358736","160426596","[PREMIUM]","[PREMIUM]","150","10","_",,,2,"[2]",835,"Hall of Fame",10,"Mobile Transfer ticket",1,"[PREMIUM]","[PREMIUM]","[PREMIUM]","[PREMIUM]",true,false,"['Third Row of Section','Clear view']","2026-08-20 15:47:15"
"13737675233","2026-08-20 23:56:33.207","2026-08-20 23:56:33.207","13737675233","160426596","[PREMIUM]","[PREMIUM]","412","2","9001_9006","9001",,6,"[6]",478,"Loge",10,"Mobile Transfer ticket",13,"[PREMIUM]","[PREMIUM]","[PREMIUM]","[PREMIUM]",true,false,"['Second Row of Section','Clear view']","2026-08-20 15:03:18"
"13739307527","2026-08-20 23:56:33.207","2026-08-29 22:36:50.076","13739307527","160426596","[PREMIUM]","[PREMIUM]","304","1","_",,,2,"[2]",507,"Mezzanine",10,"Mobile Transfer ticket",1,"[PREMIUM]","[PREMIUM]","[PREMIUM]","[PREMIUM]",true,false,"['Front Row of Section','Clear view']","2026-08-20 16:46:26"
"13739317951","2026-08-20 23:56:33.207","2026-09-01 22:34:57.852","13739317951","160426596","[PREMIUM]","[PREMIUM]","404","1","_",,,6,"[1,2,3,4,6]",1706,"Upper Concourse",10,"Mobile Transfer ticket",1,"[PREMIUM]","[PREMIUM]","[PREMIUM]","[PREMIUM]",true,false,"['Front Row of Section','Clear view']","2026-08-20 16:46:47"
"13743881590","2026-08-20 23:56:33.183","2026-08-20 23:56:33.183","13743881590","160426596","[PREMIUM]","[PREMIUM]","411","9","_",,,2,"[2]",1706,"Upper Concourse",10,"Mobile Transfer ticket",1,"[PREMIUM]","[PREMIUM]","[PREMIUM]","[PREMIUM]",true,false,"['Clear view']","2026-08-20 22:25:02"
"13739326502","2026-08-20 23:56:33.048","2026-08-29 22:36:51.162","13739326502","160426596","[PREMIUM]","[PREMIUM]","444","1","_",,,2,"[2]",478,"Loge",10,"Mobile Transfer ticket",1,"[PREMIUM]","[PREMIUM]","[PREMIUM]","[PREMIUM]",true,false,"['Front Row of Section','Clear view']","2026-08-20 16:47:10"
"13741419251","2026-08-20 23:56:32.895","2026-08-20 23:56:32.895","13741419251","160435927","[PREMIUM]","[PREMIUM]","272","2","9001_9002","9001",,2,"[2]",2152,"Lower Loge",10,"Mobile Transfer ticket",13,"[PREMIUM]","[PREMIUM]","[PREMIUM]","[PREMIUM]",true,false,"['Front Row of Section','Clear view']","2026-08-20 18:57:14"
"13621414201","2026-08-20 23:56:32.894","2026-08-26 22:34:39.500","13621414201","160435927","[PREMIUM]","[PREMIUM]","102","18","9001_9002","9001",,2,"[2]",518,"Plaza",10,"Mobile Transfer ticket",1,"[PREMIUM]","[PREMIUM]","[PREMIUM]","[PREMIUM]",true,false,"['Front Row of Section','Clear view']","2026-08-09 20:17:29"
"13743585141","2026-08-20 23:56:32.894","2026-09-02 22:29:34.160","13743585141","160435927","[PREMIUM]","[PREMIUM]","283","2","_",,,2,"[2]",2152,"Lower Loge",10,"Mobile Transfer ticket",1,"[PREMIUM]","[PREMIUM]","[PREMIUM]","[PREMIUM]",true,false,"['Second Row of Section','Clear view']","2026-08-20 22:07:59"
"13224002453","2026-08-20 23:56:32.773","2026-08-22 22:26:42.242","13224002453","160435927","[PREMIUM]","[PREMIUM]","317","13","99_102","99",,4,"[4]",2153,"Upper Loge",10,"Mobile Transfer ticket",1,"[PREMIUM]","[PREMIUM]","[PREMIUM]","[PREMIUM]",true,false,"['Clear view']","2026-07-03 00:57:57"
"13737658602","2026-08-20 23:56:32.773","2026-08-20 23:56:32.773","13737658602","160435927","[PREMIUM]","[PREMIUM]","137","22","9001_9006","9001",,6,"[6]",518,"Plaza",10,"Mobile Transfer ticket",13,"[PREMIUM]","[PREMIUM]","[PREMIUM]","[PREMIUM]",true,false,"['Clear view']","2026-08-20 15:01:28"
"13737799749","2026-08-20 23:56:32.773","2026-08-20 23:56:32.773","13737799749","160435927","[PREMIUM]","[PREMIUM]","127","6","9001_9002","9001",,2,"[2]",518,"Plaza",10,"Mobile Transfer ticket",13,"[PREMIUM]","[PREMIUM]","[PREMIUM]","[PREMIUM]",true,false,"['Clear view']","2026-08-20 15:11:42"
"13745290424","2026-08-20 23:56:32.773","2026-08-20 23:56:32.773","13745290424","160435927","[PREMIUM]","[PREMIUM]","104","10","_",,,2,"[2]",518,"Plaza",10,"Mobile Transfer ticket",1,"[PREMIUM]","[PREMIUM]","[PREMIUM]","[PREMIUM]",true,false,"['Front Row of Section','Clear view']","2026-08-20 23:26:50"
"13738608813","2026-08-20 23:56:32.747","2026-08-23 22:27:12.806","13738608813","160435927","[PREMIUM]","[PREMIUM]","122","24","_",,,3,"[3]",518,"Plaza",10,"Mobile Transfer ticket",1,"[PREMIUM]","[PREMIUM]","[PREMIUM]","[PREMIUM]",true,false,"['Second Row of Section','Clear view']","2026-08-20 16:01:07"
"13743590859","2026-08-20 23:56:32.717","2026-08-21 23:22:49.629","13743590859","160435927","[PREMIUM]","[PREMIUM]","147","24","_",,,2,"[2]",518,"Plaza",10,"Mobile Transfer ticket",1,"[PREMIUM]","[PREMIUM]","[PREMIUM]","[PREMIUM]",true,false,"['Clear view']","2026-08-20 22:08:09"
"13743591340","2026-08-20 23:56:32.716","2026-08-20 23:56:32.716","13743591340","160435927","[PREMIUM]","[PREMIUM]","109","15","_",,,2,"[2]",518,"Plaza",10,"Mobile Transfer ticket",1,"[PREMIUM]","[PREMIUM]","[PREMIUM]","[PREMIUM]",true,false,"['Front Row of Section','Clear view']","2026-08-20 22:08:10"
"13743590608","2026-08-20 23:56:32.618","2026-08-23 22:27:13.047","13743590608","160435927","[PREMIUM]","[PREMIUM]","152","12","_",,,2,"[2]",518,"Plaza",10,"Mobile Transfer ticket",1,"[PREMIUM]","[PREMIUM]","[PREMIUM]","[PREMIUM]",true,false,"['Third Row of Section','Clear view']","2026-08-20 22:08:09"
"13736494249","2026-08-20 23:56:32.554","2026-08-20 23:56:32.554","13736494249","160435927","[PREMIUM]","[PREMIUM]","511","1","9001_9002","9001",,2,"[2]",1742,"Lower Terrace",10,"Mobile Transfer ticket",13,"[PREMIUM]","[PREMIUM]","[PREMIUM]","[PREMIUM]",true,false,"['Front Row of Section','Clear view']","2026-08-20 13:42:28"
"13741593108","2026-08-20 23:56:32.521","2026-08-20 23:56:32.521","13741593108","160435927","[PREMIUM]","[PREMIUM]","132","4","9001_9002","9001",,2,"[2]",518,"Plaza",10,"Mobile Transfer ticket",13,"[PREMIUM]","[PREMIUM]","[PREMIUM]","[PREMIUM]",true,false,"['Clear view']","2026-08-20 19:15:42"
"13739319049","2026-08-20 23:56:32.492","2026-09-01 22:34:57.852","13739319049","160426596","[PREMIUM]","[PREMIUM]","323","1","_",,,2,"[2]",507,"Mezzanine",10,"Mobile Transfer ticket",1,"[PREMIUM]","[PREMIUM]","[PREMIUM]","[PREMIUM]",true,false,"['Front Row of Section','Clear view']","2026-08-20 16:46:50"
"13739772461","2026-08-20 23:56:32.392","2026-08-20 23:56:32.392","13739772461","160426597","[PREMIUM]","[PREMIUM]","C335","9","_",,,2,"[2]",8380,"Club Mezzanine",10,"Mobile Transfer ticket",1,"[PREMIUM]","[PREMIUM]","[PREMIUM]","[PREMIUM]",true,false,"['Clear view']","2026-08-20 17:05:55"
"13739739390","2026-08-20 23:56:32.392","2026-08-20 23:56:32.392","13739739390","160426597","[PREMIUM]","[PREMIUM]","103","5","_",,,2,"[2]",835,"Hall of Fame",10,"Mobile Transfer ticket",1,"[PREMIUM]","[PREMIUM]","[PREMIUM]","[PREMIUM]",true,false,"['Clear view']","2026-08-20 17:04:17"
"13742395639","2026-08-20 23:56:32.363","2026-08-20 23:56:32.363","13742395639","160426597","[PREMIUM]","[PREMIUM]","123","8","_",,,2,"[2]",835,"Hall of Fame",10,"Mobile Transfer ticket",1,"[PREMIUM]","[PREMIUM]","[PREMIUM]","[PREMIUM]",true,false,"['Front Row of Section','Clear view']","2026-08-20 20:25:39"
"13742397519","2026-08-20 23:56:32.363","2026-08-20 23:56:32.363","13742397519","160426597","[PREMIUM]","[PREMIUM]","C107","9","_",,,2,"[2]",8378,"Club Hall of Fame",10,"Mobile Transfer ticket",1,"[PREMIUM]","[PREMIUM]","[PREMIUM]","[PREMIUM]",true,false,"['Clear view']","2026-08-20 20:25:51"
"13742395312","2026-08-20 23:56:32.363","2026-08-20 23:56:32.363","13742395312","160426597","[PREMIUM]","[PREMIUM]","150","9","_",,,2,"[2]",835,"Hall of Fame",10,"Mobile Transfer ticket",1,"[PREMIUM]","[PREMIUM]","[PREMIUM]","[PREMIUM]",true,false,"['Second Row of Section','Clear view']","2026-08-20 20:25:38"
"13706757739","2026-08-20 23:56:32.187","2026-09-01 22:36:35.272","13706757739","160426597","[PREMIUM]","[PREMIUM]","C239","3","_",,,2,"[2]",8379,"Club Main",10,"Mobile Transfer ticket",1,"[PREMIUM]","[PREMIUM]","[PREMIUM]","[PREMIUM]",true,false,"['Third Row of Section','Clear view']","2026-08-17 19:47:16"
"13714208389","2026-08-20 23:56:32.187","2026-09-01 22:36:35.035","13714208389","160426597","[PREMIUM]","[PREMIUM]","C209","12","11_11","11","11",1,"[1]",8379,"Club Main",10,"Mobile Transfer ticket",1,"[PREMIUM]","[PREMIUM]","[PREMIUM]","[PREMIUM]",false,false,"['Clear view']","2026-08-18 13:47:12"
"13739710716","2026-08-20 23:56:32.172","2026-08-20 23:56:32.172","13739710716","160426597","[PREMIUM]","[PREMIUM]","120","4","_",,,2,"[2]",835,"Hall of Fame",10,"Mobile Transfer ticket",1,"[PREMIUM]","[PREMIUM]","[PREMIUM]","[PREMIUM]",true,false,"['Front Row of Section','Clear view']","2026-08-20 17:02:32"
"13739712056","2026-08-20 23:56:32.100","2026-08-20 23:56:32.100","13739712056","160426597","[PREMIUM]","[PREMIUM]","103","6","_",,,2,"[2]",835,"Hall of Fame",10,"Mobile Transfer ticket",1,"[PREMIUM]","[PREMIUM]","[PREMIUM]","[PREMIUM]",true,false,"['Clear view']","2026-08-20 17:02:38"
"13739710699","2026-08-20 23:56:32.072","2026-08-20 23:56:32.072","13739710699","160426597","[PREMIUM]","[PREMIUM]","C206","6","_",,,2,"[2]",8379,"Club Main",10,"Mobile Transfer ticket",1,"[PREMIUM]","[PREMIUM]","[PREMIUM]","[PREMIUM]",true,false,"['Clear view']","2026-08-20 17:02:32"
"13745592447","2026-08-20 23:56:32.072","2026-08-31 22:32:47.033","13745592447","160426597","[PREMIUM]","[PREMIUM]","C133","11","_",,,4,"[2,4]",8378,"Club Hall of Fame",10,"Mobile Transfer ticket",1,"[PREMIUM]","[PREMIUM]","[PREMIUM]","[PREMIUM]",true,false,"['Clear view']","2026-08-20 23:40:24"
"13742179889","2026-08-20 23:56:31.974","2026-08-20 23:56:31.974","13742179889","160426597","[PREMIUM]","[PREMIUM]","411","9","_",,,4,"[1,2,4]",1706,"Upper Concourse",10,"Mobile Transfer ticket",1,"[PREMIUM]","[PREMIUM]","[PREMIUM]","[PREMIUM]",true,false,"['Clear view']","2026-08-20 19:59:01"
"13743286585","2026-08-20 23:56:31.878","2026-08-20 23:56:31.878","13743286585","160426597","[PREMIUM]","[PREMIUM]","122","8","_",,,2,"[2]",835,"Hall of Fame",10,"Mobile Transfer ticket",1,"[PREMIUM]","[PREMIUM]","[PREMIUM]","[PREMIUM]",true,false,"['Front Row of Section','Clear view']","2026-08-20 21:40:57"
"13745014065","2026-08-20 23:56:31.619","2026-08-20 23:56:31.619","13745014065","160435927","[PREMIUM]","[PREMIUM]","523","3","_",,,2,"[2]",1742,"Lower Terrace",10,"Mobile Transfer ticket",1,"[PREMIUM]","[PREMIUM]","[PREMIUM]","[PREMIUM]",true,false,"['Third Row of Section','Clear view']","2026-08-20 23:17:21"
"13743595159","2026-08-20 23:56:31.619","2026-09-02 22:29:30.276","13743595159","160435927","[PREMIUM]","[PREMIUM]","329","11","_",,,2,"[2]",2153,"Upper Loge",10,"Mobile Transfer ticket",1,"[PREMIUM]","[PREMIUM]","[PREMIUM]","[PREMIUM]",true,false,"['Second Row of Section','Clear view']","2026-08-20 22:08:17"
"13745509451","2026-08-20 23:56:31.619","2026-08-20 23:56:31.619","13745509451","160435927","[PREMIUM]","[PREMIUM]","553","3","_",,,2,"[2]",1742,"Lower Terrace",10,"Mobile Transfer ticket",1,"[PREMIUM]","[PREMIUM]","[PREMIUM]","[PREMIUM]",true,false,"['Third Row of Section','Clear view']","2026-08-20 23:37:41"
"13735326896","2026-08-20 23:56:31.604","2026-08-20 23:56:32.547","13735326896","160426596","[PREMIUM]","[PREMIUM]","230","7","1003_1004","1003","1004",2,"[2]",4107,"Main",10,"Mobile Transfer ticket",1,"[PREMIUM]","[PREMIUM]","[PREMIUM]","[PREMIUM]",true,false,"['Clear view']","2026-08-20 11:06:58"
"13734478562","2026-08-20 23:56:31.604","2026-09-02 22:31:40.990","13734478562","160426596","[PREMIUM]","[PREMIUM]","241","2","_",,,4,"[1,2,4]",4107,"Main",10,"Mobile Transfer ticket",1,"[PREMIUM]","[PREMIUM]","[PREMIUM]","[PREMIUM]",true,false,"['Second Row of Section','Clear view']","2026-08-20 09:05:57"
"13734478505","2026-08-20 23:56:31.604","2026-09-02 22:31:40.990","13734478505","160426596","[PREMIUM]","[PREMIUM]","204","12","_",,,2,"[2]",4107,"Main",10,"Mobile Transfer ticket",1,"[PREMIUM]","[PREMIUM]","[PREMIUM]","[PREMIUM]",true,false,"['Clear view']","2026-08-20 09:05:56"
"13734478526","2026-08-20 23:56:31.604","2026-09-01 22:34:58.010","13734478526","160426596","[PREMIUM]","[PREMIUM]","204","13","_",,,2,"[2]",4107,"Main",10,"Mobile Transfer ticket",1,"[PREMIUM]","[PREMIUM]","[PREMIUM]","[PREMIUM]",true,false,"['Clear view']","2026-08-20 09:05:57"
"13734500720","2026-08-20 23:56:31.604","2026-09-01 22:34:57.126","13734500720","160426596","[PREMIUM]","[PREMIUM]","122","9","_",,,2,"[2]",835,"Hall of Fame",10,"Mobile Transfer ticket",1,"[PREMIUM]","[PREMIUM]","[PREMIUM]","[PREMIUM]",true,false,"['Second Row of Section','Clear view']","2026-08-20 09:09:33"
"13735336253","2026-08-20 23:56:31.530","2026-08-20 23:56:31.530","13735336253","160435927","[PREMIUM]","[PREMIUM]","112","5","1015_1017","1015","1017",3,"[1,3]",518,"Plaza",10,"Mobile Transfer ticket",1,"[PREMIUM]","[PREMIUM]","[PREMIUM]","[PREMIUM]",true,false,"['Clear view']","2026-08-20 11:08:01"
"13743889678","2026-08-20 23:56:31.465","2026-08-20 23:56:31.465","13743889678","160426596","[PREMIUM]","[PREMIUM]","415","9","_",,,2,"[2]",1706,"Upper Concourse",10,"Mobile Transfer ticket",1,"[PREMIUM]","[PREMIUM]","[PREMIUM]","[PREMIUM]",true,false,"['Clear view']","2026-08-20 22:25:15"
"13743627570","2026-08-20 23:56:31.437","2026-08-20 23:56:31.437","13743627570","160435927","[PREMIUM]","[PREMIUM]","341","10","_",,,4,"[2,4]",2153,"Upper Loge",10,"Mobile Transfer ticket",1,"[PREMIUM]","[PREMIUM]","[PREMIUM]","[PREMIUM]",true,false,"['Front Row of Section','Clear view']","2026-08-20 22:09:13"
"13733765037","2026-08-20 23:56:31.396","2026-08-20 23:56:31.396","13733765037","160435927","[PREMIUM]","[PREMIUM]","339","15","_",,,2,"[2]",2153,"Upper Loge",10,"Mobile Transfer ticket",14,"[PREMIUM]","[PREMIUM]","[PREMIUM]","[PREMIUM]",true,false,"['Includes club access','Clear view']","2026-08-20 07:20:45"
"13743597749","2026-08-20 23:56:31.396","2026-08-20 23:56:31.396","13743597749","160435927","[PREMIUM]","[PREMIUM]","521","3","_",,,2,"[2]",1742,"Lower Terrace",10,"Mobile Transfer ticket",1,"[PREMIUM]","[PREMIUM]","[PREMIUM]","[PREMIUM]",true,false,"['Third Row of Section','Clear view']","2026-08-20 22:08:22"
"13224003868","2026-08-20 23:56:31.357","2026-09-01 22:35:08.885","13224003868","160435927","[PREMIUM]","[PREMIUM]","617","7","99_102","99",,4,"[4]",2124,"Upper Terrace",10,"Mobile Transfer ticket",1,"[PREMIUM]","[PREMIUM]","[PREMIUM]","[PREMIUM]",true,false,"['Front Row of Section','Clear view']","2026-07-03 00:58:05"
"13743580089","2026-08-20 23:56:31.357","2026-08-23 22:27:11.775","13743580089","160435927","[PREMIUM]","[PREMIUM]","541","2","_",,,2,"[2]",1742,"Lower Terrace",10,"Mobile Transfer ticket",1,"[PREMIUM]","[PREMIUM]","[PREMIUM]","[PREMIUM]",true,false,"['Second Row of Section','Clear view']","2026-08-20 22:07:52"
"13716408309","2026-08-20 23:56:31.332","2026-09-02 22:29:26.977","13716408309","160435927","[PREMIUM]","[PREMIUM]","308","7","_",,,3,"[1,3]",2153,"Upper Loge",10,"Mobile Transfer ticket",14,"[PREMIUM]","[PREMIUM]","[PREMIUM]","[PREMIUM]",true,false,"['Includes club access','Third Row of Section','Clear view']","2026-08-18 18:04:05"
"13737337192","2026-08-20 23:56:31.332","2026-08-20 23:56:31.707","13737337192","160435927","[PREMIUM]","[PREMIUM]","553","2","9001_9004","9001",,4,"[4]",1742,"Lower Terrace",10,"Mobile Transfer ticket",13,"[PREMIUM]","[PREMIUM]","[PREMIUM]","[PREMIUM]",true,false,"['Second Row of Section','Clear view']","2026-08-20 14:45:36"
"13743597777","2026-08-20 23:56:31.277","2026-08-22 22:26:40.637","13743597777","160435927","[PREMIUM]","[PREMIUM]","154","20","_",,,2,"[2]",518,"Plaza",10,"Mobile Transfer ticket",1,"[PREMIUM]","[PREMIUM]","[PREMIUM]","[PREMIUM]",true,false,"['Clear view']","2026-08-20 22:08:22"
"12701004420","2026-08-20 23:56:31.218","2026-09-02 22:29:27.550","12701004420","160435927","[PREMIUM]","[PREMIUM]","111","10","9_11","9","11",3,"[1,3]",518,"Plaza",10,"Mobile Transfer ticket",14,"[PREMIUM]","[PREMIUM]","[PREMIUM]","[PREMIUM]",true,false,"['Clear view']","2026-05-15 18:40:28"
"13743743529","2026-08-20 23:56:31.201","2026-08-24 22:27:45.991","13743743529","160435927","[PREMIUM]","[PREMIUM]","523","5","_",,,4,"[4]",1742,"Lower Terrace",10,"Mobile Transfer ticket",1,"[PREMIUM]","[PREMIUM]","[PREMIUM]","[PREMIUM]",true,false,"['Clear view']","2026-08-20 22:14:52"
"13743579194","2026-08-20 23:56:31.201","2026-08-22 22:26:40.668","13743579194","160435927","[PREMIUM]","[PREMIUM]","327","7","_",,,2,"[2]",2153,"Upper Loge",10,"Mobile Transfer ticket",1,"[PREMIUM]","[PREMIUM]","[PREMIUM]","[PREMIUM]",true,false,"['Third Row of Section','Clear view']","2026-08-20 22:07:50"
"13737201912","2026-08-20 23:56:31.114","2026-08-20 23:56:31.114","13737201912","160435927","[PREMIUM]","[PREMIUM]","277","2","9001_9002","9001",,2,"[2]",2152,"Lower Loge",10,"Mobile Transfer ticket",13,"[PREMIUM]","[PREMIUM]","[PREMIUM]","[PREMIUM]",true,false,"['Second Row of Section','Clear view']","2026-08-20 14:36:51"
"13736857072","2026-08-20 23:56:31.114","2026-08-20 23:56:31.114","13736857072","160435927","[PREMIUM]","[PREMIUM]","513","2","9001_9002","9001",,2,"[2]",1742,"Lower Terrace",10,"Mobile Transfer ticket",13,"[PREMIUM]","[PREMIUM]","[PREMIUM]","[PREMIUM]",true,false,"['Second Row of Section','Clear view']","2026-08-20 14:14:47"
"13737657823","2026-08-20 23:56:31.078","2026-08-24 22:27:45.969","13737657823","160435927","[PREMIUM]","[PREMIUM]","121",,"_",,,8,"[1,2,3,4,6,8]",518,"Plaza",10,"Mobile Transfer ticket",1,"[PREMIUM]","[PREMIUM]","[PREMIUM]","[PREMIUM]",true,true,"['Clear view']","2026-08-20 15:01:16"
"13743583049","2026-08-20 23:56:31.078","2026-08-20 23:56:31.078","13743583049","160435927","[PREMIUM]","[PREMIUM]","104","11","_",,,2,"[2]",518,"Plaza",10,"Mobile Transfer ticket",1,"[PREMIUM]","[PREMIUM]","[PREMIUM]","[PREMIUM]",true,false,"['Second Row of Section','Clear view']","2026-08-20 22:07:56"
"13738585685","2026-08-20 23:56:31.044","2026-08-20 23:56:31.044","13738585685","160435927","[PREMIUM]","[PREMIUM]","129","3","9001_9003","9001",,3,"[3]",518,"Plaza",10,"Mobile Transfer ticket",13,"[PREMIUM]","[PREMIUM]","[PREMIUM]","[PREMIUM]",true,false,"['Third Row of Section','Clear view']","2026-08-20 16:00:03"
"13744618423","2026-08-20 23:56:31.040","2026-08-20 23:56:31.040","13744618423","160435927","[PREMIUM]","[PREMIUM]","641","13","_",,,3,"[1,3]",2124,"Upper Terrace",10,"Mobile Transfer ticket",1,"[PREMIUM]","[PREMIUM]","[PREMIUM]","[PREMIUM]",true,false,"['Clear view']","2026-08-20 22:57:07"
"13589679458","2026-08-20 23:56:31.020","2026-08-20 23:56:31.020","13589679458","160426596","[PREMIUM]","[PREMIUM]","345","1","9001_9004","9001",,4,"[1,2,4]",507,"Mezzanine",10,"Mobile Transfer ticket",1,"[PREMIUM]","[PREMIUM]","[PREMIUM]","[PREMIUM]",true,false,"['Front Row of Section','Clear view']","2026-08-06 01:02:39"
"13714207403","2026-08-20 23:56:30.968","2026-08-30 22:36:09.259","13714207403","160426596","[PREMIUM]","[PREMIUM]","128","15","11_12","11","12",2,"[2]",835,"Hall of Fame",10,"Mobile Transfer ticket",1,"[PREMIUM]","[PREMIUM]","[PREMIUM]","[PREMIUM]",true,false,"['Clear view']","2026-08-18 13:47:07"
"13742395168","2026-08-20 23:56:30.826","2026-08-20 23:56:30.826","13742395168","160426596","[PREMIUM]","[PREMIUM]","445","2","9001_9004","9001",,4,"[4]",478,"Loge",10,"Mobile Transfer ticket",13,"[PREMIUM]","[PREMIUM]","[PREMIUM]","[PREMIUM]",true,false,"['Second Row of Section','Clear view']","2026-08-20 20:25:38"
"13742391626","2026-08-20 23:56:30.826","2026-08-20 23:56:30.826","13742391626","160426596","[PREMIUM]","[PREMIUM]","316","11","9001_9001","9001",,1,"[1]",507,"Mezzanine",10,"Mobile Transfer ticket",13,"[PREMIUM]","[PREMIUM]","[PREMIUM]","[PREMIUM]",false,false,"['Clear view']","2026-08-20 20:25:17"
"13743879742","2026-08-20 23:56:30.826","2026-08-20 23:56:31.731","13743879742","160426596","[PREMIUM]","[PREMIUM]","322","1","_",,,2,"[2]",507,"Mezzanine",10,"Mobile Transfer ticket",1,"[PREMIUM]","[PREMIUM]","[PREMIUM]","[PREMIUM]",true,false,"['Front Row of Section','Clear view']","2026-08-20 22:24:58"
"13743868571","2026-08-20 23:56:30.826","2026-08-20 23:56:30.826","13743868571","160426596","[PREMIUM]","[PREMIUM]","316","12","_",,,2,"[2]",507,"Mezzanine",10,"Mobile Transfer ticket",1,"[PREMIUM]","[PREMIUM]","[PREMIUM]","[PREMIUM]",true,false,"['Clear view']","2026-08-20 22:23:35"
"13244936318","2026-08-20 23:56:30.758","2026-08-31 22:32:45.623","13244936318","160426597","[PREMIUM]","[PREMIUM]","C313","1","5_6","5","6",2,"[2]",8380,"Club Mezzanine",10,"Mobile Transfer ticket",1,"[PREMIUM]","[PREMIUM]","[PREMIUM]","[PREMIUM]",true,false,"['Actual 1st row of the section','Clear view']","2026-07-04 19:44:44"
"13742166946","2026-08-20 23:56:30.758","2026-08-20 23:56:30.758","13742166946","160426597","[PREMIUM]","[PREMIUM]","149","9","_",,,4,"[1,2,4]",835,"Hall of Fame",10,"Mobile Transfer ticket",1,"[PREMIUM]","[PREMIUM]","[PREMIUM]","[PREMIUM]",true,false,"['Second Row of Section','Clear view']","2026-08-20 19:57:03"
"13740086610","2026-08-20 23:56:30.746","2026-08-20 23:56:30.746","13740086610","160426597","[PREMIUM]","[PREMIUM]","215","2","4_6","4",,3,"[1,3]",4107,"Main",10,"Mobile Transfer ticket",1,"[PREMIUM]","[PREMIUM]","[PREMIUM]","[PREMIUM]",true,false,"['Second Row of Section','Clear view']","2026-08-20 17:23:41"
"13706747899","2026-08-20 23:56:30.654","2026-09-01 22:36:30.085","13706747899","160426597","[PREMIUM]","[PREMIUM]","342","1","_",,,4,"[4]",507,"Mezzanine",10,"Mobile Transfer ticket",1,"[PREMIUM]","[PREMIUM]","[PREMIUM]","[PREMIUM]",true,false,"['Front Row of Section','Clear view']","2026-08-17 19:46:39"
"13706754036","2026-08-20 23:56:30.553","2026-08-23 22:28:39.064","13706754036","160426597","[PREMIUM]","[PREMIUM]","413","1","_",,,2,"[2]",478,"Loge",10,"Mobile Transfer ticket",1,"[PREMIUM]","[PREMIUM]","[PREMIUM]","[PREMIUM]",true,false,"['Front Row of Section','Clear view']","2026-08-17 19:46:59"
"13739739965","2026-08-20 23:56:30.360","2026-08-20 23:56:30.360","13739739965","160426597","[PREMIUM]","[PREMIUM]","146","8","_",,,3,"[3]",835,"Hall of Fame",10,"Mobile Transfer ticket",1,"[PREMIUM]","[PREMIUM]","[PREMIUM]","[PREMIUM]",true,false,"['Clear view']","2026-08-20 17:04:18"
"13603450348","2026-08-20 23:56:30.274","2026-08-20 23:56:30.274","13603450348","160426597","[PREMIUM]","[PREMIUM]","202","3","9001_9002","9001",,2,"[2]",4107,"Main",10,"Mobile Transfer ticket",1,"[PREMIUM]","[PREMIUM]","[PREMIUM]","[PREMIUM]",true,false,"['Third Row of Section','Clear view']","2026-08-07 13:44:16"
"13739772790","2026-08-20 23:56:30.257","2026-08-20 23:56:30.257","13739772790","160426597","[PREMIUM]","[PREMIUM]","412","9","_",,,2,"[2]",1706,"Upper Concourse",10,"Mobile Transfer ticket",1,"[PREMIUM]","[PREMIUM]","[PREMIUM]","[PREMIUM]",true,false,"['Limited or Obstructed View (printed on ticket)']","2026-08-20 17:05:56"
"13739739518","2026-08-20 23:56:30.257","2026-08-20 23:56:30.257","13739739518","160426597","[PREMIUM]","[PREMIUM]","C231","8","_",,,2,"[2]",8379,"Club Main",10,"Mobile Transfer ticket",1,"[PREMIUM]","[PREMIUM]","[PREMIUM]","[PREMIUM]",true,false,"['Clear view']","2026-08-20 17:04:17"
"13734478407","2026-08-20 23:56:30.185","2026-09-02 22:31:38.726","13734478407","160426596","[PREMIUM]","[PREMIUM]","229","5","_",,,2,"[2]",4107,"Main",10,"Mobile Transfer ticket",1,"[PREMIUM]","[PREMIUM]","[PREMIUM]","[PREMIUM]",true,false,"['Clear view']","2026-08-20 09:05:56"
"12702383405","2026-08-20 23:56:30.144","2026-09-02 22:31:38.331","12702383405","160426596","[PREMIUM]","[PREMIUM]","230","12","7_8","7","8",2,"[2]",4107,"Main",10,"Mobile Transfer ticket",14,"[PREMIUM]","[PREMIUM]","[PREMIUM]","[PREMIUM]",true,false,"['Clear view']","2026-05-15 20:53:54"
"13735326513","2026-08-20 23:56:29.892","2026-08-20 23:56:29.892","13735326513","160426596","[PREMIUM]","[PREMIUM]","102","20","1022_1023","1022","1023",2,"[2]",835,"Hall of Fame",10,"Mobile Transfer ticket",1,"[PREMIUM]","[PREMIUM]","[PREMIUM]","[PREMIUM]",true,false,"['Clear view']","2026-08-20 11:06:56"
"13733765015","2026-08-20 23:56:29.836","2026-09-01 22:35:06.887","13733765015","160435927","[PREMIUM]","[PREMIUM]","121","10","_",,,2,"[2]",518,"Plaza",10,"Mobile Transfer ticket",14,"[PREMIUM]","[PREMIUM]","[PREMIUM]","[PREMIUM]",true,false,"['Clear view']","2026-08-20 07:20:45"
"13743890502","2026-08-20 23:56:29.827","2026-08-20 23:56:29.827","13743890502","160426596","[PREMIUM]","[PREMIUM]","414","2","_",,,2,"[2]",478,"Loge",10,"Mobile Transfer ticket",1,"[PREMIUM]","[PREMIUM]","[PREMIUM]","[PREMIUM]",true,false,"['Second Row of Section','Clear view']","2026-08-20 22:25:16"
"13735326543","2026-08-20 23:56:29.824","2026-08-20 23:56:29.824","13735326543","160426596","[PREMIUM]","[PREMIUM]","102","21","1005_1006","1005","1006",2,"[2]",835,"Hall of Fame",10,"Mobile Transfer ticket",1,"[PREMIUM]","[PREMIUM]","[PREMIUM]","[PREMIUM]",true,false,"['Clear view']","2026-08-20 11:06:56"
"13734478378","2026-08-20 23:56:29.800","2026-08-25 22:31:56.533","13734478378","160426596","[PREMIUM]","[PREMIUM]","124","12","_",,,2,"[2]",835,"Hall of Fame",10,"Mobile Transfer ticket",1,"[PREMIUM]","[PREMIUM]","[PREMIUM]","[PREMIUM]",true,false,"['Clear view']","2026-08-20 09:05:55"
"13735326629","2026-08-20 23:56:29.800","2026-08-20 23:56:29.800","13735326629","160426596","[PREMIUM]","[PREMIUM]","144","21","1013_1014","1013","1014",2,"[2]",835,"Hall of Fame",10,"Mobile Transfer ticket",1,"[PREMIUM]","[PREMIUM]","[PREMIUM]","[PREMIUM]",true,false,"['Clear view']","2026-08-20 11:06:56"
"13734478394","2026-08-20 23:56:29.800","2026-09-02 22:29:53.587","13734478394","160426596","[PREMIUM]","[PREMIUM]","146","15","_",,,2,"[2]",835,"Hall of Fame",10,"Mobile Transfer ticket",1,"[PREMIUM]","[PREMIUM]","[PREMIUM]","[PREMIUM]",true,false,"['Clear view']","2026-08-20 09:05:55"
"13715237720","2026-08-20 23:56:29.529","2026-08-23 22:28:46.166","13715237720","160426596","[PREMIUM]","[PREMIUM]","438","1","10_13","10",,4,"[1,2,4]",1706,"Upper Concourse",10,"Mobile Transfer ticket",1,"[PREMIUM]","[PREMIUM]","[PREMIUM]","[PREMIUM]",true,false,"['Actual 1st row of the section','1st Row of Section','Clear view']","2026-08-18 15:58:06"
"13739319069","2026-08-20 23:56:29.387","2026-08-22 22:28:38.674","13739319069","160426596","[PREMIUM]","[PREMIUM]","327","1","_",,,2,"[2]",507,"Mezzanine",10,"Mobile Transfer ticket",1,"[PREMIUM]","[PREMIUM]","[PREMIUM]","[PREMIUM]",true,false,"['Front Row of Section','Clear view']","2026-08-20 16:46:50"
"13742162222","2026-08-20 23:56:29.060","2026-08-20 23:56:29.060","13742162222","160426597","[PREMIUM]","[PREMIUM]","405","2","_",,,2,"[2]",1706,"Upper Concourse",10,"Mobile Transfer ticket",1,"[PREMIUM]","[PREMIUM]","[PREMIUM]","[PREMIUM]",true,false,"['Second Row of Section','Clear view']","2026-08-20 19:56:46"
"13739710919","2026-08-20 23:56:29.025","2026-08-20 23:56:29.025","13739710919","160426597","[PREMIUM]","[PREMIUM]","317","6","_",,,1,"[1]",507,"Mezzanine",10,"Mobile Transfer ticket",1,"[PREMIUM]","[PREMIUM]","[PREMIUM]","[PREMIUM]",false,false,"['Clear view']","2026-08-20 17:02:32"
"13740964149","2026-08-20 23:56:28.357","2026-08-25 22:30:38.876","13740964149","160418614","[PREMIUM]","[PREMIUM]","535","2","_",,,2,"[2]",407,"Upper",10,"Mobile Transfer ticket",14,"[PREMIUM]","[PREMIUM]","[PREMIUM]","[PREMIUM]",true,false,"['Second Row of Section','Clear view']","2026-08-20 18:15:54"
"13741601348","2026-08-20 23:56:28.357","2026-08-20 23:56:28.357","13741601348","160418614","[PREMIUM]","[PREMIUM]","121B","37","_",,,6,"[1,2,4,6]",594,"Lower",10,"Mobile Transfer ticket",14,"[PREMIUM]","[PREMIUM]","[PREMIUM]","[PREMIUM]",true,false,"['Clear view']","2026-08-20 19:16:07"
"13740965196","2026-08-20 23:56:28.357","2026-09-02 22:26:43.712","13740965196","160418614","[PREMIUM]","[PREMIUM]","532","2","_",,,2,"[2]",407,"Upper",10,"Mobile Transfer ticket",14,"[PREMIUM]","[PREMIUM]","[PREMIUM]","[PREMIUM]",true,false,"['Second Row of Section','Clear view']","2026-08-20 18:15:58"
"13745809283","2026-08-20 23:56:28.357","2026-08-20 23:56:28.357","13745809283","160418614","[PREMIUM]","[PREMIUM]","119","31","_",,,3,"[1,3]",594,"Lower",10,"Mobile Transfer ticket",14,"[PREMIUM]","[PREMIUM]","[PREMIUM]","[PREMIUM]",true,false,"['Clear view']","2026-08-20 23:48:21"
"13740962612","2026-08-20 23:56:28.343","2026-08-23 22:27:00.524","13740962612","160418614","[PREMIUM]","[PREMIUM]","118","22","_",,,2,"[2]",594,"Lower",10,"Mobile Transfer ticket",14,"[PREMIUM]","[PREMIUM]","[PREMIUM]","[PREMIUM]",true,false,"['Dawg pound seats','Clear view']","2026-08-20 18:15:49"
"13741601619","2026-08-20 23:56:28.343","2026-08-20 23:56:28.343","13741601619","160418614","[PREMIUM]","[PREMIUM]","121B","38","_",,,3,"[1,3]",594,"Lower",10,"Mobile Transfer ticket",14,"[PREMIUM]","[PREMIUM]","[PREMIUM]","[PREMIUM]",true,false,"['Clear view']","2026-08-20 19:16:08"
"13741601424","2026-08-20 23:56:28.343","2026-08-21 23:16:29.393","13741601424","160418614","[PREMIUM]","[PREMIUM]","138","31","_",,,5,"[1,3,5]",594,"Lower",10,"Mobile Transfer ticket",14,"[PREMIUM]","[PREMIUM]","[PREMIUM]","[PREMIUM]",true,false,"['Clear view']","2026-08-20 19:16:07"
"13740965013","2026-08-20 23:56:28.343","2026-09-01 22:33:31.112","13740965013","160418614","[PREMIUM]","[PREMIUM]","139","31","_",,,10,"[1,2,3,4,5,6,8,10]",594,"Lower",10,"Mobile Transfer ticket",14,"[PREMIUM]","[PREMIUM]","[PREMIUM]","[PREMIUM]",true,false,"['Clear view']","2026-08-20 18:15:57"
"13740965330","2026-08-20 23:56:28.343","2026-09-02 22:26:46.591","13740965330","160418614","[PREMIUM]","[PREMIUM]","145","10","_",,,2,"[2]",594,"Lower",10,"Mobile Transfer ticket",14,"[PREMIUM]","[PREMIUM]","[PREMIUM]","[PREMIUM]",true,false,"['Clear view']","2026-08-20 18:15:59"
"13740963839","2026-08-20 23:56:28.343","2026-09-02 22:26:46.591","13740963839","160418614","[PREMIUM]","[PREMIUM]","121B","32","_",,,12,"[1,2,3,4,5,6,7,8,10,12]",594,"Lower",10,"Mobile Transfer ticket",14,"[PREMIUM]","[PREMIUM]","[PREMIUM]","[PREMIUM]",true,false,"['Clear view']","2026-08-20 18:15:53"
"13742929154","2026-08-20 23:56:28.252","2026-09-02 22:26:44.872","13742929154","160418614","[PREMIUM]","[PREMIUM]","148","10","9_12","9","12",4,"[2,4]",594,"Lower",10,"Mobile Transfer ticket",1,"[PREMIUM]","[PREMIUM]","[PREMIUM]","[PREMIUM]",true,false,"['Clear view']","2026-08-20 21:09:44"
"13740964565","2026-08-20 23:56:28.250","2026-08-25 22:30:38.850","13740964565","160418614","[PREMIUM]","[PREMIUM]","148","18","_",,,3,"[1,3]",594,"Lower",10,"Mobile Transfer ticket",14,"[PREMIUM]","[PREMIUM]","[PREMIUM]","[PREMIUM]",true,false,"['Clear view']","2026-08-20 18:15:55"
"13740962577","2026-08-20 23:56:28.250","2026-08-20 23:56:28.250","13740962577","160418614","[PREMIUM]","[PREMIUM]","146","18","_",,,4,"[2,4]",594,"Lower",10,"Mobile Transfer ticket",1,"[PREMIUM]","[PREMIUM]","[PREMIUM]","[PREMIUM]",true,false,"['Clear view']","2026-08-20 18:15:49"
"13740963916","2026-08-20 23:56:28.250","2026-08-20 23:56:28.250","13740963916","160418614","[PREMIUM]","[PREMIUM]","149","17","_",,,2,"[2]",594,"Lower",10,"Mobile Transfer ticket",14,"[PREMIUM]","[PREMIUM]","[PREMIUM]","[PREMIUM]",true,false,"['Clear view']","2026-08-20 18:15:53"
"13740964660","2026-08-20 23:56:28.250","2026-09-02 22:26:42.557","13740964660","160418614","[PREMIUM]","[PREMIUM]","510","2","_",,,2,"[2]",407,"Upper",10,"Mobile Transfer ticket",14,"[PREMIUM]","[PREMIUM]","[PREMIUM]","[PREMIUM]",true,false,"['Second Row of Section','Clear view']","2026-08-20 18:15:56"
"13740963300","2026-08-20 23:56:28.209","2026-08-26 22:34:10.483","13740963300","160418614","[PREMIUM]","[PREMIUM]","118B","38","_",,,9,"[1,2,3,4,5,7,9]",594,"Lower",10,"Mobile Transfer ticket",14,"[PREMIUM]","[PREMIUM]","[PREMIUM]","[PREMIUM]",true,false,"['Clear view']","2026-08-20 18:15:51"
"13740964587","2026-08-20 23:56:28.209","2026-08-21 23:14:33.574","13740964587","160418614","[PREMIUM]","[PREMIUM]","534","9","_",,,2,"[2]",407,"Upper",10,"Mobile Transfer ticket",14,"[PREMIUM]","[PREMIUM]","[PREMIUM]","[PREMIUM]",true,false,"['Clear view']","2026-08-20 18:15:55"
"13740965551","2026-08-20 23:56:28.209","2026-08-20 23:56:28.209","13740965551","160418614","[PREMIUM]","[PREMIUM]","144","34","_",,,13,"[1,2,3,4,5,6,7,8,9,11,13]",594,"Lower",10,"Mobile Transfer ticket",14,"[PREMIUM]","[PREMIUM]","[PREMIUM]","[PREMIUM]",true,false,"['Clear view']","2026-08-20 18:16:00"
"13741601142","2026-08-20 23:56:28.209","2026-08-21 23:14:34.581","13741601142","160418614","[PREMIUM]","[PREMIUM]","118A","38","_",,,9,"[1,2,3,4,5,7,9]",594,"Lower",10,"Mobile Transfer ticket",14,"[PREMIUM]","[PREMIUM]","[PREMIUM]","[PREMIUM]",true,false,"['Clear view']","2026-08-20 19:16:06"
"13740964453","2026-08-20 23:56:28.206","2026-08-20 23:56:28.206","13740964453","160418614","[PREMIUM]","[PREMIUM]","121B","39","_",,,4,"[2,4]",594,"Lower",10,"Mobile Transfer ticket",14,"[PREMIUM]","[PREMIUM]","[PREMIUM]","[PREMIUM]",true,false,"['Clear view']","2026-08-20 18:15:55"
"13745809528","2026-08-20 23:56:28.206","2026-08-20 23:56:28.206","13745809528","160418614","[PREMIUM]","[PREMIUM]","119","32","_",,,2,"[2]",594,"Lower",10,"Mobile Transfer ticket",14,"[PREMIUM]","[PREMIUM]","[PREMIUM]","[PREMIUM]",true,false,"['Clear view']","2026-08-20 23:48:21"
"13740964582","2026-08-20 23:56:28.151","2026-08-23 22:26:54.871","13740964582","160418614","[PREMIUM]","[PREMIUM]","149","24","_",,,2,"[2]",594,"Lower",10,"Mobile Transfer ticket",14,"[PREMIUM]","[PREMIUM]","[PREMIUM]","[PREMIUM]",true,false,"['Clear view']","2026-08-20 18:15:55"
"13740963892","2026-08-20 23:56:28.151","2026-08-23 22:26:54.871","13740963892","160418614","[PREMIUM]","[PREMIUM]","149","23","_",,,3,"[1,3]",594,"Lower",10,"Mobile Transfer ticket",14,"[PREMIUM]","[PREMIUM]","[PREMIUM]","[PREMIUM]",true,false,"['Clear view']","2026-08-20 18:15:53"
"13740964713","2026-08-20 23:56:28.151","2026-08-20 23:56:28.151","13740964713","160418614","[PREMIUM]","[PREMIUM]","147B","23","_",,,4,"[2,4]",594,"Lower",10,"Mobile Transfer ticket",14,"[PREMIUM]","[PREMIUM]","[PREMIUM]","[PREMIUM]",true,false,"['Second Row of Section','Clear view']","2026-08-20 18:15:56"
"13740965041","2026-08-20 23:56:28.151","2026-08-20 23:56:28.151","13740965041","160418614","[PREMIUM]","[PREMIUM]","144","37","_",,,6,"[1,2,4,6]",594,"Lower",10,"Mobile Transfer ticket",14,"[PREMIUM]","[PREMIUM]","[PREMIUM]","[PREMIUM]",true,false,"['Clear view']","2026-08-20 18:15:57"
"13743395887","2026-08-20 23:56:28.151","2026-08-20 23:56:28.151","13743395887","160418614","[PREMIUM]","[PREMIUM]","147A","34","_",,,4,"[2,4]",594,"Lower",10,"Mobile Transfer ticket",14,"[PREMIUM]","[PREMIUM]","[PREMIUM]","[PREMIUM]",true,false,"['Clear view']","2026-08-20 21:51:54"
"13740963553","2026-08-20 23:56:28.151","2026-09-02 22:26:41.329","13740963553","160418614","[PREMIUM]","[PREMIUM]","317a","1","_",,,12,"[1,2,3,4,5,6,7,8,10,12]",507,"Mezzanine",10,"Mobile Transfer ticket",14,"[PREMIUM]","[PREMIUM]","[PREMIUM]","[PREMIUM]",true,false,"['Front Row of Section','Clear view']","2026-08-20 18:15:52"
"13740962636","2026-08-20 23:56:28.141","2026-08-26 22:34:08.406","13740962636","160418614","[PREMIUM]","[PREMIUM]","118B","30","_",,,4,"[2,4]",594,"Lower",10,"Mobile Transfer ticket",14,"[PREMIUM]","[PREMIUM]","[PREMIUM]","[PREMIUM]",true,false,"['Clear view']","2026-08-20 18:15:49"
"13741601146","2026-08-20 23:56:28.141","2026-08-21 23:16:32.758","13741601146","160418614","[PREMIUM]","[PREMIUM]","118A","26","_",,,6,"[1,2,4,6]",594,"Lower",10,"Mobile Transfer ticket",14,"[PREMIUM]","[PREMIUM]","[PREMIUM]","[PREMIUM]",true,false,"['Clear view']","2026-08-20 19:16:06"
"13745809305","2026-08-20 23:56:28.141","2026-08-21 23:16:32.758","13745809305","160418614","[PREMIUM]","[PREMIUM]","122","26","_",,,3,"[1,3]",594,"Lower",10,"Mobile Transfer ticket",14,"[PREMIUM]","[PREMIUM]","[PREMIUM]","[PREMIUM]",true,false,"['Dawg pound seats','Clear view']","2026-08-20 23:48:21"
"13745809257","2026-08-20 23:56:28.141","2026-08-20 23:56:28.141","13745809257","160418614","[PREMIUM]","[PREMIUM]","118A","25","_",,,5,"[1,3,5]",594,"Lower",10,"Mobile Transfer ticket",14,"[PREMIUM]","[PREMIUM]","[PREMIUM]","[PREMIUM]",true,false,"['Third Row of Section','Clear view']","2026-08-20 23:48:21"
"13740964284","2026-08-20 23:56:28.012","2026-08-23 22:27:00.524","13740964284","160418614","[PREMIUM]","[PREMIUM]","121A","27","_",,,2,"[2]",594,"Lower",10,"Mobile Transfer ticket",14,"[PREMIUM]","[PREMIUM]","[PREMIUM]","[PREMIUM]",true,false,"['Clear view']","2026-08-20 18:15:54"
"13740963326","2026-08-20 23:56:28.012","2026-08-20 23:56:28.012","13740963326","160418614","[PREMIUM]","[PREMIUM]","124","40","_",,,13,"[1,2,3,4,5,6,7,8,9,11,13]",594,"Lower",10,"Mobile Transfer ticket",14,"[PREMIUM]","[PREMIUM]","[PREMIUM]","[PREMIUM]",true,false,"['Clear view']","2026-08-20 18:15:51"
"13740963134","2026-08-20 23:56:28.012","2026-08-21 23:17:04.037","13740963134","160418614","[PREMIUM]","[PREMIUM]","125","32","_",,,2,"[2]",594,"Lower",10,"Mobile Transfer ticket",14,"[PREMIUM]","[PREMIUM]","[PREMIUM]","[PREMIUM]",true,false,"['Clear view']","2026-08-20 18:15:51"
"13740963764","2026-08-20 23:56:28.012","2026-09-01 22:33:28.165","13740963764","160418614","[PREMIUM]","[PREMIUM]","122","31","_",,,7,"[1,2,3,5,7]",594,"Lower",10,"Mobile Transfer ticket",14,"[PREMIUM]","[PREMIUM]","[PREMIUM]","[PREMIUM]",true,false,"['Dawg pound seats','Clear view']","2026-08-20 18:15:53"
"13740964610","2026-08-20 23:56:28.012","2026-09-02 22:26:45.247","13740964610","160418614","[PREMIUM]","[PREMIUM]","144","17","_",,,2,"[2]",594,"Lower",10,"Mobile Transfer ticket",14,"[PREMIUM]","[PREMIUM]","[PREMIUM]","[PREMIUM]",true,false,"['Clear view']","2026-08-20 18:15:55"
"13740964905","2026-08-20 23:56:27.909","2026-08-20 23:56:27.909","13740964905","160418614","[PREMIUM]","[PREMIUM]","141","39","_",,,3,"[1,3]",594,"Lower",10,"Mobile Transfer ticket",14,"[PREMIUM]","[PREMIUM]","[PREMIUM]","[PREMIUM]",true,false,"['Clear view']","2026-08-20 18:15:57"
"13740964405","2026-08-20 23:56:27.909","2026-08-20 23:56:27.909","13740964405","160418614","[PREMIUM]","[PREMIUM]","141","37","_",,,4,"[2,4]",594,"Lower",10,"Mobile Transfer ticket",14,"[PREMIUM]","[PREMIUM]","[PREMIUM]","[PREMIUM]",true,false,"['Clear view']","2026-08-20 18:15:55"
"13741601451","2026-08-20 23:56:27.909","2026-08-20 23:56:27.909","13741601451","160418614","[PREMIUM]","[PREMIUM]","117","31","_",,,6,"[1,2,4,6]",594,"Lower",10,"Mobile Transfer ticket",14,"[PREMIUM]","[PREMIUM]","[PREMIUM]","[PREMIUM]",true,false,"['Clear view']","2026-08-20 19:16:07"
"13743395932","2026-08-20 23:56:27.909","2026-08-20 23:56:27.909","13743395932","160418614","[PREMIUM]","[PREMIUM]","117","32","_",,,3,"[1,3]",594,"Lower",10,"Mobile Transfer ticket",14,"[PREMIUM]","[PREMIUM]","[PREMIUM]","[PREMIUM]",true,false,"['Clear view']","2026-08-20 21:51:54"
"13734478504","2026-08-20 23:56:27.873","2026-08-28 22:33:26.571","13734478504","160426596","[PREMIUM]","[PREMIUM]","222","2","_",,,4,"[1,2,4]",4107,"Main",10,"Mobile Transfer ticket",1,"[PREMIUM]","[PREMIUM]","[PREMIUM]","[PREMIUM]",true,false,"['Second Row of Section','Clear view']","2026-08-20 09:05:56"
"13734478404","2026-08-20 23:56:27.873","2026-09-02 22:31:33.261","13734478404","160426596","[PREMIUM]","[PREMIUM]","226","5","_",,,2,"[2]",4107,"Main",10,"Mobile Transfer ticket",1,"[PREMIUM]","[PREMIUM]","[PREMIUM]","[PREMIUM]",true,false,"['Clear view']","2026-08-20 09:05:55"
"13735327251","2026-08-20 23:56:27.861","2026-08-20 23:56:27.861","13735327251","160426596","[PREMIUM]","[PREMIUM]","415","2","1005_1006","1005","1006",2,"[2]",478,"Loge",10,"Mobile Transfer ticket",1,"[PREMIUM]","[PREMIUM]","[PREMIUM]","[PREMIUM]",true,false,"['Second Row of Section','Clear view']","2026-08-20 11:06:58"
"13740965797","2026-08-20 23:56:27.822","2026-08-29 22:34:31.951","13740965797","160418614","[PREMIUM]","[PREMIUM]","509","8","_",,,2,"[2]",407,"Upper",10,"Mobile Transfer ticket",14,"[PREMIUM]","[PREMIUM]","[PREMIUM]","[PREMIUM]",true,false,"['Clear view']","2026-08-20 18:16:01"
"13740963979","2026-08-20 23:56:27.822","2026-08-24 22:27:24.313","13740963979","160418614","[PREMIUM]","[PREMIUM]","124","18","_",,,3,"[1,3]",594,"Lower",10,"Mobile Transfer ticket",14,"[PREMIUM]","[PREMIUM]","[PREMIUM]","[PREMIUM]",true,false,"['Clear view']","2026-08-20 18:15:53"
"13740965547","2026-08-20 23:56:27.822","2026-08-20 23:56:27.822","13740965547","160418614","[PREMIUM]","[PREMIUM]","146","16","_",,,2,"[2]",594,"Lower",10,"Mobile Transfer ticket",14,"[PREMIUM]","[PREMIUM]","[PREMIUM]","[PREMIUM]",true,false,"['Clear view']","2026-08-20 18:16:00"
"13740963180","2026-08-20 23:56:27.822","2026-08-20 23:56:27.822","13740963180","160418614","[PREMIUM]","[PREMIUM]","120","34","_",,,2,"[2]",594,"Lower",10,"Mobile Transfer ticket",14,"[PREMIUM]","[PREMIUM]","[PREMIUM]","[PREMIUM]",true,false,"['Clear view']","2026-08-20 18:15:51"
"13740963642","2026-08-20 23:56:27.822","2026-08-21 23:16:27.206","13740963642","160418614","[PREMIUM]","[PREMIUM]","120","38","_",,,11,"[1,2,3,4,5,6,7,9,11]",594,"Lower",10,"Mobile Transfer ticket",14,"[PREMIUM]","[PREMIUM]","[PREMIUM]","[PREMIUM]",true,false,"['Dawg pound seats','Clear view']","2026-08-20 18:15:52"
"13739317859","2026-08-20 23:56:27.649","2026-08-20 23:56:27.649","13739317859","160426596","[PREMIUM]","[PREMIUM]","322","4","_",,,2,"[2]",507,"Mezzanine",10,"Mobile Transfer ticket",1,"[PREMIUM]","[PREMIUM]","[PREMIUM]","[PREMIUM]",true,false,"['Clear view']","2026-08-20 16:46:47"
"13743897714","2026-08-20 23:56:27.649","2026-08-20 23:56:27.649","13743897714","160426596","[PREMIUM]","[PREMIUM]","437","2","_",,,2,"[2]",1706,"Upper Concourse",10,"Mobile Transfer ticket",1,"[PREMIUM]","[PREMIUM]","[PREMIUM]","[PREMIUM]",true,false,"['Second Row of Section','Clear view']","2026-08-20 22:25:44"
"13738355464","2026-08-20 23:56:27.601","2026-08-20 23:56:27.601","13738355464","160426596","[PREMIUM]","[PREMIUM]","305","17","_",,,2,"[2]",507,"Mezzanine",10,"Mobile Transfer ticket",1,"[PREMIUM]","[PREMIUM]","[PREMIUM]","[PREMIUM]",true,false,"['Clear view']","2026-08-20 15:47:08"
"13732703716","2026-08-20 23:56:27.599","2026-08-25 22:31:53.459","13732703716","160426596","[PREMIUM]","[PREMIUM]","304","7","13_14","13",,2,"[2]",507,"Mezzanine",10,"Mobile Transfer ticket",1,"[PREMIUM]","[PREMIUM]","[PREMIUM]","[PREMIUM]",true,false,"['Clear view']","2026-08-20 04:32:38"
"13738320907","2026-08-20 23:56:27.586","2026-08-20 23:56:27.586","13738320907","160426596","[PREMIUM]","[PREMIUM]","410","9","_",,,2,"[2]",1706,"Upper Concourse",10,"Mobile Transfer ticket",1,"[PREMIUM]","[PREMIUM]","[PREMIUM]","[PREMIUM]",true,false,"['Limited or Obstructed View (printed on ticket)']","2026-08-20 15:44:17"
"13739326322","2026-08-20 23:56:27.586","2026-08-28 22:33:26.976","13739326322","160426596","[PREMIUM]","[PREMIUM]","456","3","_",,,2,"[2]",1706,"Upper Concourse",10,"Mobile Transfer ticket",1,"[PREMIUM]","[PREMIUM]","[PREMIUM]","[PREMIUM]",true,false,"['Third Row of Section','Clear view']","2026-08-20 16:47:10"
"13745809284","2026-08-20 23:56:27.304","2026-08-24 22:27:12.313","13745809284","160418614","[PREMIUM]","[PREMIUM]","122","39","_",,,7,"[1,2,3,5,7]",594,"Lower",10,"Mobile Transfer ticket",14,"[PREMIUM]","[PREMIUM]","[PREMIUM]","[PREMIUM]",true,false,"['Dawg pound seats','Clear view']","2026-08-20 23:48:21"
"13745809289","2026-08-20 23:56:27.304","2026-08-25 22:30:38.487","13745809289","160418614","[PREMIUM]","[PREMIUM]","122","40","_",,,6,"[1,2,4,6]",594,"Lower",10,"Mobile Transfer ticket",14,"[PREMIUM]","[PREMIUM]","[PREMIUM]","[PREMIUM]",true,false,"['Dawg pound seats','Clear view']","2026-08-20 23:48:21"
"13740963714","2026-08-20 23:56:26.839","2026-08-21 23:16:21.194","13740963714","160418614","[PREMIUM]","[PREMIUM]","148","30","_",,,2,"[2]",594,"Lower",10,"Mobile Transfer ticket",14,"[PREMIUM]","[PREMIUM]","[PREMIUM]","[PREMIUM]",true,false,"['Clear view']","2026-08-20 18:15:52"
"13740963153","2026-08-20 23:56:26.839","2026-09-02 22:26:41.251","13740963153","160418614","[PREMIUM]","[PREMIUM]","341","13","_",,,2,"[2]",507,"Mezzanine",10,"Mobile Transfer ticket",14,"[PREMIUM]","[PREMIUM]","[PREMIUM]","[PREMIUM]",true,false,"['Clear view']","2026-08-20 18:15:51"
"13740964305","2026-08-20 23:56:26.790","2026-08-24 22:27:21.161","13740964305","160418614","[PREMIUM]","[PREMIUM]","322","6","_",,,6,"[1,2,4,6]",507,"Mezzanine",10,"Mobile Transfer ticket",14,"[PREMIUM]","[PREMIUM]","[PREMIUM]","[PREMIUM]",true,false,"['Dawg pound seats','Clear view']","2026-08-20 18:15:54"
"13740963929","2026-08-20 23:56:26.790","2026-08-24 22:27:12.019","13740963929","160418614","[PREMIUM]","[PREMIUM]","321","15","_",,,9,"[1,2,3,4,5,7,9]",507,"Mezzanine",10,"Mobile Transfer ticket",14,"[PREMIUM]","[PREMIUM]","[PREMIUM]","[PREMIUM]",true,false,"['Dawg pound seats','Clear view']","2026-08-20 18:15:53"
"13741036881","2026-08-20 23:56:26.790","2026-08-21 23:16:21.402","13741036881","160418614","[PREMIUM]","[PREMIUM]","623","3","_",,,8,"[1,2,3,4,6,8]",1712,"Deck",10,"Mobile Transfer ticket",1,"[PREMIUM]","[PREMIUM]","[PREMIUM]","[PREMIUM]",true,false,"['Third Row of Section','Clear view']","2026-08-20 18:20:38"
"13741601377","2026-08-20 23:56:26.790","2026-08-20 23:56:26.790","13741601377","160418614","[PREMIUM]","[PREMIUM]","147B","40","_",,,6,"[1,2,4,6]",594,"Lower",10,"Mobile Transfer ticket",14,"[PREMIUM]","[PREMIUM]","[PREMIUM]","[PREMIUM]",true,false,"['Clear view']","2026-08-20 19:16:07"
"13740963392","2026-08-20 23:56:26.768","2026-08-24 22:27:21.062","13740963392","160418614","[PREMIUM]","[PREMIUM]","322","12","_",,,3,"[1,3]",507,"Mezzanine",10,"Mobile Transfer ticket",14,"[PREMIUM]","[PREMIUM]","[PREMIUM]","[PREMIUM]",true,false,"['Dawg pound seats','Clear view']","2026-08-20 18:15:52"
"13740965170","2026-08-20 23:56:26.768","2026-08-22 22:25:47.092","13740965170","160418614","[PREMIUM]","[PREMIUM]","531","5","_",,,12,"[1,2,3,4,5,6,7,8,10,12]",407,"Upper",10,"Mobile Transfer ticket",14,"[PREMIUM]","[PREMIUM]","[PREMIUM]","[PREMIUM]",true,false,"['Clear view']","2026-08-20 18:15:58"
"13740965270","2026-08-20 23:56:26.768","2026-09-02 22:26:40.794","13740965270","160418614","[PREMIUM]","[PREMIUM]","343","16","_",,,2,"[2]",507,"Mezzanine",10,"Mobile Transfer ticket",14,"[PREMIUM]","[PREMIUM]","[PREMIUM]","[PREMIUM]",true,false,"['Clear view']","2026-08-20 18:15:58"
"13740964700","2026-08-20 23:56:26.768","2026-09-02 22:26:40.794","13740964700","160418614","[PREMIUM]","[PREMIUM]","342","14","_",,,3,"[1,3]",507,"Mezzanine",10,"Mobile Transfer ticket",14,"[PREMIUM]","[PREMIUM]","[PREMIUM]","[PREMIUM]",true,false,"['Clear view']","2026-08-20 18:15:56"
"13740964290","2026-08-20 23:56:26.763","2026-08-26 22:33:09.178","13740964290","160418614","[PREMIUM]","[PREMIUM]","321","9","_",,,2,"[2]",507,"Mezzanine",10,"Mobile Transfer ticket",14,"[PREMIUM]","[PREMIUM]","[PREMIUM]","[PREMIUM]",true,false,"['Dawg pound seats','Clear view']","2026-08-20 18:15:54"
"13740964215","2026-08-20 23:56:26.763","2026-08-24 22:27:21.455","13740964215","160418614","[PREMIUM]","[PREMIUM]","320","16","_",,,8,"[1,2,3,4,6,8]",507,"Mezzanine",10,"Mobile Transfer ticket",14,"[PREMIUM]","[PREMIUM]","[PREMIUM]","[PREMIUM]",true,false,"['Dawg pound seats','Clear view']","2026-08-20 18:15:54"
"13740963816","2026-08-20 23:56:26.763","2026-08-20 23:56:26.763","13740963816","160418614","[PREMIUM]","[PREMIUM]","148","40","_",,,8,"[1,2,3,4,6,8]",594,"Lower",10,"Mobile Transfer ticket",14,"[PREMIUM]","[PREMIUM]","[PREMIUM]","[PREMIUM]",true,false,"['Clear view']","2026-08-20 18:15:53"
"13740963582","2026-08-20 23:56:26.763","2026-09-01 22:33:20.934","13740963582","160418614","[PREMIUM]","[PREMIUM]","341","18","_",,,3,"[1,3]",507,"Mezzanine",10,"Mobile Transfer ticket",14,"[PREMIUM]","[PREMIUM]","[PREMIUM]","[PREMIUM]",true,false,"['Clear view']","2026-08-20 18:15:52"
"13740965710","2026-08-20 23:56:26.763","2026-09-02 22:26:41.039","13740965710","160418614","[PREMIUM]","[PREMIUM]","507","8","_",,,2,"[2]",407,"Upper",10,"Mobile Transfer ticket",14,"[PREMIUM]","[PREMIUM]","[PREMIUM]","[PREMIUM]",true,false,"['Clear view']","2026-08-20 18:16:00"
"13740964632","2026-08-20 23:56:26.742","2026-09-02 22:26:40.900","13740964632","160418614","[PREMIUM]","[PREMIUM]","321","12","_",,,6,"[1,2,4,6]",507,"Mezzanine",10,"Mobile Transfer ticket",14,"[PREMIUM]","[PREMIUM]","[PREMIUM]","[PREMIUM]",true,false,"['Dawg pound seats','Clear view']","2026-08-20 18:15:56"
"13741602164","2026-08-20 23:56:26.741","2026-08-20 23:56:26.741","13741602164","160418614","[PREMIUM]","[PREMIUM]","147B","37","_",,,8,"[1,2,3,4,6,8]",594,"Lower",10,"Mobile Transfer ticket",14,"[PREMIUM]","[PREMIUM]","[PREMIUM]","[PREMIUM]",true,false,"['Clear view']","2026-08-20 19:16:09"
"13740963397","2026-08-20 23:56:26.733","2026-09-02 22:26:41.039","13740963397","160418614","[PREMIUM]","[PREMIUM]","318","3","_",,,2,"[2]",507,"Mezzanine",10,"Mobile Transfer ticket",14,"[PREMIUM]","[PREMIUM]","[PREMIUM]","[PREMIUM]",true,false,"['Dawg pound seats','Third Row of Section','Clear view']","2026-08-20 18:15:52"
"13740963019","2026-08-20 23:56:26.733","2026-09-02 22:26:41.039","13740963019","160418614","[PREMIUM]","[PREMIUM]","319","8","_",,,3,"[1,3]",507,"Mezzanine",10,"Mobile Transfer ticket",14,"[PREMIUM]","[PREMIUM]","[PREMIUM]","[PREMIUM]",true,false,"['Dawg pound seats','Clear view']","2026-08-20 18:15:50"
"13705404249","2026-08-20 23:56:26.607","2026-08-31 22:32:41.252","13705404249","160426597","[PREMIUM]","[PREMIUM]","128","10","_",,,2,"[2]",835,"Hall of Fame",10,"Mobile Transfer ticket",1,"[PREMIUM]","[PREMIUM]","[PREMIUM]","[PREMIUM]",true,false,"['Clear view']","2026-08-17 17:40:34"
"13740964564","2026-08-20 23:56:26.573","2026-08-25 22:30:36.303","13740964564","160418614","[PREMIUM]","[PREMIUM]","533","17","_",,,2,"[2]",407,"Upper",10,"Mobile Transfer ticket",14,"[PREMIUM]","[PREMIUM]","[PREMIUM]","[PREMIUM]",true,false,"['Clear view']","2026-08-20 18:15:55"
"13740965154","2026-08-20 23:56:26.573","2026-08-21 23:16:20.868","13740965154","160418614","[PREMIUM]","[PREMIUM]","509","17","_",,,2,"[2]",407,"Upper",10,"Mobile Transfer ticket",14,"[PREMIUM]","[PREMIUM]","[PREMIUM]","[PREMIUM]",true,false,"['Clear view']","2026-08-20 18:15:58"
"13740964864","2026-08-20 23:56:26.573","2026-09-02 22:26:40.709","13740964864","160418614","[PREMIUM]","[PREMIUM]","345","10","_",,,2,"[2]",507,"Mezzanine",10,"Mobile Transfer ticket",14,"[PREMIUM]","[PREMIUM]","[PREMIUM]","[PREMIUM]",true,false,"['Clear view']","2026-08-20 18:15:56"
"13740963588","2026-08-20 23:56:26.573","2026-09-02 22:26:40.709","13740963588","160418614","[PREMIUM]","[PREMIUM]","347","9","_",,,2,"[2]",507,"Mezzanine",10,"Mobile Transfer ticket",14,"[PREMIUM]","[PREMIUM]","[PREMIUM]","[PREMIUM]",true,false,"['Clear view']","2026-08-20 18:15:52"
"13740965774","2026-08-20 23:56:26.567","2026-08-23 22:26:10.658","13740965774","160418614","[PREMIUM]","[PREMIUM]","511","3","_",,,10,"[1,2,3,4,5,6,8,10]",407,"Upper",10,"Mobile Transfer ticket",14,"[PREMIUM]","[PREMIUM]","[PREMIUM]","[PREMIUM]",true,false,"['Third Row of Section','Clear view']","2026-08-20 18:16:00"
"13740965607","2026-08-20 23:56:26.567","2026-08-24 22:27:21.050","13740965607","160418614","[PREMIUM]","[PREMIUM]","317","13","_",,,4,"[2,4]",507,"Mezzanine",10,"Mobile Transfer ticket",14,"[PREMIUM]","[PREMIUM]","[PREMIUM]","[PREMIUM]",true,false,"['Dawg pound seats','Clear view']","2026-08-20 18:16:00"
"13740964543","2026-08-20 23:56:26.567","2026-08-21 23:14:31.599","13740964543","160418614","[PREMIUM]","[PREMIUM]","342","18","_",,,2,"[2]",507,"Mezzanine",10,"Mobile Transfer ticket",14,"[PREMIUM]","[PREMIUM]","[PREMIUM]","[PREMIUM]",true,false,"['Clear view']","2026-08-20 18:15:55"
"13740964492","2026-08-20 23:56:26.567","2026-09-02 22:26:40.709","13740964492","160418614","[PREMIUM]","[PREMIUM]","320","20","_",,,2,"[2]",507,"Mezzanine",10,"Mobile Transfer ticket",14,"[PREMIUM]","[PREMIUM]","[PREMIUM]","[PREMIUM]",true,false,"['Dawg pound seats','Clear view']","2026-08-20 18:15:55"
"13740964747","2026-08-20 23:56:26.560","2026-08-20 23:56:26.560","13740964747","160418614","[PREMIUM]","[PREMIUM]","317","20","_",,,5,"[1,3,5]",507,"Mezzanine",10,"Mobile Transfer ticket",14,"[PREMIUM]","[PREMIUM]","[PREMIUM]","[PREMIUM]",true,false,"['Clear view']","2026-08-20 18:15:56"
"13740964318","2026-08-20 23:56:26.560","2026-08-31 22:29:29.167","13740964318","160418614","[PREMIUM]","[PREMIUM]","344","12","_",,,2,"[2]",507,"Mezzanine",10,"Mobile Transfer ticket",14,"[PREMIUM]","[PREMIUM]","[PREMIUM]","[PREMIUM]",true,false,"['Clear view']","2026-08-20 18:15:54"
"13740964966","2026-08-20 23:56:26.560","2026-09-02 22:26:40.628","13740964966","160418614","[PREMIUM]","[PREMIUM]","348","11","_",,,3,"[1,3]",507,"Mezzanine",10,"Mobile Transfer ticket",14,"[PREMIUM]","[PREMIUM]","[PREMIUM]","[PREMIUM]",true,false,"['Clear view']","2026-08-20 18:15:57"
"13740964922","2026-08-20 23:56:26.560","2026-09-02 22:26:40.628","13740964922","160418614","[PREMIUM]","[PREMIUM]","343","22","_",,,2,"[2]",507,"Mezzanine",10,"Mobile Transfer ticket",14,"[PREMIUM]","[PREMIUM]","[PREMIUM]","[PREMIUM]",true,false,"['Clear view']","2026-08-20 18:15:57"
"13740964461","2026-08-20 23:56:26.560","2026-09-02 22:26:40.123","13740964461","160418614","[PREMIUM]","[PREMIUM]","347","12","_",,,4,"[2,4]",507,"Mezzanine",10,"Mobile Transfer ticket",14,"[PREMIUM]","[PREMIUM]","[PREMIUM]","[PREMIUM]",true,false,"['Clear view']","2026-08-20 18:15:55"
"13740964184","2026-08-20 23:56:26.499","2026-08-25 22:30:36.180","13740964184","160418614","[PREMIUM]","[PREMIUM]","321","21","_",,,10,"[1,2,3,4,5,6,8,10]",507,"Mezzanine",10,"Mobile Transfer ticket",14,"[PREMIUM]","[PREMIUM]","[PREMIUM]","[PREMIUM]",true,false,"['Dawg pound seats','Clear view']","2026-08-20 18:15:54"
"13735317376","2026-08-20 23:56:26.456","2026-08-20 23:56:26.456","13735317376","160426597","[PREMIUM]","[PREMIUM]","230","3","1001_1004","1001","1004",4,"[1,2,4]",4107,"Main",10,"Mobile Transfer ticket",1,"[PREMIUM]","[PREMIUM]","[PREMIUM]","[PREMIUM]",true,false,"['Third Row of Section','Clear view']","2026-08-20 11:05:07"
"13736857640","2026-08-20 23:56:26.456","2026-08-20 23:56:26.456","13736857640","160426597","[PREMIUM]","[PREMIUM]","304","2","9001_9003","9001",,3,"[3]",507,"Mezzanine",10,"Mobile Transfer ticket",13,"[PREMIUM]","[PREMIUM]","[PREMIUM]","[PREMIUM]",true,false,"['Second Row of Section','Clear view']","2026-08-20 14:14:52"
"12982351016","2026-08-20 23:56:26.421","2026-09-01 22:36:29.647","12982351016","160426597","[PREMIUM]","[PREMIUM]","142","21","4_6","4",,3,"[1,2,3]",835,"Hall of Fame",10,"Mobile Transfer ticket",1,"[PREMIUM]","[PREMIUM]","[PREMIUM]","[PREMIUM]",true,false,"['Clear view']","2026-06-09 19:27:42"
"13740964669","2026-08-20 23:56:26.406","2026-08-22 22:25:10.589","13740964669","160418614","[PREMIUM]","[PREMIUM]","349","10","_",,,2,"[2]",507,"Mezzanine",10,"Mobile Transfer ticket",14,"[PREMIUM]","[PREMIUM]","[PREMIUM]","[PREMIUM]",true,false,"['Clear view']","2026-08-20 18:15:56"
"13740962498","2026-08-20 23:56:26.406","2026-08-20 23:56:26.406","13740962498","160418614","[PREMIUM]","[PREMIUM]","536","6","_",,,3,"[1,3]",407,"Upper",10,"Mobile Transfer ticket",14,"[PREMIUM]","[PREMIUM]","[PREMIUM]","[PREMIUM]",true,false,"['Third Row of Section','Clear view']","2026-08-20 18:15:49"
"13740964125","2026-08-20 23:56:26.406","2026-09-02 22:26:39.914","13740964125","160418614","[PREMIUM]","[PREMIUM]","348","14","_",,,4,"[2,4]",507,"Mezzanine",10,"Mobile Transfer ticket",14,"[PREMIUM]","[PREMIUM]","[PREMIUM]","[PREMIUM]",true,false,"['Clear view']","2026-08-20 18:15:54"
"13740964530","2026-08-20 23:56:26.403","2026-08-29 22:34:28.865","13740964530","160418614","[PREMIUM]","[PREMIUM]","532","12","_",,,2,"[2]",407,"Upper",10,"Mobile Transfer ticket",14,"[PREMIUM]","[PREMIUM]","[PREMIUM]","[PREMIUM]",true,false,"['Clear view']","2026-08-20 18:15:55"
"13740961794","2026-08-20 23:56:26.403","2026-08-22 22:25:10.422","13740961794","160418614","[PREMIUM]","[PREMIUM]","345","16","_",,,6,"[1,2,4,6]",507,"Mezzanine",10,"Mobile Transfer ticket",14,"[PREMIUM]","[PREMIUM]","[PREMIUM]","[PREMIUM]",true,false,"['Clear view']","2026-08-20 18:15:47"
"13740963324","2026-08-20 23:56:26.403","2026-09-02 22:26:39.914","13740963324","160418614","[PREMIUM]","[PREMIUM]","346","9","_",,,1,"[1]",507,"Mezzanine",10,"Mobile Transfer ticket",14,"[PREMIUM]","[PREMIUM]","[PREMIUM]","[PREMIUM]",false,false,"['Clear view']","2026-08-20 18:15:51"
"12691776342","2026-08-20 23:56:26.202","2026-09-01 22:34:41.326","12691776342","160426596","[PREMIUM]","[PREMIUM]","416","3","15_15","15","15",1,"[1]",478,"Loge",10,"Mobile Transfer ticket",1,"[PREMIUM]","[PREMIUM]","[PREMIUM]","[PREMIUM]",false,false,"['Third Row of Section','Clear view']","2026-05-15 01:23:12"
"12840747781","2026-08-20 23:56:26.170","2026-09-02 22:31:27.599","12840747781","160426596","[PREMIUM]","[PREMIUM]","416","2","21_22","21",,2,"[2]",478,"Loge",10,"Mobile Transfer ticket",14,"[PREMIUM]","[PREMIUM]","[PREMIUM]","[PREMIUM]",true,false,"['Second Row of Section','Clear view']","2026-05-27 23:43:21"
"13739316062","2026-08-20 23:56:26.161","2026-08-22 22:28:27.137","13739316062","160426596","[PREMIUM]","[PREMIUM]","459","2","_",,,2,"[2]",1706,"Upper Concourse",10,"Mobile Transfer ticket",1,"[PREMIUM]","[PREMIUM]","[PREMIUM]","[PREMIUM]",true,false,"['Second Row of Section','Clear view']","2026-08-20 16:46:44"
"13739317451","2026-08-20 23:56:26.161","2026-09-01 22:34:41.964","13739317451","160426596","[PREMIUM]","[PREMIUM]","434","1","_",,,2,"[2]",1706,"Upper Concourse",10,"Mobile Transfer ticket",1,"[PREMIUM]","[PREMIUM]","[PREMIUM]","[PREMIUM]",true,false,"['Front Row of Section','Clear view']","2026-08-20 16:46:46"
"13739860185","2026-08-20 23:56:26.150","2026-08-26 22:36:40.593","13739860185","160426596","[PREMIUM]","[PREMIUM]","327","13","20_21","20","21",2,"[2]",507,"Mezzanine",10,"Mobile Transfer ticket",1,"[PREMIUM]","[PREMIUM]","[PREMIUM]","[PREMIUM]",true,false,"['Clear view']","2026-08-20 17:13:07"
"13743885327","2026-08-20 23:56:26.150","2026-08-20 23:56:26.150","13743885327","160426596","[PREMIUM]","[PREMIUM]","405","2","_",,,2,"[2]",1706,"Upper Concourse",10,"Mobile Transfer ticket",1,"[PREMIUM]","[PREMIUM]","[PREMIUM]","[PREMIUM]",true,false,"['Second Row of Section','Clear view']","2026-08-20 22:25:08"
"13743311321","2026-08-20 23:56:26.079","2026-08-20 23:56:26.079","13743311321","160426597","[PREMIUM]","[PREMIUM]","226","2","_",,,2,"[2]",4107,"Main",10,"Mobile Transfer ticket",1,"[PREMIUM]","[PREMIUM]","[PREMIUM]","[PREMIUM]",true,false,"['Second Row of Section','Clear view']","2026-08-20 21:42:46"
"13740965280","2026-08-20 23:56:26.069","2026-08-28 22:31:24.009","13740965280","160418614","[PREMIUM]","[PREMIUM]","508","18","_",,,2,"[2]",407,"Upper",10,"Mobile Transfer ticket",14,"[PREMIUM]","[PREMIUM]","[PREMIUM]","[PREMIUM]",true,false,"['Clear view']","2026-08-20 18:15:58"
"13740965203","2026-08-20 23:56:26.069","2026-08-27 22:26:46.149","13740965203","160418614","[PREMIUM]","[PREMIUM]","529","3","_",,,9,"[1,2,3,4,5,7,9]",407,"Upper",10,"Mobile Transfer ticket",14,"[PREMIUM]","[PREMIUM]","[PREMIUM]","[PREMIUM]",true,false,"['Third Row of Section','Clear view']","2026-08-20 18:15:58"
"13740965644","2026-08-20 23:56:26.069","2026-09-02 22:26:40.123","13740965644","160418614","[PREMIUM]","[PREMIUM]","529","2","_",,,2,"[2]",407,"Upper",10,"Mobile Transfer ticket",14,"[PREMIUM]","[PREMIUM]","[PREMIUM]","[PREMIUM]",true,false,"['Second Row of Section','Clear view']","2026-08-20 18:16:00"
"13744379922","2026-08-20 23:56:26.056","2026-08-20 23:56:26.056","13744379922","160426597","[PREMIUM]","[PREMIUM]","414","9","_",,,4,"[2,4]",1706,"Upper Concourse",10,"Mobile Transfer ticket",1,"[PREMIUM]","[PREMIUM]","[PREMIUM]","[PREMIUM]",true,false,"['Clear view']","2026-08-20 22:47:38"
"13740964772","2026-08-20 23:56:26.047","2026-08-27 22:26:45.251","13740964772","160418614","[PREMIUM]","[PREMIUM]","514","8","_",,,4,"[2,4]",407,"Upper",10,"Mobile Transfer ticket",14,"[PREMIUM]","[PREMIUM]","[PREMIUM]","[PREMIUM]",true,false,"['Clear view']","2026-08-20 18:15:56"
"13740964559","2026-08-20 23:56:26.047","2026-08-26 22:33:02.781","13740964559","160418614","[PREMIUM]","[PREMIUM]","530","13","_",,,3,"[1,3]",407,"Upper",10,"Mobile Transfer ticket",14,"[PREMIUM]","[PREMIUM]","[PREMIUM]","[PREMIUM]",true,false,"['Clear view']","2026-08-20 18:15:55"
"13740962541","2026-08-20 23:56:26.047","2026-08-23 22:26:46.364","13740962541","160418614","[PREMIUM]","[PREMIUM]","506","18","_",,,5,"[1,3,5]",407,"Upper",10,"Mobile Transfer ticket",14,"[PREMIUM]","[PREMIUM]","[PREMIUM]","[PREMIUM]",true,false,"['Clear view']","2026-08-20 18:15:49"
"13740961806","2026-08-20 23:56:26.047","2026-08-26 22:33:02.459","13740961806","160418614","[PREMIUM]","[PREMIUM]","540","8","_",,,6,"[1,2,4,6]",407,"Upper",10,"Mobile Transfer ticket",14,"[PREMIUM]","[PREMIUM]","[PREMIUM]","[PREMIUM]",true,false,"['Clear view']","2026-08-20 18:15:47"
"13740963250","2026-08-20 23:56:26.047","2026-08-21 23:14:25.864","13740963250","160418614","[PREMIUM]","[PREMIUM]","537","14","_",,,4,"[2,4]",407,"Upper",10,"Mobile Transfer ticket",14,"[PREMIUM]","[PREMIUM]","[PREMIUM]","[PREMIUM]",true,false,"['Clear view']","2026-08-20 18:15:51"
"13130370326","2026-08-20 23:56:26.019","2026-08-23 22:28:34.202","13130370326","160426597","[PREMIUM]","[PREMIUM]","240","6","9_12","9","12",4,"[4]",4107,"Main",10,"Mobile Transfer ticket",1,"[PREMIUM]","[PREMIUM]","[PREMIUM]","[PREMIUM]",true,false,"['Clear view']","2026-06-24 12:40:17"
"13739713572","2026-08-20 23:56:26.019","2026-08-20 23:56:26.019","13739713572","160426597","[PREMIUM]","[PREMIUM]","120","6","_",,,1,"[1]",835,"Hall of Fame",10,"Mobile Transfer ticket",1,"[PREMIUM]","[PREMIUM]","[PREMIUM]","[PREMIUM]",false,false,"['Third Row of Section','Clear view']","2026-08-20 17:02:45"
"13734478337","2026-08-20 23:56:25.666","2026-09-02 22:31:17.711","13734478337","160426597","[PREMIUM]","[PREMIUM]","229","5","_",,,2,"[2]",4107,"Main",10,"Mobile Transfer ticket",1,"[PREMIUM]","[PREMIUM]","[PREMIUM]","[PREMIUM]",true,false,"['Clear view']","2026-08-20 09:05:55"
"13740965006","2026-08-20 23:56:25.643","2026-08-24 22:27:19.319","13740965006","160418614","[PREMIUM]","[PREMIUM]","343","26","_",,,6,"[1,2,4,6]",507,"Mezzanine",10,"Mobile Transfer ticket",14,"[PREMIUM]","[PREMIUM]","[PREMIUM]","[PREMIUM]",true,false,"['Clear view']","2026-08-20 18:15:57"
"13740961563","2026-08-20 23:56:25.643","2026-08-29 22:34:28.789","13740961563","160418614","[PREMIUM]","[PREMIUM]","532","14","_",,,3,"[1,3]",407,"Upper",10,"Mobile Transfer ticket",14,"[PREMIUM]","[PREMIUM]","[PREMIUM]","[PREMIUM]",true,false,"['Clear view']","2026-08-20 18:15:46"
"13740963807","2026-08-20 23:56:25.643","2026-08-22 22:25:33.608","13740963807","160418614","[PREMIUM]","[PREMIUM]","538","2","_",,,2,"[2]",407,"Upper",10,"Mobile Transfer ticket",14,"[PREMIUM]","[PREMIUM]","[PREMIUM]","[PREMIUM]",true,false,"['Second Row of Section','Clear view']","2026-08-20 18:15:53"
"13740965209","2026-08-20 23:56:25.643","2026-08-21 23:14:30.203","13740965209","160418614","[PREMIUM]","[PREMIUM]","344","19","_",,,2,"[2]",507,"Mezzanine",10,"Mobile Transfer ticket",14,"[PREMIUM]","[PREMIUM]","[PREMIUM]","[PREMIUM]",true,false,"['Clear view']","2026-08-20 18:15:58"
"13740965278","2026-08-20 23:56:25.643","2026-09-02 22:26:40.628","13740965278","160418614","[PREMIUM]","[PREMIUM]","512","2","_",,,3,"[1,3]",407,"Upper",10,"Mobile Transfer ticket",14,"[PREMIUM]","[PREMIUM]","[PREMIUM]","[PREMIUM]",true,false,"['Second Row of Section','Clear view']","2026-08-20 18:15:58"
"13740964254","2026-08-20 23:56:25.643","2026-09-02 22:26:39.620","13740964254","160418614","[PREMIUM]","[PREMIUM]","513","2","_",,,6,"[1,2,4,6]",407,"Upper",10,"Mobile Transfer ticket",14,"[PREMIUM]","[PREMIUM]","[PREMIUM]","[PREMIUM]",true,false,"['Second Row of Section','Clear view']","2026-08-20 18:15:54"
"13734478446","2026-08-20 23:56:25.595","2026-09-02 22:31:18.550","13734478446","160426597","[PREMIUM]","[PREMIUM]","241","2","_",,,4,"[1,2,4]",4107,"Main",10,"Mobile Transfer ticket",1,"[PREMIUM]","[PREMIUM]","[PREMIUM]","[PREMIUM]",true,false,"['Second Row of Section','Clear view']","2026-08-20 09:05:56"
"13740964705","2026-08-20 23:56:25.539","2026-08-24 22:27:18.446","13740964705","160418614","[PREMIUM]","[PREMIUM]","509","18","_",,,1,"[1]",407,"Upper",10,"Mobile Transfer ticket",14,"[PREMIUM]","[PREMIUM]","[PREMIUM]","[PREMIUM]",false,false,"['Clear view']","2026-08-20 18:15:56"
"13740963626","2026-08-20 23:56:25.539","2026-08-26 22:33:33.896","13740963626","160418614","[PREMIUM]","[PREMIUM]","350","22","_",,,3,"[1,3]",507,"Mezzanine",10,"Mobile Transfer ticket",14,"[PREMIUM]","[PREMIUM]","[PREMIUM]","[PREMIUM]",true,false,"['Clear view']","2026-08-20 18:15:52"
"13740964319","2026-08-20 23:56:25.539","2026-08-21 23:14:29.818","13740964319","160418614","[PREMIUM]","[PREMIUM]","510","13","_",,,3,"[1,3]",407,"Upper",10,"Mobile Transfer ticket",14,"[PREMIUM]","[PREMIUM]","[PREMIUM]","[PREMIUM]",true,false,"['Clear view']","2026-08-20 18:15:54"
"13740963948","2026-08-20 23:56:25.539","2026-09-02 22:26:38.710","13740963948","160418614","[PREMIUM]","[PREMIUM]","349","31","_",,,4,"[2,4]",507,"Mezzanine",10,"Mobile Transfer ticket",14,"[PREMIUM]","[PREMIUM]","[PREMIUM]","[PREMIUM]",true,false,"['Clear view']","2026-08-20 18:15:53"
"13740964719","2026-08-20 23:56:25.409","2026-08-26 22:33:33.503","13740964719","160418614","[PREMIUM]","[PREMIUM]","348","31","_",,,2,"[2]",507,"Mezzanine",10,"Mobile Transfer ticket",14,"[PREMIUM]","[PREMIUM]","[PREMIUM]","[PREMIUM]",true,false,"['Clear view']","2026-08-20 18:15:56"
"13740964333","2026-08-20 23:56:25.409","2026-08-26 22:33:33.503","13740964333","160418614","[PREMIUM]","[PREMIUM]","348","30","_",,,3,"[1,3]",507,"Mezzanine",10,"Mobile Transfer ticket",14,"[PREMIUM]","[PREMIUM]","[PREMIUM]","[PREMIUM]",true,false,"['Clear view']","2026-08-20 18:15:54"
"13740964250","2026-08-20 23:56:25.409","2026-08-25 22:30:34.202","13740964250","160418614","[PREMIUM]","[PREMIUM]","504","3","_",,,2,"[2]",407,"Upper",10,"Mobile Transfer ticket",14,"[PREMIUM]","[PREMIUM]","[PREMIUM]","[PREMIUM]",true,false,"['Third Row of Section','Clear view']","2026-08-20 18:15:54"
"13740963350","2026-08-20 23:56:25.409","2026-08-28 22:31:23.696","13740963350","160418614","[PREMIUM]","[PREMIUM]","350","26","_",,,4,"[2,4]",507,"Mezzanine",10,"Mobile Transfer ticket",14,"[PREMIUM]","[PREMIUM]","[PREMIUM]","[PREMIUM]",true,false,"['Clear view']","2026-08-20 18:15:51"
"13740961828","2026-08-20 23:56:25.341","2026-08-29 22:34:28.516","13740961828","160418614","[PREMIUM]","[PREMIUM]","531","11","_",,,2,"[2]",407,"Upper",10,"Mobile Transfer ticket",14,"[PREMIUM]","[PREMIUM]","[PREMIUM]","[PREMIUM]",true,false,"['Clear view']","2026-08-20 18:15:47"
"13740964528","2026-08-20 23:56:25.341","2026-08-21 23:14:26.892","13740964528","160418614","[PREMIUM]","[PREMIUM]","509","25","_",,,3,"[1,3]",407,"Upper",10,"Mobile Transfer ticket",14,"[PREMIUM]","[PREMIUM]","[PREMIUM]","[PREMIUM]",true,false,"['Clear view']","2026-08-20 18:15:55"
"13741601982","2026-08-20 23:56:25.341","2026-08-26 22:33:33.828","13741601982","160418614","[PREMIUM]","[PREMIUM]","348","28","_",,,5,"[1,3,5]",507,"Mezzanine",10,"Mobile Transfer ticket",14,"[PREMIUM]","[PREMIUM]","[PREMIUM]","[PREMIUM]",true,false,"['Clear view']","2026-08-20 19:16:08"
"13740964838","2026-08-20 23:56:25.341","2026-09-02 22:26:38.830","13740964838","160418614","[PREMIUM]","[PREMIUM]","530","8","_",,,4,"[2,4]",407,"Upper",10,"Mobile Transfer ticket",14,"[PREMIUM]","[PREMIUM]","[PREMIUM]","[PREMIUM]",true,false,"['Clear view']","2026-08-20 18:15:56"
"13740961752","2026-08-20 23:56:25.323","2026-08-26 22:33:33.576","13740961752","160418614","[PREMIUM]","[PREMIUM]","533","31","_",,,1,"[1]",407,"Upper",10,"Mobile Transfer ticket",14,"[PREMIUM]","[PREMIUM]","[PREMIUM]","[PREMIUM]",false,false,"['Clear view']","2026-08-20 18:15:46"
"13740963957","2026-08-20 23:56:25.323","2026-08-22 22:25:31.968","13740963957","160418614","[PREMIUM]","[PREMIUM]","544","2","_",,,12,"[1,2,3,4,5,6,7,8,10,12]",407,"Upper",10,"Mobile Transfer ticket",14,"[PREMIUM]","[PREMIUM]","[PREMIUM]","[PREMIUM]",true,false,"['Second Row of Section','Clear view']","2026-08-20 18:15:53"
"13741601037","2026-08-20 23:56:25.323","2026-08-21 23:15:30.761","13741601037","160418614","[PREMIUM]","[PREMIUM]","507","23","_",,,4,"[2,4]",407,"Upper",10,"Mobile Transfer ticket",14,"[PREMIUM]","[PREMIUM]","[PREMIUM]","[PREMIUM]",true,false,"['Clear view']","2026-08-20 19:16:06"
"13740961127","2026-08-20 23:56:25.281","2026-08-25 22:30:35.789","13740961127","160418614","[PREMIUM]","[PREMIUM]","538","3","_",,,6,"[1,2,4,6]",407,"Upper",10,"Mobile Transfer ticket",14,"[PREMIUM]","[PREMIUM]","[PREMIUM]","[PREMIUM]",true,false,"['Third Row of Section','Clear view']","2026-08-20 18:15:44"
"13618408381","2026-08-20 23:56:25.267","2026-08-24 22:27:19.256","13618408381","160418614","[PREMIUM]","[PREMIUM]","348","20","_",,,6,"[1,2,4,6]",507,"Mezzanine",10,"Mobile Transfer ticket",14,"[PREMIUM]","[PREMIUM]","[PREMIUM]","[PREMIUM]",true,false,"['Clear view']","2026-08-09 10:57:53"
"13740965138","2026-08-20 23:56:25.267","2026-08-24 22:27:11.418","13740965138","160418614","[PREMIUM]","[PREMIUM]","507","12","_",,,4,"[2,4]",407,"Upper",10,"Mobile Transfer ticket",14,"[PREMIUM]","[PREMIUM]","[PREMIUM]","[PREMIUM]",true,false,"['Clear view']","2026-08-20 18:15:58"
"13740962492","2026-08-20 23:56:25.267","2026-08-29 22:34:27.262","13740962492","160418614","[PREMIUM]","[PREMIUM]","534","23","_",,,8,"[1,2,3,4,6,8]",407,"Upper",10,"Mobile Transfer ticket",14,"[PREMIUM]","[PREMIUM]","[PREMIUM]","[PREMIUM]",true,false,"['Clear view']","2026-08-20 18:15:49"
"13740965982","2026-08-20 23:56:25.267","2026-09-02 22:26:39.620","13740965982","160418614","[PREMIUM]","[PREMIUM]","506","9","_",,,2,"[2]",407,"Upper",10,"Mobile Transfer ticket",14,"[PREMIUM]","[PREMIUM]","[PREMIUM]","[PREMIUM]",true,false,"['Clear view']","2026-08-20 18:16:01"
"13740961860","2026-08-20 23:56:25.267","2026-09-02 22:26:39.269","13740961860","160418614","[PREMIUM]","[PREMIUM]","537","7","_",,,4,"[2,4]",407,"Upper",10,"Mobile Transfer ticket",14,"[PREMIUM]","[PREMIUM]","[PREMIUM]","[PREMIUM]",true,false,"['Clear view']","2026-08-20 18:15:47"
"13740965345","2026-08-20 23:56:25.230","2026-08-27 22:26:45.539","13740965345","160418614","[PREMIUM]","[PREMIUM]","512","8","_",,,2,"[2]",407,"Upper",10,"Mobile Transfer ticket",14,"[PREMIUM]","[PREMIUM]","[PREMIUM]","[PREMIUM]",true,false,"['Clear view']","2026-08-20 18:15:59"
"13740964003","2026-08-20 23:56:25.230","2026-08-28 22:31:23.243","13740964003","160418614","[PREMIUM]","[PREMIUM]","350","28","_",,,4,"[2,4]",507,"Mezzanine",10,"Mobile Transfer ticket",14,"[PREMIUM]","[PREMIUM]","[PREMIUM]","[PREMIUM]",true,false,"['Clear view']","2026-08-20 18:15:53"
"13740963431","2026-08-20 23:56:25.230","2026-08-24 22:27:11.095","13740963431","160418614","[PREMIUM]","[PREMIUM]","350","32","_",,,3,"[1,3]",507,"Mezzanine",10,"Mobile Transfer ticket",14,"[PREMIUM]","[PREMIUM]","[PREMIUM]","[PREMIUM]",true,false,"['Clear view']","2026-08-20 18:15:52"
"13740964784","2026-08-20 23:56:25.230","2026-08-21 23:15:30.596","13740964784","160418614","[PREMIUM]","[PREMIUM]","509","30","_",,,9,"[1,2,3,4,5,7,9]",407,"Upper",10,"Mobile Transfer ticket",14,"[PREMIUM]","[PREMIUM]","[PREMIUM]","[PREMIUM]",true,false,"['Clear view']","2026-08-20 18:15:56"
"13738979297","2026-08-20 23:56:25.216","2026-08-20 23:56:25.216","13738979297","160418614","[PREMIUM]","[PREMIUM]","507","15","_",,,3,"[1,3]",407,"Upper",10,"Mobile Transfer ticket",14,"[PREMIUM]","[PREMIUM]","[PREMIUM]","[PREMIUM]",true,false,"['Clear view']","2026-08-20 16:22:55"
"13740963649","2026-08-20 23:56:25.216","2026-08-20 23:56:25.216","13740963649","160418614","[PREMIUM]","[PREMIUM]","346","26","_",,,5,"[1,3,5]",507,"Mezzanine",10,"Mobile Transfer ticket",14,"[PREMIUM]","[PREMIUM]","[PREMIUM]","[PREMIUM]",true,false,"['Clear view']","2026-08-20 18:15:52"
"13740962915","2026-08-20 23:56:25.216","2026-08-21 23:15:33.076","13740962915","160418614","[PREMIUM]","[PREMIUM]","544","1","_",,,2,"[2]",407,"Upper",10,"Mobile Transfer ticket",14,"[PREMIUM]","[PREMIUM]","[PREMIUM]","[PREMIUM]",true,false,"['Front Row of Section','Clear view']","2026-08-20 18:15:50"
"13740963204","2026-08-20 23:56:25.216","2026-08-21 23:14:26.892","13740963204","160418614","[PREMIUM]","[PREMIUM]","533","24","_",,,6,"[1,2,4,6]",407,"Upper",10,"Mobile Transfer ticket",14,"[PREMIUM]","[PREMIUM]","[PREMIUM]","[PREMIUM]",true,false,"['Clear view']","2026-08-20 18:15:51"
"13740965352","2026-08-20 23:56:25.179","2026-08-23 22:26:47.054","13740965352","160418614","[PREMIUM]","[PREMIUM]","530","7","_",,,2,"[2]",407,"Upper",10,"Mobile Transfer ticket",14,"[PREMIUM]","[PREMIUM]","[PREMIUM]","[PREMIUM]",true,false,"['Clear view']","2026-08-20 18:15:59"
"13740963304","2026-08-20 23:56:25.179","2026-08-26 22:33:34.271","13740963304","160418614","[PREMIUM]","[PREMIUM]","346","21","_",,,1,"[1]",507,"Mezzanine",10,"Mobile Transfer ticket",14,"[PREMIUM]","[PREMIUM]","[PREMIUM]","[PREMIUM]",false,false,"['Clear view']","2026-08-20 18:15:51"
"13741601534","2026-08-20 23:56:25.179","2026-08-20 23:56:25.179","13741601534","160418614","[PREMIUM]","[PREMIUM]","349","22","_",,,4,"[2,4]",507,"Mezzanine",10,"Mobile Transfer ticket",14,"[PREMIUM]","[PREMIUM]","[PREMIUM]","[PREMIUM]",true,false,"['Clear view']","2026-08-20 19:16:07"
"13740963062","2026-08-20 23:56:25.179","2026-08-31 22:29:05.849","13740963062","160418614","[PREMIUM]","[PREMIUM]","347","21","_",,,4,"[2,4]",507,"Mezzanine",10,"Mobile Transfer ticket",14,"[PREMIUM]","[PREMIUM]","[PREMIUM]","[PREMIUM]",true,false,"['Clear view']","2026-08-20 18:15:50"
"13740963792","2026-08-20 23:56:25.165","2026-08-20 23:56:25.165","13740963792","160418614","[PREMIUM]","[PREMIUM]","536","18","_",,,2,"[2]",407,"Upper",10,"Mobile Transfer ticket",14,"[PREMIUM]","[PREMIUM]","[PREMIUM]","[PREMIUM]",true,false,"['Clear view']","2026-08-20 18:15:53"
"13740965158","2026-08-20 23:56:25.165","2026-08-22 22:25:31.357","13740965158","160418614","[PREMIUM]","[PREMIUM]","509","32","_",,,2,"[2]",407,"Upper",10,"Mobile Transfer ticket",14,"[PREMIUM]","[PREMIUM]","[PREMIUM]","[PREMIUM]",true,false,"['Clear view']","2026-08-20 18:15:58"
"13741601334","2026-08-20 23:56:25.165","2026-08-21 23:15:31.410","13741601334","160418614","[PREMIUM]","[PREMIUM]","507","24","_",,,3,"[1,3]",407,"Upper",10,"Mobile Transfer ticket",14,"[PREMIUM]","[PREMIUM]","[PREMIUM]","[PREMIUM]",true,false,"['Clear view']","2026-08-20 19:16:07"
"13740963982","2026-08-20 23:56:25.165","2026-09-02 22:26:38.157","13740963982","160418614","[PREMIUM]","[PREMIUM]","541","8","_",,,9,"[1,2,3,4,5,7,9]",407,"Upper",10,"Mobile Transfer ticket",14,"[PREMIUM]","[PREMIUM]","[PREMIUM]","[PREMIUM]",true,false,"['Clear view']","2026-08-20 18:15:53"
"13740964472","2026-08-20 23:56:25.148","2026-08-24 22:27:18.541","13740964472","160418614","[PREMIUM]","[PREMIUM]","505","10","_",,,7,"[1,2,3,5,7]",407,"Upper",10,"Mobile Transfer ticket",14,"[PREMIUM]","[PREMIUM]","[PREMIUM]","[PREMIUM]",true,false,"['Clear view']","2026-08-20 18:15:55"
"13631886887","2026-08-20 23:56:25.096","2026-08-24 22:27:18.399","13631886887","160418614","[PREMIUM]","[PREMIUM]","512","15","_",,,8,"[1,2,3,4,6,8]",407,"Upper",10,"Mobile Transfer ticket",14,"[PREMIUM]","[PREMIUM]","[PREMIUM]","[PREMIUM]",true,false,"['Clear view']","2026-08-11 00:42:26"
"13740963468","2026-08-20 23:56:25.096","2026-08-21 23:15:30.964","13740963468","160418614","[PREMIUM]","[PREMIUM]","503","7","_",,,2,"[2]",407,"Upper",10,"Mobile Transfer ticket",14,"[PREMIUM]","[PREMIUM]","[PREMIUM]","[PREMIUM]",true,false,"['Clear view']","2026-08-20 18:15:52"
"13741601997","2026-08-20 23:56:25.096","2026-08-21 23:15:30.964","13741601997","160418614","[PREMIUM]","[PREMIUM]","504","13","_",,,12,"[1,2,3,4,5,6,7,8,10,12]",407,"Upper",10,"Mobile Transfer ticket",14,"[PREMIUM]","[PREMIUM]","[PREMIUM]","[PREMIUM]",true,false,"['Clear view']","2026-08-20 19:16:08"
"13741601628","2026-08-20 23:56:25.096","2026-08-20 23:56:25.096","13741601628","160418614","[PREMIUM]","[PREMIUM]","536","20","_",,,7,"[1,2,3,5,7]",407,"Upper",10,"Mobile Transfer ticket",14,"[PREMIUM]","[PREMIUM]","[PREMIUM]","[PREMIUM]",true,false,"['Clear view']","2026-08-20 19:16:08"
"13734478298","2026-08-20 23:56:25.074","2026-08-27 22:28:18.445","13734478298","160426597","[PREMIUM]","[PREMIUM]","216","13","_",,,2,"[2]",4107,"Main",10,"Mobile Transfer ticket",1,"[PREMIUM]","[PREMIUM]","[PREMIUM]","[PREMIUM]",true,false,"['Clear view']","2026-08-20 09:05:54"
"13734478448","2026-08-20 23:56:25.074","2026-09-01 22:36:27.113","13734478448","160426597","[PREMIUM]","[PREMIUM]","204","12","_",,,2,"[2]",4107,"Main",10,"Mobile Transfer ticket",1,"[PREMIUM]","[PREMIUM]","[PREMIUM]","[PREMIUM]",true,false,"['Clear view']","2026-08-20 09:05:56"
"12703165538","2026-08-20 23:56:25.015","2026-08-23 22:28:31.731","12703165538","160426596","[PREMIUM]","[PREMIUM]","444","16","9_10","9",,2,"[2]",1706,"Upper Concourse",10,"Mobile Transfer ticket",1,"[PREMIUM]","[PREMIUM]","[PREMIUM]","[PREMIUM]",true,false,"['Clear view']","2026-05-15 22:12:55"
"13743909984","2026-08-20 23:56:25.015","2026-08-20 23:56:25.015","13743909984","160426596","[PREMIUM]","[PREMIUM]","451","3","_",,,2,"[2]",1706,"Upper Concourse",10,"Mobile Transfer ticket",1,"[PREMIUM]","[PREMIUM]","[PREMIUM]","[PREMIUM]",true,false,"['Third Row of Section','Clear view']","2026-08-20 22:26:06"
"13744286905","2026-08-20 23:56:24.980","2026-08-20 23:56:24.980","13744286905","160426597","[PREMIUM]","[PREMIUM]","322","1","_",,,2,"[2]",507,"Mezzanine",10,"Mobile Transfer ticket",1,"[PREMIUM]","[PREMIUM]","[PREMIUM]","[PREMIUM]",true,false,"['Front Row of Section','Clear view']","2026-08-20 22:43:05"
"13383839113","2026-08-20 23:56:24.928","2026-09-01 22:34:41.758","13383839113","160426596","[PREMIUM]","[PREMIUM]","412","15","15_18","15","18",4,"[1,2,4]",1706,"Upper Concourse",10,"Mobile Transfer ticket",1,"[PREMIUM]","[PREMIUM]","[PREMIUM]","[PREMIUM]",true,false,"['Clear view']","2026-07-17 16:00:34"
"13738322709","2026-08-20 23:56:24.882","2026-08-20 23:56:24.882","13738322709","160426596","[PREMIUM]","[PREMIUM]","415","10","_",,,2,"[2]",1706,"Upper Concourse",10,"Mobile Transfer ticket",1,"[PREMIUM]","[PREMIUM]","[PREMIUM]","[PREMIUM]",true,false,"['Clear view']","2026-08-20 15:44:23"
"13738365351","2026-08-20 23:56:24.882","2026-08-20 23:56:24.882","13738365351","160426596","[PREMIUM]","[PREMIUM]","443","12","_",,,2,"[2]",1706,"Upper Concourse",10,"Mobile Transfer ticket",1,"[PREMIUM]","[PREMIUM]","[PREMIUM]","[PREMIUM]",true,false,"['Clear view']","2026-08-20 15:47:32"
"13739313149","2026-08-20 23:56:24.752","2026-08-20 23:56:24.752","13739313149","160426596","[PREMIUM]","[PREMIUM]","455","2","_",,,2,"[2]",1706,"Upper Concourse",10,"Mobile Transfer ticket",1,"[PREMIUM]","[PREMIUM]","[PREMIUM]","[PREMIUM]",true,false,"['Second Row of Section','Clear view']","2026-08-20 16:46:38"
"13736495424","2026-08-20 23:56:24.235","2026-08-20 23:56:24.235","13736495424","160426597","[PREMIUM]","[PREMIUM]","445","2","9001_9004","9001",,4,"[4]",478,"Loge",10,"Mobile Transfer ticket",13,"[PREMIUM]","[PREMIUM]","[PREMIUM]","[PREMIUM]",true,false,"['Second Row of Section','Clear view']","2026-08-20 13:42:40"
"13706756175","2026-08-20 23:56:24.138","2026-08-20 23:56:24.138","13706756175","160426597","[PREMIUM]","[PREMIUM]","220","4","_",,,2,"[2]",4107,"Main",10,"Mobile Transfer ticket",1,"[PREMIUM]","[PREMIUM]","[PREMIUM]","[PREMIUM]",true,false,"['Clear view']","2026-08-17 19:47:08"
"13739772696","2026-08-20 23:56:24.083","2026-08-20 23:56:24.083","13739772696","160426597","[PREMIUM]","[PREMIUM]","413","11","_",,,2,"[2]",1706,"Upper Concourse",10,"Mobile Transfer ticket",1,"[PREMIUM]","[PREMIUM]","[PREMIUM]","[PREMIUM]",true,false,"['Clear view']","2026-08-20 17:05:56"
"13739599628","2026-08-20 23:56:24.079","2026-08-20 23:56:24.079","13739599628","160418614","[PREMIUM]","[PREMIUM]","536","22","_",,,5,"[1,3,5]",407,"Upper",10,"Mobile Transfer ticket",14,"[PREMIUM]","[PREMIUM]","[PREMIUM]","[PREMIUM]",true,false,"['Clear view']","2026-08-20 16:58:14"
"13741601615","2026-08-20 23:56:24.079","2026-08-20 23:56:24.079","13741601615","160418614","[PREMIUM]","[PREMIUM]","536","23","_",,,4,"[2,4]",407,"Upper",10,"Mobile Transfer ticket",14,"[PREMIUM]","[PREMIUM]","[PREMIUM]","[PREMIUM]",true,false,"['Clear view']","2026-08-20 19:16:07"
"13740964918","2026-08-20 23:56:24.079","2026-09-02 22:26:37.486","13740964918","160418614","[PREMIUM]","[PREMIUM]","501","8","_",,,3,"[1,3]",407,"Upper",10,"Mobile Transfer ticket",14,"[PREMIUM]","[PREMIUM]","[PREMIUM]","[PREMIUM]",true,false,"['Clear view']","2026-08-20 18:15:57"
"13742160143","2026-08-20 23:56:24.050","2026-08-20 23:56:24.050","13742160143","160426597","[PREMIUM]","[PREMIUM]","410","9","_",,,2,"[2]",1706,"Upper Concourse",10,"Mobile Transfer ticket",1,"[PREMIUM]","[PREMIUM]","[PREMIUM]","[PREMIUM]",true,false,"['Limited or Obstructed View (printed on ticket)']","2026-08-20 19:56:38"
"13705392584","2026-08-20 23:56:24.049","2026-08-20 23:56:24.049","13705392584","160426597","[PREMIUM]","[PREMIUM]","247","3","17_18","17",,2,"[2]",4107,"Main",10,"Mobile Transfer ticket",1,"[PREMIUM]","[PREMIUM]","[PREMIUM]","[PREMIUM]",true,false,"['Third Row of Section','Clear view']","2026-08-17 17:39:48"
"13742396348","2026-08-20 23:56:23.771","2026-08-20 23:56:23.771","13742396348","160426597","[PREMIUM]","[PREMIUM]","414","2","_",,,2,"[2]",478,"Loge",10,"Mobile Transfer ticket",1,"[PREMIUM]","[PREMIUM]","[PREMIUM]","[PREMIUM]",true,false,"['Second Row of Section','Clear view']","2026-08-20 20:25:43"
"13734478333","2026-08-20 23:56:23.705","2026-08-20 23:56:23.705","13734478333","160426597","[PREMIUM]","[PREMIUM]","125","17","_",,,2,"[2]",835,"Hall of Fame",10,"Mobile Transfer ticket",1,"[PREMIUM]","[PREMIUM]","[PREMIUM]","[PREMIUM]",true,false,"['Clear view']","2026-08-20 09:05:55"
"13735317848","2026-08-20 23:56:23.694","2026-08-20 23:56:23.694","13735317848","160426597","[PREMIUM]","[PREMIUM]","411","1","1017_1018","1017","1018",2,"[2]",478,"Loge",10,"Mobile Transfer ticket",1,"[PREMIUM]","[PREMIUM]","[PREMIUM]","[PREMIUM]",true,false,"['Front Row of Section','Clear view']","2026-08-20 11:05:10"
"13735318214","2026-08-20 23:56:23.694","2026-08-20 23:56:23.694","13735318214","160426597","[PREMIUM]","[PREMIUM]","442","1","1019_1020","1019","1020",2,"[2]",478,"Loge",10,"Mobile Transfer ticket",1,"[PREMIUM]","[PREMIUM]","[PREMIUM]","[PREMIUM]",true,false,"['Front Row of Section','Clear view']","2026-08-20 11:05:11"
"13742397865","2026-08-20 23:56:23.694","2026-08-20 23:56:23.694","13742397865","160426597","[PREMIUM]","[PREMIUM]","435","2","_",,,2,"[2]",1706,"Upper Concourse",10,"Mobile Transfer ticket",1,"[PREMIUM]","[PREMIUM]","[PREMIUM]","[PREMIUM]",true,false,"['Second Row of Section','Clear view']","2026-08-20 20:25:54"
"13734478339","2026-08-20 23:56:23.692","2026-09-02 22:31:17.510","13734478339","160426597","[PREMIUM]","[PREMIUM]","146","15","_",,,2,"[2]",835,"Hall of Fame",10,"Mobile Transfer ticket",1,"[PREMIUM]","[PREMIUM]","[PREMIUM]","[PREMIUM]",true,false,"['Clear view']","2026-08-20 09:05:55"
"13706753679","2026-08-20 23:56:23.669","2026-08-31 22:32:38.510","13706753679","160426597","[PREMIUM]","[PREMIUM]","430","1","_",,,2,"[2]",1706,"Upper Concourse",10,"Mobile Transfer ticket",1,"[PREMIUM]","[PREMIUM]","[PREMIUM]","[PREMIUM]",true,false,"['Front Row of Section','Clear view']","2026-08-17 19:46:58"
"13737402118","2026-08-20 23:56:23.669","2026-08-20 23:56:23.669","13737402118","160426597","[PREMIUM]","[PREMIUM]","444","3","9001_9002","9001",,2,"[2]",478,"Loge",10,"Mobile Transfer ticket",13,"[PREMIUM]","[PREMIUM]","[PREMIUM]","[PREMIUM]",true,false,"['Third Row of Section','Clear view']","2026-08-20 14:49:53"
"13738979177","2026-08-20 23:56:23.301","2026-08-20 23:56:23.301","13738979177","160418614","[PREMIUM]","[PREMIUM]","543","20","_",,,2,"[2]",407,"Upper",10,"Mobile Transfer ticket",14,"[PREMIUM]","[PREMIUM]","[PREMIUM]","[PREMIUM]",true,false,"['Clear view']","2026-08-20 16:22:55"
"13741602247","2026-08-20 23:56:23.301","2026-08-21 23:15:24.549","13741602247","160418614","[PREMIUM]","[PREMIUM]","501","30","_",,,5,"[1,3,5]",407,"Upper",10,"Mobile Transfer ticket",14,"[PREMIUM]","[PREMIUM]","[PREMIUM]","[PREMIUM]",true,false,"['Clear view']","2026-08-20 19:16:09"
"13733782476","2026-08-20 23:56:22.714","2026-08-22 22:28:33.707","13733782476","160426597","[PREMIUM]","[PREMIUM]","242","2","17_18","17","18",2,"[2]",4107,"Main",10,"Mobile Transfer ticket",1,"[PREMIUM]","[PREMIUM]","[PREMIUM]","[PREMIUM]",true,false,"['Second Row of Section','Clear view']","2026-08-20 07:24:03"
"13739748805","2026-08-20 23:56:22.419","2026-08-20 23:56:22.419","13739748805","160426597","[PREMIUM]","[PREMIUM]","445","10","_",,,2,"[2]",1706,"Upper Concourse",10,"Mobile Transfer ticket",1,"[PREMIUM]","[PREMIUM]","[PREMIUM]","[PREMIUM]",true,false,"['Limited or Obstructed View (printed on ticket)']","2026-08-20 17:04:48"
"13706757708","2026-08-20 23:56:22.401","2026-08-23 22:28:21.041","13706757708","160426597","[PREMIUM]","[PREMIUM]","425","1","_",,,2,"[2]",1706,"Upper Concourse",10,"Mobile Transfer ticket",1,"[PREMIUM]","[PREMIUM]","[PREMIUM]","[PREMIUM]",true,false,"['Front Row of Section','Clear view']","2026-08-17 19:47:16"
"12656428511","2026-08-20 23:56:22.385","2026-09-02 22:30:17.601","12656428511","160426597","[PREMIUM]","[PREMIUM]","225","6","7_8","7",,2,"[2]",4107,"Main",10,"Mobile Transfer ticket",14,"[PREMIUM]","[PREMIUM]","[PREMIUM]","[PREMIUM]",true,false,"['Clear view']","2026-05-11 20:39:16"
"13734480402","2026-08-20 23:56:21.461","2026-09-02 22:30:24.085","13734480402","160426597","[PREMIUM]","[PREMIUM]","226","15","24_25","24",,2,"[2]",4107,"Main",10,"Mobile Transfer ticket",1,"[PREMIUM]","[PREMIUM]","[PREMIUM]","[PREMIUM]",true,false,"['Clear view']","2026-08-20 09:06:07"
"13739772974","2026-08-20 23:56:21.262","2026-08-20 23:56:21.262","13739772974","160426597","[PREMIUM]","[PREMIUM]","402","9","_",,,2,"[2]",1706,"Upper Concourse",10,"Mobile Transfer ticket",1,"[PREMIUM]","[PREMIUM]","[PREMIUM]","[PREMIUM]",true,false,"['Clear view']","2026-08-20 17:05:57"
"13743838202","2026-08-20 23:56:21.164","2026-08-20 23:56:21.164","13743838202","160426597","[PREMIUM]","[PREMIUM]","434","2","_",,,2,"[2]",1706,"Upper Concourse",10,"Mobile Transfer ticket",1,"[PREMIUM]","[PREMIUM]","[PREMIUM]","[PREMIUM]",true,false,"['Second Row of Section','Clear view']","2026-08-20 22:22:21"
"13734480499","2026-08-20 23:56:21.071","2026-09-02 22:31:09.467","13734480499","160426597","[PREMIUM]","[PREMIUM]","458","1","3_6","3",,4,"[2,4]",1706,"Upper Concourse",10,"Mobile Transfer ticket",1,"[PREMIUM]","[PREMIUM]","[PREMIUM]","[PREMIUM]",true,false,"['Front Row of Section','Clear view']","2026-08-20 09:06:08"
"13744481363","2026-08-20 23:56:21.067","2026-09-02 22:30:08.197","13744481363","160426597","[PREMIUM]","[PREMIUM]","440","2","_",,,4,"[2,4]",478,"Loge",10,"Mobile Transfer ticket",1,"[PREMIUM]","[PREMIUM]","[PREMIUM]","[PREMIUM]",true,false,"['Second Row of Section','Clear view']","2026-08-20 22:50:29"
"13739740928","2026-08-20 23:56:21.062","2026-08-20 23:56:21.062","13739740928","160426597","[PREMIUM]","[PREMIUM]","416","11","_",,,2,"[2]",1706,"Upper Concourse",10,"Mobile Transfer ticket",1,"[PREMIUM]","[PREMIUM]","[PREMIUM]","[PREMIUM]",true,false,"['Limited or Obstructed View (printed on ticket)']","2026-08-20 17:04:23"
"13739773629","2026-08-20 23:56:20.601","2026-08-20 23:56:20.601","13739773629","160426597","[PREMIUM]","[PREMIUM]","438","6","_",,,2,"[2]",1706,"Upper Concourse",10,"Mobile Transfer ticket",1,"[PREMIUM]","[PREMIUM]","[PREMIUM]","[PREMIUM]",true,false,"['Clear view']","2026-08-20 17:05:59"
"12691256841","2026-08-20 23:56:15.104","2026-08-28 22:33:55.560","12691256841","160426597","[PREMIUM]","[PREMIUM]","439","10","10_11","10","11",2,"[2]",1706,"Upper Concourse",10,"Mobile Transfer ticket",1,"[PREMIUM]","[PREMIUM]","[PREMIUM]","[PREMIUM]",true,false,"['Clear view']","2026-05-15 00:30:34"
"13735857438","2026-08-20 23:56:15.104","2026-09-02 22:30:57.098","13735857438","160426597","[PREMIUM]","[PREMIUM]","408","21","13_14","13","14",2,"[2]",1706,"Upper Concourse",10,"Mobile Transfer ticket",1,"[PREMIUM]","[PREMIUM]","[PREMIUM]","[PREMIUM]",true,false,"['Clear view']","2026-08-20 12:30:20"
"13734480506","2026-08-20 23:56:15.094","2026-08-30 22:35:51.505","13734480506","160426597","[PREMIUM]","[PREMIUM]","459","3","1_2","1",,2,"[2]",1706,"Upper Concourse",10,"Mobile Transfer ticket",1,"[PREMIUM]","[PREMIUM]","[PREMIUM]","[PREMIUM]",true,false,"['Aisle seat','Third Row of Section','Clear view']","2026-08-20 09:06:08"
"13734480462","2026-08-20 23:56:14.846","2026-09-02 22:30:55.535","13734480462","160426597","[PREMIUM]","[PREMIUM]","427","3","10_11","10",,2,"[2]",1706,"Upper Concourse",10,"Mobile Transfer ticket",1,"[PREMIUM]","[PREMIUM]","[PREMIUM]","[PREMIUM]",true,false,"['Third Row of Section','Clear view']","2026-08-20 09:06:08"
"13734480468","2026-08-20 23:56:14.762","2026-09-02 22:31:08.648","13734480468","160426597","[PREMIUM]","[PREMIUM]","429","3","3_4","3",,2,"[2]",1706,"Upper Concourse",10,"Mobile Transfer ticket",1,"[PREMIUM]","[PREMIUM]","[PREMIUM]","[PREMIUM]",true,false,"['Third Row of Section','Clear view']","2026-08-20 09:06:08"
"13734480495","2026-08-20 23:56:13.346","2026-08-20 23:56:13.346","13734480495","160426597","[PREMIUM]","[PREMIUM]","441","21","4_5","4",,2,"[2]",1706,"Upper Concourse",10,"Mobile Transfer ticket",1,"[PREMIUM]","[PREMIUM]","[PREMIUM]","[PREMIUM]",true,false,"['Clear view']","2026-08-20 09:06:08"
"13735318111","2026-08-20 23:56:13.346","2026-08-20 23:56:13.346","13735318111","160426597","[PREMIUM]","[PREMIUM]","439","17","1003_1004","1003","1004",2,"[2]",1706,"Upper Concourse",10,"Mobile Transfer ticket",1,"[PREMIUM]","[PREMIUM]","[PREMIUM]","[PREMIUM]",true,false,"['Clear view']","2026-08-20 11:05:11"
"13734480457","2026-08-20 23:56:08.307","2026-08-29 22:37:03.500","13734480457","160426597","[PREMIUM]","[PREMIUM]","409","14","17_18","17",,2,"[2]",1706,"Upper Concourse",10,"Mobile Transfer ticket",1,"[PREMIUM]","[PREMIUM]","[PREMIUM]","[PREMIUM]",true,false,"['Clear view']","2026-08-20 09:06:08"
"13705391143","2026-08-20 23:56:07.973","2026-08-21 23:18:50.484","13705391143","160426597","[PREMIUM]","[PREMIUM]","449","22","1_2","1",,2,"[2]",1706,"Upper Concourse",10,"Mobile Transfer ticket",1,"[PREMIUM]","[PREMIUM]","[PREMIUM]","[PREMIUM]",true,false,"['Clear view']","2026-08-17 17:39:45"
"13735799572","2026-08-20 23:56:07.973","2026-08-24 22:27:47.558","13735799572","160426597","[PREMIUM]","[PREMIUM]","420","16","16_17","16","17",2,"[2]",1706,"Upper Concourse",10,"Mobile Transfer ticket",1,"[PREMIUM]","[PREMIUM]","[PREMIUM]","[PREMIUM]",true,false,"['Clear view']","2026-08-20 12:19:19"
"13734480440","2026-08-20 23:56:07.969","2026-09-01 22:36:08.065","13734480440","160426597","[PREMIUM]","[PREMIUM]","426","2","11_12","11",,2,"[2]",1706,"Upper Concourse",10,"Mobile Transfer ticket",1,"[PREMIUM]","[PREMIUM]","[PREMIUM]","[PREMIUM]",true,false,"['Second Row of Section','Clear view']","2026-08-20 09:06:08"
"13317175367","2026-08-20 23:56:07.967","2026-08-21 23:18:50.431","13317175367","160426597","[PREMIUM]","[PREMIUM]","422","20","19_20","19","20",2,"[2]",1706,"Upper Concourse",10,"Mobile Transfer ticket",1,"[PREMIUM]","[PREMIUM]","[PREMIUM]","[PREMIUM]",true,false,"['Clear view']","2026-07-10 17:26:46"
"13734503863","2026-08-20 23:56:07.883","2026-08-26 22:36:29.740","13734503863","160426597","[PREMIUM]","[PREMIUM]","421","14","15_16","15",,2,"[1,2]",1706,"Upper Concourse",10,"Mobile Transfer ticket",1,"[PREMIUM]","[PREMIUM]","[PREMIUM]","[PREMIUM]",true,false,"['Clear view']","2026-08-20 09:10:13"
"13688862458","2026-08-20 23:56:07.880","2026-08-20 23:56:07.880","13688862458","160426597","[PREMIUM]","[PREMIUM]","432","15","_",,,2,"[2]",1706,"Upper Concourse",10,"Mobile Transfer ticket",1,"[PREMIUM]","[PREMIUM]","[PREMIUM]","[PREMIUM]",true,false,"['Clear view']","2026-08-15 23:49:43"
"13730209116","2026-08-20 23:56:07.419","2026-08-20 23:56:07.419","13730209116","160426597","[PREMIUM]","[PREMIUM]","402","16","7_8","7","8",2,"[2]",1706,"Upper Concourse",10,"Mobile Transfer ticket",1,"[PREMIUM]","[PREMIUM]","[PREMIUM]","[PREMIUM]",true,false,"['Clear view']","2026-08-19 23:30:23"
"13745905607","2026-08-20 23:56:07.419","2026-08-20 23:56:07.419","13745905607","160426597","[PREMIUM]","[PREMIUM]","Standing Room","335","38_39","38",,2,"[2]",3338,"Standing Room Only",10,"Mobile Transfer ticket",1,"[PREMIUM]","[PREMIUM]","[PREMIUM]","[PREMIUM]",false,true,"['Standing room only (SRO)','Clear view']","2026-08-20 23:53:13"
"13735108663","2026-08-20 23:55:57.004","2026-08-20 23:55:57.004","13735108663","160435927","[PREMIUM]","[PREMIUM]","107","33","_",,,4,"[2,4]",518,"Plaza",10,"Mobile Transfer ticket",14,"[PREMIUM]","[PREMIUM]","[PREMIUM]","[PREMIUM]",true,false,"['Clear view']","2026-08-20 10:38:46"
"13743598145","2026-08-20 23:55:57.004","2026-08-23 05:16:08.034","13743598145","160435927","[PREMIUM]","[PREMIUM]","303","7","_",,,2,"[2]",2153,"Upper Loge",10,"Mobile Transfer ticket",1,"[PREMIUM]","[PREMIUM]","[PREMIUM]","[PREMIUM]",true,false,"['Third Row of Section','Clear view']","2026-08-20 22:08:23"
"13738191108","2026-08-20 23:55:52.277","2026-08-20 23:55:52.277","13738191108","160435927","[PREMIUM]","[PREMIUM]","130","2","9001_9001","9001",,1,"[1]",518,"Plaza",10,"Mobile Transfer ticket",13,"[PREMIUM]","[PREMIUM]","[PREMIUM]","[PREMIUM]",false,false,"['Second Row of Section','Clear view']","2026-08-20 15:34:25"
"13724938777","2026-08-20 23:55:51.946","2026-08-20 23:55:51.946","13724938777","160435927","[PREMIUM]","[PREMIUM]","107","34","_",,,3,"[1,3]",518,"Plaza",10,"Mobile Transfer ticket",14,"[PREMIUM]","[PREMIUM]","[PREMIUM]","[PREMIUM]",true,false,"['Clear view']","2026-08-19 13:51:51"
"13743594653","2026-08-20 23:55:51.893","2026-08-24 05:19:37.297","13743594653","160435927","[PREMIUM]","[PREMIUM]","638","9","_",,,2,"[2]",2124,"Upper Terrace",10,"Mobile Transfer ticket",1,"[PREMIUM]","[PREMIUM]","[PREMIUM]","[PREMIUM]",true,false,"['Third Row of Section','Clear view']","2026-08-20 22:08:16"
"13735108579","2026-08-20 23:55:51.575","2026-08-20 23:55:51.575","13735108579","160435927","[PREMIUM]","[PREMIUM]","107","29","_",,,4,"[2,4]",518,"Plaza",10,"Mobile Transfer ticket",14,"[PREMIUM]","[PREMIUM]","[PREMIUM]","[PREMIUM]",true,false,"['Clear view']","2026-08-20 10:38:46"
"13744621323","2026-08-20 23:55:51.554","2026-08-20 23:55:51.554","13744621323","160435927","[PREMIUM]","[PREMIUM]","634","12","_",,,4,"[1,2,4]",2124,"Upper Terrace",10,"Mobile Transfer ticket",1,"[PREMIUM]","[PREMIUM]","[PREMIUM]","[PREMIUM]",true,false,"['Second Row of Section','Clear view']","2026-08-20 22:57:12"
"13740965565","2026-08-20 23:55:47.349","2026-08-25 22:30:33.712","13740965565","160418614","[PREMIUM]","[PREMIUM]","515","8","_",,,4,"[2,4]",407,"Upper",10,"Mobile Transfer ticket",14,"[PREMIUM]","[PREMIUM]","[PREMIUM]","[PREMIUM]",true,false,"['Clear view']","2026-08-20 18:16:00"
"13740962405","2026-08-20 23:55:47.349","2026-08-20 23:55:47.349","13740962405","160418614","[PREMIUM]","[PREMIUM]","536","24","_",,,3,"[1,3]",407,"Upper",10,"Mobile Transfer ticket",14,"[PREMIUM]","[PREMIUM]","[PREMIUM]","[PREMIUM]",true,false,"['Clear view']","2026-08-20 18:15:48"
"13741602344","2026-08-20 23:55:47.349","2026-08-20 23:55:47.349","13741602344","160418614","[PREMIUM]","[PREMIUM]","536","25","_",,,6,"[1,2,4,6]",407,"Upper",10,"Mobile Transfer ticket",14,"[PREMIUM]","[PREMIUM]","[PREMIUM]","[PREMIUM]",true,false,"['Clear view']","2026-08-20 19:16:10"
"13740963246","2026-08-20 23:55:47.349","2026-09-02 22:26:37.698","13740963246","160418614","[PREMIUM]","[PREMIUM]","501","10","_",,,5,"[1,3,5]",407,"Upper",10,"Mobile Transfer ticket",14,"[PREMIUM]","[PREMIUM]","[PREMIUM]","[PREMIUM]",true,false,"['Clear view']","2026-08-20 18:15:51"
"13740961576","2026-08-20 23:55:47.324","2026-08-21 23:15:27.720","13740961576","160418614","[PREMIUM]","[PREMIUM]","622","3","_",,,2,"[2]",1712,"Deck",10,"Mobile Transfer ticket",14,"[PREMIUM]","[PREMIUM]","[PREMIUM]","[PREMIUM]",true,false,"['Third Row of Section','Clear view']","2026-08-20 18:15:46"
"13741601515","2026-08-20 23:55:47.324","2026-08-21 23:15:27.702","13741601515","160418614","[PREMIUM]","[PREMIUM]","511","30","_",,,8,"[1,2,3,4,6,8]",407,"Upper",10,"Mobile Transfer ticket",1,"[PREMIUM]","[PREMIUM]","[PREMIUM]","[PREMIUM]",true,false,"['Clear view']","2026-08-20 19:16:07"
"13743456494","2026-08-20 23:55:47.324","2026-08-20 23:55:47.324","13743456494","160418614","[PREMIUM]","[PREMIUM]","536","30","_",,,8,"[1,2,3,4,6,8]",407,"Upper",10,"Mobile Transfer ticket",1,"[PREMIUM]","[PREMIUM]","[PREMIUM]","[PREMIUM]",true,false,"['Clear view']","2026-08-20 21:59:27"
"13740965822","2026-08-20 23:55:47.324","2026-09-02 22:26:37.250","13740965822","160418614","[PREMIUM]","[PREMIUM]","516","8","_",,,3,"[1,3]",407,"Upper",10,"Mobile Transfer ticket",14,"[PREMIUM]","[PREMIUM]","[PREMIUM]","[PREMIUM]",true,false,"['Clear view']","2026-08-20 18:16:01"
"13740964785","2026-08-20 23:55:47.324","2026-09-02 22:26:37.299","13740964785","160418614","[PREMIUM]","[PREMIUM]","515","10","_",,,7,"[1,2,3,5,7]",407,"Upper",10,"Mobile Transfer ticket",14,"[PREMIUM]","[PREMIUM]","[PREMIUM]","[PREMIUM]",true,false,"['Clear view']","2026-08-20 18:15:56"
"13740962523","2026-08-20 23:55:47.324","2026-09-02 22:26:44.280","13740962523","160418614","[PREMIUM]","[PREMIUM]","535","32","_",,,1,"[1]",407,"Upper",10,"Mobile Transfer ticket",14,"[PREMIUM]","[PREMIUM]","[PREMIUM]","[PREMIUM]",false,false,"['Clear view']","2026-08-20 18:15:49"
"13740962726","2026-08-20 23:55:47.233","2026-08-22 22:25:23.931","13740962726","160418614","[PREMIUM]","[PREMIUM]","504","18","_",,,6,"[1,2,4,6]",407,"Upper",10,"Mobile Transfer ticket",14,"[PREMIUM]","[PREMIUM]","[PREMIUM]","[PREMIUM]",true,false,"['Clear view']","2026-08-20 18:15:49"
"13740961953","2026-08-20 23:55:47.233","2026-08-21 23:14:25.647","13740961953","160418614","[PREMIUM]","[PREMIUM]","622","4","_",,,5,"[1,3,5]",1712,"Deck",10,"Mobile Transfer ticket",14,"[PREMIUM]","[PREMIUM]","[PREMIUM]","[PREMIUM]",true,false,"['Clear view']","2026-08-20 18:15:47"
"13740963842","2026-08-20 23:55:47.233","2026-08-20 23:55:47.233","13740963842","160418614","[PREMIUM]","[PREMIUM]","530","18","_",,,2,"[2]",407,"Upper",10,"Mobile Transfer ticket",14,"[PREMIUM]","[PREMIUM]","[PREMIUM]","[PREMIUM]",true,false,"['Clear view']","2026-08-20 18:15:53"
"12918941032","2026-08-20 23:55:47.193","2026-09-02 22:26:36.971","12918941032","160418614","[PREMIUM]","[PREMIUM]","515","13","_",,,2,"[2]",407,"Upper",10,"Mobile Transfer ticket",1,"[PREMIUM]","[PREMIUM]","[PREMIUM]","[PREMIUM]",true,false,"['Clear view']","2026-06-03 18:23:19"
"13740962761","2026-08-20 23:55:47.193","2026-08-24 22:27:11.141","13740962761","160418614","[PREMIUM]","[PREMIUM]","623","7","_",,,4,"[2,4]",1712,"Deck",10,"Mobile Transfer ticket",14,"[PREMIUM]","[PREMIUM]","[PREMIUM]","[PREMIUM]",true,false,"['Clear view']","2026-08-20 18:15:50"
"13740961938","2026-08-20 23:55:47.193","2026-08-21 23:15:30.540","13740961938","160418614","[PREMIUM]","[PREMIUM]","622","6","_",,,7,"[1,2,3,5,7]",1712,"Deck",10,"Mobile Transfer ticket",14,"[PREMIUM]","[PREMIUM]","[PREMIUM]","[PREMIUM]",true,false,"['Clear view']","2026-08-20 18:15:47"
"13741601792","2026-08-20 23:55:47.167","2026-08-20 23:55:47.167","13741601792","160418614","[PREMIUM]","[PREMIUM]","543","30","_",,,2,"[2]",407,"Upper",10,"Mobile Transfer ticket",14,"[PREMIUM]","[PREMIUM]","[PREMIUM]","[PREMIUM]",true,false,"['Clear view']","2026-08-20 19:16:08"
"13678218566","2026-08-20 23:55:47.141","2026-09-02 22:26:36.533","13678218566","160418614","[PREMIUM]","[PREMIUM]","503","20","_",,,12,"[1,2,3,4,5,6,7,8,10,12]",407,"Upper",10,"Mobile Transfer ticket",14,"[PREMIUM]","[PREMIUM]","[PREMIUM]","[PREMIUM]",true,false,"['Clear view']","2026-08-14 22:59:24"
"13741600789","2026-08-20 23:55:47.141","2026-08-21 23:15:24.936","13741600789","160418614","[PREMIUM]","[PREMIUM]","505","25","_",,,2,"[2]",407,"Upper",10,"Mobile Transfer ticket",14,"[PREMIUM]","[PREMIUM]","[PREMIUM]","[PREMIUM]",true,false,"['Clear view']","2026-08-20 19:16:05"
"13741602097","2026-08-20 23:55:47.141","2026-08-20 23:55:47.141","13741602097","160418614","[PREMIUM]","[PREMIUM]","514","14","_",,,2,"[2]",407,"Upper",10,"Mobile Transfer ticket",14,"[PREMIUM]","[PREMIUM]","[PREMIUM]","[PREMIUM]",true,false,"['Clear view']","2026-08-20 19:16:09"
"13693146620","2026-08-20 23:55:47.136","2026-08-26 22:33:26.712","13693146620","160418614","[PREMIUM]","[PREMIUM]","527","17","_",,,8,"[1,2,3,4,6,8]",407,"Upper",10,"Mobile Transfer ticket",1,"[PREMIUM]","[PREMIUM]","[PREMIUM]","[PREMIUM]",true,false,"['Clear view']","2026-08-16 13:11:37"
"13705685325","2026-08-20 23:55:47.136","2026-08-21 23:15:24.603","13705685325","160418614","[PREMIUM]","[PREMIUM]","502","14","_",,,8,"[1,2,3,4,6,8]",407,"Upper",10,"Mobile Transfer ticket",14,"[PREMIUM]","[PREMIUM]","[PREMIUM]","[PREMIUM]",true,false,"['Clear view']","2026-08-17 18:03:09"
"13740964694","2026-08-20 23:55:47.136","2026-09-02 22:26:36.847","13740964694","160418614","[PREMIUM]","[PREMIUM]","524","10","_",,,5,"[1,3,5]",407,"Upper",10,"Mobile Transfer ticket",14,"[PREMIUM]","[PREMIUM]","[PREMIUM]","[PREMIUM]",true,false,"['Clear view']","2026-08-20 18:15:56"
"13740964624","2026-08-20 23:55:47.136","2026-09-02 22:26:36.432","13740964624","160418614","[PREMIUM]","[PREMIUM]","524","7","_",,,3,"[1,3]",407,"Upper",10,"Mobile Transfer ticket",14,"[PREMIUM]","[PREMIUM]","[PREMIUM]","[PREMIUM]",true,false,"['Clear view']","2026-08-20 18:15:56"
"13741601452","2026-08-20 23:55:47.062","2026-08-23 22:26:36.640","13741601452","160418614","[PREMIUM]","[PREMIUM]","501","20","_",,,9,"[1,2,3,4,5,7,9]",407,"Upper",10,"Mobile Transfer ticket",1,"[PREMIUM]","[PREMIUM]","[PREMIUM]","[PREMIUM]",true,false,"['Clear view']","2026-08-20 19:16:07"
"13740963952","2026-08-20 23:55:47.062","2026-09-02 22:26:36.533","13740963952","160418614","[PREMIUM]","[PREMIUM]","542","12","_",,,3,"[1,3]",407,"Upper",10,"Mobile Transfer ticket",14,"[PREMIUM]","[PREMIUM]","[PREMIUM]","[PREMIUM]",true,false,"['Clear view']","2026-08-20 18:15:53"
"13738979235","2026-08-20 23:55:47.045","2026-08-20 23:55:47.045","13738979235","160418614","[PREMIUM]","[PREMIUM]","525","16","_",,,7,"[1,2,3,5,7]",407,"Upper",10,"Mobile Transfer ticket",14,"[PREMIUM]","[PREMIUM]","[PREMIUM]","[PREMIUM]",true,false,"['Clear view']","2026-08-20 16:22:55"
"13740962236","2026-08-20 23:55:46.978","2026-08-21 23:15:25.089","13740962236","160418614","[PREMIUM]","[PREMIUM]","512","29","_",,,7,"[1,2,3,5,7]",407,"Upper",10,"Mobile Transfer ticket",14,"[PREMIUM]","[PREMIUM]","[PREMIUM]","[PREMIUM]",true,false,"['Clear view']","2026-08-20 18:15:48"
"12691297187","2026-08-20 23:55:46.839","2026-08-24 22:27:17.321","12691297187","160418614","[PREMIUM]","[PREMIUM]","501","13","_",,,8,"[1,2,3,4,6,8]",407,"Upper",10,"Mobile Transfer ticket",14,"[PREMIUM]","[PREMIUM]","[PREMIUM]","[PREMIUM]",true,false,"['Clear view']","2026-05-15 00:35:43"
"13740963631","2026-08-20 23:55:46.839","2026-08-22 22:25:24.923","13740963631","160418614","[PREMIUM]","[PREMIUM]","623","4","_",,,2,"[2]",1712,"Deck",10,"Mobile Transfer ticket",14,"[PREMIUM]","[PREMIUM]","[PREMIUM]","[PREMIUM]",true,false,"['Clear view']","2026-08-20 18:15:52"
"13740961746","2026-08-20 23:55:46.839","2026-08-21 23:15:24.891","13740961746","160418614","[PREMIUM]","[PREMIUM]","544","3","_",,,6,"[1,2,4,6]",407,"Upper",10,"Mobile Transfer ticket",14,"[PREMIUM]","[PREMIUM]","[PREMIUM]","[PREMIUM]",true,false,"['Third Row of Section','Clear view']","2026-08-20 18:15:46"
"13741601353","2026-08-20 23:55:46.839","2026-08-21 23:14:23.932","13741601353","160418614","[PREMIUM]","[PREMIUM]","505","24","_",,,8,"[1,2,3,4,6,8]",407,"Upper",10,"Mobile Transfer ticket",1,"[PREMIUM]","[PREMIUM]","[PREMIUM]","[PREMIUM]",true,false,"['Clear view']","2026-08-20 19:16:07"
"13740963126","2026-08-20 23:55:46.839","2026-09-02 22:26:44.280","13740963126","160418614","[PREMIUM]","[PREMIUM]","542","9","_",,,2,"[2]",407,"Upper",10,"Mobile Transfer ticket",14,"[PREMIUM]","[PREMIUM]","[PREMIUM]","[PREMIUM]",true,false,"['Clear view']","2026-08-20 18:15:51"
"13740962551","2026-08-20 23:55:46.760","2026-08-20 23:55:46.760","13740962551","160418614","[PREMIUM]","[PREMIUM]","503","27","_",,,2,"[2]",407,"Upper",10,"Mobile Transfer ticket",1,"[PREMIUM]","[PREMIUM]","[PREMIUM]","[PREMIUM]",true,false,"['Clear view']","2026-08-20 18:15:49"
"13741601453","2026-08-20 23:55:46.744","2026-08-20 23:55:46.744","13741601453","160418614","[PREMIUM]","[PREMIUM]","514","20","_",,,6,"[1,2,4,6]",407,"Upper",10,"Mobile Transfer ticket",1,"[PREMIUM]","[PREMIUM]","[PREMIUM]","[PREMIUM]",true,false,"['Clear view']","2026-08-20 19:16:07"
"13391235202","2026-08-20 23:55:46.736","2026-09-01 22:32:47.788","13391235202","160418614","[PREMIUM]","[PREMIUM]","514","32","11_12","11",,2,"[2]",407,"Upper",10,"Mobile Transfer ticket",14,"[PREMIUM]","[PREMIUM]","[PREMIUM]","[PREMIUM]",true,false,"['Clear view']","2026-07-18 14:28:58"
"13705685819","2026-08-20 23:55:46.716","2026-08-27 22:26:44.348","13705685819","160418614","[PREMIUM]","[PREMIUM]","515","15","_",,,12,"[1,2,3,4,5,6,7,8,10,12]",407,"Upper",10,"Mobile Transfer ticket",14,"[PREMIUM]","[PREMIUM]","[PREMIUM]","[PREMIUM]",true,false,"['Clear view']","2026-08-17 18:03:11"
"13741602015","2026-08-20 23:55:46.716","2026-08-20 23:55:46.716","13741602015","160418614","[PREMIUM]","[PREMIUM]","538","28","_",,,8,"[1,2,3,4,6,8]",407,"Upper",10,"Mobile Transfer ticket",14,"[PREMIUM]","[PREMIUM]","[PREMIUM]","[PREMIUM]",true,false,"['Clear view']","2026-08-20 19:16:08"
"13741601309","2026-08-20 23:55:46.716","2026-08-20 23:55:46.716","13741601309","160418614","[PREMIUM]","[PREMIUM]","514","12","_",,,3,"[1,3]",407,"Upper",10,"Mobile Transfer ticket",14,"[PREMIUM]","[PREMIUM]","[PREMIUM]","[PREMIUM]",true,false,"['Clear view']","2026-08-20 19:16:06"
"13740961730","2026-08-20 23:55:46.716","2026-09-02 22:26:37.299","13740961730","160418614","[PREMIUM]","[PREMIUM]","622","8","_",,,4,"[2,4]",1712,"Deck",10,"Mobile Transfer ticket",14,"[PREMIUM]","[PREMIUM]","[PREMIUM]","[PREMIUM]",true,false,"['Clear view']","2026-08-20 18:15:46"
"13740962953","2026-08-20 23:55:46.677","2026-08-28 22:31:16.025","13740962953","160418614","[PREMIUM]","[PREMIUM]","538","31","_",,,7,"[1,2,3,5,7]",407,"Upper",10,"Mobile Transfer ticket",14,"[PREMIUM]","[PREMIUM]","[PREMIUM]","[PREMIUM]",true,false,"['Clear view']","2026-08-20 18:15:50"
"13730248600","2026-08-20 23:55:46.278","2026-08-23 22:26:33.056","13730248600","160418614","[PREMIUM]","[PREMIUM]","516","32","_",,,4,"[2,4]",407,"Upper",10,"Mobile Transfer ticket",1,"[PREMIUM]","[PREMIUM]","[PREMIUM]","[PREMIUM]",true,false,"['Clear view']","2026-08-19 23:36:02"
"12746492725","2026-08-20 23:55:46.116","2026-09-02 22:29:45.310","12746492725","160426596","[PREMIUM]","[PREMIUM]","440","16","11_14","11","14",4,"[1,2,4]",1706,"Upper Concourse",10,"Mobile Transfer ticket",1,"[PREMIUM]","[PREMIUM]","[PREMIUM]","[PREMIUM]",true,false,"['Clear view']","2026-05-19 21:57:36"
